{"air_quality_mini_boot_0.csv": {"tcs": 2.127613657200152, "ct": 0.22719789918125444, "cpar": 1.040108392418114, "tvae": 0.3277537639928198}, "air_quality_mini_boot_1.csv": {"tcs": 0.24940914325682137, "ct": 0.3326347718293044, "cpar": 0.7249234407415805, "tvae": 0.3391956219175222}, "air_quality_mini_boot_2.csv": {"tcs": 0.7373373866322125, "ct": 0.3471412108394249, "cpar": 0.9565079885598363, "tvae": 0.2600588575513489}, "air_quality_mini_boot_3.csv": {"tcs": 2.4855572939350252, "ct": 0.21626567313803613, "cpar": 0.9007978992371861, "tvae": 0.28744858481360436}, "air_quality_mini_boot_4.csv": {"tcs": 0.8845943038379999, "ct": 0.4788256153123803, "cpar": 0.6757605654643467, "tvae": 0.30667558211082113}}