{"air_quality_mini_boot_0.csv": {"tcs": 0.9733274440937814, "ct": 0.8215650487651857, "cpar": 0.973819250697489, "tvae": 0.9991746357012751}, "air_quality_mini_boot_1.csv": {"tcs": 0.9535598647927416, "ct": 0.8518982387475538, "cpar": 0.9831017809711668, "tvae": 0.999480589708561}, "air_quality_mini_boot_2.csv": {"tcs": 0.9718697740615548, "ct": 0.8492866038071517, "cpar": 0.9711028348845324, "tvae": 0.9961720173041895}, "air_quality_mini_boot_3.csv": {"tcs": 0.9960291763031489, "ct": 0.8181462373243195, "cpar": 0.9734883820293528, "tvae": 0.9973246812386156}, "air_quality_mini_boot_4.csv": {"tcs": 0.9792919409357767, "ct": 0.8529514321295142, "cpar": 0.9811078908202722, "tvae": 0.9994307832422586}}