{"AirQualityUCI_boot_0.csv": {"tcs": 1.0, "ct": 0.8214085701484894, "cpar": 0.993616910584723, "tvae": 0.9664370220747367}, "AirQualityUCI_boot_1.csv": {"tcs": 1.0, "ct": 0.8399942218798151, "cpar": 0.9892307692307692, "tvae": 0.9525982301736161}, "AirQualityUCI_boot_2.csv": {"tcs": 1.0, "ct": 0.7764916333766505, "cpar": 0.9907106493340164, "tvae": 0.9861932701710513}, "AirQualityUCI_boot_3.csv": {"tcs": 1.0, "ct": 0.8082343188726168, "cpar": 0.9945443119548816, "tvae": 0.9384468330688213}, "AirQualityUCI_boot_4.csv": {"tcs": 1.0, "ct": 0.8381302167609221, "cpar": 0.9942452146839069, "tvae": 0.9378596963721765}, "AirQualityUCI_boot_5.csv": {"tcs": 0.9954518362661056, "ct": 0.8108990778688524, "cpar": 0.985625182535777, "tvae": 0.9547912766604264}, "AirQualityUCI_boot_6.csv": {"tcs": 1.0, "ct": 0.8040220125282365, "cpar": 0.9939900527770997, "tvae": 0.9212515429872232}, "AirQualityUCI_boot_7.csv": {"tcs": 1.0, "ct": 0.8336302645095018, "cpar": 0.9836738782051281, "tvae": 0.9499731480145561}, "AirQualityUCI_boot_8.csv": {"tcs": 0.9954119816479265, "ct": 0.811276, "cpar": 0.9782156514504232, "tvae": 0.9447671162738605}, "AirQualityUCI_original.csv": {"tcs": 0.9927625651271204, "ct": 0.9620183555825242, "cpar": 0.993688275042697, "tvae": 0.9646783239213476}}