{"AirQualityUCI_boot_0.csv": {"tcs": 0.4407633251884332, "ct": 1.3276611309625392, "cpar": 0.43064672090480655, "tvae": 0.21343939869564674}, "AirQualityUCI_boot_1.csv": {"tcs": 0.8181693451796646, "ct": 1.51163932028647, "cpar": 0.5441231052445237, "tvae": 0.3746125563917263}, "AirQualityUCI_boot_2.csv": {"tcs": 0.45467057787007303, "ct": 1.0116051201945866, "cpar": 0.46486590416822604, "tvae": 0.28460198468181064}, "AirQualityUCI_boot_3.csv": {"tcs": 0.39424698575474393, "ct": 1.1240129689723812, "cpar": 0.32792736793034893, "tvae": 0.23388536939428284}, "AirQualityUCI_boot_4.csv": {"tcs": 0.4192534431241537, "ct": 1.2019855541295916, "cpar": 0.4388580637347427, "tvae": 0.3350974747174365}, "AirQualityUCI_boot_5.csv": {"tcs": 0.37478190391928307, "ct": 1.175704315347732, "cpar": 0.3933162680170639, "tvae": 0.19710637701041028}, "AirQualityUCI_boot_6.csv": {"tcs": 0.5070687034172143, "ct": 1.0896773821647148, "cpar": 0.4480464186873754, "tvae": 0.27560952142685835}, "AirQualityUCI_boot_7.csv": {"tcs": 0.6144778504851586, "ct": 0.94735539495625, "cpar": 0.6384035937848167, "tvae": 0.25691747314829627}, "AirQualityUCI_boot_8.csv": {"tcs": 0.26214803064077896, "ct": 0.9701327826060764, "cpar": 0.3727017359763375, "tvae": 0.18842811754774333}, "AirQualityUCI_original.csv": {"tcs": 0.3203837719719276, "ct": 0.79646252061034, "cpar": 0.32487595541597397, "tvae": 0.17950477414163438}}