{"bike-usage_boot_0.csv": {"tcs": 0.6936457325058362, "ct": 0.7591594328806728, "cpar": 0.8677724444444443, "tvae": 0.8668922188069217}, "bike-usage_boot_1.csv": {"tcs": 0.903727039346897, "ct": 0.7749253752609195, "cpar": 0.931067400921856, "tvae": 0.8338883196721312}, "bike-usage_boot_2.csv": {"tcs": 0.8988700123025721, "ct": 0.7617493891101311, "cpar": 0.9012887460906611, "tvae": 0.8381859061930783}, "bike-usage_boot_5.csv": {"tcs": 0.8996380341485269, "ct": 0.7804500993809175, "cpar": 0.9060262593592602, "tvae": 0.8707095286885246}, "bike-usage_boot_6.csv": {"tcs": 0.9068275719842698, "ct": 0.7847352335629663, "cpar": 0.9034473423619176, "tvae": 0.8549778005464481}, "bike-usage_boot_7.csv": {"tcs": 0.9197328700803099, "ct": 0.7789165290197642, "cpar": 0.8868858996361151, "tvae": 0.8077399248633879}, "bike-usage_boot_8.csv": {"tcs": 0.8452222640999565, "ct": 0.7619773596734323, "cpar": 0.8970606045494376, "tvae": 0.7296860769581056}, "bike-usage_boot_9.csv": {"tcs": 0.9387983699478696, "ct": 0.7691773899675454, "cpar": 0.8794266141608927, "tvae": 0.8667178961748634}}