{"bike-usage_boot_0.csv": {"tcs": 0.035327608021879835, "ct": 0.33694973767147257, "cpar": 0.20469082710138364, "tvae": 0.12293482018553396}, "bike-usage_boot_1.csv": {"tcs": 0.238226262840848, "ct": 0.3982364825385539, "cpar": 0.7691384011934519, "tvae": 0.04822780051836583}, "bike-usage_boot_2.csv": {"tcs": 0.4566813211797212, "ct": 0.38811291611567966, "cpar": 0.5477706983739303, "tvae": 0.06355732763059602}, "bike-usage_boot_5.csv": {"tcs": 0.22195099757966968, "ct": 0.4503003628658988, "cpar": 0.614558841789265, "tvae": 0.09396731360856513}, "bike-usage_boot_6.csv": {"tcs": 0.24273641437286644, "ct": 0.44510526135513534, "cpar": 0.5220475557160013, "tvae": 0.11785410417832812}, "bike-usage_boot_7.csv": {"tcs": 0.18299581972128245, "ct": 0.483511558883886, "cpar": 0.33482609183124257, "tvae": 0.031437084952800454}, "bike-usage_boot_8.csv": {"tcs": 0.044001085023727175, "ct": 0.08548561126138518, "cpar": 0.34085389944484484, "tvae": 0.01129098207539361}, "bike-usage_boot_9.csv": {"tcs": 0.45499463571073095, "ct": 0.4311868931656126, "cpar": 0.5026550440893947, "tvae": 0.08422349007847049}}