{"cp_collection_data_0.csv": {"tcs": 0.42217380635404644, "ct": 1.1738849081370155, "cpar": 0.29974928347596896, "tvae": 0.11816590260018607}, "cp_collection_data_1.csv": {"tcs": 0.016752062734528114, "ct": 0.9203386249567538, "cpar": 0.026130834857926288, "tvae": 0.039298176537940474}, "cp_collection_data_2.csv": {"tcs": 0.026525240564170428, "ct": 0.9917944457344877, "cpar": 0.02820955514551197, "tvae": 0.025641029445032378}, "cp_collection_data_3.csv": {"tcs": 2.19274357860592, "ct": 1.1061040741461015, "cpar": 1.167748372055355, "tvae": 0.026541688365403115}, "cp_collection_data_4.csv": {"tcs": 0.100603062589473, "ct": 0.6459906695708912, "cpar": 0.3933880481264478, "tvae": 0}, "cp_collection_data_5.csv": {"tcs": 0.013552043571145853, "ct": 0.7028496352243719, "cpar": 0.036043694266842306, "tvae": 0}, "cp_collection_data_7.csv": {"tcs": 0.011779854909307587, "ct": 0.7781073135701844, "cpar": 0.027537099556758853, "tvae": 0.024800618992611198}, "cp_collection_data_9.csv": {"tcs": 0.011507832622583489, "ct": 1.0875506281269265, "cpar": 0.03291330255051081, "tvae": 0.031159531958484383}}