{"cp_collection_data_0.csv": {"tcs": 0.5361453518233179, "ct": 0, "cpar": 0, "tvae": 0}, "cp_collection_data_1.csv": {"tcs": 0.594005677074637, "ct": 0.7701216356107661, "cpar": 0.6056121468383625, "tvae": 0.6092306698533687}, "cp_collection_data_2.csv": {"tcs": 0.55, "ct": 0, "cpar": 0, "tvae": 0}, "cp_collection_data_3.csv": {"tcs": 0.5290490413334619, "ct": 0, "cpar": 0, "tvae": 0}, "cp_collection_data_4.csv": {"tcs": 0.7089093701996927, "ct": 0.7327564102564103, "cpar": 0.7654115081146963, "tvae": 0.7359989664750339}, "cp_collection_data_5.csv": {"tcs": 0.579156223893066, "ct": 0.7033811475409836, "cpar": 0.6835349849561487, "tvae": 0.6443382210451521}, "cp_collection_data_6.csv": {"tcs": 0.865728, "ct": 0.738112, "cpar": 0.8949900570915389, "tvae": 0.8099282992054777}, "cp_collection_data_8.csv": {"tcs": 0.5728940783986656, "ct": 0.7188801332564546, "cpar": 0.6910705095213587, "tvae": 0.7396486015115302}, "cp_collection_data_9.csv": {"tcs": 0.5141533710756563, "ct": 0.6795594262295083, "cpar": 0.7059087126304335, "tvae": 0.639751954008139}}