{"cp_collection_data_0.csv": {"tcs": 0.6024931551251661, "ct": 0.9526953034394515, "cpar": 0.9901176107683578, "tvae": 0.2814988442839216}, "cp_collection_data_1.csv": {"tcs": 0.16099560340322308, "ct": 0.8403405257584579, "cpar": 0.44895398667665876, "tvae": 0.022732126671230122}, "cp_collection_data_2.csv": {"tcs": 0.6941025090345506, "ct": 0.9057805375267552, "cpar": 0.515075415107402, "tvae": 0.11508660282907711}, "cp_collection_data_3.csv": {"tcs": 0.7061910652499229, "ct": 1.3808047250917872, "cpar": 1.119468208790163, "tvae": 0.012131751740359567}, "cp_collection_data_4.csv": {"tcs": 0.3323021760529705, "ct": 1.0115911772757114, "cpar": 0.3518407267018975, "tvae": 0.09686184931943567}, "cp_collection_data_5.csv": {"tcs": 0.01053225088527376, "ct": 0.6410307057803686, "cpar": 0.04316655492452629, "tvae": 0.03261300113857941}, "cp_collection_data_6.csv": {"tcs": 0.011463710858744354, "ct": 0.5388303343776204, "cpar": 0.04306542076924861, "tvae": 0.049184574543988314}, "cp_collection_data_7.csv": {"tcs": 0.012047839321996828, "ct": 0.5807356707510988, "cpar": 0.03841306277053955, "tvae": 0.05054131998718104}, "cp_collection_data_8.csv": {"tcs": 1.5190800398733817, "ct": 1.3221027993505594, "cpar": 0.20909079057769006, "tvae": 0.09968728099455973}, "cp_collection_data_9.csv": {"tcs": 0.014871316405569157, "ct": 0.7407400577971686, "cpar": 0.037979790415626484, "tvae": 0.03890385161263295}}