{"cp_collection_data_0.csv": {"tcs": 0.7738857581967213, "ct": 0.7640023527873996, "cpar": 0.7235772357723577, "tvae": 0.6548349589819781}, "cp_collection_data_1.csv": {"tcs": 0.572938689217759, "ct": 0.7766114535182331, "cpar": 0.671424, "tvae": 0.6486984044958336}, "cp_collection_data_2.csv": {"tcs": 0.5548480000000001, "ct": 0.7778312788906009, "cpar": 0.658592, "tvae": 0.6024804599186099}, "cp_collection_data_3.csv": {"tcs": 0.8604010506758921, "ct": 0.780367231638418, "cpar": 0.9092159999999999, "tvae": 0.5639816549318519}, "cp_collection_data_4.csv": {"tcs": 0.7615847414234511, "ct": 0.7605290190035953, "cpar": 0.885056, "tvae": 0}, "cp_collection_data_5.csv": {"tcs": 0.5581453634085213, "ct": 0.7284306195596518, "cpar": 0.6923668032786886, "tvae": 0}, "cp_collection_data_7.csv": {"tcs": 0.5421153846153847, "ct": 0.753088, "cpar": 0.6057692307692307, "tvae": 0.5971513468122215}, "cp_collection_data_9.csv": {"tcs": 0.5444705487497902, "ct": 0.739326923076923, "cpar": 0.5924146325837657, "tvae": 0.6216652671016085}}