{"cp_collection_data_0.csv": {"tcs": 0.032896092210726806, "ct": 0.9542039575129542, "cpar": 0.04315240480626576, "tvae": 0.029751709518270202}, "cp_collection_data_1.csv": {"tcs": 0.01561251911011481, "ct": 0.893250357386257, "cpar": 0.031042903362904366, "tvae": 0.04054639872377328}, "cp_collection_data_10.csv": {"tcs": 0.039731519845423814, "ct": 0.9930296447572715, "cpar": 0.04096883495550793, "tvae": 0.052969418445139964}, "cp_collection_data_11.csv": {"tcs": 0.1980438881610128, "ct": 0.7289483340319831, "cpar": 0.5499604109404522, "tvae": 0.06229695001514903}, "cp_collection_data_12.csv": {"tcs": 0.017170669144052256, "ct": 1.1701959618383657, "cpar": 0.0455792330188862, "tvae": 0.023548689442164636}, "cp_collection_data_13.csv": {"tcs": 0.008952980162028827, "ct": 1.7574721929372326, "cpar": 0.031938768070689384, "tvae": 0.037545087505568245}, "cp_collection_data_14.csv": {"tcs": 0.008151572057218616, "ct": 0.6314158773831802, "cpar": 0.044016008642149156, "tvae": 0.038729534019980624}, "cp_collection_data_15.csv": {"tcs": 0.018527078355276207, "ct": 1.1148866879096038, "cpar": 0.032689134702936856, "tvae": 0.0270400256475522}, "cp_collection_data_16.csv": {"tcs": 0.014497851519633929, "ct": 1.2097079867494376, "cpar": 0.038272211337131115, "tvae": 0.06765608896091477}, "cp_collection_data_17.csv": {"tcs": 0.010984739680953703, "ct": 0.5245731817957436, "cpar": 0.05665224824364651, "tvae": 0.06605374157451313}, "cp_collection_data_18.csv": {"tcs": 0.013836474144585236, "ct": 1.0260511226029245, "cpar": 0.04186378812864257, "tvae": 0.04747651163266947}, "cp_collection_data_19.csv": {"tcs": 0.011886797930307218, "ct": 1.4008246265118067, "cpar": 0.03261632506231682, "tvae": 0.04258757321518224}, "cp_collection_data_2.csv": {"tcs": 0.007490329523231378, "ct": 0.7402295252210404, "cpar": 0.03709681246249775, "tvae": 0.03364529985149531}, "cp_collection_data_3.csv": {"tcs": 0.011625958249125469, "ct": 0.5737921711374983, "cpar": 0.033378493470788605, "tvae": 0.07246164998494355}, "cp_collection_data_4.csv": {"tcs": 0.6119116749922978, "ct": 0, "cpar": 0, "tvae": 0}, "cp_collection_data_5.csv": {"tcs": 0.01921272483687682, "ct": 1.095746149738705, "cpar": 0.034117865634991404, "tvae": 0.02892493748604993}, "cp_collection_data_6.csv": {"tcs": 0.010224634518790791, "ct": 1.1504806655905373, "cpar": 0.03633563135048168, "tvae": 0.057047717022940966}, "cp_collection_data_7.csv": {"tcs": 0.021202335758032737, "ct": 1.3020678369615089, "cpar": 0.037521880305957996, "tvae": 0.04627302044088078}, "cp_collection_data_8.csv": {"tcs": 0.015184055497208306, "ct": 1.3005180483668637, "cpar": 0.03351424489069069, "tvae": 0.03313536567236857}, "cp_collection_data_9.csv": {"tcs": 0.012822619567379859, "ct": 1.7999887790331954, "cpar": 0.03106288125803233, "tvae": 0.02733077527902044}}