{"cp_collection_data_0.csv": {"tcs": 0.010980208909781798, "ct": 0, "cpar": 0, "tvae": 0}, "cp_collection_data_1.csv": {"tcs": 0.012373360840732149, "ct": 0.6867789753866633, "cpar": 0.02695152390565556, "tvae": 0.040594485011704734}, "cp_collection_data_2.csv": {"tcs": 0.013424236231010581, "ct": 0, "cpar": 0, "tvae": 0}, "cp_collection_data_3.csv": {"tcs": 0.013655310470974298, "ct": 0, "cpar": 0, "tvae": 0}, "cp_collection_data_4.csv": {"tcs": 0.34656337555035954, "ct": 0.8076217236894209, "cpar": 0.3467403136976333, "tvae": 0.08406883600044306}, "cp_collection_data_5.csv": {"tcs": 0.014248113576242154, "ct": 0.6107896496909618, "cpar": 0.05128054969376096, "tvae": 0.03902623534598546}, "cp_collection_data_6.csv": {"tcs": 0.4138847028815522, "ct": 0.8005185888609871, "cpar": 0.5803479348379491, "tvae": 0.14602678717119935}, "cp_collection_data_8.csv": {"tcs": 0.03554414759496535, "ct": 1.1076758014559516, "cpar": 0.046568771938124656, "tvae": 0.08535373147574955}, "cp_collection_data_9.csv": {"tcs": 0.012285046094075621, "ct": 0.5774791767470997, "cpar": 0.04324944680785676, "tvae": 0.039768166803037484}}