{"cp_collection_data_0.csv": {"tcs": 0.6214047252182846, "ct": 0.7557893386362178, "cpar": 0.5780639374719713, "tvae": 0.6342613526257993}, "cp_collection_data_1.csv": {"tcs": 0.5136139406752515, "ct": 0.7557022416835502, "cpar": 0.5859760394644116, "tvae": 0.6601640720883665}, "cp_collection_data_10.csv": {"tcs": 0.5473731477323754, "ct": 0.787510424016935, "cpar": 0.6684660368870896, "tvae": 0.5725405335572636}, "cp_collection_data_11.csv": {"tcs": 0.6416490486257928, "ct": 0.7840010456832887, "cpar": 0.8040233198795568, "tvae": 0.6606162392610296}, "cp_collection_data_12.csv": {"tcs": 0.5686325172792457, "ct": 0.7131723027375201, "cpar": 0.7162525614754098, "tvae": 0.5518377365803243}, "cp_collection_data_13.csv": {"tcs": 0.5749916303983931, "ct": 0.7893601725377426, "cpar": 0.5852392850278685, "tvae": 0.6051611652993992}, "cp_collection_data_14.csv": {"tcs": 0.5216346153846154, "ct": 0.7609853101545963, "cpar": 0.7199408778356147, "tvae": 0.5902073509463214}, "cp_collection_data_15.csv": {"tcs": 0.5693424566088117, "ct": 0.81728, "cpar": 0.6561217948717948, "tvae": 0.6062269879206771}, "cp_collection_data_16.csv": {"tcs": 0.5311443746982134, "ct": 0.818525641025641, "cpar": 0.6827249983963051, "tvae": 0.6140107228215232}, "cp_collection_data_17.csv": {"tcs": 0.5339075307377049, "ct": 0.767546106557377, "cpar": 0.7398373983739835, "tvae": 0.6788321167883212}, "cp_collection_data_18.csv": {"tcs": 0.5582810236600677, "ct": 0.7584208504098361, "cpar": 0.6091799500672173, "tvae": 0.640591693043085}, "cp_collection_data_19.csv": {"tcs": 0.5238309064083649, "ct": 0.785352564102564, "cpar": 0.6048816473154146, "tvae": 0.6113300174407339}, "cp_collection_data_2.csv": {"tcs": 0.5623070987654321, "ct": 0.7682051282051283, "cpar": 0.6373725062544101, "tvae": 0.56094567534397}, "cp_collection_data_3.csv": {"tcs": 0.5368208352043108, "ct": 0.7605128205128205, "cpar": 0.6600166784270959, "tvae": 0.6575156643627673}, "cp_collection_data_4.csv": {"tcs": 0.7238805970149254, "ct": 0, "cpar": 0, "tvae": 0}, "cp_collection_data_5.csv": {"tcs": 0.56951536756913, "ct": 0.7763961185013817, "cpar": 0.6635610766045548, "tvae": 0.6073897035075253}, "cp_collection_data_6.csv": {"tcs": 0.5354901014002896, "ct": 0.7612064549180327, "cpar": 0.6241917930990334, "tvae": 0.6613913829855953}, "cp_collection_data_7.csv": {"tcs": 0.6171274961597542, "ct": 0.7323027375201288, "cpar": 0.6544551282051282, "tvae": 0.6640074930560041}, "cp_collection_data_8.csv": {"tcs": 0.548917748917749, "ct": 0.7594230769230769, "cpar": 0.6172555043522785, "tvae": 0.6166914282023125}, "cp_collection_data_9.csv": {"tcs": 0.5553191489361702, "ct": 0.7528950077200206, "cpar": 0.6236517719568566, "tvae": 0.6095821446551435}}