{"cp_collection_data_0.csv": {"tcs": 0.6013468013468013, "ct": 0.7553396809058157, "cpar": 0.6535827186512118, "tvae": 0.6739874685097861}, "cp_collection_data_1.csv": {"tcs": 0.7709282186156906, "ct": 0.8082301622939252, "cpar": 0.7616155774050511, "tvae": 0.6616497642271172}, "cp_collection_data_2.csv": {"tcs": 0.5572568193515183, "ct": 0.7543545081967212, "cpar": 0.7025158440560784, "tvae": 0.6439183515276793}, "cp_collection_data_4.csv": {"tcs": 0.5232974910394266, "ct": 0.8157741747949099, "cpar": 0.651712, "tvae": 0.6895549383114785}, "cp_collection_data_5.csv": {"tcs": 0.5561036789297659, "ct": 0.7209272540983606, "cpar": 0.6025862620830933, "tvae": 0.6261223435178607}, "cp_collection_data_6.csv": {"tcs": 0.6274142497254699, "ct": 0, "cpar": 0, "tvae": 0}, "cp_collection_data_7.csv": {"tcs": 0.5888124034997426, "ct": 0.7327183035428279, "cpar": 0.6491297208538587, "tvae": 0.6171435953749757}, "cp_collection_data_8.csv": {"tcs": 0.5304783950617284, "ct": 0.753584229390681, "cpar": 0.6904347826086956, "tvae": 0.7230476067437503}, "cp_collection_data_9.csv": {"tcs": 0.5820037465280021, "ct": 0.8258937198067633, "cpar": 0.736264088114754, "tvae": 0.6899425101737613}}