{"cp_collection_data_0.csv": {"tcs": 0.9859182223370583, "ct": 0.805376, "cpar": 0.974656, "tvae": 0.8068600219624055}, "cp_collection_data_1.csv": {"tcs": 0.5381214547881215, "ct": 0.7667565485362096, "cpar": 0.823744, "tvae": 0.5786447903882177}, "cp_collection_data_2.csv": {"tcs": 0.8942110655737704, "ct": 0.8039933230611197, "cpar": 0.954944, "tvae": 0.7974291066468575}, "cp_collection_data_3.csv": {"tcs": 0.8586654608875396, "ct": 0.7906394453004623, "cpar": 0.8955199999999999, "tvae": 0.8047283767198501}, "cp_collection_data_4.csv": {"tcs": 0.6858350409836066, "ct": 0.7824858757062146, "cpar": 0.801152, "tvae": 0.7021510238356695}, "cp_collection_data_5.csv": {"tcs": 0.5301923076923076, "ct": 0.7337570621468926, "cpar": 0.678976, "tvae": 0.5707318648666105}, "cp_collection_data_6.csv": {"tcs": 0.563646980313647, "ct": 0.7286209553158705, "cpar": 0.694656, "tvae": 0.6470189264259415}, "cp_collection_data_7.csv": {"tcs": 0.5995512820512822, "ct": 0.7427452491011812, "cpar": 0.70672, "tvae": 0.6181125250306827}, "cp_collection_data_8.csv": {"tcs": 0.8924979178678967, "ct": 0.769774011299435, "cpar": 0.7613759999999999, "tvae": 0.7465925973774304}, "cp_collection_data_9.csv": {"tcs": 0.5797199420569773, "ct": 0.7630328710837184, "cpar": 0.717568, "tvae": 0.6911698210709902}}