{"cp_collection_data_0.csv": {"tcs": 0.02513713076214755, "ct": 1.0396731167959241, "cpar": 0.029200191170082598, "tvae": 0.029063724022433436}, "cp_collection_data_1.csv": {"tcs": 0.15147884274548185, "ct": 0.8076850835774992, "cpar": 0.3749757756079656, "tvae": 0.061972068531868006}, "cp_collection_data_2.csv": {"tcs": 0.022464632944016422, "ct": 1.6792659362541593, "cpar": 0.04068326120022692, "tvae": 0.024651553290017333}, "cp_collection_data_4.csv": {"tcs": 0.009598931780502685, "ct": 0.852737562080445, "cpar": 0.044688279419031224, "tvae": 0.05977345875265725}, "cp_collection_data_5.csv": {"tcs": 0.011618926373223665, "ct": 1.0868261822139063, "cpar": 0.030230889210767584, "tvae": 0.04847697536325238}, "cp_collection_data_6.csv": {"tcs": 0.027198695146290572, "ct": 0, "cpar": 0, "tvae": 0}, "cp_collection_data_7.csv": {"tcs": 0.01863599291460273, "ct": 0.9901436291460369, "cpar": 0.027781738890046037, "tvae": 0.03512939289721748}, "cp_collection_data_8.csv": {"tcs": 0.014272256283641007, "ct": 0.8425028888057261, "cpar": 0.03217563339895563, "tvae": 0.05637582434680535}, "cp_collection_data_9.csv": {"tcs": 0.05859004198087673, "ct": 0.8431941369640962, "cpar": 0.21367783632786636, "tvae": 0.09309406684221842}}