{"(000)_cp_v10_l1_p95_ts.csv": {"tcs": 0.5670995670995671, "ct": 0.7541736694677872, "cpar": 0.561360086507269, "tvae": 0.8249987944254231}, "(001)_cp_v10_l1_p92_ts.csv": {"tcs": 0.5775247794270708, "ct": 0.7789675870348141, "cpar": 0.5770750988142292, "tvae": 0.7995209850348011}, "(002)_cp_v10_l1_p89_ts.csv": {"tcs": 0.5552272982017903, "ct": 0.786282513005202, "cpar": 0.5716023107327455, "tvae": 0.7985886740287087}, "(003)_cp_v10_l1_p86_ts.csv": {"tcs": 0.557621175001201, "ct": 0.7871948779511804, "cpar": 0.571018226624634, "tvae": 0.7887029624985934}, "(004)_cp_v10_l1_p83_ts.csv": {"tcs": 0.5424252614049415, "ct": 0.7221768707482993, "cpar": 0.5884047302811605, "tvae": 0.8439504267734002}, "(005)_cp_v10_l1_p80_ts.csv": {"tcs": 0.5364862590464283, "ct": 0.7617046818727491, "cpar": 0.6518058600438463, "tvae": 0.8001318094870683}, "(006)_cp_v10_l1_p77_ts.csv": {"tcs": 0.5693103393060159, "ct": 0.7348699479791917, "cpar": 0.6657598694211966, "tvae": 0.8022455835784668}, "(007)_cp_v10_l1_p74_ts.csv": {"tcs": 0.567805159244848, "ct": 0.7487474989995999, "cpar": 0.6653838152693988, "tvae": 0.8029769654884185}, "(008)_cp_v10_l1_p71_ts.csv": {"tcs": 0.5291769854054964, "ct": 0.751076430572229, "cpar": 0.6999887983869678, "tvae": 0.7591020880551671}, "(009)_cp_v10_l1_p68_ts.csv": {"tcs": 0.5269571343933643, "ct": 0.7653781512605042, "cpar": 0.5940215391016306, "tvae": 0.7993120187748148}, "(010)_cp_v10_l1_p65_ts.csv": {"tcs": 0.5764679508734848, "ct": 0.7857703081232493, "cpar": 0.706229697076379, "tvae": 0.7649772548263168}, "(011)_cp_v10_l2_p98_ts.csv": {"tcs": 0.5408898712281377, "ct": 0.7659063625450181, "cpar": 0.5544798450976941, "tvae": 0.8300702448120107}, "(012)_cp_v10_l2_p95_ts.csv": {"tcs": 0.5381899409136763, "ct": 0.7653461384553822, "cpar": 0.5565541271176259, "tvae": 0.7763257301763353}, "(013)_cp_v10_l2_p92_ts.csv": {"tcs": 0.5427455124817857, "ct": 0.7804241696678672, "cpar": 0.5492550927333536, "tvae": 0.8419813216312229}, "(014)_cp_v10_l2_p89_ts.csv": {"tcs": 0.5710877327825015, "ct": 0.7599439775910364, "cpar": 0.5601585966598582, "tvae": 0.8310909646204048}, "(015)_cp_v10_l2_p86_ts.csv": {"tcs": 0.5343434343434343, "ct": 0.790860344137655, "cpar": 0.5507833127970428, "tvae": 0.8325135426210799}, "(016)_cp_v10_l2_p83_ts.csv": {"tcs": 0.8103953499543642, "ct": 0.762424969987995, "cpar": 0.8635963578755341, "tvae": 0.8840558743630548}, "(017)_cp_v10_l2_p80_ts.csv": {"tcs": 0.5982530303758147, "ct": 0.767939175670268, "cpar": 0.699332703909363, "tvae": 0.7915883043191719}, "(018)_cp_v10_l2_p77_ts.csv": {"tcs": 0.5981169236681558, "ct": 0.7989915966386554, "cpar": 0.6896753132451073, "tvae": 0.8179984247158862}}