{"(000)_cp_v10_l1_p95_ts.csv": {"tcs": 0.007099531037533914, "ct": 0.6878887071230773, "cpar": 0.009061887577616449, "tvae": 0.13372949594142988}, "(001)_cp_v10_l1_p92_ts.csv": {"tcs": 0.014883985932036983, "ct": 0.7231629864798103, "cpar": 0.012259795236760043, "tvae": 0.07835437317696108}, "(002)_cp_v10_l1_p89_ts.csv": {"tcs": 0.011643208809115901, "ct": 0.9025487644970521, "cpar": 0.010270817351249108, "tvae": 0.09334931175627478}, "(003)_cp_v10_l1_p86_ts.csv": {"tcs": 0.009057115228996212, "ct": 1.0028869621791658, "cpar": 0.01376430471951955, "tvae": 0.089482853983947}, "(004)_cp_v10_l1_p83_ts.csv": {"tcs": 0.007790663644336866, "ct": 0.9042994420154984, "cpar": 0.016300868453557365, "tvae": 0.1318072968046417}, "(005)_cp_v10_l1_p80_ts.csv": {"tcs": 0.00785622750425727, "ct": 0.8527756621659887, "cpar": 0.024321153915052962, "tvae": 0.09373564554216918}, "(006)_cp_v10_l1_p77_ts.csv": {"tcs": 0.021595249127421428, "ct": 0.7784733757356365, "cpar": 0.02527587788178745, "tvae": 0.09601679542968253}, "(007)_cp_v10_l1_p74_ts.csv": {"tcs": 0.009655782293263238, "ct": 0.9374341019202949, "cpar": 0.04103355388503076, "tvae": 0.09136354105861244}, "(008)_cp_v10_l1_p71_ts.csv": {"tcs": 0.006325776336020527, "ct": 1.1058925165843494, "cpar": 0.07067899053880902, "tvae": 0.13280477523591114}, "(009)_cp_v10_l1_p68_ts.csv": {"tcs": 0.010999752697028523, "ct": 0.9213564209230573, "cpar": 0.01979138215056098, "tvae": 0.12574717124653062}, "(010)_cp_v10_l1_p65_ts.csv": {"tcs": 0.06724157383819011, "ct": 1.1997997120555337, "cpar": 0.07366496915961074, "tvae": 0.1282938207964069}, "(011)_cp_v10_l2_p98_ts.csv": {"tcs": 0.008348272068468703, "ct": 0.7066554840125209, "cpar": 0.008064187873065426, "tvae": 0.11044957865122328}, "(012)_cp_v10_l2_p95_ts.csv": {"tcs": 0.006015149006256893, "ct": 0.6998010208626869, "cpar": 0.00759250694840329, "tvae": 0.09630226144132263}, "(013)_cp_v10_l2_p92_ts.csv": {"tcs": 0.0053382705121031195, "ct": 0.7173162123717074, "cpar": 0.008624999939779327, "tvae": 0.09302736475629027}, "(014)_cp_v10_l2_p89_ts.csv": {"tcs": 0.008597921325994285, "ct": 0.8871782632048344, "cpar": 0.009684339710925837, "tvae": 0.11156551112596219}, "(015)_cp_v10_l2_p86_ts.csv": {"tcs": 0.008140151021019651, "ct": 0.9677825011727456, "cpar": 0.012306534281018088, "tvae": 0.10665700873491775}, "(016)_cp_v10_l2_p83_ts.csv": {"tcs": 1.4651017644845108, "ct": 1.1528061549451505, "cpar": 0.33656519661282286, "tvae": 0.1105736025242915}, "(017)_cp_v10_l2_p80_ts.csv": {"tcs": 0.017268640547595776, "ct": 0.8942562528306746, "cpar": 0.06793778218741849, "tvae": 0.14216080301383247}, "(018)_cp_v10_l2_p77_ts.csv": {"tcs": 0.017740964250326948, "ct": 1.040819059564673, "cpar": 0.032977290859059184, "tvae": 0.11840978026022925}}