{"random-rels_20_1A_returns30007000_header.csv": {"tcs": 0.9830318811263302, "ct": 0.7550878972278566, "cpar": 0.990646483342147, "tvae": 0.8216303470540759}, "random-rels_20_1B_returns30007000_header.csv": {"tcs": 0.9697507658033975, "ct": 0.7752063492063493, "cpar": 0.973069435431538, "tvae": 0.8916261117637189}, "random-rels_20_1D_returns30007000_header.csv": {"tcs": 0.9994179229828952, "ct": 0.7734286852060795, "cpar": 0.9860132657685495, "tvae": 0.8652651218237638}, "random-rels_20_1E_returns30007000_header.csv": {"tcs": 0.9914435076511663, "ct": 0.7904968589377499, "cpar": 0.9890449330417098, "tvae": 0.8525011588198013}, "random-rels_20_1_3_returns30007000_header.csv": {"tcs": 0.9980774918663118, "ct": 0.7917783196877115, "cpar": 0.9907423839100857, "tvae": 0.8811268020005883}}