{"random-rels_20_1A_returns30007000_header.csv": {"tcs": 0.15007996217419722, "ct": 1.121434536461419, "cpar": 0.15159016263981684, "tvae": 0.2280959213758283}, "random-rels_20_1B_returns30007000_header.csv": {"tcs": 0.1404373821806802, "ct": 1.0720607697461606, "cpar": 0.12683802073502498, "tvae": 0.21789919551678036}, "random-rels_20_1D_returns30007000_header.csv": {"tcs": 0.331136950860296, "ct": 0.9090823498996298, "cpar": 0.15828708985524936, "tvae": 0.21663121591786755}, "random-rels_20_1E_returns30007000_header.csv": {"tcs": 0.1943372001555281, "ct": 1.1968102742726083, "cpar": 0.1514734544002984, "tvae": 0.21459072185456668}, "random-rels_20_1_3_returns30007000_header.csv": {"tcs": 0.46083305894958065, "ct": 0.7974387300249735, "cpar": 0.13727353118855254, "tvae": 0.21718273115993963}}