{"timeseries19.csv": {"tcs": 0.7488217928467119, "ct": 0.6271240456093269, "cpar": 0.492012706141778, "tvae": 0.08472881027587839}, "timeseries20.csv": {"tcs": 1.5759671302525555, "ct": 0.6711426016193541, "cpar": 0.5610445435454487, "tvae": 0.1105382762606816}}