{"timeseries19.csv": {"tcs": 0.950897208684094, "ct": 0.8965635738831615, "cpar": 0.9518293842869523, "tvae": 0.8436790077976299}, "timeseries20.csv": {"tcs": 0.9658791385406622, "ct": 0.9148160051422144, "cpar": 0.9337652057317329, "tvae": 0.8176982435748419}}