{"timeseries5.csv": {"tcs": 0.023804990623318555, "ct": 1.0382753772873425, "cpar": 0.021066816903599007, "tvae": 0.05888320743491318}, "timeseries6.csv": {"tcs": 0.014234334033697723, "ct": 1.087448261428229, "cpar": 0.02296385931244002, "tvae": 0.10768030559900466}, "timeseries7.csv": {"tcs": 0.027121599935470142, "ct": 0.4343393352877814, "cpar": 0.029882869039020703, "tvae": 0.055500498266160755}, "timeseries9.csv": {"tcs": 0.06823964581218235, "ct": 0.42185499092551293, "cpar": 0.07856469945125626, "tvae": 0.08328431137287333}}