{"timeseries19.csv": {"tcs": 0.29497200704759, "ct": 0.7983835187184544, "cpar": 0.543018706587466, "tvae": 0.08850417214906915}, "timeseries20.csv": {"tcs": 0.03468281706988342, "ct": 0.6698386535231965, "cpar": 0.5764125315590485, "tvae": 0.06657480533320555}, "timeseries5.csv": {"tcs": 0.02145749737132119, "ct": 1.3318565798030115, "cpar": 0.02645773329059531, "tvae": 0.05888320743491318}, "timeseries6.csv": {"tcs": 0.015095634462693443, "ct": 0.9821243258713266, "cpar": 0.020263134376076155, "tvae": 0.10768030559900466}, "timeseries7.csv": {"tcs": 0.019157106000774096, "ct": 0.4136048255018345, "cpar": 0.025748299902784884, "tvae": 0.09840589078305077}, "timeseries9.csv": {"tcs": 0.06753085078380443, "ct": 0.4291085678538781, "cpar": 0.07588169053237573, "tvae": 0.0998885900164765}}