{"timeseries19.csv": {"tcs": 0.6244582370199147, "ct": 1.0, "cpar": 1.0, "tvae": 1.0}, "timeseries20.csv": {"tcs": 0.9095492882621595, "ct": 1.0, "cpar": 1.0, "tvae": 1.0}}