{"timeseries19.csv": {"tcs": 0.92026700304846, "ct": 0.8568275483102847, "cpar": 0.9517389124390355, "tvae": 0.799802493295644}, "timeseries20.csv": {"tcs": 0.658568189180434, "ct": 0.8945634884907416, "cpar": 0.9437180108422422, "tvae": 0.7818665484371536}, "timeseries5.csv": {"tcs": 0.6579126609274334, "ct": 0.7379693107701197, "cpar": 0.6534272759601707, "tvae": 0.6868221288359286}, "timeseries6.csv": {"tcs": 0.6919688542825362, "ct": 0.7571484266221108, "cpar": 0.6714860419630156, "tvae": 0.80411543734882}, "timeseries7.csv": {"tcs": 0.6439582962038852, "ct": 0.7466775528681369, "cpar": 0.6040622850967678, "tvae": 0.7444134308884007}, "timeseries9.csv": {"tcs": 0.7134521368869263, "ct": 0.6879806882613821, "cpar": 0.6140271900603222, "tvae": 0.7027089873270551}}