{"timeseries19.csv": {"tcs": 0.7858867432254327, "ct": 0.47931356618481885, "cpar": 0.500273900691261, "tvae": 0.07526994417334677}, "timeseries20.csv": {"tcs": 0.27300124253085634, "ct": 0.6730361864329637, "cpar": 0.5636873637352718, "tvae": 0.09834107826471278}}