{"timeseries19.csv": {"tcs": 0.7488217928467119, "ct": 0.6838620930328098, "cpar": 0.6156600173722947, "tvae": 0.08472881027587839}, "timeseries20.csv": {"tcs": 1.5759671302525555, "ct": 0.6087778437897092, "cpar": 0.6165831445805523, "tvae": 0.1105382762606816}}