{"outdoor_original.csv": {"tcs": 1.0, "ct": 0.8266098683240609, "cpar": 0.9868699802118496, "tvae": 0.8088751241927472}}