{"outdoor_original.csv": {"tcs": 2.3644024132572676, "ct": 2.203086019743392, "cpar": 1.6890104738394995, "tvae": 0.041088078935989716}}