{"WTH_boot_0.csv": {"tcs": 0.9301999772429879, "ct": 0.7651665493032882, "cpar": 0.9914508011759597, "tvae": 0.9822511099726777}, "WTH_boot_1.csv": {"tcs": 0.9863036104138073, "ct": 0.80575483190733, "cpar": 0.9871125390933896, "tvae": 0.985098996165366}, "WTH_boot_2.csv": {"tcs": 0.6740331491712708, "ct": 0.81854081284153, "cpar": 0.9841777777777778, "tvae": 0.9843536543715847}, "WTH_boot_3.csv": {"tcs": 0.844155567091686, "ct": 0.7983529126801502, "cpar": 0.9953266034523293, "tvae": 0.96520662568306}, "WTH_boot_4.csv": {"tcs": 0.8265692890820007, "ct": 0.7764534904430466, "cpar": 0.9906532069046583, "tvae": 0.9764911203746002}, "WTH_boot_5.csv": {"tcs": 0.8556794900978829, "ct": 0.8294781643227239, "cpar": 0.9781219430342236, "tvae": 0.9612790300546448}}