{"WTH_boot_0.csv": {"tcs": 0.07090301871298214, "ct": 0.5427761584760877, "cpar": 0.15976523634751658, "tvae": 0.010689310445797169}, "WTH_boot_1.csv": {"tcs": 0.7913563723643741, "ct": 0.7694933297119071, "cpar": 0.1446257825093998, "tvae": 0.03680020193054596}, "WTH_boot_2.csv": {"tcs": 0.025132082437502187, "ct": 0.5665461298751272, "cpar": 0.101160978806449, "tvae": 0.023459581584149354}, "WTH_boot_3.csv": {"tcs": 0.21930287241219568, "ct": 0.9248060092488842, "cpar": 0.2087321895464352, "tvae": 0.04609053702783113}, "WTH_boot_4.csv": {"tcs": 0.4388413652324987, "ct": 0.7392588609559027, "cpar": 0.19342854074486338, "tvae": 0.04750067458488096}, "WTH_boot_5.csv": {"tcs": 0.12203630010649598, "ct": 0.5885172993124034, "cpar": 0.15775799376646213, "tvae": 0.020993210359160266}}