A,B,C,D,E,F,G,H
0.0004946317,-0.007402328,-0.005809452,-0.008434617,-0.0019114381,0.009045309,0.0016749548,0.010744316
0.0013377328,0.0141026005,-0.005575496,-0.006077697,0.0043892227,0.0067800977,-0.010751268,-0.0044398266
-0.0047554267,0.0026034983,-3.396999e-05,0.01012975,0.0015973696,0.010066645,-0.010069392,-0.003533993
-0.0029421623,-0.008467305,0.010590581,-0.009934821,-0.007065886,-0.0027473944,0.010356182,-0.0015082846
0.0014244309,0.0021009718,0.0046410244,-0.015505127,-0.00028587517,0.007515484,-0.011915354,0.002798981
0.0010800213,-0.00013375073,0.0053836033,0.0015152709,0.0035284609,0.0004971558,-0.009104958,0.0044195903
-0.00285021,-8.029572e-05,-0.0024621664,-0.0003702586,0.0017546108,0.011921227,-4.323118e-05,-0.0016571704
0.00068631175,0.0036065718,0.0089169815,-0.0039488235,0.001932798,0.011448215,0.0037882489,0.0030039416
0.0017181688,0.0031274278,-0.0038578247,-0.003007045,-0.0010513474,0.001748627,-0.004428929,0.0107881855
-0.0056407484,0.0027493024,-0.0006237179,0.001855761,-0.0034127005,0.011331346,0.004248631,-0.0013230602
-0.0050612455,-0.011773514,-0.0068512945,-0.0031006888,0.007933949,0.006289595,0.0047946777,-0.0017379052
0.00068592746,0.0015323923,-0.0046962374,0.006449828,-0.0026933046,0.007622906,0.003926609,0.0043313573
4.1073625e-05,-0.0008157188,-0.011696284,-0.0073207594,0.0066176257,0.0007098289,-0.0030230456,0.0054948693
0.0035810235,-0.0075562913,-0.003707147,0.008827371,0.00019171444,-0.0056388644,-0.00509195,-0.0010579701
0.0046333023,-0.0014230795,0.0019838237,-7.01025e-05,-0.0043083928,0.003316898,0.011318676,-0.0036360845
-0.00017481364,-0.002510678,-0.011279089,-0.0031006888,-1.7895552e-05,0.020304212,0.0012192605,0.001027916
0.0032214762,-0.015271254,-0.0037958843,0.0010195082,-0.006204963,-0.004224603,-0.002905873,0.002798981
0.0055053607,0.006282717,0.00106439,0.0012660325,-0.0015370655,-0.010468587,0.004463746,0.0031212776
-0.0022652661,-0.0051327227,0.008818271,-0.011631531,0.0037226176,0.0006816257,0.001839959,0.001991176
-0.00076518406,-0.0046785036,0.00799364,0.0013428463,-0.0026933046,-0.009009017,-0.007522443,0.004349204
-0.005728313,0.0039973417,-0.0020804852,-0.0015956128,0.00047798041,-0.0012697829,0.004253207,-0.0051319865
-0.009353699,0.00025807356,0.0019297043,-0.003167234,-0.002131828,0.0042842347,-0.0024968754,0.0022402648
0.009583759,0.0074431617,0.016960047,-0.0031285835,0.0032931792,-0.006535827,-0.005683848,0.0042018527
-0.0014223335,-0.0015602908,0.0004752758,-0.005887056,0.00030297198,-0.0012508398,-0.0037986613,-0.0029204816
-0.003248674,0.0073048337,0.004906726,0.0012247753,-0.00013730326,-0.0040931264,-0.011687733,-0.0076828757
-0.00909417,0.010701787,-0.0015415577,0.0010300749,-0.0066874735,0.008382097,0.004130899,-7.788288e-05
-0.005249451,-0.0035411294,-0.0047992165,0.008929503,-0.0065027033,-0.003917395,-0.00055233296,-0.004555935
0.00033577756,-0.005389319,0.0068611605,0.0030120923,-0.0033919278,0.0055046817,0.005702705,0.001991176
-0.00302008,-0.0046785036,-0.0061407927,0.009905645,-0.0040887017,-0.007883389,-0.0032560565,0.0023054695
0.004670933,0.011716504,-0.0019305255,-0.008961736,-0.0011156525,-0.0057596895,-0.00024319068,-1.6610371e-05
-0.0081121465,0.0051218932,-0.0053933687,0.00033589924,-0.007458423,-0.019460019,-0.0047568544,-0.0014037085
-0.0063240533,0.00461842,-0.005603825,-0.00225155,-0.0066874735,0.00881568,-0.0018729721,-0.0013553101
-0.0044945115,0.011882085,0.016519789,-0.0016839044,-0.007561482,-0.011983531,0.007032361,-0.0002390041
0.0011239339,-0.010305377,0.004701999,0.0012660325,0.0014999011,-0.0065778443,-0.0030404278,-0.013214309
-0.0013564102,-0.011134891,-0.0056698276,-0.0012374683,-0.0066010496,0.0034912124,-0.0010915118,0.0025476955
0.0057858787,0.00071567844,0.0072776703,0.002407242,-0.0030635542,0.002363147,-0.0017561293,-0.0042989487
0.0055727065,-0.008935998,0.0094054155,-0.006926409,-0.0028544206,0.004956745,0.004575926,0.0038412702
-0.0056407484,0.00479162,-0.010740586,0.00022681238,-0.0014196297,-0.012621728,-0.008248756,0.0039501754
0.0067846584,-0.004315482,0.0018800867,-0.0063533555,-0.0025602244,-0.0010166997,-0.00089211215,-0.00026072894
0.0045854035,-0.0009900907,0.008048652,0.0053966367,-5.7109108e-05,0.014514112,-0.007418182,0.00032119962
0.0043429523,-0.0043687024,0.005220537,-0.0024655033,0.012573044,0.013852275,0.013118024,0.0048022876
0.0005867708,0.0016630911,0.00072594825,-0.0028952633,0.009044697,-0.000918994,-0.0031780384,0.00046765408
0.006298346,-0.012440078,0.00071068574,-0.0019143751,0.0026045432,0.012199882,-0.0046120198,0.004742098
0.0026566049,0.0019448864,7.5221295e-05,0.0030532244,-0.0011794758,-0.0092748925,0.0008736134,-0.0023916266
-0.004816999,0.0022748949,0.004906726,0.0030935279,-0.0012626208,-0.0077993195,0.001832664,0.0040488592
0.0067406385,-0.0012690545,0.006706107,-0.00059138925,0.0027999582,0.0051506404,-0.0031716987,0.007132064
0.0031973082,-0.00058597745,0.00072808564,-0.0021097264,-0.013619331,0.0025817773,-0.011116868,0.004809509
0.0014072215,0.005208981,0.012622056,-0.0018526202,-0.008896906,-0.014761094,-0.0033124883,0.005770658
-0.0049614077,0.00033491105,0.0037936713,-0.003415787,-0.003091264,0.006823031,-0.0013805879,-0.0032213982
-0.007828599,0.0004098406,-0.0038991242,-0.0054582516,-0.00013298717,0.006083751,-0.0037847387,0.0014311092
0.0005867708,0.0074590123,-0.0033576265,0.004831942,0.009461764,-0.0011657742,-0.005900489,-0.0036265969
-0.0053118328,-0.0054123187,-0.0064500826,-0.005760573,-0.007936392,-0.0007905509,0.009474079,-0.003533993
0.005761249,-0.005631885,-0.0055439556,-0.006619229,0.0015218775,-0.0030804637,-0.002922878,-0.006109642
-0.0032983054,0.016596265,-0.0017806254,-0.00032352383,-0.0011969616,-0.00076669065,-0.004774424,-0.011810282
0.0036033234,0.00962155,0.0044081844,-0.006012203,0.0012983156,-0.017002964,0.007192619,-0.0019885637
-0.0017529717,-0.0046016225,-0.00204394,-0.0021162734,-0.0016603523,0.0036599007,-0.0065195966,-0.0009794424
0.008190568,-0.009657344,0.007579497,0.00232934,0.0057764435,0.011627314,-0.00010989793,0.0030039416
-0.007437197,0.0029843221,0.0024076358,0.0012750579,-0.003091264,-0.015613364,-0.0076738806,-0.0014037085
-0.008103513,0.0126903225,0.006458002,-0.0069881896,0.0002835538,0.002960604,0.0011828955,0.006362405
0.0013214748,-0.0126434,1.46271195e-05,-0.009928524,0.0028841645,-0.004998153,-0.006912343,0.007358417
-0.0066163014,-0.0074371956,0.016960047,-0.0015352783,-0.008896906,-0.010894707,-0.010421801,-0.00032010686
0.001792305,-0.0148800835,0.012722544,-0.00032352383,-0.0075429296,-0.0060208985,-0.0034905607,0.0045328117
-0.005445562,-0.00086846424,-0.002491213,-0.006926409,-0.010728906,0.0058405716,0.004765095,-0.0036028437
0.0005111818,0.010225004,0.0077127847,0.0006968198,-0.0036223957,0.0030628508,-0.0064235283,0.008256555
-0.00034826534,-0.008213973,0.00057277555,0.011779504,-0.0070090676,-0.01514513,-0.0038192195,0.0040920037
0.009009936,0.004444965,-0.009498703,0.0019696297,-0.0019539518,0.0009470829,0.011955773,-0.004008455
0.0026980669,-0.0034377384,0.0050341208,0.004031656,0.0020964628,-0.0025801389,0.0042371573,-0.007020097
-0.005076618,0.0033985742,0.005157015,0.00071452383,0.0007629225,0.0018242553,0.00879476,0.0004029508
-0.002864984,0.00961258,-0.002021748,0.0024145728,0.0032931792,0.0070024217,0.0004937719,-0.009449388
0.012840655,-0.0053577367,-0.00840586,0.002649462,-0.004331973,0.0013812529,0.010487024,0.0006958603
-0.00537057,0.0049765604,-0.0055439556,-0.0052816346,-0.002543257,-0.008901048,0.00045328634,-0.002625125
-0.00044186096,0.0019324833,0.0029041348,-7.01025e-05,0.0022586505,-0.003383723,-0.0065449653,-0.0033127647
8.1144215e-05,-0.008929011,-0.0033576265,0.0015786948,-0.0025596044,-0.006705935,-0.0036198152,-0.0064689675
-0.0057107317,0.0015093088,-0.005175627,0.005715015,0.002168028,-0.005795593,0.0014974272,-0.0030995111
-0.008099111,0.0008305564,0.0009998302,-0.010425082,0.004277158,-0.0038157068,0.0063042417,0.0024123476
0.0033461372,0.00021471374,0.0027540885,0.0012750579,0.0033536768,0.003995863,-0.02027044,0.0022879178
0.0048673367,0.011608397,0.0038229288,0.0105633065,0.0095312605,-0.00042750925,0.0096863555,-0.0072127543
0.009485396,0.010912642,0.0071727103,0.0022782038,0.0010502948,0.013516541,0.011326495,-0.0028821314
-0.0103274,0.009580857,0.0027540885,-0.005248421,-0.0019539518,0.003995863,0.004627674,-0.0021184892
0.0016212043,0.0041658534,0.01000043,-0.009329925,-0.0021833368,-0.003601241,-0.008317636,0.0040375297
-0.0028031087,-0.0074381777,-0.0010754371,-0.004038429,0.0022639213,-0.0011490067,-0.0012991456,-0.0033127647
-0.009243628,-0.008797823,-0.00031394747,-0.003773984,-0.00084487244,0.016078237,-0.012222833,-0.0065242457
-0.00024041833,-0.0030958983,-0.009590809,0.00091486535,-0.0021981644,-0.008187412,-0.010662044,0.0038415024
0.0024599324,0.004904857,-0.0024540573,0.0062436257,-0.0014226704,0.0035588122,0.0037477715,0.007132064
-0.0006539606,0.006505548,-0.0071177674,0.0012750579,-0.0002755065,-0.0051338635,0.010137882,-0.0018539461
0.0035631426,0.0029723076,-0.008955941,0.0026349642,-0.0019873937,-0.0056587383,0.0032415472,-0.002916794
-0.00036411456,0.0029142639,0.009480055,0.005797293,-0.003351889,-0.001225906,0.009868063,0.008154148
-0.0042335717,0.0012964499,0.004086235,0.0029718268,0.0008640901,0.0043761656,-0.0059911823,0.0017743183
-0.0028880201,0.0041994015,0.0061339876,0.009419472,0.0028375816,-0.0004279358,0.0025206376,-0.0038000538
-0.004655496,0.00040837238,-0.01286822,-0.0015461064,-0.0036459973,0.000148335,0.00078706536,-0.0008230611
0.0008414377,-0.0051854276,-0.006011556,-0.0012054532,-0.0040887017,0.0051854285,0.003498645,-0.0041235047
0.00019368602,-0.0062258802,0.0085909385,0.0016962005,-0.0063458905,-0.0093986895,-0.0013857377,0.00046765408
0.0024593116,0.0015323923,0.007298071,-0.0014918132,-0.006388554,-0.017690277,0.00034599798,-0.0054794345
0.008097053,-0.00058597745,-0.0068296543,0.00609525,0.004892806,0.0070024217,0.0026264517,0.00015521556
0.001057715,-0.015381049,0.0049921433,0.00031113604,0.000562295,-0.0051297406,0.008581679,-0.0053136377
0.001735103,0.007209876,0.0071727103,0.0012507072,0.0028375816,0.009804716,-0.0012905716,0.006769368
0.0011513385,0.0068441816,0.0030268326,0.0026459256,0.004939355,0.0082433885,-0.007408028,0.0040632803
-0.0037335611,-0.010732977,-0.00541283,0.0067079705,-0.0081930645,0.0034912124,0.004915436,-0.004233851
-0.004816999,-0.0035758093,-2.2063032e-06,0.003992859,-0.0021981644,-0.0056388644,0.009216385,-0.0029204816
0.0037441708,-0.0003479193,-0.0017995024,-0.0040790965,-0.005038664,0.00898409,0.0053703636,0.0028077462
-0.0014301786,0.00080508506,0.0044093532,0.0030222663,0.011847826,0.0011929772,0.00012575882,-0.0042989487
0.0025480904,-0.0031892082,0.0019301579,0.0006893379,0.007273325,-0.004979008,0.00352155,0.008154148
-0.00044186096,0.011758961,-0.003985111,-0.0046435446,0.005350007,0.006166843,-0.000119801785,0.007756869
0.00091820245,0.0033985742,0.010371916,0.0058849417,0.006430149,-0.0068751816,-0.0072131306,-0.003769642
0.002554961,-0.0049463175,-0.0024552825,0.0030532244,-0.0056010443,-0.013426057,0.006973131,0.004349204
-0.001538796,0.0069866376,0.001971915,0.014172322,-0.002677961,-0.018509775,-0.0020630741,-0.0051337215
-0.010731897,0.000251689,0.012930714,-0.0010666938,-0.005038664,-0.0026859434,0.0054562865,0.00010384257
-9.056617e-05,0.0022819766,-0.01385204,-0.0011990857,0.0027999582,0.0081268735,-0.0030433359,-0.0014037085
-0.0067914147,0.012114583,-0.0052707815,0.003278966,-0.0015370655,0.008373909,0.003109107,0.007966898
-0.0015974476,-0.0003327662,-0.0013222221,0.005799229,0.001659268,0.0053067543,-0.0012151841,-0.0034713123
-0.0053278105,-0.0027044392,-0.0049366485,-0.00063883775,0.0034341658,0.018177852,0.008036718,0.005245347
-0.0034596743,-0.0077219536,-0.0011333653,0.002611389,-0.012405285,0.008382097,-0.001081563,0.0059355516
0.006381518,-0.01027773,0.0008838149,-0.0033121365,-0.0026701838,0.00733599,0.0016312678,0.005097624
-0.00034990284,0.0021009718,0.008804074,-0.0025132084,0.0057225106,0.00017076102,-0.0039888,0.00670534
0.006211471,0.0028881568,-0.0040506064,0.006075142,0.0025584057,-0.018344345,-0.0014135479,-0.0002849865
-0.0035448698,0.0026396755,0.0013371434,0.0014934415,-0.0041444995,0.016386237,0.0059488215,-0.0042989487
0.0041388394,0.010050259,0.015339363,-0.0022222232,0.00024604838,-0.0058836183,-0.001333869,0.0033351772
0.00522547,0.00461842,0.005767814,0.0056251683,-0.005603322,-0.003592454,-0.0044782697,-0.002079211
0.0046757055,0.009065962,-0.0083721895,0.0032365485,0.004843815,0.012481448,0.007909315,0.00046417536
0.0070657646,-0.009943933,0.0012113625,0.0002694744,-0.002207451,0.0027520729,0.0077038957,0.0021636297
0.0005111818,-0.002304107,-0.005841761,-0.0021162734,-0.003319286,-0.012321558,-1.2526463e-05,-0.0022983598
-0.0006416517,-0.002369675,-0.0023222854,-0.004985179,0.0075091403,0.013661101,-0.0026664669,-0.009036119
0.0016212043,0.014994115,0.00907256,0.00895915,-0.00013298717,0.003343095,-0.002119662,0.006857224
-0.008168395,-0.0031754929,0.0006763078,-0.0015352783,0.0049145943,-0.0068100686,0.013452405,-0.0035604371
-0.006829357,-0.0004909616,0.003523164,2.6456482e-05,0.0013131741,-0.013353793,-0.0014412991,-0.0009176579
-0.0020630707,0.0019864566,-0.0020771301,0.0019691375,0.0032931792,5.907961e-05,0.012581662,-0.010811129
-0.004758575,0.00870845,-0.0040553194,0.0015930178,-0.0008591459,0.005475159,0.0004157297,-0.0018916642
-0.00034826534,-0.0045516696,0.0026215676,-0.008188012,-0.0016074635,-0.008139321,-0.0044368813,-0.0039494177
5.008807e-05,-0.0075562913,0.00059370557,-0.0042166575,-0.0009958099,-0.0021559207,-0.014765935,0.0021265203
0.004491579,-0.008252492,0.0063417493,-0.009548063,0.0034152733,0.015640134,-0.005980827,0.0036328407
-0.009281549,0.0003706729,-0.0021386356,-0.00063883775,0.0066660033,0.001604761,-0.009547381,-0.0008033911
-0.00383609,0.010093525,-0.0052678133,-0.004948414,0.0019454728,0.011622183,-0.0041171047,0.0013174991
-0.00041894364,-0.0057281107,0.010590581,-0.0009856353,-0.006141759,-0.0036186706,-0.003205229,0.00090734084
0.008010025,-0.011571079,-0.0042849556,-0.010812814,-0.0068284995,0.00072998775,0.0011758542,0.005623213
-0.00271341,0.0019448864,-0.00029840358,0.0043663755,0.0012921414,0.013001276,-0.008933064,-0.0059969476
-0.002261008,-0.015839802,-0.003000686,-0.006542522,0.00067459774,0.0031929542,0.0029790495,0.0027932941
-0.0019391233,-0.0014690552,-0.015826736,0.003735067,-0.003392888,-0.013570117,-0.017060077,0.00036294135
-0.002137976,-0.005880658,0.0051031276,0.004547339,-0.0026352117,-0.0035315813,0.011232656,0.0013838668
0.011009167,0.0028881568,-0.0056698276,2.4833376e-05,0.0037035816,-0.0065974095,-0.0016657235,0.0024656611
-0.0071818125,-0.0053577367,-0.0066183787,0.005215434,0.005568498,-0.014390096,-0.0022919418,-0.0058606914
0.0024953638,-0.008025724,0.00033815266,0.0027866396,-0.007561482,0.011888716,0.011979597,0.0019504046
-0.0028845298,-0.00086846424,0.007579497,0.0010195082,-0.000113334776,-0.0041729845,0.005615557,-0.0019201031
0.0031469786,0.004562081,-0.00060542324,0.0033909022,0.0028933357,-0.0099771265,0.00094310753,0.0017990593
-0.002137976,-0.0012294085,0.0015427927,0.0019696297,0.0010521503,0.0113298455,0.0014985639,0.0043313573
-0.000961261,0.0020075887,-0.0068397415,0.0029709064,-0.0031807742,0.0009470829,-0.011971896,0.00497559
-0.0006416517,-0.013883024,0.0025396754,-0.0069793146,-0.0024385664,0.010640801,0.0014534432,-0.006411042
0.0074115125,0.00017575035,-0.0019305255,-0.0060011814,-0.005937166,0.0021568602,-0.004429659,0.0046183285
-0.0014917321,0.0033639362,-0.00530296,-0.000785262,0.0011712695,0.0066714613,-0.0072903293,0.0054831943
-0.007257314,-0.01346017,-0.012363807,-0.0040790965,0.0002835538,-0.011144342,-0.0023574336,-0.0004195624
0.0055077267,-0.010192698,-0.005166595,0.0014808931,0.002690489,0.005363763,-0.0068061664,0.0030630783
-0.0018594946,-0.0044588144,0.014204467,0.008976773,0.0055167545,-0.0035053324,0.0037308843,-0.002361965
0.0011239339,0.0019448864,0.0023208598,-0.004490307,0.0020228499,-0.0017211288,0.009625457,-0.004694559
0.005761249,0.0078866435,0.006458002,3.466622e-05,0.008646389,-0.00076669065,-0.0017892458,0.0024128864
-0.008116113,-0.007727989,0.0077127847,-0.0010571469,0.0064098663,0.0083766915,-0.0007979637,0.0067747096
0.004095677,0.003992119,0.0041964552,0.0050271056,-0.008433281,0.009145704,-0.0061394433,0.0037398543
-5.7308655e-05,0.0011642426,-0.012805657,0.00016955522,0.0079397205,-0.0035474878,0.013546301,0.0024656611
-0.0027631626,0.010690689,-0.018077187,0.0009835984,0.004029947,0.0072311144,0.007132148,0.004026452
-0.0063701593,-0.0047280495,0.015668754,0.0027226442,0.004745118,0.01254339,0.0075959195,0.009966794
-0.00023994868,-0.0031892082,-0.0054365145,-0.006542522,0.0013935163,-0.012481309,0.0019763247,0.0066334903
-0.008220233,-0.00024371117,0.004086235,-0.0071549336,-0.0053920387,0.010244204,-0.010232619,-0.0003459655
-0.0070636994,0.009906543,-0.0049451594,0.010160195,0.0028821304,-0.0021504657,-0.005382253,0.008114495
-0.006114326,0.009221735,-0.0011333653,-0.0022262568,-0.0033919278,-0.00037018943,0.0041415733,-0.003206822
-0.0020921119,0.006980312,0.00024766964,-0.00480236,0.006675437,0.004180813,0.0051450413,-0.000950664
0.0011237047,-0.0023976595,0.0059162644,0.003472788,0.0002835538,-0.014390096,-0.009515716,0.001073401
-0.0032444994,-0.00555736,-0.001209598,0.005939267,0.012573044,0.013195508,0.0037464616,-0.0059969476
-0.0036127865,-0.0015569782,-0.005809452,0.008764995,-0.00052729045,-0.011144342,0.006680873,0.0037310896
-0.0002244865,0.003486618,-0.012363807,0.0065557966,-0.003702758,-0.014051655,0.008245618,-0.0053968597
0.0039779865,-0.005631885,-0.0052707815,0.004882656,-0.008851383,-0.003080488,0.006316765,0.0029081462
0.008190568,0.010927864,-0.0015415577,0.0010745105,0.000628006,-0.017863465,0.0030438432,0.00935421
0.0062684542,0.0052120667,-0.0018772157,0.0067594447,0.0033264833,0.005925783,0.009451883,-0.008132032
0.0005111818,0.015897559,0.0032895273,0.0015930178,-0.0045894855,-0.0007807869,-0.002702319,0.007023684
-0.0009934424,-0.0054123187,-0.0021623566,2.4833376e-05,-0.0021981644,0.0018616263,0.009101355,0.0023698108
-0.008099111,0.0020550159,-0.0054027257,0.006507634,0.007935118,0.018236797,-0.008677888,0.00048188638
-0.0043794443,-0.00015530572,0.00022673327,-0.0019898457,-0.001815716,-0.0152294785,0.006628153,-0.0014945985
-0.0029685546,-0.0033208646,0.017682467,-0.004023174,-0.0036892113,-0.0054098144,-0.0046659457,-0.0010218231
0.005286824,0.0036086612,-0.0010955594,0.00039108124,-0.0043398407,0.005569943,0.003360222,-0.0032213982
0.0015869103,0.016258724,0.008000571,-0.007294076,-0.0041875103,0.004626056,0.0038308075,-0.0040160064
-0.0018961786,0.00033491105,-0.0045177797,-0.008058194,-0.0025402175,-0.004805511,-0.008867985,-0.001531435
-0.015659044,0.016529944,-0.0010754371,-0.005915587,0.003930435,-0.009667855,-0.008685748,-0.0051319865
0.003649315,-0.00058597745,-0.0003550401,-0.0060444865,0.0024786573,0.002425508,-0.012214902,0.007132064
0.00014226054,0.0025605652,-0.005603825,0.0030114877,0.0041913786,0.005780368,0.0011504362,0.0127670895
0.007862224,0.0023305807,-0.0052678133,-0.0056485585,-0.0031362427,-0.008607417,0.0030065612,0.0009021554
0.008113474,-0.00694748,0.0008001751,-0.0012748897,-0.0045342348,0.0027781855,-0.0021810045,-0.0015082846
-0.002545522,-0.0014023334,0.0021967837,-0.0056615714,-0.0021150184,0.008922235,-0.005094255,-0.001552208
-0.00046248254,0.0046047675,0.0038654462,0.00092251046,-0.0063894233,-0.0007905509,-0.005464936,-0.008212698
-0.0010497784,0.0016427604,0.009535147,-0.005886886,-0.0026732436,0.008496438,-0.0042702407,-0.004245739
0.001475669,-0.009137619,0.0028077464,0.0017232067,-0.003264704,0.004779789,-0.0055596065,-0.0087873405
-0.0062717297,0.012617153,0.007274404,-0.0022262568,-0.0065027033,-0.0033431277,-0.0069185747,-0.0019956129
-0.004758268,0.00870845,0.00799364,0.002557033,-0.013930777,-0.0035184673,-0.001777637,0.0018389147
-0.00041248504,-0.0069201724,0.0023521096,0.0046833046,-0.0006808182,-0.009074096,-0.0011248393,0.002691065
0.0021988563,0.00035556545,-0.0056996625,0.004596481,0.003923074,0.01179057,0.0077080242,0.00017679839
0.0046333023,-0.0068258108,0.008342193,-0.004291028,-0.0053920387,-0.005748308,0.0031373452,0.007664941
-0.0028259465,0.002168766,0.0023511786,0.00573301,0.0057764435,0.0035077631,-0.00676266,-0.008783879
0.005009219,0.009280246,0.00073650957,0.009199917,-0.0043083928,-0.00072475296,0.005380895,-0.0064689675
0.0037939337,0.003913849,0.003523164,-0.00069613964,0.0051211575,-0.005844578,0.022084275,0.0048548933
0.004491579,0.014499316,0.024187738,-0.0013082284,-0.0047820997,0.011095227,-0.0041764625,0.00095451035
-0.0066546574,0.003618069,-0.012078869,-0.004364493,0.0025085905,0.007827692,-0.00932113,-0.0127946865
0.0076156794,0.007344786,-0.010458004,0.0028985592,0.012231432,-0.0020774633,-0.004927775,-0.005337781
0.007982406,0.0008290005,0.012622056,0.0030570256,-0.0062693493,-0.003455657,-0.0028137495,0.0019504046
0.00242014,-0.011615219,0.0048080413,-0.0016916256,-0.0051023173,-0.0016393731,0.0018366012,0.0034944108
-0.003248674,0.010742543,0.0007473775,0.0018945526,0.00195944,0.0048493906,-0.008504969,0.0081534255
0.005004038,0.009877259,0.0073788594,0.0017845265,0.0059448374,0.002363147,-0.003081834,0.0055701467
0.002589575,0.0013002309,-0.006103956,0.0015497602,0.0073871478,0.012176186,-8.981128e-05,-0.003533993
0.0006643145,-0.00026793592,-0.007953351,0.0008315251,0.0037465496,0.011417433,0.0002752539,0.008522486
0.008907384,0.009877259,0.0006448027,0.008014108,0.0075091403,-0.010671746,-0.0032526976,-0.0008230611
-0.0010516758,-0.0057663233,0.014425263,-0.0010666938,-0.006204963,-0.0075725284,0.0059839953,0.0001804868
-0.0036416543,0.0074708457,0.0007334624,-0.0039488235,-0.0044696066,0.012041894,-0.0068017384,0.001975846
0.0072343564,0.005951573,0.000716807,-0.00041209653,0.00217625,0.0005386376,0.0052741873,0.007816698
-0.00014939519,0.003992119,-0.0018253683,0.0014155075,-0.013227511,0.007579875,0.00095357175,-0.008040294
0.0026945772,-0.0082565015,0.0025014605,-0.0060011814,-0.0011807831,0.0019530784,0.008422806,0.008858718
0.0051862053,-0.0063050073,0.004323555,0.0021466862,0.0014285315,0.0077217724,-0.005465102,-0.00022919271
-0.0004289242,0.0076094335,0.00799364,-0.0051706093,-0.0075399578,-0.000522933,0.0049526417,-0.0018916642
0.0110217,0.0020121383,-0.0031205968,-0.013906853,0.0011151084,-0.0028374307,-0.005493167,-1.238969e-05
0.0072748982,-0.015839802,0.010748315,-0.00091733836,0.002133672,-0.003917395,-0.015239719,0.0013174991
0.0006643145,0.00280605,-0.000707046,0.009387107,-0.0057204138,-0.000522933,-0.002077316,-0.0048466693
-0.002359974,-0.0023976595,0.006458002,0.005134344,-0.0012801758,0.012754582,0.008179929,0.0039358926
0.0007797878,0.008134013,0.004960974,0.003871536,-0.0056010443,-0.0018937241,0.0031422582,-0.009010772
0.0011513385,-0.0033208646,-0.002851512,2.6456482e-05,0.002935147,0.0052787866,0.0059383092,0.001431426
0.0026547688,-0.00011742095,-0.007321464,0.010877737,0.0041215816,-0.02540316,0.0012172428,0.0014544253
0.0021326633,0.005022076,0.013866225,0.0008315251,-0.008159079,-0.0099771265,0.0071042026,0.0013174991
0.0005514518,0.0009861274,0.0010366947,-0.00030831678,0.005581039,0.0015175508,-0.008109025,0.0010590033
-0.00491874,0.00870845,-0.010663678,0.0029973695,0.003965027,-0.0020774633,-0.008358881,0.0034820603
0.0010346778,0.0036086612,-0.003938301,-0.005228906,0.005568498,-0.007180607,0.00070194714,0.00264499
-0.0042770803,0.010981836,-0.002015111,0.001855761,-0.0028513924,-0.00061266223,-0.0017462948,0.007674269
0.001997005,-0.0034377384,0.004005396,-0.0060313027,0.004892806,-0.0035053324,0.0031565847,0.00017409971
-0.00048787086,-0.009943933,0.0077061155,0.0060248813,-0.001504288,0.0067710048,-0.006494101,0.0043650987
-0.005691373,0.0028077275,-0.00073346053,0.0043371585,0.008391004,0.016078237,0.008732546,0.0036527412
-0.0055893087,-0.004082179,-0.019669507,0.0021130308,0.007590729,-0.0116054835,0.012478594,0.0005504151
-0.0072638798,-0.0141947875,0.0033148434,0.0039841514,0.0014241191,0.008382097,0.008765877,-0.01126204
0.0013958786,0.0048968233,0.0076314057,-0.0014280833,0.00292309,0.012199882,-0.005097444,-0.0010122698
0.0033945465,0.0029843221,-0.00039397462,-0.004291028,-0.005146121,-0.012321558,-0.0011527347,0.012752343
-0.0023339668,-0.004013583,0.0053836033,-0.0007308357,0.008646389,-0.017002964,-0.0060578655,0.006991269
-0.0022325858,-0.0065496354,-3.396999e-05,0.006507634,0.007159677,-0.008813539,-0.0040440876,-0.0053968597
0.002362113,0.0055804295,-0.0008277048,-0.0053447494,-0.0014879836,-0.007836189,0.011445869,0.0013150817
-0.0066763107,0.00080508506,0.0072234743,0.0020888767,0.001435024,0.006166843,-0.014761075,-0.0026453352
-0.00076518406,0.0014891657,-0.0045177797,-0.0063533555,-0.005038664,0.026672255,0.00086772454,0.0055050813
-0.00022678848,0.0055955383,-0.0005621568,-0.0032086773,-0.012768111,-0.011290104,-0.005309068,0.0054664225
0.0029367742,0.0047129095,-0.0040506064,0.0009775155,-0.0040339343,0.0031929542,-0.002835059,0.008427214
-0.0019255741,-0.0019734185,-0.0024621664,0.0016962005,-0.0010513474,-0.004106792,-0.00073702924,0.0077487454
-0.0039635184,0.0041699577,0.012599399,-0.0025793314,-0.0059345923,-0.007121799,-0.0040250313,0.0019194399
0.0048673367,-0.0064724367,0.006130913,-0.001669292,-0.005498602,-0.009807918,-0.0057400344,0.00029344496
0.0051862053,-0.0116885565,0.0013965712,0.008929503,0.0026058655,-0.010014682,-0.0013450214,-0.0026753729
0.0018578377,0.0064894217,0.003935361,-0.008062309,-0.008945225,-0.004998153,0.007937713,-0.00014202548
-0.0069263866,-0.0044588144,0.0074211173,-0.001089267,0.0025584057,0.010421346,-0.00036577787,-0.00043525308
0.0076156794,-0.009402322,-0.0061176857,-0.0070249606,-0.0016540335,-0.007774214,-0.0014726536,-0.008758747
0.0014143083,-0.011560863,-0.00847781,-0.009548063,0.00047039898,-0.0022656708,-0.0044769435,-0.0012226613
0.002439124,-0.0045676166,-0.0052707815,0.001441624,0.0029093064,-0.0057246434,-0.01570697,0.0008747463
-0.00023618429,0.0047129095,-0.0074654347,-0.00022610878,0.0059613464,0.0036466513,-0.0010873572,-0.0038645144
-0.0069263866,0.0014485943,-0.009613127,0.00010127016,-0.0063894233,-0.008249551,0.0026224563,0.0050503807
-0.004927787,0.0036086612,-0.0064998902,-0.012689507,0.0063350997,0.004486882,-0.0036736284,-0.0008074546
-0.00053072016,-0.0023976595,-0.00875221,0.003472788,-0.005504957,-0.0010200534,-0.01265607,0.003205437
0.004670933,0.011882085,-0.0040432126,0.0059777885,0.006715306,-0.013353793,-0.00094364677,0.010381772
0.006337886,0.0073690587,0.0029084822,0.005572121,0.006858403,0.01055785,0.010718715,-0.0017348267
0.00028773333,0.0020461364,-0.006443727,0.00077825907,0.009082532,-0.0028043645,0.0070746765,-0.00065950834
-0.0047825375,0.01088339,-0.0024540573,-0.0037624326,0.008540711,0.0010275692,0.00066827115,-0.0037447822
0.0044249943,-0.0011721054,-3.0383235e-06,-0.006464729,-0.005146121,0.017792132,0.004088382,-0.0021184892
0.0070657646,-0.003903327,0.0044946466,0.008040866,-0.0012687321,0.004373825,0.00075448817,0.0023054695
-0.00020198876,-0.006917797,-0.0017806254,-0.00559472,0.0022639213,-0.0035474878,0.0067053176,0.0013838668
-0.005439805,0.005793916,-0.0046308856,-0.003687349,0.0028933357,0.0028424258,-0.013761425,0.0023526372
-0.0013421295,0.003229956,-0.0083721895,-0.0019143751,0.0007629225,0.0048986673,-0.0009574769,-0.0069917534
-0.008990216,-0.006556092,0.012078175,0.00053134916,-0.012768111,-0.0063986764,-0.012487324,0.0010352538
0.0044249943,-0.0027948131,0.012214181,-0.00056327874,0.008677397,0.008419786,0.006937567,0.00066916604
0.0078084962,-0.0036216942,-0.010347408,-0.00021844024,0.0057552936,0.020853808,-0.0037365202,0.005245347
0.002833178,-0.009657344,0.00071068574,0.0015524159,-0.001629133,-0.0006736683,-0.0016373419,-0.00044853962
0.0021166625,-0.004765215,-0.002397124,-0.0039488235,0.0002632649,-0.0068751816,-0.00040588924,-0.0013714307
0.009583759,0.00069018034,0.0063417493,0.0059777885,0.00053884165,0.0046880315,0.002296641,0.004304596
-0.004254305,0.0043043997,0.005107321,0.0013649998,0.00088599575,0.0018308931,0.0020782182,-9.449002e-06
0.0044152164,-0.0059407596,-0.011091395,-0.0025793314,-0.00042987967,0.010433388,0.0011223074,0.0031510596
0.004846935,0.017813604,0.012358705,0.002895971,-0.0013251877,-0.01305613,-0.002522814,-9.449002e-06
-0.0039361143,-0.0062356777,-0.0026555578,-0.0032087057,-0.0018824183,0.005925783,5.41592e-05,0.006133044
-0.0036127865,0.008384213,0.0011799107,0.004547339,0.0045042555,-0.005883455,-0.0059045455,-0.0016372746
0.0031803353,0.006056423,-0.0008986044,0.004831942,-0.003351889,-0.015738862,0.004303822,0.0015872925
0.00242014,0.0015323923,0.0052089295,0.0018145534,-0.0020613582,-0.016224287,0.012750252,0.0030628222
0.0040143724,-0.0034694285,-0.0053933687,-0.0016330386,-0.006375856,-0.0103939185,0.0038075203,-0.0033127647
-0.0007636512,-0.0066815503,-0.009339147,-0.0037624326,0.0027682954,-0.007558878,-0.0031536883,0.0053520733
-0.009387161,-0.006537457,-0.0036131833,0.0058180573,0.007111316,0.010697058,-0.002516978,0.0035000092
0.00088802015,0.0025147516,0.0044081844,-0.0060011814,3.6141442e-05,-0.006535827,-0.004591805,0.005365657
0.0016939119,-0.0012690545,0.0073788594,-0.003139303,-0.0016911423,0.008524647,-0.00999013,-0.0051672044
-0.0051552462,0.0029401744,0.0046410244,0.00057206635,0.010823005,0.004024128,-0.0056549152,-0.008714298
0.0014143083,-0.0021530516,-0.004955712,-0.0048324997,-0.0032949,-0.0008159527,0.0013439999,-0.0030995111
-0.015659044,-8.029572e-05,0.0044946466,-0.006077697,0.001500767,0.0027520729,-0.0066252626,-0.004841137
-0.0014301786,-0.00024079019,-0.0035417057,-0.0065896367,-0.0051836097,0.008537516,-0.008516694,0.007819903
-0.00909417,0.0081271585,0.002217744,0.0024758275,-0.0007490026,-0.016600069,-0.0070724683,-0.0032139777
0.0072343564,0.006937797,-0.0047634672,8.379079e-05,-0.0044964207,-0.0058433944,0.00016169203,0.0067864996
-0.0033876689,-0.00694748,-0.0082249325,-0.003040507,0.0048605786,0.0048493906,0.0004709638,0.00044988288
-0.0012053265,0.0026895518,-0.012969458,0.001787104,0.001855793,-0.011391163,-0.004890461,-0.003206822
-0.00491874,0.004183237,-0.005579041,-0.0010571469,-0.0020249467,0.011765076,0.009263031,-0.003206822
-0.0003765963,0.0006412128,0.0011632052,0.005041267,-0.013930777,0.0063181613,-0.0007890068,-0.0016682806
-0.0016847719,-0.0046833847,-0.013055658,0.0049109613,0.0020699129,-0.001225906,0.012357977,-0.0054740976
-0.0043794443,0.0025006046,-0.010740586,-0.0028560152,-0.0005233571,0.001748627,0.0071449247,-0.0019885637
0.0050975704,0.0069080833,-7.3879026e-05,0.012728816,0.006709384,0.010312035,-0.00489686,-0.003947371
0.005165677,0.0037542696,-0.0066183787,-0.0049480353,0.0032255389,-0.007396879,0.0026812786,-0.009010772
-0.0016847719,-0.0006236023,-0.016337637,0.00052919256,0.00053877645,-0.0021280237,-0.0143501265,0.004304596
0.00054748426,0.0043043997,0.0035842312,0.00573301,0.005249665,-0.010808765,-0.0029990168,-0.0061780894
0.0042551323,0.012818147,0.013348085,-0.0065897014,0.0028251614,0.0013449719,-0.0060577714,-0.0063222595
0.007618479,0.0022539205,-0.016337637,0.0034724176,-0.0014760136,0.017476879,-0.008575765,0.0059355516
0.0044152164,0.0058604,-0.00404037,-0.009928524,-0.0049241157,-0.0006736683,0.0064693415,-0.0013728922
0.003807229,-0.002936863,-0.0033427281,0.0012170728,-0.0068235006,0.005780368,-0.010759029,-0.0127946865
-0.008220233,-0.0009231339,-0.0072084186,0.0039472473,-0.0014051399,0.0013894113,0.0034353142,0.0028798883
0.003085816,-0.0051589673,0.0004330841,-0.0056485585,0.0033536768,0.0006782636,-0.00045216363,-0.0042751445
0.0033800097,0.0016427604,0.0025199966,-0.0033359209,-0.0063894233,0.010311556,-0.0076008528,0.0005504151
0.012950868,-0.0126434,-0.0053989124,-0.0052816346,-0.00025543006,-0.0049681743,-0.0037999195,-0.002927925
-0.00023994868,-0.002827984,-0.0071177674,-0.0068989275,-0.0013988784,-0.013266985,-0.007485152,0.008154148
0.004846935,0.0014872018,-0.00875221,-0.004384694,0.002168028,-0.008543694,-1.0642223e-05,0.0012108234
0.009583759,0.0053140093,-0.013181495,0.0030570256,0.004493308,-0.0042255274,-0.007146723,0.0030417559
0.000512721,0.006036493,0.0045866137,0.0058849417,-0.0026440956,-0.011954826,0.0027469113,-0.0078072743
-0.00302008,-0.015896603,0.0074211173,-9.280784e-05,-0.008112333,-0.015074531,0.001932261,0.0023158276
0.0019230356,-0.0066815503,0.002354859,0.0055001215,-0.012349466,0.00540771,0.00065526937,0.004304596
-0.0015974476,0.00909954,0.020038147,-0.0046435446,0.008896904,0.008419786,0.0092210695,-0.013214309
-0.0031738793,0.00031657936,0.001971915,-0.003997611,-0.008050158,0.0010368438,-0.014281456,-0.008668869
-0.0041059614,-0.020417653,-0.0082249325,-0.0052816346,-0.0065027033,-0.012985813,-0.0020587393,-0.0011585079
0.005281132,0.006056423,-0.002683795,-0.0030375188,-0.007575197,-0.011721628,-0.007485152,0.0012128566
-0.0058435113,-0.0029676522,-0.016337637,0.0021007112,0.0027269993,-0.0010824017,-0.0123710595,0.00066916604
0.006354354,-0.002304107,0.0020518722,0.010113335,0.0071563846,-0.008396318,0.0008638967,0.012979219
0.0018578377,-0.0010447612,0.009085573,-0.0041601406,-0.0016678739,-0.009828695,0.00916402,0.011674555
0.0008869659,0.0067166616,0.020038147,-0.0015220288,-0.00072472513,-0.012481309,-0.0088504525,0.0033351772
-0.004513555,0.00870845,-0.0062900903,0.007261818,0.0095312605,0.002765663,-0.003476836,-0.0026146274
-0.00039703917,0.014499316,-0.0066183787,0.00019202822,-0.00065955333,-0.0057520834,0.0018256088,0.00064076536
-0.0011281145,-0.0052678008,-0.0016547265,-0.0005691703,0.0015973696,-0.010894707,-0.007767042,-0.0040400284
-0.0019941358,0.0069080833,0.0099634845,0.0013256159,0.0025103819,-0.0055845543,-0.0021335883,-0.0012501433
-0.0006416517,-0.008928394,-0.005575496,0.00010127016,0.0028841645,-0.0024589887,7.707719e-05,8.5330845e-05
-0.0028031087,-0.006402796,0.0034533825,-0.0045381924,0.0070741344,0.0034670634,0.010303021,-0.0037572598
0.0026980669,0.0025194352,-0.0095510045,-0.0026116397,-0.007065886,0.0040022386,0.0030439082,0.0054948693
-0.007828599,0.0094508575,-0.00204394,0.0014950414,0.0066978326,-0.0026345048,-0.004881659,0.005580868
0.0053716907,-0.010461012,0.002217744,-0.0065897014,0.001967718,0.0058225445,-0.000735904,-0.0017172354
0.00787841,-0.0003327662,0.0009920727,-0.0060313027,0.0023115915,-0.006705935,0.0007016049,0.00652159
-0.0013911037,-0.0012965833,-0.009498703,0.00609525,-0.00993471,-0.010244291,-0.0053706793,-0.0040400284
0.0031023205,-0.002572647,-0.001532329,0.000659348,0.0016639719,0.006083751,0.0066200253,-0.007020097
0.0024134463,0.0022819766,-0.0043921317,-0.0067266678,-0.010728906,0.009045309,-0.0022627162,-0.008658856
-0.0027259355,0.011621234,-0.0066183787,0.0016962005,0.006709384,0.0024726172,-0.0047003007,0.006133044
-0.0014383957,-0.00356685,-0.0024540573,-0.0029872686,-0.0075399578,-0.0004697999,0.0020631333,-0.0036545552
0.0026765375,-0.012673084,-0.00866171,-0.003739093,0.00046808057,0.0063759857,0.0044332966,0.007756869
-0.007987394,0.0039973417,-0.005809452,-0.0025793314,-0.0053920387,-0.0034778453,-0.007026286,-0.013438937
-0.0018594946,0.0068441816,-0.007514714,-0.004724482,0.005779064,-0.0014538369,0.004691691,-0.000950664
-0.007550172,0.0007553194,-0.004153071,0.003398724,0.0037465496,0.011581469,-0.0029661418,-0.0034743312
0.0024953638,0.0068757967,0.018552065,0.0031178882,-0.003702758,-0.0044891546,-0.0006431644,-0.0013553101
-0.0005737565,-0.012662194,-0.009498703,-0.0037762348,0.0020686025,-0.0026469422,0.0028230813,-0.0038630103
0.0040962608,0.003262371,0.004078048,-0.0004137982,-0.0066874735,0.017476879,-0.00706476,-0.007843741
-0.007601903,0.0013002309,-0.0074455477,0.0021130308,0.005613612,-0.0062135616,6.0102844e-05,0.0043650987
-0.007323234,-8.467445e-05,0.0043492923,0.0009775155,0.004029947,-0.0043682517,-0.0029920605,0.004037181
-0.003731598,0.011779404,0.005973373,-0.003687349,0.0017938262,-0.00071790785,0.00017572776,-0.00015034976
-0.000628341,-0.0054737492,-0.0066183787,0.0055001215,0.001967718,0.0057600066,0.0022718185,0.009304319
-0.0036127865,0.0011646987,-0.014218576,0.0003875723,-0.0016908811,-0.014761094,0.007872043,-0.00084588956
-0.0052813203,0.0042916997,-0.0032692552,-0.0060586133,-0.008050158,0.0035077631,-0.0021792292,-0.0017379052
-0.009859407,-0.0063000293,-0.0017995024,-0.0058091055,-0.013930777,0.0075147646,-0.011641411,0.00018971962
0.0040977295,-0.008988216,-0.00831148,0.009082694,-0.002091574,-0.015222287,-0.0064918012,0.008858718
-0.0081121465,0.007344786,-0.009415295,0.0046359105,0.00012689899,0.0014784504,-0.0027257344,-0.0039921324
-0.001591616,-0.007727989,0.0073089018,-0.0012748897,-0.010723069,-0.011358818,0.005340758,0.002651538
-0.0027411273,-0.0041403086,-0.009613127,-0.0022137547,0.002133672,-0.009270018,-0.0044736643,0.0050915275
0.0020342597,0.0021619766,0.009793852,0.0017011277,-0.0033297453,-0.0068100686,-0.0026998664,0.0025983702
-0.0065813283,-0.001278463,-0.0055386415,-0.005269188,-0.0021144138,-0.008021686,0.008149318,-0.0048259716
0.001057715,-0.001278463,0.0066391965,0.004566211,-0.0044696066,0.0041253823,-0.012210898,-0.0005831249
-0.009322694,-0.0025695565,0.0024076358,0.0051336167,-0.006318902,-0.011026069,-0.0072664367,-0.009697324
-0.004254305,0.007596343,0.0048420615,-0.00069613964,0.008896904,-0.0018937241,0.003096892,-0.0066821817
-0.007323234,-0.0062388983,0.0053836033,-0.003773984,0.004477221,0.0063178535,0.0067300606,0.0012956725
-0.008324412,0.0069080833,-0.0013523978,0.0020888767,0.0039934576,-0.0152294785,-0.010193528,-0.0051672044
-0.006799678,0.0003706729,-0.0046041775,-0.0009041605,-0.0029521564,-0.010808765,0.004360683,-0.0035994851
-0.006673961,0.017226905,-0.011408693,0.00044913,-0.0018924768,-0.0065957024,-5.9570186e-05,0.0077366084
0.0027171238,0.004183237,0.0043044295,0.0030623723,0.0051483475,0.00857641,0.007042274,0.004708082
0.00063625444,0.008978149,-0.00049908087,-0.0035361492,0.003160901,0.008241542,0.0015593814,-0.005304897
0.004491579,-0.006189485,-0.0064500826,0.003031319,-0.0010319616,-0.0014538369,-0.0038000615,-0.0052283052
0.0055053607,0.0013002309,0.00069584,0.008976773,0.00729517,0.0023235693,0.0073118783,-0.0006037538
0.0031032949,0.00056821364,0.0023374672,0.0019773738,0.0027440065,0.02594183,0.0060118386,0.0032624225
-0.002748033,-0.008929011,-0.0034100476,0.0017845265,-0.007410552,0.0067174667,-0.0010198302,-0.0018671378
-0.00024938092,0.0004098406,0.0005914168,-0.00020177668,-0.0012123683,0.0044423454,0.002239399,0.0025204525
5.008807e-05,0.002395017,-0.01218861,0.0030663155,-0.003293263,-0.007836189,-0.006961663,-0.005758184
-0.005076618,-0.008319093,0.012214181,0.011127193,0.009825192,0.017476879,0.0002306155,-0.0006037538
0.0035853977,-0.0051589673,-0.0010754371,0.000659348,0.0008640901,-0.0057520834,0.015877664,-0.0029259506
-0.0013092442,0.0038829967,-0.0057587996,0.0008315251,-0.010547425,-0.013922353,0.0041087,-0.0042930925
0.0006574937,-0.0046016225,0.0064051505,0.0010811051,-0.0057204138,0.0013726784,-0.0004347422,0.0077487454
-0.0007393372,0.009877259,0.012792969,-0.0022137547,-0.0025158892,-0.00093024696,-0.0008184721,-5.1695723e-05
-0.00041894364,-0.00026330352,-0.0027249819,-0.00026513598,0.0041435347,0.011282752,-0.005446217,0.0028798883
-0.010298359,-0.0074194395,-0.00093252,-0.000953549,0.007892524,8.358969e-05,-0.0040531815,-0.0019885637
0.010748136,-0.0025205396,0.0011350818,-0.003139303,0.0088722985,-0.0063986764,0.0003148591,-0.0022458497
0.0056063626,-0.00013375073,-0.0076161847,-0.0016698173,-0.0029073826,-0.0041729845,-0.012956244,-0.006118364
0.00021247144,0.0013539633,-0.007825045,0.011779504,0.0025940079,-0.011995363,-0.0031917864,0.0025881284
-0.0077170525,0.00401794,0.0028412205,0.0055659967,-0.00075651717,-0.006900772,0.0070212544,0.0022371446
-0.0013766254,-0.0068437085,-0.00866171,0.002445697,-0.0017483318,-0.0127705075,-0.0029379022,-0.0064964676
-0.00041248504,-0.0035758093,-0.0026475596,0.0030031453,0.0032044803,0.009461111,0.005959145,0.008151591
0.0120727755,-0.0072864783,-0.00071812747,-0.0002937575,-0.005955148,-0.013570117,0.007098541,-0.0057552797
0.0007797878,-0.0059407596,-0.008358134,-0.0024695168,-0.0019232675,0.005780368,0.0025578798,-0.0013761651
0.0033461372,0.0072189597,0.01023249,0.008303401,-0.0011794758,-0.009807918,-0.0038703154,0.001991176
-0.0005800162,0.007209876,-0.0095510045,0.00047406182,-0.0020437383,-0.015254879,0.008944612,-0.0031327335
-0.005249451,0.0022234134,0.008964258,0.002433897,0.0057736817,-0.021016989,0.0025733812,-0.005039199
-0.014051767,0.0029572775,0.011773681,0.0063557765,-0.0023808095,0.0076467264,-0.001257305,-0.003769642
-0.0035242576,0.0012711266,0.005220537,-0.0019261065,0.005350007,0.011325425,0.005287725,0.004550507
-0.00447051,0.0008290005,-0.003707147,0.010113335,-0.009365355,-0.0009161265,0.0049612913,-0.0055858716
0.0043429523,0.0015415872,-0.009613127,0.008063502,0.0071044066,-0.0116054835,0.009349148,-0.0041706264
-9.229993e-05,-0.001010808,-0.0118339155,0.0015497602,0.0027389496,-0.011503385,0.008061158,-0.0034413082
0.0023715405,-0.0016221307,0.0073788594,0.00057206635,0.0003966713,0.002787467,0.0017544335,0.008858718
0.003420924,-0.0022395025,0.00520831,0.005273248,0.0022188716,0.004592699,-0.00018310372,-0.008714298
-0.0067914147,0.0033639362,-0.0008920083,0.00096028554,0.0034152733,-0.004106792,0.007544767,-0.0020811216
-0.00285021,0.007596343,0.0018568446,0.0032090717,0.007179174,-0.0022205461,-0.011139581,0.005927278
0.004807386,0.011483413,0.004761623,0.0016167463,-0.0044932207,-0.004432714,-0.00022298144,0.0071818624
-0.0011381647,-0.0045516696,-0.0026555578,-0.007818373,0.009020748,0.013852275,0.002074535,0.0015080376
-0.0074792677,-0.0051327227,-0.00031394747,-0.0018849323,-0.005603322,-0.009810156,-0.013143269,0.0010352538
-0.0015193535,0.0021809954,-0.0057208166,0.0056251683,0.0073871478,-0.0029614095,-0.0014140594,-0.0127946865
-0.00012695031,-0.0054123187,0.0008603381,0.0071640634,0.0020973613,-0.0024380197,-0.0033975458,-0.006310474
-0.006380511,-0.004765215,-0.0068512945,0.0006183183,0.0019368138,-0.0059497706,0.007308135,-0.0018911518
-0.00541068,0.009752443,0.0018800867,-0.0019261065,-0.0009577019,-0.003917395,-0.004585347,-0.010060415
-0.0021546655,-0.010002031,-0.0047634672,0.0029709064,-0.0019114381,0.016726587,-0.008082276,-0.0047308956
-0.0006416517,-0.0068437085,0.011007516,0.005601608,0.004613137,0.0016683086,0.0007598391,-0.003758885
0.0031580054,0.00017575035,-0.004633489,0.003357482,0.00303709,0.012413101,0.009210257,0.0054758373
-0.005076618,-0.00027888408,-0.009483863,-0.0034424178,-0.005929977,-0.009933944,-0.0010630903,0.0001804868
0.00032548906,0.0032848835,0.009887699,-0.005760573,-0.0033061218,0.0131339915,-0.005306793,0.0018389147
0.001379831,-0.0023976595,0.011147819,-0.00030831678,0.0059448374,0.00043887692,-0.005640678,-0.0011612322
0.0045670867,0.005031854,-0.016089968,-0.0073207594,-0.0034144665,-0.00042750925,0.0010610753,0.0035835402
-0.00055152684,0.0100165345,-0.0018726366,0.005799229,0.0028821304,0.0007330426,0.0007553827,0.0064715473
0.005165677,0.0012964499,-0.0017423544,-0.0102658775,-0.00010492937,-0.006147219,0.00538324,0.0036328407
0.00068631175,-0.026186725,0.0051587466,-0.0037713023,-0.010246504,0.00253296,-0.015175268,0.005927278
0.0074164555,0.010369152,-0.0013313945,0.0030935279,0.010737777,-0.005936584,-0.0054369746,0.00017962286
0.004541901,-0.0032592856,-0.002500943,0.001195648,0.006095426,0.023732906,0.0029128566,0.0018389147
0.004541901,-0.007664443,0.0043539284,0.010326915,0.0039037438,0.014096849,-0.0045634406,0.0029545883
0.0001725379,-0.0016893642,-0.0017519705,-0.0035770324,-0.00033708828,0.009664111,0.018225206,-0.0047308956
-0.0012989738,-0.008411006,0.0044093532,0.0033909022,0.0027806547,0.0106431665,0.0034304452,-0.0021184892
-0.010469671,-0.0031892082,-0.0015242631,-0.012115085,-0.0019873937,-0.0017640921,0.0039034132,0.0012088693
-0.00537057,0.0037542696,-0.00093252,-0.0016157989,-0.0058042267,0.013965875,-0.011277534,0.0016300353
8.1144215e-05,0.004945173,0.008550016,-0.001803492,-0.0023008867,-0.0010519533,0.0054647783,0.008858718
-0.008324412,0.005951573,0.003102141,-0.001050208,-0.008851383,-0.015613364,-0.0026204244,-0.0042989487
-0.007195556,0.0047129095,-0.003707147,0.00077825907,-0.0041444995,-0.002444731,-0.0007818189,-0.004694559
0.0032445656,0.003388844,0.007054123,0.0031349894,0.0035730426,-0.0035315813,0.00039950392,-0.007843741
-0.008500687,0.010690689,0.013124021,0.001195648,-0.0052288943,-0.0010417593,0.0027732165,-0.002625125
-0.0025468885,0.0019448864,0.008384693,0.008764995,-0.0073427013,-0.0034778453,-0.00412686,-0.0036028437
0.0037193282,0.005545359,0.008631377,-0.00030831678,-0.006416328,-0.005214514,0.013548254,-0.003720324
0.0046849432,0.0018951416,-0.0024621664,-0.00089496403,-0.003436006,-0.0032776794,0.0047808476,-0.0042989487
0.0038442847,0.002532595,0.0034533825,-0.003421777,-0.000707015,0.0021568602,0.003424141,0.0075869034
-0.0056988136,-0.0032477016,-0.008391374,0.0023305586,-0.0069381255,-0.0017211288,-0.0022419314,-0.0078072743
-0.0004253869,0.004160885,-0.007054429,-0.00936778,-0.0010591502,0.008879524,-0.00681037,-0.0008230611
0.0018401763,0.0039973417,-0.0017423544,0.0010186428,0.0062675416,0.010735726,-0.0049991705,0.0029081462
-0.011458538,0.01088339,0.0073591163,0.0011661175,0.0010672964,0.000584546,-0.0005641752,0.0010854907
-0.006569392,0.0023587376,0.0028191714,-0.0031006888,0.006715306,0.008382097,0.0008636563,0.0016930135
-0.008099111,-0.0011418008,0.0073880884,-0.0015265398,0.003978742,-0.0071182605,-0.006759142,0.00836602
0.0049907975,-8.467445e-05,-0.014894032,-0.0013082284,0.0012983156,8.358969e-05,0.003037131,-0.004694559
-0.0037335611,-0.004013583,0.012982423,0.006449828,0.005056595,0.018488677,-0.0026673586,0.0056899134
-0.0025306263,-0.010461012,0.012623957,-0.0010245875,0.0008224136,0.00061785476,-7.1392395e-05,-0.0013906164
0.0031803353,0.004510374,0.012586099,-0.0034719184,-0.0011323385,0.016386237,0.0063898275,0.00583538
0.00422547,-0.00012252253,0.010165462,-0.0046630874,0.002357148,0.0044423454,0.001503733,0.0017743183
-0.005192022,0.007483188,0.009566221,0.0063873976,-0.005837899,0.0024726172,-0.002101473,0.008262544
0.00787841,0.020648051,0.004960974,0.0053475415,0.0028913906,-0.0022517215,-0.0028547132,0.00652159
-0.00024041833,-0.002369675,0.0043492923,0.004873519,0.0034574717,0.0018616263,0.005882694,0.0012035652
0.001092976,-0.0016099697,0.0024419967,-0.011783686,1.1709111e-05,-0.007232029,0.009517148,0.0023698108
0.0006643145,0.00830359,0.009842564,-0.0036361606,0.00078747596,0.0012590832,-0.010914618,0.0058059352
-0.00023618429,-0.002126359,-0.007054429,-0.0020676902,0.0034275278,0.0059737293,-0.0045188507,-0.0032488268
0.0014072215,0.014007366,0.0159741,0.0004230378,0.00030189747,0.0027037328,-0.0022789128,-0.0069459477
-0.005278975,-0.00088427175,0.014010711,0.010160195,-0.0040853578,0.011860649,0.007889396,-0.0002689339
-0.007806072,0.007459138,0.0024530152,0.0043787924,0.0027806547,0.005475159,0.0049353074,-0.002361965
0.0026945772,-0.0027978462,0.006879418,0.014172322,-0.0033292626,-0.01679666,0.0029230365,-9.449002e-06
-0.0072959736,-0.00090808305,-0.010743143,-9.280784e-05,0.0060764914,-0.00093024696,0.012574331,0.0028311678
-0.0034596743,0.0015487112,0.005220537,-0.00400261,-0.0070090676,-0.008593417,0.0076487972,0.005770658
0.0040383707,0.007737132,0.014182888,-0.006144527,0.001932798,0.0041237683,-0.008310066,-0.014060895
-0.0023339668,0.004945173,-0.012166072,0.0049109613,0.002935147,0.0013034845,-0.0071172193,-0.0014969289
0.006364957,-0.0037975188,0.009535147,-0.0056485585,0.0034642874,0.0043605585,0.007169481,0.001431426
-0.0041253255,0.015168892,-0.0037480502,-0.0023890433,0.006715306,-0.002734779,-0.0054603918,0.001027916
-0.0051036305,-0.010907527,0.0041133557,0.005601608,0.00046808057,0.004024128,-0.0036018274,-0.0011585079
0.0012811276,-0.0051783645,-0.0046041775,-0.0029872686,-0.0035270369,0.0050971997,0.0086647775,0.0057255584
0.0043429523,-0.009171901,0.00520831,-0.0015461064,-0.006375856,0.0040022386,-0.012565751,-0.0040400284
-0.002580875,0.0025006046,0.0053181355,-0.0053447494,0.0013935163,-0.009099798,-0.007403572,0.0038415024
0.003807229,-0.0062356777,-0.0033627674,0.0018416295,0.002414624,0.0046789153,-0.008689554,0.0014403883
0.0045340494,-0.0019437831,0.0077127847,0.0015990001,-0.0066010496,-0.004166357,0.005178204,-0.0053206375
-0.0066546574,-0.007199206,0.005220537,0.004924788,0.0064010117,0.020070596,-0.0009243343,-0.005410725
-0.0014468796,0.0074431617,-0.0055439556,-0.0033121365,0.0029232868,0.009815788,0.003557499,0.0019635167
0.0011513385,0.0025147516,-0.00061198,0.004566211,0.0033621525,0.005120418,-0.000574301,-0.0052636443
0.0020342597,-0.008175941,0.0055713537,0.0014413962,0.003994149,-0.009933944,0.00925649,-0.009010772
0.0033461372,-0.004002296,-0.0049451594,0.0043512713,0.005943846,0.01055785,0.0089442935,0.0050503807
0.001491086,0.0006412128,0.0025412233,-0.0025531228,0.0037221115,0.00086274603,0.0015616771,0.0014693169
0.00656569,-0.008319093,-0.00506694,0.00077825907,0.0016998011,0.0074710404,-0.0052254396,-0.006813931
0.008465153,0.007817662,0.0026112488,0.005027369,-0.00600489,0.0016851341,0.0039988505,0.0045611165
0.0031023205,-0.005880658,-0.0082249325,0.009166117,0.005056595,-0.0076141744,0.006588211,0.011954697
-0.0024398337,0.0053140093,0.014631273,-0.0027662304,-0.0033268775,0.004166388,0.010023506,-0.01091192
-0.0011445634,0.00375778,0.0075981263,-0.006205949,0.008540711,0.0076772757,-0.008562256,-0.0068646227
-0.0015193535,0.0020980034,0.004480766,0.00464813,-0.0050644046,-0.011026069,-0.00797262,0.0041421186
-0.0017923856,-0.00013375073,-0.010347408,-0.009329925,0.0027389496,-0.0029492232,0.0033528549,0.0015209856
-0.0033753205,0.0028830934,-0.0034471166,0.0009260208,0.005350007,0.00058987737,-0.0110757565,0.0036328407
-0.0011381647,-0.00039049145,0.014266601,-0.0011984285,0.00021854654,-0.013175342,-0.0005711068,0.005677162
-0.003060692,0.0032848835,-0.0031615961,0.00041278868,0.0025103819,-0.0024149988,0.0021842648,-0.0074909935
0.00040526595,-0.006014511,-0.009556775,-0.0026224873,-0.0049849097,-0.0022521005,-0.00019647038,0.0058059352
0.0024560273,0.010927864,0.003102141,0.0015726043,0.005581039,-0.0077993195,-0.0031363876,-0.006188633
0.004072698,0.012617153,0.0039439104,-0.0033416697,0.0057552936,-0.00784272,-0.00059189275,0.0037544195
-0.0090164,-0.0016893642,-0.010098463,-0.0053447494,0.0010389616,0.015718265,0.004524242,-0.0036193249
-0.005654455,0.008356608,0.002609454,0.0044538784,-0.0044964207,-0.0006293236,-0.0022660294,-0.0015629038
-0.0019391233,0.009482089,0.010982773,-0.0038949924,-0.005603322,0.0015739128,0.0028640688,-0.0023993913
0.0045732516,-0.008467305,0.0011947482,8.379079e-05,-0.0017519472,-0.0040816288,-0.0036439067,-0.00400499
-0.002748033,0.0009743551,0.00071068574,0.00083897624,0.007022285,0.0031819115,-0.009555895,-0.0069459477
-0.00090052746,0.008717846,0.002522624,-0.0019283014,0.0018060715,-0.0040931264,-0.0010311158,0.0031119292
0.008010025,0.0024716053,-0.0023142188,0.008063502,-0.0018625588,-0.0022205461,-0.011222042,-0.0016571704
0.0013881214,0.007418474,-0.011049446,0.0060248813,-0.0051985094,-0.010244291,-0.001118469,0.0023576124
0.006326203,0.0068182047,0.0072234743,0.0059777885,0.0054001817,0.0035077631,0.0026938627,-0.00042947178
0.007618479,0.00025807356,0.0053181355,-0.0016572822,-0.00028587517,-0.008813539,0.0057180175,0.001612516
0.0018104529,0.0011853622,0.0009920727,-0.010062656,-0.00468018,-0.0047108545,0.00055097893,-0.0045285877
-0.0037064254,0.0003706729,-0.019698286,0.0044538784,0.002133672,0.007515484,-0.018694418,0.0014780303
-0.004237939,-0.0011575271,0.0034490183,-0.0048280903,-0.007544014,-0.003559851,0.0038614667,0.006362405
0.0037431137,0.0015415872,-0.0068512945,-0.0028897526,-0.001629133,-0.0057246434,-0.0051392396,0.0020262373
0.0030866077,-0.0051589673,-0.0011032248,-0.0035897093,-0.0032715534,-0.009465449,-0.0067670606,0.0016357022
-0.001883869,-0.0025205396,0.0043018605,0.008632508,0.004172473,-0.010244291,-0.0038314932,0.001027916
0.0043794117,-0.0030247166,-0.009178866,-0.0003702586,-0.0013169968,-0.007555636,0.008804338,0.004304596
0.00035045604,-0.010941142,0.014204467,0.010877737,0.0020973613,0.005106815,-0.008654247,-0.011108998
0.0035224247,0.0057826275,-0.0013134107,-0.0037237783,-0.00094717846,-0.0029614095,0.011155059,0.0023526372
0.0042383936,0.004183237,-0.014894032,-0.0032594316,0.0040472425,0.015177219,-0.009659382,0.0002493739
-0.0013421295,0.005933259,-0.001329648,0.005906772,-0.0034738474,0.006083751,0.0026004585,0.0045611165
-0.0005800162,9.0846326e-05,-0.0037879578,-0.011466558,-0.0019232675,-0.0049457573,0.006267779,-0.0043692007
-0.00285021,-0.0014690552,0.0027153254,0.002895971,-0.00020859066,-0.010398392,-0.013627608,0.0010487492
-0.0032425516,0.0020121383,0.0016655447,0.0012042525,0.001144672,-0.0053858617,0.010985696,0.0050915275
-0.0005966597,0.0016673747,0.016792629,0.004261445,-0.0029521564,0.009145704,0.0031682013,-0.0015629038
0.0008414377,-0.0129170185,-0.0023222854,-0.007031854,0.0062675416,-0.0057135923,0.002801478,0.005202574
0.0040977295,0.0028077275,0.002609454,-0.0034978157,-5.220645e-05,-0.006590203,-0.013667342,-0.0025869948
0.005074486,1.6145641e-05,0.011773681,0.0012628936,0.0070658657,0.008376797,0.0024681524,-0.004059857
-0.0028648914,0.006282717,0.0009998302,0.00044913,-0.0032094766,0.0055912607,0.0017969559,-0.006109642
0.001066903,-0.007994859,0.0015914707,0.0009775155,0.0054001817,2.963934e-06,0.00012682757,0.010118579
0.003555035,-0.0126434,0.005388083,-0.001089267,0.007206069,0.0061579845,-0.007691022,0.0005504151
0.0041125044,-0.02104413,-0.0074654347,0.0032648318,-0.0010513474,0.0027781855,-0.0049019717,0.008114495
0.0023732365,-0.008948234,0.0023610967,0.0042658956,0.0002835538,-0.010561305,0.0012754701,-0.0021453009
-0.007323234,-0.0051854276,-0.002985966,0.005799229,-0.005963981,-0.009874606,0.011375469,0.00031802777
0.013490384,0.00017575035,0.006895441,-0.0019792204,-0.0026933046,0.010312035,0.008275037,0.0030630783
0.0031099096,-0.002572647,-0.0066183787,-0.0015477859,0.0010148895,0.004166388,-0.0076396815,0.007247236
-0.0010723553,0.0032838788,0.0016082854,0.011610267,0.003418961,-0.0036186706,0.0057602497,0.0029081462
0.0041125044,-0.001848987,-0.008010307,0.009165562,-0.0012151767,0.0070024217,0.012353444,-0.0016539012
-0.0013911037,0.005456817,-0.002491213,0.002100009,0.0019454728,-0.0043682517,0.00893661,0.0084901685
0.00040526595,0.0041658534,0.0021632265,0.009211144,0.007440485,-0.001225906,0.0034476114,-0.0013930617
0.011009167,0.0011853622,0.010676725,0.0010628508,0.0057225106,0.007651779,0.008414586,-0.0032139225
-0.0013762779,0.0027200035,-0.001532329,-0.0005109538,0.0002753813,0.0075103785,0.00026412494,-0.00032010686
0.0046757055,0.014209099,0.012174346,0.0057286546,0.00024325389,0.0020415634,-0.0019913418,-0.002103138
0.011232624,0.0033057807,0.013630597,0.00096028554,-0.003436006,-0.0007677677,0.0030533075,-0.004241303
0.002687343,-0.00046096707,0.0035012504,0.01012975,-0.00020859066,-0.0065974095,0.0041874084,-9.449002e-06
0.0014271094,0.0074431617,0.020068148,0.008827371,0.004892806,-0.0103939185,0.0017896025,-0.0017379052
-0.004927787,-0.0029876672,0.008199755,0.010877737,0.0019368138,0.013036476,0.013612866,-0.00084588956
0.0037589793,-0.008929011,-0.005611822,-0.0016498228,-0.0040960354,0.0046789153,0.0104341665,0.0016300353
-0.0011445634,0.009037793,-0.00530296,-0.0030563262,-0.009178237,0.0076467264,-0.011180317,-0.006972775
-0.0011381647,0.0022662845,0.004960974,-0.0058091055,-0.0017329543,0.0058307336,-0.00945012,-0.00459335
-0.0082094595,0.0029682803,0.00022673327,0.0016776909,-0.0050644046,-6.5256376e-05,-0.015660234,0.0052634734
0.005761249,0.0012964499,0.0016564098,-0.009386026,0.0002632649,0.0075382693,-0.00027611933,0.0032624225
-0.00041894364,-0.006807576,0.0044093532,0.00057206635,-0.00017074004,-0.0058367634,-0.009323029,-0.005039199
-0.0058194185,-0.0044144746,-0.018361462,0.00033589924,0.005779064,-0.01514513,-0.0025604377,-0.0018539461
0.0049663642,0.00033491105,6.497861e-05,-0.009907848,0.014299985,0.0028023128,0.01054607,-0.00046617485
-0.0065813283,3.826944e-05,3.0149939e-05,-0.0021799786,-0.005299699,-0.012321558,-0.011039048,-0.008132032
0.002805913,-0.004013583,0.008804074,-0.0042880555,-0.0017889324,0.005120418,-0.004158394,0.0045328117
0.0044249943,-0.0068437085,0.0076314057,0.0019126053,-0.0009899522,0.009673599,-0.0147247175,-0.0016851859
0.0021384794,-0.004765215,0.002354859,0.000614475,-0.0069381255,-0.003383723,-0.004105827,-0.000927792
-0.005192022,-0.01153713,0.012504077,0.011610267,0.0057764435,-0.011290104,-0.009867736,0.0014964659
-0.004746318,0.002211954,0.0102171935,0.005727759,0.005249665,0.0044423454,0.01429458,0.0070635285
-0.005691373,-0.012440078,-0.0037958843,-0.00036413042,-0.0021018705,-0.0076184436,0.0027802465,-0.0045707575
-0.0012762499,-0.014994424,0.013941953,-0.0022523066,0.0033245822,0.012787472,-0.00051510835,-0.0031327335
0.005004623,0.010927864,-0.016373796,0.0019773738,-0.0018625588,0.00018416159,-0.008149434,0.00024162063
-0.0053278105,-0.003568037,-0.0013756386,-0.0018253312,-0.0019417019,-0.011466289,0.0012144499,-0.0040400284
0.0033800097,0.011633819,-0.0027249819,-0.00025004215,0.0016998011,-0.002203828,-0.0013623259,0.007358417
0.0019066695,-0.0028093304,-0.0016547265,0.0014808931,-0.0042576254,0.0046789153,-0.0025436028,-0.005410725
-0.0043289806,-0.0051854276,-0.0018249804,0.009419472,-0.005963981,0.017476879,0.0028062812,-0.0032446922
0.002731452,0.010742543,0.0013965712,0.002950968,-0.0036892113,-0.002351381,0.0100635225,0.006769368
0.0010427531,0.014197978,0.00256356,0.0015778884,-0.008753919,0.012834787,0.00083592767,-0.005069045
0.011009167,0.010690689,0.0018783644,0.0008465924,0.0064672814,0.0012419831,0.0014974729,-0.0026453352
-0.003886176,-0.008411006,0.0060127527,0.0033294798,-0.0034144665,-0.013133736,-0.0020687534,0.0075816107
0.0009471314,0.0020461364,-0.00071812747,0.0010811051,-0.003351889,-0.0029175503,0.001228021,-0.0052285115
0.00031338423,0.0016630911,0.003052597,0.005797293,0.004493308,-0.01885382,0.0043125628,0.0014311092
-0.007437197,-0.004765215,0.013480782,0.001596122,-0.007575197,0.0082433885,0.0043924334,0.0015209856
-0.004669331,0.010847885,0.0075981263,0.002445697,0.00063099776,0.003316898,-0.0021202285,0.00062696857
0.0005111818,-0.0016221307,0.0073275166,-0.0006946736,-0.005467208,-0.014390096,0.0070598894,-0.003206822
-0.00018401531,-0.008965565,0.009324444,0.002557033,-0.005581326,-0.007881615,-0.006521589,0.003048203
-0.0074792677,0.0042860876,-0.0068512945,-0.0038949924,-0.0014879836,-0.0071760416,0.010176533,-0.0045285877
-0.0009378147,0.0056558754,-0.00541283,0.0005802895,-0.0050644046,-0.008813539,-0.0036914712,0.0035651263
-0.0029586467,0.0050503258,-0.0017995024,8.8334054e-05,-0.007410552,0.0035588122,0.0009277004,-0.0038833173
0.008021367,-0.003953302,0.012599399,-0.003040507,-0.0071719736,-0.008689322,0.00058025215,0.0070635285
0.0040461,-0.0047618956,-0.008134885,-0.0008696628,-0.002207451,-0.008187412,0.004378148,0.0013230669
0.0066673886,0.003553492,-0.006559643,-0.0031968637,0.00010383679,-0.01050383,0.002622731,0.0006660541
-0.006653159,0.015168892,0.0057397406,-0.0017595054,-0.001815716,0.012176186,-0.0024345382,-0.00010160048
0.0049534654,-0.0047280495,0.016519789,-0.0039488235,-0.00011807365,0.0042923703,0.0023491546,0.00064076536
-0.0036950228,-0.0010387166,0.0022456436,-0.0025836788,0.00053884165,-0.00037018943,0.0033212928,8.5330845e-05
-0.008730534,0.0030068827,0.014266601,-0.015505127,-0.008957759,0.0052787866,0.009877872,0.0023158276
-0.0019941358,0.00026744697,-0.0056698276,0.0064510023,0.0022020792,-0.00907786,-0.020602508,0.0072024968
-0.005076618,0.0014638973,-0.0031766896,-0.008188012,0.004939355,0.0060946867,0.0033954415,-0.0019885637
0.0013958786,0.006800756,-0.0068915477,-0.0049480353,-0.005955148,0.008879524,-0.01407125,0.0024128864
-0.0028259465,0.004322475,0.0004220421,-0.0038644474,-0.008931162,0.011531234,-0.00658763,-0.00026072894
-0.00039083633,0.0081271585,-0.0010321821,-0.0035403788,-0.008200306,-0.0047613205,-0.005903303,0.00066916604
-0.009322694,-0.005165143,-0.0046041775,-0.0007308357,-0.00876518,-0.0048726425,-0.0033241338,0.0023925905
-0.009025688,0.0021009718,-0.00026560857,0.006582582,0.0048605786,0.013005568,-0.0038252126,0.005770658
-0.00018083397,-8.568168e-06,0.013480782,-0.001050208,0.0036523736,0.0007098289,0.0075701787,0.011674555
0.0030684453,0.0073166657,0.009887699,0.006381881,-0.008112333,0.0028424258,0.011466365,0.005663512
-0.00039083633,-0.00086846424,0.012722544,0.006507634,-0.003392888,-0.0004279358,0.0061339703,0.0019747198
0.00027699195,-0.00050101033,0.008256062,0.0040851925,-0.0011794758,0.0017473565,0.009597813,0.0028311678
-0.00044236446,-0.0051854276,0.0033988752,0.0048862356,-0.0010513474,0.00035310606,-0.005855026,0.008865913
0.008293894,-0.0031534818,-0.0027160526,-0.0065919184,0.00030189747,0.019233817,0.008105948,-0.0014037085
0.0020029698,-0.007199206,-0.009415295,0.00859276,0.0027166973,0.0076338686,-0.007580664,0.0063689165
-0.0021358833,-0.005866031,-0.0012968783,0.0014155075,0.002741847,0.013005568,0.0075888867,0.0006958603
0.0019066695,0.0028260606,-0.010740586,0.00047406182,0.0010389616,-0.006752861,5.5233482e-05,-0.0008230611
-0.00053964433,-0.0043997555,0.003888073,-0.004724482,-0.003392888,-0.019709848,0.00015265396,0.0016982371
-0.003069691,-0.005134616,0.00051762967,-0.0048324997,-0.013930777,0.0035241402,-0.006424355,0.00522661
0.00039450536,-0.0025695565,0.007062315,-0.0018809842,-0.000564242,-0.0103939185,-0.0051438073,0.010381772
0.0057858787,0.0031957163,-0.005611822,0.0067492793,-0.0003406019,-0.00050054287,-0.0077647874,-0.0072919824
0.006658988,0.011630269,0.0070320703,-0.0054987306,0.0010148895,-0.0020402223,0.0072975215,-0.0013098911
0.0006857414,0.006369575,0.016960047,0.0050162626,0.0028913906,0.009664111,-0.0034283046,-0.006813931
-0.004568554,0.0077659525,-0.011103691,0.00039562862,0.0037984783,0.008482495,0.0059476583,-0.0018671378
0.002805913,-0.012768445,0.0043539284,0.009559908,0.0010672964,0.0007224879,0.00075310154,-0.000950664
-0.0039809537,0.0029142639,0.008256856,0.008303401,0.00729517,0.009145704,0.015003154,0.0008126866
-0.003159235,-0.0021022921,-0.0019222323,0.0012628936,-0.0011783212,-0.005795593,0.0057204375,0.0028855377
0.0006636315,0.0041699577,-0.0046962374,-0.0016207872,0.0063350997,-0.0093986895,0.0004713455,-0.006310474
-0.006713535,-0.004002296,0.0056815096,-0.0054582516,0.004172473,0.0033868032,0.00035046402,0.0041299765
0.002573848,0.004160885,0.007833095,-0.005285402,0.0015973696,-0.0009161265,-0.011243544,0.0072872853
0.002470985,-0.008610518,-0.00866171,0.009211144,0.0022734182,-0.0033811722,0.00061642565,-0.004853572
-0.006114326,0.009602322,0.0053493,-0.00021787327,0.007935118,-0.0035315813,0.01551849,-0.0025555065
-0.0057107317,-0.0014230795,-0.019698286,-0.0058303718,-0.004331973,0.010597755,-0.0052700555,0.0022402648
0.0011195522,0.010701787,0.004087135,0.0032736673,-0.00445839,-0.011742159,-0.009818103,0.00837088
-0.004655496,-0.0003575747,-0.0052707815,0.006075142,-0.0040853578,0.00080868625,0.009367971,-0.007020097
0.0033933185,-0.0059106294,0.012792969,0.005601608,0.007978386,0.009804716,-0.005703363,-0.002916794
0.0018725116,0.014631981,-0.0074471855,0.0052797375,-0.0026440956,0.0075147646,0.0070748515,0.0019747198
-0.00034990284,-0.00987479,0.006458002,-0.013680579,0.0025584057,-0.012851384,0.0021821507,-0.0015481865
0.007561243,0.006937797,-0.0058226157,-0.0023269271,0.0070038578,-0.002596571,-0.023814145,0.0010854907
-0.00024195039,0.0029401744,0.0089169815,-0.0053447494,0.009777782,0.0067800977,-0.0020106416,-0.00015359862
-0.0081121465,-0.012547445,-0.00073346053,0.000659348,-0.0026440956,0.0031742451,-0.0069985786,0.001975846
-0.00041248504,0.009580857,-0.011279089,-0.0032395455,-0.0015370655,-0.0071760416,0.004854799,-0.0049782894
0.0002325873,-0.0010647371,0.003888073,-0.0006088983,-0.0033268775,0.0010275692,-0.0068111285,0.005408581
-0.00096415647,-0.0027044392,0.012622056,0.0057447935,-0.0021018705,0.0066714613,0.0057564066,0.00017962286
-0.0016663879,0.005545359,-0.009495849,-0.00045002243,-0.006388554,0.0006816257,0.005813009,-0.0127946865
-0.00169831,-0.013010884,0.0061339876,-0.002257339,-0.0012687321,-0.012671912,-0.006055614,-0.007426769
0.00068592746,0.00280605,0.0043648398,0.0022539266,-0.0050070784,-0.0044590333,-0.003957703,-0.0017090504
-0.0065813283,0.00017575035,-0.0049411077,0.0018145534,-0.005765192,0.0023654494,-0.0071364967,0.006289483
-0.0039809537,0.0073166657,0.00079143525,-0.008072752,-0.00017805696,-0.00049126294,0.008266814,-0.004118353
-0.00064428395,0.0107920915,0.0009001959,0.0003151939,0.00010383679,-0.0049457573,-0.008035821,0.00027527075
0.006743494,0.019337645,-0.0010401034,-0.0038644474,-0.006204963,-0.004674402,0.009691202,0.0012108234
0.0014125577,-0.0003892728,-0.0032447984,-0.00071696035,-0.0015855071,0.00488826,0.0019737338,0.0030039416
-0.0019710832,0.00036085467,-0.0071416954,-0.0015352783,-0.006408875,-0.0049681743,-0.007125864,-0.0016372746
0.011554186,0.0046047675,-0.0049366485,0.0032365485,-0.00065955333,0.0053067543,-0.015602563,-0.0054693744
0.0072343564,-0.008175941,-0.007865826,0.00464813,0.00292309,0.007827692,0.012717377,-0.0066821817
0.002805913,-0.0019437831,-0.00061198,-0.011783686,-0.006204963,-0.0022517215,-0.0005504992,-0.011392838
-0.0013911037,0.01058808,0.0038654462,0.0006261236,-0.005544189,-0.00071266835,-0.01361756,-0.00015034976
0.0049679815,-0.007329615,-0.000691453,0.0030935279,0.009787381,-0.014761094,-0.0009754725,-0.0061458317
-0.0016425955,3.826944e-05,-0.0074643004,-0.0017595054,0.0026045432,0.0072311144,-0.003178652,0.004852147
0.0024953638,-0.010340336,-0.0040506064,0.0022836693,-0.0006448135,-0.0018585061,0.003510476,0.00064076536
-0.0048645204,-0.0072864783,0.008018148,-0.0054987306,0.009274272,0.009673599,0.0036378615,0.0024128864
-0.0043289806,0.0041699577,0.014505284,-0.000785262,0.0034574717,0.0012590832,-0.0112854745,-0.0002932786
-0.005947307,-0.00028559286,0.0041964552,0.008693669,0.008409849,0.014514112,0.005763591,-0.003259989
-0.0029196371,0.010731038,-0.015884843,-0.0067645856,-0.0056016836,-0.006859333,0.016141431,0.008124526
0.004846935,-0.0064724367,0.012792969,-0.00773825,-0.002846734,-0.015074531,0.0055469507,-0.002030662
-0.0037064254,0.0033639362,-0.010127615,-0.006926409,-0.008957759,-0.0039045438,-0.003397462,0.005770658
-0.0018961786,-0.0043418305,0.015326412,-0.00480236,-0.0034738474,0.0014784504,-0.013261994,-0.0038630103
-0.0049614077,-0.0057674004,-0.005884603,-0.008434617,0.00322318,0.0116262315,-0.011357852,0.0023054695
-0.0021135898,0.010050259,-0.0058529284,0.004924788,0.000722332,0.006620003,-0.00039844215,-0.0048466693
0.0076502697,-0.0014690552,-0.0012801932,0.0027866396,-0.00072472513,-0.017362053,0.005978527,0.0052634734
-0.00383609,0.0021506664,-0.007211501,-0.014088914,0.00019296812,-0.010014682,-0.0029153633,-0.0048466693
-0.003373686,-0.0014097614,-0.0037848612,-0.0024469362,0.0016639719,-0.013175342,-0.007458614,-0.00459335
0.002833178,0.005951573,-0.0034454037,0.0022782038,0.004577325,0.0008528981,-4.3249223e-05,-0.005337781
0.0013224288,0.014007366,-0.009786341,0.003871536,0.005568498,0.01374552,0.007693062,0.007819903
-0.0012256679,-0.0010387166,0.009706249,0.005131586,-0.0036892113,-0.010561305,0.0052002873,0.002150138
4.1073625e-05,-0.015506462,0.0033148434,-0.0011984285,0.004461607,-0.0077993195,0.008723369,0.0037544195
0.0033391367,0.0023202715,0.0053181355,-0.0025793314,-0.00020859066,-0.00016403547,-7.192022e-06,-0.009463653
-0.0053278105,0.0042860876,-0.009814133,-0.0040918053,-0.006204963,0.0008528981,-0.008453974,-0.00058832363
-0.00187227,0.00040809484,-0.019376166,0.0039113536,-0.0011807831,0.0008914659,-0.0094195325,0.0068730735
0.0023949135,-0.0099339485,-0.016373796,-0.0007786658,-0.0012407308,-0.0099771265,0.003574798,-0.0036307846
-0.0039066253,-0.004615246,-0.011049446,-0.0028560152,0.005675825,-0.0019436411,0.0057704234,0.0053520733
0.0076502697,-0.00086846424,0.004086235,0.001621187,0.000722332,0.0023605952,0.00023417501,0.0008126866
-0.0074894475,-0.00789411,0.008018148,0.0022539266,0.007536792,-0.010671746,-0.0044077015,0.007664941
0.0014072215,0.005951573,0.008256062,0.0006968198,-0.0043186233,0.008265226,0.0045093717,0.007674269
-0.00085324305,0.0054184794,-0.0047992165,-0.0034719184,0.00020271208,0.00046695874,0.013276079,0.00836602
-0.0007636512,-0.003326253,0.010737466,-0.0008094229,-0.005367876,-0.00050054287,-0.0003259997,-0.004008455
0.002433461,0.00071567844,-0.005611822,0.0029282356,0.00069208635,-0.007121799,0.002354201,0.004742098
-0.011712982,0.0060026436,-0.003938301,0.0048304303,-0.0009416761,0.008700935,0.0053010294,0.00048188638
0.0005867708,0.0026548284,0.002546798,-0.000661472,-0.0018933984,0.0014644647,0.0061935876,0.009524655
-0.00519482,-0.0047618956,0.008833847,0.00042585024,-0.010728906,-0.0025945734,0.00050463085,0.0057255584
-0.008168395,-0.010278477,0.0047138333,0.005771291,-0.0037940785,0.006259017,-0.002504592,0.0013174991
0.0031580054,0.010830676,0.0077127847,0.0026017134,0.0059802146,0.008700935,0.0062844423,-0.0051513035
0.007647447,0.00040809484,0.012792969,0.0055169985,-0.0002288497,0.011758792,0.010222817,0.005580868
-0.004758268,0.013986152,-0.003821878,0.0065829987,0.0014194476,-0.001687598,0.010241392,0.00014933654
0.0072343564,0.005545359,-0.0047634672,-0.0034978157,-0.008657875,0.0009350958,0.0119194295,0.008865913
0.0043794117,0.0036065718,-0.00506694,-0.00675299,0.00021854654,0.0023605952,-0.0037363023,0.00015521556
0.010142613,0.00461819,-0.0034100476,0.0006183183,-0.0045632226,0.02439018,-0.015034796,-0.0033286589
0.0030154681,0.0019471551,0.0022249122,0.00033600687,0.00040194864,0.009145704,0.0029082303,-0.014060895
-0.003886176,0.005874646,-0.011795751,-0.0049480353,0.0048168795,-0.007232029,0.0022688021,-0.0068533695
-0.0019255741,-0.0046016225,0.0038229288,0.004596481,-0.010893261,-0.007396879,-0.0077302777,0.008154148
0.0120727755,0.0042916997,-0.009073554,0.0030222663,-0.0037627127,-0.01822419,-0.0010405825,0.002353525
-0.006128337,-0.0038044332,-0.001776024,0.00084381347,0.0016754889,-0.010048743,-0.005572904,0.0037904796
0.0009425421,-0.0002490729,-0.002888565,0.0043787924,-0.0030635542,0.0113298455,-0.0017066178,0.0072381734
0.006861742,-0.014994424,0.0030751897,0.011779266,-0.00091698143,0.021229586,0.0022182418,-0.0039494177
0.0038889863,-0.0008660932,-0.0039158217,-0.011859333,0.0034692117,-0.00071097404,0.014259671,0.0004841833
-0.002076003,-0.0063968473,0.0023542917,0.0071346425,-0.0016911423,0.011897901,-0.018668035,0.0042212554
-0.0051473468,-0.0033593094,0.0007473775,-0.0011425648,-0.00092747726,-0.014754764,0.0106611345,0.0072381734
-0.007813228,-0.00088427175,0.0012466165,-0.0022262568,-0.0005233571,0.01254339,0.0018608286,0.00014980792
-0.008500687,0.0029682803,0.011007516,-0.007186031,-0.006132576,0.0065095825,-0.0042445054,0.0016061366
0.0042551323,-0.004011766,0.0016921695,0.005715015,7.609569e-05,0.01311518,-0.0126697235,4.982268e-05
0.0018867571,-0.0037975188,-0.0061834324,0.0069153393,-0.0045984257,-0.0051297406,0.008782253,-5.407112e-05
-0.0060648406,-0.00050101033,-0.004104884,0.002611389,0.004886081,0.008700935,0.010687066,-0.0045707575
-0.003500187,0.00280605,0.011140527,0.0010931637,0.004939355,-0.006590203,0.0039969664,-0.0047308956
-0.0066163014,0.013922319,0.008964258,0.004112235,-0.007544014,0.0046880315,0.0008859979,0.0024377648
5.806322e-05,0.0019864566,0.004086235,0.009598512,0.0024439143,0.0013879375,0.0046439525,0.00029344496
-0.0050612455,-0.0009900907,0.0025199966,0.0032388659,0.0020372376,-0.0010200534,0.006164383,0.0127670895
0.0055078524,-0.0035668025,-0.013019204,0.0015930178,0.00015023554,0.0014644647,0.010766884,0.0015209856
0.0035224247,-0.0074344967,-0.0067998203,-0.0070249606,0.0008640901,-0.007881615,0.002884414,-0.010811129
0.003085816,-0.0023995414,-0.007027293,-0.0017167015,-0.005110039,0.0035077631,-0.008404086,-0.001552208
0.0005809439,-0.0016221307,-0.0074654347,-0.005285402,-0.0024430624,-0.0033909017,0.00041855685,-0.0010094371
0.0014143083,-0.005985067,-0.0047773416,0.0042811413,-0.000113334776,0.008081641,-0.010840456,0.005927278
-0.00038451172,-0.008797473,4.2367028e-05,-0.0024655033,0.006868754,-0.0039859237,-0.0011546914,0.0018389147
-0.0023339668,0.0015415872,-0.009400763,-0.0036315236,0.0010676754,0.011826462,-0.01125758,-0.00306179
-0.0072638798,0.0031957163,-0.009786341,0.014172322,0.0024853311,-0.0041222232,-0.008987678,-0.001906863
0.0018368087,0.0019738316,-0.003938301,-0.012652103,0.0020079855,0.013005568,0.008304613,0.00068239454
5.008807e-05,-0.00074690813,-0.008688067,0.010125386,-0.004171989,-0.0077050333,-0.010233743,0.002490477
0.0004592683,0.0039843586,0.0005914168,0.009211144,-0.0007490026,0.015812492,0.017445203,-0.005927001
0.0065418524,-0.0051327227,0.00097387144,-0.0023269271,0.0045042555,0.014303596,0.008697638,0.0023158276
-0.0034682027,-0.0031892082,-0.0046308856,5.874667e-05,0.006471413,-0.0093986895,-0.009163066,-0.0049800994
-0.0011507361,0.0029401744,-0.013615217,0.004313342,0.004461607,0.011674957,-0.001483141,-0.011810282
0.006138325,-0.0014097614,0.012982423,-0.0077201966,0.0027001915,-0.008799807,0.0066426797,0.00048188638
-0.009281549,-0.012262039,0.0039781146,0.006541465,0.0020747725,0.005729587,-0.008474103,0.00017679839
0.004808589,-0.008310229,0.008833847,0.011599495,0.001435024,-0.0017640921,0.0062183584,-0.0038824554
0.0058757477,0.0022539205,-0.00047802043,-0.00022610878,-0.0063458905,0.0005413005,0.011178834,-0.002400152
-0.0005041679,-0.010667649,0.003287227,0.006507634,0.0025103819,0.0017473565,0.0072169565,-0.0053281635
0.0033800097,0.0010867193,-0.009073554,-0.0037713023,0.0027806547,0.002216169,0.0049915155,-0.0076828757
0.004491579,0.010690689,0.0016921695,-0.0051421854,0.0010148895,0.0027520729,-0.008518423,0.0015451605
0.006138325,0.005208981,0.0085909385,0.00070717116,-0.0043186233,0.0060946867,-0.008479722,0.004118557
-0.0014383957,-0.010732977,-0.001776024,2.4833376e-05,-0.0011323385,-0.014754764,0.0030002713,-0.0011765452
0.0055727065,-0.010907527,-0.009065727,0.0069466946,-0.0041444995,-0.016798424,-0.0023772463,0.0025250914
-0.0028880201,-0.013010884,-0.00866171,0.0071640634,0.008872491,5.907961e-05,0.010240339,0.010118579
0.0076502697,-0.010530248,-0.0019391477,0.0029973695,0.0034642874,0.003048689,0.0068632956,0.0023890617
-0.005105056,-0.005631885,0.0064005605,0.001195648,-0.0069121546,0.0025553275,0.000998411,0.0013174325
0.0002325873,0.007709149,0.0014647939,0.0016776909,-0.002814495,0.016149448,-0.0068009524,0.0021286074
0.0040977295,-0.0036216942,0.009899605,-0.0076756654,-0.002091574,0.021229586,0.0013935853,0.00019267689
0.0011237047,-0.010192698,-0.013230108,0.011610267,-0.0031958723,0.0018242553,-0.006030337,0.00364566
0.0013224288,-0.0152354445,-0.0055294773,0.0024145728,-0.005299699,-0.009828695,0.011620174,-0.0052636443
0.00062923494,-0.0034694285,0.0021967837,-0.0085258195,-0.005963981,-0.0025801389,-0.0033151018,0.002651538
0.010174952,-0.006807576,-0.002843406,-0.0048280903,-0.0035270369,-0.0019003917,-0.009251538,0.0050657494
0.013490384,0.00415277,-0.00019110041,0.005906772,0.006502593,-0.004107743,-0.007318993,0.0021532734
-0.0032930751,-0.0037842416,-0.00657792,0.0015524159,0.0013688828,0.0025129516,0.0073085497,0.00652934
0.0017082199,0.00049117836,0.0055378685,0.0013256159,-0.0068610567,0.0049111964,-0.004768107,0.0055701467
-0.007525539,0.005933259,-0.00049908087,-0.0028485444,0.0058504282,-0.009525547,0.004643675,0.00090734084
0.0015856769,-0.0010657285,-0.0026555578,-0.0018273012,-0.002503587,-0.005936584,-0.0016481305,0.00033586397
0.004808589,0.011294951,-0.0105736535,0.0043490794,-0.0020613582,-0.0041222232,-0.007258275,0.001583898
0.0070657646,-0.01346017,0.0053493,0.0010931637,-0.0040339343,0.003353656,0.01048197,-0.0029435712
0.003711438,0.012617153,-0.0066183787,0.007931142,-0.006408875,-0.00040412927,-0.0011588533,-0.011106263
0.0010800213,0.0043684104,0.0089169815,0.0059765303,0.007440485,-0.00053034356,0.007657898,-0.001973571
-4.211489e-05,0.0031957163,0.0033610142,8.379079e-05,0.0057764435,-0.0076184436,0.003906385,0.0107881855
0.0046757055,0.0053140093,0.014182888,-7.01025e-05,-0.00013730326,0.0015512542,-2.6184396e-05,-0.0043692007
-4.211489e-05,0.013986152,-0.009814133,0.0022782038,-0.0019873937,0.01055785,-0.008038579,0.000567371
-0.0070636994,-0.00789411,-0.00063708844,-3.467091e-05,0.0095312605,0.015862543,0.002068278,-0.0035994851
-0.0066826283,-0.00531622,-0.0029813044,0.002959244,-0.0055406005,0.0063196523,-0.010318718,-0.0002849865
-0.0031906082,0.0004565689,-0.007732654,-0.003831883,-0.0051429197,0.0027037328,0.0036039304,0.0024613254
0.0012811276,-0.009719161,0.0057397406,0.00033589924,0.002168028,-0.0063964594,-0.004261045,-0.0031327335
-0.004237939,0.00742665,0.0050640637,-0.0016498228,0.001855793,0.010715326,-7.185145e-05,-0.0021414196
-0.0033922016,0.0072209076,-0.002015111,0.0063557765,-0.0035472785,-0.016224287,-0.010933571,-0.00046175584
-0.00024041833,0.001662568,-0.005148489,0.0018416295,0.014177975,0.014968369,0.0028102072,0.00032119962
0.00028773333,-0.007329615,0.0067287497,0.00022681238,0.0014241191,-0.0016084153,0.0072408235,0.0037398543
0.003555035,0.0054184794,0.005950655,-0.0042604525,-0.0018090343,-0.0092748925,0.0035054453,0.006751529
-0.0016425955,-0.0014230795,0.0004330841,0.0055470904,-0.0032607503,0.0027781855,-0.010229634,-0.005840042
0.0018867571,0.019337645,0.00907256,0.0055169985,0.008540711,-0.0069847982,-0.0022198358,0.0037056017
0.00035045604,-0.009719161,0.013129594,-0.0019528515,0.006515896,0.008323514,0.005090883,0.0031996544
0.005074486,-0.0024055466,-0.0062534497,-0.009704989,-0.005837899,-0.013426057,-0.004307511,0.0014207239
0.00040526595,-0.0030707985,-0.0012968783,0.0021007112,0.00047039898,-0.0019436411,-0.0068605477,-0.00036948238
-0.0031158268,0.0032847149,-0.015826736,0.005131586,0.000562295,0.00018416159,0.0020381738,-0.008125072
0.00028323496,0.0016630911,-0.0019878123,0.002646369,-0.0036869657,0.0077217724,0.012451537,0.00670534
-0.0025335252,-0.0029560812,-0.00506694,0.008976773,-0.007410552,0.0051256986,0.0060118176,-0.003260667
-0.0038071813,-0.010732977,0.0007648759,-0.0034424178,-0.008570715,0.008127401,0.019496985,-0.0036360845
0.006364957,-0.0029676522,-0.00875221,-0.003658007,-0.0019417019,-0.010244291,-0.004402797,0.007664941
-0.00069970405,-0.008610518,0.0072234743,0.00050213584,0.0014276288,-0.004805511,-0.0061922306,-0.011006069
-0.0029915879,0.004510374,-0.0012185171,0.0029973695,-0.003812931,-0.021016989,0.0064969948,0.00652934
0.00075653894,-0.0029560812,-0.008503891,-0.0003702586,0.0044494495,-0.0030889045,0.00092860684,0.00652934
-0.0020836592,-0.014994424,0.003935361,-0.019539356,-0.0053038406,0.007097166,0.0024731343,0.0058059352
-0.0063488004,-0.011615219,0.0093434,-0.006464729,-0.0015855071,0.0059828665,-0.03237477,-0.0053136377
0.00012705561,-0.00026793592,-0.0008986044,0.006616952,-0.002503587,-0.0029492232,-0.0053162356,0.0046986444
-0.0039361143,-0.0030958983,-0.0074471855,-0.002289703,-0.0014448869,-0.0057520834,0.013990199,0.002239679
-0.00053072016,-0.008319093,-0.007054429,0.0029282356,-0.0066963295,0.0072311144,0.0017999327,0.0012035652
-0.005691373,0.0009666897,0.009562887,0.0059765303,-0.008931162,0.0013034845,0.009610333,-0.0044398266
-0.004358828,-0.007222435,-0.003461272,-0.004038429,-0.0006888852,0.0042047957,0.009714572,0.0034868089
-0.0023339668,0.0046047675,-0.013273349,0.00011513353,-0.0066963295,0.004180813,-0.0016918457,-0.00026072894
-0.0042700036,-0.008797823,0.005297558,-0.0091817165,-0.0014542993,-0.0057596895,0.001411143,0.008219481
-0.0002244865,-0.0030961272,0.0027298848,-0.0015713661,0.0063350997,-0.0022517215,-0.0011723479,0.0055050813
-0.0072856783,0.0015166565,0.009706249,-0.0016572822,0.0040472425,0.011622183,-0.0068535996,-0.0041235047
-0.00023618429,0.021567218,-0.0083721895,-0.0012662756,0.008540711,-0.0054578786,-0.0027905675,-0.0046936027
0.0005067347,0.002211954,-0.0019391477,0.0010186428,-0.0016432165,0.0026044205,-0.003892419,-0.00096741825
-0.0010085156,0.006369575,-8.931663e-05,0.0015786948,0.006868754,0.017635405,0.0038552727,-0.0019136681
-0.00090052746,-0.0053644315,0.012358705,0.00010127016,-0.008753919,0.010697058,0.0003392367,0.002490477
0.004808589,0.0021809954,0.004584476,0.002212541,0.004745118,0.00725644,0.002301759,0.004821178
0.0037589793,-0.007858041,0.004701999,0.00078432274,-0.0027139669,0.00032300362,-0.0074123703,-0.0024494128
0.011328609,-0.0034694285,-0.00026560857,-0.0036171188,0.0029049467,-0.0029175503,0.00069948327,-0.0010760202
-0.002545522,0.015897559,-0.00029840358,-0.0047892164,-0.005423421,0.00012507418,-0.0008745743,-0.0038630103
0.0048673367,0.004160885,0.005157015,-0.01408168,-0.001629133,0.0041253823,-0.005367738,-0.006114858
-0.0026441952,-0.0030736718,0.012504077,0.00013978335,0.0022639213,-0.00050054287,-0.018042289,0.008151591
0.0018297093,-0.0044144746,-9.618467e-06,0.002781404,0.0007629225,0.00080868625,7.767216e-06,0.0012088693
-0.00975754,0.002532595,0.007660729,0.0033670461,-0.0025602244,-0.011503385,0.0064048017,0.0019194399
-0.0011507361,0.005022076,0.0048420615,-0.0026224873,0.00053877645,0.010421346,0.0074754986,0.0016982371
0.0027265272,-0.0018894059,0.006458002,-0.004023174,-0.00084487244,0.020070596,-0.008518575,0.0036904893
0.003079542,0.0060069226,0.016519789,0.0021007112,-0.007934517,0.0042542615,-0.009348438,0.0023054695
0.003078955,-0.008911964,-0.019024637,0.005939267,0.0034205604,0.00880641,0.002325153,0.00061683886
-0.011458538,0.0020121383,0.0056825266,0.0048304303,0.00016080783,-0.0033504656,0.0009265221,-0.0064689675
-0.002331159,-0.0062258802,-0.0025833775,0.00478167,0.006868754,0.011765076,0.0044459295,-0.0045707575
-0.00038451172,-0.0033662769,0.0072776703,0.0016167463,-0.012282751,0.004084074,0.005704648,-0.009142068
0.0068434263,0.0052758968,0.0007334624,-0.0019143751,0.005900788,-0.00042750925,0.0020013463,-0.0049845725
-0.004655496,0.014197978,0.012623957,0.0038829963,0.0016256366,0.012413101,-0.007679835,0.0020801658
-0.0028845298,0.00464,0.0043018605,-0.0011990857,-0.0033919278,-0.004033167,0.0068844995,-0.0036360845
-0.0014598442,0.0003706729,-0.009415295,-0.0015157391,-0.001477412,0.008081641,0.006209068,0.006850899
-0.008134369,-0.0014230795,-0.0051402366,-0.0008696628,0.005613612,-0.017362053,-0.0048571546,-0.0039494177
0.0046183337,-0.0018894059,0.0008603381,0.00092251046,-0.00052729045,0.0044046515,-0.010987666,-0.008920506
-0.0012729057,0.0019738316,0.009899605,-0.0031968637,-0.0013642604,0.014968369,0.0029850176,0.0044195903
0.002960763,0.006036493,-0.0003550401,-0.0022222232,0.0059972354,0.0048634894,0.0092426855,-0.003259989
0.005641459,-0.010461012,-0.0074654347,0.00057206635,-0.005504957,-0.011742159,-0.0026403763,0.0038412702
-0.0041132653,0.007997275,0.0033610142,-0.003094811,-0.006695467,0.0026922012,0.0065694344,0.0072381734
0.0018725116,0.0030192942,-0.010726688,0.004549338,-0.0043083928,-0.0034889132,-0.008250222,0.009304319
0.0020951591,0.0052120667,-0.018314831,0.0052766097,-0.0052986615,-0.0063964594,-0.0010894169,0.0016357022
-0.00909417,0.0011642426,-0.0062072007,0.0005505918,-0.0011908943,-0.0037720413,0.0073866784,0.00015682481
0.006381518,0.011294951,-0.0019314354,0.011614725,0.0037465496,-0.0034778453,0.0032992782,-0.002585952
-0.008955095,-0.0014031478,0.0004752758,-0.009329925,-0.005038664,-0.0024149988,3.4985133e-05,-0.006013487
0.005009219,-0.011560863,0.0016117266,-7.01025e-05,-0.0051985094,0.0021568602,-0.010994806,0.005365657
-0.0034596743,3.222122e-05,0.0102171935,-0.0026224873,0.0013688828,-0.003601241,0.007913196,0.001200958
-0.0014598442,0.003002927,0.007833095,-0.0031285835,-0.002277892,0.011282752,-0.0013361297,0.0012466642
-0.004655496,-0.004061083,0.0075909453,0.009165562,0.00088599575,0.00018416159,-0.0012114337,0.0020396926
-0.0055368682,-0.0006531314,0.00520831,-0.0007696594,0.0021754387,0.0076982547,0.0072098416,0.0013636106
-0.004237939,0.0014883643,-0.0017329301,-0.0007308357,-0.0043186233,-0.006147219,-0.0030818644,0.0028077462
0.005165677,0.020648051,-0.0023222854,-0.004916666,-0.0020613582,0.0018308931,-0.0030416476,-0.0029435712
0.0026547688,0.0074431617,-0.0043380936,0.0030623723,-0.006204963,-0.009874606,-0.002293001,0.0015613126
-0.0027631626,-0.007436203,0.0055713537,0.004112235,0.009777782,-0.009760246,0.002614432,0.005471686
0.008598742,0.014209099,0.0053697173,0.0043787924,-0.002677961,0.018463073,0.0019421196,-0.0103967525
0.0008414377,0.012308876,-0.00061198,-0.007871406,-0.002131828,0.012642176,0.0022446672,-0.0013761651
0.0072748982,0.002395017,0.013348085,-0.005986176,0.0070480816,0.01535421,-0.00510945,0.0014196736
0.0021166625,-0.008929011,0.020068148,-0.0054582516,0.00010383679,-0.004166357,-0.008781673,-0.0058386074
0.0041234363,0.01924771,0.0023610967,0.00039108124,0.00020271208,0.009502389,-0.01362006,-0.0036378084
-0.00097425305,0.01470108,-0.013230108,-0.0028560152,0.008665972,-0.012321558,-0.0004317483,0.0053599505
-0.00047656396,0.012281505,0.0067772614,0.0044188807,0.0059802146,-0.0031159695,-0.0053614625,-0.008132032
0.0039499244,-0.011290303,0.0034533825,0.005134344,-0.0041875103,-0.0013958015,0.0016317121,0.0069867736
0.0037765922,0.012114583,0.010524416,-0.0015835646,0.0069858036,-0.0030969763,0.004542873,0.0023054695
0.007647447,3.826944e-05,-0.00018189673,0.002100009,0.0034152733,-0.0069847982,0.005810794,-0.0038824554
-0.0054908074,0.0046047675,0.010163806,0.002212541,0.0008919383,-0.002444731,-0.0057906015,-0.0012501433
0.004693778,0.00035556545,0.0030268326,0.00609525,0.0005732123,0.0177623,0.002691707,-0.0076901615
-0.0001515269,-0.0037407433,-0.01385204,0.00067309645,-0.0009577019,-0.021871394,-0.0004386925,0.0037544195
0.0035336155,-0.015271254,0.00096109754,-0.003739093,0.0011134874,-0.0037952913,0.0076537565,0.005190677
0.008003188,-0.012504045,0.0025199966,-0.0010091353,0.0021973304,-0.008542052,-0.0016986837,0.0002787316
0.0010978457,0.0055636987,0.010259818,0.0056251683,0.0021754387,-0.0031006206,-0.00050683785,-0.0025869948
0.0007956129,0.0026895518,-0.0022562398,-0.0091817165,-0.0045389114,-0.0051093297,4.49121e-05,-0.0103967525
-0.009368978,0.010690689,0.0047297603,0.010108786,-0.0051429197,-0.004046878,-0.0021475945,-0.0009684903
-0.0006917694,0.0037125975,-0.0037480502,-0.00041209653,-0.0012687321,0.0025817773,0.005290589,-0.0019677046
-0.0036416543,0.0031865863,-0.0011446814,-0.0005109538,-0.00011807365,0.008373909,-0.0017569961,-0.009634202
0.004095677,0.0013033308,-0.0045177797,-0.001705397,-0.004956407,-0.004224603,-0.0010035466,-0.0032446922
0.001379831,-0.005165143,0.0016162699,0.002646369,0.0009826338,0.007097166,-0.004919619,-0.0013752074
-0.0027022432,-0.0071268976,0.0027436465,-0.002449054,0.00053884165,0.0007330426,0.0069131157,0.00049588055
0.0008414377,-0.00486938,0.0028941075,0.0039472473,-0.005929977,0.018463073,-0.0036107488,0.012348003
-0.00586219,0.0022662845,0.0076228078,0.0057344064,0.00040194864,0.0040022386,0.008076519,0.00670534
0.0067481087,-0.002510678,-0.004341999,-0.0015477859,-0.005955148,-0.004979008,0.0044098087,-0.0032139225
-0.008220233,0.002532595,0.020603778,0.009559908,-0.004727574,-0.0007905509,-0.003779633,-0.004407622
0.0001725379,0.0074708457,-0.0057587996,-0.0024695168,-0.0066874735,0.0008052648,0.011283381,-0.0038000538
-0.001029449,-0.002369675,-0.0040432126,0.0105633065,-0.0013988784,0.005569943,-0.005711156,0.0009021554
0.002925191,-0.0032477016,0.0075232093,-0.0015218515,-0.0019417019,0.012041894,0.006401286,-0.00078237377
-0.0014301786,0.0048968233,0.0026215676,0.007035676,-0.0035270369,-0.015582392,0.0012857206,-0.0081048515
0.0055053607,0.0039973417,0.0053181355,0.0022685463,-0.0026732436,-0.0103939185,0.005975933,-0.002361965
0.0021384794,0.0012711266,-0.016337637,0.0015497602,0.0004850505,-0.0030515583,-0.0009370856,-0.005118432
0.006298346,0.016258724,0.008019077,-0.0002937575,0.007590729,-0.021871394,0.0019486445,0.0012466642
-0.004758575,0.006980312,0.007274404,0.0022685463,-0.0075429296,0.020070596,9.548024e-05,0.0012913549
0.0037193282,0.0029572775,0.0014195887,0.0005016043,-0.00094717846,-0.008863103,0.008926973,-0.00078237377
-0.0037329956,0.00021369895,0.013754439,0.010113335,0.006675437,0.013036476,0.006906755,-0.0037447822
-0.00053072016,-0.0030089642,0.0033148434,-0.0032086773,0.0051211575,-0.00784272,0.0075953137,-0.002625125
0.0021252946,-0.007095866,0.0054358947,0.0012750579,0.00010383679,0.00880641,-0.0049431757,-0.0010122698
0.0065418524,0.0012964499,-0.0031615961,-0.0032087057,-0.00017805696,0.0082433885,0.00729765,-0.00807689
-0.0018567914,0.0008290005,0.0089169815,-0.006205949,-0.010246504,-0.011983531,-0.01202745,0.002490477
-0.0058435113,-0.0062258802,0.005880099,-0.00030831678,0.0062814956,0.001477427,-0.009374347,0.0016061366
-0.007825537,-0.012360242,-0.004204078,0.0057286546,-0.0009416761,0.002699274,0.0070441924,0.007247236
0.002687343,0.0056558754,-0.01218861,0.0051623583,0.003160901,0.0028997893,0.0057962914,-0.0009684903
-0.0003765963,0.008658607,0.0039781146,-0.008062309,-0.0030235206,0.003343095,-0.004739211,0.0077487454
-0.002112693,-0.008634247,-0.00541283,-0.0034978157,0.009391363,-0.0068100686,-0.010527903,0.008898083
-0.006898818,-0.008929011,0.007926387,-0.01363315,7.7784076e-05,-0.0007905509,-0.0052473824,-0.014060895
-0.0037451535,0.0041994015,0.013124021,0.010108786,0.001659268,-0.0025945734,-0.017577665,0.0008126866
0.0044152164,-0.0057663233,-0.00019110041,0.0007662345,-0.002846734,0.0010275692,0.012962984,-0.0035604371
-9.583108e-05,-0.0025695565,-0.0055386415,0.00078432274,-0.0033268775,0.0035077631,-0.0043871813,0.0042533847
0.0020029698,0.00039359624,-0.0016547265,0.009559908,-0.005413837,-0.017690277,0.0028702184,-0.009463653
0.0017181688,0.0016630911,-0.00023475871,0.006449828,0.0022639213,-0.008607417,0.013095593,0.0013174991
0.007994788,-0.007095866,0.0016921695,-0.0015713661,-0.0011156525,0.008496438,0.0009844834,-0.009634202
0.007809786,-0.012504045,-0.0010955594,0.003302324,-0.0121046025,0.020853808,-0.0057418067,-0.0007063717
0.012840655,0.0070310645,0.0011799107,0.0050162626,0.0060492028,-0.0031006206,-0.004849889,0.0024377648
0.0018104529,-0.015896603,-0.014218576,0.0015497602,-0.003264704,0.0034364285,0.0023153545,0.0004448819
-0.0018661609,0.0026895518,0.0039439104,0.003031319,-0.00468018,0.011414192,0.0069384812,-0.00015359862
0.0014143083,-0.006807576,-0.0003550401,0.00092251046,0.0020644844,-0.0035315813,-0.0019042795,0.0010661794
0.0044861794,-0.0018894059,-0.0040744063,-0.011859333,-0.0014879836,-0.0060335114,-0.0051314477,-0.0047308956
-0.0033330482,-0.0028093304,0.0055378685,0.0031178882,-0.0009565274,0.0001410651,-0.0063080154,-0.00044853962
0.005944319,-0.0015859489,-0.003938301,0.004873519,0.006709384,-0.004432714,0.001933658,-0.008658856
-0.002580875,0.0053942585,0.008905085,0.0030222663,0.00010383679,-0.008543694,0.004911354,0.00024030478
0.0038640357,-0.0043997555,-0.010740586,0.009199917,0.0031471816,0.0152611025,-0.0024587363,-0.0041706264
0.0005036213,-0.005003183,-0.002985966,0.011891477,-0.0075399578,-0.011503385,0.011457878,-0.013438937
0.006658988,-0.008965565,0.0044081844,-0.0010234404,-0.00057836267,0.0011931736,0.008154316,-0.00306179
-0.00447051,0.016315728,-0.007732654,0.0046491763,0.00032951098,0.0055726455,0.0032910546,0.0014964659
-0.004460181,-0.005165143,0.0010366947,0.0019696297,-0.0025402175,0.003316898,-0.00088077737,-0.0009885555
-0.00383609,-0.0056611253,-0.0013756386,0.0050453655,-0.0043388815,0.010330009,2.6294612e-05,-0.0027014604
0.011197595,0.0051218932,-0.0010754371,-0.001050208,-0.0045894855,-0.000522933,0.005715146,0.005927278
-0.008519003,0.009866262,-0.009498703,0.0012042525,0.0032931792,-0.007881615,-0.0027072583,-0.0087873405
-0.0033876689,-7.749931e-05,0.0034022585,0.00039108124,-0.0031094167,0.006059948,0.00090904464,-0.0087336
0.002833178,-0.0030958983,0.004922203,0.007922878,0.001435024,0.01335862,0.0075436677,0.0013631274
-0.003293782,0.0022662845,0.013336685,0.0008465924,0.01402752,-0.0026469422,0.011730757,-0.004499937
-0.0049614077,-0.005985067,-0.003938301,0.005271505,-0.0021981644,0.0055912607,-0.0007359026,0.004026452
0.0044861794,0.002395017,-0.009618291,0.0009687179,-0.0045894855,0.018298168,0.013826199,-0.0012231107
0.0013377328,-0.0015511867,-0.006443727,-0.006464729,0.0021973304,-0.01679666,-0.0011030304,0.0019635167
0.005812392,0.0034308452,0.005767814,0.0012977754,-0.0055406005,-0.011026069,-0.014967393,0.006147404
-0.005311442,0.0046070516,0.0027759399,-0.0009380229,-0.0012123683,0.0024656453,-0.0050388374,0.0036328407
-0.00030044577,-0.008854285,0.00256356,-0.0053766877,-0.0013251877,0.013195508,0.0061641447,-0.005250288
0.0012757999,0.00464,0.00201366,0.00031846127,-0.004630348,-0.0024178023,-0.010795459,0.00652159
-0.0059492444,-0.008732929,-0.0012185171,-0.0017595054,-0.0065027033,-0.0033811722,-0.0048959632,-0.0080205435
0.00078317395,-0.0118006915,-0.001491175,-0.0019521095,-0.0034058355,-0.003870422,-0.011293935,0.0010449969
-0.009281549,-0.003326253,0.0019838237,-0.0041610976,7.3798525e-05,0.017792132,-0.0039223484,0.0014311092
-0.0047825375,-0.0051641134,-0.0016547265,0.00053119793,0.0027001915,-0.0057135923,-0.0062105968,-0.002823288
-0.009205995,0.014631981,0.012174346,0.0037410988,0.0066033243,0.0082433885,0.001740095,-0.0025721702
0.0027171238,0.0043684104,0.012982423,0.0050453655,0.00035688176,0.00086274603,-0.0028773132,0.0020262373
-0.0017801167,0.0014638973,0.0027153254,0.007931142,-0.005367876,-0.003383723,-0.005392222,-0.00042947178
0.002960763,-0.0063050073,-0.0040506064,-0.00091733836,0.0026058655,-0.010561305,0.0024137292,0.0022528653
0.0074115125,0.003388844,0.0085909385,-7.843184e-06,0.001957063,0.016521983,0.009247865,0.0013838668
0.0039779865,0.0019864566,-0.008955941,0.003027662,0.0033264833,0.0008139311,-0.002325791,-0.0011090806
-0.0011514188,-0.002440972,-0.002843406,-0.0063533555,-0.0040370924,-0.0026984513,-0.002044612,0.0039358926
0.0013224288,0.00870845,-0.011795751,0.009165562,-0.0073427013,-0.018974133,-0.0037089898,-0.005942773
-0.0014345477,0.00040809484,0.0046410244,-0.008002083,0.0022734182,0.00481821,0.0062074014,0.00935421
-0.0009934424,0.0058710217,0.00051762967,0.0029718268,-0.0050363126,0.0027372348,-0.0077506993,-0.001531435
0.009521327,-0.011134891,-0.0037958843,-0.0047235517,-0.0016074635,0.0031140943,0.0023027621,0.0071520773
0.008265615,0.008318536,-0.012145264,-0.0007308357,0.0029093064,0.004166388,-0.00090539735,0.0035651263
0.0019763075,0.016596265,0.0016655447,-0.00091733836,0.0013263512,-0.005044972,-0.004535591,0.0016357022
0.011328609,-0.0016861185,0.0058761793,0.000789256,-0.010780949,-0.009810156,-0.0072343824,-0.0057512675
-0.0039361143,0.0030795494,-0.0018405572,-0.0032594316,-0.008704671,-0.0026859434,0.0028469819,-0.0047308956
0.0019260142,0.003406026,-0.0036588532,-0.0051421854,0.0033861923,0.007579875,-0.001179528,-0.001973571
-0.0063240533,-0.008948234,0.013348085,-0.005228906,-0.0019802211,-0.005883455,-0.011610821,0.0012913549
-0.007601903,-0.0045516696,-0.0031615961,0.0044564838,-0.0026732436,0.007827692,-0.014641074,-0.009367807
-0.0053118328,-0.007977057,-0.004255343,0.0055169985,-0.00993471,-0.009891597,0.0028667678,-0.008040294
-0.0021546655,0.004183237,-0.0034537145,-0.0012748897,0.007536792,-0.009810156,0.008985449,0.0014403883
0.0010427531,-0.006922576,0.009706249,-0.0018526202,0.005350007,-0.0052585453,-0.011407433,0.008587458
0.007982406,-0.0052678008,0.0019297043,0.0015786948,0.004423306,-0.008187412,-0.0010420617,0.0062941816
-0.0013421295,-0.0152354445,0.003412312,-0.002449054,-0.0055406005,-0.002189035,0.0029075919,0.006012208
-9.583108e-05,0.005531327,0.007274404,0.0037410988,-0.001629133,0.0025553275,0.002167806,0.0010449969
0.002732599,-0.007664443,0.0005468413,-0.00022610878,0.00010383679,-0.0061730654,-0.001305576,-0.0040400284
0.0007797878,0.00040837238,0.020068148,0.0043643476,-0.0012626208,-0.013175342,-0.0010680956,-0.0042930925
-0.004758575,-0.0056650764,-0.0025833775,0.002234999,0.00643739,0.0015739128,0.0026207492,0.00652934
0.006743494,0.010437259,-0.0010890351,0.00464813,0.0035730426,-0.0127705075,0.0076483074,0.0020262373
-0.006713535,-0.0076127797,0.00106439,0.0021549715,-0.0019639225,-0.011954826,-0.007181578,0.00010328641
-0.00062960957,-0.007464831,0.0037936713,-0.004364493,0.0033264833,0.0008052648,0.010571112,0.003256432
0.0043794117,0.0026381754,-0.005579041,0.0037410988,0.007536792,-0.00061266223,-0.009062137,-0.005250288
0.004065025,0.01689856,0.014425263,0.009525808,-0.0029073826,0.008466838,-0.001305576,-7.788288e-05
0.0024593116,-0.0010647371,-0.00831148,0.001157714,-0.0047507402,-0.005296379,0.007691291,-0.0028861158
-0.0066826283,-0.002727583,-0.00026560857,-0.0058572716,0.006430149,-0.0031159695,-0.009419366,-0.0007063717
0.002589575,0.0048427456,0.010524416,-0.00082474697,-0.0025596044,0.001748627,-0.0075294906,0.0018265612
0.007618479,-0.008948234,0.008199755,0.001621187,0.0059448374,0.0021568602,0.0031333002,-0.0055045984
-0.00053964433,-0.0037975188,0.014182888,0.0006483181,0.0060492028,-0.012524127,-0.0077919397,0.0012653403
-0.0040500914,-0.007402328,0.0016162699,0.005799229,-0.001958258,0.0008139311,-0.00045548234,-0.013214309
0.0038246794,-0.001848987,-0.00060542324,-0.0074161165,0.0002835538,-0.0028439963,0.007387765,0.001431426
0.003473036,0.011294951,-0.001329648,0.004482634,0.003965027,0.0006815352,-0.014058439,-0.0036307846
-0.0018661609,3.222122e-05,-0.0047634672,-0.009329925,-0.0016540335,0.0028257696,0.00602393,0.00017962286
0.004541901,-0.013010884,-0.0055439556,-0.0043839994,0.009911898,0.0015512542,-0.010501554,0.010381772
0.004989478,0.00961258,-0.002841475,-0.0060586133,-0.0066828323,0.008598879,0.0048233974,0.00670534
-0.00024938092,0.0028260606,-0.010665672,0.007471288,-0.0066963295,0.0116262315,0.00011115009,0.001150213
-0.0077162227,-0.00011742095,7.5221295e-05,0.004596481,0.00067459774,-0.007666472,0.005998507,-0.003206822
0.0037193282,-0.014333106,-0.016337637,-0.0033416697,-0.002627352,0.001477427,0.0030205497,0.0013450612
0.0045670867,-0.0063968473,0.004701999,-0.002257339,0.0049145943,0.00857641,-0.004213793,0.0019596124
0.0041125044,0.009580857,-0.0108619565,0.004033861,-0.0053920387,-0.008415241,-0.00095788005,0.001991176
-0.006380511,0.00076347915,-0.014218576,0.008929503,-0.004577706,-0.008869042,0.0135432985,0.00027527075
-0.007565542,0.0078258775,0.0009796865,0.0020475222,-0.008896906,0.00415762,0.017615449,0.005187265
0.00095022155,0.007596343,-0.002021748,-0.000112114096,0.0064098663,-0.0025222998,0.005313656,-0.0021414196
-0.007525539,-0.0030961272,-0.012805657,-0.008961736,0.0079397205,0.007579875,0.002683943,0.0016061366
-0.004297767,0.011750945,-0.003925752,0.00029776525,0.003994149,-0.000522933,-0.009421205,0.0021286074
0.008383007,-0.00531622,0.00201366,-0.006012203,-0.0046691913,-0.0016393731,0.0030373798,-0.0004195624
0.001735103,0.015601927,0.008905085,0.0021549715,-0.003091264,-0.0035474878,-0.0065195966,0.004037181
0.0012811276,-8.568168e-06,-0.0055294773,0.0018945526,0.0030279723,-0.0021559207,0.0044068657,-0.0022050983
0.00050801376,0.0015093088,-0.0034471166,-0.0010666938,-0.0023655582,-0.015582392,0.014516787,0.00090734084
0.0090213455,0.0042860876,0.0027358308,0.00011513353,0.0035948555,0.009351046,-0.0012428804,0.0016357022
0.0042551323,-0.00013375073,0.003675268,0.0005016043,-0.0030960653,-0.011391163,0.003642863,0.0043313573
0.008364782,-0.007068742,-0.006445553,0.009082694,-0.004577706,-0.02074101,-0.0026334282,0.0015209856
0.003085816,0.0022558027,0.00520831,0.011779504,0.002741847,-0.005565376,0.00070497673,0.0020801658
0.0046183337,0.0069866376,-0.0037848612,-0.011631531,0.009777782,0.00012507418,0.012528753,0.00046417536
0.0035631426,0.0052968943,0.0061339876,0.004389375,0.0013935163,0.002027887,-0.012523141,0.0060352096
0.0032205214,0.0030356115,0.0051426375,0.003274684,0.011928981,-0.0007677677,0.0066291797,-0.0001688697
0.005944319,-0.0030961272,-0.0056996625,0.0007662345,-0.012349466,-0.010808765,0.0066626775,0.0032650381
-0.0037878545,0.003388844,0.0027358308,-0.0028897526,-0.007934517,0.013195508,0.0049655205,0.001073401
-0.0039148903,-0.005880658,0.0070320703,0.00493294,0.007357741,-0.005936584,-0.007107498,0.0054539056
0.004808589,-0.006701989,-0.0009106626,-0.00675299,-0.00468018,0.010433388,0.0034858768,0.004742098
-0.0039935936,0.000500886,-0.008083045,0.00609525,0.010467227,-0.0007579327,-0.010768915,0.00935421
-0.0077162227,-0.012360242,0.005216223,0.0030222663,0.0025584057,-0.011466289,0.004299946,0.0107881855
0.008113474,-0.015935112,-0.00039397462,-0.004490307,-0.0014760136,-0.017002964,0.0025066377,0.00497559
-0.0018281088,-0.0063838656,-0.0036588532,-0.0033614,-0.0059329025,0.0016851341,0.0024844017,-0.0011960057
-0.0003765963,0.006937797,0.011744613,-0.0015157391,0.0039808657,0.0041049565,-0.0022921734,-0.008040294
-0.003608089,0.0030356115,-0.0027182784,-0.00480236,-0.0041444995,0.0013122164,0.00069760066,0.00062696857
0.0014109063,-0.0048441486,-0.004255343,0.0064952057,0.004172473,-0.008543694,-0.015593294,0.0042716274
-0.00017481364,-0.006404643,0.0054358947,8.982759e-05,-0.0043398407,-0.0052388045,0.00092627015,-0.0022983598
0.00096277543,0.0021828625,-0.0023423573,0.0024145728,-0.006132576,-0.015738862,-0.0018071446,0.006289483
0.0005514518,-0.0015859489,0.0013540882,-0.0031968637,-0.003264704,0.0042569097,0.008888362,-0.009367807
0.0048673367,0.0078258775,0.0010949216,0.010108786,-0.0073427013,0.014230355,-0.0037182504,0.00364566
-0.0025335252,-0.007095866,0.0073591163,0.0014965513,-0.009066584,-0.0011657742,0.007590601,-0.008971594
0.0018521921,0.008676309,0.0024530152,0.0004230378,0.0064296997,0.00018498581,-0.00019060855,0.0036328407
0.010748136,0.006639053,-0.0037958843,0.0105633065,0.0046599675,-0.0032776794,-0.009844585,-0.0005975452
7.376744e-05,0.0073690587,0.002217744,0.003556549,0.005675825,0.0070987283,0.0041896817,0.0033410832
-0.0033330482,0.0094508575,-0.0025833775,-0.0042530447,0.001957063,-0.0007807869,-0.0014967476,-0.00080821326
0.00063625444,-0.006807576,0.00079143525,0.0019672571,-0.004577706,-0.002157153,-0.0049634688,-0.004694559
-0.0035603407,-0.0075853006,0.006448377,-0.001026449,-0.0011794758,0.00853221,-0.0005428641,-0.0071190298
-0.0045210067,0.016315728,-0.0040744063,0.005215434,0.004172473,-0.011903105,-0.0028128978,0.00048188638
0.0090213455,-0.001848987,0.0049921433,-0.005986176,-0.008704671,0.0016851341,0.014767267,0.0021102778
0.006856382,-0.003953302,0.0037936713,-0.0016498228,0.005779064,0.004373825,-0.012485095,-0.003496324
-0.002112693,0.0026396755,-0.013626283,-0.010062656,-0.0044964207,-0.0044891546,-0.0024612413,-0.000950664
-0.002496231,-0.005389319,0.0051587466,-0.0014549922,-0.000564242,-0.0068751816,-0.006072497,0.00033586397
-0.006898818,-0.012360242,0.00413253,2.2090775e-05,-0.0014196297,-0.0009909486,0.00506983,0.008846533
0.0018070008,0.0036086612,0.011147819,-0.007938645,-0.007942623,-0.005936584,0.0004226615,-0.0016851859
-0.0063643944,-0.020417653,-0.00393805,0.002322512,-0.001813397,-0.0014319737,-0.009964349,0.0024466643
0.002731452,-0.0063437456,-0.00031394747,-0.00056327874,-0.006364847,0.0047144247,0.0015689838,-0.005707418
0.0021568183,-0.0012235341,-0.012306888,0.0006001417,-0.010723069,-0.0017176694,-0.0009901696,-0.0028369506
-0.008500687,-0.0062388983,-0.0013222221,-0.004100131,0.00019550981,-0.0008159527,0.008366611,0.0020801658
0.0041234363,-0.004292093,0.0043018605,0.006680227,0.0006031716,-0.00071266835,-0.006564914,0.0006958603
0.001066903,-0.010305377,-0.004153071,0.010108786,0.0022586505,0.0152611025,0.0048134127,-0.0103967525
-0.002331199,-0.012360242,0.009535147,0.011614725,-0.003319286,0.018488677,0.017048527,0.00019545996
0.004148383,-0.001278463,-0.0056698276,-0.0102658775,0.0022188716,-0.0052388045,0.010569418,0.0023976346
0.00068631175,0.00049117836,-0.004464566,-0.0032510029,0.0011151084,0.020641187,-0.0137023805,-0.0032139225
0.0048673367,0.0053140093,0.0036631487,0.008890784,0.001855793,-0.008593417,-0.008593503,-0.0025518702
0.0010427531,-0.0016893642,0.003474093,0.0004230378,-0.0023655582,-0.008845243,0.009358861,-0.00025269226
0.0033945465,-0.0034203548,0.004078048,-0.0021097264,-0.012282751,0.008802422,-0.0027148137,-0.0021275408
0.003649315,0.011856352,0.011140527,-0.00368649,-0.002503587,-0.0026984513,-0.005066322,-0.0019136681
-0.0051734317,-0.000209786,-0.006443727,-0.0052816346,-0.0013169968,0.008987987,-0.004065154,0.0019743522
0.0026547688,0.005696913,0.0011947482,-0.0048280903,0.0011151084,-0.0069847982,0.004726973,-0.004199194
0.00062923494,-0.00025737472,0.000468957,-0.0009380229,-0.0020049245,-0.013995567,-0.0015936699,0.008427214
-1.1998825e-05,0.018510183,-0.010743143,-0.0046919165,0.0036345806,-0.006900772,-0.0022677833,0.0025572681
-0.0040370687,0.0077659525,0.00023352681,0.00042761423,-0.00052729045,-0.011290104,-0.002060187,-0.0038833173
-0.0013421295,0.0055636987,0.01143836,-0.0047235517,-0.0020049245,0.00017076102,0.0036356242,0.0026570463
0.001491086,-0.0062593287,0.008498585,0.004389375,0.0045042555,0.016149448,-0.014364334,-0.0011585079
