A,B,C,D,E,F,G,H,I
0.9204027,-0.14583965,-0.0414465,0.04764454,-0.2901567,0.020916283,-0.14459807,1.0818174,1.1355546
1.1475062,-0.13623801,-0.10549064,-0.12667643,-0.55063695,0.060010806,-0.10566874,1.0484596,0.9078673
0.89614564,-0.01689282,-0.14169058,-0.10683952,-0.30199274,-0.031771824,-0.105728,1.1462756,1.1382581
1.0413904,-0.12554577,-0.047444507,0.09241927,-0.50560176,0.0013564826,0.01568839,1.0203704,0.9749322
1.070399,0.012299657,-0.036956422,-0.09605953,-0.5021926,0.11267388,-0.12868084,1.0537643,0.8737076
0.96498775,0.11391559,-0.086598694,-0.095646076,-0.59096885,-0.078915924,0.028785303,0.8509062,0.92681867
0.9843912,0.01017721,-0.12692486,-0.01775536,-0.45700973,-0.05479476,0.074954405,1.0379821,0.92671055
1.0032835,0.1422657,-0.109211385,0.1029934,-0.5614215,-0.011043742,0.046442628,1.0921621,1.078591
1.0345235,-0.078832954,-0.016400903,0.063555464,-0.22528002,-0.027282141,-0.10710925,0.9769919,0.99221826
0.89353055,0.12778932,0.12935135,-0.0432164,-0.6392473,0.12374111,-0.052860335,0.99863535,1.0232553
1.0012219,-0.03902697,-0.020077586,-0.063459046,-0.6338599,0.05753854,-0.1077411,1.0896757,0.9784697
0.88212764,0.05374579,0.086066544,-0.029369526,-0.38403922,0.13782838,0.037446946,1.0046514,0.8523979
0.99599046,-0.09958242,-0.09175378,0.059772328,-0.19375035,0.04897988,-0.104535505,1.0900002,0.9220427
1.0210705,-0.13602631,0.06971462,0.034792483,-0.54807186,-0.10892287,-0.08723989,1.112287,0.9193443
1.1442628,0.14892459,-0.1337707,0.11029568,-0.33473304,-0.018572494,-0.09319118,1.0852828,1.0768504
1.076875,0.0056474507,-0.10883917,-0.037239037,-0.0825851,0.10779697,-0.039660774,0.886276,1.130072
0.98744786,-0.07667009,0.054536358,0.13828698,-0.41656843,-0.10954523,-0.06704858,1.0306523,1.0163913
0.8750732,0.036375523,-0.11653425,0.07978997,-0.3596735,-0.03581316,0.08314425,0.87235075,1.1231787
1.1118788,0.03742373,0.13424578,-0.124118224,-0.15585953,-0.14306545,-0.08955249,0.88098645,0.8521923
1.1309642,0.018048212,-0.08885622,0.021535784,-0.49678952,-0.1319742,-0.14244974,0.9410365,1.0191034
0.9647524,0.12931424,-0.0949791,-0.12893227,-0.35209402,0.06773771,-0.026406728,1.1036365,1.0273225
0.9682698,0.1358912,0.09661423,-0.06883357,-0.5073894,-0.010653943,0.06794472,1.0599148,1.0196651
1.1208737,0.119549245,0.1185227,-0.12460167,-0.47443116,0.12373342,-0.14954415,0.92004776,0.9103234
1.0049087,0.020100594,0.069159135,0.14905357,-0.15342894,0.0070697516,0.14001516,0.85843515,0.8244554
1.1377687,0.12795606,-0.025676608,-0.10999924,-0.5993018,-0.11132904,0.032044336,0.94260323,0.86313987
1.0763478,-0.03648568,0.06844121,0.063555464,-0.1744087,0.05897005,0.022753447,1.1260958,0.8779228
0.98048955,-0.016779095,-0.10402177,-0.048511095,-0.4224529,-0.12753169,0.0643577,0.95230925,0.8790803
1.02497,-0.09174033,0.1476771,-0.032963775,-0.36858454,0.06527898,-0.009918004,0.9999665,1.0894734
1.070399,-0.078832954,0.012124538,0.08842553,-0.3648647,-0.14530365,0.13343564,1.0718118,1.021712
1.065353,-0.00054192543,-0.09901019,-0.10999924,-0.38407597,-0.115877375,0.05089876,1.0258067,1.0243937
0.8492769,0.082301766,-0.05520811,0.07091649,-0.33815572,0.10240722,-0.113530084,0.85843515,0.84947014
0.9686604,0.104551226,-0.12220152,-0.12855074,-0.46500957,-0.114388995,0.038285956,0.8771706,0.9968265
0.91117966,0.1295143,0.03709355,0.088044986,-0.28332797,0.021987587,-0.029517852,0.9255179,0.9344089
0.8724028,-0.13827515,-0.045902632,-0.070892595,-0.4773555,-0.031027906,-0.021040931,1.0403938,0.922531
0.9257174,-0.030778704,-0.070431665,0.06724803,-0.36709002,0.1320104,0.077958226,1.0121632,1.0172656
0.9791869,0.1468736,0.051877007,0.0029928088,-0.35110286,-0.004550338,-0.06002319,1.0376838,1.0923207
0.99916816,0.0793114,-0.017202258,-0.085539475,-0.55005884,-0.11367422,-0.03503505,1.0662673,1.0099627
1.037165,0.014254078,0.07539141,0.010160312,-0.7600666,0.103404194,0.0926823,1.0248914,0.89340943
1.0921065,0.05358447,-0.118529215,-0.067838915,-0.32952422,0.004696548,-0.0053473264,1.0706956,1.0166038
1.0420418,-0.100160345,-0.08406467,0.021538258,-0.31796297,-0.0030636042,-0.013511702,0.9066404,0.9203675
1.117531,1.0296702e-05,0.039193973,-0.040713824,-0.28879657,-0.056236215,0.0033936203,0.9909978,0.8807501
1.0066367,-0.12768213,0.103179336,-0.1035562,-0.43962383,-0.11888541,-0.14303815,1.0909704,1.0557587
0.87659883,-0.097631335,-0.061564714,0.08462769,-0.281192,-0.12044578,0.1414926,1.0492667,1.0448166
0.9408905,0.1033569,-0.06923039,0.0029928088,-0.27521712,0.14193821,0.012252048,0.9121935,0.89340943
1.0727729,0.06535043,0.09498422,0.13411343,-0.4573833,-0.10740878,0.12998214,0.96080476,1.1232495
0.93661934,-0.09572851,0.070166156,0.10771766,-0.36262253,0.12570208,0.059532613,1.0383639,0.97568095
0.85431004,-0.13227268,0.0010386257,0.089791685,-0.46164265,-0.011863172,-0.062836364,0.8913839,0.94290376
1.0442258,-0.009079486,0.07546762,-0.13049267,-0.27693197,0.11350095,0.0555723,1.0590115,1.0574576
1.101974,0.067137375,-0.07429909,0.13312638,-0.16742736,0.07127763,0.07845995,0.9480084,0.8497072
1.1023415,-0.0842337,-0.039268613,-0.11361777,-0.3790243,0.03307867,-0.04929868,1.116436,0.90499127
0.9054784,-0.11224591,-0.08186356,-0.048038296,-0.46775416,-0.060313195,-0.021040931,0.93599474,1.0123063
1.0362678,-0.021296829,-0.011753693,0.00079292053,-0.37440184,-0.053097583,0.043514565,0.84921026,0.8642484
1.1228893,-0.10143192,0.07169241,0.10779771,-0.46128452,-0.068925105,0.025820881,0.9295457,1.0422949
0.92339444,0.03575781,0.112041175,0.017480046,-0.45355892,0.011760652,-0.042533003,1.0062789,0.84585434
1.0722522,-0.088047266,-0.13436773,-0.14013483,-0.2748206,0.103404194,-0.1288335,1.1097553,0.9930123
0.9146648,0.041052178,0.14442214,0.06479855,-0.19704214,0.052340016,-0.015393972,0.9992644,0.8778991
1.0180277,0.009007305,-0.118529215,0.08597447,-0.2417557,-0.056153156,-0.03973446,0.93910986,0.867436
0.9956416,-0.010762185,-0.02465345,0.112296075,-0.48704135,0.06927489,-0.039988555,0.9571312,1.0404576
1.1312947,-0.084694885,-0.015352488,0.1431981,-0.276627,0.13476226,-0.011800736,0.8566854,0.9502081
1.0137998,-0.105876416,-0.04470983,-0.12706909,-0.36446416,-0.02493918,-0.033341542,1.0565515,1.0317991
0.90394497,0.0608778,0.08163057,0.014316142,-0.3969871,-0.060096703,-0.14954415,1.0442704,0.93629616
1.1438375,0.13368174,0.14316308,0.06977968,-0.364442,-0.11400765,-0.019725695,1.08855,1.0921022
1.1208487,-0.021766916,-0.06317173,0.01137276,-0.5663143,0.11921668,-0.11095731,0.85869753,1.1216037
1.1245778,0.09019785,-0.033346117,0.07669599,-0.46494555,0.012648389,0.051583856,1.0687289,1.003978
1.0905528,0.1358912,0.06464,0.04709588,-0.49871704,-0.1357691,0.11713588,0.8588535,1.0320035
0.91882,-0.025801547,-0.013605043,-0.08952075,-0.5014721,-0.06691364,0.046900943,0.9824652,0.9529172
1.1112771,-0.091738865,-0.126703,0.058415756,-0.19150493,-0.051491477,0.03489414,0.97838557,1.0638633
1.1211517,-0.09076592,-0.1075201,0.1431981,-0.63931,-0.12188675,-0.01508002,1.1077564,0.9578573
1.0959829,-0.115286194,0.054068923,-0.015738815,-0.29362658,0.122668326,0.110186964,1.0395225,0.8577472
1.1374208,-0.10200307,-0.1402574,-0.11154934,-0.42259344,-0.028866097,-0.053657167,0.95230925,1.0746213
0.9986505,0.14057827,-0.08036551,0.036150828,-0.556154,-0.0063672364,0.13717455,0.8594307,1.0894734
0.9041647,0.12856245,-0.060997225,0.008222967,-0.1666114,-0.12544455,-0.08575532,0.9848151,1.0472808
1.0237299,0.13346645,0.084271684,-0.08174776,-0.3317064,0.1469247,-0.09207477,1.0098302,0.8948223
1.1206838,-0.068982415,-0.14339472,-0.11823173,-0.09317312,-0.08659035,-0.070537776,1.0090115,0.8954671
1.0477655,-0.03134235,0.0947807,-0.08052464,-0.38325667,0.12693903,-0.0122388005,1.0116217,0.9698306
1.0172737,-0.045613557,-0.10073376,0.035007536,-0.51359403,0.077296495,0.101898104,0.84747565,1.047248
1.1098151,-0.0038660169,-0.124934405,-0.01129967,-0.63688827,0.13586456,-0.13771391,0.861297,0.907202
1.0099912,0.017719388,0.028052256,-0.100158766,-0.32642445,0.020645335,-0.109521106,0.9151207,1.0986555
1.0047749,0.14566538,0.12999704,-0.002563715,-0.47495654,0.12334522,0.0039078295,1.0833462,1.024971
0.98997915,0.045878887,0.1417206,-0.10603034,-0.2820431,-0.062518686,-0.015393972,1.142316,1.0467412
0.86434436,-0.11452952,-0.03237813,-0.045715123,-0.34073216,-0.08062706,0.046447456,0.9587977,0.95253843
1.0473346,0.08627772,0.0022338629,-0.08049476,-0.2973298,-0.06873842,0.13185054,0.97670704,0.9125479
1.043908,-0.08622482,0.12316406,-0.048511095,-0.21085596,0.114673406,-0.068381384,0.86165106,0.91955024
0.8785405,0.112403005,-0.12468094,0.1171304,-0.3926843,-0.101928934,0.022753447,1.1143024,0.94212776
0.8492769,-0.025555767,0.1102604,-0.1281216,-0.6742153,-0.040096074,-0.13562307,0.8531609,1.0640732
1.1065578,-0.075933464,0.112265885,0.14263651,-0.30787095,-0.08718603,-0.07995701,0.9379278,0.9746475
0.8863232,-0.114682466,-0.12220152,-0.009834141,-0.4709058,-0.011025295,-0.0090275705,1.0258558,1.0946627
0.87249064,0.078044236,-0.033766046,0.11864388,-0.5541934,-0.051606007,-0.053313054,1.084472,1.0540769
1.0674651,0.079479024,-0.10592586,0.06774756,-0.33585787,-0.11453131,-0.107373744,1.142158,1.0783587
1.0565432,-0.048898228,0.009296536,-0.06480205,-0.5778153,-0.020967185,-0.10529521,1.0333824,0.92624736
0.9587055,0.073511675,-0.064728945,0.10441169,-0.25185156,-0.1317855,-0.13742296,0.94299537,1.0028222
0.9551991,0.086788684,-0.13376328,-0.003126353,-0.089139044,0.07132189,0.1062302,0.93172574,0.9784697
0.8809167,0.008427769,0.031648695,-0.0038648248,-0.28394032,0.009670943,-0.033879183,1.1334076,1.112488
0.8946689,-0.0011487305,0.05920905,0.07804726,-0.53879225,0.016000211,-0.10566874,1.0162162,0.98261213
1.0013303,0.08653124,-0.13179784,-0.1216077,-0.52961075,-0.14464068,0.10866043,1.0475394,1.0874566
0.8987353,-0.022940665,0.14065886,0.1286538,-0.45669892,-0.13227321,-0.07869625,0.9962132,1.0170364
0.85553306,0.14346418,0.045474052,-0.07394298,-0.5824227,-0.111375555,0.038905054,1.0197425,0.9733006
1.0233686,0.024063006,0.020718396,-0.053699665,-0.38539773,-0.06805943,-0.14061517,1.1374264,1.0560492
1.1037973,0.11847302,0.08227895,-0.01775536,-0.19955912,0.06665547,0.1414926,1.1245234,0.923661
1.1078646,-0.042391174,0.09960614,0.1171304,-0.15123528,0.031937495,-0.013511702,1.0344456,0.9734976
1.1246674,0.12561086,-0.06818417,0.0052298456,-0.44885248,-0.12402584,0.079394996,0.94299537,0.8658729
0.9170465,0.06516974,0.0051240623,0.07614905,-0.45731342,-0.042030595,0.13717455,1.0807536,1.0270517
0.8989926,0.12976858,0.049323604,-0.13479188,-0.31849045,0.020765007,0.08923723,1.0105658,0.9695285
0.9063458,0.03742373,-0.13230209,0.13725245,-0.2055144,0.0055829287,0.09104885,1.1239746,0.85988855
0.8530926,-0.14934236,0.10315734,0.11207569,-0.38016438,-0.032416575,0.080342084,0.9380004,0.8790803
1.0526109,0.026073724,-0.07023227,-0.07320702,-0.43762222,0.009624824,0.0770874,1.0268089,1.1305629
0.89589024,0.033351213,0.12302965,0.14591584,-0.4346147,0.14072987,0.10954705,1.0619179,0.9733006
1.055548,0.10063586,0.07390371,-0.13981187,-0.3796484,0.097678885,0.107785374,1.0694546,0.9667344
1.1395769,-0.06830417,0.008853361,0.09234069,-0.45633247,-0.13428,0.03386344,0.8531609,0.93629616
0.89172876,-0.1446025,-0.016175434,-0.077076584,-0.27949956,-0.04023523,0.10291159,0.8916374,1.1231616
0.87717927,-0.079110116,0.12521061,-0.040713824,-0.545318,-0.11636162,0.09506722,0.93041617,1.1180459
0.8951895,0.01944846,-0.12501325,0.08485639,-0.47243643,0.07250589,0.011427224,1.1035265,0.88511395
1.1308862,0.04357691,-0.020374522,-0.016415894,-0.61543804,-0.07568985,-0.110591635,1.1077564,1.0775347
0.8928399,0.019880608,-0.04948073,0.09241927,-0.54043853,-0.040278606,-0.0033130795,1.0484385,1.0632395
0.9272457,-0.12768213,-0.11634596,-0.11543162,-0.26623708,-0.07354548,-0.10529521,1.0894954,1.0086343
0.87094593,0.14266774,0.053928837,-0.14017612,-0.41962877,-0.015252799,0.037446946,0.86906457,0.9101834
0.879084,0.023318708,0.112041175,-0.067838915,-0.43210408,-0.010317206,0.09080538,0.9005873,0.98957
1.1240569,0.1260534,-0.030454092,0.00079292053,-0.49620327,0.1290878,0.07351376,1.0123276,0.8679519
1.0417802,-0.12378556,-0.11952453,0.09519732,-0.2591295,0.09835641,0.07128015,1.1204363,0.95253843
1.0592701,-0.091738865,0.14131102,0.13934919,-0.20017502,0.06380543,-0.0047089607,0.8852612,1.106838
0.96641606,-0.089753315,0.10481894,0.09388895,-0.42557377,0.010648832,0.0922727,0.99217653,0.8543628
0.97321486,0.018127099,0.056994006,-0.11999526,-0.44139963,-0.14961067,0.060844272,0.91063917,0.8619906
0.8466364,0.045878887,-0.029621065,-0.13881838,-0.32976922,-0.0015467405,-0.009918004,1.0841962,1.046448
0.9782319,-0.011740223,-0.10100886,0.08443673,-0.27899182,-0.090425715,-0.063833445,1.1427312,0.83613783
1.0267651,-0.009768799,-0.09065688,0.14285555,-0.6615845,-0.0578098,-0.10035449,1.031306,1.0837163
0.88940865,-0.121735945,0.020775259,-0.14305672,-0.63504696,0.13336444,0.10026997,0.9380004,0.98957
0.9564373,-0.08833536,-0.1373139,-0.04021529,-0.7605964,0.104216635,-0.1077411,1.0160588,1.1346276
1.128145,-0.122982614,0.13418755,-0.04287558,-0.4174891,0.122094095,-0.05169788,0.9884428,0.9074994
1.1183522,0.008327305,-0.1304945,-0.028817616,-0.27577424,0.06689598,0.06139466,0.982444,1.0715299
0.8986421,-0.10936114,-0.09158823,0.071731076,-0.4569281,0.086196914,0.11808413,0.8959865,1.1364188
1.0585097,-0.13848147,-0.017202258,0.06724803,-0.633407,-0.0048647523,-0.040385753,1.0041676,1.0877889
0.9026039,-0.13785468,0.114432484,0.14590499,-0.32867002,-0.008546352,-0.04067447,1.0225652,0.9592676
1.0215639,-0.11369623,0.11128098,-0.06480205,-0.5111007,0.003286481,0.073162794,0.85232085,1.1079171
1.0725534,-0.039174773,0.017000213,-0.036721036,-0.46156135,-0.041632406,-0.013511702,0.8799012,0.91314995
0.93559223,0.04608211,-0.08433309,0.023991391,-0.44173136,0.1434794,-0.03196898,1.1280822,1.0913552
0.9896281,-0.096372545,-0.016952798,-0.06858076,-0.43944052,-0.12673594,-0.0017817765,1.0450104,0.9467981
1.1091951,0.021116972,-0.08341518,0.08842553,-0.38011086,0.0757135,0.0033936203,1.045858,0.96739304
0.93102956,0.1258165,0.0988729,-0.06583423,-0.43183875,0.11405605,-0.09330415,0.9005873,1.1208303
1.1207986,0.14347616,0.04284109,0.08842553,-0.43572867,0.103404194,0.10550943,0.90337443,1.1215329
1.0379705,0.047095373,-0.12573487,0.04778962,-0.215691,-0.020725682,0.032044336,1.0163957,1.0087339
0.8733991,0.106559366,0.08699916,-0.13516979,-0.475179,-0.06057641,-0.004726261,1.1329466,1.0392028
0.8615843,-0.08079774,0.14227822,0.024005204,-0.34886554,0.030412244,-0.07802355,0.87382925,1.1305629
0.8979377,-0.13195547,0.10345185,0.100173086,-0.22553308,-0.012635022,0.10032526,0.91853863,1.0438057
1.001441,0.03138104,0.13787013,-0.044352636,-0.5804714,-0.090856254,-0.10035449,0.914161,0.87824196
0.90394497,-0.14583965,0.10096282,-0.035135776,-0.29099545,-0.03581316,0.14188409,0.8686222,1.0217665
0.91233313,-0.104615025,-0.061564714,-0.14305672,-0.35125044,0.055225134,-0.04476101,1.1480601,0.81845385
1.0099459,0.05339524,0.09059174,0.058626026,-0.23934731,0.10008386,-0.14000465,0.9183899,0.8624592
1.0426899,-0.12378556,-0.046167485,0.13485229,-0.3706395,0.06262572,-0.006636381,1.0789163,0.8440411
1.0613768,0.13032755,0.09661423,-0.10960989,-0.5552369,0.08890307,-0.09734924,1.0405627,0.859813
0.99140215,-0.094381504,-0.14555338,0.008584887,-0.37250334,-0.07645412,-0.07999499,0.88737404,0.9419666
1.0641878,0.0042200983,0.003602013,0.02182649,-0.2898852,0.07875724,0.06319544,1.1395072,0.93798083
1.0575672,0.11928013,0.09678422,-0.11199206,-0.34736037,-0.14961067,-0.050550096,1.001843,1.0510973
0.9904209,0.09825991,-0.11990936,-0.06356689,-0.33863974,-0.012417883,-0.118191585,0.9960802,1.0433159
1.1151106,-0.0842337,0.08699916,0.045974,-0.37890518,-0.01817578,0.08923723,0.9855761,1.0205103
0.8561972,0.11624193,0.07206234,0.11637384,-0.30474713,0.026160046,0.09237836,0.9587977,0.96514744
0.92347085,-0.08183379,-0.006627947,0.053299174,-0.59385896,-0.109280884,0.05936326,1.1260958,1.1064572
0.98759055,-0.006789118,-0.015499309,-0.09605953,-0.5130492,0.042815253,0.045176774,1.1315616,1.0090508
0.9028293,-0.10200307,0.0012740194,0.087628394,-0.38237852,-0.03581316,0.077958226,0.91063917,0.95507175
0.96317554,-0.14763947,0.08505112,-0.12855074,-0.38793987,-0.10954523,-0.13442789,0.84747565,0.90250134
0.9522971,0.033351213,0.12504637,0.09403925,-0.45534217,-0.12861162,-0.05086287,1.0079203,0.86776286
0.9911784,-0.11475025,-0.093012616,-0.11174208,-0.599869,-0.05004882,-0.084399536,1.0192716,0.9593683
0.9806384,-0.06670669,0.049748704,-0.02573812,-0.3844253,0.11350095,-0.011180848,1.0599148,1.0675769
0.8791658,-0.13056795,-0.138628,0.05248545,-0.4571084,-0.10116079,0.036143094,0.9218523,0.8780231
1.1308862,-0.07437129,-0.14061962,0.119491786,-0.3426784,0.1288274,-0.09135631,0.91392803,1.0076926
1.1096396,0.12967041,-0.14098516,-0.032963775,-0.3506116,0.11405605,0.12301701,1.1035386,1.0312415
0.90375495,-0.09886138,0.123019606,0.0993844,-0.21937117,0.0034240335,0.042718157,0.9772504,1.1083959
1.0267651,0.036214083,0.08548953,-0.086827025,-0.6233487,-0.12159701,0.091425255,1.0124326,0.9698306
1.125578,0.10589531,-0.06317173,-0.07366827,-0.6049539,-0.098629534,0.12209755,1.1260958,0.96628094
0.9896281,-0.034079216,0.03709355,0.11401287,-0.28174058,-0.13497712,0.0911299,0.84921026,1.1151968
0.8899064,0.13112399,-0.0969957,0.13411343,-0.46379736,0.09593868,0.002753839,1.0624143,1.1145715
0.9158691,-0.10817909,0.12316406,0.040182993,-0.21008849,0.13083085,0.02854149,1.1325781,1.04491
1.1165619,0.1422657,0.10561159,0.11259994,-0.5061469,0.055769935,0.0911299,0.9630855,1.011015
1.1068758,-0.07437129,-0.12384033,0.07091649,-0.1901868,-0.12842861,-0.011800736,0.91227627,1.1019078
1.0012219,0.029759765,-0.026791409,-0.04062038,-0.4515221,0.088295355,0.07392846,1.1138203,0.99228233
1.0041839,0.01017721,-0.107033305,-0.015767992,-0.59994733,0.023601294,0.11205259,1.082738,1.0574374
1.1353626,-0.100160345,-0.12014443,0.053299174,-0.44859177,0.114509255,0.12108746,1.0046514,0.85580933
0.8949391,-0.091738865,0.11019763,-0.042558953,-0.45328993,0.027958214,0.0671282,0.9122319,0.9134345
0.92818236,-0.09174033,0.04963523,0.08476058,-0.28005794,-0.06057641,-0.14880331,0.9571607,1.0711453
1.0237674,-0.082792304,0.012054592,0.014316142,-0.5069343,-0.13986048,0.02854149,1.0957304,0.9042991
0.9683802,-0.13429683,0.08116639,0.0896173,-0.29681268,-0.12375731,0.10945308,1.1080915,0.9039154
0.9839046,-0.12768213,0.07180512,-0.013568878,-0.37110674,-0.0070102513,0.057550386,0.8771706,0.9167849
1.050501,-0.10817909,-0.053806365,-0.121575475,-0.41467392,0.04865256,0.011111647,1.1387856,1.0986555
0.92818236,0.078645736,-0.084251605,0.08547075,-0.39412826,-0.070521265,-0.0545782,1.0779165,0.97247374
0.9431318,0.06324667,0.13664442,0.11402446,-0.50281477,0.086196914,-0.050580025,0.86167175,1.1346276
0.9424237,0.086501315,-0.119097576,-0.13748148,-0.4097897,0.12373342,-0.09670453,0.97335875,1.0243937
0.99318254,0.14057827,0.1128062,0.1431981,-0.47492543,0.11146188,0.012125358,0.9622643,0.9042991
1.118354,-0.003491804,-0.0056058764,-0.124118224,-0.48754045,0.004191935,-0.14061517,1.142463,1.0847498
0.88480926,-0.13785468,0.13664442,0.12914813,-0.60619867,0.0704947,-0.053537287,1.0484596,1.0937991
1.1366663,0.086364314,0.114432484,0.0891809,-0.6201156,-0.056153156,0.12108746,1.1058781,1.1275802
1.0547397,-0.035664283,-0.1327731,0.0993844,-0.3504329,-0.048510395,-0.027376167,1.117646,0.9119462
0.9791386,-0.05090379,-0.0013880432,-0.0048025995,-0.4074672,-0.045836985,0.05018966,1.1366128,1.1314261
0.99588704,0.012393564,-0.09200388,0.022181258,-0.48987228,-0.0028305054,-0.03503505,0.8694606,0.9498108
1.1438375,-0.045674607,-0.08964497,-0.106098734,-0.42819047,-0.058786802,0.09635629,1.0801315,0.89479357
1.0066633,-0.01739575,0.1074982,0.07514304,-0.3458713,0.038097754,-0.14880331,0.9339096,1.0275534
1.1308844,0.004211247,-0.046170026,-0.1400842,-0.5353495,-0.13159648,-0.041559704,1.0374566,0.96628094
1.1015515,0.07930826,-0.017202258,-0.101748064,-0.59186095,0.0338881,-0.109537885,0.9741547,1.0686134
0.89917564,-0.01689282,-0.08406467,-0.0048025995,-0.13091233,-0.12275708,-0.13890345,1.0894954,0.9758306
1.1354586,-0.08843668,0.041232884,-0.11676951,-0.5144073,-0.004550338,-0.07914657,0.96094626,0.9803297
1.140249,-0.11410998,0.04717739,0.097778276,-0.6304199,-0.011366487,-0.12702265,0.91049415,1.0349414
1.0920678,-0.13848147,-0.057337083,0.13828698,-0.2860171,0.13928068,-0.036693,1.0163237,0.87824196
0.85431004,0.1154744,-0.022944704,0.13636354,-0.32397413,-0.13936204,0.0032605082,0.9772504,1.1228256
0.97235453,-0.07727426,0.14227822,0.08884178,-0.4729152,-0.0612716,0.05613932,0.8521637,1.0969572
0.91074526,-0.12824771,-0.058268383,0.091327384,-0.55245924,-0.023574352,-0.14559647,1.022264,1.0698969
1.0233686,0.14347616,-0.0430101,-0.027959958,-0.54540086,0.040820435,0.08169755,1.0139645,1.0270517
1.1366663,0.01518999,-0.0947301,-0.107887946,-0.27826926,-0.0558042,0.067196235,1.0308139,0.86573106
0.950237,0.07068744,-0.013734192,0.031091645,-0.22727495,-0.10061344,0.077958226,0.94054055,0.9756743
0.8989926,-0.08638013,0.036227673,0.06740005,-0.50970113,0.13782838,0.14609402,1.0765221,0.9108928
1.1236246,0.0739858,0.04043533,0.036310866,-0.23337367,-0.1092683,0.06448363,0.9636645,1.0990021
0.99140215,0.14057827,0.1102604,-0.091165915,-0.2573034,-0.04260362,-0.06653717,0.88946986,0.8566596
0.97947776,0.06315759,0.042205006,0.08547075,-0.5540873,-0.04129322,-0.08227603,0.9884428,0.86673427
0.96498775,0.033351213,-0.09065688,-0.1112857,-0.36451,0.05194348,-0.07680032,0.9577786,0.92624736
0.9380708,0.019880608,-0.081488535,0.13399854,-0.18169078,-0.111375555,-0.10580514,1.004648,0.96617234
0.9904209,0.07650019,-0.11028092,-0.037317738,-0.41976854,-0.015252799,-0.13841522,0.9279837,0.9942565
1.0012219,0.14520797,0.086066544,-0.032963775,-0.09152576,0.012648389,-0.042088352,1.1204363,1.0205103
1.0316578,0.0094551295,0.07217698,0.016495317,-0.3534721,0.11178875,0.0922727,1.0491467,1.0883806
1.1069943,0.03335829,-0.007641703,0.045974,-0.44838342,-0.09694199,0.08813909,0.9904665,1.0467412
0.93773013,0.09578526,-0.03656856,0.034725115,-0.42746165,-0.0014072806,-0.004726261,1.0096407,0.9822689
1.1381521,-0.08298297,-0.1458928,0.02451773,-0.22922674,0.10462549,0.09351182,0.90942526,1.0163913
1.0798563,-0.07004739,-0.0015335679,-0.028817616,-0.29245362,-0.0030636042,-0.06881806,1.1245234,0.94240564
0.890038,0.04831049,-0.12120184,-0.10999924,-0.6453768,0.118175715,0.035132706,1.1171223,1.0176812
1.0279377,-0.06570956,-0.046170026,0.11234221,-0.3187763,0.11710909,-0.110803634,0.92444825,1.0657197
1.1320348,0.075711235,-0.10100886,-0.03723804,-0.1486772,-0.048510395,0.0032605082,1.1232916,1.0906199
0.8593277,-0.024873212,0.07546762,-0.0911189,-0.43781927,-0.018759489,-0.10396763,0.97773063,0.8690695
0.8492932,0.14761728,-0.008088037,0.03950599,-0.40209857,0.07645576,-0.14601816,0.9772504,1.0472479
0.8899064,0.14452156,0.047845244,0.034456134,-0.6494019,0.07127763,0.036463544,0.95828265,0.88495046
0.9909343,0.07432155,0.018511519,0.03782569,-0.55245924,-0.11918532,-0.08017203,1.0054382,1.0512064
0.94231236,0.11371654,0.026223883,-0.0888644,-0.43533435,0.016364872,0.14145389,1.0312223,0.8624592
0.9273255,-0.005390987,-0.13455082,-0.13422345,-0.5695398,0.09481059,0.040171087,0.88623124,0.84098446
0.9388944,0.09525667,-0.015850484,0.10735288,-0.31394625,0.06050858,-0.028491966,1.0650438,1.016174
0.8733991,0.02133122,0.09695275,-0.0033699423,-0.4939811,-0.06045358,-0.08744327,0.9877819,1.0924401
1.0180277,0.014822483,0.023985311,0.054245412,-0.39346495,-0.09684583,0.036958143,0.9744913,0.9193443
0.965897,-0.11330476,-0.064728945,0.044565707,-0.4644505,0.005717948,-0.08225618,0.8568328,0.9384682
1.0645629,-0.026107661,0.085031316,-0.04021529,-0.29678744,0.13171819,0.11205259,0.85986185,0.9180054
1.0390286,0.12270814,0.10345185,0.11884269,-0.19262251,0.05467701,-0.021392584,1.0879961,0.9246499
1.0417802,0.029705718,-0.00031781197,0.1458782,-0.5069648,-0.0070102513,0.040171087,0.941754,1.0934478
1.0293169,-0.027352832,-0.14410862,-0.02453731,-0.6395933,-0.11132904,0.12843537,0.9986775,1.0431697
1.0212691,0.13346645,-0.08256945,0.059330538,-0.3398665,0.1182065,0.07128015,0.8568328,0.9738882
1.0472016,0.08923492,0.007002145,-0.060868055,-0.48629662,-0.023574352,0.12598065,1.1082883,0.92893475
1.114522,-0.035664283,0.09022294,-0.13161963,-0.49887192,-0.032706894,0.035145625,1.0619141,0.8440411
1.1419141,0.1468736,0.1311521,-0.04413253,-0.43054312,0.12176651,-0.044923514,0.9520316,0.9188087
0.9801756,0.025244847,-0.061489165,0.004065424,-0.27908647,-0.1079945,-0.065707386,0.993474,1.0265989
1.0355595,-0.067904934,-0.0429397,-0.056284674,-0.41382626,0.09929785,-0.09330415,1.0744915,1.0721226
1.030799,0.049565807,0.042213246,0.14080179,-0.33557054,-0.002254054,-0.04536356,0.8916374,0.91262436
1.0906575,-0.055717833,-0.1038899,0.09870033,-0.3470867,-0.14193511,-0.049271822,0.93772924,1.0295506
0.90232253,-0.026560627,0.022523552,-0.043529533,-0.36227483,0.07534075,-0.1055785,1.1336203,1.0883806
0.96385366,-0.13071725,0.11019763,-0.08435036,-0.43463722,-0.1442954,-0.14475605,0.8817222,1.046448
1.0500811,0.01609172,-0.124229625,-0.12720683,-0.6869533,0.06403004,-0.14030741,1.0203704,0.95380294
0.8791658,0.12401125,0.020718396,0.13636354,-0.35394484,-0.13512293,-0.053313054,1.1395072,1.0351737
0.89303935,-0.007362634,-0.015499309,-0.04517813,-0.63616157,-0.0798189,-0.066391915,0.8460388,0.9338836
0.98881453,-0.09403241,0.14183986,-0.10776825,-0.41995618,0.12224573,0.003348589,1.1232916,0.92017
0.94715047,-0.095261574,0.016469285,-0.076645255,-0.4997685,-0.016675368,0.12283847,1.0947971,1.0749656
0.8892843,0.012851298,-0.047563367,-0.02453731,-0.15240934,0.10344556,0.030316904,0.91717356,1.1003273
1.030647,-0.07012174,-0.024404332,-0.13809729,-0.40981144,0.087675735,0.05018966,1.0570345,0.9531721
1.0935062,-0.14763947,-0.011148259,-0.1071426,-0.5553379,-0.10512316,-0.13547623,0.8913839,0.853505
0.893691,-0.047217287,-0.10872513,-0.12017774,-0.4586983,0.12690946,-0.074264795,0.9122319,0.90117115
0.9597288,0.08563033,0.11822802,-0.12576535,-0.28822723,0.035958767,-0.11248483,1.0203704,1.0808598
0.95558137,0.12722594,-0.14098516,0.08462769,-0.30092907,0.06689511,0.045176774,0.85464084,0.9673638
0.91882,0.090534896,0.13418755,0.13312638,-0.20574164,0.025739536,0.090436906,1.0808637,1.1305629
0.89668334,0.08101858,-0.024738103,0.13485417,-0.35956407,-0.14130582,0.017879084,0.84747565,1.1115007
1.1245778,-0.13913587,0.14867991,-0.063459046,-0.24415547,-0.037522726,0.10690516,1.1035386,1.1243054
0.94525003,0.06823397,-0.080598615,-0.023323894,-0.47414437,-0.13264139,0.06659426,1.0420125,0.9531721
1.1279987,0.001999408,-0.14814875,0.0037929714,-0.50102675,0.13586456,0.14653775,1.0896757,0.88458115
0.95110536,-0.07957768,-0.116986446,-0.10732372,-0.37167987,-0.045836985,0.11402699,0.8710316,1.0547029
1.0500811,-0.14409155,-0.022803396,0.09165776,-0.45126054,-0.00077170134,0.12884462,1.0163237,1.0378189
0.99812067,-0.13059098,-0.081210606,-0.042908244,-0.47786543,-0.10116079,-0.07999499,1.0225652,0.89456546
0.8841412,-0.1446025,0.06360082,-0.06002435,-0.6405753,-0.09890409,0.010128826,1.1392566,1.0377737
0.85880244,0.029759765,0.1285091,-0.021719024,-0.28169587,0.11266574,-0.11430329,1.033118,1.0135243
0.89240813,-0.13785468,0.05332899,-0.13479188,-0.14834905,-0.11918532,-0.10308771,1.0921621,1.0574576
1.0750079,-0.017022401,-0.023341566,0.06977968,-0.4556362,-0.14548844,0.05267878,1.0611149,0.90671086
1.093993,-0.12554577,0.059163496,-0.108236864,-0.5019717,-0.0028305054,-0.029517852,1.100871,0.84947014
0.89303935,0.14057827,0.09498422,-0.019391894,-0.45331073,-0.030680396,0.02544573,0.8901073,0.9573584
0.949663,0.038568243,0.12782899,-0.09027733,-0.23758787,-0.131423,0.13267353,1.0334747,0.98960406
1.1283568,-0.13785468,-0.14950323,0.09388895,-0.28412074,0.06527898,-0.07761428,1.038934,0.8996184
1.1236246,0.11957869,-0.13670075,0.08485639,-0.61056423,-0.041977666,-0.089562826,0.91759205,1.0464627
0.89289623,0.014872551,0.10096282,0.13181159,-0.51110864,0.036703557,-0.036731444,0.9540911,0.91397476
1.030647,0.09444021,-0.107033305,-0.12358622,-0.51910543,-0.06644377,-0.109537885,0.9946116,0.9498108
0.9669806,-0.0020405203,0.025276303,0.13863832,-0.39145124,-0.041977666,0.037133485,0.9514717,0.8619906
0.9092062,-0.020979732,-0.08231165,-0.024083093,-0.2832208,0.011760652,0.117563516,0.90942526,1.0990021
1.0076623,0.06488286,-0.0064007193,0.06320815,-0.591231,-0.027282141,0.102736175,0.97947234,0.9119462
0.8858119,0.134691,-0.13444269,-0.04398846,-0.29175243,0.07127763,-0.13712564,0.95828265,1.0900829
1.119042,-0.11077736,0.13016716,0.049271822,-0.24767143,0.093222335,0.067598164,1.0073882,1.0556298
0.95110536,0.10589531,-0.080598615,0.004065424,-0.4444992,0.10605231,0.12090543,0.858924,1.0384266
0.85602117,0.1242075,-0.11103201,-0.07557918,-0.3804283,-0.14095728,-0.074264795,0.9456816,0.8913505
1.138499,0.06970319,-0.05289209,0.08097723,-0.5711548,-0.14370699,0.062047362,1.1365167,0.8619906
0.98275167,0.1358912,0.074751645,0.11446458,-0.45390138,0.11228812,0.032044336,1.0900074,0.8617986
0.8811868,-0.114917606,-0.12365204,0.11864388,-0.44882298,-0.008571997,0.09551881,1.0957304,1.0997859
1.0877817,0.08653124,-0.07006594,0.055637076,-0.40236577,0.113778085,-0.066546254,0.87929106,1.0191034
0.83950233,-0.13018142,-0.12552622,0.10397956,-0.4765798,0.0454361,-0.0028906465,1.078547,0.999588
0.8863232,-0.05980125,0.06702332,0.1171304,-0.2466021,0.114739954,0.13166556,0.9960802,1.0051486
0.92044216,-0.04793179,0.061543148,0.03363867,-0.48045602,0.05367914,-0.040385753,0.88737404,0.9734976
1.0590775,-0.016035676,-0.038347773,-0.06858076,-0.361229,0.09910242,5.9753656e-05,0.9136032,0.8791304
1.0601271,0.075711235,-0.13797474,-0.07885647,-0.21055382,0.00650239,-0.14475605,1.038934,0.8762031
1.1312947,0.029759765,-0.045392685,0.11365378,-0.34220472,-0.08475015,-0.040691257,1.0884607,1.0275534
0.8811868,0.029673368,-0.037191026,-0.056284674,-0.21804678,-0.12842861,-0.008408263,1.11115,0.990651
0.9597288,0.0094551295,-0.054006085,-0.032963775,-0.22108719,-0.011903644,-0.008786708,1.1315616,1.04618
0.9853999,-0.07758689,0.14875194,0.10081306,-0.5413374,-0.11894171,0.14389855,0.9662001,0.97568095
1.0722522,0.10650724,-0.14236912,0.14080179,-0.63597465,0.03307867,-0.011857659,1.1368923,1.0672518
1.0944612,0.14411378,0.02861172,0.07921654,-0.70085955,-0.06471931,0.09351182,0.8741696,1.0620551
0.9194479,0.022453636,0.1012595,0.0026336312,-0.3216073,-0.107751064,-0.011180848,0.90440094,0.9182168
0.898268,0.10116178,0.07644877,-0.13708493,-0.25641802,0.13171819,0.06139466,1.1254132,0.98399377
0.96441185,0.038568243,0.041232884,-0.12079733,-0.5813805,0.06067218,-0.09371431,1.0121632,0.96739304
0.8823057,-0.06522459,-0.12384033,-0.015767992,-0.44829214,0.038149312,-0.0033130795,1.1191709,1.0923207
1.0398719,0.13194117,0.04043533,-0.015767992,-0.51333225,-0.10062681,0.06224969,0.9466861,1.0937991
0.9801385,-0.06584358,0.0627839,0.09344733,-0.53913903,-0.103896484,-0.070019126,1.0693477,1.0349414
0.8986421,-0.08622482,0.10783097,-0.113288306,-0.44396606,-0.048510395,0.05400911,1.1260958,0.89880353
0.97617686,-0.053179376,0.09960614,-0.09775032,-0.38498944,-0.089425854,0.10084295,0.9098826,1.09286
0.92044216,-0.053179376,-0.06374041,0.14383456,-0.17553042,-0.03782843,0.009804368,0.918758,1.0270517
0.9753825,-0.028935028,0.08318357,-0.12460167,-0.37662452,0.003286481,0.028785303,0.96492785,0.8913505
0.94525003,-0.035664283,0.11836311,-0.0038648248,-0.14077163,-0.041073047,-0.015393972,0.9279718,0.87463033
1.0067255,0.10474962,0.14442214,-0.009405136,-0.2975818,0.1160973,-0.08225618,1.1391962,0.9353515
0.92818236,-0.042369425,-0.09836986,0.024367884,-0.6379315,-0.0981901,0.14145389,0.87382925,1.0969572
0.97321486,0.13882086,-0.083473206,-0.13516979,-0.57480955,-0.03145411,-0.065929145,1.0619179,1.0270517
1.0004083,-0.02580046,0.1341458,-0.13175511,-0.40333217,0.09835641,-0.078191526,1.079252,0.91124344
0.9272457,-0.14337862,0.10262501,0.112226665,-0.55429375,-0.10061344,0.1116178,1.064282,0.9738882
1.0966041,0.11296165,-0.12468094,-0.09399283,-0.5967397,0.086243495,0.06139466,1.0251148,1.0553367
0.8899064,-0.02473408,-0.1402574,0.031737402,-0.43419835,0.024532408,0.077958226,1.0420125,1.1022485
0.8779876,0.03138104,0.12935135,0.017417967,-0.30670255,0.006807536,0.09008731,1.0163957,0.85385144
0.97037643,-0.092692405,-0.10402177,-0.1112857,-0.54708004,-0.097936004,0.09378062,0.9147639,1.0374002
0.8790047,0.082301766,-0.08548043,-0.009540096,-0.30778894,-0.082828745,0.067733735,0.9499626,1.1003273
1.0751084,0.047095373,0.10348824,0.06939314,-0.29065,-0.0798189,-0.06653717,0.9544899,0.9078673
1.001792,0.09511803,-0.061489165,0.13501036,-0.27572557,0.037476286,0.14008433,0.858924,1.105119
0.93102956,0.06457524,0.00019407272,0.04234229,-0.6068444,-0.13512293,-0.09243998,0.918843,1.0076926
0.96543056,-0.04793179,0.075754836,0.11292106,-0.3208688,-0.12861162,-0.047580242,1.0312223,0.92455536
1.0099459,0.118062675,-0.026974924,-0.0032129139,-0.4386103,-0.08556106,-0.12043607,1.104393,1.0438057
1.0493103,-0.14754689,-0.07874365,-0.0432164,-0.5822383,-0.14095728,0.022434235,0.9884428,0.8475709
1.128145,0.10987124,-0.13874097,-0.11417551,-0.37525484,0.089736775,0.023051113,1.0139682,1.0422949
1.0020314,0.14346418,0.059631333,-0.010877252,-0.4590152,0.04074022,0.020383283,1.0789163,1.112488
1.055548,-0.0021144152,-0.08036551,-0.03473089,-0.4283047,0.14139417,0.0783785,1.0565515,0.9951676
0.8986421,0.017179161,0.06604789,-0.07593327,-0.7566418,0.13511693,0.098244205,1.0689733,0.8657686
0.9146839,0.12754214,0.02325128,-0.11326631,-0.26687214,-0.11894171,-0.065707386,1.033118,1.1261697
0.8786884,0.09825991,-0.13874097,-0.06356689,-0.0861828,-0.13571332,-0.00951609,0.9893755,0.89106053
0.85602117,0.081151485,0.1222862,-0.020353585,-0.35257837,0.01653096,-0.08262348,0.85987175,0.86820686
1.030799,0.025244847,0.13016716,-0.03798788,-0.64843464,-0.0798189,0.019069463,1.1387856,0.8463181
1.029434,-0.08183379,0.0679549,-0.11800685,-0.39672244,-0.1197471,-0.09667441,1.0848666,0.9724648
1.0047749,-0.022507146,-0.109843366,-0.06540901,-0.3403925,-0.01817578,0.102319896,0.9135034,0.8475709
0.9839046,-0.042532258,-0.13179784,-0.019391894,-0.4052902,-0.14548844,0.029842064,1.055416,1.0545756
1.131293,0.084847,0.06965363,-0.083790265,-0.65408695,0.045856982,-0.089562826,1.1192752,0.87913847
0.930105,-0.010762185,-0.118232846,0.086505964,-0.50502396,0.051159337,0.13629058,1.0377421,0.85850155
1.0709382,0.13075766,0.114432484,0.050523877,-0.30663246,0.043784812,-0.059494883,0.9006759,1.0620551
1.0799083,0.09825991,-0.09992728,0.06740005,-0.44478482,0.04865256,0.09824824,1.02682,1.0844222
1.0575672,-0.07004739,-0.061489165,0.11446458,-0.46629587,-0.08718603,-0.12275141,1.1237518,0.94451845
1.0682807,-0.10067311,0.13819966,-0.09148225,-0.4272372,-0.027562164,-0.11970283,0.8731957,1.0433159
1.0799083,-0.104867384,0.05744101,0.016740471,-0.12374452,0.13263732,0.071758255,0.9376523,1.1116555
0.91441625,-0.14409155,-0.06466672,0.10741067,-0.77372926,0.04865256,0.13254711,0.9475235,1.0472808
1.1105096,0.045879975,0.097056,0.14590499,-0.46114686,-0.07885439,-0.042262226,0.89148456,1.0377737
0.89172876,-0.13549238,0.08318743,0.0021732152,-0.5970197,-0.057128586,0.038285956,0.9166239,1.0431697
1.1364287,0.10355052,-0.119097576,0.05921778,-0.5938451,-0.11497441,0.14934763,0.9824652,0.9218119
0.9518878,-0.08063023,-0.0017471015,0.01519394,-0.28211284,0.06067218,-0.09136595,1.0376838,1.0911388
0.9388944,0.09525667,0.058996513,0.14383456,-0.36235988,-0.049101107,0.02854149,0.89225566,1.0985986
0.91389555,-0.095704526,-0.033362247,-0.13981187,-0.35777336,-0.1371608,0.1387429,0.99201244,0.8573502
0.93821144,0.011535138,0.034920067,0.09920165,-0.36340743,-0.100740306,0.042121515,0.89247537,0.9458621
0.8750732,0.12976858,0.08548953,-0.027959958,-0.33569193,-0.031027906,-0.12039552,0.91205907,0.859813
0.97164834,0.13778222,0.07412659,-0.06883357,-0.5232737,-0.04746335,0.030316904,1.1318418,0.920833
0.8972401,0.0043500066,0.1364603,0.07300623,-0.382474,0.009809256,-0.011173457,1.1418813,1.1299547
0.94130874,0.1088576,0.023985311,0.037308887,-0.57388073,0.05897005,-0.028491966,1.0515381,0.95723027
1.111376,0.1468736,-0.115745425,0.12375802,-0.3414892,0.019779876,0.021669716,1.0184213,0.9791243
0.88010645,0.14452156,-0.03656856,-0.11842112,-0.58291936,-0.02738525,-0.06132102,1.0591606,1.0384266
0.9518878,0.067943186,0.0039180666,-0.032007284,-0.3314477,0.114673406,0.068038434,1.0160588,0.8930172
1.0727729,0.14155734,0.061901283,-0.061946265,-0.34954405,0.11956757,0.14787364,1.0516347,0.86214453
1.1300975,-0.022507146,0.05920905,0.14939013,-0.36780536,0.13885224,-0.13813415,1.0200745,1.1264477
1.0916324,0.014872551,0.1441504,0.08431488,-0.48878804,0.07597634,-0.1335561,0.92779243,1.1232495
0.99812067,-0.039719403,0.013312429,0.07597107,-0.31208813,-0.077828966,-0.11521031,0.9136032,0.9453324
0.8855915,0.008427769,0.02325128,-0.016560763,-0.45445362,0.07597634,-0.14139877,1.1062043,1.0880722
0.850054,0.06699185,-0.13164496,0.13411343,-0.4706119,-0.13590014,0.10954705,0.93041617,1.0545756
0.9791869,0.112403005,0.116134375,-0.10394059,-0.45833164,-0.050032638,-0.12754834,1.0813351,0.9884112
1.0732279,0.057350874,0.072867796,-0.12893227,-0.29941866,-0.039154492,0.020383283,1.1396165,1.1083959
1.0296619,-0.105876416,-0.054923452,-0.11471169,-0.41689634,-0.048510395,0.13120377,1.1077564,0.9246499
1.0867286,1.0296702e-05,-0.034467638,-0.014408454,-0.3791528,0.0017903001,0.12973246,1.132654,0.9338836
1.1300871,-0.07336702,-0.12982583,-0.037239037,-0.21233031,0.025537774,-0.13764827,1.0387542,1.0975082
1.1096396,-0.09094709,0.14794448,-0.13809407,-0.3849337,0.02636762,0.03149478,1.100871,1.0658883
0.9018247,-0.017022401,0.1148642,0.0052298456,-0.52990234,-0.02738525,-0.08083427,0.85587454,0.8737076
0.94231236,-0.114789516,0.11836311,0.11234221,-0.38447374,-0.0015467405,0.12615868,1.1199903,1.0185884
1.1255518,0.09302443,-0.06539501,0.031205684,-0.39589715,0.07935892,-0.021040931,0.8886787,1.1358875
0.8578124,-0.027352832,-0.12384033,-0.05201163,-0.124056965,0.12198815,-0.1288335,1.142316,0.9193443
1.0378511,0.14589524,-0.0310575,0.120529324,-0.77244323,0.036638737,0.14787364,1.0002857,1.1259065
0.88195306,-0.060075976,0.034920067,0.05275342,-0.5912433,0.11240217,-0.023545831,0.9802122,1.0472808
1.0722522,0.08078025,-0.124934405,-0.0761965,-0.28524482,0.13666713,-0.069107406,0.9480123,1.0135243
1.0824559,0.061511517,-0.04337307,-0.13688327,-0.4426777,0.004480019,0.11205259,0.8599863,1.0715677
1.0237608,0.076966405,-0.04922971,-0.009235233,-0.50681,0.03507799,-0.11973178,1.090245,1.052809
1.0987247,-0.055717833,-0.126703,0.13378423,-0.10354158,0.09435867,-0.08760996,1.078547,1.0487149
0.85777617,-0.03617826,-0.091206685,-0.016560763,-0.42808148,-0.13512293,0.13179162,0.97670704,1.0856848
0.99809873,-0.05557432,0.121548295,0.06939314,-0.19103944,-0.046560183,-0.040691257,0.9571607,0.8679519
0.9717883,-0.026560627,0.053928837,0.0195266,-0.38297674,0.11228812,-0.001523599,0.8599863,1.0270517
0.9776333,-0.020979732,0.06065227,-0.058065683,-0.28400257,0.13476226,-0.08345774,1.0770619,1.0416305
1.119042,0.11422852,-0.02413258,-0.0432164,-0.5577142,0.05194348,0.07339774,1.1036751,0.9942565
0.8665257,0.10514787,0.07217698,-0.0007108599,-0.52672046,-0.10967848,0.074954405,1.0096407,0.8752802
0.9748419,-0.12378556,0.14961329,-0.02117595,-0.1988222,0.026459038,-0.13970888,1.0139682,0.95820796
0.8927183,0.045865044,-0.030454092,-0.13470183,-0.48617947,0.006165445,-0.10876887,1.0366796,0.9135418
1.0430083,-0.009768799,-0.05056812,-0.042908244,-0.5111003,0.0077523887,-0.036731444,0.9100088,1.0640874
0.86904967,0.13907686,0.061634164,0.14124668,-0.45292148,-0.0014072806,0.095868275,0.9546493,0.97206014
1.0921065,0.06699185,-0.12368981,-0.0888644,-0.5669116,-0.14705198,-0.06132102,0.94754183,0.9039154
1.0477655,-0.09174033,-0.12666485,-0.079939686,-0.183548,0.060010806,-0.12086378,0.8655189,0.9465505
1.1015515,0.08101858,0.1465106,-0.13470183,-0.55044174,-0.131423,0.10917568,1.0763853,0.9039154
1.0289199,0.04453744,-0.040818326,-0.09844094,-0.5226171,-0.06893419,-0.11539228,0.91088265,1.0775214
1.0014002,-0.09727999,-0.10052347,0.08547075,-0.60700005,0.11710909,-0.09238773,1.0801333,0.89106053
1.1093931,-0.11277434,-0.13552067,-0.09777409,-0.21962413,-0.114388995,0.10477105,0.9520316,0.83144057
0.8965553,-0.11635642,0.098101676,-0.115456425,-0.38098198,-0.1079945,0.06794472,0.8858764,0.97568095
0.9864047,0.09439011,0.032150388,0.03566481,-0.35931352,-0.058786802,0.122550786,0.9917928,1.0721334
0.85823154,-0.08258515,0.056994006,-0.011421561,-0.5208104,-0.14193511,0.05936326,0.9926613,1.0243937
1.1112771,-0.09076592,0.14906546,0.010160312,-0.3386872,-0.07803412,-0.12172881,0.8799012,0.91262436
0.9169731,0.13032755,-0.14143883,-0.018981352,-0.25148168,-0.05102536,0.11437622,1.0398067,1.1355546
0.89589024,-0.009365112,-0.015822023,0.09471333,-0.3191264,0.059860155,0.065230176,1.0096407,1.0557079
1.0477736,0.05996263,0.11443356,0.09241441,-0.5386989,-0.026781037,-0.13426135,0.98338264,0.8863627
0.88909507,0.004073322,0.07546762,-0.097000614,-0.44765517,0.14585543,-0.11521031,1.0196179,0.85850155
0.8774778,0.0030459166,-0.1261389,-0.13809407,-0.55041784,0.088295355,0.09551881,1.0097871,0.959664
1.1403728,-0.031254746,-0.10828039,-0.02453731,-0.76156723,0.089080974,-0.10571048,0.91341895,0.90117115
1.0829104,0.036214083,-0.115745425,0.041862577,-0.27378282,0.05367914,0.034053057,0.95180535,1.1029751
1.055548,0.011852697,-0.11103201,0.0012759119,-0.4794922,0.060010806,-0.050988257,1.0804473,0.87996393
1.0180479,-0.06072069,0.09375022,-0.053437583,-0.35423052,-0.05102536,0.08792557,0.8602653,1.0099627
1.0445026,0.012299657,-0.1261389,-0.028735116,-0.5667578,-0.10685499,0.13715333,1.1308209,1.0808598
1.0763478,-0.10586554,0.0627839,-0.11350131,-0.32039517,-0.078915924,0.01568839,0.91049415,0.9683567
1.1415,0.1154744,0.030061856,-0.058710963,-0.48445854,-0.110848054,-0.031251542,1.0197425,1.0520875
1.1417091,-0.09958242,-0.14112575,0.0026336312,-0.38930967,0.14497456,-0.015393972,1.0845037,0.9770368
0.9408905,-0.0869368,0.10348824,0.015117631,-0.23493601,-0.028866097,0.07339774,1.0132048,1.1130906
1.122938,-0.05557432,-0.0064007193,0.050983116,-0.34743902,-0.04260362,0.14008433,1.1368923,0.8741934
0.90014815,0.05571097,-0.013605043,-0.036615282,-0.13458517,-0.11474776,0.12209755,1.1036751,0.8577472
1.0971221,-0.07758689,-0.05056812,-0.050041564,-0.25228894,-0.0755824,-0.14139877,1.0728508,1.0378189
0.9041647,-0.11222103,-0.12384033,0.0024392307,-0.29581013,-0.04915025,-0.09319118,0.86111546,1.0076926
1.050501,-0.14353214,-0.07874365,0.07935767,-0.27751908,0.010648832,0.14190602,1.0041676,0.9765791
1.1268669,-0.0017764419,-0.00031781197,0.07978997,-0.57097274,0.026767164,0.09178989,0.9169213,1.133301
0.98048955,-0.04654911,0.14204428,0.065922886,-0.5486914,0.0077523887,0.07128015,0.97773063,1.0550932
1.1020482,-0.103495225,0.114432484,-0.07863341,-0.6447542,-0.10235736,-0.021592572,0.95180535,0.9491836
1.0267295,0.043118075,0.0764042,0.13863832,-0.35207713,0.0046468675,0.012708738,0.9129658,0.9730183
0.9026278,-0.05255059,0.018163264,-0.12460167,-0.3858783,0.032505617,0.05613932,1.064282,0.89456546
0.8514041,0.12976858,0.14962384,0.026293725,-0.20479286,0.06251229,0.021669716,1.0779165,0.8619906
1.0607958,0.07294625,-0.06039738,0.027841896,-0.32968912,-0.10986878,-0.080565944,1.0772436,1.0163913
0.9879217,-0.11667669,0.12946871,0.13828698,-0.40337008,-0.012013599,-0.0491061,0.97287726,0.85213375
0.879084,-0.05255059,0.05920905,0.057520583,-0.30237263,0.13782838,-0.11304337,1.0929866,1.0576146
0.9580127,0.1470057,0.11174524,0.06443882,-0.5722443,0.053119406,0.03197527,0.9577786,1.0374002
0.9210339,-0.022940665,0.012987107,0.0031422824,-0.56571627,-0.04067778,0.039801747,1.0282354,0.91532785
1.0696282,-0.06584358,0.13037604,0.09241927,-0.23194185,0.14585543,-0.12207871,0.9151207,1.1079171
0.8575387,0.056917697,-0.011579558,0.122887075,-0.58485484,-0.1371608,-0.08017203,0.93433255,1.0860513
1.0106616,-0.13434964,0.022567928,-0.12597804,-0.6539526,-0.035039753,0.04598415,0.8951031,1.0315197
0.89353055,0.07137132,-0.08053741,-0.11174208,-0.45484406,-0.050706804,0.10690516,1.0115575,1.0638633
1.0968419,0.06488286,0.0627839,0.09074314,-0.51589376,0.051528558,0.022753447,0.9492411,1.112488
0.96543056,0.085885555,0.103913695,-0.004266739,-0.7622367,-0.033491693,0.043461353,0.9169213,0.97487426
1.1356641,0.13075766,-0.14410862,0.11402446,-0.51384294,-0.02281493,0.12910959,0.9946116,1.0997859
0.96498775,-0.1272307,0.14712778,0.07486957,-0.20446432,0.09554288,0.0974925,1.0123276,0.8856932
0.8955903,-0.11190863,-0.073651694,-0.010877252,-0.60377,0.027678162,0.10477105,0.99640197,0.9458621
0.91252923,0.018048212,0.04409851,0.14674428,-0.48201543,-0.0015467405,-0.03230322,0.95785975,1.0844597
1.0550673,-0.00539428,-0.12692486,0.04709588,-0.6136436,0.06689672,0.004286006,1.0330521,0.8547224
0.964898,-0.10061516,0.03654003,0.028855503,-0.6662241,-0.048510395,0.074954405,1.0787472,1.0860513
1.1183522,0.081714824,0.13787013,-0.06882019,-0.37912983,0.026464552,0.009662017,0.9544899,0.9951024
0.97235453,0.09322631,-0.052547567,-0.12568823,-0.5634506,-0.026746206,-0.09171163,0.9805029,0.9742171
1.1068758,0.027117744,-0.076153874,-0.12215283,-0.58861184,-0.08550739,0.043755487,1.1345952,0.85211045
0.9879217,-0.14754689,-0.058737785,-0.09775032,-0.13730142,-0.08659035,0.024978444,0.95841867,0.95698965
1.0185007,0.101451576,0.047597095,0.09234069,-0.452256,0.028885797,0.03489414,0.8681548,0.86573106
1.0082483,0.10069755,0.11822802,0.024518535,-0.4965307,-0.012646347,-0.06704858,1.1260958,1.0571097
1.1069943,0.0014749616,-0.13699792,-0.019856185,-0.30420566,0.0017903001,0.06448363,1.1374264,0.9012625
1.1366663,0.005149871,0.121836215,-0.04287558,-0.4189912,-0.11777657,-0.055578552,0.9839535,1.0654471
0.9222326,-0.12415453,0.09106152,0.067945674,-0.36375466,0.100788325,-0.053657167,0.9025091,0.89865154
1.0434879,0.0042200983,-0.08330423,-0.07366827,-0.4628083,0.008457601,-0.054331057,1.1342804,1.0232553
0.856419,0.1468736,0.0012740194,-0.07919162,-0.5929295,-0.080864996,-0.06002319,1.0171354,0.92749393
1.0725534,0.030104682,-0.040714756,0.011852145,-0.32685196,-0.00077170134,-0.11970283,1.0967482,0.89880353
1.1020737,-0.067904934,-0.13103157,0.09953588,-0.5057576,-0.09260808,0.07328953,1.1432798,1.078591
0.9737335,-0.01739575,-0.13274622,-0.036615282,-0.47894418,-0.10892287,-0.12764475,1.117646,1.1195915
0.89321345,0.1033569,0.07608691,-0.1277036,-0.33221948,-0.078796655,0.116095394,0.9744913,1.0644919
1.1419141,-0.11552645,-0.13230209,-0.10999924,-0.34045556,-0.0066299736,-0.08346185,1.051516,1.031754
0.91389555,-0.048898228,0.027395114,0.0891809,-0.5947796,-0.00082856417,0.116095394,1.100871,0.85310173
1.0020314,0.06243816,-0.13797474,-0.13530935,-0.4367551,-0.0363425,-0.052056745,0.9166239,1.09792
1.0904152,0.060310706,0.106273025,-0.0154901445,-0.42108643,-0.038934663,-0.10275035,0.97978646,1.123111
0.91252923,-0.1327964,0.019605279,0.036150828,-0.6447789,-0.026746206,-0.13547623,1.067159,1.0976291
0.9461152,0.11371654,-0.042575352,0.024005204,-0.27064753,0.074964315,-0.09667441,0.92666996,0.9471407
1.0842183,-0.039174773,-0.033362247,0.0052298456,-0.13010365,0.0704947,-0.11293742,0.9544899,1.0448166
0.8665257,-0.04099699,-0.09967008,-0.10613321,-0.55512846,0.0546017,0.0770874,0.9866157,0.9427467
1.1279987,0.04868549,0.10561159,0.097534254,-0.5160407,0.13476226,0.025820881,1.072456,1.0035075
0.94379556,-0.13558131,0.0679549,0.0099885315,-0.45050135,0.09276016,0.14389855,1.0379821,0.9733006
0.9200132,-0.078786425,-0.05056812,-0.0032651126,-0.41166714,0.06773771,-0.062749945,1.0875299,1.0093994
1.093993,-0.07957768,-0.045749657,0.0031425655,-0.28867638,-0.06644377,-0.028491966,0.9006571,1.0704738
1.1332378,-0.048327044,0.12004796,0.021517485,-0.6613076,0.013452426,-0.13471568,1.1263542,0.89957803
0.980668,-0.09076592,0.04820472,-0.13800712,-0.3773908,-0.1319742,0.14008433,0.88946986,1.0620773
0.9851286,-0.13274355,0.051986888,0.14220467,-0.52262616,0.020916283,0.086327896,1.0268089,0.8673545
1.0370325,0.13216522,0.041232884,0.13828698,-0.3843503,0.07506037,-0.069022074,0.8520845,1.0867212
0.958784,-0.025555767,0.06188875,-0.040713824,-0.5488424,0.14044791,-0.120694675,1.0245705,0.9194083
0.9555156,-0.007327631,0.11956522,0.057520583,-0.49761367,-0.1308171,-0.09692858,0.9098826,0.8662048
1.1423116,-0.023474678,0.0037745237,-0.058065683,-0.30674776,0.04549034,-0.09692858,0.9684135,0.8546047
1.012586,0.0147780925,-0.036225416,0.11093637,-0.44306266,0.1182065,-0.015970051,1.0345942,0.9714232
0.9972924,0.050764203,0.10688126,0.050983116,-0.23948428,-0.010653943,0.0555723,0.8505102,0.8547224
0.9927894,0.08358498,-0.11370203,-0.14721113,-0.64402896,0.11142865,-0.03503505,1.1401423,1.016174
0.9778089,-0.09727999,0.068688706,-0.021719024,-0.36687487,0.054342955,0.09654997,1.0539225,0.9491836
1.0470148,-0.00042890012,0.07412659,-0.14680265,-0.38722715,-0.14867194,0.012125358,0.941754,0.9384682
1.0963175,0.1058301,0.09395346,0.031205684,-0.506968,-0.14502734,-0.14222124,1.1047516,1.047248
1.0126594,0.011852697,-0.11103201,0.08327173,-0.3398665,-0.035039753,-0.035448574,0.9279837,0.9188087
0.86673194,-0.02473408,0.08318743,-0.044352636,-0.33895418,-0.10550874,0.10866043,1.0862532,0.85850155
1.0493103,-0.08445084,-0.13980608,-0.066179074,-0.6193265,0.045856982,-0.026030235,1.074017,1.0944723
0.9170958,0.14363492,0.026223883,0.065016896,-0.2141164,-0.08519592,0.04882987,1.0248914,1.0544176
0.8530926,-0.04654911,0.017418236,-0.019520938,-0.5971745,-0.005925283,0.14360762,0.8653005,1.0166038
1.0426899,0.03138104,0.12972358,-0.13422345,-0.39680007,0.12691599,-0.062836364,1.0079203,0.86820686
0.855261,-0.019741684,-0.12596472,0.11754477,-0.4703839,0.00090512645,0.09928194,0.98956805,0.86367387
0.94315517,0.13346645,0.084210545,0.0896173,-0.23620278,0.08008152,0.011427224,1.1076909,1.0867212
1.118354,-0.06833037,-0.03735119,-0.10394059,-0.58806664,0.07544263,-0.08345774,1.0770619,1.1154301
0.8942244,0.1468736,-0.100347474,-0.09148225,-0.28469396,-0.08427921,0.113007754,0.9005873,0.98718435
0.8493129,-0.099746905,0.02381891,0.07300623,-0.7567959,-0.016675368,-0.12503704,0.9183899,0.8602386
0.9843912,0.12561086,0.054536358,0.058626026,-0.6115799,0.10240722,-0.042367443,0.95535034,1.0028222
0.9552139,0.060296208,0.12149829,-0.1291783,-0.55581623,0.026459038,0.049392715,0.9962132,0.9387518
1.0641878,0.06324667,0.024332732,-0.14889964,-0.17214307,0.12374111,-0.08345774,1.1074326,1.0093304
0.9061654,-0.045407563,0.03350076,-0.08174776,-0.2949832,-0.038429312,0.12301701,1.1480601,1.0246226
1.0101455,-0.03617826,-0.04922971,0.13181159,-0.5421456,0.07250589,0.037446946,1.1112821,0.9994806
1.0390286,0.039103806,0.023083612,0.11402446,-0.43709153,-0.0030636042,-0.05355025,0.85120976,1.1299547
0.9493599,-0.12801062,0.03796771,0.13485229,-0.3440308,0.01676917,0.09949474,0.997177,1.0422949
0.84589815,0.018800303,-0.046483524,-0.044661216,-0.49854553,0.041868567,0.122329414,1.0805187,0.95508194
1.0099964,0.011216357,-0.025979951,0.027023956,-0.64713687,0.066451594,-0.13483667,0.991626,1.1205975
1.1065578,-0.06720743,0.14893639,-0.13470183,-0.54388165,-0.12614521,0.08103411,0.87776196,0.8737076
1.0282112,0.031201169,-0.08885622,0.004033223,-0.5129561,0.10142347,0.09943874,1.1254132,1.0571097
1.0808792,-0.023625553,-0.03402756,-0.068067014,-0.29027182,0.12078506,-0.024215072,0.90548486,0.9471407
1.021452,0.07987954,0.010252476,-0.0055357963,-0.3187024,-0.00077170134,0.10955843,1.0516844,0.853505
1.0916324,0.067137375,0.11518261,0.11117756,-0.6554028,0.07227813,0.123307526,0.8653005,0.9990711
1.146786,0.11220744,0.045231506,-0.02453731,-0.45441616,0.008736908,-0.03155537,1.0357779,0.96654445
0.8661802,-0.04003092,0.046334445,0.028506577,-0.38032758,0.047661424,0.062663734,0.92666996,1.0783587
1.0696926,0.107326746,-0.040657714,-0.042908244,-0.6348818,-0.10879931,0.0643577,0.8653005,1.09792
1.122938,0.05374579,0.00850749,0.045273602,-0.51571774,-0.053037107,0.040053755,0.8792535,1.1228256
1.1482048,0.0689536,0.034814954,0.057649568,-0.3951142,0.0067498684,0.1116178,1.0657734,1.0550932
1.0379705,0.06450558,-0.022803396,0.021517485,-0.46807525,0.14377695,0.078306526,0.9819946,0.94212776
0.9042312,0.09925403,0.08082722,-0.11361777,-0.48072356,-0.13693011,0.034053057,1.1308209,0.9376321
0.884055,0.109457105,-0.12014443,-0.08385283,-0.61115384,-0.13955317,-0.026406728,1.0402994,1.0993485
0.93375117,0.10653764,0.03709355,-0.032007284,-0.43758976,0.073983595,0.14653775,1.0377421,0.95328474
0.9551991,-0.034079216,-0.006627947,0.07690932,-0.48972958,0.13171819,0.02320385,0.8945912,0.92671055
1.1313622,0.029673368,-0.14704403,0.005774677,-0.58169675,-0.031541727,0.0051177293,1.0967109,0.92603195
1.1373055,0.044854656,-0.022803396,-0.09775032,-0.6184137,-0.084780395,-0.004077494,0.88677955,1.1275802
0.96958435,-0.13094695,-0.13980608,-0.12440651,-0.4662381,0.07450935,0.0109363645,1.1097553,1.0170953
1.0927432,0.112597495,-0.09791654,-0.04021529,-0.20696792,0.005717948,-0.14329523,1.1368923,1.0138986
0.8965601,-0.11969668,0.1102604,0.028506577,-0.2996722,0.08569555,0.067598164,1.1223521,0.99067706
1.0000248,-0.048904754,-0.13193089,-0.10613321,-0.33628452,-0.009921834,0.11311206,1.0736682,0.98924935
0.8587425,-0.07001406,-0.009959906,-0.024624035,-0.48516196,-0.0363425,-0.05087859,1.1329466,1.0424109
0.98397744,-0.078409754,0.045929596,0.017417967,-0.50106186,0.14201215,0.06602369,0.98824656,1.0485915
0.8924644,-0.0011487305,0.12636048,-0.0036680251,-0.5400264,0.02194485,-0.14303815,0.85464084,1.034065
1.0844274,0.11044532,-0.096193224,-0.092130594,-0.44051397,0.008568406,-0.08224833,0.85869753,0.8689881
1.1417842,0.029104456,-0.07392501,-0.08720145,-0.24893439,0.09267531,0.06564666,1.0783412,0.92823845
1.0713354,0.07650019,0.04015176,0.04490581,-0.32827643,-0.0021578968,-0.03503505,0.916673,1.0163913
0.99627566,0.047542676,-0.046443544,0.018295467,-0.6313464,-0.1499112,-0.1393885,0.9279837,0.9531721
1.0659606,-0.14040953,-0.124934405,-0.056910455,-0.098833114,-0.011531532,0.05586137,1.1290052,1.0467412
1.0361754,0.085885555,-0.009959906,0.10054961,-0.20354545,0.09910242,-0.09667441,0.9536999,1.0686821
0.8530926,0.14288995,-0.008088037,-0.044352636,-0.59234893,-0.12402584,-0.14303815,0.92482007,1.0125419
0.8949391,0.13820818,0.1465312,0.07787193,-0.18955235,0.13932326,-0.14329523,0.9392326,0.97568095
1.0371668,-0.10143192,0.10688126,0.1104092,-0.34425005,0.12570208,-0.08244131,1.0967482,0.9638241
0.8762679,0.057325557,0.010866955,0.0230155,-0.4912342,-0.043802388,0.14190602,0.9303496,0.94299805
1.1208737,0.034873933,0.13361809,-0.05202364,-0.17796807,0.047661424,0.034852356,1.0258067,0.97486514
0.9868599,0.107326746,0.096732885,-0.047470003,-0.34081376,-0.11474776,-0.03197796,0.9986775,1.1350175
1.0027717,0.057350874,-0.011753693,-0.12358622,-0.4297257,0.060285136,0.045176774,0.9121935,0.9638241
0.87298524,0.055949062,-0.08341518,0.09401211,-0.456078,0.14497456,-0.13592736,0.9926613,1.0265989
0.9018247,0.0025753826,-0.11076828,0.13485229,-0.5807332,-0.11305502,0.13847518,1.0837561,0.9427467
1.0267651,0.111895174,0.043660462,0.11029568,-0.60114145,0.031937495,0.029368341,1.1023473,1.1308098
1.1020737,-0.102826014,0.08505112,0.013105273,-0.2701512,-0.14997339,-0.14968988,0.90454584,0.93178284
1.0667117,-0.09469153,0.12218988,0.029872924,-0.45493454,0.024871439,0.13621277,0.91205907,0.9409516
0.8785405,0.018827915,0.11427945,-0.041819863,-0.31671718,0.14044791,0.102736175,1.1143024,0.90571463
1.0126594,0.0689536,-0.020722046,0.056867346,-0.40325665,0.06849854,0.03216201,1.0961914,0.9218119
0.89917564,-0.09122388,-0.1157932,-0.10999924,-0.5591055,-0.05782385,0.1415366,0.9487304,1.0324531
0.9026039,0.1125204,-0.08104583,-0.098169,-0.47899044,0.08453846,-0.11205887,1.1196496,1.0048995
1.0669422,-0.079110116,0.039760128,0.07128799,-0.50675035,-0.12861162,-0.0844488,1.107869,0.8840471
0.8526772,-0.10126933,0.07163836,-0.070142575,-0.36523122,0.020916283,0.030316904,1.120741,1.1387645
0.930105,0.09322631,-0.028179288,0.088044986,-0.1494458,-0.015661001,0.0039078295,0.89094657,1.027545
0.91882,0.04453744,-0.016952798,-0.13881838,-0.37389693,-0.089102164,0.038905054,1.067159,1.142249
0.91882,-0.11667669,-0.13146521,-0.12576535,-0.35928553,0.10670242,-0.09243998,0.9544277,0.8783866
1.1291188,0.030104682,0.047757372,-0.06087456,-0.47895297,-0.053097583,-0.032273896,0.8602653,0.9717258
1.0777225,0.036095127,-0.124229625,-0.13459614,-0.39142329,-0.0070102513,-0.08760996,0.90440094,0.8995852
1.06522,-0.09886138,-0.025578372,0.052675202,-0.3635268,-0.10235736,-0.00920096,0.86271787,0.9108928
0.88212764,-0.017745048,-0.08231165,0.016740471,-0.37707984,0.11266574,-0.07914657,0.8730134,0.95973164
1.016685,0.11081815,-0.08548043,-0.14662486,-0.4429467,-0.1079945,-0.045495182,1.0365646,1.0697337
0.8467828,-0.04347516,-0.017039657,-0.029871263,-0.48284835,-0.119801156,0.13660818,0.95786643,0.9074493
0.995891,-0.1272307,0.0020051897,0.13181159,-0.4365006,-0.027562164,0.08998479,0.92502654,0.98179746
0.94036543,-0.04099699,0.054493964,0.09241441,-0.46154553,0.047411516,-0.12027979,1.0393527,0.9984669
1.1193137,-0.11667669,0.018163264,-0.05826935,-0.35388243,0.059060246,0.1306001,0.8563585,0.9387518
0.88934433,-0.01689282,-0.037271157,-0.1318763,-0.26039073,-0.031771824,0.034296617,0.96080476,1.0284425
1.0108196,0.07422368,-0.011753693,-0.13748148,-0.441396,-0.1319742,-0.06345064,0.9019326,0.96739304
0.9092062,0.14452156,-0.1337707,0.034456134,-0.6718335,1.090765e-05,0.04882987,0.8946277,1.0392028
0.97235453,0.049565673,-0.0074918717,-0.07919162,-0.4491797,0.12213734,0.023051113,0.85849637,0.9573584
0.98397744,0.11439845,0.06618379,0.14590499,-0.36202645,0.1382316,0.009662017,1.02682,1.0934478
1.001441,0.037342146,0.023997933,-0.08720145,-0.60441434,0.10605231,-0.0002669394,0.9964285,0.89836144
1.1134027,0.11031994,-0.1075201,-0.011098474,-0.45582753,-0.12402584,0.046716973,0.8833964,0.9928778
0.9688243,-0.036929406,0.0882857,0.035716385,-0.586668,0.09448475,-0.03196898,0.9904665,1.007365
0.85602117,0.10063586,-0.021876931,-0.107887946,-0.32705036,0.022759348,-0.12086378,0.8602653,1.1019078
0.88020754,-0.041861683,-0.107033305,-0.046140097,-0.34491238,-0.028866097,0.035132706,0.9523757,1.1417465
0.97357535,-0.13937204,-0.114602745,0.09241441,-0.30627522,0.025842607,0.0643577,1.0929866,1.0630503
0.95947313,-0.11130955,-0.14236912,0.13485417,-0.35144606,-0.06471931,-0.07427137,1.0245705,1.0775347
1.120651,-0.05568166,-0.026413344,0.0052298456,-0.42382023,0.14742175,0.036363408,1.0960728,0.97916025
1.065353,0.056355074,-0.12692486,-0.04287558,-0.48099852,0.04865256,-0.044383265,0.9622643,1.0657544
0.90575457,0.093925074,-0.015850484,-0.026048683,-0.52514136,-0.08724613,-0.066546254,1.0967482,1.1083667
1.0082384,0.13950107,-0.11653425,0.14822555,-0.6164791,0.08453846,0.12090543,0.8460388,0.97982144
0.9999439,-0.07004739,-0.07874365,-0.011098474,-0.43988368,0.12004471,0.0618698,1.082738,1.0112857
0.88207275,-0.084694885,-0.036956422,0.11798936,-0.40042624,0.09147993,0.10917568,0.8538455,0.9376321
1.1358877,0.016913235,0.14442214,0.11238071,-0.27839622,0.028885797,0.028250977,1.0130452,1.0170364
1.0699652,0.01477626,0.10261953,-0.13459614,-0.367469,0.12814683,0.10277191,0.9292014,1.0270517
1.1006855,0.020100594,0.023486957,0.04936488,-0.15883234,-0.14961067,0.08678676,0.8910991,1.0392028
0.9601221,-0.13398361,0.13049048,0.12329313,-0.48892,-0.018047348,0.016585872,0.8533668,0.95723027
0.85240453,-0.09933852,-0.067776136,0.06821641,-0.5601146,-0.03559687,0.0770874,1.1424603,1.0403672
1.0233686,-0.11452952,-0.09992728,-0.08701387,-0.4416445,0.026464552,0.096843556,0.849718,0.8363733
1.0188587,0.14436296,-0.14545202,0.007872194,-0.27999827,0.1320104,0.041604146,0.9550073,0.9108928
1.0212691,0.12401125,-0.067474455,-0.0761965,-0.47591832,0.010512307,-0.056762144,0.8912864,1.0895969
1.0649924,0.011216357,-0.13980608,-0.028817616,-0.5909373,0.120726496,-0.06602757,0.93172574,0.84947014
0.91180164,-0.0028756708,-0.10140585,0.086505964,-0.5233724,0.05566947,-0.01508002,1.0625912,0.9667344
0.89589024,0.0025753826,-0.07874365,-0.040446945,-0.42335638,-0.11918532,-0.025636412,1.1329466,0.8549776
0.9861026,-0.10467766,-0.033766046,-0.05387748,-0.6423533,-0.12792888,-0.039812587,1.0121632,1.0196651
1.112488,0.13657114,-0.06152977,0.045716792,-0.4374132,-0.01219058,-0.026030235,0.90942526,0.85078776
1.0737144,-0.0735019,0.033142954,-0.009405136,-0.6675676,-0.12402584,0.10917568,0.9767398,1.0186822
1.0611769,0.026073724,0.14906546,-0.002563715,-0.4369882,0.13135251,0.09308572,1.047844,1.0258663
0.8712595,0.12967041,-0.09260204,0.08299737,-0.28550223,0.0061957836,0.06794472,1.0905892,0.90391886
0.89353055,0.10440484,0.0679549,0.14473608,-0.19722494,-0.045687012,0.13184732,1.0622102,1.0319555
1.03219,0.082301766,0.112375885,-0.0888644,-0.4516711,0.1469247,-0.05087859,1.0360755,1.1083667
1.1208737,-0.058984496,0.026223883,-0.028083712,-0.5953647,-0.055572405,0.117110044,1.0984379,0.9966544
1.1214182,0.029990494,-0.037218727,0.057649568,-0.317034,-0.08262953,0.009804368,1.0149739,0.9119462
0.9363901,0.11957869,-0.023872629,0.053299174,-0.5032705,-0.10967848,-0.025951765,1.1325781,1.0044001
1.040482,0.112941235,-0.03756859,0.08908042,-0.34624657,-0.004078865,0.08536346,0.9904665,1.0755653
0.93616945,-0.103495225,-0.121868566,-0.095549285,-0.58951974,0.0039645433,-0.1393885,1.0869797,0.86820686
0.9909343,0.054646045,-0.033362247,0.11427289,-0.3699311,0.10428491,0.050755784,1.0893787,0.84955
1.1229044,-0.13071725,0.030061856,0.018998966,-0.190339,0.07959291,-0.09564935,0.85498077,0.9465505
1.1419141,0.120557964,-0.118529215,0.010160312,-0.5789474,0.13160762,-0.11205887,0.8639863,0.95247155
0.9896281,-0.028627291,-0.14545202,-0.07587859,-0.287233,-0.1298406,0.025820881,0.9877819,0.95820796
1.0272664,-0.11475025,0.049041018,-0.10359069,-0.25726387,-0.111375555,-0.065707386,0.98545253,1.0534817
1.117531,0.047823966,0.14893639,-0.038755864,-0.5341362,0.07544263,0.08905946,0.8639863,1.1056069
0.90391433,-0.113655165,-0.11577745,-0.019856185,-0.51555085,0.12760296,0.053880632,1.041321,0.98957
1.0430083,0.13909325,0.12999704,-0.13981187,-0.77449423,0.14072987,0.11103311,0.9215654,1.0677828
0.8923739,-0.03648568,0.10262501,-0.0911189,-0.58922863,-0.060073547,0.05586137,1.016169,0.90295905
0.89303935,0.06450558,-0.03602214,0.03130144,-0.1664308,0.13782838,-0.13710053,1.0409287,1.1337824
0.96999437,0.07351367,0.06971462,0.11355919,-0.23523282,0.13928068,-0.068792656,0.901916,0.95698965
1.0410016,0.07599659,-0.023341566,0.09699242,-0.42846966,-0.1079945,-0.0038060397,0.9630855,0.90391886
0.9226671,-0.13274355,-0.07242861,0.0891809,-0.25411338,-0.01219058,-0.033358313,1.0765221,0.9374554
1.1037973,0.13618833,0.08214611,-0.053437583,-0.48839375,-0.14645198,0.013711289,0.99310994,0.92521584
0.8703547,-0.04099699,-0.05994281,0.1166648,-0.42922133,0.023601294,0.043086708,1.0689733,1.0456686
0.9552359,0.12550527,0.09401257,0.06939314,-0.2810166,0.0018675925,-0.11304337,1.1365167,0.8958933
1.0927432,0.029104456,0.074751645,-0.13688327,-0.15418687,0.0049462914,-0.049151033,1.0808637,1.0431697
0.9921881,0.08702807,-0.046443544,-0.044929467,-0.52935255,0.08008152,0.03456582,1.1413014,1.0980871
0.88205457,-0.0143446475,-0.097574726,-0.034736574,-0.2392497,-0.12829833,0.09361853,0.9830844,1.0798283
0.88406193,-0.13218006,-0.08914887,-0.062411487,-0.23384261,-0.09608444,0.102950424,1.0565515,0.86776286
0.8677786,0.026073724,-0.025676608,-0.12561195,-0.28061047,0.123728625,-0.14601816,1.022255,1.0093994
1.0872494,0.06585842,-0.09165949,0.016740471,-0.17508385,-0.08384339,0.06659426,0.99640197,1.106761
0.88207275,0.0739858,-0.0403118,0.11228618,-0.43002072,0.1471403,-0.06653717,0.93041617,1.0217665
0.9972924,-0.018676072,0.04043533,-0.0048025995,-0.47456995,0.015095293,-0.058124743,1.0079203,0.8530965
1.1112771,0.090672866,-0.074102804,-0.0025869906,-0.50542384,0.009809256,0.10917568,1.0516347,0.99162257
0.88437486,-0.05013662,-0.086598694,-0.00052283704,-0.3037637,0.04897988,-0.10750003,0.95835245,1.0658883
1.1150827,-0.11410998,0.14910254,0.07669599,-0.31307623,-0.115009055,0.034487456,1.0251148,1.0736353
0.9869189,0.13470927,-0.080598615,0.0230155,-0.60652363,0.119553655,-0.01136069,1.0484596,0.859189
0.9493599,-0.07437129,0.054536358,0.011540458,-0.5004058,-0.04465022,-0.10467745,1.0096407,0.9943951
0.8750732,0.057350874,0.045231506,0.14261487,-0.38105807,0.054270998,-0.078191526,0.9226917,0.8969141
0.95689577,0.1088576,-0.08036551,0.091327384,-0.43873695,0.101427495,0.05089876,0.9926613,0.9717258
1.1053681,0.07930826,0.031648695,0.11402446,-0.42410678,0.066451594,0.07324405,1.1345952,1.0772839
1.1366663,0.12778932,0.018824756,-0.11870241,-0.18631615,-0.03869135,-0.13592736,0.8849148,1.1107907
0.9743748,-0.074333064,0.06358017,-0.0535414,-0.3727462,0.024450943,-0.016451806,0.9279837,0.8790803
1.0715231,0.029673368,-0.11012879,0.03363867,-0.6571113,-0.08724613,0.0070376545,0.98131067,0.97075665
0.9851286,0.12762174,0.14794448,-0.029932559,-0.29021093,-0.10986878,0.10873899,0.9962132,1.061351
1.1042589,-0.099746905,-0.13797474,-0.050969176,-0.46074793,-0.10986878,0.044386327,0.8819125,1.0721334
1.0706267,0.041049242,-0.02413258,0.036150828,-0.3910641,-0.10061344,-0.08262348,1.0163906,1.0460285
0.95659757,0.017719388,-0.021876931,-0.092819884,-0.4690041,-0.061668724,0.039801747,1.0366241,1.1321111
0.9686604,-0.11844027,-0.09175378,0.0444033,-0.5672382,-0.0798189,0.042718157,0.94320655,0.9839939
1.0728693,0.098582596,0.028052256,-0.10347614,-0.48314473,0.111022025,0.05018966,0.960818,1.027545
0.8927183,-0.020883337,-0.008088037,-0.1277036,-0.40358493,0.14585459,0.057309106,1.0387542,1.0292921
0.9927894,-0.06228149,0.0679549,0.13124004,-0.31240532,-0.12842861,-0.050580025,1.1041766,0.9156088
1.1214182,0.12527466,0.028903052,0.11226389,-0.56677246,-0.10757576,0.050798163,1.090245,0.9822689
1.0974319,-0.008734375,-0.02797135,-0.023323894,-0.60100526,0.0039645433,-0.11499791,0.9664513,0.87824196
0.88909507,-0.121735945,-0.06039738,0.055675864,-0.5415417,0.07705785,-0.01136069,0.89085597,1.1142442
1.1080824,0.11761305,-0.10402177,0.057740718,-0.5622234,-0.11777657,-0.03469103,1.0429204,1.1243054
0.9204027,0.014872551,-0.047444507,0.067468435,-0.6717895,-0.04977352,-0.091926634,0.9910281,0.9991454
0.99627566,-0.01824084,0.09593168,0.13312638,-0.4635881,0.05981773,0.05018966,0.92116165,0.9159196
1.0732279,-0.035990365,-0.122558184,0.13195443,-0.560182,-0.009289011,-0.14329523,0.9138863,0.84585434
0.9200132,0.06488286,0.045231506,0.08443673,-0.43020058,-0.13457076,0.10531515,1.0689733,1.0510973
0.9722536,-0.048201643,0.041063502,-0.03723804,-0.61681104,-0.13955317,-0.080230474,1.0492667,0.9236355
0.9437425,-0.00539428,0.01740402,0.13043454,-0.26859742,0.12004471,0.12904099,0.89094657,0.8642061
0.8910068,0.01017721,0.0398297,-0.13835081,-0.39185998,0.004480019,-0.008786708,1.1413014,1.0384266
1.140407,-0.07527765,0.020557508,0.07921654,-0.23749301,0.0049462914,-0.09125416,1.0833462,0.92893475
0.8833575,0.03138104,-0.119670466,0.057649568,-0.47524354,-0.07538025,-0.10750003,1.0952222,0.86573106
0.94036543,-0.042369425,0.121492386,-0.13708493,-0.15572727,0.12693903,-0.14424391,0.9609657,0.9749014
1.09033,-0.07654971,0.1285091,-0.054027848,-0.5381751,-0.035163336,0.02320385,1.1035265,1.0988188
1.1241446,0.09251785,0.14183211,-0.12227821,-0.41308418,-0.018572494,0.11695996,1.0172087,0.8642061
1.1308844,-0.04879629,0.07729636,0.14220467,-0.4494562,0.024871439,-0.11293742,1.1283159,0.9714232
0.97752,0.044421285,0.06676936,-0.13800712,-0.35947403,0.043148622,-0.024716407,0.9720477,1.0574254
0.9825809,0.030104682,0.1417206,-0.14653654,-0.6312731,-0.060096703,-0.018059418,0.8448489,0.9487225
0.919924,-0.07971538,-0.12982583,0.13501036,-0.22360247,-0.061668724,0.13717455,0.88677955,0.9427084
1.0477736,0.0145049095,-0.069194436,0.14781693,-0.19361791,0.09387043,-0.098636985,1.0268089,0.8463181
0.85554814,-0.013279974,0.08318357,0.075239554,-0.2750643,-0.091130555,0.14787364,0.9544277,0.84098446
1.1366663,0.11089465,0.11140832,0.048362628,-0.24864534,0.076275006,0.09928194,0.88563275,0.8507501
1.0706267,0.043982774,0.06527214,-0.12697206,-0.26744473,0.011043847,-0.11443906,1.1432798,0.859813
0.96999437,0.10885668,0.13624209,-0.036721036,-0.22172141,-0.1456736,0.13166556,0.93802387,1.0630503
1.0699652,0.0066889077,0.08699916,0.06443882,-0.18566263,0.096578255,-0.006962508,0.9864057,1.0946627
0.97035134,0.047823966,-0.10140585,0.003623113,-0.46320307,-0.0023103058,0.03375651,0.9946116,1.0349414
1.1016898,-0.12124701,-0.1428869,0.067945674,-0.237705,0.059860155,-0.07892779,0.9467012,0.9248148
0.9597288,-0.13195547,0.10688126,0.0859599,-0.16036347,0.12334522,0.07752824,0.914161,1.0768667
0.9424237,0.044306934,-0.011148259,0.022578642,-0.5187696,0.117494196,-0.065929145,0.9129152,1.052809
0.97035134,0.10219267,-0.08972043,0.053299174,-0.43078208,-0.061052658,0.14557901,0.91578835,1.105119
0.8786884,0.09251785,-0.0429397,0.0018376708,-0.61689174,0.12374111,0.09178989,1.0862532,0.84955
1.001792,0.10653764,-0.040714756,0.09983745,-0.28218222,-0.048510395,0.045216322,0.9664513,1.0923207
1.0842183,0.13470927,-0.14143883,0.07138659,-0.602494,-0.09684583,-0.13163412,1.1207745,1.0805153
0.96385366,0.084439576,0.112041175,0.09920165,-0.46083245,-0.06036283,0.08558938,0.9151207,0.9568461
1.037165,0.081151485,-0.09155898,0.10735288,-0.30650792,0.123728625,-0.041568823,1.0826756,0.93629616
1.1398606,0.13240528,0.13383901,-0.08759385,-0.35117072,-0.12792888,0.071758255,0.85535616,0.85310173
0.8897556,-0.079110116,0.14273393,0.14274299,-0.38598508,-0.015016764,0.07271916,1.0657734,1.136456
0.87634104,0.05726719,-0.064728945,-0.0048025995,-0.4599341,0.08890307,-0.06602757,1.1368923,1.1297226
0.93821144,0.12754214,0.12004796,-0.092819884,-0.4260806,-0.033491693,-0.13904919,0.9337293,1.1406925
1.1403728,0.12663633,-0.033637352,0.01294592,-0.25759807,-0.03552772,-0.056762144,0.8997704,0.9791243
0.91178966,-0.023625553,0.012987107,0.14080179,-0.28907472,-0.056153156,0.08215451,0.91462076,0.8954671
1.0840372,0.026073724,-0.03735119,-0.025505416,-0.36278325,0.016839176,0.0040946454,1.1199903,0.8774237
0.8603045,0.09165296,0.074751645,-0.050969176,-0.28986496,0.1320104,0.1384129,1.1097553,0.98620653
0.9166413,-0.06969061,-0.012122497,0.014851242,-0.63693583,-0.14410898,0.05256675,0.92685324,0.8913505
0.9383153,-0.115228504,-0.033356026,0.10564804,-0.44685173,-0.011343047,-0.034224436,1.1000209,0.93178284
0.92347085,0.014254078,0.00019407272,0.040028036,-0.38795084,0.12716264,-0.11676225,1.0801315,1.0755653
0.8833575,-0.09191573,-0.14486714,-0.106098734,-0.6392443,-0.00706774,0.113007754,1.0586137,0.9456442
0.9645095,0.047095373,-0.1337707,0.03297022,-0.3724024,0.0003091992,0.10781455,1.0875299,0.86367387
1.1309642,0.00228177,-0.03237813,-0.089273885,-0.24071077,0.038686007,-0.049151033,1.0933559,0.9218119
0.9972924,0.084439576,-0.039268613,0.04234229,-0.5070722,-0.12026527,-0.050550096,1.1310021,0.90117115
1.0674651,-0.10915713,-0.07656033,0.040182993,-0.3763189,0.03507799,0.07324405,0.8741696,0.94240564
0.88869184,-0.08258515,-0.053942494,-0.11199206,-0.30914927,0.023785114,-0.046063863,0.91169745,0.9717258
1.0343878,-0.04003092,-0.030454092,0.09870033,-0.4589076,-0.06893419,0.1428138,0.9320388,0.9634336
1.111376,0.045865044,-0.081210606,0.07690932,-0.7705313,0.07935892,0.09328817,1.0516844,1.066497
0.98759055,-0.08659666,-0.023033485,-0.13422345,-0.32301006,0.045856982,0.122597545,0.8649727,0.8752735
1.0963175,-0.106602386,0.1341458,-0.14662486,-0.63356054,-0.10105343,0.122550786,0.9006759,1.108307
0.92044216,0.09369846,-0.14508253,0.05248545,-0.6208739,0.06231962,-0.011180848,0.9337293,0.88620466
0.8514041,-0.09122388,-0.047401123,-0.0911189,-0.29247916,-0.053951867,0.11426175,0.85464084,0.8549776
0.9067956,-0.10376054,-0.119097576,0.033404782,-0.5918759,-0.03640911,0.011280492,0.8499985,1.1314261
1.118354,0.0142349005,-0.07392501,0.085952416,-0.58067334,0.077296495,0.002753839,1.0312223,1.0870185
0.91882,0.044854656,-0.12572442,-0.021481335,-0.28745225,-0.089102164,-0.04536356,1.0750483,0.9074994
0.8959834,0.143534,0.057938278,0.09834404,-0.3396152,-0.109116,-0.004482612,1.1336203,1.0934478
0.8762679,0.10514787,0.09059174,-0.115456425,-0.41002795,-0.13781677,0.14728275,1.1074326,1.0448166
0.99916816,-0.0044079274,-0.038408965,-0.120783165,-0.44486946,-0.027562164,-0.066546254,1.012825,1.0772839
0.9775218,0.13928068,-0.100347474,0.097778276,-0.26567224,0.03872688,-0.09564935,1.0290587,1.0312415
1.0728693,0.014872551,-0.039268613,-0.046140097,-0.17966557,-0.13497712,0.11302358,1.0687732,0.8780231
0.96385366,0.085885555,0.04327035,0.120158225,-0.20298716,0.12690946,-0.06345064,1.0016732,1.0044001
1.0837872,-0.1227945,0.036227673,0.08001502,-0.27349302,0.047661424,0.108846635,0.9503671,0.875278
0.88010645,0.08563033,0.09960614,0.0029928088,-0.27445677,-0.0010783076,0.10477105,1.0376838,1.1116555
1.1337941,0.031999096,0.09960614,-0.04021529,-0.4520423,0.091345295,0.11402699,1.0900002,1.1470541
1.1316845,-0.057326607,0.06902322,-0.010877252,-0.45704445,-0.14867194,0.012708738,1.0813351,1.0686183
1.1077147,0.039103806,0.06702332,-0.02573812,-0.0844363,-0.12767392,-0.12043607,0.92642814,1.142249
1.0341301,0.106559366,-0.013419837,0.14383456,-0.17895077,-0.11636162,0.05267878,1.055416,0.8401079
1.0180479,0.012809038,-0.08341518,0.005774677,-0.44714507,0.11267388,0.03314483,0.9536999,0.99221826
1.0526109,0.086788684,0.03345716,0.0896173,-0.54443467,0.006165445,0.09010002,0.99640197,1.0375531
1.0082799,-0.14756323,0.0971261,0.13896194,-0.46728143,0.14673671,-0.026406728,0.9830844,1.0715299
1.0371668,0.13032755,0.1289827,0.015785888,-0.5027907,0.14193821,0.10550943,1.0603895,1.06734
1.1014745,-0.14353214,0.07608691,-0.10784217,-0.64895725,-0.017908454,-0.029816203,0.86452645,0.9156088
1.0288739,-0.11539301,-0.06375134,-0.06534305,-0.50724447,0.046333164,0.14411604,0.9082925,1.0112857
1.1208487,-0.08726476,-0.11353107,-0.079939686,-0.3953258,0.104216635,0.12043199,0.8833964,1.1355546
1.1165619,-0.01267302,0.0037745237,0.030045927,-0.19332395,0.09278272,-0.039060228,0.8710316,1.0544176
1.0434403,-0.08390515,0.09863691,-0.1277036,-0.52194583,-0.050032638,0.11311206,1.1157564,0.9868656
0.98759055,-0.053138852,-0.14119649,-0.12914664,-0.5567968,0.051528558,-0.027376167,1.1370792,0.84098446
1.0824559,-0.1304281,-0.09836986,-0.13781002,-0.5767565,-0.060073547,0.04092677,0.97947234,0.95330346
0.9743748,0.14346418,0.06676936,-0.13760027,-0.6264675,-0.14961067,0.057072982,1.001843,1.0734422
1.0590314,0.111895174,0.02325128,-0.09777409,-0.28527525,-0.005925283,0.062047362,0.93772924,0.9987006
1.1398606,0.11547306,0.096732885,0.08547075,-0.20728055,-0.056153156,0.14360762,0.86167175,0.8860246
1.0732279,-0.10936114,-0.043305412,0.09699242,-0.29984096,0.061858892,-0.021040931,1.1462756,1.1315758
0.9184034,-0.031254746,0.07982716,0.091327384,-0.28305915,-0.13512293,-0.13400464,0.935134,1.0375531
1.0750079,-0.020979732,0.031165332,0.07820903,-0.6859021,0.1264176,0.09447965,0.8538455,0.8839811
0.9601221,-0.079110116,-0.05289209,0.058415756,-0.27695724,0.09608756,-0.05853179,1.0079203,1.0635974
1.0616534,0.0033884495,0.0049689114,0.105740696,-0.42447916,0.043148622,0.009411141,0.8749758,1.1245834
1.0027717,-0.016514808,0.12504637,-0.04425098,-0.6412733,-0.1298346,-0.10107587,1.0366241,1.1142442
0.9194479,-0.11969668,0.12250072,0.06585303,-0.5128765,-0.12998198,0.14555323,1.0420125,1.1439213
1.0210705,0.07599659,0.066847354,0.08001502,-0.39582554,0.0061957836,0.032822654,1.082738,0.8557942
1.125578,0.029990494,0.007291645,-0.13809729,-0.33451587,-0.084780395,0.057550386,0.99064934,0.96736944
1.1210997,0.14531389,0.08006993,0.037308887,-0.37606525,0.0039645433,0.12843537,0.993474,0.9305252
1.0022178,-0.11077736,0.029862642,-0.111833796,-0.13645867,0.12716264,0.14555323,1.0748276,1.1261482
0.957716,0.1295143,-0.081488535,0.06302726,-0.16045797,0.08759117,0.13993284,0.9220511,1.0211544
1.0528449,0.04933986,0.03709355,-0.036721036,-0.5672246,0.14783177,-0.00039546192,0.9551552,0.94880295
0.8920161,0.14057827,-0.13095167,0.03566481,-0.55493283,-0.09872295,0.08103411,1.045858,0.9173294
0.86904967,-0.017022401,-0.107033305,0.027023956,-0.4882562,-0.028440557,0.071515515,1.0160588,0.9899
0.9189254,0.11031994,0.057728574,0.050759643,-0.38382894,0.0727229,0.0495497,1.0779165,1.007365
0.90575457,-0.08843668,-0.04922971,-0.14653654,-0.64059734,0.118373156,0.07467364,1.0681912,1.0841554
1.0345235,0.13928068,-0.12573487,-0.011098474,-0.57835984,-0.101928934,0.14934763,0.8655189,1.0376469
1.0106616,0.11365175,-0.04337307,-0.13803238,-0.2686624,-0.149887,-0.14303815,0.97978646,1.1299547
0.9461152,-0.14206728,0.008853361,-0.02151239,-0.34414798,-0.1357691,0.02854149,1.0409287,0.95563245
1.0032835,0.047857493,-0.14410862,-0.026048683,-0.45106858,-0.131423,0.07732889,0.8640143,1.1130906
1.0473346,-0.057326607,-0.015822023,0.027023956,-0.26025984,0.05367914,0.077958226,1.0420125,1.1035596
1.1201148,0.08908358,-0.056863673,0.12197581,-0.6532264,-0.14454116,0.036143094,0.86969674,0.9703544
1.077502,-0.03617826,0.12946871,-0.03287836,-0.6284591,0.09414706,0.032822654,0.9244216,1.0644919
0.90266234,0.14892459,-0.11103201,-0.023042336,-0.56189233,0.023572698,0.09308572,1.0306523,1.1346276
0.9869189,0.05374579,0.074751645,0.13542107,-0.55684733,-0.0030636042,0.06659426,0.9772504,1.0126792
1.0353453,-0.08264521,0.020557508,0.0052826107,-0.6071123,-0.085293606,-0.02782996,0.8913839,0.8986809
0.99180615,0.08796854,0.1441504,0.031737402,-0.35516366,-0.029672347,0.0359706,0.95230925,0.8913505
0.9378692,0.10063586,-0.04470983,-0.003087312,-0.24588245,0.060992375,-0.101082414,0.98125803,0.9984669
1.037165,-0.11835922,-0.032346062,0.10598186,-0.33898976,-0.031027906,-0.041011475,1.1133031,1.1390564
0.98257554,-0.026560627,0.14387417,0.14220467,-0.34376532,-0.0558042,-0.059494883,1.1138203,0.88817215
0.8712595,-0.032250933,-0.022944704,-0.13049267,-0.27070743,-0.09640081,0.12372461,1.0130452,1.1399491
1.0523243,0.13657114,-0.017915621,-0.07320702,-0.3724211,-0.05181613,-0.13813415,0.94729936,0.92573375
1.119514,-0.025006667,0.1074982,-0.095549285,-0.38185403,0.04211764,0.029368341,0.92666996,0.8521923
1.0759447,-0.047217287,0.026223883,0.12763524,-0.56381416,0.069680914,-0.069929644,1.0947628,1.0986555
1.1020482,-0.078409754,0.09395346,0.024005204,-0.5909226,0.0046468675,0.028785303,1.1010295,0.96826303
1.1347407,0.04868549,0.09673807,-0.032007284,-0.32124826,0.038149312,0.06448363,0.8555576,0.96458334
0.9420154,0.06699185,0.09639537,-0.0010160357,-0.6012666,0.041411757,0.13152719,0.8555576,0.94532216
1.1223129,0.03919007,0.13037604,-0.059492312,-0.46796575,0.038686007,-0.037423596,0.93768334,0.92186743
0.9451864,-0.049233004,-0.057337083,-0.08875498,-0.29556778,-0.04955163,0.07125734,0.94249225,0.90117115
1.0858729,-0.07758689,0.12802398,0.049271822,-0.31893167,0.081711546,-0.03197796,1.084472,0.98261213
1.0808792,-0.028627291,-0.116263255,-0.12017774,-0.27634606,-0.055294834,0.057072982,1.1368923,0.9067244
1.0601271,0.04933986,0.050140113,0.14692461,-0.5440528,0.019779876,0.05400911,1.0052683,0.9456442
0.9722536,0.07294625,0.018511519,-0.03723804,-0.39832953,-0.13955317,0.12372461,1.1402501,1.067949
0.89668334,-0.068982415,0.029862642,-0.0039459616,-0.45794943,-0.09613778,0.017755613,0.8889848,1.0697902
0.88205457,-0.113655165,0.013652697,-0.13530935,-0.45178628,-0.12664434,0.038285956,0.85464084,0.9467981
0.97680455,0.06450558,0.0022190064,-0.12855074,-0.39109626,-0.01778388,-0.10566874,0.87382925,0.96739304
1.0323676,0.06637825,-0.011306822,0.05466315,-0.40492597,0.0013564826,0.08224307,0.87053925,1.1076179
0.8786884,-0.078532636,-0.12501325,-0.009405136,-0.5248225,0.041868567,-0.080434375,1.0650438,1.09792
0.92347085,-0.055717833,-0.049837984,0.07883482,-0.46946234,-0.07964881,-0.08112037,0.98545253,1.0448166
1.1417091,-0.0087662935,0.09661423,-0.122648284,-0.24017668,-0.12404536,0.033716336,1.055428,0.9410717
1.043908,-0.08833536,0.02759485,0.08327173,-0.2701769,0.06689672,-0.03469103,0.8730134,1.01896
1.0837872,-0.030778704,-0.13146521,-0.13722599,-0.45557058,-0.101507455,0.14084426,0.9100088,0.942032
0.90313464,0.01944846,-0.12692486,0.056867346,-0.3915897,0.06191975,-0.0008702576,0.8623606,0.92825603
0.96070296,-0.08638013,-0.09992728,0.0052298456,-0.5027995,0.14673671,-0.005105421,1.0933559,1.0721334
1.1228893,-0.06630677,-0.12890276,-0.0036680251,-0.38660204,-0.11530736,-0.0053473264,0.9975538,0.9839939
1.056901,-0.011121035,0.012217462,0.12472256,-0.19967934,-0.0045615137,0.06319544,0.95786643,1.0438057
1.0439123,0.12722594,0.050140113,-0.0070082843,-0.28443232,0.13302737,-0.078479365,0.85843515,0.9803297
0.91233313,-0.0028756708,0.11595997,0.0859599,-0.48653904,0.031949148,0.03314483,0.9609657,0.83144057
1.0565432,-0.10936114,0.12802398,-0.091165915,-0.6122905,-0.0013120621,-0.114252985,0.88997126,0.86673427
0.9388944,0.017754048,-0.05520811,0.09519732,-0.2492086,-0.04260362,-0.10580514,1.0330521,1.1045724
1.119514,-0.06228149,-0.06230872,-0.0005390048,-0.6469927,0.12198815,0.12615868,0.960818,0.9159196
1.1208737,-0.04347516,0.12636048,0.048362628,-0.29050905,-0.13965543,-0.022351846,1.0862,0.8681133
0.8768241,-0.11369623,-0.033362247,-0.06002435,-0.27758098,-0.038934663,0.09328817,1.1321968,0.89527404
0.94315517,0.089658484,-0.11634596,0.06711276,-0.5348455,-0.101928934,0.035145625,0.8594307,1.0126792
1.0013303,-0.10876195,-0.124934405,-0.0911189,-0.15745392,-0.015252799,0.1414926,0.9962132,0.9546834
0.9049082,0.081151485,0.10346782,0.0859599,-0.19240674,0.036239415,-0.084399536,1.1018943,0.96739304
1.0722522,-0.078832954,-0.097173646,-0.034349643,-0.2845437,-0.056236215,0.10026997,0.84843683,0.9101834
1.027004,-0.05255059,0.08661176,0.009364605,-0.1713176,0.076275006,0.13884372,0.8683352,1.0921022
1.0323676,0.13931271,0.044495434,-0.028735116,-0.29615924,0.027958214,-0.09319118,1.0628649,1.003978
0.9061654,0.032526717,0.12418235,0.08517669,-0.29450646,0.03208959,0.0643577,0.8972457,1.1006994
1.1357268,-0.0705305,0.06844121,-0.004733652,-0.34923637,-0.0981901,-0.098351106,1.0793232,1.0900447
0.85553306,-0.017022401,-0.1327731,0.041372374,-0.24511077,-0.13911894,-0.10650782,1.0813351,1.0874566
0.88869184,0.10506439,0.06618379,-0.14091077,-0.6030696,0.0049462914,-0.073732965,1.049447,0.9401281
0.88940865,0.1058301,-0.12573487,0.070469186,-0.5780759,-0.01817578,0.108264506,0.9475235,1.0906199
1.1469975,-0.04879629,-0.0045565665,0.1282188,-0.1299164,0.04549034,0.10424566,0.9252049,0.84271055
1.0424062,-0.03977786,-0.14112575,0.086505964,-0.66708267,0.024197638,-0.061774246,0.93460363,0.90391886
0.91230094,0.021039903,-0.09443195,-0.12215283,-0.31500122,0.069967136,0.13621277,1.0132048,1.0246226
0.9778089,-0.03984811,-0.009494022,-0.07258922,-0.4373012,0.030780466,0.041351527,0.8931439,0.90493554
0.8501897,-0.06270504,0.009296536,0.03449349,-0.5861033,0.04074022,-0.039988555,1.0041676,0.98960406
1.1378666,0.14057827,0.047597095,-0.0761965,-0.6119399,-0.09613778,0.028785303,0.87673485,0.8642484
0.92400235,0.010797948,-0.10592586,0.070666865,-0.4630895,0.00955449,0.11311206,0.8602653,0.9134345
0.9927894,-0.060423076,-0.012839943,-0.11311652,-0.39416447,-0.10509983,-0.11539228,0.9709656,1.1060492
1.0718784,-0.019741684,-0.04204055,-0.12017774,-0.6802435,0.020790398,0.098640025,1.0413021,0.8948223
0.9073776,-0.047217287,0.03796771,-0.100158766,-0.33744013,0.13205564,0.04074508,0.9571607,0.8658729
0.9801385,0.027983025,0.09661423,-0.09980182,-0.16500378,0.03507799,-0.11430329,0.9098826,1.1399491
1.0029422,0.017719388,-0.05289209,-0.08875498,-0.27815405,-0.013997585,0.12156826,1.0972732,0.8969374
1.0398719,-0.13218006,0.051877007,-0.054027848,-0.38852727,-0.061751038,-0.042088352,0.95785975,0.9318293
0.9598866,-0.091988415,-0.00031781197,-0.13826947,-0.30070895,0.100149035,0.01568839,0.91782874,1.0638735
0.8791658,0.12663633,0.14388326,0.12329313,-0.4271524,-0.09872368,-0.1055785,1.0928832,0.8962878
1.1314236,-0.004536435,0.053330436,-0.061411142,-0.51827216,0.06527898,-0.14329523,0.8792245,1.078591
0.9146648,0.10116178,-0.046483524,-0.01370424,-0.30107358,0.11710909,0.033716336,0.97890913,1.1217146
0.88010645,0.085885555,0.14183211,-0.07366827,-0.6233765,0.018303275,-0.077131465,0.92502654,1.0448166
0.8592022,-0.06498644,-0.086598694,0.06301193,-0.31911692,-0.015661001,0.1448335,0.95535034,1.1094202
0.9688243,0.11531609,-0.060997225,0.07597107,-0.5523119,0.06927489,-0.10737668,0.85869753,0.91935575
1.0426275,-0.1153883,-0.13443075,0.10441169,-0.44474277,0.09554288,0.04074508,0.95280695,0.9322964
0.9312078,-0.07654971,-0.06374041,0.11754477,-0.46112642,0.05251926,-0.066304855,1.1390771,0.93851906
0.8868836,-0.06522459,-0.055550836,-0.010877252,-0.3239504,0.07127763,-0.12398903,1.0593741,1.0856681
0.980993,0.010797948,0.059163496,-0.12682949,-0.41791296,-0.10986878,0.13267353,1.1422299,1.108949
0.89289623,0.005640745,0.037159488,0.055842966,-0.3939359,0.08012739,-0.14244974,1.012825,1.1029751
0.9772429,0.11391559,-0.11076828,-0.08385283,-0.26337364,0.047570318,-0.117720544,0.8632866,0.94880295
0.879084,0.03742373,-0.12663794,0.04080373,-0.44832435,0.12176651,-0.1335561,0.9769919,0.9970638
0.93559223,0.143534,0.14555675,0.09522581,-0.3443334,0.054342955,-0.14890003,0.9802122,0.90232635
0.88940865,-0.08014945,-0.1261389,-0.13760027,-0.39786324,-0.05400689,-0.13841522,1.0116217,1.0399318
0.9296924,0.11653459,0.034814954,0.07846311,-0.39449584,0.032505617,-0.10275035,0.93433255,1.0484356
0.98881453,-0.06969061,0.069033,0.13242227,-0.3534927,0.10142347,-0.093550645,1.0624143,0.81845385
0.90375495,-0.033995375,-0.020374522,-0.08051801,-0.28902462,-0.13570116,-0.026406728,0.9269851,1.021712
1.1245778,-0.1497428,0.017418236,-0.1309908,-0.3036044,0.07087664,0.052473217,1.041457,0.97206014
1.098859,-0.017162293,0.031165332,0.038030222,-0.37520397,0.1469247,-0.122751445,1.1258017,1.0364273
0.93054825,-0.039048277,-0.033766046,0.10081306,-0.34983057,-0.060313195,0.1483784,0.8818188,1.0534843
0.9150182,-0.028627291,-0.13797474,0.060069233,-0.3736239,0.016496658,0.0032605082,1.0600605,1.0879155
1.1241446,0.08358498,0.069159135,-0.046744987,-0.65174747,-0.034593433,-0.14414938,1.1026541,0.8557942
0.92044216,0.014254078,0.115421504,0.08431488,-0.27000418,0.017135113,0.026452556,1.0789163,1.0808598
0.89420056,0.041966826,-0.0064007193,-0.0154901445,-0.28511232,0.054574534,0.08156766,1.1199903,1.1454257
1.0106616,-0.0371347,-0.14393577,0.07787193,-0.12746862,-0.13428,-0.042262226,1.0622102,1.0640874
1.1077147,0.056727156,-0.06805178,0.071731076,-0.35093686,-0.13447192,0.102736175,1.0184213,0.92749393
0.99667186,-0.11753945,0.12972358,0.017480046,-0.38768497,0.08759117,-0.09125416,1.0432956,1.0654471
0.9158691,0.011920959,-0.026974924,-0.10670574,-0.49379462,0.100788325,-0.069107406,0.87235075,1.1018747
0.90575457,-0.008658871,0.09155621,0.002403006,-0.2713967,0.052340016,-0.062749945,0.9839189,1.0504074
0.8949391,0.12976858,-0.08752465,0.13958362,-0.5102469,0.12374111,0.02108562,1.1316398,1.0275534
0.8779876,-0.14059708,-0.03602214,0.059372813,-0.35579374,0.041961566,0.09654997,0.84747565,1.0000505
1.0126077,0.10872203,0.0061108023,0.07950744,-0.42860353,-0.111375555,0.0974925,1.0055094,1.0196651
1.0126594,-0.07467708,-0.14508253,0.004065424,-0.6446177,-0.043802388,0.0359706,1.0079203,1.1029751
1.1419141,0.021575838,0.06971462,0.122887075,-0.31957287,-0.08715916,-0.11443906,1.0016732,1.1440871
0.99809873,0.07355948,0.09667392,-0.03841369,-0.34346265,-0.025488712,-0.09515779,0.96144843,1.1203225
1.0093272,0.114834845,-0.06466672,-0.07797953,-0.29169226,-0.12591407,0.04092677,1.079252,1.0258663
0.89589024,-0.07527765,-0.07429909,0.09241441,-0.41290218,-0.12159701,-0.073732965,1.0429204,0.9246499
0.9189254,-0.053138852,0.060941294,0.097272426,-0.3922848,-0.0814306,0.039801747,0.94249225,1.0630503
1.0426275,-0.03134235,0.112265885,0.06320815,-0.3892872,0.066332534,-0.022416353,0.85232085,0.93223
0.96946,0.02014178,-0.061489165,0.028855503,-0.4342416,-0.08718603,0.037446946,1.0884607,1.0472214
1.0727729,-0.075172186,0.018511519,-0.0888644,-0.65012,0.110744745,0.10424566,1.058176,0.8586074
1.0759447,0.1323244,0.01676783,0.086743325,-0.40499166,-0.14867194,-0.14496714,1.0132048,0.89340943
0.92347085,0.11365175,0.028903052,-0.047470003,-0.20260143,-0.12375731,0.026776582,1.0356804,1.0842267
0.97752,-0.08390515,0.11174524,-0.07885647,-0.1786843,-0.09640081,-0.06132102,0.8769274,1.056886
0.8924644,0.118062675,0.12004796,-0.034736574,-0.34115684,-0.08718603,0.14653775,1.031306,1.0571097
0.97947776,-0.033152156,0.013766527,-0.11870241,-0.7734193,-0.1298406,-0.11865031,0.9359711,1.0841554
1.1229044,0.13470927,0.012222797,-0.03798788,-0.33037746,0.015095293,-0.070019126,0.9175122,1.1060492
1.0840372,-0.02473408,-0.097574726,-0.12597804,-0.4667938,-0.14645198,0.03314483,0.9339096,0.9746475
1.1229044,0.07599659,0.05744101,-0.045533948,-0.3587718,0.10034153,0.033716336,1.0478653,1.0170953
0.8555707,0.0689536,-0.11301914,0.13399854,-0.30015823,0.123728625,-0.055598333,1.0848666,0.9990711
0.98397744,0.061511517,-0.13369295,-0.066179074,-0.4561865,0.07544263,-0.0481105,1.0900074,0.8521923
1.0944612,0.021958262,-0.09551735,-0.083790265,-0.46722192,-0.109116,-0.11430329,1.1402501,0.8521923
0.9424237,-0.108080655,-0.12435008,-0.07366827,-0.50478435,-0.09260808,-0.0002669394,1.1196004,1.016174
0.87388283,0.041966826,0.106273025,0.003194213,-0.15678501,0.123677485,-0.14424391,1.06773,1.0757539
1.0669422,0.13220254,-0.13122627,-0.016560763,-0.44812104,-0.08519592,0.12888348,0.85083616,0.96742314
1.1042589,0.039103806,-0.04948073,0.0021732152,-0.42995164,0.08441685,-0.042262226,1.0141112,0.8507501
1.0082799,0.09825991,0.121492386,0.016740471,-0.56295943,0.08216205,0.0671282,0.8696726,0.9481704
1.0963175,0.018127099,0.07412659,-0.13881838,-0.69688,-0.003619492,-0.114252985,1.1036365,1.0206134
1.0751084,0.060310706,0.09165524,-0.11350131,-0.6577276,0.069828466,0.027447522,0.8946277,0.8995852
1.0426899,0.06457524,0.07608691,0.045716792,-0.42326105,-0.042030595,0.10204965,0.92714953,1.1232219
0.9717883,0.05372195,0.057728574,0.031205684,-0.55779,0.052340016,0.10477105,0.94754183,1.067949
1.0345235,-0.09644462,0.12113616,0.015117631,-0.5566207,-0.12047309,0.046442628,1.1402501,0.95381445
0.9312078,-0.055717833,-0.12552622,-0.07797953,-0.5970181,0.017746806,0.11205259,1.051516,0.89106053
0.858165,0.029990494,-0.06277752,-0.08004542,-0.34367982,-0.051491477,-0.032285772,0.982444,0.90295905
0.8440354,-0.08014945,-0.14814875,-0.10751036,-0.30014256,-0.035039753,0.035145625,0.91341895,0.9350981
0.85864586,0.086364314,-0.06039738,-0.020585537,-0.38439584,-0.012013599,0.090436906,1.0716928,0.8520993
0.9461152,0.12592196,-0.13559708,0.08500622,-0.64664686,-0.051491477,0.053953677,1.1097553,0.93798083
1.1482048,0.021067947,0.12935135,0.09241441,-0.4785764,0.07132189,-0.002070427,0.8505102,0.8244554
0.84454894,-0.09393078,0.1364603,-0.056685254,-0.5315754,-0.0814306,0.033789694,0.9480084,1.0351737
0.96958435,-0.14040953,-0.080598615,-0.04517813,-0.47161242,-0.028056785,0.09104885,0.9999665,0.9012625
0.8632288,-0.10467766,0.055718154,-0.07401268,-0.2793114,-0.07803412,-0.048014425,1.0480268,0.907202
1.1314236,-0.11753945,0.12314916,-0.070892595,-0.42365494,0.13263732,-0.0844488,0.8710316,1.1142442
1.1246674,-0.12415453,0.08505112,0.015785888,-0.381094,-0.069025956,0.026228353,1.0139682,1.0557587
1.107352,-0.08445084,0.054068923,0.11292106,-0.42305166,-0.00023031235,-0.07107085,0.99863535,0.94290376
1.0022178,0.032242566,-0.118529215,-0.12440651,-0.33181757,-0.03944952,-0.14496714,0.84921026,0.9218119
0.8665257,-0.11277434,-0.10549064,-0.015515745,-0.38198853,0.098799095,0.08156766,0.8511658,0.9749322
0.9839046,-0.104867384,-0.011148259,0.13501036,-0.35664535,0.0852319,-0.14880331,0.9727529,1.0936635
1.1221147,0.039103806,-0.046443544,-0.053437583,-0.2873553,-0.091130555,-0.13813415,0.9346121,0.9180054
1.1037973,-0.050818883,0.068688706,-0.13809407,-0.09417501,0.114673406,-0.029816203,1.0374566,1.1094202
1.1356641,-0.06522459,0.07180512,-0.124052174,-0.61508954,0.10782689,0.14555323,0.98131067,1.03307
1.0049087,0.1400797,-0.08256945,-0.037317738,-0.45285696,-0.14795053,0.10866043,0.84843683,0.8996031
0.9776333,0.13183978,-0.03402756,0.011540458,-0.31034097,0.031987876,0.0070376545,0.90440094,1.025508
1.0175376,0.10653764,-0.082631014,-0.0866385,-0.2494497,0.041961566,-0.078191526,1.1289622,0.8737076
1.09033,-0.057326607,0.12728557,0.003194213,-0.32169616,-0.06893419,0.03271979,1.0484385,1.114204
1.1442628,-0.12124701,0.10783097,-0.11361777,-0.44848377,0.097498074,0.12104356,0.8733598,0.94864154
1.1016898,-0.037582025,0.031165332,0.1171304,-0.6379078,0.008457601,0.04092677,1.001843,1.0090508
0.93961334,-0.08859219,0.08006993,-0.021719024,-0.42820436,0.008568406,-0.13862348,0.93433255,1.0195546
1.0180277,0.12535155,-0.010628179,0.09920165,-0.27695504,0.11114594,-0.049012884,1.0172087,0.9006604
0.8823057,-0.045613557,0.0035935938,-0.08174776,-0.2797809,0.05897005,-0.08229688,1.084472,1.0186822
0.8979377,0.024063006,0.0035935938,0.029872924,-0.4831019,-0.14645198,-0.10750003,1.0383639,1.1115007
0.8587425,0.12089953,-0.009737387,0.14674428,-0.6910356,0.010648832,-0.055141836,0.98131067,0.9108928
1.1301976,0.08078025,-0.04948073,-0.049269624,-0.66545033,-0.12792888,0.13717455,0.9904665,0.9465505
1.1498513,0.07748097,0.055718154,-0.09027733,-0.34904268,-0.03581316,5.9753656e-05,1.1082883,0.93851906
0.93701977,-0.007362634,0.14906546,0.13996884,-0.5707833,0.016364872,0.045216322,1.0260804,0.85713154
0.98744786,-0.121735945,-0.08938752,0.12120834,-0.45116767,-0.11201179,0.08998479,0.92444825,0.92573375
1.1060059,0.09925403,0.1285091,-0.018981352,-0.40753374,0.046333164,0.077958226,1.0025861,1.0847498
1.0829104,0.14411378,-0.1157932,0.075239554,-0.60680735,-0.042030595,-0.10779619,1.0129806,1.0638735
0.8858119,0.01944846,-0.13164496,-0.04433497,-0.27497268,-0.1092683,-0.1393885,1.1225661,1.1408206
1.0500811,-0.11753945,0.028603166,0.04937625,-0.6022443,0.073360965,-0.02782996,0.9325913,0.84098446
1.0820844,-0.0667575,0.042213246,0.08597447,-0.55981094,-0.080864996,-0.056421846,0.914161,1.0051486
1.076875,0.021672338,0.09165524,0.011540458,-0.34360456,-0.08509723,-0.10743973,0.87336737,1.031754
0.94252646,-0.0019786358,-0.118529215,-0.04433497,-0.5561675,0.097678885,-0.08727799,1.1026541,1.1205975
1.0715231,-0.08638013,0.1423946,0.03412144,-0.64997363,0.104216635,0.038905054,0.9025091,1.1379125
0.8723647,0.09302443,-0.017915621,-0.11174208,-0.38432562,0.01367186,0.042502746,1.0358557,1.0387554
0.884055,-0.1272307,0.0037745237,0.042952195,-0.49428454,-0.11367422,-0.07088353,1.1097283,0.85988855
1.0470148,0.07650019,-0.036008053,-0.044929467,-0.2762272,0.13263732,0.13715333,0.9839189,1.0698969
1.114522,-0.011740223,-0.0969957,0.05248545,-0.27615437,-0.12512378,-0.10828078,1.1175936,0.90499127
0.9563119,-0.07407904,-0.08514746,-0.10960989,-0.5524049,-0.0063672364,-0.12275141,1.0383639,1.0620551
1.0667117,0.08908358,0.07503748,0.07820903,-0.50167936,0.061140507,0.0931302,1.0005031,0.89670485
1.101974,0.08078025,-0.052547567,-0.003126353,-0.48300022,0.035958767,0.04882987,0.9964285,0.9542575
0.9851286,-0.095261574,-0.12368981,-0.10784217,-0.3349867,-0.12614521,0.073162794,1.0820873,0.8892916
1.0500925,0.07552633,0.04717739,0.046010613,-0.41655824,0.015095293,-0.055828802,0.8639863,1.1045724
0.9986505,0.048492372,0.12521061,-0.014408454,-0.27238715,0.11960399,0.0051177293,0.9772504,0.8976365
1.1004211,-0.10061516,0.03370881,-0.009540096,-0.67402136,0.020086527,-0.09371431,0.96619034,0.98179746
0.9170958,0.014872551,-0.122020364,-0.02202171,-0.4429237,-0.009921834,0.036958143,1.0052996,1.1139182
0.9055533,-0.14059708,-0.14814875,-0.119706474,-0.616153,-0.029030532,-0.13504246,1.0139645,0.90493554
0.97357535,-0.02256903,-0.08514746,0.040182993,-0.27876523,-0.02657263,-0.14424391,1.1036365,1.0292921
0.9825809,0.07937649,-0.10250902,0.13378423,-0.48502687,-0.0814306,-0.10743973,1.0442704,0.9593683
0.8765324,-0.042493545,-0.023341566,0.04234229,-0.27059722,0.10779697,-0.05970689,0.95180535,1.0770838
1.0565432,0.14761728,0.103179336,-0.05873841,-0.5811545,0.0046468675,-0.0844488,1.1283159,0.91397476
0.8667438,-0.13867016,0.048011795,0.021517485,-0.35149345,0.08759117,0.0980967,1.1289622,0.9617538
1.1353626,0.06230493,-0.11976275,0.031205684,-0.54877865,0.08012739,0.12973246,1.0971073,0.96739304
1.0237608,0.016913235,-0.03756859,-0.06883357,-0.47461578,-0.03581316,0.09178989,0.96902865,0.89479357
1.0472016,0.01518999,0.1027053,-0.13182604,-0.15458426,0.103404194,0.11302358,1.1062812,1.1261023
0.8934417,0.029631808,-0.04204055,-0.061789677,-0.34057802,-0.084780395,0.036958143,1.0016732,1.0155625
0.9786783,-0.11511623,-0.082245134,0.07467036,-0.46347275,-0.13512293,0.016585872,0.9492411,0.93629616
1.1015931,-0.07971538,-0.13146521,-0.11199206,-0.39581317,-0.060096703,-0.13813415,1.0165519,0.92893475
0.9580127,-0.01739575,0.06188875,-0.0008537173,-0.6517683,-0.008762896,-0.109521106,1.055416,0.9108928
1.0750079,0.0525427,0.07644877,0.021538258,-0.24459153,-0.023463234,-0.08244131,1.0282354,1.047248
1.1036166,0.056727156,0.06702332,0.033404782,-0.52851844,0.007083416,0.027733922,0.91462076,0.9350981
0.99588704,0.011852697,0.14227822,-0.122648284,-0.46480784,0.053119406,-0.07304405,1.0097871,1.0378189
0.98201644,-0.09763433,-0.035642177,0.08431488,-0.5477835,-0.12753169,0.12261817,1.1204363,1.0087339
1.1469975,-0.13998765,0.009296536,-0.12682949,-0.45934933,-0.04915025,0.08649422,1.1035265,0.9043305
1.026973,0.118626416,0.059163496,0.13073206,-0.36905465,-0.10986878,0.07752824,0.993474,0.9803297
1.1300975,-0.13229784,0.06971462,0.056867346,-0.63830334,0.03448394,-0.016451806,0.9357789,0.9812446
0.88207275,0.0041448474,-0.091206685,0.11355919,-0.49586678,0.023785114,-0.08334418,1.0141112,0.9380302
1.1241446,-0.11257334,-0.011579558,0.085952416,-0.768531,-0.018047348,-0.082848735,0.918758,0.96628094
1.1291188,0.10908556,0.03345716,0.11207569,-0.13450989,-0.011043742,-0.120694675,1.1316398,1.0379713
1.0189961,0.021039903,-0.0403118,-0.08174776,-0.47018376,-0.051491477,0.011427224,1.1260958,0.92186743
1.1142495,-0.13434964,0.14424723,-0.030716322,-0.42860353,0.073360965,-0.015970051,0.92938507,0.92397624
0.9817492,0.12476054,-0.011450022,-0.03287836,-0.2687317,-0.027924478,-0.008786708,1.0258558,1.0837163
1.0442591,0.03335829,0.117800295,0.12120834,-0.09777722,-0.004394904,-0.12675893,1.0141112,0.8969141
1.0500276,-0.07810829,-0.081488535,0.11125034,-0.48403916,0.04897988,-0.031399332,0.974666,1.1123053
0.9150182,0.041052178,0.013312429,-0.07885647,-0.4150895,-0.10306467,0.10084295,1.1307737,1.125072
0.8553086,0.14531389,-0.012839943,-0.108707115,-0.64900666,0.041868567,0.02101995,0.8951031,0.8996031
1.0970374,-0.03305848,0.0947807,-0.036721036,-0.5817986,0.040594786,0.12998214,1.02682,0.82934225
1.0098959,0.029104456,0.0061533153,0.06977968,-0.30235183,0.072554514,-0.08225618,0.918758,1.1387645
1.0736927,0.013877094,0.1027053,-0.115456425,-0.2727652,0.13932326,0.10861164,0.9485411,1.112488
1.0613768,-0.11190863,0.012483507,-0.049173474,-0.14077163,0.10428491,-0.05424931,0.906569,0.90493554
1.0024506,0.0033884495,0.040681556,0.105740696,-0.2679337,-0.00706774,0.07125734,1.0260804,0.8253961
0.9026278,-0.11224525,0.08163057,-0.1318763,-0.58120036,-0.0798189,0.10861164,1.0133363,0.9461071
1.1151106,0.036375523,-0.11103201,-0.023323894,-0.47013435,0.031937495,0.023051113,0.91717356,0.9519485
0.9444566,-0.11077736,0.001516357,-0.09775032,-0.4711929,0.0551693,0.09237836,1.0736682,1.0638735
1.0424062,-0.021766916,0.0627839,0.050759643,-0.30051863,0.12643147,0.026776582,0.91717356,0.90493554
0.98170936,0.0689536,-0.07925318,0.0052826107,-0.28751993,0.052340016,-0.10529521,0.9392326,1.0982784
1.0639746,0.11547306,0.061420705,-0.12845309,-0.3622089,-0.003222078,0.08215451,1.1422299,0.9884112
0.86040753,0.06230493,-0.03402756,-0.044661216,-0.2766168,-0.111375555,0.09361853,0.9006571,1.0934478
0.85864586,0.11296165,0.08661176,-0.061946265,-0.3047258,-0.0070102513,0.03216201,0.85090023,0.93033695
1.0500811,0.13820818,-0.004118517,-0.04425098,-0.25912368,-0.14961067,0.07339774,0.85716337,1.0956916
1.0709382,-0.10397489,0.1364603,0.11238071,-0.5823759,-0.13512293,-0.12702265,0.9253725,1.080246
0.88350326,-0.025706738,0.041821614,-0.115456425,-0.59906435,0.12004471,0.07103218,1.06773,0.9118592
0.92361844,-0.09634182,0.060941294,-0.114143446,-0.4377425,0.016000211,0.026228353,1.1138203,0.85713154
0.9026278,0.048492372,-0.092603594,0.059372813,-0.2735797,0.11956757,0.035145625,0.85443133,1.0550932
0.898268,0.11761305,0.08318357,-0.13470183,-0.49303776,0.010372877,-0.080434375,0.87680817,1.1343836
0.88940865,-0.14763947,-0.021165371,-0.035135776,-0.2810597,0.122668326,0.031854168,1.1237518,0.90117115
1.1037973,0.06488286,0.08335355,-0.112476826,-0.37937173,0.11707118,-0.09136595,1.0484385,1.0934478
1.0725534,-0.10375157,-0.13753167,0.05054888,-0.44988325,0.061140507,0.036143094,0.997177,1.0847498
0.92818236,0.10116178,0.13049048,-0.085295625,-0.45402247,0.11562222,-0.1335561,0.8741696,0.9374554
1.001792,0.03138104,0.039333045,0.01519394,-0.30938527,-0.1442954,-0.11205887,1.0554477,0.9118592
1.0205585,-0.08965447,-0.033356026,0.10441169,-0.31487322,0.13666713,-0.09790863,1.0139645,1.0172656
1.1243064,-0.09403241,0.018824756,-0.01370424,-0.3804776,-0.056582615,-0.0003887564,1.1034673,1.1470541
1.0902636,0.11231741,-0.09444022,0.014864505,-0.42249224,0.02482821,-0.033341542,0.8505102,0.8584129
0.9904209,-0.11803081,-0.11478503,-0.046140097,-0.5374903,-0.10512316,0.022434235,1.1258017,1.105119
0.94315517,0.00046789646,0.0061108023,0.111193836,-0.4708039,0.12198815,-0.01508002,0.8653005,1.0962003
