A,B,C,D,E,F,G,H,I,J
0.17940003,2.4520218,-2.7611604,-0.8507966,-1.4740821,-0.57471204,0.99113,-2.0756166,-4.609335,-1.3942754
0.31556225,4.7214174,1.9518329,0.59698844,-1.7627021,-1.9228163,-0.3185255,-0.80687237,-4.54749,-2.8048928
0.34201592,4.3138213,1.592861,1.6384153,-0.03315039,0.9058962,2.8219428,0.47511256,-0.05188781,2.447371
0.87474823,2.5393465,2.0983338,2.5702715,1.3705695,-1.6285557,-1.0241828,1.0460187,0.06023121,0.88552976
4.162818,0.3353263,0.95664716,-0.040094256,-0.2449832,0.09302138,-0.11410332,-2.8508925,4.996971,-1.0787774
5.185098,1.288492,2.5914397,-4.9935966,-0.94292164,-0.4688203,-1.0436631,-2.5175378,2.1781642,-0.9321874
5.540363,-1.3341335,1.4428954,0.47159874,4.326571,1.4119828,-0.41234884,-0.74045086,3.9404309,-1.8025676
5.54091,-3.447775,0.686396,-0.06535351,3.4268086,-0.9641639,-1.3248903,2.9216821,2.938806,-3.1295462
4.0754833,1.1249771,-0.63837373,2.8376484,4.6407733,1.7256023,0.34426677,4.1570888,-2.8195255,-1.8288238
-3.5183697,1.6136973,-0.7081564,-3.0900323,1.7612218,-0.20437062,-1.3885508,-4.1359434,2.4026527,-3.1340704
2.576137,-1.4678383,2.1857755,1.3813905,-2.6985075,-1.4120668,0.40639243,0.03417906,-0.08449602,-3.06722
-5.068912,-0.9847158,4.9050636,2.9420087,-2.7399604,-5.8558636,2.756128,2.304505,1.2627006,4.0741553
-2.4658747,-1.6457136,-2.347362,1.2321471,-3.356279,-0.15537143,-2.71061,-4.1853743,-1.8358943,-0.67013276
-1.6900821,-0.91243106,-5.4771824,-1.3305018,-2.053511,2.3302112,1.6234317,-1.9610717,2.1599662,0.45918489
-5.45755,-3.5102844,1.8096023,-0.29026362,-3.883569,-2.6507094,-0.72785914,-6.648861,2.7371554,-1.4888418
-4.321205,0.95125663,0.46672845,-0.014493108,-3.6164436,-1.078677,-3.2402632,-0.48622772,1.9948165,-3.070784
-3.72361,-0.71475357,-1.8216261,1.4656632,-1.0198666,-1.939364,1.5158498,0.42576373,1.2033257,2.7272964
2.5148191,-0.8671869,-1.641669,0.17551297,1.4716963,-0.8560937,0.61354744,1.9358914,-1.5043782,-1.7798398
1.3579903,-0.8649813,0.80737484,-0.5600667,0.18521285,2.3161159,-0.48792213,1.1869278,-2.3148634,1.147838
5.1927967,-0.70709413,-0.80527836,2.853427,-0.25315288,0.38777238,-3.3837504,0.5703263,0.41387776,2.011167
9.5064535,3.009884,1.3556681,3.7060192,-1.7471037,3.6523066,-3.4527802,2.3171012,-0.81605136,1.7084379
6.754793,3.663219,3.490051,-0.66587806,-1.2733002,-2.1661496,-3.685608,-1.2909238,-0.41128474,1.1756492
1.0176425,3.2586946,3.3906426,1.4242007,2.6577003,-3.9093819,0.09486818,-3.1838965,-1.3176556,-1.3600606
1.1871,1.4101689,3.834733,1.3211856,0.7215807,0.39423013,-0.71823394,-3.0341425,-0.21988016,-2.2984705
2.267263,3.1385746,1.2456281,2.3720436,2.9866111,0.8222396,0.5499626,-3.0931644,0.18061328,-0.49624193
-2.4522593,1.245547,2.9728153,1.8905659,1.6739078,4.5687876,0.98220795,1.4749804,3.0819967,-0.23736607
-2.2182062,-0.99067104,-1.2346137,-0.30027294,-2.7852142,3.9950566,1.2636088,1.0435702,0.2264027,0.4439171
1.4869562,-2.5634882,1.0945754,3.232851,3.0364666,-1.6805153,2.8695111,1.5107183,-2.177942,2.296924
7.4304657,2.6156917,0.4610758,5.759698,2.071885,-3.846012,-2.7338798,-1.3105233,-1.4366305,-0.40341103
3.1317327,3.9786587,-1.915363,5.7823606,4.9893312,-0.5809558,-0.7014053,0.723665,3.337354,0.09256363
-1.4472855,-0.5534773,2.0659087,-1.9325402,1.9586221,-1.9196541,2.0380301,-1.6831853,5.6762,-0.1352087
-3.97365,-2.6400447,0.98988533,-2.093846,-0.15161501,-0.042941518,-2.5557747,-4.1342607,2.7349157,-5.971042
2.1328313,-1.7203346,4.686968,-2.225098,3.1066587,1.9178722,-2.1408083,-4.0229697,0.7863419,0.2354188
3.1735523,-2.0502946,7.3278136,2.1393502,2.5944629,-1.7897875,-2.2337272,-3.3562756,-0.2276023,1.1835277
-5.9408417,-2.826779,1.1055763,-0.98693156,-0.70760465,3.6062694,-2.099523,-2.7197967,-0.9881545,0.18992499
-4.528269,-2.0759592,0.8610392,4.676625,-1.7858104,-5.9476957,-4.6956596,0.6666875,-2.5332065,-0.23197465
-4.8321395,0.69060075,-0.65772617,-0.4347265,1.8906449,1.2397356,-0.96379095,0.4824474,2.829495,2.775363
5.8924522,4.9943547,-4.162447,-2.367713,0.29883713,-2.5125337,2.2328744,-0.87664735,2.6271467,3.120219
3.4969788,0.6600849,-1.5661279,-1.1621826,-2.744098,-0.7981463,0.672665,5.49216,3.5678291,-0.9082985
-4.83842,3.475476,-3.0555687,2.7910264,-1.0009441,-1.506985,3.2121086,3.542123,-0.56856006,-0.82695186
4.4010267,-3.9148834,-1.513187,1.0107201,2.7782826,-1.0002998,7.1316395,1.3585694,0.38379106,-0.5002379
7.3507633,-2.0268183,-0.7805159,1.4886159,4.399192,2.5998633,1.0737158,-0.26892474,2.5146317,2.6682215
5.6318846,-1.8965542,0.1969719,-2.5823078,-0.88829017,2.3946943,0.47064054,0.23392528,2.6682498,5.756715
0.7503292,-3.010558,2.9515996,-3.9485626,-4.3729467,-4.4453664,0.47556132,5.163175,-3.550857,-1.8617522
-0.50619924,-2.3549712,0.11203945,2.0822241,1.8650246,-1.3765147,-0.030704409,-2.0547163,1.2650251,-3.5861745
6.6540213,-4.3811865,3.0395768,0.23050845,-0.41421974,-5.173271,-0.38355717,-2.8831377,4.1951146,-3.723177
-0.25279048,-1.8378127,3.6077254,0.98056644,3.8985758,-1.4976387,-3.1323533,-7.1476517,5.773983,-5.70739
-0.5148947,-2.0822241,-0.969691,-1.6017357,0.09374833,-4.007284,-3.115431,-1.1551938,6.9465027,0.20334733
1.9400896,-1.081988,-4.3671837,2.736603,2.8901315,-4.957529,-1.2600188,9.368601,0.5247035,-1.911066
-1.6482494,0.09663555,2.4095883,-5.053134,3.089287,-5.6780467,-4.3257756,2.6512086,1.9857621,-2.8121526
0.6532795,-3.374406,-4.44434,0.7859331,-2.6811051,2.0068612,-4.727868,3.6302881,3.1710916,-4.9632206
-0.15184152,4.963129,-2.000287,1.036861,-2.649126,0.8379636,-1.8181641,2.0188446,1.314055,-3.6989684
-1.1713487,0.1195032,-6.539154,1.3844359,-3.2491217,-1.8685327,-3.8897576,6.287408,1.4173775,-3.3085687
5.1732783,-3.7896867,-4.672292,1.6078206,-2.9828396,-0.6917684,-6.482719,1.1721271,6.400321,-1.9527311
1.4168887,-2.157499,-1.528785,1.2381527,-3.039811,-1.1164427,-0.6016624,1.7251921,1.9139973,1.9471558
3.037096,-2.4411862,-3.0518796,0.48155987,-4.827414,1.7894192,-3.9701822,-2.693157,2.438974,1.8828466
0.105718374,-2.4039693,0.082098365,0.1398052,-4.0984383,-3.6815746,-1.4631007,-1.0774751,0.8058554,3.238058
2.6594582,-3.2449524,-4.5588293,-3.811327,0.2393434,2.4083805,-0.5191852,-1.6205748,-0.37294436,4.742287
-4.1604,-3.4616609,-3.5602665,2.6837654,3.2245743,5.6722465,1.0265213,0.17865326,0.85962296,-0.584229
-2.7380772,-3.847468,0.1317513,0.41416466,-0.37515128,0.8563529,1.8457435,1.5132096,4.354738,-2.6051602
-3.3865771,-2.8063006,0.8305454,2.4155784,-4.1279383,1.8740249,3.1642177,-6.808083,-0.4613998,1.1163229
1.4362087,-3.1733751,-0.5021099,1.1426969,1.2697468,-0.25228748,-1.2320762,-2.5584624,-1.606821,-2.1157289
0.42599773,2.612083,0.39746624,0.12362782,-3.0361965,-0.5183011,-2.7361798,1.982913,-1.0832858,-1.6346151
1.7800293,4.366024,-0.318228,0.1279196,-3.0908809,4.3710113,-3.7939959,-0.91043663,-0.5533332,3.1242194
1.5690296,6.3601913,-1.3626833,-6.2994566,-1.1314516,2.7583945,-3.014535,5.1991863,0.17137006,4.1736274
1.7735815,-2.595693,-1.5047259,-1.6962261,1.9591985,-3.6501384,-3.5890775,1.549265,2.458654,1.7935474
-2.417089,-5.0003586,0.3053987,-1.3806107,-1.2834067,0.34590217,-3.1371853,-0.16080618,0.10055052,-1.5197574
4.5214286,0.29168606,3.11405,-3.5326424,-0.83213204,-0.22882077,-0.96847117,-1.7115716,-0.7093817,0.0054864883
0.28683078,-2.0791535,-0.88139224,-3.7467744,-0.2658456,-4.727658,-1.9621531,-0.87434566,-0.721825,-1.5267931
6.663103,-1.3262231,-1.3912156,-2.882527,-2.3435402,-4.706584,-1.9921706,-0.4796402,-0.1203479,0.7143136
-2.4398704,-2.2183678,1.0696034,-0.569339,1.0360919,-3.2469335,-5.756837,0.7327902,-2.7133977,4.8890123
-1.1427062,-0.24545935,-0.2904406,-0.1941405,2.1337438,1.219919,-3.4858432,0.4452387,0.82551503,3.6336389
2.7833347,-1.1411483,2.3860698,2.7303054,-1.6333786,-1.9056629,-4.9326754,2.881181,-2.2189023,6.290316
0.88477767,-0.18373048,1.119734,3.041799,1.7288986,-1.2947546,-2.1219163,-0.42249012,-3.5373878,-0.8923726
6.8209734,0.19502805,1.2721925,3.0661058,3.7193286,-1.0679554,-4.440996,-0.26738325,-1.1397488,0.27399826
-6.1886797,0.9278744,1.339183,1.3842835,-1.4375743,0.84229916,0.27846992,1.9707547,1.8930618,4.6238
-3.108282,0.63345283,-0.9998257,0.79449904,-3.0112948,0.9118901,-3.4399052,2.5289445,4.92085,1.8751484
-6.5514884,-3.9683397,-2.2012496,0.40915215,-3.9933138,4.3753,-2.744266,4.6859255,4.340742,-0.58435106
-6.46543,1.4830469,-2.6679873,-1.4140592,-6.2739067,0.9614312,2.1113198,-2.547136,1.5827006,3.3913255
-5.4659295,1.0813345,-1.8004504,0.36734104,-3.099476,-1.3089998,-0.3980484,-3.150575,-0.3893056,0.57746565
-6.0394573,-1.7783263,2.6243098,-3.6238928,-1.9441756,-3.042784,-2.7470157,-7.3788657,0.079556644,-1.647637
0.54764414,0.0035028458,-1.1498332,-6.231981,-5.3178506,-6.381324,0.9650652,-3.0159402,1.968317,-0.24746361
-0.6505798,-2.1818678,-1.9428185,-2.2077022,-3.5429492,-2.4718447,2.3732457,0.49128324,1.5423479,-1.727789
-1.128548,-1.176472,-1.9361029,-5.7353888,-1.2545621,1.5150427,1.2305026,-3.0487227,-1.7954786,1.6509025
1.3885142,3.7594347,-0.7537764,-2.3985465,-3.0453513,2.9636118,-0.4484563,-0.093064785,-1.5792776,1.1053131
1.453983,-3.8281364,0.35270208,-7.745663,1.6125598,4.7943387,5.8330126,0.23963124,1.2871963,1.8830787
4.238533,-0.41263142,2.8414001,-0.42468938,2.8456743,3.4062529,-1.7619281,-1.7745795,2.2430222,0.43413258
2.690946,0.9809241,-1.7396424,0.11467874,-2.9272637,-0.43696547,0.43125525,2.154365,0.2783674,-5.319874
3.4099913,-0.1775291,-2.4237921,-0.9342272,-1.2026377,0.07091692,2.40514,-1.2061408,-0.5574348,2.2341902
1.3435409,-1.0758011,0.2560134,0.72434825,-3.2594523,5.189296,-0.48236296,-0.4616744,-4.1624055,0.36946654
2.5172017,-1.217711,0.5459267,-0.15077388,-2.3159537,3.3932467,4.2434998,5.0437574,-3.7825875,-2.651721
-1.62919,-1.7878581,2.1483223,2.2138023,1.3121532,-0.6551413,1.1729333,-0.5153625,0.7765305,-3.877254
-0.6515373,-0.815475,3.8707302,1.0342567,2.7808428,0.53434205,-0.60269785,-1.732686,-4.2906427,-2.9963608
0.32510167,-6.2422237,0.018314093,2.7322297,1.5351336,0.11499834,-1.2346106,-0.45167363,2.1322298,-1.326493
-3.3646746,-3.393674,-2.0761335,2.7204833,1.8331281,-1.6201134,-1.5048126,0.2919271,1.2131608,-2.017403
-3.6914744,-3.6806016,-0.55049586,1.3832487,-1.6899948,2.781938,0.16344202,-5.7229414,-2.461362,0.48824894
-2.7250364,-0.1689278,2.918944,3.3854651,-4.7162714,-0.6911346,3.4884958,-0.30904198,-0.7522177,2.6116219
-2.4733758,-3.0702682,2.4611552,6.2518897,-5.76329,-3.5388494,0.16570222,2.7282023,1.4173748,-1.2174976
1.2970982,3.1769845,-0.110624015,7.457214,-4.310288,-3.4454865,0.18858853,-0.24006975,0.5741731,-2.1974185
-3.1351068,2.5234716,-0.3474046,-0.638723,-0.9781166,-1.5632999,0.08165431,-1.8028307,-0.728795,-3.4015985
-0.5880624,-1.5532024,-0.84221905,-1.3095633,3.1811254,-0.912898,4.184395,-7.5127463,1.1838946,-1.1275609
-0.42147076,-2.438328,-1.1444415,-0.022289813,-0.71044874,1.6780591,2.6763568,-4.7572165,-0.23977268,-1.0773075
4.142262,-4.1471143,-2.1483994,-0.5538276,0.8576786,-5.9083033,-0.61935675,-0.77047837,2.490029,0.18040141
3.7414885,0.009771483,-2.294345,-1.280527,-5.689098,-3.9675868,-1.5826843,-2.0591025,0.035430074,-1.1722447
4.774181,0.9463079,-2.4609053,-1.4146063,-1.0558878,-1.4753628,-0.6772851,-7.0230412,0.9715556,-3.9757621
-4.2648654,-2.5199614,1.9255352,1.0088158,0.7245116,0.9413714,-2.1683984,-7.6052046,0.99991316,-3.4482346
0.9933101,0.7839428,-0.07689482,1.9486593,0.6987686,2.1691484,0.46966273,1.0038077,-1.893118,-5.388651
-0.099716544,0.8500304,2.1090202,2.844675,1.555558,1.5962074,0.45749882,2.219029,-0.55433375,-8.634222
-1.5126686,-0.288211,-1.9305768,5.7355676,-2.028194,2.6416628,-1.4649084,-1.8240249,4.6739945,-1.1233697
-3.998285,-1.5223835,1.5594618,1.2153183,1.571789,-2.4445906,-1.9514177,-5.3670926,4.6913295,0.43583933
-3.362734,-0.4779364,2.479549,2.6856387,-2.5668688,0.5419785,-3.9202757,-5.6373787,1.7862909,0.33740067
-0.6120509,-5.922227,1.121515,1.9546708,-2.8037493,5.104545,-2.022251,-1.7538085,0.5875989,-0.7537892
3.0839157,-1.9482718,2.9468405,0.8525672,-0.12930441,3.9452646,2.6575015,-5.557728,-4.1950045,-0.49094933
2.7734227,-4.5052557,6.9176817,1.5624691,2.0743442,-3.3316007,3.252904,-3.499583,2.3635273,-2.3988643
-1.8615603,-1.3037195,2.681383,2.5912178,-1.8483564,-0.36619973,-1.1868929,0.231421,-1.2016097,0.037268966
-2.7795815,-1.2376839,1.5963514,4.640184,-0.8925542,4.11315,-1.5585227,0.18946075,-3.5420809,-0.29700202
1.0715497,0.06519413,2.8589764,-1.4520004,-0.23857033,-4.479119,1.9061956,-5.608519,-3.6159499,-1.0198679
-1.0265582,1.8016987,1.7049241,0.21023142,-1.3894459,-8.928602,3.627051,-2.8313255,-1.8098783,-2.3730042
-3.0412045,-1.2663734,-0.024289131,1.103986,0.17603779,-6.274371,-1.3275293,-0.41000658,0.9825074,-3.197648
-0.38202432,-4.268118,1.4169097,-2.9954457,-1.8347445,-0.94079995,-2.0052056,1.674019,0.46784663,-1.583077
3.6131473,3.9891481,-3.0431557,2.012586,0.34203273,-3.7111382,-0.23135507,0.100773215,5.5348277,-2.4357066
2.2481036,-0.96155167,-2.0276108,-2.206876,-2.724359,-0.070700824,-0.83785677,3.8147662,6.2969255,-0.69034183
-0.8114598,0.28579777,-1.3856713,1.5281625,-2.3538535,4.402088,3.354606,8.574776,0.23938465,0.19576289
1.3312815,-3.8577428,-2.1032953,3.3093948,0.17399728,2.6547163,0.4656796,2.0575457,-0.9691472,3.9225764
3.487635,-0.22528684,0.02474229,3.4319224,-1.0706209,0.5652213,-0.7145335,0.7733392,-0.31041527,1.9791105
6.443918,-2.55544,-2.577152,0.2547016,0.8720865,2.5907056,-1.3071343,4.262021,-1.3630788,-0.89634883
0.20233214,-3.997282,-0.3194431,-0.46740907,2.146103,-1.3781039,1.8416711,2.4303102,3.8058615,1.049258
-3.6150339,-4.215998,-0.65652955,-2.3087564,0.3238184,-3.1824403,3.3580055,-1.2640285,2.8868484,2.0699744
3.4389224,-1.3300695,-0.1985231,-0.8222617,3.3255835,-0.7605083,-2.970765,-4.0166326,4.1575103,1.2370158
-0.75818646,-1.5880219,2.752894,3.7358024,2.0968997,-3.5909464,-1.6167648,-4.131952,3.89544,0.44686738
-1.5212214,-3.3430243,3.7788916,0.4470873,-3.8789024,-5.702947,-1.486907,0.28010237,-0.23591018,-2.5860338
-2.373793,-1.7010798,-0.1903305,4.302781,-1.4240904,-5.777993,-0.3124329,-0.7555359,2.6435065,-5.254223
1.616917,1.5863886,1.5950713,-1.2221072,-3.2036834,-6.647929,1.5998785,2.5922747,0.12391043,-3.7439861
0.5806956,1.5543293,1.7470076,0.8445711,-3.9142513,-4.6500206,-6.6972256,-0.23302856,-0.9171415,-2.6674018
-1.0109746,-2.1916924,2.1135442,6.9327435,-0.29021072,-5.1163025,-3.6100342,-0.39755177,3.7607765,-0.26026356
0.31354785,-3.5731938,4.1827526,3.7054956,2.2529314,-3.2823486,-3.6903071,4.740573,1.743078,-1.9960694
-1.0291026,-0.87630606,0.6488513,1.0979748,1.5589212,-2.8856752,-4.8133116,3.4923406,-3.3207455,1.0308337
0.3119774,-2.7061224,-1.1439662,0.8387182,3.792647,-1.1965033,-5.098977,1.0521564,-2.973601,-3.3927338
-5.090153,-3.6331596,0.07459447,-0.35642135,2.3851235,-6.7155914,-2.1193411,-0.6608931,-0.19806868,-4.9869576
-4.391177,0.5017918,-0.9514906,0.08607444,-1.1838353,-3.7548957,-1.9612364,-1.1061736,-1.2916908,-1.3964903
2.9443088,2.4296546,0.46362734,2.800357,1.4173014,0.82830405,-0.68772566,-4.1797514,-0.65758735,3.4060266
7.0229774,0.1865646,0.5736554,-0.9224405,0.4237774,-6.8634024,-2.1183386,4.9471507,3.3073971,3.7057447
-1.1509731,0.56232476,0.84047735,0.83161527,4.184182,-4.951996,-5.637144,7.21961,3.9264646,0.49305582
-4.623127,1.1421548,2.5883918,3.3096235,1.7968141,-1.1935811,-6.142963,5.8057504,1.3579497,0.7963971
0.07302177,1.5366828,1.0138831,3.033884,-0.30241603,-1.5339344,-1.9309924,3.2873406,-0.31264955,0.9365128
-0.81975317,1.4980562,3.0466175,2.3785977,0.27503788,-3.1780982,-1.0895152,-3.2581573,-0.71489507,1.9439629
2.6479554,-1.6642634,2.9999144,5.6189184,2.7610698,-3.524863,-1.9652636,-1.9185445,1.1917579,4.880575
3.3994281,1.2701225,2.9579115,4.5831356,4.0757775,-1.7056322,1.5686193,1.2976534,3.6319194,5.5199785
6.248373,-2.9929752,-0.40573472,4.1736174,3.715449,-1.0634735,1.5715588,3.7338722,1.3151098,-0.40262318
7.2852125,-2.551789,-2.0542161,2.6199517,1.4241041,0.053631663,4.3842173,-1.8974088,-4.884832,5.497549
1.1732844,2.5440261,1.3907337,2.7578878,5.2735505,-1.5673563,2.594242,1.7244236,-3.821465,0.4821
1.1510617,-0.8625288,0.6591717,0.8865447,2.4399908,-4.4209423,-1.8555816,-5.2231326,-5.7635965,-1.0572734
-3.8947155,-4.6478853,4.43956,-0.08193765,1.2974527,-0.21336198,-5.8129964,-0.5240272,-0.1159296,3.300552
-2.4883842,-4.752132,2.048598,0.6475018,-1.0195048,-3.6128044,-0.6458692,2.7774003,-0.40356994,3.6880403
-1.454036,-3.5441742,2.0519738,-0.6119848,3.2441988,0.66246545,1.8950088,2.0339053,-2.3920612,-0.25034815
-2.7101269,-2.8673282,-0.35552686,-2.0327544,0.21363953,5.8371363,0.6612327,4.6311426,-4.88107,4.288128
-1.4769974,-0.63731647,-0.13642552,-7.623569,0.40011525,0.12544036,2.1095796,-6.8244724,-3.5364823,3.5108478
-4.240739,-3.8575926,5.087112,-2.7555323,-2.5837314,-1.705632,3.2591717,-0.5863606,2.021526,0.41782248
-1.4449208,-4.250958,-0.38841927,0.3727697,-3.9453156,-2.069822,4.475012,-0.6862862,0.3397338,2.326208
-2.1777499,-4.208287,-0.2584886,-1.3075348,-3.4998288,-4.4210463,0.52125025,1.5077885,-1.0333385,-1.3009073
2.2836409,-2.0720007,-2.4503887,0.8182936,2.5857444,-3.9094667,-2.2734818,1.9418566,-4.725274,0.21875316
1.1571879,-3.1226,3.0810518,0.83262223,1.6415638,-2.8613825,0.2906785,6.6562285,-2.996901,-0.007509887
-6.487404,0.19575429,3.2405467,-2.0017052,3.5889668,-1.2014225,-2.7360709,-1.9254459,-5.674724,-0.14886642
-5.312796,-1.1791449,1.2261647,-1.5985248,3.484187,-1.2992231,-1.8479235,1.596201,-1.1394668,1.0420499
-3.821717,-0.03806591,0.21609235,-1.3383039,0.9767575,0.71928716,-1.8094908,2.2516732,0.12935865,5.588353
-3.160261,-7.2416153,-4.638774,-3.5166569,-4.8723426,0.6915006,5.6472034,-1.1440976,0.0408656,7.6588697
0.10641527,2.2142873,1.6366768,-2.4024084,-4.545774,1.313517,2.6762674,0.062161684,3.8987086,0.3061813
-1.989001,4.622315,-0.56667507,2.0538821,-0.770828,3.2893229,1.4445565,-0.097378016,-0.5627117,-0.61417145
-2.70311,4.7292,2.128574,0.064590454,-4.2417183,-3.8610115,2.8319907,-3.0162566,-0.42433426,-1.01583
-3.3395371,2.7582436,-0.43019104,-0.24458459,-1.8173075,-3.1037946,-0.69830203,1.3801278,-0.3469558,-1.0128284
1.1705492,0.45726085,-1.7433155,-2.2430747,-1.5306172,-2.5352457,-0.10840666,1.078942,-3.7666087,-0.68942827
-0.74877995,-2.8300672,-1.1208448,-4.08895,-3.6021025,2.0539095,0.12097067,-1.321374,-4.1572547,-0.06979403
2.0771775,-1.5132966,0.9306658,-0.5178182,-0.46804726,1.2335123,-2.219084,0.720666,-2.9660685,-0.92655116
0.8937681,1.0290806,-1.9096673,-0.5158054,1.3663127,1.5851555,-2.2727005,-1.5215536,-1.2604152,0.7885623
-3.3414276,3.175097,-4.382658,-1.1463903,-3.3702793,7.55208,-2.4734645,-1.9945738,1.3692738,0.9106569
6.486907,4.756364,0.26864922,0.5256783,2.4755683,3.4270165,-2.474076,1.4989524,0.13125306,3.895262
5.2189746,5.1704316,4.213784,-0.05621946,0.5726687,1.3442807,-2.5801377,-2.1472728,-0.4713571,1.1981678
2.7314527,4.5887394,2.870619,-1.5449187,-0.38982207,2.3665206,3.538339,-4.511221,2.9151092,2.4128246
5.237062,-0.41927552,2.1739109,4.30752,1.5056694,-2.3557315,0.26176018,-0.54087454,-0.23551929,2.6592033
5.4403353,0.77607334,0.5994867,0.24115825,-2.0672734,-0.06057477,-1.1150702,1.5204895,-4.7740827,-1.8006134
-2.9762259,1.9772437,-0.04641509,-3.8098545,-5.220531,0.2307123,-2.8778787,0.6156129,0.52204156,2.5535295
-4.1138477,-1.0307835,0.53589463,-3.1166677,-5.865961,-0.4929439,-4.1675987,3.9249818,0.74167866,1.4313323
0.040065527,-1.5278962,4.3659816,-5.0700693,-7.688986,2.8474078,1.1064881,3.017808,-2.8163295,0.34367248
-3.007447,0.3822439,-0.8523387,0.81760764,0.023612738,2.2999194,3.2946124,2.7902634,-3.7142096,3.0181212
-0.96836585,-3.7200198,0.35105163,-2.0996962,-1.3237003,1.1663804,4.6380353,0.77909136,-5.881367,-0.4411354
1.1063765,-1.0237392,-0.73975664,2.400598,-2.7016158,-3.6995716,-0.24524546,3.589746,-1.805105,0.8891439
-0.8265674,2.2113044,2.7721624,-0.67871565,-3.0249202,2.7035866,-3.2666454,2.6542988,0.87972283,3.2465286
-3.1962595,3.4930995,0.26385003,-2.7962136,-2.000377,-2.2311,-3.3421288,-4.552882,3.9927218,1.9611816
1.02562,0.77670467,0.77685654,-0.39746702,-5.6565914,-2.3408763,-5.6621966,-3.778389,1.9690685,-1.479891
1.2299265,4.677275,-1.6952902,-0.5210997,-2.365066,1.1345394,-4.092366,1.5689385,-0.17614782,-3.0017893
0.48003232,4.9318333,0.9925368,0.822212,-5.047364,-2.094779,-4.405093,0.3321908,-1.8798285,-4.564657
1.3142242,-0.7435825,3.9607463,-2.564365,-2.2766025,-1.6142166,-0.7330153,4.7806387,-0.86339235,-0.79584384
0.7308338,-2.7732158,0.745718,2.1754203,-2.663306,-3.5189202,-0.29786003,4.5588274,5.2763667,2.1588192
0.22587869,-0.8036495,2.3454704,-0.8052762,-3.0890026,-4.1527777,0.47173437,1.0885488,4.146765,-2.2786396
1.623568,-1.1289647,1.0847604,-5.316238,-0.905776,1.9127789,1.9866297,-1.3058729,0.16025281,-0.85013056
-0.9637831,-2.7224095,0.92828834,0.2088834,1.4694194,0.14465915,-5.7107944,1.3776491,1.2124586,0.6752007
-5.0420685,-4.7342386,2.9331024,1.1408415,-1.3033726,1.6329983,-6.8500347,2.5947983,0.46634915,1.2058684
-2.1129832,-0.579618,-0.8837154,-0.43174452,2.433796,0.009144664,-3.2853236,1.7281108,0.22325945,-0.9012327
-1.3480079,0.52186155,1.0613306,1.521537,3.6042879,1.6308918,-4.3054376,4.8340096,-4.208638,-2.5948415
-1.3851795,0.0048160255,1.790417,0.25565365,-3.3233514,-2.5893407,1.4301662,-0.76513624,0.38299227,-2.8004985
1.4155002,-0.76412636,-0.6081519,0.18109393,-3.220776,-2.7474635,2.0159044,7.635063,-3.4720144,0.5896372
0.041119516,3.9207828,0.04427521,-0.9863754,-2.1855845,2.4817684,-3.2110353,-0.16670203,-2.4908152,2.6212554
-1.2953713,0.7706821,1.2266017,-0.08114174,-2.9589014,2.8226008,-2.0108843,0.042757154,-1.6740085,-0.9292759
-0.8597166,-0.33926255,-1.7682135,0.80990946,0.9428071,0.9046094,2.70911,3.635305,-0.27862012,-0.7086696
0.18270747,-1.1697199,2.2502325,-1.4335194,-0.5567188,1.3280185,4.1321945,5.3701553,-2.523801,-2.4158018
2.8153303,3.7561085,0.48350823,-0.054224357,-1.537455,-2.3247588,4.7069025,2.3856409,2.2658806,-1.054473
-0.8542378,2.7505739,2.0424266,-0.41263214,-3.5395296,-2.299873,-0.11252415,0.57742023,-0.32770377,0.2887393
-2.5279357,0.5400071,1.3485504,0.58831537,0.9574822,-4.9609704,-3.3296819,-0.1985544,1.64009,-2.9256608
2.934076,1.8603113,2.6956851,2.277002,-2.2192712,-0.8945894,-5.388857,-2.6299438,-4.0673227,-0.43473232
-4.0681643,-1.6098132,0.8115088,-0.81342936,-0.24526048,-3.4913228,-3.9544942,-5.4168634,-0.20368314,-1.6841189
-1.3506767,2.2780108,1.2151425,-1.5321252,2.4650266,0.14855051,-1.5355414,-3.6406908,-1.4310771,-0.78162974
5.614806,0.43526018,-0.25431633,-0.82901245,-0.31046313,1.8359082,3.1033177,-4.7794795,-3.9941683,-0.64889646
0.7380109,4.1089025,-0.42802984,-5.370729,0.41507035,0.4043337,-0.83688015,3.236064,0.9565816,-3.411591
3.9724064,2.452368,-0.8059017,-3.609881,1.8776248,-4.209313,0.1116277,-0.15398705,-3.391345,1.3275057
3.406274,2.2726078,-0.02332329,1.464743,-0.6382202,-1.465167,0.83742267,0.24569729,-2.3116655,-0.8217114
1.7155957,4.596154,0.13706654,-3.7890587,-1.3981014,-4.0482626,1.9876704,4.8022876,3.2823076,1.2450572
4.394479,3.7347703,-3.4061513,-1.7904092,1.4467764,-1.9064054,-1.1539935,1.9554958,3.595209,-1.1340843
-0.7234144,0.8212558,-5.459313,-2.7670283,3.9778593,5.219211,-1.552705,2.4607153,3.8448098,1.6602803
-0.64067215,1.2433338,-4.8213935,-6.8534727,-1.6881785,-2.0248723,-0.30047095,-0.29573694,2.4857504,4.48867
-0.22629067,1.0286654,-3.3448358,-0.87786555,1.5591524,-1.7358179,0.15207219,4.34439,2.0901127,3.3041933
4.590003,3.2023945,-4.1885633,2.6933615,2.1273797,-1.2158093,3.6232722,3.8426228,0.8870568,4.1752253
2.0174868,-2.3024387,6.0572586,2.1920643,1.0972251,1.0050933,3.1159773,-0.79877305,3.305201,5.1517744
3.3148487,1.1688395,4.151472,-0.29349804,0.9110666,-0.9029325,2.3047717,3.4463756,3.5023434,4.2580748
-1.2250068,-0.21227634,2.0991747,-1.2187055,-4.008538,1.5531505,-0.3310629,5.347087,-2.8260484,3.6920345
4.8048325,-0.92802614,-3.5258284,4.128902,-2.5366278,4.4582086,2.8367896,1.6519222,-5.906869,0.22599244
5.5813675,0.41394955,-2.3416815,3.4911184,-2.1519027,2.4194686,-0.1462281,-0.17203063,0.32636845,6.743597
-3.717403,-4.641644,-2.1890748,2.8731375,-4.434981,2.1027758,3.4092252,-4.0202217,-0.58125913,2.5377665
-1.4383551,-4.016739,-1.6431468,4.436265,0.85291207,-3.0020428,0.09015703,-2.2587543,0.29693466,7.2695007
-1.8909788,-0.44121015,0.98076767,0.7947898,3.91251,-0.8636639,-2.8836653,0.49663275,0.39364704,3.1286216
1.4897563,-2.2650666,-0.102439165,1.1513131,-2.6944497,-1.4466829,-2.5097184,2.1765406,0.8983864,2.6035318
-1.1623547,-0.8560454,1.2196105,1.4313596,1.2358412,0.13138878,1.8533657,2.9189937,-2.8564773,-2.4712412
-3.8319287,-2.5263948,4.250023,-3.8995051,-0.49442488,-3.5429444,-0.5436903,1.4234965,-2.9145272,-1.3653505
-3.846746,-1.4659222,5.0575986,1.9368594,1.204597,-3.2543716,0.334898,2.8295076,-3.9220371,-0.22331458
1.4601606,-3.6551647,4.041334,1.288964,-0.71235824,-0.6120181,2.9464836,4.113448,-2.012515,-0.87609226
2.2821014,-0.59091485,-2.0285308,2.028441,-1.7778153,4.464417,2.8406677,-2.0971029,0.20626009,-2.4344358
-0.06269735,0.31007287,1.297902,-2.9899268,-2.601869,2.6547163,-1.5050921,-1.7573805,1.869834,0.6580756
3.9729419,-0.2860244,-3.1830115,-0.75797474,-4.0106516,-0.9076285,1.3930262,4.4918156,3.619133,0.14608572
1.6271821,2.2024355,1.268173,1.285785,0.08396739,1.3084708,1.4473524,-1.7136871,2.6760051,-0.50444806
-2.131009,0.96103173,1.4990811,3.4258344,0.5674448,4.093974,-1.0806053,-1.5557358,-2.8960996,-0.92596716
-2.3821473,-1.8350037,-2.1480317,5.9739146,1.2826769,0.35680294,-1.2786727,-0.3028798,-2.16952,-1.520608
0.4318478,-0.6880899,1.122833,2.1890526,3.460325,-0.8439027,0.3102883,-7.457432,-0.043922305,0.618117
-0.6501048,-1.1285906,2.9248047,0.7666095,-0.8020898,2.9191668,-2.6026292,-1.0279073,-0.37718675,1.4986863
-0.6801455,-0.80827326,0.87331414,-3.2969015,0.4563343,0.35454226,0.31944442,2.8733704,-1.4640365,5.10696
-2.3125253,-4.929365,-0.74408364,-0.5256913,4.068486,0.46501333,0.468999,1.1815461,-0.98999536,3.4184887
1.586874,0.44816732,-1.2549365,3.5346167,-0.71441936,-0.5171523,-2.8284383,-5.8786135,1.8475507,-0.76216793
1.013823,-0.013300419,-0.41015583,0.837222,0.94137037,-0.46079826,-2.5214064,-4.6041746,0.7618667,-1.4815319
4.855438,3.8572636,2.1517482,1.4508889,4.505182,1.8351418,-5.6186104,1.6797618,-5.380786,1.2512201
3.5814323,1.6489812,3.3066006,-0.42357564,-0.48970652,1.7850969,-4.3252563,1.6883204,2.1665533,-2.9141328
3.0370488,5.464389,1.4110706,-2.5614326,1.1128938,-2.0648131,-1.0190212,1.4937873,0.16457245,1.3312296
3.4301734,-4.92949,7.846637,-0.8736807,3.6530766,-5.1624966,1.3065658,0.49563947,1.646105,-1.0096457
3.3632503,0.98250866,2.2036073,1.0150104,-3.5681288,-4.831935,-0.75767064,2.932923,-4.723061,-2.5216436
7.4006004,2.4306524,-0.86095524,1.6758364,1.7500379,0.0622921,2.1472578,4.5938826,-1.6870764,-0.6470382
2.8415394,2.2498126,4.346354,1.464863,2.011928,-4.5443635,1.2670916,1.0015258,-1.1513424,-0.5227529
-1.0001943,-0.49542174,2.0664768,-0.9826882,-0.30005592,-0.80810857,-1.6524706,-0.9342989,-4.006194,-1.1747546
-2.2952292,-1.4463586,-1.70526,2.8471375,-0.8700624,1.0788617,-2.127418,-6.5773697,-2.062098,-3.4742908
0.91459745,-2.9322517,0.3327855,0.16801369,4.067614,0.49779072,-0.2622155,-3.7719595,-0.8407576,-3.3681762
0.07006359,-0.83451825,0.44463474,-0.9105342,2.9016368,0.49490607,-0.011053197,0.15972596,-0.5862794,-3.9235754
4.0303946,0.38370204,-1.898881,0.9589512,4.482312,-1.7350636,1.8693057,0.4359763,-1.0689389,-4.3433905
-1.5838656,-3.741022,-0.45145378,-0.4038229,4.0301332,4.543215,3.1746922,0.91436833,-1.4352914,2.0072715
0.75982094,-2.0295067,-1.869787,1.0550092,-1.5409193,-1.7135181,2.5892594,-2.2365572,0.48587954,-0.28707
2.334147,-2.3294487,-1.5962112,-0.4260748,2.8927457,-0.004187569,-1.5191892,-2.5106096,-2.9215057,3.3607564
-5.9094725,0.4027784,-0.044958293,-0.7854871,-0.35688263,0.043420732,0.8481871,-1.7157152,-1.0664499,2.0783062
-2.7022762,-1.1855953,3.5126376,-1.3695651,0.15189904,-1.1688148,2.3990288,-2.1495948,3.5003972,3.3250248
-5.05702,-1.348179,1.0820844,1.6664665,-2.10766,0.12665942,0.24972728,-2.052459,3.817861,-0.46026826
1.7490771,-0.39549056,-4.1824408,0.49588487,-2.8142118,-1.3631685,-1.0244868,-0.057323575,-0.28717864,-2.7256732
3.5219305,3.5981896,-4.298218,-0.4853329,0.42880428,-3.7360003,0.2067517,3.7031264,-1.4267085,-0.68680966
7.1213627,1.593119,1.5860784,-0.19276807,2.4040008,-0.9919179,-2.0200913,2.351844,-2.5822089,0.71437705
-0.42983228,1.3925478,5.825732,-0.7642732,4.523238,1.9938922,-1.2648858,-2.4840968,-2.075282,3.5588353
-7.0897183,1.4851031,2.9187129,2.260383,4.2327714,-4.1450686,-2.3478973,2.0146859,-0.42589748,1.8794463
-9.276876,-5.5791035,-2.2802773,3.8230233,3.3935895,-5.772742,0.8433802,1.2628486,-5.140348,-2.0835636
-1.8420293,-7.8157315,1.2433327,2.0082588,1.7663379,-1.5236394,2.6343622,5.0983596,-2.2805562,3.4676468
-8.177576,3.6649468,-0.7110168,2.5733955,-1.144489,0.27965564,-2.2186856,2.223484,0.6554599,6.6254234
-0.36936092,-4.498887,-0.76136535,0.7657424,-2.1785681,0.28297985,1.4584196,0.78129435,0.96947926,0.48710984
1.5708363,-0.35098934,-0.5465987,1.4988763,1.3193628,1.0088898,4.1720457,-1.694904,0.2960407,2.1652117
2.4805372,-4.882283,4.6637435,1.8969004,2.035038,1.4954338,-0.043667078,-1.1893076,-1.3665599,0.28695676
1.719939,2.0088987,0.36375678,0.84050405,-1.8913032,1.1303301,-3.0119076,2.3514268,-0.059883714,-3.8806272
1.3041391,2.250819,4.1626844,0.68905246,-2.9729483,-0.45794702,-3.9783416,4.966909,-2.9059298,0.6872289
2.1636875,0.24722385,2.4208608,0.3180126,-1.7377844,5.083827,-3.4934406,0.6691624,0.25593007,-4.473334
7.5314045,-3.0574522,0.8984387,2.0469885,2.6366675,1.4242799,-2.924614,-2.2535956,-3.4939384,-8.789196
4.4770317,3.242897,4.275781,-3.642681,1.8495494,1.7655543,1.2417989,-0.98603654,-1.1739631,-6.268155
-0.9427836,0.70917416,4.6080317,0.5547737,0.4023157,2.8504114,2.900895,-1.4720874,4.7818737,-4.7773767
3.3534768,-2.1841197,-0.4539104,0.6964481,-1.2102234,0.8533084,1.9266002,-9.325423,-0.4133746,-4.8848095
5.128793,-4.3079176,-2.26772,-0.21278033,4.1300087,0.782742,0.8950204,-3.3915272,0.39994562,-3.577989
1.3326222,-3.7819777,-0.1799854,3.732408,3.230943,-0.83436,2.5157108,-0.041966558,0.64361876,-0.19232607
4.6327286,-1.9072584,0.7728311,2.1088057,2.5278103,4.954292,2.2416801,-5.771798,2.5485353,-2.4253228
4.7615504,-4.0861406,1.8214638,1.1741152,2.5343776,-1.1788577,3.4706073,1.7964702,2.1534204,-3.62557
-2.4777143,-2.5514436,-0.6406071,0.105780005,3.447363,-5.360512,2.0677328,3.3017955,0.21617746,-5.5880785
4.382887,-0.8488109,-3.6995656,-1.5488422,1.8497407,-3.4167225,1.7121103,5.094,-0.35300958,-4.628338
-1.0524936,-3.6266282,-1.7625636,-3.7825553,-1.2545792,0.12100482,-3.840964,0.46720096,0.24765575,1.3070529
4.1977844,-3.8127093,-5.2834625,-1.290267,4.468189,5.5004106,-4.3864503,-2.108145,-2.2427826,-3.0806084
0.67209816,-4.0788245,-3.7510347,-1.2294619,4.6512384,3.7481542,0.03692901,-0.99685585,0.29914105,-4.8533487
-3.513377,-0.75386447,2.3407977,-3.8599172,4.067669,2.9152048,-1.1113555,2.5562124,-1.3367903,-5.6510015
6.058531,-2.186907,3.5589943,0.5940761,0.8145679,-3.4023442,0.38751727,0.061140686,-2.3172135,-4.202398
2.9641168,1.836845,2.4830785,-1.6116529,2.490735,-3.2929018,-1.5140524,2.9206014,0.53592974,-1.3170179
1.2280809,-1.8922565,6.0258617,0.17546421,4.454024,-3.5659318,-2.714452,7.559325,-2.1352012,-0.11150098
3.1812685,-4.4604936,8.884579,3.6894922,1.898949,0.7896105,-4.6201124,5.0967913,-1.3332018,-0.98202527
-4.215338,1.8232899,3.5439973,1.8771216,1.7557089,0.8343207,2.364959,1.3218808,2.0592773,-0.4412334
2.2233567,0.22420359,0.23637882,1.018842,2.626501,-1.2697968,0.48061556,-0.5077725,-2.9756107,4.482666
-5.090671,9.106821,-1.9377508,-1.5512412,2.8385122,1.162188,1.7606369,1.9516737,2.1682553,-0.11363053
-2.1635933,0.17630124,0.6552725,-2.242135,0.27421975,-1.316212,-2.7940378,0.107810706,2.80598,-1.3171394
-0.8500638,-1.2850158,2.5186546,-4.6481915,-0.9529425,2.7825274,1.4765633,4.4611883,0.40062928,2.8044019
2.965733,-1.5826353,0.6846634,-1.1882585,-2.5528336,-1.1728117,3.0244238,4.6929626,-0.5208688,0.5039375
-2.5803866,-2.4359055,-0.6321413,-0.92551935,1.3540215,-0.87286305,2.4452662,3.86784,-2.3649125,-1.880962
1.7471223,0.5522823,-3.8232627,-0.38372263,-0.5692249,5.2311196,6.323969,0.55647326,-0.8952959,-1.5017123
2.0706205,0.34203434,-3.2385366,-6.2154846,-1.2742147,4.531673,1.4410781,-1.1880358,-2.0992794,-0.14431548
-0.08870077,1.7599899,-1.2597823,-0.9277389,1.4472966,6.240113,3.1421099,-1.6184236,-1.7745283,2.0513244
1.9008389,1.0182986,-1.5308057,0.7420332,3.3106627,0.8433497,-0.96288586,-0.98567504,2.6579628,1.0525023
3.8352177,0.0707562,-3.9405766,1.0648705,4.105321,-0.20173436,-2.4818842,2.39555,0.95037717,-4.5785937
4.8819366,-2.0305817,-1.0864339,0.67653537,2.523465,-4.5029235,0.46847415,1.7514362,1.3569026,-2.66526
5.447242,-5.717235,-1.6120627,4.1791644,5.2120214,-1.1361065,0.08459148,0.1575849,-0.8130094,0.8209809
2.5835445,-3.2667916,-1.5228606,0.09503031,3.6624603,1.2826011,-1.407197,0.051343083,-3.9101503,-2.9191484
4.3045154,-3.736219,-3.077567,-3.6417718,1.5193896,2.0741413,-0.88286877,-1.783148,-6.461007,-0.7199584
2.3072913,1.9409322,-3.204333,-2.7181675,-0.626408,-1.0572842,1.1510007,1.0059757,-3.086709,1.5129712
2.6102686,4.098645,-4.5723367,-3.9391985,-2.1819565,1.9328842,-1.1673794,2.3835914,-1.0917609,0.50899315
-1.6220978,-0.07690632,-6.226371,-0.6441227,-2.1702335,0.4661774,-2.5204282,-1.4847469,2.823485,-2.7878678
-2.7821884,0.8823297,-1.3786645,-2.2474396,-3.2432766,-1.9040922,0.9049853,-6.30823,-0.70735776,-3.2344165
4.2849154,-1.3648584,-3.125829,2.0637364,-4.456932,-2.0988207,0.3522926,-3.0488415,1.9070092,-2.9995608
-1.2885923,-2.0994556,-1.4359809,-2.835139,-5.1053715,-1.2848164,-0.47381994,3.2234654,0.16245776,1.2998303
2.6294954,-2.1422896,-5.7229924,0.5888822,0.4915316,1.8532883,3.466323,2.024492,0.97233397,-2.2690065
2.1212604,-1.602433,-4.218331,-2.188433,1.2380874,-1.0496798,0.6625477,-3.258777,-1.6371354,-1.4697106
5.4551635,2.3821669,0.74242574,-1.9829754,0.84223306,-1.839914,0.7180878,-3.19131,-1.403537,1.9064741
6.9971085,4.627178,-2.3986678,-2.6922717,3.5922365,-0.9083351,1.2146418,-2.9154325,-0.1490885,0.7736102
3.021525,2.034017,-3.3230162,0.022759438,1.9083492,-1.4758022,-1.6082543,-4.6688924,-0.22555608,-1.0429661
1.4714347,4.1791472,-4.4717674,-0.95550156,0.9513374,-2.416231,1.655526,-2.549401,1.4187148,-0.90642905
5.0963335,5.202039,-2.46831,0.52052474,0.35733604,-0.4245506,-0.8266934,-0.23339975,-0.101958096,-6.010273
-0.98603106,7.2542996,-0.5264562,-0.19341117,4.281819,1.4441764,4.9438167,-4.6773763,-0.24018866,-3.4436245
2.7062068,2.0102272,1.1866639,2.713532,0.7594205,-2.4577157,1.5581694,1.5039783,4.155234,-3.1500978
-2.391969,3.7554514,2.1222517,-4.4606934,1.6795369,-1.4705415,-0.11303109,-1.1629646,-0.3417952,-0.8730811
3.562481,2.5052342,2.5897317,0.2368563,1.2914592,-3.0216045,-1.703989,0.2643953,0.3681349,-0.84631443
0.8167498,5.816469,-0.21493566,-0.9169954,0.5317428,-2.6081576,1.2996006,5.0895205,-2.7312524,2.4798226
1.792383,3.60512,2.4559808,3.4410577,-3.1589398,-2.0639586,1.1938516,-1.2356172,-4.0496345,0.13396037
-5.9010935,3.5162058,0.31550744,0.19685286,-0.93515486,-3.3541312,-0.5985939,-2.2754068,-1.6814426,4.8247013
-2.1005936,-1.4505928,-0.16178435,1.1646979,-1.4682533,0.6580366,-0.92814267,0.15422434,5.4846573,2.207959
-0.3667445,-1.9697413,-0.586691,3.0866952,1.5243889,5.379492,-2.0941563,1.7871642,6.0291452,0.33001345
0.94601476,2.1803663,-0.102170706,1.2910659,-1.9034019,2.4561088,-0.7709643,2.7515645,0.5075555,-0.99031854
1.2606676,-2.7001963,0.60131264,-1.8396304,-5.371531,-1.0869769,0.23349583,-3.158048,1.2314098,1.6192214
-6.762057,-3.4333754,1.7780925,3.8418233,-0.39042324,3.1194851,-1.704732,0.23642677,0.115704775,-1.3123842
-4.478222,-0.53951365,1.2288116,0.21619499,1.7643702,-0.8110074,1.2395194,6.0529995,5.083421,-3.191986
-2.0601916,-1.1448886,2.906907,-2.9863572,-0.8469454,2.356197,2.5394633,2.9860005,3.451828,-0.7633638
-3.1942556,-0.28466535,-0.00079095364,0.7193483,2.0753136,-1.3906224,3.4689913,1.1826336,1.1239567,1.1410068
-4.7154126,-0.6602328,-1.4875003,2.022299,1.0949678,1.325836,1.4641079,-5.141535,-0.012181759,2.5435605
-1.7374625,-0.940839,1.8950002,2.8682368,2.3284276,3.967079,2.2452755,-3.3236437,1.1673307,3.0724003
-3.6069663,-3.644607,0.33908743,7.0104036,2.4619412,2.92904,-0.5632315,0.017819405,2.6522117,0.24872327
-1.9342599,1.4885263,-2.5549648,3.1874685,-0.7399273,-3.1739204,-0.30668324,4.379773,0.65549815,2.5536308
-1.1740898,4.82707,5.0726423,-0.2434963,-0.49690962,-0.7052406,0.24973053,6.8354406,2.4649348,-2.0345001
1.207188,2.1565459,-2.345127,0.5976342,-1.0644906,-0.57095647,-2.4138167,2.384228,-0.97206223,-0.5975444
5.8835087,-0.37188494,-0.9336415,-0.9689435,-1.6223772,-1.3263392,-1.9034208,0.69973534,0.8966644,0.88056237
6.811509,-2.2286863,0.072512224,2.0826607,-3.1852236,2.112149,-3.3261862,-0.14803553,2.9358234,-2.082654
-4.84778,0.6151382,1.8980408,4.115735,-1.612172,-0.044019163,0.23388243,3.4758325,-0.46123505,-0.807086
0.65325963,2.4371738,0.8151202,1.3953043,3.28729,0.30120784,0.06798595,-1.7718949,1.3663036,-0.024911404
4.765891,-4.599144,0.59421,2.1827333,4.1164393,-2.4425325,-1.0904374,-0.7596434,-1.2424588,0.71463174
3.5743961,-2.3050241,0.017646909,1.5703028,4.7641106,-1.538254,-0.8071817,-3.173769,-1.3335537,1.538402
-0.6319727,1.732735,-2.9953651,-2.561804,1.8438365,1.4946704,-1.1720648,-3.434588,0.0072797537,-0.44196272
-7.177065,-1.2008054,1.6227326,-5.163082,2.600587,0.23006916,-0.7449336,-1.392518,-2.3974187,-0.7205498
-3.3999488,-0.48183548,-1.930805,-4.9186516,0.6908493,2.1455092,0.54473627,-0.6116585,-2.8472445,-1.5370798
-7.8979216,1.2428957,-2.384573,-5.469473,-1.8774384,-1.871541,3.4969091,-0.44611686,0.7855145,-0.72643656
-7.4190717,-2.9157212,4.96231,0.5744264,-1.5754297,-0.5008029,2.0235953,-5.3544064,2.114138,1.4124708
0.004364729,-2.3266113,0.7500808,3.7713604,-3.6984415,0.0064077973,-2.863833,0.5228772,3.1664417,2.1887593
1.5813222,-4.4367337,-0.038551867,-0.9969818,-2.7993217,1.6349269,-2.1993642,4.6242075,-0.7666651,0.686863
0.86448276,-2.3183198,3.6454382,-3.4033246,0.5763254,0.58835745,2.012371,-3.0765913,-1.4205878,2.6648123
2.3836555,1.6814425,-1.3349646,0.83526516,-0.70283383,-0.23876461,-2.8187566,3.3518817,3.5409558,6.151759
3.0947556,4.216525,-0.53936106,0.5114917,3.5513885,0.077943385,-1.9492035,-3.786662,2.9340193,0.8460397
-0.30347586,-2.784156,1.2951528,0.2913124,0.21227515,3.0437057,1.0532258,3.872799,0.58824044,1.4467397
-2.6607113,-6.941964,0.12206137,-0.07536125,2.624234,-3.402734,3.8779197,6.8201857,-2.0541267,2.4084086
-1.6021515,-2.2680721,0.8948642,-4.730737,3.104805,-0.19541508,-3.968464,-1.1134948,-2.0331478,-1.2622693
-0.9737044,0.18230951,0.41122657,0.72237587,-0.63756055,-2.3719878,-0.95345104,2.0137234,1.863363,-1.1907344
-7.707142,-0.17002153,-2.1639311,-3.2351758,0.44232672,-2.9939475,-4.303622,1.7249275,-1.476223,1.0466785
-3.6199481,1.0936847,0.69278884,-2.3649557,-1.8256042,-5.3340974,-0.9955677,0.6182525,-0.021455407,-1.433341
0.9556515,2.791174,-2.9209085,0.077216625,-4.465087,-1.9221461,-2.0896387,2.1713197,1.510823,0.80619574
2.1957526,3.6794028,1.6799916,-2.561988,-3.5975752,3.609068,0.86751306,-1.4333984,1.4337468,0.31860265
-6.4966173,1.7343338,1.2985682,1.6164131,-1.431541,-4.397222,1.1120849,0.18197083,0.060243398,-1.2583795
-6.535213,-4.7733817,-0.04768244,2.1942744,-0.48042405,-1.2774886,-0.8086394,-5.3482194,-0.35181525,-2.925274
-3.132906,-1.7011291,-0.45720375,0.7891802,0.55081135,-0.58544517,1.791529,-0.36820066,1.5150791,-1.8785715
-1.0084758,-1.6257601,-1.9096968,0.8733058,-2.37382,0.24916574,1.5379303,1.0297794,-1.0133172,-1.3033068
3.5246363,0.23554179,-3.3234658,0.84750855,-0.519342,6.0577707,2.0268068,-1.3593724,2.7074249,-2.950558
6.572206,1.8310559,-1.2214866,-4.5295563,2.9867063,4.0289364,1.5591966,-3.335094,2.6974485,-6.9728065
-2.2884622,1.4796256,-3.0710914,-0.321427,7.0132,0.20379496,0.27763465,-0.924887,-0.3032459,-4.934116
0.4304048,-2.8427038,-1.8269831,-1.5595677,4.8953795,2.4020162,-0.27906334,6.065936,0.20557272,-0.95430195
-1.0029963,-1.4473176,-1.1509354,-1.4279346,1.116457,1.0502889,1.7057719,3.0026155,-2.7675033,-2.5019815
-1.0827332,2.763174,-2.3285804,-0.17841578,4.2596664,-6.229244,0.76854503,0.28498697,-1.9598219,-1.9049175
-0.20746107,0.43624315,0.5953163,-5.3033476,3.08765,-2.1217196,-0.38322872,-3.3407402,1.6104028,-1.3511083
-0.17286727,-2.8091018,2.2983227,-0.9388575,-2.8344598,-1.2455599,-3.0060892,-4.0749254,-0.086146295,-1.9550682
-1.8995885,-0.642637,-0.5480823,0.8741147,-2.7550192,-0.66126174,-4.5186048,-0.89949685,-1.882182,-2.9624944
3.637135,-0.04759355,0.044632345,1.7704892,0.5000558,-1.9304299,-3.896224,3.4081163,-0.25401607,-1.8422638
0.09423864,-2.5544229,0.43614534,0.858444,-0.5377648,-2.9570205,-2.1131945,-3.4925714,-0.6241792,2.0774608
-1.8586994,-0.9491918,-1.684467,4.5383687,0.19673258,-5.5496154,2.4369135,1.2597532,2.215511,-1.5831587
-3.3959558,1.3896154,-3.4391503,3.191722,4.7686567,-6.120389,0.17170382,-2.1827993,0.49736482,-4.139328
-1.2630229,-2.5115333,-1.6854329,3.6750052,0.22675836,-0.6419709,0.42276007,3.7300525,-1.8370507,-2.5231776
0.26856577,-2.8408713,1.0869528,2.5056963,3.16834,-4.22202,0.29126555,5.020997,0.7283357,-3.916281
1.3382192,-5.0797615,0.8717079,2.0376797,1.2967275,-0.06332159,-0.0794158,0.561811,-1.8279486,-4.8043404
4.817611,-2.2139804,-0.3127513,-0.29915202,1.8748398,-1.4895108,2.8157465,2.2495382,-2.4634407,-2.7662692
-3.9983642,-0.37374407,-1.2127459,1.2031832,1.824045,-1.2189518,1.40414,8.131184,2.0207253,-0.32101256
-1.3467975,-1.0616045,1.4270642,-1.1373928,-1.1606617,5.087676,2.0439293,2.4077196,1.8841246,2.5205264
-2.5900161,-0.5208169,1.982693,2.1145384,2.4062345,2.3916693,-0.14719796,-0.643734,2.8808517,-0.5067978
0.073942155,-1.0680358,-2.7801075,3.0569556,-0.3923625,-0.32255995,1.2713292,-1.8111129,1.6075311,0.19984487
-2.5848691,-6.3128133,-1.179791,-0.815233,-1.0585643,1.2391285,-1.1114794,-6.083855,2.4595637,3.297328
-2.5825021,0.31494278,-2.7191594,0.5497588,-2.5666263,-1.4338517,-1.8415477,-3.7379253,1.1240311,2.183892
0.27604187,0.9014034,-0.81151426,0.23475358,1.0228188,-0.33750576,-1.521494,-3.9697456,2.7344246,-1.0346148
5.200279,0.1375303,0.58149666,-1.1571405,3.6111686,1.4645157,-5.7549148,-0.071168244,6.419546,-1.6878772
2.622281,-2.2835824,5.874649,-1.7917749,1.5144314,1.0815696,-0.7402529,1.5832211,-2.4166448,0.021398664
0.20360494,-2.7580829,2.7300525,7.93611,1.1567612,-4.0030503,-3.3227522,6.969156,-6.1472545,-5.3533897
1.1857635,-3.0636306,0.085240014,0.9519905,1.040257,1.9530038,0.17688036,-1.0440449,-1.0105069,-4.532339
4.2865725,-0.47637823,1.0904825,0.25499824,0.11051214,4.7843666,-3.970097,2.0109076,1.3446975,-2.7883258
0.41201696,-0.05584681,0.5434257,1.0666442,-2.1398387,3.47413,0.3855462,-2.6560996,1.9566114,1.6538494
-0.74121857,3.4034774,0.18158609,-3.4385233,-0.40156484,0.5969932,-1.5453949,1.402731,-1.0876069,-0.2059269
-1.8598189,2.6682,0.55026215,-1.716601,-0.6572236,-0.12177488,-2.2145855,-1.3557544,-0.97359884,1.7640163
-3.553827,-2.3547316,1.9078699,-1.2293975,1.3230377,3.4607713,2.4536269,-1.5108755,-3.760156,3.233769
-1.2272615,-2.4621115,3.5059037,0.17806625,3.45548,-3.6811442,0.8028671,-0.86402535,-1.235327,1.1963675
0.39485365,-3.1116629,-1.105207,2.532151,1.344874,-1.0219827,-1.6571534,0.03882271,3.3341546,1.7880659
2.4461515,-3.3620882,-0.69957167,3.732424,-2.2444649,0.16640788,0.31879282,-1.8821087,-1.1158285,-2.0003614
-6.0154552,-1.4744937,-1.7480855,-0.96797174,-6.251055,-3.298523,3.2727294,0.9264462,-2.311546,-6.562584
-3.863974,1.9673617,-2.1583486,0.6099057,-2.0078056,0.50283134,-1.726397,-3.2640169,0.4127705,-5.8004484
-2.8178673,-5.5714564,-1.7412562,-2.2555895,-1.419847,0.429473,2.96725,-2.6551003,2.275736,0.13983274
1.0595872,-0.4495879,3.078452,-2.686245,-3.4765668,2.8369248,-0.016305804,-0.23631006,1.5968883,-2.691923
-1.7720059,2.3779473,1.512943,-1.9432554,-2.0823002,0.6043354,1.6392441,-0.022719383,-0.48491028,-2.374953
-2.1114783,1.1622585,-0.51931477,-2.3894362,1.6905103,-2.4819121,1.4959106,0.78656757,-1.8233927,3.630561
-4.0023623,0.1006968,0.50139153,0.12143338,-1.12467,1.7757343,0.9509577,4.0758567,-0.00896728,3.191294
-5.0940547,0.20857465,1.4939349,0.38716364,-0.64656395,-5.646893,-0.4253065,-3.0485432,2.2893047,-0.69608486
-4.239769,3.865485,2.7394753,0.8297568,-3.2624562,-3.3237178,-3.5564938,-5.518788,3.5440977,-0.6215371
1.1571447,0.1138885,-0.97108996,-4.820872,-3.156036,1.1530077,1.6461363,-2.1839223,0.7204878,1.3967025
-1.4130621,0.967052,-1.6298757,0.5205872,-1.8967308,-1.6106868,-4.916324,-0.17306083,-2.0686367,0.5967917
-1.1220099,-5.986547,-0.20223367,-3.0006118,-3.7938843,2.3845656,-0.97747827,1.1682386,-1.574256,-0.059084505
-1.4517918,0.49506402,-1.0080928,-4.953968,-3.4512444,0.2624098,3.2290418,1.1575245,-0.52850455,-4.674498
-1.1500256,0.63864326,0.87326527,1.0386934,2.2632015,1.8228168,-1.0491922,-0.77629733,0.5389497,-2.2224433
-3.097126,-1.5996506,-0.320037,3.731903,1.5401236,1.3010967,2.5215557,6.4060917,-0.9283539,1.3013096
-7.109665,-2.987813,3.3550045,2.5657318,0.49571344,-4.6577644,-1.0168823,0.2700044,0.8049078,-0.73768705
-7.0052795,-9.923143,-1.149819,-0.7350693,-1.3087735,0.9723979,-2.9235606,-1.8046689,2.2739134,0.96612966
-3.8280487,-3.9314945,1.9884644,1.7868041,-2.2479272,-3.034069,-2.504188,-0.5132406,0.0050475076,-1.0832901
-3.9654994,-3.5148187,1.9059682,2.0460281,-4.2050505,-0.97166514,1.2703257,0.95448065,0.99228543,-2.9772751
-4.266142,-1.2303176,0.30151635,2.4756157,-2.7895064,-2.815563,1.838218,2.5293458,-0.5975298,0.41462094
2.675363,-1.6507623,5.1952057,-1.7741631,-4.5922346,-0.5305489,0.63298905,3.6190712,-0.3893577,1.7773381
0.42832315,3.203837,1.6600676,6.343026,-2.4471312,0.6275761,0.7527653,-0.68607676,0.5774051,0.19869488
2.210948,6.279036,-1.5727495,3.8937137,1.1180503,1.7852228,0.016630441,2.0644298,1.3444386,3.5537314
-7.1122475,0.63772917,-0.2803712,-0.26599836,1.0019625,-0.4602744,-3.3959544,1.5184033,4.4156947,1.3167864
-4.3504686,-2.2315385,1.1156589,1.415265,0.5589738,-3.8357437,-7.681348,-4.262751,3.730946,-2.9414744
-1.6331192,-3.9843426,2.5152035,3.3349273,2.3920956,3.0861707,-4.610952,-2.2960277,-0.72823954,1.9955499
-1.6934781,-2.66123,-1.20843,0.22310853,1.4810605,-1.8213648,-2.565755,-1.3586674,-2.0491488,3.481926
-0.58479095,-1.6004035,-1.4090233,1.541753,-0.86153096,0.4659966,-0.39513767,-4.836766,1.3542333,3.1105196
1.0051545,0.2900489,-3.3679163,2.0334911,1.0955433,1.4078231,0.84373707,0.2796417,-0.034006834,7.3430996
2.7696686,-2.2182465,2.4629958,3.5574327,2.5574617,-1.3978877,-0.21522355,0.17127347,-0.02989611,-0.67242813
-2.2195396,2.0469816,-1.3643851,0.9645127,0.26127234,0.3250973,-2.9320812,5.723067,-2.5621655,-3.7850266
3.1164348,-1.2431917,-1.1028136,-1.1807872,-3.0304399,1.9275253,-0.77074623,2.8146749,-2.161418,-2.8201218
-7.462526,2.0064282,-4.4256344,-3.4479516,-3.4746094,-0.85619783,0.9622001,1.5362669,-1.8440096,-4.725617
0.7090962,-2.097632,-2.615019,-1.2319105,-7.7712936,0.40013185,5.655617,-0.8553636,0.40767983,-0.65364075
3.8979373,3.8928046,-1.6787574,2.5283885,-0.5167457,-2.6470807,0.30779558,-2.3442779,-0.106669486,1.9976573
1.8431884,1.2886264,-0.22579205,-2.263173,0.7811564,0.8087399,-3.2627156,-1.0372767,-6.169321,-2.2068322
0.89527893,-0.36423945,-3.6131516,-1.7639824,4.640909,2.1423855,-1.2141179,-0.3471728,-1.78116,1.5341077
1.4645494,-3.4405606,0.01633668,-2.68856,5.9581423,-2.0990582,1.0397134,-3.5839155,-0.3527838,2.946177
1.3745676,0.48304147,-1.1863208,-4.70216,1.3245308,-3.8334203,-2.6216059,-5.4359446,0.22541356,6.477666
-5.459201,-1.2988758,4.3261943,1.7938275,0.07687955,-4.0684266,0.09494847,-4.245196,1.2536322,1.259559
-9.5253315,-3.3009744,0.4609747,2.5400178,0.6341089,-2.0616274,-0.3408594,-4.093398,-3.6089263,1.1907344
-7.5298586,-5.7919006,1.9518538,2.598546,-5.5298734,-3.152661,1.7105839,-5.1372323,1.7699054,-0.6895219
-1.8420293,-2.4197123,-1.8197594,5.552981,-2.874675,-1.6434662,1.3040602,-2.6130056,1.666378,2.485528
0.16630197,0.051797032,-0.70627904,1.8455135,-0.43362355,-2.8345609,1.2401406,-0.81389505,1.2697263,3.6378934
-6.7327847,1.1386902,1.5685947,-1.1799954,3.7940645,1.8608137,-1.0200303,-1.9873772,1.4198288,-2.2226517
-6.7840033,-0.4183184,-4.307294,-1.8783956,2.465431,-6.4235816,-0.4364338,-1.2164054,-4.264406,-0.54962945
-4.345164,1.0907327,-2.0813885,-3.6809168,-3.761948,-3.6431253,-0.7492874,3.0683682,-2.1921194,-4.685026
2.8980107,-1.0118577,-1.2967597,-0.7474536,-3.249062,-2.9133716,-2.0477452,-2.6964383,2.0441966,-1.8229162
6.521538,-0.06281495,0.082839176,-1.049964,-3.742644,3.8413804,-1.1422843,-1.2635454,2.4257622,1.5696305
-5.69229,0.4370945,0.52660346,-2.032341,-2.8505685,3.5405755,2.7379675,-1.5613772,1.0277774,-0.73445714
-7.18017,-1.0089093,-2.532376,-4.367623,-0.10072017,-3.8848345,0.198757,1.130356,-1.0181597,1.1550618
-3.5486307,-0.8158413,1.1092345,-4.423159,0.4735825,-0.13293505,2.7671866,-0.62260514,-3.1233454,1.3348441
-3.029283,-5.1658,-0.44296372,-4.757845,-2.8650181,-0.7303901,0.7689313,1.1425569,0.40033948,2.6329448
-2.1612518,-4.0119433,1.7536058,-1.4628785,-4.463488,3.0632749,-0.20431745,-3.209331,-0.06463775,0.98945004
-2.0672991,2.9156523,-2.1878643,1.0475304,-1.4127105,1.6212914,-0.54752314,0.23921618,0.21442777,0.81901264
3.8892024,0.6351991,-2.1138964,-2.2686422,0.43082982,-1.1282012,-2.2517886,-0.33369458,-1.0216806,-2.3307
1.6903766,-3.369423,-1.3068839,-2.185667,2.1404073,2.369266,-8.095513,-0.26948318,-1.6770258,-1.3603271
0.34786564,0.42132163,-0.40223545,-2.4358046,3.540133,4.51449,-3.6529646,1.6930773,-0.5218961,-1.4475174
2.193017,-4.248012,0.52906823,-0.9024618,0.32984352,3.6005764,-3.591971,4.9853196,-1.9771676,2.0950959
5.4531145,-2.9478838,0.5782857,1.3255816,0.34924048,3.4736807,0.047050416,2.7415302,-3.6606705,0.19096577
6.1770983,-4.975727,-2.265088,1.9915198,3.5207872,-1.2331879,2.737366,0.118227124,-4.9524307,3.4436707
5.327348,-0.83285576,3.011539,-0.68105483,1.6968052,-5.044118,0.31932572,0.7616341,1.2460022,0.77436304
2.8238566,-1.8720725,3.3205576,3.1249719,1.1786054,-3.8645458,-2.07791,2.801587,-1.3657961,3.0335617
-1.1890976,2.5402064,1.3591212,0.41879988,3.1257274,-0.8301376,-1.2729002,1.3819358,-2.4149344,1.8914844
-3.9543774,-0.3156591,0.20859426,0.88783056,1.4476635,-1.0138007,-0.7447946,-2.201099,-1.731177,0.19908097
-1.8554201,-0.18313137,0.927147,0.57890356,2.3402758,-2.5130026,0.46886224,-5.938333,-2.2983406,2.4281547
-2.7130754,-2.340799,1.2180128,-0.62968856,-5.297278,-0.5871531,4.6701555,-3.1655588,-3.862296,-0.7891147
-0.18348145,-0.35725427,-0.98773223,0.3418318,-3.210235,-0.37583104,-1.5049863,-3.3258219,-6.0178056,-0.94725084
9.353513,2.595766,-2.8563976,0.9303897,-2.299427,4.51752,-1.2569323,-3.7954745,-0.8825905,-3.3208344
4.2392187,6.5274196,0.9019064,1.3182716,-1.308985,5.1329556,4.327653,-2.2844155,3.9317513,-4.6925144
2.4649212,4.3988605,-0.45566165,0.2940675,2.122083,2.8110495,-0.67067415,-4.800868,-4.3723526,-5.387393
6.210802,3.8978548,-0.91096395,4.3625093,-2.808546,0.633174,2.3558366,1.8806967,0.64743996,-8.42205
2.510959,3.1922574,-0.62534326,2.1348772,-3.0491395,3.6296341,-0.20585084,2.5537384,0.17476654,-1.5229579
-1.2911527,2.060742,1.0931762,4.941333,-0.06160164,0.64725107,-3.0822215,1.3832645,-3.8220732,4.132132
1.4929582,-0.22031927,1.5201604,3.4807289,4.1913605,-3.170154,0.46098685,2.0752344,-3.8698473,-1.1366667
-3.151787,2.1760554,2.504872,0.14978027,2.3715107,-1.6959357,-4.1990004,3.2046826,-0.8502606,2.0162666
-0.4888625,-2.9087307,-2.1224303,-0.39162713,3.6273842,4.49499,-3.2010393,3.1204138,-0.23430997,3.8131921
1.3557173,-1.1158154,-0.4959973,1.2391747,1.1470606,3.6144137,0.58734643,2.1524029,3.398621,3.509432
0.68590987,1.9371206,1.3521498,-3.7388039,-3.10126,-0.026024342,4.3398547,4.533728,2.8514547,-1.1532903
0.6675173,2.9255545,0.03698492,-3.225524,-1.5956475,-2.4411783,0.7709681,0.39015487,2.6570084,1.7989515
-1.6786331,-0.45842874,-2.5610244,-0.73500824,-3.6752703,-1.5259517,3.6953826,-0.2099897,-1.7757835,-4.3229585
-0.8358939,-0.532445,-4.010228,-3.8668957,-3.6963406,-3.1472313,3.0755997e-05,-1.4591812,0.080982566,-5.0560055
4.2431793,0.07111496,-4.1280956,-1.3323536,-3.3141766,3.1466732,0.5108379,-0.8999721,2.440607,-3.5716968
3.9589803,-0.18855262,-2.4153848,-2.1268039,-3.3546638,1.8669952,-0.24831271,3.543186,1.5162694,-1.092078
1.3760192,7.2431326,-2.2556586,-1.5451888,1.5222621,-4.5436606,1.9767697,-1.585772,0.92002165,-3.1988668
3.688196,3.7687094,-1.2182887,-2.1796381,0.86946064,-0.29517508,0.9805333,1.8176395,-1.8073193,-3.332278
4.933099,2.038409,1.2581266,-3.873856,3.7534246,-2.750452,2.7952793,3.5570946,-1.9666554,2.0366178
4.833597,0.28219557,5.4700923,3.2765677,3.377253,0.47788376,-0.9122064,2.5499763,-3.981585,2.5087953
1.1962365,-0.5511782,3.3081179,2.2295895,4.6426234,-1.9559312,-0.7838218,7.6599846,0.3859423,5.1083355
1.7389157,2.5649276,6.2018476,-0.15503371,1.2717282,2.395864,-3.0512667,4.1378617,3.6516547,3.244456
5.855598,-2.7611117,3.529042,3.2750192,-1.3643773,-1.6233832,-1.7090881,-0.11111343,3.8025298,0.28545463
2.3487496,-3.143793,1.0316317,5.599016,-4.723439,-1.9252002,-4.6829467,1.3783566,0.4295907,2.0224144
0.36130297,-2.9190652,-0.6630348,-3.942771,-3.917047,-1.6873164,-2.6143088,-0.82131916,-1.8502567,3.2183642
-0.9180851,-1.2789713,-0.6590251,2.3088698,-3.2765317,0.8136889,-2.545652,-4.116295,0.45016667,2.3652906
-1.0838624,3.0837164,2.3860886,4.2356415,-6.461719,1.163721,-0.056453705,0.57619,2.0700574,3.688436
-4.423934,1.7191061,-0.7990022,5.76255,-1.7694569,0.40573877,-0.6949439,-0.07936251,0.12984061,1.3968583
-1.872506,-1.7724955,4.981117,3.206573,-1.2341416,-3.2006407,1.3865654,-0.84647167,-1.0980132,2.1776612
4.756944,2.2116475,6.5961857,-1.6534493,-0.37474272,1.8643217,1.2730017,-0.087662935,-2.3729718,-0.19328173
-3.387447,5.305773,4.0308805,1.4756091,-1.1536925,1.3424766,-0.16805911,3.486331,-0.08422983,-1.6780999
-0.34539342,1.9396893,-0.42935872,0.07972491,-1.0130163,1.1517336,0.3994233,1.0565405,-1.1619742,0.28743365
-0.8420299,3.5759373,-1.812018,-0.55562013,3.4356751,-2.8807979,2.3384793,0.37741542,-1.5384204,-1.4127764
1.7380011,1.0112023,-3.280543,2.845012,1.2486734,0.48998547,-0.5129974,-3.1284194,1.8706939,1.6489602
3.2620196,2.9935615,1.1466637,2.9960659,1.6017028,-0.6070867,-1.6527135,-3.617597,5.643587,-1.7917209
2.3090358,0.53064173,0.293592,2.0482051,3.0620205,-0.34044492,-0.58009624,0.09137216,2.9468856,1.2811261
-0.46663022,1.8287714,4.512505,0.9267044,-3.107937,-1.9484725,0.6807178,-4.8177013,1.4883232,1.3936031
-1.4259696,3.957108,1.1161921,-2.5055952,-2.9804082,2.1625295,-0.34380445,-3.0415223,1.0139751,-1.1308118
-2.37838,3.2854962,-0.64669275,0.61291397,-0.27627885,-1.1634567,2.0474093,-3.1903076,-1.8684158,1.3032668
3.4398594,-1.4818381,1.2863235,3.353689,1.0895151,-3.5583982,-1.3146696,-4.467912,2.2506726,2.003612
0.60740787,0.97994006,2.1627872,0.71126,-5.491473,-3.5225978,1.4562234,2.286074,3.554857,-1.8636103
-0.15492383,-0.082152784,-2.516011,-0.13444817,1.9033308,3.6951642,0.7863879,0.3107829,2.9771152,-4.480464
3.1544108,-4.106567,-4.7455983,-1.7814686,-0.24272537,5.108681,-0.6766746,-0.115000725,1.6192595,-5.557197
3.4375587,-5.706261,0.54283273,1.0417889,3.1623437,4.5331383,0.68993944,4.0232716,4.2853527,-6.6242867
3.022214,0.21051621,-1.3430567,-2.6817536,4.2291718,-0.48820424,0.7743134,-0.8568953,1.6405847,-7.886957
-1.0087534,3.6529953,-3.574801,-1.2555413,0.70449066,-0.2794944,2.7282789,0.6863013,-2.48226,0.37508464
-2.7658758,-1.8787837,1.9686711,-2.7780771,-2.8139307,-5.2711945,-0.81709087,1.1046586,-2.274613,-3.4311466
-3.9504907,0.40284514,0.08611858,-0.4503951,-0.82522464,-3.9160404,0.51911515,2.2622094,-1.3641539,-2.8568385
-3.077034,-2.0647717,0.03141868,-1.8062788,0.03061688,-3.82904,2.521719,1.7076255,-1.4317273,-4.167078
0.9409244,0.68050075,-4.952212,-0.5385812,1.4516041,1.34027,2.3390584,-0.24414983,0.2817005,1.6384711
3.0435665,0.8431811,-2.3900995,-3.511155,-3.4259462,-0.9358139,1.8563321,3.6629283,0.18611106,2.0266352
4.0911703,-0.71251786,0.495283,-2.8348172,-0.902979,-1.1373401,-0.06964183,0.19730365,1.1286405,2.6689878
-5.487996,1.4691933,-2.8604991,-0.5507009,-4.681982,0.22463101,-1.0427513,-1.3504585,2.2661667,3.1869032
-3.6428034,1.2573932,-3.5881467,-3.3538504,-4.000128,4.4334083,-2.6658287,-0.07276885,3.6242127,1.2358716
0.7757889,0.3254854,-6.3609495,-1.6502894,-6.9867563,3.194857,-4.464097,2.2987206,3.035998,5.090227
0.41145396,-0.84631205,-6.98429,-4.245837,3.1281946,-0.4440223,-3.1307015,-2.0598302,0.08096075,-0.53185725
-1.9177396,-2.3274403,-6.252603,-3.1492176,-1.7075995,-2.1233335,-3.1182823,-6.792216,2.7028158,-1.2298218
3.2477493,-1.0557978,-1.6995249,2.692306,-0.37322313,-1.6352537,-1.1779108,-7.769329,0.36102107,-0.29786503
-1.4075694,-5.482602,-3.6298432,-0.16601664,4.205909,-1.87464,-2.6121578,-0.57137764,-1.9864955,5.2189126
-1.2089099,5.3368416,-5.4135356,-2.085228,0.91605294,0.734387,-1.000128,-0.7607378,-4.6921134,1.4234215
-2.1697536,2.9109015,-4.3962965,1.5213702,1.2530317,-1.5930606,2.354872,-2.7421076,-3.482888,-2.5796165
1.9361598,-2.2477906,1.0446643,4.077525,2.3780487,-0.06077385,-0.08566648,-1.9462862,1.8309066,1.656882
5.1851625,-2.8882093,0.034005105,4.4817867,3.2733362,2.4965255,1.1640804,0.2667483,2.6572745,3.2371645
1.6289631,-0.49765515,1.9421711,0.56707644,1.7605758,0.6087151,-2.1738605,-5.4855814,-4.033221,2.507356
3.221271,-0.70625055,2.079601,-1.7723898,-1.4983687,-0.30411148,-0.24138582,0.452587,2.5513618,6.356731
-4.6366186,-2.8847332,1.3955631,3.132867,-0.6967935,3.6325555,1.974992,-5.9385796,-1.4385264,0.060143948
-3.4701447,-4.1898055,-3.6142929,1.6796105,0.050452203,-4.889145,3.209454,-0.036492586,-0.61407506,-0.9105319
-3.5431757,-2.9192803,-2.0160818,2.6167827,-2.4187264,0.17444944,2.7261295,-1.4814942,-4.604154,-0.7675494
4.5583057,-3.6184783,1.0407054,1.9258382,0.08863497,-0.8887893,-0.55075186,-0.18829703,-0.02405703,-0.19472246
2.1973689,0.522792,-0.8809236,-1.106877,0.1494441,0.7426317,-2.9436274,1.7286048,-3.7451127,-2.2563558
-8.41041,2.5862303,-2.5138993,-2.440898,0.63420236,-0.12661776,-1.1560476,4.356408,-1.5964086,-0.7934449
-4.4262147,-3.2857122,0.42220503,-3.4717171,-0.56457174,0.46217382,3.4374554,-0.43180048,-0.08230108,1.1383631
2.9443088,-1.6395271,-0.123021364,-3.9287095,3.0864956,-1.9040922,3.386178,-1.606483,-0.5091194,-0.21751207
-1.3589604,-1.9002509,4.2750597,-0.7542601,-1.6094044,-0.044658996,0.06540549,2.200356,-3.0613265,4.4412737
-1.8368628,-0.10397029,-0.4082551,-2.7941918,2.1035974,-1.2621375,-0.46965933,0.85926366,-0.4871962,3.0473065
-4.2999234,2.9025085,1.6141119,1.6476394,-2.0034056,-1.8516588,-2.148047,-6.3897223,-4.529913,0.0010533333
-5.8020782,-2.3419323,-0.013847351,2.7482624,3.1137817,-0.6674584,-2.3086712,0.60940623,-1.4938416,2.5773418
2.7818022,-4.6978955,0.5185337,-0.35666132,-3.6520839,-1.0018196,-4.102242,3.484733,-2.6607862,-3.9898572
-1.6395413,-0.42862737,0.66494375,-0.3992729,-1.3987367,0.55171174,-0.2649777,-0.49190322,-3.312335,-1.4168959
-2.3890839,-1.8924855,1.0120045,-2.5110152,-5.0082107,-6.057431,-0.6338171,-2.0819511,-2.2066977,0.10369289
-0.6947179,-2.1124487,2.20408,-4.1718297,-2.282326,-0.3306191,0.61622024,3.2768018,-2.0610669,-0.032958895
0.23165762,-0.851897,1.8929915,-2.5910034,2.7730603,-4.4802237,3.165997,-1.9504163,1.5678558,1.9745694
1.0327872,-0.8029065,1.3810799,-5.191394,2.871282,-5.61141,-0.493627,-2.5755641,-2.8965607,-0.09183587
4.3560414,1.8961266,-0.15589726,-1.6109288,2.5905385,-6.816455,-4.022602,-1.8844802,-0.7988181,-3.6223392
1.3429844,0.9344416,-0.0071236193,-1.0615007,-2.0884569,-4.0053415,-5.0075603,-0.047538996,-2.95444,0.4677291
0.52866757,2.897532,-2.8472953,0.6384969,-1.5394318,-1.9085528,-4.159961,0.5407684,-2.7486777,2.5799181
-6.666414,0.9325169,-0.80265784,1.4564462,-3.5900652,3.0763757,-2.2384005,-1.8965709,3.040817,-4.156857
-7.372523,0.42658436,1.010417,-1.220852,-3.855855,-0.5907992,1.7039647,-3.0067058,-5.8355737,-4.3875413
-2.4589806,-0.80399287,-1.5374384,2.969657,-3.6200013,1.0989921,0.16241485,-1.3819779,-8.279945,-3.4768753
-1.454036,-3.9053724,1.486931,3.7672575,-0.84260434,-4.5502133,2.878654,0.13331395,-2.6934335,-2.4451957
-1.3354241,-1.1053216,-0.051872134,0.41016054,-2.300134,3.4694633,0.41115534,5.0866194,-1.3472532,-3.0678287
-0.21795356,-4.5359883,-1.6873955,1.6315237,-1.6846515,0.7888903,1.4396324,1.5986716,1.566138,-1.589356
1.48659,-3.5230947,-3.5741544,1.2778888,-0.9081894,0.6970773,0.22889501,-1.2250603,-0.98614776,-6.7930117
4.384881,1.4267203,-1.259476,1.8229381,2.8266933,0.029328823,1.3236206,-2.5461824,4.377137,1.6517079
0.80615765,-5.1612053,-2.2323208,0.07178986,-1.3880278,1.2395312,0.2699036,-2.1622272,-0.85397077,2.4951196
-1.234439,0.88966155,-0.2434713,-1.1275778,-3.055437,-0.0023155808,0.6546594,1.8827348,-1.4452035,2.2460856
5.170581,-0.9851683,-1.5406308,-3.8210711,-5.27081,-0.10862404,-2.0568414,2.2012029,2.0578585,2.8630228
1.9025075,-0.4934787,-1.223633,0.80838954,-1.5140445,2.3585255,1.6507579,3.9739113,-1.7638495,3.2677164
5.1851625,2.647687,0.7701452,-1.1288403,0.8826126,0.40174776,1.907278,0.8207195,0.9098102,0.43920708
2.3711782,5.500348,-1.7139429,-2.1556482,2.1675477,0.4595578,5.082056,0.037650824,0.14306754,-0.7866469
-0.36863446,1.2432688,-1.5011216,-0.65542424,3.6142776,3.132955,5.2360983,0.7183079,-1.5641041,1.9557557
0.1519447,-7.1177163,-3.9214892,2.809337,3.4808664,-4.316495,2.366774,2.7373533,-1.1389785,0.0051277876
2.7595048,-3.7083087,-1.1898007,3.5277545,0.9604486,-4.589165,-2.3320644,0.27792537,0.92483616,5.1245813
9.560666,2.1858094,-3.1175122,-0.8611804,1.8317134,-3.3048549,-1.6312945,0.6460157,1.0068812,3.9624438
0.8058677,3.127336,0.023858428,1.3008052,4.0716066,2.1622694,-1.6039566,-0.22101498,0.2754991,-2.9431238
-0.04387343,4.3464937,1.7383265,-4.815638,4.032817,2.26343,1.2191627,1.2268431,-0.05995047,1.4824412
2.717002,8.479318,-0.5354464,2.2932732,0.3035187,0.40316767,-0.65448594,4.142076,-1.052062,-1.975072
-0.5611997,2.1186054,2.5149798,1.4549994,2.6817117,-6.5178328,1.6329298,-0.6412898,-0.35779077,-0.9768909
2.0965517,-1.0379078,4.039682,0.9784736,2.4517498,0.47233868,-1.7074215,-1.7378969,-0.71644974,-1.0899134
1.166838,0.64076525,3.2521462,8.339621,-1.3370485,-0.21253222,-0.95411336,-0.3405856,1.4360678,-0.4962802
2.8294973,1.6444151,2.9491916,-0.34149694,3.519863,0.6352208,-0.35518572,-1.2649238,-3.9676774,-0.41487396
-0.98013777,-1.324108,-0.41269684,5.10363,1.0318379,-2.174988,1.8988457,1.0157378,-1.2973638,1.5863833
4.4634037,-0.81386137,-0.4187183,3.9037335,2.6548913,-0.9909563,-5.0904255,1.5062126,-0.8773105,-2.2891338
-0.89987624,-0.90069175,-4.425338,1.461361,3.808643,0.52055997,-3.593168,1.169611,0.7849848,-0.17928445
-0.76433694,-2.6952353,2.4961958,-4.8214025,2.7251177,0.429473,0.932261,4.3637547,-2.65643,-0.6373189
-0.26610848,-0.88589585,-2.8202524,0.9096445,-2.6473577,4.1916738,2.6886663,1.4865134,-3.2562466,-0.29578152
-0.433606,-1.7015662,-2.9055026,-0.6881373,-1.385048,5.2508125,-2.5068362,1.3628678,2.226406,1.1022195
-2.2213702,-5.1545906,-0.52390194,0.16972935,0.0861789,6.8596153,1.3952492,-6.7280273,2.065014,3.9447117
1.6395355,4.522844,-2.375315,-0.5995288,-1.647377,-0.8729031,2.0357506,-2.5785909,2.872128,1.6241807
-0.5709076,-0.19395185,-3.7286434,-0.709481,-1.1289474,-1.1168605,-2.7196918,-3.8882911,2.5884838,2.4836805
-2.7521753,3.5224557,1.755456,2.529219,3.3385043,0.4968607,-2.4494586,-0.96764576,-1.4971938,-0.3352561
-3.6660366,-2.32897,4.9368467,7.8793073,-1.6562476,5.8713927,-0.30573118,2.7555218,0.5780405,-0.9469799
2.577115,-1.2203623,-0.5252948,1.0268661,1.4929515,1.09061,-2.180321,3.793642,-1.9309695,-2.0032358
3.7959585,2.3165514,-1.8097647,1.4188038,1.5575446,1.3789922,-0.8945028,3.1470828,-0.79169106,-1.3469177
-0.5694017,2.0075212,-4.402932,5.305865,1.1429454,2.439767,1.1602058,3.068429,2.5476835,-4.2074714
8.492292,1.6626734,-0.7259218,0.8982221,-3.0310214,-0.8550332,2.8238537,2.2371771,-2.6686523,-3.502016
2.8415394,1.9701586,-0.6637012,-1.1567757,0.3991266,0.11614472,1.7376919,-2.950896,1.04055,-1.5556761
-1.0761378,4.9503756,-0.38379213,0.7132533,2.339974,5.654254,-0.9501741,-0.20346224,-1.1770655,-3.1025064
2.0438514,-0.5543438,-1.2438693,2.5990515,-0.17256713,-0.36689472,0.24624479,-1.2895029,3.4018548,-7.500084
2.0919554,0.5412916,0.4161473,3.401089,-1.6877902,-0.9661887,1.745244,0.75388026,-2.2964566,-2.5963564
4.201889,-0.037685156,-1.3441924,1.0070853,-3.1735592,-1.5004841,2.288578,3.3865647,-1.1082453,4.3272114
2.4643426,3.5832422,-1.6830161,1.4870065,0.5887457,-2.416231,0.38969874,-0.21249127,2.57826,4.986025
0.04540932,0.70546234,-1.0542521,0.62902355,-1.3551873,0.8165723,-4.263126,-4.361258,3.515904,1.251044
-4.3576875,4.054546,0.19506644,0.16551134,0.6982335,-0.7841946,1.8636352,-3.1278605,0.064241886,0.8773985
-0.4200796,-0.34841043,0.6673626,-3.3999503,0.49377856,-1.6973054,-3.1385472,-0.40878633,-1.9601336,-0.7610638
0.20266831,-3.9938452,-2.0977423,2.557322,0.37903723,-4.2947745,1.0662351,1.4425828,-1.5807208,3.5147276
0.4364053,-3.1637325,-0.7211292,-1.6850238,3.0926185,-6.1540666,0.4654415,0.09964055,0.14508861,-1.8370981
-1.0029963,-5.7030945,-3.8322449,0.4213422,-0.16341314,-4.0878906,0.28003454,2.2375712,-2.1791735,-1.4376674
0.029762626,-2.383089,-2.0831087,-4.310362,-4.543356,-0.89034665,1.1718973,-0.56604695,2.4392169,-2.8621805
-1.8558885,-2.95358,-0.7839186,1.5566484,-2.5672228,-1.2512625,-0.10669851,-0.41307133,-2.2959418,1.3838223
-0.7842075,-2.0413547,-3.0868597,0.61694306,-1.0385798,0.53973085,1.0293338,1.4053532,0.8030675,3.0256689
2.0098038,-0.6225332,-1.374587,0.31581295,3.5202334,3.4487464,0.80653906,1.5147649,-1.9550182,4.927885
2.9797611,-0.46023178,-0.6447574,4.709602,1.9770875,2.9850907,-3.3234365,-0.0018746853,2.0343199,0.56496155
2.7513838,1.8136789,1.7262315,0.6975522,-0.9568181,2.6726363,-2.9454439,-1.0028764,-1.4419302,0.8941383
2.8914688,-1.5598373,5.8561025,4.484857,3.2903886,-3.8490238,-3.3422346,-3.4662538,2.6213026,-4.42551
5.689196,-4.535057,5.393489,5.8456736,5.913643,-1.5307453,-5.4030066,4.824489,1.9724504,-6.4240093
0.23312508,-4.6472673,3.2811947,1.6338395,4.9874277,-0.21716583,-2.3570242,2.4575229,-1.7827275,-3.2791052
4.98869,-4.5317426,-0.17432642,-0.95472276,0.510643,5.678024,-2.027129,3.2145567,2.665121,-2.1491742
5.107715,-4.536859,-0.48550463,5.3597393,0.4456599,3.3123484,1.6606519,-4.105734,-4.2361083,-1.20289
6.6027613,5.036377,0.40084243,5.7290154,-1.7161726,-5.827921,-0.6869901,-1.4868562,-1.1117864,4.6889157
4.9266133,0.9886227,-0.46119273,5.553151,-0.12851131,-1.1828367,-0.5630296,2.4238803,0.31023812,4.853795
3.6908436,-2.83512,2.834736,-1.5165298,-0.7799075,1.3057232,3.0363705,4.111109,1.2536654,1.0305423
-2.493113,-9.103827,1.5703478,0.7724509,0.9000581,1.6925027,2.8205807,3.1148472,-1.4515542,-0.98556674
-0.5649519,3.5312536,0.1844674,0.3051001,-2.2583025,3.833772,3.358037,-0.11224365,1.1818802,5.5875626
-0.95308816,-0.67930984,3.5392606,-0.07923889,-2.8341265,-0.0071976185,5.8750944,-2.7652361,3.534712,4.775964
-0.88908285,-1.8301201,-3.3318377,-2.9812038,0.24872255,3.520772,1.8934859,-3.1590338,2.8047247,6.3000784
-5.397628,-0.63671815,-1.8001599,-0.90715814,0.5704876,-1.2854059,-0.8877841,-0.21763861,1.5899966,0.8590796
-1.4350936,-1.6160374,-3.4937372,1.4919975,0.7213678,-2.8060534,-3.0731916,-0.3331487,-0.72701895,2.8574615
2.1323628,-2.5445023,0.60532665,-0.69174725,3.369001,-3.895494,-1.0908828,1.0252113,-3.8169138,-0.9670501
4.169596,0.2995515,6.213292,2.4748309,4.4432116,0.49434626,-0.562006,-0.09384245,-1.398144,-3.8564472
6.49669,-6.349272,0.9906862,2.0928404,1.9251759,3.0364995,-2.178817,1.7272155,-2.5036607,-0.37067223
-3.0996013,-4.688985,5.3309765,2.0150185,2.3956947,-0.76421577,-1.237223,2.471443,-2.5143664,2.042594
3.7812438,-1.2916299,2.7206612,5.40038,-2.6505358,2.580239,0.45724267,2.7990756,3.0813696,2.7523289
-3.9295359,1.5021741,0.2037369,-0.3861525,-2.3174224,5.38239,-0.14078617,-1.4909003,0.64459944,2.5083055
-2.5242095,-5.3471227,-2.772173,-0.61859745,-3.792809,2.984592,1.6968868,-1.9806387,5.5448833,0.9352348
0.10263419,-0.98488516,-2.775056,-1.9878961,0.10355711,2.752535,0.45557094,-0.14694335,4.744729,2.297986
-5.952097,-0.9182151,1.2455472,-1.8084024,-1.5739661,-0.51248527,1.9218243,3.5680208,-0.3451562,6.111542
-4.7849836,-0.42340553,-2.1463988,-4.3398294,-3.3237376,-0.2002765,1.4783813,-0.14665055,-0.35314965,-0.08402014
0.9302161,-5.0585485,0.7638382,-2.4739196,-3.3420806,1.0560663,5.715995,1.2362472,0.5625782,0.1534816
5.7972736,0.21633697,-1.2659855,0.31616807,-0.0966084,3.1362438,-5.383095,2.4320066,-4.4526644,-0.46209848
4.116458,3.409243,-0.8442571,-2.6027315,2.3963428,1.997108,-3.959426,3.9205542,0.78809917,-0.41936252
1.177906,-1.8972964,-0.44726712,0.5024035,1.6555464,-0.71088696,-2.6143968,-1.5730913,-0.13105142,-0.6267426
0.23116949,-1.5184773,3.0130186,4.298982,0.7648326,2.938329,-1.0154617,6.106645,2.7311752,-0.03061235
3.5032763,-0.19049394,2.6753035,1.6218603,2.486233,1.7105217,1.6830375,-0.0897696,1.02351,-0.4343284
-2.1957498,-1.1653124,3.5610619,4.1556535,3.8439755,1.5151792,1.6252036,2.077147,1.9031765,1.566171
-1.5750349,-2.3532906,2.1441138,1.7134652,1.6635782,-2.5419774,-1.4486644,0.6908519,3.1543303,-0.011736453
1.9630616,0.47393543,4.6093225,0.9193672,0.60354644,1.7227647,-0.035993636,-0.3790338,2.208349,-0.22051024
1.4255323,2.4961696,4.062603,2.2701626,-2.0520406,3.7542322,1.7874162,-1.0335126,-1.9227003,2.941169
0.041119516,0.72477996,2.2816586,-1.7902251,-1.2032492,5.211995,0.5981392,1.5310689,-4.314778,1.214315
2.1871836,-1.9094489,1.2564474,-0.034488946,3.0547385,2.9097924,2.0845656,0.9402077,-1.8890083,1.819334
0.78404284,-0.7719631,0.50178605,-4.489415,4.641111,-1.327923,0.16026318,1.9921687,2.0774534,0.48043948
-0.84003854,1.6493771,0.2969225,-1.5208521,4.3899317,1.7666616,-1.6488476,1.5567969,2.1585636,-3.091928
0.7346785,3.176,4.549883,-1.4573295,5.8491325,-3.200808,-2.357084,0.7690071,5.006725,0.13181254
1.0686971,3.8790057,-1.4783149,6.39162,3.2252014,-4.9799223,-1.7299776,1.2375621,6.651005,2.0405378
1.1227069,1.2315884,-1.2374413,-1.6819179,5.6228886,-1.2366152,0.17455113,1.709379,1.5871031,-0.2347456
-1.5367872,-2.134797,-2.2215483,6.5981817,2.128189,-4.7825513,-1.8803545,0.8019148,-0.7811982,0.4546585
-0.37466848,3.0265298,-3.287794,2.5018253,-0.18346643,-0.92767954,-2.468623,-0.15952992,-1.0623214,2.8517928
0.43128532,-1.8377095,-2.4550838,-2.0740798,-0.9094967,3.8293161,3.0341454,4.1755733,-1.5548455,-1.1374664
-2.9341757,1.167819,-2.8786063,-2.7596247,-3.5895805,0.022980332,1.7595068,-3.9818585,-2.744445,3.0255644
-3.5558786,-1.8965259,-4.0374947,-3.7706227,-2.5722775,1.9525733,-1.4733934,2.0962267,-5.909936,5.1223407
-3.655713,1.417029,-2.4238787,-3.862961,-3.6410499,1.0136046,-1.3979728,-0.5404354,1.2797498,0.18542707
-2.8016715,-1.6429929,-0.55677974,-4.3960667,-4.170021,-1.8938887,-2.381845,0.9557343,-1.9561919,0.12331383
-1.4041537,-3.601717,3.3012269,-3.7547736,-4.392304,-0.016756088,-2.8190846,0.7273707,-3.6276233,1.9873859
-3.6592581,-2.734433,1.0007684,-1.7575383,-2.185596,1.6962413,-3.366387,3.5671751,-1.5981319,2.0491319
-1.7086247,-0.98029816,0.8232309,-0.07603899,0.07230747,5.0963707,-0.72167015,-0.9499871,-0.13962007,-0.43724
0.078168824,0.42112124,2.6005588,-3.1366515,-1.6668886,7.859683,1.6170784,-2.8033442,-4.4952817,-3.5741608
4.1571302,0.09043735,2.0002928,1.680454,-1.408908,-0.06941044,2.130094,1.3233094,1.7322382,-5.82017
3.6652477,1.6607156,0.55954117,-0.8711425,2.8682232,3.9039211,1.8020222,3.1967382,3.4963546,0.31856418
-3.5981412,0.6918931,-1.6357826,5.8344336,-0.031230986,-2.287623,0.17034331,-0.9402179,3.1462653,1.4024239
-7.605955,-1.5312035,2.7162256,4.1529226,2.1883702,-2.569738,-0.60930085,-3.9256086,0.6395993,1.7829568
-7.130412,-5.0840273,0.6666595,-0.6333777,-2.4600308,1.0401126,1.1532354,0.44993436,-0.303509,-2.5824785
-3.4987726,-3.8313267,0.9031935,1.3289056,-5.495449,-2.3584921,1.6174531,1.2064222,-0.79578096,-5.090114
-3.2214751,-2.171363,-2.4149766,-0.99169016,0.29251182,-1.0975848,1.5558527,2.2605662,0.31044978,-1.3535403
0.4764408,-4.0978236,1.3995137,-2.4641438,0.7633399,2.094925,3.4031672,0.2921232,0.11758906,3.689932
1.3142242,-4.6079645,-1.6669563,-1.5180317,0.6521953,-2.326381,4.3856626,1.5590427,-3.7288706,0.33250415
-0.6059061,-2.6301508,0.101607025,-2.240582,0.76082593,-1.108422,1.6067483,-1.955807,1.4294665,-2.1251833
1.8279757,-4.45245,2.4200132,-2.9450574,-0.39847827,-0.9244114,1.677924,-1.0980339,0.5164119,1.9487689
3.3025928,2.267422,1.0670303,-3.9174519,-0.6704438,-0.6192266,2.952685,-1.7803996,-0.8377453,3.6344838
3.3317814,4.545494,2.4723332,1.3619194,-1.3959876,0.8691931,3.860457,-3.3338819,-2.7972188,1.2467217
2.1890373,3.3443067,-1.1929328,0.09759331,0.6717653,-3.219609,0.8862939,-0.8887713,-1.8430829,2.9195015
-2.5450253,5.82018,-2.9947274,-2.2957625,-2.5052216,-1.8294878,-0.3377671,0.15923679,-1.6775739,-1.4715276
-1.3315437,3.4663596,-3.419695,-4.5747766,-0.6585809,2.9959,-2.9169219,1.6725568,0.22742796,-1.5470814
1.3880272,1.6552331,-2.4711578,0.4509158,2.3903406,5.6912003,-1.2447388,-4.9075685,1.7560164,-0.9089413
0.51403344,0.3649094,-2.5657067,2.5870645,-2.1138308,3.9793663,2.4287186,-1.5737541,-2.1033518,-4.658561
-2.3805912,-0.21460009,-0.0052271783,1.2825947,-1.3967698,-4.309852,2.2863102,-4.3776226,2.2911503,-6.225592
-2.1730008,2.5175977,-1.585254,-0.57168883,1.8925323,-0.8317841,-0.0035600662,-5.2142296,-3.5329928,-5.5122223
-2.7703586,-3.784813,-0.7715955,1.3874338,1.7592919,-0.17634776,-0.8687105,-5.7165017,4.532839,-2.748082
0.17576718,-1.2991321,-1.6991136,1.2340182,-2.670711,1.2479633,-2.3932705,-0.3444481,2.3736115,-0.42493865
3.1359453,-1.9668472,1.7959495,1.3876262,-0.45299673,-0.65010774,0.21079564,-0.4473091,0.07423774,-0.8574867
-3.0349941,1.4841622,4.840226,-1.8497798,-2.6294217,0.41738006,1.2831311,-0.02133283,-1.6637112,0.14688563
0.19048244,1.3995088,4.9765744,0.36998934,-4.0515747,5.801817,3.171698,6.2828007,-0.5813554,2.8504045
3.1401873,-0.70934516,-0.4633689,1.0984861,-0.44092917,5.6201763,1.6843141,6.390749,1.0314639,0.4420932
0.7976407,3.9485002,-0.34039617,-4.9247875,-0.38193452,-0.19865918,-0.47272038,1.5685608,2.7978747,-2.0962434
0.7717875,1.3970957,2.4139767,2.312353,2.7594652,4.7315598,3.779146,-3.7440274,0.8944218,-1.4763068
-0.13634229,0.23603761,-2.936263,3.5468538,1.5098634,1.8962965,2.529325,-0.98776495,-1.1295257,4.396824
1.2032818,1.9929109,-1.7487142,-3.2652175,0.0617007,1.0183134,0.9543334,-0.10346928,5.1653724,2.2653654
-0.16662657,4.5374055,1.1573616,0.7512093,-1.1134213,4.074692,-1.345248,-2.7034698,5.1185026,0.32815227
-1.1530197,4.955925,1.0906136,-5.365537,0.9765231,5.676283,-1.6380072,-5.234038,-2.5305467,-4.662966
0.14611447,-0.5620669,1.5439761,-0.22751243,-1.8210125,1.001548,-1.3341067,-2.9076548,-0.6920725,-4.463604
1.4296649,2.3105483,5.344584,-1.1414298,-0.2766841,0.6554013,1.8997688,-5.170864,0.09149128,-2.032075
-3.3753154,-0.29486883,5.872057,3.5040846,-0.2865047,-1.0773678,-0.36737698,5.1855893,-1.4616623,-4.4248924
-2.647286,-4.38597,4.037978,-0.4093032,-4.2879944,-0.19672403,-0.019849598,5.841707,4.154647,-3.3824914
-5.05702,-0.40313065,0.197178,2.0912342,-3.0083075,2.287354,2.8508806,3.3237662,2.453011,1.3028417
-3.8137455,-0.7235166,-1.1150664,0.48066306,-4.216489,5.22283,-1.6849778,0.71694136,3.2942357,-2.192717
-1.7614304,-1.3462907,0.39042926,-4.06199,-6.584956,7.6728845,3.1878726,0.7692123,5.4382954,-3.646007
-5.1898823,1.0183039,-0.56777024,0.3152262,-4.220108,3.280648,-0.3968345,5.8655396,-4.392607,-6.3292823
-2.3218327,2.3545306,-0.57454914,0.90806687,-0.35374224,3.5679226,5.948659,2.8131762,0.2891232,-3.3042893
-1.658258,-2.9577892,-4.006916,-0.13827214,-4.1854753,-0.08617054,-0.78456324,0.5829163,1.9416349,-4.056507
0.6532795,-0.49106288,1.0445412,-2.5339515,0.17953444,-2.5518558,1.12642,5.449521,-0.31332028,-4.1105814
2.1062331,2.1887655,-0.44036603,0.9867986,-0.16151774,-2.6819332,0.3579499,1.8641491,1.3375458,0.76819265
-0.62247896,-2.3395116,-0.06777561,0.23050734,0.88719976,-0.080421925,-0.30283886,2.4333303,1.4951346,-2.230228
-3.0758753,-1.0139376,0.050071,1.7262801,-0.26052237,1.9973872,3.772316,1.804034,0.17051947,-3.1966054
-2.2169213,1.0344275,0.41933092,0.97324175,-0.22558433,-6.033795,0.4959786,1.3146163,0.29021457,-4.9123254
-1.2093248,0.5828753,0.8481734,0.65353936,-2.7316883,-2.64608,-0.8906903,4.241941,-3.8632383,2.0112624
3.063966,4.196068,4.7252746,-5.2138996,-2.3551552,-2.3338866,-0.033853695,1.3847678,-6.476081,-2.899774
-3.7413378,1.0348655,2.7068794,0.378474,-1.4037368,-0.51263064,-0.732343,-0.51176924,-7.587536,1.57565
-0.3293482,1.0258344,0.89204746,-2.1318417,-2.4228683,0.99359584,-1.9126472,0.02822186,-0.8907658,2.3840318
-4.1174073,0.6257356,-1.7215921,-3.3849149,2.0465314,1.0732443,1.151514,0.9343473,-0.7625947,0.47686684
1.5801412,-5.452171,-1.8455211,-1.8515692,1.4205494,-4.549277,1.3320577,-0.60032815,-0.85901386,2.418652
0.8742573,-2.9506125,2.4927878,-1.1348922,2.5092669,0.6050564,0.3025912,-2.182151,1.4298267,-0.025324147
2.9732537,1.510972,4.3763785,2.9678988,0.15970176,0.56839716,2.36196,-0.30956352,1.3723203,-3.0534072
1.1440403,-0.5352296,4.556344,0.43545222,-0.22124398,0.7101071,-0.5058329,1.0815396,0.13472807,-3.7739558
-5.29769,8.09294,0.6889224,-1.9334476,-3.11856,-2.2105992,0.4077622,0.8118309,-3.102051,-4.598343
-3.4613836,3.928436,3.9122176,-2.6213365,-4.3658285,-2.5932884,0.7429251,2.9049995,2.0983803,-0.2570386
1.6372073,-1.5859067,-2.1413755,-0.07792926,-3.381164,-2.0495598,0.9358651,4.3748665,3.0164883,-1.8699095
-0.92809665,-4.609312,-3.732742,-1.5581814,0.2131848,1.2991109,2.0288262,-2.265849,2.6508658,-3.7616334
3.200631,-0.58860743,-3.5602803,-0.6837286,0.69736314,-0.10227662,-1.942242,-3.8865633,-2.3231683,-4.1355066
1.383588,-1.6112982,-3.1115282,-0.05412793,-1.4742208,1.4340823,-1.0467203,-3.0572073,0.020749852,-3.2955976
2.780845,-0.15680256,-1.3623521,3.3407362,-1.6788192,3.3696332,3.3708625,2.5430243,-2.3983672,0.36434793
-3.7196693,0.49554121,2.5060077,1.6475384,-1.8358221,-0.08177149,5.0170445,2.3268404,-1.6880732,-2.2576149
-0.14483917,2.8455698,0.7744658,-0.18482018,-1.9085431,-2.0232944,1.5406227,5.1507483,-4.3456774,-1.4028401
-3.7380478,0.10645962,-3.9431958,-1.1326882,-4.546316,-0.20132595,3.8479831,8.908957,-0.7289734,-2.5168867
3.7931333,-2.4675987,1.0771086,0.9937897,0.09998679,4.1219196,2.9956412,-0.30536476,0.09109841,-2.0376446
1.0600415,-3.605742,2.4168737,-2.3313303,-1.3169452,3.1773734,-0.84023196,-0.43126044,0.030011594,4.8963294
6.5387654,-3.2246468,-1.5228868,0.1435411,2.6673458,4.4226274,1.4236295,-2.8480136,2.8547168,-1.1741029
1.7739377,-6.1981378,-0.9465456,-2.2169652,5.0336037,1.4195206,-0.7072226,2.1290827,2.1947136,4.184404
-1.9995563,-4.806413,-1.4537618,0.5110954,5.3435526,-0.5810256,3.0190444,-1.2903904,7.770066,3.155472
1.6001596,-0.9691988,-0.06337941,2.723429,-1.3834503,-0.08197905,-0.19287032,3.9530053,4.284053,1.2298326
6.143518,-1.3693755,0.80363214,-0.19070673,0.54583305,0.5067566,-0.19284809,0.49334636,4.4643803,-0.697779
2.5789962,-3.7987256,-0.017053366,0.96338844,-1.2066834,1.0326151,1.0407994,1.9306698,2.0169272,0.20299771
3.1912544,-2.8190298,1.970903,6.099106,1.0716618,2.2602358,0.25214514,-5.469298,0.33273244,0.30457324
-1.1112847,-1.1735303,1.7593235,4.1314135,-3.3406491,4.18648,4.465533,-0.5285007,-1.7443236,-0.046244718
3.0614395,-0.8038071,-0.13921618,2.4790268,0.25763285,-0.013057411,2.063837,0.09697771,-2.0374076,0.1895107
0.8065789,-4.5329795,-3.3101563,1.4256889,-1.526913,0.9263591,-0.16329244,-1.821041,-4.440835,-0.87717503
1.2982917,1.9965163,-3.116807,0.11712462,0.79432094,1.744201,2.9483624,6.1970224,-2.998674,1.3039153
2.0976918,5.824567,-2.6369076,0.11608205,-3.168517,-2.3764968,0.15044403,3.2182603,0.023735821,1.3236866
0.60715675,4.351268,0.78583133,1.1982018,-4.2106595,-0.9460281,-1.5394908,7.2702146,-0.3098045,0.68276405
-1.3443502,2.721503,0.17280751,1.4189243,-2.0452993,1.1789848,2.593432,0.9740642,-0.54801893,-1.4718666
-5.521872,4.184352,0.94603276,1.1258887,-2.5448532,-1.1071285,1.4458796,1.8971865,0.35272855,-0.9598194
-1.3366051,1.2594666,-0.81178755,0.17425257,-2.3527653,1.4765029,1.6798122,-1.3680606,-2.1133592,4.550735
-3.836256,-0.40818095,2.552261,-1.7134959,-1.4258648,0.2054142,0.1463486,-5.6342187,0.3960545,3.8672
-4.2289085,-2.1691344,3.3809676,-3.1346023,-1.3498251,-2.2928402,0.7670394,-1.9401389,1.8866937,6.405246
-3.698084,-1.9799223,-1.5866143,-6.5100174,-1.3043922,0.7516867,-2.875894,-7.710049,1.9335854,-4.1663847
7.303461,-1.1842082,1.3529608,-0.5167891,-2.3696241,-0.5052676,-1.0270565,0.049171805,-0.5612828,-1.0244255
3.29984,3.9965692,5.430684,1.1223817,3.6438942,-3.2766812,-1.2989683,-2.0097106,-2.1738706,-0.1682897
4.9440703,3.8901665,3.6288266,-1.5328697,1.3727443,-2.6995656,-1.0132095,-3.985374,0.3056054,-1.5282506
-7.863164,4.501624,2.8824615,2.0856154,2.2424242,-0.19330466,0.8390428,1.4386702,0.8467442,-1.4256365
-4.4911723,-1.3558998,3.4828866,-0.565803,-1.5559119,4.3826113,5.2009144,1.2514893,-2.1360826,-1.1824374
3.8418689,-5.6754174,0.8124026,-1.3293077,-0.40888125,1.9286708,-1.3528445,0.35986346,1.6502255,0.6531063
4.106304,-6.1247015,-2.694912,1.142308,-1.4601679,2.218668,-0.7175876,-0.014038026,-1.0721358,-0.7014739
3.7414885,-6.0570235,-3.3003883,0.95503974,0.4765911,-1.441495,-0.055847198,-1.7007748,-0.8572434,-0.3024791
2.268903,-4.232593,0.8266331,-0.65656835,3.0897298,-2.6088943,1.5933832,-3.7716503,0.7883774,-1.8385713
4.822147,-1.5722553,-0.9748108,-0.55939645,-0.7298811,-3.4564753,4.076428,0.945186,0.49900758,-2.3717031
0.3188181,-2.577271,0.92520154,0.1393443,0.16906595,0.50283134,-0.24120224,1.7597008,0.8722769,-3.2721252
0.50542736,0.83190966,-1.7128448,-0.20839697,-2.5364852,4.442184,-1.7284927,2.174806,2.011032,-0.6259862
0.68411684,0.40936255,-0.5434837,-1.8113219,2.5706713,-0.59310293,5.288981,1.0660983,2.3218114,2.131082
5.970578,-0.14249814,0.6640488,0.5728483,2.7547352,2.2148113,4.5694857,2.1230152,0.7208457,2.2510042
4.2422695,0.18467414,1.317896,4.5622764,-1.7197602,0.6093617,2.2767959,0.18109456,-2.2867732,0.5573677
-4.0047674,2.5244884,0.589069,-5.9673147,-0.80705345,2.2817352,1.0743371,1.8148544,0.89948976,1.9568262
5.8862996,-2.469442,5.9091716,-1.3789473,1.745481,2.5817144,1.2361461,-3.617838,-0.031131446,2.4195025
4.2422695,-2.0465174,3.896388,4.588318,-5.1419697,-0.4429214,-2.604147,1.2545218,1.7891564,0.17561352
-0.0627048,0.13273928,-0.64117694,1.79333,-3.9682024,-1.4742575,1.5684255,-3.1679382,0.25994134,-0.7726739
-0.14584893,-2.86456,-0.4421686,-1.2607572,1.6709933,-6.326537,-0.9529162,-3.8604288,-3.6783206,2.7413514
-5.0882883,-3.9012933,-3.184067,1.3219341,-1.1156754,2.191595,-4.506946,-8.493502,-3.8442466,-0.94086933
2.3432934,1.4859722,-0.9616437,2.6740754,-0.9531516,1.3295195,-1.7229058,-1.71711,-2.5261147,3.748703
-1.9319831,-0.2281549,5.502862,0.27864075,-1.4141437,-0.6907566,1.993048,1.5875621,-5.221077,0.8267079
-2.2653272,-1.3583128,5.162895,5.553743,1.3287691,0.7631903,3.4017372,5.130018,-1.3519734,-1.5911039
-0.50460804,0.04611349,7.514206,2.4291995,0.2122345,-1.6364019,0.960279,-1.1716179,0.18957263,-0.6321711
-1.4413598,1.3044319,2.9070501,5.8273115,-0.33798027,0.20379941,-0.69912237,6.4370565,2.1308684,0.1591699
0.3165434,-3.810918,7.577945,2.0983777,1.0151405,3.0493326,0.27654555,2.9013064,-0.31750983,-0.49857548
1.8079858,-1.5536118,1.9814094,2.2003903,3.5985913,-5.765399,3.8417614,4.839086,1.2198586,-1.9702114
0.9632188,-3.6437922,-0.3283422,1.5823773,2.4033394,-0.55555534,-2.681479,3.3216774,-0.90999514,0.5042497
3.8520231,-0.6267886,0.2742706,0.24230811,-0.33266312,-2.5051827,-0.015855193,-0.31920666,3.2909918,-2.4435184
-0.8004575,-4.1278763,1.2738315,1.7542601,-1.0280328,-1.8882397,1.4076798,1.1553317,1.6854489,-0.56030583
-0.88109046,-0.13504645,4.011583,3.7542481,0.2963235,0.1729047,-0.25432035,3.1606617,-4.7785025,0.16762233
-5.095411,-2.0473015,2.7484531,3.8631334,2.910656,-3.7180796,2.3437684,0.0495162,-5.430523,-1.4085722
0.5862484,-0.43384698,-4.2214746,-2.077487,-2.2391403,-2.4764962,1.9164301,-3.5228407,0.51359475,2.5625043
-0.038316652,-1.1582502,0.49996972,-3.3962488,0.04937303,0.8372866,1.7903674,-1.7236187,-0.61671245,2.222038
-0.7334752,-0.5424745,-3.357283,2.0654917,-1.5000968,-2.959593,0.14452145,-6.0765967,3.729597,-2.7009864
4.4972773,1.2109016,1.0299058,1.3267847,-0.6230735,-3.4333324,1.5223395,3.1520798,-3.2765865,-3.7311485
2.7660632,5.070305,-0.615996,1.8913076,-0.26232737,-0.25561827,-2.6182885,-0.9447131,-1.5583081,-4.786353
-2.6323118,3.0181057,-2.8344655,-1.473021,0.574222,1.5039289,-0.8362038,-1.9260858,1.7745123,-2.3389032
-0.18348145,0.9302713,-1.0084138,-0.62146723,2.024157,-0.4283266,0.30137312,-4.4115877,-0.25057155,0.8361363
-1.5614293,1.8605454,-0.85340345,3.5259242,-1.298888,-2.2181342,0.9112126,-0.07112223,-1.8524287,-2.2504702
-3.7729566,-1.7660296,2.0265362,-1.7732825,2.427907,-2.890121,-2.1382551,-4.001291,-3.1757712,-2.6522248
-3.7064223,-0.5547542,2.8185954,0.3650453,-0.5344484,-1.4838052,-0.7913691,5.8995085,-3.5749183,-2.0061355
0.07608962,-2.575847,1.3093244,1.1521722,0.3850083,-4.775201,-1.0107524,0.8689289,-1.6748079,3.2908108
2.6434143,-0.29544017,-2.137106,-1.107744,-0.13075674,-5.12393,1.3065838,-1.7770792,0.81134117,-1.9232541
-1.2449331,-0.8888818,0.039274886,0.025539935,0.21049416,-4.0896072,-0.9389322,1.0118482,-2.572841,-3.9830487
-5.236156,1.8522781,-1.6521702,-6.278032,-3.6546772,-6.000373,0.9773642,1.4325945,-3.569933,-1.8346789
-4.730816,-1.3974165,-1.5306324,-6.3246384,-3.0337424,-1.6871569,-0.23114687,0.23200065,-1.960176,1.9209747
3.20336,-4.3094873,0.11856273,-1.9141783,-6.099164,-1.6425903,-4.119746,0.14557457,0.22591388,-0.20628858
1.383588,-2.567456,-3.8804777,0.23155817,4.537611,-1.0405608,-4.505031,-3.497673,-2.3549025,-2.7657285
0.19432521,0.9738548,-2.5409431,-0.41089395,4.015618,-3.1648107,-2.5672626,-4.6775417,-3.2706518,1.2428529
5.3611717,0.53907365,-3.5753326,1.6264008,5.2141814,-4.563409,-2.4457877,-2.195956,-2.1618447,-2.2849104
0.91801417,-0.19693774,-2.6155488,-3.9495711,-0.3229108,-0.061368972,-3.7075567,-4.9083586,-0.47807452,-1.2593952
4.791157,-0.5692413,-2.8996248,0.84556556,3.78778,0.86292666,-4.451062,-6.4715343,1.7955283,-0.3250648
-0.5786224,2.6221495,-3.2119598,-1.7805271,4.6604414,-0.69453245,-3.5310416,-3.5072796,3.2139063,1.2078484
-7.370762,0.5556053,2.8032324,-1.4668819,3.7161374,-1.078705,-0.25249505,3.2292414,0.1205461,-0.8532686
2.1122968,4.067004,2.0028188,3.1939092,3.187439,-2.58783,1.0270268,5.659274,-2.7455735,3.9408548
-4.0696516,6.2575293,0.6255498,2.3108532,-1.5735319,-1.6307006,-1.2006519,-1.0296444,4.331155,-0.6736056
2.736961,1.0159572,0.28097972,4.9061356,2.5025318,-1.6819936,-2.966885,-0.4980631,3.5346708,-0.94239485
4.1966596,-5.6480627,-0.5630959,3.3975801,0.8416476,0.3544012,-2.1598198,1.7132926,2.7235436,-1.951448
6.6792946,-3.8235412,1.0259126,1.9469354,-1.9357264,-4.843621,1.1787362,2.068085,-0.40451962,1.7460907
2.2866952,-0.03924811,2.536696,-1.8484539,0.5146961,-1.9483994,-0.4109553,0.5244267,-0.08110142,-1.9024732
4.1901336,-0.87482727,0.2571688,2.634336,-0.57414746,-1.3683027,-3.0191202,-4.859076,-2.7920833,-3.4343424
6.494412,-9.19561,3.1885104,-0.7020606,-0.3191198,4.600195,-1.3549595,-0.83005536,-5.3125124,-2.2398849
-1.856916,-6.8602514,-0.71828294,-0.29908475,3.9992347,1.597628,-2.1475115,-2.9494972,-3.1921911,-1.6768323
5.846523,0.6655141,-0.83526826,-6.2273264,-0.18513536,2.869731,-2.528679,0.601233,0.28753412,1.1623039
4.5886784,3.163346,2.1584578,-3.5876918,5.0208797,-1.600906,-0.79810274,6.3079605,1.0262305,-0.93825555
1.6921194,-3.439405,2.5951772,1.8016552,2.6702008,-3.0150352,-2.9809475,8.591064,0.39899918,0.273923
2.8286097,2.2876935,0.29680622,-2.3367949,-0.7080684,-2.335897,-3.0949216,5.206663,3.2364092,2.4459596
-0.13546605,1.490959,2.277633,1.4569553,0.49509603,-2.7930574,-3.2603085,2.0962448,-1.2216039,1.5858221
-3.761211,0.26976848,-4.0194197,-1.4830211,-2.7787478,0.5009365,0.4638136,2.885726,-2.2732644,-4.038019
-3.4709039,-1.5295801,2.4753196,-3.70401,3.2567,1.2494351,6.231025,10.643017,-1.6695333,0.15342349
-2.736423,-3.44549,-0.47614604,1.1854429,1.6866652,1.5851555,1.4376982,-1.1854832,2.946385,2.1413212
-2.575367,-2.664574,-0.08133307,1.0279031,-2.1604266,3.5934064,0.18360665,-1.1162753,4.161688,1.3832632
4.577996,0.4072333,1.7862014,-0.041356362,-0.25184765,-2.7162845,3.3009036,2.5854783,5.290419,-2.3610058
4.8714833,1.3309029,1.1852388,0.17805907,3.2339475,-0.19330466,0.09085786,4.6956778,2.3515668,3.5840087
6.282583,0.15009749,3.492814,0.8065761,0.41265786,0.84621406,0.01286006,11.020294,-3.4150624,0.5624317
1.7877419,3.3813765,-0.01756668,-0.50677437,1.3800936,0.9983673,-0.30645275,-1.0490499,1.8405168,1.754381
-2.090553,10.786786,-1.7732875,-3.9748242,-1.0267835,-0.348876,-2.991184,1.2032578,-0.8056419,1.7039688
-2.234849,5.728162,-1.5352699,-4.1427712,-2.183274,-0.35972542,0.13501573,1.2813301,2.6600149,0.5128294
-7.4029737,2.9406006,1.8420696,-0.038030386,1.9661397,-1.214153,-0.11016253,-1.8080297,-0.8517865,-1.4372554
-5.3271422,-6.193769,4.6536074,1.6479976,-0.16266966,2.09742,-0.74702,-0.28171813,-3.1517682,1.1373575
-5.7596946,-4.870825,2.1489835,1.1544387,-1.6338062,0.08118749,-4.1893797,-0.46684134,-0.86436987,0.012476802
-1.0387132,1.1932721,-0.8337889,-4.019429,0.036599755,1.5113267,-3.7368898,1.5182672,-1.9460015,-1.5787072
1.4242498,1.2248139,0.29771745,-0.6785122,-2.1213508,-1.217901,-1.5915118,1.0285316,-2.0877273,-3.9465706
2.292816,0.21597636,0.17711362,-0.14952713,-2.8418362,0.8661322,-1.8811412,0.38384265,-3.0433633,-1.5832725
-3.2520306,-1.6573054,-3.663122,2.7345304,0.5595453,-0.49058878,-1.9401474,0.81313926,-2.247824,-2.2221253
1.5477314,-4.507756,-2.7647028,-0.5904342,-2.279055,-0.92728657,1.1595151,1.4946926,1.5461304,2.674444
-5.031619,-1.7915466,-6.812108,-0.8131881,-3.533739,2.9116058,2.8842516,-0.9127972,5.4049873,1.0054249
0.5561292,-0.7538755,-3.5371313,-1.4196813,0.37676114,-2.4286742,0.16558136,0.35937726,1.629401,0.67506886
1.6999667,-4.2411757,1.3781068,0.537681,-1.8062015,-0.22634864,1.2099657,-1.0391861,1.7559879,-2.1793718
0.4655226,0.1972934,-0.9599102,-1.8328959,-5.257858,0.84621406,-0.87835914,-1.5745735,-3.3749838,-0.8778894
2.8631501,0.14497244,-2.5848725,-4.342893,-3.372568,-0.20173436,-3.0988574,-3.4462347,0.20166957,0.59850246
0.058,-2.4603205,-2.355243,-1.8574677,-3.3553152,-1.5859689,-1.2469978,0.49778688,-1.2311369,1.0512197
-1.2049761,-3.0029416,-1.5831561,-4.020136,3.8419664,-0.67590576,-2.120716,4.779164,2.272602,3.2223022
-5.383379,-1.3689368,-2.6445394,-1.7203157,-1.2364899,-1.2924292,2.880711,3.5484552,2.0995717,-1.4468936
-4.0676165,-7.1756883,-0.642195,-2.3175068,-4.3709984,-0.71089506,0.58385766,0.11077282,2.2521183,1.1533552
3.1889672,-4.4750304,-3.120186,-2.0643497,-1.2602745,2.938329,3.5265286,-3.4208152,2.8897119,3.861467
-0.3799796,-2.4387145,-1.4358864,1.6376717,-1.1626235,-0.6511643,2.986014,-3.000092,1.594116,2.7261262
-0.38437566,-0.09263036,-1.9249705,0.53853655,2.4689298,-5.280571,1.5344421,0.43369818,3.6991713,0.22894168
-0.67574227,1.9082382,-0.17156547,-1.8048356,0.33385542,-4.6157174,-2.0939877,1.0092103,1.6408396,0.6751993
1.5598621,-0.7653539,-3.7443497,-0.12892634,3.0147936,0.023956776,0.81098366,1.6908983,1.0822167,-0.6689306
1.2257853,2.284047,-1.7980528,-1.7218728,-0.56098616,4.8428435,0.28435796,2.2361894,-2.594942,2.7633307
-2.798196,10.105584,1.5408616,-2.9627995,-2.627765,3.9012382,1.76871,-0.56351924,0.35571447,5.765039
5.8801394,4.242813,-1.6488132,-0.21841228,-1.04423,1.9743185,2.4922113,2.914398,-0.21890193,-4.0390744
-3.9085927,3.6231863,1.1453061,1.2856405,-1.6495757,1.990991,4.207066,5.898647,1.8420397,-3.0713644
1.6953641,3.0858676,-1.0412785,-1.47379,0.9354447,-0.7410647,-0.7806442,3.1316147,0.6882335,-3.5368268
-3.616916,0.43861473,-2.0799203,1.2848023,1.1582491,-0.7245612,1.0892756,1.7116699,-4.0455136,3.0493484
0.8899059,2.8753085,-1.7601838,-2.027376,0.37001723,-1.0835029,1.274091,1.3668839,-3.0531545,1.6601328
4.2647676,2.8032517,0.053132772,-1.7309766,-2.984081,1.9607284,5.6986265,0.3325866,3.6796412,-2.3323116
4.758257,4.4379587,0.77279496,-0.61015546,-2.236526,-1.5490136,-0.41913646,-4.4711294,5.823398,-1.1428363
3.2086477,4.5217185,1.4609258,-2.9799447,-6.681203,-2.1808822,0.018822014,-3.2022712,4.0291977,2.208898
-4.714266,3.7191772,-0.972493,0.55260515,-2.4268832,-2.2488098,-0.61427236,0.74004495,1.7671087,2.0377
-6.437087,-1.5521331,0.8653336,-1.4399475,-5.2962146,-4.4440126,-3.3798769,0.12876624,-0.6476821,-1.4839875
-2.6657112,-3.6077514,-0.13849822,-1.4789907,-2.6701894,1.8139368,-4.170036,-3.0872006,-1.8443046,-4.5023084
-1.8937598,-2.7725708,-1.289537,-1.3772901,-1.9395083,-3.1787128,-1.0281291,-0.78139406,0.06031096,-4.1445284
-1.0033796,-2.8351512,0.012579441,-0.9658798,-0.45313632,-1.9799229,-1.8420365,0.8167915,-0.022299647,-2.0739896
-4.9181724,-1.3548989,-0.36687112,0.25381032,-3.025552,-1.2319947,-1.7851174,-3.9766283,-2.2602952,-0.6028232
-2.9071403,0.5694232,-2.7832832,-0.17092022,-0.14729238,-4.306939,0.16579676,-0.42928907,0.8605708,-0.2557209
3.157743,-0.5513282,-2.3223717,2.2154477,-1.8924434,0.19851875,1.7968731,-3.4496331,2.8605077,2.8160605
-3.8623734,-0.6966521,-1.8679576,-2.1348295,-0.34060836,-0.8578023,2.6307137,0.20738149,1.6437539,3.7027574
2.421248,-1.898579,-2.223305,2.7458355,-1.416556,-1.630127,-1.9712715,-2.5272317,3.9396412,2.2992203
1.7678937,1.3179846,-0.26424062,0.14719653,-3.1384895,0.376673,-1.1876287,-1.0795448,-0.10945487,1.6570036
-0.35366333,1.3667934,1.4756991,-2.438915,-2.5387752,-1.2756281,-2.0908914,2.3677008,-1.2202288,1.8000697
-1.8159432,2.7744403,4.2442284,-4.013751,1.8965327,3.4814842,-3.2104905,6.6302266,1.6026793,0.2981806
8.780811,0.5014462,3.2026503,0.88475513,2.1985157,3.3715186,-2.5436554,4.034039,-1.1850443,-2.265825
7.00156,5.0236006,3.906054,1.4976386,1.7352142,-2.5815744,0.53406674,1.9798181,3.1110296,-2.3635356
-1.2557502,2.8856657,2.7644038,1.0470922,2.2612114,1.1987697,0.8691946,0.19050574,0.9488778,0.5530727
4.582185,-3.6963878,0.29408377,-0.21096042,3.3371215,-0.0010982454,-1.5814258,-0.5724275,-0.40059888,1.5396245
1.5502731,-0.34938252,0.68484193,0.035122514,-1.0106556,-0.18852293,1.3382761,1.8364882,-2.818497,0.41475356
2.5827756,-0.28315032,-1.0037262,-1.5140307,3.7505655,4.234077,4.2051826,1.4593916,0.12550664,4.637693
8.424032,-1.0710475,-1.0540777,2.6484556,2.7815716,3.1630912,1.4715363,-2.2347195,2.016304,2.4188547
1.5156782,0.58627546,1.8102767,3.2694414,3.2266986,5.0519605,3.622375,-5.1830215,0.830359,1.9229937
2.41508,3.9712803,1.0162578,4.6766763,-1.2944596,6.320203,3.4482174,-4.5072074,1.1499234,-0.5025862
1.8648264,3.4913077,0.24694282,2.612955,0.09185507,1.6498231,-0.55742574,1.5661572,-1.2564921,-2.492558
-3.0896916,-2.5009778,0.26821446,2.037389,4.3187428,-4.85948,-1.7589242,0.65619063,-1.7673421,-2.052577
-0.5880624,-0.25033486,0.09218675,2.4511614,-0.57597196,-4.9674377,-1.1003693,-1.701005,2.064437,-2.8819718
1.9565495,1.3215333,0.86207414,-1.0684308,-2.511813,-5.2633805,-0.48152697,-0.9241673,-2.1937952,-6.541923
-0.58915716,-1.2156221,2.4232268,-3.7836552,-3.996793,-4.52331,-0.54330015,1.2549554,1.0159158,0.47437012
1.543052,4.1684127,0.055348992,1.9113424,-1.408755,-0.28130966,-4.7881284,0.56491065,-0.22620717,0.48119122
-2.5206103,4.6585627,-2.2541888,1.4322019,2.8611617,-1.8880004,-2.1847198,-3.2986674,-0.5128543,2.3980374
4.382887,1.0009303,-0.60109,1.2522762,0.79811597,4.1201825,0.46008074,-0.4625322,-1.3576233,2.0289311
0.6021021,1.2096095,1.6899793,1.1805542,1.2523218,3.553434,3.0913954,-3.2239857,1.8284782,0.92354053
-0.14296144,0.3030368,-0.32798922,-3.3434534,-0.23820388,0.13623846,-0.11244023,-1.4170766,3.5413375,-0.59461737
-3.7380478,-2.7572646,-0.8182341,-4.3050165,-1.7623377,4.053392,0.8979532,0.6479731,-0.39054257,-1.2509732
2.2903895,-1.1344504,2.1878738,-4.641193,-2.1166549,5.465947,0.73592675,-5.1332946,-4.1564384,-1.5652792
-3.93728,-2.138034,-0.50025856,-2.4957347,-4.185804,0.81801796,5.53799,-5.782069,-1.3679798,-5.7396965
-4.882516,0.35628057,0.31054932,1.2667807,-1.8541336,2.3792474,2.8196373,-0.47984105,6.6972723,-3.1229084
5.2037644,0.86453843,-0.12750292,2.6733923,-2.3213649,1.8225499,1.1259241,1.1841633,1.6644253,-0.2992065
4.233737,-2.2249641,1.3333228,0.23489588,-6.6573415,1.8408735,3.0409405,-0.37662643,-1.7545974,-3.8093653
5.9134903,-1.9364204,0.37945664,-0.097515106,-1.7816384,0.33698913,1.425349,-0.07583475,-2.9213867,-0.33689332
-3.9085927,-0.63024366,0.54874396,-0.26461717,-1.4435197,-0.46076444,1.4303367,-0.76170504,-2.8871365,-0.5930736
-2.5903757,-2.8766346,-2.0603187,-0.70934004,-3.6427617,-0.91288763,-1.2618736,-2.5426908,-4.552111,-3.2649026
-1.60116,2.6405401,-4.915433,-0.33915004,-0.60689324,1.6780591,0.82117915,0.9032955,2.6172354,-4.4941554
-0.9308779,-2.019339,-2.0332747,3.4749584,1.1804974,-1.9387474,3.7618728,-3.1933558,1.1389024,0.8373215
1.3922888,-3.0318835,1.4919971,0.6347649,-0.45413175,1.3822796,-0.9949161,-0.2535794,5.1034946,0.3666014
3.3378954,-2.2945004,2.893797,-0.80567765,-0.1470877,0.5345061,1.6476705,2.8028576,6.273303,-2.3752747
3.3822825,-2.6103096,0.28913012,-0.5459624,0.085335255,-2.3864763,3.1758418,-0.5062833,0.1660229,-1.139963
-3.2940745,-2.9497285,-0.42822623,-4.140584,-0.32266384,-1.0024729,1.0012887,1.9634833,2.5105045,-3.5884395
-2.070963,0.04955989,1.3249841,-3.2534335,1.2865119,0.18687636,-0.53442526,3.2127833,-0.45168602,-2.9854898
2.6315544,0.6963106,-0.6667495,-1.0299656,-4.37898,-0.7963822,0.12641907,-0.032733917,0.51914114,1.5902758
4.71644,5.1611185,-0.6135376,-6.0046797,1.3519657,1.2572829,1.0823848,1.3436801,-1.4199747,-2.509172
4.817606,1.24698,-0.75969815,-2.82669,1.838077,0.525948,2.046092,-0.40042847,0.16921031,-1.338014
6.087566,3.7034755,-5.7471275,-3.644133,6.267306,-2.108588,-2.3075109,-1.4516501,-1.3660675,3.9979715
-1.2201273,4.675577,-1.5019375,-3.9810665,2.187372,-3.7432299,-6.8965387,-2.256066,3.1856775,-2.4710953
-3.8952568,4.0714955,-1.4054428,-3.1420712,2.6671965,-2.809357,-1.2988983,-0.2511384,2.0075955,-2.8026543
-3.9721942,0.5257193,-1.0814273,-0.8727245,-0.018837094,-1.3727379,-1.0305898,0.47384652,3.3091881,-1.1181183
-3.0342288,-0.6898418,0.20602602,-1.8306429,1.5649633,0.004467666,-0.8295105,-3.629865,0.3941759,-1.0557413
-0.09330279,2.7208116,-3.5466363,-2.2064388,1.2919049,-2.0202246,2.0239303,1.0248123,1.3364778,-1.6003903
1.232945,1.420552,-4.3255467,-2.832183,-1.8500297,-3.2175798,0.26556858,-1.0151548,-1.1965985,-2.0780644
-3.1824677,-0.39944887,-2.262968,-4.1891813,2.5067532,1.1157541,-0.20117867,-1.1541929,-1.1957674,-1.6694753
-5.2944117,0.103121996,1.7054422,-1.645504,0.4493025,-0.5007741,0.33230412,-1.9741998,-2.3052964,0.3493689
-5.499957,2.6999998,2.411965,-3.3375466,-3.0244217,1.8969045,-0.21187484,-0.37500513,-3.2447324,-3.0926132
-8.8419075,1.0574079,1.7523965,1.471586,-3.499043,-1.0659301,-1.6409144,-0.062514186,-1.8290082,-2.333322
-2.1329284,-7.470154,3.679565,4.522809,-3.1816998,-2.207077,5.3636084,4.4670286,0.7436553,1.9386222
-0.5653337,-0.938499,3.5921588,2.031527,-4.336238,-1.2739408,0.012476683,3.0003912,1.6002264,-2.1078358
-5.4805593,-0.18889594,-0.15235692,0.75338316,-3.605938,2.676833,0.2649101,3.6635957,0.103832126,-2.4560444
-2.8498745,6.953485,1.825821,0.5244686,-1.5066803,1.6673825,-1.6099371,1.7590808,1.090007,0.084812164
-3.3761132,6.799664,0.8303564,1.8044245,1.9110072,-2.0502894,-3.957629,0.877452,-0.38301602,-5.475582
-2.600441,3.9059463,-2.3626204,0.6327162,0.06465247,0.27487454,2.2433646,-0.57041407,-0.6404615,-3.4946618
-2.9119453,2.8260834,-1.5802178,-2.6583104,-0.6810795,-0.22005042,-0.12540625,2.945414,0.37582755,-4.3628626
-2.4795332,2.4234588,-0.96583366,0.22211778,-1.2880988,1.0560663,2.5084796,5.4377546,1.6235211,-4.3354397
-2.4183218,-5.9484224,-1.6351811,-0.2915911,-1.484557,-0.8859075,2.5434144,4.5456643,0.6387974,-3.6930506
-1.2259681,2.1705744,-2.067511,1.7667462,2.3588169,-2.742625,5.5267935,-1.5700445,-2.189087,-0.09231329
-3.620538,-1.1114767,-3.5963397,3.4704294,2.8694992,-4.6027193,-0.50587213,0.6598189,2.940731,-2.1474345
-0.29516327,2.3676581,-3.1785328,4.9371862,2.5345187,-8.664538,2.7435992,0.5259073,-0.44618928,-5.007432
-0.041824095,-1.2757448,-2.4413915,-1.1343997,2.6080885,-7.3748465,-3.506769,-1.2226738,4.2453175,-1.2259469
0.7368701,-1.2712004,-2.1654081,0.825897,-1.128821,-6.9312916,-0.39664793,-0.58179337,4.283843,-0.86609185
-0.38746643,-1.829629,2.0310378,-1.2050276,4.170806,-5.122926,-3.390326,6.4780316,6.47725,-5.509724
-1.8496236,1.8203173,4.655048,-1.2602205,5.835713,-1.7105201,-3.6879344,3.4579463,5.2530575,-1.2018318
-6.9465303,-2.625462,-3.0480583,1.5058597,3.8829944,-1.4283893,-5.965397,-1.6601261,4.22931,0.61969894
-2.3620787,-4.9809456,-3.7862084,-3.1032794,-0.21839279,-4.3665223,-6.175317,-1.4620942,-0.7278328,0.7481302
0.94581115,-1.2439065,-1.1330094,-3.287086,-0.052541852,-1.4445167,-4.837014,2.1631808,-4.224202,2.094222
7.391719,0.76366353,-1.4491776,-2.6277106,-1.8480603,-4.0439525,-1.5196986,4.8389482,1.3485856,3.8626218
0.36804605,3.6470246,-0.11701913,-2.4596193,6.21842,-0.21082151,-2.319167,3.4328551,5.502342,0.9934493
-5.0728855,-0.09205389,-0.473578,-3.6863074,1.0197103,-0.98665965,1.4221237,-1.4896693,5.906706,-5.136676
-8.36015,7.602029,-3.2526937,-2.4843318,-0.18040732,-1.2402713,2.577976,4.55057,-0.8904593,-4.8235173
-1.8420293,-0.035969973,-1.731472,2.1623704,0.6092745,-1.0627114,0.11748493,-2.023096,2.5338364,-1.4465525
-6.4919605,-3.278418,-0.81858206,0.11449489,0.46774983,-5.2437916,-3.591503,-3.8398504,-0.79609823,7.5299134
-9.778543,0.069980025,-0.16818488,1.511439,1.4584317,-4.14058,-1.1717921,0.58369195,1.7074878,1.237994
-4.6713147,-6.796941,-2.604428,2.0015156,-1.6596935,1.6784637,0.030169368,-2.9769354,2.0219896,4.534952
-2.4595976,-4.719987,-2.37932,0.6674777,-0.44256365,0.65316135,2.4830577,0.70758843,0.8418306,0.6239476
-1.9396548,1.364897,-1.5244267,-0.9954896,2.7950995,-2.272482,0.28103256,-2.7969785,2.1644762,2.1628885
-3.2915251,-2.2671902,1.2403798,-0.4833054,-2.0877028,0.10226107,-0.56885433,-2.7402182,-0.53176457,-1.8881676
-4.6471567,-3.2832642,0.47340587,-1.5019006,-4.2977924,-2.8454273,-0.6672001,-2.1503406,1.8157595,-5.956725
2.2982614,-2.5994587,3.482773,3.887733,-0.9422661,-2.8779473,-0.17943865,2.9466496,2.1492267,-1.2112035
3.3170886,-2.519051,3.7524953,3.206687,-0.75440085,-1.6005392,-0.92431355,4.358597,1.022338,-0.6416472
0.17163736,-2.2843888,-0.52986515,3.4120188,0.165923,2.0146947,0.24314845,3.575724,-0.43731052,-1.1354406
-1.2572918,0.3816898,4.4726906,0.20622873,-2.8834848,-0.43573743,1.426707,-0.78955996,2.0228426,-0.8126718
-0.71996933,1.6963022,0.6775187,1.8665476,-3.5451293,1.7476748,1.9351397,2.7992678,1.9925033,0.33068204
2.234583,-2.3467636,-0.7769052,-3.1348796,1.7736776,1.5880308,-0.9410646,-0.14129901,-0.19014958,1.0635002
-0.4435386,-7.0814323,0.13751471,-4.4800334,2.775477,1.3621147,2.2103205,-4.445926,2.854719,3.4978456
0.8241716,-4.3458605,3.5179853,-2.4147182,-1.1438878,0.07995415,-1.2891533,-0.19626188,2.3740435,5.449048
2.6782737,-2.5612478,-0.85387725,-3.2470164,-0.33157957,-0.34459257,-1.5454156,2.2386327,2.7107031,0.5937793
1.842309,-1.5784233,1.147783,1.3710352,-0.8561258,-3.0260463,3.9815316,3.6016264,-3.3125157,1.5308106
-2.3078167,-1.5352564,1.9158932,1.4168377,1.5122995,-2.360868,0.2470755,0.20042944,1.059818,2.2101624
3.344071,-0.9667208,0.884005,2.2436628,-2.1867197,-4.065914,1.5388219,0.62018335,-1.9564146,-3.0071301
0.26010668,-2.9714293,-1.6400508,0.5162869,-2.127897,-2.1720417,-2.2441566,-1.0864363,-0.6997867,-4.613058
-0.35360426,-3.3729405,0.99102813,-0.9120255,1.4399326,-2.5252197,-4.1283946,-0.81588733,1.52569,-1.0487823
2.8044782,-1.1494279,-1.7513974,0.7176541,1.7310688,1.7641213,-3.0117412,-3.1339688,-4.754448,2.6293757
4.053906,-2.995984,0.95314324,-1.5448211,3.325032,-2.3843539,0.14661169,-1.857153,-1.305035,0.17051417
-5.349134,-5.1372786,-2.495207,0.8976379,-3.4532285,1.2948871,-1.2121454,0.52395666,-3.0270822,1.6380483
-4.336375,-5.4607644,-1.1277194,-3.788319,1.0770563,-4.396198,-1.2880182,3.7661579,-4.6004066,-0.032952964
-2.3181355,-3.696444,1.6612228,-3.0906801,-2.1603913,0.19584358,-0.93635195,-1.1545674,-0.21828206,-0.27489075
-1.1113943,-1.715022,0.20557459,-4.514615,1.7410166,3.4864407,-1.828173,4.159749,-3.5503876,1.005336
2.8654134,2.3556108,0.11140072,-6.166011,-1.5710058,2.2554512,3.3539891,-5.785312,-5.045848,3.4651127
-5.362934,-0.6048913,-1.3538291,-2.04587,1.533102,3.2480323,1.6122323,-1.1614726,-2.6921914,2.3115947
-4.4286637,0.51382923,0.16538703,1.5860949,-3.2043095,1.7917552,4.3635654,-0.72055143,3.3613665,-0.7254447
-5.5273595,0.7241094,4.601179,-0.0076776147,-5.414878,-2.5579975,0.6021569,1.5890377,3.3438296,-1.4811251
-6.214631,0.8544518,2.390574,0.1350491,-2.9620633,-0.16394824,1.6325299,2.1126394,-0.0009419918,2.1562517
1.5683806,1.1470275,1.5111866,-1.0885065,-6.692257,1.4666047,4.914326,0.7472109,1.5095624,-4.6567764
3.8258367,3.1295598,2.193709,1.8291215,0.312167,1.2871898,8.969452,6.0867553,1.6954082,-5.08755
-0.86177915,3.512012,-1.986241,2.0225577,1.9046689,-1.7840272,3.536613,3.9032102,6.0014677,-8.028721
-1.280011,1.2173893,-0.8513113,5.8285675,3.0937133,-2.5879173,4.393461,-1.4209483,4.6981316,-2.8695967
0.26856577,0.46773967,2.5324306,-1.2072052,-0.10452914,-1.2919389,4.372958,2.3059578,4.3756456,-0.31424257
-0.362543,-2.0908027,-1.087727,0.023748802,1.0339605,-0.42602974,4.144688,-0.17442513,0.029847145,5.2712684
2.6437173,4.147267,0.37352347,-0.40502632,-0.3565557,0.7311519,4.5537443,-2.189279,3.2137704,2.504703
-2.8606703,2.4554515,0.22402692,-0.6467647,-0.8194173,2.1609185,-0.7871411,-1.3866756,5.559645,6.094197
0.43575883,2.4396167,1.3859346,-0.5130532,-2.2786944,-0.947345,2.9968963,3.175899,5.7661433,4.5654464
