A,B,C,D,E,F,G,H,I,J,K,L
-0.0013516932,-1.1793083,-0.6557409,-0.21254519,1.2643541,-0.13877645,8.654602,0.18093362,0.2926408,0.024195196,0.007966165,-0.13780935
-0.0062838765,-1.2279398,-0.68468094,-0.235658,1.2746531,-0.15118472,8.846246,0.1716423,0.31077442,0.024584569,0.008450534,-0.15100104
-0.0066433414,-1.2619233,-0.70733833,-0.25913152,1.2893914,-0.16186771,8.996722,0.19896908,0.29193106,0.024993906,0.008989911,-0.16226526
-0.0069269626,-1.3201177,-0.73379654,-0.2781533,1.2859607,-0.17470655,9.147347,0.17944674,0.3621269,0.025477437,0.009455069,-0.17741913
-0.0075853853,-1.3623419,-0.76239395,-0.3098638,1.3092347,-0.18384622,9.308463,0.18807237,0.41582432,0.025855789,0.010077232,-0.18671776
-0.0035065128,-1.4206048,-0.777391,-0.32135853,1.296297,-0.20670615,9.45437,0.17669477,0.4111796,0.026305832,0.010586481,-0.19527626
-0.025284432,-1.4471173,-0.7984335,-0.33577502,1.2952071,-0.22247674,9.591866,0.19711119,0.6266395,0.02683626,0.0111416625,-0.20860444
-0.031618956,-1.481666,-0.82215405,-0.36334628,1.3293136,-0.23908314,9.717086,0.20074049,0.5210123,0.027216783,0.011681362,-0.22332515
-0.024772475,-1.5278091,-0.8495476,-0.38924804,1.3196253,-0.24585979,9.833522,0.19450341,0.61688536,0.027673107,0.01225126,-0.23862967
-0.026651751,-1.5729012,-0.8756975,-0.4124896,1.3187798,-0.26247436,9.943722,0.2010577,0.67797565,0.028072111,0.012800187,-0.25169465
-0.022534596,-1.625694,-0.89606416,-0.43959564,1.332282,-0.2774618,10.046628,0.2024387,0.69177413,0.028639164,0.013423537,-0.26658028
-0.020778673,-1.6462357,-0.9211702,-0.4667631,1.3137772,-0.29364967,10.158627,0.21700019,0.7190554,0.02905892,0.014094524,-0.2795504
-0.01983385,-1.7115461,-0.9452864,-0.49442932,1.2994486,-0.31050187,10.239164,0.2243483,0.11548245,0.02962845,0.014786796,-0.29483864
-0.018357376,-1.7505589,-0.96274585,-0.5140409,1.2634699,-0.32269984,10.294069,0.21977124,0.41693157,0.030083552,0.015441597,-0.3075538
-0.017243432,-1.7719458,-0.9739207,-0.54036987,1.2855811,-0.3363306,10.3516655,0.22546352,0.6723348,0.030644156,0.016088506,-0.32202935
-0.016057873,-1.7955704,-1.001498,-0.5645639,1.2449169,-0.3599115,10.399853,0.22389483,0.58375806,0.031230958,0.01677417,-0.33461988
-0.01539466,-1.8369889,-1.0114076,-0.58439237,1.2449247,-0.3739023,10.455346,0.22189474,0.47428384,0.03175657,0.017513514,-0.35017896
-0.014889883,-1.8654554,-1.040975,-0.6206594,1.2223203,-0.38713002,10.516511,0.2192302,0.5730567,0.032258116,0.018239247,-0.36287457
-0.0140964035,-1.9060909,-1.0598515,-0.638727,1.1910424,-0.40197754,10.564549,0.21180913,0.74708444,0.032859884,0.018991744,-0.37834722
-0.013464013,-1.9501594,-1.0799851,-0.6696438,1.204599,-0.4127041,10.598574,0.23641405,0.66660935,0.033408113,0.019743085,-0.38943145
-0.011821846,-1.9811673,-1.0976813,-0.6827023,1.1672294,-0.42438924,10.625124,0.21539845,0.67004246,0.03405497,0.020518964,-0.40181133
-0.016465947,-2.0158544,-1.1114609,-0.7135668,1.1838698,-0.43393943,10.627966,0.20598368,0.73695546,0.034680378,0.021258803,-0.41472474
-0.013311179,-2.032324,-1.129856,-0.73311496,1.1334635,-0.4468817,10.649409,0.2003053,0.70059043,0.035226926,0.022036184,-0.42664725
-0.0065392493,-2.0655594,-1.1443561,-0.7471517,1.1282125,-0.4657727,10.666427,0.19566339,0.73766345,0.035940457,0.022834532,-0.43635666
-0.00795229,-2.0818875,-1.1533103,-0.7718945,1.1378522,-0.4802566,10.641553,0.18672861,0.723902,0.036473785,0.023660412,-0.44361869
-0.0067655235,-2.0980978,-1.1655152,-0.78015745,1.0823704,-0.49520218,10.654978,0.1921754,0.7136677,0.03703083,0.024490317,-0.45484704
-0.027941886,-2.1326015,-1.177432,-0.80501187,1.0934695,-0.5139598,10.662385,0.19084033,0.7745112,0.037742343,0.025285166,-0.46154317
-0.016177015,-2.153963,-1.1853901,-0.81737787,1.0461743,-0.5266703,10.708428,0.2107997,1.0673388,0.03834342,0.026128978,-0.472967
-0.015655236,-2.169265,-1.1963943,-0.8358259,1.050974,-0.53804636,10.701798,0.21326901,1.2532145,0.039017413,0.026935643,-0.48307398
-0.012293005,-2.1827047,-1.2076974,-0.8549353,1.022452,-0.54696757,10.695284,0.18941219,0.43507603,0.039687365,0.02786533,-0.49536303
-0.010494942,-2.1977792,-1.222278,-0.8729805,0.99563557,-0.5687712,10.67703,0.18690714,0.6443893,0.040309228,0.028759325,-0.5066637
-0.008090423,-2.2269437,-1.2324979,-0.89402616,0.9815456,-0.5822012,10.659852,0.19591047,0.75235456,0.04100494,0.029609086,-0.51609236
-0.0052951216,-2.2564337,-1.24338,-0.91220903,0.9372106,-0.5932143,10.642058,0.19620381,0.70647705,0.041734815,0.030538192,-0.5243826
-0.00406252,-2.253621,-1.2422965,-0.9334658,0.93675447,-0.60244995,10.631037,0.19993308,0.73205644,0.042394783,0.03145512,-0.5369551
-0.002729827,-2.2585776,-1.2676579,-0.9502108,0.85892785,-0.6204648,10.618258,0.17695393,0.38863653,0.043124687,0.032478355,-0.54439986
-0.0011405735,-2.3076138,-1.2728579,-0.9618275,0.8773817,-0.63454115,10.59045,0.17634413,0.13277736,0.04388494,0.033372827,-0.55062836
0.005970849,-2.3179817,-1.2751608,-0.97619694,0.87765235,-0.6456393,10.556475,0.16860981,0.488792,0.04451459,0.034298256,-0.5585157
0.004363364,-2.3001523,-1.2826804,-0.9883128,0.8188711,-0.6545471,10.520333,0.16926496,0.5929891,0.04528981,0.03521148,-0.56705296
0.022194883,-2.3230932,-1.2914735,-1.0056736,0.82458425,-0.6464444,10.488732,0.1587768,0.48830122,0.04595669,0.03613435,-0.5737598
0.029053112,-2.335456,-1.2974509,-1.0165004,0.7990172,-0.65729505,10.448337,0.15570801,0.2787385,0.046618517,0.037133664,-0.58192337
0.021338714,-2.349646,-1.3044086,-1.0306711,0.7998869,-0.66991323,10.407439,0.15039122,0.040870577,0.04739001,0.038136818,-0.5880379
0.019022068,-2.3760736,-1.3108748,-1.0415636,0.7555614,-0.68185586,10.379738,0.14734414,0.1517352,0.04809541,0.03912342,-0.59290946
0.018216355,-2.3802202,-1.3110636,-1.0498202,0.7459803,-0.69195753,10.325737,0.16041042,0.5402242,0.048854936,0.04005522,-0.5988331
0.017757272,-2.3726053,-1.313355,-1.0629584,0.72494465,-0.6967772,10.275738,0.15694474,0.48023695,0.04958773,0.041008703,-0.60632133
0.01777759,-2.3863997,-1.3199145,-1.0786579,0.6979545,-0.7035667,10.213405,0.14935504,0.65450746,0.05032231,0.04197985,-0.6120059
0.017250491,-2.389841,-1.323568,-1.0834653,0.6734392,-0.69340247,10.160454,0.13880578,0.69478494,0.051101834,0.04302999,-0.61680365
0.01753231,-2.390106,-1.3275698,-1.1006324,0.65438926,-0.70510936,10.078771,0.13670808,0.68277204,0.051860183,0.04402902,-0.6246189
0.017785756,-2.4022238,-1.3287433,-1.1107548,0.6136507,-0.71884423,10.0433445,0.13909936,0.9479712,0.052584134,0.04503419,-0.6313391
0.018727204,-2.40663,-1.3369353,-1.119113,0.5945927,-0.72646123,9.981552,0.1212659,0.7935924,0.053316124,0.046054255,-0.6338438
0.018243192,-2.4130177,-1.3335099,-1.1252768,0.57759327,-0.7288027,9.943303,0.13548782,0.74571896,0.0540519,0.047074534,-0.6383912
0.020638509,-2.410306,-1.3320044,-1.1343924,0.5580541,-0.73930544,9.885244,0.12679374,0.4321245,0.054903217,0.048093602,-0.64215684
0.031967133,-2.417806,-1.3439876,-1.139906,0.5257455,-0.74697036,9.831359,0.14739698,-0.0023474693,0.055614248,0.049148705,-0.6448412
0.026768936,-2.4311044,-1.3351111,-1.141889,0.5440926,-0.7537526,9.789964,0.13501932,-0.08439982,0.056435943,0.050098483,-0.6488184
0.026118023,-2.398615,-1.3450187,-1.1398909,0.51162004,-0.7618949,9.705318,0.1167717,0.17310257,0.05729495,0.051125027,-0.651628
0.027147083,-2.4249904,-1.3380865,-1.1548818,0.5444574,-0.76928353,9.595446,0.13424209,0.24260795,0.057838243,0.052162696,-0.653738
0.027221417,-2.4189298,-1.3274157,-1.1619192,0.48782423,-0.7813293,9.55259,0.13672593,0.16097376,0.05877657,0.053126518,-0.6566661
0.010117739,-2.4081159,-1.3316213,-1.1657627,0.4304748,-0.78897303,9.494745,0.14072324,0.29141068,0.059511874,0.05415868,-0.6578159
0.020375712,-2.402618,-1.3188949,-1.1633245,0.43660113,-0.79160136,9.4265785,0.13327491,0.4886402,0.06019694,0.05516524,-0.65981245
0.027544862,-2.3796678,-1.3229985,-1.169315,0.40254438,-0.7938429,9.362066,0.13861462,0.6249692,0.060900535,0.056246266,-0.6643354
0.028271986,-2.3923697,-1.3196903,-1.1813543,0.3934552,-0.77941656,9.284768,0.13242307,0.6565797,0.061789036,0.057276156,-0.66800517
0.029346114,-2.3792372,-1.3292863,-1.1907234,0.34173632,-0.7826476,9.22386,0.13182077,0.25132245,0.0625216,0.058317617,-0.6682064
0.04705601,-2.3944705,-1.321612,-1.1857046,0.32144338,-0.7863595,9.164808,0.11619424,0.3895942,0.06334234,0.059355672,-0.67077136
0.039780647,-2.3754168,-1.323076,-1.1966827,0.33623672,-0.79231495,9.063229,0.1151779,0.23088929,0.06414728,0.06042469,-0.6720993
0.026137728,-2.3798447,-1.3211012,-1.1979119,0.30787167,-0.79586524,8.996557,0.09537703,0.324504,0.06489113,0.0614893,-0.6728068
0.032619625,-2.379328,-1.3126279,-1.1953381,0.31145585,-0.8063262,8.917885,0.08605468,0.5578799,0.06573439,0.06255013,-0.6776052
0.03339421,-2.3677027,-1.3125433,-1.2025827,0.28545853,-0.80842054,8.832315,0.07820243,0.99473745,0.06655475,0.06366378,-0.6782912
0.036700487,-2.3627486,-1.3113639,-1.2043042,0.25647637,-0.8182251,8.772921,0.08005655,0.49442577,0.06732453,0.0647412,-0.67894757
0.043364413,-2.3543122,-1.2977835,-1.2063248,0.24734713,-0.82003146,8.683359,0.08645167,0.4765123,0.068112805,0.06581034,-0.6786256
0.042674907,-2.327793,-1.2999302,-1.2054815,0.20400417,-0.82306176,8.623883,0.101869576,0.59361786,0.06891951,0.06687349,-0.6781554
0.043657698,-2.34586,-1.2927337,-1.2034081,0.20725098,-0.8221918,8.55865,0.0998681,0.6828944,0.06968955,0.06787608,-0.6792365
0.044437714,-2.3184328,-1.286667,-1.2051497,0.20340624,-0.8206704,8.482416,0.100610785,0.5218082,0.07043633,0.06890744,-0.6777862
0.045445696,-2.3091185,-1.2843996,-1.2082837,0.16448829,-0.8275222,8.42393,0.09446749,0.21893632,0.071191385,0.06997927,-0.6758191
0.04598137,-2.2967906,-1.2704719,-1.1983241,0.15524794,-0.8351132,8.333544,0.09010803,0.12047094,0.07196612,0.07103962,-0.67609936
0.046870686,-2.2907293,-1.2702689,-1.2018377,0.14466663,-0.83524257,8.246599,0.08583228,0.41649872,0.0727532,0.07203063,-0.6754098
0.043425057,-2.28172,-1.2614862,-1.1977497,0.13562328,-0.8523157,8.139706,0.10073069,0.7822665,0.0735762,0.07307088,-0.6776866
0.04862964,-2.25221,-1.2496305,-1.2079268,0.11154723,-0.8559505,8.0524645,0.093497515,0.7581485,0.07428182,0.07409407,-0.6772588
0.049820755,-2.2444818,-1.2449033,-1.2022502,0.05413533,-0.85865235,7.985242,0.092415124,0.6870234,0.07505719,0.07512468,-0.67457265
0.055943016,-2.2292194,-1.2356904,-1.1992017,0.05725798,-0.85673094,7.895295,0.089580625,0.72937316,0.0758253,0.07611286,-0.6749334
0.054958872,-2.2193606,-1.2356302,-1.1967864,0.013859408,-0.86568755,7.817869,0.07590146,0.27490762,0.07667801,0.07711275,-0.67430466
0.055918362,-2.2118652,-1.2260325,-1.2000823,0.057986367,-0.86791354,7.753069,0.105540164,0.64261323,0.07726805,0.07812963,-0.67070556
0.05751006,-2.2001815,-1.2190294,-1.1872058,-0.0037515275,-0.8692662,7.6849203,0.09296313,0.073144615,0.078124344,0.07909931,-0.669397
0.05751916,-2.184819,-1.2133812,-1.182593,0.019578319,-0.86680704,7.609161,0.11350879,0.41279626,0.07879933,0.08011836,-0.66835517
0.05947664,-2.1814888,-1.2094704,-1.1902683,0.026012393,-0.8636746,7.497027,0.08649412,0.37000075,0.079583764,0.08106797,-0.6654069
0.060779713,-2.1714697,-1.2008916,-1.1794163,-0.026198208,-0.85979104,7.4029965,0.0951841,0.513031,0.08038914,0.082058206,-0.66155624
0.06130527,-2.1507943,-1.1856835,-1.170174,-0.0062901154,-0.8566782,7.350559,0.0967351,0.42669487,0.08099368,0.08297013,-0.6534887
0.06250505,-2.1161797,-1.1726097,-1.1625224,-0.020710237,-0.86676764,7.2909865,0.10263859,-0.08452162,0.08169939,0.08399833,-0.6530515
0.06333979,-2.1026976,-1.1680806,-1.1538017,-0.04335002,-0.86558294,7.2286596,0.1010608,0.11146921,0.0824607,0.08486303,-0.64659536
0.06408872,-2.091659,-1.160216,-1.1456537,-0.02399031,-0.8576418,7.1312776,0.10240623,0.23058778,0.083108135,0.0858576,-0.6441932
0.06602674,-2.0730388,-1.1435057,-1.1421372,-0.037676197,-0.85700285,7.051391,0.09149049,0.65740776,0.08383328,0.0867929,-0.64050794
0.06627453,-2.0504339,-1.1340652,-1.1416,-0.07177591,-0.85878354,6.969192,0.0895119,0.41103637,0.08458224,0.087751955,-0.63703626
0.06705106,-2.030999,-1.1212968,-1.1279385,-0.08892217,-0.86009175,6.8866286,0.08920954,0.12476465,0.08521585,0.08874099,-0.63476896
0.07282519,-2.00825,-1.1121138,-1.1303141,-0.08824011,-0.8546539,6.8221197,0.087297976,0.44561982,0.08604878,0.08971363,-0.62776965
0.0710756,-1.9933472,-1.1089075,-1.1132894,-0.13740176,-0.8460195,6.7605977,0.08450766,0.5733731,0.086713314,0.09068773,-0.6221346
0.07171321,-1.9896373,-1.0930159,-1.0940794,-0.08787987,-0.84247524,6.670335,0.11316779,0.16072053,0.087501444,0.09160365,-0.6204569
0.07190637,-1.9558432,-1.0893131,-1.1026472,-0.06826599,-0.84087306,6.6042566,0.094701745,0.31103253,0.088182,0.09253214,-0.6174978
0.07321147,-1.9429119,-1.0805146,-1.0956846,-0.11883762,-0.83967334,6.5329933,0.09001516,0.45015687,0.08883935,0.09346855,-0.6133464
0.074689925,-1.9336294,-1.0708345,-1.0838797,-0.11637116,-0.83048904,6.516611,0.099272326,0.8205527,0.08952682,0.09435314,-0.6079321
0.05645396,-1.9179499,-1.0612131,-1.0776726,-0.11159989,-0.8282463,6.4733176,0.08226309,0.6582143,0.09021019,0.095312186,-0.60347635
0.06557858,-1.9035515,-1.0522556,-1.0699853,-0.121292725,-0.8206039,6.3989053,0.07889104,0.710701,0.090889595,0.096154936,-0.59906346
0.06654062,-1.8835089,-1.0456418,-1.0690333,-0.12725936,-0.8196611,6.309846,0.077479616,0.75303704,0.09163004,0.09706583,-0.5938151
0.08496233,-1.8711495,-1.0325084,-1.0496566,-0.13534868,-0.81491554,6.2427444,0.07769482,0.5782814,0.09219993,0.098036,-0.5894603
0.079346314,-1.8529367,-1.022685,-1.0451639,-0.120842226,-0.8138434,6.163483,0.07562122,0.69857186,0.092908286,0.098873444,-0.58014435
0.080622226,-1.8199588,-1.009627,-1.029823,-0.14400458,-0.8043126,6.108488,0.07407616,0.6104374,0.093537316,0.09976616,-0.5793189
0.079928786,-1.8057297,-1.0023983,-1.0250707,-0.13880743,-0.79496396,6.025304,0.08495366,0.6702663,0.09417111,0.10064256,-0.5763073
0.07572073,-1.7772385,-0.99502003,-1.0214496,-0.15146098,-0.7875878,5.9573207,0.09296109,0.9417025,0.094945386,0.10154402,-0.57162166
0.07865672,-1.7776457,-0.9800157,-1.0201982,-0.15096922,-0.7811242,5.87101,0.10886338,0.44294494,0.09559925,0.10241037,-0.56726646
0.08092393,-1.7385396,-0.975978,-1.0027249,-0.19307512,-0.77679676,5.8123693,0.110049546,0.44114813,0.09615775,0.10328526,-0.56283206
0.08147917,-1.7478788,-0.96595836,-0.999354,-0.16045359,-0.76442146,5.754386,0.09897647,0.27023154,0.09691262,0.10406263,-0.55947274
0.08168301,-1.7298201,-0.96094275,-0.98652154,-0.1752881,-0.75542825,5.6488214,0.08097072,0.26447552,0.09749557,0.104913026,-0.5522411
0.083192475,-1.7210448,-0.9470965,-0.9759992,-0.15279417,-0.74163026,5.5753613,0.088797614,0.117236614,0.09806912,0.10573312,-0.5460812
0.08284833,-1.6831378,-0.9302609,-0.97261065,-0.16621241,-0.7360552,5.514086,0.08548041,0.47799242,0.0986975,0.10654507,-0.5412894
0.08328871,-1.6658818,-0.9273123,-0.96469,-0.19693357,-0.7396941,5.47892,0.079631954,0.573349,0.099350445,0.10734891,-0.5361477
0.08328778,-1.6576424,-0.9161242,-0.9472313,-0.19318503,-0.731813,5.3857675,0.07878599,0.3047272,0.09992769,0.10811512,-0.52986205
0.08449739,-1.6378955,-0.9043675,-0.9411757,-0.16864584,-0.7186219,5.3275924,0.079194665,0.5418092,0.10046133,0.10894204,-0.5280589
0.084712416,-1.6205359,-0.89944625,-0.934457,-0.17722297,-0.71326214,5.264334,0.072954915,0.5841663,0.10105899,0.109732956,-0.5261741
0.10035595,-1.610855,-0.9001146,-0.9270057,-0.18819359,-0.7067154,5.2060213,0.07419131,0.6830983,0.10164076,0.110513486,-0.52191156
0.093288355,-1.6022397,-0.8817641,-0.9239304,-0.15228257,-0.70154613,5.089288,0.06623998,0.51835954,0.10228274,0.11133644,-0.5177378
0.094109245,-1.568764,-0.8785079,-0.9161671,-0.20909715,-0.69703513,5.0123925,0.0683014,0.2745254,0.102842614,0.11210019,-0.5115087
0.09323286,-1.5778521,-0.86779314,-0.90304214,-0.19006829,-0.68945277,5.000941,0.07158491,0.50170743,0.10348649,0.11286209,-0.50849324
0.0909602,-1.5327322,-0.8606435,-0.90245086,-0.18506853,-0.6885143,4.938733,0.07001036,0.58549476,0.10405133,0.1135523,-0.5065471
0.09116024,-1.5374924,-0.8542075,-0.8953474,-0.20036964,-0.6853851,4.925369,0.06359417,0.657697,0.10451159,0.11437088,-0.5025079
0.09059741,-1.5260359,-0.84386414,-0.8890723,-0.20937122,-0.6850926,4.863118,0.055753767,0.22375208,0.10507797,0.11519785,-0.49656492
0.09079291,-1.5030544,-0.83938295,-0.88011956,-0.21581072,-0.68083787,4.7817454,0.06541635,0.32178032,0.10563882,0.11591951,-0.49154276
0.090820186,-1.4783505,-0.8255656,-0.8653401,-0.2037681,-0.6717424,4.679583,0.047808226,-0.1206457,0.1062584,0.1166687,-0.48969793
0.09242634,-1.4676251,-0.82129914,-0.8644999,-0.2016476,-0.6679808,4.6205645,0.069216035,-0.013016105,0.10679514,0.117399275,-0.4831154
0.09156834,-1.4675174,-0.80781883,-0.8570872,-0.20153773,-0.65871745,4.5627365,0.07044776,0.20640133,0.10736053,0.11814691,-0.48024163
0.09226824,-1.4334491,-0.80207175,-0.8480691,-0.21735798,-0.6570379,4.5065,0.08329813,0.1286912,0.10790148,0.11880709,-0.47624168
0.09235434,-1.4251527,-0.78722525,-0.84049255,-0.20991115,-0.6514913,4.429394,0.0852215,0.6086885,0.108386524,0.11956341,-0.4699258
0.092930965,-1.4051852,-0.7834352,-0.82615864,-0.23585413,-0.6478527,4.374386,0.09399539,0.17241573,0.10881316,0.120275654,-0.4658933
0.0747307,-1.3953487,-0.7713887,-0.8241091,-0.20953098,-0.6401316,4.3244643,0.07327151,0.5189291,0.10942564,0.12098836,-0.46030185
0.06566091,-1.3616982,-0.76383746,-0.8130497,-0.23391631,-0.6350227,4.249905,0.07145612,0.5041624,0.11000681,0.12171387,-0.45541358
0.07697349,-1.3509535,-0.75169784,-0.79733235,-0.23008308,-0.6307601,4.19871,0.06750697,0.6456624,0.11052554,0.12241642,-0.45013896
0.0792342,-1.3392247,-0.7453033,-0.7943329,-0.2111897,-0.62217104,4.1367435,0.0708057,0.58830136,0.11098001,0.12305012,-0.44514033
0.08455331,-1.3333519,-0.73441595,-0.7859418,-0.22350803,-0.6171873,4.065844,0.083290175,0.08338487,0.11153756,0.12380308,-0.4395389
0.08711698,-1.3064388,-0.7208978,-0.7761943,-0.23250884,-0.6131558,4.0167046,0.08338782,0.10516256,0.11195451,0.12436483,-0.43584162
0.08942628,-1.2786324,-0.7127888,-0.7685405,-0.25903216,-0.6117404,3.9851878,0.08997831,0.43572605,0.11253512,0.12507017,-0.42880213
0.09155566,-1.2597238,-0.7025829,-0.7595466,-0.26166835,-0.6047688,3.9566767,0.08199045,0.07341927,0.11308497,0.125765,-0.42473927
0.09261915,-1.259061,-0.6909156,-0.7514806,-0.24768807,-0.5983565,3.8602543,0.06186286,0.2093119,0.11349146,0.12639804,-0.41781926
0.09510321,-1.2215033,-0.6874442,-0.7426218,-0.2614421,-0.5863402,3.8026435,0.075060286,0.28228256,0.113972664,0.12695211,-0.40787894
0.0954919,-1.2136198,-0.6624399,-0.7201318,-0.24342684,-0.57838434,3.76256,0.057155818,0.3327936,0.11445573,0.12761772,-0.40148267
0.09668686,-1.1750293,-0.65083367,-0.70369774,-0.24502622,-0.58391136,3.667866,0.061631773,0.43686914,0.1148724,0.12827662,-0.39875916
0.09842494,-1.1661563,-0.6481273,-0.7055051,-0.24278118,-0.5881663,3.6555707,0.06342546,0.11845261,0.11534955,0.12888464,-0.39378604
0.09812777,-1.1491913,-0.6474941,-0.69261545,-0.25692526,-0.5785668,3.6234272,0.057654407,0.4706331,0.115929544,0.12947291,-0.3868362
0.0998584,-1.1457378,-0.6351672,-0.6804712,-0.21039914,-0.57315457,3.5733814,0.07135365,0.32104498,0.116315365,0.130052,-0.3801171
0.09832022,-1.1211,-0.6240799,-0.66704077,-0.20431404,-0.5706394,3.545486,0.06793078,0.4751786,0.116707854,0.13068298,-0.37817386
0.09913562,-1.1029028,-0.6165857,-0.6669234,-0.20015761,-0.5662132,3.4816983,0.08003131,0.5571462,0.11708217,0.13129789,-0.37069634
0.1001454,-1.0975658,-0.6070149,-0.6527159,-0.22081019,-0.56579065,3.4301434,0.110425636,0.0026974082,0.1175719,0.13187544,-0.36469144
0.100765906,-1.084743,-0.59938014,-0.6427145,-0.21004087,-0.5574986,3.3731594,0.09406612,-0.012108505,0.118006416,0.13241754,-0.36124167
0.09761947,-1.064567,-0.58282685,-0.62565696,-0.19823337,-0.5459365,3.313048,0.08451007,0.12768671,0.11855969,0.1329787,-0.35543597
0.10041375,-1.0241272,-0.56925035,-0.628332,-0.20265795,-0.5393409,3.2501247,0.08301918,0.2532767,0.11888511,0.13356106,-0.3511472
0.100424565,-1.0147234,-0.56166863,-0.6179231,-0.2586409,-0.53110164,3.2031791,0.08231404,0.52381974,0.11928708,0.13415487,-0.34595636
0.101722196,-1.0042821,-0.5567912,-0.60668325,-0.24494031,-0.5163865,3.1581132,0.089478835,0.25639084,0.11966698,0.13474306,-0.3400275
0.102138735,-0.9698598,-0.5489084,-0.59673774,-0.22545473,-0.5085031,3.1357577,0.0817167,0.36632702,0.12017437,0.13527985,-0.3341836
0.117491916,-0.9748531,-0.5423636,-0.58471435,-0.22176884,-0.5036789,3.1107867,0.06943427,0.50476253,0.12063157,0.13576032,-0.3287332
0.109853365,-0.9587652,-0.5329522,-0.5685983,-0.20830815,-0.49421853,3.062759,0.058252838,0.4251184,0.121027336,0.13622423,-0.3243374
0.110059485,-0.94120145,-0.5241432,-0.5646627,-0.1802916,-0.48414022,2.994956,0.07219897,0.4365912,0.121396534,0.13670795,-0.3201037
0.1081982,-0.92577887,-0.52008843,-0.56151885,-0.19564326,-0.47344702,2.9380922,0.07223335,0.11472541,0.12163773,0.13721466,-0.31522626
0.10798594,-0.91680497,-0.50771207,-0.547547,-0.20633441,-0.4654831,2.8693378,0.06517553,0.2891432,0.12197637,0.13777994,-0.31030166
0.10749132,-0.89465815,-0.50202125,-0.53658193,-0.19533095,-0.46345195,2.7711704,0.06331569,0.46058667,0.1224548,0.13824458,-0.3074761
0.10804189,-0.8828157,-0.49647284,-0.5380263,-0.1757519,-0.46816546,2.7494397,0.08954272,0.61951447,0.122798316,0.13875711,-0.30226982
0.10685422,-0.8718374,-0.48875794,-0.5308857,-0.20191987,-0.46112615,2.6927562,0.07182571,0.2862426,0.123173736,0.13927536,-0.2990866
0.10754313,-0.8621585,-0.4854713,-0.52321935,-0.20341805,-0.4558746,2.6406007,0.08551977,0.48960122,0.12360534,0.13974458,-0.2962085
0.107743695,-0.86509377,-0.46913257,-0.52539796,-0.19510849,-0.45162216,2.60126,0.093355805,0.5804238,0.12392725,0.14029513,-0.28907123
0.10809996,-0.82595164,-0.46120527,-0.5061656,-0.24072981,-0.44506958,2.573044,0.07331353,0.16770548,0.12426576,0.14072275,-0.28501865
0.10784607,-0.81262994,-0.45156494,-0.489637,-0.20603599,-0.44458,2.54018,0.08453427,0.5074183,0.12471873,0.14122935,-0.28381
0.11258896,-0.8004107,-0.4505258,-0.49768516,-0.18471812,-0.4379902,2.4983048,0.09916796,0.6325062,0.12496403,0.14168975,-0.27906784
0.11045042,-0.80369043,-0.44362748,-0.48667213,-0.22352499,-0.4305432,2.4485714,0.08333345,0.33268046,0.12536177,0.1420718,-0.27332723
0.11038451,-0.7840368,-0.43305373,-0.4746241,-0.20459756,-0.42437613,2.415167,0.08795269,0.08900991,0.1257232,0.14251973,-0.26922527
0.110368855,-0.7480938,-0.4229665,-0.4699406,-0.21777329,-0.41910154,2.378713,0.11001362,0.39160517,0.12593648,0.14291921,-0.26368362
0.11187012,-0.74009544,-0.41693678,-0.45928994,-0.22338673,-0.41699198,2.3312073,0.0884947,0.775474,0.12625082,0.14339834,-0.25834692
0.11089311,-0.7358559,-0.4145472,-0.45708272,-0.19658099,-0.41027793,2.2689357,0.08997382,0.62557703,0.1265716,0.14377023,-0.252454
0.11131789,-0.73283255,-0.39782923,-0.441742,-0.20988643,-0.40384614,2.2368853,0.081385285,0.6487869,0.12687132,0.14415148,-0.25023633
0.12611537,-0.6858203,-0.3853992,-0.43231106,-0.20647879,-0.4043137,2.202532,0.08105364,0.67912513,0.12715977,0.14460869,-0.24577744
0.11839024,-0.66819793,-0.39208156,-0.42708305,-0.24084522,-0.39915496,2.164567,0.09168067,0.6180514,0.12746967,0.14499205,-0.24345993
0.09924574,-0.6860773,-0.3865152,-0.42380285,-0.1850471,-0.3950746,2.1353366,0.08667575,0.3053429,0.12776072,0.1454071,-0.23832099
0.10730629,-0.6672802,-0.3742087,-0.41894513,-0.18888418,-0.39007854,2.0684137,0.074430026,0.5039086,0.12810135,0.14576037,-0.2350822
0.107967876,-0.6553636,-0.37036565,-0.41579607,-0.20839542,-0.38361052,2.036675,0.09299068,0.53845626,0.12832952,0.1462337,-0.22938794
0.109110065,-0.63273877,-0.36175612,-0.3991067,-0.22842006,-0.37902835,2.0062938,0.08890215,0.38484037,0.12862296,0.14658964,-0.22516356
0.10972922,-0.6354438,-0.34900463,-0.39366534,-0.18949972,-0.35371518,1.9853067,0.079947695,0.47178715,0.12894687,0.14696121,-0.22055614
0.110632546,-0.6147476,-0.3445286,-0.38344553,-0.22435789,-0.34715405,1.883337,0.07644269,0.5055636,0.12915024,0.14733538,-0.21597391
0.11156062,-0.60056317,-0.33207625,-0.37627947,-0.19355093,-0.33933565,1.8371456,0.069607824,0.17291734,0.12946537,0.14766432,-0.21303086
0.11198426,-0.5651152,-0.32551524,-0.35899407,-0.20550187,-0.33384404,1.7970164,0.06964611,0.6031978,0.12975213,0.1480345,-0.2113372
0.11286403,-0.5603966,-0.32983896,-0.3631671,-0.17872141,-0.32734635,1.7577591,0.07334495,0.6568634,0.12998879,0.14838234,-0.20618755
0.112615004,-0.5767838,-0.32071698,-0.3608539,-0.17629339,-0.32302234,1.6607283,0.0747614,0.51154137,0.1302588,0.14875682,-0.20193848
0.13040748,-0.55001676,-0.3105835,-0.35111588,-0.19424419,-0.29874912,1.6464213,0.08412248,0.4939695,0.13056405,0.149187,-0.19641525
0.12200428,-0.5470199,-0.30413103,-0.33708197,-0.19584782,-0.29559335,1.5960779,0.08102912,0.9224348,0.1308094,0.14948799,-0.19178022
0.121525146,-0.52651346,-0.29254723,-0.33686918,-0.18941899,-0.29303342,1.5800233,0.067652985,0.8061956,0.13115391,0.14988866,-0.18719923
0.11965503,-0.5067848,-0.28556743,-0.3278688,-0.20687298,-0.2841803,1.5669057,0.06289069,0.46961564,0.13135883,0.15020563,-0.18670043
0.11816357,-0.48986673,-0.285264,-0.32057828,-0.20144986,-0.27855086,1.5703568,0.067555405,0.59113836,0.13164103,0.15053892,-0.18043722
0.116403766,-0.4953317,-0.28781977,-0.31250378,-0.17951863,-0.26973733,1.5342647,0.056515954,0.63079846,0.13189176,0.15090126,-0.17681178
0.11549175,-0.49579406,-0.27368212,-0.30367252,-0.15989244,-0.26513097,1.4904028,0.077471,0.71956044,0.13217317,0.1511845,-0.1713708
0.11504567,-0.45877156,-0.26757506,-0.29522994,-0.1651409,-0.25721714,1.4687264,0.070131764,0.7361934,0.13242882,0.15154524,-0.16836752
0.11941874,-0.46760005,-0.26299673,-0.28801218,-0.1611698,-0.25858638,1.4603232,0.07938028,0.42136878,0.13264135,0.15187445,-0.16476367
0.1171891,-0.45024046,-0.25657052,-0.28437316,-0.15123536,-0.25408742,1.4369571,0.066480026,0.73025954,0.1328596,0.15224884,-0.16181365
0.11741234,-0.43418312,-0.25338915,-0.2774152,-0.16012368,-0.25931582,1.343199,0.06394474,0.5435012,0.13316372,0.15250568,-0.15685335
0.11768119,-0.43923047,-0.24394372,-0.26695698,-0.14492649,-0.2537225,1.3237225,0.072089285,0.3399343,0.13339092,0.15287198,-0.15069298
0.12801863,-0.41746652,-0.2310099,-0.25657192,-0.1440524,-0.24853086,1.3036101,0.074356034,0.7294492,0.13350222,0.1531699,-0.14690416
0.12117961,-0.40224138,-0.22992547,-0.2527888,-0.14938478,-0.24206719,1.3053595,0.07689424,0.6661286,0.13380988,0.15347324,-0.14268918
0.12094488,-0.39948443,-0.22179483,-0.24511704,-0.13487753,-0.24180129,1.2646463,0.059506144,0.2848537,0.13403913,0.15372728,-0.1394671
0.11912484,-0.3804841,-0.2177182,-0.23517726,-0.14833505,-0.23604566,1.2377934,0.057425264,0.4165565,0.13423726,0.15397467,-0.13588636
0.11768102,-0.36708575,-0.21209852,-0.23883009,-0.13335258,-0.23275696,1.2212851,0.070570864,0.70935166,0.13440177,0.15425473,-0.12996626
0.09839733,-0.36817768,-0.20453459,-0.22119267,-0.14971462,-0.23579915,1.1821897,0.05527143,0.6004493,0.13461524,0.15453565,-0.12695178
0.108742625,-0.34781396,-0.1932588,-0.21637343,-0.1404154,-0.22827251,1.1497705,0.062781125,0.695071,0.13482535,0.15486339,-0.12513609
0.110008776,-0.33187318,-0.19515146,-0.20308542,-0.14206898,-0.22908182,1.0910293,0.08691281,0.04271561,0.13500345,0.15507182,-0.12003372
0.112376355,-0.34150237,-0.176321,-0.2043431,-0.09285487,-0.22143944,1.098599,0.06537607,0.2948255,0.135194,0.1553413,-0.116135396
0.11221975,-0.3045349,-0.17793171,-0.1967993,-0.18016891,-0.22884849,1.0880052,0.07560542,0.26760852,0.13539736,0.1556208,-0.10807651
0.113196746,-0.30528113,-0.15574792,-0.18227692,-0.13813445,-0.21390009,1.070916,0.088618554,0.5270847,0.13558426,0.15590143,-0.105958365
0.11402543,-0.26405486,-0.15064618,-0.17762227,-0.15204416,-0.21317528,1.0450385,0.10629009,0.5670991,0.13574879,0.15620719,-0.1007734
0.11409234,-0.24733244,-0.1545442,-0.16644338,-0.15754701,-0.20071061,1.0328013,0.100862026,0.3316862,0.1359946,0.15643273,-0.096446455
0.11393547,-0.26195756,-0.15185453,-0.160792,-0.11388128,-0.1971861,1.0060427,0.08726656,-0.11568755,0.13630554,0.15660447,-0.09365876
0.11412839,-0.25909227,-0.14878722,-0.1520666,-0.094968036,-0.19053191,0.99421006,0.068470806,0.41799355,0.1364214,0.15683025,-0.08529588
0.119287185,-0.24734147,-0.13476413,-0.14159623,-0.08536527,-0.18472956,0.90648586,0.06577346,0.04361084,0.13650185,0.15704288,-0.08257073
0.1184922,-0.22899392,-0.12870649,-0.13600384,-0.08447905,-0.18062492,0.8849205,0.079812884,-0.053966403,0.13661726,0.15725501,-0.07959077
0.11784659,-0.217404,-0.12303036,-0.13614987,-0.09730962,-0.18456423,0.8742575,0.07488488,0.18062645,0.13678414,0.15740801,-0.075545214
0.11800976,-0.2064874,-0.1132083,-0.121444374,-0.114928044,-0.1819559,0.8454724,0.07089611,0.052117467,0.13687089,0.15761547,-0.07217913
0.11775794,-0.18643084,-0.10237282,-0.11504344,-0.10193145,-0.17547266,0.8225274,0.08860165,0.37295762,0.13707107,0.15775529,-0.07144112
0.113625795,-0.16932188,-0.104008436,-0.11195232,-0.11543059,-0.17012428,0.80457884,0.08518193,0.5357434,0.13717592,0.1578935,-0.06795485
0.09676234,-0.17469022,-0.10146095,-0.10784331,-0.10022938,-0.16483003,0.8215248,0.08856411,0.098150015,0.13731652,0.15805146,-0.06476688
0.10458196,-0.16636191,-0.09862556,-0.10573179,-0.08933363,-0.15692288,0.8114681,0.08492391,0.49431598,0.13738278,0.15815571,-0.062616654
0.10481548,-0.16110012,-0.09805966,-0.09972236,-0.08170602,-0.15330327,0.79790723,0.08201583,0.10989684,0.13745247,0.15837649,-0.057434022
0.10759782,-0.16408671,-0.09108863,-0.09108429,-0.0813851,-0.1514832,0.79114676,0.09340149,0.28221697,0.13764891,0.15854758,-0.05299327
0.109398246,-0.14988485,-0.08701162,-0.08036525,-0.07693818,-0.14359511,0.77978975,0.110845655,-0.14555001,0.13772066,0.15869895,-0.05219728
0.11086826,-0.1440279,-0.08387462,-0.082831524,-0.05245456,-0.13917942,0.7581242,0.10134536,0.5565194,0.13787006,0.158831,-0.04843255
0.11279913,-0.13509509,-0.07671892,-0.075808674,-0.07515886,-0.13694747,0.7446209,0.08213228,0.520255,0.13792387,0.1590096,-0.048913654
0.11294586,-0.1181811,-0.07920642,-0.07629467,-0.06994192,-0.13845387,0.7244204,0.092944466,0.6730911,0.13809639,0.1592486,-0.046149395
0.11469533,-0.120347075,-0.07316897,-0.07219824,-0.08311157,-0.13595547,0.7127337,0.0957575,0.7351745,0.13817793,0.15947393,-0.04257367
0.116080694,-0.10201574,-0.06876677,-0.06478804,-0.06540638,-0.13059744,0.7063208,0.090857565,0.7756987,0.13834631,0.15959972,-0.04101003
0.09684985,-0.107948236,-0.06818609,-0.064123094,-0.06248474,-0.12880959,0.6999813,0.07585886,0.6074742,0.13856651,0.1598115,-0.03825171
0.10625991,-0.11982434,-0.0705978,-0.056394264,-0.06345525,-0.1266406,0.68540496,0.08596843,0.58840543,0.13872792,0.16005014,-0.031602204
0.10593618,-0.1090176,-0.055186428,-0.042719875,-0.029506387,-0.12121679,0.6645752,0.08008632,0.66481483,0.13876748,0.16009572,-0.028267331
0.10896282,-0.09162021,-0.05058406,-0.03990544,-0.033089027,-0.12019448,0.6410151,0.078994796,0.68262386,0.13889149,0.16027096,-0.027635796
0.09648873,-0.07751128,-0.04461692,-0.045338582,-0.04249002,-0.118063286,0.6372385,0.08992221,0.58744293,0.13910504,0.16048066,-0.025834003
0.10413653,-0.066962525,-0.047232937,-0.033251416,-0.10712069,-0.11215226,0.6310792,0.077945754,0.6589937,0.13915311,0.16060428,-0.022694143
0.10575105,-0.057009276,-0.040800445,-0.029780049,-0.043955564,-0.1160721,0.6267631,0.086850725,0.6614134,0.13917908,0.16067961,-0.021001441
0.10888002,-0.059558865,-0.03530068,-0.023941457,-0.038133662,-0.10895703,0.61767405,0.08231942,0.45141852,0.13944678,0.16090521,-0.017861256
0.109431274,-0.035295688,-0.041365698,-0.02061506,-0.04066569,-0.1047111,0.6071177,0.08193379,0.29434305,0.13941859,0.1610525,-0.016723908
0.11102837,-0.05777995,-0.037847146,-0.023703245,-0.013045268,-0.0994603,0.5915824,0.07483522,0.06821218,0.13954982,0.16116978,-0.012381729
0.11202132,-0.043945517,-0.025411472,-0.014028208,-0.047516845,-0.089356706,0.57924914,0.10478489,0.40523303,0.1397692,0.16123345,-0.012200935
0.11260408,-0.027384425,-0.02616006,-0.012886537,-0.04033824,-0.08744563,0.56913453,0.1022455,0.4389576,0.1397275,0.16134591,-0.00982345
0.11279584,-0.033023816,-0.025941124,-0.009448601,-0.03413324,-0.0801496,0.56043833,0.081722215,0.55865425,0.13990767,0.16149601,-0.0118195545
0.113488615,-0.03177015,-0.029679393,-0.007997315,-0.018187473,-0.07770958,0.5544432,0.114842966,0.547595,0.13992828,0.1616823,-0.009218899
0.1135567,-0.03922208,-0.0186451,-0.0054639396,-0.010983775,-0.06882036,0.5309184,0.10118042,0.42317772,0.1400288,0.16171354,-0.0071110483
0.11341643,-0.007205204,-0.018508783,-0.005143906,-0.03364867,-0.0626353,0.5129342,0.10281961,0.5756098,0.14024022,0.16182196,-0.00696206
0.13033226,-0.027226426,-0.020370483,-0.0013723628,-0.044828605,-0.069348566,0.517782,0.12566894,0.3259466,0.1401773,0.16191445,-0.0023994045
0.122724496,-0.015041312,-0.015801804,0.0020862692,-0.017620832,-0.06899245,0.50330067,0.10596558,0.4007456,0.14029606,0.16197863,0.004163346
0.121688776,-0.009779984,-0.00483192,0.021912385,-0.019047515,-0.07121588,0.4797909,0.10258476,0.42390046,0.14033781,0.1621424,0.005572288
0.12043702,0.0047039352,-0.0032226865,0.015970575,-0.013162885,-0.068810366,0.46019456,0.10258424,0.5518104,0.14028324,0.16226661,0.007134645
0.11464942,0.002498509,0.001994606,0.024555577,-0.01276041,-0.07369617,0.45466998,0.102526985,0.48805103,0.14055641,0.16233054,0.009645148
0.11718464,0.011383323,0.006137295,0.030714916,-0.0034531758,-0.07148094,0.44891748,0.09822583,0.64174074,0.14060448,0.1624154,0.011089667
0.1169788,0.028916325,0.0085478835,0.028833564,0.007401893,-0.06578374,0.4423745,0.095759094,0.5530969,0.14056087,0.16251059,0.01658944
0.11625595,0.029543733,0.013959687,0.04060154,-0.011862539,-0.06470725,0.4379647,0.096483074,0.018291235,0.14074016,0.16259106,0.019080175
0.11582405,0.032941084,0.024432672,0.045225397,0.005404677,-0.056120165,0.43307015,0.092088,0.4428744,0.14073125,0.16271646,0.023124076
0.11507708,0.06188252,0.024107592,0.05494615,-1.8404797e-05,-0.05137923,0.41636705,0.10272834,0.55078334,0.14079253,0.16281605,0.028646186
0.11556198,0.05228766,0.030788684,0.059883714,0.009124892,-0.0432238,0.36936203,0.11328203,0.31710804,0.14095165,0.16285968,0.034161456
0.116142206,0.068377815,0.04317286,0.072616845,0.034289267,-0.039382238,0.3777554,0.09305881,0.30937773,0.14097233,0.16294594,0.03235645
0.11538895,0.08428036,0.041195545,0.06590763,0.01837293,-0.035769522,0.37180674,0.09680573,0.20252463,0.14087203,0.16298006,0.03193515
0.11496417,0.086522095,0.034984335,0.07242244,-0.0010637011,-0.032222975,0.31861925,0.109744556,0.05097851,0.1409978,0.16304553,0.03444081
0.11533404,0.076685145,0.041610744,0.07733543,0.03653258,-0.022099152,0.32168952,0.11535207,-0.21135959,0.14099148,0.1630389,0.03686962
0.114586495,0.08856307,0.044624712,0.081215456,0.033237744,-0.023221556,0.34408793,0.103595935,0.4492449,0.14103197,0.16309065,0.03899467
0.115161605,0.093473,0.044597674,0.08340915,0.02757027,-0.015254577,0.32780603,0.116392,0.16423362,0.14115492,0.16311526,0.038393885
0.12345091,0.08888501,0.04737443,0.090323806,0.036559053,-0.011773543,0.31803122,0.1164411,0.54830635,0.14104676,0.16316819,0.04022965
0.11873722,0.094405636,0.044348277,0.07916998,0.054946084,-0.011593062,0.29902905,0.100439206,0.5868188,0.14115864,0.16325466,0.040938035
0.11825806,0.0960277,0.040565923,0.08139876,0.03175977,-0.009831433,0.3026677,0.09714092,0.2368792,0.14118716,0.1632458,0.03967892
0.12282466,0.088311784,0.04403843,0.08239779,0.03187075,-0.0072038337,0.30208623,0.09334511,0.7475505,0.14117607,0.16327038,0.04136912
0.11870203,0.09129097,0.046268973,0.08945587,0.040720027,-0.016504217,0.28129345,0.08910401,0.72544175,0.14127807,0.16337265,0.04072999
0.11923782,0.094997436,0.04061769,0.08699602,0.051006157,-0.016304791,0.2772432,0.091564745,1.0494138,0.1413261,0.16333252,0.040714394
0.13300343,0.08826561,0.04750535,0.082906924,0.053828508,-0.0061150985,0.27566308,0.085393034,0.92751217,0.14122121,0.16339917,0.045035914
0.1101259,0.097976975,0.058965083,0.09071743,0.022766002,-0.004174384,0.27201203,0.086328626,0.8629045,0.14121002,0.16342273,0.047692418
0.116716705,0.1183449,0.05796061,0.106451765,0.030274048,-0.006028874,0.27270618,0.091027655,0.82699555,0.14131026,0.16343772,0.049515765
0.11516153,0.11684639,0.060482074,0.1013369,0.07092149,0.0018417407,0.26218495,0.11137149,0.47313684,0.14130774,0.16348335,0.04774616
0.11460596,0.12068602,0.055363398,0.09284017,0.048645873,0.0029791396,0.28656855,0.09005371,0.64986485,0.14126274,0.16344063,0.046982378
0.11366883,0.11256768,0.05337819,0.096574284,0.029567305,0.006010097,0.29004347,0.12107474,0.52037346,0.14144844,0.16347218,0.0466415
0.12882683,0.108103864,0.054906417,0.09710765,0.054381758,0.009631521,0.32523397,0.0998703,0.32278758,0.14139001,0.16350888,0.048477646
0.121056534,0.11415455,0.059351742,0.09840971,0.057874672,0.008747425,0.32238406,0.08873144,0.50997186,0.1413687,0.16357577,0.04759244
0.11987032,0.11678387,0.051714774,0.098612815,0.051019244,0.014363567,0.3186152,0.08682596,0.51390505,0.14147143,0.16359474,0.04856872
0.11794128,0.09941002,0.048216045,0.09883198,0.07305457,0.018524725,0.32500103,0.07096477,0.4325232,0.1414053,0.16368793,0.049259566
0.121298306,0.094281,0.05161345,0.10458019,0.0852566,0.017813556,0.34431842,0.08309678,0.52675545,0.14160003,0.16374142,0.047677368
0.10845672,0.10579581,0.043892913,0.101332285,0.08556337,0.015356557,0.3176038,0.085149996,0.43820727,0.1415376,0.16382237,0.04786464
0.11332409,0.09261861,0.048454966,0.09703349,0.09670573,0.021425249,0.2970516,0.09101751,0.44434145,0.1416874,0.16388103,0.047614772
0.11302211,0.1016044,0.046837017,0.10232682,0.07280652,0.01936274,0.27286965,0.10075439,0.62783873,0.14165711,0.16395423,0.04440534
0.11374209,0.09539595,0.048935868,0.09167099,0.09451132,0.021939471,0.28113496,0.0957217,0.74586046,0.14170976,0.16406707,0.050429326
0.1273749,0.09639046,0.05000589,0.1010573,0.057223115,0.024824936,0.25718862,0.08770898,0.78889483,0.1418625,0.16413896,0.05088264
0.12061338,0.096598625,0.05828659,0.1029862,0.0750261,0.027717547,0.23305778,0.100704506,0.6713677,0.14181335,0.16424543,0.04993234
0.120832086,0.11907648,0.0550941,0.10370774,0.062238526,0.025767012,0.23264731,0.09505119,0.62499446,0.14183985,0.16425936,0.049550578
0.11681627,0.11412278,0.04733354,0.102351286,0.0706759,0.035050992,0.24328999,0.102675475,0.6730841,0.14198953,0.16431774,0.050394453
0.11654047,0.10339895,0.052854635,0.105853885,0.079300724,0.04014179,0.24200594,0.08972119,0.5449179,0.14195848,0.164406,0.051246125
0.11569228,0.110721774,0.053276554,0.10300415,0.08522893,0.034439396,0.22481306,0.08960379,0.58598524,0.14207968,0.16446273,0.049500648
0.115271665,0.10986062,0.0517634,0.098018125,0.075304136,0.034627482,0.18167613,0.07828303,0.7370412,0.14216569,0.16453817,0.04994431
0.11130956,0.11554636,0.060256146,0.09822551,0.05390834,0.0312105,0.18045017,0.071348056,0.30222827,0.14217307,0.16460486,0.051188074
0.10880624,0.12853774,0.05714776,0.10209279,0.016795946,0.033334043,0.13002741,0.07733084,0.51331705,0.1422614,0.16465144,0.05274367
0.10744561,0.11461805,0.065185234,0.1076413,0.061767146,0.030228987,0.11997002,0.09439556,0.7021786,0.14219648,0.16467778,0.051224984
0.110663414,0.12533922,0.06314988,0.10148577,0.05485851,0.02905863,0.08871718,0.07439111,0.66415226,0.14235148,0.16470721,0.04958808
0.11072778,0.12294121,0.06272644,0.0979874,0.025213055,0.03205985,0.11622209,0.10431664,0.068945765,0.14235047,0.16473259,0.048222896
0.111397155,0.1269515,0.06038857,0.103764474,0.033825383,0.0344148,0.15381873,0.08569731,0.46997795,0.1422538,0.1647533,0.0500318
0.111180946,0.11966912,0.058915563,0.09973006,0.060548656,0.030361049,0.15837952,0.07210404,-0.068954885,0.14233167,0.16476998,0.053152345
0.11650282,0.12736225,0.060584426,0.10706955,0.05527141,0.03152082,0.15627493,0.067631125,0.20812035,0.1422913,0.16471459,0.05997246
0.114706606,0.122295134,0.07330904,0.12088195,0.071867764,0.031435773,0.13850933,0.07690306,0.3781842,0.14234507,0.1647297,0.059234228
0.11502754,0.14862086,0.07148533,0.11766105,0.06115505,0.031337,0.12782581,0.090844244,0.56373626,0.14238147,0.16477822,0.05899487
0.114123195,0.142747,0.07221876,0.116786666,0.05333752,0.029577421,0.1182994,0.09983553,0.47358903,0.14229329,0.16478337,0.056965727
0.11387338,0.14383787,0.07121491,0.11889439,0.05441155,0.027361566,0.113421515,0.099600144,0.9802863,0.14228967,0.16485333,0.05883602
0.1130441,0.13201602,0.066824436,0.11293776,0.07121185,0.035386026,0.117950946,0.09912682,0.50354713,0.14230573,0.164919,0.057526615
0.114212155,0.12635024,0.069636956,0.11173324,0.07164865,0.03775941,0.119788654,0.09361408,0.6273271,0.14239173,0.16498704,0.056706164
0.11389305,0.13555434,0.06407353,0.11147094,0.048420884,0.03459769,0.121839285,0.102646865,0.49986145,0.14246629,0.16497926,0.05771161
0.113759845,0.13206713,0.06975516,0.11479633,0.057097517,0.032908227,0.10822484,0.09567048,0.39443696,0.14246517,0.16502695,0.059235442
0.110514894,0.14055075,0.07076031,0.11570954,0.061733045,0.03166762,0.10376533,0.09348011,0.25539407,0.14252867,0.16502593,0.0614368
0.11158946,0.1445753,0.07579817,0.13255748,0.05079133,0.033147592,0.07525939,0.098269,0.52994466,0.14258799,0.16509713,0.06244387
0.11220936,0.15312025,0.09051871,0.122519955,0.09987365,0.034979623,0.08400731,0.09012681,0.2614921,0.14253157,0.16516042,0.063674
0.11299334,0.18866998,0.08049823,0.122371815,0.013955213,0.03420048,0.06592336,0.08449511,0.36033085,0.14264175,0.1652089,0.065625
0.11816741,0.15846026,0.09448691,0.13040571,0.04810014,0.03388624,0.079569906,0.09272286,0.550582,0.1425737,0.16521059,0.06671661
0.11543011,0.18015388,0.08729817,0.13309473,0.036216635,0.03513182,0.0841493,0.10645646,0.5346598,0.1427393,0.1653055,0.064683236
0.11582063,0.16450651,0.084744945,0.12696351,0.061963886,0.034910318,0.09170443,0.09274335,0.7337225,0.14274034,0.16528001,0.067427754
0.1134636,0.16675329,0.086265825,0.13485426,0.044157173,0.039352585,0.105753385,0.1211088,0.40362245,0.14266539,0.1653292,0.06757001
0.11379544,0.16458502,0.08663538,0.12901771,0.054267198,0.04269234,0.10816238,0.10477521,0.57445085,0.14274298,0.16536605,0.06757921
0.113261715,0.16847146,0.077394806,0.13206151,0.057796862,0.0386092,0.11312336,0.093504235,0.44881472,0.1427501,0.16543686,0.06962846
0.11383623,0.15017891,0.0841904,0.13296786,0.09084411,0.040777158,0.11388707,0.11515725,0.26017973,0.14287382,0.16553645,0.06823972
0.113703415,0.16001682,0.086439975,0.13587478,0.05369917,0.049332015,0.11010151,0.12161872,0.0527668,0.14288919,0.16551806,0.06937413
0.11459067,0.16425186,0.082320385,0.13882396,0.07496331,0.053488266,0.09282682,0.09379318,0.36956254,0.14286914,0.16553819,0.06867275
0.113671124,0.15107335,0.08462554,0.13524476,0.10269522,0.0515571,0.10198343,0.090767026,0.61818826,0.1429382,0.16562256,0.07069619
0.112669714,0.16995205,0.0822298,0.14093687,0.07871754,0.050899167,0.100646846,0.09277882,0.75310206,0.14297111,0.16558322,0.07214406
0.112967886,0.16685174,0.08580213,0.13996625,0.10084085,0.050302997,0.09444192,0.07948351,0.26750082,0.14296426,0.16557515,0.07021452
0.11229102,0.17272544,0.08336815,0.13728632,0.08831654,0.04994629,0.07749046,0.08153221,0.22397113,0.14294486,0.16561401,0.07519653
0.11267334,0.16491546,0.093462825,0.15065724,0.081165306,0.052124094,0.059001062,0.07925914,0.57914144,0.14298266,0.16560179,0.07988761
0.11244812,0.17522205,0.10104312,0.15528025,0.117558874,0.049863312,0.061511803,0.09963414,0.30947584,0.14299431,0.16558763,0.07700761
0.11329599,0.19095087,0.09876889,0.14985201,0.098522626,0.049255993,0.06321994,0.09255727,0.07427013,0.14297225,0.16555998,0.08214896
0.11346294,0.19049317,0.10379329,0.15938991,0.06892462,0.052264042,0.1029758,0.10265634,0.10129756,0.14301825,0.16555077,0.08464903
0.11255505,0.2097952,0.110009134,0.1587324,0.08382516,0.044924933,0.13869983,0.104739875,0.23689736,0.1428126,0.1655221,0.08545881
0.12417677,0.20227781,0.1038696,0.1701381,0.069658786,0.043818492,0.12959877,0.0873899,0.28435892,0.14287277,0.16552639,0.085170746
0.11786371,0.20036784,0.10854031,0.16455153,0.10733917,0.043484367,0.1668485,0.09804318,0.4891544,0.1429585,0.16548735,0.08754542
0.11790603,0.20503208,0.106215045,0.16975524,0.09259699,0.040116623,0.16135906,0.10041445,0.42803138,0.1429812,0.16549572,0.0893719
0.1014024,0.20380057,0.10976605,0.17377022,0.11683857,0.042489454,0.14388609,0.10222364,0.89890975,0.1428857,0.1655246,0.09189145
0.10943571,0.20911747,0.11212961,0.17306255,0.11857198,0.04728892,0.13933854,0.101146206,0.5321308,0.14286427,0.16546142,0.0918005
0.10790862,0.20885664,0.11675775,0.17377934,0.109381974,0.046335235,0.12259159,0.118072346,1.0355741,0.1428587,0.16543612,0.087646484
0.11035477,0.22402284,0.10983359,0.17273231,0.10325071,0.04618613,0.16826832,0.12658146,0.53247386,0.1428037,0.16548952,0.08842362
0.11011108,0.20813671,0.114394054,0.17435642,0.11832333,0.048475035,0.15460685,0.13443336,0.36277735,0.1428485,0.16553782,0.08474841
0.109939694,0.22288638,0.10296129,0.15957946,0.109885894,0.04493822,0.15957578,0.120462134,0.49860638,0.1427651,0.16545609,0.0829838
0.11028367,0.19770506,0.0939332,0.1632631,0.08781789,0.05201693,0.16020298,0.118595794,0.5911829,0.14298758,0.16543834,0.084385574
0.1104016,0.16825171,0.101760104,0.1597463,0.135358,0.05542548,0.16086206,0.10235578,0.643983,0.14281827,0.16540906,0.08520049
0.11070706,0.19529545,0.10031832,0.16510816,0.092902094,0.056159895,0.15672025,0.10198794,0.71900356,0.14286396,0.16538946,0.08606425
0.11041508,0.20182769,0.10442101,0.1617946,0.13868779,0.053966638,0.12938984,0.09872298,0.6011195,0.14279494,0.16538386,0.08695731
0.11142879,0.20454484,0.10566899,0.16962522,0.103498735,0.05552298,0.12818417,0.09953678,0.19726211,0.14278987,0.16545981,0.08666056
0.11086148,0.20305929,0.11014281,0.1694253,0.12551053,0.05069838,0.1167011,0.0990808,0.51016605,0.14278537,0.16542476,0.08926653
0.1174651,0.20930873,0.11012126,0.17244351,0.10018353,0.049735993,0.06854358,0.092208005,0.5821378,0.14283332,0.1654572,0.086882494
0.11535163,0.21202938,0.11350198,0.16988143,0.098312825,0.05703181,0.06426074,0.09832465,0.8300128,0.14280307,0.16540137,0.08414094
0.11507708,0.21951504,0.11191745,0.16531801,0.121295184,0.058982432,0.05982972,0.103226855,0.59362906,0.14276944,0.16540903,0.08332029
0.114983365,0.21295951,0.10341376,0.16413574,0.088179186,0.060301293,0.06602633,0.11244431,0.72270226,0.14276117,0.16543579,0.08185195
0.11908732,0.19547886,0.104332745,0.15755352,0.1093851,0.062162198,0.07090567,0.11128733,0.7088012,0.14276513,0.16541263,0.07964504
0.11705374,0.21463318,0.108265236,0.14975381,0.091523945,0.063167304,0.081225306,0.10624748,0.9170761,0.14279446,0.16536193,0.08050411
0.1208812,0.20374772,0.102031134,0.16020615,0.03449717,0.066528685,0.084406815,0.10757384,0.8464019,0.1427933,0.16542122,0.0829518
0.11758604,0.19713408,0.10781734,0.1613188,0.09436035,0.06944025,0.09324847,0.109418556,0.76969063,0.14278127,0.16546342,0.08262781
0.117100164,0.21374893,0.10077437,0.15514323,0.09507316,0.07103978,0.078422844,0.113889635,0.38528675,0.14274113,0.16547778,0.0826668
0.11700718,0.18834077,0.10032185,0.15957245,0.08961726,0.07050943,0.06919952,0.109343596,-0.01720649,0.14285965,0.16543409,0.08365911
0.11587795,0.19389464,0.11032648,0.16086702,0.08953839,0.070739456,0.070374176,0.11684324,0.35400522,0.14284165,0.16542296,0.08442269
0.115151584,0.2110876,0.101531886,0.16467121,0.074040495,0.07021754,0.077588014,0.11625196,0.51697993,0.14277205,0.16533117,0.08203838
0.11495152,0.19141904,0.10137112,0.15422228,0.09919161,0.0757747,0.07957502,0.122181274,0.8017686,0.14283626,0.16533081,0.083338566
0.11432678,0.1983723,0.10059745,0.15954046,0.08701374,0.076904625,0.10884623,0.10971055,0.43112493,0.14267904,0.16536534,0.08031899
0.11282885,0.1947644,0.09562763,0.15877758,0.107647456,0.07786223,0.13207106,0.09488432,0.47958764,0.14265811,0.16537528,0.07896475
0.113189355,0.18073407,0.08380866,0.15523008,0.11932461,0.078698024,0.1318364,0.09152267,0.10616267,0.14284672,0.16535197,0.080333926
0.1118853,0.18061496,0.091344774,0.15423779,0.14414372,0.079979435,0.124939635,0.07738502,0.09821728,0.14284879,0.16531967,0.08101919
0.11173633,0.19026889,0.08853916,0.15964785,0.114776954,0.076907225,0.143598,0.06916548,0.21831515,0.14277418,0.16530618,0.08021913
0.11138715,0.18028633,0.08445263,0.15695198,0.12992027,0.07738628,0.110162355,0.083645366,0.4855348,0.14279512,0.16531457,0.079337716
0.11221462,0.16858573,0.09000188,0.16076596,0.14483397,0.077136,0.092258334,0.08015749,0.89236045,0.14273156,0.16535269,0.07613461
0.112605944,0.17223589,0.08790104,0.14570087,0.13640802,0.080977075,0.061943993,0.09477788,0.60071737,0.14275403,0.1653628,0.07515214
0.10876465,0.16823734,0.08576484,0.1467519,0.10219728,0.07720318,0.062417753,0.1135494,0.33550525,0.14279023,0.16534993,0.07970071
0.11005022,0.16505398,0.09296185,0.1566123,0.10163595,0.07438993,0.041821364,0.10493865,0.5212069,0.14272924,0.16531855,0.08069396
0.1067684,0.18221718,0.098520644,0.15732098,0.11851889,0.06957796,0.0469924,0.12926549,0.62744033,0.14275369,0.16527125,0.07960381
0.10885552,0.18945405,0.09675504,0.15508164,0.10800899,0.07000678,0.060628742,0.108567044,0.3340497,0.14271384,0.16529652,0.081164815
0.10890036,0.18747294,0.099042974,0.15892707,0.102947585,0.06699111,0.06450413,0.0950208,0.21130434,0.14265993,0.16524187,0.0817126
0.10925989,0.1915995,0.09769757,0.15820926,0.10614903,0.060572464,0.059436772,0.091959804,0.34362182,0.14264865,0.16525425,0.07839192
0.11093206,0.19327508,0.097268835,0.16165856,0.10770752,0.061255276,0.050529502,0.110605046,0.51218665,0.14273721,0.16531652,0.078987755
0.11155605,0.19334792,0.097993135,0.15589131,0.10409469,0.062172685,0.036530565,0.10175095,0.4659713,0.14259173,0.16526665,0.08059478
0.1123915,0.1835067,0.0978394,0.16047621,0.09419066,0.06343949,0.06358586,0.10723994,0.2573143,0.14272371,0.16530444,0.080892175
0.112193465,0.18577863,0.10278518,0.15548518,0.1143029,0.06474827,0.07986133,0.12380594,0.81712157,0.14268486,0.1652698,0.07950689
0.123912685,0.19717725,0.101014994,0.16003156,0.087852724,0.06442894,0.08440305,0.10346574,0.77092123,0.14271419,0.16535756,0.083591975
0.118356384,0.19431405,0.10122002,0.1686464,0.10294872,0.06631696,0.09004407,0.09847273,0.38317007,0.1427127,0.16534269,0.08373279
0.11730169,0.19692858,0.10001725,0.16256471,0.13414994,0.062407862,0.0960369,0.0980035,0.646714,0.14274672,0.16537298,0.084045775
0.11614214,0.1969825,0.10423816,0.16045357,0.1156401,0.055772267,0.073949486,0.09250009,0.4846581,0.14267863,0.16543174,0.08422789
0.11671552,0.20320223,0.105069526,0.16929547,0.097437866,0.05583119,0.07860869,0.09947257,0.24537492,0.14278713,0.16537112,0.08316125
0.11475383,0.20028788,0.10427595,0.15977894,0.12098084,0.05208443,0.0803398,0.104578465,0.25777352,0.14280829,0.16541134,0.085351065
0.114902616,0.20095767,0.112044685,0.17209631,0.1127546,0.060058508,0.07524831,0.10039389,0.0076871812,0.14283547,0.16540784,0.083638586
0.11376758,0.21487169,0.105056874,0.16120517,0.1030958,0.058984816,0.0530832,0.10519515,0.286067,0.1428139,0.16536424,0.08161475
0.113262944,0.20017275,0.102481805,0.1597986,0.09344163,0.058696788,0.041947264,0.10791593,0.51328117,0.1427821,0.16540681,0.07975986
0.11352775,0.20008382,0.10170314,0.15419926,0.0778866,0.06560831,0.042933643,0.11734319,0.580937,0.14278905,0.16535826,0.07804457
0.11351755,0.20634577,0.100866534,0.16070865,0.067629084,0.071011625,0.034504995,0.107638106,0.19526279,0.14281875,0.16530687,0.07857166
0.11389801,0.19536565,0.09903494,0.15536095,0.11185058,0.07204902,0.026766324,0.09843669,0.5102115,0.14274457,0.16531625,0.08027606
0.11361123,0.18996057,0.099613465,0.16332528,0.09960038,0.06929463,0.03627575,0.10950205,0.64907956,0.14269468,0.16537727,0.08475176
0.112738766,0.19230618,0.102617465,0.16520154,0.11791967,0.06002197,0.029522486,0.09412121,0.6103797,0.14272758,0.16531423,0.0889673
0.113401845,0.19973406,0.11183808,0.17150396,0.11476154,0.0492271,0.036374915,0.0852391,0.5064783,0.14268805,0.16523378,0.087095104
0.11302353,0.21255486,0.10915328,0.16880624,0.10623091,0.05331911,0.010780277,0.10692273,0.2812084,0.1427774,0.16521354,0.08790965
0.11363684,0.20071787,0.11915406,0.16395529,0.11202885,0.051884323,0.022165451,0.11182269,0.534152,0.14256193,0.16520499,0.08930332
0.11410901,0.2341394,0.11583946,0.17631951,0.07058314,0.05322996,0.027996983,0.112923734,0.4489857,0.14261298,0.16527216,0.08539667
0.113947295,0.21922885,0.120096944,0.16447772,0.10609591,0.056238152,0.013490936,0.10672288,0.04303965,0.14262906,0.1652534,0.085790634
0.11326568,0.24210277,0.11756555,0.16938607,0.062191322,0.05017702,0.03895036,0.094295114,0.18299037,0.14263168,0.16524206,0.08623909
0.11425737,0.22415823,0.114537954,0.16631491,0.08462981,0.0470807,0.049634263,0.1066323,0.12373984,0.14271797,0.16513312,0.08872627
0.11366322,0.20753223,0.11465174,0.17294139,0.07261914,0.054345474,0.04169877,0.10416133,0.45546812,0.14262733,0.16506973,0.09077259
0.112997726,0.2141468,0.12296548,0.17350157,0.10491825,0.049192835,0.035967954,0.09234945,0.24754268,0.14259635,0.16505222,0.09155077
0.11303051,0.23155724,0.11646125,0.17342031,0.08489951,0.052730653,0.04198339,0.08310477,0.048564643,0.14252546,0.16507103,0.09420083
0.112660676,0.21710044,0.12315202,0.18099527,0.098100536,0.063877925,0.0027539767,0.09676293,0.30980343,0.14252906,0.16502245,0.09392614
0.11291425,0.23759185,0.119139746,0.18157607,0.106837206,0.062413093,0.00356272,0.089020684,0.15555772,0.14254938,0.16498373,0.09251639
0.112929955,0.23103005,0.12308799,0.18006301,0.11781471,0.06542022,0.011692901,0.09218468,0.3037224,0.14252487,0.16496725,0.09381738
0.11313103,0.2336671,0.12062798,0.17992738,0.09691134,0.074254274,-0.01239858,0.07847126,0.69266164,0.14240101,0.1649562,0.09448708
0.10993305,0.22594076,0.11860447,0.19124241,0.083820164,0.07676732,-0.022964727,0.099858485,0.31023604,0.14242241,0.16495273,0.09540825
0.11276183,0.22809726,0.12326234,0.18744928,0.13900536,0.081229694,0.010431826,0.09037203,0.057350606,0.14248514,0.16494322,0.09624466
0.11152431,0.2263739,0.12042008,0.18698466,0.12169342,0.0830721,0.005213958,0.09119981,0.19020529,0.14242479,0.16491677,0.09938648
0.1082368,0.23001158,0.12502997,0.18995512,0.12634806,0.08176269,-0.003915821,0.111726135,0.41002688,0.14230174,0.16492637,0.09937503
0.1102327,0.23741208,0.12866938,0.18700592,0.12189199,0.07354647,0.008058642,0.10002451,0.39318228,0.14241974,0.16487569,0.09854131
0.12474685,0.2337766,0.11849785,0.18844064,0.11211924,0.073462114,0.015460437,0.10368267,0.2467488,0.14237499,0.16490005,0.0990387
0.12661429,0.22586899,0.12617052,0.18401232,0.14051896,0.08079318,0.01174411,0.111712076,0.33619168,0.14227237,0.16488577,0.097975485
0.123291776,0.23830594,0.11963116,0.19066937,0.09134386,0.07992126,0.033541538,0.1067037,0.0014244616,0.14239082,0.16492818,0.099999025
0.10696475,0.24129681,0.12660214,0.18630682,0.13613212,0.07780209,0.04619125,0.100947164,0.6242415,0.14244935,0.16489103,0.09996894
0.11257983,0.23813343,0.12732638,0.19171071,0.10480097,0.084866926,0.045551572,0.09456058,0.7224613,0.14243121,0.16492838,0.103907906
0.11084274,0.24727665,0.13310136,0.1979333,0.11945644,0.082716316,0.05455024,0.084177315,0.5604749,0.14239901,0.16494495,0.100396454
0.11170521,0.24928364,0.12536906,0.18797043,0.120936364,0.08106489,0.06533354,0.08731076,0.81039476,0.14241031,0.16485558,0.1008955
0.11084351,0.24050283,0.12283348,0.19003107,0.112466104,0.081656314,0.072195105,0.09328657,0.66382813,0.14238434,0.16484872,0.09851637
0.11087615,0.23968443,0.121489435,0.18619424,0.12943524,0.08078535,0.0753453,0.0978028,0.703191,0.14235777,0.1648131,0.097865544
0.11099699,0.22869718,0.11687246,0.18880871,0.099679515,0.085158214,0.07608992,0.09860292,0.6632661,0.1423769,0.16482635,0.09930453
0.111024134,0.22405978,0.124487504,0.19015662,0.14458069,0.08334971,0.087344445,0.095424674,0.52330506,0.1422699,0.1648082,0.09559937
0.11043978,0.23557548,0.122872196,0.1835093,0.09459253,0.0793317,0.09147995,0.08973405,0.6565394,0.142408,0.16482101,0.09244535
0.11104722,0.2319066,0.110385455,0.17688274,0.09816806,0.07989102,0.073764354,0.09456077,0.5946805,0.14229229,0.16487762,0.093914345
0.11135852,0.21099657,0.1160623,0.18111557,0.11905694,0.08397641,0.07722864,0.08402838,0.98528194,0.14234525,0.16487274,0.093682565
0.11129593,0.22240548,0.11081926,0.18076427,0.13002615,0.07737611,0.07516574,0.102410816,0.6733947,0.14235374,0.16486873,0.09738113
0.11087973,0.21020164,0.1190216,0.18001623,0.14036435,0.08368506,0.080342025,0.089166366,0.76020795,0.14244886,0.16486847,0.095877364
0.11068148,0.22594562,0.12300248,0.1806023,0.11308195,0.077906415,0.10265058,0.08752541,0.2755226,0.1422773,0.16485974,0.10062736
0.11062178,0.23002833,0.12305832,0.197833,0.1000333,0.0791395,0.12450091,0.0932797,0.1005795,0.14243807,0.16483596,0.10264519
0.11101046,0.23342866,0.12576695,0.19918273,0.15124373,0.07945068,0.089344874,0.08938426,0.45226812,0.14236884,0.16476601,0.10297336
0.12670927,0.23151216,0.12734716,0.19569555,0.15249813,0.07932017,0.077532224,0.08459157,0.615755,0.1423174,0.16475035,0.102489196
0.11950551,0.2439009,0.12314583,0.19563185,0.1581522,0.07678941,0.07885418,0.104107484,0.6503081,0.14225712,0.16477503,0.10293972
0.11872615,0.2265425,0.1283695,0.19671726,0.14263783,0.08111022,0.07334121,0.088005885,0.5257817,0.14225386,0.16474578,0.103336126
0.11693057,0.24072304,0.12678704,0.20119223,0.13359892,0.084521785,0.05698944,0.093142286,0.158845,0.14236245,0.16467997,0.10390766
0.11712255,0.24095303,0.12585764,0.19963211,0.15467435,0.08641794,0.061265133,0.09849099,0.10658771,0.14220573,0.16466704,0.10087656
0.115592025,0.23410556,0.12432624,0.19276457,0.15035754,0.0853095,0.018602945,0.09417619,0.39428446,0.14223087,0.16464132,0.10037052
0.115881175,0.23012196,0.13181518,0.19259572,0.10188483,0.08736582,0.030082978,0.11290078,0.51385057,0.14227079,0.16467834,0.10079243
0.10347722,0.24130967,0.13422589,0.19155934,0.1109531,0.08457958,-0.00628395,0.102039576,0.29692876,0.14224517,0.16466825,0.10316566
0.10969893,0.24582417,0.13241237,0.19858404,0.09673132,0.086507894,-0.01219592,0.10178664,0.70838255,0.1422543,0.16460787,0.10439445
0.109423585,0.25003004,0.14026925,0.19469231,0.12755533,0.091023214,-0.00023163157,0.09503162,0.6532381,0.14217962,0.16457379,0.103889756
0.10934452,0.25958088,0.12733547,0.19699731,0.087798975,0.095869236,0.011996363,0.110183075,0.24487945,0.14212319,0.16460142,0.103123404
0.10912849,0.2383492,0.13987505,0.19981594,0.12884654,0.094408914,0.024918381,0.11611307,0.5576116,0.14213248,0.1645931,0.10406939
0.11125456,0.25959197,0.13358898,0.1922883,0.104054116,0.096489705,0.041782685,0.11118758,0.30215636,0.14210483,0.164532,0.10271084
0.110272974,0.24678135,0.12747353,0.19155106,0.07141918,0.09972034,0.053516764,0.10233184,0.5347075,0.14211813,0.16454472,0.10035991
0.11025672,0.23933385,0.12450597,0.1909437,0.11831838,0.103990726,0.040992394,0.09243408,0.6142933,0.14217398,0.16450591,0.09755889
0.10997422,0.24249186,0.11569029,0.18413486,0.115288794,0.101006225,0.036334265,0.07673869,0.5203582,0.14214715,0.1644929,0.09895995
0.11019396,0.22403099,0.11686111,0.18984924,0.12950975,0.09800989,0.03701627,0.10417956,0.6495195,0.14205283,0.16449724,0.09856176
0.10995615,0.21376549,0.11780992,0.18958189,0.1374181,0.100438625,0.04388809,0.08052936,0.4338187,0.1421315,0.16448653,0.09774441
0.11003726,0.2397679,0.118507616,0.18790925,0.13837191,0.09962605,0.05181711,0.088532716,0.38181764,0.14201777,0.16444033,0.09937998
0.110527426,0.24296404,0.11948698,0.19177282,0.123604655,0.09839234,0.028142547,0.0940974,0.5926906,0.14204977,0.16441345,0.09987662
0.1227249,0.22873707,0.12258459,0.19983268,0.13145152,0.09633379,0.040886637,0.11411694,0.32951754,0.14196202,0.16442776,0.10038856
0.11616141,0.2275902,0.12204415,0.19311808,0.15381123,0.09188549,0.041252036,0.10740871,0.5947917,0.14199804,0.16436583,0.10134507
0.12145078,0.23231608,0.13302302,0.1925017,0.14778298,0.08877242,0.050926294,0.10671626,0.50720197,0.14189547,0.16434787,0.10561243
0.1175133,0.24294597,0.12810752,0.20235924,0.09933443,0.08419086,0.057910834,0.0934363,0.6838553,0.14204307,0.16432437,0.10585153
0.10296043,0.24027205,0.13556494,0.19923902,0.1676211,0.0893547,0.023244545,0.098257184,0.79360676,0.14201264,0.16432673,0.10314192
0.114030026,0.24767934,0.13211547,0.1968863,0.12163204,0.09288114,0.027012097,0.09061786,0.5994785,0.14195003,0.16426294,0.10331956
0.110293604,0.24204816,0.12820922,0.20599075,0.12826873,0.09425596,0.017660368,0.09816718,0.33751637,0.14188376,0.16431913,0.103727095
0.112071164,0.23253037,0.12691212,0.19938529,0.16245866,0.09002715,0.009602587,0.099322684,0.5234105,0.14196262,0.1643286,0.10818451
0.11193235,0.23127277,0.13335797,0.2057336,0.13006647,0.0971169,-0.002692487,0.093201354,0.39196712,0.1419183,0.16431415,0.10877879
0.11225585,0.25280908,0.12884766,0.20565915,0.14838335,0.09617187,0.010863741,0.097723246,0.5324088,0.14190182,0.16425036,0.11038028
0.112180665,0.24844557,0.13710369,0.20772392,0.15626496,0.09911837,0.022246901,0.08255718,0.30465555,0.14191863,0.16418475,0.11062014
0.111095,0.25884786,0.13817994,0.21217074,0.11708262,0.10257885,0.020690857,0.108162604,0.21993902,0.14187372,0.16420059,0.1103666
0.112257354,0.25879505,0.13997905,0.20736289,0.14083052,0.09421404,0.022277739,0.09853244,0.48358935,0.14182767,0.16414335,0.109515704
0.11226418,0.2654528,0.13337891,0.20790455,0.1417101,0.09778648,0.018339813,0.08465482,0.7753887,0.14188221,0.16404253,0.1082965
0.11240814,0.2502295,0.13460617,0.2047343,0.14846094,0.09953517,-0.001503164,0.09693607,0.7349744,0.14179514,0.1639983,0.10471419
0.10541512,0.2568041,0.13029695,0.19827972,0.1369534,0.0979976,-0.0029364624,0.09912485,0.7108692,0.14168945,0.16400148,0.10022606
0.10906122,0.23835668,0.124001764,0.19367155,0.1366554,0.09593092,0.010761632,0.10715527,0.76425874,0.14164972,0.16400608,0.10020667
0.11031938,0.23680258,0.1184879,0.19973554,0.1427253,0.08882943,0.00827273,0.11183158,0.19380972,0.1417253,0.16400172,0.1003937
0.11076802,0.2372195,0.12275843,0.19343467,0.1620871,0.08685865,0.009496145,0.10797977,0.71374774,0.14176011,0.16403387,0.1012111
0.11108195,0.23359296,0.12536633,0.19340914,0.13791756,0.08311954,0.020558378,0.11707886,0.7168767,0.14169773,0.16405281,0.0985167
0.110514596,0.24240205,0.11544914,0.18608753,0.13087812,0.08056827,0.0446141,0.13514924,0.7171523,0.14162755,0.16402145,0.09881216
0.11009262,0.22093225,0.12261166,0.19762516,0.13120049,0.08576396,0.06917737,0.10963388,0.768314,0.14168614,0.16397892,0.096434504
0.121680334,0.22587276,0.11477766,0.18334371,0.13769612,0.09024013,0.0648773,0.11351525,0.6071035,0.14174098,0.16393848,0.09616302
0.11655425,0.21984743,0.114875674,0.17934655,0.12873356,0.090571985,0.0757917,0.1099369,0.72289515,0.14164884,0.16392314,0.09763304
0.11556047,0.21638061,0.116593614,0.18631949,0.114940666,0.09298019,0.08015494,0.11942249,0.11248803,0.14166036,0.16388927,0.096962154
0.114471994,0.21864831,0.11649615,0.18747583,0.1384478,0.09368428,0.090311125,0.1132111,0.15495706,0.14170337,0.16381589,0.096351445
0.11386877,0.22284228,0.11448906,0.18355253,0.12982379,0.09464485,0.08593985,0.096004054,0.58192664,0.1415971,0.16386278,0.09343361
0.11423326,0.21932055,0.10985148,0.18961884,0.12806763,0.09385283,0.09302275,0.09138234,0.30443743,0.14152235,0.16387028,0.090586714
0.11231868,0.20991196,0.10624512,0.17733984,0.1604979,0.09914336,0.07532332,0.09011999,0.08322045,0.14158191,0.1639204,0.08873534
0.112907395,0.20871384,0.10444147,0.17341967,0.1413209,0.096754976,0.06498635,0.0972885,0.29768547,0.14163227,0.16391984,0.090682365
0.11689438,0.2001847,0.1019052,0.17832604,0.13239446,0.09436543,0.06315085,0.11369521,0.012408942,0.14158328,0.16395439,0.09213295
0.12871894,0.18433622,0.10085958,0.18133414,0.15582561,0.08930941,0.058644474,0.09091758,0.22278008,0.14169407,0.1639417,0.0942123
0.120920785,0.1905132,0.11388729,0.18227983,0.1714658,0.0800566,0.06458336,0.09948082,0.38314968,0.14172839,0.16394265,0.093386725
0.11989458,0.21800505,0.10436189,0.1789979,0.13404572,0.07716072,0.06894103,0.10735704,0.8489809,0.14162342,0.16398641,0.093825355
0.11760844,0.20817061,0.11368738,0.17954661,0.17139275,0.08221106,0.103031486,0.09563558,0.85302144,0.1416569,0.16397114,0.09509462
0.11601124,0.20298386,0.11189016,0.1832757,0.12186966,0.08017763,0.09358306,0.0992117,0.7649194,0.14166121,0.16404174,0.098486334
0.115265764,0.22100575,0.11652401,0.18949626,0.16004562,0.07775035,0.10305379,0.09962127,0.4456994,0.1416497,0.16409837,0.09874968
0.11365658,0.2269825,0.116227046,0.19567373,0.15048316,0.07215846,0.17439073,0.09480438,0.0950245,0.14171228,0.16406447,0.0985741
0.1123494,0.21480787,0.116665445,0.18240796,0.14147404,0.07201141,0.17728932,0.10439818,-0.017537862,0.1417331,0.16404913,0.10069286
0.11219187,0.21908449,0.11967762,0.19598344,0.12396428,0.07643036,0.18274403,0.10384149,0.34629792,0.14166477,0.16405022,0.10157184
0.09267541,0.22168288,0.11516317,0.1947417,0.159379,0.07584167,0.20546027,0.100617275,0.36936027,0.14173062,0.1639452,0.10039239
0.101465635,0.20562515,0.112645224,0.19343686,0.1649207,0.07424679,0.19809,0.106730655,0.53537804,0.1417231,0.16387798,0.0994669
0.10349938,0.22445847,0.11413424,0.19097137,0.17749219,0.07068885,0.19620575,0.10404025,0.52897316,0.14173524,0.16387022,0.09756724
0.10464752,0.21703154,0.11227466,0.18847214,0.16394524,0.070363164,0.1974975,0.13147603,0.54360586,0.14162645,0.16387628,0.09705123
0.10249622,0.2138084,0.11956999,0.1786008,0.15810898,0.07177756,0.18055381,0.14431219,0.87596476,0.14169039,0.16388738,0.095671915
0.10544518,0.22466153,0.108423695,0.18385619,0.10500129,0.07980009,0.17976707,0.143618,0.80804116,0.1415459,0.16386318,0.09627622
0.10629726,0.22064088,0.11820895,0.1823013,0.15400249,0.07805249,0.1640973,0.11754349,0.55722797,0.14165395,0.16383018,0.09555732
0.10791564,0.2248373,0.11111357,0.1770242,0.123779155,0.08023287,0.16118483,0.11173766,0.32762468,0.14162816,0.16382518,0.093895815
0.10815079,0.19677484,0.10503708,0.18102077,0.12011041,0.084883176,0.17911302,0.11205342,0.6276706,0.14160031,0.16380127,0.09331611
0.11702589,0.20215656,0.1081399,0.18774125,0.14028381,0.080957666,0.18252854,0.11830571,0.17557988,0.14159587,0.16379152,0.0936721
0.11235891,0.20308688,0.109517,0.17995873,0.17367576,0.07798193,0.18606694,0.1301782,0.17334151,0.14158465,0.16371532,0.093582675
0.113411695,0.20875831,0.10613265,0.18158202,0.1358348,0.07882874,0.13576484,0.10024907,0.25394034,0.14160451,0.16370212,0.09407955
0.11363328,0.20279318,0.11072569,0.18050145,0.15530159,0.07672772,0.14674196,0.110237494,0.36219454,0.14151843,0.1637253,0.09124169
0.114232086,0.21456517,0.103371486,0.17434226,0.13897383,0.06829487,0.12035921,0.101483315,0.59108007,0.14148057,0.16362779,0.09212637
0.11372329,0.20218739,0.11044452,0.17701343,0.14083289,0.06933587,0.13321237,0.10098983,0.3270576,0.14146641,0.16362034,0.09591686
0.09554962,0.20523039,0.109602034,0.18534878,0.1223433,0.068546616,0.121165715,0.099289306,0.59377474,0.14144593,0.16358939,0.091803186
0.10425815,0.20595004,0.11088739,0.17819935,0.15406111,0.06614497,0.08854019,0.09899823,0.5429472,0.1415108,0.16354482,0.09155167
0.105188556,0.20649356,0.11091131,0.18587376,0.1340452,0.05803025,0.09026211,0.11028707,0.29759562,0.14148074,0.16356257,0.09049447
0.10756827,0.22526,0.11255833,0.17628525,0.15755054,0.06083492,0.09540702,0.12619238,0.71129405,0.14135028,0.16360302,0.090627976
0.101309106,0.21299356,0.11046562,0.18140736,0.11170571,0.061699722,0.10876864,0.11105638,0.76830244,0.14139518,0.16362095,0.09054804
0.094565876,0.21137933,0.11533639,0.1737578,0.12437803,0.060232844,0.11715731,0.11360863,0.7670247,0.14138636,0.16358964,0.090227924
0.10043151,0.21774094,0.11261064,0.17495027,0.10759926,0.062280532,0.10523153,0.11260972,0.5735521,0.14146642,0.16366813,0.09025348
0.10195436,0.21623006,0.1108635,0.17682078,0.10749857,0.06431893,0.124065034,0.10635924,0.4521777,0.14151675,0.16366348,0.09103706
0.10337459,0.20097141,0.103739865,0.17600575,0.12916729,0.066288225,0.13299513,0.10625631,0.28673708,0.14147785,0.16366497,0.088587135
0.10561897,0.19408871,0.10248566,0.1716962,0.14011846,0.065845855,0.12304071,0.106768206,0.33734322,0.14142936,0.16363361,0.088962175
0.11198801,0.19810633,0.10387091,0.17413737,0.13921066,0.06518774,0.12314775,0.09313342,0.462348,0.14139548,0.1635759,0.089485876
0.10985569,0.193726,0.107385084,0.17385611,0.12262606,0.06317472,0.13508934,0.09768705,0.66543436,0.14139305,0.1635547,0.08712758
0.11001946,0.20449983,0.10511905,0.16383003,0.1317246,0.06440859,0.14783703,0.10265629,0.6991821,0.14144447,0.16353683,0.086423755
0.11043845,0.19627547,0.103173,0.16548754,0.12220076,0.06392733,0.14830592,0.105394624,0.5588201,0.14140423,0.16356334,0.08718352
0.11038743,0.20146047,0.103447,0.16719155,0.118672885,0.06374051,0.14605111,0.098805144,0.3436799,0.14144559,0.16352119,0.08888427
0.11004269,0.20734717,0.10751915,0.16779618,0.112623975,0.062245786,0.18968743,0.10044041,0.48961678,0.14141254,0.16351646,0.09342993
0.10960582,0.20850973,0.10797205,0.18114696,0.08932883,0.06553423,0.19525044,0.09055531,0.577919,0.14141513,0.1634945,0.09193222
0.11083348,0.20355102,0.10909277,0.1780678,0.14604291,0.06579565,0.21021542,0.10222749,0.2779485,0.14139582,0.16349305,0.092493184
0.10328338,0.21584246,0.103590146,0.17651127,0.13671166,0.06491777,0.23661256,0.09535143,0.21262628,0.14134882,0.16354588,0.091295764
0.10695785,0.19367646,0.099021606,0.17555535,0.14642344,0.062697634,0.2842285,0.10257271,0.5142858,0.14137307,0.1636035,0.09258851
0.10634199,0.17937042,0.110889964,0.17066796,0.1581436,0.06669612,0.23395723,0.10012794,0.34055802,0.14145266,0.16358571,0.091184594
0.113246344,0.20258524,0.11067999,0.17188498,0.11181181,0.06505066,0.2380875,0.09216504,0.4012906,0.14149001,0.16362958,0.08930349
0.11004814,0.20860498,0.10322197,0.17365555,0.10264765,0.067624845,0.235347,0.09901012,0.87406194,0.1414924,0.16360758,0.08818485
0.11017104,0.19211729,0.102735914,0.17569979,0.116835356,0.06462826,0.23338166,0.104628,0.80025107,0.14142019,0.16360046,0.08668704
0.0890498,0.19458468,0.10284976,0.16187935,0.14609729,0.06694944,0.22841881,0.093714096,0.82148707,0.14149043,0.16356368,0.08689004
0.085650176,0.1947747,0.09248876,0.16610748,0.10614315,0.066264644,0.19909316,0.09145944,0.11022723,0.14138289,0.16358572,0.0860801
0.093778804,0.18415132,0.09923649,0.16777793,0.14867023,0.07341311,0.18250097,0.1066161,-0.13015383,0.14140278,0.16356075,0.087006405
0.09682213,0.194746,0.09906374,0.16966861,0.145368,0.06868024,0.16014726,0.09430687,-0.029304653,0.14132255,0.16359147,0.087621234
0.09687271,0.19012979,0.09837809,0.16555125,0.13765477,0.06842806,0.17792623,0.09444757,0.16632417,0.14142852,0.16360807,0.08863517
0.100365974,0.19463533,0.10731726,0.17354347,0.1232336,0.06610377,0.19469103,0.107618965,0.05968219,0.14145997,0.16366982,0.09126767
0.10201114,0.194378,0.10241224,0.17899889,0.12838432,0.058916118,0.2003391,0.099459514,0.27606148,0.14150053,0.16369967,0.089767635
0.11036249,0.19798315,0.10611808,0.17760015,0.15632068,0.061867427,0.21526133,0.11877864,0.46865857,0.14153297,0.16368558,0.088460706
0.108524,0.20134962,0.09319651,0.17207184,0.14886159,0.063404925,0.21631682,0.10242687,0.82530797,0.1415148,0.16368185,0.08797957
0.108922414,0.18076904,0.0977134,0.16819143,0.14587368,0.06586892,0.1473574,0.12499893,0.73084915,0.14159192,0.16363388,0.08768649
0.11071427,0.18478343,0.10446447,0.16768084,0.1357121,0.08465098,0.15571077,0.107849166,0.77728266,0.14149289,0.16370021,0.08752219
0.10934037,0.19959247,0.09670044,0.16961521,0.10005303,0.084495865,0.16256568,0.105934344,0.7925207,0.14154173,0.16374898,0.08745655
0.11052112,0.17902039,0.10000008,0.17135395,0.1512407,0.08250006,0.1685227,0.10384926,0.5825827,0.14145853,0.16376755,0.08594192
0.11005784,0.19224401,0.095936246,0.16635424,0.14953153,0.08520131,0.17532071,0.08991343,0.3370661,0.14158437,0.16372633,0.086291656
0.110252164,0.1812989,0.09251879,0.16597867,0.14243661,0.08199233,0.17948261,0.087010786,0.23832747,0.14153278,0.16372074,0.088341504
0.110026374,0.18049051,0.10413974,0.1758913,0.13870846,0.070584,0.16886926,0.09683021,0.17394316,0.14145447,0.16370022,0.089663416
0.11050062,0.19563387,0.1047405,0.17378362,0.14603367,0.06955027,0.2359243,0.094830126,0.5091696,0.14151497,0.1636804,0.090359055
0.109484695,0.19134016,0.09844986,0.17629112,0.13657174,0.0706154,0.27360034,0.11100559,0.13394344,0.1415097,0.16366948,0.088897474
0.109906465,0.17837264,0.09277123,0.17362492,0.15275094,0.07744495,0.2736345,0.1259062,0.46160173,0.14144285,0.16364335,0.08704816
0.10951375,0.18016396,0.08829896,0.16740914,0.1720431,0.07829885,0.26972482,0.11540921,0.49624616,0.14146772,0.16370244,0.08747325
0.109556206,0.17191721,0.095948406,0.16806085,0.16566017,0.07175173,0.27160075,0.105654225,0.48849222,0.14155652,0.16364115,0.08721144
0.10780057,0.17624539,0.097380914,0.16855043,0.13627529,0.067751005,0.2675497,0.12992592,0.65424836,0.14153339,0.16365418,0.09093276
0.10894971,0.189038,0.10110345,0.17263721,0.1463657,0.062685445,0.25080225,0.115541324,0.52363396,0.14150338,0.16366161,0.08788146
0.10916165,0.19293402,0.098494895,0.17169149,0.14654428,0.06395905,0.22359386,0.1261005,0.7383648,0.14148964,0.16367243,0.08909715
0.10972348,0.18271144,0.10471988,0.17593375,0.1411243,0.05852597,0.22455938,0.12000222,0.75717455,0.14145033,0.16367401,0.08654698
0.11000204,0.19475664,0.09965377,0.17048582,0.14674929,0.059460644,0.2199827,0.119651124,0.7764712,0.14149144,0.16366966,0.08671078
0.11107969,0.19427516,0.09880142,0.16429147,0.14631702,0.06241954,0.21334577,0.12649459,0.5671167,0.1415109,0.16364758,0.08617995
0.11019871,0.19194162,0.09773098,0.16153574,0.1254799,0.06416631,0.18155122,0.1144394,0.57121724,0.14142685,0.16363776,0.08478528
0.11031551,0.18292613,0.10339143,0.16450018,0.11717299,0.066652104,0.17050457,0.12094041,0.48600698,0.14148839,0.16368188,0.082802266
0.110353656,0.19721232,0.099405356,0.16673562,0.11846295,0.06359869,0.1792907,0.12610616,0.8212744,0.14153945,0.16369726,0.08390068
0.10696245,0.18839167,0.09748688,0.15832475,0.13061306,0.06345902,0.2085497,0.13001168,0.59574246,0.14155571,0.16370998,0.08365733
0.10368686,0.18704784,0.10057024,0.15694688,0.1112516,0.062332615,0.1842435,0.1109695,0.5955778,0.14156896,0.16366823,0.08299889
0.106526054,0.1924751,0.09261095,0.1598594,0.103287645,0.06379492,0.22857055,0.109178975,0.6800109,0.14146174,0.1637221,0.08440527
0.10625706,0.1778792,0.09613199,0.16450596,0.12672856,0.06722185,0.19981003,0.096608534,0.69404453,0.14149757,0.16378883,0.08487501
0.1077727,0.18882398,0.09688492,0.16595198,0.13526168,0.070139624,0.20456345,0.09672774,0.62486345,0.14161906,0.16384715,0.08144444
0.108262956,0.17994314,0.09113246,0.16259524,0.13611653,0.06569085,0.19560322,0.105452985,0.73023784,0.14155516,0.16391104,0.08208151
0.10929895,0.18383737,0.08942932,0.15998733,0.14088327,0.078512855,0.19843706,0.11006883,0.63774914,0.14161932,0.16383667,0.08199303
0.109359585,0.16982761,0.095170826,0.16112885,0.13741562,0.07447552,0.15698597,0.099945106,0.72376007,0.14165236,0.16392261,0.08173784
0.11119276,0.18318701,0.0956662,0.15782516,0.1252842,0.070951,0.1646873,0.099338934,0.82245463,0.14173473,0.16394258,0.08366274
0.111570485,0.1821088,0.099088125,0.16138701,0.09547534,0.071450174,0.16734633,0.10225869,0.7405454,0.14162356,0.16393702,0.085651055
0.111052886,0.1954844,0.09732638,0.16824079,0.11403745,0.06857931,0.17574641,0.095255904,0.43251735,0.1416857,0.16391473,0.084984615
0.11098871,0.18769233,0.09931678,0.16698612,0.14105627,0.064104855,0.2157903,0.1227808,0.4449887,0.14162467,0.16389637,0.08533167
0.110913984,0.1884747,0.09692454,0.16326754,0.13197112,0.061561145,0.21533024,0.113710284,0.40324116,0.1416321,0.16392732,0.08738372
0.111186974,0.18562995,0.107751355,0.16840719,0.11786741,0.060053308,0.20000128,0.11116181,0.40315235,0.14177097,0.1638436,0.09139221
0.11080669,0.20591167,0.10791838,0.18093333,0.11041736,0.051617827,0.2076499,0.11266218,0.14524457,0.14166364,0.16385764,0.0902126
0.11114899,0.20144512,0.10816176,0.18442644,0.15109792,0.057006888,0.22118556,0.10467324,0.012640297,0.14158015,0.1638039,0.09153316
0.110664144,0.21461229,0.10816862,0.17351033,0.15582089,0.058944657,0.24795821,0.08839731,0.33606428,0.1416283,0.16374709,0.09205825
0.11135434,0.19818325,0.105131865,0.17887402,0.10916584,0.060370125,0.2493542,0.09930464,0.5253973,0.141669,0.163728,0.09363071
0.11106589,0.19495052,0.11175703,0.18468794,0.1451605,0.055817768,0.20315172,0.10720848,0.2966113,0.14149271,0.16368544,0.09301312
0.11177666,0.19924808,0.10707403,0.1794169,0.14995162,0.052795276,0.2026377,0.11390946,0.3740302,0.14152184,0.16373603,0.090242505
0.111075975,0.21672782,0.10594963,0.17305252,0.14379317,0.044328872,0.23123044,0.10776988,0.5075094,0.14151268,0.16371097,0.095580794
0.12620144,0.19309777,0.111476615,0.17854135,0.12661918,0.044126906,0.20152919,0.100897186,0.59600574,0.14152403,0.16367221,0.09545259
0.11974679,0.20950966,0.11558531,0.18446095,0.13783331,0.042753547,0.20798685,0.09549694,0.6971336,0.14145122,0.16362451,0.094792694
0.097853184,0.22296888,0.11632299,0.17935838,0.1144464,0.04769511,0.21851821,0.1073343,0.22950903,0.14145903,0.16359653,0.09378643
0.10763633,0.21342091,0.11842539,0.18405622,0.11488478,0.052762877,0.22054215,0.1091637,0.14769039,0.14139158,0.16360432,0.09605006
0.08766625,0.22119202,0.11491855,0.1817286,0.12435419,0.057883542,0.26074335,0.10147549,0.21069683,0.14148407,0.16364814,0.096227415
0.09858409,0.21562076,0.11589878,0.1838711,0.12620297,0.06415858,0.2724905,0.10099463,-0.034405738,0.1414455,0.163639,0.093666844
0.098764665,0.21770452,0.107877545,0.18046857,0.13598122,0.062775716,0.28283253,0.11388992,0.21003756,0.14147165,0.16362138,0.09517457
0.10073975,0.198688,0.10832977,0.19363312,0.14318302,0.0660304,0.2686741,0.09579393,0.4582647,0.14156969,0.1636021,0.09523837
0.102418184,0.2089777,0.10516239,0.18265988,0.17920065,0.067051545,0.26899803,0.08897978,-0.036515236,0.14143515,0.16353986,0.09076225
0.10432367,0.19358249,0.102187365,0.17671478,0.15872282,0.079621226,0.29219177,0.08030628,0.067352995,0.14135823,0.16356216,0.09016615
0.10511335,0.19518703,0.10256111,0.16799048,0.15803504,0.07569114,0.26926088,0.078906775,0.61879253,0.14139587,0.16348825,0.090338565
0.111313716,0.19415408,0.105860755,0.17586963,0.11546427,0.07520441,0.2555498,0.08445516,0.49380156,0.14138491,0.16358428,0.090025716
0.11051892,0.1959593,0.09350426,0.173666,0.14028358,0.0757375,0.24519287,0.09246647,0.27883783,0.14132886,0.16361794,0.0898569
0.12235789,0.1959455,0.09811148,0.18261686,0.16859224,0.0778662,0.28046262,0.104739726,0.5443569,0.14143676,0.16360931,0.088510096
0.12405138,0.18827912,0.099618904,0.17542598,0.1825798,0.07430217,0.27560934,0.093021765,0.45862556,0.14139406,0.16356713,0.08832573
0.118842386,0.1928004,0.091705285,0.16858019,0.14981064,0.07515449,0.27813798,0.09645772,0.60729414,0.14148314,0.16360335,0.088792466
0.11741513,0.18538202,0.09853405,0.17249022,0.13834672,0.074199356,0.27926323,0.09027612,0.75648254,0.14150824,0.16362347,0.08888705
0.116413295,0.19318399,0.09363423,0.1700888,0.14871791,0.06634818,0.31464168,0.12337136,0.9740659,0.14144474,0.16357295,0.08939244
0.10941054,0.17501703,0.09644322,0.1718044,0.14506696,0.06485718,0.23663509,0.11217353,0.8191855,0.14149609,0.16356142,0.088241756
0.11309845,0.18598938,0.10207029,0.17168948,0.15421261,0.07107766,0.24448143,0.12268096,0.82153946,0.14134577,0.16363339,0.08863646
0.111383714,0.20228556,0.09828386,0.16809788,0.1309617,0.06571449,0.24555007,0.13381414,0.4668575,0.14138915,0.16367953,0.08888515
0.11239237,0.17884794,0.10327062,0.1752148,0.13443767,0.064318374,0.23278002,0.11610001,0.6190155,0.14143783,0.16364285,0.08841037
0.11158479,0.19675878,0.100784816,0.16811669,0.12703186,0.06310312,0.23715998,0.1359067,0.67883116,0.14145637,0.1636643,0.08844592
0.11188645,0.18779442,0.10288584,0.16809854,0.12809725,0.0677643,0.26454467,0.12360173,0.6669515,0.14144626,0.16365695,0.08890626
0.110754356,0.19571984,0.098184586,0.16987614,0.12283376,0.061787363,0.26551816,0.11659839,0.6916997,0.14150785,0.1636684,0.08989384
0.1107602,0.19970423,0.10144887,0.17895974,0.12341519,0.061945,0.23637275,0.10341938,0.60815465,0.14149232,0.16363388,0.087293826
0.1119476,0.19189057,0.098038435,0.1689187,0.161066,0.06140757,0.23897314,0.117171355,0.5456079,0.14151318,0.16369873,0.087770335
0.11172012,0.18281731,0.09910371,0.16907084,0.13081841,0.06330442,0.2457955,0.103228346,0.42588794,0.14147,0.16373175,0.08491285
0.111809105,0.18461108,0.09273956,0.16064651,0.13496424,0.067155026,0.21572262,0.11687807,0.6119156,0.141435,0.16380486,0.084612586
0.11199864,0.17325322,0.093793236,0.16590871,0.13247654,0.0875521,0.20480715,0.10767179,0.674388,0.14158557,0.16377994,0.08514089
0.112237,0.17303127,0.09035356,0.16324641,0.1364162,0.078521624,0.2078899,0.10175132,0.2332744,0.14154528,0.16382556,0.08453301
0.11180545,0.17369582,0.09401831,0.16466558,0.15302156,0.07519974,0.21647877,0.10063015,0.48414004,0.1415793,0.16379339,0.0845644
0.11094215,0.18157837,0.09023656,0.16410682,0.15184803,0.07554737,0.2025621,0.08675903,0.26969048,0.14165755,0.16375369,0.085748546
0.11105111,0.16904958,0.09468243,0.16926754,0.14279875,0.07076856,0.19394991,0.07803309,0.33293867,0.1416168,0.16374585,0.08469793
0.1109878,0.18276054,0.10291089,0.15943977,0.15449584,0.06483017,0.25903744,0.09269426,0.5564266,0.14157844,0.16380703,0.08465786
0.110846415,0.19165377,0.10081081,0.16153732,0.10511966,0.06389894,0.23970184,0.09370912,0.55475765,0.14162105,0.16376862,0.08438639
0.11092459,0.1917159,0.09580415,0.16388045,0.10345195,0.06628793,0.25128725,0.09162174,0.7710738,0.1416171,0.16377884,0.08440121
0.11069167,0.18428354,0.09516124,0.16751347,0.12190993,0.067026585,0.27245495,0.10580664,0.7737369,0.14152502,0.1638271,0.08390183
0.10944239,0.17809315,0.09757046,0.16313046,0.16381639,0.06415302,0.250332,0.093447536,0.7810161,0.14154457,0.16381495,0.083369456
0.11020053,0.1860707,0.091212615,0.16953567,0.12366809,0.06568841,0.2502804,0.09011257,0.8630429,0.14169547,0.16379261,0.0827002
0.111772425,0.180136,0.09164412,0.15841685,0.16032612,0.06561603,0.23082203,0.097639784,0.5486547,0.14159635,0.16375479,0.08196885
0.112220965,0.16857435,0.0895911,0.16202338,0.12888637,0.065223485,0.18930179,0.088927776,0.70277756,0.14160347,0.16375564,0.08163228
0.111540064,0.17427698,0.09298155,0.15574378,0.1516885,0.06914344,0.19485155,0.1028945,0.71208787,0.14153521,0.16375884,0.077931784
0.11119965,0.18799,0.08705235,0.15029697,0.11544432,0.065037735,0.19072229,0.08263411,0.5907995,0.14157698,0.16372205,0.077948466
0.11111652,0.1683425,0.08590731,0.15204228,0.106088795,0.068874426,0.23061897,0.096841104,0.040763557,0.14157276,0.16369101,0.08331825
0.11110087,0.16591944,0.08802856,0.16390868,0.12684537,0.066440865,0.231109,0.088753,0.08716208,0.14148122,0.16367923,0.0840631
0.110738665,0.17288229,0.09935663,0.1615799,0.15181714,0.06259634,0.21792881,0.07450479,0.29956886,0.14154091,0.16368955,0.08620559
0.11083566,0.19037607,0.10023079,0.16221705,0.11494448,0.06111865,0.20454228,0.109126225,0.32652083,0.1415677,0.16364023,0.08621643
0.110931724,0.1916753,0.09710601,0.1660791,0.11787442,0.058422744,0.18868175,0.10486729,0.6220596,0.14149578,0.16360049,0.08623065
0.11130393,0.18551746,0.09789139,0.16380087,0.13828245,0.055287614,0.19175103,0.1065757,0.61303043,0.1414332,0.1635706,0.08605549
0.115578555,0.18246987,0.10049743,0.16416246,0.10702516,0.05483265,0.19662884,0.10514884,0.42739493,0.14142168,0.16357283,0.08557803
0.11330938,0.1842305,0.10164402,0.16626687,0.12131183,0.054665066,0.18180974,0.11081721,0.67562485,0.14146844,0.16362265,0.084939115
0.11442429,0.19746187,0.10112744,0.16452558,0.120963775,0.057281733,0.15641816,0.09939256,0.21714795,0.14148034,0.1636163,0.08499169
0.11415974,0.21139415,0.10328242,0.16982168,0.11575253,0.059475686,0.16330977,0.10375191,0.5090079,0.14150557,0.16364615,0.08349528
0.11433455,0.19700442,0.09901686,0.16579287,0.12688167,0.06469578,0.1602748,0.09674117,0.11257371,0.14151809,0.16362591,0.08111837
0.118553825,0.19949919,0.098102175,0.16112305,0.12301356,0.05848965,0.16468126,0.087595075,0.419053,0.14146546,0.16364,0.0823434
0.09442794,0.18258573,0.093819216,0.15933026,0.116406694,0.051038563,0.17162876,0.09196378,0.91624194,0.14145657,0.16369136,0.08411216
0.10444018,0.17941289,0.097345926,0.1621983,0.124888375,0.054235432,0.17500532,0.096647434,0.7531475,0.14146273,0.16375507,0.08305715
0.109035276,0.18818659,0.100547954,0.16036047,0.13998349,0.056869347,0.17933835,0.0898824,0.7160455,0.14148602,0.16373959,0.08331746
0.11487419,0.19184496,0.09716615,0.16182064,0.10153066,0.053139895,0.16785751,0.10572754,0.20956898,0.14159921,0.16372314,0.08297226
0.113802135,0.177886,0.09930156,0.16151227,0.12205378,0.053239048,0.16877612,0.106721126,0.5139973,0.14150563,0.16367525,0.08295835
0.11448994,0.18887979,0.09856897,0.16293646,0.12185171,0.058540862,0.17362283,0.0973672,0.5743383,0.1415647,0.16371632,0.08540675
0.11283443,0.18969432,0.09729811,0.16532868,0.12206428,0.060169972,0.1583475,0.08493793,0.5151072,0.14147694,0.1636603,0.08424458
0.11321139,0.20269658,0.10002479,0.17170782,0.12998444,0.061468735,0.1599228,0.087030634,0.66604626,0.14146851,0.1636094,0.085678056
0.11361826,0.19229697,0.09770279,0.16839361,0.120771155,0.06401907,0.16419421,0.08659083,0.72777057,0.14145313,0.16363919,0.08546119
0.11369588,0.18896034,0.0973751,0.16369276,0.13271564,0.06819138,0.15896426,0.11487641,0.7333717,0.14146097,0.16361088,0.085992925
0.11307495,0.18280391,0.10756788,0.16294055,0.120585255,0.06712034,0.17418101,0.10120629,0.6314644,0.14146289,0.16361874,0.08453824
0.11186892,0.20118335,0.09527322,0.162338,0.10192507,0.06771056,0.19769394,0.1109517,0.7402137,0.1414624,0.16367346,0.083493635
0.11173675,0.1780975,0.09773283,0.15900858,0.1282194,0.07049379,0.18201664,0.09669323,0.90855896,0.1414356,0.16367924,0.08304768
0.11185672,0.18190143,0.097539194,0.15778841,0.11872517,0.07240291,0.1815231,0.10400672,1.0486242,0.14149089,0.163699,0.08308404
0.111189984,0.1849916,0.091521606,0.15872936,0.10514345,0.07481043,0.16386357,0.088756055,1.0791693,0.14153668,0.16366906,0.082396746
0.11723603,0.17709312,0.09713733,0.15884796,0.14743945,0.06801207,0.17156257,0.08065055,0.92328423,0.14143945,0.16366962,0.081955835
0.114964575,0.1853916,0.09301677,0.15415034,0.1044042,0.07054599,0.17211302,0.09923254,0.5936732,0.14155957,0.16371293,0.08211545
0.11487815,0.17405291,0.098896705,0.16062184,0.108749494,0.09022981,0.18584356,0.10082747,0.69557345,0.14139064,0.16371268,0.08224984
0.11419983,0.18979149,0.09373004,0.15282752,0.11532436,0.10012329,0.18975477,0.08267993,0.541582,0.14155164,0.16362685,0.084848434
0.11334764,0.17294659,0.0918549,0.16188295,0.09515035,0.10117016,0.18285485,0.10053174,0.43205708,0.14157234,0.16367385,0.08474716
0.11306301,0.17206934,0.0930949,0.16448715,0.13931806,0.100708395,0.18634352,0.08882107,0.795529,0.14146408,0.16367342,0.08121273
0.11649632,0.18030833,0.08641405,0.15598065,0.14696482,0.093053445,0.15990578,0.066520065,0.27969635,0.14151041,0.1637036,0.08327811
0.11427516,0.16956882,0.09101562,0.16108456,0.13630328,0.08888418,0.16945606,0.0699068,0.36532438,0.14145227,0.16373901,0.081033446
0.11296944,0.17230287,0.08862587,0.15662181,0.11428439,0.08800994,0.16086048,0.07202797,0.504982,0.14151654,0.1638296,0.081735164
0.11307329,0.16052079,0.091786996,0.15629281,0.1357937,0.0893168,0.13728757,0.07506254,0.22866684,0.1416317,0.16383716,0.08217444
0.114369616,0.18293045,0.09424359,0.15920022,0.118975416,0.087678194,0.13713937,0.08545673,0.51051635,0.14154872,0.16390705,0.08224642
0.11248014,0.18236437,0.09679601,0.16813548,0.12868218,0.085617244,0.13119173,0.08420117,0.64293694,0.14170346,0.16386203,0.08248011
0.11209488,0.189379,0.09313459,0.16136199,0.14608018,0.08475673,0.12769687,0.10679974,0.6566407,0.14158106,0.16391951,0.08225846
0.11157813,0.17296854,0.093059435,0.15636855,0.13533516,0.08461764,0.13786966,0.0835243,0.6563789,0.14162941,0.1639242,0.07932468
0.111448824,0.18077148,0.08133618,0.15285918,0.11937777,0.07272367,0.13377991,0.08566258,0.2415522,0.14160939,0.16386446,0.08065868
0.111990176,0.17442642,0.08977765,0.15625143,0.14670725,0.07331681,0.1255539,0.087449655,0.48008955,0.14168127,0.16391295,0.08107564
0.11229735,0.17503682,0.0957983,0.15901442,0.12801117,0.07138987,0.11116731,0.09056644,0.44303262,0.14162973,0.16398843,0.07963775
0.10316717,0.18349384,0.0927308,0.15587662,0.11654987,0.06899458,0.12229487,0.089115456,0.2743902,0.14162008,0.16401212,0.07863122
0.1071847,0.16995104,0.09017837,0.15273634,0.117425255,0.06910632,0.11542749,0.114170074,0.46860304,0.14173009,0.1639815,0.07672691
0.10758715,0.18660587,0.082155965,0.14565031,0.11402594,0.07035782,0.048198618,0.10616823,0.362832,0.14171852,0.1639008,0.07449925
0.1107235,0.16373564,0.09382793,0.14982621,0.12178714,0.07509612,0.040137157,0.1041511,0.5209675,0.14175949,0.16389878,0.0749694
0.11076755,0.1817126,0.09044409,0.15025607,0.10336672,0.080721766,0.055481497,0.09141298,0.029062033,0.14164522,0.16391696,0.07397105
0.11184301,0.17400071,0.08845706,0.14707224,0.105228476,0.08170154,0.065438844,0.1007869,0.101055294,0.14160164,0.16398074,0.075709336
0.11129089,0.17227347,0.08670315,0.14492077,0.10417233,0.10017726,0.056974344,0.11512541,0.08744061,0.14169033,0.1639927,0.07799989
0.0927599,0.17529751,0.08953386,0.14894064,0.10278446,0.10151511,0.027133077,0.07998741,-0.2319305,0.14172894,0.1640563,0.07573689
0.098684065,0.18137164,0.087106474,0.14471821,0.106614925,0.09662485,0.02584109,0.0912799,-0.40000024,0.14168146,0.16407028,0.07829381
0.100428626,0.17678325,0.09137895,0.15354949,0.103083484,0.08732064,0.038821284,0.07160476,0.19827223,0.141818,0.16399942,0.079479374
0.10333889,0.18030679,0.090552956,0.15769546,0.10753486,0.08512284,0.054837327,0.069245145,-0.2027587,0.14176987,0.1639242,0.080473505
0.104424246,0.17431167,0.09220731,0.1582067,0.12218366,0.08274722,0.053458963,0.05709247,-0.2952759,0.14176951,0.16392012,0.079276495
0.10695337,0.17592767,0.09677426,0.15512514,0.117426604,0.08284673,0.06438519,0.08377737,0.18979758,0.14165686,0.16394559,0.077296086
0.10854938,0.18886125,0.09524254,0.14858928,0.1047458,0.081208624,0.075392656,0.08293764,0.38887683,0.14171816,0.16388737,0.07816738
0.10862872,0.18572748,0.089944184,0.1514255,0.08021793,0.08882542,0.06348385,0.09423191,0.3473922,0.14157003,0.16384608,0.07805991
0.109255716,0.17471859,0.09027109,0.15270925,0.10143501,0.08725373,0.09142469,0.07265295,-0.09478873,0.14165162,0.16384533,0.080491915
0.108524874,0.17228644,0.09037872,0.16099267,0.10885587,0.094105475,0.09328846,0.0770026,-0.07272917,0.1415906,0.16390087,0.079081185
0.10891262,0.17346092,0.09393354,0.15264624,0.13823774,0.088289805,0.092804626,0.079015635,0.2947101,0.14158005,0.16389038,0.08140255
0.10944148,0.18289511,0.08896439,0.15894693,0.102940254,0.090588175,0.09547264,0.07541977,0.44604698,0.14165361,0.16390875,0.08248117
0.1091204,0.1759705,0.0926647,0.15902442,0.13497773,0.09189919,0.07980205,0.08547768,0.54231167,0.14165573,0.16394019,0.08373024
0.11086069,0.1850755,0.09513648,0.1642528,0.095714256,0.09098724,0.06708182,0.08188133,-0.003984779,0.14172006,0.16394855,0.083458446
0.09961464,0.18245248,0.0954365,0.16235077,0.13630866,0.092669554,0.07606278,0.08216581,0.44551945,0.14167793,0.16395403,0.084048375
0.101800814,0.17563765,0.10456683,0.16348867,0.12948006,0.092658244,0.0695049,0.08411483,0.20885015,0.14161797,0.16385838,0.08396621
0.10489658,0.18649204,0.09785282,0.15985532,0.10552513,0.09040495,0.0738183,0.09526868,0.3962157,0.1416683,0.16383004,0.08386615
0.10670669,0.19509706,0.09653481,0.17134953,0.11779411,0.09200245,0.0088192,0.07871319,0.32596147,0.14156713,0.1638344,0.08436735
0.113609955,0.17948957,0.09743836,0.16153748,0.14206971,0.087419316,0.024385426,0.08656639,0.49866676,0.14158744,0.1637938,0.085512124
0.11112177,0.19028774,0.10136324,0.16762415,0.101901904,0.082186185,0.03650116,0.07701874,0.2842687,0.14155664,0.16376585,0.08481012
0.112120084,0.20158198,0.10383508,0.16612327,0.12523824,0.08086356,0.043567795,0.08210759,0.30515784,0.14148088,0.16373433,0.09045537
0.11187369,0.20468971,0.110352725,0.17935666,0.11544318,0.07954526,0.033611212,0.08261678,0.61537254,0.14147034,0.16371737,0.08831374
0.09467165,0.21218005,0.10965589,0.17057176,0.13672057,0.08184928,0.028803099,0.07817556,0.55020624,0.14147837,0.16366436,0.08552326
0.09890495,0.2064389,0.10360289,0.16270466,0.10408477,0.08213037,0.024415586,0.0867049,0.09365544,0.14148033,0.16367505,0.085966595
0.10221769,0.20484754,0.10573726,0.16499451,0.105540566,0.08153977,0.031825334,0.081442684,0.06946087,0.1414673,0.16368684,0.08702486
0.10591781,0.20409986,0.10400607,0.17151594,0.0989967,0.08189271,0.04613285,0.07915149,0.17077807,0.14139766,0.16367975,0.08754812
0.11151523,0.20230173,0.10425462,0.1715175,0.12903067,0.08128893,0.05532206,0.07897961,0.12090239,0.14145009,0.16368832,0.08482878
0.110397555,0.2027056,0.10399991,0.1611448,0.1355035,0.078751124,0.06802343,0.08091567,0.20570189,0.14144625,0.16368867,0.08570128
0.111100964,0.20054439,0.09846472,0.17378505,0.087546,0.07582767,0.09322225,0.09654865,-0.0657357,0.14151427,0.16363735,0.08746068
0.11055593,0.18690242,0.10703597,0.17890397,0.15410136,0.08187009,0.09907127,0.10291461,-0.31825635,0.14149576,0.16358869,0.08864686
0.110192634,0.20498097,0.09850307,0.17270193,0.14875527,0.079585835,0.09230913,0.08582476,0.18455777,0.14144808,0.16364428,0.08975383
0.11042531,0.18763717,0.102811076,0.18397303,0.16585952,0.07302964,0.10429701,0.1007537,0.72191465,0.1413848,0.16360871,0.09039467
0.10149784,0.19839443,0.11151674,0.17730999,0.17681213,0.07358334,0.13616563,0.103589855,0.36697185,0.14146073,0.16358605,0.094468825
0.10542712,0.21153693,0.11005688,0.18149883,0.12554623,0.07130018,0.14397025,0.13576715,0.20183706,0.14142135,0.16363388,0.09562732
0.107570305,0.21715342,0.11005028,0.1857201,0.14077501,0.06665082,0.1388473,0.13341354,0.32011038,0.14142053,0.16365555,0.09703913
0.10823116,0.22334285,0.124180086,0.18707787,0.1503379,0.07181354,0.1244676,0.14024727,0.34565583,0.14144942,0.16368945,0.09685226
0.108940005,0.22850718,0.115875214,0.1950016,0.11118932,0.06990337,0.13236056,0.11811146,0.84173286,0.14147814,0.16367695,0.09852579
0.10989748,0.23101357,0.120419666,0.18833195,0.15326205,0.07350184,0.09962143,0.10517502,0.584336,0.1414363,0.16364764,0.09810033
0.11029066,0.22385056,0.11892095,0.1855455,0.13055663,0.07537104,0.13332981,0.098631695,0.36745822,0.14141126,0.16359273,0.096638195
0.11053903,0.22787388,0.11577321,0.18486653,0.1262025,0.06910553,0.14041016,0.11320626,0.33393735,0.14146297,0.16350906,0.0973695
0.11102647,0.21454255,0.11488342,0.18769328,0.14061521,0.06900642,0.13478984,0.1210613,0.37573573,0.14133462,0.16350245,0.096435964
0.110846035,0.21921095,0.11674966,0.18632637,0.14517455,0.07444203,0.13118613,0.108985856,0.18201938,0.14135721,0.16346301,0.09779036
0.111371264,0.22230145,0.113780044,0.18424267,0.13091016,0.07321541,0.16415119,0.09375708,0.04590866,0.1413064,0.16345996,0.099088304
0.110371545,0.21663308,0.116243005,0.18887122,0.13695902,0.08581738,0.1678286,0.11020121,0.052464485,0.1413412,0.16339804,0.09914669
0.10140171,0.21366698,0.11414955,0.18920001,0.13767913,0.07788827,0.14249794,0.11142767,-0.13803317,0.14122391,0.16344729,0.097500436
0.106417306,0.21859965,0.11575296,0.19310614,0.15225638,0.08227046,0.12003914,0.10386801,0.38298157,0.14125745,0.16345145,0.093976736
0.106355034,0.22373658,0.10760541,0.17884463,0.13658336,0.08269368,0.12897179,0.101457514,0.38593242,0.14124782,0.16343652,0.09555393
0.10702631,0.2104095,0.1200431,0.18461189,0.13876879,0.08215942,0.14097969,0.09715019,0.42246112,0.1413598,0.16346917,0.09567765
0.10791162,0.22370258,0.113082066,0.18593392,0.12677424,0.08139433,0.13322558,0.101590924,0.25709435,0.14122339,0.16346398,0.09543454
0.12002642,0.2163383,0.116036,0.18470687,0.15194692,0.08629023,0.13732025,0.0989413,0.74383086,0.14137052,0.16341504,0.097448595
0.11499301,0.21922155,0.1162694,0.18420517,0.11820326,0.081458084,0.13099088,0.09606383,0.0898478,0.1412888,0.1633311,0.09582389
0.11487954,0.22013858,0.11164887,0.18495181,0.13779883,0.07851509,0.13818595,0.09245291,0.49527198,0.14134835,0.1633554,0.09634585
0.11369272,0.21274355,0.11376047,0.18261279,0.1405567,0.07507761,0.13334174,0.1019602,0.39519605,0.14117636,0.16338041,0.09633585
0.11283629,0.21467108,0.11139491,0.18564498,0.13356192,0.07842746,0.1446019,0.0876454,0.5512254,0.14122377,0.16332333,0.095970914
0.11251203,0.21267788,0.10596974,0.18017666,0.14882445,0.08690222,0.14639735,0.08716404,0.7306101,0.14124055,0.16330478,0.096779846
0.1125847,0.20711687,0.111136235,0.18632928,0.13834357,0.0892806,0.16267104,0.085755035,0.6829746,0.14120497,0.16333961,0.0977676
0.11154428,0.21853995,0.112545416,0.18203187,0.15590475,0.08905056,0.119590886,0.09878364,0.33775294,0.14122228,0.1632955,0.096761934
0.11188584,0.21558239,0.1203286,0.18653843,0.12986214,0.09026544,0.12101054,0.09140192,0.3981924,0.14118865,0.16325694,0.093845025
0.11224916,0.22116275,0.10735793,0.17951845,0.12601648,0.087284476,0.15274389,0.117314205,0.56051177,0.1411071,0.16322379,0.09601715
0.11298102,0.2060354,0.11188483,0.18577038,0.14355785,0.08939986,0.17034651,0.1015026,0.7592517,0.14115793,0.16317266,0.09465527
0.111185536,0.20480312,0.10543168,0.177704,0.14444496,0.08778701,0.17771678,0.11009018,0.570455,0.14112923,0.16309944,0.09262842
0.122552685,0.20471628,0.101963565,0.17891805,0.14316632,0.09385991,0.18740974,0.10514596,0.21407089,0.14101987,0.16311482,0.09080456
0.11694485,0.19500135,0.10018064,0.17595865,0.15153663,0.08808567,0.18945377,0.10705812,0.58030593,0.14110011,0.16312663,0.09160479
0.11605934,0.18510573,0.094043866,0.18634304,0.14338303,0.07852677,0.18336889,0.10035763,0.5940627,0.14103305,0.1630812,0.09015546
0.11462177,0.19310959,0.10288081,0.17274784,0.20343795,0.08277454,0.18376648,0.09597026,0.70335037,0.14104165,0.16312142,0.09094067
0.09853772,0.20229325,0.09970627,0.17632386,0.12156296,0.07627992,0.19110493,0.10119764,1.0261127,0.14103466,0.16311675,0.09067219
0.10548294,0.18601343,0.107040495,0.16713867,0.15579493,0.079243034,0.19997165,0.11124785,0.9576699,0.14106438,0.16312476,0.091093294
0.10471872,0.20512211,0.099562205,0.18165079,0.10819971,0.07287851,0.1911499,0.114117354,0.4037418,0.14102599,0.16314465,0.08948303
0.106898986,0.19034778,0.108270116,0.1736268,0.17902881,0.07137678,0.21868011,0.10560049,0.6555494,0.14109403,0.16308282,0.08736423
0.111299,0.20489624,0.09585697,0.16427812,0.12661509,0.0735022,0.21101297,0.08495735,0.06533325,0.1410649,0.16312847,0.085719615
0.09253331,0.18590268,0.102592185,0.16566558,0.12918897,0.080636516,0.21407321,0.10049013,0.12871361,0.1410329,0.1631496,0.08344431
0.10204173,0.20530978,0.094638854,0.16287842,0.10188142,0.07807146,0.21239069,0.09923365,0.3563491,0.14110152,0.16312025,0.08367319
0.10778957,0.18761612,0.093283206,0.16337194,0.12899019,0.072600536,0.21090752,0.09990288,0.026166081,0.14105915,0.16313483,0.080817774
0.1076289,0.1805972,0.08954291,0.15899286,0.12609775,0.072702006,0.2176135,0.103727385,0.77023715,0.14109756,0.16308711,0.081864476
0.09919739,0.17734404,0.090918794,0.15948594,0.13647352,0.07326537,0.20682618,0.10861189,0.69991904,0.14104235,0.16316503,0.0780791
0.10535279,0.17171147,0.08591915,0.15286542,0.15227284,0.061208572,0.2113254,0.1012505,0.41043115,0.14108709,0.16321532,0.07981522
0.10559067,0.16310093,0.085135326,0.15395935,0.12657312,0.06184463,0.19591755,0.1189181,0.3655123,0.14112431,0.16317436,0.08214012
0.10651344,0.16262355,0.09535346,0.15881038,0.13564727,0.06333387,0.18591529,0.094852775,0.5517142,0.14118709,0.16321406,0.081804916
0.10821726,0.18395062,0.09034575,0.15899602,0.1211163,0.07023309,0.19726035,0.11533469,0.528432,0.14109875,0.16326013,0.08036924
0.10439452,0.16872033,0.09652463,0.16585472,0.13388631,0.06918904,0.20310281,0.117760256,0.47644633,0.14112069,0.16333982,0.08033665
0.10646682,0.18603708,0.0868264,0.15751646,0.12896498,0.06365355,0.20941053,0.12561932,0.5036035,0.14114316,0.16339058,0.07919593
0.10758661,0.16143613,0.08856422,0.1520483,0.15233657,0.060329333,0.21563151,0.1211275,0.1588681,0.1412252,0.16334566,0.07852344
0.11393573,0.17221247,0.09203748,0.15607567,0.10789734,0.06167068,0.1901992,0.13601612,0.45091742,0.14125873,0.1633218,0.07889442
0.112295516,0.17669156,0.08750723,0.15581003,0.12440802,0.058048368,0.20062162,0.13613467,0.60772765,0.141205,0.16333187,0.07987783
0.11163873,0.17110775,0.090919025,0.15423314,0.13099162,0.05597315,0.19684154,0.14975789,0.69029164,0.14126313,0.16331448,0.07845949
0.10475527,0.1716975,0.08735637,0.15614268,0.09695096,0.051043738,0.18315238,0.1427301,0.7873147,0.14132737,0.16331045,0.07822398
0.10501656,0.16625011,0.08922433,0.14997727,0.13725315,0.04966369,0.19436768,0.15149735,0.78869444,0.14112061,0.16329926,0.07769993
0.106898375,0.17288858,0.08187477,0.15018451,0.1092272,0.048953995,0.20388944,0.12244946,0.70374244,0.14121208,0.16332595,0.07916544
0.108159065,0.15967095,0.091755114,0.15382548,0.155591,0.05114249,0.217468,0.11678195,0.97210777,0.14122805,0.16332406,0.07775305
0.12515849,0.17619534,0.08934867,0.15181765,0.1191575,0.046811853,0.22277823,0.1399378,0.46584153,0.14131317,0.16343804,0.07964322
0.11749543,0.17382436,0.08394346,0.1528233,0.1083168,0.048848946,0.21371049,0.12836829,0.6873347,0.14126429,0.16347758,0.080671236
0.12641264,0.16376564,0.09236598,0.16601509,0.13743578,0.0508497,0.23329303,0.12973367,0.8847115,0.14132804,0.1634611,0.077993006
0.11981339,0.17920287,0.08699725,0.15253071,0.15129869,0.05186024,0.24576655,0.12032056,0.7653356,0.14132506,0.16344975,0.07547687
0.11925232,0.1625031,0.0776811,0.14888456,0.12442851,0.059730727,0.22887942,0.11029993,0.7814092,0.14142369,0.16353014,0.07208662
0.117001295,0.14873749,0.07832945,0.14543796,0.1366382,0.0558181,0.2272309,0.11926991,0.695442,0.14137532,0.16352741,0.06987304
0.116389655,0.16418229,0.0731486,0.13816068,0.12854274,0.055697355,0.21765248,0.10901309,0.54412454,0.14139803,0.16350462,0.06782267
0.114875056,0.14865817,0.073180296,0.12954478,0.1245738,0.063808195,0.2104261,0.10779596,0.3072759,0.1413224,0.16353342,0.06540875
0.11364668,0.1461325,0.074323356,0.13459973,0.10722174,0.063481994,0.20626459,0.1047215,0.1717163,0.14133471,0.16359094,0.0656233
0.11246734,0.14520365,0.06684864,0.1303573,0.10155764,0.060731754,0.20985036,0.11609966,0.44469672,0.1414773,0.1635798,0.06564659
0.11136243,0.13482189,0.07291848,0.13119899,0.11076943,0.053897068,0.19409017,0.10690201,-0.103049755,0.14141773,0.16359839,0.06438693
0.11148438,0.14651906,0.06841955,0.12838076,0.10207267,0.061138965,0.20958596,0.09568613,-0.069769725,0.14153622,0.16357502,0.062405616
0.11213363,0.144991,0.05849469,0.1233643,0.09449425,0.058560815,0.22486167,0.10324453,0.6258903,0.14141914,0.16362627,0.06309309
0.111586794,0.11614951,0.06934582,0.12382838,0.11004883,0.04747491,0.22918864,0.101080574,0.46708164,0.14142554,0.16363902,0.06440662
0.11178393,0.14704801,0.07437317,0.12662956,0.06155285,0.04462939,0.23689823,0.09418923,0.60572654,0.14142512,0.16372442,0.06238709
0.111365825,0.14402293,0.070633315,0.11960522,0.08483201,0.047593832,0.26270968,0.09183256,0.46515134,0.14149679,0.163792,0.064353146
0.111288995,0.1329952,0.06992121,0.124257,0.07979356,0.05493013,0.22995777,0.07785803,0.13118476,0.14157082,0.16381925,0.06458934
0.09299432,0.13013923,0.06729165,0.12137507,0.08925419,0.050187483,0.25264284,0.080382586,0.4883416,0.1415831,0.16379416,0.06979728
0.100945756,0.13725707,0.08385781,0.12985785,0.088404514,0.05473374,0.25086036,0.077992335,0.53821754,0.14159083,0.16379967,0.07054004
0.101712815,0.16492598,0.07481259,0.13724814,0.048949048,0.060451366,0.2471868,0.10077906,0.5917839,0.14156166,0.16374816,0.07051532
0.10338016,0.14635812,0.07664662,0.14290982,0.1112595,0.058731783,0.2237034,0.07991023,0.34324694,0.14162038,0.16377881,0.068067245
0.106029324,0.1602281,0.07083377,0.13507447,0.13341665,0.054870673,0.2080958,0.088906825,0.68381774,0.14160497,0.16377601,0.0693073
0.10885046,0.1404717,0.07510307,0.13713782,0.11659199,0.05558261,0.19255552,0.10109788,0.5155139,0.1416382,0.16371202,0.06802492
0.109184295,0.1496376,0.0764589,0.13053153,0.11292128,0.05241392,0.21447255,0.10533369,0.4828463,0.14152706,0.16376165,0.06996646
0.10978416,0.15055896,0.0806055,0.13353631,0.082745254,0.05284162,0.21555391,0.09690565,0.4398856,0.14155354,0.16380122,0.07104018
0.10996156,0.15822367,0.077752665,0.13989861,0.080544606,0.050618697,0.19883779,0.09133424,-0.022756338,0.1416045,0.16377264,0.06915564
0.10710031,0.16107893,0.07728682,0.14210917,0.114679985,0.056099117,0.20091206,0.09154123,0.21612252,0.14160231,0.16375257,0.06921381
0.10868961,0.14744706,0.0797376,0.1383754,0.12201641,0.05545134,0.17481907,0.087529264,0.21718995,0.14165066,0.16378658,0.0712015
0.11001555,0.15291063,0.085632086,0.14092353,0.10552874,0.054322254,0.1840771,0.084793255,0.15398747,0.14156583,0.16377985,0.07080229
0.11053563,0.16596289,0.079778664,0.13870111,0.08536673,0.056137167,0.1807228,0.111435324,0.18689695,0.1415682,0.16378309,0.07100487
0.111699544,0.1527033,0.074342355,0.14398167,0.10928026,0.058196645,0.18803379,0.11193156,0.30322742,0.14162338,0.1637656,0.071799174
0.1120425,0.14419544,0.077414654,0.14367048,0.13730952,0.059408363,0.18529557,0.097273394,0.43874732,0.14163868,0.16384728,0.07158747
0.11157599,0.15418129,0.078499965,0.13958299,0.13408259,0.059375983,0.1887762,0.10068173,0.5831737,0.1415503,0.16382876,0.06816401
0.116601616,0.14988004,0.07922082,0.13308933,0.10467912,0.062642746,0.18507665,0.09802805,0.3305865,0.14163624,0.1638264,0.06838694
0.11333823,0.15438162,0.075229906,0.13526766,0.06830305,0.06650531,0.18930647,0.09435016,0.5800429,0.14158146,0.16388161,0.069404334
0.114219,0.15025099,0.07869542,0.13548367,0.10096042,0.05900818,0.20301764,0.11184166,0.7833907,0.14156307,0.16395833,0.06995177
0.112917155,0.14945497,0.076719575,0.13711119,0.087103255,0.05802014,0.20594107,0.0983929,0.55408716,0.14175552,0.16401535,0.07162857
0.09754834,0.15117386,0.07873116,0.14044774,0.1330545,0.0551001,0.21090282,0.09356111,0.6528738,0.14172548,0.16401483,0.07024061
0.10497277,0.15336871,0.07769114,0.14053734,0.10622873,0.05428297,0.21075004,0.08738309,0.86422586,0.14174923,0.16402477,0.07092006
0.10495748,0.15236989,0.07997863,0.14051779,0.122279175,0.051979728,0.21384482,0.09904984,0.81288415,0.14180626,0.16407195,0.066512994
0.10608277,0.15197378,0.07561053,0.13161568,0.093182996,0.050031073,0.20566973,0.09520727,0.5642041,0.14174826,0.16405366,0.067206405
0.10767114,0.14908049,0.07451548,0.14107001,0.08375564,0.062851876,0.19296677,0.083004996,0.7006783,0.14176708,0.16400167,0.06816866
0.1084142,0.14690657,0.07583989,0.13762893,0.12536511,0.05996223,0.181415,0.08678427,0.7356835,0.14176902,0.16409746,0.066280335
0.10219319,0.15703054,0.07229325,0.13454805,0.10708763,0.06314053,0.18740629,0.10006468,0.6445349,0.14178011,0.16409604,0.06413079
0.10558665,0.14947389,0.06963088,0.12763923,0.081400245,0.061098468,0.19414833,0.082269475,0.7552998,0.1417748,0.16406806,0.067038685
0.110788114,0.12510893,0.07445121,0.1254055,0.10637564,0.058452453,0.19385433,0.07963683,0.21655142,0.14180867,0.16416058,0.06417266
0.10909095,0.14651437,0.06986082,0.12674165,0.06342444,0.05308887,0.19257309,0.08021663,0.3539678,0.14184271,0.16418214,0.06474056
0.11023684,0.14885622,0.07058354,0.12359903,0.101192005,0.053386338,0.15960786,0.08792437,0.27235612,0.14188042,0.16424249,0.06614953
0.11151827,0.13547227,0.07489923,0.13185309,0.08360332,0.054152433,0.08770526,0.08830007,0.41510877,0.14192459,0.16420656,0.064498186
0.11344755,0.15052724,0.07639039,0.12938324,0.083318844,0.050274715,0.093822114,0.090627976,0.52560854,0.14187713,0.16427416,0.06627407
0.105823226,0.14592685,0.08168189,0.124761984,0.0849421,0.058192722,0.07829401,0.08326973,0.30383644,0.14197569,0.1643503,0.067257844
0.11011145,0.1700414,0.08323836,0.12919533,0.053854335,0.058681946,0.122602895,0.082732916,0.5225918,0.1419101,0.16427201,0.06698074
0.109443545,0.1635836,0.08057029,0.13631533,0.07037945,0.058770847,0.12813088,0.08938941,0.6491718,0.14192149,0.1643156,0.06546323
0.11118972,0.1533192,0.07453174,0.12926018,0.09798639,0.059594084,0.117693834,0.08080037,0.5938518,0.14197184,0.16431107,0.06639962
0.1112017,0.14909299,0.07389056,0.12923631,0.09222488,0.06163419,0.107360184,0.0906778,0.69577205,0.14198196,0.16435255,0.06654317
0.11131653,0.14329168,0.07244833,0.13297313,0.097036876,0.059901368,0.08507661,0.08010976,0.6178252,0.14204931,0.16435106,0.06781617
0.12061897,0.14747514,0.0813388,0.13389137,0.11276369,0.059439793,0.10815339,0.07854493,0.5408207,0.14206289,0.16438937,0.0655858
0.10678753,0.1554849,0.07295033,0.13171726,0.08694468,0.05876644,0.10981916,0.08610655,0.032589793,0.14207523,0.16438504,0.06325867
0.11116084,0.14811125,0.08126193,0.12873106,0.09144451,0.06319174,0.10012315,0.085171565,0.6585103,0.1420653,0.1644154,0.0643789
0.10150401,0.15372744,0.07413382,0.13028945,0.06888549,0.06117393,0.1405942,0.0691701,0.41136223,0.14204678,0.16445112,0.06569187
0.10646471,0.14863083,0.07307896,0.12978555,0.093901716,0.060077097,0.1388494,0.09379596,0.5805688,0.14206444,0.16446747,0.06717272
0.10661964,0.14689358,0.07379754,0.13872205,0.08324981,0.06099319,0.14866632,0.077282265,0.48516467,0.14208609,0.16445495,0.06413252
0.0892487,0.14859384,0.07327373,0.12602526,0.11631982,0.055372357,0.16168799,0.08664681,0.16086876,0.14215483,0.16445291,0.06879128
0.09998694,0.14491335,0.077428974,0.13132007,0.08392094,0.056056257,0.16505913,0.09222071,0.30469716,0.14204116,0.1644552,0.066566885
0.10039458,0.15423837,0.07621374,0.13195725,0.09303824,0.052178796,0.16827701,0.102167025,-0.131336,0.14213844,0.16452706,0.06525125
0.10332895,0.15791251,0.079938576,0.12655377,0.08752179,0.05292216,0.1670542,0.10071777,0.36159778,0.1421732,0.16457045,0.06521051
0.10500083,0.14524244,0.07443584,0.1271125,0.06757863,0.052874375,0.17024201,0.10630852,-0.11167225,0.14220215,0.16460322,0.06751622
0.10671064,0.13867065,0.07775609,0.13443178,0.06873836,0.04633225,0.14529589,0.08629134,0.15619919,0.1421971,0.16462679,0.06926207
0.107749134,0.14989342,0.08271071,0.13081379,0.10217024,0.048018526,0.14676751,0.08680199,0.44184333,0.14214994,0.16463095,0.06893311
0.10894429,0.15649308,0.09123774,0.13473827,0.0685979,0.043210976,0.14867818,0.089284,0.5745955,0.14219894,0.16461897,0.07007911
0.09219035,0.17403157,0.0893621,0.14123076,0.06365962,0.042056575,0.1485484,0.094682164,0.5546724,0.14221713,0.16465275,0.070865914
0.101521,0.1778595,0.094519585,0.14106376,0.081740566,0.051762115,0.1352741,0.10183177,0.39050087,0.14225642,0.16472937,0.07274286
0.10208488,0.17770518,0.08538171,0.14400259,0.06832156,0.049319617,0.140418,0.07849528,0.23574892,0.14214674,0.16473052,0.07355244
0.10934278,0.1725473,0.09571155,0.14589503,0.085952856,0.03536845,0.20664048,0.0944585,0.5089522,0.14231622,0.1647001,0.07455606
0.107624985,0.19301113,0.09750973,0.14351872,0.08010044,0.03291519,0.20564741,0.09489275,-0.01552543,0.14239796,0.16478442,0.075274415
0.10959908,0.18562074,0.09396276,0.14854713,0.06864342,0.04064528,0.20581225,0.10162585,0.17697833,0.14229918,0.16485076,0.07710095
0.10815172,0.18415195,0.09059853,0.15009849,0.07451347,0.03722964,0.19171578,0.106907025,0.09297326,0.14238478,0.16484131,0.07936633
0.10925757,0.17374521,0.101311915,0.15435484,0.103416175,0.041558217,0.19538526,0.098456934,0.22246474,0.14243019,0.1648591,0.08104575
0.109506816,0.19728214,0.094890274,0.15719096,0.08424923,0.045590654,0.19468804,0.08868132,0.49323404,0.14233993,0.16484642,0.08412941
0.11088762,0.17496572,0.09403982,0.16331814,0.11427138,0.04755271,0.15618807,0.08823101,0.5545136,0.14234269,0.16490865,0.0831272
0.11187225,0.18047248,0.1002055,0.1638833,0.14042036,0.040382333,0.17250662,0.09185152,0.84353054,0.1423201,0.16493863,0.084052004
0.11260586,0.18601903,0.10637663,0.16095726,0.09874366,0.04355773,0.16111508,0.09328192,0.78232056,0.14251201,0.16490237,0.08305986
0.1127602,0.20159417,0.102206245,0.15917571,0.09158956,0.044652525,0.15113875,0.1049838,0.77042806,0.14241476,0.16482873,0.08257385
0.11278865,0.19094796,0.09921188,0.1580429,0.10161207,0.04451661,0.17034842,0.097042486,0.44167334,0.14237854,0.16487734,0.0829469
0.11180425,0.1914645,0.0976246,0.15834473,0.09450464,0.043910053,0.1930331,0.10204015,0.6523437,0.14236923,0.16486937,0.08417995
0.11226558,0.18818069,0.10251918,0.16486643,0.108091414,0.04157017,0.21341586,0.09586875,0.44288462,0.14242473,0.16480221,0.08355904
0.104801185,0.1989433,0.10312866,0.15725434,0.114531204,0.04406795,0.21631245,0.10402229,0.6326598,0.14241299,0.16475798,0.08415508
0.11024538,0.19563675,0.09865314,0.16043623,0.08810433,0.04190876,0.21430281,0.09977172,0.69564635,0.14234138,0.16476463,0.08419529
0.12603913,0.1925413,0.09717708,0.16315208,0.10086455,0.048433334,0.21278317,0.10957677,1.0196097,0.14234698,0.16479523,0.08431651
0.118957296,0.18916747,0.09981929,0.15807013,0.11850082,0.04988991,0.17380503,0.10707908,0.62562734,0.14231585,0.16480264,0.080803856
0.11856325,0.18897276,0.09917402,0.15904547,0.10377956,0.048057735,0.17423917,0.12506926,0.6970922,0.14223951,0.16480511,0.08158391
0.10577321,0.1904754,0.1026813,0.15955906,0.103298694,0.050135273,0.19448337,0.11414033,0.52847785,0.14228916,0.16477986,0.08402938
0.10110388,0.18703687,0.105425365,0.16394757,0.09269739,0.048794936,0.2000903,0.10879207,0.48210168,0.14235063,0.16480239,0.0844375
0.1052497,0.19934507,0.103970736,0.16382323,0.105418146,0.05173787,0.19621111,0.10951049,0.63989776,0.14239874,0.16487254,0.08358368
0.10676656,0.19967057,0.09929282,0.16449709,0.10849558,0.05473866,0.24133992,0.10243878,0.7211396,0.14237097,0.16482933,0.08408391
0.10851031,0.18801284,0.09394908,0.16352777,0.123213954,0.06009431,0.16460934,0.09355937,0.76652056,0.1423698,0.1648015,0.082418635
0.11031662,0.17989467,0.09377195,0.15979591,0.13411626,0.058394916,0.15198356,0.09398389,0.6159867,0.14243157,0.16486076,0.08438079
0.110173985,0.18293644,0.097146004,0.16049801,0.12698363,0.0544354,0.15342346,0.08314816,0.9258872,0.14231937,0.164817,0.084988
0.111079566,0.18532825,0.09805095,0.16236888,0.11638684,0.05141877,0.1524592,0.09522595,0.7890589,0.14243077,0.16479184,0.08410235
0.11217538,0.18335241,0.10219304,0.16276132,0.1020788,0.050752215,0.18884534,0.09006789,1.0142823,0.1423562,0.16481584,0.08243999
0.110860586,0.18655859,0.09900075,0.16755152,0.10925415,0.05027055,0.1906952,0.099546395,0.8769405,0.14235257,0.16487864,0.08254774
0.11210191,0.19699451,0.0907099,0.16052091,0.13558227,0.05800999,0.19021374,0.093970224,0.6649396,0.14240254,0.16484508,0.07893383
0.11085636,0.17017283,0.09035221,0.15075654,0.13388155,0.056888252,0.22486961,0.09072475,0.23880911,0.14238498,0.1648445,0.07769693
0.111254565,0.1746667,0.08713458,0.14711043,0.11049496,0.056539044,0.17590457,0.09661409,0.41430518,0.14241667,0.16483794,0.079443544
0.11161972,0.16547193,0.09303067,0.15875393,0.10792836,0.062149003,0.15667701,0.092566535,0.53434664,0.14232588,0.16480307,0.079328604
0.1113847,0.1813063,0.0896188,0.15473731,0.124888115,0.06512305,0.1792182,0.08685749,0.7375462,0.14238973,0.1647935,0.07844608
0.11204204,0.1697518,0.094489016,0.15108885,0.11098233,0.06697486,0.16855764,0.08047998,0.7256643,0.14234553,0.16479398,0.075305104
0.11216488,0.18857974,0.08407278,0.14540473,0.09415534,0.067007795,0.17825855,0.07372446,0.6722969,0.1422492,0.16476578,0.07530247
0.112698965,0.16387646,0.08278888,0.14664766,0.10492273,0.0691191,0.18244207,0.09450808,0.60515714,0.14225781,0.1647563,0.075746186
0.113788076,0.16054858,0.0803168,0.15225844,0.112123884,0.07005978,0.167855,0.08224188,0.33128583,0.14234848,0.16480643,0.07317753
0.10386086,0.14983803,0.08475928,0.14261517,0.15015785,0.07234256,0.18782872,0.07519238,0.031677634,0.14229204,0.16478488,0.07225497
0.1083007,0.16359344,0.0770672,0.13536085,0.100829005,0.07277389,0.17003402,0.0662197,0.23663813,0.14234884,0.1647647,0.07323255
0.107851535,0.15400355,0.08516622,0.14459334,0.10782196,0.074396744,0.16878298,0.094498254,-0.006292939,0.1423931,0.16480733,0.07315162
0.10773061,0.16748586,0.07766909,0.14451195,0.10597934,0.066628724,0.16812666,0.09638268,0.20554468,0.14240299,0.1647676,0.07481491
0.108195186,0.14938425,0.08155316,0.15171045,0.11794789,0.06622613,0.1648169,0.09648037,0.12893176,0.14224431,0.16481149,0.07511051
0.10879759,0.16283749,0.0847627,0.14975427,0.13758977,0.06272281,0.1492261,0.096185625,0.38496482,0.14238416,0.16479574,0.0754756
0.11016752,0.17917944,0.09015482,0.14716408,0.12408799,0.059381865,0.15336135,0.10568391,0.565969,0.14231911,0.16489045,0.07669007
0.109934516,0.17530318,0.088826135,0.15831548,0.08665271,0.055798486,0.122163616,0.12749657,0.4520661,0.1422705,0.16486388,0.07918011
0.11128282,0.1698957,0.09646463,0.1556975,0.124231964,0.06072519,0.12474872,0.11008586,0.6447847,0.1423292,0.16482738,0.07912936
0.11094024,0.1911213,0.09650388,0.15582716,0.13114446,0.057914972,0.11441724,0.099015266,0.6762793,0.14233814,0.16482449,0.0772091
0.11142169,0.1823199,0.092705354,0.15873933,0.1005688,0.059821762,0.12074291,0.13254812,0.74777824,0.14242108,0.16484992,0.07787116
0.11071904,0.19314848,0.094161,0.14898898,0.1265974,0.057822347,0.14045925,0.11079506,0.5759982,0.14231727,0.16483098,0.07458214
0.11031173,0.18084176,0.08932115,0.14598489,0.07968594,0.05785258,0.14876622,0.11345671,0.698937,0.14243928,0.16482049,0.07413646
0.11096658,0.17139043,0.08796041,0.1460603,0.090615645,0.055222545,0.14376244,0.12051888,0.73600346,0.14239573,0.16487746,0.07873077
0.12556583,0.17019477,0.092253886,0.14776519,0.10041781,0.05925724,0.13996586,0.10365108,0.7782058,0.14235918,0.16495135,0.07623357
0.1184033,0.16397798,0.09777044,0.14577115,0.09301315,0.06309245,0.14507806,0.11301407,0.78525156,0.14248614,0.16494234,0.07624215
0.118798986,0.19037102,0.089069165,0.14982533,0.0777357,0.062199607,0.17145328,0.10350469,0.7962949,0.1423745,0.16497208,0.07513471
0.11667137,0.17168751,0.08571263,0.14754365,0.106615424,0.06402616,0.16959825,0.08325772,0.39114386,0.14251903,0.16503155,0.07530035
0.11562486,0.16873838,0.086673886,0.14683497,0.08873488,0.06845017,0.1670554,0.07079497,0.676412,0.14248554,0.1650837,0.07654418
0.11433176,0.16391617,0.08501672,0.1512846,0.09926267,0.06449242,0.16895689,0.10789882,0.5474146,0.14248857,0.1650628,0.075029805
0.11406952,0.16540697,0.08496293,0.14795278,0.13069776,0.062169444,0.17687264,0.09888838,0.01669991,0.14262867,0.16503522,0.07434339
0.11347266,0.16258822,0.085115224,0.14867994,0.11481603,0.060886245,0.17764609,0.09399484,0.29450935,0.1425571,0.16504051,0.07720925
0.1124117,0.16693306,0.08461778,0.1501655,0.11266641,0.057651952,0.17303175,0.095887184,0.4994312,0.14255512,0.16505821,0.0781023
0.11257685,0.17517094,0.08739182,0.15690082,0.12312253,0.05856807,0.14492527,0.098897204,0.07554096,0.14259891,0.16503237,0.07558384
0.111042485,0.17288764,0.08622554,0.14383335,0.13430087,0.053838678,0.16719863,0.09950568,0.30024073,0.14255457,0.16498387,0.0755014
0.11134125,0.16798928,0.08682812,0.15014756,0.105649605,0.050599083,0.2032458,0.0971636,0.35831955,0.14258555,0.16499305,0.07280319
0.11184945,0.17914778,0.08040503,0.14428982,0.116320714,0.048648525,0.19481559,0.11165191,0.06998256,0.14250821,0.1649294,0.07456671
0.11121216,0.15944612,0.08563103,0.14748561,0.1182067,0.048324205,0.2167041,0.09493697,0.19994722,0.14249693,0.1649016,0.075158775
0.11054529,0.16719481,0.08548881,0.14816521,0.11797007,0.045768753,0.19627364,0.102636755,-0.0065835416,0.14246365,0.16490544,0.07536278
0.097026154,0.16289198,0.089563586,0.14993685,0.11696436,0.051467016,0.17974871,0.09264068,-0.10716832,0.14246139,0.16496447,0.077118814
0.104724936,0.17016983,0.089595854,0.15073507,0.10815628,0.048735674,0.16106477,0.10195535,0.5023186,0.14245652,0.16498917,0.07790659
0.104648165,0.17238416,0.09339032,0.14685799,0.11288247,0.053116582,0.15716338,0.106539816,-0.021336406,0.14251323,0.16496699,0.077787004
0.10646135,0.18137187,0.102050334,0.15337989,0.064754166,0.04876797,0.15641995,0.11246686,0.23689239,0.14247899,0.16503224,0.07667501
0.10741561,0.19538246,0.092815936,0.1523331,0.08126908,0.05024327,0.16259088,0.09418273,0.46755916,0.14243574,0.16507664,0.077281356
0.08979804,0.17547362,0.09613877,0.15130025,0.09841053,0.04803303,0.15011773,0.0901788,0.09663135,0.14258085,0.16500211,0.078342274
0.100435466,0.18064082,0.092733145,0.15334684,0.09514742,0.049502008,0.14589922,0.07694015,-0.11364713,0.14260364,0.16503148,0.078984745
0.10165111,0.17481017,0.09571114,0.15650767,0.11325041,0.05176738,0.15018937,0.10713519,0.33210766,0.14248459,0.16503617,0.078545436
0.099499986,0.18496476,0.09068377,0.15207148,0.11498724,0.05229599,0.15037808,0.09630742,0.11150783,0.14255443,0.16505475,0.07569692
0.103488564,0.1797727,0.0897006,0.1511204,0.10906604,0.057491407,0.13914081,0.090117365,-0.20078325,0.1425946,0.16509701,0.077424824
0.105703615,0.1759909,0.09428142,0.15316087,0.112072565,0.05251978,0.12675175,0.09067996,0.3224776,0.14255701,0.16510881,0.07712997
0.108796045,0.18377435,0.09363794,0.14847197,0.108610995,0.04777084,0.12883593,0.089176446,0.46499687,0.14256771,0.16507544,0.078471065
0.10884366,0.18978456,0.0921655,0.15670392,0.09310558,0.0481681,0.10944365,0.098701954,0.10555178,0.14257705,0.16506593,0.08132429
0.110325105,0.18420802,0.09572075,0.1536694,0.11412248,0.05248971,0.094245866,0.12804952,0.12871224,0.14262028,0.16509472,0.0814889
0.11161847,0.18534005,0.10047013,0.16054037,0.102772474,0.05529134,0.09128673,0.116361916,0.23130044,0.14255445,0.16513495,0.07819857
0.11182574,0.17973201,0.096490055,0.15185945,0.10454142,0.054329373,0.08313229,0.09933087,-0.027308136,0.14256816,0.16510595,0.08049375
0.11161564,0.18725225,0.099490725,0.15678877,0.095370024,0.04913913,0.09275442,0.10736449,0.41318685,0.14255068,0.16507994,0.08117325
0.111380406,0.18673268,0.10113071,0.15820879,0.10572421,0.047528554,0.097506516,0.116756044,0.77420366,0.14260988,0.16504021,0.08152203
0.111909166,0.19527942,0.101741165,0.15995684,0.10564066,0.050450366,0.1044401,0.123398766,0.7365489,0.14257123,0.16505687,0.08280865
0.11778188,0.18990676,0.10073268,0.16210198,0.10086079,0.05427887,0.12780419,0.1245653,0.5174707,0.14250427,0.16503552,0.08091799
0.09563494,0.19245729,0.102999985,0.15492393,0.1105642,0.057048615,0.13126715,0.10976902,0.42038834,0.1425765,0.16505773,0.07989756
0.10502473,0.21035472,0.09695897,0.15558611,0.074872494,0.0554727,0.1452061,0.10350123,0.6070241,0.14258471,0.16509627,0.082768604
0.104157455,0.18471697,0.101817004,0.15615302,0.10244727,0.056413747,0.13074704,0.115378805,0.71079963,0.14255597,0.16514224,0.081601866
0.10700263,0.19492835,0.10459505,0.15821686,0.08022843,0.052641552,0.11675919,0.101894505,0.72693205,0.14258271,0.16512388,0.07746834
0.093762875,0.20049758,0.0929237,0.14876701,0.08701931,0.053677954,0.07953747,0.103616916,0.49907273,0.14255369,0.16512106,0.079642676
0.08156775,0.17056128,0.10311081,0.14748822,0.09618536,0.057422217,0.084183514,0.0940637,0.6252037,0.14262415,0.16512302,0.079916686
0.093235694,0.21392103,0.09401163,0.15712565,0.069189526,0.047966536,0.09995852,0.1089665,0.5075869,0.14259443,0.16507877,0.080128305
0.1021067,0.19825026,0.09844452,0.15515146,0.12480059,0.050356846,0.0865914,0.103817135,0.43745685,0.14259686,0.16509362,0.079261556
0.10306239,0.18886164,0.09513658,0.15350306,0.097925894,0.05224849,0.06004291,0.11211685,0.22408709,0.14262651,0.16510946,0.07836826
0.10562461,0.18144733,0.095777504,0.15266922,0.10828538,0.052438684,0.063578196,0.10268302,0.48053205,0.14249139,0.16513097,0.079201944
0.10812164,0.18194695,0.09935757,0.1589182,0.091950454,0.058835544,0.06935636,0.1236112,0.5854625,0.14258778,0.16508219,0.0793178
0.10859299,0.19313383,0.100551024,0.15582879,0.103549294,0.058566026,0.079714306,0.11566212,0.79924285,0.14263059,0.16505828,0.07852601
0.10970434,0.19379726,0.095139876,0.15246114,0.08920202,0.062283255,0.08803608,0.10253373,0.94336367,0.1425453,0.1651233,0.079790585
0.10981614,0.18007821,0.09486066,0.15434578,0.08724781,0.06472119,0.11025204,0.08816205,0.6812813,0.14258002,0.16513509,0.07954312
0.11110916,0.1849857,0.10143822,0.15433607,0.09759714,0.06557593,0.17662567,0.08602677,0.7362323,0.14254421,0.16520028,0.07816902
0.10960784,0.19903818,0.088891394,0.15138192,0.08265696,0.05867022,0.17297003,0.088714,0.7215471,0.14269565,0.1652201,0.07642642
0.110939644,0.17173272,0.092719086,0.1496129,0.11092578,0.059479598,0.14901018,0.087452725,0.30916435,0.14270139,0.16532534,0.075584695
0.1113707,0.18001127,0.08541002,0.15044495,0.097132266,0.062657416,0.14658599,0.08287254,0.5148846,0.14269789,0.16531862,0.07621263
0.11206451,0.17004848,0.09224652,0.15056325,0.12029299,0.06133869,0.14747238,0.09005676,0.42428717,0.14271967,0.1653267,0.07518772
0.111630924,0.18403646,0.08398175,0.14943673,0.1015482,0.06605318,0.1140164,0.118474856,0.5233219,0.14280197,0.16532828,0.074128464
0.11232849,0.16207962,0.08715395,0.14534317,0.12015605,0.06644771,0.10055796,0.10497131,0.6624669,0.14271031,0.16532147,0.07525143
0.11154714,0.17054538,0.09096881,0.14459337,0.07897552,0.06451272,0.0823681,0.1006109,0.69256335,0.1427361,0.16537158,0.07495317
0.1117993,0.18134168,0.094343215,0.14493279,0.072386205,0.06806898,0.092932746,0.09429028,0.25755146,0.14277528,0.16537131,0.07223026
0.11143306,0.1824353,0.087983236,0.14049938,0.06269418,0.06482136,0.062925786,0.082674965,0.17072424,0.14275335,0.16528802,0.07342584
0.11229547,0.17277709,0.09328367,0.14457907,0.07183722,0.067111865,0.070980504,0.098655425,0.433778,0.14278325,0.1653072,0.075115666
0.11203112,0.1985162,0.08489542,0.1469899,0.08081113,0.068469144,0.06880997,0.09273753,0.5814514,0.14274038,0.16532892,0.07519515
0.11171688,0.16898154,0.09086816,0.14473797,0.09924859,0.072595865,0.10964152,0.10344015,0.267546,0.14266951,0.16529526,0.07456229
0.111104496,0.17759426,0.08725443,0.15111043,0.08528841,0.068810456,0.10911645,0.09725205,0.5502054,0.14277713,0.16526358,0.077546135
0.11178146,0.17528874,0.09480875,0.15502521,0.13970873,0.070054576,0.11427683,0.12353204,0.44998157,0.14271693,0.16526543,0.07822085
0.09402911,0.17838597,0.09216701,0.14800705,0.09522384,0.066348664,0.09866809,0.10739317,0.6253164,0.14279823,0.16527098,0.07635081
0.10335106,0.17979658,0.09676095,0.15345955,0.095689,0.0670095,0.09511179,0.11323631,0.5675307,0.14261556,0.16521558,0.07854584
0.10319091,0.18714483,0.094978034,0.15396465,0.099498875,0.070130244,0.08785415,0.08934055,0.34073746,0.1427549,0.16525224,0.07947137
0.105707996,0.18898758,0.09343871,0.15283519,0.1048697,0.07341112,0.09465809,0.09356328,0.41979256,0.142642,0.16529799,0.08179842
0.107255034,0.19046655,0.09737006,0.16313504,0.10814487,0.07653539,0.09286256,0.106237605,0.11126602,0.14272855,0.16536194,0.080768034
0.10764062,0.18965848,0.09682728,0.15839931,0.1312217,0.07046517,0.07530937,0.09836652,0.47518224,0.14275853,0.16536373,0.08360393
0.11377523,0.18778855,0.10643232,0.16262047,0.11284095,0.0759848,0.07290231,0.08729173,0.25484705,0.14283533,0.16527158,0.08361001
0.11239325,0.20756659,0.09835459,0.1587204,0.09140992,0.07170124,0.072194755,0.08726519,0.87875336,0.14268158,0.16533649,0.08316661
0.112459995,0.18441425,0.094297186,0.15420881,0.09735167,0.07204453,0.07438817,0.080616325,1.070501,0.14275967,0.16531122,0.08165666
0.112838775,0.17913537,0.09423489,0.16573443,0.09769904,0.07034214,0.03571786,0.07377212,0.43869016,0.14274412,0.16537644,0.08038279
0.11409061,0.18158479,0.099884406,0.15822455,0.14134769,0.06688139,0.028997157,0.08184704,0.44818872,0.14264016,0.16540533,0.08015996
0.11399742,0.19634025,0.094092585,0.15650903,0.09984857,0.07431215,0.022711197,0.08587403,0.5764751,0.14274727,0.16539848,0.07948839
0.11374912,0.18533045,0.101843804,0.15478231,0.09717984,0.07024998,0.022648484,0.07903236,0.5823813,0.14285582,0.16542934,0.07885118
0.1135935,0.2022063,0.09533392,0.15066217,0.085847184,0.07323095,0.031295136,0.07994598,0.47637075,0.14277373,0.16547379,0.079015546
0.11356374,0.18143155,0.09723253,0.15417449,0.08971789,0.092835024,0.03586046,0.070599586,0.23602417,0.14282472,0.16544656,0.07982636
0.11264922,0.18958746,0.08801909,0.15389597,0.10234208,0.07500794,0.041378062,0.084728904,0.5408622,0.14287923,0.16549486,0.078550324
0.111066766,0.17454034,0.0969792,0.15049525,0.12962246,0.07398839,0.042796113,0.078398645,0.391177,0.1428649,0.16547032,0.07579783
0.11256438,0.18738241,0.090815976,0.1524426,0.07979876,0.06808766,0.046441127,0.07793647,0.5336461,0.1428686,0.1654648,0.07651107
0.123650596,0.17853409,0.094947286,0.14810787,0.11455338,0.07025898,0.03553592,0.094644174,0.45669892,0.14281854,0.16550824,0.07631951
0.118612036,0.18443592,0.09105523,0.15048328,0.08120915,0.069587864,0.023426369,0.10218398,0.42961323,0.14279073,0.16552754,0.07498355
0.114480376,0.18162069,0.08839333,0.14796326,0.08853926,0.068677016,0.033861037,0.0987009,0.7599632,0.1429308,0.165519,0.0753995
0.11542285,0.16656224,0.094491616,0.14133635,0.09889852,0.076496854,0.026369683,0.103578374,0.5866156,0.14286369,0.16549663,0.08012255
0.11470137,0.18214186,0.097629525,0.1582,0.070185006,0.07584848,0.03548363,0.09601397,0.6656208,0.14287692,0.16550934,0.080885366
0.114170454,0.18983938,0.10050308,0.15180817,0.10812042,0.07126363,0.043469135,0.08444249,0.2740349,0.14285994,0.16552241,0.07760216
0.113140546,0.1996844,0.09306313,0.15304877,0.07205963,0.06773652,0.045900863,0.08602627,0.19366857,0.14291137,0.1655262,0.07654598
0.11378556,0.17072195,0.09366293,0.14784369,0.10364552,0.06857427,0.08552186,0.08010064,0.14915648,0.14282553,0.16551937,0.0770016
0.11321395,0.18929018,0.09613028,0.14997931,0.08941842,0.06847005,0.07107113,0.07491034,0.42479497,0.14287175,0.16547732,0.0783662
0.112621516,0.18607867,0.09342647,0.15293783,0.09255294,0.06210703,0.063270725,0.08473891,0.2965604,0.14281373,0.16548102,0.078703046
0.113246284,0.1825229,0.09408119,0.14742415,0.10694048,0.06617339,0.07457923,0.09056928,0.20676377,0.14290416,0.1655033,0.07885045
0.11222658,0.18235834,0.08826168,0.15546569,0.07795299,0.07251898,0.085478604,0.081464745,-0.13625377,0.14287491,0.16553456,0.08082473
0.10525347,0.17589635,0.09766205,0.15569952,0.13422506,0.07403137,0.105933845,0.11055539,0.13430941,0.14291883,0.16553691,0.078806795
0.107903644,0.19296707,0.0915237,0.15641242,0.10619222,0.07043911,0.10996665,0.10865468,0.33734497,0.14284222,0.16547628,0.07925951
0.09720931,0.17883812,0.08981438,0.15516011,0.10961206,0.06625448,0.114603914,0.11146169,0.71826595,0.14297615,0.1655082,0.0800014
0.10425636,0.17464417,0.09911712,0.15766689,0.10436659,0.063515544,0.12728849,0.12708245,0.5307882,0.14286639,0.16552995,0.080097765
0.09347266,0.19077247,0.096598245,0.15417732,0.103331916,0.06035619,0.12750806,0.10169591,0.5840213,0.14292814,0.16562054,0.08110669
0.101094335,0.18643132,0.096960425,0.15876287,0.09289783,0.06923256,0.13481063,0.1085175,0.48825705,0.14293553,0.16556856,0.08182656
0.10166763,0.19115306,0.10090087,0.15796559,0.114569046,0.06971445,0.13478222,0.10214839,0.24125507,0.14299355,0.16558802,0.08298201
0.105055116,0.195461,0.10080914,0.15801258,0.09454895,0.06573378,0.13328123,0.09208271,0.5187913,0.14288905,0.16560173,0.08425083
0.1056277,0.19802988,0.10225556,0.16561839,0.09788365,0.06345437,0.1178886,0.10520591,-0.0348188,0.14293687,0.16560076,0.085569665
0.10742297,0.19700168,0.11407943,0.16830897,0.09882663,0.06717074,0.121390246,0.09963384,0.23170575,0.14290607,0.16562626,0.08620481
0.107554905,0.21135761,0.10649711,0.1711755,0.09876884,0.069638625,0.117795885,0.09162164,0.47916985,0.14289619,0.1656829,0.085891455
0.10866618,0.1986591,0.10374117,0.16446687,0.102020405,0.07116693,0.08096488,0.095048845,0.41642374,0.14295144,0.16571277,0.08597932
0.109997235,0.19373895,0.09708829,0.16560073,0.110580154,0.07538201,0.05892957,0.09729753,-0.0051425993,0.14302944,0.16574708,0.08714915
0.11037038,0.18999323,0.10414517,0.16868246,0.13405485,0.073670834,0.048958264,0.095471494,0.33079916,0.14291568,0.16579245,0.09013755
0.10706236,0.19611354,0.10896681,0.17326324,0.12875062,0.073203005,0.06824104,0.09465321,0.042591155,0.14313005,0.16581394,0.091058046
0.10870056,0.19865434,0.11415259,0.17790769,0.1281082,0.07268813,0.04858798,0.11222847,0.02782011,0.14304528,0.16579676,0.09186023
0.11001601,0.2203623,0.11888534,0.17740402,0.12423045,0.08114395,0.036944315,0.108711876,0.03214413,0.14312474,0.1658125,0.09221073
0.1102784,0.22579476,0.1137103,0.17753512,0.0919251,0.07944857,0.029184839,0.106168136,-0.04958585,0.14305107,0.16581988,0.09307122
0.11029988,0.20722161,0.11731438,0.18266483,0.08676095,0.076175705,0.014440078,0.10070349,0.43708795,0.14306366,0.16575961,0.09059984
0.11150252,0.22509919,0.11858015,0.17247958,0.12369062,0.07369128,0.014334271,0.10071146,0.08294302,0.14314897,0.16573328,0.09006673
0.11128977,0.22023396,0.11282477,0.17171732,0.07023889,0.07029564,-0.0012283614,0.10630648,0.8018042,0.14299233,0.16573997,0.08877952
0.11184024,0.21625257,0.11303821,0.16953538,0.096812055,0.06872101,-0.018171245,0.11031868,0.037063837,0.14298223,0.16578409,0.085680366
0.12679563,0.21115847,0.11112229,0.16854613,0.100884296,0.07264559,-0.054529145,0.11826473,0.12982625,0.14296484,0.16583791,0.08706311
0.11995658,0.2129136,0.11311867,0.17223819,0.09849122,0.07234121,-0.03245944,0.10172902,0.47213733,0.14307377,0.16574958,0.08457143
