A,B,C,D,E,F,G,H,I,J,K,L
0.07519503,-3.4428647,-1.9075161,-1.0756034,0.23593974,0.02181507,0.731831,0.08164136,0.35211056,0.041731603,0.032343768,-0.5953893
0.078922376,-3.555355,-1.9621747,-1.1361662,0.21909198,0.01979792,0.77002996,0.10330373,0.33350027,0.043592818,0.034805592,-0.6332701
0.07433078,-3.6358356,-2.0091074,-1.2067055,0.26486754,0.022112668,0.81013626,0.09331074,0.6342173,0.045499917,0.037286922,-0.66849947
0.07588937,-3.722341,-2.0510952,-1.2711476,0.2734617,0.021371976,0.85159504,0.09208308,0.31465238,0.047479577,0.03974598,-0.70434517
0.07752176,-3.780509,-2.0919187,-1.3295203,0.26760638,0.018264,0.9476145,0.090042055,0.03258133,0.04939256,0.04232845,-0.7378965
0.0774292,-3.8606257,-2.1309123,-1.3844441,0.28751984,0.020708019,0.97527057,0.09520923,0.1935113,0.051387627,0.044849142,-0.76597685
0.07634921,-3.926942,-2.1663377,-1.4413605,0.31721485,0.032247335,1.0447714,0.09130651,0.21110635,0.053345677,0.04754223,-0.79774624
0.07012214,-3.9738524,-2.1970768,-1.4933659,0.31466457,0.03179436,1.0611057,0.09893454,0.32080042,0.055371486,0.050265484,-0.82682425
0.06775113,-4.012981,-2.2257252,-1.5432566,0.32623407,0.029401883,1.0928669,0.10107567,0.8181604,0.05748268,0.05297012,-0.85638577
0.06993105,-4.082206,-2.2533276,-1.595097,0.36108637,0.029614408,1.1416746,0.09219144,0.4053437,0.05957528,0.055700243,-0.88516665
0.069707885,-4.11717,-2.2766907,-1.6442271,0.33010444,0.026274052,1.1669161,0.08922607,0.35743093,0.06166069,0.058423933,-0.91716284
0.07073106,-4.15097,-2.2982302,-1.7020129,0.34638816,0.02881678,1.1576191,0.08873492,0.31886977,0.063750185,0.061153244,-0.94410926
0.06993888,-4.192779,-2.3179927,-1.7471323,0.32370383,0.029401742,1.1551099,0.09313712,0.28648806,0.06585117,0.0639317,-0.9670733
0.05524455,-4.223918,-2.3269954,-1.7853583,0.3414186,0.026919086,1.1870716,0.09421814,0.5193099,0.06802751,0.06677578,-0.99043554
0.057654787,-4.211811,-2.3411722,-1.8239039,0.3247093,0.024444131,1.2196021,0.08568445,0.20386234,0.07013148,0.06960846,-1.007064
0.059276678,-4.251006,-2.3522627,-1.8534404,0.3614372,0.020972043,1.2293584,0.09415329,0.24600866,0.07234418,0.0725001,-1.0267125
0.060979612,-4.2587504,-2.362032,-1.888229,0.34568894,0.031253982,1.251506,0.08081308,0.4891526,0.07453603,0.07534965,-1.0461776
0.061441254,-4.2845144,-2.3640637,-1.9193974,0.34610793,0.025148707,1.2728248,0.0881379,0.4550254,0.07670446,0.0781705,-1.0645287
0.061978787,-4.27964,-2.3645754,-1.9509231,0.35521516,0.021874264,1.3153113,0.086510345,0.28830007,0.078836426,0.08088772,-1.083564
0.062267326,-4.2743263,-2.3668532,-1.981599,0.36956725,0.019586734,1.3429683,0.08420769,0.16433573,0.08088966,0.083697446,-1.0938672
0.061785422,-4.2714434,-2.3671901,-1.9981349,0.400329,0.014737575,1.3675475,0.09277089,0.44519728,0.08301864,0.08657217,-1.1061211
0.061603986,-4.2766924,-2.3657815,-2.0154257,0.39133808,0.014332399,1.4061532,0.09414822,0.39617082,0.085235074,0.08943554,-1.1210423
0.045979902,-4.266818,-2.360058,-2.0400438,0.38959533,0.011826876,1.425218,0.09294641,0.098686695,0.08743496,0.09225874,-1.1342438
0.04785793,-4.250768,-2.3523629,-2.0672712,0.39262664,0.0060418546,1.4444526,0.09896121,0.22517294,0.08953732,0.09499995,-1.1450828
0.029815009,-4.227611,-2.3427062,-2.0803664,0.3978142,-0.0017224951,1.4186019,0.10185362,0.504314,0.09158889,0.097846895,-1.1530302
0.03610666,-4.20363,-2.329538,-2.0915074,0.39371338,-0.0038122586,1.4456955,0.09762961,0.55690074,0.09374168,0.10058393,-1.160834
0.037281405,-4.185336,-2.3203704,-2.1057956,0.4294319,-0.006715484,1.4963654,0.1193669,0.37233981,0.0958318,0.10334903,-1.1663305
0.040372267,-4.162488,-2.3052032,-2.1100104,0.39844462,-0.0103721265,1.5143706,0.1275388,0.6227462,0.0979387,0.10610609,-1.1749512
0.042136937,-4.1268888,-2.288785,-2.1160522,0.44332838,-0.012649767,1.5319252,0.11830647,0.5045113,0.099996746,0.10877636,-1.1795161
0.042539977,-4.101336,-2.2684944,-2.130271,0.43297237,-0.015102244,1.5697025,0.0978843,0.5729222,0.10203436,0.11148677,-1.184295
0.043707997,-4.05237,-2.2515376,-2.1398685,0.39611238,-0.015474779,1.5823221,0.111598305,0.64866936,0.10403055,0.11409247,-1.1854637
0.04548037,-4.025086,-2.2328072,-2.1425257,0.4318771,-0.0054725017,1.5841851,0.11903413,0.5607284,0.10605027,0.11673105,-1.1890476
0.055864245,-3.9897516,-2.210968,-2.1449828,0.44621584,-0.008582336,1.6069415,0.09223817,0.6148467,0.107997455,0.11934587,-1.1913441
0.05173056,-3.9447238,-2.1849775,-2.1452186,0.4409478,-0.011553471,1.6055394,0.10186587,0.65513957,0.10997963,0.12189874,-1.1915691
0.049643364,-3.896409,-2.157616,-2.1422472,0.436943,-0.014267907,1.6141312,0.12810947,0.54568905,0.11190017,0.12437933,-1.1887878
0.046625048,-3.846289,-2.1327841,-2.132943,0.4501449,-0.01726257,1.6130922,0.12638094,0.5289348,0.11368678,0.12687464,-1.1853851
0.045995474,-3.790408,-2.1076336,-2.124119,0.47610804,-0.020101324,1.6061398,0.12733422,0.73324084,0.115642846,0.1294015,-1.1836263
0.0445624,-3.7488112,-2.0813317,-2.123359,0.45438534,-0.025604835,1.6077272,0.12992434,0.72442156,0.117481664,0.1318616,-1.1760929
0.045097165,-3.6946557,-2.0454714,-2.1093595,0.43315524,-0.028306037,1.6420705,0.14114556,0.54619586,0.11933565,0.13427407,-1.172487
0.024150396,-3.6295338,-2.0173154,-2.1010928,0.43643457,-0.0318787,1.6679882,0.14013532,0.77843034,0.12120906,0.13673715,-1.1670569
0.023492465,-3.5806518,-1.9855132,-2.08618,0.45071775,-0.03691166,1.6234123,0.12840435,0.61703604,0.12300895,0.13905679,-1.160368
0.027225813,-3.5185394,-1.9524684,-2.0709972,0.4867439,-0.04294265,1.6267834,0.12096428,0.562976,0.124754086,0.14133678,-1.154806
0.030807218,-3.4553807,-1.9209546,-2.0613654,0.45287123,-0.050263967,1.5827106,0.12453792,0.51541376,0.12642878,0.14355038,-1.1477973
0.032635383,-3.3716471,-1.8840021,-2.043949,0.4736672,-0.052086595,1.5789205,0.10715005,0.47628492,0.12811151,0.14577591,-1.1374259
0.034706064,-3.3228943,-1.8459092,-2.0242546,0.4317476,-0.05456242,1.5720074,0.097109765,0.2899677,0.12978604,0.14797345,-1.1280456
0.037568413,-3.241989,-1.8068503,-2.0058143,0.46094817,-0.058044642,1.5985196,0.09469446,0.57197386,0.13140018,0.15015613,-1.1175817
0.040079765,-3.1951246,-1.7774476,-1.9844465,0.45242,-0.060708147,1.5889236,0.09822765,0.52017725,0.13297929,0.15230191,-1.1035742
0.03945323,-3.1178873,-1.7417227,-1.9644747,0.46822643,-0.067796975,1.5766928,0.11788498,0.2347107,0.13456154,0.15436137,-1.0901638
0.041618392,-3.0633993,-1.7002546,-1.9327563,0.4858193,-0.072211474,1.5602977,0.13321263,0.22515023,0.13611282,0.15652932,-1.0757939
0.03682717,-2.9938107,-1.6585338,-1.9167619,0.4630165,-0.07120784,1.5556904,0.11797442,0.26123503,0.1377572,0.15845096,-1.0617298
0.038082287,-2.9106698,-1.621145,-1.8769435,0.4327999,-0.07856281,1.5317329,0.10574138,0.23555586,0.13909183,0.16037367,-1.047505
0.040178843,-2.8348687,-1.5803138,-1.8628242,0.48778865,-0.08314555,1.5075378,0.09931195,0.1939803,0.14055109,0.16226994,-1.0320694
0.044254296,-2.7706566,-1.5373187,-1.8175888,0.42395663,-0.086053245,1.4911848,0.09067,0.49325937,0.14202723,0.16401993,-1.0173506
0.04621958,-2.6824675,-1.496104,-1.7889825,0.4355,-0.09891821,1.4740728,0.10778232,0.53728664,0.14333023,0.16582832,-0.9986164
0.04760246,-2.6130855,-1.4565734,-1.7619635,0.4304983,-0.09933739,1.4214752,0.13284822,0.698616,0.14460015,0.16748822,-0.9809419
0.049232975,-2.538091,-1.4203268,-1.7259811,0.42756644,-0.10001527,1.4111089,0.12785952,1.101791,0.14585656,0.16916497,-0.9633678
0.049328312,-2.468503,-1.3824478,-1.6992809,0.42158714,-0.1036626,1.3935475,0.11115612,0.5835962,0.14706662,0.17071033,-0.9475196
0.05030572,-2.3933642,-1.340377,-1.6663306,0.4298989,-0.091711886,1.3924719,0.11758393,0.2925653,0.14821544,0.17233367,-0.9306116
0.05127543,-2.3236117,-1.297104,-1.6358533,0.4092726,-0.09280916,1.3631442,0.11034595,0.40978783,0.14939035,0.17391016,-0.91390276
0.053972587,-2.244308,-1.2453276,-1.606233,0.38268366,-0.09379681,1.3459219,0.11306308,0.3299592,0.15057914,0.17538719,-0.8950585
0.05469485,-2.1499875,-1.2035667,-1.5668222,0.40431106,-0.08707364,1.3386545,0.11253749,0.9090768,0.1516528,0.17676568,-0.87558985
0.055799972,-2.0798955,-1.1625488,-1.5308843,0.37609723,-0.08657778,1.3095088,0.109584354,0.5764971,0.15261212,0.17816252,-0.85659164
0.055780884,-1.991986,-1.1215062,-1.4958873,0.3661601,-0.08940611,1.2541281,0.11727169,0.6046367,0.15366729,0.17951259,-0.8343787
0.057499573,-1.9219273,-1.0802974,-1.4561708,0.4139946,-0.0853924,1.2342168,0.11552587,0.60864264,0.15460934,0.18073289,-0.8094891
0.057740577,-1.8499677,-1.0394161,-1.4117074,0.37846908,-0.08565381,1.2461786,0.102409095,0.36245728,0.15557025,0.18197475,-0.7850652
0.058058787,-1.7669413,-0.99568814,-1.3684309,0.3684398,-0.085448734,1.226432,0.10323193,0.6072164,0.15645449,0.1831812,-0.7642609
0.061157748,-1.7039673,-0.9559843,-1.3302431,0.40856558,-0.07974345,1.2118874,0.10350434,0.66192657,0.15729615,0.1843182,-0.7421982
0.062242124,-1.6271312,-0.91434443,-1.2859708,0.33886325,-0.07250843,1.215982,0.106083155,0.470766,0.15820257,0.1853515,-0.72361535
0.06243848,-1.5528218,-0.87368083,-1.2572105,0.3918125,-0.06530205,1.2016021,0.107956246,0.63262993,0.15893652,0.18642606,-0.7031451
0.061484024,-1.4799758,-0.8300653,-1.2170807,0.35787717,-0.066501595,1.1807188,0.104007944,0.9611633,0.15966524,0.187448,-0.6845104
0.06279239,-1.405873,-0.78532535,-1.1875783,0.3406637,-0.06693219,1.1598471,0.10583194,0.64344835,0.16041642,0.18833843,-0.66332936
0.06312108,-1.3284105,-0.7450574,-1.1441989,0.32644045,-0.06854755,1.0950687,0.111792594,0.5145658,0.16111325,0.18923108,-0.6428575
0.0747054,-1.24996,-0.7072952,-1.1045974,0.3213005,-0.07546867,1.0619624,0.10791691,0.63790745,0.16169138,0.1900995,-0.6207603
0.073454954,-1.1812842,-0.6674883,-1.0774556,0.36672345,-0.07801498,1.0458307,0.109532356,0.72715247,0.16229483,0.19084138,-0.59929204
0.07042412,-1.1234965,-0.6319413,-1.0296649,0.30297145,-0.0892827,1.0398701,0.105047666,0.59931,0.16281915,0.19158801,-0.5761927
0.07120784,-1.029969,-0.591995,-0.98846626,0.2888091,-0.08862432,1.011302,0.09299332,0.6726664,0.16335459,0.19228742,-0.5526075
0.0727726,-0.98031956,-0.5537251,-0.9413401,0.33734974,-0.09604306,0.99589396,0.08761621,0.41842026,0.16389729,0.19295451,-0.5310753
0.083723694,-0.9092951,-0.51416475,-0.9019787,0.31490102,-0.10030658,0.9892501,0.08901454,0.33521232,0.16434371,0.19367605,-0.5055783
0.08129185,-0.82562625,-0.4775933,-0.86064833,0.3100931,-0.098731935,1.0052382,0.0868485,0.38508102,0.16484646,0.19443165,-0.4846907
0.08048346,-0.76902235,-0.43565232,-0.81189096,0.28123552,-0.09826748,0.9873202,0.079967335,0.20233402,0.16535461,0.19497351,-0.4599457
0.07284284,-0.69980294,-0.3957006,-0.775075,0.2973011,-0.092791125,0.96317595,0.08704791,0.20273371,0.16575167,0.19547239,-0.43921232
0.073551565,-0.6184322,-0.36074325,-0.73217314,0.29782826,-0.09332622,0.93640614,0.10536914,0.13291004,0.166096,0.1959938,-0.4157575
0.07381112,-0.5755705,-0.32912183,-0.69498277,0.30331424,-0.10360073,0.8979918,0.116607115,0.24513693,0.1664747,0.1963805,-0.39441866
0.055105828,-0.4998306,-0.2925906,-0.6668463,0.26890904,-0.10474871,0.8578925,0.10830885,0.2949826,0.16670595,0.19677824,-0.37685028
0.06092967,-0.44245216,-0.25938705,-0.63294536,0.26879373,-0.10357674,0.84079075,0.10260444,0.22343269,0.16697803,0.19718383,-0.35623264
0.0665078,-0.38031122,-0.22508107,-0.59507763,0.29218107,-0.11392111,0.80662656,0.11385975,0.52215844,0.16727813,0.19744815,-0.33890963
0.07034262,-0.319002,-0.19311559,-0.55938876,0.25163275,-0.123832695,0.7923124,0.110991,0.48228133,0.16741708,0.19772588,-0.3186345
0.074311964,-0.24791065,-0.15644008,-0.52089787,0.2953659,-0.1223884,0.7814846,0.11180306,0.4042175,0.16761206,0.19793035,-0.29853916
0.0757514,-0.20207025,-0.12930144,-0.4819464,0.23289828,-0.12048639,0.73014235,0.101361945,0.5175871,0.16773452,0.1981457,-0.27798504
0.07795355,-0.15520574,-0.1012215,-0.45113334,0.23218507,-0.113458976,0.74227095,0.08789395,0.51660866,0.16790396,0.1983251,-0.25694335
0.08066021,-0.10762886,-0.065851375,-0.41499883,0.21747938,-0.11160887,0.7184802,0.09558084,0.61277515,0.16800421,0.19849838,-0.23600842
0.0819595,-0.04549319,-0.03747448,-0.37618497,0.24775895,-0.11210476,0.70641273,0.09248391,0.43041512,0.16806652,0.19861576,-0.21626547
0.07667495,0.011075544,-0.010237241,-0.3530562,0.24781881,-0.109399445,0.66625625,0.1237904,0.6911904,0.16809462,0.19865505,-0.19877307
0.0797137,0.057724103,0.021557905,-0.30849823,0.24440469,-0.10341187,0.66794163,0.09373757,0.8340024,0.16818076,0.19872259,-0.17959642
0.08094906,0.12954356,0.047157,-0.27381593,0.2104276,-0.10300152,0.652872,0.101818435,0.39238888,0.16820838,0.19881536,-0.16352585
0.08324919,0.15963109,0.073319115,-0.24358135,0.23080811,-0.103468925,0.61585665,0.093145385,0.24396113,0.1682458,0.19887075,-0.14430518
0.085266836,0.21259604,0.105252065,-0.20747565,0.21395986,-0.10270587,0.5803142,0.09180443,0.16453686,0.16824095,0.19880016,-0.12657887
0.08640031,0.2591003,0.1283953,-0.18213335,0.19218567,-0.09991529,0.5824413,0.09760119,0.08164284,0.16815592,0.19866566,-0.109256804
0.08306347,0.30710593,0.1551994,-0.14872031,0.18815115,-0.098497964,0.5504289,0.09075335,0.45479774,0.16811001,0.1985445,-0.093324885
0.0859573,0.34927705,0.18018976,-0.12168128,0.22337592,-0.09913038,0.52741593,0.083181486,0.26830012,0.16788107,0.19838803,-0.0755952
0.08986974,0.38686618,0.20256856,-0.09008566,0.1993757,-0.09803316,0.49927577,0.08286269,0.43158,0.16777223,0.19818662,-0.058092684
0.08691958,0.4270763,0.22718488,-0.06084522,0.16142444,-0.090640515,0.43995106,0.08924177,0.555498,0.16768655,0.19798988,-0.041407794
0.09033792,0.47783437,0.25010395,-0.028221427,0.19919328,-0.09026286,0.42982006,0.110001706,0.27390605,0.16755417,0.19779544,-0.026833108
0.09337862,0.52047926,0.27239153,-0.0060107973,0.17767751,-0.08335227,0.41670287,0.13494912,0.21973893,0.16725165,0.19755968,-0.010992764
0.11327059,0.5505901,0.29503512,0.023628449,0.17642412,-0.077016614,0.42925793,0.12921593,0.6022632,0.16700098,0.19721796,0.0032750894
0.108081624,0.5917404,0.3201189,0.04738782,0.13982853,-0.071530834,0.4179245,0.11433249,0.7341153,0.16676962,0.19688846,0.018632555
0.10445032,0.63003343,0.33871487,0.08185045,0.17998174,-0.06933158,0.402963,0.11028294,0.11488342,0.16651829,0.19654274,0.03489407
0.11334332,0.6796082,0.3567084,0.10358188,0.17336828,-0.07614692,0.34888774,0.12088465,0.24781384,0.1662599,0.19626293,0.05143962
0.1099391,0.7004504,0.37869325,0.1335519,0.16833238,-0.06823209,0.33002365,0.11591012,0.5732859,0.166007,0.19593899,0.06712278
0.1030099,0.7377042,0.39551264,0.1630917,0.12303163,-0.06856161,0.31874377,0.114706084,0.4382326,0.16578166,0.19548608,0.07987075
0.1026181,0.7586479,0.41679418,0.18167117,0.1409379,-0.06791624,0.32517573,0.11134583,0.40045792,0.1653929,0.19507653,0.093284
0.10284458,0.8063133,0.43106663,0.21039289,0.18272984,-0.06704398,0.2730447,0.11595505,0.8809022,0.16508311,0.19461781,0.10478161
0.10397623,0.8239016,0.44720364,0.22850096,0.15726125,-0.06647138,0.25769866,0.10946376,0.6436479,0.16470216,0.19420245,0.11789535
0.105793186,0.85923517,0.4627427,0.24886777,0.1048499,-0.06603265,0.27557978,0.11214966,0.7976867,0.16430192,0.19378479,0.13156207
0.10594949,0.8845616,0.47915295,0.27456382,0.14046443,-0.058766786,0.32512468,0.12085983,0.4953583,0.16411021,0.1932628,0.14469819
0.10666245,0.90659,0.4953859,0.29883522,0.107755855,-0.051931478,0.30317357,0.13274157,0.6647397,0.16363853,0.19284697,0.15717208
0.11591451,0.9250755,0.5074361,0.32110518,0.19594027,-0.04893114,0.27655473,0.13102405,0.86614704,0.16325441,0.19233717,0.17246798
0.11190931,0.95128936,0.51447177,0.34550363,0.15087284,-0.04736853,0.25370693,0.10268547,0.5014198,0.16287118,0.19181925,0.18249317
0.10951517,0.9705227,0.5242944,0.36370057,0.12410112,-0.0444328,0.32535237,0.09314726,0.36540866,0.162503,0.1912225,0.1918374
0.1051661,0.9910145,0.53690255,0.3819135,0.10906101,-0.046019148,0.30464187,0.13100842,0.5001002,0.16198675,0.19069418,0.20479277
0.105079226,1.0079273,0.5458647,0.40152776,0.15559484,-0.049117293,0.29682732,0.098483324,0.56247425,0.1616223,0.19014652,0.21457398
0.10360051,1.0184966,0.5530865,0.4163513,0.114525504,-0.051719412,0.24010333,0.10595372,0.75740236,0.16115297,0.18965243,0.22267173
0.123132646,1.032944,0.5547197,0.43353245,0.17139141,-0.050565798,0.22820495,0.104289226,0.3457381,0.1608037,0.18910907,0.2312885
0.1169583,1.0373508,0.5633934,0.44854578,0.073464185,-0.048618846,0.20739949,0.097997665,0.65521497,0.16036624,0.18851803,0.24221694
0.115064554,1.0350524,0.5717372,0.46274605,0.089699954,-0.045028836,0.18712394,0.11757617,0.46832982,0.1599449,0.18793033,0.24888372
0.11223051,1.0597762,0.5779156,0.4749814,0.12715933,-0.040895253,0.16931018,0.10043574,0.73240554,0.15941031,0.1873576,0.2565071
0.10774333,1.0699704,0.58478373,0.4915568,0.08560736,-0.034639936,0.19525155,0.097459994,0.5287807,0.15904617,0.18678893,0.26743937
0.11122136,1.0876318,0.5922269,0.51002514,0.107360624,-0.033756893,0.15902357,0.10057111,0.3623511,0.1585412,0.18613052,0.27356464
0.11127196,1.0930011,0.60053706,0.5185736,0.11433402,-0.02672833,0.20474106,0.0917422,0.22920492,0.15803571,0.1855334,0.28054476
0.11704351,1.1087612,0.6071742,0.52812827,0.110588685,-0.019708851,0.19216833,0.10737282,0.038140357,0.15763484,0.18497394,0.28857192
0.1148012,1.1241221,0.6101046,0.5467894,0.10740218,-0.012660151,0.13465525,0.10960568,0.27885875,0.15721637,0.18436311,0.29456985
0.11430889,1.1154398,0.61412865,0.5568673,0.10230651,-0.017471517,0.117295615,0.10980905,0.22061151,0.15666196,0.18372175,0.30320206
0.113508984,1.1360363,0.6211602,0.5702837,0.10949365,-0.010591796,0.059588276,0.10305123,0.8079347,0.15620974,0.18312107,0.3093355
0.11094759,1.144912,0.62428695,0.5807999,0.04981185,-0.003828472,0.09121887,0.0958783,0.7277615,0.15573893,0.18246591,0.31226584
0.112136096,1.1411612,0.6290299,0.5900165,0.07793253,-0.003530457,0.07396532,0.09857261,0.4832167,0.15533881,0.18183601,0.31786788
0.11311213,1.1598034,0.6251385,0.59474754,0.12528715,-0.0019785834,0.06921053,0.105685666,0.44890618,0.15472919,0.1812429,0.32232964
0.109058596,1.1534096,0.6291476,0.59995,0.07531501,0.0063490304,0.061097994,0.102581084,0.37717354,0.15435746,0.18066718,0.32643548
0.11007722,1.1523325,0.630177,0.6123537,0.074897066,0.0039036828,0.07960062,0.107312724,0.9000015,0.15384072,0.1800125,0.32968342
0.11100637,1.1470908,0.6264788,0.6151647,0.08570366,0.004061727,0.06204235,0.109304905,0.547321,0.1533404,0.17943889,0.33404192
0.11168695,1.1429307,0.6256397,0.62565553,0.08369221,0.0048935357,0.052271787,0.09878616,0.5927212,0.15295133,0.17874244,0.33701488
0.11416025,1.1408757,0.6191491,0.6258943,0.047132835,0.0067219376,0.036308534,0.09564665,0.43103614,0.1524466,0.17808776,0.33938897
0.11513582,1.1318747,0.6148114,0.6261507,0.047060102,-0.003443637,0.023348475,0.10093874,0.4164127,0.15201354,0.17750527,0.34005162
0.11623226,1.1191509,0.61360705,0.6310102,0.07417508,-0.0019117116,-0.0055027436,0.092176035,0.18182477,0.15149212,0.17695874,0.3420365
0.11658766,1.1176592,0.61188823,0.6330992,0.040779665,-0.0023692788,-0.025695095,0.10939696,0.24017829,0.1510739,0.17634048,0.34309688
0.12648886,1.1118982,0.6096008,0.635787,0.033797048,0.0003644809,-0.09888042,0.08639848,0.47663784,0.1506413,0.1757343,0.34672728
0.120873794,1.1062176,0.6067067,0.6409397,0.030365558,0.002451611,-0.10861784,0.11475781,0.8961829,0.15015084,0.17510161,0.35033283
0.12237071,1.1033583,0.6041411,0.6493171,0.029118415,0.0046021584,-0.10062962,0.09874424,0.1749965,0.14981665,0.17447385,0.35097218
0.12395222,1.0946705,0.6002949,0.64559674,0.015648015,0.016631786,-0.095120326,0.09634054,0.49356896,0.14927758,0.17392473,0.35393545
0.1235527,1.085019,0.5975063,0.65023935,0.07661074,0.017586386,-0.06209052,0.10495783,0.40203115,0.14881778,0.17337431,0.35588467
0.12363572,1.0905583,0.5927785,0.6556171,0.048075106,0.014707585,-0.11034827,0.10479021,0.57701784,0.14835946,0.17271765,0.3568925
0.10404306,1.076081,0.5865138,0.6602587,0.040917724,0.019628264,-0.095539406,0.104881234,0.44153327,0.14791836,0.17216572,0.35536253
0.10757199,1.067278,0.5745711,0.6557055,0.0028236043,0.024386166,-0.10299971,0.10765995,0.33990163,0.1474491,0.17169902,0.35317105
0.10779437,1.0425775,0.5680708,0.64925426,0.021942055,0.021010734,-0.105393894,0.094509766,0.23897892,0.14718813,0.1711043,0.35489765
0.11098639,1.0263649,0.5615325,0.6509838,0.04097967,0.013843787,-0.11175146,0.086405516,0.35954604,0.14668794,0.170522,0.35356176
0.11442055,1.0197029,0.55088407,0.6470655,0.02963104,0.016818764,-0.12840733,0.08760871,0.14243859,0.14625154,0.16998251,0.3496158
0.11711423,0.99704355,0.54144156,0.6459047,0.022028279,0.01684616,-0.11419224,0.10361912,0.22811121,0.14587322,0.16943252,0.347326
0.12020562,0.9839171,0.53234065,0.63678026,0.021590158,0.02175327,-0.14612651,0.090476,0.2921764,0.14547259,0.16887522,0.3428044
0.12165379,0.98110956,0.52812046,0.62892693,0.082941934,0.036417283,-0.14196613,0.100201674,0.29239795,0.1450525,0.16837043,0.34353253
0.12330268,0.9491039,0.52289236,0.63190204,-0.01643211,0.038201835,-0.14308038,0.08656987,0.40291154,0.14467439,0.16778044,0.3417152
0.12403388,0.9374217,0.5131927,0.61879015,0.03757734,0.03350106,-0.13574022,0.081401154,0.33447608,0.14426546,0.16729747,0.33634013
0.10523207,0.93190336,0.5031614,0.6139215,0.021338012,0.034451395,-0.13997717,0.08076516,0.4736954,0.14388822,0.16685753,0.33168563
0.11710944,0.9120314,0.49306187,0.60419136,0.040509924,0.036869522,-0.12815756,0.098618135,0.20641433,0.14348908,0.16632308,0.3316049
0.1204902,0.8921563,0.4858294,0.60593706,0.042599715,0.034663357,-0.13727048,0.101188585,0.82422733,0.14312726,0.16585653,0.3292716
0.11704346,0.8787514,0.48631772,0.60247403,0.01908281,0.027451482,-0.14507619,0.10039556,0.5633827,0.14277942,0.16541816,0.3268023
0.12025635,0.8721624,0.47837865,0.5948462,0.000415951,0.025227549,-0.13724276,0.09539829,0.15927756,0.14247857,0.16498226,0.3255555
0.121637575,0.86877173,0.46609786,0.5941426,0.0020784158,0.022075813,-0.12563187,0.10466845,0.13789847,0.14215045,0.16447812,0.32257324
0.12357868,0.841136,0.45978126,0.58851105,0.04458811,0.03200616,-0.1557927,0.11436746,0.40787774,0.14172044,0.1640469,0.31991786
0.12230293,0.8166596,0.45109868,0.58616674,0.0826343,0.039273553,-0.14246018,0.10682883,0.28244758,0.14141634,0.16362913,0.31751287
0.123152524,0.8156358,0.4440088,0.58352387,0.064715035,0.04141376,-0.1326968,0.123376094,0.5604523,0.14115478,0.16321266,0.31731665
0.121643834,0.79949045,0.43729082,0.5759496,0.028687656,0.04879835,-0.09733753,0.12599055,0.40325505,0.14083092,0.16278397,0.31308413
0.12048615,0.79004157,0.42789048,0.56803095,0.03364092,0.048883695,-0.122555524,0.10851619,0.36529782,0.1404693,0.16241926,0.3130029
0.12323744,0.7655655,0.4200563,0.56389457,0.023735357,0.04660926,-0.116580196,0.08879223,0.6241445,0.14023565,0.16212517,0.3061445
0.1239928,0.7545402,0.41245833,0.5548202,-0.013959285,0.042854764,-0.13123313,0.11585613,0.29907018,0.1400298,0.16184175,0.30318943
0.12564272,0.74144703,0.40435743,0.557556,0.0045566317,0.035416067,-0.12717876,0.104855455,0.24457419,0.13982993,0.1614868,0.2973278
0.124791846,0.7265745,0.39442742,0.53949356,0.03433607,0.041848503,-0.13369513,0.11324831,0.395966,0.13953121,0.16115896,0.29400384
0.12254236,0.7036573,0.382101,0.5362196,0.045114137,0.048897013,-0.08412499,0.111326024,0.558525,0.13931373,0.16083528,0.29038695
0.1214746,0.6849762,0.3723173,0.5279135,0.02089876,0.050705776,-0.08548128,0.13876913,0.7003071,0.139028,0.16052969,0.2854936
0.14005423,0.65290534,0.36778703,0.51893955,0.060658008,0.049753867,-0.092333816,0.13668275,0.55940187,0.13882966,0.16020998,0.27773318
0.13365436,0.65393066,0.3552501,0.5051243,0.04112006,0.052881595,-0.08829949,0.105949104,0.28134274,0.13861696,0.15994313,0.27288017
0.14028762,0.63260895,0.34805048,0.50556034,0.016631788,0.054676678,-0.08572023,0.12585667,0.21208104,0.13838479,0.1596514,0.2689779
0.13637981,0.6283886,0.3398459,0.4904829,0.056413792,0.055538923,-0.055073053,0.11543281,0.090564966,0.13815668,0.1593754,0.26444522
0.14233458,0.62204266,0.33669394,0.48285997,0.07226499,0.047560398,-0.07837318,0.12680005,0.33713645,0.13796276,0.1590288,0.26125187
0.13602453,0.6048267,0.3270626,0.47765252,0.024092292,0.050830487,-0.07588168,0.102071084,0.2875576,0.13773622,0.15871817,0.25828886
0.131857,0.5859698,0.31829894,0.46702534,0.057211526,0.056443155,-0.06498717,0.11716873,0.588018,0.13748506,0.15845546,0.2540733
0.12846988,0.56417525,0.31322375,0.46939388,0.06771282,0.059734035,-0.0600507,0.11221116,0.7267723,0.13733488,0.15817347,0.25355706
0.12534122,0.5627115,0.30234167,0.46026605,0.050305545,0.0629231,-0.09815116,0.12792334,0.45364967,0.1371118,0.1579306,0.25051594
0.1246902,0.53883207,0.2888049,0.45301306,0.05264578,0.06203649,-0.08006921,0.10980424,0.5153775,0.13695072,0.15762787,0.24562582
0.13194373,0.52300966,0.28247187,0.4419341,0.013889704,0.075222395,-0.11346844,0.1298221,0.56129867,0.13671228,0.15735082,0.24009229
0.12928642,0.5029437,0.26692745,0.43390724,0.024355806,0.07576054,-0.10833927,0.10530666,0.76841545,0.13645677,0.15716426,0.23607841
0.12653747,0.4788708,0.2570016,0.4242597,0.03677385,0.079725094,-0.11134026,0.10064533,0.39723647,0.13632655,0.15698874,0.22909138
0.124918856,0.4609486,0.24767928,0.41247585,0.011611499,0.08066897,-0.011849545,0.116369605,0.5934767,0.13626997,0.15678032,0.22420251
0.12647635,0.4420035,0.24036399,0.40575284,0.077300124,0.08082592,-0.05163781,0.101762906,0.30987608,0.13613285,0.15669498,0.2217524
0.1243378,0.43099484,0.23309398,0.40684697,0.035197098,0.084745266,-0.032848366,0.09808265,0.872067,0.13603516,0.15654337,0.21593855
0.11905673,0.40840396,0.22439799,0.39165887,0.06787898,0.0858055,-0.023226086,0.10623712,0.47546643,0.1359665,0.15640017,0.21305923
0.117567174,0.4040942,0.21359722,0.38488963,0.06540946,0.08515838,-0.01799479,0.13109256,0.48570052,0.13587585,0.15625758,0.20639169
0.11829082,0.38144946,0.20562144,0.37369838,0.07219034,0.08282897,-0.011219524,0.120555796,0.4471662,0.13575587,0.15608825,0.20537744
0.11776354,0.36242414,0.1991697,0.3721658,0.040093713,0.08307297,0.0010654056,0.100958504,0.97346485,0.1356043,0.15599261,0.1996287
0.1176711,0.35792193,0.18894884,0.35972723,0.035722204,0.08562257,0.0018496229,0.10573007,0.17200327,0.13555895,0.15584962,0.19359343
0.103820905,0.3373141,0.19331351,0.347568,0.033198424,0.080474325,0.0039802874,0.09575224,0.5105384,0.13543259,0.15578659,0.18902461
0.10873259,0.3411854,0.18470407,0.34491786,0.07500076,0.07815006,-0.00034689717,0.12098397,0.5625221,0.13536812,0.15569404,0.18274082
0.11094459,0.31554192,0.1752037,0.33875343,0.060010616,0.083413295,0.0142299775,0.11159712,0.21234295,0.13532668,0.15565678,0.17996207
0.12502883,0.31142557,0.16672221,0.32490823,0.04529173,0.0843206,0.11217786,0.11253205,0.4434576,0.13534848,0.1555663,0.17451355
0.11821682,0.30501622,0.1636721,0.3179514,0.07003841,0.07932993,0.09109375,0.100920394,0.7288593,0.13527258,0.15550256,0.16947582
0.11684322,0.28798836,0.16241914,0.3076704,0.09907871,0.07925552,0.10804489,0.096101224,0.6919051,0.13521397,0.15547976,0.1651686
0.116938986,0.29319564,0.1561873,0.30467498,0.05336144,0.07066294,0.09948768,0.09108039,0.34401613,0.13515116,0.15538538,0.16308375
0.12479862,0.28139016,0.14806043,0.2938243,0.102130555,0.06933668,0.12610853,0.10514765,0.19755846,0.13511597,0.15529925,0.15788192
0.12175584,0.26227966,0.14334117,0.2895736,0.082281135,0.069803,0.1279936,0.094817966,-0.11789158,0.13507771,0.15520748,0.14787516
0.11928102,0.26337805,0.1378824,0.27175388,0.11018899,0.07147787,0.13331175,0.09209059,0.27327657,0.1349909,0.15514313,0.14367115
0.11778093,0.25368658,0.13135782,0.26765814,0.097185604,0.07088903,0.12651713,0.10228781,0.5914948,0.13495307,0.15514982,0.13866568
0.11715351,0.24246821,0.123121314,0.2551114,0.09881004,0.06606313,0.13555998,0.111808285,0.41139105,0.13501172,0.15509625,0.13426231
0.11591896,0.21739098,0.113401175,0.24696246,0.103043966,0.06443512,0.13801791,0.10547131,0.8862951,0.13495646,0.1550261,0.12798306
0.114766076,0.20997241,0.10630103,0.24155866,0.09345998,0.059301548,0.1350319,0.10794443,0.5372881,0.13485532,0.15495934,0.12471771
0.0991913,0.18771677,0.09856393,0.22686325,0.06705153,0.059401006,0.09837495,0.09168844,0.64732665,0.13488881,0.15491752,0.121176794
0.0980322,0.17290422,0.09436317,0.22707129,0.115522906,0.058951512,0.12159024,0.08987185,0.42013085,0.13483018,0.15496378,0.116382524
0.10258747,0.16671528,0.088361,0.21492846,0.09817674,0.05665565,0.13120037,0.080231234,0.5711648,0.13489625,0.15496597,0.11261321
0.09989959,0.15142402,0.083204426,0.19861627,0.068237096,0.048286952,0.12706773,0.091403335,0.5059997,0.13490689,0.15499005,0.11192744
0.10386338,0.15159716,0.080381595,0.20668751,0.11081202,0.048528686,0.11956673,0.10226742,0.4863368,0.13496411,0.1550145,0.10903702
0.10734679,0.14938243,0.07548761,0.20178476,0.10216492,0.051641203,0.12625948,0.10697236,0.38171634,0.13496101,0.15504834,0.10465433
0.10901335,0.12544148,0.074694425,0.19639806,0.083523035,0.045970835,0.16347536,0.10580694,0.37944815,0.13495305,0.15510377,0.101092294
0.110127255,0.13334578,0.07019729,0.186218,0.1094193,0.048692677,0.1697409,0.115308404,0.12250909,0.13497813,0.15513474,0.09675056
0.11010365,0.14052719,0.06898557,0.17891045,0.103296705,0.039542213,0.16738498,0.10769989,0.3393313,0.13500613,0.15518945,0.09196638
0.106968,0.12723517,0.057468973,0.1693996,0.11390846,0.031849384,0.1410515,0.09090182,0.5895624,0.13506278,0.15518415,0.09121817
0.108227275,0.10667125,0.05093837,0.17546938,0.10061154,0.031040587,0.14070983,0.106666535,0.29127708,0.13506243,0.15521437,0.089399286
0.10976485,0.100112356,0.044126514,0.16605175,0.08051681,0.031940963,0.13307202,0.1011183,0.33499163,0.13512091,0.15521465,0.08544641
0.110163674,0.08323541,0.040693115,0.15574573,0.101774536,0.031578016,0.13101067,0.094045214,0.22013006,0.13513069,0.15525353,0.08098343
0.110147975,0.07822333,0.0318167,0.15321288,0.08710424,0.03243224,0.06933687,0.0923494,-0.11540523,0.13515039,0.15530254,0.0777366
0.110977255,0.06154284,0.024799429,0.1477907,0.103019424,0.036027163,0.08717613,0.080994874,0.024633944,0.13518077,0.15529296,0.0751797
0.11249624,0.050516985,0.021265179,0.1417738,0.07633306,0.03162526,0.1528953,0.09709157,0.17511375,0.13513038,0.15530573,0.07114045
0.112800635,0.04501044,0.019185325,0.1318095,0.1055173,0.042202376,0.17700462,0.09911314,0.20893155,0.13520907,0.15529673,0.06849028
0.112192966,0.026946932,0.018882401,0.12998463,0.089756176,0.045240767,0.18474498,0.10997994,0.3267705,0.13527164,0.15542017,0.06586442
0.10907178,0.0402473,0.01529206,0.124206536,0.12296717,0.046436653,0.19213444,0.119292155,0.9193099,0.13532081,0.15547143,0.06318314
0.11773636,0.030963155,0.010048299,0.12359962,0.10610739,0.046315543,0.15654224,0.11384776,1.1259023,0.13533998,0.15555815,0.06071131
0.111786634,0.028121542,0.002299903,0.11525636,0.12568611,0.046287812,0.15806825,0.111722976,1.2164037,0.13545397,0.15568258,0.056772698
0.1104392,0.0037545962,-0.0053599216,0.09854776,0.08062182,0.046816353,0.1771162,0.12310709,1.245606,0.13547072,0.15580544,0.05462295
0.110112615,-0.0060970145,-0.014178239,0.108435296,0.112834826,0.044627186,0.19199987,0.11480427,0.62643254,0.13560459,0.15593585,0.052054305
0.10938206,-0.023880027,-0.017668497,0.10008234,0.0881788,0.043825787,0.12808236,0.09825422,1.0273077,0.13576801,0.15608746,0.049224097
0.11243022,-0.025911829,-0.01992684,0.09240819,0.12977752,0.044745006,0.14144266,0.111238316,0.767223,0.13580576,0.1562303,0.04702557
0.11244542,-0.02835815,-0.022418644,0.09110187,0.059815437,0.047597867,0.14561604,0.124949366,0.6136587,0.1359748,0.15637463,0.045957416
0.11167726,-0.038566045,-0.025827194,0.09241863,0.07904978,0.045642067,0.1393023,0.12185755,0.42774314,0.13608864,0.15645015,0.04165711
0.11204113,-0.042166647,-0.022853585,0.07814698,0.13116607,0.045888163,0.18028598,0.122665435,0.3094925,0.1361758,0.15653285,0.037731446
0.09142839,-0.04127967,-0.023745889,0.07383648,0.11245973,0.047051147,0.17509495,0.12306659,0.42259955,0.13618983,0.15671043,0.03629256
0.09551999,-0.034494963,-0.024393616,0.07111441,0.091454364,0.04791689,0.18163075,0.11856858,0.49087209,0.1362875,0.15676242,0.0338747
0.099035494,-0.027992386,-0.026247215,0.07027521,0.10908779,0.042990454,0.18194133,0.11498918,0.49881077,0.1363141,0.15686096,0.032573517
0.101565324,-0.036894713,-0.028317722,0.0653006,0.12663259,0.03846562,0.1827735,0.11698612,0.6664843,0.13640282,0.15697671,0.031413104
0.122760236,-0.04892865,-0.0328669,0.06749418,0.12235508,0.032777943,0.18830737,0.11071687,0.7547745,0.13657989,0.15713507,0.027799675
0.11951415,-0.055078845,-0.036385912,0.05397154,0.123457596,0.03292663,0.18093845,0.10165303,0.13290048,0.13662393,0.15726647,0.026552524
0.11748019,-0.056544285,-0.041499343,0.04954564,0.12650706,0.024783595,0.17591009,0.10489979,0.26087636,0.13673201,0.15743251,0.025332987
0.11564543,-0.06647787,-0.04037062,0.055407874,0.1257153,0.0136804795,0.178318,0.094972365,0.40845066,0.13681792,0.15756787,0.023149965
0.11430986,-0.059435897,-0.038281158,0.051731553,0.081827,0.0095452545,0.14527702,0.09970679,0.39941868,0.13694075,0.15771544,0.021752719
0.11488232,-0.05851249,-0.041034173,0.052147552,0.1213954,0.010421324,0.15876378,0.119614474,0.54607993,0.13710308,0.15786387,0.019187475
0.113315105,-0.06859065,-0.04101747,0.044578675,0.11623523,0.024275584,0.1547274,0.09097288,0.5247141,0.1372211,0.15792678,0.016234836
0.11162615,-0.06472998,-0.041743413,0.035854336,0.09779813,0.025576351,0.16183741,0.09103952,0.38287872,0.13726246,0.15803573,0.016036708
0.1105922,-0.07767276,-0.04482294,0.03715623,0.116396114,0.029922554,0.1630105,0.10349171,0.31434703,0.13728532,0.15814434,0.018035663
0.10359459,-0.070787825,-0.04445686,0.037451353,0.09373638,0.025139991,0.17298365,0.12092122,0.33560652,0.13742684,0.15832372,0.01658589
0.105040446,-0.07192024,-0.045902852,0.03655525,0.11641338,0.031605527,0.17385526,0.11547876,0.18784454,0.13752478,0.15846378,0.016637908
0.10608546,-0.06975109,-0.04143796,0.034187537,0.079016306,0.038746655,0.26901165,0.12140399,0.20093378,0.1377059,0.15863684,0.017290667
0.10860848,-0.058611587,-0.03663176,0.03966025,0.087453455,0.034025602,0.27142307,0.12436904,0.32263786,0.1377482,0.15880156,0.014549795
0.1050158,-0.05374151,-0.036297496,0.039205857,0.14664161,0.034042235,0.24498329,0.1040628,0.27569178,0.13791429,0.15894641,0.014882921
0.103965305,-0.05613358,-0.036803804,0.034482185,0.13936383,0.03253256,0.2826422,0.12060259,0.32312116,0.13804005,0.15911347,0.014973649
0.11471069,-0.0512151,-0.02606066,0.036848802,0.13339643,0.030654583,0.307747,0.12242948,-0.02964878,0.13816702,0.15926343,0.013632118
0.11202226,-0.0154300295,-0.030307997,0.0383295,0.11752119,0.036965672,0.2711671,0.13467093,0.23752698,0.13825701,0.15941875,0.0132010775
0.10754687,-0.04288016,-0.030325394,0.032295283,0.18221381,0.03615172,0.32808354,0.14870405,0.26976433,0.13834436,0.15953815,0.0156469
0.107040346,-0.039880913,-0.030462751,0.03785402,0.11022147,0.0354406,0.33151555,0.13312653,0.5884422,0.13846846,0.15969774,0.017021688
0.10403558,-0.050980043,-0.028251503,0.033769637,0.14237297,0.03102155,0.32460883,0.12147049,0.50501364,0.13859919,0.1598227,0.015907886
0.1029665,-0.031921428,-0.025177907,0.036400978,0.15300246,0.030624619,0.32332796,0.10330896,0.51377624,0.13866882,0.15995406,0.014681756
0.10280377,-0.0282959,-0.02625807,0.035172418,0.13432331,0.027347783,0.3173128,0.09971612,0.2943861,0.13885897,0.16004513,0.013765081
0.10347255,-0.032078043,-0.02558701,0.034654424,0.13714802,0.024867943,0.3113353,0.092283726,0.18678726,0.13882022,0.16024905,0.016159093
0.10350101,-0.033412687,-0.023680767,0.043052588,0.13123868,0.020935038,0.30876324,0.10681726,0.14037257,0.13900255,0.1602997,0.013947107
0.10402632,-0.026992008,-0.018918086,0.03723576,0.15068191,0.02149406,0.30322722,0.083510056,0.83961284,0.13907062,0.16040763,0.014181428
0.11442535,-0.020291304,-0.019393642,0.036010187,0.14299624,0.020538568,0.29539895,0.089358166,0.5009013,0.13907136,0.16047962,0.012381928
0.108082294,-0.022850325,-0.018888338,0.033267055,0.15679531,0.01952724,0.29303536,0.08162455,0.59174955,0.13921453,0.16058522,0.015359791
0.106974624,-0.026197128,-0.02160655,0.044551015,0.1294318,0.027515622,0.28271705,0.08432822,0.38615528,0.13924266,0.16071676,0.016641064
0.10744616,-0.012569399,-0.019937795,0.04183832,0.12776497,0.027810574,0.2894742,0.08952828,0.45787868,0.13934578,0.16076624,0.015309509
0.1179378,-0.022454798,-0.017711556,0.038173523,0.11966555,0.032790903,0.28240162,0.084905535,0.39519498,0.13937727,0.1608631,0.014946038
0.11455613,-0.019862464,-0.013392599,0.03634679,0.1434281,0.033223964,0.29085165,0.090938695,0.3208947,0.1394433,0.16097116,0.009229255
0.098746955,-0.021557152,-0.012712631,0.026443006,0.10711472,0.033278365,0.29127672,0.09744115,0.45972645,0.1395804,0.16104695,0.012383125
0.10196589,-0.0019390779,-0.010791479,0.03198209,0.15255092,0.033754036,0.2914047,0.09133296,0.5630053,0.13967909,0.16109018,0.011038549
0.102676295,0.0009802761,-0.008549861,0.03475353,0.13742155,0.034277115,0.2924556,0.09610879,0.28220898,0.13961107,0.16116832,0.011736349
0.10438867,-0.0011414198,-0.00068083964,0.03475173,0.14528002,0.029520586,0.30127442,0.10051148,0.28130344,0.13969585,0.16127606,0.016707757
0.104903124,0.014931191,0.0016922201,0.042608332,0.13099627,0.029563192,0.30191383,0.10572077,0.37971237,0.13983308,0.16132292,0.020631274
0.105039336,0.019331831,0.0026440662,0.05029774,0.15225919,0.037621744,0.2992289,0.1051388,-0.023915589,0.13974442,0.16146237,0.020011358
0.105676785,0.029220548,0.0012189355,0.048882015,0.1529295,0.03368888,0.28901726,0.106589615,0.26652908,0.14001957,0.16158137,0.019757172
0.10536807,0.016541727,0.0067322636,0.0499503,0.1277577,0.031457808,0.30718917,0.09894937,0.20806026,0.13999411,0.16167015,0.02127363
0.10576366,0.028813947,0.006509127,0.05101651,0.11453737,0.029182475,0.29165143,0.10395282,0.5067829,0.14003167,0.16178235,0.021598905
0.090030335,0.022259574,0.010231039,0.04617449,0.18963234,0.027818317,0.27966318,0.10462274,0.51918393,0.14015391,0.16188696,0.023041604
0.09373349,0.035550553,0.013678171,0.056519758,0.11510728,0.028391348,0.23618694,0.10648388,0.90900457,0.1401554,0.16193992,0.024793234
0.097599134,0.03791249,0.007821433,0.05811321,0.14367554,0.02944559,0.24319746,0.11845841,0.45421392,0.14025344,0.16203138,0.026116343
0.101927295,0.030784402,0.007785443,0.062401313,0.1334711,0.023893274,0.24541923,0.10314706,0.22695038,0.14030512,0.1621333,0.028335785
0.097100675,0.02690475,0.01141004,0.061135117,0.13321479,0.023190983,0.24924293,0.106187455,0.34031934,0.14040296,0.16222866,0.029773464
0.110156514,0.03348778,0.01829811,0.06496343,0.115106046,0.02846368,0.28589448,0.10381281,0.16546556,0.14052075,0.16233976,0.035513617
0.12185636,0.046337403,0.017982984,0.07538492,0.13709825,0.029792314,0.28484082,0.11047708,0.36359075,0.1405715,0.1624611,0.033480383
0.11021846,0.04875189,0.018529024,0.07115164,0.15887573,0.023918767,0.27792877,0.10085465,0.38825652,0.14065729,0.1625359,0.032880567
0.108394556,0.050930254,0.019260503,0.07148096,0.13088268,0.027156288,0.25570095,0.09298822,0.35616717,0.14068203,0.16265701,0.03005041
0.108122826,0.05103942,0.021584889,0.065843046,0.08578202,0.025455942,0.253121,0.099861965,0.5942076,0.14083174,0.16269289,0.030708529
0.10809579,0.06313972,0.024198541,0.07153448,0.13455676,0.02501778,0.2545875,0.11161408,0.4331702,0.140798,0.16280897,0.032646924
0.10313152,0.060631845,0.026327236,0.069989875,0.11013798,0.02504228,0.22476722,0.09880792,0.041355103,0.1408983,0.16293047,0.034015622
0.10137192,0.06499073,0.028624088,0.07262027,0.13729055,0.031535864,0.19296312,0.09970586,0.44905698,0.14094059,0.16294646,0.028472701
0.12198506,0.068218,0.029521026,0.072183825,0.12806065,0.0293765,0.15558928,0.104952715,0.6011815,0.14101332,0.16295913,0.02892414
0.115212455,0.06374966,0.03315939,0.06278221,0.08901765,0.029459413,0.15427321,0.09933475,0.45027396,0.14106518,0.16297844,0.029736606
0.11490378,0.07592065,0.035584852,0.07431154,0.102866955,0.02923048,0.18252045,0.1183412,0.42677414,0.14103888,0.16305234,0.031138755
0.11433978,0.07503195,0.031895485,0.06986947,0.13296753,0.02952859,0.1770639,0.10425514,0.46322894,0.141099,0.16310479,0.03115813
0.09331468,0.07054447,0.03853239,0.0675497,0.1177739,0.030343972,0.13605082,0.104123965,0.7001913,0.14109485,0.16312362,0.034531634
0.099306665,0.08200404,0.04483467,0.07568912,0.09123198,0.02717695,0.14024378,0.09183282,0.42856866,0.14114515,0.16313691,0.035658684
0.09683353,0.09782382,0.04951834,0.07975158,0.13594142,0.027929666,0.15705381,0.091441214,0.35004047,0.14112091,0.16318987,0.036620673
0.10092236,0.10916639,0.05105191,0.08135124,0.10596536,0.030489162,0.16384612,0.08410524,0.548351,0.14119758,0.16320333,0.04204721
0.10564224,0.104535885,0.05364251,0.08992652,0.09757722,0.029806366,0.16584171,0.11141271,0.3339854,0.14116304,0.16324496,0.04624969
0.10651589,0.12443881,0.060559157,0.099649295,0.08812713,0.03479509,0.17475928,0.101987556,0.85557944,0.14118673,0.16327451,0.04958417
0.107373334,0.11944543,0.05828151,0.09935837,0.089716785,0.030434478,0.18795773,0.08896179,0.5401608,0.14121649,0.16331935,0.049468894
0.08655593,0.11787348,0.058005802,0.09827173,0.083366394,0.036054123,0.19176364,0.09148925,0.3863458,0.14124632,0.16332631,0.050316717
0.07133269,0.114317045,0.05781724,0.10348635,0.095039204,0.035303418,0.19916342,0.125525,0.21485478,0.14124975,0.16330883,0.05680409
0.09178165,0.121030115,0.061297335,0.11853225,0.08834075,0.036152065,0.19926685,0.11334071,0.2664469,0.14125553,0.16336246,0.05695309
0.10594833,0.12120216,0.06242464,0.11535533,0.0924864,0.04999812,0.1607462,0.10415572,0.2827462,0.14132184,0.16344051,0.05762969
0.08440961,0.119728185,0.06291161,0.11384936,0.14999935,0.0478898,0.16238365,0.10303258,0.47788665,0.14132054,0.16345522,0.057524946
0.08828265,0.13160968,0.06290748,0.121964425,0.0802573,0.043267924,0.16755004,0.08773816,0.40994188,0.14137025,0.16344154,0.059204318
0.09497122,0.12901069,0.06442727,0.116519965,0.14940803,0.05356805,0.17027241,0.09969057,0.34611323,0.14137086,0.16347757,0.057657246
0.097632,0.12159291,0.0708525,0.122035496,0.09916884,0.052524783,0.17110145,0.103493154,0.38088548,0.14131142,0.16351959,0.055802274
0.108641356,0.14290981,0.0723298,0.11352375,0.11327272,0.047967263,0.17103636,0.085388884,0.11705968,0.14139809,0.16365343,0.056821223
0.109113686,0.14171965,0.0729465,0.11625015,0.114559524,0.047752626,0.20300023,0.11337483,0.09574628,0.14150383,0.1637312,0.05763836
0.11083026,0.14888492,0.07362943,0.12266554,0.10226066,0.045710187,0.16941282,0.11181597,0.27920073,0.14151396,0.16391216,0.059355807
0.109990306,0.14836365,0.08077,0.1178103,0.14351542,0.041086618,0.17974484,0.1220936,0.15740556,0.14167504,0.1639168,0.057029784
0.108884946,0.16270247,0.081374,0.119718,0.08533998,0.04760372,0.1917095,0.0996954,0.3666064,0.14168268,0.16392808,0.057687603
0.10878624,0.16286974,0.08266643,0.11899433,0.10961494,0.05068057,0.18131648,0.104040205,0.43550703,0.1416427,0.16386043,0.058342833
0.10989281,0.16031884,0.084372155,0.11809964,0.08867948,0.05096008,0.18056017,0.12439523,-0.0068734884,0.14166151,0.16386761,0.05832462
0.10884295,0.17020705,0.08656218,0.12504047,0.11517575,0.05176466,0.19804749,0.12848353,0.27941072,0.14160535,0.16382584,0.05971928
0.10316338,0.17668268,0.08993335,0.1175307,0.11152956,0.051948424,0.22757679,0.11592798,-0.025975347,0.14159398,0.16379791,0.059369303
0.104516745,0.17587435,0.09199222,0.12296304,0.1278663,0.052766245,0.22155195,0.11954466,0.4720109,0.14156239,0.16378626,0.05997877
0.11338244,0.17881234,0.094077535,0.12653223,0.090026684,0.05230185,0.19398652,0.12656404,0.98037195,0.1415483,0.1638256,0.06147067
0.1123163,0.17755531,0.092641376,0.121019505,0.13570821,0.052517414,0.19373256,0.14570981,1.2130157,0.14156915,0.16380961,0.06315529
0.11072082,0.1842925,0.093656845,0.12688263,0.09406775,0.04988927,0.18106803,0.11484763,0.7916004,0.14160955,0.16384508,0.06638011
0.108740345,0.18710682,0.08986523,0.13594991,0.065445915,0.049976,0.1688248,0.11469608,0.7354421,0.14163244,0.16390383,0.06696329
0.10952844,0.17312253,0.08933396,0.13123715,0.102126665,0.05238525,0.15882216,0.12742844,1.068839,0.14170039,0.16394153,0.06809734
0.10961999,0.17751239,0.092765294,0.13627854,0.09913658,0.05757545,0.1645006,0.117385484,0.5698391,0.14172187,0.16393307,0.07074086
0.10895798,0.17113827,0.09279315,0.14054833,0.10425022,0.06784878,0.16862972,0.105017014,0.6736131,0.14170457,0.1638739,0.07119462
0.119294725,0.18339068,0.09191548,0.14338014,0.105579905,0.06529412,0.16757333,0.10662614,0.47641352,0.14170681,0.16383876,0.07154707
0.11813834,0.18206787,0.089883976,0.13720207,0.10751735,0.07498498,0.16397932,0.12520635,0.6327745,0.14166097,0.16380744,0.07328176
0.115955085,0.18007237,0.09155345,0.15437101,0.12280082,0.06980238,0.13968983,0.10560854,0.7487442,0.14161739,0.16375917,0.07613052
0.11529739,0.1798305,0.09816897,0.15071762,0.11636474,0.07740064,0.14682104,0.103011705,0.5852991,0.14155756,0.16375923,0.0747429
0.11535198,0.1915544,0.10100061,0.14515118,0.09847889,0.07695394,0.14935023,0.11572049,0.4115923,0.141595,0.16378081,0.07484833
0.11359573,0.19683936,0.09839155,0.15368116,0.11989199,0.072415374,0.16211066,0.11863687,0.4035832,0.14162531,0.16370934,0.072469324
0.10593955,0.19185546,0.09471006,0.1411315,0.08151781,0.084651604,0.16116564,0.09417178,0.659838,0.14148325,0.16368522,0.07342057
0.10723283,0.17243336,0.091359615,0.14462744,0.101486966,0.0842214,0.14935306,0.11097416,0.32671252,0.14150563,0.16366386,0.073789455
0.10691288,0.17094825,0.09337843,0.14540389,0.105292976,0.07850761,0.113325745,0.10626956,0.5900615,0.14154719,0.1636175,0.074295335
0.10788155,0.18304688,0.09402074,0.1518243,0.09322099,0.086085424,0.114449285,0.11156851,0.6976687,0.1414475,0.16360453,0.07484548
0.1096281,0.18412952,0.09377106,0.14734557,0.10193456,0.09107169,0.13007717,0.12616803,0.50538945,0.14147416,0.16367039,0.07520046
0.109911695,0.18032639,0.09391189,0.1477013,0.09859569,0.09035983,0.104993954,0.1342662,0.44194645,0.14157549,0.16371837,0.07481088
0.11059335,0.18352282,0.0930659,0.14621381,0.05446211,0.07812974,0.09810746,0.15048413,0.6306706,0.14148319,0.16369772,0.07330013
0.1109893,0.17763108,0.09296165,0.14729936,0.07383885,0.0781959,0.0995201,0.14333507,0.6247973,0.14144853,0.16385403,0.07476282
0.110703036,0.18156356,0.08904056,0.14169097,0.099228606,0.08157023,0.10004472,0.11977638,0.7914746,0.14166023,0.16378038,0.07408475
0.10963744,0.1711399,0.08679949,0.1423458,0.10561158,0.08376208,0.19422656,0.09677685,0.577076,0.1415686,0.16373472,0.072156325
0.10850052,0.16854474,0.08801769,0.14678761,0.06445865,0.08088711,0.19313195,0.10361531,0.7674344,0.14157559,0.16376092,0.07111825
0.1093962,0.17602637,0.0891021,0.14026636,0.09915056,0.069087036,0.19782932,0.11285991,1.0016108,0.14156665,0.16375592,0.07149681
0.11996151,0.17899354,0.08862576,0.14012012,0.10868699,0.06517123,0.20302135,0.11394527,0.57541746,0.14158195,0.16372117,0.070520185
0.117163,0.17243364,0.08611593,0.14048679,0.12192557,0.06053927,0.21668674,0.093747646,0.3456142,0.14156678,0.1636836,0.06933914
0.1152824,0.16750559,0.08351639,0.13912949,0.1287073,0.060355563,0.20492706,0.09159514,0.543689,0.14149626,0.1636477,0.070191585
0.12243419,0.16099851,0.0864042,0.13961935,0.09294566,0.063067555,0.19570458,0.097674124,0.39357963,0.14144185,0.16360538,0.064601585
0.12082409,0.17651498,0.08720915,0.13165233,0.12268207,0.060346954,0.28534618,0.10599131,0.41541845,0.14139001,0.1636129,0.065469004
0.11616781,0.17423365,0.08797701,0.12822673,0.10186599,0.06966733,0.24883525,0.08838841,0.2636166,0.1414725,0.16361474,0.06684868
0.09808665,0.17531508,0.09447602,0.13041344,0.14655763,0.06993899,0.21657969,0.11667135,-0.13286632,0.14147677,0.16368441,0.06627808
0.10280327,0.18775943,0.09157785,0.13016388,0.12474267,0.0695967,0.23127662,0.115240596,0.08101487,0.14161746,0.16368936,0.06861966
0.102787115,0.17807844,0.09615947,0.13958602,0.12931801,0.069531016,0.23542975,0.10495657,0.27906093,0.14145866,0.16370513,0.0695384
0.10396129,0.18608466,0.098367415,0.1419554,0.13637881,0.06911273,0.23323128,0.09955405,0.8879825,0.14152423,0.16369519,0.069976665
0.104484685,0.18662104,0.0991654,0.13965356,0.13060372,0.06994446,0.2428295,0.09663703,0.5835975,0.14146146,0.16359966,0.07075367
0.11571264,0.1941674,0.09857243,0.14786474,0.115194134,0.06887919,0.22595362,0.09327802,0.6514093,0.1414158,0.16356722,0.07100616
0.11424897,0.19654368,0.10174869,0.14181484,0.13842061,0.07337434,0.21094935,0.08908702,0.32867527,0.14143427,0.16352576,0.070419624
0.11223168,0.19856577,0.104241274,0.14715646,0.09142431,0.07275732,0.20676042,0.105466895,0.5218348,0.14138447,0.16351187,0.06961395
0.11379057,0.21307994,0.104004994,0.14202034,0.12867045,0.06954777,0.1885577,0.10496228,0.91221064,0.14135793,0.16365905,0.07093256
0.12311423,0.19807029,0.10450939,0.13879588,0.11539381,0.06898191,0.19279128,0.096169986,0.5288764,0.14146826,0.16368543,0.07120788
0.121097,0.19958606,0.10528551,0.14597489,0.101077974,0.0662539,0.19087413,0.099880844,0.5100896,0.14149624,0.16364688,0.07087148
0.11908187,0.20309968,0.10720532,0.1422875,0.121239185,0.06341162,0.19323558,0.100950815,0.2840813,0.14151733,0.16359128,0.07492911
0.11648524,0.19723903,0.109111056,0.14915925,0.109151885,0.063253276,0.21772408,0.09097371,0.60915995,0.1414063,0.16361895,0.074521884
0.11644515,0.19566959,0.10934939,0.14769098,0.12002826,0.0628006,0.21444991,0.090769924,0.39339107,0.14143062,0.1636009,0.075649485
0.11485811,0.21575783,0.110164344,0.14945798,0.13061808,0.053665057,0.20997834,0.094020925,0.14662206,0.1414019,0.16359328,0.0740261
0.10926738,0.21561092,0.11182015,0.14794527,0.111523055,0.05127274,0.20361276,0.12393884,0.4974373,0.14147441,0.16356404,0.07398412
0.11046295,0.21706007,0.112829186,0.15359586,0.10623685,0.039874326,0.17603166,0.11732663,0.7095873,0.14140435,0.1635407,0.07339679
0.105938785,0.22159883,0.11127466,0.14577188,0.10429177,0.04018427,0.17063494,0.12269299,0.40584582,0.14137575,0.16351813,0.074719526
0.10741283,0.22091049,0.11543551,0.14936893,0.118987694,0.046104766,0.12846714,0.09943503,0.3604689,0.14137265,0.16353917,0.07572115
0.10240645,0.21888497,0.11765656,0.15599021,0.107239015,0.0437405,0.13895968,0.09668063,0.32752505,0.14136995,0.16343209,0.076356284
0.10682212,0.22849065,0.11827081,0.15155946,0.0688865,0.044590864,0.2326127,0.09206161,-0.09000057,0.14125226,0.16340563,0.07807935
0.109318346,0.21962857,0.120673254,0.1570907,0.052603047,0.045745075,0.18885788,0.09076154,0.33853072,0.14124091,0.16345055,0.08184733
0.10902551,0.23215476,0.120994486,0.16023321,0.1271439,0.04616263,0.2500476,0.10862197,0.32084158,0.14126407,0.16336064,0.0826742
0.10895256,0.23237169,0.12110788,0.16478348,0.06536141,0.046562146,0.24210007,0.09576427,0.39215198,0.1412274,0.16327786,0.08346517
0.10835745,0.21947446,0.11859317,0.15572184,0.122863576,0.045130007,0.24293317,0.119553305,0.39206836,0.14117275,0.16328667,0.08495496
0.10782394,0.22281635,0.11688833,0.16456527,0.120334774,0.04995457,0.23490563,0.117091864,0.48824748,0.1411871,0.16321957,0.08549862
0.1079218,0.22546877,0.11988112,0.16318229,0.1260783,0.055699747,0.19712465,0.10645379,0.47832862,0.1411441,0.16325907,0.0859812
0.110465944,0.2299195,0.11772814,0.16736135,0.11816355,0.06528226,0.20749961,0.1023761,0.27481425,0.14112303,0.16324775,0.08475418
0.110146224,0.21273452,0.11925885,0.16627364,0.090243205,0.06539105,0.19777285,0.10459943,0.5873511,0.14116749,0.16326001,0.087869406
0.10966564,0.2203997,0.117728814,0.17659886,0.12851553,0.06255773,0.20300673,0.09389729,0.25609854,0.14115182,0.16323414,0.089217864
0.11006256,0.21427855,0.11803796,0.17190512,0.106262036,0.057351995,0.21190995,0.096439645,0.34477675,0.14109169,0.16321126,0.09144327
0.10973829,0.22880684,0.11864601,0.17818643,0.12310694,0.05392678,0.2126613,0.09632524,0.31306595,0.14109355,0.1631352,0.09357189
0.11042221,0.22760744,0.12315775,0.1824614,0.09347032,0.053307395,0.22103442,0.101640835,0.40623063,0.14102863,0.16310236,0.0939705
0.1065389,0.23667066,0.12237004,0.17758906,0.11807844,0.058399893,0.2478485,0.095391914,0.5831909,0.14103408,0.16309284,0.09384728
0.106962815,0.23970841,0.117037304,0.1824442,0.11962566,0.05825066,0.2396494,0.09310082,0.62169456,0.14099312,0.16308476,0.09566835
0.10750063,0.22797215,0.11960601,0.185171,0.12079739,0.056291927,0.2718862,0.08900588,0.4666217,0.14108375,0.16305624,0.09553505
0.106647976,0.22849292,0.11803191,0.1818466,0.1409758,0.05996526,0.30176318,0.08845412,0.6228156,0.14100921,0.163015,0.095579125
0.1062891,0.230623,0.115450755,0.17775612,0.14442497,0.059721347,0.30473983,0.08774519,0.4550006,0.14097877,0.16298318,0.09425806
0.10652398,0.22659534,0.118612394,0.18753071,0.15364848,0.0533211,0.29259562,0.092534006,-0.04165721,0.14093366,0.16300038,0.09410625
0.10704135,0.21915917,0.11967542,0.1841693,0.11001043,0.051737707,0.2515171,0.08954079,0.14324306,0.1409157,0.16295207,0.09171885
0.10761903,0.22984195,0.1195163,0.17607982,0.12704878,0.05081556,0.24076904,0.08676171,-0.03002277,0.14085926,0.16291846,0.092755824
0.107511796,0.23238948,0.11819053,0.18157752,0.091593295,0.052822605,0.24811861,0.090846345,0.11203912,0.14094566,0.16288137,0.09517735
0.12662183,0.2231877,0.11753546,0.1772644,0.124928296,0.052809708,0.2502011,0.094919175,0.024094671,0.14087795,0.16281645,0.093762085
0.12133587,0.22612305,0.1214251,0.18222868,0.1272893,0.052724265,0.24943325,0.11679348,0.31061554,0.14083017,0.16275601,0.09177165
0.1175273,0.24293445,0.120027326,0.18456881,0.13347355,0.0527226,0.25035274,0.107032835,0.54040956,0.14073513,0.16271497,0.090618506
0.10784853,0.22491474,0.11614109,0.17232493,0.14383332,0.05606272,0.25241116,0.10403401,0.31425935,0.140729,0.16269988,0.08985481
0.100897044,0.22120781,0.12007628,0.17432867,0.14416146,0.055481777,0.24336009,0.09437634,0.56728584,0.14073612,0.16268477,0.09124723
0.10257497,0.23279484,0.12071795,0.1774874,0.09441282,0.05563568,0.23700175,0.10098284,0.29174373,0.14072725,0.16264299,0.08862868
0.10421678,0.23011573,0.12275537,0.17325415,0.12585871,0.055640552,0.2342569,0.108636156,0.13333586,0.14070976,0.16256426,0.0866516
0.10450854,0.22912976,0.12037792,0.16754161,0.12472315,0.06485423,0.2291255,0.10369163,0.015700549,0.14057711,0.16264164,0.08749172
0.10557235,0.23398894,0.12405283,0.1716711,0.122253135,0.06528928,0.22442736,0.08865996,0.47781783,0.14064498,0.16260324,0.087932155
0.10760518,0.22857621,0.13661686,0.16754882,0.12154004,0.06397749,0.22165357,0.0915512,0.24260211,0.14063117,0.16256657,0.08739226
0.10949299,0.25457343,0.13410904,0.17464307,0.12209641,0.06846584,0.28034306,0.09610238,0.3529856,0.14060779,0.16246717,0.08653949
0.10907129,0.25083858,0.13411763,0.17641708,0.10787337,0.07768665,0.23317279,0.0983846,0.37201193,0.14054044,0.16237897,0.08857564
0.11522274,0.25321695,0.13580492,0.17957678,0.13046658,0.0790873,0.22785842,0.09360359,0.34411335,0.14046344,0.1622761,0.088291526
0.113275096,0.24691635,0.13482794,0.17403486,0.108654745,0.0735581,0.22324911,0.09909273,0.3046957,0.14039886,0.16228572,0.09066625
0.12072261,0.25283188,0.13701685,0.18047993,0.13029866,0.06831042,0.2358552,0.09180975,0.38178158,0.14042209,0.16216479,0.09134724
0.118007734,0.257838,0.13597578,0.17659137,0.12150569,0.067754485,0.20505813,0.08799881,0.5351518,0.14031729,0.1620448,0.0907543
0.11595498,0.25787053,0.13284113,0.17977266,0.10621311,0.062512875,0.20175532,0.0833474,0.52454734,0.14023447,0.16194314,0.092078246
0.11500926,0.24914251,0.12604006,0.18047974,0.1302442,0.05993733,0.20696016,0.0811625,0.2467477,0.14017561,0.16182528,0.092722066
0.11415694,0.23288417,0.124691844,0.18037435,0.11067784,0.05481732,0.23458087,0.10774331,0.21067053,0.1400834,0.16176063,0.09461936
0.09184803,0.22779815,0.121493064,0.18075244,0.13169312,0.05337325,0.21185994,0.09828187,0.21872567,0.140084,0.16167103,0.09428385
0.09582228,0.22497208,0.12748879,0.16978069,0.12023163,0.050418265,0.24497043,0.105402514,0.506779,0.13990942,0.16157798,0.088065416
0.0987088,0.2428519,0.12649217,0.17200454,0.1370636,0.050618645,0.241393,0.0930214,0.6841724,0.13985638,0.16155863,0.091761135
0.096267484,0.23548815,0.12912418,0.1831808,0.13760673,0.053069204,0.2430671,0.09348231,0.3330627,0.1399362,0.16155927,0.09170068
0.099604264,0.24298523,0.12909025,0.17797491,0.09785524,0.050618377,0.23567308,0.10499907,0.20710003,0.13981709,0.16154192,0.08764593
0.10252208,0.24042109,0.12666826,0.1729286,0.1311119,0.050514933,0.24712595,0.113562465,0.63799345,0.13984336,0.16154411,0.088226266
0.10251415,0.23754314,0.12754591,0.1721575,0.09449097,0.050667703,0.2726447,0.11076648,0.52594,0.13980892,0.1615473,0.08572092
0.10403728,0.23634231,0.12783775,0.16203104,0.10134289,0.04614444,0.27100116,0.10028286,0.44843087,0.1398574,0.16153413,0.08532691
0.103264906,0.24494287,0.1262353,0.1640995,0.17889999,0.044553995,0.25080916,0.109828494,0.2624053,0.13985887,0.16143134,0.0858728
0.10345563,0.23402297,0.12724791,0.16766576,0.14822607,0.045320917,0.24094157,0.10006282,0.37286726,0.13974488,0.16136265,0.08430329
0.10491429,0.2392202,0.12760155,0.17247373,0.11770444,0.04529635,0.23286834,0.086310476,0.16285083,0.1398234,0.16136545,0.08624345
0.1055884,0.23601796,0.12436123,0.16743731,0.11663104,0.039594684,0.29726383,0.0956146,0.11663124,0.13967575,0.16138941,0.086462945
0.106264,0.23310462,0.12128877,0.17294471,0.10635895,0.02778149,0.2762873,0.12565711,0.31692675,0.13970263,0.16135103,0.08841221
0.10080528,0.22473255,0.11476392,0.17323603,0.12620462,0.04106797,0.26391166,0.10747704,0.61122304,0.13968785,0.16129206,0.08849997
0.10905755,0.21246697,0.11424668,0.17439988,0.11672032,0.036268193,0.25971583,0.12061418,0.9517096,0.13966978,0.16127178,0.0901986
0.10655908,0.20907769,0.111984484,0.16836925,0.1141905,0.03686063,0.2854215,0.10342748,0.4931088,0.13965589,0.16117382,0.09021875
0.107468404,0.21092835,0.10906492,0.16971953,0.123853266,0.035822686,0.28520456,0.11789932,0.28676626,0.13959742,0.16120672,0.09061953
0.107498705,0.21035305,0.106730536,0.16841085,0.1516415,0.036684036,0.27129707,0.104567826,0.24515384,0.13965338,0.1612229,0.090588994
0.10729068,0.19892736,0.10565501,0.1787921,0.12836927,0.037121166,0.26320723,0.08732332,0.49918664,0.13965237,0.16131768,0.0898093
0.107386686,0.19841635,0.10287789,0.17955352,0.17088552,0.047053687,0.25891218,0.10760118,0.5014693,0.13969482,0.1612248,0.08891233
0.10785667,0.19652145,0.099665575,0.17027476,0.1355108,0.041741148,0.23652156,0.12656775,0.39064097,0.13960744,0.1612274,0.08669238
0.10844536,0.18533327,0.09871641,0.16975127,0.14142922,0.036903344,0.2402871,0.11997968,0.011719584,0.1396363,0.16118397,0.08637356
0.10715466,0.19555199,0.102744214,0.16148855,0.11449583,0.03341914,0.19390197,0.11627182,0.47695267,0.13955806,0.16111635,0.085006155
0.10744099,0.19380082,0.10281698,0.1632026,0.10851801,0.038566887,0.21268997,0.11267352,0.48751527,0.13965353,0.16104944,0.082762726
0.10766616,0.1967027,0.10175638,0.16076164,0.093712665,0.038696244,0.20677558,0.10360244,0.48223457,0.1394817,0.16100462,0.08309981
0.10478018,0.19431244,0.10310958,0.16330133,0.15842089,0.046862703,0.21547207,0.116946615,0.19916943,0.13947323,0.16100231,0.08307711
0.10557532,0.19607721,0.10431446,0.15860517,0.10006246,0.043229446,0.14678061,0.10735079,0.5475672,0.13945003,0.16087556,0.0816252
0.08708286,0.20298299,0.10420271,0.1593784,0.12901238,0.047230113,0.15454863,0.09773576,0.6068054,0.13936016,0.16085833,0.0815354
0.09271391,0.19026208,0.103046484,0.16666019,0.13076703,0.045908228,0.16506259,0.09032309,0.3156144,0.13939022,0.16090323,0.081545904
0.09692236,0.19872184,0.09873993,0.15482494,0.1201246,0.04137018,0.13907537,0.07586113,0.31816885,0.13940233,0.16091746,0.08288828
0.10167398,0.18817928,0.10145587,0.16119756,0.10683555,0.037775073,0.15563445,0.10083817,0.31522575,0.13936274,0.16088627,0.082977906
0.10519889,0.19367106,0.09454671,0.16513571,0.08842153,0.034042343,0.16448249,0.10056465,0.21182215,0.13948716,0.16089097,0.088690445
0.10636546,0.1864281,0.09429071,0.16800673,0.12083375,0.037435677,0.1782556,0.10812843,0.24759343,0.13938451,0.16090994,0.088352084
0.10657309,0.18178864,0.093903705,0.16951945,0.113337316,0.03854031,0.17612861,0.105809495,0.36115623,0.13938081,0.16095686,0.08838583
0.09982825,0.17691827,0.09117547,0.16775846,0.12623739,0.04893697,0.21332228,0.112321615,0.8514693,0.13942456,0.16098757,0.08875576
0.10187304,0.17313921,0.08966178,0.16848831,0.10944614,0.047691565,0.20479709,0.12819839,0.6435428,0.13945948,0.16095132,0.093326196
0.12198626,0.17069742,0.08545766,0.17355576,0.1363735,0.042901784,0.20511197,0.11617748,0.49704963,0.13949798,0.16108245,0.09095186
0.11703232,0.16049513,0.07723857,0.17723078,0.082837254,0.04301236,0.1986709,0.11018654,0.9812431,0.13947341,0.16107145,0.0894798
0.11569385,0.1431973,0.07764809,0.17444679,0.09474808,0.04679725,0.19236037,0.111843646,0.4871279,0.13953462,0.1610338,0.087495096
0.11417277,0.15214756,0.06875748,0.16856736,0.14274819,0.046733543,0.19262053,0.102275625,0.48482442,0.13947256,0.1610774,0.085630216
0.12332059,0.14002591,0.06685153,0.16591135,0.12432865,0.04741104,0.19076785,0.1045092,0.43696946,0.13948756,0.1610805,0.08351291
0.120225064,0.13325655,0.06967208,0.16478151,0.13904855,0.052993417,0.15602696,0.095521696,0.6199637,0.13956854,0.16109505,0.08121663
0.116643295,0.12732385,0.07298389,0.1572476,0.11801822,0.05274274,0.16105723,0.105270535,0.5080238,0.1395264,0.16102223,0.07953665
0.1099185,0.14396346,0.075131655,0.15095443,0.11175379,0.05122823,0.15668418,0.09712711,0.6184834,0.13948268,0.16101718,0.08071132
0.110982955,0.15108082,0.07528107,0.15407608,0.117495775,0.053703774,0.15611655,0.1289107,0.6864802,0.13945496,0.16105545,0.07994227
0.12166731,0.14120096,0.07808854,0.15296915,0.083965324,0.066652305,0.15878183,0.12596892,0.30992836,0.13951896,0.1610486,0.07781123
0.11437697,0.15430431,0.08048173,0.15083341,0.09413191,0.07613424,0.15589727,0.12151664,0.43819386,0.1394883,0.16106783,0.076963015
0.107745565,0.1531693,0.08156693,0.15021907,0.079054445,0.07557713,0.14148119,0.121266656,0.6445172,0.13948175,0.16107053,0.0736983
0.10781692,0.15980391,0.08384557,0.1437295,0.1198015,0.08524011,0.13245451,0.10539166,0.50739646,0.13948745,0.16105217,0.073131435
0.10811185,0.15605149,0.08610198,0.14828159,0.13273229,0.0849284,0.14438026,0.099566385,0.63582325,0.13951217,0.16107436,0.07184995
0.1096082,0.1628996,0.087468766,0.1431882,0.10568388,0.08483565,0.20489594,0.10178431,0.6790382,0.13954508,0.16113468,0.07142829
0.10828473,0.16609374,0.08566393,0.1417583,0.13719329,0.088999614,0.19986407,0.0977098,0.061214685,0.13952631,0.16112132,0.069161564
0.10480624,0.16262925,0.08685498,0.1378443,0.10404731,0.09070316,0.20202398,0.10182879,0.16075948,0.13958345,0.16131076,0.06935418
0.10573478,0.18863936,0.079595946,0.13799326,0.124340944,0.09010133,0.19781162,0.10452625,0.20962337,0.13967058,0.16127247,0.06973193
0.114347786,0.15650323,0.08273877,0.1354545,0.12540573,0.087669164,0.19349763,0.11330235,0.33887097,0.13969901,0.1612718,0.072252855
0.12350932,0.16136214,0.08168175,0.14336248,0.11799302,0.09974465,0.18843171,0.10238087,0.4494741,0.13972619,0.16122764,0.07598746
0.12002861,0.16410653,0.08213403,0.15015589,0.082172446,0.10101706,0.19269687,0.11555559,0.6245964,0.13966218,0.16123365,0.07579938
0.09500426,0.16605605,0.08039957,0.15086272,0.11644441,0.1032193,0.13966724,0.119649634,0.48552716,0.13973716,0.16124785,0.07582473
0.09961836,0.16465773,0.07328093,0.14272878,0.12207876,0.10202082,0.2130431,0.100189105,0.66689366,0.13964893,0.16122085,0.075686276
0.10175727,0.14854579,0.07609077,0.14501104,0.14051895,0.09413116,0.20895894,0.09560965,0.7182286,0.13967076,0.16119325,0.0764862
0.10403151,0.14696042,0.075968616,0.14434217,0.11477574,0.09546775,0.19638604,0.09090722,0.40731707,0.13959034,0.16125347,0.0760904
0.10746048,0.14993851,0.074153185,0.14624864,0.11074696,0.09485685,0.19474493,0.11719983,0.59459305,0.13970198,0.16122831,0.07779049
0.101827584,0.1440369,0.07676977,0.15053293,0.093249686,0.08408671,0.19963874,0.11278748,0.36234096,0.1396544,0.16123252,0.077904135
0.106141426,0.1532965,0.07671927,0.1504244,0.08775401,0.08512355,0.20191313,0.1384164,0.37717444,0.13967793,0.16136779,0.07932417
0.10662639,0.13808438,0.076468356,0.15769024,0.08754268,0.08169858,0.21935622,0.14293115,0.33397242,0.13976946,0.16140601,0.077147126
0.10532899,0.15106091,0.07020972,0.14617555,0.08785384,0.08180306,0.21645845,0.10907132,0.27922726,0.13983072,0.16148822,0.07623079
0.10446711,0.14442576,0.07038135,0.14331762,0.08985237,0.07998605,0.22239412,0.1051643,0.30770725,0.13987179,0.16148625,0.073693596
0.11559945,0.13805251,0.08042345,0.1487759,0.09877647,0.079272,0.22664042,0.09407437,0.33739758,0.13981159,0.1614594,0.07175989
0.113506384,0.15308136,0.08078429,0.13969201,0.09321004,0.079116955,0.23137568,0.080332026,0.30827385,0.13984968,0.16139758,0.07141558
0.112814434,0.15841664,0.078705326,0.13796818,0.0738222,0.084429756,0.22660746,0.07151271,0.08611885,0.13982677,0.16143055,0.07133448
0.11866092,0.15098196,0.076327555,0.14083108,0.13886723,0.08084461,0.23440391,0.10416338,0.39355707,0.13980828,0.16149308,0.07185167
0.11618435,0.15027623,0.07750842,0.14038463,0.0953118,0.0804112,0.24773917,0.093416885,0.47630113,0.13986376,0.16145416,0.072281666
0.11465056,0.14986162,0.07476178,0.14285697,0.10241343,0.08048589,0.20582749,0.08861622,0.50381035,0.13984007,0.16139436,0.072573975
0.11282438,0.143496,0.071944445,0.13876064,0.15602525,0.079645745,0.22834519,0.0859679,0.20350602,0.13978155,0.1613991,0.07249903
0.11240418,0.14340545,0.07260997,0.13952798,0.09157705,0.07399226,0.22442411,0.07365474,0.3288197,0.13973925,0.16143385,0.07157065
0.105375096,0.1486134,0.06968835,0.150523,0.09635051,0.06980926,0.22048625,0.079842195,0.24094748,0.1398306,0.16137221,0.071575254
0.10726237,0.13538788,0.069527715,0.13862094,0.12258019,0.071159914,0.20540819,0.081364885,0.37207365,0.1397321,0.16139713,0.07280952
0.107517526,0.1431418,0.07561854,0.1421361,0.11420667,0.06607827,0.20704363,0.08294852,0.18312329,0.13985951,0.16147456,0.07357487
0.109489836,0.1371343,0.077628665,0.14342599,0.09763334,0.07874388,0.19642015,0.08195403,-0.041558176,0.13975215,0.1615771,0.07140723
0.1109921,0.15392458,0.07577602,0.14160682,0.101028316,0.080045715,0.19682945,0.108092375,0.4130392,0.1399127,0.16154866,0.071190454
0.11267118,0.14899491,0.069403596,0.14222509,0.12753162,0.07855186,0.17729475,0.10170305,0.573052,0.13986577,0.16159411,0.07077176
0.111564696,0.1334343,0.06730208,0.1280056,0.1042368,0.076731764,0.17427146,0.09371063,0.6605031,0.1399212,0.16162251,0.07070746
0.121737055,0.13059732,0.06397007,0.13874806,0.09242559,0.07652253,0.12375599,0.09085302,0.7914815,0.13989827,0.16165113,0.07030861
0.120244436,0.11843891,0.067309245,0.13912375,0.11503298,0.076148115,0.13483873,0.10226902,0.45914242,0.1400094,0.16163409,0.0720809
0.11907394,0.12694718,0.06664811,0.14271069,0.09913678,0.0730724,0.12608089,0.11013295,0.67972517,0.1399515,0.16163036,0.07250782
0.112442836,0.13694596,0.065881945,0.14648484,0.10666977,0.067862794,0.12297671,0.11620316,0.37573528,0.13998449,0.16167413,0.07040125
0.112352476,0.12493994,0.058439143,0.13548332,0.107309416,0.06257675,0.12754163,0.10358855,0.6976191,0.13996795,0.16172425,0.06828843
0.111737825,0.121471174,0.058526527,0.13445053,0.08839501,0.057756558,0.1324278,0.097987965,0.6868424,0.14010212,0.16174817,0.06693238
0.11228957,0.13773048,0.068023406,0.13448316,0.10529284,0.052895885,0.1242092,0.100963905,0.69451356,0.14012793,0.16179813,0.06450795
0.11249369,0.1372925,0.06496756,0.12878244,0.11082968,0.050618704,0.13374147,0.10910022,0.62754625,0.14005074,0.16178119,0.06335842
0.11280267,0.12947403,0.0609096,0.12137956,0.080752,0.04866037,0.14578804,0.10156691,0.70058924,0.14007916,0.16184299,0.06533538
0.096625604,0.12200615,0.05615798,0.12969653,0.051259954,0.046106577,0.1319544,0.09509677,0.5684632,0.140181,0.1618404,0.06520839
0.09594534,0.10992269,0.053499542,0.12790908,0.1102377,0.051137283,0.15036416,0.100375175,0.4742806,0.14010009,0.16180421,0.065117165
0.077653356,0.11207101,0.052521225,0.12675412,0.10958508,0.05936693,0.16102701,0.09458901,0.95097923,0.14009874,0.16185586,0.06370365
0.086237945,0.106861025,0.052315675,0.12537734,0.10368089,0.060583916,0.17154111,0.11849371,0.527805,0.14013809,0.16195267,0.057120066
0.07112756,0.107308045,0.050102297,0.118815035,0.123603694,0.065283835,0.17428362,0.11132428,0.33914816,0.14025873,0.16201231,0.057001725
0.08109011,0.104557075,0.050605588,0.11685858,0.11830183,0.0636896,0.17865089,0.12077151,0.24819326,0.14030582,0.1621162,0.057583515
0.08575794,0.112442896,0.05466672,0.12046155,0.11261722,0.06367735,0.21055324,0.115917385,0.5853538,0.14043382,0.1620806,0.055921122
0.09067025,0.11535709,0.05287262,0.112879634,0.09375497,0.056104176,0.22005197,0.11467796,0.36205357,0.14031291,0.16205475,0.05422394
0.090105265,0.10935889,0.05722057,0.10921957,0.11846198,0.056123804,0.24168342,0.12097992,0.60427666,0.14039198,0.16208023,0.052443527
0.11349175,0.10559088,0.058811866,0.10483844,0.11379089,0.055854477,0.23698978,0.1281017,0.78391904,0.14033309,0.16212137,0.052779745
0.10762199,0.11463482,0.062527135,0.10573948,0.14184436,0.053828977,0.23919247,0.12776881,0.7672003,0.14032267,0.16209473,0.056664996
0.108122006,0.11203184,0.060199823,0.11598205,0.12105901,0.058642924,0.23074919,0.11397984,0.61301416,0.14034593,0.16211376,0.057810254
0.10699041,0.12126199,0.061710726,0.10735035,0.10362605,0.059730902,0.22150639,0.105772704,0.52402383,0.1403362,0.16212109,0.057688717
0.10728438,0.11225447,0.061184842,0.11750352,0.10196208,0.059679583,0.22750244,0.097481616,0.3047063,0.14029083,0.16218118,0.06010499
0.10783584,0.12542033,0.064352065,0.119024746,0.13152419,0.05957676,0.21428496,0.104738265,0.29963827,0.14039145,0.16226707,0.062226772
0.10827774,0.123221986,0.0693901,0.12244813,0.13442855,0.054644924,0.2090572,0.10530593,0.21595821,0.14049718,0.16231011,0.06598089
0.10853903,0.14014025,0.06784733,0.13278238,0.162192,0.057406723,0.21233886,0.1238824,0.24254274,0.14045466,0.16230565,0.065928206
0.10867799,0.14268869,0.065312825,0.13157636,0.09931363,0.057222042,0.20837162,0.10398705,0.5912545,0.14049569,0.16229668,0.06736797
0.108090684,0.1268843,0.06582775,0.13521829,0.12801385,0.052982423,0.22666997,0.09809066,0.5242767,0.1404755,0.16230617,0.06506565
0.108116075,0.13190793,0.065139905,0.12608457,0.11529107,0.047264017,0.23753516,0.11725932,0.3914357,0.1404598,0.16233104,0.06537749
0.109006315,0.11910701,0.071131825,0.13153408,0.1216525,0.04523099,0.23592351,0.11115758,0.546977,0.14055584,0.16239388,0.06532801
0.10177152,0.14244422,0.067141026,0.1291411,0.09336963,0.042153545,0.24479203,0.12135169,0.71451634,0.14055851,0.16243681,0.068644494
0.103020094,0.13683246,0.07217771,0.1361211,0.13151033,0.042435307,0.23464897,0.117548674,0.3342956,0.1406397,0.16250838,0.06959048
0.10371682,0.14382654,0.07113969,0.13609849,0.10993505,0.03985712,0.24430566,0.09977599,0.5241437,0.14060052,0.16263644,0.06708428
0.10569533,0.14678977,0.07137522,0.12946291,0.09991446,0.040702157,0.23862015,0.09712184,0.38975608,0.14072989,0.1626702,0.06741951
0.10702994,0.13848956,0.069978595,0.13293345,0.1422573,0.04089712,0.22973424,0.09980822,0.3081498,0.14079124,0.16274413,0.06863741
0.107833184,0.1352076,0.07276922,0.13374309,0.116311274,0.04167541,0.22492142,0.102181315,0.5727813,0.14077564,0.1626903,0.06856507
0.10722762,0.14199531,0.074318625,0.13817917,0.10670233,0.04175628,0.2219174,0.1047023,0.72308505,0.14072892,0.16265397,0.067332506
0.106695056,0.1465534,0.07081388,0.13276808,0.1318913,0.03929707,0.20806623,0.11801694,0.71924585,0.14078633,0.1626845,0.06877812
0.08769654,0.14066939,0.067160554,0.12484002,0.13200136,0.041361444,0.20760053,0.119934835,0.264761,0.14074096,0.1626845,0.06935192
0.08975064,0.14114496,0.06627345,0.13462485,0.083321504,0.041984085,0.1663002,0.10137007,0.36171296,0.14079514,0.16271901,0.067701004
0.10741268,0.13471104,0.06570853,0.13605785,0.09674133,0.044622295,0.15842786,0.1001351,0.23103225,0.14080453,0.16276842,0.066717364
0.10904591,0.13322696,0.07032243,0.12680376,0.09299671,0.044171907,0.1473642,0.0932928,0.16357388,0.14080007,0.1627153,0.06708249
0.11084192,0.13713315,0.07624757,0.12902914,0.120990835,0.04485517,0.13944903,0.105491914,0.33034295,0.14082985,0.16272844,0.068260536
0.11066132,0.1474255,0.077352166,0.13540299,0.078972615,0.04024589,0.20500392,0.11993421,0.4245146,0.1407974,0.16268164,0.068733566
0.11054981,0.150677,0.078776926,0.13614865,0.07845476,0.04093273,0.20801911,0.100813955,0.48348287,0.14080511,0.16266388,0.06682045
0.10965064,0.15582418,0.08039985,0.13603999,0.13603368,0.04059262,0.19435924,0.10419931,0.27189946,0.14074583,0.16270375,0.06505945
0.10861658,0.15529703,0.08082015,0.13275042,0.13299447,0.04152765,0.25635657,0.13191244,0.29226118,0.14075425,0.16278318,0.0658076
0.107477516,0.1640541,0.078610234,0.12857358,0.15636176,0.042352974,0.24752858,0.13108087,0.5881727,0.14081696,0.16275497,0.06758638
0.105723895,0.15540779,0.07743542,0.13174216,0.11145658,0.04232688,0.24269718,0.12882131,0.7335474,0.14079943,0.16277598,0.06834165
0.105794325,0.1480355,0.08093156,0.13046016,0.13077313,0.044394936,0.23782535,0.11732527,0.6517882,0.14080839,0.16272013,0.06208161
0.10447588,0.15599552,0.07626353,0.12442512,0.12490078,0.050247747,0.25635046,0.11443923,0.57992995,0.1407924,0.16277815,0.061235696
0.103879265,0.15371619,0.07664041,0.12187341,0.093056634,0.053157605,0.34360772,0.107859425,0.34862602,0.14087081,0.16285878,0.061294887
0.10236329,0.16941705,0.07470826,0.12315463,0.12979198,0.05291666,0.2948224,0.10110144,0.40083134,0.14089268,0.16283259,0.06744172
0.10298043,0.14679503,0.07641052,0.13084555,0.16338766,0.050439693,0.314257,0.11483056,0.16146013,0.14085668,0.1628538,0.06533534
0.09879534,0.1502091,0.07792811,0.13052295,0.11878334,0.06351784,0.3045055,0.11097027,0.61187196,0.14086585,0.16287668,0.059515286
0.10065602,0.15073745,0.079271905,0.12361336,0.11655787,0.06259643,0.31329253,0.101551116,0.69284475,0.14084151,0.16289507,0.05906883
0.0863679,0.1552558,0.0825401,0.11541419,0.1141976,0.061225012,0.3406132,0.08329042,0.5533354,0.14098166,0.16287962,0.05935295
0.090460405,0.15734057,0.08208141,0.11679574,0.14449039,0.058247,0.3400547,0.09540454,0.37669054,0.14099199,0.16288728,0.06023246
0.09252115,0.15167373,0.080231175,0.12845334,0.16704199,0.055726465,0.33480707,0.12960939,0.8812041,0.1408905,0.16286789,0.061625738
0.09560284,0.15205877,0.07907283,0.12545198,0.15486516,0.05161551,0.32063815,0.12328713,0.67716056,0.14092186,0.1628787,0.062641814
0.09716559,0.16090937,0.0842631,0.12224966,0.14769343,0.054005593,0.27360174,0.13339648,0.5257402,0.14092141,0.16281685,0.056858253
0.10922265,0.1658518,0.08203868,0.11902768,0.14764492,0.05333073,0.27226496,0.11620211,0.5587549,0.14083703,0.16281547,0.063466914
0.10700589,0.16252816,0.07892282,0.1265673,0.1461447,0.047897175,0.28218228,0.12336314,0.47854432,0.14083922,0.16282047,0.063974276
0.10820787,0.1562146,0.08224342,0.12859647,0.104888536,0.047910213,0.27279884,0.117205545,0.33288252,0.14085545,0.16284612,0.06648359
0.10521574,0.1582936,0.08262073,0.13858774,0.11430891,0.050188478,0.2602562,0.09285389,0.60858893,0.14085165,0.16289712,0.06667417
0.10528281,0.15596306,0.08201455,0.13244592,0.16082841,0.044832036,0.25337157,0.08889874,0.3036375,0.14093313,0.16288814,0.066668615
0.10706056,0.16283897,0.083604075,0.13802525,0.10898256,0.047319032,0.2810449,0.08115017,0.17641276,0.14094554,0.16286814,0.067036
0.10746412,0.1533952,0.07963118,0.13402537,0.1396082,0.05262898,0.2637935,0.088959664,0.3507129,0.14086315,0.16286166,0.067335844
0.10617918,0.15278615,0.08227809,0.13436997,0.11067444,0.051895242,0.2481563,0.080006465,0.5421731,0.14090495,0.16282575,0.069558
0.10698223,0.16116713,0.08392056,0.13833898,0.108553074,0.055026826,0.21703951,0.08040732,0.57479286,0.14085461,0.1628471,0.07105173
0.10920168,0.16054462,0.08444709,0.1411043,0.12489966,0.04983897,0.17757095,0.08248448,0.25839487,0.14088328,0.16287845,0.0726137
0.11098043,0.15837692,0.08264875,0.14143685,0.088370666,0.05767899,0.17647488,0.10802808,0.43140036,0.14090835,0.16281419,0.07235035
0.112400234,0.1587963,0.08728489,0.14448544,0.09965021,0.05527232,0.17341593,0.09481835,0.20517418,0.14082135,0.16273624,0.07302728
0.10751887,0.18186179,0.08698945,0.14152767,0.11451674,0.057709243,0.16086496,0.091362044,0.15399855,0.1407373,0.16273132,0.07427485
0.114926346,0.17462507,0.090398416,0.14389868,0.11982108,0.05825395,0.16289723,0.09611242,0.12540579,0.14078674,0.16277415,0.07411348
0.114756875,0.19762282,0.08931582,0.14021273,0.11689831,0.05849686,0.16237196,0.099066585,0.18123785,0.1407735,0.16284157,0.07466939
0.09997088,0.1923623,0.09029776,0.14669651,0.1182776,0.06013672,0.12455042,0.10452747,0.56482667,0.14086007,0.16290219,0.07545315
0.10489441,0.16325276,0.09153872,0.1463182,0.12153836,0.06474842,0.09703453,0.10915158,0.43400073,0.14087333,0.16296874,0.07489572
0.10667498,0.1810762,0.09296624,0.1510737,0.09838259,0.06466835,0.10882368,0.09861189,0.47232175,0.14090763,0.1629364,0.07651292
0.11652628,0.1815001,0.093924925,0.1565445,0.09311737,0.061890207,0.18183717,0.09310017,0.38440377,0.1409265,0.16288857,0.077297285
0.11474018,0.18947513,0.09243655,0.15026134,0.12526439,0.07127507,0.13977914,0.09558304,0.4896917,0.14086731,0.16290547,0.07716111
0.11432778,0.18462865,0.09782418,0.14309125,0.15009981,0.07136149,0.11662069,0.09815238,0.49353766,0.14094613,0.16292429,0.0764813
0.11455649,0.1879637,0.09291772,0.15131098,0.10303716,0.0714009,0.121104255,0.13261496,0.9331484,0.1409011,0.16289043,0.078553826
0.11459453,0.18496422,0.095830604,0.15379998,0.075278305,0.07035842,0.104634866,0.1367188,0.7260695,0.1408503,0.16287608,0.08088356
0.11378836,0.18807967,0.095900565,0.1532413,0.051580574,0.07289649,0.14907722,0.1085524,0.6295128,0.14087339,0.16295268,0.07904834
0.11180473,0.1917936,0.09835533,0.15334737,0.073887914,0.07883027,0.12534322,0.10175631,0.54575837,0.1408911,0.16294947,0.08099804
0.1116311,0.17805466,0.09836292,0.15701477,0.11053953,0.08395005,0.12488121,0.09505686,0.4696784,0.14095142,0.16306432,0.08075915
0.11489778,0.19393231,0.09600509,0.16058764,0.11103316,0.08324386,0.1310601,0.09165905,0.59703404,0.1410197,0.16298002,0.07856278
0.095030166,0.1909186,0.092457324,0.15492663,0.07346229,0.08327489,0.14040552,0.08894104,0.6436528,0.14094177,0.16293344,0.07578064
0.100510515,0.1801197,0.09545142,0.1490777,0.09944985,0.07367225,0.15097313,0.08823215,0.30693874,0.14095116,0.16285758,0.074596204
0.10379675,0.19156088,0.09919202,0.14812064,0.09811651,0.07703739,0.14254914,0.09523834,0.30216426,0.14084247,0.16283226,0.07254987
0.10679906,0.18992355,0.09756525,0.14654824,0.09353608,0.07567493,0.15679425,0.0910839,0.46220767,0.1408349,0.16283397,0.0742417
0.103664525,0.18823756,0.09608929,0.14544567,0.094740644,0.075500794,0.14652756,0.08789888,0.66564035,0.14085425,0.1628673,0.075173214
0.10875558,0.18811548,0.0972323,0.14834352,0.14438018,0.08794454,0.14661296,0.122819886,0.3443801,0.14084919,0.1627858,0.07611029
0.12061448,0.18909653,0.097228795,0.15104201,0.12706165,0.08703121,0.14930801,0.120254815,0.6670541,0.14078204,0.16278572,0.07706852
0.11715102,0.18894584,0.09540758,0.14930673,0.113733836,0.090252705,0.13394025,0.10848609,0.40463954,0.14078079,0.16278125,0.07837219
0.11544238,0.19019717,0.09319999,0.15319103,0.103130855,0.08855978,0.17229341,0.098368004,0.39788866,0.14082602,0.16277532,0.078250155
0.09993958,0.18097885,0.0942909,0.15426573,0.074795336,0.10026771,0.17669402,0.1121677,0.3690583,0.1407972,0.16273305,0.077124245
0.10219468,0.18113379,0.09366092,0.14969921,0.1164464,0.0971829,0.17637572,0.10099785,0.13502043,0.14078562,0.16278894,0.07483507
0.10367366,0.1776025,0.093365036,0.14854264,0.15666191,0.09244665,0.149314,0.0951464,0.23145695,0.14083754,0.16286297,0.07539289
0.107540004,0.17375188,0.09432793,0.14522725,0.11340687,0.08962825,0.1498473,0.099219196,0.49931157,0.14088565,0.16283908,0.07564758
0.10860573,0.18282123,0.09789685,0.14818962,0.107437536,0.08649316,0.15503213,0.08895285,-0.014373839,0.1408284,0.16284864,0.07908985
0.11104994,0.18353418,0.0970743,0.15663308,0.10973066,0.085214876,0.15275314,0.10456599,0.15589334,0.14084195,0.16287418,0.07910852
0.11081771,0.19486663,0.096438974,0.1575393,0.0706922,0.07954524,0.11589861,0.103622615,0.49475783,0.14091158,0.16288045,0.07918659
0.11151528,0.17862166,0.099507965,0.15877195,0.083123304,0.086853996,0.053626053,0.11567707,0.7536148,0.14089301,0.16286357,0.08119035
0.11275351,0.19067134,0.09779999,0.1594799,0.092060246,0.09156362,0.06661277,0.08948984,0.766001,0.14089352,0.16286176,0.08146965
0.09051274,0.19003564,0.100407444,0.15551478,0.091050245,0.09137339,0.07134504,0.09076972,0.34115833,0.14090325,0.1628716,0.080705084
0.09719235,0.20436853,0.09981953,0.15878017,0.07548232,0.09083497,0.07087149,0.088982865,-0.10010117,0.14085168,0.16291434,0.083142675
0.10101922,0.20026302,0.09791785,0.1571318,0.056661043,0.08788323,0.0685487,0.09308798,-0.27083224,0.14084454,0.16288558,0.07741826
0.105117425,0.18745118,0.102990456,0.1537687,0.092845075,0.087006226,0.07670542,0.09659114,0.08322444,0.14090818,0.16287297,0.07790567
0.10827133,0.195779,0.10756808,0.15541552,0.08963685,0.089381754,0.0797213,0.09367742,0.111821175,0.1408088,0.16289239,0.077311225
0.110583894,0.21112646,0.1116437,0.15320545,0.08648749,0.09492006,0.0761064,0.08133644,0.55275786,0.14096244,0.16284916,0.076472275
0.11388242,0.21347862,0.1115797,0.15049882,0.0982077,0.09909573,0.15036252,0.08652417,0.6898775,0.14082617,0.16281766,0.07973875
0.110180244,0.20874165,0.11036517,0.15690048,0.1194412,0.09221066,0.1076227,0.12485001,0.5615948,0.14085945,0.16286568,0.08079566
0.1117333,0.20536296,0.11203952,0.15586913,0.097241916,0.088615775,0.1270646,0.13142894,1.028492,0.14084585,0.16286688,0.08328793
0.11043156,0.21695922,0.11531148,0.16365196,0.08222502,0.08815598,0.13650098,0.11423808,0.68283856,0.14084658,0.16281788,0.08342116
0.10348006,0.22417799,0.11382184,0.16181765,0.10416712,0.084930256,0.13720733,0.104386464,0.72617614,0.1408314,0.16285855,0.087294504
0.11564885,0.21365428,0.1098682,0.16788937,0.09960468,0.07956545,0.16436113,0.11752191,0.4833063,0.14087683,0.16277702,0.08672237
0.11507644,0.21127948,0.109559335,0.17840375,0.11136106,0.07956561,0.19690509,0.11126236,0.6927639,0.14079325,0.16276473,0.09067019
0.11295838,0.20777588,0.10735367,0.18188384,0.08002887,0.08085727,0.18761365,0.11877631,0.49986738,0.140798,0.16280593,0.09576376
0.112532154,0.19285369,0.10495892,0.18273027,0.11619369,0.08082099,0.21297507,0.10404287,0.4855334,0.14086455,0.16283071,0.09476744
0.11223863,0.19828302,0.11164817,0.18035638,0.121067025,0.07867674,0.19327618,0.08557772,0.6264203,0.1408322,0.16283341,0.0929941
0.11119926,0.20855965,0.10930761,0.17777897,0.11866433,0.08218859,0.19070373,0.08825871,0.6391524,0.14088634,0.1628194,0.093523316
0.08997248,0.20647623,0.109103486,0.1777171,0.13963866,0.06982741,0.19140708,0.08266187,0.6444067,0.14085169,0.16282088,0.09264602
0.09177734,0.20367748,0.11160534,0.17641008,0.12414587,0.067091234,0.1825303,0.092748694,0.44826004,0.14081162,0.16281225,0.09603583
0.09669788,0.21375266,0.10922388,0.18722147,0.11284069,0.06920815,0.22357455,0.089090884,0.24186894,0.14084004,0.16282511,0.09358578
0.100201584,0.2079524,0.106601454,0.17517862,0.11721338,0.06801524,0.31216925,0.111221746,0.40735668,0.14081441,0.16279396,0.09351117
0.10238357,0.2059036,0.105679594,0.18089388,0.10052612,0.068006516,0.3208765,0.10555673,0.20501995,0.14078976,0.16277397,0.096998796
0.09768758,0.19887215,0.10954394,0.18428352,0.1754472,0.07031445,0.28642562,0.09733409,0.18178907,0.14083414,0.16267806,0.094868064
0.09996334,0.20737398,0.10600241,0.18402097,0.1371461,0.06680111,0.27218333,0.10125082,0.18326405,0.14067286,0.16265659,0.09682224
0.10057476,0.20188773,0.10745927,0.18336938,0.13557361,0.06442416,0.2653979,0.09432785,0.28104854,0.14072423,0.16262692,0.09397767
0.10185461,0.21768492,0.110709846,0.17530249,0.1333185,0.05815661,0.22686985,0.08227739,0.61935353,0.140677,0.16261058,0.091395326
0.10410546,0.20318514,0.11004693,0.1727195,0.13061318,0.057316996,0.23949346,0.084312424,0.4059676,0.14060934,0.16255398,0.09261692
0.10625141,0.19916469,0.10878382,0.17989433,0.09689972,0.054931622,0.2386389,0.08494305,0.30508468,0.1406523,0.16258438,0.090686806
0.10768398,0.2094864,0.10885775,0.17337458,0.13264073,0.057187088,0.24451047,0.08552972,0.63241875,0.14062575,0.16255863,0.09095401
0.10738339,0.20826952,0.10946111,0.17241156,0.11537013,0.05690164,0.19753614,0.08473082,0.4266679,0.14065912,0.16249335,0.09050972
0.08900458,0.20666176,0.10923939,0.17161253,0.09865339,0.056216836,0.195404,0.11078197,0.20839636,0.14058653,0.16250765,0.090072535
0.09578033,0.21046329,0.10953395,0.17732462,0.11135936,0.05603254,0.21487789,0.1054388,0.43982977,0.1406065,0.16248763,0.08937801
0.09916398,0.20323247,0.10880629,0.17401507,0.09257985,0.056106806,0.20190422,0.1179626,0.32875553,0.14060779,0.16241777,0.0914438
0.10290751,0.21127942,0.10379698,0.17728196,0.12688884,0.058417246,0.19532676,0.1048637,0.5967536,0.1405606,0.16236,0.089502946
0.10439998,0.19841792,0.10702884,0.16731642,0.09352756,0.05780281,0.18242651,0.12285111,0.6348136,0.14054282,0.16234294,0.0873705
0.10615543,0.1999985,0.10551075,0.16879088,0.118051566,0.05535626,0.18978761,0.13025434,0.49348164,0.14042799,0.16237564,0.08672239
0.10656579,0.20616335,0.10638155,0.16782196,0.12034747,0.055272862,0.18784419,0.12099452,0.4726858,0.14049305,0.16234773,0.09016418
0.107463434,0.19867124,0.10924758,0.17230757,0.11273528,0.043860283,0.20240334,0.125425,0.4006346,0.14044194,0.16234547,0.08967562
0.106795594,0.21092789,0.11010218,0.17161682,0.084901266,0.04431272,0.19618171,0.10902357,0.41033524,0.1404647,0.16227306,0.0884516
0.10567699,0.21488504,0.10738278,0.17065649,0.099837735,0.051100753,0.15636961,0.09841742,0.9488817,0.14045976,0.16225323,0.08843098
0.10046644,0.2033436,0.10531194,0.1713319,0.10696445,0.049794495,0.16387688,0.11591901,0.37873438,0.1403908,0.1621532,0.086837396
0.10328484,0.20291911,0.10554139,0.1655851,0.10781438,0.045235734,0.1633115,0.13604602,0.6416377,0.14032038,0.16219059,0.086714506
0.104919404,0.1989559,0.10316566,0.16841282,0.08895321,0.040645335,0.1526711,0.112151936,0.50447345,0.1403356,0.16220364,0.08590009
0.105243705,0.19505283,0.10407831,0.16556905,0.09807148,0.043676626,0.18777402,0.121656835,0.31375194,0.14038704,0.16219409,0.08542118
0.09967336,0.2015079,0.098295145,0.16607898,0.058929626,0.04125181,0.19490892,0.121794954,0.3596602,0.1404026,0.1622074,0.08770451
0.099168554,0.18984722,0.09375305,0.1636219,0.09400138,0.033074208,0.18787962,0.11844873,0.49015734,0.14039066,0.16220044,0.08743406
0.101434655,0.17795306,0.09768777,0.16702119,0.09305643,0.037215915,0.19997089,0.12779668,0.53153247,0.14039794,0.16210654,0.08670534
0.102787584,0.18649611,0.095953405,0.16308242,0.12884547,0.027004424,0.18713854,0.12424704,0.8215577,0.14031994,0.16210045,0.08568195
0.10379269,0.18378273,0.09512083,0.16122307,0.10571445,0.025449239,0.18271582,0.119562216,0.5927667,0.1402594,0.16208014,0.08430798
0.10488086,0.18229862,0.097482085,0.1641214,0.08830557,0.025531057,0.18146686,0.103606924,0.6880524,0.14028905,0.16208519,0.08474445
0.106115855,0.18671162,0.093721434,0.16490516,0.08281322,0.026332546,0.18653077,0.10715072,0.70955026,0.14030804,0.16210489,0.087957
0.10718282,0.18308528,0.09553572,0.1663306,0.11081384,0.022031154,0.1819597,0.10935729,0.57785505,0.140344,0.16203527,0.08775178
0.10691428,0.17954329,0.09510824,0.17066605,0.11739141,0.02033954,0.17017743,0.098727375,0.685349,0.140277,0.16206817,0.085903764
0.10779674,0.17792681,0.09513075,0.16303872,0.117332295,0.02145725,0.20543951,0.09056722,0.4783507,0.1402404,0.16210485,0.08442079
0.107993186,0.1784635,0.096433684,0.1646236,0.114121966,0.027065529,0.20879881,0.09531236,0.4213873,0.14027569,0.16211043,0.08493207
0.1079998,0.1864191,0.09625552,0.17036745,0.15047503,0.027861157,0.17327802,0.09946634,0.35450104,0.14032456,0.16213311,0.085525244
0.11022484,0.18020684,0.096158,0.16710314,0.14583322,0.03365567,0.17260543,0.09532771,0.22332877,0.14028522,0.16217755,0.08535963
0.1059093,0.17430557,0.0953047,0.16707495,0.11845617,0.035376664,0.1661234,0.088067956,0.4873237,0.14037165,0.1621519,0.08460887
0.104531296,0.17465761,0.09340823,0.15543237,0.15534921,0.041951083,0.17474161,0.07899201,0.37092686,0.14034821,0.1620939,0.081521295
0.1067986,0.18408011,0.09475812,0.15944725,0.058270562,0.041868094,0.14974423,0.07044178,0.29273129,0.14026351,0.1621324,0.083008766
0.10821011,0.18622664,0.09921213,0.16384372,0.083445445,0.042230807,0.17120598,0.096820496,0.73349905,0.14028978,0.16204076,0.08288621
0.10994448,0.18953258,0.0963512,0.16521013,0.10774306,0.042078942,0.14698724,0.08096828,0.41631445,0.14025947,0.1620156,0.082982846
0.10698503,0.18631227,0.09428746,0.16243096,0.120244555,0.04360244,0.0825736,0.090069905,0.39988795,0.1402316,0.16203667,0.08276706
0.08721271,0.18191172,0.09193648,0.15706815,0.08038115,0.045278728,0.17899817,0.11017319,0.56048423,0.140219,0.16209336,0.083120674
0.093403794,0.17727728,0.0856243,0.15797512,0.09805092,0.04833308,0.19589454,0.09275481,0.5103205,0.14025567,0.16203941,0.086746186
0.097273394,0.16283442,0.08237579,0.16383101,0.097260036,0.04851926,0.17956959,0.09683592,0.70321345,0.14023958,0.16209446,0.08967147
0.10076698,0.15584278,0.07523374,0.16933098,0.1308611,0.05190583,0.21554494,0.100201435,0.7182241,0.14032996,0.16205823,0.089539915
0.10363921,0.14173757,0.07311414,0.16973975,0.08888175,0.04681599,0.24171612,0.08740385,0.4219535,0.14025855,0.16210608,0.08829409
0.104463086,0.14502457,0.06575152,0.16673537,0.13683414,0.050832212,0.24106617,0.09257011,0.5858822,0.14034232,0.16208152,0.08458436
0.10498123,0.12856272,0.066417314,0.16264188,0.15886207,0.060832407,0.24037504,0.106462725,0.4872966,0.14033224,0.16205722,0.08507799
0.107048854,0.13804357,0.06683161,0.15136668,0.124882326,0.06644419,0.25053808,0.113070026,0.39896435,0.14028347,0.16209817,0.084627785
0.100512445,0.14157286,0.07413926,0.15860125,0.12626573,0.067025974,0.23346284,0.08973842,0.4329809,0.14037207,0.162284,0.08424539
0.12145847,0.1463139,0.07517805,0.1572901,0.12878442,0.06809296,0.23430917,0.087017834,0.4351425,0.1404679,0.16229801,0.083186395
0.11918301,0.15169504,0.07337442,0.15726493,0.116611145,0.062663265,0.21106248,0.11445756,0.58993983,0.14049013,0.16225046,0.08385645
0.116888925,0.1450669,0.073834606,0.16417496,0.1315718,0.06290425,0.20234114,0.126199,0.36002654,0.14042443,0.1622382,0.08385349
0.11422022,0.13781382,0.074448355,0.16222796,0.121754386,0.0673253,0.2083794,0.11698322,0.615995,0.14044252,0.16228238,0.08108676
0.11276625,0.1462152,0.07366663,0.15305062,0.11228243,0.06822273,0.19471206,0.10708979,0.71317315,0.14050485,0.16225834,0.07950603
0.111709215,0.1451244,0.07445564,0.15197016,0.09626799,0.06716614,0.19912668,0.10983814,0.37627572,0.14041664,0.16223711,0.077276655
0.1099756,0.14322454,0.07437523,0.15057905,0.12516749,0.06715143,0.18965055,0.10605623,0.26609322,0.14040451,0.16223285,0.07681263
0.10591087,0.13605446,0.075149074,0.14834246,0.15421417,0.06693735,0.19007972,0.09740591,0.29426706,0.14038226,0.16226259,0.078490674
0.09266277,0.15452403,0.07853185,0.14999673,0.12944007,0.066893645,0.18664347,0.10213489,0.53336453,0.14041877,0.16229187,0.07627529
0.0964987,0.15469344,0.07567425,0.1450386,0.08105263,0.06657599,0.19416252,0.11222769,0.39941058,0.1404494,0.16226031,0.07714979
0.09898383,0.14824237,0.076031856,0.14998895,0.11868041,0.06833665,0.19386032,0.102793,0.2736505,0.1404094,0.16240235,0.076359175
0.07883995,0.17114662,0.07516604,0.14788316,0.12666562,0.06825788,0.1935847,0.11647769,0.20094535,0.14052299,0.16245411,0.075239256
0.10491505,0.14404696,0.07663908,0.1442915,0.09071616,0.06852754,0.22675574,0.12642653,0.1386947,0.14058833,0.16252638,0.07508255
0.105994724,0.15314628,0.07545799,0.1454796,0.09100666,0.06859535,0.2107216,0.11703067,0.32924604,0.14060679,0.1625358,0.074600555
0.10618908,0.15017018,0.07424707,0.14712137,0.11449363,0.06814554,0.19897646,0.12237211,0.37729424,0.14069724,0.16269292,0.07355193
0.10288644,0.1515425,0.074496664,0.14139551,0.12932482,0.06828218,0.18713343,0.11883637,0.40871635,0.14073996,0.16278298,0.074724294
0.10448386,0.14377481,0.07474486,0.1438382,0.11298057,0.06671734,0.21869256,0.117743984,0.731884,0.1409557,0.16271433,0.07326352
0.10491652,0.15251209,0.07833214,0.14213423,0.112174615,0.06128736,0.19245544,0.11672633,0.61389476,0.14082566,0.16274206,0.07277692
0.10566579,0.1505938,0.07913094,0.14763436,0.10983232,0.060971398,0.19032599,0.10762623,0.46957356,0.14078276,0.16273299,0.073353395
0.10348928,0.15702397,0.082100496,0.14330076,0.08443664,0.06073775,0.20546666,0.10128315,0.5935274,0.14082105,0.16274413,0.07306269
0.105518386,0.17802523,0.08413296,0.14167437,0.091329314,0.062358003,0.17682944,0.095694065,0.65832174,0.14081903,0.16274285,0.0733263
0.10660762,0.157765,0.07874764,0.1378597,0.13309646,0.05952674,0.18944149,0.10875212,0.5732731,0.14083603,0.16268696,0.07583379
0.10805445,0.16123097,0.07651537,0.15325963,0.11734463,0.057106484,0.16140088,0.10534244,0.45009482,0.14075752,0.1626721,0.07446323
0.08713366,0.14671795,0.06979498,0.14544944,0.11775834,0.057754487,0.14412694,0.096793614,0.37722266,0.14080645,0.16263154,0.07396038
0.09237934,0.13791683,0.06380774,0.15107977,0.077849254,0.052451637,0.111854345,0.10795007,0.32710066,0.14074111,0.16271037,0.07468683
0.092210814,0.12943548,0.063432306,0.1430419,0.091604725,0.05004399,0.11732719,0.08726898,0.23482141,0.14072086,0.16273274,0.06786886
0.0975112,0.12339928,0.0655604,0.13803253,0.058514744,0.057898857,0.13374472,0.081529304,0.028693438,0.14074032,0.16274878,0.067593955
0.10168916,0.1309966,0.0677878,0.1308825,0.11024207,0.063187584,0.11403279,0.09226955,0.2274925,0.14081088,0.16272865,0.0671468
0.101695545,0.13760076,0.07296873,0.13426584,0.09228478,0.06543112,0.07985745,0.080599934,0.50349474,0.140781,0.16274428,0.06715656
0.10543015,0.13985997,0.07322323,0.13447557,0.07086669,0.07090991,0.10937276,0.11033699,0.5978917,0.14077616,0.16280504,0.065399885
0.107383825,0.14075929,0.07288573,0.13032524,0.095528,0.07098092,0.14886501,0.097739235,0.81058633,0.14090231,0.1628503,0.07128285
0.10883718,0.14888656,0.07244217,0.13999768,0.0694577,0.07033998,0.16362064,0.09199502,0.5106592,0.14088117,0.16286203,0.0683156
0.10963552,0.14525178,0.07172349,0.13252667,0.08718316,0.0656159,0.17209636,0.09681648,-0.00928697,0.14096402,0.16300952,0.07099888
0.11128683,0.13925815,0.07168656,0.13991018,0.058933858,0.06512634,0.1801877,0.105068006,0.06279029,0.14100535,0.16304965,0.07305413
0.106167756,0.14378233,0.07844303,0.14572431,0.11000124,0.05411333,0.20735793,0.12334073,0.5634928,0.14104125,0.16308907,0.07450471
0.107423395,0.16112258,0.079181276,0.14753261,0.11040459,0.049563892,0.20283598,0.116912395,0.4667239,0.14105286,0.16304608,0.07716233
0.10714758,0.15218292,0.080176175,0.150472,0.1307429,0.05041557,0.2102234,0.10557249,0.15530401,0.14103389,0.16308713,0.074496806
0.10663505,0.15439522,0.07640393,0.15184379,0.14844,0.041114748,0.2015295,0.10827732,0.5717523,0.14103033,0.16308205,0.07398594
0.106952675,0.1526872,0.08128715,0.14512096,0.13466746,0.041619938,0.2036106,0.10854949,0.5994271,0.141021,0.16299963,0.07416337
0.10852217,0.15453017,0.08844468,0.1461412,0.13241297,0.041815985,0.20020959,0.095928095,0.04507172,0.1410007,0.1630252,0.077653
0.10831186,0.1749411,0.08767066,0.15143062,0.15118837,0.036492724,0.20666413,0.113404244,0.25088683,0.14105435,0.16296963,0.07645348
0.110355526,0.17286748,0.09018114,0.1496049,0.071074456,0.03613588,0.19775286,0.101485394,0.1358544,0.14095986,0.16295506,0.07557203
0.10523289,0.1735585,0.09152957,0.14783384,0.09587555,0.036187332,0.18462683,0.1052673,0.2637497,0.14094439,0.162957,0.075717986
0.105617546,0.17077412,0.095615745,0.1516518,0.12974727,0.042732745,0.18157336,0.10674807,0.26077348,0.14092298,0.16290112,0.07717264
0.106162235,0.18294682,0.095599,0.15131496,0.079456605,0.046147697,0.24415502,0.10237794,0.55380964,0.14085019,0.16285224,0.079376385
0.103597425,0.17964032,0.09415532,0.16133656,0.11541311,0.052701455,0.23427704,0.093876556,0.03419161,0.14083219,0.1628623,0.08187976
0.104884475,0.18528846,0.097083405,0.16639346,0.14068949,0.05370461,0.22658877,0.1215826,0.695111,0.14090042,0.16288432,0.07862111
0.083540775,0.1818892,0.0961097,0.15649329,0.105245,0.05012869,0.21803068,0.11279717,0.41133106,0.14091106,0.16290984,0.078616485
0.08937364,0.18718763,0.09516681,0.1557998,0.12088221,0.04525269,0.17955513,0.1227501,0.8888367,0.14092542,0.16292082,0.07966063
0.09460937,0.17899871,0.09230198,0.15425946,0.13476291,0.044974424,0.13942547,0.12667234,0.64503235,0.14096828,0.16283794,0.08115002
0.096486785,0.17844616,0.09184896,0.1555894,0.1087033,0.04291176,0.14770614,0.11333475,0.5215248,0.14088838,0.16279462,0.07970233
0.10007644,0.17901823,0.09116119,0.15434244,0.105422124,0.04929736,0.12634373,0.107085854,0.6552601,0.14080232,0.1627884,0.080374576
0.10258548,0.1790084,0.08932309,0.15561119,0.11955413,0.049589824,0.13275737,0.09485841,0.5401977,0.14081514,0.16278623,0.08024588
0.104053654,0.16205928,0.08736975,0.15660106,0.075468816,0.04696639,0.103803545,0.08639911,0.27820748,0.14084272,0.16278425,0.07942736
0.106209904,0.1663886,0.087444715,0.15446408,0.1263065,0.050715152,0.10275721,0.12255441,0.3585905,0.14085653,0.1627696,0.074506566
0.10923021,0.1674504,0.089354694,0.1484673,0.06945979,0.04983322,0.065253615,0.11120277,0.34198424,0.140829,0.16271572,0.07283386
0.11050064,0.17612639,0.092997044,0.14716151,0.09558521,0.048205443,0.078461885,0.10781442,0.63257664,0.14077802,0.16273196,0.07132019
0.11157057,0.17181058,0.09894532,0.14127794,0.108861685,0.048784498,0.04222232,0.10808787,0.078502834,0.14083403,0.16271672,0.069268025
0.11241719,0.19581486,0.09768721,0.14866768,0.05224143,0.04673081,0.06244643,0.098062806,0.21720561,0.14069922,0.16274501,0.070492975
0.11276683,0.18384308,0.10086181,0.13917002,0.04620167,0.04849608,0.05012074,0.09412162,0.22423637,0.14076824,0.1627496,0.07154884
0.12679029,0.18911588,0.1136305,0.1444359,0.09389255,0.04890949,0.056766164,0.10007054,0.51678413,0.14079647,0.1627327,0.0727643
0.12426054,0.21748792,0.1124673,0.1440868,0.082746126,0.049418874,0.07766491,0.09044558,0.6551061,0.14074367,0.16272905,0.07361391
0.123913266,0.19983095,0.10867297,0.14961153,0.05416809,0.049209837,0.029971663,0.09972085,0.5410441,0.14077927,0.1626799,0.07528846
0.12230627,0.20798907,0.1078968,0.14838268,0.057278812,0.052224025,0.031250335,0.09546725,0.67915004,0.1407522,0.16260053,0.07617424
0.12146795,0.21748713,0.11094469,0.148853,0.048476566,0.055312272,0.051644877,0.12204074,0.2535999,0.14065437,0.16258161,0.07259076
0.12662628,0.21241538,0.10366307,0.14419751,0.055136893,0.068845816,0.056601,0.12612014,0.3641483,0.14061323,0.16256522,0.0753465
0.122455604,0.199598,0.10457396,0.14738698,0.03591721,0.07540973,0.066438965,0.10731657,0.63475513,0.14063136,0.16250202,0.07621887
0.12017218,0.19975387,0.10931334,0.145892,0.09583398,0.07528001,0.11176258,0.1001804,1.0110809,0.14055708,0.1624928,0.078915626
0.118252724,0.19786711,0.10687946,0.15357956,0.056742847,0.07066104,0.11487609,0.11639744,0.8860099,0.14062154,0.16248043,0.07928685
0.1029959,0.2067636,0.102328904,0.15829466,0.07487886,0.074830495,0.113861285,0.11222085,0.5967357,0.14059395,0.16246219,0.07948478
0.11384098,0.19330722,0.10381993,0.15487726,0.109984875,0.07450112,0.120655976,0.09333716,0.3493188,0.14061941,0.16243318,0.07876332
0.11394287,0.19911292,0.102618,0.15321633,0.08688448,0.072819844,0.12165906,0.08740768,0.37907964,0.14056711,0.16238591,0.07719459
0.11293122,0.19322023,0.09890377,0.15542771,0.09238229,0.07251087,0.1455762,0.09102572,0.20148233,0.14046547,0.16242196,0.078063704
0.11372591,0.18610582,0.097475186,0.1550932,0.112469584,0.069986306,0.14928395,0.09534729,0.14274639,0.14058094,0.16245173,0.08036068
0.11347623,0.18479615,0.10740163,0.1558971,0.0753735,0.064629726,0.1469618,0.10243544,0.4699083,0.14053382,0.16242108,0.07440865
0.11339157,0.19996884,0.10575474,0.1448081,0.07497778,0.06514618,0.13695195,0.11405504,0.6052439,0.1404991,0.16235635,0.07727751
0.11245855,0.20053922,0.10889599,0.15280876,0.0787886,0.06343181,0.13676469,0.09563145,0.30838674,0.14049716,0.16236942,0.07690492
0.11241516,0.21353555,0.11019792,0.1543758,0.1002664,0.06414382,0.1730585,0.09889199,0.2346178,0.14048448,0.1623551,0.07682565
0.11270812,0.21142,0.11080073,0.15361208,0.06658347,0.063185945,0.23011728,0.101621315,0.5265555,0.14047572,0.16230115,0.07678704
0.111748144,0.21537705,0.10970366,0.15357782,0.08342716,0.068432726,0.22089607,0.08886176,0.6292921,0.14041874,0.16219375,0.07752841
0.1113203,0.21429454,0.10268019,0.15147254,0.09302546,0.05932192,0.22470011,0.08728549,0.6531498,0.14037682,0.16210103,0.078467846
0.111236334,0.19934742,0.10248967,0.1514706,0.09074133,0.059873287,0.22203086,0.09205812,0.34521008,0.14027013,0.16207194,0.07981991
0.11022593,0.19270411,0.10190413,0.15275311,0.12184743,0.06063867,0.23686172,0.096279256,0.6232914,0.14027454,0.16198625,0.077899456
0.10991838,0.18958408,0.101850174,0.15480982,0.108744964,0.06091872,0.22902983,0.08848008,0.38730776,0.14017697,0.16196837,0.07805325
0.11007704,0.2005865,0.103293076,0.15719347,0.103200585,0.058614943,0.28368098,0.08671504,0.24634185,0.14025268,0.16196412,0.076668054
0.110015556,0.195604,0.101766,0.15370694,0.114957824,0.06336434,0.29959756,0.084797144,0.25343078,0.14026277,0.16194373,0.077508636
0.1050345,0.1909774,0.10418232,0.16039276,0.13784394,0.06818643,0.28823978,0.07944699,0.26339167,0.14016557,0.16198626,0.07757639
0.103592604,0.19734332,0.107760444,0.15832566,0.10694495,0.06264297,0.3160679,0.0795777,0.48400927,0.14018239,0.1619556,0.07776789
0.10565503,0.2166924,0.10750552,0.15093008,0.14792661,0.059958864,0.322197,0.0798853,0.57212096,0.14019452,0.1619231,0.07730901
0.10630202,0.20055562,0.10588334,0.15369026,0.12516147,0.054359395,0.32028592,0.09739197,0.6292201,0.14011528,0.16195802,0.07721199
0.105953604,0.19913079,0.0999723,0.15177307,0.127676,0.05484073,0.31543574,0.09108128,0.6642839,0.14012185,0.16196185,0.078167394
0.10631621,0.18546076,0.09953274,0.15348338,0.13006127,0.059181936,0.30795643,0.08079074,0.59032106,0.14019153,0.1619486,0.078848116
0.10727695,0.18500559,0.0985988,0.15529223,0.1606994,0.05483614,0.3083941,0.088650346,0.5085394,0.14009714,0.16190705,0.07912212
0.1022546,0.18940602,0.09527987,0.16029844,0.12334858,0.04970135,0.29278448,0.10518318,0.48278713,0.14018604,0.16190277,0.079191364
0.08099343,0.17815764,0.09377564,0.15387103,0.12156172,0.051578417,0.31314856,0.10887198,0.4804651,0.14014113,0.16191967,0.078096
0.087175675,0.17514291,0.09995906,0.15513353,0.12946469,0.053741835,0.29408917,0.107349426,0.022901684,0.14018394,0.16187444,0.07508169
0.0911968,0.20476069,0.09830674,0.14579327,0.118141055,0.05394771,0.26369077,0.09515627,0.22124274,0.14013849,0.1617911,0.072739296
0.11323709,0.19177473,0.09842613,0.14428656,0.16450717,0.053924445,0.24923833,0.091885164,0.4243741,0.14002004,0.16181897,0.07127276
0.11300147,0.19458029,0.101011276,0.14028777,0.13345405,0.05546157,0.3068311,0.098555274,0.43740878,0.14001088,0.16182035,0.073504955
0.10765301,0.19383599,0.09829526,0.1455784,0.13670951,0.0566154,0.27307975,0.087719545,-0.020369083,0.14004327,0.16184208,0.074300595
0.10941528,0.18968078,0.09777682,0.1449732,0.12779222,0.05315114,0.29888773,0.09623932,0.43268934,0.14005867,0.16182797,0.07727308
0.09308348,0.18735719,0.10091866,0.15181743,0.11336347,0.043457024,0.29800105,0.08147204,0.36399814,0.14009462,0.1617591,0.07574057
0.09063606,0.19903812,0.09993405,0.14813662,0.10994482,0.040727008,0.29538664,0.093416974,0.5122041,0.14003782,0.1617568,0.08020708
0.09385963,0.18942311,0.10176769,0.15615267,0.105464034,0.053842276,0.2840011,0.12435743,0.6413325,0.14003628,0.16170527,0.081031024
0.09734994,0.1993744,0.10641019,0.15837847,0.10479118,0.05585675,0.2679722,0.10175385,0.5147738,0.1399718,0.161766,0.08095209
0.09876225,0.20375496,0.104857564,0.16463841,0.16248491,0.05050741,0.262263,0.09712845,0.29073557,0.14002952,0.16178775,0.07998523
0.09989164,0.19563301,0.10436519,0.15876739,0.11378515,0.05332877,0.25991198,0.107046925,0.56601167,0.14000158,0.16174032,0.08097272
0.10240563,0.19939525,0.10440498,0.15845841,0.10765844,0.053935733,0.25639984,0.10146207,0.6453322,0.14002645,0.16180983,0.08159628
0.103650585,0.19891478,0.10368337,0.15689105,0.13060735,0.0558051,0.2709592,0.0921728,0.6612723,0.14009291,0.16184549,0.08302205
0.102167055,0.19726384,0.10143639,0.16152905,0.16385318,0.060495898,0.2487346,0.08620802,0.6539787,0.14011982,0.16188279,0.08337848
0.10426885,0.19687583,0.10062099,0.1629552,0.14553247,0.05796455,0.24718474,0.07424296,0.15723157,0.14011852,0.1617561,0.080925256
0.10512582,0.1911988,0.10223772,0.15797667,0.14150171,0.05761334,0.24966729,0.10460968,0.3363855,0.14004128,0.16167174,0.08153735
0.09908833,0.19078283,0.102351636,0.16100341,0.14236578,0.05717196,0.24367511,0.094181776,0.34695902,0.13996807,0.16158055,0.08164728
0.10063878,0.18981853,0.10429113,0.15775105,0.09383775,0.05450767,0.21483243,0.11535884,0.39983505,0.13986887,0.16167684,0.08233437
0.1022807,0.20416734,0.10688858,0.1708466,0.1204461,0.049234137,0.21457471,0.09620872,0.9164516,0.13997695,0.16172417,0.08095783
0.08856049,0.20072618,0.11833316,0.15778404,0.13276628,0.04847079,0.19381085,0.10138889,0.7603712,0.13998935,0.1618257,0.075098
0.09294347,0.2181747,0.11329783,0.14703724,0.16571113,0.049155142,0.21262406,0.099390514,0.73153645,0.14013429,0.16181976,0.074141085
0.097098194,0.2102376,0.10587909,0.14809477,0.09206262,0.049640104,0.18539312,0.12999864,0.70623064,0.14008886,0.16177894,0.07564406
0.099572256,0.19685216,0.10805345,0.15245435,0.13028613,0.04995257,0.16022153,0.11017378,0.53873956,0.14004973,0.16168581,0.076285385
0.10050171,0.20102683,0.10409963,0.1482555,0.11752108,0.04921298,0.1834252,0.121696986,0.6627284,0.1399992,0.16166495,0.077263005
0.09605582,0.20274049,0.10785514,0.15357143,0.05991367,0.049607832,0.18632744,0.115092635,0.399207,0.13997422,0.16165832,0.07782236
0.09863491,0.20245051,0.10386544,0.1524369,0.0787711,0.04945687,0.25509712,0.092762046,0.48249853,0.13991225,0.16161218,0.07819531
0.100770205,0.19929259,0.10370913,0.15322025,0.15627748,0.052525703,0.24422601,0.097869925,0.59351885,0.13993259,0.1615683,0.08416155
0.09897196,0.19734031,0.10344713,0.16495222,0.103763044,0.05205141,0.24478418,0.08715415,0.64081544,0.13986167,0.16154894,0.083908506
0.10229962,0.19589646,0.111634605,0.1689073,0.11963593,0.05272088,0.24544999,0.08824852,0.64217985,0.13984993,0.16150524,0.08258343
0.10435527,0.21460536,0.10740792,0.16256765,0.13149436,0.05257169,0.23990296,0.08918215,0.6431779,0.13982287,0.16150193,0.08501333
0.12429268,0.20181386,0.103538536,0.1595038,0.12622929,0.050351888,0.26933724,0.09848386,0.7301212,0.13979843,0.16153415,0.084885456
0.12128575,0.19582051,0.10223632,0.16166405,0.106891625,0.04541138,0.30432567,0.11315881,0.6948029,0.13988554,0.16157345,0.08761542
0.11930078,0.18977612,0.10078098,0.16899012,0.12263674,0.052017197,0.30023357,0.107770875,0.998503,0.1399163,0.16150703,0.086811
0.112435915,0.18789037,0.0974515,0.1612023,0.12617195,0.052104335,0.29656744,0.114885636,0.79644823,0.13984743,0.1614357,0.08431074
0.11017969,0.1847444,0.09524472,0.15830557,0.13183737,0.058363933,0.29145595,0.102558374,1.09273,0.13982256,0.1614227,0.083348386
0.10375047,0.18316722,0.09197306,0.15992455,0.1336135,0.05674856,0.27256745,0.10713186,0.85310316,0.13983783,0.16144645,0.08228424
0.104583375,0.17649764,0.08874242,0.16080154,0.13373245,0.053819317,0.30186695,0.100813866,0.5249967,0.13983878,0.1614331,0.083714806
0.10515885,0.17849576,0.089787275,0.16139394,0.14402846,0.04841234,0.2558887,0.11693123,0.36959788,0.13982826,0.16143331,0.083237424
0.10626099,0.1751278,0.088057116,0.16234243,0.18899202,0.056118086,0.25764284,0.1368736,0.6580248,0.13985124,0.16147701,0.08266745
0.1062441,0.17270032,0.08578015,0.15691891,0.12039296,0.068789475,0.24817348,0.1208927,0.87428784,0.13981774,0.16149507,0.08602828
0.105358005,0.16212562,0.08427097,0.16334385,0.13593018,0.06567222,0.25626925,0.1104722,1.1576176,0.13981803,0.16142592,0.08650044
0.100320056,0.16109616,0.082128525,0.16536959,0.13053906,0.05551833,0.25014743,0.11330861,0.7172325,0.13985416,0.16143292,0.084854275
0.10286316,0.16606669,0.0808095,0.17255287,0.12054479,0.055474684,0.24043056,0.10316387,0.55377674,0.13981818,0.16150346,0.086580865
0.10467497,0.14626335,0.08007081,0.16447502,0.121380545,0.055546623,0.23563746,0.09153472,0.42840105,0.1398576,0.16146427,0.08362143
0.10579949,0.15726554,0.082552075,0.15999493,0.12490706,0.05418355,0.2355603,0.09729451,0.5630038,0.13980274,0.16148923,0.07626651
0.1056657,0.16129367,0.08249108,0.14947492,0.13613889,0.054157227,0.2443074,0.08570279,0.54712254,0.13989241,0.16145326,0.074498184
0.10665013,0.15749536,0.08091389,0.14790288,0.09599935,0.06421263,0.24120042,0.09695177,0.6842545,0.13981062,0.16152067,0.07471213
0.10780488,0.15762298,0.07646143,0.14815052,0.09861029,0.058873475,0.23047873,0.09162103,0.69083357,0.13989188,0.16154407,0.07470516
0.11570071,0.1371476,0.073812775,0.14466025,0.11710217,0.06386776,0.21654122,0.09561386,0.49588528,0.13990986,0.16157259,0.07259838
0.11427746,0.14630412,0.071752645,0.14607067,0.1106463,0.061421104,0.23165546,0.10748804,0.35590702,0.13995168,0.16151404,0.07501242
0.10786907,0.14325184,0.07365175,0.14730164,0.16537118,0.061438095,0.22106577,0.11349209,0.001019299,0.1399287,0.16159831,0.073963605
0.10846204,0.15184593,0.07190524,0.14070083,0.1136819,0.05908458,0.22665654,0.11613336,0.0167602,0.13988486,0.16159621,0.07323367
0.11858546,0.14403857,0.06821688,0.14217278,0.08593039,0.058464523,0.22789223,0.11150001,0.13701034,0.13994554,0.16167003,0.0752265
0.11542794,0.13300933,0.069535375,0.14881268,0.09444246,0.05716204,0.23618285,0.107211284,0.33501643,0.13997231,0.161665,0.078413256
0.113255575,0.1384662,0.06780156,0.1504048,0.13599771,0.05623555,0.23123273,0.110675626,-0.05981621,0.13992253,0.16162512,0.07675943
0.11150217,0.13655375,0.07031056,0.14723109,0.13670477,0.051630378,0.22477187,0.10662171,0.0944154,0.1398739,0.16164467,0.07580317
0.11334954,0.13716772,0.07190121,0.14690773,0.11453609,0.052434202,0.2038981,0.09654361,0.29944456,0.13998011,0.16165414,0.07370932
0.11273148,0.13904896,0.071727745,0.144613,0.09372425,0.051281177,0.16949046,0.09052415,0.5609757,0.13999155,0.16162312,0.07315624
0.11179785,0.13920459,0.07234323,0.13858043,0.12648647,0.060772892,0.17589773,0.08392517,0.30843133,0.13991737,0.16168521,0.07445715
0.09617756,0.14363375,0.0756507,0.14503056,0.10613689,0.058138512,0.1772751,0.09428022,-0.12725249,0.1400111,0.1616714,0.074243784
0.10303207,0.1439797,0.074709766,0.15522115,0.10843091,0.05847912,0.18748306,0.09829681,0.39857852,0.13996994,0.16168267,0.07515366
0.10541176,0.14214402,0.08562054,0.13815793,0.13879514,0.053370982,0.22813037,0.102401845,0.35444152,0.13996829,0.16172558,0.07012125
0.1057555,0.17292665,0.08364204,0.14011171,0.078912266,0.053019308,0.2878173,0.09498549,0.50232303,0.14004728,0.16175798,0.06842535
0.10572023,0.16793628,0.07885252,0.141581,0.13153066,0.05036701,0.27660054,0.10699157,0.26840642,0.14003864,0.16176428,0.06892634
0.10501734,0.15003514,0.08305565,0.13839175,0.11029515,0.057954233,0.26390278,0.09792949,0.31113943,0.14009587,0.1617895,0.067585036
0.10529699,0.16356806,0.086057045,0.13285081,0.12504049,0.058495272,0.2579707,0.10908637,0.32175988,0.1401131,0.16185664,0.06991078
0.10501154,0.16528502,0.08508719,0.14257726,0.14581165,0.057667106,0.26040697,0.1186838,0.30486727,0.14010097,0.16186078,0.07222918
0.10432102,0.16309354,0.083376355,0.13619375,0.107801,0.05722769,0.2643017,0.100182384,0.37100476,0.14013986,0.16186666,0.07052876
0.10068046,0.15991476,0.08639846,0.1355724,0.16203538,0.05874955,0.26164743,0.10401197,0.41173282,0.1401613,0.16184026,0.07023153
0.100087225,0.16810928,0.07904254,0.13888769,0.1243518,0.05665751,0.25528592,0.095102936,0.578286,0.14011043,0.16188285,0.07169047
0.110476784,0.15945372,0.078321934,0.13805406,0.1397631,0.053002097,0.2861533,0.09486035,0.90698445,0.14014028,0.16184704,0.07124583
0.111080855,0.15531856,0.0807637,0.13941382,0.12063014,0.04960953,0.28266227,0.08853723,0.77083987,0.14011398,0.16188891,0.07175018
0.1092164,0.16188219,0.08090001,0.13849139,0.15213278,0.047181897,0.23378447,0.092688955,0.4734468,0.1401454,0.16191368,0.07566543
0.11038948,0.1665975,0.08049598,0.14828558,0.113377124,0.044582978,0.26293784,0.08972324,0.35193074,0.14019136,0.16204561,0.072999574
0.10980857,0.15503159,0.08077234,0.14030272,0.15238628,0.043615796,0.31580004,0.0998017,0.079976946,0.14029448,0.1620853,0.07259681
0.10974032,0.1515956,0.0787456,0.13880868,0.112155534,0.046085972,0.31425583,0.08881755,0.44011843,0.1403101,0.16201666,0.073160455
0.10901774,0.15033296,0.07742341,0.14222023,0.12554689,0.04586274,0.2941067,0.08812244,0.28303,0.1402391,0.16208011,0.07182827
0.109362856,0.15494177,0.078265615,0.14207816,0.116111144,0.045655593,0.28656512,0.087552294,0.03966272,0.14026019,0.16204886,0.07184015
0.10884099,0.15148161,0.08307639,0.1445384,0.11580935,0.043075845,0.24316862,0.09106122,0.14781277,0.14027847,0.16202226,0.07413002
0.108963914,0.16771214,0.08038622,0.14590137,0.13640097,0.04548051,0.23937602,0.10643842,0.03837329,0.14026746,0.16205575,0.07631323
0.10929327,0.1626932,0.0846047,0.14604968,0.13566765,0.04911403,0.23886171,0.10610816,0.27652475,0.14025007,0.16207175,0.073806286
0.12173562,0.16692048,0.08742753,0.14335428,0.15964337,0.049332373,0.24269295,0.098983586,0.5356864,0.14026678,0.16203645,0.07595527
0.11695692,0.17474212,0.0897496,0.14775296,0.08076832,0.04913765,0.21230513,0.10359113,0.2915722,0.14026216,0.16210605,0.079617925
0.114397824,0.17722854,0.086158246,0.15456893,0.10273772,0.049278434,0.24072443,0.08275282,0.2704568,0.14028877,0.16212527,0.07645582
0.11220683,0.16612102,0.07933561,0.14611408,0.13313463,0.045662187,0.23728094,0.09613714,0.31479868,0.14032397,0.16208857,0.074878916
0.11247448,0.15685217,0.08289852,0.14913283,0.13939308,0.0467383,0.23936862,0.09661854,0.54358256,0.14030722,0.16204876,0.072977886
0.11205367,0.15607814,0.08535761,0.14602475,0.092444815,0.042143255,0.24162737,0.09704258,0.48157167,0.14027117,0.1620914,0.071071684
0.111577235,0.17354693,0.085260935,0.14149152,0.11594189,0.04242418,0.26553246,0.100227654,0.4591637,0.14034739,0.16207945,0.070520334
0.110233225,0.1664921,0.08430051,0.13359399,0.100389265,0.041457947,0.264918,0.107459754,0.43249962,0.14031374,0.16213466,0.072730586
0.10278366,0.16538441,0.08476158,0.14086682,0.121629596,0.041636955,0.24772814,0.11939578,0.682968,0.14033952,0.16213952,0.07310459
0.10363673,0.16555639,0.0856778,0.14337993,0.099422224,0.036833525,0.26185483,0.11469596,0.5795271,0.14031635,0.16220418,0.072748736
0.103235476,0.1669819,0.08573751,0.13951504,0.11786133,0.038430505,0.20583165,0.11401153,0.7581288,0.14037009,0.16223451,0.074009925
0.10395203,0.18598214,0.08642247,0.1427243,0.14076354,0.036291115,0.22376214,0.105245546,0.5738556,0.14040135,0.16223173,0.07377702
0.11521288,0.1777145,0.088669114,0.14259347,0.09295792,0.037384316,0.22673902,0.113716915,0.6956566,0.14040692,0.16226514,0.07694652
0.09188779,0.17487773,0.09096155,0.15353367,0.16109626,0.03272481,0.21035616,0.100247435,0.7706501,0.14038986,0.16231824,0.07818224
0.09583392,0.16442627,0.092805795,0.15091108,0.13221824,0.027971845,0.14400384,0.09685837,0.08921486,0.14046538,0.16228393,0.0805249
0.10868311,0.17603011,0.09474731,0.15519844,0.12169904,0.024072539,0.12396987,0.0999804,0.46235794,0.14043377,0.16225857,0.08033548
0.12941146,0.17497846,0.094572686,0.163091,0.09226018,0.0242535,0.16463593,0.08523339,0.92593,0.14040296,0.1622449,0.08241905
0.12476304,0.18580224,0.0927039,0.16646649,0.061522022,0.025156464,0.18106575,0.086444795,0.7441935,0.14041214,0.16223776,0.083386265
0.12283989,0.18099536,0.096859604,0.16101736,0.13804957,0.038448352,0.16712573,0.08008817,0.7122322,0.14040877,0.16229722,0.0831763
0.11992118,0.1851322,0.10153519,0.16491297,0.15490073,0.037564695,0.16557088,0.10072889,0.44375154,0.14042696,0.16221765,0.0832215
0.11950336,0.21199398,0.09776056,0.1622367,0.11584025,0.04650128,0.15314236,0.09279999,0.2564395,0.14044407,0.1621526,0.08199561
0.11898527,0.1844803,0.099763274,0.16182436,0.10623351,0.04834116,0.15020306,0.089822054,0.4225648,0.14037338,0.16219111,0.0835526
0.1191256,0.19468993,0.102845214,0.16369781,0.10410831,0.049651995,0.16277307,0.0816113,0.5685393,0.14033622,0.16219223,0.08461721
0.11670958,0.19955869,0.09955454,0.16593349,0.082455434,0.047259785,0.16317226,0.10390476,0.4171075,0.14029875,0.1622135,0.08208994
0.115206674,0.18704061,0.09861826,0.170577,0.077637434,0.04478504,0.15004273,0.109838605,0.36016968,0.1404194,0.16222662,0.0844712
0.11483566,0.19182107,0.10378413,0.16352424,0.13796398,0.04638593,0.15317911,0.09943643,0.30961186,0.14035846,0.16219409,0.08467592
0.11383458,0.19642253,0.10645773,0.16408037,0.13036817,0.054702953,0.15676127,0.10088973,0.56331456,0.14031863,0.16216895,0.08397257
0.108662404,0.20860508,0.109928906,0.16263789,0.09550699,0.05464889,0.14990103,0.10121658,0.7639656,0.14034805,0.16227405,0.08315524
0.11023135,0.20327587,0.105603114,0.16175729,0.13758026,0.05163913,0.1427214,0.111003846,0.70996296,0.14042346,0.1622602,0.083709314
0.11050986,0.19684553,0.10527428,0.16341847,0.14141065,0.04614952,0.15011871,0.120303705,0.8464447,0.14042276,0.16222389,0.08334084
0.11066848,0.20301032,0.10815852,0.1640752,0.10751082,0.049604844,0.14786503,0.10063735,0.800441,0.14039621,0.1622315,0.08562824
0.10996881,0.21175045,0.09947162,0.16982798,0.07032956,0.047842547,0.14057133,0.110718206,0.59890646,0.14038377,0.16222905,0.08771653
0.08909306,0.19258693,0.10280356,0.158785,0.07508677,0.03622432,0.13680178,0.103803575,0.34625435,0.14044644,0.1622926,0.08758204
0.0943083,0.19267906,0.099951245,0.16811429,0.093084745,0.03694413,0.14837381,0.09285085,0.28589332,0.14044379,0.1621918,0.087504074
0.11724609,0.18224226,0.09795218,0.17112587,0.13438098,0.03569039,0.1381397,0.10213182,0.29673007,0.14037356,0.1620991,0.08668356
0.11180746,0.19206832,0.09733836,0.1667439,0.09146156,0.03928522,0.15125534,0.09192912,0.5490467,0.14025016,0.16212678,0.085978255
0.11156231,0.18918823,0.095402844,0.16278075,0.11381251,0.037526514,0.12688303,0.09140929,0.2793323,0.14030418,0.16212803,0.08319613
0.11215596,0.19313312,0.091824986,0.16458288,0.07023987,0.035621423,0.13723704,0.09202129,0.3070695,0.14026718,0.16213503,0.082030736
0.10896885,0.19523747,0.09464006,0.15666886,0.07792076,0.042590775,0.14562622,0.09599962,0.29048508,0.14034252,0.16204932,0.076094925
0.10999105,0.18115258,0.08741373,0.14841206,0.07421132,0.047661953,0.14347586,0.08810581,0.5629879,0.14022258,0.16208102,0.07673434
0.11056321,0.17087232,0.09279187,0.14696547,0.09208789,0.051210962,0.14390014,0.094985,0.27383277,0.14020152,0.16202515,0.07583986
0.11087815,0.17701751,0.094835006,0.15222345,0.084698714,0.052256536,0.14504853,0.09957134,0.30679104,0.14025272,0.16205406,0.07536964
0.11139379,0.18986581,0.09464991,0.14858672,0.10661202,0.051594898,0.17056742,0.10607495,0.048986614,0.14030169,0.16202591,0.077864945
0.11097028,0.18485919,0.09490811,0.14888307,0.13670848,0.057116624,0.16886175,0.09684321,0.45518523,0.14024448,0.16203837,0.07756782
0.10519925,0.17894985,0.098398946,0.15726034,0.12207839,0.05951623,0.18727253,0.13048431,0.41056326,0.14026275,0.16202548,0.0775626
0.10675156,0.18512176,0.09383837,0.15910563,0.09023758,0.07221512,0.17473929,0.118124634,0.59668016,0.14025728,0.16202515,0.07939299
0.085242435,0.1835386,0.09038161,0.15392314,0.114372775,0.07378058,0.13777995,0.10514651,0.7032089,0.14026174,0.16208623,0.07808643
0.09181159,0.17732166,0.08593055,0.14934158,0.13387355,0.070854545,0.14882776,0.13466306,0.37181056,0.14030045,0.16202274,0.07736718
0.08257531,0.1675963,0.08606653,0.15031736,0.11150177,0.076908745,0.1714401,0.10519448,0.42323816,0.14026962,0.16196804,0.07763905
0.09884237,0.16322255,0.08800797,0.15779322,0.088612445,0.07602086,0.17700231,0.100999035,0.6440586,0.1402185,0.16191708,0.07720444
0.10131373,0.161122,0.09247043,0.15262403,0.12688845,0.06639831,0.21504971,0.09117319,0.47183463,0.14016941,0.16196266,0.07907329
0.103160426,0.17446297,0.09012593,0.15613247,0.10295067,0.0662959,0.21200906,0.10162682,0.4752516,0.14016555,0.16188523,0.07931386
0.10535104,0.1728322,0.08839652,0.15241274,0.088168785,0.06625579,0.19685766,0.09371051,0.648451,0.14013176,0.16188753,0.078309864
0.105330266,0.17613417,0.08422685,0.15256931,0.091820344,0.06438885,0.20343661,0.112562105,0.67842966,0.14009409,0.16188666,0.07775705
0.107012756,0.16382338,0.093275025,0.15809901,0.1138477,0.06203437,0.16878156,0.096798554,0.73881936,0.14019999,0.16181819,0.07741538
0.107471146,0.18212466,0.09598763,0.15692277,0.11518325,0.06261131,0.15859473,0.11262779,0.36381906,0.1400475,0.16199559,0.0810587
0.10796222,0.18643829,0.09496674,0.15650094,0.09077308,0.06280262,0.16754366,0.09516704,0.5963669,0.14023133,0.16199286,0.08073831
0.10818298,0.18487324,0.09475229,0.15748173,0.10316931,0.062490087,0.12999894,0.11455181,0.3655162,0.14023237,0.16202101,0.08341254
0.11021167,0.18357435,0.09661551,0.15125628,0.08744273,0.065286465,0.14493278,0.09799853,0.926576,0.14020602,0.1620138,0.08708526
0.11141961,0.17903757,0.09981766,0.16696826,0.10009549,0.06446726,0.14923804,0.10286754,1.0988456,0.14022642,0.16203238,0.08640646
0.10689473,0.19753058,0.09862099,0.16533546,0.06871701,0.064443976,0.14826116,0.094236195,0.6338523,0.14021902,0.16199593,0.08633474
0.10825913,0.18571752,0.09685874,0.16793832,0.07500248,0.07122239,0.16195723,0.09638436,0.31784368,0.1402393,0.16197926,0.08003441
0.10926003,0.18267117,0.09130151,0.1503796,0.10935093,0.06874793,0.25213227,0.10929294,0.20127544,0.14019668,0.16197748,0.08032809
0.10948512,0.17353536,0.095490254,0.16187432,0.11243912,0.060072627,0.20877758,0.099279955,0.12018788,0.14022519,0.16197847,0.079108134
0.10826267,0.18534715,0.09331166,0.15336087,0.105444156,0.070640504,0.2503633,0.09467256,0.49931663,0.14023885,0.16196732,0.078779705
0.10807197,0.18045041,0.0930686,0.1536702,0.13178003,0.07058782,0.24353507,0.09850117,0.37193096,0.14023866,0.16193178,0.082860984
0.109313846,0.1759432,0.09560206,0.1617803,0.1743803,0.076336615,0.23870502,0.09126216,0.38482803,0.14023072,0.16195282,0.08491696
0.115257874,0.17884794,0.09207999,0.1621,0.09748154,0.073132455,0.2251541,0.10972038,0.12980402,0.14014073,0.16194525,0.08508733
0.11406973,0.18450627,0.09321958,0.16064878,0.09828767,0.06875455,0.28410226,0.0887727,0.27993938,0.1401466,0.16197366,0.086336285
0.11179326,0.17753686,0.09393954,0.16595882,0.11128382,0.060349673,0.24275312,0.07664674,0.34063065,0.14016446,0.16191986,0.08681338
0.12982841,0.18454324,0.09629025,0.16317905,0.108300135,0.06070464,0.23699085,0.08350284,0.33246106,0.14015034,0.16184273,0.08799309
0.121333174,0.19137555,0.09363301,0.17535365,0.14355002,0.06378002,0.2649363,0.09224603,0.046641678,0.14009811,0.16187666,0.0875862
0.11868022,0.17711851,0.0941824,0.17026557,0.12285735,0.0640034,0.30090562,0.10417471,0.20272237,0.14012927,0.16187236,0.091269016
0.11642343,0.18891378,0.08910291,0.18006834,0.13727647,0.06231488,0.2938331,0.094918914,0.5023644,0.14016752,0.16184354,0.08875495
0.113007344,0.18090253,0.086903326,0.1694559,0.14977978,0.064467564,0.29327664,0.09057479,0.5177027,0.14007905,0.1617825,0.08704025
0.112013325,0.15994138,0.087200195,0.16534698,0.14486183,0.07032055,0.2844764,0.09283916,0.19379696,0.1400462,0.16184169,0.08562259
0.11184149,0.16880004,0.08718931,0.16474546,0.13299036,0.06969319,0.31137586,0.09821321,0.47983193,0.14007106,0.16180114,0.08865598
0.11143551,0.16610017,0.08607348,0.16753182,0.0872809,0.06346058,0.30064282,0.1018291,0.4313784,0.14009242,0.16173762,0.08753878
0.10958864,0.164094,0.08812546,0.16731474,0.14056757,0.062328976,0.28816628,0.12307962,0.2906542,0.1399912,0.16179705,0.086521834
0.10846068,0.1707582,0.084003255,0.16991065,0.10631077,0.06465358,0.276763,0.11324031,0.26008007,0.1400607,0.16181582,0.08562985
0.10478525,0.16909146,0.0795413,0.16585109,0.10830009,0.06251287,0.25929135,0.11000337,0.3400746,0.14002824,0.16188072,0.08483061
0.10515144,0.15299553,0.08317908,0.15182027,0.13215978,0.05576971,0.2511405,0.11707929,0.6321634,0.14015749,0.16188522,0.08434416
0.106162705,0.15883371,0.08405491,0.16469693,0.12749091,0.057029992,0.26257133,0.11438458,0.6388436,0.14016356,0.16192093,0.085421816
0.10547206,0.16608231,0.08148704,0.16327684,0.14403963,0.052971292,0.25693616,0.11140807,0.67564976,0.14016427,0.1619209,0.08384145
0.08588176,0.1597939,0.07868429,0.16072546,0.14695102,0.04781724,0.22731945,0.12809394,0.13382632,0.14020239,0.16198233,0.0837213
0.09166618,0.15530954,0.079035945,0.14837204,0.107528925,0.045078676,0.22238328,0.10692297,0.40918875,0.14023563,0.16199304,0.082860425
0.09512787,0.14951822,0.08015627,0.16063155,0.15511778,0.04347403,0.20260486,0.14132622,0.42687103,0.1401795,0.16205207,0.08325986
0.09822131,0.1589846,0.08072916,0.16107307,0.08667074,0.046020262,0.1912449,0.116797805,0.6091025,0.14028668,0.16205592,0.08093897
0.09983357,0.1647719,0.08124648,0.15319324,0.09329503,0.04142242,0.19536653,0.113201775,1.0258309,0.14028402,0.16199908,0.08373443
0.10239215,0.1580504,0.08655777,0.15861768,0.09635407,0.041150223,0.21685728,0.11077137,0.6361669,0.14023834,0.16202424,0.081516884
0.103355005,0.17293759,0.08119261,0.15920863,0.12598492,0.044846684,0.228225,0.08945664,0.74772435,0.14019257,0.1621182,0.08105756
0.10441189,0.15327328,0.07870249,0.15202588,0.09269247,0.045421574,0.23302485,0.10683359,1.0080922,0.14031692,0.16219842,0.07897505
0.10705351,0.1550141,0.078470506,0.14264889,0.12263168,0.053566083,0.2184596,0.09712428,1.1530255,0.14035486,0.16220827,0.07806677
0.10700278,0.14714599,0.073409915,0.1485011,0.07965092,0.053489666,0.21596341,0.11267926,1.1326737,0.14034496,0.16219985,0.07547574
0.10827631,0.1433553,0.07241011,0.14584352,0.11920352,0.052706048,0.23567954,0.09523587,0.50711966,0.14037931,0.16234773,0.07459318
0.08631571,0.14282078,0.06928796,0.14515515,0.13603559,0.051394567,0.19251977,0.09065546,0.62159425,0.14050409,0.16242453,0.073947944
0.09307198,0.14512157,0.06494878,0.14313938,0.1173725,0.05138973,0.19415961,0.10236888,0.6504703,0.14057414,0.16246176,0.073261164
0.09923619,0.12491498,0.06747007,0.13886322,0.09392545,0.057493236,0.23189153,0.10328113,1.0237291,0.14057077,0.16241196,0.073148765
0.10157646,0.12968187,0.069037475,0.14104544,0.115461215,0.057492804,0.23758171,0.09015943,0.8406101,0.14053144,0.16245466,0.06613033
0.10333748,0.13141346,0.06527825,0.1298124,0.11632642,0.057445314,0.24840769,0.097988434,0.7266072,0.1405666,0.16247615,0.06445231
0.10386286,0.13114327,0.06566753,0.12977827,0.0917686,0.048680875,0.23884714,0.09273119,0.7997457,0.1405695,0.16252546,0.064170465
0.10571356,0.12848705,0.06327126,0.12784098,0.10219443,0.0488548,0.23995313,0.106861375,0.30756992,0.1406598,0.16255042,0.06307057
0.10736254,0.128651,0.06328348,0.12853049,0.13926625,0.054361872,0.27759457,0.11421149,0.35739195,0.14069712,0.16251989,0.06535757
0.10661935,0.1286487,0.0649417,0.13023491,0.1303107,0.0572852,0.27795961,0.13823187,0.3171579,0.14062637,0.16253518,0.064411975
0.10211932,0.12985507,0.06639421,0.12559561,0.1490298,0.056112964,0.2612594,0.122800194,0.3869218,0.14065892,0.16257633,0.063909605
0.10214604,0.1283156,0.0682782,0.12478281,0.114061415,0.055849902,0.25130373,0.13460478,0.2962798,0.14064799,0.16252401,0.06364654
0.103976324,0.13543655,0.0683999,0.124669954,0.13613273,0.061800107,0.24928936,0.11364656,0.56353194,0.14065506,0.16253473,0.063469835
0.10297989,0.14233597,0.06963419,0.13038726,0.100048386,0.061195526,0.24983911,0.11064187,0.4583803,0.14062764,0.1625601,0.06057549
0.103277065,0.13381472,0.06837662,0.12412705,0.1242498,0.06475095,0.2476542,0.11640544,0.9520546,0.14064936,0.16260847,0.057976544
0.10442576,0.13610435,0.069600016,0.118011124,0.14424337,0.07691282,0.23368809,0.104756474,0.62992567,0.14075015,0.16263263,0.060656987
0.10495665,0.13361253,0.072762035,0.12144855,0.106443614,0.0760952,0.21588385,0.11990991,0.29373813,0.14073002,0.16270949,0.06317092
0.10579639,0.14512323,0.07776442,0.1268355,0.100683704,0.074957006,0.2020921,0.11337589,0.32218975,0.14082868,0.16270939,0.06378238
0.10539946,0.15506756,0.07543504,0.12851255,0.090009734,0.08185656,0.2118757,0.10443574,0.33755332,0.14075175,0.16272429,0.063953
0.10542697,0.14656022,0.07885217,0.13059615,0.11467917,0.07614936,0.2507357,0.1142738,0.36260155,0.14080678,0.1627292,0.06383099
0.1069732,0.15205736,0.07869048,0.12656803,0.13435219,0.07098955,0.24020775,0.10899198,0.14774105,0.14076473,0.16273442,0.06369905
0.106549844,0.15714376,0.08397279,0.12769085,0.096292906,0.0698337,0.3266334,0.09561527,0.3289208,0.14084907,0.16270639,0.06365849
0.1047244,0.1605721,0.09041351,0.12638326,0.13380416,0.06936863,0.34383726,0.09399769,0.40502554,0.14075999,0.16267543,0.06315376
0.10427593,0.18163717,0.09121159,0.11767641,0.12364285,0.071734816,0.32894492,0.08409793,0.408742,0.14074786,0.16270016,0.063756496
0.11203051,0.1744641,0.08402009,0.1290073,0.119933516,0.075180955,0.32103315,0.092446156,0.8134129,0.14073166,0.16272768,0.06533385
0.11100355,0.16452147,0.08716171,0.12867978,0.15560088,0.07982606,0.3227206,0.07674351,0.37674582,0.14077273,0.16269258,0.06392224
0.10972017,0.1909254,0.082418,0.12888397,0.114402816,0.07599968,0.30921406,0.089872316,0.52047604,0.14076547,0.16265517,0.0645885
0.10964858,0.16127439,0.08479651,0.13126643,0.11994684,0.088101864,0.2892241,0.084858894,0.31790245,0.14072448,0.16269125,0.06470789
0.1088272,0.16805618,0.08783838,0.12859622,0.18024853,0.091686785,0.3259592,0.08437139,0.5123707,0.14074658,0.16268738,0.065134756
0.1052663,0.1915711,0.087223485,0.13128112,0.14732412,0.09038108,0.37897122,0.08035511,0.2306013,0.14072633,0.16272913,0.06763732
0.102169976,0.17213471,0.08771263,0.13345559,0.155288,0.09205339,0.45572656,0.09493869,0.12624133,0.14075206,0.16275503,0.07070004
0.08611058,0.1791636,0.088426776,0.13840829,0.16208151,0.090373226,0.42961565,0.095119536,0.22554018,0.14079468,0.16274168,0.06997619
0.08939662,0.17135252,0.09040647,0.13851501,0.19837292,0.094282545,0.43464977,0.096999004,0.26409626,0.1407783,0.1627363,0.07284055
0.091505565,0.17550004,0.10069416,0.14393352,0.1713785,0.087634265,0.41899064,0.09710205,0.33957112,0.14080074,0.16275233,0.07221034
0.09282014,0.19518341,0.09680482,0.14549655,0.15194222,0.0866453,0.4048235,0.099606,0.40629527,0.14075027,0.16272876,0.0753068
0.072333746,0.1884103,0.09447034,0.14850065,0.1468385,0.09081168,0.37288508,0.11712476,0.5068931,0.14073329,0.16280329,0.076675914
0.0788261,0.1763753,0.09384415,0.14642502,0.13362774,0.089296915,0.32617062,0.13040571,0.25850743,0.1407961,0.16282232,0.07874059
0.06493968,0.18438089,0.095376804,0.15301488,0.15565157,0.092774704,0.32124108,0.11397674,0.55572593,0.14083782,0.16287813,0.07781826
0.073291615,0.18421283,0.096148424,0.15249766,0.15367618,0.09173659,0.34809136,0.11373117,0.4571916,0.140863,0.16290465,0.0760009
0.08064189,0.19627066,0.093374185,0.1490764,0.14350471,0.090587586,0.37673905,0.11009301,0.6472582,0.14088975,0.162832,0.07420839
0.085331306,0.18091609,0.094747715,0.1460671,0.13864276,0.08679661,0.3645466,0.101960704,0.695079,0.1409147,0.16281126,0.073785275
0.089486256,0.17894927,0.08745752,0.14628671,0.16740952,0.08593345,0.34784615,0.09636116,0.7788792,0.14084463,0.16275826,0.07300934
0.093909636,0.16759151,0.09058732,0.14432153,0.14478575,0.0835103,0.33578923,0.105390124,0.3780501,0.140781,0.16275646,0.07230119
0.09428987,0.17192975,0.094352074,0.14030088,0.17971702,0.08590115,0.39015615,0.09143956,0.24772441,0.14076859,0.16273996,0.072100095
0.0949466,0.18514144,0.0952493,0.13868085,0.16357215,0.08646549,0.3678811,0.099122144,0.26811188,0.14080201,0.16277574,0.073789164
0.09738082,0.19033653,0.09493993,0.14356121,0.16564561,0.084011905,0.35091206,0.10004577,-0.106457084,0.14081806,0.16278887,0.074630514
0.09922263,0.18648158,0.09610509,0.14578018,0.12347655,0.080001295,0.32927376,0.10446459,0.4275356,0.14078957,0.16283321,0.0739398
0.101963244,0.19204713,0.0960181,0.14774701,0.12018065,0.076560654,0.41254354,0.11000211,0.3541483,0.1408157,0.16283879,0.0743875
0.10078244,0.19137172,0.09594793,0.14276008,0.1515196,0.075460166,0.40233877,0.13978861,0.2505177,0.1408711,0.16279206,0.07516715
0.10156091,0.20377977,0.09527969,0.14366339,0.21152979,0.07682633,0.38737994,0.11671035,0.40489316,0.14079587,0.16265905,0.075656936
0.10069503,0.18203472,0.09405369,0.14684133,0.116225466,0.07963289,0.38109028,0.12712215,0.59227794,0.1407053,0.16264369,0.07597636
