A,B,C,D,E,F,G,H,I,J,K,L
0.11075211,0.22175875,0.10759913,0.17376663,0.1840397,0.087787464,0.29919073,0.11530991,0.7825858,0.14050582,0.16232772,0.08699112
0.108696654,0.20113263,0.10229842,0.18746008,0.19206868,0.08375634,0.32408053,0.135581,-0.24920699,0.14048126,0.16234803,0.0894813
0.10804704,0.16725667,0.09477503,0.1738087,0.1831093,0.08375635,0.412174,0.124174446,0.59997964,0.14053865,0.16237268,0.08484539
0.111756966,0.17941825,0.09327489,0.17524047,0.17930804,0.08643299,0.3585034,0.119490184,-0.16700019,0.14050159,0.16236825,0.08853169
0.11538263,0.17853428,0.09335816,0.17269462,0.15893477,0.088462934,0.32491726,0.12984599,-0.15743543,0.140633,0.16237178,0.09121064
0.11197861,0.19218962,0.097201906,0.18311968,0.17474817,0.08883249,0.34853777,0.117023,0.86410314,0.14048272,0.1623307,0.09267864
0.11436851,0.19459294,0.09010195,0.18111046,0.19936626,0.08883249,0.31925863,0.11681247,1.0157212,0.14044109,0.16230944,0.09190031
0.10770582,0.17465566,0.08627998,0.1755085,0.18114182,0.09581218,0.35457724,0.07500022,0.011742115,0.14045577,0.16227275,0.09191324
0.11193424,0.18860756,0.09314847,0.18318635,0.18953702,0.09390863,0.33760607,0.090836175,0.6256311,0.14041622,0.1622955,0.093137234
0.107892804,0.17762381,0.09988555,0.16919325,0.1841097,0.092911534,0.32796365,0.093265876,0.1307493,0.14049104,0.1622485,0.09034548
0.11179189,0.19731039,0.105950825,0.17054497,0.18133052,0.092911534,0.33052933,0.099089436,-0.012280166,0.14041005,0.16224083,0.0877443
0.11166888,0.21431485,0.116384685,0.17803438,0.19012393,0.09200508,0.31454867,0.10609893,-0.29404962,0.14043063,0.16226678,0.08895302
0.10666496,0.20745501,0.12082954,0.1720716,0.18141219,0.09781335,0.24412261,0.09725715,0.8095757,0.1405008,0.1622441,0.089945085
0.11123527,0.24913546,0.123357706,0.17799531,0.1965087,0.09454315,0.26255497,0.09910849,0.7932798,0.14050156,0.16217542,0.09009059
0.11169919,0.23520342,0.117257714,0.1772321,0.16663733,0.092911534,0.29405943,0.103700496,1.2401379,0.1403234,0.16221184,0.094051465
0.0921148,0.2182982,0.116769396,0.17981541,0.17574398,0.0964467,0.31203154,0.09394479,0.6690785,0.1404289,0.16223416,0.09531674
0.09783397,0.22164112,0.11244489,0.17879437,0.18048087,0.09898477,0.29805478,0.10247312,0.23431194,0.1404495,0.1622682,0.09613577
0.10756719,0.2083288,0.11562036,0.18872522,0.17691125,0.09000391,0.279623,0.11305522,0.17027362,0.14044221,0.16230996,0.09745773
0.11125718,0.23958331,0.119933665,0.18836337,0.15974823,0.08973894,0.29041517,0.12838346,0.35054138,0.1404207,0.16228619,0.103216074
0.1043205,0.23116566,0.12697348,0.19506402,0.18735602,0.09227701,0.2585547,0.12414339,0.7341091,0.14062522,0.16238536,0.10495508
0.111877896,0.22813396,0.12914741,0.19334564,0.15156414,0.08561894,0.27799234,0.111705616,1.0867122,0.14052637,0.16234565,0.101915285
0.104157746,0.2578063,0.13148186,0.20093432,0.15098634,0.08538797,0.28963104,0.12919131,0.05116336,0.14043584,0.16221726,0.104007766
0.11000048,0.26048928,0.1387814,0.20009255,0.14994203,0.0786802,0.29056594,0.13775249,0.54555315,0.140464,0.1622241,0.10502444
0.105551586,0.26241294,0.14323984,0.20007303,0.13639681,0.07895214,0.30460128,0.12064372,-0.002284065,0.14040467,0.16226575,0.105394185
0.10731569,0.23953138,0.13992125,0.19371535,0.14088164,0.082361326,0.2782999,0.10173855,0.92863375,0.14041801,0.16225728,0.10272761
0.10625303,0.2675751,0.14270718,0.20099008,0.16369686,0.08085569,0.29106742,0.09725768,0.17000523,0.14045522,0.16223118,0.102477714
0.10861197,0.27456886,0.14276353,0.1967273,0.16660556,0.08375634,0.28482527,0.112485066,0.70239633,0.14042404,0.16222584,0.10330622
0.11050739,0.26705346,0.13638847,0.200495,0.14567776,0.09087461,0.27909988,0.118083656,0.0664247,0.14051272,0.16223086,0.10029018
0.10567168,0.25866675,0.13255928,0.19148359,0.17508827,0.093371734,0.29968795,0.1149983,0.41167852,0.14041734,0.16222936,0.100575246
0.10975344,0.2496468,0.1297297,0.19270658,0.15657648,0.092911534,0.3084125,0.09064787,0.31889337,0.14046833,0.16217776,0.1016422
0.10887651,0.23799065,0.12824738,0.19458818,0.16907659,0.09200508,0.298963,0.097989455,0.8826146,0.14043827,0.16222104,0.101333015
0.10565764,0.24750796,0.13347882,0.19441079,0.15242852,0.09781335,0.31911328,0.08776553,0.48989478,0.14045471,0.162202,0.102379724
0.112143844,0.23888311,0.13071647,0.20076644,0.15483783,0.09440458,0.33915496,0.08168451,0.19709703,0.14037986,0.16229077,0.10238975
0.10435173,0.24800326,0.13599451,0.19843076,0.17802529,0.09186651,0.38164312,0.08813263,0.639102,0.14049183,0.16231376,0.10043042
0.11711266,0.21930069,0.1366168,0.19429159,0.17472373,0.085123,0.35466543,0.08611614,0.57280445,0.14049806,0.16219646,0.1014628
0.11154636,0.25790215,0.13260274,0.19940211,0.15879056,0.08629442,0.40309396,0.10442668,0.37998402,0.14043109,0.16221242,0.10356617
0.112406984,0.23288539,0.12878582,0.1969024,0.13954915,0.09387329,0.3106414,0.092880204,0.8445285,0.14039743,0.16219273,0.10488691
0.111809775,0.26198685,0.12488144,0.19870044,0.17868948,0.09454315,0.28019947,0.099664636,0.77882385,0.14043276,0.16229802,0.1059949
0.11176036,0.21689035,0.12058427,0.19273818,0.15306857,0.09000391,0.2977351,0.09941218,0.3811711,0.14047077,0.16224006,0.10786374
0.10775272,0.23831187,0.12139443,0.20116158,0.15657783,0.08973894,0.31688496,0.10575872,0.4480061,0.14042023,0.16221729,0.10786802
0.111222856,0.20735064,0.11741327,0.19342394,0.16955064,0.08936939,0.3028114,0.112316936,0.877037,0.1404271,0.16226365,0.10849809
0.10820979,0.20615368,0.11222326,0.22111598,0.15253116,0.08629441,0.30162117,0.0957968,-0.14582855,0.1404096,0.16224474,0.11182561
0.09922915,0.21314104,0.12329462,0.22263095,0.15158579,0.08729152,0.2610753,0.113016024,0.99464464,0.14039767,0.16221483,0.113713935
0.109671935,0.23360011,0.12629841,0.22170001,0.13864665,0.0876541,0.25711623,0.09275732,0.37901458,0.14038843,0.16227825,0.11142132
0.10896998,0.22150975,0.12595607,0.22006187,0.15528153,0.08883249,0.24198008,0.1422422,0.39885575,0.14050779,0.1622795,0.11224677
0.11187123,0.2094483,0.12795381,0.21412703,0.1838572,0.07854163,0.22345032,0.107469685,-0.26410073,0.14044406,0.16228403,0.11115685
0.111530714,0.2522772,0.13230732,0.2262027,0.16395704,0.07895214,0.21128823,0.099846326,0.9370711,0.14046526,0.16225888,0.10812394
0.11208033,0.25062525,0.1355988,0.2109424,0.13574708,0.07985859,0.18648246,0.09183038,0.53260833,0.14040458,0.16225266,0.11018183
0.11179478,0.24847655,0.14021733,0.21262902,0.1515814,0.07985859,0.19853154,0.10889976,0.96406573,0.14051405,0.1621899,0.107868016
0.1116769,0.27285898,0.13622117,0.2075033,0.122688666,0.07985859,0.19496587,0.143981,0.4632343,0.14042398,0.16218247,0.10717795
0.11162511,0.25309777,0.13520941,0.19882396,0.12197831,0.08149021,0.19875209,0.08891135,0.20230478,0.14040631,0.16238436,0.10761096
0.11168973,0.25373676,0.14300215,0.20227298,0.14294761,0.089975536,0.22600923,0.07948971,0.82697624,0.14051805,0.16235204,0.11045575
0.111698136,0.25248653,0.13891713,0.2101466,0.17336732,0.08883249,0.16605423,0.09485866,0.8682847,0.14049785,0.16242667,0.11502279
0.111680016,0.25601062,0.136375,0.22435023,0.18585572,0.08883249,0.16051698,0.10466972,-0.023104727,0.14061871,0.16245787,0.113959394
0.11139356,0.25785094,0.13321403,0.22400616,0.15862124,0.09123199,0.14655526,0.096290246,0.40885967,0.14059015,0.16250846,0.11173467
0.11163421,0.2382012,0.1283624,0.21636057,0.17243622,0.09174012,0.1405762,0.09571384,0.5619468,0.14064324,0.16255529,0.114289984
0.105571374,0.25298893,0.12455653,0.2188176,0.17437787,0.09137056,0.1255786,0.09462863,0.41684225,0.1406044,0.16256155,0.115166776
0.1116956,0.22849055,0.1320437,0.226185,0.15038136,0.095637865,0.12695582,0.10089246,1.0702887,0.1406942,0.16266924,0.11624893
0.11210946,0.24754988,0.12880975,0.2212383,0.1627323,0.09427121,0.14453629,0.095989674,0.5570751,0.14068887,0.16276115,0.11567086
0.11162846,0.24873403,0.13263303,0.22617984,0.15452676,0.095449604,0.14256391,0.07855527,0.7992893,0.14082754,0.16282104,0.1149091
0.111700445,0.288453,0.13551518,0.22009744,0.18150927,0.09137056,0.1368718,0.111719206,0.8014039,0.14091587,0.1628175,0.115179434
0.11154981,0.25141555,0.12172966,0.21750452,0.15549715,0.093371734,0.1514805,0.08044055,0.41889736,0.14085826,0.16282737,0.11642047
0.11163485,0.22833169,0.12103783,0.21841523,0.17123857,0.095449604,0.14943673,0.095603995,1.2217656,0.1408066,0.16290629,0.11624746
0.11160894,0.23210841,0.11745888,0.2209622,0.17501266,0.09137056,0.15111113,0.09673193,1.2366824,0.1409873,0.16300897,0.115884356
0.1117342,0.21849447,0.11066813,0.2214466,0.17266393,0.08629442,0.15125984,0.10409356,0.80448526,0.1409479,0.16297357,0.113273144
0.11179468,0.22556569,0.12635717,0.22000298,0.16636859,0.08629442,0.15418568,0.098871134,0.74809283,0.14092436,0.16302639,0.11335702
0.11168094,0.24746288,0.13286656,0.21375342,0.16589992,0.08511603,0.13000071,0.08154646,0.6938944,0.1410167,0.162992,0.11069693
0.10882259,0.25916803,0.1356686,0.21058321,0.16368158,0.088462934,0.14399569,0.08411292,0.8915454,0.14096792,0.16294904,0.10899407
0.11170117,0.25144425,0.13403028,0.21299763,0.17103417,0.08883249,0.13465452,0.091929585,1.245691,0.14096242,0.16289568,0.1056311
0.111680135,0.24639943,0.12959097,0.20523234,0.17273116,0.08973894,0.137517,0.079769865,0.15893203,0.14099337,0.16290948,0.10643613
0.111578986,0.24328244,0.12849411,0.20145349,0.18125936,0.08973894,0.15052871,0.10375284,0.39025933,0.14097919,0.16286895,0.105741486
0.111738294,0.2193185,0.12671591,0.20104858,0.17377032,0.09227701,0.15620019,0.0822032,0.5296646,0.14089096,0.16293807,0.110330924
0.11160964,0.23587298,0.12693377,0.21426933,0.19302712,0.09273721,0.15376055,0.10461655,0.49556944,0.14100079,0.16301352,0.110884994
0.11166759,0.22894806,0.12393969,0.20834857,0.17558436,0.105232336,0.13056646,0.103604525,-0.18191162,0.14091769,0.16305667,0.111822344
0.1088259,0.24377823,0.124513164,0.21690863,0.17024119,0.08629442,0.12622888,0.09835716,0.6480175,0.14093871,0.1630307,0.114291675
0.10884129,0.23495314,0.12717982,0.22503318,0.1604914,0.08629442,0.13599901,0.10493845,0.73614883,0.14091535,0.16296123,0.114846095
0.112116806,0.23794371,0.12616311,0.2216379,0.17733608,0.088462934,0.14244016,0.10115278,0.37625653,0.1409065,0.16303223,0.111893155
0.111737445,0.21284403,0.1285267,0.21501464,0.16926733,0.07854163,0.16841105,0.10922008,0.22149909,0.14094181,0.16299318,0.11371719
0.111653164,0.26668856,0.12916477,0.2208788,0.17005032,0.09354605,0.14699762,0.116338894,0.55465484,0.14093933,0.16305259,0.109943286
0.11165161,0.24437843,0.13403532,0.20362192,0.18049544,0.09137056,0.14033091,0.1103483,0.7882099,0.14106347,0.16303132,0.108528346
0.10566513,0.25346982,0.13569708,0.20297311,0.17865823,0.09527528,0.16013399,0.1111887,0.12593216,0.1410007,0.16292572,0.10820286
0.1116417,0.26052085,0.1293075,0.20098498,0.16266711,0.090373464,0.15772122,0.11712977,0.1488186,0.14092791,0.16302499,0.10557189
0.11163568,0.2570387,0.1284297,0.20646682,0.18757014,0.08829559,0.13942656,0.11955,0.3430491,0.14102498,0.16299866,0.10490455
0.10606893,0.24871606,0.12004179,0.20166498,0.17097564,0.08973894,0.1506449,0.11957456,0.3296317,0.14094003,0.16293386,0.10673894
0.111765884,0.22480802,0.12006284,0.20531581,0.16362754,0.09073604,0.15443043,0.10854381,0.6681401,0.14093876,0.1629769,0.10592218
0.111627355,0.23563695,0.12056833,0.20523259,0.17934829,0.09781335,0.1732279,0.102924,0.77052456,0.14100964,0.16297685,0.106855355
0.112043664,0.23020808,0.12932302,0.20799957,0.17737801,0.095449604,0.17513071,0.11729985,0.5504961,0.1409684,0.1629522,0.10964824
0.11168471,0.25183254,0.13581336,0.2073755,0.18383269,0.0964467,0.15490843,0.11426725,0.9380028,0.14101598,0.16292617,0.10936753
0.11197223,0.25435162,0.13717563,0.20096497,0.18536438,0.092911534,0.1442857,0.09504118,0.6033567,0.14095582,0.16297174,0.10595902
0.11166205,0.24128671,0.12776408,0.19961183,0.20034578,0.09200508,0.16297053,0.104288764,0.44527745,0.14097267,0.16298974,0.106981225
0.11167527,0.22960344,0.119202465,0.19988161,0.1689051,0.09174012,0.17758879,0.09830385,0.9768086,0.14101017,0.16300876,0.1067353
0.11165684,0.18294388,0.12328112,0.2024898,0.17998007,0.09323316,0.18677397,0.11623468,0.28431165,0.14095405,0.16296822,0.10782591
0.11168783,0.23664042,0.12974088,0.21506366,0.17877302,0.092911534,0.18193658,0.113494925,0.49125674,0.14093073,0.1630594,0.10540085
0.11454472,0.24054259,0.13614489,0.19636305,0.16614865,0.09200508,0.16235556,0.11418724,0.081525,0.14099544,0.16311955,0.10049316
0.11160046,0.25399703,0.1390256,0.18677142,0.16567257,0.09390863,0.15149947,0.122323,-0.24991181,0.14102618,0.16316365,0.10533532
0.11157742,0.24014886,0.13848543,0.1965766,0.19085354,0.08746584,0.14632462,0.12016953,0.09812422,0.1411179,0.16320375,0.10569775
0.11173927,0.26416633,0.13953063,0.20010053,0.16160253,0.08629442,0.15715434,0.11579194,0.10712971,0.14117916,0.16329423,0.10555721
0.11171779,0.26974398,0.13737424,0.19932505,0.19399668,0.08982959,0.13905728,0.111359216,0.7245265,0.14121728,0.1632834,0.107249156
0.10814312,0.25021425,0.12984496,0.21113898,0.17936581,0.08720087,0.15104783,0.11318426,0.15800229,0.14123519,0.16325523,0.10755063
0.111733146,0.25907362,0.12534332,0.20703317,0.16721295,0.08017325,0.16175616,0.12286965,0.6174457,0.1411971,0.16320091,0.11060297
0.11163804,0.24388824,0.12429539,0.21006173,0.16967109,0.09390862,0.16977137,0.12061032,0.9373981,0.14113086,0.16312382,0.1138141
0.11160296,0.220249,0.12359876,0.22277093,0.1611647,0.092911534,0.1872092,0.09129752,1.0625486,0.14108309,0.16310175,0.11758399
0.11261918,0.24540706,0.123129785,0.22487952,0.17339522,0.09680928,0.16208962,0.09189221,0.5149636,0.1410641,0.16315003,0.1154882
0.11261073,0.22642113,0.124395825,0.22670066,0.16873915,0.09427121,0.13135368,0.08943031,1.1987846,0.1411239,0.16311747,0.11658216
0.1072669,0.23810463,0.12257949,0.22171544,0.1693652,0.09454315,0.14463605,0.094495036,0.819849,0.14104745,0.16311583,0.114722505
0.111697726,0.23254147,0.12481934,0.22646216,0.17578816,0.092911534,0.12483296,0.08157076,-0.2547472,0.14103988,0.16309974,0.11620663
0.11165404,0.22484984,0.1280016,0.22331889,0.16419633,0.09898477,0.11051476,0.07895341,0.48327196,0.14105883,0.16309842,0.11486612
0.11212995,0.23766287,0.12642275,0.2246536,0.17365168,0.095449604,0.108617365,0.081068195,0.7887113,0.14100651,0.16302615,0.11307552
0.111618474,0.24018057,0.12953855,0.21430117,0.16909197,0.09390863,0.11261292,0.0887776,0.6893041,0.14101529,0.16292167,0.11116751
0.11164025,0.28388932,0.13308372,0.21182594,0.1643255,0.105232336,0.11166444,0.09679499,0.7124208,0.14093885,0.16299593,0.11558082
0.112115666,0.25021628,0.13212012,0.22330575,0.17183292,0.092911534,0.10786125,0.10060109,0.59069586,0.14096597,0.16300826,0.12092603
0.11160792,0.2575257,0.13183452,0.22422178,0.19865975,0.09200508,0.12836337,0.10288348,0.6043394,0.1409855,0.16297562,0.11668609
0.11165318,0.2248802,0.13051069,0.22178839,0.17898016,0.090833664,0.13442786,0.11556069,0.51102734,0.14093634,0.16296276,0.116042644
0.11165167,0.24025214,0.12231988,0.22961706,0.18125309,0.098175935,0.15254888,0.102439165,0.6579944,0.1409107,0.16316265,0.11514617
0.11168024,0.24585253,0.12456631,0.22649238,0.19456634,0.09254198,0.1344935,0.1044085,0.015391111,0.14107247,0.16322204,0.11434519
0.1116671,0.23207963,0.13242722,0.21734037,0.15590855,0.09174012,0.13157836,0.09778898,0.99695396,0.14116637,0.16322556,0.11549002
0.111677535,0.2560001,0.13422267,0.21962418,0.1782215,0.09390863,0.13614638,0.10186236,1.2433484,0.14119531,0.16320106,0.114872985
0.11155506,0.25552082,0.13500996,0.218023,0.16969869,0.09390863,0.17359309,0.10211612,0.8885055,0.14111285,0.16312873,0.112053156
0.111645944,0.25198466,0.13771945,0.21849576,0.16692059,0.09390863,0.18075515,0.082751065,0.6331552,0.14100689,0.1631144,0.11291546
0.11170005,0.26976335,0.14132889,0.21731448,0.19121951,0.09254198,0.16805907,0.06817667,0.15542382,0.14100476,0.1631557,0.109110564
0.11160604,0.26214874,0.13729914,0.20747994,0.1751235,0.090833664,0.13948488,0.105945386,0.3558308,0.14111266,0.16313697,0.107047364
0.104236044,0.2592799,0.13912374,0.2017384,0.16902635,0.08662864,0.13876022,0.10626874,0.23046008,0.14111733,0.16315977,0.10821333
0.105735496,0.25749457,0.12507002,0.20445757,0.16851382,0.08629442,0.16471587,0.09595786,0.26319778,0.14107941,0.1632238,0.10869104
0.1117468,0.24412505,0.12874508,0.20505366,0.16733715,0.09236766,0.158254,0.099026024,0.5169526,0.14118251,0.16318011,0.10876427
0.11161744,0.23744161,0.12740114,0.21127298,0.16754146,0.090561725,0.17287031,0.085082464,0.62295073,0.14107287,0.1632117,0.10876012
0.11163722,0.22084667,0.124358475,0.20341872,0.16992803,0.090833664,0.17158079,0.06805622,0.45874852,0.14116666,0.16323076,0.10571169
0.11204347,0.24183425,0.12323377,0.21098101,0.17885911,0.08920205,0.17197995,0.10989964,0.76175964,0.1411876,0.16325432,0.10692268
0.11166167,0.23269089,0.12664135,0.20899189,0.18860593,0.08869392,0.15887406,0.11413992,0.6755046,0.14119862,0.16327667,0.10905338
0.11164181,0.2285126,0.13105181,0.20816197,0.16659388,0.08973894,0.17362243,0.11186973,0.28855076,0.14121205,0.16333322,0.10970666
0.11163407,0.23097476,0.13160083,0.20780493,0.15905875,0.08936939,0.1310234,0.10018783,-0.52167314,0.14126144,0.16337755,0.110760786
0.11172033,0.23902047,0.13391145,0.20971586,0.17367141,0.08936939,0.123837054,0.08984455,0.15663114,0.14129752,0.16346481,0.11115411
0.10724196,0.23193765,0.13158189,0.21296468,0.16396244,0.08819797,0.08357955,0.079523996,0.44126955,0.1412973,0.16350332,0.11058977
0.11215927,0.2648805,0.13005811,0.21607071,0.18425113,0.08615584,0.096690424,0.06891079,0.6863956,0.14133249,0.16346234,0.11115411
0.11171086,0.24214053,0.13107908,0.2106794,0.16039489,0.08271132,0.13191938,0.09408327,1.4123466,0.14132985,0.16349033,0.10766532
0.11527666,0.23522404,0.12372955,0.20353287,0.16412279,0.084801376,0.14235201,0.110694274,1.0696303,0.14139073,0.16354804,0.11060297
0.11169775,0.23525995,0.123332754,0.2103681,0.16897635,0.08696989,0.14385462,0.097181685,0.2640566,0.14134082,0.16356066,0.109762624
0.11167074,0.25629884,0.1206589,0.19816211,0.1598432,0.08792604,0.11229343,0.103309266,0.13814779,0.14141013,0.16353557,0.10920924
0.11225965,0.2356999,0.12560813,0.20511977,0.16615638,0.09123199,0.119283095,0.08293001,0.35343137,0.14140362,0.16351798,0.10991148
0.1116034,0.22611396,0.12689252,0.2124168,0.18041387,0.09390863,0.123311155,0.09119228,0.3101925,0.14141367,0.16350767,0.10975234
0.11167949,0.251002,0.14023474,0.20675495,0.16720353,0.095449604,0.155741,0.093952954,0.40813962,0.1413958,0.16353445,0.108813085
0.112596616,0.2557883,0.14104933,0.20834227,0.18872224,0.09000391,0.15548328,0.09554194,-0.013431907,0.14136621,0.16359973,0.10571385
0.11173235,0.25606605,0.1448972,0.20822346,0.18996753,0.08973894,0.15404718,0.09774159,0.13458906,0.14145441,0.1637259,0.108681
0.11173549,0.26971158,0.13722621,0.21341777,0.20010914,0.08883249,0.15050787,0.09343421,-0.10162547,0.14155601,0.16369092,0.10985828
0.11174434,0.25990343,0.13592745,0.1992994,0.17524639,0.08973894,0.18751292,0.09824809,0.08555542,0.1415214,0.16379736,0.109974094
0.11273165,0.25160155,0.13240613,0.2117806,0.17569548,0.09123199,0.19028036,0.08645627,0.34131947,0.14164189,0.16377252,0.11267546
0.115280114,0.23778336,0.1281046,0.2104207,0.17620027,0.09527528,0.25240102,0.09604426,0.48115414,0.14161038,0.1638845,0.109092236
0.11125217,0.24696694,0.12088591,0.2121356,0.17408854,0.09354605,0.22138618,0.091998465,0.50673896,0.14165723,0.16379207,0.10407011
0.11159691,0.2350047,0.1154305,0.1980888,0.1813385,0.092911534,0.1798506,0.10250079,0.17121276,0.14162894,0.16382264,0.1070549
0.11148748,0.2187117,0.11343611,0.20390026,0.18546623,0.092911534,0.20666772,0.102998145,-0.14314583,0.14161958,0.16376641,0.10752586
0.11264169,0.24158613,0.120185085,0.21329683,0.17838676,0.09508005,0.20214476,0.11066486,0.099500865,0.14152512,0.16376822,0.11060297
0.11265952,0.23677924,0.13316783,0.21051474,0.16867024,0.092911534,0.1736597,0.09790521,0.14240895,0.1415515,0.16375767,0.11338076
0.11159833,0.24844478,0.13340396,0.2120047,0.16783959,0.09454315,0.15083218,0.10587737,0.18225788,0.14155725,0.16367893,0.11055438
0.11158646,0.24291229,0.14675705,0.20992976,0.19271944,0.10406092,0.15309566,0.06958771,0.17827952,0.14150262,0.163715,0.114834495
0.11155356,0.28579992,0.16258125,0.21799842,0.17287509,0.09898477,0.15902272,0.08595471,0.22630346,0.1414641,0.16366403,0.11519309
0.11159957,0.2972343,0.16238472,0.21803233,0.17934819,0.086928934,0.12102487,0.08242444,1.0597057,0.14146996,0.1636477,0.12083598
0.11493831,0.28936976,0.15251197,0.20833217,0.17078869,0.08629442,0.119959615,0.09091188,0.20145467,0.14141679,0.16362259,0.11980406
0.10883798,0.28183964,0.1505416,0.21767884,0.17746142,0.08629442,0.12079415,0.1071163,1.0589808,0.14150406,0.16359437,0.11631478
0.11174043,0.271165,0.14730704,0.21767345,0.16713428,0.08982959,0.10869897,0.11037784,-0.14790055,0.14152513,0.1636272,0.117992066
0.11168255,0.28681928,0.1457092,0.2169477,0.1752059,0.08856055,0.14033015,0.08236618,0.31269252,0.14148645,0.16376737,0.11402274
0.108135074,0.26893356,0.14274432,0.20411237,0.16743684,0.09227701,0.14632204,0.09765668,0.47759295,0.14158984,0.16381939,0.1119311
0.11168087,0.26328835,0.14054288,0.20696054,0.1721895,0.09069509,0.16018404,0.100355245,0.6567739,0.14161268,0.16384336,0.11105384
0.111618206,0.2621328,0.13485046,0.20966727,0.1751718,0.090833664,0.15867265,0.0880523,0.6941299,0.14157853,0.16382037,0.11101229
0.111654215,0.23779371,0.12849891,0.2112458,0.17551865,0.09681626,0.17415744,0.10632409,-0.17868531,0.14162874,0.16388875,0.112636566
0.1116897,0.2532231,0.11516169,0.21776874,0.18369155,0.09427121,0.17550366,0.106987566,-0.09972122,0.14163844,0.16384012,0.11010746
0.11170356,0.24885169,0.12176451,0.21038191,0.1791649,0.0964467,0.16897444,0.10022225,0.4396306,0.14163245,0.16381487,0.11099089
0.111647494,0.22870791,0.11829245,0.21714267,0.17727087,0.095449604,0.20061235,0.10376515,0.1907357,0.14157489,0.16380617,0.110606104
0.11166407,0.24602248,0.1304067,0.21160755,0.19826174,0.09254198,0.18947674,0.10076647,0.34774822,0.14161372,0.16374472,0.11237416
0.1116488,0.24718355,0.13414508,0.21516885,0.18048169,0.0841259,0.16910489,0.10867425,0.66569006,0.1415117,0.16369498,0.11066019
0.11268753,0.25748238,0.1445142,0.20900705,0.16280153,0.084801376,0.16252203,0.09459893,0.25933608,0.14152227,0.16378477,0.11115411
0.111678794,0.26127514,0.14828882,0.21327738,0.16289346,0.08443182,0.17473459,0.095343694,0.21473171,0.1416445,0.1637686,0.10766532
0.11166952,0.285054,0.15144496,0.2096203,0.16707413,0.084801376,0.17455912,0.087137565,0.53425163,0.1415811,0.16377077,0.11486229
0.111639865,0.28269944,0.15229775,0.2179912,0.16773833,0.08389492,0.17471148,0.11524433,0.7321884,0.14165327,0.16378307,0.114602834
0.11166729,0.2907517,0.15186863,0.21922739,0.17024164,0.07935568,0.18599705,0.10564565,0.64997756,0.14161828,0.16375767,0.116050445
0.111791,0.3016327,0.15806213,0.21641621,0.15130603,0.07895214,0.19207302,0.107731886,0.4155505,0.1415337,0.1637943,0.11192607
0.11209684,0.2965525,0.1524265,0.21543722,0.17664894,0.07695097,0.20318481,0.09733593,0.08339132,0.14153971,0.1638473,0.11429379
0.11272544,0.28850502,0.15557998,0.22034392,0.16035062,0.0774293,0.20698215,0.08385352,-0.048835397,0.14159702,0.16385247,0.117704846
0.11167832,0.2862735,0.14901188,0.22090515,0.16674136,0.0786802,0.19744714,0.11028253,0.90334725,0.14154302,0.16383807,0.11726269
0.11166454,0.27860454,0.14883825,0.21588552,0.15727358,0.08339376,0.21647333,0.104715206,0.31982517,0.14162599,0.16396539,0.11312118
0.111673035,0.27309838,0.14989668,0.21076563,0.1601325,0.084801376,0.1836595,0.108765565,-0.29479697,0.1415354,0.16385464,0.109110564
0.11203765,0.31812346,0.1462872,0.2059567,0.1528329,0.08443182,0.18342736,0.107033744,-0.5765841,0.14162038,0.16386107,0.10970666
0.11172365,0.29345614,0.14638042,0.20610835,0.14473416,0.080976136,0.17723018,0.09540967,0.12280327,0.14170021,0.16375022,0.1111177
0.11263946,0.25588313,0.1531158,0.217288,0.16422978,0.08149021,0.16900171,0.09545714,0.254391,0.14156127,0.16379975,0.11022172
0.11244652,0.28731683,0.16452882,0.21602087,0.16449484,0.08149021,0.16513291,0.09742545,-0.13975725,0.1415596,0.16375186,0.11008284
0.111657836,0.29864478,0.1567766,0.20866425,0.15888768,0.08339376,0.14935926,0.11179757,-0.07490811,0.14155479,0.16378443,0.11015228
0.112656526,0.27296495,0.15186092,0.21377528,0.16907822,0.08189375,0.14619061,0.08670664,0.45732045,0.14174674,0.16377546,0.11184423
0.11263729,0.29192272,0.15504563,0.21377854,0.16535386,0.07895213,0.15884717,0.09178468,0.8604598,0.14160499,0.16375482,0.10997651
0.111635804,0.29554603,0.15260187,0.2069271,0.16219652,0.08149021,0.15139915,0.09934253,0.6211686,0.14161609,0.16372703,0.106901914
0.11175012,0.28273875,0.13518333,0.20207544,0.16209173,0.08149021,0.16167465,0.0880507,0.48497504,0.14158902,0.16365784,0.109170556
0.11168381,0.24485038,0.1323078,0.20438103,0.16455673,0.07577955,0.19468291,0.09706822,0.5414585,0.14149114,0.16371265,0.109751485
0.111670464,0.25255027,0.1296861,0.20664625,0.15362613,0.08096447,0.21913807,0.1097389,-0.024990886,0.14146593,0.16366433,0.10920924
0.11167239,0.25200522,0.13325414,0.20980103,0.17387101,0.08593183,0.18854658,0.09830555,-0.23276767,0.14145902,0.16358696,0.10830574
0.11168686,0.25289017,0.13340566,0.21006928,0.1610932,0.08629442,0.1906021,0.10688915,0.76990366,0.14141747,0.1635546,0.10471875
0.11167451,0.20819247,0.1323792,0.20320274,0.15824138,0.0786802,0.198359,0.097329095,0.8543383,0.14138581,0.16354512,0.10295252
0.111663796,0.24525473,0.13497087,0.21074311,0.16830721,0.07985859,0.19130945,0.101507545,0.6208906,0.14143425,0.16354148,0.10357619
0.11167818,0.23558621,0.13263087,0.20234287,0.15207678,0.07895214,0.17874554,0.119503945,0.93230665,0.14134553,0.1634735,0.10177606
0.111660555,0.22698966,0.13414532,0.20990138,0.17027904,0.07695097,0.17369884,0.12676054,0.75060403,0.14129083,0.1634458,0.10170253
0.11167903,0.24854778,0.12696226,0.20604943,0.16717836,0.079597816,0.18765865,0.092086084,1.093209,0.14130446,0.16346255,0.105073325
0.1116163,0.23888561,0.12267535,0.20477815,0.15732318,0.08085569,0.17268316,0.10709564,0.9441906,0.14131853,0.16341577,0.103113174
0.11176943,0.21044965,0.108901955,0.20047718,0.17777583,0.07641406,0.17208466,0.113294005,1.0288194,0.14129095,0.16341916,0.10367681
0.11173354,0.24441718,0.112155594,0.20491871,0.15139607,0.07398477,0.21749786,0.09413762,0.507581,0.14128754,0.16343203,0.10631038
0.11169925,0.22338358,0.10644063,0.20758687,0.14968501,0.0786802,0.18167506,0.09588285,0.6724059,0.14134389,0.16339654,0.105741486
0.11176647,0.21866159,0.11401166,0.2082314,0.15496321,0.07895214,0.19529702,0.08378645,0.824806,0.14127275,0.16338037,0.1115177
0.11179478,0.23408088,0.12658438,0.21692042,0.13472348,0.082396664,0.17609915,0.10145809,0.6135024,0.14134537,0.1633878,0.11278984
0.11172363,0.23943952,0.1183906,0.21886289,0.17027146,0.0884699,0.1646206,0.086369514,0.3714683,0.14123614,0.163479,0.108087555
0.11188316,0.22449385,0.12569746,0.20493734,0.18027149,0.08819797,0.16856284,0.09995419,0.72399145,0.14138433,0.16347672,0.10878485
0.111728586,0.2465152,0.12501852,0.2067523,0.16627729,0.08936939,0.15599269,0.09090112,0.7553803,0.14133713,0.16344845,0.10876012
0.112444445,0.23788016,0.13042216,0.2049884,0.16632484,0.08973894,0.1461931,0.10702823,0.9070629,0.14133084,0.16335975,0.111547135
0.11167366,0.24697751,0.1309671,0.21419604,0.18733376,0.08883249,0.16498521,0.08960438,0.44747806,0.14121497,0.16337742,0.11409061
0.11176301,0.26555243,0.13598983,0.22096305,0.16623802,0.08883249,0.13807903,0.0943692,0.39224172,0.14121741,0.16338098,0.12049672
0.111578315,0.23374888,0.13901715,0.21890497,0.17400298,0.09581218,0.13157223,0.09787349,0.39874044,0.14121057,0.16336328,0.11198586
0.10877077,0.23990722,0.13626401,0.22349429,0.17781752,0.092911534,0.14135337,0.10841222,1.11197,0.1412391,0.16328348,0.113073744
0.11073913,0.2432177,0.1347082,0.22123782,0.16661647,0.100490406,0.14127302,0.11325024,0.34891737,0.14119858,0.16332173,0.11010746
0.11062242,0.23372631,0.1302552,0.21010177,0.17523995,0.089086294,0.1265807,0.111987576,0.69542205,0.14130418,0.16336729,0.11109807
0.111712605,0.23843375,0.1216159,0.2036051,0.176915,0.09137056,0.13247648,0.111597694,0.58195704,0.14131407,0.1633692,0.1095778
0.11263934,0.2250803,0.1212485,0.20016299,0.16929413,0.09273721,0.1112738,0.11688041,0.45858696,0.14128666,0.16330096,0.110760786
0.11158805,0.22231804,0.11010596,0.2125419,0.17483783,0.089467004,0.12258915,0.102350056,0.20445274,0.1412552,0.16325921,0.11193412
0.11165528,0.23424116,0.11283058,0.21611555,0.1652972,0.08973894,0.10723588,0.07663456,0.3760979,0.14117244,0.1632131,0.113073744
0.11165786,0.21588564,0.121598154,0.21647955,0.16834433,0.08936939,0.10375046,0.07479466,0.44865876,0.1411445,0.16319753,0.10809533
0.11164272,0.2277075,0.13208131,0.21130249,0.16518922,0.089703605,0.11281108,0.10904122,0.8922244,0.14120689,0.16315345,0.10774313
0.11166618,0.24957173,0.13134441,0.2071702,0.18295355,0.09190746,0.08975342,0.106036276,0.97819436,0.1411107,0.16309908,0.1071066
0.11165553,0.23432952,0.13156842,0.19759315,0.16756974,0.090833664,0.095672354,0.11802801,1.1716639,0.14101651,0.16319585,0.1041789
0.11763997,0.25125524,0.13032334,0.20194282,0.15132965,0.09390863,0.11745673,0.11060294,1.0498015,0.14116439,0.16325313,0.105327375
0.11211975,0.23754221,0.1252231,0.19951501,0.1648046,0.09898477,0.14485142,0.113059215,0.7691579,0.14121552,0.16321167,0.10713284
0.11162459,0.22655365,0.11426664,0.21166737,0.17064525,0.092911534,0.15393321,0.14026545,0.020241559,0.14110489,0.1632541,0.10641036
0.1119671,0.23455429,0.11486948,0.21070556,0.18031807,0.097987674,0.18950805,0.12085936,0.62584925,0.14123718,0.16328733,0.10571278
0.11166656,0.22909589,0.1106609,0.20035547,0.18339577,0.092911534,0.19455029,0.10802038,0.9121331,0.14126927,0.16325538,0.10436628
0.111693464,0.24821164,0.11275505,0.19608101,0.18555173,0.09454315,0.20002222,0.09673659,0.42453617,0.14122625,0.16325526,0.10511509
0.1116924,0.23478068,0.11482337,0.2001113,0.1616224,0.09898477,0.19556285,0.09649168,0.35547572,0.1411482,0.1632597,0.103580475
0.111603186,0.22601943,0.12354319,0.19428173,0.17095569,0.10406092,0.21941641,0.086941235,0.51022816,0.14122,0.1632503,0.10344125
0.11159689,0.20877522,0.13146178,0.2004682,0.17406388,0.09254198,0.22496253,0.094148204,0.027754247,0.14117764,0.16321789,0.107229725
0.111550555,0.23948924,0.13671127,0.2087191,0.16390611,0.09427819,0.19262946,0.10185578,0.4900312,0.14119112,0.16325703,0.10761096
0.11162491,0.25004095,0.12702,0.20761096,0.17673892,0.09390863,0.18058258,0.11762089,0.014775693,0.1411912,0.16327086,0.11060297
0.11166185,0.2407041,0.1264012,0.21077181,0.17137092,0.09200508,0.1807926,0.10225053,-0.007989645,0.1411924,0.16332066,0.111358926
0.1126178,0.25771585,0.11777133,0.21472684,0.17068513,0.09781335,0.15264395,0.11047261,0.5902724,0.14116277,0.16325665,0.1109594
0.111592375,0.21967834,0.11002533,0.21220796,0.18391486,0.09200508,0.17584556,0.0958299,0.63445604,0.14115198,0.16327167,0.112832755
0.111666456,0.24692005,0.11486742,0.21639429,0.17724526,0.09174012,0.20536362,0.091556326,0.745992,0.14119305,0.16330755,0.110312276
0.11170262,0.22016335,0.12174663,0.20708287,0.17262258,0.09174012,0.21314533,0.11128962,0.72132546,0.14123116,0.16333422,0.10886509
0.11158932,0.22027758,0.13070855,0.20886269,0.17828566,0.09069509,0.22724435,0.14604801,0.5660981,0.14122984,0.16358949,0.10837563
0.11202222,0.24009094,0.13140242,0.21044889,0.1812403,0.09019914,0.21081997,0.0943709,0.67771554,0.14135844,0.16359887,0.1055932
0.111648604,0.25397494,0.1327108,0.20896022,0.17784275,0.09174012,0.19630814,0.08355074,0.5280844,0.1413906,0.16359784,0.10694049
0.11132566,0.23878108,0.13280848,0.20479706,0.17618053,0.09323316,0.20657374,0.08903926,0.34990644,0.14142792,0.16360658,0.10477495
0.11165255,0.24079973,0.12538838,0.20354865,0.18687174,0.09173314,0.18963763,0.09924841,0.52194965,0.14142972,0.16359633,0.104774855
0.111666225,0.22843672,0.11517832,0.1959285,0.17878795,0.09781335,0.1969537,0.10589666,0.45103642,0.1414256,0.16356686,0.10440307
0.11169194,0.23205693,0.12004318,0.19672023,0.17359687,0.092911534,0.21130645,0.10669422,-0.4116735,0.14143507,0.16357443,0.104743786
0.11158659,0.23527859,0.12071232,0.19647248,0.17686796,0.095449604,0.1835144,0.09961942,-0.28069156,0.14141577,0.163645,0.10575929
0.11169463,0.21315186,0.12415831,0.20791821,0.17365368,0.092911534,0.15627705,0.08590272,0.0970393,0.14150748,0.16366543,0.10565364
0.11160666,0.23497492,0.12935737,0.20678928,0.17789698,0.095449604,0.14698601,0.078854345,0.3618956,0.14146034,0.16358091,0.10489938
0.11264896,0.2515239,0.13450016,0.20037243,0.18236367,0.09137056,0.13267742,0.09382011,0.26105615,0.14143118,0.16354087,0.10276273
0.108853646,0.24469563,0.13425004,0.19552854,0.17227405,0.09174012,0.12035073,0.10293585,-0.25025454,0.14155442,0.16348709,0.10411853
0.11159406,0.24042915,0.13106386,0.19442075,0.18469903,0.08883249,0.13213265,0.10135194,0.44367853,0.14132209,0.16342022,0.10535386
0.11172344,0.24492835,0.12741609,0.1982127,0.1751676,0.092241675,0.13654348,0.10673505,0.3246894,0.14130135,0.16338573,0.105767876
0.11155535,0.23828265,0.12334943,0.19775103,0.19452241,0.09137056,0.15126726,0.095470764,0.20694074,0.14132519,0.16328578,0.10766577
0.11168024,0.24444774,0.1250705,0.21258533,0.18299636,0.09323316,0.16335264,0.0987356,0.32418257,0.1412092,0.16328438,0.11060297
0.111686416,0.24821396,0.118186295,0.21002252,0.15619817,0.092911534,0.14092797,0.13145454,0.8537184,0.14118655,0.16323246,0.11142625
0.11201589,0.21542135,0.12861764,0.21587202,0.16271254,0.092911534,0.13652502,0.100516856,0.05258411,0.1411166,0.16322534,0.113367885
0.11163014,0.26114583,0.1351012,0.22426134,0.16128507,0.09898477,0.12759282,0.108405955,0.2831125,0.1411479,0.16318987,0.110634826
0.112110935,0.25126263,0.13923241,0.2138915,0.18109086,0.09200508,0.12457521,0.106896244,0.5866389,0.1412281,0.16320029,0.109858595
0.11168177,0.22913876,0.13751027,0.21630074,0.16661382,0.09170478,0.12019228,0.10633945,0.6713817,0.1411468,0.16318744,0.10810107
0.11159759,0.2620387,0.13574186,0.2133286,0.17161778,0.09781335,0.1263326,0.11732921,0.7776693,0.14114921,0.16323474,0.11224708
0.1125856,0.24219033,0.12900387,0.21029547,0.16976885,0.092911534,0.11552343,0.10411947,0.2654711,0.14116451,0.16323496,0.10952264
0.111601904,0.2594564,0.12670198,0.1965265,0.16015781,0.089467004,0.11533243,0.116092116,0.09079331,0.14116004,0.16320091,0.10804739
0.11218845,0.24453078,0.12647308,0.20505714,0.15840483,0.09227701,0.16926506,0.10353698,0.5882014,0.14109258,0.16328189,0.10454953
0.111630425,0.23320568,0.121485665,0.2029426,0.18017496,0.08916671,0.1765322,0.10977794,0.8744239,0.14117032,0.16329528,0.10824861
0.11197896,0.23553568,0.123627715,0.21106088,0.17381355,0.08819797,0.16921891,0.10755541,0.72910315,0.14122811,0.1634053,0.10811118
0.11527403,0.2319274,0.13296583,0.2046815,0.1612708,0.097317815,0.21861428,0.09728432,1.076521,0.1412774,0.1633538,0.10950145
0.111600064,0.23102842,0.13049945,0.20692836,0.1715846,0.09898477,0.18755692,0.09918388,0.7422956,0.14119455,0.16324617,0.11116751
0.111623295,0.2487081,0.12831593,0.21474087,0.17006281,0.10659899,0.15016603,0.10267496,0.98123145,0.14118269,0.16327648,0.11116582
0.111576825,0.2633809,0.13311075,0.21674977,0.17724802,0.092911534,0.11567878,0.08911789,0.77904993,0.14116287,0.16324727,0.106852345
0.10734345,0.25915352,0.13653938,0.20156018,0.17686814,0.092911534,0.1230625,0.09335039,1.1479546,0.14121805,0.16321418,0.10592218
0.108793184,0.26837987,0.13099957,0.20258142,0.1758361,0.09254198,0.120204724,0.08994258,0.5509007,0.14108415,0.16318451,0.112102404
0.11166939,0.25706568,0.13113672,0.2093716,0.16673169,0.085123,0.13903394,0.10270221,0.5263504,0.14112593,0.16316618,0.11261157
0.10806601,0.25772956,0.13195898,0.21839248,0.17767525,0.09019217,0.14423165,0.08929899,0.5065263,0.1410878,0.16317512,0.11424525
0.11174686,0.26700023,0.13252881,0.23209475,0.18481632,0.09174012,0.13639751,0.09888836,0.06701279,0.14112987,0.16322754,0.11754962
0.11253159,0.22826815,0.13507344,0.21890846,0.16416486,0.09390863,0.12766716,0.10024114,0.14404826,0.14120041,0.16331126,0.11862554
0.11209885,0.26008537,0.13314576,0.2256589,0.18107215,0.092911534,0.11753368,0.0818755,0.5754165,0.14122947,0.16322112,0.11541258
0.11165167,0.24298346,0.13228174,0.22462942,0.14837067,0.09390863,0.11153058,0.0818135,1.2705328,0.14115897,0.16317858,0.11520213
0.11213426,0.254925,0.13334355,0.2235553,0.15406589,0.086928934,0.12104851,0.09863348,0.79312676,0.1411343,0.1632078,0.11498863
0.11225161,0.23163013,0.13210398,0.2175468,0.16957507,0.079677306,0.119614355,0.08842962,0.81785864,0.14112096,0.16314371,0.11481633
0.11114857,0.24928929,0.13754737,0.22591911,0.14933726,0.08149021,0.13832785,0.0991887,1.3156126,0.14106442,0.1631773,0.11620663
0.11167508,0.25766358,0.13804176,0.21984881,0.16676046,0.08085569,0.12526119,0.10485417,0.36006796,0.14107059,0.16316901,0.11392783
0.1147501,0.24161452,0.1391823,0.22164704,0.16823462,0.08339376,0.10868763,0.10170459,0.42692965,0.14111704,0.16312593,0.11676947
0.11117481,0.2512145,0.13924043,0.22288671,0.13669738,0.08629442,0.10510091,0.1147168,0.6846527,0.14111134,0.16313201,0.114401825
0.1131688,0.2640791,0.13727583,0.21963309,0.1658945,0.08629442,0.12102396,0.10715465,0.58135504,0.14105971,0.16314359,0.115166776
0.11167467,0.26590714,0.13500334,0.2172034,0.16862255,0.08511603,0.122316405,0.111343876,0.75031614,0.14104933,0.16307199,0.11637565
0.11165876,0.24333403,0.12923327,0.21135138,0.15683849,0.085249394,0.12738256,0.1043798,0.7935276,0.14097573,0.16297142,0.11566212
0.11218962,0.24766238,0.12645862,0.22760592,0.19237448,0.08629442,0.13057227,0.09273917,0.30238014,0.14097983,0.1629465,0.114233874
0.115317546,0.23791997,0.1239149,0.22612335,0.16294584,0.086928934,0.14642371,0.10551937,0.9173116,0.14092843,0.16295706,0.12196248
0.11169329,0.23843983,0.12605932,0.22481437,0.17949623,0.085924864,0.14150696,0.116859525,1.1930641,0.14099391,0.16295145,0.1174359
0.11435042,0.1983456,0.1347917,0.22508162,0.16437283,0.07831065,0.13841169,0.12154612,0.6730437,0.14095397,0.16294862,0.11726543
0.11167874,0.2588842,0.12681851,0.22935441,0.16738836,0.08149021,0.14306451,0.1213849,0.55236596,0.1409667,0.1629366,0.116931155
0.111630306,0.23411219,0.12703241,0.22015211,0.17346291,0.082396664,0.10055175,0.11331968,0.27293617,0.14096154,0.16293542,0.11474713
0.1111524,0.24071454,0.12527005,0.22060753,0.1864177,0.0884699,0.08993269,0.11112244,0.92345524,0.14092845,0.16292244,0.113993496
0.11249502,0.25257793,0.13345443,0.21823505,0.1634833,0.08973894,0.12389816,0.13562123,0.8000422,0.14096314,0.16298947,0.116591275
0.11218821,0.23796736,0.13574481,0.22369768,0.16056186,0.08720087,0.14057045,0.12647691,0.57538724,0.14098532,0.16294508,0.11715339
0.111814775,0.25046667,0.13760978,0.22499803,0.1576327,0.08982959,0.1503036,0.11648885,0.59615505,0.14091687,0.16286746,0.11967283
0.11164893,0.2600648,0.13781694,0.22199382,0.16662887,0.08819797,0.13931796,0.11918464,0.9747274,0.14087626,0.1628332,0.11403052
0.108094186,0.2555195,0.13579956,0.22164704,0.16454628,0.08683132,0.14204746,0.101562135,-0.024056435,0.14089715,0.16283874,0.11375458
0.11167233,0.26327395,0.13783649,0.21634834,0.17367123,0.08729152,0.13208899,0.10511913,0.6303736,0.1408651,0.1629421,0.11393688
0.11184877,0.26411897,0.13196051,0.20900437,0.16375968,0.08475345,0.14927962,0.08851773,0.28586143,0.14099224,0.16290246,0.11359629
0.11167918,0.24504472,0.12925297,0.214534,0.16042036,0.084801376,0.13907352,0.09472795,0.2801784,0.1409575,0.1629156,0.11355513
0.11172078,0.23853467,0.12480513,0.2178656,0.16788042,0.0832604,0.12681668,0.097101174,0.13026619,0.14095256,0.16286759,0.11537682
0.10979051,0.24863039,0.12344055,0.22469309,0.15330209,0.087339446,0.10768487,0.09131693,0.6677617,0.14098024,0.1628026,0.11642047
0.11315755,0.23248644,0.12081577,0.22370058,0.15587443,0.08629442,0.12285645,0.085154444,0.38790968,0.14086151,0.16275068,0.12005245
0.11217391,0.2066914,0.120231144,0.22076434,0.1741707,0.088462934,0.119265,0.09424244,0.56167465,0.14078252,0.1626664,0.11402274
0.10408707,0.2121347,0.117345475,0.2316958,0.15423149,0.09137056,0.11954133,0.091146186,0.6404096,0.14072843,0.16272478,0.11920644
0.11218923,0.20070222,0.117737815,0.23370674,0.1702108,0.09174012,0.099305615,0.09988659,-0.23027265,0.14083047,0.16275913,0.11474713
0.111958064,0.22221372,0.12718292,0.22759481,0.1692124,0.09323316,0.10609852,0.08392672,0.6947229,0.14087284,0.16277474,0.11757328
0.11158954,0.22692227,0.13305338,0.22495222,0.16748215,0.09137056,0.121469535,0.09331544,0.46161336,0.14081359,0.16280632,0.116682835
0.11158954,0.25240615,0.13282162,0.22944185,0.17807932,0.090833664,0.10867265,0.11394333,0.36890996,0.14084427,0.16282682,0.11491922
0.11168177,0.23438802,0.13740475,0.22143425,0.16687566,0.09174012,0.100060254,0.11383926,0.7225259,0.14092088,0.16287306,0.11755751
0.11164025,0.2649512,0.13983671,0.2281546,0.16583991,0.08920205,0.11829835,0.10033113,0.8024361,0.14092019,0.16301708,0.11422031
0.11202061,0.25485492,0.14071396,0.21878818,0.16177964,0.08720087,0.12195956,0.091218255,0.22776064,0.14100145,0.1629459,0.11958639
0.11219112,0.25125644,0.13484643,0.22135037,0.15953948,0.090325534,0.13993895,0.10708961,0.47204491,0.1409103,0.162922,0.117258884
0.11071317,0.25147966,0.12767135,0.22241446,0.1680893,0.09781335,0.13561419,0.0872057,0.9591203,0.1408678,0.16295807,0.118073106
0.11763997,0.24014224,0.1171212,0.22035044,0.1746457,0.09898477,0.15274617,0.08223399,0.094000965,0.1409614,0.1629964,0.11980406
0.111610845,0.21844569,0.11655586,0.22374316,0.19002065,0.09200508,0.18474537,0.10713979,0.2630322,0.14091559,0.1630453,0.118073106
0.1116756,0.23614702,0.11702833,0.2325453,0.17220554,0.09174012,0.16340941,0.099968195,1.0403161,0.14105551,0.16299543,0.117057875
0.111632876,0.21965253,0.1179025,0.22027034,0.16625322,0.09069509,0.16072668,0.09600806,0.25654092,0.14090352,0.1629534,0.118753485
0.11200395,0.24159826,0.12127859,0.22677946,0.17948304,0.09174012,0.17188023,0.10476078,0.8430743,0.140907,0.16289228,0.117955126
0.11174041,0.23756471,0.1224461,0.22276986,0.1668297,0.09427819,0.15658511,0.09340556,0.72102046,0.14089002,0.1628587,0.11422031
0.11160616,0.21497503,0.12760276,0.22249705,0.17480865,0.095449604,0.17282496,0.10688029,0.59949565,0.14089665,0.16289786,0.11610122
0.112534575,0.2124529,0.12031454,0.22692245,0.17425717,0.092911534,0.1546647,0.11028684,-0.061528623,0.14107223,0.16291627,0.11539997
0.11160611,0.219075,0.13099505,0.22746429,0.17359006,0.09508005,0.13382202,0.10164932,0.78400254,0.14094308,0.16289552,0.11434519
0.107150756,0.2552671,0.13715602,0.22746612,0.16059403,0.08171422,0.1114107,0.11146629,0.31633046,0.14095469,0.1628143,0.116759054
0.11168741,0.26835877,0.14610839,0.22571847,0.1466968,0.082361326,0.11882344,0.09407906,0.91928995,0.14089188,0.16284688,0.11562084
0.11168306,0.28444836,0.14378941,0.21808003,0.14564152,0.087472804,0.13437955,0.115509756,-0.16461995,0.14096127,0.16290301,0.11593498
0.1123715,0.2626559,0.14375493,0.21961431,0.17820826,0.09236766,0.17680642,0.11744753,0.50083286,0.14089833,0.16295125,0.11200411
0.11171849,0.27103388,0.14147086,0.21885583,0.17185879,0.09323316,0.1724526,0.11350402,0.19991931,0.1409658,0.16296242,0.114289984
0.111622445,0.2666087,0.14653407,0.21433266,0.18943891,0.09200508,0.15585765,0.12582693,0.5678975,0.1409221,0.16298614,0.117703155
0.11164058,0.2776085,0.14720517,0.21065824,0.15283886,0.09174012,0.16429758,0.11587254,0.67094845,0.14096387,0.16297258,0.116682835
0.11151151,0.2686473,0.14514203,0.22501346,0.18941355,0.09427819,0.2061891,0.12945643,0.7410699,0.14090717,0.16299997,0.11632516
0.11168556,0.26416013,0.14185846,0.21706568,0.16549534,0.08629442,0.2126918,0.13939176,0.30727905,0.14094728,0.16304965,0.117258884
0.11169628,0.26132163,0.1441699,0.21293098,0.16494724,0.08629442,0.21678697,0.12070794,0.45228845,0.14098343,0.16309434,0.117031395
0.11168267,0.2869578,0.14683813,0.21789627,0.18621421,0.083386794,0.20583034,0.12695767,0.12556586,0.14106706,0.16312997,0.11726269
0.11172179,0.2804886,0.15366672,0.21705976,0.16348203,0.084801376,0.16747807,0.09890266,0.6661782,0.1410385,0.163108,0.117260575
0.1116713,0.30439493,0.14970776,0.22015883,0.17375705,0.084801376,0.19838502,0.11033421,0.2973763,0.14101958,0.1630798,0.11567086
0.11166925,0.26380193,0.14768735,0.21933147,0.169715,0.084801376,0.17664084,0.102482006,0.18073559,0.14098059,0.16310078,0.11556693
0.111720905,0.286938,0.14597331,0.21931158,0.15850979,0.08643299,0.18133315,0.10218954,0.3756295,0.14101414,0.16309579,0.117207274
0.1117083,0.2921868,0.14606506,0.21979034,0.17034666,0.087787464,0.15598127,0.08713425,0.22328998,0.14103083,0.16304368,0.115884356
0.11209294,0.26458815,0.14722043,0.21929003,0.18616678,0.08883249,0.13578522,0.09385564,0.48567003,0.14099264,0.16297553,0.115302354
0.10743241,0.29905686,0.14929715,0.20890933,0.17078508,0.08869392,0.14333507,0.095029384,0.25091755,0.14093554,0.16297722,0.11619872
0.11216876,0.28890145,0.14391781,0.21791732,0.17408115,0.08819797,0.13512018,0.101933934,0.81705695,0.14098583,0.16325907,0.11308922
0.11167353,0.27872044,0.13941543,0.21065937,0.17960516,0.08883249,0.15724234,0.09272836,-0.010878563,0.1411722,0.16332749,0.11320694
0.11193322,0.26504937,0.131991,0.21903925,0.18034965,0.09327411,0.16711241,0.10216579,-0.017299026,0.14126389,0.16332248,0.11672664
0.11170325,0.2586617,0.123517506,0.21474819,0.18582268,0.08746584,0.1719704,0.112884074,-0.10348469,0.14129245,0.16333857,0.116042644
0.1117537,0.25258315,0.1236075,0.22345473,0.16327447,0.08475345,0.16215414,0.09573496,0.19205877,0.1412984,0.16333696,0.115741536
0.111683965,0.22606322,0.13024598,0.22553425,0.1638425,0.08643299,0.16344133,0.08909746,0.024039567,0.14120674,0.16329952,0.117207274
0.11254067,0.24881114,0.1352821,0.22537448,0.18421139,0.08538797,0.14959104,0.0823801,0.14588267,0.14120765,0.16334328,0.117792815
0.111728586,0.2503297,0.14020124,0.21701698,0.16088893,0.08982959,0.1392152,0.08582215,0.5861274,0.14128031,0.16335672,0.1182758
0.110536635,0.24965863,0.13274103,0.22863163,0.1708007,0.084293246,0.14789319,0.10200955,0.218977,0.14128362,0.16334325,0.11591306
0.11164973,0.24476872,0.13429672,0.22520025,0.15107144,0.084801376,0.13910551,0.10706309,1.0723358,0.14122395,0.16336389,0.11307089
0.11167508,0.24724273,0.12785058,0.21623915,0.1760683,0.08389492,0.14177705,0.094196275,0.17042422,0.14131331,0.16336247,0.10548614
0.111748606,0.2378061,0.12777959,0.20357013,0.18204898,0.08443182,0.13843183,0.10063607,-0.2925401,0.14129224,0.16333506,0.10838455
0.10995978,0.24123955,0.13138776,0.2098921,0.15820785,0.0832604,0.1610926,0.094150744,0.31399745,0.14121352,0.16330253,0.1074923
0.111625835,0.24824087,0.13043529,0.21312408,0.16609539,0.08696989,0.1545312,0.087468706,0.7056724,0.1411484,0.1632822,0.11306711
0.11451897,0.25640127,0.13347185,0.2145983,0.14828949,0.08982959,0.14951007,0.10467049,1.5961392,0.14121778,0.16324633,0.115559325
0.111703716,0.25012177,0.13010769,0.2271808,0.1840198,0.09377006,0.13175362,0.101611026,0.68167275,0.14125147,0.16323762,0.11399928
0.108778514,0.25902683,0.13239633,0.22142908,0.17292635,0.09898477,0.1564988,0.09438861,0.17078835,0.1411486,0.16331117,0.11550475
0.11159948,0.25593185,0.1326186,0.21533704,0.18198535,0.09508005,0.12791607,0.09218182,0.45001784,0.14122674,0.16341886,0.116101034
0.11163829,0.25589854,0.13396436,0.22013795,0.17585123,0.0964467,0.11444898,0.089287624,0.73286676,0.14125666,0.16350815,0.114358254
0.108853646,0.25381598,0.13865176,0.21806787,0.16720843,0.090373464,0.121317975,0.09285953,0.6875843,0.14135838,0.16340935,0.119197756
0.11158927,0.25988656,0.13320738,0.21841523,0.18203852,0.090833664,0.12678698,0.11600455,0.756368,0.14125468,0.1633844,0.116880946
0.11165553,0.23054399,0.12962689,0.22123438,0.18258539,0.09781335,0.10370041,0.11944592,0.84515184,0.1412332,0.16332906,0.1154882
0.11167114,0.26428553,0.12897816,0.22628976,0.17194887,0.0964467,0.098953865,0.115238965,0.1921916,0.1412118,0.16328557,0.116110004
0.11160562,0.24856731,0.13476643,0.22086032,0.18143845,0.092911534,0.092232995,0.10610915,0.898454,0.14116032,0.16325943,0.1125816
0.11184977,0.2546372,0.14712068,0.20462173,0.17887786,0.092911534,0.1096296,0.11920613,1.0788628,0.14115432,0.16321564,0.1103796
0.11166358,0.2699404,0.14844476,0.21623269,0.1742925,0.095449604,0.13997968,0.108377375,1.340049,0.14117025,0.16325593,0.113000974
0.10898598,0.26076093,0.14820258,0.2040759,0.1848917,0.092911534,0.14054216,0.11473199,0.45163664,0.14113212,0.16323821,0.1113237
0.10806717,0.253722,0.14840417,0.21577503,0.17382146,0.09000391,0.13023326,0.093278095,0.24608517,0.14122751,0.16321935,0.11158893
0.11165091,0.28362027,0.15163843,0.21368594,0.16028188,0.08973894,0.119429916,0.09132813,1.3752656,0.14112864,0.16321403,0.11015115
0.11220595,0.28364077,0.1527003,0.21604103,0.16104138,0.08856055,0.10644205,0.10893459,0.18018347,0.14115946,0.16321142,0.11199612
0.11316849,0.26489273,0.15569335,0.20956233,0.15602507,0.09227701,0.09390573,0.109564275,0.8819634,0.1411168,0.16320159,0.1143876
0.112142324,0.28516522,0.14959154,0.22090726,0.16159132,0.08916671,0.14193518,0.122434154,0.6783172,0.14115915,0.1633232,0.11517163
0.111661755,0.2750646,0.1509039,0.2239405,0.1826829,0.08856055,0.13178633,0.11584322,0.940023,0.14118503,0.16328385,0.11600061
0.11172344,0.29281574,0.14682129,0.21780416,0.16388564,0.08883249,0.14340873,0.108933285,0.7875724,0.14119671,0.16332558,0.11514617
0.11170071,0.27928418,0.14722031,0.21878622,0.1730453,0.09581218,0.14487772,0.11599258,0.46009448,0.14120373,0.16331692,0.11637565
0.11156153,0.3003205,0.14924957,0.22369693,0.16165935,0.09137056,0.15410075,0.096909076,0.30441734,0.14121047,0.16332233,0.116880946
0.11260792,0.25932944,0.15432516,0.21706766,0.17141676,0.093371734,0.16788241,0.1018694,0.8126388,0.14121586,0.16334651,0.11504575
0.1116859,0.28659144,0.14935206,0.22063768,0.17745142,0.09000391,0.1758941,0.07606515,0.5940931,0.14119518,0.16335988,0.11578086
0.11173727,0.2804956,0.1505216,0.22243486,0.15804374,0.08973894,0.16889535,0.097095974,1.8402231,0.14125067,0.16339518,0.116133094
0.11170703,0.26887578,0.14753132,0.21634512,0.180873,0.09377006,0.16947526,0.1247797,-0.21128887,0.14125454,0.16330834,0.11207399
0.11163191,0.2747854,0.14705409,0.21170396,0.1741159,0.09173314,0.15470533,0.107921466,0.14722884,0.14137556,0.16327144,0.11269361
0.11166166,0.2796395,0.13443857,0.21647684,0.1756065,0.09174012,0.1277717,0.08179067,0.38553607,0.14120407,0.16320387,0.112340614
0.10886256,0.24285172,0.12688877,0.21288352,0.15931803,0.09273721,0.14352942,0.0980393,0.21424243,0.14113244,0.16316295,0.11401026
0.111632444,0.24043435,0.12161086,0.22262543,0.17585894,0.092911534,0.16131231,0.09314589,0.031052738,0.14113292,0.16311899,0.11167257
0.10411567,0.23367132,0.12614949,0.21632968,0.18550318,0.090338126,0.15096165,0.09738656,-0.20127922,0.14101432,0.1631014,0.11261482
0.11163392,0.27298707,0.13293166,0.22324462,0.1827387,0.090833664,0.14893304,0.106506,0.62559885,0.14101297,0.16300306,0.11092267
0.111697175,0.26149178,0.13669734,0.21082176,0.16671504,0.09019914,0.13900214,0.10611553,0.653258,0.14090881,0.16290504,0.11124955
0.10552523,0.257733,0.1340935,0.20690693,0.16912566,0.090833664,0.12718669,0.10304837,0.83529234,0.14090125,0.16287677,0.11266042
0.1088563,0.24692735,0.13180879,0.21140721,0.1629042,0.08883249,0.13597631,0.100519106,-0.022166252,0.14089079,0.16290773,0.108087555
0.1121433,0.23635568,0.12951101,0.20369856,0.1780451,0.092241675,0.1291266,0.08501989,0.5753796,0.14090632,0.16301957,0.10811118
0.11166358,0.2364946,0.12890328,0.2120055,0.17418548,0.09427819,0.12174725,0.09590351,0.55859536,0.14093176,0.16305214,0.10691655
0.11257435,0.24328335,0.12486103,0.19199415,0.17587572,0.09680928,0.123068705,0.115232855,1.1170368,0.1410695,0.16305809,0.10884988
0.11173049,0.22411673,0.12162861,0.20539726,0.1872695,0.09390863,0.12733518,0.112190954,0.46680564,0.1410367,0.16307516,0.10737904
0.10408064,0.21402507,0.1216483,0.21199961,0.178531,0.08932843,0.1273754,0.11580553,0.52171713,0.14105363,0.16304892,0.109755486
0.104067884,0.242411,0.121608235,0.2116736,0.16663197,0.08973894,0.1182253,0.116974644,0.7439446,0.14105104,0.16302766,0.10804739
0.11179523,0.22982338,0.121423066,0.20023726,0.1725,0.08973894,0.110125706,0.09313777,0.72432595,0.14096335,0.16291954,0.10799952
0.11168592,0.22266732,0.122853935,0.21032687,0.17449094,0.09137056,0.16364367,0.08370331,0.5344777,0.14097339,0.16293724,0.10615085
0.11204919,0.2379801,0.12723687,0.2131354,0.15783593,0.09527528,0.15300062,0.09246589,1.1063354,0.14096974,0.16312629,0.10913489
0.1116555,0.23143426,0.12802291,0.20485014,0.18015686,0.092911534,0.13845012,0.104969956,0.9575242,0.14101359,0.16318448,0.10739592
0.106621005,0.23982882,0.13000447,0.2030728,0.18471251,0.09898477,0.14971371,0.097263046,0.37548092,0.14107841,0.16323845,0.10962963
0.11161498,0.24824941,0.11791539,0.20931867,0.18038252,0.09440458,0.16772696,0.07579812,0.6777464,0.1411746,0.16340896,0.10772671
0.11166991,0.22236802,0.12495802,0.2090561,0.18515459,0.09898477,0.2295394,0.09313341,0.7937534,0.14134337,0.1634036,0.10965887
0.11166354,0.23696959,0.12774062,0.20831984,0.1638381,0.095449604,0.21015345,0.09175373,1.2048888,0.14124444,0.16333029,0.11035628
0.11162144,0.22273217,0.12837733,0.21451412,0.17952776,0.09000391,0.1769478,0.11056311,0.9858939,0.14126538,0.1632273,0.1104993
0.11143383,0.24458028,0.128814,0.21035269,0.17531717,0.08973894,0.16401966,0.10918458,0.3821323,0.14118509,0.1631871,0.110072024
0.1125168,0.22511862,0.12514032,0.20448789,0.1464569,0.09481508,0.15010437,0.11013964,0.38820335,0.14115009,0.1632115,0.11008284
0.1116333,0.22989625,0.123309635,0.21551372,0.16179357,0.09254198,0.12758224,0.11000859,0.7360152,0.14112027,0.16319764,0.10949445
0.11159118,0.23283008,0.12501527,0.20755807,0.16918322,0.090561725,0.1205125,0.112283014,0.6720047,0.14116131,0.16325371,0.11116751
0.108761415,0.23713268,0.12554127,0.20694605,0.15916526,0.093371734,0.113751285,0.099317774,-0.16853094,0.14120875,0.16322626,0.11134284
0.11571762,0.24354918,0.12948145,0.21455687,0.16093573,0.09254198,0.12049694,0.09181267,0.83331954,0.14113946,0.16317822,0.11197463
0.11309638,0.24781172,0.13266867,0.21913926,0.16802879,0.08666397,0.11106021,0.08549271,0.5074165,0.14109138,0.16318879,0.11268805
0.11165071,0.2465324,0.13692988,0.2171751,0.17090517,0.08883249,0.115656056,0.076666884,1.7232783,0.14110778,0.16315804,0.1109137
0.11165781,0.24325421,0.13662769,0.2108071,0.1778129,0.09581218,0.14062887,0.09629216,0.8871928,0.14112456,0.16315429,0.11022041
0.10842965,0.24730945,0.13473584,0.20867391,0.17128007,0.095449604,0.11108743,0.09963195,-0.058574677,0.14114013,0.1631298,0.11076865
0.11159573,0.2539647,0.12876788,0.21447566,0.18387339,0.09254198,0.11363905,0.10171448,0.95016795,0.14108248,0.1630946,0.10684994
0.111667894,0.2441154,0.1288177,0.19944072,0.17625614,0.09527528,0.11388577,0.08493071,1.3001784,0.14103498,0.16305226,0.11180456
0.11264833,0.24724735,0.12659,0.21096876,0.1771738,0.092911534,0.11036623,0.09800824,0.9101349,0.14098302,0.16302758,0.111432925
0.11201304,0.23558982,0.111453585,0.21634273,0.1892936,0.09200508,0.12045419,0.096023,0.2642767,0.1409589,0.1629364,0.11224677
0.11167995,0.24087586,0.12584847,0.21384007,0.17172812,0.098175935,0.12530732,0.09432644,-0.22618282,0.140902,0.16298848,0.11276048
0.1115757,0.25722128,0.12855755,0.21325503,0.1629699,0.09200508,0.11294304,0.08321918,0.5200504,0.14090551,0.1629762,0.1103796
0.11214051,0.23825511,0.13407497,0.20778361,0.19072285,0.09527528,0.10943538,0.11547905,-0.11570972,0.14097162,0.16289718,0.11170021
0.11163829,0.23060767,0.13087994,0.21838331,0.19390821,0.09508005,0.114582464,0.12038613,0.46996716,0.1409888,0.16299239,0.11168226
0.11165816,0.25276724,0.13600412,0.22284773,0.16766337,0.09000391,0.10295411,0.10487093,1.0604722,0.1408991,0.16297862,0.114291675
0.11166166,0.23330763,0.13817401,0.22459537,0.18166061,0.08629441,0.105036475,0.10317495,-0.123827666,0.1409097,0.16295032,0.11547169
0.111723125,0.24742809,0.1442586,0.22752464,0.1630669,0.08475345,0.16608956,0.12721644,0.65230525,0.1409523,0.16301219,0.113200374
0.11166303,0.27532282,0.14877686,0.2103035,0.16771111,0.086161055,0.12837912,0.122149855,0.39372352,0.14092806,0.16303247,0.11170161
0.11170142,0.25695804,0.15990521,0.21545261,0.16686778,0.09236766,0.14570278,0.10552467,0.07075018,0.14105394,0.16309726,0.11675413
0.111628495,0.29018557,0.15274742,0.2229861,0.16374384,0.08575752,0.14485675,0.099806,0.15446568,0.14102933,0.16321775,0.11465116
0.11774006,0.25777024,0.15559123,0.22369033,0.16937259,0.08538797,0.115052305,0.09297061,0.72333384,0.1411077,0.16321772,0.11621044
0.11161241,0.26870835,0.14946498,0.220981,0.15569414,0.09137056,0.120957494,0.099370874,0.604193,0.14120217,0.16314705,0.11200411
0.11214051,0.26582393,0.14176203,0.21014361,0.16928677,0.09174012,0.10644364,0.09437169,0.78527975,0.14105542,0.16311514,0.11514902
0.11159217,0.26266766,0.13266683,0.21843,0.17710897,0.09174012,0.13067017,0.08170661,0.60696876,0.14104207,0.16320235,0.11624893
0.11165558,0.25122917,0.12298176,0.21134086,0.1619706,0.09137056,0.12902452,0.09813687,0.51836807,0.1411374,0.16317078,0.114401825
0.11212319,0.2303574,0.12545514,0.22411169,0.16116706,0.093371734,0.13324974,0.088078335,0.64870083,0.14111933,0.16312954,0.11747135
0.11212995,0.23509523,0.126935,0.22055542,0.1813915,0.095449604,0.16591176,0.09220478,0.40382278,0.14106289,0.16314358,0.11465116
0.11168668,0.20851733,0.13127343,0.22283462,0.1684549,0.09680928,0.1775887,0.09229044,0.6793187,0.14109854,0.16314544,0.11270613
0.11165928,0.24769136,0.1379906,0.22342268,0.17828017,0.09354605,0.210928,0.11334287,1.0430025,0.14108504,0.16319816,0.109110564
0.115281746,0.24710232,0.1385521,0.20418625,0.17260027,0.09137056,0.19725896,0.1226417,0.28251597,0.14114475,0.16314435,0.10990767
0.11445608,0.26579162,0.14378849,0.2057597,0.1798568,0.08920205,0.22256078,0.11882028,0.18994561,0.14107147,0.1631925,0.1070884
0.111735635,0.2751598,0.14728025,0.20358841,0.17377453,0.08883249,0.21209283,0.11414257,0.39314562,0.14112304,0.16318631,0.10857914
0.111676954,0.26062384,0.15005504,0.21383394,0.16972572,0.08936939,0.21583278,0.11219898,0.4013186,0.14117719,0.16324763,0.10942079
0.11169235,0.28983244,0.15279943,0.21444766,0.16338068,0.09073604,0.2036866,0.0978435,0.2754324,0.14120248,0.1631988,0.10925423
0.11160178,0.29097113,0.1539857,0.20249768,0.1926027,0.09174012,0.22504552,0.10581124,0.10027248,0.14119454,0.16318886,0.109760456
0.11164374,0.28646016,0.15223771,0.2084926,0.1603438,0.09527528,0.21146677,0.109057866,0.15867208,0.14116588,0.16320212,0.10957234
0.11160688,0.2936101,0.1483752,0.2081826,0.1652005,0.089086294,0.20349303,0.098633185,0.67448556,0.14113064,0.16318066,0.107461296
0.11172565,0.28324386,0.14005938,0.2004211,0.17601821,0.08936939,0.20692824,0.10607699,0.7406109,0.14111637,0.1631406,0.10539595
0.11174106,0.24741296,0.13027926,0.1951307,0.17111292,0.08936939,0.2152002,0.11371738,0.72488153,0.1410963,0.16313158,0.10488063
0.11166358,0.23159467,0.12135823,0.19458547,0.17576028,0.09581218,0.23558909,0.093335986,-0.30577576,0.1410323,0.1630897,0.10497967
0.11161569,0.25038594,0.11845421,0.19682643,0.17689204,0.092911534,0.21995668,0.11471209,0.15195434,0.1410415,0.16314846,0.1040109
0.111656174,0.24628475,0.11037265,0.1936899,0.17965974,0.092911534,0.19538517,0.09865606,0.12324487,0.14108731,0.16311452,0.108373314
0.11133147,0.23948601,0.11162137,0.20279463,0.1952921,0.090373464,0.20718826,0.10053834,0.19966055,0.14108162,0.16307367,0.108712345
0.111648895,0.23421085,0.12338459,0.21434227,0.17829958,0.09137056,0.21187001,0.10974032,-0.39667824,0.14105971,0.16302869,0.107488915
0.11165464,0.25231957,0.13867691,0.20739315,0.16772552,0.093099795,0.19397327,0.08982369,-0.22146076,0.14095764,0.16291454,0.10958943
0.111589275,0.26375213,0.1365737,0.21416132,0.18861352,0.08746584,0.18249047,0.11407029,0.086057246,0.14099392,0.1630002,0.110478275
0.11177286,0.2687711,0.14726986,0.20016754,0.1591842,0.08982959,0.1673933,0.10142916,0.19217674,0.14099565,0.16292506,0.11502279
0.11207052,0.28723666,0.1499975,0.22583887,0.18243293,0.09581218,0.14055735,0.08759017,0.5352217,0.14088726,0.16305375,0.11598985
0.10430011,0.27502963,0.13472942,0.21990514,0.17367132,0.092911534,0.1405548,0.1107963,1.4908283,0.14099431,0.16299993,0.11841942
0.10564681,0.2304584,0.12788987,0.21267909,0.16691938,0.09354605,0.15498942,0.1241865,0.41169307,0.14093061,0.16305605,0.11631478
0.111713745,0.24047531,0.114349455,0.22282507,0.16576684,0.09254198,0.18842426,0.10032248,0.34563524,0.14103721,0.16301677,0.1173565
0.1116141,0.24184805,0.12432866,0.23075415,0.17843875,0.09781335,0.15270448,0.11537319,0.085971236,0.14096408,0.16291103,0.117258884
0.11167116,0.22788407,0.13100624,0.227846,0.1774412,0.095449604,0.1564428,0.11796067,0.5035964,0.14089519,0.16293998,0.11173847
0.11770795,0.2417953,0.13342454,0.21871477,0.16931623,0.097987674,0.15452462,0.13095428,0.91398644,0.14093767,0.16286145,0.11105384
0.11160871,0.267881,0.14934385,0.21227106,0.1713306,0.09454315,0.16888195,0.12548304,1.0061764,0.14087407,0.16288468,0.11395939
0.11196211,0.2746619,0.15185444,0.20713569,0.16609506,0.09508005,0.17068635,0.12517565,0.5650226,0.14087814,0.16300063,0.114974625
0.11160032,0.29105693,0.1560757,0.21819556,0.1507196,0.092911534,0.1872341,0.1298825,0.44190538,0.14093271,0.1629797,0.11612568
0.11204273,0.2998575,0.1538308,0.22051509,0.1886446,0.08932843,0.16155717,0.1288151,0.051992,0.1409827,0.162989,0.11206621
0.11176405,0.27291596,0.15965338,0.21161024,0.16124427,0.08936939,0.14745572,0.13533367,0.59556174,0.14095725,0.16302778,0.111814685
0.1116898,0.27674782,0.15382263,0.2199648,0.17281473,0.09190746,0.17403264,0.13879745,0.78382057,0.14100711,0.16311063,0.113713935
0.11162235,0.2934954,0.14619458,0.2191212,0.17738166,0.09174012,0.18895866,0.12829557,0.8994278,0.14105858,0.16311751,0.11190386
0.11167936,0.2755099,0.13399597,0.21733533,0.18102206,0.09174012,0.17028019,0.10038905,0.67163795,0.14112239,0.16308603,0.113713935
0.11166779,0.24694669,0.12552899,0.22323725,0.16575201,0.09174012,0.18297549,0.105242476,0.60206366,0.14103426,0.16304415,0.11393476
0.11162866,0.24553682,0.117218316,0.21795425,0.17148691,0.09781335,0.2121337,0.08673614,0.063085526,0.14097065,0.16298106,0.115829855
0.111621015,0.22952558,0.13176839,0.22404759,0.19075651,0.09254198,0.22831386,0.093866445,0.012022257,0.1409611,0.16290261,0.1142979
0.112431325,0.24064049,0.13566725,0.2238239,0.16794123,0.095637865,0.23845702,0.07274933,0.8009608,0.14086333,0.16285512,0.115673944
0.11153328,0.24683776,0.13936281,0.22851445,0.17594303,0.092911534,0.21491662,0.07926645,0.8793117,0.14088678,0.16282426,0.11897518
0.1113163,0.25758332,0.14161234,0.22767562,0.14993906,0.09200508,0.19989665,0.1220855,0.73225385,0.14088514,0.16280904,0.11887934
0.112592116,0.24573255,0.1434494,0.22176808,0.17422321,0.09273721,0.20473583,0.10779684,-0.1353774,0.1409368,0.16291451,0.12151821
0.11179434,0.25874257,0.14889793,0.2270355,0.17593029,0.092911534,0.18204793,0.10351495,-0.23865068,0.14091596,0.16292182,0.116682835
0.11169097,0.25110194,0.15253283,0.22836573,0.17649798,0.092911534,0.17893468,0.0936953,0.81294316,0.14096777,0.16296847,0.11502742
0.11168797,0.29141793,0.15412381,0.22445768,0.20725784,0.09200508,0.18289472,0.086782634,0.6361552,0.14092821,0.16296063,0.11984178
0.11169481,0.2958234,0.15907882,0.22478946,0.18107587,0.09323316,0.17067295,0.076964,0.7343885,0.14095044,0.16295348,0.11402274
0.1116382,0.30544013,0.15448286,0.21378595,0.15176855,0.09390863,0.18461551,0.107779875,0.61050963,0.14095692,0.16292982,0.11587056
0.11159393,0.28564543,0.15477777,0.21934399,0.17407912,0.09254198,0.21029116,0.10899116,0.4543075,0.14086261,0.16296634,0.115836285
0.11159704,0.3035183,0.15304491,0.21825762,0.1694367,0.09137056,0.2088095,0.105161004,1.1298983,0.14098255,0.1630086,0.112197556
0.11171956,0.28599194,0.14036602,0.21814662,0.16740726,0.09174012,0.2025821,0.10785104,1.0464104,0.14099592,0.16300367,0.112758785
0.11160531,0.24739541,0.12998196,0.21444367,0.15992728,0.09137056,0.21687928,0.09763436,1.0290703,0.1409469,0.16292459,0.1078232
0.11158428,0.2606326,0.12595335,0.2013471,0.17182016,0.10325208,0.19886641,0.10548681,0.14539629,0.1409484,0.16301511,0.10971433
0.11160749,0.24358365,0.12638463,0.21045196,0.16987309,0.09508005,0.18124944,0.10077254,0.89645755,0.14098173,0.16299292,0.11337733
0.11260086,0.22924317,0.12668201,0.21201837,0.16961677,0.09200508,0.25208408,0.13142465,0.6330879,0.14102352,0.16289878,0.11373206
0.111459464,0.23648313,0.11713297,0.21724615,0.16692978,0.098175935,0.22053601,0.12678377,0.24620669,0.14096789,0.16289036,0.11043257
0.11160812,0.22763297,0.12000887,0.21146701,0.19945459,0.092911534,0.24909237,0.11916727,0.49570784,0.14099213,0.163052,0.10499464
0.11106482,0.2185504,0.1174645,0.19567,0.15129411,0.09390863,0.22524834,0.11787725,-0.75227046,0.14094427,0.1629988,0.10438221
0.11165303,0.21842967,0.11784849,0.19635376,0.16594903,0.090338126,0.19941843,0.11621062,0.74548995,0.1410028,0.1629225,0.10345642
0.11166259,0.21494313,0.113761306,0.2110106,0.17678656,0.09137056,0.20375983,0.1230617,0.74598336,0.14099337,0.16299236,0.10905141
0.11166276,0.2231742,0.1203341,0.21813516,0.17367573,0.09527528,0.19048834,0.13475475,1.2276618,0.1409685,0.16315478,0.10863864
0.111554585,0.23569717,0.11996008,0.21040593,0.18913619,0.08492777,0.15332241,0.09659472,0.5937226,0.14098458,0.16312487,0.10884631
0.11172591,0.21550885,0.11726486,0.20389268,0.16685797,0.08579847,0.14438899,0.08679455,0.8904011,0.14106716,0.16312134,0.10852608
0.11264975,0.22720549,0.1136789,0.22041634,0.1689964,0.09236766,0.17344126,0.06617707,0.51178235,0.14109017,0.16308245,0.10942291
0.11161456,0.23328142,0.12895283,0.21452796,0.17052792,0.09527528,0.1813645,0.10028061,1.0707119,0.14099617,0.1631734,0.10905153
0.11165808,0.23582202,0.1331492,0.20566905,0.18007378,0.09137056,0.1519688,0.09196616,1.0715415,0.14104316,0.16311267,0.11072189
0.111605756,0.23971896,0.12708816,0.2084764,0.1733091,0.093371734,0.16762812,0.08594678,0.70622635,0.14111595,0.16317283,0.1123769
0.1116027,0.23232889,0.12238316,0.22058894,0.17969243,0.089467004,0.16964212,0.11082936,0.6286685,0.14106174,0.16313192,0.11205575
0.111734614,0.22951132,0.115748145,0.22475582,0.17796639,0.08973894,0.2031259,0.10205027,0.8728375,0.14106345,0.1631141,0.10997651
0.11211087,0.22233309,0.11460841,0.20654467,0.16685319,0.09190746,0.18452065,0.101862475,0.6567739,0.14106722,0.16308516,0.10918618
0.11161052,0.22996776,0.12344765,0.21118777,0.19220445,0.09781335,0.18895903,0.11007519,0.9870243,0.14105493,0.1630738,0.1104416
0.11265028,0.22724842,0.12076397,0.21511611,0.17015561,0.09898477,0.17099841,0.10500353,0.70887846,0.14119448,0.16307926,0.11033055
0.11256652,0.22268711,0.123238,0.21090554,0.1672782,0.09200508,0.16298972,0.11067287,1.2515752,0.14096382,0.16305773,0.1117233
0.11161818,0.21952169,0.117854044,0.22130676,0.18053749,0.090833664,0.15784498,0.10344072,0.586271,0.14093576,0.16302118,0.11740705
0.111678354,0.21234645,0.1067934,0.22594765,0.1650837,0.0805428,0.13257347,0.11558108,1.4289525,0.1409086,0.16291322,0.11726269
0.10880636,0.2208946,0.1140167,0.22438,0.16371825,0.08202711,0.1349073,0.11528619,0.27775496,0.14093275,0.16304405,0.11682265
0.11169969,0.23032139,0.1276721,0.23525295,0.16178568,0.08456518,0.10730486,0.10227944,0.567618,0.14094028,0.16299665,0.114401825
0.11168241,0.22891314,0.13169867,0.2245683,0.13836434,0.084801376,0.12039787,0.1029828,0.38924336,0.14090268,0.1629223,0.11606511
0.1116747,0.23228784,0.1326035,0.21486473,0.1606738,0.07718716,0.12311788,0.09735976,0.5108758,0.14096509,0.16297184,0.114288814
0.11167126,0.263954,0.12348458,0.2328991,0.1669718,0.0774293,0.11748871,0.10114787,0.55941594,0.14103009,0.16296376,0.117502145
0.11117481,0.25468335,0.12283753,0.2127843,0.16543856,0.07187483,0.12390848,0.089118354,0.24981044,0.1409539,0.16297278,0.11715339
0.11114442,0.2590537,0.121542476,0.21894175,0.15565965,0.073966645,0.106241,0.08656736,0.53250974,0.14098503,0.16296282,0.115884356
0.114527665,0.22855954,0.11616639,0.21454291,0.153863,0.07617747,0.11780805,0.10055306,0.5657935,0.14094324,0.1629466,0.11514617
0.11168827,0.22920422,0.11369,0.22489677,0.1637242,0.07996737,0.17525303,0.097227424,0.29706612,0.14097248,0.16302502,0.11473035
0.11266382,0.21763797,0.12984972,0.2221172,0.1564063,0.094717465,0.17848805,0.10076068,0.7078785,0.1409962,0.16303685,0.11770123
0.11165689,0.22802293,0.13061805,0.23365816,0.18025127,0.09137056,0.15867098,0.08283819,0.3174177,0.14100525,0.16300952,0.11980406
0.1116473,0.24933098,0.13705324,0.2221884,0.16109963,0.09237463,0.14419024,0.09060684,0.29827678,0.14098129,0.16299117,0.11295013
0.11521069,0.24870518,0.13957785,0.22057132,0.16314289,0.09137056,0.119737394,0.09324192,-0.06431177,0.14091358,0.16297854,0.11092267
0.111643344,0.2474641,0.142701,0.22035308,0.18276891,0.09781335,0.11754739,0.08374055,0.6704651,0.14099717,0.1629268,0.11088862
0.11167995,0.25902387,0.15052536,0.20447178,0.17373577,0.09390863,0.1287949,0.09694803,0.22376499,0.14093408,0.16308485,0.11445803
0.11159378,0.28839216,0.14773907,0.22414574,0.18305548,0.092911534,0.076172434,0.091746114,0.09651489,0.14105701,0.163145,0.114202656
0.11264707,0.27452895,0.15101424,0.21998659,0.17993265,0.09454315,0.10939436,0.104406156,0.7571746,0.14109384,0.16317786,0.11906981
0.11165526,0.27829623,0.14976752,0.2194703,0.16856477,0.092911534,0.14221816,0.08891267,1.2189031,0.1411295,0.16313963,0.117258884
0.11160382,0.2840999,0.1524651,0.21889082,0.17674263,0.08679036,0.13980168,0.08587157,0.7298587,0.14106555,0.16317761,0.116682835
0.10813131,0.29346022,0.15328673,0.2199953,0.16726579,0.08538797,0.13984433,0.093545705,0.7671953,0.14115629,0.163213,0.120818734
0.10807549,0.2890571,0.1572253,0.21796452,0.1623077,0.09019217,0.13517773,0.08593026,0.96423876,0.14111406,0.16326743,0.117258884
0.11210049,0.2743775,0.15426154,0.21401569,0.16882549,0.09527528,0.1364407,0.10181801,1.6352377,0.14115342,0.16326864,0.114722505
0.111509256,0.28061095,0.16168104,0.21952929,0.16947028,0.092911534,0.15928212,0.10637769,0.6498693,0.14118224,0.16322467,0.11757328
0.11171743,0.28025714,0.1527529,0.22446267,0.1607875,0.09390863,0.15567315,0.11311942,0.83964163,0.14116,0.16325606,0.11631478
0.11199164,0.32302073,0.14709693,0.22437675,0.17765355,0.09200508,0.15603888,0.12124695,0.8563931,0.14119083,0.16322033,0.11624746
0.111678824,0.28140986,0.13580278,0.21950738,0.16817373,0.08629442,0.17234462,0.1258564,-0.10160315,0.14112541,0.16323216,0.11173847
0.11168762,0.27334657,0.13382357,0.2176648,0.15903988,0.08017325,0.17537239,0.10594089,-0.43169564,0.14115712,0.16318102,0.10998123
0.11772337,0.2594931,0.12695858,0.20378491,0.16782829,0.08202711,0.18154448,0.11038164,0.6116403,0.1409877,0.16314954,0.11098932
0.11171698,0.23789248,0.121900626,0.21244647,0.15959641,0.082396664,0.22560148,0.109949864,0.14781922,0.14112486,0.16312161,0.10989216
0.11167757,0.24531476,0.12609577,0.20532031,0.15821303,0.08202711,0.2001121,0.09253212,0.5753728,0.1411139,0.16314588,0.11324735
0.111670986,0.23304415,0.12392937,0.21354839,0.15911254,0.077320516,0.18629134,0.10582152,0.63920665,0.14113663,0.16315122,0.11043257
0.111669414,0.2263595,0.13071696,0.21605055,0.1536652,0.07996737,0.1907171,0.10704219,0.88064814,0.14113835,0.16311425,0.115218304
0.11167372,0.26097885,0.14141124,0.22166538,0.15248199,0.078571424,0.18864563,0.1055675,0.6621736,0.14107093,0.16309571,0.12081228
0.11168075,0.25538534,0.147472,0.22208066,0.17699589,0.084934734,0.1648285,0.092896536,0.7069722,0.14093244,0.16302724,0.117258884
0.111719735,0.28023258,0.15078023,0.21810465,0.15947826,0.08833654,0.17187604,0.10330006,1.2805645,0.14097042,0.16297498,0.11312118
0.11167286,0.2949274,0.14813145,0.2111925,0.19689879,0.08629441,0.16649586,0.10212927,0.50085247,0.14099462,0.16298576,0.10846339
0.112105355,0.28257596,0.14634512,0.2029318,0.15981154,0.08629442,0.18249755,0.0896431,0.7884351,0.14096828,0.16301703,0.10827231
0.11160969,0.2574926,0.14106154,0.19908841,0.18517976,0.087787464,0.20634963,0.08969359,0.37032372,0.1410452,0.16300808,0.10855235
0.111750305,0.2633256,0.13499774,0.20193759,0.16646905,0.08348441,0.20926513,0.09493661,-0.24311113,0.14102592,0.16300792,0.1094191
0.111664236,0.2529043,0.12397423,0.20103762,0.1591297,0.087339446,0.19136404,0.098549075,-0.15314943,0.14095797,0.16297731,0.10969498
0.11164971,0.24203204,0.12556003,0.20606524,0.177639,0.08475345,0.20114265,0.102052264,0.82251465,0.14101622,0.16293852,0.11414362
0.117777064,0.2218897,0.123494625,0.22431812,0.17187944,0.08389492,0.22145511,0.082986996,0.4818691,0.1410109,0.16294831,0.11586133
0.112437665,0.23966973,0.120836124,0.22260031,0.16953582,0.08579847,0.20425119,0.100397296,-0.064074874,0.14093782,0.16298535,0.1196281
0.11170365,0.23729461,0.12313526,0.22637981,0.16797027,0.08982959,0.18944798,0.10146888,0.9011947,0.14093803,0.1630964,0.11862554
0.11167778,0.24359125,0.1269461,0.22360493,0.16868266,0.08973894,0.23179018,0.09948199,0.33227658,0.14106478,0.16312234,0.11972303
0.11169114,0.23400801,0.12588455,0.21928735,0.16659243,0.08973894,0.2315735,0.10132557,0.7370098,0.14111339,0.16321886,0.117992066
0.112659864,0.23683287,0.13080634,0.22656704,0.1623952,0.09190746,0.23042898,0.10193673,1.4104662,0.14116816,0.16324432,0.11685786
0.1039807,0.25221908,0.13536502,0.22049563,0.1553991,0.08883249,0.2013334,0.10420606,0.12857988,0.14123333,0.16320796,0.11815862
0.11262686,0.24631633,0.13888688,0.21986385,0.17429093,0.08312183,0.17547044,0.10786906,0.5325005,0.14116935,0.16317043,0.116245344
0.11166824,0.26349542,0.14889759,0.22208038,0.17436774,0.08730411,0.19557028,0.10948,0.67936766,0.14108624,0.1631169,0.11502742
0.111707,0.27310967,0.1583699,0.21278588,0.17198268,0.08883249,0.19216217,0.09638322,-0.08638334,0.14102975,0.16314264,0.11975071
0.111688636,0.29949966,0.15356825,0.21952514,0.18069306,0.09190746,0.1837613,0.10539736,0.6333065,0.14112982,0.16314043,0.117031395
0.11169771,0.29992858,0.16625288,0.21882418,0.17144343,0.09273721,0.1838677,0.09827457,1.1737807,0.14113049,0.16313918,0.11632516
0.111625984,0.27669612,0.14470524,0.22765295,0.16511205,0.08746584,0.20629403,0.10558398,0.9187256,0.14108407,0.16312206,0.12005245
0.11169217,0.26617196,0.13504264,0.21880545,0.1628026,0.083386794,0.188238,0.1313839,0.76188755,0.14112437,0.1630801,0.11972303
0.11167417,0.2433648,0.12941383,0.20945019,0.16728546,0.09631334,0.21614203,0.115692,0.666992,0.14104328,0.16299884,0.11631478
0.11162051,0.24732164,0.12590614,0.22736365,0.17957845,0.09200508,0.23957539,0.11824948,0.43921825,0.1409929,0.16298574,0.1132691
0.11259518,0.22480659,0.11920447,0.2252347,0.17005572,0.09174012,0.214693,0.121179014,0.344246,0.14097027,0.16294304,0.110704705
0.111589715,0.23194192,0.12485338,0.21231477,0.19616629,0.090833664,0.2183534,0.13069905,0.6634479,0.14102629,0.16303065,0.113737
0.11131527,0.2342107,0.12456631,0.21658613,0.1673522,0.09137056,0.19055516,0.12432654,1.0196414,0.1409072,0.16316164,0.11165591
0.11519123,0.22231397,0.13332182,0.21098787,0.1678905,0.090833664,0.16624899,0.10961682,1.1337125,0.14111571,0.16324109,0.11420128
0.111658886,0.23715045,0.1252638,0.22558379,0.1661814,0.09273721,0.17184693,0.11884659,0.4272866,0.14119375,0.16325296,0.1201171
0.111603774,0.23185287,0.12359046,0.21939377,0.16865517,0.09898477,0.16852993,0.11171617,0.8441496,0.1411075,0.1632031,0.115884356
0.11159319,0.2511192,0.12579569,0.2213431,0.18380286,0.092911534,0.14980888,0.12077465,0.9225907,0.14111619,0.16319028,0.11486612
0.10393319,0.25713277,0.12924345,0.22403209,0.16593254,0.105232336,0.1256613,0.11611571,0.8220394,0.14111331,0.1631785,0.118655
0.108903356,0.2463286,0.13107738,0.2202088,0.17023967,0.09200508,0.12278795,0.103894986,0.6562151,0.14110714,0.16311212,0.11402274
0.108769454,0.24918285,0.13176724,0.22576562,0.184996,0.09174012,0.14469741,0.0964401,0.6514737,0.14107369,0.1631014,0.11464309
0.1116719,0.25713104,0.13603729,0.23085701,0.17674035,0.09273721,0.14003818,0.114891484,0.41218698,0.14105375,0.16315055,0.1158056
0.10806717,0.25457433,0.132694,0.22329615,0.16360188,0.09898477,0.12633243,0.10203807,0.45930928,0.1410972,0.16313043,0.11557731
0.1121146,0.24858172,0.13589695,0.21685065,0.17501758,0.090373464,0.12471277,0.12403801,0.7131607,0.14111516,0.16309926,0.1193046
0.11159019,0.2665803,0.13555034,0.22905388,0.18549511,0.08829559,0.13173775,0.119428575,1.0969949,0.1410447,0.16312297,0.117260575
0.11173832,0.23954746,0.13312574,0.21615843,0.1703492,0.09109862,0.14198174,0.14869942,0.36130747,0.14104117,0.16312557,0.11396064
0.110749945,0.2237074,0.1308218,0.2071241,0.18627006,0.09323316,0.1412761,0.1097514,1.3209972,0.14106433,0.16320279,0.11269366
0.11081143,0.24299517,0.12712514,0.22100376,0.16988814,0.09898477,0.122740366,0.11003105,0.5908669,0.14109829,0.16318858,0.11132751
0.11519107,0.21912405,0.12701854,0.21978045,0.16860071,0.09390863,0.11826638,0.1108326,0.9754443,0.14119327,0.16323759,0.11160284
0.11160269,0.23996237,0.11950642,0.22496735,0.16049515,0.092911534,0.13044538,0.11990622,0.8619072,0.14120029,0.16331035,0.10989848
0.11210416,0.22359204,0.12614653,0.2111491,0.16554579,0.092911534,0.12448851,0.09442564,0.41510648,0.14118567,0.16333604,0.10891404
0.1116034,0.22522385,0.119955584,0.20837808,0.17930132,0.09454315,0.1252489,0.09567804,0.83250016,0.14126204,0.16327953,0.10753733
0.11165038,0.22150451,0.12021298,0.21123192,0.17358005,0.10442349,0.105334066,0.107068844,0.9437927,0.14121066,0.16321702,0.11483859
0.11160792,0.20243591,0.11459879,0.22460109,0.16856292,0.09898477,0.121553585,0.11335514,1.4143275,0.14115329,0.16330656,0.11690287
0.11158954,0.23389143,0.12257303,0.23636928,0.16204347,0.09186651,0.13002498,0.11255868,0.682397,0.14125055,0.16335697,0.113758385
0.11212337,0.23112622,0.12743291,0.21303344,0.18633923,0.09237463,0.10401379,0.11025191,-0.0163607,0.14124562,0.16340613,0.11705014
0.11165553,0.2662114,0.13683891,0.22161107,0.18866378,0.09174012,0.09969869,0.10184187,0.087120146,0.14134265,0.1633899,0.115884356
0.11201304,0.24729732,0.14405286,0.21654432,0.17313243,0.09069509,0.088816285,0.107807614,0.6687871,0.14129947,0.1632812,0.11620209
0.111592546,0.28159752,0.15001251,0.2226691,0.17582765,0.09527528,0.117092945,0.104019046,0.84978515,0.14115845,0.1632911,0.11206621
0.11165798,0.2890795,0.15554658,0.21538995,0.1881168,0.09680928,0.118791595,0.10512189,0.45200467,0.14118478,0.16336437,0.10946054
0.11165404,0.2842018,0.15646309,0.20668648,0.18209659,0.092911534,0.11468522,0.10736823,0.4035383,0.14128049,0.16333629,0.108425945
0.11167995,0.28678212,0.1510072,0.20828111,0.17726044,0.09898477,0.1228293,0.090059124,0.029983878,0.14126901,0.16329457,0.10960828
0.112427115,0.27401,0.13911681,0.20727536,0.17400235,0.092911534,0.13966835,0.07515447,0.199162,0.14119801,0.16337118,0.11133161
0.10800935,0.26480538,0.13412118,0.21232796,0.16146775,0.092911534,0.14338887,0.07138388,0.43391883,0.14128287,0.16328146,0.11312243
0.11167708,0.2534359,0.12988238,0.20700811,0.17428376,0.092911534,0.13156036,0.10829529,0.6771927,0.14116676,0.1632993,0.108811945
0.111554734,0.2545511,0.12982035,0.20397538,0.17647053,0.09454315,0.1379696,0.10871051,0.8421517,0.14121607,0.16333014,0.10476378
0.11157256,0.23649217,0.12980932,0.20085676,0.17419694,0.09200508,0.14122777,0.10861181,0.013282061,0.14123742,0.16331272,0.105991095
0.11065135,0.25872502,0.13846608,0.20644854,0.18730986,0.08791488,0.15104796,0.106732,0.6925043,0.14121325,0.16327497,0.108039066
0.11175119,0.25643215,0.1429604,0.20727047,0.17447598,0.09363669,0.13506344,0.110043176,1.5834969,0.14116222,0.1633765,0.10469744
0.11164477,0.24799167,0.14146274,0.1982408,0.17098849,0.092911534,0.13608707,0.09832535,1.0177417,0.14124614,0.16337977,0.100470684
0.108665355,0.25408703,0.13763015,0.1906736,0.16855301,0.10406092,0.13522033,0.095304735,0.6075036,0.14129959,0.16333936,0.10265743
0.11157871,0.25057012,0.13478726,0.19911772,0.18899281,0.092911534,0.14914931,0.10194442,0.91232306,0.14134084,0.1632901,0.10293118
0.11166855,0.24446872,0.13018702,0.20387697,0.17373176,0.09254198,0.13087013,0.10954106,0.8404078,0.14121278,0.16333659,0.10338754
0.111602105,0.26244166,0.13674633,0.19689853,0.19206248,0.090833664,0.13812424,0.11981382,1.0804406,0.14124814,0.16335541,0.09959864
0.10872317,0.23275334,0.13353077,0.19055744,0.17840126,0.09019914,0.14474194,0.100320965,0.85942096,0.14124879,0.16335735,0.099346116
0.1116719,0.23567753,0.13378899,0.19283876,0.17363665,0.09273721,0.13269627,0.08786732,0.12637645,0.1412736,0.16337427,0.09971144
0.11160792,0.2510867,0.118362084,0.18956658,0.1922146,0.09454315,0.1437774,0.10126077,0.2587611,0.14132276,0.16342981,0.1026599
0.117722325,0.22510001,0.1176893,0.19109417,0.1822855,0.09200508,0.14520319,0.1057647,-0.60546345,0.14126046,0.16337775,0.10495098
0.11165649,0.22092782,0.10946092,0.19581395,0.18972002,0.09390863,0.1614641,0.1068124,0.36207914,0.14131427,0.16329533,0.10171886
0.11169462,0.24620552,0.114786886,0.2044948,0.17723751,0.09440458,0.16422848,0.11754183,0.17428325,0.1412497,0.16321787,0.10200115
0.11176489,0.24239737,0.1170957,0.1986896,0.16641928,0.09000391,0.20134932,0.09261733,0.7192095,0.14119722,0.16321518,0.103943184
0.11267554,0.2189082,0.12166675,0.19473512,0.17641756,0.08629441,0.22055274,0.10461491,0.7437934,0.14110796,0.16319153,0.10094277
0.11273868,0.2321463,0.1228369,0.20054428,0.16592608,0.08883249,0.22073954,0.102953464,0.5917219,0.141191,0.1631609,0.10725805
0.111678086,0.22972867,0.12837127,0.20450352,0.17320886,0.102059744,0.17998601,0.10647574,0.83788824,0.14114821,0.16315354,0.11201352
0.1116641,0.25165853,0.13026568,0.21731305,0.18232442,0.092911534,0.1386197,0.08984078,0.6214189,0.14110251,0.16318583,0.114823915
0.10714339,0.23955971,0.13092473,0.21953298,0.17732343,0.09508005,0.11591889,0.09241969,0.74062985,0.14110892,0.163203,0.11316475
0.10732005,0.24782184,0.13797408,0.21965832,0.18064895,0.09200508,0.12985729,0.09178331,1.4867076,0.14118202,0.16311707,0.10929449
0.11162483,0.25893468,0.14776489,0.20550051,0.18091023,0.090833664,0.16599329,0.11049445,0.7470224,0.14111345,0.16307226,0.11027158
0.1116733,0.27527434,0.15401796,0.21148835,0.18786664,0.093371734,0.19138756,0.11243388,0.48820788,0.14101577,0.16307361,0.10949445
0.111680485,0.28704643,0.15655841,0.19935243,0.17841533,0.10442349,0.21080306,0.09612152,0.2390267,0.14104405,0.16311505,0.10925423
0.11168026,0.28547445,0.15603322,0.21155167,0.17449546,0.089467004,0.19177222,0.10025829,0.63284636,0.1409766,0.16315825,0.109842494
0.111688815,0.29180744,0.14880677,0.20938917,0.18202493,0.09227701,0.18483914,0.09244478,0.37560824,0.14099726,0.16311523,0.11066421
0.111631796,0.2796279,0.14473306,0.21778286,0.17533152,0.09237463,0.18786818,0.09586572,0.4748885,0.14103672,0.16306432,0.114834495
0.11166024,0.26986474,0.14577898,0.21566181,0.17772746,0.09237463,0.22216824,0.096962534,0.23901792,0.14097911,0.16303092,0.11270613
0.111714154,0.2567698,0.1463627,0.21497571,0.16482401,0.09323316,0.20491703,0.108005084,0.4306784,0.1409025,0.16299915,0.10733391
0.11159333,0.27353156,0.14423586,0.20554979,0.17963831,0.10442349,0.20083769,0.120677166,0.68343806,0.14100562,0.16295834,0.10879096
0.1124272,0.26455218,0.14203694,0.2114547,0.1680498,0.09137056,0.228268,0.11518609,0.7419663,0.14096873,0.1629996,0.105517425
0.11236814,0.27960595,0.13522656,0.19742677,0.1718606,0.090833664,0.23445371,0.11451246,0.10461295,0.14101402,0.16300987,0.103272945
0.11159539,0.25743863,0.12977792,0.18961902,0.17387024,0.09137056,0.2231601,0.13091996,0.31478438,0.14093187,0.16300121,0.10352325
0.11158374,0.2395121,0.12534039,0.20278417,0.16040382,0.09273721,0.26313606,0.14001612,0.31703436,0.14102249,0.16307631,0.10554896
0.1114469,0.2408965,0.1240159,0.20798652,0.17161627,0.097987674,0.20448516,0.11199022,0.34745792,0.14107062,0.1631066,0.10528507
0.111611225,0.2475447,0.12556122,0.20626138,0.17881769,0.09200508,0.23876369,0.11149289,0.056664497,0.1410477,0.16304453,0.105766185
0.111588515,0.25045648,0.12670377,0.20879234,0.1730693,0.09137056,0.23570383,0.13322596,0.264398,0.14101458,0.163024,0.10692268
0.11155234,0.23950607,0.13185395,0.20802759,0.17093281,0.090833664,0.2326273,0.12575279,0.3968708,0.14103507,0.16299807,0.10888682
0.114438616,0.24126425,0.13432279,0.20489328,0.15928227,0.09137056,0.22079049,0.1125316,0.22105482,0.1409421,0.16301465,0.108685136
0.11160223,0.24937887,0.12935124,0.21134044,0.16959389,0.090833664,0.1896971,0.11383574,0.3757271,0.14092574,0.16299932,0.10688272
0.11158826,0.24472173,0.13212119,0.20317574,0.15616092,0.09174012,0.18616156,0.11506347,0.5845163,0.14095026,0.16300166,0.11241297
0.111649744,0.24565546,0.12282625,0.21566378,0.18376556,0.09781335,0.21687743,0.12930186,-0.17838603,0.14098671,0.16297516,0.11285263
0.111653596,0.2623122,0.13053606,0.21311256,0.17298004,0.092911534,0.17813112,0.13144979,0.48803452,0.14090256,0.16310544,0.11074765
0.11521459,0.24653292,0.12617633,0.2082373,0.1892073,0.092911534,0.1816079,0.13943508,0.952568,0.1410583,0.16313353,0.11425359
0.11167709,0.23701634,0.12725325,0.22128087,0.1738839,0.095449604,0.17351943,0.13042507,0.73490876,0.1410588,0.1631531,0.117375426
0.111677736,0.24371547,0.12157979,0.21997188,0.1746427,0.09898477,0.17873873,0.094946966,0.13627374,0.14106156,0.1631176,0.11972303
0.111614734,0.23946501,0.111354865,0.22363302,0.1677096,0.09200508,0.16053818,0.10254313,0.5292913,0.14105907,0.1630268,0.11015229
0.11148905,0.22699426,0.119591035,0.2112746,0.17761067,0.09174012,0.18122151,0.09585927,1.1508536,0.14096297,0.16296522,0.10786024
0.11176653,0.22524177,0.11979645,0.21426272,0.1977542,0.09527528,0.17874525,0.09868885,0.12049064,0.14097579,0.16298832,0.11057337
0.11171014,0.23677924,0.13240053,0.21078846,0.17290436,0.092911534,0.1611672,0.09671299,1.004691,0.14097568,0.16301031,0.10951004
0.11158836,0.24357854,0.14091267,0.20728007,0.18836537,0.09354605,0.15380494,0.09979836,0.80853224,0.14100702,0.16297495,0.11116751
0.1116728,0.2519983,0.14370678,0.2154869,0.16009544,0.09254198,0.12875004,0.08191532,1.0784483,0.14096186,0.16296108,0.11472567
0.1116312,0.2639877,0.14481074,0.22217244,0.18405351,0.093371734,0.11745319,0.104686104,0.9054717,0.14094545,0.16294844,0.11308416
0.10981122,0.2701629,0.1457173,0.20322074,0.17419744,0.08932843,0.1167064,0.086923994,0.24754453,0.14091657,0.1630463,0.11112269
0.11166047,0.28159973,0.13749525,0.20819873,0.17517762,0.08375634,0.13751514,0.097379684,0.3014151,0.14094901,0.16305539,0.111605
0.112135254,0.25716716,0.13604866,0.21758632,0.15315661,0.07935568,0.110968664,0.093792975,0.25672984,0.14097752,0.16313426,0.107670456
0.11266667,0.26216865,0.13440208,0.21015377,0.16552535,0.07985859,0.14259034,0.10127807,0.64339066,0.14112405,0.16317739,0.11196962
0.11263443,0.24810542,0.12789355,0.21241677,0.16659015,0.07948904,0.1659105,0.10554896,0.8524487,0.14113009,0.16317515,0.11265194
0.11184794,0.24174678,0.11709768,0.21258926,0.15061067,0.07948904,0.17615886,0.106577426,0.7252834,0.14105974,0.16321863,0.108087555
0.10409711,0.21234931,0.112110734,0.20247842,0.16327238,0.07985859,0.18873963,0.11118832,0.59805787,0.14119908,0.16323522,0.10518673
0.1120147,0.2150193,0.12027476,0.21416293,0.16288032,0.076033354,0.23396187,0.09841431,0.85996306,0.14113246,0.16317105,0.103580475
0.111677386,0.21820697,0.12419296,0.2056524,0.14891759,0.079597816,0.18194683,0.11343592,0.9477763,0.14115894,0.16311994,0.10582619
0.11266656,0.24048403,0.12597726,0.2108192,0.16349304,0.08339376,0.1491695,0.11041266,0.7703883,0.14104018,0.16310844,0.10692268
0.11167572,0.23334026,0.1305843,0.2054924,0.17093037,0.08389492,0.12101233,0.11580553,0.7757287,0.14101665,0.16300562,0.1049175
0.10823917,0.24345337,0.13458689,0.19515646,0.15923268,0.08443182,0.131147,0.09592752,0.4492872,0.14100944,0.16291422,0.105415046
0.1116759,0.22307761,0.13515422,0.19736215,0.15540779,0.084801376,0.13527279,0.11275365,-0.06197369,0.14093901,0.16297549,0.105766185
0.11187312,0.24343526,0.13339739,0.20681286,0.15376475,0.08643299,0.1465698,0.09646888,-0.16236064,0.14095902,0.1629836,0.10766577
0.10407178,0.23819613,0.1246057,0.20813404,0.17030129,0.087787464,0.13829161,0.108138815,0.6817762,0.14098382,0.16301294,0.110606775
0.11163165,0.23976728,0.12775756,0.2083971,0.16183501,0.08973894,0.11475684,0.10028307,0.2884176,0.14102836,0.1630498,0.11135681
0.112302095,0.24168,0.12490755,0.21595871,0.17823525,0.08936939,0.10808541,0.09571842,0.42081362,0.1409504,0.16300523,0.11230531
0.11171957,0.23195644,0.12376335,0.2138115,0.1684743,0.09363669,0.10855,0.07988518,0.5070414,0.14096622,0.1629666,0.10971907
0.11195202,0.2511762,0.13542219,0.20804195,0.17739895,0.092911534,0.11495471,0.12632404,0.470885,0.14095947,0.16294535,0.11020583
0.11166263,0.26118058,0.1355859,0.20818236,0.17285122,0.09898477,0.11933955,0.11411681,0.22670469,0.14097857,0.16304585,0.11052033
0.11154516,0.22267883,0.13794169,0.21930826,0.20565706,0.092911534,0.11715286,0.11662502,0.76841235,0.14098322,0.16305134,0.112101234
0.11170842,0.24801704,0.14523342,0.22919956,0.18879096,0.09137056,0.11083999,0.110645965,0.47999418,0.14100598,0.16303723,0.10989848
0.11165553,0.2729101,0.14651322,0.21321152,0.17449154,0.09781335,0.094926536,0.107717074,0.66413426,0.14092913,0.16303585,0.10875575
0.1116072,0.27135354,0.14923036,0.2075108,0.18254822,0.09254198,0.09645004,0.1118475,0.55352014,0.14101721,0.1629622,0.109265566
0.11165553,0.26937047,0.15095727,0.21097672,0.17325276,0.09681626,0.10823849,0.10115295,1.1227511,0.14094399,0.16292404,0.110706955
0.111711465,0.27782336,0.14882481,0.21469912,0.16994733,0.08679036,0.10665756,0.101710126,0.5905498,0.14098735,0.16308485,0.109858595
0.11164736,0.26467347,0.14529736,0.20451832,0.17021671,0.08629442,0.12044944,0.08812638,-0.15470618,0.14104082,0.16310838,0.108542256
0.11164686,0.2776699,0.13582611,0.20495588,0.16415843,0.08629442,0.1527315,0.10501563,0.4750827,0.14106622,0.16307992,0.107205965
0.11210017,0.24782178,0.13498579,0.20791298,0.1724223,0.088462934,0.14828727,0.10176939,0.8125236,0.14098926,0.16305201,0.10609137
0.11168548,0.25256765,0.13428117,0.21075131,0.19347547,0.08629441,0.16729167,0.10573744,-0.061706662,0.14100175,0.16306058,0.10839598
0.11173485,0.25807586,0.13203706,0.20048672,0.17417635,0.09236766,0.16539565,0.09939992,0.8136534,0.14100808,0.16305456,0.107578106
0.111628786,0.25359505,0.13051592,0.2106567,0.18925661,0.09174012,0.17227681,0.10578484,-0.110624254,0.1409507,0.16307832,0.11027524
0.11170356,0.24737269,0.12594004,0.20411713,0.16739956,0.09273721,0.14858986,0.10805665,0.66246337,0.1410789,0.16314407,0.11163031
0.117657654,0.24144761,0.1246089,0.21247174,0.16753809,0.09200508,0.17014538,0.112174995,0.5705462,0.14112127,0.16316523,0.1137248
0.11149704,0.23954783,0.12088239,0.21853721,0.1786133,0.09273721,0.20487517,0.10855661,0.705664,0.14116845,0.16316777,0.11393307
0.111690566,0.22330233,0.12364331,0.23356824,0.1684362,0.09186651,0.19717635,0.08827552,0.9713749,0.14114863,0.16314068,0.11676947
0.11163143,0.24118298,0.12765624,0.2198124,0.18406096,0.09174012,0.18173799,0.097596034,0.36875963,0.14109513,0.16314258,0.11862554
0.11266975,0.22064026,0.12894556,0.22431211,0.16462399,0.090833664,0.17228654,0.106484175,-0.30100542,0.14105593,0.16315356,0.114981726
0.112587966,0.25868246,0.13520098,0.23102325,0.17802876,0.09427819,0.15602235,0.09209796,0.47807267,0.14111258,0.16310816,0.11561481
0.11163833,0.2522856,0.12054115,0.22145337,0.19279945,0.092911534,0.18963282,0.09970707,0.6193148,0.1410503,0.1630098,0.11651103
0.11196952,0.21440321,0.12222956,0.21829715,0.18102776,0.095449604,0.20523602,0.10984059,0.6158076,0.14099893,0.16293423,0.117258884
0.11170444,0.22354986,0.11851609,0.2242363,0.16547458,0.09200508,0.19776502,0.11229715,0.5453237,0.14094517,0.1629625,0.1182758
0.11159867,0.2266998,0.12417896,0.23043728,0.176515,0.09174012,0.18834485,0.10946134,0.92496634,0.14097014,0.1630239,0.115884356
0.11166679,0.23917316,0.12525429,0.22897011,0.17319217,0.09781335,0.18166782,0.13652253,0.46875536,0.14096648,0.1629989,0.115101345
0.11174927,0.22817901,0.14111862,0.22328886,0.18317236,0.092911534,0.19085653,0.10906203,0.5183076,0.14095756,0.16299224,0.11187738
0.112659566,0.2636879,0.14743753,0.22401401,0.16367519,0.100490406,0.20617007,0.0788779,0.02058363,0.1409916,0.16292392,0.113345884
0.111614026,0.27189434,0.15420032,0.21039033,0.17668602,0.0964467,0.16909538,0.09557866,0.82839966,0.14089738,0.16295663,0.11280264
0.11163342,0.2914984,0.15576199,0.21358505,0.1662909,0.09508005,0.17127362,0.10490107,0.49130845,0.14107195,0.16293412,0.10701495
0.11168897,0.28060165,0.15116785,0.20305686,0.17075847,0.10442349,0.18616189,0.10327294,0.456143,0.14096981,0.16296946,0.1076794
0.111973524,0.27717677,0.14766107,0.21205081,0.1897571,0.09186651,0.18513136,0.10936529,0.56743646,0.14101374,0.16297963,0.10731058
0.11170514,0.26839587,0.13469358,0.19668087,0.18203855,0.08629442,0.19463195,0.1214232,1.0509217,0.14101748,0.16302742,0.10795235
0.1117378,0.2451072,0.12706918,0.20575371,0.16626339,0.085249394,0.18024303,0.113039985,0.7004859,0.14100088,0.16309705,0.11151298
0.11173623,0.24406935,0.1234306,0.2153704,0.16965823,0.08982959,0.1923104,0.0877698,0.8205605,0.14100133,0.16315128,0.117605865
0.11267234,0.24301842,0.12803279,0.21534407,0.17672177,0.09137056,0.17711872,0.10467711,1.1694224,0.14104575,0.16313562,0.11015229
0.11167777,0.2225993,0.124465086,0.21519123,0.18534392,0.09019914,0.17853297,0.095874585,0.16646302,0.14110094,0.1630914,0.107106596
0.11166969,0.2649113,0.13189666,0.20623572,0.18045664,0.09174012,0.17387888,0.09170659,0.54973114,0.14096452,0.16309687,0.10514302
0.112657994,0.22755036,0.1350706,0.20171092,0.16748947,0.09273721,0.16844414,0.1013746,1.0096805,0.14110357,0.16301143,0.10274187
0.11160107,0.23866916,0.1299309,0.20386614,0.18153821,0.09173314,0.16828975,0.10291086,0.5912335,0.14099576,0.162892,0.102042384
0.11167109,0.23881878,0.12946105,0.19854255,0.17681468,0.09137056,0.18519421,0.10314944,0.9479709,0.14094807,0.1630162,0.102720395
0.111680724,0.22910152,0.114497714,0.20077498,0.1727087,0.08883249,0.20756984,0.086661205,0.28922653,0.14098902,0.16311707,0.105686195
0.11169534,0.2423094,0.11739216,0.20064136,0.18011099,0.084627464,0.18999167,0.10314587,0.42988902,0.14109713,0.16344607,0.10592852
0.1118088,0.2271777,0.11082485,0.20262818,0.18089184,0.084801376,0.18548283,0.1013879,0.5671872,0.14130826,0.16335572,0.10966543
0.11172879,0.23099473,0.12310457,0.20533167,0.15509781,0.08189375,0.20832366,0.07638825,0.2911958,0.1412328,0.16337548,0.11043023
0.11165944,0.24855483,0.13372746,0.20802963,0.17317441,0.094717465,0.20141912,0.09564469,0.0707182,0.14123161,0.16337365,0.11451518
0.11160636,0.23577566,0.13758418,0.22651264,0.16547887,0.095449604,0.20944224,0.09877448,0.23968163,0.14126533,0.16337645,0.1143648
0.111589104,0.2337011,0.14844568,0.22840245,0.18174171,0.095414266,0.17724049,0.095207736,0.7812172,0.14120299,0.16335492,0.11432687
0.111671515,0.2831036,0.14756198,0.22160761,0.1698283,0.105232336,0.15635629,0.08614426,-0.17973891,0.14128602,0.16335692,0.116759054
0.11160325,0.26437354,0.15153858,0.2142558,0.1716467,0.092911534,0.12845768,0.097045906,1.0673361,0.14118174,0.16362233,0.11711167
0.10728315,0.2836893,0.14983664,0.21392898,0.18532199,0.092911534,0.13828091,0.10140996,0.43341002,0.14144059,0.16367172,0.11422031
0.10869247,0.2757073,0.1491645,0.21895693,0.18781373,0.09390863,0.13706459,0.09470092,-0.013483629,0.14147246,0.16373523,0.11446701
0.11760172,0.27042335,0.151982,0.22316343,0.16410287,0.092911534,0.14007507,0.08742976,-0.5319146,0.14149642,0.16372934,0.116059415
0.11076178,0.26810262,0.15488164,0.21199894,0.20230335,0.09000391,0.15436925,0.087407835,-0.04522697,0.14151616,0.16370243,0.11218701
0.111763395,0.2935299,0.15724725,0.21699925,0.17405124,0.09190746,0.15080258,0.08612804,-0.056428786,0.14151897,0.16374737,0.11024703
0.112590715,0.29029363,0.15646781,0.21130838,0.18309659,0.090833664,0.14542797,0.08952733,0.80516714,0.14160763,0.1637673,0.11535571
0.11166843,0.28739098,0.1391891,0.22478043,0.19096042,0.085123,0.15953818,0.0857838,0.07135993,0.14149131,0.1637456,0.11497989
0.11171887,0.23986572,0.12141599,0.22306114,0.1619694,0.08629442,0.18315016,0.086173795,0.24912292,0.141539,0.16378957,0.11434455
0.11214469,0.23387076,0.120798275,0.22514862,0.16829506,0.08883249,0.1872612,0.09499213,0.113126345,0.14155199,0.16375591,0.11632863
0.11267235,0.23457292,0.13081428,0.21955761,0.1785875,0.08883249,0.21196495,0.095554434,0.13642387,0.14154589,0.1637618,0.11402274
0.111737,0.23859023,0.14066346,0.21781361,0.19043897,0.084627464,0.18653369,0.0904759,0.21257925,0.14163221,0.1637236,0.11375458
0.11172665,0.26087746,0.14467926,0.21039695,0.16879818,0.08643299,0.17730671,0.110281974,0.062292576,0.14151701,0.16385646,0.11349684
0.11171788,0.28734076,0.14483385,0.20834878,0.1756599,0.099981874,0.1498973,0.07230644,-0.313449,0.14166504,0.16388233,0.11685462
0.111681834,0.27214363,0.14244889,0.23261005,0.17458102,0.08492777,0.14875948,0.091888264,0.6633395,0.141636,0.16377427,0.117258884
0.111619525,0.26779774,0.14223625,0.22179699,0.17248398,0.088699125,0.15834303,0.09515816,0.19643581,0.14162654,0.16382651,0.11504575
0.11266555,0.2469561,0.13908102,0.21661581,0.17245112,0.08973894,0.17446624,0.11441773,0.17273425,0.14161971,0.16382763,0.117811315
0.11176569,0.25482613,0.14555387,0.22053017,0.18848792,0.08973894,0.18986292,0.10219567,0.48654723,0.14161924,0.16387849,0.11967283
0.111777484,0.28797477,0.14630811,0.21826848,0.2000626,0.09327411,0.17276685,0.09621107,0.35314688,0.1416735,0.16388199,0.11295013
0.11171629,0.27485144,0.14867349,0.21775554,0.19169588,0.09200508,0.15907276,0.08568525,0.5551064,0.14161171,0.16383491,0.11074765
0.11164946,0.2869691,0.14771868,0.21448484,0.17934065,0.09174012,0.16024514,0.110916846,0.7273905,0.14164016,0.16385551,0.113737
0.111561395,0.28101763,0.14747061,0.21292898,0.17285112,0.1028895,0.1631224,0.09554755,0.4667039,0.14157352,0.16384806,0.11758399
0.1116428,0.27836254,0.14758404,0.22102413,0.16751687,0.092911534,0.13204312,0.09672563,0.6090872,0.1416623,0.1638252,0.11682265
0.108769916,0.27588212,0.14609984,0.21858023,0.1788481,0.095414266,0.1323422,0.09721268,0.09606314,0.14162163,0.16391017,0.117258884
0.1088386,0.29070193,0.14717755,0.22217023,0.18529505,0.09200508,0.1385183,0.10522954,0.59897375,0.14165919,0.16386454,0.11491922
0.108067214,0.27461743,0.14996529,0.2216913,0.17834507,0.09273721,0.16291218,0.092597306,1.1749569,0.14159343,0.16380115,0.11220107
0.111704424,0.28370997,0.15239982,0.21643816,0.16759819,0.09200508,0.1865661,0.10200577,0.7258281,0.14151534,0.16370824,0.106921226
0.11260715,0.27599454,0.15048884,0.20412081,0.17268364,0.090833664,0.20318012,0.09588499,0.36477587,0.14151387,0.16367975,0.10884988
0.111985154,0.27348262,0.14827083,0.20559776,0.17383882,0.09781335,0.21072309,0.08394939,0.30909035,0.1414627,0.16366254,0.10852177
0.11159811,0.27927426,0.14485474,0.21418281,0.20713727,0.095414266,0.21488695,0.08184836,0.1740696,0.1413879,0.16372856,0.10833544
0.1040437,0.27761906,0.14130291,0.19297971,0.18173184,0.092911534,0.21109319,0.110789284,0.4937708,0.14155762,0.16373843,0.10677835
0.112112954,0.2670078,0.14018057,0.19771619,0.1716196,0.090338126,0.19892983,0.09317352,-0.09643628,0.14156392,0.16366069,0.10543289
0.11160031,0.26722488,0.13190295,0.19328773,0.18744269,0.09174012,0.2239032,0.08595883,0.046000764,0.14148714,0.16366816,0.10831136
0.111656,0.23478279,0.12558976,0.20677774,0.18045785,0.09174012,0.22832912,0.08877119,0.008068368,0.1414858,0.16387394,0.10960828
0.11165974,0.24299812,0.1270113,0.20981054,0.17386784,0.09323316,0.21464853,0.0715191,0.5415396,0.14158097,0.16382658,0.10734762
0.11159851,0.24698508,0.1225678,0.20904501,0.1829597,0.09508005,0.19641897,0.11035705,-0.43199742,0.14160958,0.16392167,0.10705462
0.11173772,0.23746273,0.12255938,0.20105974,0.17307381,0.08783539,0.23091707,0.100353785,0.09581134,0.14167348,0.16400057,0.107685946
0.111667976,0.23487072,0.11323035,0.20995358,0.17802814,0.09377006,0.2258144,0.090001166,0.30338317,0.1416783,0.1639557,0.10806659
0.111661315,0.24011691,0.12716235,0.20953603,0.19426449,0.09137056,0.20805548,0.08833237,0.47716746,0.14171003,0.16396743,0.11224708
0.1113265,0.23815084,0.12943238,0.22402853,0.18140654,0.09174012,0.21379095,0.085679546,0.4177421,0.14166144,0.1638855,0.112071075
0.111648895,0.23990807,0.13484633,0.22152123,0.18962666,0.09390863,0.1904256,0.0972008,0.65160155,0.14162923,0.16381587,0.11052732
0.1116801,0.26782793,0.13873713,0.21765342,0.18829283,0.090373464,0.1886977,0.10414796,0.9800494,0.14158048,0.16383314,0.10958948
0.11164637,0.25595105,0.13754822,0.20520985,0.15617953,0.09174012,0.18352108,0.106175974,-0.35574505,0.14159825,0.1637944,0.11195042
0.111623324,0.26679584,0.13245906,0.21862333,0.18106653,0.09427819,0.16720146,0.09617564,0.24420416,0.1416441,0.16374913,0.114289984
0.111743264,0.25261265,0.12780866,0.2199044,0.17416063,0.09454315,0.18766451,0.10123902,0.7927513,0.14155526,0.16374727,0.11447479
0.11162136,0.23948872,0.12139671,0.22078778,0.17655137,0.09508005,0.20830949,0.09107733,0.596104,0.14154953,0.16376032,0.11417742
0.1116648,0.22299479,0.12076349,0.22541079,0.19427721,0.08529732,0.20971987,0.10463028,0.5861246,0.14152288,0.16375485,0.118976
0.11169589,0.22171023,0.12339814,0.2241527,0.17746285,0.097443804,0.20592663,0.12864815,0.24730706,0.14153332,0.16380551,0.117258884
0.11163054,0.23345713,0.13687807,0.22599548,0.17741145,0.095449604,0.18242487,0.11930177,-0.07662921,0.14157449,0.16384818,0.116682835
0.111685134,0.21607625,0.14470668,0.23040414,0.17927471,0.095449604,0.16406554,0.09578343,0.17289221,0.14163022,0.16384783,0.11015229
0.111669816,0.2345358,0.15008521,0.22020355,0.17072943,0.09254198,0.17559375,0.09518508,-0.22282809,0.1416281,0.16380712,0.112463035
0.11195926,0.26249096,0.1603247,0.22166312,0.19414847,0.09527528,0.16364226,0.09965502,0.026736379,0.14154798,0.16384839,0.11178361
0.111697845,0.29922575,0.15307257,0.21063119,0.19143799,0.09694265,0.13856646,0.102417156,0.5896054,0.14157756,0.16390826,0.114291675
0.10429475,0.27700967,0.14574029,0.22130524,0.18125348,0.09454315,0.13259843,0.12677196,0.44226652,0.1417163,0.1639981,0.12049672
0.108803056,0.27007106,0.14081086,0.22472952,0.18974376,0.090338126,0.14256835,0.106187165,0.51262295,0.14167733,0.16392176,0.11567086
0.11169377,0.25417194,0.13241276,0.22167893,0.16986752,0.08920205,0.14463143,0.10763571,1.570583,0.14170732,0.1640969,0.11741077
0.111698925,0.24199349,0.13299008,0.21789573,0.16850607,0.09581218,0.19499792,0.12888293,0.3689869,0.14159568,0.16388366,0.11631478
0.11164339,0.24385451,0.12464219,0.22184792,0.18083742,0.09254198,0.18854189,0.1174601,0.024412379,0.14162688,0.16381977,0.11682265
0.11527713,0.22701544,0.12708873,0.22363302,0.17730081,0.0841259,0.16381362,0.09326022,0.22012597,0.14154713,0.16385859,0.116042644
0.11174387,0.24330336,0.13087253,0.22048911,0.18419689,0.09087461,0.17234094,0.09169582,0.13651972,0.1416485,0.1639066,0.11472956
0.11166534,0.23763795,0.13847129,0.22299899,0.16683729,0.09174012,0.17115964,0.1169759,-0.026708394,0.14160171,0.16383652,0.11621044
0.11162954,0.24796507,0.15033579,0.22274236,0.17417158,0.08375635,0.124818295,0.08833048,0.29883704,0.141581,0.1637964,0.11218701
0.108216375,0.26738966,0.15427837,0.21376732,0.16714205,0.084801376,0.115958214,0.10448224,0.34787437,0.14158331,0.16378963,0.1128564
0.10881267,0.29543176,0.152426,0.20795868,0.16857243,0.084801376,0.120697714,0.114230216,0.15081409,0.14166598,0.16378227,0.10904654
0.11115223,0.2759534,0.15706669,0.21281098,0.15397702,0.08833654,0.13061902,0.08806292,-0.42869645,0.14167762,0.16372757,0.10737129
0.1122354,0.288249,0.15412146,0.199311,0.19837135,0.09227701,0.1326787,0.10670139,0.44786784,0.14158855,0.16377547,0.10752192
0.11164448,0.2762689,0.15386216,0.19999456,0.18101414,0.09781335,0.1347593,0.10433128,0.6245227,0.14158452,0.16383293,0.11486229
0.11165919,0.2861025,0.15269706,0.21891302,0.18233569,0.09254198,0.15243249,0.1107869,0.7293296,0.14160852,0.16392614,0.11091784
0.11166426,0.2981731,0.14038336,0.217885,0.17423302,0.08916671,0.18732297,0.1052234,0.89269054,0.14171638,0.16395007,0.109093815
0.111709565,0.26093912,0.12763566,0.20246318,0.16953333,0.089703605,0.19456203,0.12136442,0.25043678,0.1417186,0.16402847,0.10769454
0.11166857,0.2504602,0.1224013,0.21089606,0.17368451,0.08973894,0.25993174,0.10960242,-0.18853842,0.14173515,0.16390656,0.11135082
0.11169013,0.2622793,0.12128208,0.21768923,0.17971519,0.08973894,0.20241754,0.09948336,0.55373716,0.14171042,0.16395247,0.11261482
0.11173847,0.22363193,0.11608686,0.20536812,0.17499992,0.09073604,0.19084118,0.107003674,0.26688492,0.14172289,0.16396481,0.10605068
0.112038255,0.22291905,0.11835592,0.2103986,0.17826736,0.09174012,0.21963717,0.10799696,0.1833608,0.14169997,0.16398127,0.107865855
0.11167513,0.27637416,0.124562226,0.21138303,0.19829057,0.09527528,0.18714511,0.11793801,0.21846315,0.14164808,0.16396263,0.1092781
0.11166316,0.22821869,0.12777731,0.20635273,0.16932704,0.09508005,0.16546367,0.08305968,0.15103745,0.14172919,0.16392025,0.11027158
0.11194966,0.26108193,0.13808365,0.20628138,0.1866481,0.0964467,0.20535864,0.10369405,0.7557547,0.1417371,0.16395496,0.11015228
0.11169219,0.24322885,0.13362055,0.21842222,0.1721908,0.09200508,0.18803447,0.10366314,1.0246532,0.14170071,0.16389129,0.110686384
0.11157771,0.25363347,0.13271256,0.21092206,0.18904862,0.09174012,0.1872199,0.10736453,0.7227846,0.14165162,0.1638296,0.10924788
0.1116109,0.25322095,0.12568751,0.20637824,0.17067085,0.08883249,0.17646965,0.11166563,0.42402565,0.14163968,0.16379072,0.11000529
0.11268521,0.21991318,0.11952353,0.20682704,0.18000786,0.09581218,0.18068284,0.09385318,0.27601197,0.14164853,0.16382802,0.114389606
0.11170613,0.22895174,0.11704784,0.22861907,0.18033656,0.09200508,0.15586734,0.09627603,0.12520768,0.14162661,0.1638555,0.1183994
0.11166604,0.23141581,0.12109082,0.21853383,0.19354862,0.09781335,0.14596593,0.112469524,0.23750743,0.14160334,0.16392234,0.12149451
0.111650735,0.24108842,0.13409625,0.23081219,0.16024445,0.09508005,0.14911698,0.08264231,0.30691567,0.14162382,0.16385259,0.1209098
0.111636765,0.2407518,0.1410495,0.22276986,0.19354862,0.092911534,0.15831639,0.09877916,0.6506144,0.1416659,0.16381676,0.11711167
0.111721784,0.267205,0.14285526,0.2191563,0.17547458,0.09508005,0.15530537,0.08472378,0.7808341,0.1415816,0.16375595,0.12037595
0.11168073,0.26734188,0.13566564,0.2208434,0.18009824,0.0964467,0.17673679,0.1004502,0.32003835,0.14155164,0.16377164,0.11598985
0.11172046,0.25333607,0.1313399,0.21850027,0.19734134,0.09427121,0.23991597,0.09709308,-0.39197797,0.14162141,0.16380216,0.111923665
0.11161738,0.25020808,0.13195004,0.21524894,0.18868373,0.09200508,0.23607108,0.08588293,0.3900314,0.1415352,0.16385564,0.113912046
0.111607514,0.22593436,0.1320849,0.22527035,0.16987379,0.09681626,0.2284176,0.09013918,-0.3116759,0.14159624,0.16382362,0.112739354
0.111540094,0.2436317,0.13377844,0.21800771,0.17646001,0.09440458,0.19025904,0.0897167,0.7065015,0.14165062,0.16382733,0.10846339
0.11131761,0.25663933,0.14369088,0.20538493,0.18341845,0.09200508,0.17542285,0.10374522,1.0687852,0.14160894,0.16376217,0.10952276
0.11130925,0.27287954,0.13864392,0.20714028,0.19003767,0.09781335,0.14062451,0.0960126,-0.07781756,0.14150201,0.16380234,0.11202752
0.104298994,0.2612977,0.13773595,0.2127129,0.18207045,0.10659899,0.1433927,0.0823056,0.10038045,0.14154004,0.16382238,0.113073744
0.11162571,0.28626508,0.14620216,0.21738793,0.1736552,0.09934735,0.1577512,0.08362742,0.29168463,0.14163959,0.16384634,0.11222344
0.11161674,0.28868216,0.15581931,0.2165291,0.19444971,0.092911534,0.15998757,0.10713797,0.61588764,0.14162883,0.16380152,0.11276259
0.11166829,0.26024193,0.15254201,0.21627168,0.1761439,0.095449604,0.19032833,0.103332944,0.8127355,0.14161263,0.16375777,0.111255266
0.111687146,0.2724996,0.15125799,0.21330735,0.17088488,0.09454315,0.22325738,0.10208271,0.51316595,0.14159009,0.16371492,0.11116582
0.111631215,0.26418135,0.14527836,0.2184043,0.17325513,0.09440458,0.22586766,0.11949717,0.17221835,0.14146873,0.16371694,0.109527774
0.111622356,0.27083832,0.14593415,0.20551975,0.17032479,0.09200508,0.21036178,0.077745,0.5431626,0.14153363,0.16367912,0.108052246
0.11159833,0.26697975,0.13828711,0.2115988,0.20051819,0.1028895,0.22207095,0.10605981,0.32557893,0.14147,0.1638389,0.107099205
0.111637086,0.26420137,0.13843106,0.20144959,0.17103875,0.092911534,0.22246267,0.1386664,0.5419334,0.14156134,0.16386157,0.10368961
0.111605085,0.25851676,0.12967767,0.19729528,0.18778735,0.09200508,0.20926122,0.08407485,0.6144972,0.14163198,0.16382967,0.10454371
0.111771904,0.24118476,0.12907487,0.19317262,0.16661353,0.09527528,0.2156013,0.12139013,0.630568,0.1416211,0.16380197,0.10513154
0.11158551,0.25201055,0.12602991,0.19083312,0.17276096,0.09898477,0.26441556,0.07940089,0.38633963,0.14157574,0.16371584,0.10513202
0.11143485,0.24837928,0.11843379,0.18806097,0.16481982,0.097987674,0.2302285,0.122700654,-0.22693259,0.14154653,0.16367866,0.106227845
0.11159705,0.23025745,0.10996019,0.20191838,0.18577056,0.09680928,0.22618139,0.08097903,-0.29262745,0.14154561,0.16371885,0.10651451
0.111508936,0.25409225,0.110734336,0.20683546,0.194077,0.09440458,0.27750522,0.11452679,0.26558423,0.14148511,0.16373602,0.10772942
0.095956594,0.24036533,0.1276715,0.21389295,0.19127138,0.092911534,0.2262922,0.09727683,0.3203981,0.1415492,0.16372071,0.10951931
0.112032235,0.2548192,0.15134323,0.21159804,0.16271514,0.09200508,0.2034593,0.08597739,0.88537407,0.1415601,0.16375537,0.110147536
0.11111383,0.25999612,0.13713033,0.20653465,0.17381656,0.09174012,0.18976457,0.08607893,0.52840286,0.14160727,0.16381334,0.106782906
0.111598276,0.2665029,0.13831712,0.20675844,0.17484346,0.09069509,0.21610554,0.12520666,0.96680975,0.1415864,0.16376425,0.10746593
0.111578085,0.24392357,0.14002794,0.2059108,0.17284694,0.09273721,0.21936576,0.101521455,0.19320783,0.14158492,0.16374308,0.108323656
0.11159689,0.25866097,0.13968408,0.21878605,0.17813413,0.09000391,0.22085822,0.11131339,0.8328258,0.14153706,0.1636744,0.108806156
0.111738004,0.25923175,0.14412782,0.21156538,0.16652392,0.08361777,0.16097225,0.09163577,0.37132055,0.14154875,0.16373193,0.10737904
0.11164442,0.26235452,0.15281507,0.21163127,0.16314739,0.087339446,0.16484027,0.097345985,0.47583544,0.14152071,0.16393471,0.10889645
0.111689284,0.2847982,0.15832455,0.20482197,0.16054268,0.08629442,0.16159189,0.101323165,1.376043,0.14168446,0.16395244,0.107742146
0.11170292,0.26948836,0.13279364,0.20399967,0.16790156,0.09236766,0.16090308,0.07518144,-0.22024089,0.14168097,0.16391464,0.10971433
0.11160032,0.25712255,0.12131628,0.2033706,0.15363425,0.09174012,0.18097933,0.074250765,0.26693594,0.14165018,0.16406585,0.10728552
0.11170606,0.24177513,0.11946533,0.20939775,0.17672111,0.093099795,0.16668378,0.12231122,0.27157712,0.14172275,0.163885,0.10616792
0.11169786,0.23936202,0.11642901,0.20707396,0.18374681,0.090338126,0.19355829,0.12259475,0.1151402,0.1416297,0.16381957,0.11097912
0.11166803,0.22856402,0.11537766,0.21192856,0.19367029,0.09019914,0.18242373,0.09593491,0.23798037,0.14160879,0.1637727,0.110878244
0.11270599,0.24000144,0.11731122,0.21686153,0.17467551,0.090561725,0.19071285,0.09717993,0.13970327,0.14163715,0.16377796,0.11022041
0.112375066,0.24244276,0.1363519,0.21419588,0.20088808,0.09390863,0.17140548,0.104358874,-0.013921469,0.14156297,0.16377889,0.11094285
0.1116745,0.2764669,0.1492829,0.2159804,0.17964497,0.09137056,0.14179486,0.096761644,0.3205417,0.14155485,0.16403991,0.113621
0.1106671,0.26545426,0.1590677,0.20969203,0.17211081,0.085485585,0.12385569,0.10631556,-0.01932019,0.14164495,0.16384201,0.110704705
0.10720599,0.28184965,0.15522175,0.2056038,0.17039049,0.085924864,0.13652577,0.095629975,-0.009547919,0.14163548,0.16380708,0.105263755
0.1126929,0.29008338,0.14776048,0.19734743,0.16491854,0.09273024,0.14698406,0.1022475,0.3900708,0.14156775,0.1638106,0.10272431
0.11163574,0.27739123,0.14119895,0.1910778,0.17531113,0.097987674,0.17355397,0.114808016,0.75074434,0.14157878,0.16375925,0.10686472
0.11168819,0.26068175,0.1343534,0.19171527,0.18099286,0.092911534,0.19441466,0.08218747,0.41775918,0.1415694,0.16376263,0.11107519
0.111681975,0.26260117,0.12625934,0.21366842,0.16243331,0.092911534,0.22603759,0.10175287,0.28923032,0.14172123,0.16375382,0.113579765
0.11250013,0.24856378,0.11107672,0.20964958,0.17768025,0.086657,0.24101323,0.08779249,0.11210763,0.1415399,0.16369487,0.11280264
0.112677656,0.23360895,0.118496016,0.21553807,0.17281727,0.087787464,0.19798176,0.10453337,0.17154567,0.1415016,0.16377772,0.11074765
0.111685194,0.25065425,0.12348531,0.2084525,0.18420666,0.08973894,0.18775244,0.102801085,0.38024986,0.14164759,0.16383016,0.1080616
0.1113913,0.24219352,0.13115884,0.20234245,0.17908487,0.08973894,0.17593904,0.11253915,0.3189447,0.14162166,0.16378713,0.10858174
0.11176063,0.2502112,0.1427783,0.21271916,0.19560166,0.09137056,0.20954107,0.07344887,0.62088984,0.14155366,0.16383962,0.10848538
0.11166932,0.26663432,0.14361694,0.20988785,0.19260712,0.09577123,0.19862223,0.09202954,0.62565047,0.14157937,0.16389556,0.10733401
0.111666836,0.2441745,0.14100534,0.21370973,0.1740104,0.095449604,0.20717876,0.098482594,0.09276909,0.14158152,0.16385433,0.10874026
0.111587875,0.25669387,0.12664723,0.21201277,0.20184197,0.092911534,0.22182459,0.1120591,-0.21952614,0.1416043,0.16381331,0.10820286
0.11167283,0.24153951,0.12989214,0.20485404,0.17496552,0.09390863,0.20691642,0.10525465,0.16267627,0.1415969,0.16369487,0.111480795
0.11161564,0.24152935,0.12393072,0.21775302,0.18091914,0.09254198,0.21022849,0.10142482,-0.29521224,0.14151265,0.16369303,0.10920108
0.11166275,0.24258062,0.12955552,0.2059964,0.18480633,0.09527528,0.20662053,0.09740056,0.41171676,0.14149466,0.16396202,0.11000529
0.11166046,0.23844309,0.12785509,0.20816618,0.17693298,0.10659899,0.19409706,0.096059985,0.40978506,0.14164087,0.16384341,0.108283974
0.11165553,0.22558354,0.129477,0.20723672,0.19645688,0.09200508,0.1992555,0.08153128,0.13817167,0.14167719,0.1638714,0.10864336
0.11167204,0.2616969,0.12894335,0.203382,0.20004891,0.09273721,0.1722225,0.08694158,0.027653605,0.14164506,0.16384391,0.10898287
0.1116172,0.25554204,0.13421905,0.20012617,0.17923775,0.09254198,0.14874674,0.09777964,0.27043277,0.14157449,0.1637964,0.10831734
0.111683756,0.24667193,0.12809423,0.20991963,0.18047322,0.10406092,0.16874947,0.10575776,0.18335651,0.14153214,0.16381426,0.1074923
0.11155146,0.2485171,0.12706059,0.20478748,0.17985459,0.09200508,0.21191923,0.09189174,0.62377894,0.14151375,0.16373444,0.105329946
0.111695655,0.24837954,0.12227328,0.20053156,0.18027866,0.09174012,0.20619793,0.0801918,0.6709806,0.14145449,0.16377929,0.10855975
0.111664616,0.24065405,0.11825833,0.2046275,0.20684591,0.09174012,0.20278272,0.10904093,0.52933747,0.14162329,0.16380498,0.11297895
0.111655615,0.22232,0.11627413,0.21443468,0.19176795,0.09174012,0.20650154,0.0914004,0.31315547,0.14153999,0.16374652,0.11373764
0.11167513,0.2341968,0.12595794,0.22100043,0.18514276,0.09527528,0.19758506,0.10555888,0.66557777,0.14154144,0.16374402,0.11672664
0.11166135,0.23716816,0.13670087,0.2212779,0.17895105,0.08746584,0.21735674,0.09688941,0.47254795,0.14158499,0.16375451,0.11862554
0.11273528,0.26559064,0.14048564,0.2212926,0.18024592,0.08629442,0.1871659,0.10134815,-5.4985285e-05,0.14147945,0.16375968,0.11668609
0.11176748,0.23308621,0.1401295,0.21394111,0.17467314,0.08538797,0.17194295,0.116815865,-0.45072842,0.14174384,0.16380419,0.116682835
0.1117545,0.25288987,0.14872305,0.22789064,0.1696246,0.08792604,0.16483133,0.09868387,-0.5026646,0.14159809,0.16381185,0.12005245
0.11168275,0.27604178,0.15250167,0.21176003,0.16754515,0.09227701,0.1315682,0.10316924,-0.08612096,0.14157796,0.16374916,0.11715339
0.10715141,0.29019052,0.15513402,0.22157463,0.17610262,0.093371734,0.13627207,0.10014985,0.7614862,0.14154902,0.16381381,0.11413641
0.10869642,0.28474858,0.15345408,0.22062752,0.18417768,0.095449604,0.15071788,0.096134126,0.20862868,0.14154194,0.16375291,0.116357334
0.11165733,0.2791078,0.15886457,0.2189299,0.18545853,0.09898477,0.1643917,0.09641604,0.6533437,0.14157642,0.1636875,0.11668609
0.11168819,0.29524386,0.15275861,0.22757818,0.1881904,0.09390863,0.18239516,0.113367245,0.9184412,0.14146826,0.16368319,0.117258884
0.11171304,0.28711566,0.16270073,0.222069,0.17862955,0.09200508,0.14267364,0.099361315,-0.05787957,0.14145215,0.16364567,0.11726269
0.11167749,0.29922575,0.13720313,0.22441496,0.17323661,0.095637865,0.18456405,0.10285242,-0.073138446,0.14143774,0.1636088,0.116245344
0.11160499,0.25887728,0.13341042,0.22676083,0.18354195,0.09390863,0.20143802,0.09415111,0.4675992,0.14146794,0.16364232,0.11715339
0.11170623,0.24420452,0.13433772,0.22217382,0.1942326,0.09508005,0.21999663,0.09972302,0.37045857,0.141465,0.16361968,0.1173565
0.11166127,0.25199154,0.13198604,0.22823575,0.1942326,0.08529732,0.21220368,0.07747155,0.25514072,0.14141394,0.1638876,0.11682265
0.111769974,0.23822312,0.13546641,0.22692779,0.17074218,0.085924864,0.21986607,0.10185745,0.3496526,0.14161152,0.16384006,0.11631478
0.11169379,0.22936372,0.13207762,0.22077498,0.16305245,0.09861522,0.18406129,0.08446423,0.18946457,0.14162014,0.16378786,0.11811792
0.111597136,0.24436462,0.13725895,0.23557773,0.1894207,0.10406092,0.13848245,0.08802552,0.4399315,0.14168775,0.16383663,0.116042644
0.10425255,0.26298997,0.13245496,0.22531496,0.17168437,0.08529732,0.14472386,0.07253883,0.52615225,0.14156501,0.16385096,0.1177665
0.11187582,0.25944027,0.12809308,0.20682923,0.15216526,0.08629442,0.1482505,0.10028563,0.47776902,0.14161292,0.1638832,0.1153287
0.11268089,0.2373866,0.12488613,0.22120199,0.15883508,0.08982959,0.1596772,0.102103546,0.9677868,0.14162342,0.16380414,0.114805974
0.111688495,0.23382847,0.12254459,0.22161953,0.16704418,0.08683132,0.17354444,0.1073139,-0.1323075,0.14159925,0.1637721,0.11282794
0.111678205,0.22342631,0.1175681,0.21407321,0.1657274,0.08375635,0.1839509,0.07475742,0.46327525,0.1414963,0.16384415,0.11010746
0.11167438,0.21118358,0.113346614,0.21200798,0.18413958,0.08189375,0.1960964,0.10422527,0.43113524,0.14168747,0.16381991,0.10950836
0.11178053,0.23112383,0.120706536,0.2168423,0.17586733,0.082396664,0.20339163,0.09242717,0.62778795,0.14152716,0.16381265,0.108893245
0.11175516,0.22295918,0.12821436,0.20310777,0.16391313,0.07577955,0.1678127,0.12022555,0.08009449,0.14162245,0.16371141,0.10461587
0.11266479,0.24133837,0.13239516,0.20185424,0.16293229,0.0774293,0.15190952,0.0919836,0.04022087,0.1415355,0.16370301,0.103360854
0.111677326,0.24656065,0.13652812,0.19732542,0.16213486,0.07948904,0.14523265,0.09769921,-0.5068764,0.14156277,0.1635918,0.103260696
0.111680016,0.2590407,0.13577741,0.20039584,0.15266454,0.08202711,0.14543742,0.117958695,0.18970439,0.14145897,0.16362755,0.10359223
0.11167608,0.24243557,0.13721241,0.20348977,0.1547206,0.082396664,0.13227914,0.099162355,0.3300769,0.1414678,0.16360441,0.100825995
0.11162728,0.24959049,0.13461538,0.19488631,0.16352598,0.0884699,0.1393972,0.090200685,0.4352102,0.1415229,0.1636377,0.10243215
0.110830665,0.23035493,0.12931246,0.19573101,0.18471941,0.08883249,0.14860395,0.086647116,0.2974597,0.1414621,0.16358453,0.10487388
0.11173953,0.25840905,0.12903495,0.19617158,0.17877032,0.09327411,0.15820701,0.1208068,0.36577627,0.14142075,0.16357106,0.105554864
0.11178848,0.24252722,0.12675251,0.1966157,0.17071755,0.09427121,0.15754834,0.10523201,0.28817406,0.14138328,0.16353725,0.10667833
0.11259891,0.24445425,0.13434504,0.19773275,0.16388188,0.092911534,0.16969152,0.10603925,-0.15910171,0.14139172,0.16356803,0.10595874
0.11164496,0.25713828,0.12752132,0.1953768,0.16207239,0.09390863,0.1758988,0.10431345,-0.30763975,0.14140873,0.16356577,0.10830596
0.11164874,0.24248715,0.1231906,0.20711868,0.1813186,0.0964467,0.18080443,0.08805096,0.18720044,0.1413726,0.16350038,0.10733401
0.11171296,0.24107367,0.118322626,0.20626293,0.17255042,0.092911534,0.18382356,0.0975087,0.30707973,0.1413193,0.16341078,0.11131039
0.11168327,0.23041949,0.11099085,0.22084866,0.19102007,0.08932843,0.19798478,0.1308924,0.3327156,0.1412688,0.16344322,0.11217733
0.11175834,0.21189262,0.12109928,0.21921669,0.16812423,0.08973894,0.19221193,0.10295911,0.31534064,0.14132723,0.16333772,0.10972021
0.1117318,0.23822989,0.1307222,0.21209599,0.16370896,0.08375634,0.16366138,0.1020541,1.1555176,0.14124535,0.16336125,0.110147536
0.11170506,0.24479659,0.1290916,0.20405908,0.15711139,0.08476604,0.13684766,0.08844324,0.5235962,0.14124198,0.16330744,0.10988014
0.111672565,0.23615643,0.13473631,0.2126164,0.16755216,0.082263306,0.1317151,0.101828106,0.6948408,0.14122684,0.16332872,0.10891404
0.10881022,0.25125745,0.13021757,0.20609283,0.16200383,0.08339376,0.12268298,0.096717484,0.86325556,0.1412721,0.16331582,0.10875357
0.11167879,0.26040378,0.12805551,0.20896234,0.17884065,0.07972523,0.11275049,0.09335162,0.8586868,0.14119989,0.16337156,0.1052814
0.11481541,0.23325899,0.11827278,0.20211531,0.15782802,0.07373742,0.13306323,0.09555859,1.3661692,0.14127424,0.1633714,0.10417816
0.11170136,0.23365352,0.113155946,0.21140896,0.15552656,0.08225071,0.16007361,0.09739984,0.52889967,0.14127219,0.16342397,0.10424482
0.11169584,0.22849393,0.1208237,0.20407812,0.1615116,0.08883248,0.14342201,0.11368438,0.5268104,0.14129446,0.16361555,0.104471646
0.111695565,0.22730212,0.1311432,0.21128026,0.17130199,0.09123199,0.17670488,0.09861447,-0.041071534,0.14148349,0.16372049,0.1035296
0.11167038,0.24183972,0.1361278,0.20094787,0.16968513,0.09424285,0.19111247,0.092487894,0.46138555,0.14154659,0.16385992,0.10551202
0.1116216,0.25456452,0.13714938,0.19794403,0.20279616,0.0964467,0.18192676,0.080752745,-0.15630099,0.14160423,0.163829,0.10650131
0.11170604,0.26662853,0.13941677,0.20369951,0.18305586,0.09137056,0.1585655,0.09983352,0.45942432,0.1416224,0.1638453,0.10772942
0.111634046,0.26208258,0.13934429,0.21730368,0.18561289,0.08629442,0.17729348,0.10090652,0.35966352,0.14166953,0.16392234,0.10965887
0.11177491,0.25821128,0.13740852,0.20411345,0.16480388,0.08538797,0.19594759,0.10024302,0.44456062,0.14169256,0.16395731,0.10873746
0.11170378,0.2620813,0.13505338,0.20649673,0.18726073,0.08629442,0.24767883,0.094612256,0.32129422,0.14174317,0.16389582,0.1094191
0.11146767,0.23456356,0.13219437,0.20723826,0.16085696,0.08629442,0.21139272,0.10762447,0.26430002,0.14160757,0.1638725,0.108425945
0.11167742,0.24756217,0.13129722,0.20318311,0.17176607,0.099981874,0.21395737,0.09850433,0.015838653,0.14156044,0.16380498,0.108712345
0.11033915,0.2430117,0.12964626,0.20657098,0.2056528,0.090373464,0.22773612,0.08693612,0.29700765,0.14162357,0.16379096,0.107831076
0.1116471,0.24332735,0.12142534,0.21058914,0.17765287,0.09174012,0.25412923,0.09284837,0.29509106,0.14158489,0.16380899,0.10786802
0.11160055,0.23739198,0.11686643,0.208438,0.17474733,0.093099795,0.17608269,0.10567045,0.42205876,0.14153872,0.16373089,0.11024826
0.112567656,0.17658067,0.11754011,0.20845011,0.17694207,0.09200508,0.19235767,0.10617546,0.8235049,0.14156066,0.16375592,0.1147473
0.11148623,0.21759515,0.12296737,0.22749552,0.17470407,0.090833664,0.18087515,0.08752351,0.36939555,0.14156137,0.16370761,0.1161382
0.1119879,0.2142159,0.13053356,0.22411542,0.20476934,0.09390863,0.13735566,0.09706845,0.19183837,0.14152208,0.163673,0.117101006
0.10731979,0.2570626,0.14100589,0.22461678,0.17884818,0.09200508,0.12581679,0.09234427,0.0567602,0.1414994,0.16375564,0.1171027
0.11336319,0.2459997,0.14554581,0.21767071,0.18184741,0.09019914,0.10361794,0.090777434,-0.36540726,0.14155808,0.16370434,0.11402274
0.111643724,0.26592296,0.15650223,0.22015163,0.18469566,0.09174012,0.10867171,0.09953103,0.69331616,0.14151533,0.16363578,0.115704
0.11165919,0.29192406,0.15873554,0.215823,0.1774005,0.08829559,0.107207544,0.07656124,0.6976329,0.14145796,0.16357933,0.11516521
0.1117272,0.27315262,0.15414621,0.2250711,0.16928186,0.084662795,0.11719334,0.08237021,-0.19171193,0.14142883,0.16359948,0.12083598
0.11113316,0.29745498,0.15140678,0.22433506,0.16811651,0.08389492,0.13005754,0.08344364,0.80444133,0.14144008,0.16379862,0.11015229
0.11117481,0.2851798,0.14216359,0.20909798,0.15930116,0.08643299,0.12761576,0.09558365,0.91830903,0.14151591,0.16380633,0.11533201
0.1121589,0.2514359,0.13072054,0.21541117,0.17469746,0.08629442,0.13482328,0.09845722,0.8703855,0.14158626,0.16378261,0.11802041
0.111654535,0.26187298,0.13827692,0.22064865,0.19033566,0.08538797,0.14878385,0.10665482,0.1560827,0.14154768,0.16382557,0.113880195
0.111736044,0.26038355,0.13813879,0.21640585,0.1632706,0.08625908,0.15806168,0.08863902,0.5549215,0.14159389,0.16395594,0.11541
0.11171025,0.2653522,0.14007849,0.21741846,0.16973141,0.090325534,0.16188644,0.11036892,1.0280781,0.14167345,0.16394658,0.115446225
0.11161959,0.24520068,0.13595656,0.21221906,0.17804962,0.09273721,0.16766882,0.07314092,0.8297278,0.14169061,0.16393514,0.11404028
0.111678995,0.26645634,0.13781106,0.21716124,0.18333027,0.09390863,0.18153748,0.08961434,0.45688322,0.14164615,0.16390488,0.11624366
0.111912444,0.26513648,0.13376372,0.21921556,0.18583947,0.105232336,0.17929828,0.10767262,0.57998335,0.14168377,0.16394883,0.116042644
0.11270599,0.26484177,0.12688218,0.20958552,0.19071396,0.0964467,0.18854089,0.10193804,0.69737977,0.14168778,0.16397068,0.11530616
0.11166165,0.22542669,0.120525,0.21865506,0.17163007,0.092876196,0.19806242,0.10234214,-0.082065284,0.14163506,0.16398998,0.116674274
0.11160373,0.24134625,0.12217482,0.22750059,0.17811981,0.09200508,0.19517075,0.110573016,0.034797937,0.14162338,0.16390105,0.11402274
0.111671686,0.23628291,0.12434846,0.21807529,0.16517374,0.09174012,0.18784708,0.096271195,0.6844282,0.1416886,0.16393483,0.117515996
0.111619435,0.2382621,0.13488652,0.22679152,0.1741433,0.09427819,0.23292473,0.101532996,0.9048497,0.1416589,0.1638971,0.1209098
0.111578524,0.24788135,0.12760147,0.22003058,0.1737028,0.09898477,0.23278314,0.08764889,0.5835075,0.1416321,0.16391908,0.116042644
0.111620836,0.23296362,0.12415519,0.2228955,0.18228337,0.092911534,0.20204008,0.09138172,0.8981039,0.14166577,0.16391778,0.115741536
0.11128004,0.24316098,0.11940661,0.22865523,0.18353355,0.092911534,0.17093961,0.07974701,0.27961385,0.14165513,0.16394822,0.115136504
0.111310214,0.2149205,0.12318033,0.21847916,0.16323476,0.092911534,0.15042515,0.0889961,0.25922948,0.14169869,0.16396213,0.117435694
0.11159401,0.22741605,0.13019496,0.22075278,0.17003362,0.105232336,0.15741149,0.095082216,0.86031955,0.14162089,0.1638346,0.117258884
0.11160614,0.26110265,0.13438056,0.22304125,0.1784458,0.10406092,0.16179615,0.10471646,1.0382019,0.14161626,0.1637663,0.118753485
0.11204459,0.2529238,0.13615608,0.22088115,0.19020166,0.092911534,0.17135121,0.10664949,0.15277663,0.141539,0.16375712,0.11682265
0.11266999,0.2457043,0.14113468,0.2305861,0.17415749,0.092911534,0.17998447,0.110750504,-0.09534608,0.14158256,0.16374761,0.11668609
0.11164947,0.24803184,0.14920995,0.21975476,0.18285744,0.092911534,0.16385546,0.09443642,0.11339044,0.14155164,0.16376862,0.116880946
0.11155788,0.27429768,0.1495636,0.22338584,0.19194084,0.09390863,0.16069698,0.097445115,0.37825456,0.14151573,0.1637272,0.118073106
0.11165619,0.27958578,0.1514765,0.21406539,0.18191116,0.09000391,0.16959551,0.095549636,-0.47788507,0.14150985,0.16371134,0.11504575
0.11173721,0.30382884,0.15302975,0.21965073,0.19166021,0.08819797,0.15678269,0.09855151,-0.088269934,0.14150622,0.16363324,0.11619255
0.112736054,0.2799306,0.14699285,0.22413968,0.1690723,0.09190746,0.13629565,0.09497507,-0.22756195,0.14145145,0.16359404,0.11507055
0.109082125,0.27717283,0.13257885,0.21884455,0.20225039,0.09781335,0.12852149,0.090963,0.76311326,0.14140312,0.16359942,0.116085365
0.108823545,0.25654766,0.12291131,0.22410691,0.1773103,0.090373464,0.19748038,0.09629413,0.739648,0.14143832,0.16361594,0.11403332
0.111681856,0.22528042,0.10868478,0.22418763,0.18592747,0.09174012,0.21224433,0.10846102,0.22546151,0.14141692,0.16359505,0.114817284
0.11168895,0.22381161,0.11610924,0.22875959,0.1857387,0.09273721,0.22089526,0.1106909,0.40757605,0.14144929,0.16360462,0.11392947
0.11167944,0.21667394,0.119582176,0.22275417,0.16962478,0.09390863,0.2152646,0.095573165,0.13914827,0.14147411,0.16360658,0.11211051
0.11158789,0.2280398,0.13056211,0.21941465,0.19532357,0.087800056,0.21501735,0.085177444,0.6165221,0.14140247,0.16352315,0.110729575
0.10416251,0.22176333,0.13622145,0.21455985,0.1840473,0.08819797,0.25311232,0.10726444,0.038887918,0.14140524,0.16341557,0.11230517
0.11196551,0.26419145,0.15300466,0.21777602,0.18217057,0.08973894,0.21361096,0.100278735,-0.0066684484,0.14129364,0.16346267,0.1125313
0.11533893,0.28957427,0.1652269,0.20811269,0.17887358,0.087165534,0.20035672,0.10552315,0.72249854,0.14137338,0.16334546,0.11307098
0.11153751,0.2631982,0.16374077,0.20981054,0.16061755,0.08982959,0.20954533,0.10784528,0.4718182,0.14122318,0.16342354,0.11092267
0.11169977,0.276017,0.15515403,0.20841622,0.18186535,0.084293246,0.208591,0.10790589,-0.32148588,0.14131244,0.16347295,0.111822344
0.112712756,0.2903711,0.15092278,0.21805558,0.16158347,0.08643299,0.21393447,0.10888948,0.6967727,0.14134932,0.16345452,0.114361115
0.11176174,0.28591752,0.14829943,0.22193998,0.1642584,0.08629442,0.22817479,0.11212918,0.97699386,0.14132373,0.16343926,0.117703155
0.11170125,0.27506888,0.14200522,0.21453495,0.16967225,0.08629442,0.23014238,0.093366325,0.7705733,0.14134419,0.16340162,0.1153287
0.11168421,0.27270883,0.13584924,0.21759076,0.17005031,0.08982959,0.22467981,0.112082005,0.45474547,0.14132003,0.16337973,0.11536042
0.11168071,0.27646524,0.1300931,0.22133899,0.19528775,0.09581218,0.22272922,0.11186319,0.6085563,0.14131017,0.16346258,0.113855906
0.11491417,0.2428513,0.12214548,0.22522765,0.17720021,0.089467004,0.21212214,0.118391044,0.45129192,0.14127369,0.16349503,0.11439477
0.1117374,0.21997441,0.120448954,0.23394136,0.18607807,0.09363669,0.23154855,0.10421398,0.3153416,0.14139563,0.16346206,0.11577297
0.10407248,0.22571439,0.11907661,0.2259257,0.17722535,0.092911534,0.21430503,0.1095106,0.7186107,0.14129457,0.16343401,0.11593498
0.11211409,0.2363822,0.12440697,0.22897011,0.1872366,0.092911534,0.22595929,0.10342629,0.4335527,0.14124236,0.16334273,0.11631927
0.111300714,0.23815888,0.1269284,0.22534648,0.16453546,0.09390863,0.17132357,0.1309132,0.61042494,0.14124954,0.16331497,0.11637333
0.11162425,0.24344465,0.13300195,0.22049563,0.17735812,0.08529732,0.17155296,0.12099765,0.67474407,0.14123899,0.16329229,0.117258884
0.10382577,0.24452056,0.13876429,0.2181876,0.17675072,0.08629442,0.16874187,0.13667682,0.29983735,0.14119765,0.16341974,0.118269295
0.11195101,0.25313252,0.1327924,0.22004569,0.17183894,0.085924864,0.14848086,0.12008666,0.84714234,0.14130987,0.16349958,0.118269295
0.11153814,0.25901186,0.13319366,0.22485387,0.15251057,0.09236766,0.15368779,0.1389388,0.9232818,0.14141685,0.16348834,0.11887934
0.11162593,0.25641054,0.13116255,0.22466882,0.17777893,0.09174012,0.14905508,0.11509297,0.45794886,0.14131877,0.1636438,0.114722505
0.11168224,0.2600107,0.11994867,0.21721292,0.1592611,0.09137056,0.15548398,0.14160773,0.7331832,0.14149031,0.16368574,0.11392947
0.11162955,0.21715009,0.11965089,0.21768741,0.17513001,0.09174012,0.17351575,0.10539022,0.49336928,0.14147112,0.16369087,0.113382794
0.11168912,0.21327013,0.10961722,0.22300956,0.17537707,0.09019914,0.18260598,0.08219376,-0.0885866,0.14150074,0.16366254,0.11139669
0.11170179,0.22845359,0.11869832,0.21481463,0.17186819,0.09137056,0.16218005,0.092862904,0.12048052,0.14147362,0.16372856,0.11217944
0.1119305,0.24754973,0.13364631,0.21509773,0.18161194,0.09174012,0.14354743,0.093278125,0.53562033,0.14156914,0.16379467,0.11412544
0.112650216,0.26438373,0.13887112,0.22769651,0.17639881,0.090833664,0.1535293,0.12567896,0.32216257,0.14163013,0.16378124,0.116486914
