A,B,C,D,E,F,G,H,I,J,K,L
0.097531535,-6.284742,-3.497293,-1.3719047,2.613999,1.512831,7.8250794,0.19992357,0.16269922,0.043137107,0.033899438,-0.818436
0.10079139,-6.3940315,-3.53983,-1.3914994,2.7165282,1.5555583,8.09378,0.13735408,-0.6281364,0.044580676,0.035832994,-0.8266123
0.10436875,-6.446735,-3.5893455,-1.4028882,2.8026674,1.6073487,8.353393,0.09376995,-1.5852467,0.04607577,0.037807897,-0.83145213
0.10793054,-6.5117216,-3.6299322,-1.4124675,2.8964162,1.6451612,8.591212,0.037632212,-2.5239437,0.04755971,0.039804466,-0.83667487
0.11185287,-6.574702,-3.6655848,-1.4177773,2.9640372,1.6977749,8.831086,-0.010643642,-3.1787317,0.04907095,0.0416805,-0.84029317
0.11506542,-6.6288605,-3.6953256,-1.4142736,3.060719,1.7458179,9.029601,-0.047563307,-3.7533329,0.050521906,0.043641984,-0.8430253
0.11764024,-6.6769834,-3.720718,-1.4136561,3.1498237,1.7994981,9.190572,-0.09258632,-4.505605,0.051998183,0.04560584,-0.8381813
0.1211569,-6.7044277,-3.7433994,-1.4169697,3.2291586,1.8431681,9.391155,-0.12030266,-5.1963086,0.053504795,0.04750991,-0.83918875
0.12317614,-6.737291,-3.762798,-1.410264,3.3062143,1.8815817,9.557506,-0.15803593,-6.0239153,0.05493838,0.049426418,-0.83782
0.12543654,-6.771202,-3.776498,-1.4010384,3.3800004,1.9191449,9.703016,-0.20105106,-6.3298063,0.056390543,0.05136824,-0.8328083
0.12783164,-6.7945294,-3.7820957,-1.3990661,3.445772,1.9533985,9.801181,-0.2479226,-7.247081,0.057836287,0.05330885,-0.8233756
0.13071017,-6.7847548,-3.7846224,-1.391433,3.497435,1.9907839,9.946623,-0.26162913,-7.5546637,0.059328165,0.055295713,-0.82415104
0.13205194,-6.780504,-3.780705,-1.386376,3.5657573,2.0291219,10.07569,-0.29037946,-8.0416565,0.0608308,0.057193663,-0.81653017
0.13361245,-6.7863693,-3.7798464,-1.3728607,3.630753,2.059534,10.203458,-0.33459845,-8.363165,0.0621856,0.059072275,-0.80786866
0.13634066,-6.763985,-3.7693694,-1.3509364,3.6980534,2.0832741,10.287943,-0.37190574,-8.5725,0.06366664,0.060971327,-0.8037066
0.13829564,-6.7567263,-3.756039,-1.3312519,3.7273815,2.1111987,10.3942795,-0.38239142,-8.744081,0.06513636,0.06286658,-0.7872256
0.14039235,-6.7278986,-3.7423394,-1.314293,3.783001,2.138431,10.47698,-0.40221557,-9.480668,0.06650781,0.06475922,-0.7771103
0.14201875,-6.6894484,-3.7281067,-1.2925942,3.8302414,2.1556427,10.445471,-0.43289185,-9.8986635,0.0679497,0.066572234,-0.7653091
0.14423509,-6.6589117,-3.70991,-1.2750176,3.857144,2.1783803,10.45259,-0.42732596,-10.298816,0.06930816,0.06853962,-0.75142264
0.1441354,-6.630882,-3.6867027,-1.2522705,3.9005468,2.2026958,10.518227,-0.4526847,-10.6039505,0.07079446,0.0703035,-0.7422427
0.14534925,-6.5746474,-3.663919,-1.2331742,3.9389734,2.222697,10.572112,-0.48215812,-10.742089,0.07208523,0.07210345,-0.7283719
0.14716102,-6.533159,-3.6425061,-1.2057682,3.9806395,2.2428713,10.634528,-0.49713817,-11.089266,0.07349107,0.073903516,-0.7161409
0.14797112,-6.495934,-3.6189353,-1.1844139,4.0174594,2.2564745,10.676045,-0.5128394,-10.978309,0.07477022,0.07566526,-0.6984639
0.14864089,-6.450557,-3.5934837,-1.155927,4.03354,2.2755961,10.704014,-0.51381975,-11.432534,0.076140635,0.07742648,-0.6852655
0.149027,-6.396989,-3.5615885,-1.1305975,4.0710335,2.267901,10.754653,-0.537641,-11.706359,0.0774544,0.079192586,-0.6725217
0.15097682,-6.3497753,-3.533906,-1.1045386,4.0553584,2.285666,10.760562,-0.5449509,-10.974224,0.0787182,0.080889426,-0.65782434
0.15267919,-6.286529,-3.4982271,-1.0792099,4.078096,2.300739,10.78546,-0.54389054,-11.378317,0.08001146,0.08258047,-0.64651245
0.15318337,-6.223778,-3.4682584,-1.0453838,4.1029515,2.3146925,10.756754,-0.55848634,-11.569899,0.0813071,0.08421354,-0.63091296
0.15335919,-6.159299,-3.4343717,-1.0204321,4.139703,2.3106353,10.753498,-0.5696556,-11.72692,0.08253132,0.085815474,-0.6114798
0.15378113,-6.101238,-3.3975499,-0.9945014,4.1334867,2.3213997,10.73853,-0.5819096,-11.68764,0.08370407,0.087416455,-0.59678775
0.15526108,-6.0213614,-3.3610485,-0.97053057,4.1538506,2.3316047,10.726363,-0.6038094,-11.845096,0.084918074,0.088983074,-0.580987
0.1557992,-5.965061,-3.3195815,-0.94162655,4.164844,2.3594394,10.664651,-0.60358167,-11.703067,0.086090386,0.09054339,-0.5674993
0.15630329,-5.8894506,-3.2834985,-0.9135405,4.207804,2.3602877,10.640753,-0.6031405,-12.064311,0.08720892,0.092121795,-0.5498487
0.15678295,-5.8158007,-3.2476497,-0.8853505,4.210953,2.3579743,10.598102,-0.6105498,-12.062473,0.088437654,0.09361445,-0.53236735
0.15288407,-5.757963,-3.2048972,-0.8526428,4.207213,2.361164,10.5520935,-0.6116595,-12.034616,0.08962438,0.09511438,-0.51581514
0.1541652,-5.6768894,-3.167005,-0.8278995,4.2037563,2.3640776,10.513347,-0.5931157,-11.838672,0.09061613,0.09661497,-0.49780115
0.15430382,-5.6086345,-3.1172132,-0.80045134,4.2111917,2.3654447,10.449928,-0.6063926,-12.086668,0.09179002,0.098043755,-0.4841774
0.15536441,-5.5266414,-3.072399,-0.7714162,4.218399,2.3590367,10.386954,-0.6036567,-11.810445,0.09284726,0.09943453,-0.46847638
0.15525328,-5.436877,-3.029803,-0.741012,4.209741,2.34819,10.32619,-0.6060737,-11.899656,0.0938569,0.10084119,-0.4475999
0.155265,-5.3585696,-2.9720159,-0.71137065,4.1876254,2.3375337,10.251089,-0.62648654,-11.512668,0.094896704,0.102226585,-0.43341604
0.15587099,-5.263912,-2.928124,-0.6786403,4.182605,2.3337169,10.183117,-0.6067928,-11.304405,0.095950834,0.10354737,-0.41684008
0.15613765,-5.180887,-2.8894043,-0.64624906,4.1559696,2.3313835,10.129355,-0.62109584,-11.410038,0.09694282,0.10487039,-0.4012099
0.15617815,-5.1097326,-2.8448899,-0.62526476,4.156031,2.3263602,10.053449,-0.6328957,-11.334441,0.09792744,0.10615493,-0.38568258
0.15654643,-5.0301013,-2.8018897,-0.5948971,4.147218,2.3145683,9.974296,-0.6229429,-11.764618,0.098901734,0.107428744,-0.37146676
0.15682334,-4.9481177,-2.7623172,-0.57250375,4.127755,2.310923,9.894216,-0.6089202,-11.617308,0.09983658,0.10863889,-0.3680819
0.15715562,-4.8800116,-2.7218475,-0.548311,4.1135244,2.306679,9.832267,-0.60612875,-11.507005,0.100717016,0.109874584,-0.34499708
0.15628147,-4.804665,-2.6858513,-0.5282171,4.123927,2.2929556,9.75137,-0.5991898,-11.150107,0.101656504,0.111112766,-0.33092642
0.15561126,-4.7422824,-2.6447134,-0.50841314,4.079476,2.2821138,9.666148,-0.5976219,-11.314241,0.10254523,0.112290174,-0.31706822
0.1555805,-4.6639857,-2.6169584,-0.48819885,4.066807,2.2531166,9.598853,-0.58828676,-10.873719,0.103449754,0.1134326,-0.3073149
0.15491699,-4.6247964,-2.5703928,-0.46747681,4.0184355,2.2443225,9.490779,-0.57534117,-11.19446,0.10426721,0.11458157,-0.2946975
0.15418267,-4.534655,-2.5244143,-0.45012853,4.0008025,2.2366395,9.396793,-0.5765685,-11.531637,0.10515197,0.11570893,-0.28513667
0.15427442,-4.460632,-2.4751632,-0.4280198,3.9863038,2.2189503,9.352634,-0.5662843,-10.868309,0.10600074,0.116806835,-0.27475944
0.15357378,-4.366837,-2.4303484,-0.39667606,3.949155,2.2108848,9.224631,-0.57697356,-10.8686905,0.10680034,0.117897555,-0.2585598
0.15351406,-4.284832,-2.3893168,-0.3807093,3.9220805,2.2040684,9.122254,-0.58321524,-10.605473,0.107598476,0.11897865,-0.24442661
0.15366557,-4.214537,-2.345271,-0.36315793,3.9254594,2.1933758,9.036496,-0.5821705,-10.324376,0.10842648,0.11999574,-0.23191658
0.15393943,-4.1297307,-2.2945747,-0.34136638,3.8899598,2.1713789,8.928257,-0.5658478,-10.258859,0.10912584,0.12102577,-0.22036582
0.15390423,-4.0518513,-2.2548177,-0.32200363,3.86982,2.1588411,8.824783,-0.5391463,-9.928347,0.1099147,0.12203157,-0.20444955
0.1532501,-3.97939,-2.2154334,-0.3014915,3.8431125,2.1364584,8.624712,-0.5431437,-9.66623,0.11071752,0.12301837,-0.19896874
0.15234746,-3.8967953,-2.1706395,-0.28123355,3.7997496,2.1261704,8.539212,-0.5397805,-9.904187,0.11139806,0.12398014,-0.18407135
0.1517671,-3.8192313,-2.1204474,-0.2637267,3.7816794,2.1119812,8.4341,-0.5209532,-10.210695,0.11210204,0.12488622,-0.17236963
0.13881055,-3.7238355,-2.0774739,-0.24187179,3.7444673,2.0960028,8.305086,-0.5322218,-9.702391,0.11276879,0.1257994,-0.16104084
0.14469622,-3.645594,-2.0308595,-0.2183162,3.7602143,2.078635,8.194898,-0.5302907,-9.804154,0.113468826,0.12662748,-0.1464161
0.14740653,-3.5639226,-1.9912322,-0.1938487,3.700408,2.0525796,8.115555,-0.51500654,-9.39371,0.11410585,0.12743925,-0.1365064
0.14567143,-3.4963522,-1.9493899,-0.16943835,3.6850543,2.0369775,8.023052,-0.5159459,-9.570333,0.114651024,0.12828752,-0.12244897
0.14750533,-3.4296699,-1.9070694,-0.14615563,3.6060019,2.0214925,7.937193,-0.507686,-9.049101,0.11529054,0.12910916,-0.11256492
0.14906126,-3.3531673,-1.8678101,-0.11999743,3.5911186,2.0028841,7.854188,-0.4870869,-8.696069,0.1159123,0.12995322,-0.10058359
0.14868955,-3.2950382,-1.8241438,-0.102158286,3.5465293,1.9882805,7.777333,-0.4769683,-8.570852,0.11655026,0.13068378,-0.08698539
0.14841768,-3.2205963,-1.7852944,-0.08535314,3.5374012,1.9733425,7.6804605,-0.47523084,-8.718342,0.117086016,0.1314636,-0.07869785
0.14777417,-3.1402385,-1.7407582,-0.06736179,3.545621,1.9578581,7.5797796,-0.45722958,-8.281247,0.117658556,0.13216107,-0.06866461
0.14749855,-3.066398,-1.7086859,-0.04018967,3.4709997,1.9381253,7.512176,-0.44792947,-8.341421,0.118174024,0.1328623,-0.05389543
0.14315324,-3.0021245,-1.6726228,-0.026692133,3.4529896,1.9207312,7.4052114,-0.44984227,-8.1926565,0.11868782,0.13358267,-0.043332484
0.14459263,-2.9344444,-1.6378601,-0.016108992,3.4307544,1.9054446,7.2675486,-0.4397242,-7.7754745,0.11920477,0.13446519,-0.03419904
0.1446904,-2.8590646,-1.6052344,-0.0021233368,3.3867338,1.8907927,7.1771255,-0.4441367,-8.2162895,0.1198683,0.13527872,-0.028702695
0.14539419,-2.8008537,-1.5685041,0.00684262,3.3459268,1.8707502,7.0632205,-0.44406804,-7.8702936,0.12049928,0.13594687,-0.01882125
0.14569306,-2.7554379,-1.5319302,0.015210656,3.3245573,1.8607217,6.9663076,-0.41584802,-7.55736,0.12106112,0.13662966,-0.014236273
0.14494881,-2.6734986,-1.4980817,0.030539842,3.306085,1.8352094,6.8744802,-0.42914668,-7.6543713,0.12147248,0.13722326,-0.00957227
0.14456965,-2.6308377,-1.4667399,0.041182015,3.2603805,1.8106204,6.7706327,-0.42274773,-7.151554,0.12192506,0.13784416,0.0029992834
0.14499964,-2.565669,-1.4383234,0.05687448,3.221435,1.7997081,6.6703997,-0.3859477,-6.9467597,0.12239157,0.13847454,0.006004859
0.143775,-2.5227926,-1.4089842,0.06817951,3.1831787,1.7753563,6.5697026,-0.38762724,-6.5639086,0.122821964,0.13908248,0.015099821
0.14309645,-2.4667196,-1.381378,0.08114999,3.155182,1.7551639,6.5557156,-0.37107393,-6.994431,0.123287484,0.13967593,0.016668042
0.14187527,-2.4224846,-1.3530875,0.09540267,3.1190567,1.7347594,6.470216,-0.37225008,-6.682659,0.12372545,0.14021152,0.026622908
0.14125834,-2.3596976,-1.3209745,0.1063795,3.0805526,1.7214239,6.3698254,-0.3644488,-6.634308,0.12413434,0.14077924,0.0323877
0.14129658,-2.3136237,-1.28911,0.11943693,3.0574481,1.7027042,6.2726684,-0.36099866,-6.4583287,0.1245582,0.14130783,0.041372593
0.1409919,-2.2492316,-1.2599187,0.12864275,3.026496,1.685545,6.181049,-0.36433592,-6.490431,0.12490821,0.14183247,0.049834777
0.1409274,-2.2097678,-1.2329959,0.13915773,2.9901028,1.6681808,6.0767746,-0.36344084,-6.2345123,0.12532377,0.1423059,0.054094654
0.14086671,-2.157014,-1.2028536,0.14484803,2.97098,1.6507217,5.997419,-0.33867902,-5.9381995,0.12568788,0.14278898,0.059326127
0.14077796,-2.1037543,-1.176757,0.15229203,2.9330184,1.630205,5.9093547,-0.34706506,-5.854104,0.1260353,0.14328896,0.06376187
0.13993302,-2.0624301,-1.148606,0.16183713,2.9093847,1.6121107,5.8152165,-0.3221035,-5.97859,0.12639953,0.14379595,0.06799465
0.13874888,-2.0157883,-1.1217799,0.17177635,2.8788123,1.5941708,5.691154,-0.33243048,-5.866053,0.12678464,0.14427362,0.07503174
0.13842058,-1.9570861,-1.0932174,0.1789801,2.8298,1.5811299,5.6102104,-0.2990848,-5.8423376,0.1271379,0.14471763,0.079814516
0.1378623,-1.9121023,-1.0645635,0.18893723,2.8116424,1.5688652,5.5216994,-0.30785912,-5.767119,0.12744872,0.1451197,0.08306333
0.13782226,-1.8595076,-1.0404932,0.19603927,2.785678,1.5538738,5.418898,-0.30875593,-5.6375804,0.12774417,0.14553815,0.088868804
0.13805096,-1.8205975,-1.0066335,0.20576194,2.7577732,1.5328559,5.337867,-0.29830885,-5.3271656,0.12805504,0.145953,0.0917316
0.13704576,-1.7480133,-0.97663337,0.21233489,2.7187467,1.5119153,5.2468405,-0.29882422,-5.306649,0.12838364,0.14633381,0.09874602
0.13719577,-1.6910493,-0.94681877,0.22033657,2.6820347,1.4904796,5.1602263,-0.29386228,-4.930043,0.12865886,0.14675295,0.10750784
0.13645889,-1.6481006,-0.92395693,0.22831526,2.655316,1.4667503,5.0901465,-0.29073393,-4.7548056,0.12896186,0.14710681,0.10764435
0.13597387,-1.6062449,-0.9037551,0.24126987,2.6177292,1.4360982,5.021682,-0.28222868,-4.464049,0.12921266,0.14739326,0.11308974
0.13598722,-1.5718297,-0.8815772,0.24958298,2.5474765,1.4107932,4.9348383,-0.25838968,-4.7810535,0.12943457,0.14776525,0.11927521
0.13477196,-1.5348071,-0.85451007,0.25484434,2.5035665,1.3950369,4.8530746,-0.2572946,-4.453203,0.1296748,0.14808933,0.12154
0.13461347,-1.4951142,-0.8366386,0.2558634,2.4840062,1.3785228,4.771357,-0.24443324,-4.267634,0.12996301,0.14857678,0.12259477
0.13444932,-1.4568886,-0.81530154,0.27012596,2.4514549,1.3534013,4.6893654,-0.23436184,-4.0192924,0.13032994,0.1489094,0.13077709
0.13376758,-1.4252259,-0.79420847,0.27176547,2.4034886,1.3364114,4.602387,-0.22901437,-4.3202963,0.13056983,0.1492366,0.13304189
0.13354504,-1.3775015,-0.77291954,0.27119118,2.3725302,1.3213618,4.5366955,-0.2313889,-3.9809391,0.1308049,0.14957471,0.13711293
0.13267583,-1.3514402,-0.7569259,0.27819726,2.3345094,1.2967675,4.4973054,-0.21141328,-3.9075823,0.13103166,0.14989632,0.13605769
0.13184895,-1.3292136,-0.73657155,0.2837704,2.2998383,1.2780132,4.423627,-0.20508906,-3.6546366,0.13124777,0.15017791,0.13664044
0.13137114,-1.281786,-0.7185315,0.282782,2.2717354,1.2695737,4.2528067,-0.21735199,-3.9097092,0.13150673,0.1504488,0.1376
0.13170025,-1.24624,-0.70493436,0.2830246,2.2541208,1.2535995,4.2046046,-0.21491124,-4.07061,0.13170137,0.15069552,0.14022718
0.13180411,-1.228479,-0.6817676,0.2901724,2.2415078,1.2301397,4.1536126,-0.19702764,-3.9617426,0.13184245,0.15094876,0.14321947
0.1315578,-1.1823809,-0.6640888,0.2953805,2.1885624,1.2160213,4.0949187,-0.19509795,-3.506416,0.13206895,0.1512285,0.1444597
0.13107143,-1.1523973,-0.6477528,0.29803783,2.1671534,1.2032083,4.0211954,-0.17079963,-3.5306726,0.1322469,0.15149574,0.14778551
0.13017264,-1.121721,-0.63084847,0.304989,2.1502678,1.2009084,4.037025,-0.16519165,-3.437219,0.13247482,0.15171115,0.1505712
0.12960295,-1.0931865,-0.60749155,0.30646503,2.1411788,1.1751142,3.9721434,-0.15510105,-2.89354,0.13265233,0.15195286,0.1536867
0.12907717,-1.056829,-0.591961,0.31117857,2.0960827,1.1575581,3.9031937,-0.17015436,-2.7995026,0.13277073,0.15220544,0.15849718
0.12886608,-1.0270691,-0.57743216,0.30897442,2.0620093,1.1435878,3.8198519,-0.1506569,-2.8544996,0.133008,0.15233696,0.15979715
0.12803149,-0.991413,-0.5657762,0.31273064,2.0362864,1.1320885,3.750812,-0.15081309,-2.6970732,0.13307907,0.1525548,0.15685497
0.12781456,-0.98045844,-0.5585091,0.3156479,2.021716,1.1369472,3.664086,-0.13312933,-3.367095,0.1332681,0.15275759,0.15695593
0.12799953,-0.9633966,-0.5389182,0.3163286,2.0201454,1.1226549,3.6057413,-0.13403326,-2.8487132,0.1333592,0.15300606,0.1580612
0.12722994,-0.9157885,-0.5228683,0.3213096,1.9946095,1.1003886,3.5525823,-0.13373056,-2.9608936,0.1335409,0.15320878,0.16318233
0.12643765,-0.89401907,-0.5075569,0.32130575,1.9533043,1.084626,3.4777477,-0.13918033,-3.059754,0.13370334,0.15342079,0.16462353
0.12677164,-0.87062436,-0.4954913,0.3265723,1.9328169,1.0711468,3.4220092,-0.1300502,-3.0298018,0.13388352,0.15364513,0.16389146
0.12608503,-0.84664905,-0.48010406,0.32972828,1.9042947,1.0562061,3.3556361,-0.13358074,-2.686717,0.13404465,0.15377513,0.16403085
0.12582245,-0.83324784,-0.4592925,0.32420546,1.8764354,1.0412226,3.274214,-0.1131292,-3.1766648,0.13413885,0.15399097,0.16689807
0.12590177,-0.7989572,-0.43531027,0.3255266,1.8448707,1.029741,3.2312975,-0.11092792,-2.949314,0.13428098,0.15415004,0.16586939
0.1256557,-0.7469821,-0.4186323,0.32791385,1.8330973,1.0017034,3.195675,-0.106726006,-2.633905,0.13438854,0.15438588,0.16989894
0.12480443,-0.7312467,-0.40644968,0.3334777,1.7660878,0.98859996,3.1002069,-0.1101086,-2.3991213,0.13459097,0.15450905,0.1745363
0.12489709,-0.7063694,-0.39571503,0.33497915,1.765271,0.9760295,3.0483418,-0.088824816,-1.7619416,0.13468026,0.15471457,0.17067158
0.12387379,-0.67985487,-0.38724044,0.3344622,1.7348996,0.9604775,2.9647977,-0.0825897,-2.0998752,0.13480316,0.15488148,0.17410569
0.12396495,-0.6698789,-0.37496606,0.33634743,1.6912711,0.9429394,2.9511418,-0.075005345,-2.3136163,0.13495348,0.15503876,0.17258851
0.12334333,-0.6425076,-0.36420813,0.34238732,1.6824799,0.9288812,2.8946497,-0.067023635,-2.314039,0.13506967,0.15516433,0.17342135
0.122926354,-0.62418807,-0.35168374,0.3424153,1.6480349,0.91804945,2.8500004,-0.06702912,-2.2670355,0.13516292,0.15529136,0.17690551
0.12270406,-0.6026515,-0.33614647,0.34255895,1.6403584,0.8946412,2.8039737,-0.07493764,-1.970342,0.13524577,0.15543179,0.17406489
0.12229585,-0.57255137,-0.32710484,0.3412307,1.5968254,0.8844685,2.7421954,-0.06366059,-1.9624281,0.13534164,0.1555246,0.17521368
0.12256701,-0.5652872,-0.3208164,0.34632564,1.579945,0.87193406,2.6948729,-0.058644805,-1.9985349,0.13540964,0.15561268,0.17339838
0.121744044,-0.56925434,-0.31254345,0.34270054,1.5541764,0.85765886,2.6656792,-0.0551665,-1.9833972,0.13549045,0.15576886,0.17562032
0.12142652,-0.53955615,-0.30272168,0.34195435,1.5290085,0.8494297,2.648979,-0.05699816,-1.5159297,0.13571471,0.15590754,0.17959791
0.12153466,-0.52275634,-0.2920949,0.33591834,1.51376,0.8358543,2.6094065,-0.035783,-1.7737737,0.13570718,0.15606049,0.17428085
0.121192746,-0.5006014,-0.28437352,0.34437194,1.4853953,0.8242284,2.5802958,-0.03669309,-1.3792249,0.13582052,0.15617464,0.17540649
0.12081338,-0.48483104,-0.2777462,0.3378605,1.4706204,0.81834126,2.5251243,-0.028730694,-1.4898971,0.13589641,0.15631263,0.17526633
0.12037706,-0.466575,-0.26178804,0.3394921,1.4527336,0.8064297,2.4798353,-0.028677268,-0.9699193,0.13597521,0.15642583,0.1712043
0.119919,-0.43754232,-0.25878197,0.33549854,1.435207,0.79159945,2.4319518,-0.030711586,-1.0741369,0.13610342,0.15647632,0.17816994
0.12010726,-0.44804496,-0.24791749,0.33611688,1.417302,0.7789511,2.3864472,-0.042699333,-1.2157705,0.13611358,0.1565898,0.17170587
0.120932736,-0.42894822,-0.23467569,0.33538404,1.3828995,0.77001774,2.3379111,-0.03548437,-0.97088236,0.13622616,0.15669972,0.17253475
0.121011995,-0.3998052,-0.22471648,0.33675602,1.3732704,0.7528716,2.3435266,-0.011307722,-0.87141675,0.13628264,0.15684238,0.17266195
0.120120265,-0.38849092,-0.23121198,0.34077236,1.344471,0.74188745,2.294854,-0.02784833,-1.1566648,0.13639931,0.15694343,0.17440255
0.12013051,-0.4009961,-0.22821505,0.33673185,1.3303908,0.7350523,2.2562273,-0.03542031,-1.6539696,0.13647279,0.15703826,0.17383629
0.12073129,-0.39728206,-0.2201569,0.3411684,1.3120873,0.7294312,2.2426443,-0.034703653,-1.594588,0.13656807,0.15715252,0.17153971
0.12058331,-0.37534434,-0.21017171,0.3396699,1.3039452,0.7256793,2.2068615,-0.027882852,-1.1115757,0.13662536,0.15721488,0.1724042
0.12030397,-0.3641345,-0.20853883,0.33433244,1.2898239,0.71883476,2.1922026,-0.02678069,-0.9835117,0.13668536,0.1573288,0.17591077
0.1162721,-0.37359694,-0.20220153,0.3309567,1.2955118,0.711228,2.1299937,-0.021193301,-1.2417513,0.13672814,0.1574571,0.17088151
0.11765836,-0.34658188,-0.20256989,0.3302128,1.2649406,0.698694,2.081299,-0.0073182527,-1.269086,0.13685969,0.15752877,0.17350894
0.117617406,-0.34305388,-0.19748966,0.32706112,1.2612113,0.69207996,2.0365143,0.0021425616,-1.1509207,0.13685803,0.1576256,0.1702764
0.11783958,-0.33493716,-0.18632187,0.32357508,1.2290505,0.68962383,2.0104287,-0.0030548328,-1.1503642,0.13708512,0.15771227,0.16796823
0.117588826,-0.29664212,-0.1826372,0.3221268,1.2055044,0.69175684,1.975222,-0.016911741,-0.9357158,0.13706367,0.15779339,0.16660264
0.11786217,-0.29201135,-0.17322992,0.3215595,1.2540175,0.6779488,1.9370068,-0.012175447,-0.86975306,0.13711934,0.15789063,0.17068939
0.118092544,-0.27552652,-0.15560827,0.3241358,1.2077568,0.66624224,1.8953288,-0.008406645,-1.0184926,0.13718425,0.15795204,0.17424794
0.117881015,-0.25590813,-0.14863689,0.32433364,1.1893091,0.64400834,1.8614192,0.0002357508,-1.0506785,0.13722074,0.15802374,0.17013647
0.11751425,-0.24817196,-0.14225884,0.33035526,1.1541456,0.6303399,1.8312738,0.0023860794,-1.2280614,0.1372675,0.15809521,0.16897884
0.117851965,-0.21022424,-0.1380536,0.33181342,1.1251217,0.61340076,1.8053877,-0.003948454,-0.9953589,0.13732708,0.15815164,0.1686139
0.11762168,-0.23325771,-0.13290094,0.3263771,1.0914376,0.60308725,1.782508,0.010081008,-0.77097005,0.13734683,0.15815768,0.1735413
0.11783234,-0.22100416,-0.12646666,0.32542312,1.0774783,0.58739686,1.760881,0.009140535,-0.5879262,0.13737097,0.15823455,0.16592948
0.117674075,-0.20624983,-0.1171459,0.32236883,1.053598,0.5807092,1.7334708,0.024828717,-0.5543399,0.13741134,0.15830603,0.16493112
0.117427,-0.19977033,-0.10837393,0.31866944,1.0409505,0.5760094,1.6969941,0.033932924,-0.637747,0.13746668,0.15833238,0.16496813
0.11672943,-0.17229202,-0.10909086,0.31165704,1.0274969,0.5675344,1.6736076,0.042401336,-0.5476885,0.13747345,0.15841557,0.16370922
0.11625763,-0.18254642,-0.105876155,0.31227937,1.0205,0.55862164,1.6279155,0.027042734,-0.26570648,0.13755411,0.15847647,0.16054608
0.11586062,-0.18174754,-0.10151756,0.3119495,1.0007212,0.5507057,1.5739709,0.0046578124,-0.22753707,0.13752373,0.15854128,0.16418122
0.116903044,-0.16993658,-0.101083964,0.30878982,0.9809919,0.5451825,1.5535227,0.019926216,-0.36799222,0.13761328,0.15864459,0.16137193
0.11701057,-0.15982509,-0.08916681,0.30790097,0.98524153,0.5374024,1.5230329,0.0038212053,-0.25389403,0.13773541,0.15873249,0.16057576
0.116944544,-0.14581329,-0.08566994,0.3101265,0.950957,0.52900493,1.502365,0.036374427,-0.37904498,0.13776873,0.15881635,0.1590048
0.117295146,-0.13441771,-0.082982875,0.30711898,0.95326716,0.521125,1.486827,0.019313771,-0.35392347,0.1378622,0.15887766,0.159377
0.10977266,-0.13017906,-0.08093679,0.30648583,0.943409,0.5128123,1.4747998,0.013262991,0.16707444,0.13785972,0.15894292,0.16027789
0.11280588,-0.12513381,-0.072679214,0.30459654,0.9085008,0.5113374,1.4532423,0.012050446,-0.42193246,0.13797258,0.15901275,0.15766278
0.11445966,-0.13611677,-0.0701861,0.30033073,0.9152753,0.5002158,1.4196397,0.010138138,-0.82662493,0.13800927,0.15910357,0.15893905
0.115621805,-0.114855185,-0.067782395,0.3009736,0.9012166,0.48825,1.3685536,0.029177852,-0.06525752,0.13809587,0.15928362,0.15522355
0.11545869,-0.10304625,-0.06635862,0.29796118,0.87934303,0.47885177,1.3747712,0.023267593,-0.018238962,0.1382245,0.15930924,0.15506512
0.11554531,-0.098909825,-0.06878191,0.29900846,0.859346,0.4725088,1.3532449,0.03334445,-0.5644082,0.13821933,0.15938352,0.14132816
0.11529546,-0.09709853,-0.067260444,0.29195625,0.848278,0.4634368,1.3239491,0.04743136,-0.42022005,0.13828966,0.15943545,0.15265332
0.1147483,-0.10376486,-0.074609004,0.29509753,0.8285337,0.4656711,1.2969339,0.030301895,-0.38771632,0.13819769,0.15950423,0.15070815
0.114959665,-0.11610456,-0.07061338,0.28933564,0.84979934,0.46800303,1.2827133,0.036593728,-0.27626282,0.13837111,0.15957403,0.14954859
0.11540955,-0.109879225,-0.06465747,0.29537764,0.8333963,0.4591476,1.2835643,0.023279604,-0.3371897,0.13840681,0.15965739,0.14912234
0.11551875,-0.090801306,-0.06276568,0.2921214,0.8196251,0.45349714,1.2975957,0.011218056,-0.21810341,0.13845308,0.15971498,0.15178934
0.116751626,-0.08690758,-0.055150617,0.28696114,0.7976369,0.45128435,1.2724235,0.031603277,-0.34684697,0.13854735,0.15960568,0.15003262
0.116363004,-0.08804947,-0.055561733,0.28802812,0.8100702,0.44450635,1.2551845,0.04121089,-0.8346048,0.13845587,0.15966061,0.14676051
0.11550057,-0.079629734,-0.05026259,0.28772613,0.79895145,0.43653598,1.2345203,0.04838477,-0.774596,0.13849846,0.15984179,0.14899181
0.11520255,-0.06367293,-0.044860158,0.2838624,0.7848065,0.42602128,1.2216699,0.050719358,-0.68854886,0.1386118,0.15989354,0.14674792
0.11557153,-0.057847157,-0.040758472,0.2788629,0.7767689,0.42028144,1.1879251,0.06535629,-0.6645177,0.13866195,0.15994015,0.14653142
0.115189195,-0.05573617,-0.03757753,0.27935317,0.75660604,0.41451624,1.1728265,0.056895506,-0.6425534,0.13870391,0.1599356,0.14681865
0.11568122,-0.043392062,-0.0348203,0.2813834,0.74099135,0.40967008,1.1682042,0.038983375,-0.4550777,0.13868488,0.159978,0.14582345
0.11602256,-0.04332498,-0.033673678,0.28113088,0.7367273,0.4047528,1.1156454,0.02971654,-0.5625864,0.13874802,0.1600243,0.14490592
0.11565665,-0.038600154,-0.033005502,0.27698296,0.74262,0.40021032,1.0891356,0.032755062,-0.4804129,0.13877682,0.16007334,0.14401336
0.11619244,-0.043639004,-0.031740896,0.27612048,0.7206685,0.38690823,1.0475091,0.044056855,0.06658229,0.1388053,0.16011655,0.14419377
0.11199746,-0.035432454,-0.033235893,0.27516225,0.6958668,0.373289,1.0341156,0.029709425,-0.4794246,0.13879302,0.16015759,0.14026056
0.1146281,-0.04578209,-0.033485122,0.2701296,0.68051267,0.37123597,1.0032783,0.04535782,0.020766914,0.13879034,0.1602321,0.13811141
0.1144532,-0.042081118,-0.02658749,0.2675218,0.6646204,0.37568858,1.0092028,0.06945649,-0.21396574,0.1389102,0.1602814,0.1362206
0.11387557,-0.021432102,-0.025532579,0.26241073,0.6769728,0.37309912,1.0124841,0.062493604,-0.31673926,0.13897845,0.16045716,0.13541862
0.1139957,-0.020339802,-0.032195684,0.26385763,0.67523724,0.37036905,1.0078869,0.061494555,-0.34200796,0.13907479,0.16050348,0.13566194
0.11423828,-0.036384627,-0.019346064,0.25742644,0.6617945,0.37139904,0.9990015,0.046936296,-0.36991295,0.13912469,0.16045055,0.13494624
0.11419886,-0.026156962,-0.02017021,0.25806227,0.65340966,0.36738825,0.9945089,0.04057363,-0.59173024,0.13909698,0.16052593,0.13278449
0.11436477,-0.021276947,-0.016100649,0.2596634,0.661877,0.36393023,0.9575179,0.059089597,-0.64410967,0.13908447,0.16059917,0.13383502
0.114431255,-0.0002340395,-0.0033551678,0.26395276,0.6584818,0.35989314,0.96509916,0.05727666,-0.88037574,0.13921632,0.16061813,0.13444148
0.114221714,0.013620646,0.0020859456,0.26359245,0.64780885,0.35375932,0.9685852,0.04728463,-0.40327665,0.13918518,0.16068256,0.13781646
0.11455263,0.04474338,0.0009025594,0.26930425,0.6430879,0.35308078,0.95606166,0.07146409,-0.37133563,0.13922831,0.16073363,0.13972668
0.114018776,0.023916379,0.010892067,0.2656752,0.63504684,0.34763446,0.9323221,0.07868847,-0.058253437,0.13928661,0.16073698,0.14068714
0.113148876,0.04090351,0.014182652,0.26952517,0.61579883,0.34994447,0.9143472,0.073962525,-0.27769005,0.1392898,0.16076507,0.13725151
0.11282365,0.041831102,0.013378793,0.27034023,0.6296317,0.34383938,0.91680866,0.07196468,-0.46903738,0.13931735,0.16078074,0.14296903
0.11270885,0.047384992,0.0126581155,0.2665566,0.6242653,0.33122966,0.8934966,0.072227,-0.42000586,0.13930075,0.16080049,0.14724222
0.11323645,0.05369483,0.011288664,0.2658512,0.5976341,0.335652,0.8722506,0.07815363,-0.42860025,0.13932806,0.1608196,0.13917632
0.11319465,0.036442935,0.017632049,0.26293257,0.5895747,0.32564503,0.85474795,0.08421521,-0.527567,0.13935283,0.16079228,0.1391605
0.1133671,0.053280935,0.019821526,0.2629415,0.59250313,0.32172698,0.83185613,0.08819131,-0.44912493,0.13933623,0.16082494,0.14039864
0.11252203,0.052257866,0.020271461,0.2618714,0.5852239,0.32528144,0.81371677,0.054500896,-0.18265069,0.13935198,0.1608242,0.13773865
0.11328474,0.049649905,0.029744906,0.2614345,0.5769051,0.30982208,0.8465766,0.06264047,-0.08685175,0.13936162,0.16085923,0.13617313
0.11345248,0.06909684,0.030386636,0.26242676,0.5619914,0.29328895,0.82942873,0.05982584,0.3160693,0.13935362,0.1609388,0.13640684
0.11340096,0.06827828,0.028359223,0.2640973,0.506573,0.28085694,0.80561334,0.06096172,0.29509798,0.13944319,0.1609264,0.13546559
0.1133401,0.06222933,0.026719723,0.26045325,0.5211497,0.27780554,0.7955598,0.070185274,0.34313047,0.13945003,0.16095588,0.1340058
0.1136332,0.07512838,0.02554727,0.26086563,0.5024599,0.27770573,0.79839176,0.05521672,0.37349445,0.13946764,0.16089383,0.13208915
0.11363278,0.054003548,0.025015345,0.25582662,0.51146203,0.27496648,0.8062116,0.059334807,0.05019641,0.13942671,0.16090311,0.13007165
0.11351157,0.052001636,0.027536971,0.25471753,0.50154155,0.27408126,0.81297135,0.06709428,0.28307378,0.13941509,0.1609371,0.12650996
0.114710316,0.061362308,0.031127434,0.25061223,0.49722522,0.2757351,0.8019626,0.08506108,0.41607156,0.13941363,0.16094743,0.1296289
0.11467282,0.07002473,0.028694581,0.24861212,0.49464786,0.27375525,0.7892022,0.062257577,0.09532648,0.13944107,0.16097671,0.12753983
0.11398054,0.057796102,0.028994309,0.24879329,0.45977202,0.2742917,0.7746994,0.07811108,-0.1948095,0.139509,0.16101381,0.1288689
0.11314544,0.06117077,0.030809756,0.2441513,0.48957983,0.27233627,0.7661091,0.054345187,-0.23309892,0.13952835,0.1610999,0.1252475
0.113845594,0.058334753,0.03581659,0.24225873,0.48733023,0.25922728,0.78095496,0.064707465,0.18360245,0.13956451,0.1611383,0.12632553
0.11428751,0.071802795,0.03512663,0.24503353,0.48132136,0.24757218,0.7672471,0.08792052,0.3333221,0.13960609,0.16125415,0.13025588
0.113468416,0.07758205,0.032856237,0.24321154,0.4571863,0.25107357,0.75461113,0.09883355,0.30135387,0.13966301,0.1612905,0.1267281
0.112785384,0.072293416,0.029235378,0.24436492,0.44304314,0.25275937,0.7466793,0.08320057,-0.24925333,0.13958254,0.16133556,0.12270867
0.11258203,0.06076254,0.034229252,0.23899645,0.45292813,0.24207547,0.7007152,0.09188134,-0.28104356,0.13970146,0.16137937,0.12388797
0.111994796,0.07587801,0.034322154,0.24487944,0.46650493,0.23321724,0.7077587,0.0750937,-0.31890193,0.13977702,0.16140707,0.12056347
0.119168475,0.06931588,0.041695476,0.24214347,0.43726206,0.23649423,0.6878916,0.063915834,0.08732035,0.13982025,0.16142982,0.12556916
0.11692671,0.08248794,0.038012415,0.24086924,0.43452552,0.23612192,0.6886,0.06319672,0.14559193,0.13980332,0.1614786,0.123402886
0.10306154,0.077226,0.037025232,0.23854536,0.43534487,0.22079264,0.6818324,0.08778317,0.20722705,0.1398651,0.16149022,0.12467918
0.10778192,0.082737565,0.035739582,0.24169694,0.41051522,0.22332826,0.6934452,0.08534457,0.27886602,0.13984253,0.1614999,0.121351734
0.109998934,0.089738116,0.033995643,0.24052134,0.437637,0.22281991,0.69180274,0.07554931,0.38975388,0.13983372,0.16151565,0.12196698
0.11132031,0.07983856,0.031786088,0.23552074,0.40728435,0.22510919,0.6853004,0.061306097,-0.2637063,0.13990863,0.16154891,0.12235014
0.112592846,0.07552241,0.03115723,0.2311334,0.41073385,0.22638062,0.68340343,0.057980504,0.13068719,0.13993825,0.1617652,0.11904773
0.11448796,0.056350604,0.03372733,0.22574101,0.42169374,0.2267802,0.67849356,0.06866045,0.056400828,0.14011294,0.16173701,0.12043892
0.114066646,0.06961327,0.03172006,0.2254668,0.4184555,0.23400904,0.6732102,0.05312885,-0.0920052,0.14009245,0.16177584,0.116553806
0.114894755,0.073977426,0.02732402,0.22643273,0.42811307,0.23291928,0.6644213,0.0642418,0.008908331,0.1400929,0.16181494,0.114549756
0.11501003,0.07109198,0.030443246,0.22566164,0.42282462,0.23739319,0.6624254,0.04582127,0.09561822,0.14009142,0.16183893,0.12158979
0.114643335,0.06598026,0.03554731,0.22407266,0.44009265,0.23304883,0.65079147,0.04789145,0.043066863,0.14016755,0.16185245,0.11493005
0.11520714,0.08391595,0.039304566,0.2216106,0.42569536,0.22874807,0.6383231,0.055654027,-0.31799906,0.14012818,0.16186751,0.11826302
0.11490702,0.09213555,0.038794085,0.22417656,0.42324394,0.22955343,0.71088094,0.050948504,-0.33920568,0.14010637,0.16190268,0.118190505
0.11555627,0.08359944,0.053713843,0.21777028,0.42206797,0.22767319,0.6849941,0.05032549,0.30250686,0.1401902,0.16192842,0.11597179
0.1157718,0.07739517,0.05517922,0.2305369,0.42049813,0.2238664,0.6592208,0.058052994,0.69104314,0.14020334,0.16194667,0.116084084
0.1152869,0.10974704,0.056738306,0.23083721,0.39795083,0.21928613,0.63922197,0.051837135,-0.12669188,0.14019188,0.16193324,0.1193966
0.11461429,0.10812623,0.059570413,0.22784199,0.40432003,0.22014807,0.6292085,0.06650022,0.31086504,0.14019617,0.16196868,0.12072524
0.11404837,0.11858309,0.06358123,0.23293594,0.3933849,0.21928583,0.6181158,0.061140362,0.24126999,0.14020701,0.16199867,0.12030476
0.11405307,0.12703982,0.061219603,0.23528384,0.39199936,0.21732122,0.6074567,0.07828714,-0.029597491,0.14021365,0.16203904,0.12253102
0.11399922,0.12222099,0.059475526,0.23253718,0.4001683,0.22115885,0.56317055,0.08217154,-0.30814523,0.14027077,0.16203348,0.122681454
0.113259815,0.123989984,0.06562896,0.23265989,0.39902684,0.21893933,0.5611895,0.070414856,-0.31841403,0.1402773,0.16205296,0.11955138
0.11373276,0.12330579,0.06578848,0.23486258,0.41386697,0.21508712,0.5233369,0.08735059,-0.257676,0.14029361,0.16202474,0.10844471
0.11326378,0.1516654,0.06915533,0.2310344,0.3937743,0.20902443,0.53489727,0.06756495,-0.008533029,0.14026125,0.16204657,0.1244169
0.11411688,0.13908868,0.06819926,0.2306816,0.3909398,0.20641851,0.48546195,0.06406598,0.19281876,0.14023423,0.16206612,0.121210285
0.114003666,0.13287032,0.072769545,0.23303361,0.3842795,0.20576209,0.48958325,0.08811617,0.097601414,0.14027469,0.16204728,0.12160428
0.11286383,0.14240836,0.08104733,0.23339897,0.37467062,0.20318292,0.4903788,0.09892371,0.19302773,0.14025295,0.16205752,0.12547356
0.11193822,0.15546925,0.08075972,0.23213774,0.3750943,0.20060867,0.48143592,0.091167435,-0.07922652,0.14030005,0.1621488,0.12317882
0.112045154,0.16607319,0.07941717,0.23209405,0.37412053,0.19780532,0.47730368,0.10823086,0.56191576,0.14030272,0.16215053,0.12273834
0.11204829,0.1591607,0.0791076,0.23567073,0.36390585,0.19699928,0.4881079,0.09333248,0.42855135,0.1403177,0.16210197,0.121123694
0.111667424,0.16770156,0.08260665,0.23539706,0.33497778,0.1942301,0.5095034,0.09585227,0.5846263,0.14031292,0.16216193,0.11893529
0.11221046,0.156044,0.08014576,0.2372694,0.35794696,0.19238585,0.49967492,0.08858518,0.17669576,0.14031199,0.16214626,0.121919945
0.111893415,0.17066865,0.080575,0.22888383,0.35434508,0.20376511,0.47857794,0.08128117,0.26424167,0.14036407,0.16215931,0.12331008
0.112162575,0.15830402,0.08540493,0.2291358,0.36694032,0.20015022,0.47126776,0.07139601,0.18529198,0.14036639,0.16217293,0.11992078
0.11237289,0.17091443,0.083404265,0.23135272,0.36603633,0.19648221,0.5082569,0.07097325,0.16550106,0.14034978,0.16223821,0.120923795
0.113317765,0.16602354,0.083135016,0.23756751,0.36027354,0.19353205,0.48516548,0.0817838,0.016210586,0.14042903,0.1622182,0.123256564
0.113131374,0.16581336,0.08623143,0.23416388,0.35559624,0.18373859,0.4900872,0.08368383,0.7176491,0.14041191,0.16220284,0.12127114
0.11297612,0.16309713,0.08272643,0.23303309,0.32650897,0.17778862,0.49730986,0.083023146,0.2303766,0.14036347,0.16222048,0.12370306
0.112465285,0.1545491,0.0718762,0.23152255,0.3307726,0.17563693,0.47969264,0.07570377,0.48673034,0.14037196,0.16226493,0.11943009
0.11322807,0.14385994,0.073032714,0.23608491,0.33760634,0.1898315,0.47747108,0.047803935,0.39165062,0.14044924,0.16230226,0.11689078
0.11400729,0.14627212,0.07495167,0.23347703,0.34950173,0.18080188,0.4980492,0.0637593,0.10174644,0.1404815,0.16234095,0.117169
0.1146999,0.15539518,0.073196106,0.23411739,0.3309453,0.18101794,0.51402795,0.084377855,-0.20273468,0.14049476,0.16241457,0.119796574
0.11431448,0.14476238,0.077234626,0.23116419,0.3267093,0.17851752,0.50582594,0.08119649,-0.022781521,0.14056054,0.16241474,0.120678164
0.114202335,0.15132692,0.064646326,0.23184535,0.33368653,0.17088667,0.4921805,0.061653722,-0.10927567,0.14051041,0.16244721,0.11737626
0.11397099,0.13975929,0.06961998,0.22782847,0.3195872,0.17744194,0.5054604,0.06205589,0.26496735,0.14058112,0.1624692,0.11582359
0.11428317,0.14196794,0.067777075,0.2257821,0.33326057,0.18218414,0.5027331,0.059690993,0.091697484,0.14062034,0.16249292,0.11624221
0.10697955,0.1389761,0.06576729,0.22647159,0.34141943,0.18233797,0.49810198,0.059392493,0.21644789,0.14059152,0.16249932,0.11397003
0.1104825,0.13751225,0.0584113,0.22753328,0.32396972,0.1846325,0.48654506,0.0625117,-0.11292741,0.14062247,0.16245416,0.115314364
0.112110466,0.121477626,0.06806452,0.22005042,0.34106037,0.18540785,0.45994624,0.06817359,0.18594086,0.14054734,0.16248582,0.11811122
0.11281261,0.1414006,0.07157265,0.22154674,0.35657766,0.18759108,0.5365669,0.06485139,-0.0418185,0.1406152,0.16253397,0.111374415
0.1135085,0.14995538,0.070203826,0.22304209,0.34568563,0.18560365,0.51869506,0.07644061,0.19282913,0.14056687,0.16257083,0.113428704
0.112942696,0.13598426,0.06795261,0.2178741,0.34705633,0.19202858,0.5180106,0.08098433,-0.060826913,0.14067636,0.1625939,0.11827631
0.11250736,0.13373668,0.069488056,0.2183621,0.34910953,0.19037448,0.5127094,0.06516637,0.1639499,0.14068651,0.16261528,0.113348745
0.11378382,0.14156432,0.07230919,0.21726874,0.34921336,0.1905459,0.52436084,0.07321316,0.19261053,0.14071907,0.16261575,0.11286235
0.11393009,0.15760449,0.072771624,0.21991552,0.3648323,0.18760604,0.50130415,0.0722588,-0.23774624,0.14071135,0.16265093,0.11106873
0.11388702,0.14629462,0.07468871,0.22099885,0.3306736,0.16949268,0.472326,0.09576815,0.009232622,0.14073126,0.16262808,0.12047676
0.112949625,0.1495635,0.077331595,0.22958283,0.3155239,0.17187339,0.4685545,0.07345051,0.2521917,0.14069888,0.16260199,0.11373703
0.1127324,0.14845873,0.07917509,0.22797008,0.320764,0.16964039,0.45464832,0.058452524,0.09051159,0.14072204,0.1625954,0.116253585
0.11305716,0.16029076,0.0805125,0.22309053,0.31248707,0.16483147,0.44268677,0.08863278,-0.019327328,0.14072329,0.16260979,0.11517641
0.11316396,0.17622261,0.08171969,0.2225493,0.30767813,0.16465487,0.42270705,0.09801377,-0.36810693,0.14068514,0.16262093,0.113585964
0.11361645,0.15163913,0.08460273,0.22118089,0.30717024,0.16890039,0.4252927,0.07260914,-0.0002892702,0.1406731,0.16260634,0.115132
0.11415683,0.16212143,0.09197469,0.22144833,0.31242833,0.17565367,0.42883253,0.06662251,-0.027683944,0.1408147,0.16263068,0.11267973
0.11357702,0.17797445,0.10244829,0.2191234,0.3211723,0.16238867,0.46888998,0.06650519,0.35509628,0.14072806,0.16265354,0.11601257
0.113271154,0.18665318,0.09978553,0.22395572,0.30070692,0.1602004,0.452298,0.078514226,0.43000314,0.14084713,0.16263957,0.115735844
0.11335171,0.18905039,0.09895538,0.22578812,0.29915267,0.15880866,0.44295314,0.0689826,0.534075,0.1407423,0.16262697,0.118586354
0.11345101,0.18396047,0.08689456,0.22676231,0.29517552,0.16029619,0.42429292,0.08563604,0.63802636,0.14071602,0.16261353,0.12027656
0.114133246,0.1810424,0.09518226,0.22290686,0.29392225,0.16058075,0.40652224,0.07435952,-0.097851366,0.14070998,0.16258854,0.11518683
0.11333713,0.19062282,0.095412,0.21721564,0.29283676,0.15655522,0.41308066,0.08490037,-0.19090468,0.14074825,0.16259047,0.11702834
0.112602726,0.18396579,0.09563533,0.21886763,0.2910713,0.15736805,0.39160258,0.0740079,0.16464925,0.14070033,0.16260077,0.11590527
0.11327665,0.18457155,0.103403255,0.22245452,0.29292297,0.15551184,0.39805114,0.10106184,0.27836123,0.14069532,0.16262862,0.116943575
0.112543054,0.19674021,0.09911676,0.22016706,0.29420024,0.1512561,0.40605173,0.10823402,0.57662386,0.1407041,0.16264436,0.11554143
0.11194097,0.20005302,0.09945109,0.21883848,0.28324673,0.1424726,0.39001408,0.111618236,-0.11159128,0.14072149,0.16263425,0.11400371
0.111072935,0.18560761,0.097174026,0.22032757,0.26105797,0.13990898,0.38509837,0.08610098,0.05139029,0.14070013,0.1626187,0.115324445
0.111956105,0.19659841,0.09727423,0.21440987,0.2552208,0.13758257,0.3792934,0.10115126,0.010118008,0.14070556,0.162677,0.115085684
0.11138853,0.18996312,0.10241199,0.21194778,0.26729795,0.13939148,0.35260895,0.10296779,0.32129106,0.14072068,0.16269338,0.11213896
0.11103237,0.20839608,0.109570004,0.21544522,0.27123424,0.1379985,0.34619328,0.102168635,0.4226521,0.14073403,0.16270019,0.109033726
0.111686096,0.20937485,0.10928144,0.21386208,0.25851038,0.13605236,0.41715667,0.08537386,0.43636143,0.14089106,0.16271299,0.11451234
0.11252828,0.21813789,0.10841994,0.21012622,0.25753927,0.13546906,0.3868116,0.07928653,0.2344177,0.14075883,0.16271928,0.11367786
0.109007664,0.21010083,0.115113206,0.21323755,0.23889862,0.13643557,0.3802058,0.08418636,0.43404675,0.14075696,0.16273695,0.110271454
0.09822022,0.21335222,0.117440104,0.2204861,0.2637702,0.13687646,0.36343586,0.08850379,0.5790337,0.1407972,0.16257367,0.11818228
0.104805164,0.23099074,0.124058455,0.22494718,0.25224608,0.1356474,0.3711864,0.0814206,0.62400484,0.14061423,0.16252513,0.11586611
0.1087499,0.23469934,0.1238713,0.22652459,0.25943574,0.13163134,0.35298014,0.09708446,0.6276135,0.14062862,0.16255265,0.11963391
0.10979757,0.20870276,0.11804328,0.23064458,0.26253256,0.12833695,0.34503004,0.08617693,0.54774517,0.14061296,0.16253774,0.11815563
0.1112735,0.21957624,0.1128721,0.22541465,0.24558966,0.13488029,0.30741856,0.114546254,0.6545443,0.14062287,0.16254726,0.11718426
0.11145108,0.21387911,0.12056219,0.22455952,0.25337368,0.1267574,0.29086348,0.11101108,0.27966458,0.14063123,0.16253805,0.11660495
0.11127684,0.22869033,0.12084012,0.22297503,0.23526575,0.12626685,0.28994083,0.10390208,0.46471852,0.14066768,0.16249572,0.11822785
0.11131818,0.22122417,0.11872976,0.22375806,0.21500337,0.12334923,0.2685296,0.121293575,0.4786936,0.14062867,0.16245642,0.118584536
0.11090384,0.2283642,0.11485222,0.22312261,0.24370416,0.12356097,0.2846973,0.11956738,0.537913,0.1404919,0.1624537,0.117011994
0.11110635,0.21939282,0.12137455,0.22189891,0.23376848,0.1293506,0.2836269,0.10880942,0.60803354,0.14057578,0.162407,0.11727479
0.11175417,0.22521573,0.11769242,0.22363861,0.24432917,0.12620926,0.3334663,0.10389988,0.099343896,0.14054596,0.16235921,0.11443171
0.111423746,0.22104105,0.104170814,0.22395305,0.2431691,0.11839294,0.32943112,0.09331784,-0.060406506,0.14051011,0.16236402,0.11476642
0.111334674,0.20462544,0.09946024,0.22197868,0.2285348,0.11247996,0.33992884,0.09026844,0.38917285,0.14051668,0.1623983,0.1139512
0.11160045,0.19975685,0.098954275,0.22386368,0.22280069,0.11086125,0.3418068,0.098845944,0.4531359,0.14055385,0.16241075,0.11335722
0.11231049,0.19480708,0.095144,0.21785843,0.22198358,0.114947446,0.34084156,0.09661847,0.4965798,0.1405527,0.16242163,0.111700095
0.11230731,0.17580952,0.094220795,0.20730524,0.22275494,0.11601726,0.34637797,0.10014755,0.5087562,0.14057109,0.16244084,0.1096681
0.11859911,0.1799501,0.09335672,0.20591554,0.21887963,0.118162915,0.34450674,0.09867202,0.6032411,0.1405813,0.16245872,0.10577357
0.11500526,0.18125938,0.092975,0.2040821,0.21180665,0.116608076,0.3557838,0.09093738,0.35239613,0.14059632,0.16250822,0.104369074
0.10644674,0.17999949,0.09986873,0.2015273,0.22188053,0.11526302,0.356391,0.07902251,-0.08988756,0.14063795,0.16254699,0.107110165
0.10909955,0.17591839,0.10393439,0.20299093,0.22229029,0.11352228,0.34107378,0.084797315,0.40736938,0.14064439,0.16256405,0.10762044
0.1103451,0.16679566,0.09637783,0.20115264,0.21390116,0.114262104,0.3296947,0.08509751,0.41766968,0.14074577,0.1625822,0.105050035
0.111000754,0.1874757,0.100410625,0.20317246,0.21488446,0.11021428,0.3489219,0.08347905,0.43399677,0.14063567,0.1626321,0.10387691
0.11177092,0.18505116,0.09923704,0.20329691,0.20821996,0.10812268,0.34035406,0.08856718,0.6555064,0.14072871,0.16247663,0.108339176
0.11165946,0.18771899,0.102124,0.1997478,0.21344455,0.1171523,0.34847373,0.105530895,0.73414165,0.1405864,0.1624973,0.10315877
0.11236927,0.18902369,0.099231906,0.19938245,0.22765484,0.115952745,0.34298727,0.09615318,1.0348907,0.1406208,0.16251166,0.10452044
0.11175579,0.19186099,0.10581259,0.19591898,0.21608393,0.11624076,0.3224517,0.09845279,0.68000066,0.1406302,0.16253164,0.10217425
0.11180836,0.20202197,0.10152253,0.19710189,0.20590627,0.11175468,0.3169447,0.1074698,0.4878158,0.14064421,0.16255046,0.10422113
0.11172062,0.19165446,0.10140145,0.1964776,0.21340533,0.10888155,0.32733098,0.10603516,0.4776521,0.14068109,0.16255878,0.10323223
0.111492254,0.1876315,0.08996395,0.20105228,0.20800786,0.10690299,0.32526928,0.09895219,0.5747017,0.14067535,0.16257432,0.10311475
0.11120568,0.15443106,0.09511001,0.20253341,0.2101265,0.111396365,0.3255819,0.1137565,0.48771566,0.14068955,0.1626027,0.10257031
0.110617846,0.1925285,0.10219212,0.1999524,0.20590067,0.11582023,0.31074044,0.105812825,0.14907995,0.14066808,0.16262059,0.102314696
0.110910475,0.19027497,0.101278536,0.17587705,0.25540623,0.11782619,0.31180683,0.09815957,0.39692634,0.1406682,0.16258518,0.102910906
0.110918604,0.20066176,0.10282264,0.1795471,0.22319338,0.111885294,0.29792666,0.09328672,0.5175404,0.14069209,0.1625907,0.100673124
0.111438945,0.19347632,0.102892905,0.18108293,0.21067566,0.10903265,0.28752673,0.08168724,0.2518028,0.14068258,0.16259179,0.09978018
0.111684486,0.19737017,0.10645217,0.18099736,0.2018431,0.10415167,0.2731282,0.08277857,0.46505684,0.14070572,0.16262765,0.097335175
0.11252911,0.18925191,0.10960979,0.18412508,0.20288323,0.10445015,0.2626174,0.10225432,0.67967,0.14072712,0.16265163,0.096525244
0.1116618,0.20202321,0.1092574,0.18791728,0.19905844,0.10005032,0.2983926,0.10645158,0.59105545,0.14068373,0.16266859,0.09937336
0.11241804,0.20256087,0.10565068,0.18646315,0.1907977,0.10168402,0.27510166,0.10774062,0.7840845,0.14072971,0.16268528,0.098754406
0.11144136,0.21540962,0.10418533,0.18787737,0.19323407,0.099115625,0.26780456,0.11238528,0.2985432,0.14074728,0.16271071,0.10056107
0.11078386,0.19914678,0.101035066,0.18717575,0.19075988,0.10304325,0.2582929,0.100513816,0.09737089,0.14075984,0.16274345,0.1009363
0.11100559,0.19593708,0.10167523,0.18484211,0.19564849,0.10418193,0.25853497,0.09724524,0.14195493,0.14078829,0.16267754,0.099815585
0.11099621,0.20725942,0.09923058,0.1884091,0.21206813,0.10330303,0.25281817,0.088681415,0.6966064,0.14077306,0.16268952,0.09880793
0.11124281,0.2177029,0.100541316,0.18342261,0.19578734,0.105398625,0.24881671,0.083964586,0.43960685,0.14076233,0.16270334,0.09952889
0.111512944,0.18916486,0.101500906,0.1855231,0.20420098,0.101009,0.2574981,0.087993406,0.08814755,0.14076991,0.16270265,0.09745039
0.11288093,0.20736252,0.085023314,0.18525319,0.20320171,0.09719824,0.2495997,0.094691485,0.30797842,0.14072867,0.16266602,0.09981816
0.11289195,0.1759639,0.08738196,0.18635544,0.18485014,0.096036255,0.24586721,0.10132414,0.18772726,0.1407529,0.16264662,0.09646265
0.0997889,0.16942036,0.08870234,0.18659042,0.17730686,0.09727057,0.24112931,0.099940635,0.18004851,0.14071669,0.16266274,0.09690098
0.10493316,0.1949614,0.093260385,0.18385072,0.19371873,0.100779995,0.24606521,0.09071636,-0.19005409,0.14075701,0.16266371,0.096459545
0.10794852,0.1857863,0.091887765,0.18622176,0.19783103,0.100080274,0.24353918,0.09870016,0.09743729,0.14065756,0.16268456,0.09550167
0.10976999,0.18324514,0.093854554,0.18458438,0.19143508,0.10049803,0.26421154,0.08894345,0.5475447,0.14074413,0.16269322,0.09780195
0.11140121,0.18880361,0.09785885,0.18562375,0.19048347,0.08514124,0.28732526,0.08380495,0.12896642,0.14076537,0.16271092,0.0976242
0.111602135,0.18180428,0.09256809,0.18111028,0.16890115,0.0869397,0.2928512,0.10193312,0.17044184,0.14075527,0.16273244,0.099333204
0.11117672,0.17862864,0.09230008,0.17709605,0.17548698,0.08114171,0.28613606,0.09431646,0.066639036,0.14077502,0.16287374,0.09130769
0.11139725,0.1856971,0.07975269,0.17593397,0.16644871,0.080288395,0.27846754,0.09563323,0.28434047,0.14090279,0.16291621,0.088865474
0.11125251,0.15338041,0.079964034,0.1754645,0.14056286,0.08171141,0.27481025,0.07656902,0.42979053,0.14094219,0.16292344,0.09005118
0.1127048,0.15729013,0.083158106,0.16855839,0.15207976,0.074089676,0.26103577,0.10313117,0.022769153,0.14094271,0.16294076,0.08831183
0.11172977,0.16352148,0.080110826,0.16958152,0.1843285,0.08434114,0.2667813,0.08186296,-0.0067847073,0.14094356,0.16296454,0.089301005
0.111834474,0.16185954,0.09077642,0.17357466,0.1796827,0.08809664,0.266741,0.07526258,-0.48800325,0.14098108,0.16299625,0.08965401
0.112084255,0.1767513,0.09020794,0.17305571,0.17683944,0.0907643,0.24318323,0.07307826,-0.2903548,0.140998,0.16306637,0.09050764
0.11332565,0.1799285,0.08911072,0.17338201,0.17602494,0.090390146,0.24266206,0.08429843,-0.4296007,0.14105964,0.16306268,0.09696045
0.113061704,0.17193624,0.08958679,0.1786677,0.16466603,0.09549332,0.24041796,0.08382685,-0.09378475,0.14104985,0.16308147,0.09260955
0.113456726,0.18857121,0.0903971,0.17984037,0.16468528,0.09245866,0.21641876,0.08280243,0.01825779,0.14104268,0.16305953,0.09084978
0.11272816,0.17477717,0.09051141,0.1766763,0.16926557,0.094834626,0.24058867,0.07769938,0.26550615,0.14104822,0.16306262,0.09248673
0.11286227,0.17941707,0.09008724,0.1788281,0.18136415,0.089063786,0.24036536,0.083398394,0.06548183,0.14102052,0.16303405,0.09056762
0.11239353,0.17066194,0.09193503,0.18547972,0.17201467,0.08075452,0.24479522,0.10482422,0.19851696,0.14103156,0.16307816,0.09195088
0.111886814,0.17463432,0.09744806,0.18187945,0.16116892,0.08049962,0.24719425,0.09450298,0.127203,0.14105858,0.16309871,0.09543014
0.11221801,0.18094443,0.09851393,0.18059087,0.14305225,0.079690434,0.2680645,0.10442616,0.27746463,0.14107792,0.16314282,0.0935418
0.112028584,0.18667507,0.10556345,0.18203957,0.15823132,0.0716929,0.27246436,0.086970225,0.3683014,0.14108062,0.16316466,0.09283863
0.11236581,0.20247927,0.10425366,0.18603635,0.14455037,0.086917646,0.26277682,0.07945876,0.46315557,0.1412036,0.16315328,0.094590046
0.112915546,0.21137458,0.105968356,0.18303116,0.17571434,0.07905642,0.2567768,0.09132482,-0.071240276,0.1411411,0.16318116,0.09646985
0.11278562,0.20413515,0.106192,0.19060671,0.15117708,0.08254547,0.24632028,0.1060601,-0.016226158,0.14115342,0.1632164,0.09842156
0.112059675,0.20441447,0.110538304,0.18984164,0.14635131,0.08385682,0.26337358,0.089406,0.2587316,0.14116287,0.1632501,0.09876529
0.11223627,0.21060324,0.11792982,0.19248295,0.16587025,0.087138206,0.25878125,0.07446474,0.35033086,0.14121123,0.16315264,0.09889564
0.11232204,0.22303855,0.10920958,0.19074847,0.1702885,0.09180868,0.26515484,0.09746949,0.18442678,0.14111781,0.163212,0.10000791
0.11213933,0.21169661,0.11174727,0.19093679,0.18141624,0.09406055,0.20302075,0.1157965,-0.08105603,0.14116049,0.16321619,0.099296816
0.11157797,0.21016838,0.107676126,0.1900256,0.1803747,0.09306535,0.19145232,0.11098775,0.26651403,0.14122993,0.16321826,0.09887833
0.11134522,0.20490898,0.11036789,0.19050866,0.17318384,0.09427339,0.1927508,0.115086466,0.38221395,0.1411535,0.16329865,0.10143279
0.110653214,0.21015371,0.119606644,0.19359021,0.18071042,0.093449235,0.1999416,0.11078579,0.46257293,0.14121662,0.16327114,0.101687215
0.11100695,0.23343933,0.12057966,0.19661945,0.17994355,0.09236421,0.20042974,0.1029382,0.43175447,0.14117627,0.1632458,0.10409053
0.11194821,0.23062076,0.12659828,0.20376806,0.1917145,0.09660804,0.23013446,0.103450485,0.5011952,0.14118098,0.16315246,0.10534397
0.11131676,0.23592184,0.11562167,0.21020323,0.18468985,0.09346135,0.22465432,0.11557157,0.47240898,0.1410933,0.16328104,0.10713223
0.11099662,0.22313003,0.11775938,0.20925006,0.18230505,0.099865034,0.22544084,0.11469107,0.18966208,0.14120042,0.1632711,0.106802285
0.11197024,0.22147895,0.12509137,0.20104273,0.18720347,0.09793619,0.22541057,0.123929515,0.7202617,0.14120425,0.1632694,0.10731926
0.11124881,0.23880745,0.12448274,0.20380755,0.19670625,0.09710037,0.22003001,0.100660086,0.5449196,0.14114934,0.16324022,0.11206782
0.11169675,0.24632283,0.12364133,0.20374937,0.18762748,0.09712376,0.2354024,0.09654014,0.21367842,0.14118037,0.16328476,0.10772289
0.11138564,0.22911029,0.12715484,0.21370193,0.18693028,0.09644911,0.22881876,0.11149693,0.104094476,0.14121309,0.16330062,0.10753787
0.11182421,0.24604611,0.12577684,0.21145856,0.17237805,0.09424718,0.23216216,0.106879085,0.33932057,0.14117552,0.16330674,0.11170023
0.111970134,0.25134096,0.12686464,0.20834178,0.2184055,0.09714788,0.19392273,0.08787516,0.1917391,0.14120686,0.16335137,0.10904409
0.11215891,0.24580729,0.11079955,0.21491528,0.1859491,0.09632838,0.19283745,0.10745175,0.33445278,0.14124379,0.16335076,0.11499256
0.112281,0.21722591,0.11416909,0.21071497,0.18120776,0.09321395,0.19754767,0.08725861,0.25600284,0.14128397,0.16317303,0.10756355
0.112566575,0.21827815,0.11257884,0.21153988,0.18216094,0.09505703,0.19602165,0.09730886,0.25404498,0.14113352,0.1631819,0.106800236
0.11242364,0.21732885,0.11770041,0.20323414,0.17081082,0.102298066,0.1717255,0.108739614,-0.121786684,0.14112923,0.16318668,0.1107627
0.111415,0.23827381,0.120543666,0.20080595,0.1760331,0.10482616,0.17679787,0.10582374,0.19239035,0.14116308,0.16310112,0.10560052
0.11170827,0.2312345,0.12522833,0.19810137,0.19245833,0.102588534,0.17919129,0.123527154,0.19016697,0.14106186,0.16307394,0.10576477
0.11059891,0.24617498,0.12348511,0.20391716,0.18308258,0.10524302,0.17844312,0.1269068,0.38161805,0.14101084,0.16304283,0.107141584
0.110131495,0.22593568,0.12436724,0.20530581,0.19955774,0.10725665,0.17979653,0.10108787,0.24428862,0.1410371,0.16302428,0.1091045
0.110417,0.24946983,0.11516808,0.20860748,0.20328286,0.107992105,0.25699067,0.10194999,0.4509988,0.14100759,0.16302355,0.10796224
0.111140534,0.22140008,0.10782987,0.2115313,0.17831223,0.104742646,0.24032182,0.104248665,0.53823686,0.14096916,0.16293019,0.1102165
0.111235276,0.20186497,0.105479635,0.20688136,0.20683777,0.10372465,0.22488055,0.1000173,0.34619287,0.14096281,0.16293499,0.10531387
0.1110373,0.21116805,0.10698094,0.20692591,0.19949865,0.10720401,0.23024099,0.11836946,0.030146062,0.14093135,0.16295205,0.10608576
0.11143646,0.20042223,0.10485716,0.20053664,0.20387007,0.11503888,0.23546737,0.11979589,-0.058837414,0.14093201,0.16295287,0.10929188
0.11078723,0.20550583,0.11636058,0.19550656,0.21781716,0.10671783,0.24721181,0.104314454,0.11994942,0.14097466,0.16293807,0.10334394
0.11104486,0.21568936,0.11184579,0.1978302,0.20789593,0.10483549,0.26450026,0.10741191,0.0040230453,0.14095533,0.16295682,0.10721181
0.11071846,0.21106695,0.11374716,0.20195812,0.20152116,0.10582743,0.24409215,0.09993116,0.4471693,0.14096114,0.16293007,0.10507299
0.11136067,0.22477405,0.11411615,0.19954145,0.19139685,0.107050955,0.22779016,0.101985745,0.5074067,0.14085539,0.16294448,0.10598607
0.1114192,0.21459451,0.10438461,0.19876038,0.18756619,0.10564151,0.22424547,0.10778134,0.970207,0.14091854,0.16293935,0.10324461
0.11090731,0.20392658,0.11405703,0.19866936,0.1856519,0.09675456,0.20822209,0.092577055,0.31161225,0.14097705,0.16294894,0.10375424
0.11130463,0.23580253,0.12896612,0.19911924,0.18649189,0.09443414,0.19681665,0.099143654,0.39285463,0.14094241,0.16294816,0.102350764
0.111099966,0.24739058,0.12704268,0.19852567,0.18044364,0.083711326,0.21791501,0.0878412,0.6618414,0.14092678,0.162937,0.10269181
0.11154655,0.24250343,0.122447416,0.20368814,0.16739398,0.08362027,0.21849617,0.084644996,0.10240835,0.14095919,0.16294476,0.10576724
0.111655,0.24484055,0.11842562,0.20636828,0.15981609,0.092537284,0.22014138,0.10501897,0.12112528,0.14096129,0.16294704,0.1057152
0.111114256,0.22366934,0.11980925,0.20994954,0.17837289,0.084254235,0.20321345,0.1094039,0.22749639,0.14091684,0.16296054,0.105395146
0.1110698,0.22826767,0.11619808,0.20805588,0.1562839,0.08684415,0.19513018,0.10266019,0.3952807,0.14096156,0.16297904,0.10780648
0.11184076,0.21878606,0.112290844,0.20595291,0.17468739,0.08860269,0.1987416,0.104264416,0.7506282,0.14095794,0.16299827,0.1044694
0.11160837,0.21537112,0.10971455,0.20446597,0.17720348,0.09038954,0.2079323,0.09926078,0.26412854,0.14097244,0.16295311,0.104458645
0.11125856,0.2110739,0.11067683,0.20225547,0.17109936,0.089801714,0.20152634,0.110540815,0.43777385,0.14094242,0.16296282,0.10380192
0.110740535,0.19918993,0.10109542,0.20035888,0.18095979,0.0983494,0.22428383,0.11091553,0.47203553,0.14089926,0.16298254,0.1071883
0.11045317,0.20110662,0.11702388,0.19788775,0.19373573,0.0997843,0.2382794,0.093875825,0.17451459,0.14095578,0.16298391,0.10309405
0.11132248,0.21349177,0.121435165,0.2006591,0.19053544,0.10424037,0.23687747,0.098469734,0.22593293,0.14097573,0.16297948,0.10450725
0.11135299,0.22974563,0.12098349,0.20472403,0.19387864,0.09514596,0.23548728,0.08361189,-0.19029495,0.14092271,0.16300623,0.105873235
0.11262605,0.229145,0.123028524,0.20853847,0.18443945,0.09513022,0.2304803,0.09523684,-0.007779062,0.14100677,0.16299494,0.105861336
0.112665385,0.23402156,0.120078996,0.21748292,0.18456368,0.10044581,0.21760477,0.10791095,-0.016580999,0.14098808,0.16295281,0.10649852
0.11156831,0.22023442,0.122404814,0.21468823,0.19444123,0.10854285,0.22308114,0.08426232,0.013123244,0.14093821,0.16291858,0.109398365
0.11212526,0.23394789,0.13652654,0.21087754,0.20670985,0.10806797,0.23317705,0.08345817,0.012815088,0.14094128,0.16293968,0.11160372
0.111998595,0.24590677,0.13626276,0.2142572,0.18948069,0.104071334,0.23986398,0.09697528,0.4386038,0.14097594,0.16294561,0.11151733
0.11205587,0.25659883,0.13084239,0.21050087,0.19995934,0.105534814,0.23314996,0.115231186,0.17797375,0.1409515,0.16295482,0.11402428
0.111028075,0.2468556,0.12999836,0.21258399,0.20023306,0.101599775,0.23968884,0.11169003,0.133921,0.14095272,0.16297601,0.11554515
0.11058381,0.2539806,0.12406159,0.2120065,0.19507322,0.10137025,0.22656578,0.10633076,0.16026962,0.14097197,0.1629904,0.11371996
0.11050426,0.23483637,0.120391674,0.20951031,0.19410945,0.101377375,0.2215168,0.11735333,0.5614104,0.14096831,0.16298637,0.11169091
0.11095823,0.22908942,0.11399941,0.20352316,0.1937001,0.101408675,0.22352499,0.09418872,0.5271212,0.14097887,0.16297206,0.1102694
0.111582726,0.21509059,0.114631444,0.2094614,0.19461335,0.10153973,0.21408914,0.09766834,0.09919855,0.14107645,0.16296367,0.10855508
0.11129166,0.2368522,0.11287716,0.20881511,0.19027543,0.114795715,0.18694702,0.11572714,0.41860515,0.14096342,0.1629841,0.109270684
0.111575216,0.19658254,0.11151341,0.20403406,0.22904228,0.12036293,0.18095762,0.099349946,0.27804318,0.14098598,0.16293718,0.10941793
0.11183481,0.21745859,0.12066751,0.19786151,0.23026136,0.13102533,0.19693977,0.09494209,0.23588942,0.14086254,0.16293503,0.1061692
0.111506246,0.23956107,0.117728606,0.20252733,0.25406903,0.12603787,0.19587134,0.089515984,0.031823277,0.14096141,0.1629576,0.107840315
0.11171409,0.23572746,0.12055217,0.2035593,0.23249055,0.1216392,0.20026042,0.07872808,-0.07319608,0.14094447,0.16295396,0.114232525
0.11191821,0.23257707,0.119379215,0.20615713,0.2264938,0.11616478,0.16710529,0.10025196,0.20741314,0.14092626,0.16296014,0.10970428
0.11191671,0.24786328,0.12870426,0.20737329,0.21621865,0.1040987,0.1724478,0.08802178,0.48173958,0.14095774,0.16290931,0.113942586
0.11197696,0.2487684,0.12566283,0.21468149,0.19139352,0.1073612,0.16224094,0.09742354,0.6251775,0.1409236,0.16284412,0.11346101
0.11247857,0.2356217,0.122802824,0.21391639,0.20200865,0.10642242,0.13559991,0.10126012,0.8228625,0.14083871,0.16296053,0.112392016
0.112633444,0.23855267,0.12312373,0.21323046,0.20437862,0.11314113,0.15955548,0.101533525,0.5160926,0.14097354,0.16297007,0.110175
0.111738645,0.23399034,0.12260819,0.2121156,0.20711644,0.108153515,0.13376871,0.102813125,0.23008977,0.1409696,0.16299649,0.111359745
0.11122369,0.23212564,0.12548935,0.2139571,0.20406152,0.106883876,0.14507863,0.095409274,0.008789092,0.14094734,0.16299754,0.111877725
0.11191219,0.23563781,0.124217756,0.21608506,0.19681647,0.10787692,0.15393269,0.10727007,0.09310427,0.14098305,0.16302055,0.10994405
0.11118533,0.23957199,0.12722383,0.21162088,0.2041103,0.10394406,0.18191248,0.12601292,0.2688109,0.14098758,0.16302358,0.11125717
0.1104706,0.25942385,0.11087045,0.21258897,0.21168467,0.09763105,0.18455717,0.112359256,0.115098685,0.14100033,0.16314752,0.1131625
0.110490456,0.23070957,0.11087263,0.21101415,0.22336373,0.0994187,0.15407468,0.09482992,0.16556692,0.14107472,0.16315375,0.1129397
0.11123977,0.21994157,0.114132114,0.2088184,0.19099727,0.103380434,0.12491995,0.08220735,0.14625403,0.14109151,0.16315295,0.11134115
0.111935794,0.22716649,0.114614606,0.20402956,0.19521415,0.100687794,0.14418153,0.09135332,-0.07273406,0.14106265,0.16321269,0.110432014
0.111665554,0.22434744,0.12452538,0.2052968,0.18335718,0.1006171,0.15751693,0.0924363,-0.18100181,0.14118116,0.16320714,0.10569885
0.112086125,0.2348459,0.1262157,0.2038128,0.18997006,0.09921196,0.16548,0.104789734,0.031691298,0.1411556,0.16321994,0.10664974
0.11217125,0.23387378,0.11693749,0.2018543,0.2101825,0.10017834,0.17408633,0.103496715,-0.08991891,0.14112304,0.16322011,0.105184674
0.11143439,0.22714297,0.11623748,0.20237069,0.19109519,0.106211856,0.17775728,0.099600874,0.14643827,0.14116003,0.16322355,0.10833186
0.11197601,0.22712624,0.123679966,0.20222321,0.19458298,0.11742307,0.17130399,0.10560674,0.25273377,0.14117308,0.16322659,0.103236526
0.111268245,0.22879486,0.12249053,0.20450407,0.21815707,0.11280336,0.1839292,0.09352256,0.008381456,0.14117016,0.1632292,0.1056442
0.11184225,0.2479174,0.124999605,0.2063393,0.21564376,0.113082565,0.17561564,0.09228487,0.2317003,0.14114404,0.16323832,0.11156995
0.11196113,0.2411123,0.14099461,0.2066541,0.21227658,0.11234899,0.17626557,0.10695167,0.34990796,0.1411773,0.1633171,0.11017785
0.11233932,0.2616389,0.13927245,0.2153424,0.21045437,0.11542173,0.1870827,0.10748377,0.2697199,0.141204,0.16330011,0.11077204
0.11200347,0.25712618,0.13621518,0.219778,0.20727795,0.11425638,0.18191373,0.09383158,0.74204874,0.14123039,0.16322385,0.11770656
0.111628845,0.25967884,0.1319297,0.219616,0.20807578,0.11499387,0.18842416,0.1002691,0.41458797,0.14114565,0.16325314,0.112353645
0.11176184,0.25977862,0.1301716,0.22725719,0.21568376,0.10405709,0.1933782,0.10138585,0.4803496,0.14109355,0.1632332,0.114367984
0.11254567,0.2433671,0.13088857,0.22374795,0.1815249,0.10454573,0.20322168,0.08887467,0.40069038,0.14116816,0.16321053,0.1203689
0.11266029,0.23997302,0.13069575,0.21833326,0.19998942,0.10493955,0.222317,0.08131613,0.21043971,0.14114647,0.1631744,0.11513114
0.1127198,0.24770732,0.13092831,0.21627355,0.20090035,0.11047379,0.19270396,0.08188057,0.4904674,0.14108036,0.16315123,0.115367495
0.11258582,0.25511,0.13767213,0.21134064,0.20370689,0.1118045,0.20929858,0.11292944,0.51185334,0.14111252,0.16315714,0.11418368
0.1162607,0.27176237,0.13842922,0.21208708,0.20158485,0.106089704,0.16717356,0.11471908,0.606865,0.1411095,0.16315413,0.112697646
0.11328631,0.2562325,0.13783564,0.21929206,0.19976,0.09572375,0.13225093,0.10850818,0.6856376,0.1410766,0.16314736,0.11207686
0.11225486,0.272473,0.13682348,0.21984275,0.181733,0.09960553,0.13914527,0.11058558,0.4911266,0.14101464,0.16332585,0.114663996
0.11164357,0.2585378,0.13696246,0.22346845,0.19030204,0.10582755,0.11759573,0.10857211,0.75639546,0.14119193,0.16332477,0.115903266
0.11182403,0.26326007,0.13896708,0.21705785,0.20491305,0.10404341,0.14809279,0.10717213,0.2713437,0.14122756,0.16330229,0.11652276
0.11196143,0.26327845,0.13972615,0.21983676,0.19748902,0.10683806,0.12582989,0.11547488,0.53757805,0.14120814,0.16326514,0.11371189
0.110970534,0.27423406,0.1399945,0.21894252,0.20079607,0.105024345,0.12249593,0.11480526,0.51219493,0.1411878,0.16325694,0.112177424
0.11534387,0.27827448,0.13091323,0.2140095,0.17830779,0.10056826,0.13270123,0.11115313,0.56135184,0.1412007,0.16327149,0.11973924
0.11290197,0.2415074,0.1330336,0.20874879,0.1899219,0.09695176,0.10415754,0.09313972,0.3140265,0.14116754,0.16315421,0.113284275
0.1121285,0.26199093,0.13825937,0.20765363,0.18485951,0.09573851,0.12013044,0.0759121,0.34449178,0.14111368,0.16316718,0.10985671
0.11222203,0.25729725,0.14601284,0.2060399,0.18034194,0.090452604,0.12315263,0.09715783,0.52129006,0.1410972,0.16314863,0.11252721
0.11164772,0.2737195,0.1426341,0.20376125,0.17295763,0.08840465,0.14012095,0.115819186,0.37191498,0.14120498,0.16314846,0.11106772
0.11079306,0.25429392,0.15177788,0.20308298,0.15002573,0.09085426,0.12263275,0.11407401,0.63165575,0.14109349,0.16332233,0.10897558
0.11150693,0.29603156,0.15232976,0.20068145,0.17164123,0.08742445,0.12707092,0.1140045,0.6457475,0.14123796,0.16329774,0.10948776
0.11077127,0.27447164,0.14373702,0.20139888,0.16587539,0.06831557,0.14303702,0.10351272,0.79448295,0.14122784,0.16330057,0.10651404
0.111283615,0.27067485,0.14261153,0.20680408,0.13166174,0.06741613,0.1363659,0.11490061,0.72018886,0.14121212,0.16312169,0.111490205
0.11129693,0.26895607,0.14475854,0.20167068,0.14578485,0.07569595,0.13424034,0.09151306,0.46997136,0.14107825,0.16307473,0.11156143
0.11132004,0.26954785,0.14536633,0.2020728,0.14856343,0.0749716,0.11387383,0.10425432,0.6092093,0.14117843,0.16305907,0.11067279
0.104089506,0.2833506,0.151348,0.20147829,0.16019636,0.07410286,0.113835566,0.11525299,0.41502014,0.14102118,0.16303879,0.106530264
0.10700126,0.28686655,0.1532793,0.20429532,0.11696786,0.06978125,0.11275868,0.11352268,0.0868966,0.14099512,0.16303487,0.11086956
0.109202005,0.27947953,0.15096201,0.20364755,0.14954478,0.07110868,0.12699465,0.10175745,0.5722951,0.14099275,0.16302626,0.10839396
0.110572584,0.28199843,0.14737073,0.21159546,0.13430332,0.07021604,0.11918793,0.09338127,0.6689905,0.14098659,0.1630513,0.107647695
0.11087873,0.27577728,0.14370671,0.21029875,0.12250421,0.070881926,0.118003435,0.11076514,1.1054666,0.14101711,0.16305685,0.11091802
0.10720282,0.2702244,0.1487774,0.20377137,0.1459367,0.061538562,0.14133544,0.11378941,0.9786826,0.14100248,0.16305152,0.10997277
0.10870515,0.27366403,0.14580189,0.2032239,0.13871023,0.06473102,0.13623065,0.12835358,0.98374057,0.14102486,0.16304885,0.10880681
0.108855,0.26452625,0.14555316,0.20532528,0.11678216,0.06769994,0.13860317,0.13675706,0.8492983,0.14101833,0.16303688,0.103550576
0.10868805,0.23981838,0.15027712,0.20587204,0.13445656,0.06771529,0.18709213,0.123929895,0.9059924,0.1410143,0.16293313,0.10400325
0.10934869,0.27594385,0.14197284,0.18287459,0.13608077,0.06552349,0.17412768,0.1290408,0.95488036,0.14087763,0.1629611,0.10957249
0.11029666,0.2639061,0.13769816,0.19283746,0.13164069,0.054191023,0.15841822,0.12254181,0.78970593,0.14093064,0.1629544,0.101453036
0.11032221,0.25895354,0.13216566,0.19734077,0.11336392,0.058040265,0.11649173,0.11926161,0.8965979,0.14097194,0.1628853,0.10545084
0.10998479,0.2438287,0.12560396,0.1992641,0.120165765,0.059249766,0.08160333,0.11579263,0.29373735,0.1408661,0.16284862,0.10109003
0.110130414,0.2412625,0.12848043,0.1933403,0.10558008,0.061801214,0.105308786,0.11460225,0.17841953,0.14088033,0.16282925,0.10142164
0.11128704,0.24235067,0.13023701,0.19206125,0.12547787,0.063316956,0.10343686,0.11868787,0.57770145,0.14081593,0.1628306,0.09729814
0.110963784,0.24724522,0.1266696,0.19209708,0.15086628,0.06604753,0.112933174,0.09679293,0.41232786,0.14084937,0.16280678,0.10239878
0.1112109,0.24104953,0.12424912,0.1939077,0.13730589,0.06385668,0.115754224,0.08998767,0.89445627,0.14083652,0.16278514,0.10523741
0.111542664,0.24101701,0.12544763,0.19236465,0.1323893,0.06604698,0.13073565,0.11661811,0.14315909,0.14084266,0.16277665,0.100421526
0.11108639,0.23331223,0.12412042,0.19186802,0.13322464,0.06738755,0.14469849,0.12884866,0.2772314,0.14082642,0.16290689,0.09742555
0.1101108,0.22881334,0.12136194,0.19409296,0.11790676,0.06823819,0.12802467,0.10537332,0.5996467,0.14089324,0.16291364,0.09877875
0.11028005,0.23790863,0.122706115,0.1898585,0.12799169,0.06178799,0.14336674,0.10296415,0.61730874,0.14091465,0.16287872,0.100156195
0.11141052,0.23010133,0.12568712,0.1920463,0.12480825,0.06570953,0.10738687,0.088817075,0.3467837,0.14086708,0.16289617,0.09965401
0.11145985,0.24005596,0.124175824,0.19234002,0.117028736,0.06949806,0.09963467,0.11103758,0.4591334,0.14086679,0.16309354,0.09820803
0.111355305,0.23660639,0.1314384,0.19085777,0.14515106,0.06956909,0.15144174,0.11543739,0.28729528,0.14103295,0.16309221,0.09675419
0.11064828,0.2417045,0.12933035,0.19505702,0.14144787,0.06831763,0.15983543,0.11211514,0.16005448,0.14105941,0.16308331,0.09921508
0.11096527,0.25746107,0.12552331,0.19308603,0.1356651,0.06616135,0.13911527,0.11946508,0.14213023,0.14104012,0.16308242,0.100495726
0.11032187,0.23421854,0.12633453,0.19330117,0.13566844,0.06603372,0.14052641,0.109696455,0.35744014,0.14099427,0.16321048,0.102185674
0.11093676,0.24962643,0.12645821,0.19602482,0.13650998,0.05945367,0.12806587,0.08753479,0.28418902,0.14125805,0.16316028,0.09863994
0.11206504,0.23431577,0.12639093,0.18968125,0.12715638,0.06105257,0.12923928,0.09912969,0.43325475,0.14109829,0.16318353,0.1021997
0.11150604,0.23546873,0.12978625,0.18860826,0.12548245,0.069567,0.13140061,0.10774227,0.2475445,0.14116433,0.16318108,0.096936256
0.11155133,0.24851242,0.12886192,0.18488948,0.13605557,0.06615414,0.13642475,0.09643854,0.44756427,0.14111379,0.1632025,0.100338124
0.11153475,0.23354107,0.13020459,0.1828359,0.13494447,0.065756425,0.12634473,0.0843824,0.48819977,0.1411773,0.16321065,0.099537134
0.112029254,0.25261104,0.1235108,0.18101461,0.13319285,0.06029411,0.19903436,0.10775647,0.13070431,0.14119819,0.16324091,0.09940393
0.11160633,0.24511446,0.11562024,0.18455747,0.1207735,0.055776983,0.18982919,0.118133664,0.4191385,0.14117664,0.16318826,0.097560085
0.110702984,0.21002512,0.11488318,0.1789517,0.115504116,0.057781074,0.14540666,0.114493124,0.31611735,0.14113636,0.16318825,0.09513903
0.11092458,0.21440366,0.11718299,0.18251319,0.10357865,0.056918617,0.14618121,0.092583686,0.4468909,0.14113191,0.16315009,0.093350016
0.11146279,0.2282964,0.11425538,0.182917,0.14120755,0.053212635,0.15138963,0.09962776,0.2505412,0.14111958,0.1631147,0.09278682
0.11213951,0.21941842,0.11445963,0.18329817,0.111134954,0.055308934,0.16925508,0.087981954,0.080650985,0.14108524,0.16316634,0.09695383
0.111873284,0.21850772,0.122262396,0.1833762,0.114045024,0.06545469,0.16671602,0.10788503,0.4827251,0.14113393,0.16314651,0.09318146
0.11159392,0.23497866,0.1250728,0.18742003,0.13054216,0.06454734,0.18321006,0.10091817,0.12960082,0.14108561,0.16313322,0.094518624
0.11142586,0.24864602,0.12707858,0.18478322,0.13085672,0.065243684,0.16269183,0.10442439,0.14838576,0.14109871,0.16314222,0.09700038
0.111009486,0.24102744,0.13273391,0.18425478,0.12611836,0.054755174,0.16730866,0.10790735,0.51398325,0.14108582,0.16316396,0.09842568
0.11068503,0.2471477,0.12714832,0.18409187,0.114596784,0.0553779,0.16146578,0.1064259,0.41076872,0.14111686,0.16310355,0.09848165
0.110779166,0.24578016,0.12519427,0.1865473,0.0980781,0.04119356,0.16394763,0.10294253,0.52333987,0.14108515,0.16310148,0.093823984
0.111751996,0.22512044,0.124607824,0.1869438,0.11556499,0.03586447,0.14661804,0.10492142,0.9878255,0.1410548,0.1631047,0.09655926
0.11154171,0.2355354,0.12420585,0.1875687,0.06931442,0.04213948,0.1641915,0.1160595,0.41755456,0.14104328,0.16311918,0.099949524
0.11072945,0.23079148,0.11662577,0.1851488,0.09418656,0.051111657,0.16916704,0.090242684,0.33822775,0.14107642,0.16310519,0.09469574
0.11165118,0.21514203,0.11643669,0.18727207,0.107601196,0.055760738,0.16628915,0.08789198,0.55457777,0.14104317,0.16314878,0.091195256
0.11161542,0.21425673,0.1148727,0.1915758,0.11067202,0.06599351,0.1685827,0.09148051,0.5728488,0.14112182,0.16316184,0.09690496
0.111490905,0.22443292,0.114022985,0.18811907,0.132283,0.045613296,0.16051182,0.09822102,0.21573251,0.14112599,0.16319373,0.09879019
0.11122645,0.21207562,0.121748894,0.18934147,0.099636294,0.0580748,0.1627542,0.08907816,0.31968594,0.14115612,0.16318871,0.09891211
0.11172682,0.23115121,0.12451833,0.19342653,0.115437575,0.06055674,0.16738348,0.08601214,0.11193848,0.14112176,0.16318604,0.095186785
0.1119347,0.23332897,0.12613788,0.19104476,0.119335,0.05950083,0.16501482,0.07508962,0.22063938,0.14114508,0.16321117,0.09939258
0.1121428,0.23800686,0.1269958,0.18842362,0.118374124,0.056405343,0.16341677,0.07161666,0.4768398,0.14116506,0.16320238,0.09630097
0.113399826,0.23890708,0.12266471,0.18373112,0.11595006,0.04778149,0.15962449,0.0715601,0.39413756,0.14114283,0.16322844,0.09764762
0.11384837,0.23791134,0.12078886,0.18539011,0.08486053,0.052653067,0.14077224,0.09348028,0.7084951,0.14115779,0.16319567,0.095559366
0.11344364,0.22349906,0.12340319,0.18467158,0.109732844,0.04450903,0.14033918,0.09609396,0.39767474,0.14112987,0.16321944,0.09142519
0.11233068,0.22701244,0.12139281,0.18087794,0.08329691,0.047091056,0.10832527,0.10081466,0.4551865,0.14114574,0.16326028,0.09744129
0.111598246,0.22504002,0.11840544,0.17524095,0.09481463,0.049485307,0.1038853,0.1113996,0.09656772,0.14123161,0.16324596,0.09046109
0.111120224,0.22072846,0.11935974,0.17633176,0.101769455,0.047442384,0.10093626,0.09609017,0.41784412,0.14128457,0.16323216,0.092252895
0.11191156,0.23010716,0.11707574,0.17907177,0.09599974,0.048314955,0.110908024,0.089383915,0.06743646,0.14113487,0.16323946,0.092313915
0.11171049,0.22435743,0.11830706,0.17934936,0.10599453,0.04065909,0.11784999,0.0953135,0.07044527,0.14113605,0.16324435,0.09798916
0.111801855,0.22155169,0.10722638,0.18440904,0.1035619,0.044359967,0.12552273,0.09783022,0.36118305,0.14125952,0.16327183,0.09099315
0.11140381,0.22447963,0.10992491,0.18415375,0.101028375,0.045619115,0.12040989,0.11009705,0.1528211,0.14121234,0.1633006,0.093966246
0.1112039,0.23719785,0.10886694,0.18000823,0.09812748,0.02685038,0.12957858,0.09537108,0.18708393,0.14121263,0.1633233,0.09240128
0.11212646,0.2227363,0.10961164,0.18332323,0.07469553,0.035156548,0.11990288,0.101008475,-0.1896267,0.14124279,0.1633209,0.09061944
0.11208016,0.20144479,0.12434435,0.17959602,0.08083726,0.03972015,0.13025577,0.10564767,0.21074042,0.14126179,0.16329682,0.09203075
0.112366565,0.23646939,0.122372255,0.18031538,0.087965675,0.045606002,0.16715512,0.08776274,0.23359036,0.14122435,0.16328558,0.089374356
0.11200085,0.23176533,0.12006429,0.18274054,0.102275476,0.04717705,0.16656777,0.09783796,0.43033195,0.14123583,0.16330008,0.093333475
0.099415936,0.21953598,0.12074508,0.18343636,0.10074996,0.05407304,0.16123751,0.095573194,0.28041032,0.14118615,0.16331334,0.093977585
0.11185624,0.231094,0.1186345,0.18851127,0.11362785,0.053422734,0.16214864,0.08688195,0.11786902,0.14122407,0.16330914,0.092785425
0.111754484,0.22479317,0.11487945,0.1905244,0.10795482,0.052996628,0.19359729,0.09813999,0.17436776,0.14119728,0.16332407,0.096436374
0.11159314,0.21771091,0.12241977,0.18327491,0.10514381,0.06379145,0.20809855,0.088242605,0.23795396,0.14122002,0.16335109,0.09382076
0.111797854,0.22223835,0.108527474,0.18035007,0.13229096,0.06480024,0.2110709,0.102222554,0.5378603,0.14127283,0.16335143,0.09253697
0.111272626,0.20105663,0.11648902,0.17964584,0.13252327,0.05660044,0.22561833,0.0882055,0.37946197,0.14126852,0.16337259,0.09295576
0.11185167,0.21502464,0.12318043,0.17620017,0.12462065,0.059081502,0.24336979,0.10124,0.31090224,0.14131665,0.16343227,0.09947908
0.1113302,0.22985844,0.117780976,0.17840979,0.121856935,0.06333049,0.23354977,0.108312644,0.48860583,0.14127575,0.16337706,0.09256108
0.11181361,0.20223139,0.117660336,0.19159906,0.1420579,0.06887903,0.23846892,0.088146016,0.3625151,0.14138663,0.1632681,0.09349606
0.112067446,0.22345294,0.11840219,0.1919715,0.14500248,0.07071399,0.22020397,0.07505746,0.1366714,0.1411852,0.16328181,0.099179514
0.112214565,0.23236004,0.11625972,0.1951583,0.14155376,0.067150936,0.19782469,0.09126795,0.57882357,0.14119278,0.1633007,0.101802714
0.11308445,0.22258668,0.11380084,0.19487682,0.1376316,0.070011556,0.20475137,0.099541634,0.12254214,0.14114034,0.16331957,0.10086849
0.11285802,0.21089612,0.112633795,0.19026548,0.124892734,0.062266074,0.20681226,0.091753945,0.5472328,0.14121377,0.16332299,0.09877046
0.11296603,0.2139578,0.10981877,0.1898449,0.12466079,0.062996134,0.19192041,0.094970234,0.16901052,0.14124228,0.16331509,0.09712055
0.11248174,0.21341367,0.105301656,0.19080438,0.13032204,0.06781114,0.15888533,0.10015418,0.65099686,0.14121506,0.1633434,0.096349664
0.116580516,0.20664285,0.10741192,0.1892141,0.13617915,0.065017,0.16694337,0.10447271,0.6114102,0.14127602,0.16330075,0.09721589
0.11457822,0.20300195,0.108671226,0.19024493,0.13177946,0.06820769,0.1772428,0.09122386,0.10882664,0.14121534,0.16344011,0.09262134
0.114346705,0.21116751,0.11578312,0.18952867,0.14838514,0.07028201,0.18322924,0.07834955,0.10717967,0.1413397,0.16348185,0.09706526
0.11333378,0.21718742,0.117312625,0.18620293,0.14455228,0.061455034,0.19710806,0.08196181,-0.017235368,0.14124152,0.16348207,0.09950669
0.11417866,0.21896431,0.11413847,0.19039641,0.12125715,0.06354985,0.19534883,0.09208414,0.09363437,0.14136891,0.1634802,0.0970835
0.1128406,0.21735556,0.11662401,0.19437478,0.13452886,0.064955726,0.17784737,0.0950924,-0.0032734275,0.14136307,0.16350035,0.09700937
0.1120384,0.2342287,0.11721346,0.19123243,0.13304758,0.0597522,0.18930662,0.08132596,0.3924548,0.14137673,0.16350164,0.09846492
0.1120149,0.2250974,0.11852837,0.18817665,0.1281444,0.057226807,0.15190808,0.079998046,0.12844184,0.1413837,0.16351262,0.098736554
0.11256336,0.22126545,0.11643065,0.1912562,0.1179346,0.056873992,0.14665699,0.075304076,0.20433816,0.14139566,0.16349727,0.09769997
0.11306843,0.23004787,0.11612158,0.19414073,0.13282321,0.049730234,0.15068252,0.06726678,0.34054777,0.1413925,0.1635128,0.09573224
0.1133503,0.22270584,0.12081949,0.1931425,0.09908109,0.058826126,0.16339666,0.08124056,0.3634578,0.14137892,0.16351368,0.0984353
0.11331383,0.22831056,0.12168497,0.19431546,0.12871936,0.064180225,0.16807495,0.097915955,0.3870369,0.14137524,0.16355895,0.094499156
0.1124316,0.24279554,0.118220046,0.19417113,0.12959048,0.07022,0.1725728,0.10505226,0.10892096,0.1413987,0.16356196,0.09831781
0.11212413,0.21925667,0.1151212,0.1929924,0.15458857,0.076729074,0.15250245,0.08607383,0.077989325,0.14140832,0.16353413,0.1000288
0.11244312,0.23040874,0.105978936,0.19240999,0.14542137,0.081847444,0.1767328,0.07146001,0.13365144,0.14139773,0.16367505,0.09867329
0.11252067,0.20710279,0.11731271,0.19126092,0.1632782,0.08801637,0.1706542,0.08237138,0.21508127,0.14151318,0.16369127,0.099495366
0.11350914,0.22169328,0.12566493,0.19447497,0.16522022,0.08439327,0.16760597,0.08976084,-0.06293818,0.14150356,0.1637159,0.10185399
0.11292453,0.24000885,0.12281754,0.19683081,0.15923378,0.07366329,0.17569274,0.110886656,0.7018833,0.14155577,0.16374077,0.10335082
0.11243939,0.23837535,0.12155133,0.19652872,0.13220525,0.06963982,0.17555754,0.105883695,0.27719268,0.14149942,0.16373919,0.10356852
0.11217842,0.23379643,0.12337432,0.1910841,0.13698299,0.075800635,0.17909777,0.09102626,0.3069917,0.14155684,0.16374108,0.10284311
0.11292314,0.24149701,0.12428524,0.19245507,0.15495771,0.0760671,0.18583246,0.10653019,0.051881284,0.1415591,0.16372584,0.10200103
0.11234294,0.24098217,0.12151472,0.19124268,0.14864749,0.07603742,0.15290985,0.11064108,0.20793168,0.14154285,0.163736,0.10097697
0.11258375,0.23078987,0.1268735,0.19058882,0.1480745,0.08922058,0.16644897,0.10068858,0.39508748,0.14153151,0.16368826,0.099582024
0.11173695,0.24976961,0.12483938,0.19170281,0.17168912,0.08964719,0.17654392,0.09697126,0.31027034,0.14153129,0.16368885,0.099470615
0.111841835,0.24810763,0.12533066,0.1924796,0.17102915,0.09478196,0.21270756,0.09084207,0.032456517,0.14150313,0.16365978,0.10864058
0.11230157,0.24094968,0.13311884,0.19614865,0.1814901,0.09036414,0.20474856,0.09602085,0.21584721,0.14149378,0.1636282,0.10043811
0.11224554,0.27673867,0.13492487,0.20053728,0.17241561,0.095127515,0.1965833,0.09135258,0.20658123,0.14147663,0.16363433,0.10602859
0.11227823,0.2501345,0.13266692,0.20401084,0.17553169,0.0921163,0.19411771,0.1071544,-0.13077456,0.14144342,0.16363272,0.10788688
0.11175684,0.24735178,0.1371761,0.20639734,0.1618917,0.0932814,0.1805656,0.088960364,-0.09823188,0.14137961,0.16363022,0.10888393
0.11246065,0.25950697,0.144694,0.20737232,0.18264595,0.09193657,0.08121944,0.093464464,0.376636,0.1415459,0.16362406,0.11219285
0.112703785,0.27239138,0.1467311,0.21180177,0.17919338,0.0895858,0.07838551,0.087154485,0.3606002,0.14146343,0.1636223,0.111561134
0.113018885,0.29272258,0.15028441,0.21373898,0.17154787,0.08245534,0.07897574,0.1003933,0.008217126,0.14139466,0.16363674,0.11522862
0.11257432,0.28367874,0.14443421,0.20866258,0.14088519,0.08407906,0.030832674,0.12195253,0.21193302,0.14146878,0.16365178,0.11122372
0.11259857,0.27831367,0.15434104,0.20961733,0.15324654,0.08727443,0.047351222,0.12450682,-0.20554435,0.1414777,0.16368487,0.112966776
0.11253646,0.29955485,0.16373774,0.21178383,0.15087765,0.0842796,0.06025896,0.13507827,0.20253602,0.14150019,0.16367468,0.11078701
0.11167075,0.32108226,0.16278818,0.22471614,0.14541662,0.0810779,0.06580649,0.1350631,0.37737966,0.14148293,0.16366962,0.11864013
0.11083651,0.3149072,0.16379781,0.22883461,0.1509762,0.079730116,0.082563676,0.13416475,0.74365294,0.14147587,0.16372405,0.11443129
0.109821305,0.3146189,0.16092119,0.2247016,0.16842273,0.08065006,0.085291706,0.113235325,0.8435062,0.14149368,0.16369492,0.120923094
0.11071488,0.29722312,0.165355,0.22521938,0.15229036,0.07987947,0.09040303,0.13216531,0.74752116,0.14148651,0.16364475,0.117642514
0.109815165,0.30988336,0.15895076,0.21993376,0.15574847,0.07913135,0.09193993,0.11188406,0.7397721,0.14144011,0.16362114,0.120501526
0.110154755,0.3012538,0.15527457,0.21587636,0.1492631,0.07884628,0.09295769,0.10782534,0.6440352,0.14142235,0.1636222,0.11823061
0.11045516,0.31661502,0.15477487,0.21712291,0.15255696,0.08263425,0.11191413,0.09870626,0.80848765,0.14143853,0.16356446,0.11510073
0.11215103,0.29018798,0.15511994,0.21827888,0.1604212,0.081533566,0.11869418,0.10269807,0.42435664,0.14142337,0.16355218,0.11865522
0.111447066,0.28883117,0.14772369,0.2183084,0.1536546,0.08671431,0.11634094,0.09641421,0.33336276,0.14140692,0.16355611,0.11633239
0.112076394,0.27417716,0.14505339,0.21677473,0.16771215,0.085878305,0.16321069,0.09829699,0.1565274,0.14139567,0.16355054,0.11476729
0.111536555,0.2762223,0.14135529,0.21742381,0.19116637,0.08880452,0.14962263,0.11384803,-0.078107715,0.14140761,0.16354378,0.11267855
0.11213392,0.26266074,0.14237793,0.21847428,0.1702294,0.079641774,0.14739016,0.09990321,0.37839788,0.14137611,0.16347806,0.11430758
0.11204203,0.26104116,0.13911214,0.21500604,0.15984349,0.07290194,0.13316722,0.114347875,0.7275572,0.14131154,0.16349326,0.114621885
0.10831471,0.2593572,0.1413857,0.21544741,0.15485874,0.07538533,0.12655367,0.106693685,0.5660167,0.14135277,0.16348754,0.11215035
0.11002877,0.27152133,0.14260812,0.21058238,0.15358278,0.06670842,0.118925855,0.096973136,0.6862129,0.1413294,0.16343541,0.11214408
0.11048309,0.26774698,0.15027961,0.20901477,0.13827085,0.075439475,0.06933999,0.08656372,0.68276846,0.14141998,0.16339557,0.109475225
0.11125499,0.28265327,0.15204225,0.20406297,0.14212097,0.07704319,0.07585366,0.09980092,0.4474212,0.14131176,0.16336808,0.11183258
0.11150158,0.28883612,0.15532078,0.20643246,0.16233958,0.08077747,0.036217354,0.10483125,0.74883616,0.1412729,0.16336629,0.10873409
0.11103793,0.29228735,0.15591803,0.20956342,0.15357289,0.07499782,0.027500067,0.09377888,0.60419166,0.14122187,0.1633767,0.112241566
0.11171186,0.29420856,0.16342814,0.20668855,0.14537394,0.073307924,0.039925367,0.10772731,0.44099128,0.1412226,0.16337307,0.11321805
0.112332694,0.2998223,0.16263095,0.20877577,0.1555875,0.07630366,0.036551736,0.09826403,0.60768265,0.14121434,0.16336617,0.112251505
0.112345375,0.30835375,0.16340478,0.2107924,0.14531443,0.070915736,-0.056890376,0.097981796,0.6351326,0.14122355,0.16331843,0.11598782
0.112062156,0.32124108,0.17033097,0.21215501,0.13652983,0.071436405,-0.046923168,0.11311824,0.52898157,0.1412334,0.1633151,0.11227192
0.11109351,0.3309764,0.1674616,0.20831868,0.13503358,0.06299397,-0.0110784415,0.13692051,0.5666295,0.14122437,0.16329496,0.11238582
0.109877445,0.3049749,0.15662776,0.20990326,0.12170484,0.0531149,0.010138158,0.12989254,0.6813396,0.14119257,0.16329774,0.11219244
0.10965889,0.3038775,0.15675594,0.20530069,0.10365167,0.053943213,0.016042523,0.11490393,0.38149312,0.14120811,0.16328247,0.10905421
0.11050465,0.28946123,0.16442809,0.2054699,0.117580116,0.054381736,0.02411786,0.104939744,0.6011244,0.14119998,0.16326365,0.105117686
0.111323155,0.31937233,0.16179556,0.2101785,0.10550206,0.05863211,0.01780131,0.11787569,0.8478408,0.1411891,0.16327158,0.1100741
0.11137975,0.29871434,0.1613021,0.20773739,0.12074952,0.062913015,0.019737856,0.11843385,0.63315415,0.14120099,0.16323407,0.109703675
0.11161725,0.29619104,0.16388273,0.21053648,0.12807882,0.06148811,0.038121466,0.10866916,0.37368715,0.14114633,0.16335239,0.110277295
0.117980614,0.31083715,0.16195601,0.2120694,0.11233295,0.052927475,0.036212325,0.08984272,0.15814698,0.14126873,0.16335067,0.11115718
0.11553127,0.28570965,0.15816352,0.21196942,0.10770524,0.057652388,0.050671533,0.090602875,0.56740016,0.14126343,0.16335307,0.11158046
0.113605715,0.2889684,0.15401185,0.21042737,0.12192443,0.058445327,0.048078585,0.105460994,0.46014404,0.14128403,0.16337928,0.10997374
0.113185905,0.28994286,0.15558946,0.20461775,0.1134046,0.056821723,0.07227084,0.11581297,0.7175975,0.14128101,0.16339609,0.11084653
0.112210386,0.28896603,0.1549226,0.2056153,0.10121737,0.054665204,0.06092378,0.09977068,0.66162527,0.14123529,0.16338494,0.10636079
0.11216129,0.29247975,0.14872526,0.20618518,0.11523401,0.05795734,0.051814143,0.11054267,0.83125174,0.14127854,0.16338304,0.10620484
0.11204232,0.28078306,0.14969894,0.19812962,0.117437944,0.062854335,0.049192153,0.11829522,0.66380304,0.14127257,0.16339606,0.10631095
0.11130367,0.30632037,0.14559229,0.1990654,0.09716445,0.061768733,0.05710739,0.125142,0.5125157,0.14126664,0.16339321,0.10850884
0.11055932,0.28104097,0.15193337,0.19748808,0.12656914,0.06311479,0.055554602,0.11029558,0.35434118,0.14126271,0.16337983,0.10287616
0.11037471,0.2759367,0.15162334,0.19868541,0.15986103,0.061327025,0.062395494,0.09971809,0.1009596,0.14125727,0.1633902,0.1039291
0.111332685,0.29272294,0.1527762,0.20024383,0.115977034,0.05754246,0.10198883,0.096894875,0.14568591,0.1412299,0.16334184,0.10953369
0.112001255,0.28578898,0.14960654,0.19897206,0.11268057,0.04231692,0.055032805,0.09588434,0.24185818,0.14137734,0.16334184,0.1048854
0.111567356,0.28275126,0.14963765,0.19861998,0.0960516,0.04429455,0.078136735,0.10091064,0.47967532,0.14123687,0.16335584,0.104529515
0.1111882,0.27292374,0.14851426,0.19927579,0.08943532,0.04505705,0.0623547,0.10905235,0.45641246,0.1412464,0.16335616,0.10295164
0.11562901,0.2644185,0.15150703,0.19949816,0.08764675,0.04842184,0.059078246,0.11931782,0.6869439,0.14125565,0.16326275,0.10267895
0.11333618,0.2815405,0.15691286,0.20126477,0.10575959,0.046863254,0.06569001,0.116786085,0.6739515,0.14118549,0.1632517,0.10407859
0.11166541,0.29438722,0.16229329,0.20306782,0.09779728,0.047527,0.06737112,0.12707789,1.1551001,0.14105111,0.16343145,0.105634026
0.1119631,0.29929483,0.16129857,0.20675209,0.12363431,0.051928986,0.08334861,0.11258079,0.89545226,0.14130856,0.16343954,0.106454074
0.11150387,0.3115648,0.1589798,0.20443743,0.10796298,0.05919286,0.061194472,0.1010775,0.7756922,0.1412598,0.16334078,0.10941076
0.111969694,0.27298018,0.16405143,0.20111912,0.12290543,0.05985533,0.08324434,0.11569099,0.6054832,0.14120838,0.16331524,0.108953506
0.11171429,0.29626942,0.15917125,0.2011747,0.120691456,0.05937026,0.091388375,0.11659541,0.34658033,0.14116703,0.16331321,0.1059681
0.11125319,0.28508186,0.15148006,0.20468825,0.11491166,0.06332493,0.03654457,0.10636848,0.466347,0.14121822,0.16330498,0.11113568
0.11123309,0.28493077,0.15779491,0.207743,0.12688944,0.055492576,0.014915876,0.12075231,0.52083296,0.1412179,0.16329524,0.10880433
0.11124719,0.29007208,0.15436618,0.21381511,0.10805726,0.055006616,0.013392065,0.11988732,0.43516698,0.14118001,0.16322286,0.10710958
0.110832706,0.293545,0.14833552,0.21124272,0.111315385,0.058853608,0.018817194,0.12709172,0.49221835,0.14115845,0.16322099,0.11179142
0.11084734,0.27343494,0.15668297,0.20904653,0.112214655,0.06300287,0.075157724,0.12050435,0.7275954,0.14114559,0.16311607,0.10948767
0.11171981,0.28402996,0.1562885,0.21401566,0.12765945,0.062940635,0.088494115,0.10477091,0.8453205,0.14103527,0.1632456,0.10762653
0.11152896,0.2835468,0.16253439,0.21393912,0.1293635,0.06314464,0.08975046,0.1236092,0.83783215,0.14117008,0.16324005,0.114426345
0.11109739,0.3063798,0.16718565,0.2145734,0.13630249,0.063576095,0.08644043,0.109081134,0.56430286,0.1411634,0.16320498,0.115831085
0.1115177,0.30178267,0.16471514,0.21298273,0.13292243,0.06080504,0.05405333,0.13019863,0.73451,0.14112765,0.16319716,0.11374216
0.11089778,0.30650243,0.16298299,0.21434143,0.12250477,0.060333215,0.060499713,0.11496039,0.31096214,0.1412349,0.16318415,0.11463445
0.11101477,0.30125853,0.16264239,0.21532457,0.12196659,0.068125024,0.080238074,0.10986546,0.6828286,0.14111775,0.16316392,0.111242026
0.11063032,0.2783086,0.1621211,0.21639866,0.13550389,0.0673242,0.11227752,0.10519597,0.73280984,0.14112534,0.1631586,0.11151471
0.110562414,0.28398854,0.15618491,0.21083972,0.13069879,0.07170594,0.09082102,0.1102149,0.7559321,0.14118177,0.16314827,0.1137061
0.11060244,0.2849904,0.15835033,0.2203921,0.12560435,0.07159057,0.09651834,0.11598959,0.44076192,0.14108278,0.16308102,0.11417499
0.110752404,0.2894435,0.15756339,0.21877837,0.1429969,0.07234646,0.08110522,0.112012014,0.7446905,0.14106765,0.16312581,0.11608073
0.11042729,0.2875951,0.16332863,0.21107937,0.14187148,0.07290223,0.08813939,0.12324955,0.4917289,0.14108533,0.1631299,0.115537934
0.11074394,0.31354976,0.15738237,0.21408905,0.13425313,0.07164556,0.10343123,0.12763268,0.66792715,0.14105374,0.16309722,0.116494484
0.109963834,0.29193535,0.158783,0.21511073,0.101616085,0.06832768,0.10411385,0.1071893,0.37853447,0.14107847,0.16309988,0.11031073
0.110670276,0.2937958,0.15619224,0.21125239,0.1423997,0.062977694,0.111762986,0.13216466,0.7139967,0.14103268,0.16309762,0.11106699
0.10979138,0.28498998,0.15251875,0.21423614,0.12631853,0.063287064,0.11202364,0.1263922,0.7721481,0.14109102,0.16299254,0.11230793
0.10986495,0.27636516,0.14905612,0.21392328,0.13240921,0.06999496,0.1015865,0.1025167,0.40553403,0.14098252,0.16295063,0.10848231
0.11045653,0.26393458,0.15178518,0.21160637,0.13930409,0.07058228,0.1196975,0.089962006,0.6972733,0.14091225,0.1629473,0.1113878
0.11166297,0.28971255,0.15085952,0.20850721,0.14063044,0.07103678,0.13325247,0.105819725,0.79824454,0.14097014,0.16295515,0.1114698
0.11161696,0.2843514,0.14836416,0.20774147,0.1360636,0.07236358,0.12560408,0.12106275,1.0010545,0.14106263,0.16295433,0.10651091
0.11136829,0.27019566,0.1432775,0.20894396,0.123402886,0.069287606,0.15912053,0.111929566,0.9535355,0.14093716,0.16294806,0.11118288
0.111280255,0.26818603,0.13759588,0.20517628,0.13954802,0.07056724,0.15474223,0.11570502,0.7398423,0.14095123,0.16295065,0.10729147
0.1112715,0.25600857,0.13679826,0.20605408,0.14078715,0.07066305,0.1526391,0.11646932,0.41994786,0.14096975,0.1629542,0.10714133
0.110573255,0.26252437,0.13232465,0.20773128,0.12778854,0.077223614,0.13824704,0.11897476,0.3906564,0.14089774,0.16295296,0.10743478
0.11139482,0.25861067,0.12863457,0.20020437,0.17362124,0.08242646,0.13254072,0.13111009,0.21335626,0.14092767,0.1629534,0.10437582
0.1104326,0.25170636,0.13420166,0.20115952,0.15968578,0.08133061,0.12276785,0.1071319,0.4887976,0.14092276,0.16288997,0.10616875
0.11040006,0.25155187,0.13573813,0.20166597,0.15754175,0.080617785,0.12780021,0.092632905,0.24714687,0.14101477,0.16287884,0.106308766
0.11155437,0.25983244,0.13659614,0.20197234,0.14611,0.0821475,0.12910156,0.10556366,0.3905281,0.14090842,0.16287802,0.10475105
0.11208854,0.25593215,0.13203801,0.19713832,0.1482594,0.08120605,0.17171928,0.09334709,0.55960846,0.1408166,0.16283827,0.1083185
0.11213588,0.24615559,0.13460398,0.19920318,0.1568707,0.08301524,0.16794668,0.09194982,0.55616355,0.14081863,0.16279544,0.10347046
0.11250047,0.2583773,0.13276604,0.20964354,0.15559392,0.07432262,0.1567577,0.10355888,0.59472096,0.14071609,0.16280836,0.10488038
0.11160819,0.25141162,0.13026437,0.2021666,0.14810026,0.07545308,0.15658817,0.111186564,0.8759468,0.14083499,0.1628591,0.1059487
0.11113179,0.24939689,0.12766398,0.20255597,0.15498492,0.076643154,0.16563915,0.12453408,0.92806864,0.14087859,0.16281793,0.10560188
0.110634625,0.23668037,0.12351535,0.20159262,0.1497086,0.074458994,0.15788378,0.10638948,0.39025247,0.140855,0.1628205,0.10672268
0.11052965,0.23695847,0.12036589,0.19749522,0.149181,0.060963124,0.17657068,0.0942895,0.64733297,0.14085233,0.16285084,0.1049447
0.1114257,0.227485,0.12272272,0.1996479,0.10956856,0.064239465,0.17586534,0.09025772,0.32171774,0.14090323,0.16299069,0.102744475
0.11179846,0.2264344,0.11812744,0.19827734,0.13741821,0.06693798,0.16986738,0.083380505,0.36464107,0.14096354,0.16297987,0.101575635
0.11234851,0.21582481,0.120233096,0.19374087,0.13557412,0.0671211,0.18497811,0.096335374,-0.12539062,0.140972,0.16300078,0.103770874
0.11248505,0.213838,0.11918892,0.19400863,0.13492957,0.06890447,0.19566652,0.10432831,0.3235875,0.14100434,0.16301472,0.101218276
0.11239762,0.24160114,0.12503201,0.19201656,0.1381416,0.084411085,0.19688763,0.08689839,0.42765912,0.14098112,0.16302782,0.096664675
0.112042814,0.2405688,0.124159575,0.20210433,0.18685277,0.080413595,0.18191372,0.1017298,0.23082751,0.14100733,0.16304947,0.1013391
0.11164149,0.23109916,0.13106662,0.19869113,0.15618774,0.08371713,0.16347255,0.09299442,0.76393276,0.14100277,0.16305491,0.1048868
0.111460336,0.25109336,0.13368241,0.20210293,0.15223761,0.0830963,0.15995142,0.09462725,0.5585904,0.14102241,0.16302162,0.10168719
0.11235969,0.25307038,0.13977885,0.2011553,0.1675913,0.082081154,0.15070096,0.08976497,0.54001063,0.14100657,0.16305563,0.10443917
0.11216206,0.26222515,0.13490975,0.20307088,0.15926811,0.08580894,0.1526791,0.10455315,0.2758016,0.14103566,0.16306278,0.1049826
0.11139845,0.254809,0.13425237,0.20386373,0.16135652,0.084394105,0.15044473,0.08944081,0.67618716,0.14103483,0.16304803,0.106445745
0.11225534,0.25379813,0.12261409,0.20463365,0.16889378,0.081129774,0.15433651,0.09662649,0.67241997,0.14103198,0.16305685,0.10835515
0.11227766,0.23711129,0.123171456,0.20330895,0.15765972,0.082523115,0.1458745,0.099547036,0.51338494,0.14104562,0.16303307,0.10757518
0.1116072,0.23574714,0.12303464,0.19893192,0.16163214,0.08097064,0.1533471,0.1156642,0.54880786,0.14102072,0.16303544,0.105583414
0.110776,0.2444767,0.12336328,0.19958164,0.16221902,0.07339353,0.20815569,0.12169927,0.5717267,0.1410225,0.1630352,0.104335584
0.11015526,0.23404127,0.12086715,0.21057336,0.1301597,0.08038031,0.16863108,0.110368066,0.18233585,0.1410166,0.16305368,0.10282607
0.11075358,0.23298807,0.12053508,0.20632742,0.1628699,0.085122906,0.18636177,0.102107,0.45735225,0.14099684,0.16305244,0.10396997
0.11139005,0.22889635,0.11953297,0.20329298,0.16492194,0.08652634,0.19140151,0.10271994,0.20309936,0.14102946,0.16304706,0.107056536
0.11126416,0.21394254,0.12038704,0.20458975,0.17563099,0.07890522,0.20624803,0.11351792,0.08381879,0.14098984,0.16306818,0.10634842
0.11087976,0.24264853,0.11657712,0.20312098,0.1558548,0.08330216,0.21600062,0.10520127,0.29283065,0.14104444,0.1630659,0.10478089
0.11106817,0.22360224,0.115427986,0.20047335,0.16081895,0.08501942,0.17086917,0.09386943,0.13016644,0.14107186,0.1630458,0.10162182
0.112098165,0.2222004,0.11305056,0.20107153,0.1606264,0.08584628,0.16491206,0.09645446,0.40988046,0.14099155,0.16306527,0.10531603
0.11204972,0.2192895,0.114528514,0.20295736,0.14849095,0.078473195,0.18995179,0.08684443,0.5197367,0.14115484,0.16306247,0.103524715
0.11185881,0.22559354,0.10992806,0.20032498,0.14569454,0.08121122,0.2138209,0.096975856,0.4865135,0.14104976,0.16300705,0.10399754
0.11145929,0.20423754,0.11251602,0.19798979,0.17464727,0.091368765,0.28708115,0.088468656,0.48370343,0.1410161,0.16304414,0.10031727
0.111496106,0.21164185,0.11025541,0.19844952,0.1888434,0.0893681,0.26524636,0.07864937,0.36090183,0.14100718,0.16305843,0.10225492
0.11217708,0.206376,0.113437295,0.20003045,0.18546689,0.09099383,0.2678641,0.09989488,0.5411682,0.14102125,0.1630643,0.1034121
0.11191617,0.20843998,0.11271668,0.20128392,0.1786642,0.09149653,0.24517792,0.08224483,0.5829187,0.14107846,0.16302074,0.10151338
0.11289209,0.21029271,0.10983655,0.20142105,0.1788441,0.09279688,0.2110203,0.1091227,0.5155067,0.14103535,0.16303626,0.10434487
0.1122502,0.20492478,0.111288704,0.20038939,0.19034602,0.09583174,0.16297305,0.102895275,0.28362918,0.14106081,0.16301556,0.104408816
0.111867025,0.21524468,0.11352682,0.20086238,0.18873677,0.0977196,0.17652974,0.091444135,-0.013399616,0.14108306,0.16305028,0.10148751
0.1116262,0.21969616,0.11134227,0.20113231,0.19549009,0.10512024,0.18207,0.08345036,-0.07351051,0.14100213,0.16310054,0.106232695
0.11218,0.21593688,0.10952538,0.2018636,0.19786657,0.1043882,0.17632592,0.098688304,-0.09305343,0.14105341,0.16307375,0.09202295
0.111580335,0.22063199,0.11194714,0.19972907,0.19774364,0.09945619,0.18903737,0.096176036,-0.1565209,0.14115839,0.16309077,0.10613901
0.11193079,0.20908698,0.113656506,0.20068069,0.18525478,0.09859652,0.16540077,0.08829166,0.22700945,0.14109214,0.16305096,0.10531411
0.11212568,0.22512919,0.1167469,0.19397737,0.1895033,0.08966712,0.1758345,0.09544694,0.2197735,0.14101897,0.16305931,0.10387802
0.11201943,0.21760745,0.11662807,0.19652995,0.17646123,0.089531936,0.18245108,0.08637364,0.18946785,0.1410426,0.16306293,0.10410895
0.11267673,0.23673141,0.11771067,0.20027977,0.14601582,0.09242089,0.23696211,0.099735096,0.4747517,0.14105067,0.1631872,0.102900505
0.11263483,0.2176512,0.11780894,0.20174713,0.18682699,0.094538495,0.23436002,0.098073535,0.46255657,0.14113867,0.16313057,0.10209056
0.11184104,0.23098722,0.12146045,0.20197615,0.18858613,0.09465187,0.22956733,0.07354312,0.30725136,0.14107701,0.16309288,0.105060376
0.11213827,0.22328764,0.12470845,0.20447312,0.19088289,0.085590675,0.22572747,0.08496055,0.66745037,0.14106624,0.16307421,0.105844684
0.11233424,0.23357713,0.12985303,0.20180008,0.17281896,0.08413683,0.22452459,0.09630985,0.30162054,0.1410521,0.16311088,0.10723079
0.11247818,0.24231489,0.1271288,0.20262894,0.14653865,0.086372,0.20171304,0.112297446,0.44929275,0.14109929,0.1631281,0.1025297
0.11133957,0.2349493,0.12615314,0.20802513,0.19197482,0.08874197,0.20896271,0.11446098,-0.02052173,0.14110002,0.16310325,0.10404335
0.11141427,0.23411873,0.132114,0.2069136,0.17325132,0.08890365,0.21010488,0.09868565,0.42977855,0.14104596,0.16298763,0.10702184
0.11117191,0.247663,0.13408758,0.20831,0.16780001,0.078807116,0.2220374,0.10613267,0.39939177,0.14095208,0.1629964,0.10744729
0.11142037,0.2484742,0.13692375,0.20980752,0.16222319,0.08292967,0.2947856,0.104363315,0.38257527,0.14106366,0.16299057,0.111862764
0.11160491,0.25245532,0.12968393,0.21177904,0.17039436,0.078703076,0.27032292,0.119359136,0.15571082,0.14099613,0.16299587,0.10994593
0.11103906,0.23620217,0.12820219,0.21103793,0.15930916,0.084058195,0.22561203,0.11450559,0.59880364,0.1409684,0.16300571,0.10905967
0.11050695,0.24684377,0.122553065,0.20932113,0.1604401,0.098302685,0.2258848,0.091664225,0.6753474,0.14100534,0.16300596,0.10873376
0.10402564,0.22452812,0.124631695,0.21056588,0.19790553,0.09832519,0.22683997,0.10863249,0.6166081,0.14099614,0.1630144,0.10725147
0.10731084,0.24155174,0.12662734,0.21301731,0.21128657,0.10321912,0.27750185,0.10869374,0.6951249,0.1410204,0.1630044,0.10975153
0.10891248,0.2496241,0.13218878,0.21230426,0.1927389,0.09994494,0.25574726,0.114644624,0.22517997,0.14101246,0.16303763,0.11173774
0.109741226,0.23368947,0.1314295,0.21394777,0.19328552,0.09949623,0.24524252,0.121122845,0.22768372,0.14097686,0.16293661,0.11278119
0.10962017,0.24669012,0.12989923,0.21052174,0.19332086,0.0913221,0.24481922,0.11454432,0.5666223,0.1409405,0.16284138,0.11136289
0.11056912,0.24344096,0.1294537,0.21000536,0.16371779,0.09199878,0.22727619,0.09736867,0.46353957,0.14086077,0.1627934,0.1087128
0.11120715,0.23743175,0.13119712,0.21262583,0.18308946,0.09519075,0.22005492,0.106333256,0.63268024,0.14084777,0.16282585,0.10711911
0.11120957,0.2448339,0.12480984,0.21367125,0.1844672,0.09225438,0.2211009,0.08218083,0.59585977,0.14093402,0.16280288,0.11181452
0.11229331,0.236016,0.12038153,0.211768,0.1837235,0.09552826,0.17061198,0.09608549,0.5993539,0.14086506,0.16283172,0.109170526
0.11194096,0.22692825,0.109591246,0.21051861,0.16849543,0.09105562,0.17997602,0.09781907,0.6040512,0.14085409,0.16286874,0.109194286
0.11147834,0.20649119,0.11184426,0.20484138,0.15432483,0.084579736,0.19036044,0.083475634,0.6396917,0.14086321,0.1628543,0.10592595
0.112249516,0.21567585,0.11567218,0.19914697,0.16693059,0.08704179,0.18907268,0.08409572,0.45213777,0.14089675,0.16286236,0.10169918
0.112418994,0.22286259,0.11917297,0.19907251,0.16099635,0.09276535,0.1559114,0.09888252,0.22730535,0.1408421,0.16289724,0.10406782
0.11214954,0.22219947,0.119817555,0.19798772,0.1768826,0.087285295,0.16621666,0.095388904,0.40249988,0.1409381,0.16288736,0.1003465
0.11225757,0.22466417,0.1266002,0.19700655,0.1532805,0.08728828,0.17195445,0.09865499,0.51450187,0.1408934,0.16286755,0.10307207
0.11244295,0.21895997,0.122757874,0.19089435,0.17636777,0.08399539,0.17105037,0.0819183,0.7200696,0.14085868,0.1628425,0.1040808
0.11221331,0.23448414,0.118704215,0.19470717,0.16704221,0.08080693,0.14445238,0.06972389,0.9844078,0.14086977,0.16274709,0.101624385
0.11244908,0.22082496,0.11619797,0.18995081,0.16154528,0.08118117,0.16531673,0.100847825,0.67753524,0.14077759,0.1627646,0.10442516
0.11248069,0.22194277,0.11613031,0.18519391,0.16243006,0.08466012,0.17085496,0.12111772,0.6114501,0.14092755,0.16277793,0.09684197
0.11167832,0.23140629,0.11827757,0.18242967,0.16169915,0.0833546,0.17716287,0.115751185,0.47610223,0.14082234,0.16282184,0.09898064
0.11081138,0.22899777,0.11739145,0.18620613,0.15558401,0.0815338,0.18215987,0.1114288,0.8091936,0.14083302,0.1628209,0.09689084
0.110848725,0.22801827,0.11955187,0.18993472,0.15351108,0.08059055,0.16450147,0.10994503,1.1148865,0.14083508,0.1628246,0.09958995
0.11128509,0.22783965,0.12619455,0.19201814,0.1704898,0.08234048,0.1644883,0.106438875,0.72107667,0.14083154,0.16280824,0.10113454
0.111248046,0.2515897,0.12634069,0.19074766,0.1636732,0.08133337,0.15018743,0.095007285,0.607237,0.14085406,0.1628042,0.103601165
0.1111913,0.23901579,0.12317363,0.20216557,0.15558983,0.08247827,0.11071144,0.12103036,0.584494,0.14085382,0.16280161,0.103378326
0.11099302,0.24042447,0.12516986,0.20065238,0.18157083,0.08275627,0.13531066,0.11197785,0.8414813,0.14084437,0.16279544,0.10584958
0.111302346,0.23802963,0.12622759,0.19924928,0.16195989,0.08265052,0.12671022,0.09508732,0.76831144,0.1407784,0.16280825,0.10664075
0.111217916,0.2416754,0.12629603,0.19779257,0.16861093,0.08308243,0.119051635,0.10185626,0.53298056,0.14081092,0.16276719,0.10431133
0.1117197,0.24031857,0.12786037,0.19353831,0.15519385,0.07487395,0.12676756,0.11934015,0.48177263,0.14082997,0.16278827,0.103732705
0.11072802,0.2533536,0.12688853,0.20037487,0.1609507,0.06639133,0.09786992,0.12526585,0.59617335,0.14079954,0.1627965,0.099706694
0.11099427,0.23473853,0.12347697,0.20305176,0.14153281,0.06514751,0.09430376,0.10200895,0.49138194,0.1407805,0.1627921,0.10353534
0.11122305,0.2299624,0.12401375,0.19850485,0.12859084,0.06476539,0.10762263,0.11879691,0.6236955,0.14086016,0.16280848,0.10277664
0.11047903,0.22888307,0.124083824,0.19426917,0.136496,0.05164735,0.11756666,0.09790203,0.5040649,0.14084393,0.16280329,0.10514027
0.11091971,0.23627754,0.12340372,0.19518876,0.110224806,0.055736717,0.14468342,0.10272183,0.6844775,0.14085475,0.16281521,0.10092965
0.11116233,0.24038333,0.1285016,0.16862857,0.11508906,0.048466668,0.1327034,0.1019911,0.6130825,0.14083292,0.16279465,0.09918964
0.11116409,0.2421594,0.12852347,0.17314541,0.10240267,0.04665605,0.12950231,0.09585714,0.6527295,0.14084724,0.16279228,0.09247622
0.11149439,0.23986591,0.12752019,0.17695656,0.09236908,0.047068827,0.12567714,0.09397939,1.0596541,0.14081556,0.16280404,0.088593274
0.11135292,0.24792854,0.13258177,0.18084922,0.100188494,0.05540639,0.12041867,0.11071612,0.78395677,0.14085041,0.16283752,0.09376862
0.11078572,0.2529632,0.1318507,0.17750858,0.10210737,0.056820463,0.10268594,0.1133071,0.39771554,0.1408677,0.16285637,0.09523472
0.11063071,0.2479335,0.13090527,0.17758112,0.10911519,0.05848252,0.10203165,0.110611886,0.70194787,0.14084591,0.16283274,0.094046205
0.11144747,0.25772157,0.13060443,0.18024763,0.14066438,0.06031376,0.114613175,0.10208297,0.7398151,0.1408807,0.16285706,0.09392619
0.11191006,0.24929552,0.13099253,0.18112352,0.12570709,0.06657559,0.108789906,0.118791685,0.5964786,0.14101397,0.16283134,0.09740803
0.110845685,0.25867248,0.13016617,0.1869743,0.13581556,0.065329246,0.1080654,0.099168524,0.69790393,0.14084713,0.16283345,0.099279836
0.110854395,0.24553888,0.12952271,0.18389007,0.12936847,0.0675892,0.12770815,0.109487265,0.44876513,0.1408716,0.16278799,0.09950957
0.11543815,0.24536501,0.12855525,0.19174059,0.13698213,0.06920593,0.08395198,0.10933355,0.27334327,0.14082912,0.16279902,0.098438255
0.113229424,0.24043053,0.12951621,0.19310148,0.15963417,0.08174345,0.07569969,0.10671169,0.37104526,0.14081526,0.16285484,0.102587916
0.112351865,0.24819137,0.12886433,0.1917492,0.15218286,0.0825593,0.10338426,0.09963688,0.52047026,0.14092335,0.16290773,0.104000464
0.11268812,0.23881854,0.12930593,0.19445609,0.15811165,0.08008837,0.09089541,0.09773348,0.57229465,0.14094456,0.16290891,0.1015985
0.112252295,0.24222414,0.12516265,0.19604573,0.15333714,0.07862585,0.113977015,0.10947895,0.21774077,0.14095625,0.16293654,0.10777788
0.11130187,0.22505608,0.12566957,0.19584657,0.12993154,0.07393768,0.12320515,0.110378675,0.32637814,0.14094494,0.1629864,0.10196721
0.11129038,0.2366545,0.12719703,0.19585052,0.14680274,0.07239493,0.1435461,0.11108585,0.57049984,0.14100355,0.1631755,0.103062145
0.11118891,0.23876427,0.12609749,0.19323525,0.14805913,0.07067019,0.13868956,0.121416405,0.590429,0.1410973,0.16308637,0.10271474
0.11038385,0.23904258,0.12733825,0.1952944,0.1301672,0.063428275,0.13188535,0.1108287,0.6168557,0.14105326,0.16308461,0.10390617
0.11026544,0.23713914,0.12583232,0.19343022,0.12785062,0.06565842,0.1356409,0.11617815,0.5940638,0.14115813,0.16301699,0.0996854
0.11086536,0.20778422,0.12772314,0.18996161,0.13321844,0.064137846,0.13746314,0.1031262,0.6372082,0.14097604,0.16300674,0.10390179
0.11074861,0.23713925,0.12426636,0.18469971,0.11583962,0.06631436,0.14724414,0.09416534,0.64896876,0.14099336,0.16304627,0.09634334
0.11199357,0.23073126,0.12275361,0.18585229,0.1275984,0.068377875,0.15196247,0.090968445,0.07304108,0.14103656,0.16305302,0.0964922
0.11170769,0.2328498,0.118373744,0.18651442,0.1301306,0.068288766,0.13767701,0.082253486,0.33013114,0.14104961,0.16305092,0.09707526
0.11181122,0.23166193,0.12643187,0.18356219,0.13616589,0.07053673,0.09793338,0.09043872,0.3572146,0.14103396,0.16307741,0.097805835
0.112446226,0.24256009,0.13078305,0.16092612,0.13873056,0.07186207,0.10390982,0.09167333,0.38385883,0.14105651,0.16308895,0.0976559
0.111928456,0.24110672,0.13001257,0.17135322,0.14364389,0.0704526,0.11384216,0.09985576,0.45892382,0.14108594,0.16303585,0.091934
0.11253037,0.24623021,0.13344035,0.18235107,0.13671516,0.06751828,0.09768052,0.10598544,0.22596048,0.14103337,0.1630893,0.094060324
0.11200027,0.2693151,0.13327132,0.18683797,0.13240151,0.065882154,0.07987889,0.103922784,0.38835424,0.1410237,0.16309385,0.099293105
0.1117035,0.24917985,0.12081771,0.18728456,0.12456792,0.06436784,0.07919015,0.11986174,0.50866896,0.14105938,0.16307409,0.101811625
0.11070405,0.23563679,0.11877112,0.187472,0.12716334,0.065463126,0.03780271,0.0953788,0.5054255,0.14105289,0.16307476,0.09632706
0.11141216,0.23747931,0.11752113,0.18731342,0.12361326,0.06870376,0.06994741,0.08289205,0.32486892,0.14100288,0.1631011,0.09782933
0.112305924,0.24092291,0.11892196,0.18920095,0.12690881,0.068601765,0.028853435,0.06262629,0.055763096,0.14109671,0.16314271,0.09818429
0.11315443,0.22902477,0.11789029,0.1929183,0.13518733,0.065791264,0.037498165,0.07781273,0.1262285,0.1410951,0.1631354,0.096864656
0.100619696,0.23088713,0.121470794,0.19089104,0.14026713,0.06678541,0.038148798,0.10244457,0.05765347,0.14113621,0.16314135,0.10002882
0.10552651,0.23870601,0.12573582,0.18918714,0.14190201,0.06727478,0.026062168,0.11073766,0.43363464,0.14112806,0.16308403,0.10419878
0.10827338,0.2372085,0.12808114,0.1900018,0.13069986,0.0804143,0.049073122,0.10796419,0.21588391,0.14105336,0.16302818,0.10087686
0.10944741,0.24327701,0.12995927,0.1928999,0.15427148,0.08065403,0.05217626,0.09991436,0.2502934,0.14101921,0.16303834,0.10075762
0.11075765,0.25771177,0.12661639,0.190603,0.1495421,0.07884472,0.08520831,0.10850598,0.45746174,0.14102376,0.16304073,0.10221087
0.110533096,0.2448444,0.12459828,0.18797354,0.15237966,0.078808196,0.09952255,0.112322345,0.420844,0.14103948,0.16316615,0.1003617
0.11089773,0.22499149,0.12971394,0.18395971,0.15199463,0.06855397,0.12026448,0.11749786,0.20510834,0.14109695,0.1631394,0.09827739
0.110716484,0.2385465,0.13115603,0.19016698,0.13502286,0.067714706,0.124653034,0.12308513,0.89390284,0.14109004,0.16304597,0.10095308
0.11067935,0.27259487,0.12833445,0.18659489,0.12944517,0.087541655,0.12710404,0.12188214,0.6025484,0.14103994,0.16304408,0.09942495
0.11054575,0.26878837,0.1247861,0.18567418,0.16388348,0.08310565,0.122037515,0.09616826,0.2869244,0.14099932,0.16303648,0.09802171
0.11160279,0.23108104,0.11934853,0.1895562,0.15776333,0.0828162,0.117427826,0.08550057,0.57200384,0.14102052,0.16299278,0.10017286
0.11165986,0.23068316,0.117101386,0.18425314,0.15756847,0.0822269,0.15632728,0.0862765,0.6170556,0.14096156,0.16296159,0.09995591
0.11166751,0.22421661,0.119304754,0.1849506,0.16703567,0.080818206,0.18851444,0.08325642,0.28821266,0.14098282,0.16297571,0.09875265
0.1122823,0.22254707,0.117059276,0.18753347,0.1708947,0.08024005,0.20195897,0.100777395,0.21749133,0.14096837,0.16296859,0.0991072
0.11239378,0.22194937,0.11423025,0.19059844,0.17106517,0.07884585,0.16837645,0.090987295,0.086066365,0.140977,0.16300209,0.100428365
0.112517186,0.22145666,0.11484822,0.1930408,0.15406744,0.07653335,0.2082352,0.08625886,0.12349445,0.14098369,0.1630048,0.101436704
0.11212539,0.2211655,0.109560974,0.19164407,0.15251744,0.0783288,0.20863113,0.09652515,0.2126277,0.14100398,0.16301517,0.09870736
0.11198759,0.21167284,0.10761559,0.19214031,0.14983016,0.08394601,0.20837483,0.08853106,0.060112715,0.14101134,0.16305043,0.09772333
0.1127455,0.21395414,0.11235833,0.19654743,0.14785962,0.08160535,0.22794306,0.09845416,0.09286998,0.14103281,0.16307332,0.09860275
0.11188889,0.20766287,0.10840535,0.19626655,0.16633123,0.07780836,0.21474391,0.10964299,-0.02052641,0.14105493,0.16308458,0.10010014
0.111103185,0.20024152,0.10999938,0.19205472,0.15443215,0.0804147,0.20616199,0.0930665,0.22303542,0.14105876,0.16309492,0.10144513
0.111171044,0.20623438,0.1068805,0.19387428,0.15751302,0.08185632,0.21544105,0.10732833,0.36938733,0.14106683,0.16310997,0.099564575
0.11160849,0.21897784,0.108900085,0.18584017,0.16715237,0.07815423,0.20365089,0.09187451,0.45172858,0.14105222,0.16306435,0.100031756
0.11192305,0.21265998,0.1094807,0.18414992,0.15240358,0.07612615,0.17605895,0.08675261,0.35371134,0.14106612,0.16308565,0.096419536
0.11201763,0.21190496,0.10798872,0.187142,0.17396536,0.06133476,0.17863396,0.08377823,0.48021168,0.14104512,0.1630996,0.0950255
0.11193177,0.2193126,0.11207853,0.18814924,0.12141121,0.06973939,0.18492527,0.09927748,0.44931927,0.14110485,0.16313568,0.09843746
0.11143059,0.20106071,0.120068975,0.1878485,0.14405009,0.07931833,0.15095723,0.087621644,0.6121119,0.1410618,0.16314271,0.09482584
0.11150568,0.22944795,0.1350425,0.18738645,0.13809578,0.080562174,0.15574543,0.08778556,0.22804333,0.1411119,0.1631616,0.09864507
0.10821243,0.25498185,0.13335006,0.1929201,0.16000207,0.08041617,0.15700044,0.07261635,0.22650331,0.14112656,0.16317113,0.09853964
0.11045342,0.26244083,0.13357377,0.19388612,0.15553887,0.073434606,0.16802381,0.09723073,0.65172374,0.14111538,0.1631773,0.106213056
0.11129861,0.24810359,0.12864384,0.19737229,0.14453748,0.073373556,0.15083915,0.09091264,0.32913703,0.14108573,0.16319592,0.10455223
0.11133858,0.24897899,0.12481753,0.19734104,0.14638887,0.07361778,0.15084748,0.081690535,-0.053699017,0.14114295,0.16319938,0.10265209
0.11200369,0.2486544,0.1285453,0.19412084,0.1504156,0.07612177,0.14815405,0.10138993,0.18324633,0.14115278,0.16320837,0.105320655
0.11177974,0.23872188,0.129749,0.19585796,0.14602539,0.07118452,0.14738755,0.10274161,0.34806123,0.14115469,0.16319032,0.10329532
0.11124772,0.24596633,0.1294024,0.1971878,0.1418438,0.068886675,0.22816166,0.11196532,0.31667158,0.14110002,0.16315001,0.10328534
0.11128945,0.2351299,0.122428425,0.19581372,0.14736441,0.067398965,0.21629404,0.11326492,0.5027403,0.14109954,0.16317591,0.10152395
0.11067698,0.23188032,0.12177753,0.19382012,0.14271861,0.066705994,0.22527416,0.1154148,0.51814544,0.14112012,0.16320333,0.10316089
0.11051078,0.21604347,0.12412753,0.19393119,0.14076038,0.069455124,0.26299682,0.10419698,0.41309518,0.14114793,0.16319661,0.098697916
0.110900834,0.22678338,0.11633404,0.19517255,0.1455474,0.06366481,0.2534048,0.109143205,0.49290732,0.1411209,0.16315864,0.097425774
0.11118731,0.21126486,0.12185833,0.20086019,0.12637623,0.07201079,0.18212846,0.11082925,0.37674227,0.14111826,0.16316049,0.10050481
0.11151431,0.23366892,0.11800042,0.19980356,0.15307547,0.07413126,0.19925483,0.096365035,0.5180235,0.14121844,0.16319199,0.101940766
0.11256113,0.19383699,0.1158087,0.20783326,0.15192683,0.076256745,0.21585943,0.07840015,0.5126482,0.14113975,0.1631945,0.10390599
0.11319998,0.22300376,0.116090566,0.2080311,0.14868261,0.082513064,0.2270386,0.08288147,0.32413113,0.14114828,0.16318952,0.10537992
0.112588875,0.21588309,0.123691194,0.20482548,0.16406943,0.08550064,0.2023935,0.094178215,0.40241167,0.14106059,0.16321985,0.10424524
0.11245295,0.2453982,0.12866935,0.20492768,0.16863452,0.07630643,0.21417005,0.08183338,0.12250996,0.14116164,0.16323322,0.10596238
0.112593986,0.24187618,0.12470286,0.20595293,0.16657913,0.083123595,0.2011207,0.09351457,0.14858073,0.14117965,0.16332097,0.104232416
0.11195319,0.23053154,0.12160451,0.2054611,0.16159703,0.08936616,0.20808843,0.09924582,0.49579,0.14124112,0.16327386,0.10523607
0.11144295,0.23248997,0.11820887,0.20344609,0.17391902,0.087314,0.2123697,0.095909774,0.30903822,0.14118762,0.16326956,0.10613914
0.112312734,0.21765505,0.123773366,0.20126702,0.16181098,0.08553847,0.208298,0.10020679,0.45981032,0.14118221,0.16330257,0.10311838
0.11197937,0.23463985,0.12154642,0.19775078,0.16193748,0.08401312,0.22724023,0.08924958,0.45796868,0.14117537,0.16330947,0.10428655
0.11175061,0.22308955,0.12750672,0.19714515,0.1460997,0.078845784,0.21943258,0.088888735,0.4595455,0.14123997,0.16328432,0.10383182
0.11163917,0.23465756,0.12333576,0.19676071,0.1407079,0.07705628,0.21351069,0.09731755,0.3500055,0.14118561,0.16331102,0.10161558
0.11185406,0.2311521,0.13685754,0.20216544,0.15406016,0.07772286,0.17495655,0.08458643,0.1373412,0.14116582,0.16329433,0.099053435
0.11241732,0.26367557,0.13177742,0.20391053,0.14971341,0.07739038,0.19568563,0.097717606,0.64735866,0.14120464,0.1633056,0.10520635
0.111735456,0.24839064,0.13183141,0.20102078,0.13512672,0.07702936,0.1871279,0.0884866,0.33105606,0.14122026,0.16329446,0.10875606
0.111642905,0.24661809,0.13154383,0.2028949,0.16240293,0.08070247,0.18321335,0.07650919,0.6223318,0.14115407,0.16330524,0.10482271
0.11291482,0.2537444,0.13179594,0.20374984,0.1684661,0.08298654,0.17977688,0.08643126,0.26054764,0.14123064,0.16326386,0.10722738
0.1127053,0.2515957,0.1346373,0.2071912,0.16520908,0.079884894,0.18078591,0.091120616,0.51220506,0.1412519,0.16331095,0.10673544
0.113126874,0.26139128,0.14026678,0.21007426,0.15187982,0.07558829,0.17989002,0.08580893,0.5064768,0.14122115,0.1633277,0.10553816
0.11246387,0.2559031,0.13453375,0.20399727,0.1356405,0.08123798,0.15845783,0.09588051,0.24561614,0.14137177,0.16335607,0.108992144
0.11181426,0.24719489,0.13663195,0.21127005,0.15905507,0.07308319,0.17117618,0.094034374,0.4711065,0.14122424,0.16330928,0.10811263
0.11152195,0.26011732,0.1365914,0.20482568,0.14763355,0.06475278,0.14254194,0.11236949,0.2637421,0.14125246,0.16331396,0.108047634
0.1113493,0.2640021,0.13452388,0.20314337,0.13058631,0.06648661,0.14701086,0.10803919,0.5292909,0.14114097,0.16330609,0.106378675
0.11086244,0.25501093,0.12106832,0.1993746,0.11511236,0.065172434,0.13735478,0.11158197,0.15305093,0.14121714,0.16330951,0.10587335
0.11131888,0.22487655,0.12813736,0.19700313,0.1409631,0.0679148,0.14304292,0.07450721,0.36186895,0.14118715,0.16330114,0.10243231
0.11205509,0.23807007,0.12521482,0.19788058,0.13276713,0.08927031,0.122764274,0.07481399,0.08027387,0.14121999,0.16330197,0.09924363
0.112587966,0.23658895,0.12785354,0.19568926,0.1707654,0.09547132,0.15001564,0.056615356,-0.16027737,0.14114863,0.16329785,0.10084513
0.113034084,0.23665684,0.12889262,0.19492844,0.19257927,0.10574425,0.22405973,0.082854204,0.1707382,0.14122872,0.16314505,0.10335916
0.112501174,0.25385353,0.12705463,0.19844876,0.15948534,0.10206289,0.20146582,0.09420152,-0.019293547,0.14110741,0.16316164,0.10632697
0.11262918,0.2366192,0.12587713,0.20264837,0.19188455,0.10466923,0.19523257,0.09616826,0.03812045,0.14109372,0.16315573,0.10369917
0.11316167,0.2530688,0.13358045,0.21035986,0.19196227,0.09952647,0.17918897,0.08392084,0.21071887,0.14108117,0.16315886,0.10580299
0.1125379,0.24796046,0.14049733,0.22043836,0.19303979,0.082372,0.18199892,0.10619858,0.27738136,0.14111869,0.162993,0.11012366
0.11155061,0.2693445,0.13537127,0.22069815,0.16721435,0.07620817,0.18686348,0.08557745,0.66077733,0.14096707,0.1629929,0.11436518
0.11259916,0.25281572,0.13149837,0.22121376,0.15758096,0.08101398,0.18484952,0.08628556,0.832365,0.14098716,0.16299617,0.11525042
0.11916207,0.24125814,0.14426671,0.21623951,0.15616637,0.07530744,0.18792519,0.101045646,0.7915832,0.14100038,0.1629544,0.09898117
0.1158324,0.2726741,0.14036286,0.21769188,0.15478766,0.07893432,0.18640938,0.11576508,0.88772535,0.14098243,0.16292483,0.11225882
0.1134745,0.25922135,0.1396503,0.216368,0.15598707,0.08036818,0.16357277,0.101501316,0.85404855,0.14093561,0.1629155,0.11357217
0.112411976,0.25158307,0.13430244,0.21565561,0.1622724,0.084689766,0.18607704,0.0958444,0.8337883,0.1408636,0.16288875,0.10926733
0.11238419,0.27547452,0.13157862,0.21461572,0.15966746,0.08839009,0.1863351,0.1041702,0.776294,0.1409155,0.16291755,0.10881223
0.112273894,0.21590686,0.12778369,0.21267785,0.17931624,0.07831445,0.181433,0.09688747,0.40111253,0.14092308,0.16288626,0.110179685
0.112279885,0.23643987,0.12323405,0.21210456,0.15658867,0.07372353,0.15661314,0.090764865,0.43259132,0.14091198,0.16292427,0.10790149
0.11209011,0.2289146,0.122786395,0.20844036,0.15854117,0.07738113,0.16647042,0.08822352,-0.022420615,0.14093739,0.16290872,0.11353647
0.11183984,0.23655953,0.11117065,0.21527675,0.14031252,0.07805827,0.16806215,0.10525723,0.29997784,0.1409128,0.16294312,0.10625119
0.11142957,0.21287553,0.1149592,0.21440749,0.1575955,0.08204359,0.17921138,0.09531169,0.470799,0.14091493,0.1629742,0.10858022
0.11224859,0.22140802,0.11778796,0.208985,0.16456544,0.07562386,0.21030603,0.09620699,0.30919898,0.14093204,0.16295984,0.10945337
0.11168983,0.22250856,0.11812673,0.2063916,0.15844871,0.08737985,0.22065601,0.10534137,0.58220917,0.14104192,0.16295743,0.10456982
0.11112337,0.22749826,0.13168402,0.21371816,0.15712123,0.08373463,0.22008228,0.09352434,0.83562195,0.14096063,0.16291435,0.10539632
0.11116836,0.24092138,0.12903842,0.2093299,0.16693254,0.08516593,0.20754577,0.1095881,0.49423325,0.14093576,0.16292007,0.108543225
0.11131696,0.23756115,0.12862416,0.20863299,0.16811639,0.08624111,0.21601328,0.12085086,0.79421204,0.14103256,0.1629392,0.10762348
0.110468775,0.23816258,0.127066,0.20386562,0.17367046,0.089842975,0.210995,0.12008247,0.37494203,0.1409284,0.16284701,0.1062201
0.11063542,0.23184374,0.12471107,0.2042051,0.17448469,0.09017832,0.24455959,0.10183345,0.7012548,0.1408527,0.16285485,0.10622633
0.11103677,0.23330897,0.11763149,0.20561792,0.17497416,0.08045992,0.2051759,0.092906475,0.8228452,0.14084837,0.1629057,0.106098615
0.111587726,0.21973743,0.11592806,0.19865501,0.15474734,0.07988275,0.2508785,0.09975474,0.3752181,0.1409238,0.16292313,0.10596477
0.11182959,0.22111629,0.11563723,0.20347545,0.16434695,0.09538878,0.233793,0.087326825,0.59046227,0.1409422,0.1629175,0.10246019
0.112100035,0.21930756,0.11671656,0.20023525,0.18309031,0.102993004,0.22948745,0.095393084,0.4390297,0.14092037,0.16281965,0.10386613
0.11267845,0.22140545,0.12171142,0.20350185,0.20027299,0.09162126,0.2280994,0.11759779,0.39528388,0.14084825,0.1628239,0.10563
0.11188723,0.23155951,0.12195096,0.20699239,0.17653307,0.07967645,0.23768085,0.09979926,0.4859451,0.14080435,0.16285181,0.11203865
0.11139151,0.23020029,0.1270544,0.20538862,0.15310946,0.08521862,0.22025192,0.096302465,0.7281183,0.14085644,0.1628551,0.108552665
0.111975476,0.22779179,0.124558814,0.20793703,0.17634518,0.08933352,0.22917947,0.08658108,0.45413065,0.14088796,0.1628712,0.10678694
0.11205064,0.23535131,0.12402382,0.20965314,0.18128917,0.09220461,0.30651078,0.09945644,0.54315704,0.14088847,0.16288374,0.106344305
0.112980135,0.23284069,0.12162765,0.20682189,0.17976065,0.09099337,0.28487694,0.11300914,0.38883632,0.14092295,0.16290475,0.11101269
0.11255583,0.23763901,0.12776873,0.20550232,0.17228913,0.089988515,0.28170243,0.10608057,0.63964534,0.14092356,0.16290651,0.106030785
0.111563645,0.23810607,0.124777086,0.20762475,0.19039908,0.090123445,0.28344056,0.0912762,0.22523212,0.14092472,0.16286111,0.10704071
0.112065844,0.22618543,0.1222008,0.20798142,0.17177252,0.08616344,0.2781105,0.09772271,0.21108082,0.14086948,0.16286804,0.107937485
0.11214435,0.22868018,0.119981155,0.20857526,0.16565745,0.080638476,0.28187492,0.09725727,0.5078429,0.14089675,0.16290458,0.10616551
0.11219991,0.21966445,0.11804824,0.20959632,0.15784027,0.08353898,0.2869578,0.093798764,0.14990836,0.14099947,0.16290556,0.10499148
0.11173461,0.22087137,0.115658484,0.20355342,0.16821069,0.08531093,0.3172523,0.09562522,0.035012513,0.14093246,0.16293667,0.10516021
0.111432716,0.21702887,0.105475254,0.20017862,0.17144394,0.09556332,0.29811442,0.09926792,0.27179107,0.14094746,0.16295847,0.10578093
0.1117612,0.1939849,0.10833588,0.20432444,0.18568334,0.096389845,0.2937646,0.10137806,0.6121776,0.14095798,0.16297686,0.10292312
0.11150159,0.22225478,0.107941024,0.2020056,0.18890592,0.095232844,0.2837054,0.09272956,0.5009224,0.14098275,0.16299278,0.10351522
0.11221374,0.20477326,0.11446014,0.20465982,0.171038,0.096687816,0.27613524,0.0881747,0.5224181,0.14096549,0.16300839,0.10817757
0.11190722,0.2190489,0.109311245,0.19949916,0.18899901,0.09249757,0.27703878,0.07800069,0.46104908,0.14100368,0.16302204,0.106182404
0.11308658,0.20727555,0.109536104,0.19473605,0.18185696,0.09382493,0.2765842,0.08902093,0.51543856,0.14101867,0.16304679,0.10315804
0.112348005,0.20520134,0.110651046,0.19433028,0.16577369,0.10195597,0.17258254,0.09783837,0.33237547,0.14103334,0.16305834,0.10200014
0.11251519,0.21989588,0.11198277,0.19226992,0.19400753,0.09806584,0.16802537,0.08872454,0.21169403,0.14097795,0.1631971,0.101399235
0.11205188,0.22140568,0.11294485,0.19265111,0.19108072,0.09901618,0.17336076,0.08358139,0.13332197,0.1410803,0.16319942,0.10104304
0.11232867,0.22273827,0.113979034,0.18924087,0.1920207,0.09693629,0.18029897,0.08710994,0.27361545,0.14116064,0.16303633,0.10142496
0.11199982,0.21516243,0.11365076,0.18805498,0.18940154,0.09481549,0.16924092,0.11194675,0.68317956,0.14099646,0.16299611,0.10003449
0.11236235,0.23325442,0.107591674,0.1931411,0.17514631,0.08821079,0.17325254,0.12466204,0.35761645,0.14092226,0.16292256,0.10287307
0.1111382,0.20795661,0.10789527,0.19379705,0.1715624,0.088470794,0.21302974,0.112463556,0.3157859,0.1409305,0.16293427,0.10150023
0.11136553,0.21615233,0.10783921,0.18859282,0.18005614,0.08932512,0.23516308,0.11581449,0.33509433,0.1409319,0.16290163,0.0969967
0.11146291,0.2108338,0.1083357,0.18644749,0.17810464,0.088986926,0.2442337,0.124415725,0.46620998,0.14092141,0.16290261,0.09933551
0.1114113,0.20426632,0.10346798,0.18708658,0.19679104,0.0958844,0.24225098,0.11442188,0.4748815,0.14092125,0.16287746,0.10029449
0.111304544,0.21355946,0.10764646,0.19132876,0.18294205,0.092769444,0.20491995,0.095085695,0.11080116,0.14090116,0.16287948,0.10238425
0.112263106,0.19982742,0.11511133,0.18768713,0.17989302,0.09248634,0.19806235,0.0996733,0.13118875,0.14088067,0.16289133,0.09979465
0.11159573,0.23148409,0.11633265,0.1892624,0.21291256,0.091273285,0.18778014,0.1037224,0.3064012,0.140916,0.16286649,0.10076147
0.11112073,0.22883557,0.116351575,0.1923272,0.1786229,0.091746666,0.21749407,0.094302386,0.09479526,0.14087592,0.16286668,0.104622334
0.11188979,0.23555498,0.115191676,0.19642784,0.1776413,0.0886088,0.2115814,0.086468786,0.4148909,0.1408922,0.16290082,0.1046585
0.11223193,0.2150434,0.1118359,0.19774711,0.17647018,0.091271065,0.21217093,0.10718781,0.30788064,0.14093316,0.16290595,0.10363971
0.11135832,0.20759101,0.10732102,0.2028575,0.17822711,0.08936085,0.18061623,0.10193112,0.41682976,0.14094482,0.16286919,0.10251376
0.11141955,0.21355203,0.10766378,0.20395298,0.134729,0.091358215,0.22276229,0.11377283,0.47900346,0.14089786,0.16285571,0.10478635
0.110955164,0.20729487,0.11057126,0.19769555,0.17340124,0.09317406,0.22563946,0.10172787,0.29698956,0.14088136,0.16288777,0.1003314
0.11121045,0.21482286,0.11080445,0.1970146,0.17949784,0.106809184,0.24416472,0.09021421,0.40630618,0.14092293,0.16287233,0.10328313
0.11168491,0.21603742,0.107710026,0.19878708,0.20114008,0.10534199,0.23859288,0.09069912,0.7616485,0.1408849,0.16288435,0.102649
0.111550935,0.2146518,0.11212233,0.19370608,0.1850103,0.10384812,0.25185716,0.10062952,0.49175513,0.1409281,0.1628964,0.10062257
0.111560546,0.21542302,0.11027522,0.19381613,0.20151894,0.102127366,0.24499823,0.0896382,-0.04977867,0.14092022,0.16288863,0.10328801
0.1118886,0.20632622,0.11136714,0.19800611,0.19199885,0.10133896,0.2397674,0.09013047,0.0015236139,0.14092927,0.16290899,0.10237609
0.111676306,0.20870644,0.1012574,0.20145714,0.19263192,0.10877572,0.2377987,0.10618174,0.6982209,0.14090262,0.16295116,0.10015653
0.11131517,0.19698331,0.09881986,0.19717169,0.21052507,0.10566564,0.23192713,0.10725719,0.5955069,0.14096947,0.1629558,0.10451847
0.11086721,0.19835559,0.10161238,0.19711028,0.20260338,0.10587875,0.23615249,0.10355126,0.5669946,0.14096281,0.16296156,0.102526404
0.110737115,0.19990894,0.104367025,0.19459279,0.18493907,0.10563345,0.23828812,0.09236015,0.43629643,0.1409501,0.16289756,0.10124362
0.11136935,0.20192978,0.095218,0.19318044,0.19638784,0.10196879,0.25054193,0.061541017,0.50855875,0.14090362,0.1629002,0.10289504
0.11305952,0.18091728,0.099216305,0.1926106,0.1997179,0.10259811,0.24787852,0.08570554,0.16244651,0.14092883,0.16290663,0.09761008
0.11302753,0.19096686,0.09795157,0.19512723,0.19164309,0.10251228,0.26904795,0.10715477,-0.041924447,0.140972,0.1629408,0.09930566
0.11260398,0.19035262,0.1003234,0.19533946,0.19245276,0.110027075,0.27000865,0.100307874,0.15289596,0.14095064,0.1629295,0.1005094
0.11257919,0.19590752,0.10762348,0.19622082,0.19908391,0.10971171,0.27330726,0.09955374,0.47347617,0.1409456,0.16293822,0.10311647
0.11221528,0.20405038,0.10725935,0.19473892,0.20726623,0.11381333,0.26774302,0.10560331,0.36232102,0.14093575,0.16296771,0.106521904
0.11139599,0.21042734,0.108272,0.19112928,0.21589717,0.11230973,0.26731437,0.10574947,0.2325717,0.14096163,0.1629685,0.100905776
0.11170031,0.2156282,0.112585045,0.19376118,0.20563881,0.102160685,0.21103466,0.09620574,0.041666985,0.14098087,0.16297823,0.10414126
0.11139736,0.21694762,0.11393202,0.19328701,0.19527884,0.09076083,0.20470524,0.08007374,-0.073786825,0.14097679,0.16296168,0.1040344
0.111709714,0.2115882,0.11272651,0.19580114,0.18560688,0.09073232,0.20363757,0.09572574,0.2661916,0.1409805,0.16295859,0.10074593
0.111863896,0.2157769,0.109694324,0.1917513,0.17236826,0.08803158,0.21234007,0.08328655,0.06504044,0.14096983,0.16300862,0.10331224
0.11231162,0.20792729,0.113121755,0.20109384,0.17015351,0.08850987,0.26278993,0.082043946,0.22149143,0.14100192,0.16284971,0.09955392
0.11213956,0.21530026,0.10958547,0.2012837,0.16832486,0.09728352,0.22917199,0.08691905,0.48660335,0.14084287,0.16281806,0.10153003
0.11250109,0.21643816,0.110647,0.20010485,0.17304333,0.10048567,0.22956663,0.07386181,0.28128737,0.14086935,0.16283345,0.103675626
0.11345043,0.2144997,0.10730867,0.20252308,0.18823563,0.100185715,0.23693278,0.07766484,0.3671502,0.1408847,0.16285953,0.10444054
0.11362144,0.21704492,0.10417238,0.20715973,0.19186556,0.10065578,0.2550694,0.081811205,0.18824816,0.14088315,0.16284649,0.10330023
0.113218,0.2084112,0.10421459,0.2076563,0.19318284,0.10423273,0.25735193,0.08952232,0.17526396,0.14086294,0.16285801,0.10671415
0.113223635,0.21236777,0.11182186,0.20182583,0.18303071,0.107143246,0.24719207,0.1131154,0.17521389,0.14089954,0.16286004,0.10723283
0.111713216,0.22439305,0.12588722,0.20247209,0.1980873,0.1042961,0.2449904,0.10013729,0.38222045,0.14099573,0.16285096,0.110333465
0.112780124,0.23114674,0.12452093,0.2044147,0.18108763,0.100157544,0.25783646,0.08115541,0.5317556,0.14088131,0.16284187,0.106039785
0.11263931,0.23210938,0.12367941,0.2066326,0.21599089,0.10224265,0.25899285,0.07654126,0.62693274,0.14085554,0.16281255,0.10652963
0.11247604,0.24645439,0.12217127,0.2076833,0.19715694,0.10658709,0.21461509,0.10428153,0.8248346,0.14080659,0.16281371,0.113928355
0.11179764,0.2563796,0.119363464,0.20657745,0.20669825,0.10813294,0.20121276,0.085403636,0.5701009,0.14083543,0.162809,0.10994506
0.11176666,0.23544845,0.12366202,0.20928027,0.2084699,0.109085284,0.18490374,0.09459944,0.54626346,0.14084414,0.16281402,0.11182522
0.11147995,0.250118,0.12487179,0.21282351,0.21480878,0.1074796,0.17454655,0.09731495,0.45005915,0.14082769,0.16281031,0.10945166
0.11199291,0.2383444,0.12187822,0.21390428,0.18636638,0.09594825,0.19028026,0.111631714,0.14109415,0.140827,0.16273558,0.11333332
0.11598252,0.22344974,0.12819482,0.20906551,0.18044595,0.09200113,0.19458596,0.107047856,0.37649566,0.14082256,0.1627615,0.10795695
0.11373613,0.24549593,0.12306148,0.20757966,0.18093675,0.09011986,0.1928716,0.08795798,0.19281855,0.14068884,0.16277388,0.10925536
0.11294945,0.23099615,0.12328877,0.20513117,0.16933496,0.08845072,0.19300337,0.10791874,0.17066884,0.14079303,0.1627584,0.10647839
0.11171962,0.22584395,0.12219582,0.19759633,0.18042584,0.08907404,0.16914305,0.10945738,0.40261483,0.14088647,0.16273299,0.10588671
0.11183859,0.22868256,0.12234075,0.19820344,0.17098823,0.08870973,0.17534308,0.10312052,0.770373,0.14075182,0.16273223,0.10398226
0.11171539,0.22376591,0.122224905,0.20008527,0.16469094,0.08544687,0.20211259,0.094530076,0.75747824,0.14077213,0.16276397,0.10416379
0.111827485,0.23037226,0.12016786,0.20129974,0.16730218,0.098982416,0.18289025,0.10282805,1.0470071,0.14079829,0.16278662,0.10214087
0.111643486,0.22798233,0.12198365,0.19923712,0.18946066,0.08971233,0.16320142,0.10676245,0.66142184,0.14083469,0.1627663,0.10521197
0.1112806,0.23560323,0.11873892,0.20337516,0.18061402,0.086806044,0.15603934,0.09910185,0.21762168,0.14076507,0.16277124,0.102704465
0.11213234,0.22766112,0.116266266,0.19961703,0.16409265,0.08695153,0.16079664,0.09338908,0.05703929,0.14079536,0.16290967,0.10714969
0.1117106,0.2241644,0.12364432,0.19957745,0.17004259,0.08795044,0.15014124,0.092978045,0.47044584,0.1410329,0.16294762,0.1024763
0.111497685,0.2362431,0.12728332,0.19851822,0.1637964,0.08759988,0.15136625,0.10983743,0.6281807,0.14095634,0.1629316,0.10415908
0.11141075,0.24306087,0.1280621,0.20014137,0.1726015,0.09099788,0.15327257,0.098396376,0.5682586,0.14093575,0.16292001,0.103375226
0.111775085,0.23667663,0.1264527,0.19955188,0.17432247,0.08978144,0.15367217,0.09971047,0.25855958,0.14093702,0.16288128,0.10430313
0.11155799,0.24424408,0.12558016,0.19658992,0.17266373,0.08621502,0.16108638,0.08378708,0.26788694,0.1409257,0.1628566,0.10526747
0.11228286,0.23852885,0.13152094,0.19873902,0.17026503,0.08280855,0.16491374,0.0861211,0.4441473,0.14090924,0.16279767,0.10460774
0.11275012,0.25804085,0.12715444,0.19760558,0.16004603,0.082690686,0.13219714,0.09911655,0.149645,0.14078078,0.16281128,0.101704665
0.1118719,0.2393852,0.12640558,0.19889648,0.16591841,0.072799675,0.13397203,0.100680485,0.56700313,0.14088702,0.16284306,0.10420171
