A,B,C,D,E,F,G,H,I,J,K,L,M,N,O,P,Q,R,S,T,U,V,W,X,Y,Z,AB,AC,AD,AE,AF,AG,AH,AI,AJ,AK
61.261326,36.38826,18.11273,37.36733,-3.0039892,14.561895,28.061045,24.395836,32.694923,13.448016,61.964634,21.686422,3.7717905,42.53298,37.256104,56.272804,20.506462,44.494488,98.72498,31.301235,60.07493,53.3248,39.99215,36.175583,11.013894,60.561375,-17.943472,-6.69224,36.49478,6.042742,10.32178,11.21109,9.064287,55.4013,11.466629,-3.5823517
50.926254,32.17039,12.591272,36.4821,1.5349188,23.20259,14.653921,27.826294,46.151505,14.347118,35.370377,11.442353,4.175193,45.548035,22.031155,47.622303,-7.6713486,30.223148,74.54405,30.657269,49.54656,38.76837,27.694038,17.26973,12.077694,40.224873,6.9309893,4.596182,32.6657,-3.5543418,15.498526,8.443117,19.453022,42.000126,-8.073364,-1.1962204
84.694756,40.96137,13.691257,31.767023,15.463997,24.206,16.049786,26.653461,32.269806,28.656843,41.41798,17.725008,22.302948,49.103813,34.231495,80.52875,19.364294,14.760079,91.756714,24.63626,46.96261,36.07386,-21.070251,15.299363,20.234507,-19.482649,-2.4553967,-0.7076678,27.562422,5.411792,11.357761,1.9848847,21.77197,49.655003,17.96619,13.146524
72.81138,42.572205,27.019249,44.096333,21.905643,27.846405,35.23832,29.870903,39.04173,37.159122,63.880104,31.816277,35.343693,61.85362,32.560806,49.404625,8.488388,18.772432,103.63563,20.79687,71.1178,34.30756,15.796359,19.436895,7.3954563,46.123222,7.022138,9.619232,39.877182,11.470331,7.2644386,11.289456,14.866553,51.911453,22.92896,-5.8540497
65.32312,40.72191,38.089935,40.39332,46.78841,34.093773,30.912985,-55.878063,73.07315,33.797104,35.05796,28.928305,-12.347576,63.07621,37.187786,44.636738,18.081125,-4.625963,96.42067,49.03346,63.93644,42.196323,51.335873,28.16366,18.471046,38.638325,-2.4237776,-1.934267,57.387566,0.970006,9.396467,6.23539,17.13144,24.939358,29.619255,19.534567
67.95036,50.48768,13.73753,37.316696,105.29851,25.759533,20.8165,52.759884,42.993286,23.435324,28.377499,33.718998,21.109266,57.249035,30.910618,65.542496,41.398438,29.972855,104.31539,32.047684,64.63565,51.65276,3.5084991,42.017693,22.556986,19.194523,8.601754,3.691947,29.675348,12.113696,3.5508747,8.400625,32.020546,26.116528,25.139606,20.706924
64.41697,62.807613,52.879498,38.24622,74.42415,25.053015,23.98647,65.67563,62.35424,40.891506,33.760365,56.563797,15.695546,54.786827,26.384432,48.357933,35.721077,31.097004,104.45721,28.652473,80.24977,32.773148,47.386692,37.908543,6.2999573,28.48705,21.88395,4.660678,18.17023,24.796825,12.983994,-9.689938,25.202822,6.8104377,32.712677,11.545847
59.81128,52.979767,45.65858,50.551247,39.695534,29.554512,31.264091,77.37151,60.154083,24.168135,33.37422,49.979713,15.414994,51.811977,31.939417,43.170326,70.37322,43.261696,107.43281,44.00863,50.72967,23.855373,36.938164,29.231096,19.329159,37.037285,20.093824,-0.59316444,4.882803,21.230335,14.658176,-5.352193,48.86445,66.112335,31.455677,6.004149
52.508965,45.729027,21.078697,63.426434,45.744873,34.603302,25.288267,92.91279,61.931904,44.557594,52.392544,35.0983,13.69038,38.759686,28.802305,46.970955,69.50327,28.550573,84.28255,42.470535,47.9111,37.47923,22.613028,32.146545,25.498714,45.27086,17.36101,5.146605,14.972679,15.676017,10.172359,8.825422,62.03581,58.965824,-10.372906,20.891687
49.14436,45.540424,30.515839,47.0641,70.818695,19.114351,28.020014,96.84143,42.618954,82.81493,72.31694,38.98308,10.972153,31.851534,32.70509,52.00726,56.97994,25.166454,98.10214,35.754982,38.005043,41.49327,-6.7161827,21.061436,71.71792,15.31365,-5.7064304,3.4575315,20.959854,19.532911,14.38081,8.440924,45.875732,52.57743,15.742187,52.90377
51.305405,40.713406,34.413147,14.59235,29.261778,31.662579,28.274572,66.86465,27.794691,58.044434,41.548,26.772528,13.615844,30.018541,41.55967,32.711178,22.781948,34.592457,108.79792,21.47631,-0.07273674,31.57684,12.749487,26.174952,48.262707,-12.557009,22.33124,-0.56813765,10.729164,22.790844,12.325192,-16.347153,45.523994,55.75428,-11.6290655,63.155567
55.43167,48.31213,15.515602,9.493411,25.560617,34.174316,44.47467,127.96676,27.822523,67.895485,44.803856,17.838144,31.800411,32.987106,30.680029,37.002167,28.440775,39.807514,110.176544,-43.187218,10.927576,32.815334,5.183544,29.27983,34.12614,21.290596,18.183077,28.278976,13.598214,14.662785,14.065933,8.623643,44.790524,42.806927,18.616467,48.108864
-26.135773,42.82015,26.067663,16.487322,43.436577,31.257637,31.242823,117.18079,58.314213,61.62176,49.18442,26.645615,21.20423,72.21753,45.12162,68.58151,40.20437,75.17201,106.09632,34.893066,27.35408,44.043636,13.128099,40.456932,32.159702,67.05693,30.706043,41.739113,16.05177,-3.9265976,23.194893,10.976599,42.007347,8.711496,41.908154,72.58267
64.72241,31.012043,34.546913,24.986338,21.965189,40.725296,48.219025,104.9484,39.63904,66.28552,55.322544,39.257164,24.383026,65.25746,50.725792,63.564697,35.205135,64.14315,88.21737,33.992115,16.228748,56.396885,25.857159,31.294151,37.583054,62.700916,20.302181,20.235073,63.62695,9.510627,21.249846,-1.2315636,39.4324,19.999584,15.026603,157.18027
56.055832,44.49404,26.317152,26.287682,50.542183,39.816376,44.76612,92.0956,40.318928,37.62307,66.4515,48.38878,24.207363,58.92619,81.80919,60.67119,42.57681,49.410152,76.222374,26.807775,27.765257,56.51685,76.11354,18.46708,36.361588,43.22129,24.131554,43.28224,52.094288,-0.6850147,13.182324,8.047569,36.88253,20.782455,34.68663,135.84894
75.55834,42.593906,46.36841,44.033764,53.913006,43.252026,27.260046,82.28849,64.47119,21.302248,67.105385,44.573704,30.802511,52.43372,68.36618,60.587875,58.69926,50.629955,30.569878,32.369972,43.086006,49.246223,92.658775,14.276038,40.72348,46.791885,35.462875,21.793064,39.43123,0.94493294,10.580546,18.89347,12.533545,28.946863,42.366356,118.64626
91.531845,48.216187,47.316578,47.996914,54.000538,50.255775,35.186672,70.60375,59.660454,61.29402,76.934135,32.973953,43.373543,67.84315,63.541054,65.69866,43.64987,55.467106,50.27839,49.47776,44.654106,49.816208,56.874527,21.523787,31.49977,23.695644,34.085217,16.50473,34.99975,-10.999301,13.432843,8.850992,13.302547,70.368546,45.961266,147.69336
70.3268,33.240974,45.960598,46.841076,49.395615,44.671703,59.417767,83.68727,62.61527,71.894005,85.751816,44.875736,45.37986,66.92247,54.130127,57.82633,48.36307,56.86283,105.10414,24.242783,62.320774,30.93192,48.113453,29.977684,35.729454,51.566315,19.362968,23.421412,43.7212,7.1152873,18.918674,-13.7095995,13.446908,113.75615,31.244947,120.108215
59.94697,21.799635,46.152695,41.204285,113.18765,32.17885,59.50866,78.71277,54.832977,66.354965,69.85963,52.791336,36.117348,80.38084,64.09065,46.924446,53.596592,55.521587,74.86665,47.68078,58.542915,53.662357,38.268074,21.126493,33.166946,55.439297,41.93483,16.389349,64.66488,7.6890345,23.52606,16.513906,23.122469,123.59111,45.4351,99.14878
54.305283,29.520094,34.527554,21.355717,96.60804,35.16758,54.01567,62.85141,47.47137,64.1067,64.11115,57.79685,43.966476,82.472664,67.286995,36.269558,58.127254,37.945522,71.45502,37.26164,40.07198,48.606537,20.242815,17.46443,34.637302,43.7301,28.178284,-12.715107,60.568798,9.7953,13.283367,17.322773,33.92715,102.32816,53.88322,100.9461
41.036747,25.204594,22.794348,14.148249,84.49759,22.998531,34.060738,76.21512,37.55395,64.041046,51.070217,79.168335,49.558426,61.99452,52.013287,36.408,57.595303,29.53122,25.036045,38.410213,22.114773,43.714645,37.766037,27.494038,16.8051,38.531372,9.584759,16.761585,28.496475,24.800919,11.6962805,20.922314,47.669926,87.2446,64.44075,92.44147
22.806538,15.511392,24.585545,4.3832273,62.635895,28.699965,24.03025,61.91336,40.531826,64.40202,60.094894,59.079502,26.64614,60.39618,41.032227,18.133804,60.357666,16.62761,26.461788,37.761784,20.445286,51.152023,56.673145,19.023481,1.0498962,43.716923,4.9302635,23.705338,17.5262,43.483227,19.7352,6.6123695,46.35356,94.35721,60.77164,98.11512
24.70306,8.355526,21.070478,-3.0278797,33.68403,26.092632,29.08685,43.70819,38.54649,43.698143,96.198006,58.31675,14.93638,45.02396,32.36705,-25.57367,80.76681,30.729126,19.487165,24.307764,37.392952,47.338703,10.175282,54.342453,7.0868134,43.766518,18.131056,15.271651,16.74545,67.07628,11.923324,4.868625,35.852318,98.938934,37.713276,84.59776
18.640318,2.9511433,26.087803,-18.858162,32.567654,16.582668,33.88752,10.26959,21.955896,24.110266,102.521164,38.971752,7.989128,35.780968,12.370351,-2.0925512,52.791035,13.023846,49.98766,39.97326,3.680069,39.535553,20.06435,47.369293,-16.968105,45.01576,13.61071,24.602566,14.714085,43.42353,9.413582,27.489193,18.327362,79.111496,46.44384,60.613205
59.18367,1.4162779,35.744225,5.62889,57.12923,10.969471,29.651108,5.6536107,24.523434,26.423462,61.945755,21.730991,6.254189,38.41572,10.460109,-22.746782,53.80091,-9.862138,35.9164,-5.351465,12.135141,25.368214,29.310217,39.84483,16.168125,32.30608,8.872411,25.001274,25.109907,21.286018,8.030879,14.171333,-10.091793,57.04729,43.34013,35.20791
-40.5434,28.248344,25.16473,10.890081,28.785143,14.783548,31.761707,-3.8187666,39.15701,26.225637,55.496693,30.743816,12.368745,37.068867,14.483453,40.90845,50.422153,3.2608957,83.8922,20.53167,34.92828,33.930557,29.761229,46.567886,17.573833,23.97422,23.980314,4.844269,21.43301,12.989125,10.383048,11.831283,17.442211,64.392914,23.76844,33.24646
4.3397737,15.54973,-13.513794,30.739136,33.729023,18.821552,23.273241,3.2716856,44.058643,34.77954,43.97886,12.849366,15.108284,13.400344,14.791885,-2.4401245,48.51574,39.34166,85.52812,35.455074,39.17097,33.214684,21.212196,22.247768,19.96154,-6.3231144,8.622644,17.544483,18.005096,3.61487,10.049932,6.0648384,40.728485,77.72452,0.76274645,27.061577
30.605316,12.122242,46.9328,14.75124,16.012903,14.483559,24.778017,22.983335,39.562073,43.166466,52.23427,32.475063,4.618881,26.384388,18.847315,9.551829,90.89498,43.40793,134.13809,20.949707,54.366154,28.700987,-4.4783745,21.836748,20.156597,17.82682,3.1168008,29.725061,29.994509,-1.7091846,13.006958,-1.7946997,46.020226,66.87725,-3.6990232,63.46553
35.47481,-12.82265,33.601353,25.263206,55.477936,11.543322,30.343056,19.627693,48.170746,46.239193,68.08179,-18.041653,10.821597,10.366537,16.380615,25.155218,32.098213,42.95778,87.59377,35.02349,57.882233,92.55289,-9.754019,51.859695,19.221952,24.745651,-1.9666824,29.696243,25.501104,0.69631433,4.124467,11.6133375,29.088552,78.88756,16.490772,58.31938
48.12863,9.578439,36.272617,22.393005,69.463066,9.4964075,39.026722,33.009922,57.53285,34.676506,71.87822,31.089346,11.713329,-0.58666945,25.695477,48.304646,38.230312,21.396694,134.12067,39.319115,52.999424,68.12804,30.149595,25.635288,37.2992,22.569698,10.420361,30.920837,23.70995,12.182486,23.155037,6.0892215,11.25214,78.628975,31.168644,73.363686
43.107475,4.3574047,70.44592,53.376717,70.65604,21.380634,36.478363,12.399286,46.94946,19.462263,69.97668,28.516438,11.757633,20.162369,39.981384,-20.714993,68.401276,21.135584,122.80857,38.334503,46.55867,62.106342,19.71001,8.482323,17.918701,25.827698,20.04746,25.236998,70.05008,-11.818077,17.938068,25.41233,32.485863,83.645546,37.153374,66.44924
55.098064,2.8426776,43.091072,46.582478,116.085175,46.14794,46.13159,21.286598,45.278297,28.202497,67.011406,28.601597,9.9740305,36.3919,34.68918,30.504425,91.98752,40.485176,137.61702,40.891716,57.37075,49.270603,21.512346,4.8503532,25.077951,16.173035,22.619427,54.388935,77.90245,1.939414,2.3351326,16.976442,36.83834,69.357285,50.429993,76.290924
46.29779,17.132263,14.334585,50.05275,96.55149,21.81448,40.80075,31.232365,30.153687,38.934456,80.21286,31.016567,20.818035,42.157352,29.95993,101.099754,64.37251,25.079472,149.14798,39.146923,34.666862,48.31391,32.550217,10.848389,49.82592,25.341766,23.434856,78.86816,109.14491,-2.0635128,0.7688813,9.235537,42.861973,66.63199,46.622055,114.6505
29.383083,7.61786,26.209366,41.43901,68.54193,15.092967,26.812721,23.7715,53.78281,28.126362,81.273674,35.41033,14.023379,34.670635,33.502327,71.88162,50.142662,43.810787,96.76765,11.780918,54.416862,15.522225,20.44751,29.041128,31.586489,23.249855,20.15833,45.82674,34.04344,-0.33839035,5.8036466,10.210003,38.41191,123.95066,37.6639,118.63906
69.208145,17.7468,44.649994,42.514565,75.05092,10.407693,27.367071,24.019257,45.579506,25.163425,69.89849,21.72445,13.062369,38.480244,33.9248,50.9571,62.94643,51.667522,78.73982,24.037645,80.46884,-33.18467,41.870354,30.163906,33.297707,85.23776,22.760376,37.102352,35.57628,1.8753042,12.873528,10.415865,21.940786,117.432655,46.9869,95.64839
69.34096,12.4012165,43.53095,45.7972,86.42352,1.0294056,27.137531,39.37653,20.803982,28.375406,64.20346,17.859453,14.200205,23.316841,30.99068,63.167934,39.233234,42.163784,66.55376,13.525103,79.79451,17.665384,31.63826,19.807291,36.062943,63.74882,8.232849,26.731377,16.87702,13.168085,15.086004,18.834179,17.776447,117.750626,45.83998,89.04295
45.277424,-9.8668785,37.61152,45.45502,80.12283,17.600414,26.563904,-10.375973,14.062261,29.337355,57.32928,10.030043,16.149126,41.6452,40.642532,68.90438,29.903856,56.62182,45.09671,18.18753,61.08818,24.209553,41.48597,-3.4385023,28.260645,60.99781,9.157232,31.242683,23.014648,9.842721,17.477308,21.108105,23.068338,96.18284,38.834248,59.512077
48.67859,12.973506,21.311148,30.828606,60.493073,23.389484,38.826313,15.293052,29.887632,23.763079,88.937836,22.687702,-32.16501,30.475975,34.851448,72.81384,25.960758,52.51616,53.38582,28.064972,53.932625,33.876736,18.154896,20.796852,29.434832,94.65268,-1.3989305,29.928143,22.426727,17.950983,21.942455,18.112568,23.809078,75.22032,63.98239,54.468452
25.87365,17.298328,22.189177,27.817665,65.86612,25.428482,33.9541,-33.31537,58.407608,15.259668,95.484184,21.337688,8.742967,38.318974,25.953999,69.48436,21.350634,57.14237,70.52634,8.356861,-18.729305,34.124096,34.789257,25.583628,34.33749,110.32142,23.96925,17.049908,27.543001,49.47823,21.460518,18.69513,28.24943,68.93019,49.82544,54.16201
36.431477,16.745033,40.287884,43.516518,73.32871,26.537855,27.418333,-5.4286737,42.390625,11.981426,32.77614,47.888588,18.719578,39.306465,25.86529,66.3663,30.345362,43.953487,76.51346,21.64993,16.673477,34.86,-9.178474,25.066643,24.900768,77.45612,27.02299,6.779148,43.74286,18.01803,16.85896,23.733757,22.522102,64.79146,7.5519333,54.75642
35.22772,7.660846,7.1380444,39.41868,91.17014,5.9435644,35.38196,14.356202,42.93271,6.194416,59.12691,44.596344,-15.759096,36.960526,25.566694,59.32121,79.09631,73.39986,117.00888,30.471045,39.59073,24.008635,25.822704,22.195133,31.389034,51.968987,23.18557,16.220936,30.451485,6.236224,11.585673,12.529451,28.458565,65.7348,28.777355,45.52884
33.548054,0.777668,11.603666,31.828321,80.329285,16.643435,27.733662,7.495328,37.068886,13.711361,32.110077,42.14587,8.492751,31.087687,30.53823,31.811497,67.84508,101.91218,81.093124,15.014885,40.855827,24.54515,51.343323,33.239483,24.745266,65.253265,16.900896,4.889613,40.3414,8.674517,23.621794,6.514813,20.105478,76.856346,17.961283,59.40946
84.6106,-3.644309,11.878181,73.80913,76.605705,8.248826,0.64224243,20.149809,30.862226,10.755437,43.80229,42.959797,8.886726,45.149933,30.912403,19.106438,95.19071,118.15689,86.260796,36.287178,42.60823,29.757994,51.5742,27.15357,22.26714,58.653557,13.539543,28.2066,10.930363,11.685926,9.934788,17.334328,21.690258,77.36814,19.833698,59.01474
59.487583,21.417671,27.786943,92.66517,85.369446,9.981095,-9.657866,21.318886,-7.121868,24.598225,47.884903,28.086319,14.414294,51.014877,24.686926,32.548798,98.37236,95.12761,100.87694,22.527006,71.56035,40.379868,71.12243,20.919561,27.994183,51.027588,19.582151,-8.513845,15.495474,10.121469,4.3338704,42.092182,22.692465,71.79045,77.63791,60.718967
56.5458,13.816671,29.782068,79.272064,33.00313,46.252007,20.14541,17.908861,2.7717462,25.346764,23.461666,0.86349297,22.113228,46.410286,22.499084,68.98664,75.78166,78.741356,104.37481,22.893005,59.517273,34.47953,57.917675,19.127777,25.876867,92.52681,9.811317,6.203343,18.355295,9.436733,9.498688,32.46158,39.486526,81.699814,50.574173,53.141716
45.271847,13.5482025,28.058735,73.92103,26.999,39.35174,31.364447,32.323364,27.112774,40.874775,29.73708,31.222813,25.491047,44.552258,19.445461,52.77796,70.06741,79.41865,109.32386,30.661238,59.47412,28.909037,71.66169,19.978895,70.432434,66.866394,-8.071887,12.117484,11.3579035,19.004671,10.378364,11.801733,29.208332,141.21277,58.51077,71.624054
31.211876,3.8454132,31.004864,68.18455,11.235992,37.145836,27.951496,36.814976,16.384686,51.673912,33.79373,37.254116,22.134924,52.040035,21.178633,71.31406,46.94921,73.40198,105.4254,37.587326,49.48773,38.177048,30.966118,27.308182,67.04496,-4.340328,-0.22822523,2.8935344,16.8153,5.7501297,10.794879,14.456787,23.62833,129.78984,20.453232,50.806465
66.54219,20.780552,55.626305,50.82962,2.6108894,24.199303,26.879599,39.06131,13.013834,57.820576,45.031387,40.542213,27.717928,77.24843,-1.8447323,75.399185,31.518288,45.685806,43.542534,32.365135,55.74346,-15.716171,-6.5886297,24.615644,46.105232,13.529906,22.471437,6.6836715,40.761883,13.832012,2.058156,-12.648822,24.219936,111.0671,28.086582,44.539547
54.73293,17.082745,40.8435,21.97998,15.467664,27.135393,17.037365,39.03577,15.514975,52.662666,-1.6840477,10.409024,37.832928,30.653263,11.14897,66.90421,20.634487,35.918976,43.691147,26.378622,56.44718,-1.5739224,6.7215805,10.615313,36.06849,19.786022,12.817953,6.0387754,66.945885,-5.6489697,7.688779,-0.7521839,31.569183,90.56903,30.168179,85.77384
43.997135,14.508168,42.528896,26.032701,28.00306,18.683142,12.230903,33.558605,23.960674,77.6123,22.734123,23.823727,24.272247,-18.956137,20.15761,36.782547,27.930107,31.440704,36.371307,16.515858,39.192833,9.385685,26.931095,28.534966,21.587551,-32.732864,14.835021,14.536634,32.38403,10.839456,1.1745329,1.4678154,15.8513,48.40044,32.183872,80.18738
23.10162,13.614503,11.34528,16.28367,82.54886,40.26337,10.113084,18.370358,12.7647915,74.54299,55.422573,21.708164,21.540258,18.365673,16.013086,42.461903,30.446312,47.81387,58.85221,21.311459,36.529404,26.648138,20.233608,4.6815796,31.29134,14.877265,26.798111,12.60871,57.27574,9.150437,19.290298,16.851093,16.28757,79.57439,42.791092,60.47747
18.043941,17.056995,6.727768,17.847189,43.527473,29.788658,21.826075,21.159315,-3.9192905,59.118584,38.0153,24.873966,22.085918,29.132315,2.2338,37.471222,27.942982,62.779938,62.294643,18.78294,36.406494,17.803461,30.92176,18.762505,29.802406,22.728266,-5.8757114,20.616491,47.985165,16.659275,15.904055,26.282959,0.93264484,129.6858,41.209553,42.054096
20.837698,2.330511,6.916012,43.912235,35.802525,28.075771,23.240038,36.969296,1.6078787,57.450848,29.73693,26.665003,19.659628,1.4579773,20.28841,24.322668,24.907207,56.950974,116.25638,17.560442,41.16024,6.918025,9.634989,34.375813,64.89679,9.287025,-10.754171,4.351021,55.42354,30.913944,15.04594,15.783556,-1.2247839,141.48257,40.575836,40.873558
30.635578,7.9114313,12.042361,35.72657,23.799335,39.309525,13.234843,23.98334,10.314039,64.7269,43.873066,4.777773,33.187218,13.79601,-1.757698,21.156221,4.7488403,63.42334,110.75144,16.150127,38.65986,32.373978,-5.4839673,38.294983,46.017612,5.314678,3.3932872,15.76778,42.909298,16.274681,23.385868,23.585382,10.371934,107.7641,34.533337,35.95304
40.713406,11.12076,24.369953,42.507286,23.089025,40.87283,36.780693,11.806677,18.003254,52.131092,58.45904,36.153286,54.08911,11.863205,10.771428,14.615683,-1.8130941,61.436638,130.23242,21.87614,43.005608,40.583935,-8.880608,27.293102,69.31984,31.118828,-2.2450657,26.782118,54.13875,16.334599,11.311568,16.52115,11.920796,89.196175,49.89112,38.2187
36.22217,-4.6301384,32.292633,36.35586,21.730879,41.11562,29.87897,19.097006,39.196247,57.94042,8.126392,31.146389,67.03122,26.717186,32.165863,18.06582,-9.252121,46.84338,124.13976,31.972471,43.808304,46.068237,19.450659,33.727882,55.34219,90.97095,7.7753344,41.375328,32.7157,21.002512,15.214794,11.651045,20.16664,64.26445,65.799545,67.3635
48.821854,10.766659,32.117935,34.76921,47.087784,13.387997,43.009853,43.97626,46.0535,56.659,40.083443,37.109814,53.00068,26.431774,26.27851,-8.312899,34.28968,54.46543,125.01127,42.95095,57.311028,44.181087,26.450226,28.752117,52.476505,80.31154,20.389597,47.860703,36.141632,34.701157,28.44328,-5.1653347,21.461412,63.58264,66.668655,100.66667
60.47774,3.4967375,36.234493,42.77876,31.68872,31.805185,17.504368,46.234085,67.955605,84.781425,27.348763,43.104855,42.68936,36.75857,32.63177,42.996014,33.48486,71.06373,93.149506,43.415813,75.37685,19.00748,8.640238,24.930977,44.4905,75.980354,21.515324,69.545456,57.61698,30.69241,20.242374,27.67184,27.719475,51.869984,53.285954,99.77326
56.648888,29.079704,31.426094,58.954937,54.05003,44.101654,37.871353,27.81652,49.449207,89.3776,18.265049,50.05577,37.36392,45.217777,49.01838,52.82944,38.184525,72.01614,63.126823,51.385807,69.12929,34.820705,16.027086,44.71122,30.940008,82.147705,27.549276,63.123486,47.838463,13.9183235,22.975069,10.559837,26.762888,94.04411,82.38878,95.29632
48.236244,28.20574,39.591743,50.160645,73.270035,53.892628,38.608856,42.845142,52.38761,78.220695,35.463627,49.87209,38.166122,73.705635,55.3827,60.374416,48.445087,64.48599,62.505047,50.431644,79.80466,40.48624,42.835564,37.510525,41.451027,88.143,27.537767,40.967686,45.125954,-3.273466,17.355825,8.867111,28.375109,86.74571,90.339424,62.6459
84.529366,10.219566,64.15689,38.497353,58.649223,52.432175,64.14908,44.440636,50.40058,77.31473,45.788635,53.706104,39.25747,73.26188,58.16404,58.34905,57.496124,58.316982,80.132385,41.497147,51.742607,41.84544,31.351837,20.70242,41.035503,75.77816,31.459782,35.474903,37.478954,17.193474,11.917056,-1.6416636,30.663849,79.985085,87.61634,92.77671
21.788433,12.389993,51.14052,34.941696,61.012596,29.881504,72.23828,72.12136,50.820465,61.812645,80.83519,52.94492,46.782116,81.13176,53.364944,67.950096,51.545036,72.884674,61.26199,11.992952,63.73573,55.389008,63.38735,32.010544,45.181778,58.933804,31.555784,22.151695,38.911274,21.891073,11.102508,15.688553,33.07637,52.360004,79.706505,133.61592
21.377474,8.915767,34.166794,27.585926,53.49294,25.675282,70.225266,47.717255,36.96353,66.66774,65.03515,40.444527,29.262312,82.72413,50.814472,61.912556,94.72358,84.623116,58.54501,48.874386,42.096416,52.564976,54.517235,27.847286,24.042988,46.499706,34.209576,40.542934,2.7119522,9.791773,5.6215763,13.903748,21.66061,104.999245,97.23133,145.63573
2.5111694,1.3606586,31.96261,14.074981,49.855713,41.01114,68.48459,46.43044,35.60257,69.48144,85.36292,30.65826,37.377453,77.6582,42.270695,32.65506,146.78897,73.197784,32.718998,38.43122,34.36901,53.02372,43.24873,26.787273,28.90989,-31.840958,19.66776,25.644484,12.77874,1.813684,13.182326,12.867007,29.791786,80.68565,102.20743,115.87049
23.686897,14.578916,15.727958,23.176315,64.89221,38.42157,64.57939,43.22057,51.66199,72.4769,80.76283,34.74643,36.974133,89.87369,37.021683,24.345875,103.67021,46.28475,49.219067,42.513172,53.2567,19.146736,45.79626,7.6513596,23.230389,24.460306,7.6975956,2.5048904,14.19807,8.720978,16.153793,21.699556,38.590904,57.70776,62.183804,92.61779
26.109482,15.959688,24.360466,26.925415,61.285378,32.948956,59.158737,39.243877,42.75834,59.30293,38.078144,23.955301,28.177053,73.49991,56.502274,6.364955,50.03653,42.110737,52.311203,39.26463,38.590027,20.744276,17.62519,13.914512,29.878292,23.364702,-15.246354,11.407729,8.942758,0.5632801,18.094276,15.482497,25.941202,75.10065,69.99791,71.55498
13.112366,7.9768558,12.822857,22.34159,40.96645,29.228558,51.10232,53.98684,44.743275,74.08079,40.87647,32.705883,24.630047,74.77695,42.248066,3.5362377,43.438377,57.327564,51.27574,37.354916,45.692856,31.638645,2.437663,13.022354,26.038698,7.3601074,4.610146,18.952082,10.586468,11.432235,31.1814,5.6979165,23.953363,87.2884,50.124992,83.99586
65.451256,29.473866,16.025696,32.945557,34.772736,19.449945,41.76926,37.64109,44.76481,54.204025,50.516277,39.206593,13.064252,103.12254,41.5125,17.951931,-5.5307083,29.525286,48.260857,13.43878,51.57494,33.617184,48.098892,53.806854,33.13613,57.886818,17.470236,25.683004,11.268597,12.192246,28.870708,8.573335,9.746598,65.09601,75.23783,105.12683
23.296246,27.280182,8.155155,34.32587,33.76361,26.30992,32.55585,36.698166,28.513546,48.220737,39.45344,38.238678,12.1247635,85.04257,27.15581,18.630665,18.937626,21.417797,28.759186,16.22801,42.297462,46.458652,53.316536,56.727737,36.714596,52.648342,15.742364,10.0964575,17.972765,3.3539696,31.548779,2.82557,10.5249195,65.12613,73.106415,96.627655
56.132652,10.420172,3.5293717,20.64943,27.181677,19.725016,21.288282,25.559324,16.865894,47.52952,25.98196,41.113956,-12.482304,79.96655,23.776154,-53.21918,36.993973,22.491842,55.263214,26.427437,46.182224,20.890274,-0.8276253,36.626423,43.90422,46.22184,11.823511,-2.0874634,25.250084,12.365002,25.04579,-10.680818,8.461505,54.470024,75.108925,97.85069
48.817043,8.362614,22.199251,4.3708124,15.609105,11.119943,22.054512,19.812698,-0.9177313,39.63794,10.333649,12.427467,4.1555057,60.674927,16.641022,10.157869,-38.49727,31.372326,99.27467,23.8099,50.13281,12.689355,47.0868,21.930798,24.970394,32.22118,8.996846,35.81135,46.223534,-2.95931,21.908781,1.9082603,5.8520246,36.433376,56.351055,93.841934
55.019623,-3.9401836,14.451376,18.780989,45.006935,13.753439,23.546759,12.89877,23.337204,37.678207,11.25498,21.177622,20.355291,43.445587,15.229378,16.092108,9.4636345,16.866627,102.073654,-13.664061,42.554955,19.147661,30.639942,3.1782703,32.367104,10.780054,4.9863176,29.887112,10.3716545,-8.750494,16.75813,-11.709303,16.576351,56.15596,41.060375,92.9378
50.02605,11.904323,-1.3866577,20.229311,45.306877,17.983294,19.74378,13.361004,15.191611,26.696356,7.3917656,-3.851183,37.368866,36.7806,21.11177,17.358822,4.6819553,19.959854,82.3648,15.312252,24.740574,33.83255,28.18523,23.640856,32.205837,11.603025,-16.762985,19.702969,27.953758,-7.4416733,12.080896,-1.2286873,14.805786,36.166126,50.13921,90.369995
55.817673,9.047224,25.038877,22.268654,27.906933,19.722025,20.825638,39.366333,23.953304,39.878296,22.474005,16.432842,36.970547,44.573177,21.135939,3.0477648,9.098449,18.347837,104.94503,35.378204,-14.874878,39.621304,10.748514,15.78474,24.633057,5.364358,12.854337,24.921608,5.1845684,17.406876,11.895474,-3.9307137,11.631876,15.278039,50.263615,110.5622
62.97263,4.8058634,38.902702,-6.8801975,23.743893,30.646095,28.679619,23.42451,22.539104,58.761868,57.920628,25.074596,50.907608,61.44552,10.5591135,18.195198,27.813389,23.51342,98.84614,23.454103,33.930065,45.483692,26.593672,25.04285,35.064304,15.348064,9.643851,36.248077,-7.380171,5.1610684,13.819614,11.912526,17.581799,1.9855313,70.41402,105.62946
39.986557,24.349789,27.071182,-0.34519434,45.940216,30.889772,31.129301,6.957449,38.12425,60.076836,58.997993,44.81356,47.965546,72.50192,18.559362,22.14764,31.37967,10.106353,85.27835,36.57788,23.653053,34.28671,28.092756,1.1057377,44.123295,17.80207,-7.4656363,26.14388,-31.977882,-12.845237,16.949795,11.510195,32.240105,17.610376,59.204464,84.48609
27.98137,18.510345,12.443193,33.059647,52.693592,33.076515,30.940289,5.789336,31.528027,59.3153,77.64031,-0.044311523,34.4388,85.442474,4.3812866,17.212181,14.664365,-0.803298,77.110855,30.335772,14.669144,44.520203,19.53131,12.4055805,28.389362,19.236654,-23.502716,20.667727,3.03814,21.755156,9.291817,4.5355673,40.610023,18.903387,45.42776,63.86011
19.36151,24.61547,42.68587,59.254196,47.98867,24.816605,32.32137,20.40437,27.358425,77.57081,69.694,32.683952,29.53299,71.160934,16.564524,5.1474333,2.6749353,-8.760664,161.03156,50.06826,29.210445,0.9568634,-4.618473,13.825576,25.94847,25.496473,1.4765368,24.549154,5.0146384,23.435139,4.4480333,9.789607,35.673615,23.39238,25.29151,57.241447
21.440413,17.154703,41.46515,42.807793,56.68438,25.474234,14.729312,11.461647,-28.903818,75.13096,63.59812,17.28444,25.926397,52.052338,14.599069,23.385262,60.874916,8.554254,158.91629,21.759407,67.95086,-16.228676,2.3494186,22.537247,3.4121494,26.608896,20.50985,25.65304,-2.3310452,3.1450825,12.8487835,8.0277195,31.586935,112.66225,24.62144,90.64801
27.556839,22.356798,32.406605,40.889385,50.573772,8.697852,29.301945,13.817565,34.178486,69.73289,86.178276,14.513268,22.652056,52.846764,40.497147,17.721535,85.489845,9.228827,120.08657,8.96482,46.49071,28.804588,-25.584286,20.142822,6.747245,6.4665337,-0.80637455,12.986565,17.136652,11.714015,12.282983,-0.61601734,18.698717,124.910385,58.60106,67.76506
30.385824,13.151897,29.351229,35.12416,51.744183,15.554912,43.92079,-6.402584,21.976753,102.93612,105.62007,21.815968,10.931173,45.89764,36.939804,32.196407,60.92278,13.822004,94.01772,14.917722,38.204803,18.6865,-15.914751,15.378134,23.87957,-24.172611,6.642054,9.00882,21.19036,-2.368588,23.821146,5.353737,23.285864,106.98104,29.491766,83.50906
44.759933,11.3520975,27.59693,10.801458,37.45701,17.393341,28.745815,-5.082989,23.810785,82.29316,90.25408,42.287304,12.472553,58.974396,23.236864,14.601708,91.76065,34.007587,89.7126,37.978065,61.483734,24.954725,1.9192243,16.45959,47.150043,8.299583,15.493593,10.918526,50.08471,6.3629355,30.08489,-9.243359,16.157566,112.20215,21.801832,104.12019
39.476067,-10.4224825,42.63469,11.0872,42.8344,7.3541574,13.064575,-6.574174,22.634258,70.865036,81.97609,27.978025,7.8217473,59.162327,18.16138,1.8178835,55.51719,38.18092,64.120804,26.355297,42.62483,24.273006,17.504646,25.798279,21.07794,-29.38623,10.4452715,-0.12146759,56.248936,4.26519,28.890541,0.007167816,-0.5783272,77.351685,6.7309732,79.10914
44.819344,-1.1098332,33.465897,6.2340326,40.581764,19.848724,20.791443,14.396609,12.079134,65.78734,65.120316,-23.795324,3.945899,49.20119,3.002884,9.462853,41.567356,46.325882,-47.317375,20.12118,68.84212,16.613462,11.710489,33.948906,22.21524,4.9437265,24.515259,20.525938,47.931545,8.402803,21.077202,6.06986,14.729515,77.69497,8.898183,53.394505
31.473835,4.590154,44.213455,-4.104491,58.81804,18.771399,16.416363,18.443947,18.685345,65.451485,64.07639,11.805752,11.997584,38.705235,21.615303,27.101921,27.092516,25.26162,17.70642,27.508202,79.14404,30.880768,5.1348934,31.287842,28.393885,11.394873,17.290293,12.340734,54.351875,17.60621,12.612051,13.299594,-2.903368,9.387314,37.032944,66.27005
23.86626,-6.9915514,24.863447,-2.3868446,93.209785,21.025442,19.066013,29.280704,17.740698,65.7412,52.49025,23.174526,24.364023,40.487206,47.103825,39.57792,15.914297,31.494114,27.226715,26.860327,50.709,25.262064,-25.029013,31.39563,25.49316,-13.244492,12.574833,33.614315,33.905006,5.4666214,9.44217,-8.930954,6.197609,8.636544,87.94792,77.77526
29.166943,7.962908,11.26989,9.84397,51.244926,34.120327,40.94606,20.863794,28.701235,62.463943,48.24923,20.316483,25.583221,51.714336,34.843964,66.516266,34.01282,48.533405,-20.66173,33.211193,86.22765,9.220787,29.195265,22.822308,34.975918,1.6552668,-10.656883,20.382357,39.40667,10.50793,2.4491644,14.759668,-1.8644269,11.9266205,58.09894,90.950005
24.418882,8.759291,32.222694,10.048465,53.236935,27.657187,21.826159,20.310932,36.047276,60.788605,47.199013,19.561733,-38.184364,39.02797,31.140348,55.63322,35.263336,45.428997,27.575146,7.3992233,86.62832,26.595188,26.797558,23.400755,28.65978,62.527744,8.448882,5.72136,40.587154,-9.684595,-1.5908184,9.356925,2.5487528,23.86052,59.714375,87.393715
39.070915,-8.605807,27.59475,-5.487072,52.909843,20.517937,-3.2957382,2.3460202,34.783165,51.279926,35.28063,24.339733,7.6063905,55.095985,24.99193,44.291397,28.270775,40.491024,96.88205,25.252542,71.1952,39.112328,21.936348,24.395336,15.176557,37.39334,-4.2600927,32.11424,27.990747,8.102592,10.092153,7.8533297,0.91343135,32.573914,81.82979,94.3548
68.97579,6.9172373,8.495789,-12.09624,44.24408,11.311215,33.19995,25.803896,42.247623,28.942625,32.35139,24.154984,12.309903,29.444439,30.182522,53.95122,31.741768,57.65621,54.172188,20.894348,64.88016,29.865067,19.66261,4.908964,26.119984,18.671652,21.729176,38.36547,25.704979,7.766586,13.132171,11.996075,-12.261322,30.64027,77.72394,118.20806
53.697235,-7.8697977,7.66168,10.945571,35.55264,17.396832,28.748373,16.004375,15.796967,26.843761,42.717075,4.1487484,20.551365,33.713947,29.343681,72.79658,40.718346,71.56965,48.523197,22.967476,49.765835,26.566652,34.041084,15.151448,22.090948,24.709232,15.909328,29.647345,27.439247,6.4953976,18.565334,3.554082,10.179975,37.151234,81.55523,151.34761
50.583,7.602317,14.540505,16.55942,24.882542,0.5811119,27.306778,17.101757,21.011663,33.681522,45.46109,33.24002,7.611642,47.000504,30.606562,58.170155,29.748047,41.350792,83.49864,17.888044,65.72575,24.487719,-6.908684,10.889582,16.367834,32.853355,7.8524265,31.573357,27.522322,8.206179,13.164202,9.383005,0.3268671,28.94763,86.817215,158.4866
37.19878,14.632459,11.376242,25.755856,52.832645,-3.6651764,38.776596,-43.21502,-39.54937,12.248642,32.78826,29.631124,16.954767,54.885483,34.15469,44.686066,12.199658,35.01767,54.013374,29.401901,71.357056,18.550558,16.512325,-2.0386562,11.617825,1.0796337,21.368496,32.190655,14.716882,8.955706,12.94724,19.921417,11.2460165,28.47877,92.492,175.62416
31.191294,3.181961,-9.010109,20.313463,74.806274,9.216439,13.325667,10.814501,27.349659,12.690825,25.43791,44.214348,8.533096,48.484512,35.31441,45.044262,48.541332,-4.665634,-2.4371223,33.76811,62.00772,18.86694,21.637085,6.119277,2.1244812,-20.868908,17.998434,40.85481,8.305918,14.475176,11.915785,16.370258,7.8766255,25.728704,78.490135,142.17987
42.084167,-3.2866373,11.420835,-5.5279636,39.13559,22.433048,26.643389,11.285324,34.839077,30.781406,41.146637,23.074827,23.703247,45.64398,27.67123,40.293335,47.03224,10.3891,-44.005413,5.5175567,53.758125,24.647224,20.999495,13.632387,18.919016,22.467983,5.6346736,18.378567,8.237034,17.824675,11.807702,9.174604,-1.6091437,46.56142,77.46312,134.02281
25.268246,7.223906,12.19534,-14.440083,31.349749,28.038656,26.35013,2.091381,37.970768,22.99437,33.67955,25.439861,-15.390787,53.30097,23.782566,13.222162,38.558804,11.304609,33.278038,11.1003065,52.04517,24.396095,1.0587902,22.24986,12.4288845,28.550955,16.668966,10.142085,5.4683743,5.0821505,6.939301,4.498268,-0.21655846,95.50051,72.32371,103.98447
67.19633,-7.877139,7.8668613,14.9441595,9.288538,9.735987,72.99233,7.494646,24.293314,27.020496,25.822578,25.100376,10.082212,44.83597,25.09984,19.73578,30.310444,17.431131,45.672443,21.751284,47.254963,16.221397,19.711468,13.69667,-1.9394641,31.1216,16.53735,27.930187,-5.7043104,8.307072,10.479506,2.2537737,9.229687,93.166565,127.43599,97.2565
47.04501,3.0583868,8.800174,14.646868,-66.418594,3.4250083,43.85406,10.2710905,26.0907,29.928009,10.891885,11.903653,8.375174,31.102577,10.528567,43.54175,33.735146,34.227478,45.580223,5.0955896,34.588833,8.5985775,-6.8050137,13.118687,-11.886309,26.459316,11.609638,2.4632978,8.345028,13.190007,4.925992,4.70641,8.880721,66.05285,119.18344,104.55391
44.04572,1.8867652,20.878284,10.796604,17.7466,7.2127056,17.678772,0.22860956,16.095213,32.126175,3.5277333,9.241497,-8.113465,19.823856,9.541521,5.6907215,23.729645,22.076733,49.75398,11.7302065,37.586174,18.062931,39.84378,10.820395,4.661221,19.588623,18.373009,-3.614701,33.89841,-2.8862681,15.092496,1.1960483,16.532125,51.47164,115.82792,48.86309
59.49703,-0.163692,14.892309,10.083159,74.76971,22.3675,-17.391281,91.38334,23.19796,63.508575,-3.0479913,16.502348,2.659459,7.596095,13.055849,20.048187,21.016062,24.078377,27.73874,15.773394,14.6596985,26.17112,-16.054798,-4.3968596,14.935684,11.378503,28.1973,21.911667,39.341183,15.712748,15.416051,-12.54596,9.921379,70.05145,93.227844,7.3282585
47.311176,16.626245,22.771454,15.832759,84.66907,20.4226,19.002125,72.86772,25.590763,75.300156,46.840744,32.793762,-11.691691,50.219437,14.325783,-5.108219,30.86057,33.176487,25.230803,5.741983,9.330827,67.31206,24.031971,53.787918,5.737068,26.99895,-3.0435963,26.468992,35.11475,5.579955,20.519041,24.41933,15.988794,47.20454,74.30778,47.904556
37.862595,16.166182,24.254707,-1.4643898,62.68853,20.604107,25.403534,62.432404,26.440237,67.027115,43.12036,29.000305,3.5659406,63.277138,3.9940615,30.442633,18.07257,47.56185,-29.032587,14.68432,22.171862,51.62979,10.549245,51.9485,21.335958,32.098915,4.213969,38.47412,40.051388,10.420893,23.8271,-3.7014093,13.16913,25.964813,68.27363,35.593292
33.247353,2.1040173,21.815218,17.467112,40.71487,15.032387,-0.6388035,34.254337,27.839815,65.918755,34.216393,31.563898,1.1140957,61.204315,13.763293,35.963123,25.53394,41.782433,47.461147,16.33085,19.781637,49.836563,31.015808,14.58983,29.564663,26.295872,17.195988,33.829643,45.408943,34.935677,23.510715,13.48896,18.202318,24.126312,56.998875,59.087204
30.880669,6.126198,42.6317,26.81158,69.81938,20.492088,16.46605,31.630733,26.81951,66.41428,34.70393,19.079636,-4.6659994,61.07298,20.690533,51.88973,27.661404,40.88108,-5.911762,8.628522,69.95967,40.792347,30.29185,29.019566,47.21853,83.19828,22.801918,35.528603,52.490807,45.012146,16.711714,42.0583,29.520496,32.52095,17.167088,39.330124
43.3726,29.30064,31.859346,22.995604,74.846375,31.491098,24.126652,17.87236,28.964273,50.519287,43.659447,38.062668,6.8256516,53.088665,17.458574,36.013523,39.845303,34.644554,10.2774515,15.236107,60.74468,45.321922,12.967222,22.05401,33.60959,59.634354,19.060408,41.41439,61.303593,41.24299,15.0715475,22.449232,8.653459,38.923855,24.710184,32.28819
42.877388,30.411835,-5.1167564,33.10412,58.454193,36.440826,22.843914,37.692436,47.225334,49.859943,70.4404,30.926184,17.718098,55.128242,14.852064,23.598185,31.529858,40.309464,12.923437,20.039589,50.739082,48.376442,18.117981,36.321186,28.7725,82.772766,20.081652,30.545315,60.596252,41.785328,3.3196573,24.951395,21.273743,28.334608,21.069584,38.322777
31.986324,35.279415,5.50002,9.880505,47.7585,32.665924,25.415257,34.080532,45.262226,38.960674,65.13658,35.732815,11.83641,52.23738,51.743454,23.292807,95.42688,36.856853,13.155833,26.527735,55.47836,43.96554,18.382095,57.245712,33.327038,11.837929,45.085625,40.815086,43.666748,37.40584,7.56519,26.848913,40.661922,27.471445,16.673012,47.07241
21.81866,37.35725,-19.041489,17.958632,25.945387,43.35441,27.091848,36.659195,29.559149,63.28775,86.67207,35.750362,6.135621,47.514843,45.333485,23.096472,68.175674,18.445087,15.2082815,37.227184,53.737057,31.493013,18.677956,59.519714,40.21561,37.119125,37.56215,15.233004,20.916784,36.191437,-0.61878395,25.690823,35.70746,31.09285,17.096254,77.291336
22.401964,34.193222,19.099937,-5.163248,28.878595,31.166546,-0.62976456,27.564392,25.219896,63.92923,44.591866,-6.2715416,-3.5149302,42.157307,38.791485,27.455505,53.246243,38.42476,75.76868,24.650345,42.716057,30.257895,-19.403854,63.593056,71.33986,25.231218,2.0735512,26.988115,5.783093,23.532135,6.0813093,18.263607,33.38372,25.851664,24.870472,75.45811
21.475689,28.681627,58.31279,14.385539,13.1411915,31.369936,44.201157,16.3613,24.481796,58.483913,42.309338,21.604342,23.019405,41.039635,37.884434,61.125923,45.06483,34.95772,131.83,16.007172,51.20604,18.469948,-21.255192,39.99929,58.312622,25.126049,9.682076,3.4517841,-3.40172,18.437628,4.53124,46.097977,14.7119255,65.45557,21.798374,82.29893
28.92986,26.1078,44.238663,20.867765,19.489046,32.697186,23.691168,20.891788,28.554283,68.1117,35.451748,36.321056,26.685017,51.930275,37.8658,49.905956,41.07072,31.330568,99.23064,-8.912132,26.445839,28.008625,18.374168,44.537483,43.685253,36.273533,21.576923,11.008022,14.93535,5.8745117,-3.084244,20.384022,25.028212,58.51986,26.087654,74.793106
24.425518,16.540056,22.506592,15.529739,9.214945,24.464808,21.276886,46.30542,7.71169,64.8013,28.104568,44.85615,19.94597,44.938934,36.329624,43.799137,56.49438,36.729137,143.8971,20.809551,11.073697,28.136183,25.580729,29.11984,40.358994,17.130657,19.126822,12.204657,38.251083,-2.0817404,3.4140425,16.47715,26.436695,59.13089,69.06798,22.664997
31.988567,5.539528,14.595862,18.290264,13.508477,25.761631,21.77704,37.493385,-4.3044014,55.22394,29.500654,15.902931,12.547494,56.08848,28.469654,32.910942,61.742958,58.3369,110.45064,21.263994,17.727577,63.70031,14.386407,36.671234,59.09783,47.884758,19.04939,7.504304,38.282063,7.462694,16.251446,13.236462,23.140125,61.27053,39.562,0.2743187
57.39559,-0.448205,16.649422,46.66918,38.34518,4.549822,5.8661957,59.454315,10.902363,68.919075,32.629715,43.467796,4.2830176,47.78849,28.011227,42.53614,52.29907,55.690765,87.26059,19.88384,5.2456846,50.08615,-32.13909,44.691624,42.42217,83.67348,18.111324,34.545567,24.675932,12.378355,21.96016,5.586139,26.340605,65.15345,32.598434,44.15972
76.79008,14.830489,35.465595,59.904846,32.391502,30.354378,27.3954,57.967815,-17.307327,57.296143,42.439632,26.441053,14.279877,51.853024,35.375927,36.990715,59.486057,49.64071,73.89782,9.90937,15.736919,41.324577,7.0385323,44.631252,34.608143,115.55545,19.647593,17.56903,53.36435,13.317717,17.295237,-10.016169,36.51671,61.696037,29.447668,48.005505
86.702545,23.20197,37.547123,29.080019,67.50272,33.024773,32.10286,38.950348,2.983602,36.12422,12.90287,24.63312,12.204663,77.38778,43.421253,35.19381,46.35194,58.775738,69.33279,11.621996,10.655476,41.629784,40.307907,30.144028,30.152456,104.95181,11.720177,-16.22464,70.091095,30.916708,22.232788,-1.615273,32.34956,53.63728,58.25111,51.78184
54.218266,49.65531,28.109816,21.859386,55.09962,22.3484,28.411842,47.379967,7.9923577,32.47805,40.85559,26.49075,10.837955,72.736145,24.127426,31.214529,49.22813,55.206802,55.36424,14.998049,19.435282,17.593683,1.3179855,29.90971,30.459755,99.07677,34.50859,8.7525835,51.062702,7.5182877,5.906085,-9.552126,29.279789,6.576295,60.51932,70.75384
50.028748,46.186302,25.323238,48.38828,29.081867,-24.43686,43.136528,29.902882,21.836245,30.316765,28.236256,21.446869,23.364313,96.76265,21.50975,28.673141,68.36519,59.332985,17.562798,14.998857,18.018608,15.723579,1.346508,12.217178,13.285126,85.27335,27.251194,39.636635,31.08964,24.982431,11.989016,-14.055518,20.38572,19.517313,75.61131,76.231255
48.728237,42.819237,35.411552,40.682373,40.462475,27.001192,28.439428,30.839207,25.724966,28.623121,31.784521,25.086859,23.586811,91.11648,24.732716,17.002214,41.78758,81.69383,37.349403,30.135082,11.12612,24.039778,14.891981,13.026253,15.158266,81.16639,-6.70187,41.68488,35.01184,-1.7552204,10.149984,11.257441,38.0408,35.72768,72.69495,39.658443
42.408836,49.249413,6.921047,23.885963,28.009525,30.091402,0.99995995,30.69198,25.372185,69.109055,50.034523,31.710566,45.223354,88.14806,40.64153,29.291262,47.202824,52.067497,65.84451,23.697113,19.145807,-30.429972,14.55292,11.542655,28.07684,87.74092,12.501554,34.18352,55.23395,0.77689075,13.369387,3.2872713,27.132256,53.68899,68.664,61.197235
26.112303,31.761868,18.862747,17.923244,18.681648,24.990112,18.487326,64.100334,24.832283,71.75989,40.638477,24.245646,57.65795,68.704666,46.65126,48.580124,28.673748,48.62259,58.76065,29.30819,27.63545,22.692852,28.244755,1.0922184,23.168255,62.865677,24.079824,10.953367,3.3056831,10.367812,13.0668,16.708862,18.379784,69.33459,76.46018,38.920963
19.529423,33.36218,13.10969,10.95629,29.43565,26.189484,18.704353,26.251205,28.105839,75.89322,38.129253,22.61663,53.758137,65.11247,38.531654,39.595695,8.524691,46.517906,62.675316,25.016268,38.573193,35.730675,21.873165,30.824316,58.719322,62.01475,26.725134,46.257607,0.8569679,13.880597,4.9064474,13.514915,21.879541,73.49186,37.30902,33.567818
0.9690008,33.61794,30.808186,-0.9558239,25.009396,45.32616,31.052607,30.536818,37.76741,70.70884,40.057816,29.556982,48.36106,53.510456,45.05902,44.04157,12.013872,42.80721,74.022446,28.891268,50.26073,32.88199,34.763233,28.310436,46.065495,47.144306,19.563675,27.568863,17.562065,16.944717,2.6512952,10.09701,41.157043,49.19584,44.953094,60.598236
29.088326,21.347523,19.437035,10.338185,12.40062,38.732533,90.82007,34.2853,37.66569,52.48385,52.738716,27.116148,27.02066,43.171516,36.50018,50.290833,20.760645,46.764664,50.293037,34.09372,33.47268,51.81269,13.020191,45.367126,41.347904,20.468615,23.286566,26.243858,10.289136,0.7975302,7.262697,9.242519,33.42665,44.48108,0.27802086,69.75232
78.52504,14.646371,22.34264,-2.5775547,7.577508,29.565502,47.9151,13.722885,51.034004,43.453903,71.26018,19.506306,25.998741,41.236214,26.464935,72.72568,29.574755,50.045612,58.064995,42.318645,35.30292,47.421936,36.41781,46.051468,41.807407,19.144684,18.214453,28.236141,10.492638,22.357067,9.896247,11.25955,19.394308,47.429153,4.3070717,110.29128
73.424774,27.816061,36.413654,26.881088,24.71284,44.91975,48.514412,8.976595,39.395973,48.2609,71.00196,38.485962,25.653507,15.859985,33.421917,69.129974,32.659115,44.877388,67.63735,28.437063,25.66639,39.873276,36.481125,35.269955,39.609077,46.031433,21.10956,24.321682,35.180664,19.3295,16.659874,9.864237,21.813026,11.30281,25.022636,69.10818
65.80235,31.950245,38.21113,21.026857,39.648872,44.763958,47.748505,4.50523,37.600048,53.890217,57.030388,35.502655,23.166462,28.327597,31.81251,58.683506,46.41983,57.778774,73.29187,29.878958,34.793907,41.25312,50.21453,38.20187,36.811962,38.10444,22.373867,24.65032,37.27629,9.094754,15.15962,2.0197911,24.2216,12.334683,56.309387,73.50443
43.80512,32.864365,35.135777,20.32032,43.9259,37.910553,38.38821,1.3325462,46.539555,44.14637,79.108635,38.32394,26.269936,18.204185,38.638477,52.945755,34.442486,62.106426,72.19704,29.348574,31.658104,41.297215,49.389713,36.510353,18.77532,20.56946,9.1634445,-14.226372,74.15822,11.739176,9.504245,9.680113,13.823765,38.07854,58.323437,79.86513
42.480797,25.961319,29.74565,38.114304,51.84658,32.749336,28.87167,10.559631,44.05603,42.741234,55.58792,30.230305,32.313107,29.656513,34.933586,48.55234,29.813622,33.972996,94.31571,32.09958,35.209682,30.95568,22.524351,22.445677,31.569138,8.028074,14.714441,0.90621376,36.8176,10.433838,4.015755,13.391543,25.824087,45.376667,53.652206,83.68787
35.677704,4.2992535,21.628708,32.92038,55.858673,40.651188,-38.85991,19.755018,41.945858,46.565994,50.41722,31.949427,36.79795,24.413998,37.82595,85.03676,34.92923,40.68829,100.29806,41.33902,35.223724,42.70387,22.200283,35.755062,40.5006,21.758211,10.291316,29.427965,64.36956,-6.176222,6.394934,11.085261,26.907253,64.38082,106.451416,66.18962
41.593906,13.145802,55.542397,16.828941,68.658615,44.58612,19.585041,36.42022,48.38554,38.95274,78.81684,30.078405,45.971912,40.33131,31.930676,90.55803,-14.403622,49.71332,87.81896,40.95279,48.848698,-12.271614,35.123215,9.193953,20.81454,17.7936,6.010981,20.934875,46.53498,-0.7316303,16.814339,24.251474,34.13274,142.0745,126.77948,64.90685
39.776615,9.336155,40.267708,17.52941,72.91925,31.92117,22.484766,32.771156,73.182076,40.667904,81.36826,25.905174,39.297974,18.563774,26.119232,78.4306,9.110058,59.386864,125.776764,38.917526,34.18135,29.363752,29.40483,4.486004,21.846165,22.663258,5.6543717,11.799068,46.87323,20.97402,13.925412,12.968975,22.301033,136.32883,135.99152,58.701347
48.069664,7.837988,36.119473,41.217743,58.442085,34.544407,21.325123,36.694653,68.566284,41.13133,65.18319,74.01297,37.766766,32.264454,28.791904,56.38318,27.26258,64.55862,99.62624,55.582302,22.49623,34.855465,23.67553,14.357792,28.459896,26.627758,18.878866,14.431977,77.176025,33.248196,13.042252,0.34810448,26.075916,138.07852,123.41926,59.772247
55.56339,14.057688,36.571648,60.701706,65.33969,60.82357,25.53295,-3.021164,43.45607,52.31552,72.31363,58.07219,43.659153,57.51198,35.005432,75.31061,34.933056,64.9569,39.491924,33.21059,27.358644,41.256905,49.311646,16.967354,14.845709,45.027752,21.433893,41.682358,68.767494,32.932423,10.824074,23.232399,16.853907,128.67896,118.033676,50.23075
42.04459,37.583122,29.150562,48.314537,78.680305,46.34205,47.58621,5.0899963,42.93158,68.65406,67.319244,54.532936,41.9181,55.502678,47.20108,51.566116,50.97393,73.21805,26.642765,50.32078,43.25753,36.49529,10.021828,26.66629,26.762596,2.8216133,28.80949,40.520824,41.467552,43.240513,27.112263,33.79097,23.983465,135.17969,99.70928,60.062313
42.638763,38.747234,29.215734,82.01133,67.97519,47.24327,45.332085,24.22078,50.431053,72.71499,52.022526,64.38656,40.71938,56.29212,37.5572,55.581825,52.49616,61.182304,49.9315,42.364555,56.197548,38.81326,4.2802486,25.818405,39.4541,33.039707,35.498833,10.598534,60.932938,42.29021,36.1405,36.49327,36.227375,117.94531,92.86005,35.202408
39.810226,63.6171,37.040497,63.24017,57.378456,51.222298,39.1373,23.365227,30.358204,72.52591,35.780098,59.4091,23.35875,41.144814,35.699368,29.653032,83.15492,66.131294,50.86825,49.466156,109.28172,38.764885,24.095009,27.486668,13.670994,31.378708,39.73371,36.081924,58.08006,47.676456,38.667114,30.069046,38.214245,100.79176,64.05551,29.486782
26.761028,41.594715,37.95443,42.322693,50.496597,46.59034,46.89413,19.741587,22.70069,54.647842,43.00138,2.8311653,21.698645,15.40442,36.589592,32.11874,62.232407,95.63048,42.3894,35.857773,76.69479,37.999035,38.822624,35.3761,15.784479,24.995516,37.39326,35.949196,65.37754,47.375362,39.1098,20.88778,50.326797,119.42966,60.088192,87.86203
28.13335,45.228256,54.84495,49.33693,50.340694,56.214153,44.559116,-28.449364,20.316963,80.493835,41.825733,32.771038,24.098984,22.509653,40.92488,40.338886,81.221985,99.64467,67.84379,26.861017,67.14676,37.166756,38.128544,52.73125,6.1981792,34.27047,37.21499,29.662851,68.924515,49.919956,41.051647,32.251766,45.84933,150.90956,88.1055,84.375626
40.70575,48.15455,23.407087,38.795788,51.43434,40.14852,18.02714,15.354105,43.52011,71.84948,75.99854,48.316998,35.42826,35.595154,45.777,35.11,143.58546,98.5308,62.04733,38.092846,69.01031,34.59754,37.29986,58.62796,16.052298,63.476204,44.393,57.074013,62.43031,48.465805,38.240425,32.251892,49.932247,151.0053,73.31491,81.103325
39.297718,32.403732,28.888897,34.03299,60.678158,38.62748,38.468117,17.084118,38.87163,61.762405,54.57495,34.176422,39.574318,37.87635,42.96383,33.17395,157.37703,83.039795,63.477665,32.360657,62.36873,42.89202,33.460316,54.271145,51.133087,74.21248,49.137554,58.604683,40.266922,41.355267,37.944607,32.35867,64.8209,152.87793,63.060776,63.470894
71.6767,34.316303,34.500748,38.444794,58.50512,44.291138,48.08665,24.737518,24.792126,55.61775,59.513325,22.821852,39.775177,28.67891,35.947536,56.74987,118.0116,65.249695,58.92733,34.399265,55.94094,41.38742,10.939175,83.62635,46.56242,98.37597,43.83418,67.363235,52.922737,45.9252,37.343964,36.832977,87.01731,129.51701,86.28152,50.117374
114.69951,34.46958,4.0830536,39.917896,54.14291,44.53887,43.1407,34.961292,51.10987,75.194275,37.959457,-13.00864,39.628773,16.996468,33.213364,87.14671,91.84422,55.32724,34.760258,28.78445,73.315315,56.104713,23.42839,33.438095,54.547848,47.69647,46.220406,55.938972,49.072823,46.073185,41.149994,22.95368,86.386475,123.2246,108.75215,51.557037
121.911316,27.228825,20.16423,33.276485,99.729095,43.375767,45.393597,33.389675,56.13322,92.5298,30.952759,21.709862,13.215372,32.690994,9.249237,41.96689,53.928383,53.574734,74.75739,28.682995,108.12935,52.654266,35.227608,61.174236,43.492325,58.976948,29.964853,73.32384,49.177715,44.631744,38.591015,28.064428,59.84086,118.684204,106.53201,101.641525
107.10334,42.547417,28.632593,23.399193,83.134476,52.739014,42.850727,19.419487,34.070065,37.68844,24.650156,37.762634,7.787631,29.058918,15.393783,63.184395,60.107674,44.38937,63.51947,30.636896,69.07003,56.606277,49.84462,43.454308,33.8666,41.54171,12.437571,70.24066,65.580246,62.933537,58.57782,26.019258,66.06227,115.13326,92.714264,89.65397
116.06053,58.81487,31.573391,34.203247,91.01201,49.101475,38.910805,36.843952,32.813076,31.118927,31.661776,36.063477,-14.963394,39.760963,29.691097,55.674583,52.103115,41.982857,72.59024,26.636654,55.699783,47.13809,81.22682,60.17208,33.642204,79.79291,6.519478,64.5864,58.455273,59.265408,56.679115,4.6596813,74.02522,113.81999,96.47882,71.04134
139.75308,53.719498,29.453121,56.149952,69.25991,41.00704,43.09543,25.130627,25.10168,23.714624,36.023556,44.886456,1.3052692,37.74006,43.120743,47.039837,46.351315,37.776676,130.60316,19.505135,65.20867,36.321964,88.60005,63.509995,34.912067,70.70805,14.62477,49.13255,63.951576,47.774,57.26189,5.040822,61.8649,76.14438,118.869804,45.717304
118.97311,51.482292,45.49272,51.69443,59.064636,37.958008,43.24739,48.63829,33.361572,26.920755,59.866066,39.337734,12.119437,58.300575,40.581387,43.59536,56.537598,21.354548,144.79752,8.678191,87.22117,71.24073,78.7727,55.979603,54.60236,80.78338,33.663494,49.212708,62.459312,48.44602,59.927574,33.12277,81.37349,40.838776,117.443535,69.56874
107.72273,49.294518,38.13327,59.50325,61.48699,66.10259,46.190247,51.603764,-24.323303,23.744865,71.05331,65.13201,19.73545,60.4738,41.758472,52.8448,51.640198,38.346176,79.19226,20.22502,97.45946,77.22367,79.92317,60.002884,52.761154,87.06065,32.57821,51.755985,67.26428,43.507095,54.52273,37.018307,73.487045,-22.43613,84.01095,64.52017
113.57761,67.100624,40.114494,62.268967,90.42304,39.192772,52.48363,53.740974,43.253803,-19.612015,67.721176,51.02954,28.76031,68.693054,39.138462,62.968727,94.74347,44.237793,100.94526,25.568747,75.14892,70.74603,70.349464,54.307636,43.547302,78.398994,37.223186,24.430397,82.04822,34.643658,53.428856,31.550459,60.65645,45.395004,69.97759,66.55562
114.55281,73.78097,49.83696,51.012978,95.00626,60.359238,51.882164,47.202347,42.629498,-12.056144,91.62705,60.203,47.47854,78.92192,42.03333,30.890547,78.571236,79.05579,84.92552,44.0369,88.29676,75.43043,78.5276,54.855755,38.142223,71.711754,44.680397,-20.071018,66.0466,49.781887,70.30458,31.400415,51.07806,41.570183,69.66893,71.281876
120.23618,74.69794,37.858192,56.031586,83.79028,66.62764,29.86454,55.57492,44.5212,5.7776155,72.40118,53.037777,32.943184,79.96389,35.104637,45.14753,69.27532,67.93795,87.135025,35.21446,75.68624,64.01262,67.57114,71.20091,40.597416,58.81422,46.063755,13.38481,75.76771,52.436184,85.284,35.79748,64.73531,68.170746,79.296425,85.311745
115.80735,89.90483,36.553173,59.128593,78.21821,64.28364,72.229034,57.56076,29.977867,14.01141,88.4594,44.468353,38.251106,76.53216,39.965168,61.8034,65.98861,71.019646,127.2909,42.389343,69.83694,85.774124,54.1894,66.951515,36.927258,52.45232,36.129368,-7.649065,85.95186,45.567005,77.368256,31.140358,49.871788,86.86174,105.91216,77.399
105.37013,80.62901,48.237965,51.384365,69.087234,66.606285,78.50721,45.80311,56.672768,25.852886,104.867905,65.884155,46.58091,57.326286,43.26023,77.96687,90.53075,78.076324,143.04175,23.989151,57.64835,92.24894,50.46238,47.872818,46.684647,51.359516,33.999573,-5.902588,87.21707,49.730854,74.83001,20.03392,51.792763,112.79961,87.406654,97.85292
108.91085,88.88132,43.257294,56.30302,86.90684,72.164444,64.241974,37.266304,56.660656,32.9898,99.72734,51.998276,58.368137,61.434525,33.78363,67.53379,86.61774,81.67165,162.26393,49.813263,84.33908,93.612,47.97423,67.56351,54.49563,64.01119,44.995255,-1.2577629,74.83374,46.673172,73.06238,26.602934,63.258266,133.67046,93.47876,75.84896
100.64396,86.09898,36.76061,48.118122,90.34171,74.55704,70.842255,66.19461,70.38095,36.81835,90.04733,60.7188,51.01235,48.669533,51.98574,78.34777,103.67707,72.03686,148.93661,48.689205,8.56662,86.71163,7.2601433,68.99614,56.61799,52.414333,32.460014,-2.561205,83.06948,53.65403,72.97323,30.20701,50.880272,175.29362,120.49691,78.70938
98.62681,76.94563,32.724766,54.094925,51.48948,59.59207,25.332352,112.807236,79.33324,35.221214,80.75048,66.73896,58.515945,51.40599,70.74334,79.69603,86.603226,42.411766,115.56179,49.98951,33.358517,80.57483,24.083878,74.210815,45.160175,59.26116,33.179134,2.8716002,93.41332,65.00958,80.17105,21.454302,52.13951,170.10039,126.9875,85.45608
98.519684,97.735405,46.351955,48.43864,51.43272,58.72727,31.481522,108.556915,38.63231,34.295124,87.20799,49.398495,57.29805,69.314606,60.260933,81.58372,62.582817,40.14233,112.304214,61.113457,45.048763,83.05047,1.2254257,77.05967,51.33329,107.36813,40.18998,21.370846,90.53538,79.13827,73.94069,4.8283043,49.512802,161.70697,138.33755,73.93101
95.52632,106.7412,46.98478,62.93229,55.00212,61.77652,66.68004,106.20087,54.30651,46.454205,97.029755,63.688107,44.315334,57.920563,55.814774,93.26093,61.45195,47.321075,108.71098,54.79904,52.59517,82.275246,43.988846,72.78146,50.50089,135.1879,16.213776,20.42978,96.836136,67.27609,66.26283,33.847702,48.926117,111.90929,127.957825,102.4378
90.195526,71.41069,49.786694,58.696915,64.21423,48.259773,75.21497,109.64433,49.93402,52.827084,80.16109,68.35269,46.198006,74.7062,54.39035,84.352196,30.46085,45.8168,115.55798,68.039185,40.746197,80.50029,67.9096,75.76205,59.422714,85.17409,24.461996,61.105045,78.3758,69.79603,59.765545,29.408754,40.684383,79.56348,130.67392,108.06013
89.134056,76.15466,55.659428,63.234158,69.70983,43.06879,83.77247,106.97257,54.322353,59.07691,83.3248,55.873333,53.98953,79.00843,49.964294,58.65314,31.259523,71.89407,105.1427,60.407944,72.17939,88.27718,76.677956,75.604675,64.916855,102.31849,37.610474,54.814075,69.78604,81.66748,57.646175,17.487387,40.07851,150.3306,120.89806,136.61089
95.11868,73.85486,47.159714,85.15809,130.7844,47.248634,80.12158,125.987595,66.66794,75.99982,82.13034,79.08017,48.097305,71.46303,30.80503,60.7087,30.938267,60.877792,105.14022,55.569656,75.7868,89.465576,76.84523,82.87147,71.53076,63.120506,48.84684,42.36364,72.542206,84.804695,59.029594,6.383795,36.78537,139.57504,124.11932,124.196526
100.15123,82.63599,59.143753,74.21168,110.973274,1.2039719,77.35852,124.05935,60.56242,80.06713,80.381165,72.9062,46.266083,76.674904,41.72913,68.79935,47.51517,56.167965,96.56045,60.03585,74.43281,96.75336,35.12731,70.13826,78.43728,44.841534,40.332825,66.623184,90.24777,100.12616,45.225548,32.014534,41.583206,138.35591,129.87518,113.723946
100.06214,84.864296,54.616314,39.30613,105.6942,36.815475,78.2444,104.7202,63.088936,83.01791,78.77217,75.96009,29.444462,67.907646,44.318977,56.215862,37.27043,58.077316,125.08854,55.934727,32.360027,73.37826,32.69498,65.00044,64.9957,46.33772,45.31931,55.094284,78.12426,93.929276,59.937057,36.30218,42.06564,133.96245,77.95299,100.93274
23.511993,79.19434,49.48652,48.814266,84.643616,44.50697,67.0175,80.698784,36.994225,74.193344,64.22356,68.85926,33.162033,57.065273,38.10313,84.21538,52.79577,51.437473,97.20647,45.553986,44.700603,74.27961,41.196236,91.1161,67.25292,55.866165,71.91393,26.486567,75.387276,87.06108,55.833534,32.788925,50.0514,189.35709,84.70588,112.001015
61.487705,72.59412,51.653442,53.769787,90.958664,55.59746,55.68274,56.276375,44.86172,81.92965,67.43582,54.33643,35.77548,53.247566,53.343773,61.565666,65.024826,64.1755,94.31957,35.034718,46.858047,68.86472,-2.9576225,76.51086,76.02439,58.1741,46.14991,6.8168945,94.896645,72.69667,59.519905,43.91291,59.58524,147.58113,117.327385,110.42455
68.98996,68.19267,46.5157,54.576004,74.72799,56.91999,46.561275,62.168335,38.75827,77.228294,61.74843,86.0382,43.07173,44.506058,66.08822,64.23061,66.31299,103.077065,150.93962,47.594215,47.22203,76.98023,19.621391,61.361244,65.570145,95.69307,53.98775,38.373604,73.394775,74.52572,74.173935,56.406075,64.06704,147.41397,101.87567,114.716
101.47615,71.07352,41.72348,57.68312,71.689064,53.253624,79.74701,63.146366,56.03664,78.46821,58.572075,78.072876,47.26587,48.466053,65.12608,59.89547,84.88414,100.53367,128.75586,52.630356,64.70989,74.684845,45.958443,61.62978,46.47694,123.502464,58.09946,48.99164,77.07687,55.869904,75.01432,28.992409,61.34278,125.68757,88.82166,103.86486
98.97995,82.552864,34.34455,37.488617,139.66916,54.394726,73.11825,68.84873,69.41602,72.707504,93.29974,67.29249,57.849274,50.772007,49.857933,71.336716,82.248055,101.6716,124.05766,40.586586,69.03849,76.3158,68.33252,53.162346,47.828583,125.94909,46.366295,59.180534,67.03874,48.105385,81.94115,38.77039,72.00016,124.07825,100.36663,95.42981
93.41386,89.527664,24.778896,49.98413,123.907036,57.719444,84.652145,65.379845,99.65679,64.751045,103.46357,72.180046,56.623894,51.776005,37.49066,71.217,124.841675,110.53357,125.772995,49.68071,75.05938,96.29982,75.66355,64.18548,50.83333,114.23811,43.45449,61.595936,80.02513,35.644787,70.48925,44.020702,61.48734,111.53029,102.38036,103.67932
79.08966,79.50409,37.455605,64.96196,117.19139,64.67932,85.86392,71.216515,59.40205,66.77056,112.06918,84.78225,67.03458,63.89406,44.82795,116.352005,129.03285,112.7811,113.65822,57.83989,79.37726,121.748566,67.24196,27.920982,51.60211,118.73645,40.309185,55.266396,77.89315,52.53276,74.07208,30.272419,63.649902,101.47493,102.65228,92.77865
80.440796,74.80717,38.450794,68.60855,136.50447,66.067,81.187225,80.59034,61.33958,116.67315,114.71068,107.67533,76.09277,69.05288,38.69513,86.649826,114.032845,74.892685,121.83925,69.3958,107.819084,131.51486,73.84303,41.762768,40.388626,115.47475,38.384655,63.530148,72.99781,43.97992,88.24954,42.913624,63.798317,133.85117,123.41562,83.706894
74.208015,73.97659,41.37815,107.63301,113.88868,74.2299,82.550644,96.51604,56.0698,110.393425,103.340515,118.07991,74.45277,32.993225,45.928154,53.77385,81.22816,79.94142,136.12914,72.79236,125.779205,113.73425,64.39596,48.318607,37.823296,99.781876,33.963142,60.179058,74.51046,49.52489,82.98952,43.197712,78.53593,120.11711,121.62186,100.370766
116.983795,64.085556,62.192497,93.38639,117.996124,77.42185,95.85747,160.29333,71.996666,100.20151,128.827,105.69926,100.4694,45.447083,47.627506,55.53648,67.322205,82.891884,125.016,50.621643,151.01103,120.52664,55.903328,43.13543,32.226955,95.8207,40.04535,65.12068,71.83553,53.551144,75.11226,44.882854,65.34668,123.398544,117.91198,111.558945
110.81249,66.5014,44.559135,83.86597,105.88296,69.59817,95.68084,143.38844,85.07286,111.37769,128.13197,101.97782,106.41967,63.614086,48.73858,43.22734,57.79857,90.42209,77.67496,66.71185,125.542694,54.217228,90.29613,58.50015,51.954464,86.60287,31.477968,77.22193,53.659775,75.85625,77.49538,35.519394,80.03679,97.10177,124.17256,112.85439
139.66168,70.77651,65.13705,88.33296,120.93981,69.29814,63.737823,135.54562,75.77863,124.6631,111.41131,100.69278,102.9575,71.04602,59.553764,71.09695,88.854,96.73506,75.5087,97.12547,87.122986,53.76904,86.59525,59.029205,51.82811,94.197945,26.947735,84.04197,65.873055,77.073814,88.335625,6.250553,63.286293,71.58591,152.39691,112.6955
131.78876,86.75916,85.6855,98.31596,104.856285,68.60859,74.7751,124.05555,72.819496,120.44251,100.54378,95.34087,76.25063,85.47845,77.770386,94.068794,100.36441,124.35776,92.57978,66.944855,91.11975,76.62882,98.44453,116.67833,57.009953,54.562325,37.716793,55.20748,88.282036,80.9675,89.69378,-3.4793644,48.501266,53.574673,148.84775,122.08888
165.0513,107.062164,98.8679,116.5977,101.397964,76.304535,72.148285,141.6362,79.85971,100.21965,113.58999,98.80227,78.20438,97.06155,48.914177,107.59554,148.45854,139.55542,100.61817,85.583595,101.761215,109.37186,93.15384,108.87764,42.625793,60.64703,30.332811,39.02226,90.95185,109.47926,80.5743,20.618502,61.64692,-14.159393,184.03209,147.92313
168.772,96.63657,82.83823,112.35651,102.39202,88.42971,86.91904,143.23578,95.511185,109.617195,136.18207,122.99469,87.07902,133.32307,67.42854,100.05347,151.18373,169.04472,119.820755,111.45137,124.80655,-26.993423,94.653114,98.07249,64.065,35.81749,39.715572,39.962044,135.3154,96.51728,69.35455,4.0847282,85.590195,59.947357,167.1105,134.00717
152.5449,104.90953,97.31209,100.651215,123.352036,100.98502,84.50465,157.12816,104.28639,111.09473,148.6452,95.94721,92.18634,160.96425,69.44249,93.49124,169.8947,154.1294,136.9762,110.538666,97.1144,56.825546,85.29829,85.1141,70.92563,60.13524,46.16263,44.09626,139.02237,100.316986,72.560776,-2.5112858,94.19879,77.91445,211.15982,95.08064
147.90604,90.160416,108.671875,98.6771,103.405334,59.410908,72.3112,143.6652,92.782104,118.87501,131.17685,87.20536,76.67039,167.46527,82.366936,111.61168,166.73576,111.75473,116.20191,98.20171,81.540344,84.11137,76.36619,72.64828,79.124626,69.80446,55.877983,46.78588,123.35894,89.420296,82.76539,26.53325,105.92804,134.48245,207.36476,98.37109
127.54055,93.177155,84.0895,96.702866,97.65988,73.96522,83.63566,121.051956,85.92671,115.98358,126.748215,105.88158,76.2693,172.81754,83.517944,96.5091,186.8326,143.20255,115.20647,76.34905,102.4738,104.21229,76.89299,82.757614,94.2524,88.375275,66.03537,36.241783,115.14508,90.964066,74.55925,35.311455,107.01681,116.00174,195.17621,92.97283
166.57593,94.16015,95.991066,89.07835,82.89545,86.20575,76.71079,45.746223,95.81288,115.79295,116.77277,90.20121,75.228065,145.97946,86.563255,128.24529,156.54172,148.71037,107.18167,94.53445,118.22023,110.14627,89.710655,139.12561,102.13144,94.311356,76.82249,48.51181,130.86475,127.60128,82.002396,37.196926,112.90641,164.71713,219.36392,84.776405
143.52654,98.30689,73.62783,97.89124,115.46785,81.56327,100.79489,64.600395,93.206055,117.16959,126.61872,132.07043,97.039314,147.12773,82.327614,107.83635,148.41676,163.37372,51.597153,110.2983,109.9408,116.26444,74.55536,120.336395,99.557076,98.1521,87.23743,58.494316,93.7912,103.62659,70.17423,16.370573,113.51744,167.91982,224.2873,112.43852
168.19753,103.97585,68.96142,97.94707,149.68924,110.559875,92.45523,76.83134,103.06281,128.89845,121.17527,115.122314,98.79819,149.56842,101.129684,104.33661,186.39688,170.11975,66.14934,88.02324,108.573944,133.18729,86.95943,106.462364,103.155365,81.23834,96.5723,62.45064,80.29887,95.21605,72.21005,38.76918,120.89728,210.8493,215.33537,107.78574
120.9164,90.877785,67.906334,102.19104,130.5383,95.011475,90.86716,87.8219,95.1006,136.22795,151.44527,153.03453,129.08337,149.2784,141.41315,123.758995,187.77179,188.18364,67.74475,102.73865,123.50928,132.92357,103.88805,96.66193,106.57183,96.0408,95.164444,51.456264,84.676765,81.490364,72.890686,55.445553,129.72446,206.17714,249.48967,147.32466
117.913795,107.64488,101.620514,111.401886,128.28139,91.395676,106.024895,106.16139,121.02893,147.3646,158.45384,133.35245,120.840866,156.6401,140.73174,141.43391,187.00664,209.54507,76.77618,129.14217,174.35173,136.25156,111.48905,71.14239,111.43206,127.32624,84.138855,68.572495,89.4101,104.28223,72.251686,72.249565,138.32788,205.09088,252.23051,202.59444
116.26686,103.442024,90.245834,132.63036,143.67958,111.24692,117.549034,117.26764,140.04298,176.47107,174.58105,159.71947,149.15614,157.31271,150.60779,177.73299,227.75986,226.59067,124.88434,156.60272,176.61919,139.5193,114.71728,70.36605,125.85427,54.070526,79.70685,84.656746,94.01413,87.140854,85.44015,94.012764,145.03874,200.84753,268.43488,237.91864
108.582535,110.54586,101.75999,143.96039,58.815956,133.87428,132.94727,111.53863,157.47827,170.85707,195.26541,163.53851,158.78264,166.63974,166.97093,169.51262,232.57771,225.29521,168.3721,157.3405,212.83316,112.74832,111.53317,73.02972,112.205765,103.04228,91.461075,74.93317,88.15029,105.579,89.61504,98.65895,155.42854,204.18356,248.5593,226.7086
114.04275,104.8208,116.53847,153.35327,85.45492,145.07402,140.99217,124.550575,162.90952,201.30772,193.44164,125.41988,150.0427,201.2637,162.13216,168.87119,231.54305,237.36977,182.07695,159.31424,214.4155,167.27197,67.77835,88.599655,102.18492,104.980515,106.08826,78.96403,85.340645,90.016266,85.88453,89.98376,147.69237,212.8845,260.45407,200.14255
115.049385,103.91221,110.61791,153.06212,105.729576,140.3655,145.09633,126.5907,164.40218,221.2047,202.77815,177.25569,146.83731,190.41527,153.80003,170.61378,221.49648,246.18568,189.933,162.53807,220.7746,181.2818,62.213852,71.37005,98.06551,103.54372,97.843185,84.83174,79.71735,113.18294,95.15681,82.288925,157.75343,229.36452,252.34442,178.34433
101.63294,101.98206,101.3888,153.6388,120.57161,132.50249,147.38454,125.212555,147.13805,221.0339,219.81543,191.69054,174.30124,199.02675,142.12953,177.70512,220.53833,258.95004,193.05574,164.91481,220.89809,191.31345,85.54332,93.106155,86.80069,108.63344,134.26602,72.43384,84.68434,119.888794,107.703674,82.37608,158.39548,258.7749,260.62515,170.27031
107.38441,97.53285,90.77018,162.4013,152.44586,123.90654,142.04254,141.60344,174.96634,226.20122,225.57005,187.1475,184.85239,203.25821,152.23276,186.63333,234.15816,259.12686,171.36908,179.58148,227.26161,219.85498,88.88743,91.36243,67.828384,70.19495,119.28146,79.76315,94.70315,106.27006,101.38309,86.34182,170.16159,269.19174,262.8881,189.7054
109.25091,109.43703,103.95118,172.3752,147.10791,133.22072,171.70192,161.75946,202.72885,236.83301,224.63185,211.41467,183.36385,202.75496,143.14777,178.78433,253.44135,254.78065,175.25217,184.62143,245.01611,222.41782,95.79425,75.237915,115.65537,82.234886,105.01786,87.65303,87.49316,87.3165,111.537155,95.152756,179.12111,251.20279,254.35545,181.61449
111.90214,132.16388,123.86823,190.2943,160.04822,161.27036,178.39252,202.06984,206.22662,236.42114,243.63066,202.47482,202.77647,207.25694,158.45285,190.08334,256.34464,279.19424,185.60094,197.64594,244.8381,228.66098,90.91547,80.77185,123.04345,70.71112,107.50622,100.919106,84.80774,91.66694,117.68637,108.1699,171.83786,258.13007,281.01556,168.6744
117.75903,154.54366,138.04836,199.36287,165.16315,177.16978,186.45523,256.11624,218.20764,270.81854,281.29227,225.73366,200.21373,212.43799,177.41336,211.10239,260.66153,278.76212,203.0771,212.47037,244.96674,229.39899,115.51747,107.95681,137.97842,101.841675,102.875656,120.80245,99.807434,78.993645,117.38146,101.58263,184.95769,299.20352,279.91272,171.8277
115.85356,190.47964,159.60681,211.76047,167.69275,194.67337,177.22374,215.45338,242.03543,301.49338,259.24255,187.39178,217.0778,203.55637,201.79732,263.3608,265.74963,258.14346,241.67403,219.44482,259.6838,235.83904,117.21371,133.12405,168.58469,103.59426,107.39516,148.20175,108.3728,61.638084,126.44605,111.60165,182.02531,189.08046,235.71512,170.43893
110.992035,201.80779,171.29002,203.37233,197.98975,195.93251,210.875,241.61537,242.2386,308.7407,279.23895,213.46913,242.36472,202.74231,189.22221,284.30048,243.99582,254.01122,243.57913,208.76443,276.00006,249.01831,107.574135,109.01656,164.43524,107.65878,92.19418,153.18489,124.0854,77.92525,121.809685,92.5732,187.58896,180.05115,222.71974,165.69804
116.233444,211.19876,187.90305,222.18336,189.12595,203.51277,232.84134,238.10411,227.9634,315.24332,283.7849,231.7867,234.33557,209.1505,185.21202,253.29074,231.57558,257.13718,257.75012,208.84554,274.07025,214.00504,119.18698,115.62964,183.86646,92.600555,104.826454,146.42953,147.56206,131.93216,154.94925,113.89924,207.92674,164.97563,218.4904,175.41591
123.18307,219.72885,208.24582,196.51334,170.19203,204.7263,229.52942,187.99089,245.9275,300.18564,284.2386,233.84407,222.43343,216.60518,194.10747,237.61896,234.0762,266.0997,251.20132,201.54115,255.30505,234.07219,113.06431,134.68875,164.76402,114.18173,114.54355,160.25412,128.11406,132.64413,189.54657,108.44939,215.65057,161.18666,246.40604,176.29108
139.52066,231.48901,201.75922,204.23744,203.6036,204.06781,139.59082,193.66972,257.78204,299.34555,288.5256,227.53726,206.58583,236.75514,190.4737,238.9391,252.12444,263.62164,286.66232,219.31511,254.01248,213.5263,111.699135,140.6936,179.71008,124.23639,95.97406,150.08273,129.52734,137.03549,211.71497,117.91316,212.2017,176.861,248.1123,181.72571
156.21165,234.55493,182.00296,248.71312,228.54013,211.66548,184.18185,206.62752,247.50475,280.55173,288.75317,235.44441,190.91039,243.74219,185.07133,245.97353,248.66125,273.8069,295.4875,219.2153,260.5111,232.11298,94.43023,150.33972,176.84976,120.97112,78.9825,165.38484,155.04448,149.14323,217.1325,92.53508,211.12033,190.357,234.22743,191.5686
176.61774,229.81119,226.67633,242.46536,245.25381,226.25314,205.23131,105.45186,239.03604,272.76285,269.18927,239.30125,202.12442,252.40749,185.09198,238.4947,219.5174,256.22748,258.99454,215.5273,259.84616,259.45734,112.073326,179.74025,161.13367,64.22007,101.5254,162.86658,189.45686,184.00124,232.08176,121.3787,198.85457,193.21115,251.75465,215.90997
216.14642,214.16223,198.78917,229.97621,241.12993,227.80032,204.80618,179.2796,199.04887,272.6055,262.00476,243.12552,219.2232,260.9287,188.30278,226.82176,239.10622,246.94408,258.73578,217.43977,272.83197,254.86743,104.68474,223.25943,155.54245,74.84965,110.81516,175.02528,202.0917,202.57402,207.31522,123.26188,198.45087,268.4303,244.17964,209.80591
219.4796,221.00212,186.8109,230.66743,243.86821,216.39642,209.74838,182.88904,194.29883,280.90033,267.24207,234.67392,207.4111,275.2376,187.67253,237.95135,251.08533,233.3155,253.55138,200.47386,277.04388,245.22128,92.47067,218.6656,142.43854,85.09328,127.605316,132.30489,184.72649,225.16321,238.49905,134.36516,204.22598,250.00319,242.6536,190.74458
250.09036,239.35179,194.5384,268.24448,226.87909,233.30083,221.81815,187.77672,189.60219,264.88553,270.79956,230.92943,200.81224,273.7369,205.16153,228.18155,277.6908,234.13898,257.46237,202.4042,233.19843,231.36375,94.64901,199.0206,199.06494,77.357414,125.280815,123.490814,177.75119,205.12285,239.6985,134.04549,211.08128,242.40616,303.54404,173.04659
265.8409,270.8369,198.80304,292.69345,202.03293,224.70343,224.01854,210.67377,181.77591,281.81793,242.12315,241.49216,164.82306,255.11345,204.72919,229.36026,263.32718,240.53267,269.68958,206.35213,224.37413,238.71848,71.48997,197.14719,182.64752,83.436966,121.03587,127.73273,189.83382,231.23146,248.52757,120.64073,212.48192,235.10368,314.80692,179.2744
269.41388,258.14694,204.51408,304.24158,243.9721,239.1549,213.36357,205.08755,182.54945,279.4651,247.41994,214.27878,145.27863,259.39072,190.5851,232.71039,289.41608,233.38223,259.0446,192.03772,226.34338,223.94743,53.166603,196.37259,169.66333,91.08001,131.72736,119.66738,196.98912,227.42946,245.77353,111.20954,235.49718,235.18826,322.4959,170.65005
277.84314,246.40501,208.83218,293.28003,209.85265,228.38383,217.95255,95.32761,117.25409,280.83902,187.59932,225.53596,189.6537,258.71164,174.59291,203.60416,275.35254,243.44366,254.99413,191.13895,231.81631,233.19388,57.672062,193.15633,176.7159,97.54649,153.29306,120.70304,206.57594,214.83989,244.0567,97.90501,240.39413,244.83566,315.66537,170.088
257.37997,237.69597,194.99025,287.2307,171.63036,213.15349,193.19145,146.17775,114.587074,286.81018,191.166,252.67038,188.06998,241.75331,173.19884,188.3736,263.1865,252.09146,283.90005,189.58481,225.065,204.45424,69.584755,212.01431,175.04538,94.791565,144.7958,133.4694,215.23311,235.33784,222.36023,120.67153,261.09247,259.435,333.1276,168.53679
255.08145,236.58777,196.40814,274.94684,141.44542,195.73732,188.0564,169.63809,116.4888,272.75488,214.78804,218.65656,189.48167,264.86118,182.1911,214.5478,273.98636,276.25723,283.11224,199.74352,245.93126,199.934,101.5267,203.66379,182.53973,131.22603,152.47386,132.48969,168.85446,261.923,222.66219,123.653114,266.10144,271.68115,330.1,160.29158
240.18869,245.14616,196.17596,281.9017,152.19394,220.16235,198.99728,213.16937,127.779686,286.07114,236.17613,211.28726,217.69043,257.8869,198.04361,212.32626,280.94183,293.27603,288.76624,222.03651,240.3299,236.64917,118.791275,215.73093,188.39594,164.2093,143.32237,143.10922,166.37782,252.80237,221.36919,140.3865,275.34747,287.3944,346.64844,155.03584
253.12077,234.88612,200.67311,315.89957,153.37073,236.37686,207.37508,229.35388,147.25,281.4491,246.44452,210.61006,236.11012,256.82867,205.2541,149.64769,253.524,303.6424,315.09335,243.51694,278.11975,262.8222,140.29047,212.38112,207.66827,171.56389,160.01651,129.0197,160.27422,257.48297,223.41666,139.58687,279.68698,319.41104,400.49185,118.28548
268.2014,215.16241,195.25345,310.6436,160.2209,233.63399,229.64287,240.88701,184.55392,291.09442,279.31824,247.78497,227.5537,278.43182,217.4546,194.99994,287.2052,331.05368,309.73505,243.66742,272.13568,268.61642,133.19505,218.6724,205.41812,185.06581,148.45776,148.77306,183.13663,255.17589,240.37112,137.8632,301.2827,342.85953,349.06073,123.70063
273.16553,203.57037,195.33984,314.29922,173.837,218.05661,238.81831,232.51407,188.8077,296.14566,307.30234,218.11465,216.81319,262.739,222.06105,245.80264,345.7938,362.17136,318.56067,240.4242,303.14325,269.26462,149.98586,225.28102,203.69312,191.39973,157.7773,137.06075,187.19179,238.85468,243.86049,128.59267,292.79907,364.70123,336.88452,118.268845
271.91763,193.99913,238.6925,312.44583,188.17456,247.12546,252.52718,278.20096,225.74883,277.74448,330.83115,260.09198,229.20715,246.44188,242.26918,298.9349,379.0071,387.23618,367.41794,248.45447,334.94495,291.81274,187.75941,220.80606,211.08194,251.80878,156.8566,177.5867,188.31372,210.55023,243.65407,136.7992,302.47507,392.29657,362.72495,115.5216
295.64737,188.58812,239.20717,338.27686,211.55331,235.63423,250.41782,322.6038,283.18707,314.45673,336.36093,304.6167,251.90103,267.58395,242.46849,314.14294,381.575,407.1575,394.91068,263.83047,359.16806,327.37387,222.4191,215.17276,212.54779,267.88306,142.16174,196.2197,168.42946,229.0411,252.70584,109.73477,318.13245,394.4999,406.83868,144.02356
296.36627,206.57098,244.3058,339.89896,222.14966,240.21115,284.63525,339.2174,259.77582,340.12033,398.95862,332.19818,265.4074,298.19208,247.81502,280.10974,407.23438,433.19867,412.83472,301.3165,402.8219,364.71436,255.93466,235.87845,229.88626,278.1652,142.8472,236.03189,181.87796,234.57034,255.00957,123.5708,310.41534,386.69806,368.98102,191.4425
330.8367,230.80531,259.98172,332.55817,270.3795,251.96138,310.44058,347.08075,277.6443,352.34903,414.21375,335.61566,293.22495,275.05392,262.0539,299.7948,400.82285,433.20923,434.35565,307.82803,400.63223,385.61642,266.91205,223.51631,226.98228,335.16476,175.74048,325.0601,200.99242,235.6209,275.6661,155.93881,297.55106,384.6875,350.48233,229.12068
343.63678,236.61008,273.52988,301.78983,276.23196,253.41255,351.92923,347.54565,264.30255,347.05902,450.57327,354.82727,328.1595,314.50516,277.15247,319.95956,396.39645,445.10464,431.12857,305.62094,437.12796,342.89703,290.60434,235.33478,224.76738,326.66055,214.82921,325.85297,215.05663,245.66605,275.34192,197.16321,316.56033,396.5365,335.76764,254.99931
296.7319,215.84879,259.3675,289.9389,334.60352,274.05203,306.0729,343.55774,269.152,374.31378,468.10486,380.34824,338.708,348.14563,284.65427,323.08994,382.23428,432.6722,413.04065,299.55728,455.35385,391.04614,315.44257,209.00667,202.90219,325.49448,265.8712,309.64923,238.18701,233.501,277.20337,225.75891,344.9421,382.1448,325.96655,263.3151
299.99185,223.52084,264.30093,292.02185,385.7106,278.20322,353.83856,352.61282,262.35846,409.48273,449.28674,384.93817,360.45374,294.69128,291.9927,337.70187,415.4745,459.88202,352.84497,292.50684,459.10263,427.7907,312.7225,232.29468,196.55719,329.08508,273.91815,332.45685,268.51978,252.41753,280.0036,263.60327,314.05777,386.5997,310.1061,304.9371
302.59988,255.82375,270.10513,311.12515,399.0032,287.24124,330.62997,346.95813,262.26355,414.26694,458.5473,373.85376,385.69724,293.67865,298.61227,332.01196,453.96448,448.7898,335.5192,244.52829,456.08252,442.80927,306.4815,210.0081,220.32483,319.40015,281.23187,328.93716,304.60345,264.43463,276.39154,308.5346,294.64355,381.60785,322.6537,308.34586
304.7809,271.53433,269.86923,359.838,415.3515,316.67383,371.35342,333.8562,273.78177,413.47665,447.8866,367.5484,403.76425,329.2544,311.95493,376.44153,437.7411,429.12207,339.9071,280.33875,496.2144,427.73862,330.10522,251.03952,222.00435,298.26093,294.22592,350.86853,354.66776,285.35562,278.11642,327.7172,290.6734,396.8974,323.09604,322.59628
315.01843,297.95132,264.87988,367.7341,398.37018,308.76428,367.2801,332.75107,294.43066,424.0866,421.55756,374.4959,446.7772,360.55078,304.73175,387.11566,437.85037,420.9048,328.64066,276.11844,446.46204,423.6622,341.9826,275.92773,265.26672,274.24646,286.23367,318.09457,355.18903,308.48022,281.08685,344.9143,294.72153,364.4773,319.56003,316.76825
316.6847,291.57953,288.1899,367.08755,448.8315,303.94135,336.8932,321.7909,288.5453,416.6189,446.72922,365.96896,426.47165,370.09598,322.96896,394.87924,442.18985,424.85397,339.62363,267.7489,460.70618,432.30084,314.83826,291.65924,266.7254,283.3688,308.12473,334.12317,429.36023,307.2663,283.7276,306.68924,310.8083,356.48273,299.3507,310.54407
342.26895,323.40894,308.53708,379.1897,449.6961,296.7763,375.34592,347.16342,299.79886,426.6617,439.71463,382.2269,413.9541,402.39972,327.97748,407.984,453.54398,421.98645,326.23532,280.84604,465.32468,449.80072,329.34177,303.50992,282.8764,305.36868,295.54977,326.92792,380.739,323.18054,278.6342,328.90735,294.52063,334.67267,274.45963,298.14166
338.51605,316.3848,333.9661,400.29626,428.463,293.7463,387.68692,349.13556,282.02402,425.72696,440.5878,360.97522,443.02396,416.41586,333.8224,393.74182,433.47482,411.65762,347.87823,260.40097,460.40604,419.77185,302.84186,304.87524,281.4688,332.15216,299.64212,348.6999,354.522,307.46857,232.06108,333.54858,304.73987,327.27448,247.30417,326.69846
298.54703,335.8959,326.24005,388.99133,443.0601,304.4282,372.328,343.65958,267.28177,436.41287,461.26678,364.9282,419.2674,438.90765,341.67377,381.5799,440.28528,386.45914,330.47247,266.2291,472.3771,408.59067,287.18225,273.2335,293.24377,333.6914,282.17194,337.47076,351.72906,299.41263,209.98523,349.2346,315.25766,311.4667,224.24286,310.91385
294.12946,339.02585,310.77005,395.95575,450.73322,311.7139,377.94598,368.0005,273.87817,436.54694,444.43207,365.2855,428.67535,443.69263,350.03394,388.71973,408.5482,329.65033,234.6901,267.2529,468.81992,420.39383,285.97986,288.0362,306.7416,318.56067,300.6695,342.32733,319.57236,284.24472,195.7207,342.86664,284.7667,276.95837,220.03616,304.3458
297.745,341.74222,325.4409,394.27652,478.69058,305.98996,408.6841,351.9986,231.97597,421.58432,423.44843,358.19455,436.5601,425.96176,372.79846,370.47525,450.181,324.4352,182.70026,261.3437,465.3633,428.18353,281.68774,309.85867,307.98654,318.25748,300.64365,327.3797,328.7435,260.80734,184.87543,344.8376,267.78577,252.79611,208.81651,308.2814
272.46005,341.20575,325.31097,418.37045,466.17065,312.11514,365.9089,362.63544,224.19482,397.8553,442.7542,351.3976,437.75143,397.8303,379.63776,351.06104,413.3005,312.98056,185.34198,257.1029,468.14084,397.87515,279.83926,297.9914,302.57333,303.1871,307.03824,309.6483,285.7821,241.33545,166.91197,301.71484,272.3635,261.87964,193.02136,252.9397
256.39218,340.2682,326.53494,361.22452,460.86667,336.4533,308.34897,356.63623,239.41089,379.44772,412.58707,278.79654,426.7739,395.33493,377.99255,354.65875,402.31656,297.2232,222.39427,282.95233,445.58167,414.46036,256.292,292.29352,298.80627,307.49332,291.37064,302.89417,258.1683,185.30534,144.9695,313.9968,253.0448,292.58258,192.14857,221.46605
239.0812,347.13782,376.9489,335.92764,445.29807,343.09515,343.12015,368.29697,231.34215,374.3957,388.29907,285.26114,417.17465,394.18222,355.44882,322.38406,362.74106,291.6989,178.6886,268.48953,412.80005,385.47043,227.2532,258.76575,297.66388,295.47208,285.2352,290.42426,204.46545,208.55643,159.07925,289.19244,236.29172,231.0715,248.79665,214.48363
258.25015,339.9318,292.94543,298.45447,418.63275,328.65222,342.18027,364.26434,224.5567,367.7233,380.34204,293.19675,409.2189,383.87863,357.6439,346.43967,341.34714,276.1004,189.24054,253.87799,419.33566,389.3832,222.20706,214.11917,266.41748,323.82446,272.57138,255.54184,168.23555,192.01947,137.62897,297.208,223.9091,200.03375,236.66098,220.49414
260.69742,346.4405,291.85703,298.06345,379.9378,308.13736,311.73468,361.3162,203.06514,353.15738,354.00436,295.02832,386.05313,361.71603,348.96597,332.1306,296.78354,275.34525,196.07433,225.87851,397.60184,362.54025,216.69354,249.45853,238.43167,296.40616,253.6714,262.81415,133.11783,217.44914,127.93024,286.76752,213.85509,192.02444,240.84389,246.78789
261.25027,334.06775,287.38602,320.96063,348.57828,298.4105,324.99756,347.3009,194.33057,344.0858,364.03793,294.0715,392.45502,376.05685,315.92175,327.55673,326.82217,256.07355,225.95132,242.44894,388.38217,330.35858,221.92007,245.44771,261.77734,279.98743,273.34113,246.70789,93.870735,182.48239,106.19647,266.2542,216.42932,204.39516,265.1437,234.94049
257.62238,301.81778,311.626,304.3124,355.88858,281.36023,326.08582,346.29736,184.58379,330.39603,356.37018,316.13458,362.5128,361.14365,310.73572,301.39432,315.45154,273.95227,210.27689,237.66115,366.1786,309.96014,216.21799,259.4278,245.70934,262.91138,242.33754,219.24655,72.12757,165.03941,66.495766,257.54593,213.70277,206.21355,259.77133,255.06392
260.85785,249.93002,269.79227,305.43027,344.5323,252.9782,299.85315,334.1955,201.34988,333.78247,313.67923,287.6806,322.88153,317.47183,298.0719,258.92435,297.70358,276.82898,218.33621,246.05003,344.0693,300.68918,194.08742,214.3314,254.26732,236.16989,236.02422,206.36229,29.434834,136.1436,24.476645,222.1552,210.61552,182.15929,255.63689,211.27965
258.58707,186.62277,261.99744,315.14175,297.66827,263.7616,236.99763,301.13278,133.64397,291.05157,292.5703,246.19475,240.63783,294.69208,255.49138,295.147,269.43765,244.97182,178.35907,243.22818,265.39313,293.93405,197.02267,168.07195,249.67213,224.21036,223.09755,206.302,20.58065,81.415855,8.700886,164.02419,202.01689,189.70743,268.8203,226.9933
273.9206,150.67307,255.89342,294.07544,260.21844,262.42273,150.11479,229.60318,106.889145,222.50261,259.25922,203.81302,188.94112,254.1842,248.55199,249.1237,241.62192,201.08667,165.45216,229.1914,207.56813,206.15872,189.31396,136.36584,229.97772,215.15823,209.95241,206.53598,12.047456,92.73292,6.4885607,141.29561,207.33583,204.98842,298.99728,237.96295
283.0574,132.05469,242.68488,277.66537,253.91487,207.57655,104.173935,211.75099,110.56575,155.85384,232.81924,155.9716,177.15837,256.79724,233.86546,217.93085,220.35374,196.18103,151.39378,188.1601,173.42686,149.5244,187.07535,142.67313,210.60364,148.41226,207.8966,200.4233,-1.1243954,96.97782,16.872532,103.5036,236.1849,199.28566,285.11386,264.71698
290.99344,129.54195,230.2856,258.69604,243.83827,188.5916,97.027565,200.29425,85.3521,120.60806,202.24063,93.662,167.73773,243.37265,182.23672,167.96095,190.67415,158.55922,140.2932,169.90518,148.17374,108.58372,181.37675,100.43837,185.69077,161.61642,177.6782,196.63887,31.983097,109.90967,18.813643,92.68154,240.30139,232.77788,277.4744,251.53824
293.3263,114.6201,180.74016,224.92268,267.82092,191.26042,69.49017,143.31134,83.38309,121.9047,218.74376,70.36478,90.68411,242.73732,138.51733,157.9676,168.84216,136.16267,86.63105,131.08034,172.1383,122.549774,170.73059,107.78562,139.73796,162.25896,155.16837,183.47641,22.906744,104.36568,22.973942,126.04813,254.20285,266.69177,281.3462,252.84914
290.7389,129.78014,169.83652,193.19843,251.67178,154.60663,76.26426,122.936485,103.443726,86.6327,161.3536,56.51045,65.0736,274.12167,98.98622,133.37798,152.95511,138.38249,68.168396,129.55296,129.47011,107.495094,171.88574,135.096,122.713646,173.11714,144.73608,193.8649,60.835167,114.4832,27.936634,128.08746,265.8966,255.79012,285.01038,223.24243
288.4764,105.96802,146.94514,158.29865,246.99103,137.39845,88.02364,120.48638,119.92119,105.41371,159.31241,77.96886,59.562378,253.6643,93.957214,115.8514,169.83405,120.60001,81.11447,117.04205,123.17198,141.68613,183.98984,145.3811,133.37779,195.96663,130.75568,184.30128,79.70074,101.963295,30.368677,130.68336,273.2369,268.2829,217.40851,248.16902
277.59613,104.71038,112.021034,150.101,237.94502,103.20847,77.68415,85.00381,140.87679,136.09103,145.24377,124.54131,34.491447,167.32164,90.830414,132.73929,197.6737,115.98978,62.44181,109.305916,129.71246,157.24742,152.07089,111.74736,98.54227,200.11378,130.20335,181.95935,80.58598,120.96624,32.026752,126.28233,278.37094,252.71976,200.31808,217.12746
245.10022,101.55116,84.81487,145.91418,235.05556,76.323524,91.624084,80.649536,125.88267,103.54311,118.3935,123.970955,48.101254,160.31673,80.375275,149.99348,171.05052,95.38173,54.455154,91.92592,79.50935,156.79222,112.168175,98.74537,103.00671,236.73482,114.01163,198.55553,81.443275,102.687164,36.555218,105.53569,256.5898,274.93533,199.44177,256.8767
196.62407,121.14185,95.35578,130.25905,206.23946,74.54723,85.40128,154.34425,128.39859,101.340065,107.34265,129.62253,40.413017,153.06635,92.63114,167.99046,167.46883,125.63574,49.814484,79.47794,97.47056,166.83406,123.685196,96.064545,46.962593,229.28685,120.69665,190.91783,97.39798,104.29764,45.406013,92.630806,234.53941,327.91772,201.00792,258.16534
216.47441,130.7343,95.29561,137.69777,204.60396,80.42238,90.96891,109.24994,131.32889,107.4794,126.42589,148.90901,32.313805,175.08914,83.36587,146.07,158.12035,127.41644,54.500977,76.23971,103.13663,167.30878,142.34305,110.66459,44.59449,219.87837,136.40039,175.16592,79.505714,88.12378,44.634235,86.26423,207.92967,303.22705,205.1962,272.8705
178.44167,129.57494,86.339294,160.66841,202.3566,75.81539,114.475716,73.00815,122.29277,145.86069,135.31638,151.55818,51.930233,195.57883,77.6613,113.585365,164.23944,114.25106,90.47599,90.86273,110.4858,168.89166,157.95906,117.6404,44.785294,205.629,146.88655,185.31476,86.95278,86.995865,45.782043,113.846756,189.40468,298.64914,224.35898,235.97054
171.68166,100.45973,76.57948,152.49403,215.37282,96.84475,112.55507,91.61218,115.83648,155.9214,143.16663,137.35683,69.901566,190.44559,105.224014,141.42342,150.02122,130.84164,108.866425,110.56244,105.93135,162.17714,135.52255,155.42873,44.060467,192.48004,138.99924,198.8853,67.533554,92.19903,47.332058,113.680305,162.80797,222.00433,221.7287,262.51453
174.54424,101.11633,79.38485,153.93452,200.4896,110.16761,115.50284,101.710075,159.06197,130.37561,193.4856,150.12257,74.12087,200.86473,110.77483,149.9749,141.28542,127.95454,90.01558,101.48368,127.4836,177.4166,111.57418,109.61063,75.15866,180.38545,164.68056,198.63513,77.798485,83.41377,43.61912,103.94857,145.68651,229.33632,226.28752,248.27853
162.55768,104.04217,110.43869,182.62766,175.06232,113.87091,116.21512,115.24767,123.47354,142.13443,157.44199,167.509,98.881424,181.08209,102.18804,162.4577,153.60185,122.11865,140.0549,100.780106,173.10327,178.18175,147.8136,89.75253,66.24806,164.6625,139.64185,185.88622,60.136055,64.133766,44.725494,110.38555,150.42497,257.06152,210.19771,228.50748
151.2694,114.69366,124.0885,189.55658,196.67111,137.03288,145.04073,135.95879,134.28299,155.71555,197.514,154.22742,100.044495,190.0565,122.025505,163.4797,148.71654,118.915955,130.80647,101.81436,175.18411,182.17249,117.86492,70.17728,117.83981,166.60529,147.89685,180.80463,84.475174,63.46962,44.054016,115.08974,159.73022,257.64804,223.03542,227.6369
200.80835,129.09235,143.97316,173.69763,182.67094,142.13144,151.79771,165.99675,159.06332,160.83969,164.51341,157.33815,111.785065,179.17912,111.40993,172.9759,152.9576,134.51932,159.114,102.532074,140.11343,191.0465,110.83938,95.23744,137.72595,209.25691,146.91057,207.736,98.564,75.19997,48.06125,112.51615,145.37195,264.5863,216.8722,220.31589
189.4849,131.14742,117.97422,178.7567,203.88615,147.99052,156.07198,191.47377,142.92534,172.75282,183.84325,180.09671,130.49771,179.75131,125.77362,177.12502,179.48753,154.65231,118.070694,116.41763,177.32413,194.64032,127.88451,142.35986,123.952446,197.98018,154.51753,179.79747,62.150543,98.79002,48.192905,107.4823,154.81221,257.88013,223.86496,226.10696
170.26752,172.41922,127.42131,200.95908,206.2586,163.84262,172.69011,194.36897,130.71466,180.47137,196.09195,187.27942,134.37149,199.64467,141.76416,193.33641,155.38702,157.7293,142.97653,141.0288,182.7835,207.78865,139.11151,144.0157,132.65317,188.80464,155.36765,183.81175,60.595993,120.4367,51.20401,122.708885,152.53055,260.8991,222.51506,216.18959
145.9348,163.98827,138.28676,231.84827,181.80875,168.33481,174.28276,151.33757,142.57915,194.07344,217.02159,155.79532,135.70929,191.45013,152.88477,169.22032,177.16568,189.97856,137.40753,146.06528,209.78604,171.7999,173.73979,155.29636,145.87683,225.2934,147.41316,199.03818,79.2501,128.74202,57.455173,125.88338,172.71425,250.26773,221.08647,171.69984
144.25266,171.3891,143.52985,247.11124,188.51416,148.3353,158.30223,177.11212,154.31128,196.59744,223.26457,179.83652,147.72046,209.91083,156.86555,199.31865,231.672,199.11055,141.82364,158.16197,226.62596,176.89743,169.89835,152.60323,167.89122,215.63512,149.72958,179.52864,78.94696,107.806526,54.16545,122.72182,176.50417,275.19608,219.34932,206.30447
166.79063,183.20963,173.72946,254.90898,201.35292,192.74965,160.71439,150.45049,175.97612,225.38019,239.47081,182.60802,168.14311,225.03065,169.56541,206.7972,206.38147,221.685,160.5714,166.70418,224.69385,178.47865,158.98691,141.44298,181.5303,207.54037,140.26619,202.84207,72.43413,155.40909,66.389915,115.30723,182.2835,280.24194,218.90056,218.8763
174.49867,205.15501,186.78078,245.96402,190.25912,207.93854,156.82097,186.43369,190.43028,211.87329,246.11026,178.97832,167.68138,235.07399,168.47446,212.70207,202.49664,249.58517,194.04286,163.5082,249.36621,193.9858,130.26416,165.09225,186.01956,198.9596,155.13133,205.05746,107.6132,135.7719,75.849525,116.80051,162.99367,274.46997,224.418,256.71124
179.56947,207.00945,204.50204,242.53166,205.61224,217.13045,176.13329,214.9166,188.15498,216.47144,239.77762,183.60231,187.16,250.06267,180.40152,207.3587,207.1437,269.48398,176.60211,168.7806,255.98657,210.96382,104.92421,168.3025,179.77016,179.99672,147.32112,192.26636,97.69862,125.75214,98.92145,121.49583,169.37857,289.84283,231.27173,256.72467
183.28865,211.8841,190.93448,263.8267,225.3271,220.5397,186.68265,228.77692,212.53107,226.55908,256.72598,202.93211,197.0534,252.24707,185.73924,248.30887,228.1307,301.46027,177.7068,197.18242,280.4741,227.04645,139.60771,171.19553,178.90749,162.93991,146.3451,183.80165,101.26014,115.91647,125.02724,132.9871,169.10606,275.45126,264.86282,232.43317
201.08954,217.9724,220.17175,299.44507,235.16328,257.98798,231.33359,257.5061,242.98871,279.38654,268.5189,230.74992,218.71991,270.88974,214.72563,257.4181,272.10797,307.73846,254.21167,233.4079,307.91696,270.04147,154.70018,168.71793,172.84294,173.92159,152.95358,197.04634,141.6374,96.14028,156.40746,140.27489,167.6338,308.43365,263.34357,240.75931
201.00137,227.62976,244.91417,273.28784,226.71892,259.7384,235.98332,279.39264,255.33752,279.73322,296.0622,248.97849,256.4743,269.67386,244.25902,297.4036,279.52756,329.8479,261.78268,197.31035,341.83585,282.6065,184.7542,182.43584,191.59036,173.70418,158.79776,189.73892,180.38269,137.12474,176.48657,138.64091,157.70387,300.67892,281.36194,252.71844
227.59882,233.36438,266.27814,294.6824,221.45181,261.02527,177.85492,291.2906,268.95956,269.984,305.87814,273.34235,273.25543,262.4054,245.493,295.13403,285.5023,337.36798,267.50528,237.8353,328.2718,271.04852,211.34386,182.44594,202.58197,190.21295,147.97298,178.96227,186.30164,157.8742,197.45253,137.78014,144.59138,306.3058,262.71768,268.90958
193.85364,239.84709,271.84918,307.64163,250.02989,250.34296,218.84483,299.44086,274.88467,267.62833,284.89276,267.8464,240.39789,263.56863,228.84047,284.91995,264.87125,338.04562,283.6144,227.61607,333.63733,278.59222,226.90012,206.30974,187.05365,173.84833,155.46274,177.89238,194.71352,174.4716,221.26175,138.32312,152.56673,336.2257,247.07022,270.28506
203.89508,237.48883,262.90054,297.52112,284.90756,215.41968,244.961,308.58414,297.6654,307.16635,271.7966,275.52032,246.74837,285.2098,256.38165,299.82916,253.83633,315.90533,311.52573,244.00685,341.82434,324.44455,246.44771,229.4388,182.14107,167.64035,172.54025,199.27724,199.70053,188.57852,215.9985,130.05457,163.37898,337.7196,231.4992,284.1422
218.11073,224.34865,272.16074,297.32468,292.0556,245.7411,266.40533,365.42853,268.99588,351.50824,316.53732,304.05557,237.23378,294.71082,256.6625,273.9041,267.46127,321.25015,312.83044,264.60587,365.59506,343.36032,284.57422,258.64972,192.9756,130.47977,145.73595,203.65498,216.82408,211.25084,216.67274,140.87234,162.75429,396.8315,232.41661,287.95242
224.28139,238.06651,286.48602,289.2494,270.06842,266.37006,285.13254,355.3276,261.99237,360.97443,319.77985,312.0356,277.33563,311.36356,269.3963,288.15353,277.96155,322.7823,318.4221,251.32959,385.0745,364.40128,318.57843,225.22672,183.09581,139.80424,137.08632,227.81825,216.62004,221.63376,228.12656,146.79556,158.22156,393.15097,231.94077,313.95032
242.9217,236.38564,280.43146,293.5637,252.6676,251.08138,299.19516,235.02255,262.17255,351.09753,309.55203,320.13077,281.97623,291.4522,270.93625,289.265,281.8228,333.14032,312.80463,269.4711,408.38678,379.78018,293.97482,194.05914,187.147,126.77951,152.25645,219.72556,215.72797,226.57617,239.31465,171.24738,151.01671,374.1055,218.90308,311.28778
225.13463,251.3001,245.7729,292.66183,246.3779,243.76126,300.11414,264.38403,258.67633,340.87433,339.5383,307.65872,274.64346,293.33716,265.09027,306.3233,265.0208,322.5149,309.99792,264.07703,400.26773,388.15228,325.09576,233.23332,184.5883,145.48035,163.81151,251.55338,209.03992,223.43802,247.17123,183.35286,165.35289,425.3152,197.16376,293.67184
214.03494,244.78995,247.46252,285.8785,250.8351,255.919,306.96707,295.26248,257.81976,342.1594,336.66174,318.7484,295.14014,315.02667,278.45956,299.58112,267.5495,321.16745,308.6911,252.77115,382.13434,357.04114,311.85498,206.06816,180.29953,159.30168,190.5524,285.62674,217.4466,221.71785,256.19385,192.90536,172.49303,401.10547,202.10947,301.29968
235.79205,244.68904,246.14496,290.65976,249.35321,242.26764,318.63144,334.89697,257.27298,358.9119,340.61792,314.50882,297.28775,299.2621,267.38406,317.02148,261.1414,310.54318,322.8808,254.594,411.91977,375.30692,309.4392,207.59396,182.58179,159.67801,194.85532,273.76743,218.55125,240.69676,259.76935,189.42957,155.13127,298.2937,190.3011,323.61847
214.34593,241.92566,251.68983,282.34277,254.25746,253.74004,326.10693,324.12198,265.62567,346.92722,337.24054,254.92749,294.06677,289.92468,270.59525,306.811,261.71707,313.26816,232.64749,260.17142,384.4753,372.14474,292.70038,233.51405,177.94112,201.9263,211.91995,271.14102,253.92537,235.08989,274.8921,208.4317,159.41846,302.38913,183.49103,326.93457
232.17804,263.14294,253.19928,266.60275,282.6588,233.79886,331.72916,303.51678,261.15625,354.37405,324.67453,268.11966,268.7874,318.3426,273.8085,336.31534,264.93,302.22556,230.2425,276.28534,393.3233,368.7545,287.02228,282.97882,181.33034,185.52727,230.3053,276.44797,255.65509,226.7803,277.4252,218.77052,162.29561,305.59894,136.25694,324.1211
225.09047,259.94946,251.0116,238.81633,304.15433,246.35306,337.0242,283.73547,267.14157,352.38138,308.4952,275.563,279.56708,316.53326,282.09384,328.02057,250.03543,295.59445,215.87517,257.16165,368.9454,366.2801,248.8293,283.7198,200.22847,175.62357,251.40533,277.22055,258.48752,235.50685,276.38654,232.39061,144.65039,297.37073,136.32605,346.18756
207.9873,262.77673,254.6958,241.16411,218.064,233.79706,317.84518,297.2691,271.37225,335.25964,311.3714,285.47836,284.37042,301.85355,290.36298,303.20956,221.54736,313.48553,175.74417,255.50888,372.14597,356.99088,254.11783,283.49753,197.51935,164.99976,265.15344,280.7197,258.51047,244.45813,277.20966,219.17924,150.2644,344.14172,134.09698,359.64056
217.39024,265.59015,251.88373,247.77304,240.80661,247.39996,320.86194,304.9953,264.91006,334.67862,306.74597,280.25107,253.66373,301.54364,282.26834,305.57007,254.82414,303.45056,165.5656,262.94025,353.58347,368.6861,266.53232,257.98306,196.15121,86.694374,235.33218,257.3037,281.8416,247.36246,286.06573,230.48703,155.0708,342.51968,116.0999,338.1261
211.43271,274.6153,260.42435,234.466,233.70528,255.34135,250.80118,295.129,259.93503,383.91406,302.94962,296.64224,275.99335,302.60324,273.57806,301.26498,235.20549,302.03226,151.42953,247.21846,335.70093,363.59894,286.3103,239.70369,161.262,124.90668,246.0615,283.123,286.42673,208.84901,291.67712,220.01927,167.0139,328.41013,117.569534,362.97815
212.83533,265.74292,268.786,232.31291,228.58582,214.37912,276.4077,304.65015,267.62057,368.62097,304.25055,296.6786,264.8506,302.17776,278.5648,305.96518,241.07831,303.5271,128.53925,246.856,350.06412,370.65588,272.63303,251.00328,156.4524,137.4207,241.1746,278.32236,284.27197,212.62018,288.78027,232.98628,146.13315,346.63748,124.959564,360.24152
197.11185,258.72015,295.1604,242.97983,228.56989,227.75276,291.0763,296.71075,263.62686,355.7964,323.6122,297.5599,281.14868,320.08823,281.51788,289.74353,233.43596,309.17603,63.452225,271.4955,333.86453,379.73215,281.38635,265.77295,188.92926,140.88344,252.38896,277.43735,280.67255,240.95828,280.29443,217.52634,143.43394,377.0798,119.05417,364.83365
222.72343,254.06586,349.13956,248.23921,251.4253,252.32661,291.59656,294.53897,265.35947,321.0148,300.04413,297.32114,291.90277,318.59888,280.76523,291.18222,225.92738,299.80396,54.29457,270.4631,359.279,389.38382,293.75256,263.9876,198.77408,143.96808,270.9473,256.80057,279.64044,225.84866,282.57,225.99704,142.40337,375.91528,56.642296,372.11948
199.52745,253.84698,323.45624,236.3136,255.9647,244.52913,262.5798,285.47458,266.8003,319.19183,287.60822,280.76147,300.42593,309.86444,298.27322,278.76016,248.26602,313.07407,99.019196,268.718,334.84134,346.32602,294.6782,237.77826,186.98647,151.91238,270.9799,260.53235,273.73795,189.19772,277.75507,232.63191,143.22502,373.68954,50.510433,361.3422
178.02998,262.08884,309.55298,259.17096,270.91467,242.40858,258.76172,290.7337,279.65387,293.14484,275.4909,280.35297,276.1874,324.64536,314.81546,277.55872,282.64502,312.2721,87.0092,272.03412,347.32993,365.8181,278.5508,245.62096,199.53735,156.89626,272.709,264.70062,279.69666,222.53398,229.27608,206.85602,145.56647,378.2575,50.421783,416.523
176.42867,233.59013,308.2548,275.84567,259.2901,259.71967,276.6326,390.8179,281.3906,289.03073,288.39676,279.2422,283.52762,346.99893,325.9641,290.37537,271.35516,301.31647,110.55456,278.00607,345.18182,381.49182,288.9458,247.66068,199.6533,142.95804,290.96616,249.98528,286.06396,228.28111,212.16245,216.54915,156.69907,386.88235,102.43788,418.0465
166.13116,196.00652,304.7282,250.00064,243.11737,264.586,299.4734,378.8079,286.87082,322.14545,258.41342,301.32053,282.69482,327.7356,284.7315,273.8527,262.45242,272.7811,94.13184,263.61847,339.28888,365.7877,291.00436,239.70764,206.9483,163.5948,273.11414,254.85643,283.67886,209.86093,215.96785,219.6253,133.68936,378.401,82.4104,402.69537
148.48294,190.92636,303.12448,225.46158,249.88182,244.41847,274.62814,339.3123,292.46356,315.58633,255.79369,300.98444,282.92862,320.98358,273.26877,264.9492,242.28961,272.29514,59.404465,261.80624,318.6488,342.4482,291.091,233.03462,207.06454,142.97867,259.93234,262.45697,257.33243,203.18823,212.94208,201.87634,121.622505,357.83286,121.26178,396.85312
140.63176,189.50768,299.84717,202.8833,276.2617,238.87,276.21835,333.1954,285.19162,264.00256,232.03131,293.781,254.70903,331.5763,283.17407,261.4802,239.18332,298.80624,12.314554,268.99835,316.9296,307.57855,289.93735,230.69405,195.04152,131.0314,249.808,271.13208,239.87178,225.05852,210.39308,202.41512,91.26291,295.5444,95.219345,406.51007
132.39604,165.91426,294.4349,192.76161,239.47401,225.08932,258.83734,331.22333,284.16382,255.35689,230.44215,279.48517,269.13916,326.11734,300.64426,265.50797,221.27754,243.87326,36.52125,248.77448,337.0418,314.04382,270.41754,232.50528,185.28716,133.57414,234.38046,262.88675,230.88881,212.31456,194.41748,238.51123,68.12307,279.3047,76.732216,398.41226
118.74807,127.95045,281.34576,160.70462,218.7697,209.16548,219.79251,340.34833,282.22354,208.05325,199.01259,277.76703,248.36256,307.45926,288.106,286.82086,196.7532,190.77043,20.245003,233.91791,304.4335,294.81155,220.58148,214.88527,207.64484,124.082634,217.82758,225.57422,221.03522,195.61684,182.94753,204.75827,50.257126,275.09186,72.52815,409.41724
92.65508,110.963326,207.37503,144.92822,219.43944,166.7829,188.62764,324.23596,237.8806,173.03769,183.33981,265.46503,224.20406,293.80713,249.79802,255.174,190.82964,179.1954,14.4094515,192.25311,287.0587,277.1309,213.20866,180.77026,141.31247,107.90171,183.8234,154.1932,201.55559,179.80403,173.67099,189.89465,45.029408,244.37186,72.2429,431.24463
96.10699,90.76327,146.37154,122.576065,209.50075,122.29188,162.6448,220.46855,224.806,151.0586,139.68501,228.03844,188.56903,262.8791,215.37202,240.22572,174.28296,149.00742,22.608461,149.90213,207.4833,254.9373,153.31377,137.30545,134.33896,95.85266,139.84244,133.56882,175.9536,166.81392,141.28218,166.45378,48.81978,248.6138,42.664654,386.0461
74.70605,81.95167,153.1409,89.46199,209.48212,106.54721,141.78348,155.75046,220.22903,145.43488,123.50711,201.86682,170.46872,240.85515,192.95221,196.59619,151.68675,120.36124,16.984972,120.740036,175.21335,235.448,129.5947,123.710304,129.95757,86.69868,113.45743,128.65758,163.1332,139.7526,136.25421,141.56245,61.641624,215.5411,93.25437,363.605
67.21821,82.82339,155.8335,90.93296,252.33046,108.45121,197.61324,37.352142,193.39096,145.29282,125.418,169.5273,135.82028,245.61755,146.93674,159.30505,144.32059,116.162315,38.438164,94.32074,134.02045,200.72923,98.68178,103.22152,106.93439,93.50497,116.053856,124.683395,154.39487,130.65826,131.41954,126.91492,73.821655,229.95497,111.52927,338.98273
80.36418,86.322296,119.9211,92.19544,199.41443,103.2145,126.8625,55.38586,168.97302,136.91574,113.38874,169.06522,129.91753,239.30681,164.12903,143.5536,119.29504,110.69184,55.639824,103.85698,144.68132,210.03598,84.66351,135.06635,94.02812,15.031891,101.24782,117.7218,141.1114,104.15713,136.22919,122.18505,67.78158,220.08221,106.588264,318.41
108.883606,92.267715,92.93687,89.866554,168.14851,97.62852,122.24048,56.409748,113.44895,137.39961,95.61787,178.3169,99.18431,244.20605,140.00372,163.75542,100.37621,94.6971,61.39456,102.74797,114.04275,177.78229,55.38899,106.09561,87.586296,22.927374,105.87331,142.33008,114.862404,137.87605,132.40692,116.770226,76.575966,240.78749,96.98866,299.38254
101.817184,91.283455,92.86175,93.812584,162.69284,90.06743,111.502205,74.80917,84.503716,103.5107,96.2811,148.4044,97.90369,253.26158,114.28874,135.92639,134.54503,73.9182,131.5895,96.224236,97.91021,152.26843,47.92925,100.81319,89.33272,35.467712,81.43982,126.2246,135.142,113.36154,130.68947,96.15799,70.81651,196.48055,103.35831,267.7281
96.73434,104.00862,104.83687,89.81444,155.96078,99.899124,101.190186,76.07461,97.96152,107.55306,59.902935,133.95906,81.58931,227.32765,93.482254,121.61319,118.75656,59.095642,120.46639,94.40671,116.15683,136.3847,49.05311,159.05836,105.74772,36.13495,108.5051,127.87712,138.55351,102.48057,122.799,79.83261,68.83292,207.7673,116.37364,233.46356
106.42392,86.89394,72.768295,122.30812,134.95593,105.77571,124.482895,72.312096,87.25859,83.64557,51.723427,117.48369,56.491463,224.47629,120.921844,100.11203,136.14198,58.60636,114.24324,72.701035,85.06616,128.45905,66.28647,105.56843,97.096306,49.736565,100.66935,124.52776,106.44456,83.979126,131.8486,80.88,59.052956,189.87788,103.65673,207.21089
102.77013,90.89085,94.801254,114.58953,134.95413,76.89755,106.11254,77.99537,67.11916,74.86311,61.422405,117.96614,80.31633,228.52713,91.77515,142.18454,115.24225,82.4778,110.7369,67.482994,85.15903,122.49268,95.851295,95.26439,110.147644,70.59919,99.501076,137.40819,113.189316,105.865166,126.03421,86.753624,62.35294,169.70857,94.58193,211.9752
102.932365,102.44543,110.37889,104.230064,134.47235,88.50802,120.25101,22.16204,67.67665,79.273575,72.28255,107.566414,97.3722,229.74329,83.02115,113.237434,103.61794,71.77034,112.7324,70.16915,107.79996,129.65926,69.40611,60.043663,114.18252,5.1779556,99.98755,124.37863,122.39338,101.01707,122.9166,91.6043,63.601665,158.29616,100.03434,213.42728
105.50216,97.7727,95.01922,95.56465,133.89365,74.412704,113.91411,35.87447,104.490944,81.25816,67.00136,104.11885,95.38314,225.72668,105.30407,105.378235,55.286644,68.29087,105.66815,73.250824,103.508064,108.76344,63.787277,60.223274,102.79486,43.183823,104.25485,118.50989,149.72379,110.73547,131.68144,102.47651,58.387703,142.967,99.78847,211.01259
132.36215,113.36584,85.6386,95.56471,85.51201,95.41092,97.17593,-15.034172,80.09737,75.85327,81.307976,102.919785,81.46639,200.88455,111.971756,86.01835,47.535103,73.73826,36.695164,63.749615,86.12066,88.90373,51.07431,87.86807,90.2801,39.564144,87.387825,120.60757,137.02007,105.3741,129.76173,91.76293,57.23366,182.5173,85.699135,199.70297
116.32628,101.960175,84.91546,97.8451,91.45269,108.67627,83.258934,27.192936,69.56461,70.21727,87.335014,86.473236,57.6323,187.80858,96.54306,84.14139,5.8046303,48.29466,82.87044,66.60211,88.55336,77.3776,10.757332,92.37079,76.0779,53.19051,109.138405,110.95467,126.05075,90.490524,143.83405,93.440285,65.82908,181.03445,111.578384,191.68973
166.63559,90.506355,110.105354,98.992744,126.1967,88.282776,96.224106,31.904247,54.093296,36.69335,84.84229,85.54869,53.89037,172.55374,62.267418,82.75978,62.0998,34.764854,80.530235,67.504295,83.07172,52.911385,6.9941845,134.01859,82.48686,11.012051,99.46879,93.23982,135.85783,104.236786,141.02628,85.972725,68.1149,132.654,102.02027,195.88396
146.69882,89.27104,69.09792,94.04673,122.60103,72.78337,88.2487,124.80315,31.807722,26.822865,77.33012,71.90686,50.26026,177.50842,27.236065,70.97962,80.67181,17.898056,72.50455,53.787613,76.77418,49.075874,40.044914,97.54622,85.34693,26.882454,89.118935,94.92556,151.24934,84.39092,133.65614,85.74626,62.62185,81.401924,91.79875,199.63031
163.34717,70.70812,60.244717,102.25825,112.75591,61.447308,88.09352,108.460785,41.34389,30.705439,71.672874,92.19757,38.557045,157.75186,46.6678,68.58872,52.522934,13.40529,86.67698,38.761772,75.286545,50.568493,48.65022,88.83698,87.81856,43.5766,86.480484,92.51401,146.5253,56.695396,124.559875,86.511024,52.466293,47.16405,96.2562,240.97238
147.42863,50.766792,74.16259,93.01665,109.76221,62.123062,83.41275,111.844444,62.954536,27.765074,84.02218,76.58733,45.036198,147.74104,52.387833,78.05632,41.45272,10.494116,100.8567,23.679527,71.43537,46.8189,34.542603,69.68425,93.43104,48.016613,110.94391,85.37138,125.771095,53.72074,122.57977,84.16948,53.53433,73.90061,77.20108,256.55008
142.25406,38.12085,74.028175,91.507965,108.16194,51.618076,81.37911,114.43728,57.21052,16.28787,89.513306,75.66604,50.43342,50.552536,85.281006,100.68058,39.41379,-22.694286,121.927765,33.20066,61.54846,3.3566093,55.14157,99.53607,78.84407,48.399757,105.51202,78.6743,117.742424,41.421234,101.50226,78.924934,68.227425,54.06898,82.325226,249.5547
118.53431,27.54692,69.83903,91.7196,124.02392,37.501503,91.64644,199.08813,41.791878,29.543106,112.12174,47.680813,54.751904,58.735004,56.150024,86.877,68.27276,17.42966,184.08855,42.506622,78.43266,47.758457,65.553825,55.693428,78.11977,43.979424,93.601265,67.390526,99.59748,35.76379,76.59191,73.139,63.6226,55.127377,91.88102,235.86165
90.28256,43.37635,54.17913,74.86983,104.64286,30.390587,54.126274,147.52618,72.46156,49.992172,101.882965,55.234722,40.798485,76.53016,31.64091,90.85849,78.82756,16.20446,181.47263,64.77847,58.775063,45.290363,42.417526,45.23835,66.53226,43.30008,92.72919,62.766365,95.065125,39.516464,67.18753,66.80444,71.334785,64.45586,66.46484,199.52228
80.16861,38.040985,59.538338,43.52044,79.41234,32.121006,35.06022,139.2814,51.022152,34.831665,76.83978,63.245888,26.664745,77.90431,41.993546,52.078148,66.80042,36.907677,159.91673,42.547512,70.32577,57.608147,53.61866,44.04638,76.61748,11.678034,77.252945,86.485115,81.96279,39.121197,58.922817,64.34236,51.855854,50.606255,55.425617,209.1653
73.47463,37.69526,53.162144,58.823013,77.51953,37.908684,55.75607,91.66084,39.85411,65.47619,69.5133,69.79434,29.81768,53.520996,35.934345,66.36442,65.12904,38.231106,175.98404,1.275198,76.5211,62.765484,53.47754,33.738888,88.73506,38.98129,69.58261,100.07103,61.578938,34.02025,55.01164,65.40751,36.226727,57.492268,83.41131,186.79327
59.366455,36.891647,43.759598,49.255928,87.487595,40.15827,67.665596,114.296776,60.96069,60.1246,68.57296,59.901978,35.153225,57.951,75.53972,45.915234,47.66983,54.62764,165.24446,46.240307,41.01214,82.443535,8.560112,35.264755,116.34797,94.63454,58.1485,84.55292,54.61906,23.319384,47.620583,70.26806,42.570866,45.87618,90.45576,189.38069
94.630035,32.967167,39.628445,48.08697,85.22608,45.56139,68.30424,100.94996,60.2686,55.484043,67.71053,78.39504,40.814255,44.37877,88.536026,64.81044,49.760384,58.376778,170.78435,36.452393,45.8864,88.96903,46.258205,71.459656,86.910835,83.88086,54.161617,68.72143,43.373413,23.06548,33.728138,58.45638,49.94955,44.392002,112.548874,212.03223
83.19481,34.334274,44.633938,48.72679,105.641045,58.291206,71.894485,121.99623,55.52037,68.85863,51.20217,72.61673,46.104637,46.84356,72.652756,56.82655,84.72975,61.264824,194.06784,31.866688,56.620033,90.72744,55.61824,81.605644,81.238686,70.72639,43.04669,80.77467,50.71136,10.553051,34.71341,38.753967,44.996548,61.566082,117.907234,187.08528
67.39996,27.681221,36.3721,65.16682,99.77361,53.99385,86.43141,70.1262,45.894962,59.84802,40.37465,76.108,57.61887,67.33419,87.46401,92.90473,73.29767,67.880226,63.42636,45.737736,56.06883,99.27069,57.407566,54.489185,85.63868,72.73557,36.539165,59.25619,29.056383,18.240093,36.472923,22.951483,35.456146,72.98722,135.75424,286.7398
61.091602,38.876602,44.92328,80.72509,102.97073,51.198933,88.46594,66.13488,57.959877,65.59294,78.82161,87.49249,57.530136,78.111824,64.086815,71.23656,100.997894,85.232216,59.690968,47.594666,51.594,83.50741,16.41999,41.75152,66.45709,57.767548,20.89106,65.05255,29.069998,16.273792,31.790081,18.324104,34.396378,80.474144,125.19067,251.75037
61.218796,43.304237,50.962708,43.398567,109.924515,35.49832,76.731705,61.782906,50.59189,83.43294,74.99409,73.198044,66.57282,69.635376,70.13015,87.8361,100.36204,73.957146,56.331947,55.754826,61.824406,60.515472,21.38198,38.397884,107.11752,-16.471794,12.418621,33.47729,49.868378,24.050932,32.949238,27.608856,38.4863,86.847786,120.773056,218.3247
109.529274,41.63154,56.07492,30.69466,85.49307,40.239777,79.29633,68.21447,67.022064,90.04615,79.62413,94.8653,53.818768,100.83668,44.512253,109.505905,77.813805,75.26225,37.649635,48.498043,67.31335,59.55362,-4.297207,32.11357,77.250946,15.469267,15.173044,33.217392,73.06015,38.326225,39.377594,25.913063,38.567947,94.32516,129.08461,198.21083
84.84358,43.543736,41.139664,44.35112,75.33013,48.00356,78.40615,78.7898,57.034286,103.549324,84.29839,75.84925,57.62938,101.24184,44.837433,100.05402,82.20653,97.95023,40.979572,67.04481,48.802383,65.863846,2.2530746,35.675385,54.339,12.921545,36.718822,38.001484,63.73414,27.197706,33.631104,25.872957,31.030611,90.808426,121.353424,181.30086
57.33941,64.82053,45.722057,48.532238,83.86526,49.679863,86.77905,81.72351,60.710213,94.68635,73.83114,70.14219,64.822975,91.56593,38.60281,98.01847,113.17485,96.08334,66.75909,62.089775,68.526634,63.71353,31.342558,41.59708,49.34407,7.611292,31.22206,39.836723,41.353596,36.99169,31.147938,11.589238,28.952072,87.96218,138.31157,162.66222
97.99396,69.41463,47.22048,32.181496,138.5642,82.26491,76.26303,8.312286,83.17597,120.48208,121.97321,69.54896,58.564827,74.002556,31.18017,100.0049,117.86783,102.24847,132.95392,60.31466,74.07871,69.61816,34.77499,56.094944,43.639015,2.8152542,6.997345,12.275274,37.99857,33.67565,31.421429,16.659554,33.865677,84.07741,133.19368,128.47359
107.53775,89.114624,50.372295,82.40343,105.78481,90.22422,54.557556,32.24233,54.235085,106.61592,118.68244,64.27842,55.557552,66.62197,29.806309,115.6801,129.95227,121.70028,140.26535,57.37308,105.65337,70.58921,43.136654,50.198402,49.287262,34.371017,6.1232843,10.3542385,52.43052,42.007305,33.131878,20.78093,25.44782,66.06914,155.44366,113.848145
118.50669,80.01976,79.362274,52.579163,104.55133,79.845245,56.009888,37.82187,65.46397,109.74893,90.74361,87.26478,54.2514,68.49032,25.000973,88.97848,135.1401,113.69884,110.73541,69.14212,89.73826,77.60284,50.464108,50.43537,48.23511,37.42662,6.516437,-5.805011,56.833138,64.64972,34.13656,6.647457,29.073023,53.75607,106.09061,155.18353
111.96098,81.60756,62.427685,48.773247,111.08336,55.673836,54.71351,46.573154,75.958206,98.635124,94.42762,91.49911,50.68551,49.45269,39.328285,84.03132,147.589,133.41946,129.74838,76.39457,81.89949,90.04413,36.404583,54.545113,44.360153,79.84894,22.023045,7.3045444,58.417576,44.3106,33.20472,9.619949,33.32525,46.53932,88.311584,138.60667
96.841156,93.11633,37.585827,46.525497,89.183426,71.58441,60.172546,27.271626,69.62697,87.5029,72.31515,95.22197,47.176136,44.779984,39.818714,81.49403,161.02838,145.48186,108.07392,63.504356,106.033966,71.86912,72.29531,45.98277,43.563366,71.72006,22.6037,8.626404,76.79768,42.88088,47.293865,24.07545,16.649712,84.60262,80.25257,122.40847
92.932816,90.42928,45.877537,29.683918,88.325,87.30148,55.76217,42.30593,58.187965,98.307465,78.82571,72.615776,43.11905,23.782265,44.461647,80.460915,187.9163,128.30348,62.935463,58.93062,105.30768,65.716156,62.476437,51.548733,32.20272,71.58585,12.581156,2.4245224,76.62356,56.338707,47.768913,17.120821,28.368782,92.563835,108.26616,140.37506
82.856285,76.72998,46.367073,37.213554,76.10074,54.248608,53.41373,45.404636,54.672726,98.40972,86.09516,51.556404,26.662098,35.674786,49.348316,84.83806,128.03136,124.02008,55.155823,59.36287,88.55566,78.74209,56.839317,58.872536,32.828575,68.378975,22.084312,16.81161,40.40919,34.67128,50.942772,20.83995,49.876656,79.86,102.464874,126.955826
70.13244,61.177628,26.784737,20.418478,114.07324,34.971283,39.622475,51.698975,56.717506,52.132164,63.279118,68.47119,35.9435,52.871994,33.356766,72.96179,136.79224,135.24677,64.134865,43.29273,83.69612,82.035355,62.219215,29.349916,14.530945,83.79648,52.452904,32.96404,66.05141,31.930336,50.689335,29.01617,56.42564,108.546165,64.39791,139.50476
27.983383,57.70828,26.238926,21.773836,91.37646,49.283104,50.63056,9.688648,51.621273,86.6967,71.30615,66.9888,52.424988,47.06044,48.88674,89.40088,164.19128,156.30728,78.9283,56.320293,72.15293,88.148415,93.30889,44.269897,15.007925,98.4388,66.967606,32.887547,50.700226,17.317282,40.337994,27.006048,92.92449,156.0294,69.961235,95.3173
36.532684,40.65069,33.892612,24.747358,90.85986,40.30752,65.10178,47.455986,67.969475,98.378296,72.96209,94.844864,63.57042,36.87816,33.401108,58.645573,150.52829,133.65459,61.038017,61.322784,-6.570442,90.457565,37.35225,42.07734,10.891056,97.531456,55.881893,-13.168163,71.594925,27.510136,36.937458,24.270884,75.908424,129.16216,56.052032,73.2065
30.72486,31.651337,32.330143,19.536232,89.84174,43.059856,50.32889,32.55493,47.074142,85.20192,97.698654,60.672096,61.603313,40.000397,29.356062,49.847458,26.272797,97.7166,71.90201,58.679173,35.731907,83.83586,15.868274,56.597046,55.210335,67.843735,38.01256,18.490456,65.775566,23.375679,37.743866,17.740223,87.54241,105.6008,50.180946,70.21893
37.486805,43.165226,22.260994,29.953522,88.70048,45.798576,44.610054,14.216274,48.62398,84.300125,85.69348,71.21826,47.130554,29.109257,32.065403,85.09306,74.086586,83.82221,60.251747,57.693604,27.017609,76.48297,31.62572,44.824535,55.58052,58.972534,16.541752,4.038048,49.293213,17.680813,37.574444,11.879608,77.06743,105.312355,70.00017,86.36184
31.940483,37.344067,30.196648,20.290056,85.76198,34.27066,40.46339,26.451977,54.789738,83.27208,64.18619,51.79348,46.918518,11.384955,61.277187,33.511,80.097725,71.42575,91.22307,50.745815,37.111347,60.754265,14.491877,74.45147,35.877525,65.54565,24.528267,19.881454,44.392273,32.670635,47.16394,-30.076735,70.11058,129.39944,63.24562,67.42958
20.606411,28.157112,38.61775,48.916927,127.19106,35.8255,37.816505,35.3893,61.12123,78.11324,70.839615,56.32959,42.62621,19.566774,64.071144,34.106575,68.43548,59.839653,77.21963,38.668633,44.725353,51.343307,33.73876,55.034718,51.918064,59.72124,20.034178,35.40968,48.364635,32.306732,39.256695,16.5812,86.8445,128.77065,71.94447,62.243965
19.588242,55.84311,49.660393,35.081005,133.99896,44.597145,46.080948,52.017258,53.77877,77.727554,66.36345,56.78358,55.08965,17.20217,64.980995,51.371098,63.475666,70.43791,83.625175,54.00255,45.31452,51.62191,20.997288,37.842205,57.022938,46.077293,21.830065,61.907944,50.794117,41.272453,45.161736,11.970354,91.41821,126.41453,62.453773,111.342636
-45.7563,38.137833,43.654415,56.64012,113.87116,53.9779,46.28123,60.860836,70.883125,80.11256,67.73478,55.833584,74.98935,-6.641075,63.948013,70.07652,89.5517,65.317444,45.05213,42.647854,65.597565,49.250023,61.50612,48.51128,28.915386,46.19292,37.26297,76.50422,50.978405,54.53262,62.24077,28.041489,72.50814,116.15134,53.24461,113.64679
26.939957,35.53863,48.32184,50.63207,91.06583,54.573685,47.568516,59.817238,69.17851,90.16441,64.483574,57.237408,78.94736,17.113192,55.541183,67.69989,77.22389,57.943485,67.5442,54.349575,62.05455,10.774536,81.06281,46.71414,40.237206,59.932877,38.657013,79.57823,25.344393,59.964268,54.25965,48.21066,88.87211,171.60382,22.418442,80.60779
46.154877,36.606125,48.028427,48.600353,126.206696,60.54856,48.54485,85.557144,62.29782,93.110435,78.246826,56.95113,71.10903,20.587532,49.626728,54.85011,100.30751,65.97677,107.22316,54.707138,72.686005,49.08147,50.329,52.74125,48.677536,124.35283,37.69301,96.32782,14.472292,54.938747,43.887154,39.955322,94.38181,156.00676,23.433784,109.55178
62.925022,56.00733,44.770966,50.745358,113.40375,65.099625,60.740738,84.77685,41.66783,110.059654,67.46111,67.442024,55.095158,29.07151,50.497974,67.3242,83.75552,84.89429,-1.4967575,60.975834,54.90445,49.41773,43.390324,54.34342,63.93645,119.67352,45.4114,98.61445,2.200098,54.68672,38.80393,41.762424,94.650925,141.08769,31.968876,115.22557
57.883484,41.307655,45.75487,83.07893,90.519005,31.748615,78.1403,76.17633,43.24986,97.0305,72.0667,52.698345,73.71106,35.940044,56.85854,61.0404,100.66923,58.846275,22.547934,42.030697,69.36378,48.15293,53.865654,56.780727,66.14597,113.9097,32.587685,104.89919,21.89369,49.234108,37.411827,47.18517,84.66995,145.24998,58.40261,77.95712
63.03464,56.66668,55.081863,71.03908,76.49066,48.880814,81.24344,84.194016,11.161915,100.308624,63.449165,50.161438,57.253235,48.231617,61.228443,77.69471,44.352093,58.388813,25.599941,49.277237,70.57017,38.861263,57.09524,64.26886,66.039444,101.36892,38.78591,93.97143,43.996716,32.56763,41.380264,55.04714,79.074776,141.98102,48.737335,80.82573
62.333626,52.784504,75.14793,71.94841,70.44162,41.214893,71.920044,56.49326,41.73942,84.09242,58.37771,62.50442,56.551437,60.817726,56.37715,41.874878,72.48894,47.385517,12.38327,43.66324,72.63714,43.355747,52.155766,56.15362,79.07536,80.5929,35.32449,92.55188,47.374146,44.06045,48.690376,41.247864,68.850586,138.04271,54.116497,72.082726
101.301025,47.276936,55.871925,61.993664,56.168804,57.061615,57.8486,68.66893,91.05508,69.35927,77.66829,29.21219,54.09667,64.698616,60.803295,45.703377,116.00107,61.90626,23.204458,45.0757,84.49891,40.03576,57.61491,64.24264,77.79018,72.65994,32.77369,95.634895,43.972466,50.445576,51.905327,26.098385,69.25908,132.10081,42.88932,54.32061
100.897415,57.23713,43.275833,50.750168,53.145287,73.83676,49.48931,75.67513,38.356834,68.32375,85.83821,53.714203,49.65577,64.94028,85.48326,90.92113,127.081,75.454735,33.453545,53.411663,45.612633,55.009125,56.852386,68.29534,78.54249,76.65777,36.277493,70.53242,82.142,59.11557,50.180897,28.244596,73.088715,168.13239,52.93637,57.02746
85.72337,65.16075,41.309265,20.069744,71.34702,69.89798,36.173088,66.38656,43.850624,69.73578,86.9521,40.23552,46.361397,65.059944,85.0938,68.28015,90.251465,79.02947,36.39416,39.704777,73.46031,74.061554,79.81975,74.91361,63.408554,110.740776,42.98995,70.21475,76.112465,65.5925,53.958138,25.09473,71.29831,154.87862,65.896255,82.29825
99.35635,60.34472,38.583714,45.39241,65.89613,58.577953,52.99406,68.61983,53.648132,71.580605,68.219536,56.72378,72.06655,54.12959,62.685352,39.171776,86.37191,66.36936,50.324417,46.411423,40.848625,66.13886,87.07828,80.83461,67.55167,92.18407,15.052549,58.488564,45.016975,70.050545,47.167023,33.672825,69.07418,121.66865,65.7962,95.41764
106.03733,55.576126,44.65209,44.98777,69.20951,65.063385,41.230408,80.145386,53.54705,15.3801155,66.282684,59.53393,79.77529,20.394146,88.0653,54.55368,73.83636,65.64458,49.33634,37.69511,60.31818,69.19327,59.696976,83.938736,117.03296,81.56263,30.311903,55.7494,40.00032,72.162415,48.733555,20.175495,80.00459,93.316895,52.842583,101.5824
106.48018,55.29577,11.882309,76.22417,102.04753,65.69666,37.081787,61.82578,80.17132,37.079,68.218834,82.85969,64.21147,35.305317,77.67346,65.60091,75.813576,78.66356,56.157364,48.325523,70.07454,70.24025,96.86094,80.86873,96.2907,83.472145,33.249855,77.90366,37.78533,76.5091,41.01768,24.16341,90.02721,49.906166,66.997665,105.42794
99.69041,47.026886,44.659645,65.60829,94.75196,63.791874,51.398678,64.54404,70.13199,25.235523,76.03546,87.475174,59.795612,46.969704,78.661026,56.822998,79.19473,110.34339,56.18374,18.458525,33.375565,72.285194,89.77301,97.60386,97.70655,12.023865,36.65,65.8855,29.539394,85.341576,29.086184,25.384315,66.12083,50.788925,73.571815,87.645226
120.519325,32.418854,61.664585,68.50174,132.67342,61.999676,55.189907,71.30208,68.06374,43.772057,111.60455,85.102486,65.39592,64.364395,92.152824,56.899918,88.78583,97.13435,96.37722,53.369846,57.5738,39.736225,71.29253,75.83665,93.01257,38.874107,47.01036,60.17307,31.244854,67.78548,37.399906,17.305073,52.96847,81.94234,65.74033,118.14812
114.719086,36.787315,45.989483,73.85901,34.619072,68.05469,60.820316,-14.034889,60.3199,40.746773,83.51129,58.23429,62.75589,55.77089,61.437225,77.86217,115.399765,99.98328,110.333786,55.236187,63.56608,64.7263,58.66372,78.88417,89.75258,33.688084,24.81442,38.13235,45.85469,68.09582,38.01648,14.187836,40.258133,100.2067,65.085884,141.75414
104.418045,44.612213,50.26699,67.81571,53.920135,54.20935,76.6323,27.804169,63.452694,63.98612,105.881584,53.13743,41.23489,57.80667,63.746,72.98658,110.23603,102.49906,123.16424,59.640736,63.158092,82.565186,58.495705,93.90184,85.945435,42.253403,16.759144,21.91946,63.6312,60.611034,32.683327,20.36008,34.34339,3.1178055,75.74699,136.22711
100.350746,50.538456,56.799515,58.72987,73.492676,50.995785,76.10317,23.55126,73.139,71.09011,85.0984,84.47197,51.98723,-40.15043,66.069336,74.22467,120.4824,106.764244,106.815865,40.929195,70.890785,105.05248,59.026802,69.233574,84.05283,55.664234,25.397205,5.044039,53.306267,55.904564,36.148514,10.166468,32.913395,30.830414,66.061745,142.44864
114.45068,51.112114,52.163193,33.43589,59.303345,48.19654,47.66829,17.199135,64.27849,64.29859,84.50839,83.61693,64.61441,2.1832604,45.51268,54.767097,131.13222,106.01373,98.92706,64.83062,73.26702,96.49758,41.46617,75.13834,77.48572,53.186066,18.932016,10.892477,76.1759,56.532005,44.258934,33.560543,35.08515,66.44773,52.855038,176.9183
131.55394,62.22453,48.57739,39.564835,69.3631,71.973434,50.958355,10.021009,56.31238,48.212315,68.53042,69.05426,54.315903,16.246845,27.006466,47.76128,135.57924,116.923615,80.67715,53.64786,75.69609,87.58443,50.65183,60.939774,80.60118,46.79718,27.8286,29.971798,65.957535,54.47559,52.997528,48.216145,49.821495,69.1561,51.0203,162.28723
113.25604,69.651764,41.40778,39.09391,117.99759,69.82369,58.231987,18.065264,75.278595,58.27544,90.62772,73.212074,60.518414,6.2032437,49.52478,75.695175,161.31683,120.45986,80.55433,28.231508,92.4278,104.14428,24.232254,75.70854,73.46513,64.22694,21.346933,43.153515,98.98339,42.334686,53.97945,33.25045,60.748028,70.25096,61.531914,173.2271
102.89719,73.06851,46.495926,52.56358,131.50761,59.125317,33.12667,81.00877,80.059135,52.31961,112.79675,92.68576,61.528194,10.285339,58.234833,79.60779,183.58315,112.93255,90.34749,60.443493,98.35006,87.08651,40.00029,63.51008,81.009415,73.83597,44.042797,55.50078,81.39807,41.693825,62.81367,41.705044,90.932175,64.757484,55.648136,172.60422
10.448143,67.92414,67.85947,53.455242,115.75143,54.374588,39.81968,68.95899,77.96722,35.27215,108.99099,74.055824,62.472004,23.626274,97.35319,100.874084,127.83588,116.034195,-18.693047,27.630733,93.29538,95.23577,26.726078,68.11028,59.069916,81.74872,50.051308,61.96077,59.01471,40.690998,58.946587,45.02739,98.893326,48.672073,59.313362,162.21619
41.8079,73.61398,48.042397,49.555523,116.12861,55.38653,51.926834,68.24331,88.586296,37.887623,107.16838,82.56072,55.722015,4.1628304,71.50036,90.586006,116.63295,114.096436,47.17455,48.953957,82.560196,80.09426,49.974133,58.24808,55.560326,79.946754,49.408676,63.0945,74.39415,38.800987,56.510452,46.540596,82.52786,40.46994,84.079704,175.03656
35.535885,62.8765,32.028458,63.304127,115.84893,57.961437,60.917377,133.76657,79.87101,16.372849,88.56952,72.57186,59.765945,30.684683,76.44157,69.57,143.72246,91.769165,63.8723,41.439823,89.54583,85.39232,67.98201,48.615574,70.11056,79.91308,54.769936,69.66617,59.55398,24.39207,53.224792,66.61197,75.1067,42.673283,100.082695,171.28752
32.130524,51.082172,51.747505,63.82755,122.15204,62.340885,89.42273,108.93147,83.621346,37.969097,99.32187,86.79413,9.146694,44.1714,64.890625,89.27753,120.6684,89.40586,137.86502,53.93372,95.12229,96.43919,64.65248,47.181824,48.771713,81.4992,45.32545,84.6128,58.371605,34.422974,49.55921,34.0672,87.71064,86.83574,104.375786,192.53438
34.485252,61.963562,52.50317,64.09309,113.0662,55.305405,93.65204,109.24362,52.584152,28.447245,97.411736,94.552185,32.082626,53.2319,60.69104,102.223976,121.768654,96.1387,125.03316,48.436882,108.480705,103.12763,59.27325,37.298832,34.06569,39.234867,38.338802,79.66793,79.827774,32.681206,49.32389,37.0081,86.342224,106.520676,91.439896,177.2462
72.26395,58.67889,55.964157,89.060005,118.71379,45.382668,90.43515,108.236336,58.39866,47.57114,70.91793,90.93997,42.70692,80.7312,64.33308,88.93213,121.27024,82.96656,124.68338,34.15697,81.87837,95.94773,79.28498,21.316559,33.19502,43.18489,38.13044,51.64102,63.507603,47.39685,51.68698,27.911734,88.290085,159.72911,114.79641,170.49028
102.42313,72.30785,30.14884,105.3923,111.42311,56.812138,89.76182,115.51927,58.590206,53.84649,87.36363,67.176315,36.499443,65.53181,59.128273,94.90101,110.250824,94.65418,140.98325,60.307438,63.742756,78.836205,49.771137,38.335888,21.14123,41.167953,54.094498,34.640396,46.426575,51.945,47.18868,19.75822,89.741394,146.36519,138.36604,146.80412
139.80547,74.28996,22.642649,134.13669,102.33311,56.497017,87.46703,125.13974,58.86566,69.28578,89.2011,81.03451,57.897324,37.386726,47.08355,90.41323,120.79935,116.45635,143.49062,70.84468,62.774178,93.76341,53.79356,44.898457,5.889492,37.815666,64.82713,17.413214,54.38555,46.54138,55.980774,27.192213,70.22606,138.7119,118.95716,123.93466
138.62573,60.063686,30.935154,102.41623,96.880394,48.123417,60.972427,125.858154,66.37262,68.51415,113.22851,89.248695,88.20563,35.912266,38.307137,83.7479,107.69972,108.50866,119.64535,75.85747,63.004585,125.324234,60.65323,49.787773,46.174377,79.69235,34.728188,3.6161604,53.269196,58.62615,67.68541,4.690176,76.60433,137.92871,91.56582,74.59729
131.00331,61.53478,43.924446,79.00371,119.0379,58.283417,72.58375,114.58496,55.009872,46.850754,67.24104,93.50189,78.64322,42.790184,17.748543,65.87181,100.33359,89.31147,115.91691,77.15521,92.91287,108.861404,67.85204,52.1141,46.60986,86.25647,10.845732,1.1194296,71.4613,70.33181,83.526054,8.588272,72.43856,155.00696,64.81467,46.439117
154.63054,73.033165,27.72521,75.27868,95.88106,58.41213,78.10222,97.98956,26.839113,44.394478,80.4415,91.58054,20.121788,34.174477,43.92577,57.011364,93.93742,87.811676,110.82002,67.20405,60.382416,111.537544,62.887093,50.574913,42.628883,122.05315,10.613683,-18.324821,82.941,69.44744,68.5045,13.872721,73.52694,80.96486,40.89959,55.01448
162.3103,65.13614,26.887623,71.03501,120.25412,45.908104,71.811386,87.234886,50.56078,18.648287,98.315674,82.12057,34.1274,36.48665,47.11205,55.77128,93.9001,79.85156,87.49321,45.864544,73.59173,99.35196,23.471703,57.265606,39.36255,162.35022,21.032356,12.429571,87.19479,83.55639,69.59112,16.733915,72.497795,52.801216,40.222904,39.672005
160.45816,53.364635,17.755466,71.13451,113.48853,41.77681,66.24524,72.195175,31.632614,5.3936872,97.17199,67.24613,49.130596,45.469673,46.425747,71.16995,81.07057,83.98164,90.14307,38.262547,95.26251,99.57648,49.030575,62.98734,33.600716,141.84344,14.121849,9.841196,113.799484,79.04451,79.53943,14.112477,71.48382,60.011894,35.808113,58.44835
168.47202,63.1151,30.301361,52.229687,97.904175,36.681576,51.295185,68.94554,36.35976,13.331891,85.09505,84.621155,53.22926,39.010605,35.950962,67.10492,62.628685,62.352367,110.26131,41.84253,80.89102,88.72705,14.854698,71.59942,44.237724,135.17172,-16.180885,11.261227,97.83111,74.93944,76.553825,19.224854,70.961426,32.051403,46.44082,57.546883
145.6904,53.88081,30.151402,63.618164,89.78944,42.519444,64.51293,63.05512,63.57392,16.140554,96.029625,74.41637,48.602547,37.646416,32.2096,58.23737,64.74901,62.431328,136.79102,-4.284424,107.16821,81.60108,31.470692,71.170944,62.919518,124.16564,4.846307,20.229725,118.638336,74.72078,76.25391,15.93406,63.669937,37.9429,44.77746,52.926895
120.65898,55.20758,56.80096,56.80533,128.73726,52.304825,58.057632,69.05498,63.577015,8.905621,88.95053,88.16241,53.4859,39.846493,65.459305,52.826756,59.00885,80.639145,139.50726,28.589226,88.7063,91.37079,1.9578819,93.13703,64.01595,116.0937,-2.1353483,29.244759,109.333885,65.193016,77.90274,6.112464,60.027634,3.0162532,53.451626,39.31182
116.510826,66.64552,75.00922,87.13488,122.23004,79.57176,66.45707,58.952007,73.86217,27.516594,87.27352,95.68148,52.96864,37.43584,60.127857,108.28712,64.05628,71.95545,143.57791,45.10131,102.75586,91.06049,54.668724,87.22093,68.976105,109.06006,24.779306,8.451749,94.98579,82.52422,83.17426,2.8975525,57.05978,43.435726,36.321,96.07034
109.18156,74.72302,80.07863,82.33781,104.01274,30.222416,68.23434,87.21752,68.447876,41.636093,75.00836,91.73712,71.4242,33.979034,65.72228,98.41423,60.067406,61.215885,139.4612,32.48139,54.166954,99.29795,65.02053,62.237175,97.55047,97.98835,-0.17867756,4.278043,115.333694,88.52264,85.14415,10.142065,54.920956,33.113655,-19.993113,74.46696
121.70823,73.84521,50.270973,65.7597,83.697754,46.832966,60.26659,74.68086,51.712116,40.29046,61.303467,73.47352,60.348686,35.268616,57.9023,119.752014,51.33378,74.62017,145.51106,34.875916,49.56184,75.080154,64.3377,49.1565,74.44351,69.02945,7.2101045,5.9831014,97.67991,93.42131,91.784676,4.98849,63.67561,15.498562,7.3499765,61.294872
129.06815,73.85207,57.764805,68.17773,68.555954,51.439964,47.43517,57.80728,55.714134,40.761124,58.198483,70.405075,66.09422,30.601725,44.65152,96.36323,51.018623,74.389496,138.61606,30.673716,30.856117,71.6128,55.893833,58.66109,55.210552,45.28559,-0.60259664,0.14774418,104.021645,104.81439,76.58044,6.0017114,48.21384,-0.82427216,26.847406,45.887062
128.37251,66.95388,66.27803,67.65822,71.90128,52.724743,-28.505173,59.53125,46.380077,12.362709,53.506218,83.123566,56.672253,15.821324,31.609098,84.23517,53.59198,70.740585,165.26297,34.065792,38.900936,73.657745,17.165424,75.16066,42.806458,36.2317,14.306849,-27.37403,96.56133,98.48921,77.69477,12.346212,47.528454,-12.59651,34.657677,26.868237
129.9831,73.649025,83.56139,70.591606,87.72124,51.573605,27.877785,102.49461,48.91344,20.84832,36.39052,77.37835,54.05929,22.736355,39.48289,72.40618,72.293686,68.12635,180.07797,30.41252,56.463696,54.534515,18.273212,72.74311,56.583427,51.638348,50.490433,-0.32579994,93.94878,84.848816,78.578316,32.61812,41.916145,-2.7463317,24.570862,53.33922
115.96965,76.08795,83.59047,76.56386,97.32138,55.10931,50.676636,110.21266,43.260128,-20.22649,53.243164,59.0236,50.158096,20.92506,35.611137,80.27555,83.29143,70.03684,184.37169,31.81993,53.67022,108.16382,6.6734867,81.07785,53.41575,44.97173,35.48761,-8.363693,79.918236,85.03204,82.0401,25.454884,56.73066,27.846964,33.511524,72.61072
105.95375,88.327545,80.73883,68.94532,84.959465,58.276554,42.19194,167.81494,47.818764,19.36491,84.70993,52.763603,56.60658,25.512497,50.743378,79.41041,72.841934,67.81435,186.5687,28.724808,44.917103,93.849174,22.994015,78.71878,81.59596,43.163246,10.416075,25.530407,71.60598,92.53601,73.07866,29.648468,76.31571,30.106699,38.17875,95.16985
90.28522,87.36916,75.424774,70.76867,73.47488,54.716,56.20346,57.802025,-9.538223,44.8702,89.662254,59.009876,32.005127,24.094687,30.427853,73.36628,68.709206,67.45368,156.07777,34.903774,66.75154,84.87362,43.693,61.780163,80.74076,31.4508,19.797386,31.187855,71.63544,98.823814,72.69172,25.446209,63.488968,65.45753,18.825933,72.53639
134.13643,79.51693,64.72693,52.376236,103.85444,50.37021,71.956635,48.57343,30.927307,41.46795,52.430412,82.891136,34.463413,29.25382,40.411892,76.66182,56.90987,66.301254,142.18991,-34.940166,35.932854,73.668205,63.53017,72.868515,61.17736,29.472061,16.387953,3.930975,66.348015,77.45937,87.71498,16.855862,79.035904,53.52718,2.385704,61.932796
127.37693,90.73439,52.147045,57.292534,85.01239,64.619064,72.61089,54.50031,50.23156,40.7281,50.693634,59.30602,31.052443,46.271904,37.088013,57.77572,78.03827,84.98436,112.85451,22.454906,24.958204,70.67221,68.18453,81.73688,103.18982,38.173622,26.854267,10.85718,79.38354,72.50838,75.11403,22.068972,81.86134,43.83033,25.460093,70.64835
131.48984,81.820404,53.702183,57.221508,95.80607,59.796535,71.95918,49.491196,57.126923,32.070652,38.89898,62.696434,56.666317,36.134907,45.086536,58.10922,95.93378,41.4357,100.14111,44.111893,7.968834,68.5867,37.136425,64.53006,91.83473,35.757217,11.825613,31.975733,74.762,89.254425,77.006584,24.527773,90.57023,36.819454,37.84766,79.38079
131.34175,78.95415,56.96003,50.376217,94.93422,50.40924,82.61837,42.419964,45.463593,32.236073,32.471256,39.87207,47.853073,49.53676,48.521065,68.96494,73.20542,49.12738,107.16533,37.466774,15.44766,74.54069,34.50287,86.54137,79.387184,39.017273,15.321562,28.521616,74.15271,99.16779,82.56286,-5.498579,88.57426,14.525684,52.032196,72.65561
129.90903,89.64477,47.24517,58.85019,87.35096,63.27742,76.48241,52.727333,61.58896,35.194626,44.638016,38.07986,36.189278,60.98469,37.33109,67.933304,71.48832,32.805443,113.27022,24.196465,35.649887,69.78589,36.441414,66.84167,73.48882,50.99904,18.627068,8.936922,77.970856,103.74343,83.6374,17.855715,75.00753,13.212574,74.70265,75.91858
117.767525,83.90204,38.777355,65.71177,82.88927,80.23864,62.21976,55.887573,43.343967,40.938736,37.44892,45.10357,32.850517,49.97302,33.721554,52.296585,76.858986,19.910595,122.08584,23.268288,21.324387,78.17053,26.767109,78.30009,48.446266,0.4211464,24.564854,-2.6291847,84.59032,98.8443,74.10114,9.786328,74.6687,84.83052,33.65886,93.683815
121.417854,73.14378,40.327293,89.456566,81.46042,67.48562,70.61523,49.913708,43.545563,51.88575,51.28674,51.07802,35.428432,53.69771,11.1612835,65.11725,36.54303,22.236158,129.1722,31.829206,6.2075443,60.12652,55.077652,66.14903,36.060486,29.169361,-3.792345,12.587646,86.049805,81.13948,81.80781,-0.16814041,78.971985,-12.837639,53.8765,66.92122
112.47215,71.027466,48.198105,91.47275,73.17317,69.20805,62.001774,74.88542,38.16691,35.440014,52.02722,47.961502,40.25335,53.609272,35.551838,57.69359,24.661848,23.610123,97.243416,29.706959,5.343201,68.39935,60.504585,78.873535,28.498852,83.21299,8.111026,9.0881815,77.897194,86.07651,71.59855,0.7119975,88.94391,8.616984,67.29132,102.1797
130.9049,73.13001,56.13067,79.07584,65.75661,65.14378,40.93734,72.49124,38.18853,30.00049,17.198908,70.30629,45.47406,51.709824,48.81751,42.75881,18.07444,16.115368,158.07289,49.405613,8.109682,69.94878,36.91496,83.16865,38.01808,80.07462,11.048067,28.49482,72.58573,91.24548,71.64221,4.241096,77.592,-6.1998644,58.795815,94.435715
166.4743,70.446106,57.717926,72.0457,76.751884,58.15065,47.316948,71.34251,20.353565,2.0895119,46.563007,49.0587,47.566032,65.21328,52.45132,77.46069,16.122742,15.516985,109.12216,31.827778,31.602606,90.479774,63.58094,72.46302,53.058758,96.640915,22.119518,29.77163,68.66969,82.17735,83.83368,-11.986476,80.11797,19.506617,36.447517,104.92083
139.99037,84.55031,61.507656,75.984055,81.24541,56.671875,51.13387,52.778397,43.114033,21.086798,79.15,79.75086,58.45711,49.64092,48.904358,109.05919,29.518833,21.225613,119.43094,44.28353,42.74606,98.52435,75.220436,81.791595,54.889908,80.10522,31.948116,45.80946,98.79854,74.04411,83.28576,15.951198,91.23924,-22.32988,30.53273,107.62093
163.29117,88.316986,50.326675,59.589287,71.27234,66.55436,56.948895,54.713448,61.586605,28.437458,89.673386,81.28115,35.319218,40.57142,50.318443,99.332794,60.814552,22.944256,137.61961,31.447014,57.866585,96.24264,59.28804,91.56011,59.681316,63.560677,27.366846,43.624035,81.983925,64.224,81.82649,14.092509,83.68488,-0.704181,34.855534,102.584175
168.56808,89.261505,64.22624,50.048676,72.98605,73.33051,72.74106,52.67665,44.349426,33.167717,99.3982,48.215378,-15.98893,69.98622,90.60573,94.387505,76.72565,29.082006,124.09243,41.77809,64.898415,95.43723,38.799942,76.697876,64.88623,92.60688,12.516434,2.895317,87.39092,66.01608,73.19629,15.701375,99.831024,-12.882443,31.504461,103.23441
154.8163,75.64187,49.685463,21.742529,59.274155,62.18585,60.75066,56.416885,39.191376,8.102373,82.64576,31.678339,10.138696,52.13033,65.70369,71.25208,63.516796,19.73817,164.21172,31.006699,57.151844,91.449135,-7.03376,70.80112,64.13026,76.69987,21.913826,5.8700333,85.45019,74.133255,86.87018,9.264652,91.41082,-5.8256564,62.695923,106.44942
149.3606,92.146225,43.228924,37.576008,67.16629,63.372192,63.237892,46.411823,21.455027,-6.0374784,42.113,42.935127,27.521133,42.23164,57.74418,48.09767,103.31769,29.923374,195.01497,31.37032,42.47413,109.47609,32.624115,78.86931,58.52536,73.50739,4.740283,20.759903,86.40942,78.86086,74.56227,18.081192,83.01831,30.035866,70.89908,140.68478
107.00747,76.1704,17.315973,29.22293,48.85785,64.32231,73.40918,52.09178,17.097214,-3.11343,65.617195,48.17753,30.78355,48.38565,54.253944,63.453285,123.050705,13.438965,173.7131,28.404152,48.65243,119.97147,33.86729,73.67384,53.64849,79.73072,12.016068,14.120838,86.53921,65.96878,74.31945,17.28906,83.762886,21.971962,84.33489,119.86301
103.432846,80.28487,19.210001,21.646093,60.272358,59.869907,64.822014,39.693466,7.2842455,-23.125355,57.550938,48.49588,31.578793,55.45068,46.62692,75.4508,117.218,21.547243,200.90446,39.795746,45.108196,101.07945,47.83306,63.639984,51.867096,91.33796,-6.689619,32.370216,66.715096,67.486115,78.449265,24.313202,82.03189,44.84841,63.54764,91.87214
95.05837,85.11234,29.952429,6.4693737,42.962296,56.63868,77.15978,71.34256,14.66886,-19.775862,60.663372,66.90328,26.859104,57.91443,68.18337,57.976105,84.39605,38.288574,214.44658,26.474363,67.278366,111.49236,25.420692,129.36075,44.165257,112.33011,13.880551,37.035923,67.64663,54.57413,76.86866,23.592337,78.544815,84.13579,53.516666,69.79308
57.52941,85.20349,39.268925,9.672606,52.70867,58.08507,72.8898,76.54953,-14.154448,-1.5955763,65.72796,49.374733,40.00258,66.7944,65.550415,48.176342,65.31441,36.53586,182.35313,24.47147,69.044174,105.15824,30.478073,79.87938,43.00417,93.536026,17.496027,26.58796,58.36639,56.10206,93.58582,14.047991,67.275764,62.495026,-5.192093,54.993458
48.710278,81.4826,40.117725,22.876593,49.554394,38.902523,72.86467,58.645966,23.365797,13.1091385,86.69687,30.819372,34.984158,45.115505,75.900024,54.51915,34.103813,36.490284,205.42084,35.465393,55.390797,102.40898,11.505482,82.11993,35.0014,75.564125,15.664375,21.332754,53.171246,31.772963,84.71688,14.333161,56.672176,95.162766,43.123898,29.005163
77.84908,89.77239,43.42231,47.862873,43.051003,46.005875,69.64495,75.25414,20.025352,1.236866,81.001495,39.58226,46.049732,67.69316,68.51473,42.216885,17.34621,38.643723,135.9031,25.21672,53.494774,101.585144,7.2698975,68.24308,61.43576,74.284225,11.931001,18.24656,81.193436,36.24649,77.31686,21.96518,53.50067,96.944786,54.023815,50.17944
112.75682,83.826904,43.950314,67.43334,42.185665,42.736576,68.31973,66.03449,45.282974,10.553973,71.67892,44.39502,38.084915,72.07738,81.16265,42.85888,28.069382,53.0076,124.718475,38.09717,41.886017,114.18056,54.824543,58.010944,48.74309,85.156395,15.629053,21.877022,59.565308,35.854923,64.0854,23.222221,53.842007,63.033207,48.22278,70.48705
103.85977,91.04002,34.294693,74.578606,74.40902,51.63422,77.06851,47.092773,42.758797,12.528461,100.756485,52.118576,24.541853,65.96282,78.53801,73.49751,46.10883,43.858223,165.34879,43.2457,72.052895,99.730156,97.37445,46.198578,50.30466,81.46565,12.633574,7.513258,50.222336,49.675117,60.948906,24.486507,44.574047,32.379314,53.656876,53.055794
101.35202,75.49813,4.4586716,72.285515,63.44378,39.809753,35.459595,68.017715,27.74517,15.347704,79.89329,91.943436,71.72988,88.85475,37.31821,66.98761,38.434616,50.871025,176.72162,43.18475,72.54856,91.56403,75.16421,34.686035,47.73677,77.16206,0.9328337,15.191976,69.099396,57.810802,68.44915,13.640841,39.673466,16.549847,47.822384,4.9211235
87.57491,97.9817,21.467161,49.723686,51.861877,47.599842,46.763145,32.657196,31.426859,28.611586,107.15627,88.335396,39.303776,69.760765,37.3334,25.417097,22.349596,38.471794,157.17557,35.127304,89.529,106.08002,57.704052,45.000786,21.604475,62.82759,-13.799836,7.470108,94.99792,78.70816,63.999737,11.365549,38.73578,23.110023,41.809963,40.800728
77.33122,105.52428,36.144985,51.070103,44.659573,50.343887,19.627851,39.831062,36.63058,24.513443,84.17509,77.08023,26.80246,52.69757,33.321926,71.85678,8.309174,56.136112,135.11404,46.820618,75.69358,83.910385,56.167706,74.30136,27.478235,49.678585,3.2035728,31.347862,104.01768,89.87686,62.750946,-1.2659693,35.286415,27.369469,37.408382,65.88814
81.164825,89.54821,51.795357,43.925045,46.44661,72.005585,45.940994,30.930603,51.078785,26.671558,100.58487,75.00756,32.42911,41.31388,43.008636,59.960743,20.55437,69.41698,192.14072,24.962044,81.382484,99.49337,60.938675,80.12431,34.102077,50.131805,5.9522753,18.306458,62.86524,85.36638,60.358643,0.7099495,41.109947,24.2117,50.81563,28.804848
75.24973,75.77516,56.02599,41.103897,30.291826,12.088276,63.721302,68.5592,41.384914,31.18224,105.080956,79.21992,44.220722,45.87268,60.664013,55.20717,33.133404,75.0608,174.56065,46.1666,79.87057,129.8215,75.05649,78.6466,38.593468,17.760445,-20.132381,17.278097,40.324417,74.957985,52.88398,6.2872214,41.348003,71.93373,71.70307,50.986435
82.26118,80.93048,54.705643,53.27394,25.379667,28.918867,59.591755,75.46903,33.039997,27.969166,98.55272,91.41307,51.646393,57.47173,59.38204,63.709595,30.025805,84.373695,212.02013,39.28917,84.84806,138.54019,64.383575,84.56067,57.706573,32.65373,14.651644,33.18687,56.156948,74.42171,40.183296,10.442192,15.795485,47.19549,43.40066,50.18874
106.234436,81.15645,107.87419,64.640976,19.162827,40.747364,51.154053,76.59025,40.32965,56.05745,110.68981,114.63329,46.86892,75.260796,73.41555,35.601494,56.20107,79.03828,194.80481,55.486317,83.5256,138.78627,28.074818,71.74457,45.66691,37.68491,16.70642,41.07789,44.823914,75.53016,35.498474,22.536694,23.389946,80.5415,48.41577,75.76239
96.38121,89.76669,78.39569,77.59614,27.838299,59.60569,60.23394,61.37809,40.504284,62.437798,84.24024,115.342995,43.191727,75.25447,86.29564,45.743073,62.580795,51.432808,146.34966,58.539562,61.386345,126.20563,59.29829,77.78087,47.688496,42.048237,22.977322,26.475584,62.24545,72.14503,39.86257,26.624594,24.76684,78.565865,54.599445,59.4996
87.28389,90.78865,60.116184,102.12268,62.243164,49.178505,68.928665,56.88464,52.796165,61.10111,63.704746,110.37916,44.287712,86.48407,75.13359,72.345215,54.6824,59.07927,33.94667,53.674973,76.62021,121.78006,34.79276,98.25386,38.45697,34.0558,30.025242,12.973808,73.43786,69.28613,38.44739,31.498072,15.834277,128.74564,51.284023,48.22092
101.88417,93.190506,52.937393,80.81943,49.519558,55.951176,121.65332,64.11975,55.8232,9.211559,81.39884,104.46285,55.892002,88.106705,72.12036,82.17506,53.145035,59.124184,57.936707,58.402454,81.44336,78.77435,34.677536,80.28088,56.17573,34.369625,34.63122,30.046959,63.888966,61.664257,49.0531,23.369923,45.08796,120.97561,25.390402,42.717987
101.133644,80.49909,55.519855,81.0763,54.16381,37.89923,80.66202,55.298653,58.221664,41.79393,78.663864,86.221275,57.046577,84.97143,107.08304,84.80967,52.513058,64.939735,36.03717,67.721176,85.746635,82.172264,43.912384,77.50089,63.589943,49.004723,31.882532,28.651531,71.639946,61.73648,53.215702,16.01286,32.4325,181.31857,41.141384,80.320526
112.21411,81.58604,52.822647,84.38702,69.74975,53.50356,59.18205,60.337982,51.286983,53.316772,103.1548,79.92354,49.02848,86.68229,69.27244,98.936966,67.0728,86.269936,85.91975,58.943153,78.2549,76.2633,20.356014,83.88117,56.344955,47.911022,52.92994,-0.110248566,103.91455,59.58787,48.91241,15.979202,27.32075,177.77223,35.247112,94.314835
103.36058,79.27017,70.47537,86.46463,70.581726,34.999794,50.29054,16.449455,45.66476,42.12932,89.25958,64.92342,68.361115,76.02613,57.52825,83.61776,71.255035,78.64718,98.01989,38.731686,66.053535,64.98103,-17.10451,81.25024,53.6849,32.867096,64.09773,6.1521535,171.62762,80.48441,44.213825,19.555576,35.1804,198.1455,51.520332,92.79019
98.41692,95.89815,65.42673,95.67349,84.97046,32.741184,18.68712,24.558702,25.979988,54.08621,104.92728,57.540817,43.08976,60.087643,52.58502,50.982605,56.28045,64.1562,88.34985,55.107536,64.78078,48.200233,14.264971,60.493446,43.641598,63.26496,66.328354,8.315512,152.81854,66.901306,51.799816,30.04252,38.390984,177.66019,111.14299,88.197754
69.30411,84.2113,46.83341,61.018272,59.659775,34.945076,21.951267,29.453974,28.098782,45.130535,88.00763,51.98817,32.214188,53.18969,40.977184,59.58877,47.695076,68.6651,66.20228,60.05835,59.963627,43.3242,26.011925,68.164734,40.50639,70.04858,57.5975,3.9256945,173.13077,65.02751,50.76517,29.900158,43.610596,145.56664,114.625084,60.027893
86.144394,81.01758,32.707172,62.378956,63.911915,43.68626,31.413752,37.63891,14.801485,41.019238,47.869278,42.712666,28.251184,53.557274,42.537224,54.5577,40.226757,48.73273,94.429276,51.78708,20.368683,37.59515,30.339108,61.967285,34.71624,72.86612,46.14417,-9.826225,138.37051,50.221104,49.44159,24.433624,62.12826,204.82547,126.571785,46.356873
72.98255,76.01229,17.814415,48.167194,79.08388,44.265377,31.762093,40.350636,-1.4289732,45.59935,23.33091,50.72858,21.118582,51.18321,26.154667,20.852087,48.318962,40.450485,116.030174,45.537727,32.271847,25.85218,34.476524,41.0118,46.844284,105.38584,50.01856,6.5712614,90.26063,70.164925,52.200172,25.031864,61.04611,163.96115,85.77553,13.946884
78.043465,71.73623,30.677202,52.894417,52.437588,41.879864,48.116375,51.056305,7.4938,55.641518,14.345631,49.395824,18.777557,29.291275,14.716401,40.023262,46.784832,43.76944,100.60524,29.10455,25.568745,39.28988,10.8961315,47.64006,41.832573,96.67883,51.21283,8.940246,73.80348,113.025925,50.35868,28.837757,66.32129,121.09043,116.74936,34.2757
111.80551,52.41415,32.82626,45.02896,75.22328,35.776115,43.185715,37.352524,-3.1505165,87.73753,41.03765,29.767439,18.067339,38.78197,18.51563,26.901299,51.94214,77.2741,88.42825,11.099055,43.618324,35.24567,-1.3895054,52.62313,42.25369,106.79898,43.412666,25.43001,89.00088,100.2499,60.22273,21.85228,69.643585,98.314384,125.437195,83.38556
93.579346,45.08071,25.653276,77.32049,53.546925,43.990814,25.500698,29.026499,12.856932,80.98465,40.02435,38.41673,10.069027,42.012177,31.538818,35.85801,57.723434,63.49667,62.1268,-0.65582085,63.570396,19.003613,31.55894,60.506065,31.960953,113.92888,32.47414,30.652374,87.17801,90.49093,57.755547,29.145992,57.219425,77.89369,112.512276,80.35975
86.31821,54.106525,39.90301,67.24929,70.0614,52.477547,23.13272,61.8192,28.277084,72.09344,27.838322,33.92047,16.086674,35.687817,34.089634,93.988144,48.038223,68.61457,117.30312,32.099857,51.63927,22.180435,49.47176,66.56984,30.673172,103.65433,19.945358,33.558613,69.54962,98.23249,61.085464,24.864498,56.288025,82.836914,149.26367,79.1647
90.63428,68.2333,46.334114,63.3342,78.10369,48.210037,36.07037,70.41732,37.118565,59.37498,44.239388,36.121487,21.244627,48.802376,37.12829,83.28332,62.690487,54.498734,107.84964,23.600428,61.616585,48.52641,24.340378,72.34799,46.79094,90.20091,20.644102,71.74804,61.89396,75.36463,55.550747,10.64941,54.33952,119.76744,102.13366,98.075066
93.56754,64.38284,55.657997,59.140987,61.017654,47.544697,47.018486,61.875984,38.263042,56.65694,51.757904,28.405205,27.086918,53.21832,32.698463,63.748665,70.520546,50.837143,163.35767,31.496264,61.221233,58.020702,45.211372,129.72621,52.480507,65.40161,30.665228,66.96367,83.115425,71.55294,52.811745,16.847511,47.016006,105.06935,93.879486,81.82902
93.59245,66.46699,39.584816,58.97391,64.1865,53.547768,73.16945,41.862072,62.703697,67.48464,48.99749,38.381275,26.23057,57.367275,46.636635,61.857815,31.04872,60.12855,168.69661,31.622797,58.814598,54.29955,55.14655,102.865616,52.436455,71.1522,41.99258,47.23009,69.462524,76.106415,46.24924,21.55674,48.361126,5.6337967,91.43957,82.87274
101.63707,51.10055,25.2308,55.40992,92.398895,43.3563,67.10883,36.947643,75.48154,41.87702,76.68918,50.92616,33.38086,67.96694,41.897522,62.089966,31.768064,58.448517,123.42355,38.78373,61.65135,64.82482,50.051517,91.09601,60.80182,63.952896,31.54741,46.181206,84.57053,71.16206,47.993263,28.745712,55.41081,20.845833,83.828476,109.390884
116.693016,48.698948,35.822723,66.71802,83.61228,50.970936,61.879898,52.311687,64.73724,39.03575,35.416183,60.96133,29.279583,69.745026,56.554665,96.700096,43.420937,62.419224,142.72649,42.72529,59.684242,81.39375,93.18889,81.944176,82.414825,115.02305,25.832,54.851177,59.465668,80.543335,50.857754,35.42963,48.122036,36.508892,74.47943,91.04191
109.17694,51.658794,54.986595,60.47885,101.58689,60.07289,88.458534,51.465168,52.628883,39.83887,49.742645,70.17913,33.359222,80.08071,51.891525,94.356705,-2.3704338,49.950916,127.042694,32.07665,55.35209,89.84843,92.7241,97.34561,78.95779,59.106045,54.357033,61.2412,51.1929,67.4358,53.181206,15.851141,48.624878,29.589668,64.41728,127.72268
108.60221,62.32692,40.689613,63.424435,79.61186,61.619427,88.90624,56.22349,56.08906,22.205542,44.669334,71.68622,46.73841,79.97429,73.831795,96.088005,70.1972,60.819645,172.87909,42.443375,67.29272,103.30925,79.27673,79.2179,103.92929,54.520943,54.750008,41.7197,84.180786,49.9028,42.880634,30.189625,33.95172,27.51477,72.32933,99.25383
87.35937,60.25562,58.190697,87.716255,70.771866,63.73834,98.86334,66.33595,42.240982,40.563732,59.71624,77.88925,50.339764,104.93142,78.16137,88.08173,80.54227,70.96844,203.5853,41.869053,80.80372,90.99371,67.17199,79.8988,71.22733,48.7536,51.47912,20.987284,73.94066,36.699554,64.20463,41.284687,55.090256,57.52461,93.27219,101.51825
58.89963,51.80539,59.83682,84.99586,53.044792,70.09317,69.70741,61.720505,57.952522,48.002594,71.72798,81.5564,54.353733,80.73682,77.22194,68.631714,72.76303,77.61899,224.90103,38.052174,91.04378,110.488945,61.67294,86.69539,65.16943,35.048027,61.91615,14.335035,76.572464,57.73033,15.639992,36.643295,63.059464,74.47021,64.3231,129.40646
38.95394,51.90167,69.029884,61.34899,62.343575,76.0611,69.249664,61.60077,61.072426,32.550194,58.437447,77.522484,42.250618,75.18041,96.832504,81.61127,97.26587,93.37383,203.23976,44.487793,84.99175,99.67237,47.56159,64.842804,66.73644,43.335987,33.506607,28.571821,61.40977,29.519672,2.4090805,35.435326,62.48192,83.256996,56.14875,137.43393
26.907513,46.433216,65.7232,64.93052,66.38622,75.176704,71.68909,56.30267,45.981525,56.535084,74.76163,73.222084,49.702343,88.00899,91.602806,79.29049,56.63225,93.04562,162.43022,45.101837,79.821205,90.50494,40.437363,49.73561,47.218132,35.38108,32.212303,30.687452,33.183193,11.5164795,19.485104,17.069283,61.171864,125.27899,52.988373,148.35428
30.653002,57.086437,58.99665,61.25716,44.95335,65.49088,73.78369,65.41109,51.76694,82.81856,75.83514,88.563866,47.07042,108.234955,82.28759,86.59576,94.55049,86.103226,117.24103,56.218494,86.393585,80.09791,34.473186,41.62043,43.986263,28.547556,28.65814,50.33859,37.672554,9.370295,21.245672,5.1908083,61.402626,123.059875,62.70565,132.60327
33.327805,52.478897,65.17592,78.30662,64.84056,57.882492,79.97068,-2.5697174,56.935028,83.090416,73.6623,85.42381,46.62759,121.76406,80.8717,69.63667,94.8189,60.219902,139.87277,64.98079,63.680458,82.47947,19.806942,25.677998,43.94487,31.112076,29.54917,33.630287,71.671295,22.029535,31.2403,14.252477,52.284218,151.71227,81.47656,114.904686
39.032574,46.33828,51.97143,75.12332,130.79832,68.75219,78.80773,39.191067,73.55134,73.75277,83.16199,87.543945,54.976818,99.3261,44.921375,91.14031,77.01024,59.10198,105.738266,65.48007,75.33854,83.447205,40.316067,31.45037,38.65658,36.86041,43.810932,54.233734,78.33456,30.6158,39.298866,11.3220005,50.166195,148.04507,92.02841,106.586075
36.04648,37.646847,48.532047,69.86359,110.68553,69.62025,99.354225,70.20263,11.278244,74.707726,71.9991,89.08481,62.31358,96.05303,43.219738,87.40323,25.503357,68.62689,60.397263,60.20026,72.611786,80.01925,39.918213,38.793842,38.4228,29.13515,50.33075,26.640617,65.0789,32.22125,-6.736492,18.23278,53.970776,148.84235,94.83444,109.901794
40.72359,38.38228,66.7254,53.431435,80.51698,57.63173,75.9043,70.00968,34.696545,76.39628,85.49839,76.45844,74.22861,72.45706,38.31791,83.132225,36.65241,87.72557,71.1141,55.933224,88.66333,82.55115,52.933487,48.10309,24.195866,23.564142,56.597878,46.15247,35.345154,29.845814,12.319651,22.50216,50.437263,116.502266,92.15351,99.87266
39.61983,41.232964,60.26255,47.224884,82.33176,67.11649,74.377304,77.46916,64.10183,88.0833,74.70355,88.01437,82.058716,64.22273,27.877487,64.83681,62.836327,78.932045,111.94326,60.73502,79.22882,76.143776,34.00098,30.599865,23.01407,-3.7694588,37.12614,42.761124,46.134243,18.300058,11.324719,3.750843,40.95301,104.878296,90.444305,97.26755
46.118523,29.193539,55.733288,42.47197,70.532845,69.9044,72.088005,90.13965,76.04773,70.90417,82.14648,79.970894,68.71629,84.027466,53.964973,60.224693,55.823326,120.92133,112.6851,61.938015,91.18198,70.10905,32.008926,35.61431,30.7417,37.631245,42.580227,34.378506,42.059383,14.061367,9.92274,26.87802,29.598274,106.0003,95.29393,115.154976
47.485435,33.09155,55.52781,47.135185,87.015785,55.745846,79.661644,92.61441,80.906296,67.86331,90.207214,50.73317,67.02265,85.36312,51.84544,98.61213,65.18165,133.75493,78.021965,72.61228,0.80966187,78.46228,41.46026,25.65721,36.858517,44.817764,36.760006,26.852228,36.64595,8.267676,19.203892,14.106934,34.702206,112.44651,100.48287,118.406845
86.9132,37.62974,46.913765,59.023712,96.4904,47.492004,77.40497,107.21995,67.23046,72.188416,81.14447,63.345627,54.985928,101.77277,48.405834,110.79686,77.98107,138.59834,73.735146,75.85859,62.030537,70.1628,38.611767,17.584824,31.669819,23.116323,26.306461,17.547352,65.01943,12.880065,17.8505,11.672737,37.653896,156.31635,100.17343,117.41558
77.41892,29.829338,44.244183,47.188683,98.12919,40.010063,60.484314,98.21731,78.78158,87.850365,78.20248,47.32763,71.49697,101.42967,36.560192,91.175644,95.76116,120.32819,84.24934,75.402985,48.102074,62.079132,45.63213,36.681656,49.176243,37.281,33.884335,-2.6399746,40.94462,18.461475,19.722658,11.056484,39.592728,146.90782,96.688774,102.33694
64.15585,21.629803,39.7615,62.856483,88.65716,36.1528,11.4799,65.55135,57.45929,90.1641,77.23957,40.832172,55.6339,90.07883,22.368809,80.55312,95.957756,115.96027,73.01957,80.32968,82.36296,51.18933,50.05458,25.224377,48.370903,35.407978,9.873184,0.4427393,29.316109,23.841702,17.603966,18.843216,18.692245,157.30315,96.033295,115.925865
68.408844,15.38649,34.911137,49.468655,78.320076,33.784443,16.232903,49.470425,40.880054,113.108574,94.21801,49.56314,52.052525,93.729004,29.724342,67.28811,105.60838,96.40995,109.08568,65.15947,72.695885,76.09064,41.94901,20.051926,44.87288,47.867813,12.383032,-2.174786,10.352312,22.262962,14.750868,17.15278,10.677151,153.81732,117.23567,97.73336
54.347607,10.266938,3.1062279,33.213726,79.02138,31.100327,28.86093,51.23093,33.500507,93.221436,78.55687,46.733234,27.516874,89.50717,23.89944,80.35211,132.46545,52.455673,97.60145,45.750896,53.61997,60.140903,23.529793,34.68744,24.155544,95.67264,48.715866,-1.7197969,13.800759,23.146269,9.7979,20.304045,12.131653,178.5852,107.70993,61.119328
51.001465,15.597935,-2.7406282,31.608456,60.43487,30.25066,22.801775,28.173231,28.272144,55.036156,52.775524,41.200294,31.40098,73.62734,18.612398,47.219307,66.71629,40.090755,83.88162,18.777721,43.658936,42.31304,28.62877,13.433098,-29.50801,71.507095,23.914137,13.492922,2.2385473,30.685003,6.4745607,27.098158,15.699032,166.22565,97.16272,48.089073
59.24196,14.506847,-6.582862,48.897346,73.18346,-11.0615635,12.6358595,23.028442,22.097858,27.716103,39.222534,39.093445,27.823984,30.141636,36.4017,27.512785,62.5223,43.45651,63.546627,2.3368359,27.877079,44.683964,20.792965,30.461788,-11.802464,52.045586,25.871838,-8.770946,8.430813,14.853054,13.789079,18.99652,13.348773,127.139725,97.80252,31.574749
48.752678,14.823531,6.7333527,15.062042,66.98869,28.476702,31.300812,24.170547,27.180672,37.693977,42.318996,31.439745,13.556599,35.251865,23.913017,18.72953,51.386497,61.661552,61.944916,26.90178,14.914892,44.27645,32.33998,25.705288,22.843323,34.987965,15.972946,-10.523042,35.54576,0.5593252,1.9261551,7.3474746,19.684835,138.65492,91.695206,23.379774
44.62635,22.020496,19.659664,11.368483,51.67239,-10.166273,19.163033,12.751206,20.090427,42.691277,12.387224,35.202194,1.3800954,14.62673,20.657152,21.109863,53.648335,55.264633,80.60104,40.74989,6.311958,-24.03649,11.515159,25.863232,24.114477,30.868664,12.173542,-0.6794195,41.774837,-12.874177,6.057068,5.2083325,14.29105,118.521286,88.57803,2.1283703
44.280693,13.643158,15.370641,16.638441,56.07869,-10.05662,7.119817,-3.4603329,11.445113,47.370754,17.37582,18.457678,2.739262,7.5322733,10.189415,25.198053,54.711628,39.65634,71.1655,17.311247,2.1362429,3.329703,-1.5521965,28.790983,26.528387,63.053543,31.72868,22.790245,25.863506,-9.580403,-5.8585258,-4.5959687,16.597725,109.482765,43.53264,67.380646
76.967705,2.6982145,22.35198,16.059784,52.48022,14.333147,14.21755,6.657785,-1.0738297,50.607456,23.546268,-34.420864,-5.3132973,11.23637,2.924389,-2.762888,75.321976,50.601048,68.23686,-11.205176,6.855933,21.85299,9.291847,26.209053,29.038065,92.749756,2.9700813,15.039113,37.635933,-7.5911555,14.154295,29.841295,-0.23512077,92.31177,44.282978,64.59881
69.594376,19.033096,32.24537,15.083788,31.302355,8.986771,16.627565,25.639208,6.7947245,37.914925,14.207007,8.991912,5.0773063,26.660055,18.254793,-4.73221,46.222816,42.86928,71.685776,10.964525,11.797297,17.308697,31.356956,17.865095,48.602394,72.4503,7.807218,40.062027,37.869267,4.7079473,11.822964,21.583134,39.113544,74.395,46.957615,62.731678
73.1809,20.76258,32.993233,-2.3205452,48.041172,17.65805,0.44492626,39.681168,0.47192287,24.707056,27.377686,7.370821,-1.4838305,29.167542,21.501791,47.92817,18.44701,47.197945,78.46514,16.44432,15.506648,12.524483,25.131107,10.32625,34.426483,88.03708,16.531868,73.512535,25.513878,-5.3586364,13.583631,24.488312,27.40736,27.849049,37.656708,59.254734
71.06916,17.45263,30.923965,33.224403,50.017033,11.494743,27.363796,109.58361,10.699302,35.670567,31.740486,-8.958563,9.937141,25.463982,18.043617,39.565384,31.622835,50.73222,84.53691,4.367893,5.122854,10.012387,17.068789,22.238388,30.621527,72.637794,10.621127,61.090614,23.881166,8.56489,0.32752132,35.306263,16.403542,25.773178,32.309708,82.33739
63.848324,15.139207,43.33349,31.189854,32.17059,9.101441,49.6769,111.23648,15.966202,34.617863,27.529043,14.626843,19.752598,13.473148,28.907902,33.759857,49.96907,49.076145,109.62944,-0.12883091,27.805012,23.099457,40.566036,25.281832,33.533817,51.109997,24.47075,51.80596,7.3982754,-4.1493864,7.4040976,6.9110203,15.182958,9.8275795,35.560947,67.54043
95.778366,-3.4084988,43.35717,38.460625,44.889606,11.887132,44.39662,118.20558,27.268875,46.257557,30.949127,-16.043642,19.471378,20.68219,22.597462,69.65097,49.234573,65.06861,91.985085,26.678991,39.56124,31.43088,30.917719,32.32457,45.32537,38.6477,24.272541,49.125683,6.5146837,-6.378788,21.223507,5.4776683,25.810059,26.045132,45.27581,71.468735
94.95547,12.116541,53.364174,36.394485,48.575867,16.00473,36.916805,103.77215,47.78633,58.64176,34.97748,36.327446,13.494229,30.542847,26.73135,96.74481,75.97958,87.9698,97.37782,21.769379,41.24794,27.196928,28.386482,27.894262,49.0078,27.984388,40.376896,25.049046,13.942848,25.268766,15.069333,6.633141,36.210594,42.415535,46.612267,62.600594
48.1653,20.419388,50.129128,58.361557,53.9723,24.055716,39.99136,116.93692,46.81082,53.717796,27.116964,41.107307,16.560507,25.375612,31.117092,90.4351,80.06623,78.415474,91.96038,20.143482,38.661217,28.276077,40.700256,17.440296,6.9290695,39.452755,38.532555,17.10815,46.99475,21.565582,10.37971,6.6686883,19.884546,76.26257,38.857567,87.86755
48.492855,27.419449,55.476974,49.40743,50.164577,20.79713,57.90351,91.38349,60.048668,59.276463,41.64637,27.640776,25.545101,21.632242,24.705935,62.781395,84.12094,82.561264,87.85877,36.46574,52.916664,32.018387,10.4701805,-17.183067,18.831596,27.142792,21.454094,21.195248,38.712257,6.483987,8.117698,-5.366977,23.89494,94.04306,35.7168,59.11132
52.811123,32.727543,28.047848,66.75566,54.828888,23.667234,39.88867,69.88213,47.3484,50.086838,54.116642,9.817003,40.46637,48.01011,30.893204,58.26768,83.25087,82.03487,91.16144,35.91189,87.2381,44.871613,26.74397,13.028713,22.781153,36.57226,-4.0823555,12.978966,53.67965,1.2673111,0.7195482,8.449226,26.95159,103.54312,41.29443,89.6464
53.325592,47.923233,41.73286,71.06874,112.188545,-5.0882263,36.58646,41.493774,40.739216,52.524437,56.041847,36.25924,29.466623,60.765316,40.042953,45.78611,109.36661,50.46528,79.70051,27.530928,75.34875,37.88474,32.211887,9.500231,27.37757,26.155827,4.0496697,3.9094296,31.104418,-5.85338,-2.5445566,1.900428,30.12367,100.2516,49.50773,128.61382
55.46413,60.555645,44.62074,71.19499,68.90601,-3.2419567,51.084465,42.15245,47.842117,42.698486,66.05916,43.20121,25.670322,30.869085,45.818054,44.942116,75.34136,60.639896,128.38464,41.129375,64.37434,40.369244,31.579353,30.966175,15.486155,23.456673,8.203068,11.283978,29.53542,12.256348,10.973365,-0.6852398,42.05529,74.25575,80.47488,100.99529
52.004593,46.179386,39.185917,32.64082,67.70363,29.888134,46.531097,40.874233,47.545406,42.887146,61.660816,29.80999,33.587845,22.108852,44.401665,72.91454,75.503105,76.0037,112.427734,8.790993,66.91492,56.490112,19.756983,49.025314,15.620106,14.762268,21.283772,6.035825,17.98932,32.65322,19.259838,6.8024893,37.755108,101.699875,71.364296,96.67307
36.965626,38.83791,1.8457451,32.696907,83.59329,25.068094,43.92464,34.909298,50.064674,54.27888,64.0395,46.823673,37.64367,26.205376,47.387787,64.360245,73.006195,106.36892,90.87774,38.121864,97.80315,48.254036,11.0216675,27.469345,30.417925,-6.19512,17.08444,30.556597,22.809689,38.070133,25.992378,10.405923,44.037857,40.525894,89.10157,93.18687
46.310722,31.937727,32.637733,45.876945,102.36516,32.203316,34.978603,-29.868084,60.947903,51.468185,66.84367,36.190773,33.860645,35.110912,51.045742,73.04193,83.25759,91.41731,95.56722,17.072735,80.05162,53.89694,14.778982,41.889305,6.6932144,50.774117,33.223557,59.287994,27.246141,35.4396,28.510298,12.644341,28.4478,56.82969,80.03063,105.77541
80.5517,19.31872,41.523216,66.534004,80.16008,56.710617,44.700962,38.581226,69.9754,48.17313,76.206375,51.402157,48.187233,33.93201,37.797295,97.0267,92.42185,87.56221,85.00927,38.07476,80.12041,71.98572,34.895153,55.309616,19.614983,-22.830475,33.266533,53.894222,26.749453,39.360363,35.152122,17.438807,23.99563,63.597515,79.09825,110.73433
73.92656,17.089035,27.361393,56.190147,86.4623,54.05185,54.09039,28.929558,63.124687,32.963223,92.04512,56.999134,41.966717,40.41559,54.366043,108.41289,73.12068,72.795815,99.13717,48.243656,72.06122,42.778713,65.39604,82.011185,20.312237,24.533653,29.33038,61.10821,30.05095,43.582977,37.808872,29.150232,24.579323,88.70961,83.1292,130.50876
69.9396,43.99393,34.438995,45.80057,78.75897,52.402462,53.335888,19.603083,61.103806,39.41927,83.229355,53.30046,37.34759,39.34475,18.03243,91.190544,70.639206,60.22611,98.08972,46.61055,70.278435,52.050102,90.36,113.85389,27.99567,20.05994,25.912928,40.50081,25.01712,34.20222,37.931152,54.098244,8.02996,120.83331,92.01808,136.75052
57.393646,43.508392,39.22522,25.764847,63.33603,41.521854,53.36264,107.38674,56.397858,24.334969,42.665924,49.63345,39.636467,16.789715,31.949915,61.666862,61.384155,64.16698,110.752495,37.367764,22.95443,65.748955,84.61237,83.00703,30.526138,20.6687,34.307625,36.712666,29.378149,27.837727,49.22699,39.378975,12.4104,95.308174,88.17122,145.50671
90.98695,45.955456,58.46595,24.75213,82.15301,45.418186,72.63464,100.271095,78.002945,41.569683,62.691296,60.246956,38.578064,43.48132,32.507362,63.27667,105.93394,73.53259,104.709045,35.65453,42.01909,75.04566,79.74098,51.740685,40.84179,24.927261,34.629704,50.11902,50.203335,24.955389,52.056946,25.720364,9.822099,99.07615,100.851555,118.10143
76.21001,49.640205,28.180561,21.327663,75.349655,50.520653,59.812996,103.94766,61.85407,2.1484604,58.335884,54.161057,71.53211,40.214207,44.055416,36.405174,69.05596,82.31353,72.96141,43.360153,50.141808,76.8807,80.13379,52.98797,31.129328,32.8864,39.399437,69.657326,78.70922,23.744884,46.572884,21.043833,11.748299,128.38896,43.57093,106.22612
68.09674,53.42168,32.28141,65.05484,87.82623,58.399006,63.44029,45.396126,55.201065,28.065685,64.16901,62.815495,61.955475,37.72576,45.22642,77.1824,44.063225,65.71591,105.13253,44.969673,64.04241,61.623978,46.99415,45.868,33.236874,42.76175,46.293335,76.2024,54.789474,26.87444,52.86086,28.777805,27.946926,141.04565,73.07324,94.29616
56.88064,54.213615,38.12941,74.88899,65.45088,59.04074,71.488075,64.27033,56.90978,41.02923,80.58065,44.15425,66.29611,42.644974,44.001133,82.55989,61.78089,60.947205,102.17966,36.743027,63.32018,76.725784,58.731552,46.67597,38.395214,53.755165,31.246284,63.220932,71.68208,35.59485,52.642067,13.684861,27.015501,126.530106,79.60609,90.46025
53.736374,48.667027,54.520065,75.16503,74.04028,59.444374,71.581276,44.180542,64.43065,60.576763,80.84604,68.473076,59.729256,56.711662,35.453934,51.392242,37.077576,75.38701,104.507805,53.646923,76.37902,72.23846,58.481384,74.15108,43.503445,99.01582,43.067314,66.16266,70.217476,49.53846,63.45533,25.283766,17.704681,186.01364,84.23872,84.19764
82.91842,58.51523,50.051815,84.70993,54.699234,55.57656,66.061646,58.389103,77.85332,67.88324,75.68333,54.691376,69.679474,56.86433,40.419216,63.713364,51.546947,80.83131,94.93622,55.458786,78.19309,70.503044,50.742744,63.230995,55.73459,102.70205,46.944622,66.04649,62.318565,59.16381,58.47137,34.519287,27.531672,143.2004,103.206184,83.107285
82.80844,48.100956,42.5724,102.81182,100.74292,60.227726,67.54512,154.2485,68.14334,102.53765,79.84908,71.75283,67.45696,90.68618,51.891552,60.50421,69.69997,82.73362,88.00389,70.33079,89.55141,79.9972,42.66471,75.3306,79.25986,94.352486,20.61809,64.81273,92.96124,44.72115,56.159756,30.775166,26.15361,137.50537,93.37167,70.00285
100.10617,46.652756,58.757324,77.6669,105.42628,75.51375,81.424385,134.84393,73.044716,111.93665,86.115166,85.403725,82.47015,98.86968,74.809975,83.64431,64.535995,85.7754,77.01872,75.82275,72.86165,77.07479,19.09591,72.73889,99.36601,76.46938,30.00787,61.254932,102.167274,53.90258,63.6552,21.732422,29.007849,156.97879,91.47655,49.621944
87.95303,50.800125,70.52978,66.91149,95.990005,82.87223,85.4904,155.90063,82.304665,107.607994,93.21533,90.21851,80.33066,94.43349,90.417244,75.38722,83.23065,77.222,21.531822,81.269356,84.1474,68.2265,46.167233,69.34205,110.16142,59.50073,47.50941,37.42798,92.54721,69.840225,66.18721,20.270014,15.163771,161.66022,88.672386,31.31215
77.63731,54.490982,79.62699,59.331596,84.71671,78.906456,91.71671,136.24759,95.60748,91.80825,61.93562,68.75413,77.80513,92.36695,88.5753,118.03436,90.89395,75.97263,42.114265,80.887115,84.472626,57.387154,56.882587,72.150795,130.03029,61.501404,53.82777,-14.95994,84.46211,75.91433,57.340412,22.56196,27.101887,140.00893,88.82903,49.45053
70.49616,51.448517,77.482155,53.932602,73.0207,78.71071,83.38381,110.14418,73.07201,106.858215,55.47515,57.60074,64.817665,90.244774,87.344765,77.08258,105.59564,84.4154,49.690704,82.59132,72.303825,65.69885,42.94091,77.830086,104.36026,48.227604,10.679096,5.906025,72.122475,85.79491,57.597466,30.45454,24.519234,119.94347,34.126694,64.93716
64.58714,53.674587,43.95407,36.432674,92.62018,63.839596,78.0583,89.07184,62.974033,106.25991,32.42706,61.334267,58.77944,81.25934,81.87358,69.37677,85.242004,69.41772,30.439133,72.91964,57.713196,67.28587,47.610023,98.94195,88.23917,80.872314,49.568703,16.840946,60.89834,65.35401,47.985874,1.735405,25.309566,102.513664,37.68028,55.06611
68.25204,52.566105,40.54039,50.29073,82.05939,74.785866,78.13757,84.42495,68.74045,71.24902,42.748478,67.48373,64.8506,77.94809,75.29596,70.10423,111.7664,73.91794,14.958421,62.63673,20.701431,90.49121,49.298626,75.80738,76.31038,96.332504,33.5596,19.030994,85.58348,71.94719,44.27914,26.778992,19.817078,80.743675,63.23977,19.381588
71.80119,66.71197,45.154156,37.469215,82.65224,67.837975,99.16284,65.21877,54.13317,67.66029,37.019684,88.21909,60.738857,68.784325,75.72427,63.570717,71.619354,52.192905,49.12966,46.422676,43.509644,95.82653,83.71893,66.50689,68.68193,74.89376,26.96516,27.594524,66.73026,50.995903,46.50346,28.742962,52.173546,50.78882,53.974545,28.456457
70.371346,84.98653,38.549614,39.61541,111.46771,43.7673,95.5395,67.8419,48.28032,63.247623,45.379314,86.48242,53.07251,71.22949,82.84988,50.250904,83.102234,49.25839,50.823013,45.92345,61.915276,94.58411,86.41135,95.58871,63.012432,83.35285,49.4423,28.372263,62.22098,56.467064,57.519466,25.664911,41.761696,41.01083,57.310844,49.034805
59.59878,76.8888,34.284542,23.799809,112.919075,40.999153,65.32282,145.65836,76.38587,51.578674,49.888374,78.67167,59.536358,77.26953,65.902695,64.91286,108.393234,52.484856,70.39702,47.099453,72.822205,85.91377,67.38334,141.43268,63.883724,74.785095,31.579521,30.588509,51.30679,62.24552,12.5150795,20.441738,39.86167,27.160519,59.82361,65.756805
58.710796,61.432747,42.636833,36.37363,113.565,49.718826,76.65609,140.88292,56.881218,59.2933,54.619038,66.343994,51.78668,67.49858,71.73989,80.32901,109.49729,37.47297,80.13986,51.43524,77.01332,93.8578,65.683105,72.25959,66.30937,80.33508,42.628822,42.328087,29.04582,45.98891,20.709555,25.613665,42.214516,55.788944,59.568916,63.649826
76.87953,56.612656,49.547905,43.943695,111.953835,60.19552,77.154724,127.78251,56.556496,68.82626,47.07823,62.106243,49.212315,78.02243,43.38929,70.69827,83.641136,29.953648,102.65406,53.244656,88.91245,66.80163,50.232773,58.815464,74.99191,123.208405,33.8085,25.638178,26.960747,40.34913,21.854115,29.226015,57.25746,55.00379,42.716003,119.24829
84.45274,54.80503,45.11696,26.76397,102.88883,50.932487,93.4104,116.44141,52.387222,56.055794,56.032394,37.385048,50.559807,72.944695,49.72471,85.117455,73.40458,23.127312,81.16739,28.610126,68.563805,71.26096,96.1122,37.91928,50.022614,100.757835,26.161568,36.77102,27.813763,35.564075,31.665272,37.069687,47.305695,51.10975,72.5244,128.51456
77.71672,47.666496,36.33362,25.421051,96.04996,45.744957,84.80842,87.17151,51.26572,71.62139,41.75144,60.61713,47.408295,71.23479,42.097237,67.91153,71.82296,-3.971695,106.66653,42.87555,-11.737656,83.673615,93.354324,57.788204,49.081352,97.47284,12.344437,71.40089,52.241337,31.904995,29.36051,36.596416,32.16472,42.808052,55.330467,117.92486
100.280945,45.33922,28.338358,48.852264,84.82922,7.7620735,77.93513,67.94202,63.347122,57.03069,41.354317,73.35669,45.398968,77.19082,29.180029,45.243374,60.95227,4.6675577,87.71625,24.882233,35.912205,84.56931,58.73733,51.839966,46.562164,80.53361,40.19146,69.32666,45.90849,19.656834,32.115395,29.072458,28.440052,22.480179,41.44765,153.87933
78.64705,24.774654,44.567932,53.675735,95.76038,-15.813488,69.08818,67.42395,64.456314,51.066376,41.640007,49.205276,61.69277,49.642334,34.666092,35.638718,49.51922,13.462558,85.0157,38.360332,25.158901,80.70278,37.684273,19.988436,27.959366,67.07809,40.329403,71.40872,49.900295,29.93223,31.47623,6.0521107,21.520164,20.934856,48.425236,81.22827
99.849075,35.47684,24.683544,62.842724,77.544395,29.031773,39.47637,25.276691,58.72894,61.685757,64.30782,60.987057,53.343166,68.279495,46.34417,45.528156,58.166557,34.407787,96.037834,47.2441,86.57179,74.356926,36.784294,15.8764305,74.05002,69.5125,33.699,48.096004,44.183758,5.0201817,21.48776,13.137944,22.874855,21.130005,65.610985,17.676178
77.16973,49.22746,40.439613,40.95453,81.5556,43.21314,39.117355,-70.75983,59.014618,79.96737,67.569786,69.77029,50.084793,47.099728,43.583824,71.792564,35.674004,32.134888,125.87279,41.98655,82.064064,74.45351,30.515856,15.753857,57.70529,68.175,36.92888,28.706352,41.207123,19.003868,23.247307,31.030384,29.382378,24.53313,44.629974,31.381721
66.0569,39.43837,55.429283,55.473797,99.14393,50.738564,38.950726,48.59749,70.84303,56.91793,78.43864,49.396214,45.042553,52.82692,27.126495,63.37528,43.2043,2.3819275,101.66248,41.60755,101.03602,78.72245,42.61898,26.707298,50.0572,80.32479,45.84538,30.483734,30.47319,32.849564,28.320707,16.938347,32.852627,42.110542,43.415688,55.224346
84.18978,47.107037,58.461544,52.86964,91.55119,66.995865,46.414917,53.982643,70.38459,54.864517,68.69476,39.04882,56.90664,58.408344,23.53204,47.558186,39.77643,23.217098,85.95223,40.909256,79.79083,78.26579,19.50129,53.41308,44.480686,75.485405,43.430706,19.063578,23.784079,37.824677,34.374622,21.31358,25.862902,79.03951,47.957047,44.614376
72.199554,38.655167,43.361717,46.016434,82.91385,63.932896,54.523544,61.92658,56.594555,71.433266,60.98482,57.649826,54.31287,41.596333,33.307423,41.961143,42.108448,27.733791,75.482475,62.23044,75.89422,79.12909,35.48245,47.248604,42.44502,58.046562,38.60674,27.11162,30.698633,37.77275,36.865974,16.717892,22.78158,74.92557,48.03419,94.53853
68.78386,35.67166,29.212315,40.74833,125.44844,68.66057,61.006386,29.748634,66.39045,67.38553,73.439186,56.97829,53.269276,53.21392,35.128555,31.520056,65.82817,28.308687,59.270565,51.300785,74.759834,89.16849,20.60233,64.59037,46.670547,47.098633,32.540215,56.937294,34.718983,36.074986,35.909584,15.972637,23.202833,49.52879,48.87643,88.09672
67.143456,31.510546,45.771587,44.05609,111.44594,59.102272,88.652596,56.588497,89.50226,65.688774,44.706783,66.444244,58.555527,37.040443,51.855007,73.01727,63.773457,23.072119,60.182617,44.39736,77.833305,77.48917,47.815952,70.0961,32.484467,55.44722,28.043562,66.283676,7.200241,40.56156,28.219995,26.391684,15.192121,47.74199,51.894775,96.8202
60.50801,16.612303,36.30516,49.20012,95.12153,21.671585,76.33577,66.38629,63.42372,66.64942,37.642048,60.953403,61.76711,52.922935,52.16024,64.968796,59.887905,35.476353,41.43477,50.10411,88.63382,77.80275,51.9059,58.800236,36.2628,66.82489,22.429852,71.006775,30.707031,40.359924,29.844501,27.775555,22.868052,114.336105,49.682487,81.777435
64.32756,14.710222,18.315666,47.264336,88.10121,38.782524,72.04909,-9.147617,83.78381,65.18436,58.22682,28.335266,50.01521,48.533737,33.960075,54.139725,51.807415,19.985699,50.22021,41.36523,70.028915,77.39691,51.099064,51.98119,26.864546,72.91674,28.503342,66.57937,35.54179,35.650234,30.804836,30.060085,28.769884,100.16497,13.930939,111.59859
62.593655,12.206879,32.805603,35.431164,84.492615,24.956074,57.139206,27.612667,80.26245,59.034286,74.46841,55.165955,36.09355,37.51207,27.230038,56.23295,42.764847,6.8340216,86.639435,49.549744,61.864532,64.03024,76.04146,36.314053,42.53847,72.7889,34.590736,70.24417,2.3442497,40.868073,26.712933,13.653101,27.22952,79.21491,35.482155,109.44761
55.620693,-6.02079,47.641426,30.400665,83.52133,31.518847,46.544968,89.454575,73.49399,48.692017,56.18097,51.585976,42.23633,34.234074,40.674133,31.807817,25.52698,2.3279257,90.94072,33.747387,73.70926,59.953503,56.990776,38.663406,42.603703,69.420235,22.144665,77.48745,15.736313,51.484226,12.549486,32.3816,26.013216,51.811836,38.83575,133.33344
70.72291,22.067995,59.193787,45.46395,68.64875,64.527695,45.11889,46.189926,58.431873,14.642002,50.441917,48.795177,32.561714,37.894695,47.17699,59.013763,29.864159,33.44842,87.79892,34.704037,59.591286,62.41547,60.432667,46.044857,34.06576,67.4,4.654907,82.326164,47.068512,24.02631,9.699222,40.04938,29.258682,68.12755,37.069744,124.084496
112.985695,21.096794,60.489807,64.4874,78.65758,55.63095,58.402267,61.82651,75.75104,15.569301,54.859665,35.3488,41.83012,60.56439,35.48059,67.72172,25.156122,60.65208,86.12075,50.828407,44.561726,55.449127,74.65138,38.34448,38.04426,75.940865,42.621162,66.59736,32.900726,19.808624,1.2455487,25.279936,31.94606,53.18444,49.88382,110.37809
102.56418,22.836277,46.43913,67.69643,57.68611,51.420536,51.618847,60.299454,66.46618,29.854012,67.5818,51.207695,59.868668,58.048973,30.289074,82.26335,17.966618,46.973408,101.69226,46.342667,68.58592,59.53283,61.871475,49.540813,41.44939,63.563923,50.041714,77.062904,40.45537,17.918255,1.999136,22.239344,29.420385,98.11545,57.378803,122.166985
62.59497,39.21349,108.61185,84.15207,77.01121,31.910416,57.021935,9.578335,47.75631,40.095463,83.601456,45.274055,63.39383,51.550865,35.391388,83.23809,39.297245,57.232086,99.95978,53.827812,66.2663,70.052734,51.34556,35.57873,45.961452,58.901493,38.96511,49.91072,38.554306,17.45877,8.19846,19.395649,29.012438,92.04724,78.49065,156.35036
54.071674,29.242155,61.1223,46.135216,105.15028,25.72853,57.766056,38.341385,49.810886,45.52031,76.76506,60.612175,47.79151,47.43551,35.656574,77.002594,49.41077,55.698116,40.66947,51.88479,97.68497,51.611534,56.89137,29.216953,40.82481,46.57943,31.412775,61.64683,46.896698,-0.5801296,2.3791385,42.80867,25.874334,93.276596,78.403755,138.54727
56.015152,31.086227,46.24341,52.565155,78.15966,40.124,65.55907,8.17034,50.331646,60.679146,76.08249,51.47157,23.392359,21.211555,36.25166,71.831436,88.501175,58.59129,45.32555,50.037804,71.89091,48.042347,63.10819,30.489597,10.394241,92.545364,35.9577,48.92145,59.010452,15.443354,6.8710465,14.515366,13.157588,78.22966,74.82562,111.11208
41.892185,36.56643,37.49645,39.264748,78.503044,36.495163,52.528725,18.156265,46.057224,65.7727,68.07549,41.77595,34.207405,9.458929,33.518314,69.71171,81.94754,60.67955,34.158913,44.92441,59.038235,41.152695,55.611958,49.889267,18.038868,62.880165,29.991255,47.002834,55.83174,0.3891449,3.8292265,14.164181,35.495205,66.89989,75.549736,119.64869
34.46496,27.564253,40.32861,32.446594,75.562,45.74463,51.289288,28.722284,47.94401,94.45029,92.4133,43.49731,36.209324,11.766003,41.853912,50.371788,75.56056,83.89523,36.11541,47.37818,55.2011,37.31839,47.35209,53.37738,28.212534,47.340122,24.879755,55.68642,39.177853,11.167011,4.5565524,14.215354,20.96725,81.55976,65.17505,125.4963
69.7917,24.904686,35.119534,48.452293,76.27617,32.4681,50.01993,50.22606,65.739395,68.670654,82.98034,46.884796,35.44654,19.55236,36.002525,53.114902,95.53002,73.03652,55.978317,48.343704,54.62028,34.51808,46.598396,26.360182,33.9543,45.832294,16.930342,54.326694,16.23242,-1.0364761,7.2526135,10.924303,31.885382,88.4615,58.31489,113.18744
61.68547,24.00396,37.12989,38.794228,81.82741,23.978334,54.081245,44.669373,42.778004,56.2967,71.24213,48.234608,37.56067,33.754757,51.17454,55.662445,128.74315,64.54922,64.66022,46.26831,44.743443,38.24644,47.360184,17.097317,30.999794,36.82137,20.273928,47.710648,10.7977,8.122169,11.095884,24.056477,35.455883,117.861404,106.109375,130.40381
46.031128,2.1093063,29.697432,37.337677,48.813843,21.70604,45.61794,37.590324,30.862621,42.36754,89.41794,44.56958,30.95338,38.518814,49.87421,64.66379,86.13267,63.74116,96.84426,41.98308,53.87548,44.062714,50.726,54.77534,27.975569,49.762703,21.589636,59.027966,17.47584,15.489025,16.692892,25.751722,25.89735,125.06707,50.406624,162.32443
46.243256,7.771477,30.126675,62.755524,48.57169,22.41875,24.175396,23.566969,29.200132,44.586956,84.221375,37.114704,19.821339,48.645233,27.070904,19.069117,101.702065,64.93865,93.54405,39.505516,45.729774,32.1596,57.09037,46.363216,31.135406,28.347862,17.320547,48.624123,36.599445,14.244731,15.767052,16.871546,42.985546,111.99721,59.092373,166.99345
37.618576,-11.619484,35.135937,51.16794,17.142166,20.715593,3.3914318,30.810549,20.28112,37.737366,67.47809,33.816677,25.46953,48.961033,-4.7006283,19.383833,102.815346,65.08214,91.58043,29.663158,46.06292,37.61895,18.09294,56.791634,44.215378,34.309746,-2.623518,48.2671,33.039425,23.551746,11.296564,18.12296,49.194412,151.50485,62.2176,145.28102
72.55833,6.569165,35.80174,37.285366,54.712025,23.69677,18.333372,37.871376,23.843267,42.7554,67.98955,30.696142,21.011208,46.67206,19.061512,21.358355,80.591064,60.568512,28.148636,31.83086,31.082756,30.597403,24.297821,37.009792,24.513752,42.400085,34.98212,40.982227,60.73378,23.588911,11.295896,47.50186,50.72117,124.73125,43.42337,158.95624
55.008667,12.863714,29.99415,36.13609,53.81066,14.081822,22.95938,-22.50446,24.997822,53.818413,59.412216,21.443033,-5.1891403,58.142498,20.544977,21.520735,75.424164,44.959076,31.020756,10.380726,23.109184,40.569164,42.173946,23.896008,24.99823,7.8380604,27.5306,112.57703,50.291973,12.448699,13.22089,19.446953,55.865826,107.15942,56.627995,142.14554
52.612427,13.134428,16.050087,34.97002,36.28724,22.746405,27.724627,46.649666,25.837605,54.305626,54.981262,37.595486,5.228735,45.54499,21.207457,49.373882,56.068092,50.638897,64.23749,17.455168,35.94004,30.500551,13.845184,7.400671,22.52325,16.618498,7.523571,90.563965,31.825739,35.90769,21.701775,17.038486,51.05336,92.89559,2.7853775,138.59326
67.24739,14.025379,74.06384,29.422356,21.54342,23.533772,9.498848,55.345264,26.419847,46.982693,68.497116,14.79978,10.036383,58.061672,29.952898,57.276375,36.107124,47.762024,66.84914,15.797173,39.931053,38.09532,52.562237,58.52789,23.45854,37.3714,17.079967,75.013,22.809513,42.813183,11.745853,36.99658,51.155045,95.93252,22.966637,150.69931
37.31682,16.879555,39.39702,19.655764,2.1584377,26.684528,29.264637,75.05365,28.463303,65.075005,78.442055,18.514568,15.106255,55.291172,34.126236,84.78885,43.936684,49.518345,69.61064,30.67158,42.460026,44.189507,30.944836,44.692383,60.278877,28.437256,18.86435,66.32101,27.481308,36.238495,11.704217,32.061943,49.632374,64.02366,51.328686,133.14847
30.26329,15.094031,38.218483,35.98976,15.274172,38.22797,28.736805,69.031044,3.622343,64.70375,60.58393,32.538055,14.345106,70.36113,31.124977,59.169285,42.78941,48.787537,64.39437,27.712807,41.32173,34.806934,30.316027,37.796375,49.92646,88.131714,-1.0469913,60.918644,13.121553,45.47128,8.198982,37.557453,62.08932,95.09152,45.35505,140.80124
44.733315,25.273142,47.40499,62.50109,40.739006,30.022692,31.60853,45.447388,8.7056675,49.014217,55.338,33.309814,21.876408,78.06397,31.745937,20.27147,17.34631,35.308952,55.384933,25.64424,27.661903,33.876133,41.397476,35.737175,44.602432,94.56886,19.15944,30.706547,-3.3374224,59.008465,10.093345,19.640032,45.337845,74.081604,33.906742,122.8456
34.959515,24.946507,22.68607,56.34163,62.74009,39.424305,25.652431,47.732754,10.740083,48.2665,52.454285,41.865337,43.611053,71.19533,37.985714,28.526394,24.336428,14.581921,30.83239,23.403515,47.966545,-5.5265064,20.655918,50.821156,47.596016,81.89239,42.522095,41.198208,9.4326935,43.54966,15.481228,26.902346,52.41993,89.122536,48.3217,115.311
39.829037,17.862528,46.377377,62.505135,87.12389,30.710823,28.9293,32.065365,12.745566,41.920006,39.93719,36.836544,34.746376,64.05699,42.15766,26.9305,1.2219429,-4.773201,21.819456,34.393818,39.71589,17.256575,-17.402,41.813065,51.768818,75.02385,37.39477,46.135002,11.780357,24.697989,18.8778,23.32156,60.777695,65.873924,60.255825,135.60739
41.80014,16.814547,43.704456,77.88876,78.29971,40.397068,39.75455,23.268524,26.623365,48.193855,3.941082,47.61952,40.77637,57.763527,28.857828,44.81627,14.14048,41.645077,73.5869,24.242676,48.146973,18.757442,13.923272,28.668312,48.93478,77.86794,30.685482,63.059082,11.222369,9.016431,5.650264,4.8670616,69.86814,29.06023,47.750374,126.36435
17.713074,23.569487,45.928955,105.119,84.901596,34.02424,33.42666,-14.658375,44.375916,32.27617,26.360357,39.67535,28.511866,49.43349,43.8071,46.778465,41.210724,32.10638,59.41266,35.126293,72.92067,32.83003,38.459972,12.7944975,49.103073,68.48246,21.002108,38.332382,11.756577,10.880681,2.8477058,21.357529,62.569603,42.46753,39.65954,117.63691
17.411852,26.967758,45.25075,86.1593,87.819565,26.840256,39.44389,13.896551,66.967834,41.11133,31.442156,48.622524,27.26283,40.48105,39.45892,68.48169,58.666916,10.190002,68.75451,48.718105,58.990494,40.764637,33.689606,42.981728,38.107613,82.48808,19.484545,17.68405,-23.085405,0.6506796,11.303241,0.57696533,51.536697,46.02843,48.56929,84.295815
62.85135,27.123154,51.92173,62.37438,73.172516,46.59541,36.40761,3.3410988,52.262264,61.602795,47.60115,31.067545,28.458055,31.521511,1.7288246,69.08445,73.91147,-69.734604,58.89386,39.174488,62.99181,-115.094734,40.565205,28.985884,54.026,56.34219,12.373686,40.043327,5.6751986,11.842324,10.019334,13.522415,43.45738,48.00175,47.845005,82.45136
91.358696,17.805716,36.22495,12.650448,84.87591,37.069958,48.082996,25.591423,44.218216,60.720406,49.986767,27.164476,28.382626,23.48008,17.320675,79.84169,59.299786,9.058174,42.54777,37.124413,59.30764,24.94946,47.127407,23.186436,34.90354,50.6383,17.17412,54.22463,15.18767,10.189781,21.677757,16.094784,34.233208,74.19808,46.525642,96.15707
58.682793,23.120028,32.24479,26.057417,77.539116,44.66571,39.25225,28.825829,60.48708,59.755695,52.98906,20.670513,17.050274,33.896984,22.811113,50.144146,121.18353,19.694672,54.461796,27.070038,34.999622,25.579668,15.982979,12.547779,22.894922,59.991364,18.47023,43.101074,43.346207,-1.3620872,16.403202,18.360764,60.121014,26.792944,44.219734,84.354195
52.03674,44.103653,46.87816,19.111229,50.374313,31.697979,34.904102,51.827484,57.213455,56.22756,47.865135,36.747044,23.16451,30.80352,22.52261,58.32048,70.246796,3.3042593,79.748856,7.5569553,31.966269,24.539148,32.940144,7.333996,6.9196033,51.53634,38.206635,40.792862,37.49063,11.18989,26.997543,6.2471905,61.75826,68.55931,53.45713,102.84293
46.87512,38.192047,41.296577,20.02843,15.344017,28.249687,47.49499,62.52866,43.64887,40.2511,21.710875,40.235287,28.46376,36.53682,38.135952,57.019028,63.550694,12.0414095,68.95803,21.585688,34.872868,66.91342,16.55303,12.387957,21.392918,41.312183,22.43524,32.52774,35.37087,21.060274,14.9591465,6.643479,60.24437,42.984512,66.99163,97.66073
15.76091,36.365234,54.683987,31.547132,41.02567,35.67792,50.516895,45.839928,40.1771,41.787483,54.77674,47.00719,38.077805,56.701454,42.346848,39.736324,60.461407,21.514854,85.74353,31.685137,36.583076,75.41849,25.175236,22.229923,16.018566,43.790443,19.721186,24.503273,30.160757,16.450489,4.4072614,8.928696,60.47471,98.05339,60.62109,82.4715
19.484383,41.522278,37.219425,31.60283,53.61188,7.5555,47.11474,56.80487,46.573345,40.28138,42.811142,39.485462,33.594193,59.768707,32.637283,31.460714,65.312546,25.472435,82.17116,3.7069092,83.543495,54.490593,35.172882,38.251766,6.491969,10.434626,23.812712,24.069426,22.91525,18.26582,9.241371,-3.2913003,60.96589,110.70517,83.12674,77.8954
30.963243,38.469757,33.217426,36.833496,58.881187,34.301567,38.43279,88.41881,42.60465,70.1293,34.978058,44.880375,34.82456,61.82475,50.051373,27.70466,65.37751,40.285328,120.96336,40.578655,55.551888,58.814217,38.713867,32.40357,30.790447,31.355392,10.379438,14.162592,21.765762,17.110563,4.8460646,-5.1640186,60.93949,92.843575,86.143456,67.9744
40.542847,21.462557,43.323338,34.401783,52.39841,37.969772,38.728462,75.28856,44.043266,81.43408,50.403603,48.58981,19.43053,67.01203,36.406746,35.59566,63.04422,34.00633,135.74594,41.95381,55.35701,59.19935,37.37372,18.693586,16.796501,28.840523,5.6994553,14.560049,25.751896,16.300423,14.288667,12.429497,59.954624,72.93782,82.49345,42.02302
41.302914,6.736658,33.140453,33.07837,86.51048,33.81496,32.776836,61.105965,42.37923,68.92698,63.321896,48.027435,37.084297,92.057106,35.857124,53.32442,60.212166,42.14247,84.23454,35.030144,42.50634,48.659386,22.579048,11.955873,18.241024,32.19033,-13.568142,8.093603,30.098875,20.86633,30.202057,-26.784601,53.32055,43.26342,95.30272,55.06388
35.86779,-2.3387556,33.77062,24.72421,60.12264,33.638683,23.682346,55.95146,38.97435,42.307076,61.002792,48.645954,19.183788,93.19014,35.571728,50.544586,52.197426,45.692623,82.831215,22.31312,46.75178,44.66227,-0.25724602,21.236872,8.498396,41.575943,9.461151,4.164815,23.814274,15.337215,29.863663,1.1240826,58.66539,35.70306,93.144585,53.648552
42.05326,-1.8227797,31.795467,14.415661,74.42715,26.263617,15.603285,47.35329,32.448624,38.483334,54.900993,30.047745,15.143986,114.39415,26.123266,46.471928,37.00556,49.176388,60.11962,30.43252,64.32309,50.613594,10.906853,14.476002,16.815144,31.127102,17.268064,-20.860233,22.9959,10.407235,21.596214,-15.456411,59.31303,32.793003,67.377884,82.31407
50.04276,12.835256,24.926516,26.48253,47.780678,23.770792,17.839699,45.404625,29.426426,39.08913,42.14515,33.628628,28.13439,99.20444,30.739338,56.891087,15.3251,45.58079,8.475143,39.234097,47.970917,-7.1564884,-4.182355,10.528558,19.345978,23.041763,7.9880323,0.45272636,25.564653,27.971361,20.374292,-1.971488,57.552628,56.03741,49.111183,91.042404
82.207184,22.67583,19.674284,30.621796,38.656837,20.807962,31.546907,41.494072,28.992262,37.51727,47.25797,23.22429,10.821868,94.9797,22.02483,39.440083,15.368632,33.10138,3.4694881,29.368551,50.612408,9.837406,20.31301,47.200356,23.05739,-30.976847,7.3536134,8.809403,32.367565,29.195757,17.469435,-3.72436,64.53882,36.818054,62.601505,75.95095
63.73737,16.062061,37.535255,24.417389,42.1691,9.88886,16.765009,22.937786,22.347227,36.40751,23.422863,4.7392178,17.489832,89.93065,17.857018,8.158936,14.33923,32.57975,26.509266,-11.140043,38.088173,8.700863,29.351679,39.217285,29.177956,24.959658,-17.542946,-2.8435717,46.526554,27.558876,22.491533,3.896995,67.86838,28.784338,114.46289,54.528263
58.096386,35.971684,21.407043,27.591064,51.92785,30.008474,6.024641,22.402006,28.89441,35.681118,26.728113,22.008686,21.077925,72.66721,2.2212286,27.421846,15.524429,34.900696,56.59616,14.326856,30.956373,17.496738,21.830725,47.46856,55.713276,25.68232,-12.903535,17.482304,41.841408,17.633848,16.005424,11.654627,56.06777,20.238182,111.5204,34.669075
53.5368,43.546764,58.87624,18.709692,52.009,23.44334,0.59195614,25.77503,24.62051,15.26101,27.841375,35.109753,26.206694,37.419304,24.378017,51.74912,34.451828,21.757092,44.900055,16.75902,23.556938,10.35063,18.818016,62.377068,48.6121,85.482834,20.030972,28.972166,19.384195,11.210691,20.529396,-0.1502347,56.97834,0.7087631,91.01221,19.399847
94.6017,41.645973,61.813725,35.079952,66.68874,22.879936,22.734241,58.725338,5.4117928,12.434065,20.947006,29.401108,31.57656,41.503338,19.333061,45.41598,38.39502,20.633743,106.766235,10.429821,28.26203,25.57643,5.4670753,35.202477,52.491146,88.08492,23.040455,51.72683,25.190308,50.863323,15.671131,14.350927,51.850304,11.629934,91.262215,21.601444
86.94375,45.140793,54.12039,40.115345,91.48693,47.759243,27.23652,88.34687,10.189294,24.877865,-1.8292809,22.442316,43.47111,79.679504,46.82644,68.35397,38.528793,51.49098,103.62457,18.621103,90.645004,31.455276,38.693546,50.41932,73.373085,91.64403,31.172188,41.186535,27.445284,48.560486,21.705719,23.394062,60.96797,-72.18098,90.37443,57.280006
86.66483,61.122303,57.53918,27.76725,121.448654,65.092575,50.505985,112.76927,47.168663,50.709515,30.432756,38.991093,49.420803,97.58845,42.676643,63.804623,38.2835,61.277157,121.103905,36.20088,80.24209,53.32985,48.05372,38.80499,83.92384,89.70724,17.501352,25.5755,13.433711,38.37664,33.964844,17.307167,59.095448,33.776134,84.08893,74.9469
77.54268,65.16553,36.725098,22.141088,90.82483,66.34158,69.498535,98.79359,62.192917,40.707436,54.82914,71.6738,49.065582,72.03045,58.9261,61.284306,27.35571,55.46668,92.54084,54.076706,58.42528,79.31134,72.62004,41.056137,69.27954,90.57555,19.914633,24.42012,44.7222,25.253475,39.55451,1.1473522,53.054394,37.422832,62.12766,68.86244
85.519806,65.43407,69.21864,33.24136,88.91216,61.89774,100.34954,91.296646,56.048637,48.54114,71.56008,93.07686,45.131268,100.05585,74.56699,61.68156,-73.58731,62.246677,88.79735,55.235214,43.389114,93.683105,70.53987,26.668892,55.702114,105.81286,36.228806,24.99159,43.576817,16.582201,43.81539,8.19789,50.066185,37.10997,41.29952,70.02956
80.64268,41.41845,58.463474,47.41622,147.74045,68.99299,110.36023,85.34773,57.717632,48.363594,73.59497,82.863976,48.766376,94.41729,85.81702,66.24692,35.529316,61.229454,102.03791,51.323055,58.24951,74.65844,78.16332,37.378635,41.96167,86.07307,59.7213,28.928265,43.575123,43.56244,44.975574,7.1471834,31.968555,60.706856,35.608166,96.87294
115.43609,48.243748,83.58961,62.75613,133.96909,68.351,84.50401,89.268234,63.14717,23.147,63.514458,74.77916,43.94946,118.88015,89.97549,83.87988,47.89782,75.154106,87.42248,46.669952,53.979683,79.2277,36.97644,29.252691,41.774845,81.01076,34.12556,23.353886,33.111294,55.162327,45.908676,-5.0768967,30.170504,29.355188,40.687813,79.750656
101.23497,57.67987,70.50677,81.21225,119.48347,65.3116,79.17097,99.15016,68.39189,21.931286,90.3599,82.62193,45.83433,113.3385,77.32878,96.86011,82.578636,17.154297,104.61954,52.355125,69.5853,96.27161,47.777985,41.8918,36.939022,15.367455,50.255947,103.1741,32.729626,60.679043,40.98822,18.681362,22.179281,63.47379,44.543205,65.65024
99.05885,78.93372,67.58034,87.98502,111.63426,55.482166,103.48698,101.55709,72.303505,12.158911,100.316246,73.62106,68.19938,143.52989,64.20066,26.370773,63.92512,28.53836,108.419235,48.170265,66.78764,97.711945,30.161041,45.09336,91.22717,24.271822,46.566216,123.16937,36.674717,41.266388,41.11869,40.095707,22.061665,74.24535,43.079247,68.32085
100.50034,70.54221,63.819077,110.82652,95.92611,63.72524,99.20472,107.05101,94.13386,53.741367,83.51898,72.3336,62.838028,143.94107,68.55393,94.43918,38.47762,38.00175,116.70206,52.643856,85.993,90.5198,54.515087,47.380207,81.32008,54.6193,49.694687,185.34488,33.809883,36.416004,40.839233,49.804657,31.110598,60.70369,73.542816,66.973305
83.33989,69.085625,54.460922,120.24342,90.44151,52.482224,99.70623,102.296394,88.68468,38.94472,82.247604,41.59639,78.97605,132.71028,75.30961,99.05337,52.454437,68.37953,171.49014,54.999916,101.998924,75.38193,110.11487,49.625603,88.40821,54.617706,74.14223,162.00185,62.01952,41.267727,40.177147,75.5234,45.828964,57.788574,67.43635,74.52865
78.23986,68.59945,68.811844,97.04252,85.224045,59.497692,101.30521,120.46715,93.95733,73.75529,94.87132,68.16029,67.369774,130.18823,55.683586,103.23178,54.76198,84.29172,159.87094,-11.582588,81.31656,45.12203,101.672676,77.920525,69.878876,54.53156,78.46447,143.77042,82.695984,36.338554,33.44425,92.50315,45.51043,69.677986,58.117264,78.636536
74.37367,64.82969,88.605064,107.6242,87.308876,96.12262,87.89898,135.90799,70.72864,83.453575,96.73109,41.321144,57.232227,142.66501,64.10281,98.973564,48.352066,95.64452,208.99265,48.120308,104.509575,77.74168,69.46713,56.32522,85.91505,46.43508,77.427055,107.644035,80.88155,29.038101,37.73213,93.819695,44.734028,69.03817,50.52565,117.44503
73.072784,50.221745,95.2136,94.87777,118.90738,86.58594,99.49376,133.94531,69.32467,95.17082,90.91157,27.408836,65.71089,157.84511,61.762436,109.39677,98.01629,95.706024,212.57968,30.283588,150.70627,73.00582,31.702599,61.032536,86.27786,62.318626,70.75672,76.97381,61.877903,31.101591,34.52362,91.983925,46.53179,54.211716,56.488766,144.09369
84.69094,39.441948,66.63454,72.92859,122.90964,87.83042,81.92355,141.38515,63.99835,93.75869,91.85286,57.12562,64.01011,174.67506,63.994614,90.02396,113.04296,122.397446,222.68756,51.441113,137.57309,79.92857,36.766624,42.550774,87.39248,57.03264,57.466026,73.62264,56.274303,37.152824,29.677263,78.64667,42.187813,74.619545,79.987625,151.01117
48.06399,41.726578,62.311447,54.973324,107.97459,66.14868,84.712875,114.18881,92.335106,105.17565,98.97251,68.120926,53.8025,181.41855,74.81134,118.930916,121.49869,119.38798,223.60678,70.44409,136.36821,95.03587,31.402952,33.57182,78.08574,101.65683,36.608303,72.105545,39.991577,12.788708,23.025845,66.34007,38.286434,98.80174,87.63086,158.61874
87.3797,23.804829,57.639473,49.608532,101.872536,56.425827,58.182762,122.536575,76.63103,104.93403,106.48408,61.874023,51.114914,140.2204,81.52376,94.19258,132.82379,121.40376,179.64159,79.97917,116.78865,86.9655,50.781796,8.665672,59.561066,78.12084,37.171837,65.29808,36.030037,6.7636814,24.025059,45.03495,47.05833,167.95175,87.00928,154.03091
52.125732,13.19613,46.195988,51.122486,156.83365,47.21721,55.63197,97.1297,72.0062,119.78937,100.677574,71.28167,34.68049,137.25415,70.36893,103.31639,132.75049,104.2208,156.65182,78.8152,86.48015,75.11511,45.465824,24.94923,44.109486,72.216194,60.50505,71.78788,66.83254,33.50329,16.152721,24.7402,46.409397,160.45074,92.86714,142.1544
49.62436,30.379221,16.490032,37.074856,119.03889,39.888077,49.32233,91.05245,57.591385,84.596176,97.76026,50.78995,37.785217,119.70989,49.32588,77.06568,101.56743,75.81234,172.193,65.51307,87.362595,78.77537,51.19513,14.147732,45.396004,70.59794,55.37774,26.985443,65.088165,21.486279,16.566113,25.9156,51.370113,135.278,104.68846,130.46265
40.04658,37.851048,21.899685,31.91536,109.524605,50.079315,41.185734,62.95003,60.524067,83.444954,80.41696,66.744,35.691643,121.28648,44.287434,58.264137,63.01992,73.78171,121.653244,48.34717,54.740295,65.200165,44.98131,36.7434,23.232586,104.92671,50.289043,16.188446,50.454144,38.555862,15.709161,17.128942,35.414356,154.82092,96.59504,147.0208
40.21968,27.66685,21.701105,33.722904,105.69929,53.239086,36.213097,73.8294,69.16528,71.2786,62.687775,58.59915,48.86293,125.37667,24.198788,54.26319,80.29087,69.131065,104.927536,42.3018,56.574047,59.757183,37.831482,31.580097,31.957859,103.389755,48.113945,4.915949,54.441563,45.64321,14.6924095,24.629694,23.357162,155.3157,96.04985,134.11258
40.186993,36.953987,39.008823,29.983675,103.1168,57.696877,34.40813,56.312847,54.100384,48.19248,46.079994,62.176537,34.595867,114.05037,28.614109,75.00485,60.172195,54.179813,144.04053,45.036304,72.94516,52.28332,15.46958,19.644056,29.84922,132.1609,38.934174,17.904236,45.681778,50.070045,16.864141,31.176914,62.82582,155.25266,88.63517,115.04122
39.696243,32.616913,53.545746,32.498405,115.81414,55.2706,44.294277,65.82514,57.831474,60.752087,42.57412,57.066177,35.854687,76.97005,49.251003,65.51977,66.9853,41.21113,102.15808,41.174442,63.889664,50.70668,50.107952,35.243237,29.196232,110.81592,47.066025,50.995255,46.256203,63.99236,12.917795,23.193333,61.168236,147.95941,94.9031,110.20981
60.916172,37.259457,46.175434,54.18998,105.65366,54.13696,44.485806,52.607105,56.543232,48.98192,52.36525,59.45018,38.754837,75.834785,43.866016,47.102333,55.219284,65.03171,99.57082,41.375957,40.489937,59.714905,77.93806,47.76405,26.807117,92.41359,52.877296,49.113678,5.5080605,52.171986,9.678457,25.498703,58.780502,174.0831,92.07928,102.11075
54.553463,33.74218,22.50688,48.174686,113.7965,52.856617,41.7478,52.61932,54.07327,50.04853,71.233536,58.292236,7.655239,80.906334,19.49732,58.15017,110.71086,58.296513,84.21891,44.583736,37.272808,59.819534,61.302784,69.03399,29.711021,87.515854,34.511055,44.27899,26.359587,32.17662,14.240271,39.015972,56.09712,145.66432,83.654,126.93352
71.52127,29.382952,32.684086,45.589737,102.590454,46.90366,37.88243,39.621704,38.514565,49.80864,68.071724,33.9507,29.11852,54.43625,25.785576,86.69267,57.615982,39.96027,103.301125,29.506748,-14.4448395,58.13276,59.545784,64.41843,36.047295,63.56508,25.511633,-4.162895,47.88616,30.407495,14.677494,15.450016,63.265163,118.972496,81.69736,111.99723
59.822,26.270725,26.008503,43.30725,99.48512,41.94062,31.737835,15.782746,15.948141,51.440163,54.504677,39.681248,27.971888,51.28431,19.524803,54.77744,59.51562,53.653095,106.77569,41.073692,14.316078,62.29023,53.766834,67.44766,24.221777,16.722744,13.798912,-5.1884174,52.876476,20.957462,11.270771,5.3550367,62.651424,129.42224,94.74561,111.63449
54.96726,26.164911,7.5846906,45.17773,100.16867,35.349598,43.996292,40.93109,19.338022,45.85716,35.083588,44.660267,31.000288,28.085842,22.700052,31.96398,65.64967,70.954956,75.07951,29.06439,14.978827,41.11345,41.056183,34.387684,42.619873,35.927586,19.757633,12.189432,32.513252,26.34824,8.625328,-9.813942,45.85804,109.942604,89.36258,104.23061
48.21022,15.878507,8.584133,43.766884,104.37951,27.065853,26.942682,31.329487,39.499695,42.10364,34.28953,42.148144,15.724783,50.776398,24.011862,21.885891,62.769085,74.958244,20.20353,29.69814,3.9565794,21.228062,18.706163,10.647376,36.113056,34.0167,1.7166252,35.27349,45.13482,28.019985,11.573738,17.385674,47.659756,85.23329,95.927925,87.90131
43.887333,14.885427,11.44098,37.674534,69.864494,22.369696,24.564835,24.47746,45.64977,43.684452,38.66722,39.95324,8.759983,64.66577,20.863323,23.696106,46.099186,64.15796,19.330242,33.28213,2.3375072,20.252651,25.271467,34.602364,34.847153,86.25445,8.798542,30.054615,14.703463,38.734863,20.5924,18.90064,44.198536,104.87607,89.44748,108.91635
45.29844,6.745672,11.423612,49.936646,34.89153,18.516497,-11.011051,15.553083,38.5399,41.494995,69.86191,27.353613,51.03293,52.17659,14.927491,18.028969,8.524345,47.08249,36.1399,20.343262,40.678078,21.746948,-15.722437,14.455487,68.82857,80.239586,9.32176,29.890152,21.907846,28.912743,24.996735,18.531027,41.813427,83.14848,88.0307,118.00671
36.0491,-3.0327158,31.829739,37.119804,33.980804,27.100708,21.447786,28.221094,51.70208,41.252197,54.24687,37.6507,24.364874,39.843346,23.642458,10.75037,12.677293,43.459476,31.841509,32.230877,40.931137,-16.031046,-8.204456,24.644306,48.452538,81.947,4.8805804,21.89474,19.09359,17.595787,28.92722,31.679625,29.744757,64.95267,98.1243,108.2018
37.25137,13.623907,22.373388,60.559555,72.64418,18.135504,27.959904,41.035133,30.978199,27.01894,67.15866,43.37803,14.746027,49.914658,21.802654,18.613935,14.427511,42.209045,22.373734,47.493378,33.710262,-34.913715,18.633245,25.6598,53.761784,51.706253,10.97701,52.274494,30.306877,13.916567,33.58192,12.969075,23.651588,122.612045,79.498085,95.58834
5.8271236,15.116212,31.033195,53.372005,65.421234,19.961397,27.256334,32.476784,24.521158,15.732267,67.45105,32.38099,12.376115,48.308956,28.925547,13.221648,47.218983,27.929312,28.12782,28.93065,24.364769,19.63789,22.11058,31.765182,47.104507,61.654575,12.695059,55.21649,41.590565,23.478638,31.82636,14.962743,16.64946,93.41556,62.594955,85.574425
11.760322,19.043888,25.95122,37.767056,64.414314,-6.9871025,-6.913643,27.526688,30.329206,19.561632,104.29172,22.444658,23.57889,57.622654,27.769875,21.976723,43.2916,-18.873718,43.105206,6.7841873,46.964027,27.665758,-6.587536,37.118153,33.795135,51.03434,15.85092,32.11517,27.447815,2.2976627,34.61834,10.562395,-0.062340736,107.95628,49.91516,75.24489
14.141604,25.251762,55.597237,39.380188,61.698822,30.112741,28.33828,41.809128,33.859085,29.502203,89.9846,24.874647,24.685907,41.175705,34.155235,23.79376,35.614326,14.352667,30.913467,33.422173,47.60007,37.469185,1.4903793,24.311586,21.65313,38.37275,-0.65981483,19.723131,21.950306,5.4170837,36.877327,37.155464,10.799302,67.38702,76.53424,63.670235
70.526,29.951118,38.85936,41.98482,50.845436,27.52383,48.51052,28.039066,35.61535,61.486458,111.59846,33.20013,14.568355,52.481388,32.43369,35.68955,73.06275,11.325739,64.28779,26.844988,47.923275,49.517822,38.985695,32.754234,21.050682,32.72045,17.315186,19.301805,21.583557,10.799807,30.431818,31.353535,-3.6525779,71.672745,71.44739,82.657776
47.99301,30.300179,39.45743,53.29252,76.638885,35.051983,37.588097,30.186035,20.47372,55.1714,90.196304,39.011284,-30.282919,67.15789,44.657272,20.563217,61.655243,9.747194,58.67959,12.791891,57.374115,48.95637,40.753548,39.51359,11.139725,25.102495,-3.5088787,5.6225595,-13.129862,13.173565,35.1963,22.757826,10.544521,47.956093,56.29894,93.36256
51.511013,20.739973,31.64386,39.53721,51.5287,9.010374,33.842033,22.170174,23.374119,48.417625,71.34705,43.68298,2.7791014,30.433643,26.05815,0.48601055,53.65702,10.348407,28.653658,15.550139,19.522831,32.44335,14.888562,23.84468,13.294368,38.587204,14.1059265,-0.89127445,14.643482,12.280578,31.469173,5.2020435,27.153843,110.92313,47.985996,82.61827
47.798843,22.339973,49.33214,22.12751,72.95626,28.37661,21.2451,26.501968,7.81783,45.471535,35.820263,35.12574,-1.6117544,26.215109,23.498144,13.641785,50.685337,9.558363,-14.999924,16.39657,25.792398,26.85396,-9.798386,16.350393,13.961357,25.836544,22.476566,24.639362,61.01758,-2.7286758,31.384748,15.162556,15.565803,60.886593,26.26646,58.182384
51.385742,13.21379,45.15238,15.343328,57.009205,19.1193,20.34615,28.399128,24.966206,47.46627,42.953712,25.523037,6.895322,48.95562,36.23075,19.363626,49.215668,21.384037,-4.8707433,12.211362,26.6394,31.338537,0.5492687,27.285444,41.083332,24.834343,25.629356,63.198204,56.46447,20.957745,36.279625,9.895414,19.977835,83.20543,33.872314,61.473415
49.496418,15.899682,29.883747,26.638908,46.748062,21.240017,28.68609,-13.430401,19.803402,52.221184,19.055998,14.666214,12.572612,58.186058,31.83954,4.480562,41.268433,37.503666,31.972515,22.180773,30.899513,25.092962,-8.077604,36.171616,34.147835,27.858437,22.377934,52.427956,82.19418,49.0438,35.331707,10.650974,32.061855,67.311295,33.18199,63.376427
37.466763,25.226826,35.728096,21.203953,37.077,23.700846,39.08668,-1.8087769,61.756214,48.200966,32.14497,26.434183,19.207134,80.536995,35.823402,27.222168,35.12574,37.10385,21.94939,20.431633,41.48987,19.52862,39.293667,29.379223,6.567938,27.081661,7.750637,41.278564,54.871376,44.158283,35.02044,14.630869,36.888622,54.555706,40.24042,53.149895
69.031364,29.565437,31.031292,32.113388,25.441847,17.608593,33.983562,4.1604214,38.377937,52.145535,49.643517,25.661722,21.903736,53.663193,32.289284,51.048466,36.73124,34.903023,13.596184,38.233944,34.00741,20.650967,24.364075,43.10976,0.6871319,32.208115,19.201883,5.5840645,45.902573,40.73197,30.329262,38.038963,45.111885,67.67975,26.542543,38.116608
61.712387,35.961857,26.49554,29.450253,40.13269,19.473978,77.76406,35.721867,39.828384,57.297523,51.61306,31.470734,25.371855,35.283127,29.861008,23.658157,32.507397,27.733906,41.394886,40.629276,45.329025,13.7362175,24.066612,31.102915,25.386162,13.575471,22.141867,7.6528316,32.6708,33.516903,44.8019,20.623476,37.204166,63.34044,16.726727,131.0481
53.14422,59.46835,26.600645,18.644321,39.64524,-0.40028954,32.229652,27.261608,32.039745,59.364403,64.64417,19.679237,18.139675,34.921696,20.853327,-0.47274017,26.167585,33.73402,82.79395,35.72042,54.978054,9.628838,-9.255604,64.897316,33.296833,29.820179,24.322239,-6.8408775,58.113785,52.933575,40.97897,30.99139,25.346771,62.733177,47.811913,101.63907
51.171547,30.876911,19.653797,0.24195862,46.27909,27.795254,-9.779926,24.756222,30.839937,45.97728,59.46522,26.045723,16.44579,22.979275,13.142462,-23.696022,32.988182,42.97191,72.00699,30.51564,51.560802,30.631693,-4.3111897,54.264877,36.15508,33.737537,18.799568,27.92829,53.566086,23.10658,44.88822,25.463673,35.47023,57.282265,28.321915,85.1492
37.232685,15.478692,26.549417,9.449799,78.44284,12.792975,26.370544,15.052862,66.737564,37.651627,29.498997,30.839882,29.910076,19.569965,30.211731,36.830254,25.28296,33.01097,67.763916,27.764782,-23.884418,27.710323,25.242617,46.513622,44.28583,13.957693,14.926278,63.109756,81.62657,29.418303,47.60697,66.64141,43.107883,32.29605,-24.212284,77.84467
39.647583,31.37407,26.260128,47.311623,68.30621,36.22828,26.454319,-4.7964783,38.108433,23.603138,42.425865,34.00781,26.544153,31.077354,40.193253,40.77064,-11.560322,35.986256,43.990425,38.45809,23.727901,32.236473,45.821136,44.720062,26.95157,32.77177,33.599854,62.93085,85.95988,34.696926,36.035423,39.33614,38.382805,42.80574,7.130247,72.56638
39.607475,27.256985,16.36266,51.177853,73.33174,37.464405,33.5047,29.595945,43.227345,34.278496,46.83062,39.352108,24.536362,28.570236,49.39347,48.16951,16.38322,65.4379,71.283264,34.91351,27.431585,46.76775,49.17292,38.172066,40.504517,43.866455,7.603155,76.54223,77.41058,46.088345,35.201443,23.420502,30.407087,93.05635,46.14319,93.88602
41.2925,23.731316,23.330524,63.58963,81.01676,42.865906,38.58826,45.529938,39.891823,8.441326,58.36497,3.847496,30.166786,32.04331,34.12876,46.988132,87.41616,50.015736,76.505325,40.90344,23.383196,49.306328,76.28731,24.754938,33.616173,33.27762,5.55501,72.586624,56.441967,27.007156,32.47705,22.655645,26.929985,118.54096,30.527878,139.92627
43.338345,10.410371,47.299294,43.495445,65.40896,40.349716,39.655575,38.6807,56.665695,18.388805,65.43279,38.60884,38.041416,40.794456,35.67711,50.814182,36.72825,46.199512,96.63016,39.562515,36.344265,46.88721,91.15535,31.294437,35.505592,52.494934,15.473457,75.60289,71.315285,7.9641266,34.619564,15.2582655,35.560448,121.915955,56.162506,150.52124
35.425472,17.855776,34.29294,44.671562,91.58183,42.727623,55.312218,26.184948,47.499462,32.838634,80.18042,54.146362,32.576233,59.516773,40.94575,75.39424,43.361603,46.950012,150.57385,41.973873,33.01747,58.829895,76.29843,16.142937,34.304016,15.068464,17.168636,68.66506,68.73558,-0.6762161,29.938599,15.225857,38.67075,130.22475,74.87907,135.90262
38.312794,24.690933,27.055197,42.5846,61.295433,27.940779,48.22187,17.2507,40.053055,27.610321,63.53989,61.266113,27.833021,45.916634,46.29646,62.260887,43.893517,45.593906,122.40469,39.347305,32.39379,58.665337,54.0884,14.682011,10.330093,18.860754,-5.1121445,53.20651,55.177837,-8.347004,27.436878,11.538153,28.120993,108.50064,79.10294,120.528824
54.708115,31.99902,90.246994,63.407524,64.167244,47.047043,32.971447,28.186703,43.09823,47.669815,74.099945,49.481014,2.6612148,52.60962,49.01673,27.354189,11.900654,36.10135,135.52577,32.58873,32.740753,50.58938,45.7483,61.42501,13.444273,17.461992,7.497298,49.339012,48.60198,17.05747,20.770401,-7.415229,27.899925,100.26532,80.742,124.29579
69.30615,21.427492,47.10467,46.69344,86.27293,35.166183,37.989372,44.33919,44.29982,42.082134,66.23263,44.21029,20.458513,52.98702,39.90268,26.379549,48.646034,36.43736,80.66703,34.10335,66.78299,47.16215,64.27705,31.373203,12.293056,16.164156,35.799435,54.095787,43.229782,24.439383,16.588423,3.3007593,38.28986,82.42012,44.84977,88.207756
54.85059,11.346502,38.029655,52.167927,82.89604,36.690914,54.955803,51.45362,-17.03442,57.460785,58.26264,34.873104,27.905931,46.17728,28.527576,36.633842,70.58095,30.935314,71.544815,38.749844,78.06526,41.13346,61.61502,39.2612,18.226685,22.60314,9.106958,60.04293,23.29792,7.6453953,12.273296,2.1476731,20.79422,72.69822,55.249405,67.083534
75.77319,-0.16707993,38.38483,45.793083,75.20895,34.180206,52.540253,22.657984,25.257029,61.481167,62.974274,35.199154,29.934069,33.86724,35.95915,46.990463,51.355644,15.969423,7.816799,26.88131,56.22129,27.037703,39.809013,24.44934,13.552063,76.102844,7.7221403,43.99364,45.5161,-14.372112,27.257393,11.1237755,3.343214,88.82614,52.75935,93.49425
45.048435,15.557281,40.956177,36.4299,55.22734,34.295956,55.785675,24.783096,28.09497,59.92869,41.226402,43.871147,28.929644,36.431194,37.607124,42.873867,55.865726,5.9457836,26.599205,35.669342,58.013176,35.3595,54.32641,16.67781,25.33222,55.08829,23.01027,36.962456,43.004955,20.168877,35.669067,-21.122284,18.11967,35.694817,76.36882,69.41695
51.003864,21.989857,45.246834,66.31955,42.377003,19.430204,44.90779,28.648785,33.50545,56.93528,49.023033,72.13511,2.637085,43.361633,42.322414,59.621532,35.875645,15.098539,9.825077,31.586685,46.66188,32.90483,72.84787,13.257423,12.2826395,65.06708,31.265335,32.211105,46.00656,27.12387,36.376335,19.902748,12.761921,47.087307,61.26281,77.19071
40.961647,15.7418785,79.252014,87.35368,42.55029,35.340187,49.946472,11.825902,27.466671,39.141254,46.45436,64.51945,2.0458279,43.50668,18.297806,38.790955,54.316055,6.5029955,26.149775,11.586173,34.80173,46.892838,25.084904,62.871796,11.885496,54.216366,20.010662,22.601097,38.614216,11.326596,27.053885,14.153983,24.3448,39.85152,64.61269,73.54506
36.933544,3.780797,30.639744,52.95342,37.418762,31.335459,49.407753,12.356361,10.97871,29.606264,55.375317,42.865833,8.917582,44.58612,24.131435,69.97736,61.7526,27.681099,-2.4529715,24.876844,37.497406,23.149137,36.670742,43.65158,2.1692486,49.28416,28.043747,27.701014,40.08884,9.886801,27.351717,5.483614,23.185696,56.324646,19.64853,71.256195
37.75669,14.328379,38.9332,38.164383,33.392185,22.403181,38.75468,39.284657,11.268442,32.19557,42.9959,28.936108,11.809286,33.80689,30.245087,53.50547,68.093056,42.297523,2.7464345,20.73518,37.442856,21.236256,48.800823,23.94818,26.170898,44.000183,-3.5432854,10.914371,34.87507,11.269645,30.089277,0.8968997,16.592434,50.993484,38.722412,37.234753
46.57779,18.114582,16.391663,72.82089,22.51879,15.132366,26.757439,38.125694,19.204855,33.71078,34.178787,9.932354,8.178657,59.633854,19.9022,47.689243,54.485847,54.137745,20.212828,19.689701,35.871906,19.858797,42.873695,32.449078,28.22016,46.687054,8.771898,14.956776,35.914898,4.027252,30.574085,3.8180614,21.535097,53.527176,61.93248,63.995125
38.591583,10.4071865,22.949896,40.191757,25.474922,15.095229,48.863953,13.326138,11.379697,31.155989,42.535152,14.848122,7.9682655,52.192055,22.85087,57.457607,47.45213,57.16593,19.387981,9.905277,42.365417,19.565062,39.053444,12.37373,25.724709,42.21026,15.857751,11.00508,35.52809,3.7540727,30.300356,7.9797482,19.597172,36.81156,60.30874,97.91281
46.455627,3.2647142,31.843878,56.713943,34.46748,3.4752665,40.679832,18.764103,10.380753,39.71901,19.041004,-6.8690357,8.460848,15.676189,4.2586327,62.584682,22.467022,75.57234,-29.545193,19.452784,11.482063,17.60695,17.541117,10.953596,11.85139,50.526794,-6.533078,0.32398987,35.373047,12.677362,28.078701,11.316286,14.216566,26.485493,79.13663,92.32377
52.03972,-2.7332182,29.804043,46.693676,90.480896,21.747242,18.974812,22.996445,9.35174,45.72796,28.944147,26.589827,14.28565,28.194702,13.133647,41.32176,33.592308,90.4718,30.687355,12.47744,-16.07356,-8.4135475,8.165662,11.530277,8.067311,37.91669,14.938825,24.266472,42.90608,11.69424,8.044511,4.9045706,10.127798,45.279175,92.37875,61.06625
67.18494,21.291134,20.45141,33.641567,108.30886,12.191328,28.699606,-15.530638,27.223873,47.276066,35.022854,-3.3606882,21.50222,21.836758,13.010699,56.09073,67.813644,84.26407,5.19417,30.744064,37.063618,13.520697,-16.178965,0.98700523,11.671297,51.371593,9.917648,29.645039,27.493696,15.329847,12.034672,-5.7330575,-0.2777815,31.821491,95.55202,74.13401
41.205765,10.188629,25.638266,29.608557,89.27123,12.300859,21.894953,13.237789,10.051346,47.78302,34.604424,18.131792,15.73963,20.319178,11.0121155,51.79831,53.302387,85.33448,-6.84865,16.607697,38.55674,22.516882,3.6818047,36.343933,10.039684,39.591763,10.737472,37.863007,42.31578,6.40954,3.0707874,-1.9019661,5.334905,43.467598,89.28675,81.05152
47.840675,-9.41075,25.362722,12.960344,67.741844,28.273914,20.762764,15.981325,24.731884,21.98273,45.765686,17.050734,35.741875,26.440079,7.1987267,56.436005,73.92897,115.112335,20.138096,18.812174,43.350525,14.837759,20.960943,24.547344,14.299133,80.29819,15.527125,29.713833,59.909004,4.7977858,-4.3343625,8.833876,8.677108,45.91449,105.84615,110.22543
24.203827,14.801776,36.736244,13.737961,73.15181,46.34468,22.079384,46.705917,48.32675,60.669983,45.670395,28.111408,29.786325,35.14174,21.57684,84.12288,87.76579,118.119934,64.84422,21.985165,45.421047,32.308437,27.328716,25.872494,8.787246,106.890045,16.785559,53.36675,64.50152,21.76368,6.75633,8.410578,13.470591,93.94026,120.15399,91.413376
35.36142,17.278067,42.634056,15.392991,59.469597,42.2112,27.08227,38.72492,38.55457,59.716995,63.86332,36.079575,18.546757,55.44671,33.184002,64.151405,82.88625,94.303085,85.486145,36.304363,66.441734,34.33711,-6.948986,25.908495,-0.98064137,19.45826,6.409994,26.658205,53.451008,-0.3611622,3.91123,11.977322,14.7413435,96.40998,138.65689,78.36796
29.74379,11.450582,31.588055,27.574116,29.948557,40.693638,47.78411,25.188646,18.979647,62.36801,65.54254,29.153831,14.2407055,66.93222,28.935032,58.119144,61.1745,34.345062,121.63294,43.188217,48.42958,42.776897,20.056635,38.062466,27.731087,12.542554,-1.5848029,9.618739,37.80838,-10.227232,6.674221,-7.846239,3.3567705,91.01062,129.46198,70.380066
79.373795,11.4391165,31.088184,18.287928,22.088333,36.19733,29.237041,23.178694,-21.202763,46.71123,37.410187,22.080847,11.469528,46.39076,23.98746,14.512392,44.79875,38.9876,103.89982,25.42609,48.906395,32.99306,2.6168327,28.949223,27.328,16.965845,22.390327,11.639468,40.389988,13.029893,24.441818,-12.338089,4.360307,81.40047,129.48601,70.93675
62.437412,8.79173,31.600773,5.1077385,76.343285,29.34023,39.687,6.9323826,9.204421,-8.046711,28.674917,35.31563,11.991193,26.738663,27.215584,6.325055,75.56347,45.259293,71.03961,37.82956,50.96292,35.034534,32.112106,18.946428,10.62613,47.49331,17.964058,12.746067,6.541275,12.635742,27.251387,-0.30695772,6.26929,120.168945,127.64752,61.642414
48.183334,0.92683506,34.334156,47.95797,-14.264896,14.8368025,42.851852,11.9938755,16.252466,17.13317,27.976389,31.688913,10.250378,43.41523,16.02586,39.522346,47.220818,41.02492,76.30288,32.688873,48.00006,5.271984,15.389103,-4.6142063,20.087091,39.67783,10.315246,12.36239,6.2211933,1.4830456,14.397444,5.2480702,17.084717,107.93968,149.61668,48.481487
41.78399,0.43376923,23.097006,14.727852,-2.9965267,7.1698427,19.012604,-65.88475,14.441986,19.57354,24.921268,5.913348,8.543249,17.54589,10.932766,38.534126,55.609936,31.188274,112.17785,16.583416,41.464375,8.809688,-4.0673714,-5.856205,16.007893,-28.677572,20.109592,-0.38477993,9.87792,0.43571186,5.5016594,-0.9484954,-1.9679928,79.81966,107.567314,76.70853
39.556652,-1.6427212,19.99675,16.955704,51.85219,27.654676,14.007837,8.298753,20.01418,29.972414,53.28478,15.333303,-14.5969515,33.809765,7.47462,37.449055,55.80442,31.337717,85.39291,15.018652,36.570972,25.04393,-4.5950036,9.521461,12.79512,9.495162,25.477417,13.683786,6.3770223,3.29837,16.926605,12.108524,3.2834835,83.15633,104.09686,56.967228
42.11585,-9.751493,22.03273,13.471515,42.72456,23.125986,18.019907,-3.0240345,31.32468,7.34581,62.11626,26.078987,-6.4375095,35.20814,15.196536,32.28738,48.357582,54.27426,106.61896,22.969296,31.274137,38.39987,21.761204,9.703174,15.259644,31.264503,13.806366,10.34244,10.565026,18.68374,13.137733,-2.7628498,-14.377308,70.50654,111.02163,52.925907
37.702255,23.29202,56.643055,11.485414,41.92628,43.668762,26.759285,-5.765711,37.35348,21.215086,44.173687,21.44985,9.21628,39.476902,12.669269,33.707413,60.29781,64.36713,87.50809,21.204157,53.005966,59.023705,16.200485,16.439423,10.342796,26.906548,24.052868,44.333763,60.031082,30.367205,17.224037,11.5613,14.866165,84.00665,118.99646,57.321693
17.182835,14.517552,44.216164,29.702179,31.812708,45.167866,42.529385,4.004261,45.63282,34.26148,43.803684,37.876686,30.1535,22.536718,17.137062,35.652714,68.15224,67.31411,34.68828,25.35067,55.474846,52.140373,19.41131,41.6819,4.9840107,27.240236,24.670557,48.88578,67.443504,5.1936646,15.631435,11.466909,23.703117,91.308815,121.53247,61.519737
56.437057,14.005893,50.370052,21.720543,57.394955,49.801407,43.087254,19.140923,22.364964,-24.610588,35.497345,55.30107,31.137028,31.326706,24.27569,28.179174,59.711113,28.916,21.768063,43.24722,46.86271,48.891895,40.41079,24.231958,31.6079,52.12287,24.899038,36.971848,60.136738,-10.709953,18.20206,-4.2772584,27.941217,15.254105,131.32224,55.47696
36.707672,14.372879,46.636776,41.48657,69.63188,40.114975,42.797333,-34.24256,31.225657,-8.304399,49.278835,44.169746,28.97922,25.982315,15.283082,8.603508,51.45923,33.24166,29.709127,31.83983,38.64962,27.152569,22.771255,25.820084,33.56078,9.725456,12.496391,24.342825,41.27963,10.942762,25.792274,2.066884,12.891252,26.991184,128.45523,83.94256
23.560234,2.0921535,53.345062,40.698277,73.13749,46.873177,32.93181,-51.455826,42.256317,21.729183,47.15523,42.937687,26.540285,36.809166,14.044341,58.15522,43.289833,35.610977,-20.469185,36.31101,37.57402,41.770412,16.18914,19.44772,31.489239,-56.45288,9.294882,29.020437,31.281961,3.0773563,32.018406,16.14538,-6.6808624,93.05842,135.3228,82.44471
26.743624,28.299362,33.304405,43.9932,51.752243,44.660873,30.923618,30.953016,37.695675,41.47347,54.69888,32.6458,22.630346,41.672066,13.839761,45.68703,46.156296,62.400124,49.401825,34.71961,56.518967,39.958,44.244373,25.327244,29.158688,56.89701,13.295849,29.711424,48.504383,26.745872,36.512516,26.63667,22.125473,75.28519,153.22418,86.41073
27.130608,48.60692,10.141232,47.018543,61.65104,26.123184,35.494892,65.39577,35.588074,42.484634,49.08808,49.014465,40.185677,16.408684,33.9356,29.74205,31.684986,45.670887,111.07158,44.12189,75.960686,44.66175,9.113846,35.787537,30.968323,38.245613,3.323121,33.995647,44.666218,20.024086,31.500235,21.87259,21.387434,81.400795,132.63802,61.44639
35.400074,45.5065,27.438934,76.37992,62.411488,35.952145,35.87562,34.73915,47.177948,47.16486,61.372677,44.81844,32.82833,45.545,44.18239,31.321758,30.004993,47.85414,123.494125,47.88376,63.039474,66.4431,14.693929,35.883896,17.34911,49.45935,-7.4029255,47.76694,42.922237,26.216982,32.138203,13.177389,21.740229,75.764336,122.43473,60.342686
69.31985,44.826416,38.032673,66.264946,69.46098,57.195843,50.27143,38.825462,40.91115,53.40772,78.13358,58.4384,38.972153,51.981148,44.274227,22.93041,39.15209,45.877274,114.59198,43.082367,85.18117,73.4285,26.833986,32.450863,-2.3530407,41.01719,11.83512,61.288975,37.941914,25.363194,30.885527,-6.978136,26.637924,101.183556,117.04762,62.886795
60.14829,47.540024,39.055992,44.307686,45.31237,49.672504,52.94268,28.059778,34.88459,67.5148,66.693634,63.160706,47.708447,73.93149,50.599937,67.3468,58.505615,48.27732,82.320885,47.200394,70.92207,82.22292,36.90701,46.57349,8.612829,-14.016817,29.719343,-7.329422,51.88316,30.289192,30.185719,-3.706563,24.68673,81.26712,115.12234,58.890903
43.3671,40.62593,46.604103,37.254154,44.714203,30.79963,51.70819,45.774563,48.225986,57.966038,44.573215,69.11982,39.755203,70.02129,38.955666,49.419308,52.167282,50.75447,69.77217,23.983181,58.594055,96.98059,18.625015,41.55325,22.76652,36.603603,23.046202,9.001394,34.713493,26.164055,39.532127,6.349552,40.81673,79.5567,94.011314,57.36186
52.17578,56.76745,38.68138,40.58335,59.123615,40.779053,55.482956,66.39379,65.78816,54.58132,60.457863,62.355255,47.617126,67.89547,25.458496,42.676937,65.31523,48.861633,65.71728,38.860516,58.918217,125.74552,6.6497145,39.94503,41.36284,40.696247,-2.8444767,17.4044,59.705894,27.563562,35.195084,6.2622495,41.05978,91.47581,79.10713,71.321144
51.553417,52.45933,57.471928,66.29342,65.077255,42.680923,62.466793,54.595516,37.201782,57.753815,60.113697,70.54256,45.038147,57.972954,26.495796,55.234135,51.61189,44.80641,84.140114,59.969498,58.553654,108.341675,20.094225,59.280296,42.73679,37.577293,17.785748,43.567078,52.149025,59.429157,29.004196,-2.7075343,37.51759,83.94548,58.30849,131.28801
40.538723,52.72114,40.059914,63.885956,98.60379,46.01566,64.53198,133.75128,56.783016,66.30858,70.066635,62.85213,42.60241,69.16084,29.082806,50.546833,60.67569,40.86622,79.429565,58.343933,88.39067,99.430115,35.870094,3.835167,93.95469,43.240467,27.347485,52.7051,43.30478,53.543346,26.08796,18.923544,38.466106,87.466934,51.797554,128.2462
48.420235,58.929184,40.23349,80.75542,74.25911,50.13744,44.498337,112.24695,55.17883,103.15903,71.45068,71.51345,35.796143,80.46464,46.40719,63.420303,104.35109,41.82179,76.20362,57.544514,84.178154,97.61015,34.631683,19.98425,70.487724,47.91954,11.539261,18.357712,37.16928,37.263416,35.66713,29.139233,42.929382,75.69457,33.123,138.20801
58.722298,52.996235,43.427685,59.937515,89.3494,44.536835,55.305588,93.366325,57.600346,79.93046,69.90363,75.12785,22.407375,66.159454,48.291832,60.79569,59.954857,32.915054,63.133766,57.26485,77.342514,101.34897,28.868748,38.66814,47.946274,31.69506,12.984488,19.47078,55.34276,21.35713,36.161476,31.785095,57.640568,93.95234,42.570225,134.6798
62.484283,45.075203,31.597826,54.36814,95.857025,38.77408,69.88035,84.32678,47.186,64.56412,67.23505,65.85218,41.068996,72.73033,43.802677,70.00175,65.89911,0.8632965,47.653275,49.40471,75.25951,81.84992,15.005481,22.329819,48.20051,88.684784,24.072536,22.080574,36.01731,11.579339,35.43924,23.079195,62.26685,74.75936,32.343605,67.22893
45.13305,46.878498,32.91069,40.31182,103.48137,38.440372,59.855137,83.54457,65.095795,70.608185,102.41415,72.63897,43.114925,84.37995,48.027893,62.215195,71.09602,8.92002,52.926414,23.684566,59.406395,83.46596,30.660954,18.672745,42.46049,123.76276,2.2707844,23.199024,29.99313,4.119709,36.89675,20.8857,38.32857,49.575974,27.368408,84.44131
49.236855,41.815685,35.77264,5.3795776,85.38138,41.375076,60.749825,62.294636,54.88508,61.337,85.80738,74.49009,45.103558,69.57529,51.46813,52.41499,49.710484,0.46047354,25.088423,57.766125,50.656303,57.98494,36.11571,6.2297707,35.16751,120.0093,9.067677,17.178225,26.79222,13.545096,38.372234,18.036274,16.915306,43.562206,24.707561,62.220325
61.92076,26.94985,7.37751,28.591326,71.81645,34.872383,49.074013,72.00122,82.009865,87.10192,95.59117,60.080673,36.386497,73.26879,50.96017,63.01118,48.929382,15.642715,30.235325,32.546234,38.3199,38.55913,45.784855,14.978888,33.87354,109.724,-6.285612,-3.5667553,23.050562,35.651146,38.569283,14.290824,24.872643,52.472736,7.716586,54.26612
52.625317,25.995926,20.830826,29.507858,57.46108,34.229023,30.129925,67.09885,43.281338,67.14231,39.8009,81.5815,2.3916683,67.94619,29.725601,53.607925,38.294052,17.41928,77.20937,39.20046,47.3696,-5.91774,27.990969,27.440294,17.193031,92.8685,20.578747,-14.538512,20.501162,28.933926,26.461977,17.274813,28.307867,22.650826,3.9818783,47.493183
42.17981,34.091923,22.511501,13.759901,33.401,17.474941,36.857533,40.77125,32.95933,53.346848,49.618546,51.08525,-8.828976,47.123013,30.500984,77.25757,17.32391,11.060131,82.02156,13.872679,31.619637,31.151863,20.669888,33.213978,16.310463,68.51832,12.058404,11.673925,0.07037544,28.357151,23.207863,15.691692,26.470587,41.30545,29.862633,57.41259
81.812454,34.725018,31.78085,19.289032,22.97309,20.82289,34.61031,37.94653,30.740147,59.16087,26.903492,20.666029,30.505962,33.80922,26.103844,26.70158,34.512383,20.319569,68.25722,16.222498,50.75687,44.60717,27.45742,36.896004,15.855927,96.8578,4.887411,12.637714,15.694402,15.896173,15.463309,11.542011,27.191223,-28.792007,12.660622,63.701668
66.823586,18.63283,48.67392,17.337942,26.498991,30.745422,18.036398,37.59722,31.213593,59.890545,23.500095,42.73119,20.800491,37.478855,26.97079,15.129185,20.564814,32.203735,86.462074,16.205673,47.18941,40.7285,78.478516,41.36722,29.829754,11.596039,15.718854,13.302747,11.171016,-0.8749695,20.746426,4.437354,13.886322,-10.370809,-5.220896,33.518993
62.938217,23.302904,40.319958,19.252693,73.15258,24.634003,26.346325,28.673717,32.760185,61.86823,27.262983,34.492455,22.85973,24.857784,23.854464,14.053727,26.869545,52.106747,76.17103,26.544493,47.03187,45.67452,67.56394,32.615776,22.127226,15.849707,14.158642,7.0622463,20.217463,4.5578585,13.662195,2.4171195,16.91362,-8.654582,-4.956007,22.068956
64.70136,28.240871,38.08786,18.932837,73.17594,-4.886799,43.672646,36.873665,30.47828,71.93803,11.401583,39.913727,15.492206,22.624815,26.577942,39.664318,5.901045,38.911167,111.11729,30.304949,87.878525,1.3385544,59.628532,32.532303,33.281452,27.75446,22.149734,5.8705344,8.649393,8.930904,10.670532,15.660742,5.132291,23.558308,0.31794262,14.812379
54.844013,15.663033,10.691474,20.671097,98.85122,11.268892,38.752083,54.265656,32.580727,38.37227,13.080289,34.71662,13.277682,48.316624,32.079704,29.50146,5.6728525,42.33571,145.89832,32.168434,72.24568,19.611824,53.98564,-15.303448,-19.567719,27.206745,2.0546455,19.884037,12.486681,11.81855,5.4513984,12.207119,4.3437767,75.82927,5.3871155,39.23252
42.68595,20.438936,-3.683178,-1.4747524,88.640144,2.9409747,29.822458,39.78031,26.36267,62.332184,26.017206,17.11834,13.653561,52.873436,36.799374,25.260765,7.753709,52.87317,89.4888,25.86444,60.29646,39.920525,41.97576,36.55873,18.37241,33.66193,15.769954,14.421736,11.567286,7.404027,4.3876977,-7.2635307,30.95001,52.133358,-29.992054,41.514168
46.315685,8.313704,7.9794855,15.080267,52.43522,-0.4074211,46.711174,15.870443,25.392378,66.49895,47.327286,12.512646,-1.3364434,65.036644,13.402794,69.64978,23.235626,65.02943,70.07656,27.945877,50.93744,40.351254,61.956955,1.1393948,24.287004,33.916653,17.019026,32.709423,7.252914,-5.1354427,7.578827,-11.35537,46.3209,34.112713,24.87029,34.181152
28.80106,12.865503,3.7608838,8.419653,65.40835,18.643747,32.797318,-20.771776,12.991169,72.26538,67.16223,31.35784,11.679853,54.96986,14.000722,69.78749,38.798893,52.15359,113.15422,33.831177,47.03527,39.935116,33.202263,5.2302527,7.038065,25.865368,20.072111,31.197943,9.598879,13.256184,14.05138,3.2863436,30.453535,46.225502,18.636303,26.948402
13.882695,11.493882,-2.8430061,12.111216,55.967743,17.728563,24.640022,76.02465,18.39348,28.667313,68.32381,21.660446,2.1898718,64.728516,18.123148,53.32006,46.271458,69.11106,93.549194,29.560896,46.512962,33.512768,28.677502,11.5100155,0.3636465,24.31502,24.567053,29.884768,3.4035053,11.202082,9.213081,7.7526674,28.277817,56.63404,19.99632,7.48868
2.8109884,-0.064795494,23.072376,8.15873,43.045403,20.901337,8.430429,58.224483,43.24292,28.689215,57.60423,19.056767,4.9525385,62.736156,18.998137,32.30076,43.2304,49.14209,143.51126,12.193538,70.69469,38.55798,27.033846,32.522324,5.2828054,23.476625,-1.8756313,5.61705,29.952417,8.999426,2.9674702,-1.6861448,-0.46151352,48.507187,24.479212,19.628004
-10.736706,-10.101564,19.43917,27.980534,59.92192,31.396317,16.40669,46.511826,30.746433,13.261335,57.08167,45.655945,12.033852,73.9417,11.018045,48.81086,47.353317,28.116554,104.65553,-36.210274,52.461006,32.825737,22.200457,-10.413223,11.643094,20.391953,8.020989,5.212205,12.285072,11.971769,5.5193067,3.492303,0.920455,70.057816,11.490199,29.479021
-3.6871948,2.7539396,17.89989,14.199434,46.588905,41.814327,22.702854,41.926582,33.64694,9.22534,59.113346,38.673477,14.631559,81.746254,-20.817272,35.012596,68.04044,28.666153,77.14275,8.558136,67.07524,50.526936,26.656912,14.870763,1.9457399,8.155978,9.008782,-7.9596634,20.752424,13.805886,13.189859,7.1856203,12.524961,78.66803,31.52605,41.34526
5.5397654,-7.8547106,22.805511,16.540886,32.764866,35.847603,16.88253,32.32467,27.358944,4.9677563,66.007545,-0.36786842,24.716896,71.61856,14.546204,32.039646,62.101078,24.917501,130.51505,29.044897,47.893585,24.227425,10.730529,19.393347,24.39393,-6.4757357,16.34014,3.909439,22.003904,7.7270975,9.900126,-0.77414703,0.33954716,72.10152,40.91191,57.783028
11.767022,2.6149125,20.756134,33.871223,49.455246,-18.140587,4.4608793,29.490036,36.162323,-2.529211,90.90899,26.310228,26.205666,88.348915,27.663845,34.583435,70.00766,57.06545,82.48488,35.95732,70.698364,41.276394,-19.606634,12.383112,27.80485,20.74098,11.322935,9.300385,26.229097,27.737793,16.38385,-16.978403,26.096325,69.86002,-4.850361,79.83392
26.228657,10.353088,39.55438,29.114632,50.406326,22.00576,12.351645,31.187773,0.32266617,-6.7737713,92.53307,-6.708786,19.065605,59.467613,21.251331,46.77599,57.392605,42.11417,92.429924,56.14,59.41336,37.02605,53.45942,33.21748,28.967316,39.460697,7.9678373,-14.559126,2.6391487,12.475779,10.986084,3.8712597,31.888256,70.31379,-30.915045,45.33836
31.787342,20.83557,-1.3688011,32.944378,52.232235,14.962491,15.645836,38.959938,15.250492,13.508774,57.47445,34.452473,22.318747,48.7584,20.371428,30.166855,68.77399,59.956985,106.546104,31.167103,47.87367,35.487206,-3.763958,12.376359,49.275253,23.612755,9.637947,12.139926,20.98688,16.979195,17.28266,-4.8261733,26.551104,79.35325,40.154556,54.389366
37.52014,14.475695,11.713415,41.801014,44.168575,-22.605885,34.272343,34.802864,15.934089,29.596573,78.9817,40.443897,23.329353,45.673233,15.066444,39.045242,108.68923,55.976128,92.853424,25.881884,36.51082,31.628853,-26.83247,36.361755,33.608738,32.820473,5.8126154,-1.2972755,2.0999603,11.098454,12.271116,-16.432137,7.768487,80.3789,29.846022,59.56551
40.49955,10.615575,52.93959,36.00966,41.311707,17.919079,22.957823,22.806217,21.998253,14.828265,80.89041,32.289288,9.019049,37.176952,13.716749,42.11826,64.76265,37.994846,66.0613,36.4229,38.83433,47.01181,30.353516,24.87307,26.975298,-13.841686,15.064146,-1.5582132,8.700659,-1.1730332,12.892524,4.042527,28.449104,96.52655,1.1188316,51.602898
45.3344,-13.772171,25.743818,37.33198,36.821774,-33.51844,34.54156,44.720543,28.083277,17.043884,107.87187,21.359966,18.962671,41.65846,15.661266,37.402008,64.10969,33.133865,103.43248,19.293795,47.030766,16.102203,33.10931,7.5223923,6.546606,15.068111,8.712801,-0.6450906,4.051532,1.2226238,10.53877,17.063633,16.85063,108.49252,22.314325,56.954124
42.600193,8.870409,18.874706,49.820435,29.636211,12.825363,25.511433,35.14044,18.4672,18.80991,63.879333,38.188446,16.538828,44.05406,21.045893,22.937227,49.992092,26.395987,65.47078,29.983839,47.47965,-19.884136,-2.0763912,13.329991,20.763468,-8.338643,11.083132,24.2877,-7.384988,-2.8893566,14.668068,15.164029,-9.064885,92.43617,22.954287,37.050323
55.5223,-1.6847048,15.930727,33.173615,24.65513,-20.355404,-47.571735,23.149529,27.057968,10.258418,28.087944,24.961126,12.977903,51.110504,18.208405,16.563736,71.986275,16.150368,70.85834,19.248466,55.193676,27.29324,22.17876,30.279463,17.875795,3.0618296,21.822788,18.792559,-19.190895,18.596252,18.249977,1.3984613,8.455971,56.51795,23.450428,49.934944
91.72722,2.5860567,-2.5093803,8.546421,22.748596,18.804901,18.013319,17.094284,21.707119,0.71801186,43.151505,30.267715,8.312611,47.736877,1.2402287,34.99653,65.56215,7.1999273,86.790855,22.49555,32.63589,39.47587,8.606985,39.378834,16.815619,30.032305,22.02553,36.130795,31.862272,-13.336873,8.31364,15.557089,4.859416,96.389175,34.176014,62.03798
48.941322,4.845454,8.141223,8.0823345,17.768225,5.285199,14.029868,13.275779,18.724262,-5.959589,39.996796,25.517937,5.225871,50.795403,11.524433,32.372437,57.095413,18.536064,77.647026,10.9242325,34.786568,14.798026,39.885902,47.048138,19.252365,73.00984,27.772625,24.878677,27.907461,14.22042,5.790779,9.329464,4.6336327,52.838444,25.11857,38.87236
44.940937,9.483533,20.375763,11.305347,26.00094,5.7094936,-3.499545,-36.75843,14.719444,9.884127,37.850044,17.598114,3.4280736,51.92769,17.405396,42.625,52.946472,0.27140427,65.13962,14.149182,46.471756,-134.38062,11.209242,26.550514,-0.5622597,76.27653,25.607904,26.376816,13.069746,-10.080101,2.605774,9.070402,0.10596371,64.50115,13.168948,54.71925
25.652462,12.086537,25.488714,4.102856,-7.888134,-7.7335587,15.302811,11.050473,25.423943,20.11329,52.116287,23.093796,5.1114717,41.25475,14.889284,23.735153,35.23905,33.310795,78.31117,4.374042,41.325745,20.970676,31.97932,-6.1206646,-5.1287117,63.524506,13.403508,-8.71911,-4.8548756,18.88316,6.1173306,9.599132,10.270199,46.0344,3.7919464,66.10344
18.975203,3.8226776,59.99507,-31.696081,36.263206,11.095917,19.182041,12.063865,24.435463,20.001371,42.69799,19.39483,-4.663561,48.322166,22.296213,31.374277,71.44997,27.325848,44.038338,20.892082,45.6093,23.723024,21.216007,10.25848,14.934783,66.331055,16.375137,-12.564471,5.2230606,2.5399456,4.922961,-3.3663435,3.6630633,57.602966,-28.329235,12.913059
30.823286,0.16617727,26.276648,10.3667965,25.369284,29.888428,29.553755,24.335297,38.258247,-1.9201908,24.63493,17.30884,8.2456,29.278984,-5.997199,40.71476,79.05421,26.821579,20.77948,24.019178,47.495613,29.690823,16.752146,10.125005,14.862049,50.294044,20.610714,-7.5766354,16.913849,13.09312,-0.055128098,14.550382,-11.682658,86.56525,3.5469637,24.069962
37.004986,-4.1333485,18.303814,17.29786,16.655434,23.294773,25.989353,22.78983,29.714321,14.824087,22.985266,17.717432,12.419914,33.752308,14.806854,34.40544,67.927025,42.995716,25.28929,48.669544,41.637047,31.920467,16.333572,31.673018,7.6711645,35.276115,5.417119,-18.475327,6.7834525,15.145574,4.4730024,7.108084,9.984253,108.568146,12.255026,9.774057
23.367023,0.33640575,16.025972,16.563389,45.24592,8.666732,28.565113,-23.024788,26.737038,17.384613,19.98901,19.737896,8.57326,26.120365,13.063066,10.31333,100.8465,55.982983,26.990122,25.997414,37.558773,23.875048,14.1742,13.559421,11.523724,29.291042,-6.6901684,-15.193077,9.045731,9.79054,14.778494,-26.247044,11.803139,137.08536,42.057583,16.096758
20.361542,8.632721,12.988172,13.585873,-36.19446,19.551973,21.810886,17.593359,16.739101,14.290493,23.647024,27.640047,2.3905783,18.139694,15.922342,0.9473238,64.72302,46.86519,18.067083,20.795137,39.29204,14.1523905,20.735668,22.022709,3.5335941,19.67796,-1.1468785,6.3984375,11.321495,17.772589,12.667762,10.47332,26.93274,115.7334,47.850533,12.201448
13.1439,-5.908246,8.444397,1.8251634,26.97112,21.842434,-20.520906,24.913586,-24.382252,-7.9759626,10.772117,25.246614,3.7352843,12.32786,3.0390005,4.9119167,63.982086,42.763847,21.076376,4.2425756,42.72014,16.271797,-24.435566,24.436718,2.7779303,3.5101986,5.961324,4.7633123,14.407213,8.623089,18.321285,-11.00947,46.879013,143.2746,-23.920408,-13.414608
10.153021,-3.5543096,8.04564,18.182713,23.463041,16.917328,7.1911483,35.499573,21.971186,14.320841,12.858808,22.758541,0.99252033,11.468606,7.0875583,-1.1427636,45.509808,33.899387,62.420876,20.853783,61.492355,12.606144,2.4978948,0.11877251,7.587313,23.381765,7.977996,-6.4991026,-17.236353,6.9997816,20.330063,9.978853,24.101902,72.00173,7.3144064,-24.129358
-11.766372,6.7901764,17.079876,4.370715,13.579344,20.740913,5.276634,16.810036,18.528671,21.123896,39.373962,27.095692,-3.2013226,12.451008,21.075832,30.938034,16.9286,20.926281,16.639423,14.735193,65.81164,16.313326,28.827095,26.939962,14.946772,16.610992,9.091458,18.583014,31.814608,16.026394,16.941896,11.715776,12.458233,51.88106,5.3064685,19.310698
8.605974,-6.876438,-0.047582626,7.305317,38.12205,-36.318855,13.962671,26.902306,15.057257,24.689713,33.023243,0.8975363,9.322169,20.981657,-10.720938,15.685414,14.765071,14.640787,16.20274,-10.566639,58.520885,14.745362,36.61876,51.39661,18.897682,20.553736,8.620958,21.659801,19.558437,-3.3318024,7.753207,10.852862,27.450615,21.990017,-5.2564716,12.274065
13.249592,3.2022545,13.408531,10.876368,75.785416,19.88002,29.45018,21.721945,14.295925,26.725159,30.044548,22.289124,-5.990081,23.580784,19.143326,48.38111,27.302317,23.531998,35.104794,-13.762972,52.44523,13.591559,-7.4015408,19.485811,19.399256,34.870255,11.925798,17.005037,7.597104,5.749849,3.6864882,-0.7827463,19.810854,27.177887,5.841179,28.917572
8.89052,3.8352237,-3.1495867,21.901844,52.381645,16.760475,21.528059,0.27389336,14.29179,28.878204,29.138845,11.633554,6.577524,19.438622,9.498131,42.342518,35.975426,24.14305,65.843185,-7.9768887,25.556095,-36.44628,12.183971,13.789347,9.2561245,22.911713,16.799793,7.6631985,-1.4975119,5.991836,13.79115,-11.463898,27.764828,54.172638,3.8796458,64.38896
10.708624,17.808159,18.527374,9.764717,34.561638,2.638217,12.426086,12.116508,18.55423,2.9608994,14.421008,28.891016,-3.4439683,23.119093,11.566748,65.02265,32.65926,19.947351,46.814728,28.111645,25.867023,16.377111,-2.9361725,1.1067495,0.7725229,10.323343,-4.7724924,1.0287561,37.06253,6.51116,22.715126,14.561196,4.1468573,52.58736,12.660243,63.66145
20.490194,10.060951,15.175175,6.4629097,7.6691074,6.5677824,4.4252977,12.151168,15.999405,4.388627,20.660776,12.277376,14.73455,46.937294,8.995639,37.65351,-4.8237057,22.602903,35.59702,17.455921,12.162575,10.122343,15.6090145,3.8265526,10.195442,6.85252,21.750744,-16.539173,32.22339,13.54549,25.541721,7.5821266,-3.1439798,67.637024,18.334879,29.266834
27.531933,-11.384863,24.829435,13.810821,12.144862,10.168486,27.198208,-19.593243,1.8477049,13.631935,35.003754,10.555432,2.9010162,33.030636,8.927336,29.0799,11.248522,34.237114,0.433527,32.739906,20.713055,-21.488245,-27.607353,29.614227,11.680227,12.723318,13.61976,-6.2388473,59.85821,4.901085,18.886106,-2.5409565,-6.0043483,52.436737,58.50582,-0.08585358
29.470985,-4.2803645,3.9834213,13.388983,13.923205,0.0042943954,18.173721,-9.390617,3.560763,-48.028687,22.777187,13.21355,-4.312885,5.748596,1.8476558,25.051697,12.306318,56.915848,5.8918705,16.148634,17.775476,5.8031654,9.3618965,1.7131004,21.104315,8.37017,33.03385,-16.98788,68.97249,16.412775,23.647718,-0.31666613,-1.2515688,22.588093,43.492245,-12.271131
19.405771,-8.293294,12.540841,15.223861,39.616943,-28.778294,14.564882,26.86226,28.86382,5.3520784,21.37436,17.631098,25.41364,11.518315,7.345542,37.8761,18.59417,70.49983,12.432854,5.3629036,31.065659,4.3786507,22.312954,25.60167,-30.46688,33.201668,11.214664,10.981405,45.384865,19.48133,13.911314,21.297565,11.345095,21.628065,29.804634,13.758436
27.334564,-0.4015956,26.042084,12.479512,32.93096,14.460907,2.7708156,23.553345,35.49135,17.648468,37.816666,31.015396,18.023684,-1.6457043,9.904978,54.371483,12.473128,56.40379,50.56885,-1.1199951,22.738035,-30.56332,15.564016,11.776137,15.391191,19.126802,5.3898425,3.3165345,45.945316,17.532223,10.124002,2.886942,7.245236,8.548912,25.206394,33.801506
34.574806,15.031749,52.599598,25.7343,20.678644,-2.493742,14.240355,7.7199745,33.71195,16.09388,60.991386,27.703152,-0.31449604,28.845753,12.707724,39.603523,18.557875,67.93803,116.55943,41.30069,16.095314,15.5320425,-15.183399,16.20269,12.466691,74.75174,18.179165,6.0831556,48.456375,-4.632702,13.58021,29.815948,7.9106064,42.15886,86.55936,45.297626
33.165096,30.599907,12.513933,41.628883,27.136202,10.588718,19.026243,27.405933,24.47902,20.517921,75.80945,19.348509,24.426556,9.667477,10.000217,40.70612,45.5763,74.59275,99.38471,21.414879,27.051773,31.71379,20.25158,14.223097,18.359684,76.78433,41.034813,26.148758,46.51297,33.91638,17.67084,22.863733,19.085558,43.52326,63.583603,-16.798164
32.813965,29.599243,6.2012496,51.899353,47.277756,17.196632,19.459545,46.595356,25.449158,35.516533,83.753174,26.804594,15.5451975,33.451458,31.972187,32.56302,49.67758,71.05612,102.43264,4.065424,17.902832,44.883465,11.916716,24.623323,22.497355,70.78641,23.081106,27.59084,65.34425,31.159725,25.057543,16.345402,22.825188,58.931774,25.748587,35.114937
36.23949,28.334923,7.384469,54.964653,83.088135,26.41801,-2.7811832,42.49949,35.926662,20.864468,44.53724,32.315826,14.339161,51.88207,23.982265,37.41562,65.463425,75.532295,128.34985,22.354595,47.234127,48.02846,30.201805,21.566803,32.578793,73.96254,27.712303,38.665108,84.45325,63.07991,42.294247,13.512531,24.94543,67.6393,3.6836348,43.22383
44.850304,46.749374,38.540447,47.54525,50.37197,35.56295,36.465923,35.83368,41.393135,29.820316,75.24829,45.019638,20.092775,54.96847,43.407173,68.16287,55.91786,69.39951,124.49807,27.86276,52.412415,53.23961,47.630615,61.761116,55.308525,66.8267,28.245531,38.369648,92.13781,63.95441,32.861126,42.477905,44.001892,81.52395,-29.640137,55.450123
57.442417,48.696693,42.959038,46.67746,47.18591,47.132584,40.17167,64.40799,6.2939453,30.433819,86.994545,53.274277,20.838799,74.13199,39.859524,65.19544,39.425568,93.62506,123.14114,36.42076,27.309921,65.40315,28.252087,58.13809,59.883038,131.04274,39.03722,14.987732,70.914185,66.68485,21.842106,20.205873,42.002914,88.9741,21.60462,59.485977
68.263084,52.21948,36.104267,44.445854,52.14104,47.221676,42.81623,64.91834,15.642183,40.10183,82.14685,56.75373,26.525108,101.76874,37.01675,49.147346,81.84889,84.43441,118.64066,2.7886562,30.91976,70.981064,-7.789608,81.3827,43.426273,120.290955,40.109825,20.146267,73.929184,59.159534,18.1857,21.86961,29.665607,71.2918,26.92229,57.730766
91.15817,70.17563,45.215656,46.656742,56.848663,62.617973,42.58061,74.48233,28.622879,47.657795,63.300003,46.89958,38.746906,114.49503,35.115524,54.044174,52.211998,69.01937,87.89832,25.701704,30.235023,22.596367,46.865547,78.336914,44.574135,73.21527,43.3577,14.974328,52.981922,27.832897,23.976,20.82778,35.25335,50.17437,56.785633,106.09996
65.73405,63.003654,41.14433,51.82692,75.712555,51.07207,55.58879,71.58516,46.461926,46.891647,55.48552,54.208527,35.12383,88.75339,38.994976,53.111946,80.15996,65.172935,76.79708,38.908264,41.611202,31.152506,51.281467,113.63297,57.292595,67.61652,43.427963,1.5615635,53.551723,30.107077,17.082327,23.68134,37.056007,64.6019,59.031097,89.805824
91.436905,40.592247,36.336773,55.40265,90.84595,28.538485,38.07312,61.092976,35.75877,37.582756,65.542564,46.467197,31.644798,84.65558,45.677933,29.479208,70.28852,65.29761,54.880486,44.420033,39.442524,35.508766,23.669306,81.65061,66.372215,67.831215,21.871643,19.66616,38.733406,25.169342,22.80272,0.21813965,30.331959,65.45375,30.056091,95.32967
115.145004,47.975796,29.485336,57.570183,73.90079,36.541584,32.785076,58.806953,37.435432,30.990625,89.19186,26.087997,20.33915,101.611786,51.24285,23.776903,42.542305,68.0153,104.35791,31.206617,58.94305,35.21647,45.790394,37.460022,64.18314,119.22977,30.369291,23.355354,40.95959,36.241436,26.359613,12.060911,31.308344,62.369476,50.756577,74.90262
94.341866,43.355434,30.889473,87.83648,80.29663,39.321373,40.51651,69.40388,20.399101,41.428696,80.443504,32.97225,16.544369,0.35453796,31.706512,36.064716,52.52764,82.0775,111.93632,33.81903,56.22346,55.17579,54.428955,35.012566,54.93333,123.69226,44.139114,41.632816,28.892,45.33953,23.168438,16.231846,47.75415,68.293106,63.913986,80.629364
81.90153,50.380478,31.518703,83.84939,79.0506,41.218624,44.55588,77.047615,5.1812572,41.82089,59.267582,42.304825,35.83007,4.67791,31.150986,82.23186,49.64155,96.12157,104.44707,8.219048,108.11654,56.713226,49.94452,51.351906,28.92075,120.40939,35.84876,52.750893,14.268551,38.86196,23.607182,39.29637,54.702377,104.925964,82.51743,83.15477
66.93651,47.64984,37.257248,81.91056,65.17607,45.34876,45.079704,104.93714,17.58097,39.949863,56.056126,28.388517,52.115185,38.453884,38.254566,65.057434,70.93239,89.0849,113.38071,42.48773,65.19018,61.300495,53.697876,38.894962,3.0428276,67.42761,38.29014,49.767914,24.75709,39.015556,21.184816,68.50936,35.72264,91.32784,111.591515,80.23613
94.88168,39.805885,31.55555,70.98278,34.467087,59.013435,45.327087,101.698875,28.244762,38.75244,63.305214,49.784016,48.328465,47.134148,49.693947,75.60724,59.615658,85.850525,101.79819,28.379946,47.598965,47.281925,63.129623,24.660286,22.930536,-2.387947,22.204477,60.87332,58.58004,10.29318,15.012598,38.012623,44.172173,77.61092,112.765305,60.076557
63.118614,25.039997,38.649067,66.30102,66.27051,61.55974,59.48889,111.75158,46.775265,50.710197,83.274605,51.358532,38.70499,39.30697,58.496162,52.155098,88.518394,104.47742,98.94973,37.64318,54.52132,65.84029,102.92916,31.218708,37.12448,29.52845,24.146482,53.2817,54.003494,15.004098,12.905715,16.397007,38.461296,72.7871,101.49892,58.042957
58.800617,22.848019,44.58844,66.06265,85.78622,40.495598,60.280743,214.08273,65.82585,59.433228,65.818726,56.897484,39.876698,55.91777,50.450935,79.73671,93.16665,104.103546,99.28912,47.746746,56.589123,65.10064,79.576584,40.29505,33.79614,22.38487,1.1856022,47.214462,33.021202,22.524666,14.021933,21.179224,42.45525,114.581436,92.209175,106.70953
61.20549,25.611603,40.046047,57.727398,89.73892,43.20684,26.736212,122.615295,54.30111,69.42164,62.92208,45.52771,26.741798,49.42417,19.29293,44.65927,106.15308,94.729935,68.1677,49.49877,64.16983,60.165833,68.834755,27.013714,58.519363,28.26607,7.4560947,12.640524,39.000523,8.943956,21.785734,13.608696,39.111027,111.24725,69.808815,110.93345
84.70659,23.630497,40.074017,83.12897,63.877724,35.396465,1.8828468,112.378044,34.93619,50.163063,54.754448,42.93809,20.545454,48.640903,18.034142,76.12612,62.124878,63.827385,106.531876,41.520294,49.73625,51.77377,62.69962,34.340862,43.12674,73.86997,7.365345,8.322481,34.175335,6.009444,16.10133,-4.4446063,30.214619,90.20829,67.90563,104.29675
53.12403,33.274044,65.98505,74.27148,62.77134,8.780163,28.784567,106.884056,32.22806,49.255733,46.119167,43.23372,23.155037,38.434265,15.2385435,54.811867,62.753494,46.260635,73.31077,14.493903,40.48666,45.906555,68.205536,19.574162,34.63226,50.152256,2.2428026,-0.66600597,68.161224,21.483316,8.1315975,1.4476202,31.937986,80.15878,59.555485,137.01874
70.438446,31.371073,43.735367,61.280994,60.00276,21.240137,30.18941,93.54678,29.932446,46.288578,48.11745,34.476627,16.011045,5.3672276,19.65774,17.34607,56.11767,44.559788,62.425674,24.982826,50.029354,-10.763908,31.8049,8.86076,16.899826,31.372292,10.869609,8.236691,31.315548,-5.0042334,-0.25385332,-0.5612633,26.90792,-20.696121,45.63129,111.370544
47.895973,24.925138,28.115824,46.379055,71.04578,37.01672,9.456728,55.127224,38.133232,39.429348,33.904217,30.373804,-36.944904,-9.302525,48.06934,21.535627,63.945503,47.848793,52.98969,34.237778,19.9031,2.3409493,19.221079,30.76506,19.444437,32.962334,14.780523,-2.4249363,29.42047,2.9767876,-8.046498,17.49413,8.337461,-13.175542,15.8314705,92.58047
52.735744,16.73323,21.17416,48.439686,68.84763,17.853079,15.056822,33.758724,52.890644,32.283226,40.947327,25.573221,5.6426435,8.387112,16.632933,25.37999,30.115776,33.108788,44.52723,-6.965763,13.8203335,20.829144,44.975258,28.33754,24.841497,40.152252,6.5320497,12.326037,13.992031,9.948306,1.2551551,32.72839,12.060183,14.305342,16.924397,98.027016
46.194637,23.7338,41.918274,53.274734,67.48472,22.808533,27.78318,29.742296,39.3986,38.987835,22.297585,23.34638,12.167266,6.336418,-3.5808277,-8.820599,86.67908,43.300186,84.76633,21.209703,8.994367,35.87002,65.5471,22.30913,12.321724,25.80271,28.866215,-23.770756,17.399132,5.32754,2.9984474,38.77196,19.610365,7.9039354,22.547142,110.46187
74.907196,10.916725,36.810158,35.23712,77.79208,16.868328,16.685081,6.9418964,34.873768,43.48529,23.441227,32.878582,2.2506661,8.127557,-22.807907,26.232153,76.351135,46.245564,96.09942,27.835953,17.936249,35.57498,46.086323,-0.19478226,16.501617,4.70973,2.9589653,48.016228,9.727926,10.165939,9.466334,44.1452,22.559439,27.565527,33.039444,101.2099
66.257675,5.1949377,-0.31443787,55.65606,39.16349,13.046558,21.169308,4.78969,41.490433,34.9312,7.5459976,26.244717,4.924182,19.767927,0.2679901,37.77203,49.99585,60.97843,55.295635,-0.46494865,45.651283,43.732655,58.226383,29.638287,20.172132,27.47901,14.477765,51.696804,11.764151,0.14560413,13.475962,31.776447,24.25831,9.711832,13.8622875,113.20962
29.23642,10.140631,31.078438,30.043001,39.83925,12.64927,74.31698,28.0336,46.432114,39.320976,25.384912,43.474754,13.374881,31.278845,29.549477,47.51821,74.30194,56.41362,45.28637,15.030886,12.411842,45.937614,53.31742,26.510523,20.268847,18.503075,7.774806,34.48876,17.470757,-15.530752,16.21491,21.711172,19.830786,17.53614,24.263594,83.70408
34.281784,12.902343,28.839174,35.983833,47.31189,19.14564,49.1209,29.93144,47.359215,49.453365,30.787457,40.413124,14.985195,26.15044,31.06554,49.69343,66.100365,58.34031,0.74876404,1.2809429,14.293076,41.689243,49.13821,19.749063,15.724106,25.058401,2.8632479,22.557186,17.53386,-10.4529,15.165428,21.678802,6.9327946,45.16034,11.615295,77.137245
24.063122,15.024346,32.210857,31.168713,108.19232,38.25697,39.431,41.27823,39.43049,57.932114,41.16993,29.956936,24.051071,24.448032,33.940243,84.69391,62.6067,67.53233,45.573963,39.318604,10.13797,42.91968,41.442047,21.772858,18.432842,23.904835,6.152634,19.139063,27.444996,0.18490791,21.65046,10.263124,9.970093,17.298464,30.047462,64.83112
5.7519054,14.051062,26.239735,30.218363,104.74009,32.445557,36.696697,25.180107,45.849022,64.26576,29.309704,26.472631,29.665867,37.353622,24.849287,75.24721,71.865036,69.64909,46.22856,42.55447,3.0043554,-16.105488,32.237328,36.12201,17.369316,45.89788,3.9777331,15.185646,23.688503,15.104921,26.275276,-14.932002,2.8613057,35.26597,46.721024,81.61287
13.540635,19.311327,26.505478,30.554525,74.96411,34.012413,27.954834,15.120023,29.723995,54.43387,70.6766,36.38875,24.525705,20.513388,29.237068,39.078224,129.60715,57.504623,54.17401,12.779247,-3.4081097,31.762423,-7.956175,37.692646,11.388932,37.679234,10.691323,-1.3880024,9.619822,24.419962,24.800186,8.295578,0.5878296,75.36748,19.275476,65.19518
-6.317987,5.0953493,-15.421251,35.26585,34.860664,26.102549,38.99554,12.11571,32.707653,56.94337,65.99311,18.53976,-15.352969,14.362037,28.036278,36.657528,76.85027,45.15289,63.59489,33.759438,25.38609,28.013676,25.046808,29.00832,11.213831,0.81131744,15.008701,44.52689,3.8984213,11.354743,30.356037,5.0066404,2.4488482,59.426834,25.69184,73.960365
-2.6842365,12.675768,-19.964937,60.497913,20.387938,26.319773,26.61982,23.768545,23.985083,65.009926,85.091095,8.746277,10.30237,12.226442,39.730095,80.32849,67.60759,63.62339,83.53122,34.41055,46.290943,34.581963,29.91421,23.419687,8.132865,6.45383,42.79734,35.170647,14.052315,21.260462,24.77056,8.758311,-11.617194,51.063507,32.264393,60.277603
10.611447,0.002784729,13.211802,23.113054,0.40031624,19.16883,30.306335,10.692921,26.814545,88.62931,91.72142,42.794025,12.922965,-2.7848263,27.3626,62.247726,110.60031,62.785233,120.79031,19.062859,65.90614,26.047657,22.58151,7.073202,6.154279,3.6163921,22.801422,32.4832,7.734189,18.122845,18.874311,2.065753,10.664131,121.24159,3.74646,52.502075
13.801079,32.5988,12.541952,15.252746,38.100155,16.771854,48.61916,9.451213,15.868593,56.08772,86.967545,30.839195,10.161598,27.46251,18.883533,32.750496,45.952576,75.2059,99.01062,38.759983,66.56782,38.364967,10.8903675,24.085524,20.305481,20.015217,30.835394,17.28139,33.724518,32.019547,13.470996,27.58475,15.049068,139.9321,19.273916,34.472
8.301202,25.46659,12.613731,19.384714,16.454182,11.871665,34.36648,7.4735947,31.480518,48.461006,66.891266,8.171746,-4.397896,56.2196,22.02485,2.3952417,59.854553,73.40692,124.533295,15.519388,64.92266,73.55581,-4.109107,19.703388,19.579401,23.228817,14.880796,14.717718,42.9976,4.3685284,18.17002,28.720768,19.212065,105.13087,13.018755,-31.888533
-1.7846775,10.47669,14.780014,15.909824,25.571938,18.121511,37.243214,-2.7717934,43.85932,28.509193,52.768402,38.365746,-11.258672,42.76888,25.712923,14.156738,55.352795,47.138325,117.639595,23.821262,61.44181,69.11395,7.0057154,15.113768,24.367672,25.617659,12.80496,35.03156,42.405483,-12.553062,27.713724,13.407264,19.348103,92.28024,6.4021406,21.311604
11.245221,3.248126,21.382858,52.127953,29.742214,20.338985,34.739426,1.7884855,37.48543,32.201096,28.997444,37.795753,9.79037,41.23247,32.003693,20.179087,47.544186,20.05695,107.28655,32.466595,63.375305,53.460033,-6.4131393,25.27726,29.888649,22.986925,-18.000309,31.65216,49.727966,16.005592,21.025269,14.9376335,7.181142,81.80147,31.059822,55.331985
25.639538,15.292278,22.496782,81.80399,56.505787,32.799107,32.47266,9.542353,11.968212,-27.273823,20.483843,44.11299,18.44442,55.11043,32.27089,30.646729,36.204857,33.840294,78.723495,28.652428,58.155724,42.002453,52.33701,26.31038,15.061213,13.475935,11.648992,32.764385,38.85212,7.315337,15.938679,11.117502,-1.3439846,76.73465,-17.539059,62.07247
9.97946,8.2537365,51.28064,61.82181,39.37977,45.627316,35.256004,34.009346,20.618507,-3.500267,48.325928,20.432795,30.506355,49.08463,31.379671,45.53459,20.872852,40.987072,73.60528,30.543491,59.433872,33.731766,49.869484,38.012802,-14.528716,0.8459387,15.562925,-2.3172417,37.651173,14.5738735,19.447136,0.8710518,-3.5147371,72.141045,31.84065,110.425385
8.791512,2.8117905,53.06279,36.788605,0.79455185,28.947865,36.980938,-85.63485,35.121708,18.172235,60.25781,19.090008,29.005388,41.934998,33.344814,40.974026,33.097374,42.272804,86.006805,41.13337,64.78227,38.159027,37.46003,35.922222,23.478556,-49.99661,7.333764,5.705245,35.9764,14.120922,20.75846,-5.9244375,10.901726,63.754066,60.100414,92.743256
7.5025234,-0.84016895,48.116554,38.307285,44.004204,27.07649,32.32226,17.547873,40.885487,24.776114,65.15543,29.632946,33.82329,41.256374,28.81264,49.957764,35.51991,59.715893,93.629555,45.841705,50.93557,46.9707,23.02786,45.707977,28.112242,6.08593,0.44440365,-8.8312645,53.510773,6.728752,22.879473,5.0756283,-0.019878387,110.93642,39.54971,74.28085
52.740658,7.9401646,39.53739,33.4968,59.988224,35.039974,31.258934,95.59629,37.936844,45.849308,79.25359,52.12263,27.241915,33.308083,31.28487,47.18392,40.62974,66.26132,121.28409,47.86852,62.612614,60.13094,-11.785511,33.179016,18.22955,2.2235794,4.516541,11.283578,42.138954,7.458005,11.092269,6.093137,7.1390276,106.442314,43.027084,62.50663
46.643898,-2.7380772,45.71851,31.082935,61.936214,35.628933,32.669968,96.651566,43.52339,52.91743,83.244514,47.552296,18.764513,37.034637,0.8213806,58.65603,44.692528,83.84308,62.320587,38.774395,42.870125,56.795933,22.11653,16.450882,18.999989,64.28914,20.109425,-0.18112373,33.310574,-12.721602,9.880543,1.5587711,7.553846,92.96981,47.1315,59.368927
75.68161,8.735861,28.910809,21.712715,67.18666,29.933647,27.747583,82.391685,36.76097,59.588783,70.180885,67.61304,38.177406,37.205746,26.895763,45.16945,62.489468,82.84807,66.09319,40.037704,66.59692,50.699234,20.389925,11.605142,17.099344,56.129196,9.368309,9.009821,39.242733,8.698406,3.2033925,5.4506726,10.008999,77.970375,54.92757,56.244205
61.98577,-11.288245,34.288918,33.922604,41.58139,59.192318,29.074131,59.922783,54.35443,58.78785,67.7716,47.25795,32.665047,26.336079,33.509583,-20.628712,56.703598,87.59052,83.94583,38.510254,61.19551,39.620792,19.36471,18.66468,-2.6452637,47.714314,15.0953045,6.878336,33.781075,-6.9576073,12.119984,1.9601064,20.258858,76.70137,57.64771,48.669094
48.85167,21.425777,40.84073,26.97308,65.95404,48.989204,9.616009,57.80863,38.251778,56.115902,71.36072,49.104874,34.179394,58.265636,29.96083,20.713749,56.899094,79.91932,88.438065,60.913925,31.750446,34.113586,-11.8348255,34.648605,29.375034,18.206154,12.294489,27.25186,42.028263,6.32523,11.041559,5.179887,16.6654,70.02683,36.40585,73.73925
49.09864,5.3907604,29.314165,20.3265,47.262722,43.778465,35.091038,54.93245,-11.971779,51.14706,70.98749,43.767143,44.366524,60.942257,42.657726,63.10144,54.732323,77.51574,70.08977,46.81404,50.364304,43.480995,36.57876,26.7897,26.975515,16.274157,29.949224,18.324219,52.717484,-10.763588,8.342008,30.22313,12.667994,72.69711,62.59424,83.68429
51.498333,10.809432,32.697895,37.19652,51.574837,24.05032,50.81181,36.01583,27.044151,50.037857,59.217953,44.44159,34.872345,51.80222,2.9249992,20.035557,75.49477,74.66443,111.36044,28.784298,34.037655,40.810524,54.78891,23.708244,18.865911,6.390606,30.485891,-14.020942,23.753311,2.7613344,10.283818,27.72408,18.636429,80.46651,57.686844,75.22867
64.53306,14.994762,30.84472,30.98376,61.589333,33.926437,46.910954,36.79702,43.38149,57.36567,68.64602,31.849503,48.326973,51.544464,6.40662,50.478855,66.07187,76.54308,86.45231,43.786827,61.429417,38.557877,35.441887,8.250269,26.350513,22.535883,14.695442,10.819704,5.652197,15.500964,20.550968,30.494259,20.87199,71.44269,67.44041,85.790985
52.494686,10.484237,35.654713,34.650623,65.43878,35.414906,35.38715,30.287975,49.331345,58.89331,67.85332,25.874016,27.619253,40.799484,26.267574,45.786087,7.9292107,82.90387,88.190384,45.62019,-25.693634,40.85748,41.256832,18.490292,33.110703,17.22218,20.469936,8.26675,30.863464,8.758371,19.73511,8.861974,22.868185,144.47337,65.5162,119.435905
45.49582,1.493557,29.909315,55.674297,113.4509,52.554306,33.64058,34.829338,34.85763,36.168655,66.25546,39.162926,30.299295,38.207775,34.714817,49.351345,28.098063,67.33981,86.007454,29.440765,16.59137,47.84089,53.446175,45.986275,51.205612,19.597563,7.584629,2.2333524,35.00311,2.796938,23.507244,-2.2243881,47.27987,132.96553,68.52291,90.686874
56.196346,0.22007751,37.53147,77.461655,92.36004,40.322662,38.028835,-19.99474,35.649513,37.742905,57.26927,45.290466,41.11749,30.502098,30.435627,49.67943,34.566536,62.65616,80.9642,29.7462,8.007442,44.992764,0.13354492,27.620234,50.091724,27.805347,10.934805,13.608075,40.42914,15.256595,11.860439,-7.848488,44.88343,108.54322,66.47892,74.45199
53.287292,16.71355,37.65334,45.97049,62.994453,35.420197,34.0696,-0.23529863,36.0926,5.72299,59.8264,50.57526,31.13684,12.638172,40.168983,53.338856,35.04962,66.263916,77.85582,42.475677,12.604906,50.45866,21.692074,22.45588,37.098717,33.87943,33.411255,20.786278,30.006252,11.640524,6.6616545,15.091634,60.0728,119.05386,56.30574,101.291
60.731064,20.438696,29.451447,15.020386,62.592525,36.133873,54.439476,-28.57989,26.745304,16.94539,69.103294,54.63125,41.845222,36.438725,39.710472,41.4145,63.53714,73.531586,86.36225,40.111504,39.7957,43.461304,32.88124,23.078955,39.627132,15.305051,8.655382,26.3877,24.245739,6.4811993,8.362616,11.853531,78.67313,116.83029,75.89559,111.137024
48.69871,21.57302,25.971483,19.246489,78.65831,33.5414,43.564785,10.7703495,50.922245,19.653236,62.078045,51.779663,53.700985,35.91033,37.123375,27.140192,71.45833,53.582798,43.919533,43.98484,54.564507,35.917236,30.663536,39.052696,35.19792,27.786037,6.5768237,23.489965,17.048391,12.993791,11.289689,14.155355,52.37526,112.23488,101.82439,118.15396
33.006992,11.427237,33.779408,3.695818,70.58336,31.596619,52.973373,33.052475,62.882816,35.89682,69.95356,53.29805,50.19935,37.04985,49.273346,37.57849,59.281055,48.655243,80.99634,53.625305,80.93451,53.76545,6.2048187,25.345419,34.509567,19.19358,14.201612,17.410995,10.185133,-2.9422808,7.39432,12.585393,30.352026,90.37951,94.87703,120.414604
13.460521,2.6923797,23.081907,17.7259,68.68448,31.16848,49.181667,4.519764,65.275696,39.76307,68.6965,49.540264,37.43212,29.649319,42.696842,58.96112,49.562653,20.453497,81.30965,65.90295,109.8161,59.03717,2.4089699,5.969266,21.741325,27.043972,22.006527,19.369867,2.7758727,-0.2459898,9.052149,9.986961,10.154071,73.929184,30.140121,122.59046
12.159771,11.4545765,35.64325,11.524018,43.709602,39.026337,48.557182,-5.411001,66.23602,38.304417,90.91147,49.7566,28.406134,33.09979,44.777493,43.764187,37.920696,15.069073,36.60333,36.163124,68.07709,29.408127,25.416658,13.033835,6.375119,44.499825,23.242634,45.057026,14.766785,-16.258,6.9964795,0.32912064,-7.4400883,75.15986,34.40103,93.9292
7.622988,10.824385,40.749454,3.1711535,49.942116,45.190613,39.30686,18.361649,48.020924,37.466236,83.36352,31.735903,26.901585,42.871964,33.736164,17.057505,45.96383,21.489996,24.188759,48.66815,52.52193,28.507532,34.8386,32.357445,8.662003,24.783945,27.799936,58.457726,19.563854,10.585722,7.379056,13.764858,2.3287072,116.17949,33.180737,75.26587
8.951428,21.75021,30.813725,24.105854,20.18322,44.510986,33.762268,17.479,33.76784,65.05165,65.20357,30.185541,26.363861,38.15038,26.788517,37.524162,33.590252,-5.394493,21.397478,42.31171,35.85993,10.381558,29.934593,23.106321,1.9784026,21.150944,16.654865,24.057793,11.128715,11.05576,8.225961,-8.475845,-3.2242212,117.208725,14.8634,42.993057
-79.523,26.749805,28.978626,19.93144,0.7047887,36.099697,15.1066475,24.264767,20.1204,30.201902,63.20342,31.276638,20.60038,24.701925,25.73277,52.968285,23.92779,8.932761,18.76733,26.870628,59.18975,-16.574245,-1.1311226,31.164303,6.725084,22.780952,2.9656582,8.586849,14.653448,-0.45476723,1.9604492,-15.67335,7.524984,95.68889,18.924189,46.59709
-0.45708466,33.695717,34.4296,-2.3524733,-8.711029,36.30892,17.409199,24.683405,22.581255,4.3256226,36.96188,27.124922,19.696482,16.590605,28.07281,80.50624,23.73264,-3.3336487,18.691803,32.422794,52.989006,7.9487247,15.514664,40.23906,13.505623,15.396158,3.710311,0.34736395,-11.577173,-6.456443,15.498015,-4.686367,11.321974,108.49123,23.128082,42.774757
24.492266,29.28917,74.63982,-12.806214,7.657461,23.615793,-9.503666,21.437605,28.66594,11.167747,7.189251,15.393086,21.909056,16.99656,-9.03793,50.173737,57.279476,3.5430584,19.750267,44.329163,40.658695,14.455994,18.67047,22.319513,22.149742,-20.611803,15.46666,1.907661,-2.0236125,14.464813,10.721857,5.1903176,6.3003883,79.65077,-3.2093048,25.00549
11.328283,10.849749,47.672028,6.1063037,82.24246,15.616152,-13.67553,39.283707,26.960526,44.041367,14.458124,-4.3556404,24.42275,17.9121,22.615175,35.69304,54.061474,7.264846,-1.5672836,23.149454,48.717773,55.97953,19.582575,25.770576,31.479609,-15.85232,13.560747,-7.247568,11.409043,11.457579,15.7537565,15.280102,9.498493,79.577545,13.211572,20.234806
31.648857,6.2858124,46.875,23.017233,119.185394,38.257523,10.831722,42.01051,37.63595,59.553097,31.967075,31.087074,24.804737,20.727364,22.189913,59.650322,64.59155,12.284167,28.314753,-1.2192211,32.25998,26.180553,20.369057,36.36373,34.06279,16.105787,13.427135,7.8538756,20.595842,19.281618,22.644829,29.256058,23.692825,59.044647,-21.235956,56.685173
33.903175,8.231454,29.272146,25.386524,79.11783,25.0372,18.969715,64.31187,36.28836,57.93085,32.46791,42.09164,25.204351,37.081184,14.481606,59.67645,102.30986,14.350175,43.56238,27.85193,25.136017,13.1669445,33.64487,38.205006,43.15844,1.6825943,12.162851,26.42378,24.901266,13.638643,15.16969,17.173492,26.365553,63.886658,30.8852,66.06346
36.094242,7.1320887,25.736929,10.761963,69.07343,18.68255,14.003288,47.74664,51.67065,28.964859,-7.6253433,45.89454,19.193699,32.050995,13.501477,80.813225,54.942856,4.750436,36.894993,26.835314,25.096767,27.465265,28.473074,45.342403,35.79579,16.732939,13.101163,22.99311,27.812046,5.0576344,6.9695787,17.14023,24.140095,71.95012,38.943573,82.65708
38.44726,12.08533,24.898968,9.857416,-12.154331,16.043736,12.665674,30.029373,44.88238,16.069471,33.252754,27.919167,34.037407,16.068624,14.175261,73.30962,88.79107,30.048641,49.541073,25.507349,41.45552,31.695278,24.593014,27.746622,36.41867,68.605515,21.99223,19.887953,29.883698,14.826796,2.854906,5.7934046,18.441381,60.46466,21.527205,101.348015
69.3876,11.797815,27.962646,1.240428,85.764755,13.117989,37.666603,10.259512,40.96984,23.480074,39.47412,16.911373,31.796555,27.620567,9.613905,56.96554,44.029243,44.66037,60.945496,24.881613,51.007168,46.490353,25.923073,9.520254,27.838484,66.12426,17.13461,13.917711,12.9069395,13.78872,3.0045428,11.266259,24.137436,45.410736,7.380765,82.99527
62.530052,4.551963,37.638603,55.170746,73.073524,25.716911,38.427025,14.809403,24.909534,41.18583,34.429825,27.461752,15.690723,30.558657,20.657944,73.392365,72.88397,57.760513,61.879982,23.863434,40.675156,45.911877,50.712826,14.714035,20.318943,80.9852,16.784325,33.612232,13.372492,1.0054662,3.5581594,8.16928,26.277348,24.011463,36.96573,63.743397
67.73456,19.57414,18.005045,37.294006,82.8118,31.980679,30.389343,26.58738,24.891243,56.944378,48.964893,37.728783,13.3386,28.661282,25.94552,76.30293,80.44767,61.261314,125.720856,9.81933,49.58098,35.37126,55.166885,12.449694,21.150358,70.795235,23.587196,113.71027,5.2649918,-0.40232563,5.2495146,6.162504,25.819714,50.892437,39.05423,91.41769
50.93149,9.50687,23.125721,43.22804,60.92683,31.058298,39.216915,29.171434,14.516735,57.025105,41.309277,30.948717,9.5699,25.706186,39.85912,67.155106,68.684166,83.77873,142.66608,22.589867,50.81281,47.60644,49.206627,13.253315,14.9081545,69.0942,26.597214,93.688805,23.248476,-1.4606438,0.035941124,-0.11602974,30.144663,58.97436,81.96593,143.77359
54.0828,22.367989,32.78213,68.425064,91.65469,37.14583,54.962296,50.751255,7.0272026,62.68922,21.237476,35.257446,1.924118,26.557074,33.70836,29.304182,70.23525,70.40712,80.96972,25.313091,60.74411,44.45849,57.00286,22.0453,34.163147,118.62157,25.795958,63.474518,3.9508934,13.362551,1.1336036,0.77176046,30.126717,73.98723,73.882935,146.60223
46.53042,26.578863,39.479275,78.783295,82.160645,38.516506,51.334095,40.649208,13.117923,63.9727,46.78601,29.35155,13.861463,27.499805,29.500883,47.41976,68.20367,55.814056,61.632526,30.871181,68.6443,33.268024,18.052658,3.6337872,28.88672,134.25687,22.259516,59.60413,11.284798,16.651735,0.4098115,9.628124,29.689291,41.822163,86.09994,138.26799
66.28311,22.349392,27.595293,96.098495,70.93281,24.515606,47.048706,41.705982,13.064878,30.728252,67.09593,27.87113,14.849213,55.4604,40.050163,48.938828,62.149677,57.76595,61.819233,19.935081,65.26704,16.635294,5.3191433,14.313213,64.40643,138.81859,27.358143,63.305058,15.12068,12.306093,4.036802,3.9024553,30.695333,43.261417,86.62868,111.48865
61.037056,36.197495,52.43306,85.38234,58.15436,32.407394,26.875683,46.3662,20.96725,38.563602,66.61967,30.179611,-36.37796,50.240326,51.227077,57.33201,50.436333,49.6079,35.549362,20.779024,54.76738,6.3010826,-13.887938,30.543825,40.872013,118.28628,18.362188,10.856846,5.674803,13.468774,-5.939544,8.773037,25.854948,38.83589,78.27887,105.00531
49.18805,30.74307,46.115032,91.780655,47.090252,32.130993,28.274965,39.840458,24.83086,33.386288,43.574997,15.446766,10.417969,36.92845,31.194006,50.027416,54.588253,52.4482,42.159668,23.633488,47.762005,19.131123,22.24664,17.647083,38.499943,97.94093,8.668547,2.1156602,7.8005743,6.0075903,14.336149,4.946751,37.80548,18.35767,78.88562,105.93567
62.412754,10.477325,41.5853,69.404915,16.312778,32.19681,30.040052,22.920855,31.587566,23.724377,26.557938,9.798783,7.171427,34.90667,19.343163,62.95069,42.078896,54.81581,65.20693,33.87771,72.88569,30.247524,15.802558,21.987324,42.898487,63.714584,-1.1703577,-18.103811,4.5778003,16.872053,7.789656,8.6656475,38.34591,44.865738,89.82653,80.47156
98.54373,8.5058975,38.90831,65.579636,76.77519,25.333454,17.624523,30.5778,32.266644,31.006542,35.378876,9.90377,18.344587,48.861584,15.543332,24.347443,28.536415,44.00996,73.54866,25.511448,43.377415,23.597345,10.607551,12.561101,39.7806,49.60018,-9.915577,7.1722007,-26.265045,15.671679,2.9998226,3.3790884,25.300245,53.838688,89.28631,78.31832
95.145004,24.29469,50.92066,35.85173,66.33559,18.734371,24.739784,10.86141,22.521679,33.678635,30.798653,15.93359,10.6252165,28.218105,18.01735,35.343513,1.0152016,26.693146,88.407845,32.620995,40.712692,11.803033,11.141842,12.1977005,35.035362,41.857697,10.966396,5.3515644,11.611042,19.660961,12.390411,-10.886066,21.172188,29.540258,81.729576,69.57654
83.83146,30.442303,42.5486,32.073048,68.524185,15.296322,9.475466,12.101996,44.572205,35.05589,30.84857,15.778448,19.91129,32.093117,11.05822,10.082748,9.357372,51.492764,116.42761,10.785532,28.818144,29.047092,32.081665,19.662342,18.400156,57.740776,18.41932,15.745157,7.8906603,-5.3325386,2.187501,3.6995168,19.518847,36.26603,81.29001,82.09806
62.63935,27.547775,47.835716,38.528183,78.130875,20.958605,13.630999,33.46647,66.956635,46.20021,45.174488,42.650764,25.853422,42.197144,19.12654,65.291985,27.927563,58.949417,96.76582,5.8940544,15.496462,29.624466,41.12834,17.7038,30.320406,51.724155,22.860651,19.747883,37.15054,-1.905169,-3.1492844,11.674583,40.33368,49.661766,60.745132,85.25792
59.022415,36.172314,11.697567,13.403065,79.86963,32.216747,41.34963,-19.04609,48.45281,57.282078,29.663359,40.40992,22.669758,52.30966,33.518787,86.05644,47.719135,66.39916,77.33273,34.726345,24.699263,26.804085,7.4403,6.0320587,33.064728,7.1110687,29.625534,-3.7163029,41.3128,13.208949,4.64034,11.077134,33.183426,64.46892,84.40555,80.27161
52.40391,48.40568,12.148813,14.357582,76.68211,22.000055,29.702166,-7.5654573,57.63494,59.63168,44.724995,33.044975,22.385275,45.11304,19.425713,79.890366,43.475502,66.03352,51.06095,25.68702,30.327066,34.154755,25.066044,22.731304,36.611637,23.876942,18.536585,6.0193777,27.237738,12.491567,12.296892,12.613752,36.178898,74.406334,74.28421,101.39559
38.94581,39.021317,22.573647,13.196894,65.41824,12.964691,21.959621,89.939606,42.288967,31.100115,39.513508,54.681595,22.614216,56.263687,21.522736,59.5755,48.357853,62.882694,56.819534,33.644753,29.654654,35.878887,24.559402,10.036746,35.274006,-22.3279,5.3506145,-23.34654,32.912773,-9.253236,9.046016,9.944054,37.37875,39.979156,66.48256,97.57424
44.407555,36.98365,3.2427883,16.021149,44.970993,18.761316,21.446053,55.10137,29.837158,39.117767,45.49748,42.037132,36.007927,61.282875,8.895605,86.4957,102.67235,70.29134,64.468636,25.676779,19.305607,36.39354,28.09534,29.64114,47.57814,28.328161,13.913212,6.069165,25.543484,-6.1655416,16.238346,22.54607,28.087559,61.755825,91.89544,77.4479
18.472845,37.071236,1.6468697,0.52936983,41.085964,29.788166,21.683426,44.67808,28.653429,39.935795,57.305687,43.16644,38.453667,47.3239,7.468668,61.665543,76.55579,40.873314,88.185875,18.903854,19.029337,-18.514801,20.893372,24.334558,20.821009,22.303104,9.469027,-10.827907,33.026344,2.043167,14.065199,-5.2014666,23.542486,66.64833,55.513268,63.182373
21.065348,20.441135,-9.507343,11.492515,22.00132,21.412697,14.450858,55.02212,48.250866,37.11501,48.677296,25.135122,36.48321,39.64817,16.787334,42.804497,84.09918,35.051548,75.99135,36.218487,10.714208,20.322851,14.120885,21.13361,26.522558,22.920815,35.575085,2.91775,30.869541,22.369276,18.19123,6.9394145,23.757025,86.693954,39.140285,56.909195
9.979689,18.730228,13.326107,15.864957,11.756067,18.896694,3.9255266,40.042667,47.746174,40.71991,43.4077,25.93761,19.235113,32.06471,11.439282,44.60407,56.808018,36.345978,102.96229,22.95027,11.765888,-17.683632,4.43441,52.819145,25.790731,16.220528,16.803251,6.65203,25.16927,28.488176,13.688883,-5.487631,11.141683,75.62248,32.46848,52.995724
16.029533,9.560323,26.067472,16.09569,46.038193,-31.591284,2.6567516,17.108002,23.60273,47.56119,34.30072,11.923061,20.924353,12.888557,6.707329,46.845875,73.09016,61.306442,95.89139,28.02425,25.452911,14.464743,12.972113,77.732574,30.51249,10.239885,16.421227,-17.866749,69.46594,0.87522316,12.058254,-24.457392,12.064316,102.3685,12.796762,58.877502
31.834942,1.8665571,42.23901,41.239685,55.90029,11.472739,14.818834,44.97559,20.546915,55.56726,33.79813,30.176067,11.512582,-1.7698545,18.574907,58.401543,56.949566,58.306355,74.044266,29.377237,33.88104,14.025373,5.5089903,38.074757,49.86713,-0.35757256,8.034264,-5.7702966,51.503445,-15.081991,1.8675604,14.54966,23.261147,96.95379,31.507042,54.6882
47.83234,15.680664,34.51268,70.089836,51.76327,18.01558,-0.72351646,21.610561,31.41018,24.939106,45.767056,15.919416,22.137655,8.686786,14.492133,48.860374,46.40233,72.19683,100.20597,21.298904,27.437351,21.539455,-12.928328,19.705248,24.594357,16.742762,11.956847,4.34011,27.422081,12.599712,-6.9164534,30.67193,27.000114,70.294785,35.877266,54.194084
47.712902,10.2637005,44.637043,54.800262,45.20309,31.17759,26.400368,11.044079,29.027683,33.98049,58.76471,29.814432,25.067574,24.4552,13.221015,41.940926,53.493515,75.280464,98.81429,15.350517,38.53515,59.60653,10.075355,4.43027,22.217611,51.54767,-5.775152,29.749252,52.545895,9.543044,2.0999398,47.46079,35.156876,74.86354,35.115616,61.55797
47.321148,2.690898,42.809658,45.356228,48.53378,41.111835,31.065144,-1.3207645,22.614288,40.78848,66.21187,5.132881,-9.241293,37.664585,16.060131,46.833847,59.783367,113.86183,102.24952,21.315907,38.241394,54.7634,15.190322,43.523678,25.945793,50.65823,16.62666,28.8606,67.99959,13.243589,6.9391284,25.167784,40.85321,59.159134,45.4834,68.41931
52.507687,10.580803,53.68687,33.60693,51.459877,31.036348,37.4146,10.3584,10.711164,33.34473,56.363956,28.556734,18.551033,56.447823,23.620293,47.761837,124.92442,124.155914,95.78948,33.449883,45.32803,49.684406,-9.674576,25.372568,31.68122,0.14240646,20.158022,28.535524,51.77279,18.967089,3.5071964,9.477387,43.451538,59.122963,58.528847,70.34207
48.829643,9.678675,38.577183,63.878044,51.88551,26.327961,37.3232,25.00063,23.72493,41.56104,83.351845,15.419663,20.052458,52.590553,32.538155,90.9509,118.36898,101.28216,74.19766,6.8416615,58.76626,26.01376,15.581867,41.11283,30.429457,33.430466,40.782227,32.0059,81.479126,5.017066,4.685078,-18.579351,56.260803,73.55388,55.97516,64.01934
59.472134,14.140247,45.126316,52.171078,40.07428,32.103973,34.458508,33.216885,31.78554,44.742878,71.21449,61.472775,17.036695,40.609875,35.976444,68.96769,108.40389,103.572075,80.47456,37.02555,68.46779,33.900517,11.097973,36.80728,36.656822,40.12501,0.9734688,21.61209,54.053463,3.8481016,1.7689152,3.5996585,67.92334,75.089775,52.08667,62.4477
50.879044,30.875149,46.381283,20.798746,23.861517,29.029436,37.37691,24.02188,33.73084,28.898823,36.70845,5.3874187,19.305475,34.231014,32.707394,79.24959,94.84557,91.075966,86.020004,33.066895,74.48954,35.68609,31.177273,17.497572,36.336407,31.961786,38.079998,-27.724392,37.074005,15.281938,15.828913,6.4016876,52.479767,77.12064,58.39832,66.26581
46.173237,30.349302,45.54835,29.161804,20.267637,33.45295,46.032192,8.8875675,29.601759,35.809868,60.294662,-10.574709,27.03348,28.04735,33.174236,54.240997,104.55117,83.517525,77.43172,27.124485,87.31876,39.6717,29.115318,34.00555,24.62147,62.245113,24.458067,10.2295065,31.183647,22.606096,17.159191,20.486698,69.57391,89.59521,69.66655,99.06642
40.930077,25.275175,56.122097,32.76057,31.184055,43.48761,37.718018,20.753248,21.215864,27.765932,63.07475,20.056192,18.51537,9.553942,50.108936,37.165447,83.20004,82.56244,120.665596,31.750658,79.04269,39.891197,40.528664,21.057152,3.3480968,57.297054,17.151567,19.078762,29.224613,9.328611,28.054047,13.447153,52.574776,117.94369,82.343315,83.57563
64.177246,13.974613,47.84798,34.32888,72.32492,23.557034,48.28084,26.803879,35.46594,20.566534,74.179276,44.813538,26.256004,27.698557,34.5868,37.463894,83.23667,79.85219,110.7989,23.191114,54.72814,45.23567,45.163807,19.308718,26.097786,38.454464,-5.374856,18.33867,34.241505,20.525236,33.404846,6.7228336,55.465782,101.7144,122.98542,64.34676
36.775337,6.9365606,44.12528,44.66061,60.5323,-7.9641304,16.686417,25.094725,41.569847,24.390285,107.61122,29.089104,24.775434,36.516388,40.35783,43.289444,65.09893,64.222466,118.78577,42.027782,52.78162,57.761856,53.072487,26.990166,16.304573,38.892998,11.435308,27.112803,45.436684,12.594148,35.290993,20.404781,59.59891,96.58934,106.00216,58.625637
24.330715,1.4259291,33.7317,49.230366,83.160095,-5.664551,30.269583,24.868847,52.57869,-0.06265068,86.95151,47.51908,27.870968,41.712013,47.1621,8.920364,-41.276566,78.016495,151.40216,34.236153,63.35736,63.177986,25.83426,19.399378,28.586243,56.003754,10.988895,12.953987,36.98394,12.001057,29.342665,6.639579,54.7359,98.17251,55.893913,37.67316
33.629955,22.273933,7.1864967,66.28002,50.757324,30.150488,14.816082,18.434689,14.887962,15.738849,86.127846,51.615932,24.589725,50.938625,33.30247,36.272125,67.71658,93.26524,143.964,54.17002,63.411972,40.609856,8.224504,24.928444,26.383846,45.09316,17.66388,37.489456,32.933178,14.32601,-0.40559387,-14.375945,35.75968,64.0295,39.756733,46.746143
34.695663,3.564968,7.7119246,57.296856,102.43969,26.550978,16.23647,18.491426,16.449566,19.515648,73.13194,19.928202,25.51831,81.42263,17.992908,45.58994,73.44585,93.80376,107.31061,10.420574,59.49225,52.42802,31.654116,46.980183,33.61541,33.430626,15.746674,15.238279,34.739098,24.471096,2.7757735,10.349481,38.629395,95.27542,50.09391,53.257584
84.34242,5.462443,9.491987,45.259537,98.32492,30.881187,19.417591,23.128143,12.839426,37.385883,66.37246,46.90162,28.09768,66.02585,22.039383,49.19541,117.236435,86.56229,108.99664,21.875443,50.91153,43.942406,30.01467,38.290207,32.059494,35.083668,14.594638,31.988781,36.09271,21.234253,10.963538,2.5360982,39.54534,103.76637,38.41314,73.723465
62.59033,5.0363026,16.33285,38.891376,104.04695,33.812885,29.214205,33.555058,13.676453,27.384937,51.395813,41.759315,37.917507,70.922844,19.411293,45.164734,98.97171,108.03108,101.11208,35.983612,48.383785,32.617836,35.723083,28.388575,18.124195,51.938465,41.016483,31.430897,44.475803,11.216151,2.8967981,5.5062413,43.768597,78.38054,60.34175,54.576317
57.86618,17.720245,11.624909,29.202251,106.339516,18.198332,31.149803,25.028374,27.524126,40.413704,-1.9062119,27.28402,32.92266,71.72558,13.244493,56.225933,138.87094,112.20354,103.90523,33.45187,109.538704,39.492214,41.17094,26.733377,26.86867,37.115234,30.288952,29.73872,33.06073,13.9196,1.7424822,9.793847,24.22224,102.24416,46.66591,67.10321
48.06817,25.483658,15.133592,22.655468,100.96047,11.169089,23.557552,2.6150017,49.741966,36.72832,48.95791,25.716713,15.270188,61.095016,15.342496,55.3919,121.79466,84.243904,99.75687,32.655468,87.88415,45.826824,46.92701,65.2691,17.690054,72.018906,15.883901,25.76878,31.084667,11.739463,16.199715,9.440597,24.98868,122.899536,51.071728,64.49121
44.665623,27.759094,-8.4289,28.81593,73.63158,14.703614,17.050198,17.074255,27.454254,23.074173,38.869644,22.290983,14.474693,60.317547,16.884193,45.331802,110.85468,63.76314,83.675224,43.813187,76.89169,32.398308,33.10937,32.59273,17.595724,15.875156,14.204914,24.899073,23.006931,24.276714,-1.9657707,-0.12848473,29.560984,120.62991,32.577133,7.212593
54.889576,33.887066,2.972999,12.935251,44.820007,16.31371,20.7974,43.741856,29.1832,19.726097,56.22761,26.218912,15.588732,35.90508,6.8445873,77.4012,76.16217,72.012955,62.601692,17.424152,52.96545,36.62835,12.921348,18.78471,21.395674,71.94794,11.426828,4.033041,15.554993,2.9521408,0.6811414,-2.1113253,44.41165,103.91224,18.807331,8.837602
44.48461,28.501755,-7.4866524,7.930474,27.230698,14.917675,22.460157,37.829426,56.68708,23.13633,58.7837,21.135345,8.948002,31.215754,21.906454,60.036087,68.12138,76.61336,83.213486,28.847092,71.2505,28.35078,24.908264,30.062315,42.00817,52.68143,13.848618,-1.4191341,21.31331,-7.3253694,13.965328,8.692695,52.94347,73.32358,-27.931452,2.0239773
35.48954,12.187506,1.0445952,8.295491,11.943487,7.653241,26.10141,32.180264,36.03449,16.963867,66.000046,23.085646,19.9328,12.486123,15.390107,71.47533,53.03114,69.143265,88.550385,29.7089,35.99909,24.768927,25.202488,24.21818,30.021915,25.801556,17.94725,-6.2171783,17.344667,4.712181,10.441076,3.573494,40.005802,70.74355,-14.646589,37.501785
30.024775,-1.4190826,12.968219,-0.9060955,25.346867,17.093239,17.144554,17.593735,4.760746,25.775433,54.790947,33.902054,33.617435,6.3088965,20.283249,64.399185,71.88773,73.06035,72.86516,19.764439,33.178215,28.338722,32.54995,19.177433,19.154215,39.780437,-2.121872,20.168753,14.179626,-0.04939747,12.64545,17.991577,33.897995,79.36191,-14.241712,42.66091
39.823654,2.397606,10.239622,-14.355543,31.258602,11.63836,29.308285,16.84754,37.14936,30.12762,39.604668,53.832138,33.103706,-13.913556,21.530529,75.31218,101.25566,82.54746,134.50641,24.238213,50.347977,36.072235,22.614428,7.954101,8.53097,65.62219,15.040265,23.264774,13.118189,13.8891945,14.953366,27.413227,25.400034,115.53845,-10.073603,25.523872
36.339092,-0.7725334,10.861923,15.047863,54.096706,15.83752,20.83728,0.18227196,47.314034,28.43294,58.76809,41.27674,23.653389,15.897653,23.459408,50.499805,69.522705,64.78021,87.7546,28.597767,40.99949,66.30312,47.051727,27.546665,-3.0846817,63.74262,18.349594,28.671442,16.00068,23.232319,0.7587385,36.94945,25.277813,115.02673,17.337742,21.536003
44.76624,33.294487,7.2905912,16.713648,70.52362,16.916525,29.03088,30.914066,47.138184,45.71675,92.82471,34.386475,26.3105,30.016165,32.129883,53.223633,65.75787,55.40764,84.83391,33.95049,49.665314,60.89118,24.198906,26.441364,6.916725,109.42908,11.601213,32.530407,2.6235123,21.654533,6.11676,2.2238612,25.201603,111.939476,6.055733,42.93911
31.837633,30.920994,23.559942,22.481438,43.721977,18.747574,35.28932,32.87008,39.47954,25.431198,99.14125,32.675037,17.976974,38.948154,41.34487,39.56618,79.92864,55.90883,92.660774,-4.334976,39.332417,8.784687,35.275528,21.733324,12.256267,94.08635,-4.449811,31.550106,-23.617702,25.48072,10.071106,1.2028999,42.334305,106.91134,5.674945,29.135294
26.10177,33.03643,29.51428,12.29769,32.612797,44.786724,26.283585,37.721424,46.13916,7.3997164,61.21657,29.31528,21.479277,37.48716,40.629795,35.42018,59.930256,75.43796,75.793,37.190487,46.8397,28.864902,26.45274,22.76193,5.398657,90.702286,21.50513,110.69063,5.4668345,10.349411,8.361373,6.245894,20.926682,170.44098,42.11504,16.536068
8.586542,28.094841,26.297447,36.215977,18.42511,30.796616,20.345617,54.9781,35.546688,21.522732,60.601532,30.371952,23.434212,29.564402,42.95713,42.099075,77.92052,63.45552,100.42527,32.14225,51.99272,23.578758,32.461056,32.918625,-6.459326,78.567215,31.508118,80.6561,11.240349,5.0681973,8.0257225,11.081617,20.493582,137.16095,62.771786,31.84168
0.7836809,26.168848,51.804882,38.5577,31.337605,-9.068172,27.378937,72.72789,17.594492,38.7466,68.332085,32.83615,41.578987,40.01212,45.35149,19.478487,70.64304,48.476467,101.37887,33.276405,47.63084,34.404907,35.766304,38.290596,25.210173,57.76421,23.155914,49.015022,12.636301,-16.173105,4.913125,-14.0847435,21.64526,121.90865,38.690865,43.713974
42.30393,21.343895,32.31653,70.63894,47.84297,27.085064,90.41269,71.34217,49.0157,54.79616,66.69598,34.141876,55.91715,63.287052,39.502087,17.982183,81.427185,33.21031,68.32119,35.07542,41.257137,34.8934,19.67701,15.414614,34.970303,23.41616,21.881638,2.0136948,12.628324,-1.8977213,0.5923257,2.48989,5.84015,110.906624,28.816872,30.289644
37.07283,15.417696,22.804783,68.1902,82.405975,24.102257,53.03172,70.94808,43.78354,64.7097,52.297062,3.315525,23.811192,67.78326,21.072117,-5.670992,75.407936,28.799896,73.58866,34.767616,98.90964,29.866417,20.910666,5.3578825,35.793667,20.630928,4.8960843,13.798501,14.711324,17.235184,2.1695213,14.883879,1.4556704,86.04298,59.97355,40.311604
29.832478,14.493812,44.199684,48.75102,66.03175,39.642593,9.482565,37.037323,26.019855,62.580715,55.413998,31.536896,13.7659235,86.85114,19.419765,29.647266,103.743355,47.64782,108.41848,34.360252,80.246445,24.827248,7.917847,-1.9022522,28.429523,5.1465683,33.8082,33.49188,18.266499,20.532696,3.176886,21.164288,-10.057043,46.9201,58.0833,51.865112
34.54793,18.018986,29.41786,16.437256,59.098816,36.38061,26.157766,36.855385,37.963833,56.4192,67.86313,16.695036,19.015745,89.52405,20.69589,70.83395,67.1854,38.79762,74.81179,29.046955,116.98474,22.589811,-5.1690216,17.370485,31.659851,8.703745,32.196526,57.66156,67.9449,11.651596,17.677437,-3.8608856,9.586312,21.584831,59.63332,60.009354
50.16902,7.10513,23.886505,-1.6861401,62.207596,33.986996,11.98934,27.519821,45.02181,42.74718,90.18803,28.586304,14.918655,107.29887,23.176954,78.676605,0.07793808,21.680717,80.52781,37.084305,65.33102,24.338766,0.54369926,21.843937,23.78086,29.367035,7.1570854,69.60106,53.12343,16.959364,11.457125,19.376991,11.973169,28.96192,55.931416,80.86374
53.933384,8.821721,25.609634,41.210594,57.05417,34.57523,28.060427,-19.183115,58.17373,44.612865,79.79242,38.892883,15.428199,93.49035,36.355064,53.82256,10.371414,30.846039,129.17224,31.903282,86.10837,-16.346601,25.85436,33.261555,2.2729874,67.89931,23.667847,37.57858,48.60702,14.118753,18.84217,17.341469,27.95879,20.427412,54.656387,105.56912
50.948563,15.697067,10.523903,31.656445,59.658035,28.811588,29.953407,-2.874239,33.690464,39.80852,73.144356,26.67136,11.654704,101.3444,26.92622,60.023262,8.445905,24.623013,110.66212,31.693111,74.08707,45.59715,38.18158,28.7068,-6.7317963,95.74448,-15.215469,49.962616,55.316025,11.4853735,8.051543,11.426868,14.389551,20.166533,61.286022,111.32154
29.026966,21.661472,3.017417,16.312939,47.421753,22.820166,30.051739,14.892909,27.809841,36.074497,52.809635,24.173296,6.729626,78.64775,25.305141,41.312817,14.3962145,36.795586,92.37826,29.269394,54.504204,35.876904,27.916012,51.804325,24.613266,27.518734,14.475075,27.278011,25.046051,2.0137062,13.099871,-2.5656438,9.229929,32.40354,70.99123,119.021225
32.064728,15.752528,-0.2990179,21.968103,54.06508,7.0394707,34.06972,14.457654,36.534966,39.060192,36.857708,5.3678007,-44.368797,60.42543,-6.3790207,46.27322,23.8928,36.2107,53.502983,30.795603,45.283474,-15.324894,25.713696,11.574356,22.560326,68.695526,18.354599,19.970707,18.861526,10.08567,11.812632,5.270311,9.051279,40.88199,65.69612,96.87357
26.01897,10.815767,13.24178,14.890942,33.02604,13.365253,15.613961,-25.037659,58.675224,39.059593,47.073795,-31.993351,9.859687,34.238476,10.196081,56.829506,16.891804,44.98683,54.76315,19.841162,50.94274,26.546585,33.99031,45.99212,20.251188,43.617535,5.3508596,26.792532,7.1738443,0.41742516,8.99861,20.403416,7.1242204,33.45555,55.48075,102.80942
27.169067,5.7015133,11.685202,15.40943,29.489202,11.71407,33.983917,-9.429971,36.76635,38.91884,21.419008,9.129836,4.356614,16.807825,12.576227,48.15851,17.511683,61.3672,50.468685,19.057302,36.379272,0.40084457,7.794325,42.914757,22.870079,43.686886,10.413685,23.364172,8.134025,-9.714298,3.842815,10.58617,13.51417,68.69812,33.895325,93.480606
26.233015,-2.4018154,20.829672,38.07186,12.495737,8.100365,16.756435,-13.332207,33.498573,39.26471,29.902802,10.138588,-1.3110917,22.479588,10.194805,17.97489,29.17238,69.838394,52.942165,15.524687,31.5771,18.319298,40.711864,29.84375,8.147448,22.435806,28.538446,37.360165,8.911823,30.716114,22.417305,10.656068,10.507784,54.871143,26.22081,48.36282
66.067825,4.1361356,14.930467,42.677555,20.643227,21.253996,19.69637,9.962851,23.312643,60.7505,50.857384,30.246311,23.480297,23.20443,4.7734356,24.098255,38.0967,76.77855,53.58848,21.954086,23.46695,35.003723,11.81593,23.915821,22.125948,35.40821,5.9609966,31.172224,41.59948,20.604984,27.877926,-13.18834,2.0745754,40.546127,61.0936,55.37549
59.415825,8.276258,15.726987,61.173256,60.853012,0.20873833,34.090675,11.287813,38.34365,37.38005,69.63981,39.939907,18.080868,27.77787,30.574759,28.549408,50.29674,87.5432,84.82985,9.072522,29.392805,34.65507,24.09763,29.75484,25.566832,47.888206,20.770805,38.728767,38.11107,13.358799,22.306192,1.0523548,6.065269,49.483223,59.92453,72.82999
14.246574,9.810571,31.365353,60.038074,63.186123,24.54748,33.661224,31.623188,36.083103,26.3465,66.41639,36.864925,21.424414,26.49268,41.529827,43.074425,54.836563,108.83881,94.613304,20.637833,51.324467,32.64515,37.09889,14.703002,24.030653,39.531128,31.810871,34.93296,39.11722,21.351452,15.310599,1.4518356,27.32819,54.44075,53.286926,75.55533
57.26992,0.5186329,47.448627,56.966614,76.27013,32.76162,30.045406,37.31082,66.067184,41.90801,68.228745,32.264038,17.387905,37.304646,9.944862,62.19699,77.019516,114.459816,97.26824,35.822247,76.58742,58.274208,30.339266,23.868742,28.600237,33.751858,27.978456,26.508162,41.189445,34.10963,15.38349,-4.702379,28.810251,87.123405,53.996162,104.8737
60.386475,15.000088,41.569458,84.18669,60.79126,41.999588,29.955482,41.381855,42.762978,40.390743,77.23275,50.368988,32.80809,46.818966,27.615435,57.385918,139.44022,107.15651,70.47993,56.42875,82.55828,53.475235,0.5109749,22.05018,27.381077,56.2404,27.231298,31.462627,47.860413,26.957355,12.157467,18.916325,37.60331,82.80986,61.50909,143.13846
47.19462,14.925706,-1.1553154,49.285385,46.29213,30.378227,57.47406,25.69978,38.124058,48.03843,81.9561,63.27484,29.962614,46.259197,25.12218,48.116043,106.39963,86.1202,126.292984,43.70025,65.28398,1.0564766,29.539583,25.202484,10.441556,53.1391,33.786453,34.86733,27.394678,22.472166,6.763283,-15.245977,47.794125,85.81183,39.83722,142.4801
43.94263,6.586729,12.152132,30.540749,43.82829,24.463324,49.47735,27.828358,33.634846,41.375427,59.381054,30.650873,28.706837,40.497963,33.807117,42.13869,69.81638,67.39556,92.168434,41.92536,48.180466,37.34532,24.98736,35.59368,6.2561274,28.369013,17.601213,29.390184,21.076376,-1.8657761,6.186572,10.677903,45.89356,123.05696,45.63938,136.83783
37.691753,4.6176324,25.159794,19.754251,17.488415,9.93397,51.50912,21.2384,29.29315,48.50169,31.08851,-16.109636,26.432364,24.642345,44.311234,57.320717,58.968548,76.03578,71.59004,31.90087,18.904018,35.009193,60.754356,15.074139,-10.823578,-31.13364,8.353861,23.781418,16.696257,-4.954324,-4.844866,-0.09683037,35.88937,134.80034,46.341343,113.03024
36.813675,25.8794,38.95902,18.629177,13.856078,15.686631,42.1059,12.46291,37.107605,26.608843,57.98953,29.015795,24.11036,19.51418,29.677341,34.333252,66.302574,69.92664,82.13164,39.68797,33.02329,24.824268,52.47288,20.602917,0.9840164,10.314041,-19.911848,17.401514,23.275324,7.4676642,13.602377,16.25253,30.647812,139.83258,68.50793,111.30272
30.929537,16.466549,38.694916,21.684795,24.437283,17.086956,43.289856,21.118143,38.318542,22.497791,57.5111,26.944164,42.162186,9.265646,29.040218,64.01752,51.69383,67.46352,76.29522,30.56969,47.054344,26.818571,42.728363,15.654783,48.66801,15.509401,-8.850156,6.064762,25.5515,9.07466,15.126255,3.6573992,2.3335419,123.691574,69.70005,76.09633
28.830698,9.861891,28.55824,41.6886,40.35257,38.34754,41.373955,4.169729,58.93773,21.210453,80.68332,44.161026,51.235054,10.667939,40.3742,44.002895,74.20201,71.01491,88.88084,36.983707,52.77377,25.807615,36.13194,15.684326,28.85019,15.36926,-2.6289854,9.325073,28.379238,15.6531515,21.124777,12.836839,13.32924,119.5626,59.774525,56.23441
29.580208,9.001933,33.783947,60.623917,47.956047,28.095013,48.269203,23.298838,53.113644,46.488598,69.41768,41.260048,34.26339,15.116375,29.15261,38.832092,87.34662,86.93676,40.592674,49.263584,69.20747,43.853046,27.848145,13.504728,24.368376,21.490614,5.054993,-6.9924507,14.030064,16.153261,17.245928,9.971945,25.203466,123.5957,65.48307,71.29241
24.755463,7.495591,31.798689,50.8828,69.61452,18.876587,31.750687,36.67117,40.455147,47.65451,65.89334,22.123,30.93579,24.139633,39.133514,62.132385,110.964226,81.98803,67.45588,44.463203,46.794624,31.58791,24.258698,7.4938793,1.3681908,40.7595,25.212427,21.559704,-14.005114,11.596771,8.331766,11.391562,21.177105,121.04311,58.08178,6.6496887
17.284533,14.442587,38.332012,61.230522,44.04812,27.34118,32.007374,6.4271774,49.35386,49.345505,89.21428,44.071392,22.638058,5.4824095,35.03088,51.28219,92.35485,96.995415,76.00131,47.085354,51.306725,29.541763,32.667023,9.590079,10.53025,19.132652,16.522665,23.915237,12.545181,-10.288115,12.603885,-10.857265,34.852127,142.08311,58.935772,31.337662
11.75572,22.340038,29.607264,39.99086,33.631287,5.9172344,28.658236,11.547921,40.493263,22.531303,83.17329,40.11584,16.542759,0.43903542,59.616802,28.909958,84.092766,96.23635,98.99211,-27.580994,52.025383,38.320072,-9.008013,8.128733,8.586116,5.2560234,8.687212,-7.9261494,14.505795,-6.718026,11.275565,24.755981,26.797373,179.44653,8.355732,64.42522
-2.096879,11.436642,20.943144,46.92871,33.073284,31.841492,31.081173,3.2216778,31.78733,28.879284,85.74472,38.970257,-0.7754936,26.962975,36.84751,64.109215,92.00192,95.37722,63.07037,42.575497,55.122726,12.3780365,14.637873,12.511885,12.119445,28.898666,-3.4284706,6.925518,28.068699,15.378218,11.879587,43.13636,-3.6117992,150.68665,80.52858,54.888714
1.2154188,12.925007,-1.0461922,28.754295,10.524835,24.694805,23.431604,16.159147,13.502776,24.701042,78.82563,21.119509,-28.433655,-11.328643,24.077011,40.568733,79.35841,65.11551,123.686005,28.642471,65.582214,19.780197,31.413599,76.15518,9.32474,19.028065,16.825094,-0.6465864,24.561916,18.528757,3.7329502,26.818678,9.766242,101.64582,60.864925,61.479614
2.8267136,6.2240868,0.09957838,31.363615,21.593464,3.6006107,17.205055,14.974275,11.040998,8.1514,45.08184,11.763256,16.578545,8.844245,32.039143,29.472166,78.14705,58.690353,47.25393,17.025661,37.697453,22.436277,-22.909325,40.151466,28.739775,22.34109,37.834133,-1.4323788,12.707169,6.8774996,17.49359,29.109837,4.5424128,102.474075,36.267685,46.62592
11.113917,-0.35343742,1.1562004,31.746742,29.212772,15.366916,22.428936,19.593271,4.473195,20.371662,47.76839,10.89834,15.798848,-8.165898,18.906761,27.894726,86.070114,77.57449,40.10578,20.218271,43.011467,12.201305,-31.506716,29.76759,30.204226,22.423779,-1.3974857,7.357133,-6.834532,3.2834835,15.576662,0.76848793,3.4107265,80.01035,-3.3853207,65.06718
4.4973555,-3.3623323,6.884842,27.495548,32.660778,22.582724,15.946715,47.733078,-0.81708145,18.98959,43.139404,16.284523,0.25255394,-7.043178,30.059553,45.947514,91.8919,66.3338,55.89552,14.456287,54.44823,13.052494,19.445324,14.72366,22.406445,9.856448,-10.675701,-20.196054,-1.6860406,14.965521,16.059107,30.351357,14.28462,75.33249,-15.933254,25.676598
31.63957,3.0960922,20.104538,25.581179,53.870132,25.621328,11.12745,22.318153,-31.674343,33.16676,39.097538,9.770552,2.6191218,-5.0075397,19.29849,54.24718,59.027317,60.83418,65.48003,13.464969,48.698273,14.020428,23.185022,32.22121,20.8811,0.8799572,7.098474,0.25024986,42.524494,10.584649,0.8580017,26.652739,9.324767,78.760155,13.659562,38.661835
37.820267,12.244,18.205885,2.9059544,48.78385,22.29452,2.5006514,18.367716,15.4111595,44.03299,43.627853,3.7697601,9.333728,11.095813,10.601771,55.51039,60.481216,32.48407,56.01568,10.728209,58.03112,13.538401,15.7120285,13.281086,34.091568,67.41689,-5.3954144,45.893787,24.416721,10.315105,17.91149,34.862762,11.5299,66.35508,11.520275,70.980804
35.668736,0.68861675,34.169888,12.985337,53.89081,20.187668,16.11619,33.719658,37.301853,45.95483,64.12105,12.046845,14.838123,6.619404,18.955275,54.528503,31.29947,43.273106,117.827354,21.16326,33.595234,12.48394,18.727116,-0.5449276,18.422699,-3.7283401,17.979172,47.69063,12.555493,0.13244534,12.513553,48.119827,19.535915,53.381226,26.923374,104.36769
42.633774,9.571666,35.894547,19.75361,65.75855,18.396458,18.385668,48.199295,36.582096,69.053116,89.48566,20.468376,55.931816,13.132277,24.982555,67.3753,44.998726,53.48128,132.54706,40.46869,64.192245,45.311535,20.078297,29.409328,22.282219,34.74254,13.373425,48.23773,18.273645,-1.5245428,6.881178,57.52823,20.997978,47.323124,26.12162,93.60914
40.99247,5.9392896,35.96699,14.004456,32.576336,28.072012,24.963566,-40.86705,49.48182,64.126015,87.61603,37.48617,37.439423,27.316086,44.367653,33.53608,31.561008,42.488777,110.21053,51.378357,69.15527,47.162075,34.265656,20.950321,27.01401,43.76223,29.882736,125.11961,10.50628,-6.616356,9.32835,17.484318,-0.06328678,49.97509,-15.701534,39.134212
28.314604,9.646754,37.765373,-5.299753,59.84383,33.129128,36.419247,6.4240465,45.224056,62.195312,87.67016,39.587048,37.245506,17.616776,34.82673,43.01842,40.929012,66.26864,87.29536,45.551903,58.39546,48.96656,51.159946,12.622063,30.60979,55.10005,36.49048,105.02844,17.459476,4.0388465,19.626598,27.885384,10.802329,67.77908,5.7465744,64.04462
13.735728,3.9254498,38.711685,32.70143,89.22208,32.19347,45.610237,-0.50414085,44.118816,68.5882,101.31975,33.199303,38.15059,24.837727,51.48143,74.0424,36.276375,65.72561,50.22594,41.573013,23.794533,56.042305,61.43502,16.453178,19.194529,51.579742,28.122585,87.38446,19.273392,15.857154,31.376923,25.366207,16.313662,57.982773,-2.8014412,96.04551
37.65558,13.596411,43.249992,38.934135,122.551476,41.79226,33.281036,11.846334,54.926548,44.147346,90.5169,63.904793,34.09203,35.371796,39.293415,67.64783,31.414005,62.26368,49.874054,19.644663,30.081333,59.768837,75.21338,8.002701,28.81766,39.552273,3.796524,94.44971,55.971794,26.623806,32.92073,22.296906,5.603183,55.85051,-14.442076,89.13033
36.807606,11.819673,37.15858,40.693665,83.69193,42.830486,52.583347,30.2371,57.35785,36.36632,75.82497,46.878574,19.133438,41.863594,64.49302,69.21872,34.825966,61.38194,50.48736,33.329983,29.684942,65.43666,71.28517,21.872316,-0.50209236,89.957245,1.6738396,95.38409,63.53753,32.536037,37.911633,15.699282,16.808521,48.156155,10.935522,101.67805
67.69246,14.391498,31.870884,36.51469,60.370342,40.27886,45.54627,78.763916,36.99267,38.3532,110.714615,52.690174,26.828138,48.923714,41.329,87.406235,31.720514,50.014656,38.56396,38.333294,39.95096,64.96892,55.50532,33.813187,35.827824,59.73445,-0.15437126,63.217453,65.241745,42.8762,33.57096,4.3623567,22.773932,46.80877,45.14199,106.831024
63.636997,18.348263,36.657272,55.041306,59.205284,38.844368,52.068268,62.030502,42.187122,38.850136,83.44456,78.75368,22.965391,61.050575,36.916958,74.88446,28.531822,48.62012,33.72378,31.837831,93.45105,57.563828,68.767,27.764011,26.27206,51.671074,23.01093,53.533485,66.70393,29.42727,37.88803,3.0252895,29.801502,72.58629,80.80744,98.698814
61.84039,27.063108,36.43498,46.024605,52.272003,42.084564,45.4075,36.399105,45.13584,47.754856,60.458202,62.171043,21.765978,52.86519,34.847458,97.34747,41.233223,37.617825,43.918488,41.359093,65.902596,51.385384,53.3958,34.6503,11.270632,32.573914,24.537333,49.836082,51.006203,47.79024,34.35049,6.969511,30.429237,71.205986,79.772896,113.6066
69.81574,33.397125,44.318245,22.298338,64.557495,35.287094,55.09678,-6.0892982,50.825005,46.71544,50.96894,50.657818,25.02846,51.00649,32.300545,123.78252,37.012,44.57843,39.19091,41.05381,52.49201,60.063034,40.19623,41.86642,20.18273,29.864384,32.52946,41.88243,41.03915,23.816835,32.067867,15.647879,31.828136,53.632137,86.16015,86.16676
63.722015,32.353134,83.27272,16.60485,62.321686,44.540493,43.972775,5.55727,58.48344,60.286728,54.0716,31.834644,12.397572,32.763054,36.120953,108.24849,36.785088,31.25798,71.54024,29.070034,46.433525,56.452065,29.649632,51.397114,7.4355774,35.94091,23.6855,41.94177,37.89194,34.30399,26.66107,22.694702,22.717072,68.56876,66.234146,93.900055
55.94061,42.955338,47.73463,23.408588,80.732155,29.001404,38.568153,26.147963,49.80359,58.50241,46.64351,-1.9939346,9.601595,29.366299,27.298853,81.93627,-7.978592,52.914425,70.36374,17.972973,58.161907,51.769295,42.170135,49.737267,25.384544,10.089945,32.23139,33.839195,43.868515,21.429499,44.56802,23.67523,27.02816,56.784065,42.509758,97.99204
65.1274,43.58305,62.616486,35.18514,56.756523,35.707993,41.970264,31.500229,44.304386,60.74914,55.7886,32.74928,36.39318,39.052753,35.153645,108.74245,21.958445,26.36607,123.336655,23.9054,55.8571,64.0171,38.70271,43.515198,30.96816,11.879944,39.561096,33.350735,71.55047,6.964382,50.212166,17.593208,24.156055,51.261715,35.596344,95.92149
57.331623,63.90634,56.985107,14.1403885,62.091976,49.204563,38.678394,43.71664,54.8843,51.99582,88.71367,56.499004,30.937323,50.224606,47.99339,78.219604,-23.398624,40.45275,120.01112,37.15057,56.58172,80.425,58.853493,55.033707,44.867313,27.179321,30.473307,35.947353,63.963024,4.769869,46.233383,9.175966,24.361439,29.272968,41.57547,74.45003
53.379745,68.37224,54.066414,34.95759,54.719463,60.02498,54.315647,63.417854,55.46754,52.290558,96.54836,56.448788,41.486645,49.258686,41.27075,48.776512,16.212967,42.39116,175.51118,38.94392,71.026825,79.72203,57.895096,58.617493,47.06421,75.76498,45.3776,58.304375,75.25408,31.862333,52.385006,14.748826,9.941244,32.60851,67.267166,88.89716
79.26233,60.32821,62.428802,42.7096,90.535835,51.234604,68.48652,22.40356,59.836098,56.02489,87.58346,62.94693,61.167774,63.87508,34.20036,76.4182,32.105972,50.645874,186.99164,45.077614,79.537155,96.40446,31.694939,75.63168,42.43573,63.998344,14.190485,50.633343,58.483543,27.674873,44.187347,17.937498,23.42293,54.391087,63.8299,190.86942
56.442253,50.442745,54.516056,61.558807,103.89541,62.10528,74.3012,32.553364,54.691776,54.03823,83.32602,72.63043,59.676193,46.466206,46.33527,76.7548,33.243202,63.966263,160.83008,50.848705,82.01662,84.45498,39.427612,64.16006,51.519344,49.487286,22.303337,30.839502,61.75001,27.531569,39.262497,-4.6888924,28.374268,34.242405,56.072517,165.89432
61.25331,52.208984,40.922977,72.65189,100.72446,63.194702,81.40208,43.517845,59.54704,55.05247,75.10391,90.0998,74.73978,51.56078,48.509693,73.31694,29.34827,65.02252,192.7597,35.45093,98.15884,75.350006,38.73144,70.200935,64.49721,44.33199,30.081444,30.023615,83.4694,29.085695,40.098038,11.128117,31.003067,61.648907,47.038933,151.40144
31.251848,56.273483,48.66885,67.33636,96.09669,71.67091,53.998497,121.125824,48.361725,62.908344,93.62276,82.643196,84.5012,73.142204,61.72613,95.62821,42.110023,79.6014,163.31606,60.080814,111.049644,71.01087,40.18367,71.62854,59.420906,37.327255,30.978523,42.499195,65.2994,36.28248,35.44082,3.9659543,21.381247,70.45493,60.62516,130.00117
42.725357,61.483105,57.024967,67.83976,91.82344,67.787224,66.192955,143.22426,66.63885,78.508705,99.48922,76.68855,67.58725,71.41321,54.13974,90.06928,69.39493,100.768105,160.35248,47.127357,93.963936,85.300995,40.999603,42.671925,65.19103,-3.3185272,26.771326,35.184837,53.093483,30.789589,46.27033,19.491285,31.10885,61.412476,73.89267,151.75255
75.76738,47.693607,66.39656,62.412758,123.27554,63.847042,75.356445,135.0335,90.67101,94.16555,113.90848,90.59892,61.55376,61.1416,64.9077,115.27573,86.07517,111.3156,139.76105,54.841316,114.488525,92.1771,19.520927,61.26541,86.562836,15.639032,44.58759,39.84378,83.10429,33.554977,46.27205,19.598202,34.91851,52.06172,72.61403,161.52455
68.758705,69.663864,59.150127,80.4169,110.23754,82.50903,84.7361,114.52376,43.616905,95.1114,113.043915,94.423256,66.64675,72.938576,82.46274,146.6206,103.57233,127.64277,139.42249,60.040844,105.18544,107.92977,48.769627,39.910446,69.586006,43.886726,53.994293,29.52245,79.66857,44.857265,45.45656,18.144499,33.888435,54.368725,68.55575,146.79291
68.02078,75.92258,73.44353,73.32979,113.41894,76.981346,86.94208,106.27345,91.71022,139.03616,104.912506,98.13795,80.9498,82.81525,70.31741,85.76926,111.85401,149.00464,98.49284,64.02186,107.210495,103.287674,61.031746,52.89256,70.19858,38.358585,69.096085,28.57748,65.05649,48.963882,52.703587,28.566868,26.566654,54.381767,59.27378,136.83333
74.34426,81.51416,58.69296,58.773827,107.87575,75.75136,64.0709,110.81492,99.26242,137.03015,108.668076,105.34842,83.82026,63.68611,89.816925,84.885185,135.01369,132.81552,84.86313,45.497692,96.17902,113.971794,92.369644,59.04527,70.00357,31.841488,52.119793,35.787712,59.14372,62.87083,48.3502,44.01105,31.485645,97.354355,69.73072,151.2852
68.293884,80.94061,70.056,77.47506,121.889435,65.74336,81.180595,111.672104,105.365685,131.69055,92.41232,112.882965,89.80539,75.51754,90.85986,84.60705,155.71935,113.24592,81.21507,73.931854,101.16123,124.52181,67.124084,60.96342,52.545265,59.15776,55.866337,34.3235,56.991974,74.75128,53.653072,49.61636,39.730072,91.415794,79.39325,145.19255
62.429535,92.0275,59.008778,76.342674,113.96032,83.655235,85.98881,111.17001,96.93733,166.03596,97.66914,122.18237,82.76699,87.21293,78.82371,94.13701,126.65309,131.68958,-18.588402,87.95192,96.95727,103.65779,56.312595,78.33324,62.127296,-13.53215,65.459885,38.126686,54.71786,73.6715,55.22367,40.711754,40.625206,88.052826,97.370316,139.02303
59.70256,86.290054,65.1889,76.51428,108.17495,98.71598,90.66585,78.7193,97.67161,136.2756,99.574615,122.09733,66.776955,92.09614,76.20121,106.59188,118.6684,104.30715,42.377224,83.22059,114.56768,109.9892,35.183273,63.739616,70.661575,34.059464,63.10131,42.645535,42.19467,73.478874,56.232487,40.97999,44.321804,83.38676,106.54445,154.94666
56.30242,89.7196,81.40751,81.738556,144.48628,83.434,98.43012,47.97183,98.55382,130.04927,88.47864,130.85275,39.736946,82.82054,87.51217,81.24101,122.94774,87.2419,66.70694,88.69233,107.844574,94.13263,26.629951,133.8891,69.38361,90.74362,60.362495,51.612225,38.607693,82.34677,64.60771,40.982426,49.957157,81.225784,63.71379,196.25687
63.238598,75.97035,66.75872,95.76472,114.279236,78.16878,95.09179,55.324013,69.27324,58.324306,88.721565,71.27565,63.8493,66.809235,88.59059,92.91257,124.88024,90.60754,49.990288,73.877335,73.290215,82.786575,36.896786,101.98648,58.654182,77.05654,49.899395,51.41575,36.847782,71.975334,59.446915,24.492228,52.352528,83.725044,99.02973,204.7808
73.324005,67.6081,66.680534,87.04847,103.41223,80.27357,117.45097,61.30948,67.63817,72.03373,75.07092,30.068466,71.45828,44.78591,78.19917,93.20819,117.570625,86.29597,74.217705,67.31086,81.86935,86.571945,42.270756,98.177216,66.87683,75.62267,57.85805,53.739307,73.03748,74.027275,56.65462,27.279587,52.524574,130.18674,77.8485,187.8969
82.183235,74.398636,84.9813,85.117836,135.225,72.43422,97.93175,53.9087,70.507935,79.051,80.18044,64.00466,90.21985,53.018044,82.38233,91.42058,156.79971,74.47202,86.13943,1.2058029,86.77887,90.34848,41.309677,72.10638,74.47343,76.51957,60.921406,60.442406,93.04378,83.23424,46.750584,3.396576,58.810143,54.133324,89.62236,166.54175
68.856705,79.73985,99.62074,104.48263,124.41912,89.1082,97.66766,79.569496,70.70128,100.33319,84.67456,80.031815,103.10392,66.70485,88.627495,69.88695,106.838356,59.6131,50.476784,49.283875,84.15505,87.77987,59.127705,68.104614,78.5711,78.03325,49.38748,64.46969,73.6793,92.21688,46.596485,21.661507,81.58954,49.36647,94.5746,164.37831
68.438835,74.73058,91.14405,89.28573,128.27757,68.44901,87.89524,90.99434,70.37879,112.475296,71.028175,92.26587,82.745155,60.942905,99.72412,79.008415,79.53261,66.867195,42.916813,78.51201,86.389145,95.69218,82.351234,79.63812,73.181816,66.52372,56.757557,24.168495,69.03527,85.65137,41.12213,38.79497,70.569176,53.702847,92.413536,196.56927
67.54535,56.969833,77.935326,82.40381,109.49735,73.78548,91.61238,86.50574,71.76651,111.376236,75.47528,91.23415,82.65773,87.77655,70.65342,77.02605,67.089294,61.57994,76.7094,72.81997,98.85472,80.286934,62.424683,86.065926,67.38197,101.461296,55.686718,36.19245,54.20466,73.94869,39.489346,34.241592,70.13945,82.789734,101.38537,225.95895
72.97038,35.94365,76.477325,87.510544,117.73716,77.236755,87.5845,63.328804,36.95456,136.11429,94.963875,85.8051,87.90651,96.3414,74.5492,76.37443,73.41595,68.786224,59.540382,68.95698,101.418236,81.106865,62.16679,89.937164,70.69076,84.9607,59.281105,0.41124344,51.84917,77.414276,39.853016,36.761513,66.145966,115.5853,78.75838,253.79404
78.859955,55.36674,65.861015,101.4218,88.23085,61.653645,89.49791,38.568596,58.819405,107.14174,76.2923,86.78222,85.602394,81.26897,47.293808,102.73189,77.79105,67.06139,52.69126,6.541069,103.39877,66.18599,79.99951,86.92161,64.03166,112.87316,58.887787,20.03241,47.79082,72.59176,42.778717,49.1054,85.536316,114.05394,93.9221,228.37134
80.49431,61.64176,73.68274,92.65636,86.02822,67.59791,72.16391,41.38838,61.647568,96.78223,47.887894,84.59664,75.71276,47.706993,52.94134,132.04657,70.676506,69.36653,29.713322,54.253304,104.2812,62.906387,78.7448,103.743904,66.951675,94.51891,66.06127,28.397326,68.98651,57.838966,42.862904,46.11103,81.776,106.714455,118.139336,187.71701
61.705948,60.39722,45.543015,63.107292,91.00526,70.84874,66.96086,-13.998669,68.542244,70.83172,53.270504,60.004715,66.6262,36.23702,52.853695,91.22148,73.48561,75.134125,15.849112,63.678925,80.82011,66.2603,68.03496,74.6516,68.00572,89.76321,28.169733,29.283472,57.03614,35.332775,50.94017,43.92058,69.99996,94.492805,116.65769,160.59367
64.574905,68.50186,47.38647,57.91606,88.95872,65.92974,71.250725,31.339508,49.79459,56.54158,57.873634,57.677708,61.670696,41.332508,51.51301,75.80319,97.345795,75.31386,17.453543,58.952297,85.993675,53.36483,70.18287,72.097786,75.169365,79.142075,10.15097,37.569733,57.661346,34.24503,45.090347,35.279785,79.61992,98.80359,107.13414,171.05823
53.814835,70.36233,56.900906,35.186676,78.77554,68.740845,66.05152,47.852455,51.1791,58.035442,57.307594,38.94029,67.59236,42.494694,59.27796,56.527752,128.3445,64.0298,45.87452,55.13583,94.81808,35.65558,57.339153,55.098816,63.398796,62.61281,22.826494,38.299503,41.23936,43.131474,45.82291,32.19309,83.7626,98.40476,80.99698,181.30475
59.862423,56.4663,115.642586,45.51447,61.578102,51.17478,67.766304,56.540264,58.124557,49.96012,61.429882,46.82995,59.552536,31.013487,62.095375,71.80839,134.4609,60.62766,-58.17918,52.49497,111.15492,63.534973,66.84927,43.760323,44.976807,60.893177,45.352676,61.58798,57.563477,51.424023,47.621727,37.229126,78.95094,83.212074,36.049103,187.00839
68.45143,52.213512,60.488342,30.843046,95.20978,46.026505,59.495445,37.042812,64.96695,50.75337,56.018757,54.79751,56.9664,19.293188,41.204945,67.289505,115.797325,42.774105,-0.6928768,41.662373,82.1379,50.268677,68.38625,46.76481,57.09665,61.06658,40.66064,60.988617,53.370228,45.81156,46.759342,23.417704,87.143,108.38387,51.152496,181.96112
88.88832,74.55169,53.68122,38.4925,103.69429,45.690845,50.239067,117.75171,58.37286,61.63475,56.1131,44.819065,52.803265,16.922745,35.60443,62.840572,80.703224,42.617126,-13.278906,51.257843,95.96819,57.152954,86.24681,52.0661,54.142864,81.92747,30.051859,63.758213,83.71375,25.849712,50.320312,27.47635,102.220505,91.45796,36.185287,203.75433
56.070023,89.31581,36.36022,51.1731,103.7716,64.73118,47.20472,98.290886,71.562195,62.825024,53.5619,24.463387,38.82724,20.70265,38.96289,52.948135,73.231544,45.77546,17.336887,48.182133,62.50655,55.26171,97.4429,50.131844,46.72757,75.5192,53.988506,56.0564,59.512295,25.385458,53.060062,32.25613,97.7225,107.23073,48.993134,185.68762
64.747795,62.026276,22.99011,46.439972,127.172066,50.923374,57.17128,132.2949,58.83235,62.433613,48.725853,45.0334,37.45635,28.217403,45.80342,42.7013,48.33416,30.067997,-20.995302,46.373272,46.05697,80.774284,76.75802,42.40429,44.760525,68.26739,50.6594,57.892284,84.04029,22.847416,60.27356,23.527554,93.96907,98.96173,65.76255,149.57379
51.019485,46.751972,29.893023,51.190475,142.59868,39.420193,40.348824,99.610405,54.591377,50.189194,45.323368,61.80127,40.898224,35.362144,32.01491,52.45443,98.38645,40.20939,-30.951452,33.410545,64.63757,70.126915,101.58801,35.82876,39.991844,92.14223,19.955322,51.71926,54.874737,26.233923,62.937275,15.766125,99.06188,84.629745,73.2988,186.45694
48.5742,47.864223,37.337223,53.353504,136.19757,58.455402,49.994034,98.13606,48.955647,36.75103,71.53589,64.56286,30.376324,41.919136,30.722137,56.78124,75.4225,34.169014,11.93319,41.276222,43.001873,75.697914,79.036194,41.17096,20.290722,77.41436,24.037964,57.075882,68.32845,46.087296,59.344803,9.78933,94.75947,78.6094,96.95204,211.8076
53.48125,34.099747,45.70554,52.83657,120.1234,49.083675,60.87208,87.86653,52.627415,30.009857,89.81928,63.1221,35.805042,44.654125,45.621014,76.17241,105.4545,-5.4574814,-11.9128475,45.264046,63.83835,56.891777,29.908058,41.355343,18.971249,62.55912,22.953365,56.342937,62.15455,46.43994,60.253494,26.79821,88.016685,92.25879,52.61042,196.12766
49.2343,38.07785,34.89701,47.641922,98.70142,41.203102,63.83577,44.136734,38.428913,32.76383,81.66066,49.870617,-9.036007,53.454098,40.93278,46.32827,78.0084,8.186995,47.60047,31.043325,49.77038,48.32732,46.167988,48.241203,20.088062,52.05388,19.551592,46.6333,68.422714,55.76838,42.528496,36.435116,84.90968,60.303783,38.231987,165.86264
53.653137,35.703472,13.568411,50.392754,90.65819,37.930103,53.89024,42.092625,31.875038,32.154602,65.29936,62.13185,7.3097277,47.96814,37.12141,65.594345,72.16436,6.839711,46.077023,34.05668,64.8991,57.72584,51.08529,50.709816,13.079939,37.487648,47.265823,36.02793,62.809006,56.71299,41.426453,40.07523,84.23598,50.223083,39.99159,202.331
45.25098,44.86581,10.729498,30.931429,101.619255,36.802586,54.370613,42.326946,29.806545,3.4136086,55.790794,38.714058,16.283657,55.84398,33.57485,58.47703,67.2729,30.210224,23.99361,26.678566,58.51375,49.393723,12.551933,32.04566,-9.893862,34.863968,39.537636,54.17527,49.754982,26.694532,38.592182,16.278551,94.505196,91.58322,42.114677,200.08635
67.57979,41.126614,-4.0073338,28.145086,79.021675,30.239126,46.596634,47.436565,22.351398,6.3406777,64.83071,36.672306,15.649711,57.132324,35.67394,49.148323,64.2383,9.120419,17.356873,20.724442,51.06987,45.30521,1.6948872,47.157013,3.5143652,20.08379,44.75686,14.334808,64.01077,33.7339,42.5762,3.6392891,66.54842,71.293526,59.319893,159.01016
49.04772,45.239872,19.928783,14.153855,52.320236,27.84404,31.33167,40.77033,31.91728,41.41821,67.31146,49.368164,44.877884,66.33614,33.41979,72.58125,50.583115,10.940331,16.647768,25.397066,54.963467,37.52324,23.144142,41.753548,14.704445,17.438032,10.232191,-31.291145,44.714428,39.332764,34.43067,17.239338,60.305573,57.214947,29.253836,124.87404
49.172768,41.020576,25.645794,7.2455053,48.01436,31.724874,26.647188,61.103287,47.03774,54.410515,71.06281,44.54193,76.731285,84.55935,27.907528,70.06799,40.42417,9.321119,22.813194,46.744984,71.85144,23.002775,16.207687,22.742182,1.50663,79.74323,19.958351,-2.8988438,112.19487,31.052464,51.29265,17.905378,58.90777,53.50516,20.796274,114.23009
50.256447,31.976467,40.707603,6.555831,49.701973,56.373833,34.14121,53.30965,47.249577,60.03334,95.786385,32.8843,61.669292,74.84619,41.93015,34.2692,37.42768,16.114386,33.05663,37.2046,58.629097,17.976046,19.876318,33.784214,12.104151,76.441864,17.618216,7.96334,78.209694,33.226982,45.373802,-8.914973,50.99935,69.01184,2.836956,75.37935
43.52498,36.01269,38.205288,13.863007,105.08014,42.787636,36.71466,22.184025,60.20964,64.994415,71.01722,16.26348,30.711166,64.7547,40.744232,15.718103,22.973253,17.287704,64.84723,30.410164,39.809204,20.95323,12.344698,32.378983,-10.169907,66.97214,18.65672,-13.095226,54.088417,52.258358,42.9497,19.656696,40.789417,76.7296,12.446558,54.117035
49.020054,33.108284,38.309734,19.63262,70.59735,32.5788,40.527428,27.652477,6.5565605,70.48263,70.07289,38.384975,42.01967,57.33845,37.520145,15.850954,11.379633,35.391838,109.32184,53.94174,49.74546,27.262085,-5.2016907,45.679543,18.567478,58.055885,24.788393,3.6921692,69.021614,35.47664,39.86268,11.013647,37.642403,57.615246,38.919277,35.277645
48.63554,36.267315,32.715504,10.563368,62.62864,31.747839,11.473255,30.100018,29.429443,66.14974,70.83649,44.817173,43.286415,64.77658,42.30851,19.412643,17.406471,51.081165,112.87473,37.48617,89.70842,30.416811,-2.3659153,41.496334,23.789598,102.38487,14.303313,9.727273,62.607777,21.511976,31.199633,13.203383,48.61477,48.033382,14.062557,41.064976
94.822334,37.83284,22.166248,16.39264,54.175293,38.232803,31.92952,-46.16589,55.76026,64.48007,69.63109,39.063103,35.377026,84.14873,43.66082,22.79648,16.396067,83.95355,107.06141,37.352375,92.139755,-117.1634,36.431667,45.061756,15.668151,91.61926,-15.977619,15.931731,53.88004,27.179161,34.898773,12.125028,57.928635,51.54701,7.7005434,44.303936
56.240128,33.691,33.825394,10.887171,111.64763,35.345947,41.920128,14.725059,61.10909,75.69864,59.845303,43.767418,29.802744,75.48257,21.184013,62.858288,35.03798,49.71309,115.75196,35.62935,90.69848,6.98901,55.276104,46.891636,22.705408,75.06119,18.365795,39.666477,56.329918,21.638245,46.23018,20.216328,67.425476,33.259514,7.240733,31.781994
54.27021,38.003273,55.511116,11.165362,89.100075,42.502598,32.80931,-5.439268,40.99086,73.60319,44.455265,46.588547,15.74683,72.82257,13.114244,68.728035,75.48279,47.094723,149.3017,37.280922,36.99861,39.100452,60.615788,47.278072,29.267614,77.20758,24.614605,36.197277,59.26823,27.955158,45.314346,27.41978,52.667202,84.63649,9.6189165,69.33714
39.490143,39.568943,36.434753,21.149202,53.74314,27.178333,32.79558,28.82556,40.929195,65.91225,57.23379,20.955317,25.830517,69.405624,19.702557,65.95241,51.081894,63.782352,130.52826,29.167025,31.759422,51.83674,67.714775,70.51797,53.156227,96.265594,-4.5603466,27.625437,48.965717,34.548546,43.646465,27.823055,32.36786,77.7765,9.109269,57.703236
44.486454,41.22218,30.957603,22.348143,85.99067,30.848022,50.388077,39.793125,29.821686,68.311905,91.20129,49.567287,65.58225,70.62539,25.751175,71.00916,34.51774,60.721493,134.9632,38.12445,39.828747,72.157074,62.79474,51.544464,54.06955,128.80191,22.680058,17.533463,47.30614,51.574856,38.949726,18.971184,30.612272,104.03786,40.046257,39.259075
52.03355,49.421234,31.802334,1.3556366,76.18707,26.292171,48.097744,43.160843,47.317966,52.145035,65.761154,66.35373,52.139214,65.7751,24.758926,51.515594,33.739826,69.679245,120.74851,41.300304,53.542213,74.3583,58.898113,78.32512,51.829998,109.46712,23.45896,38.583508,53.600334,41.329456,50.855835,37.725105,21.43348,95.478645,8.332306,64.22998
31.29702,45.644875,69.731125,6.419136,91.14109,24.176664,44.412075,54.289658,70.80272,69.9004,75.46681,64.93247,48.407322,62.086178,25.818031,72.19971,16.458292,65.45881,108.067856,42.036507,48.051052,53.804993,70.91933,77.223724,70.92012,114.09419,8.140347,58.851357,56.32574,29.130018,35.57315,34.446316,29.300394,86.76248,36.238655,57.412334
12.986191,27.808441,61.511,33.537086,72.13144,21.424755,42.422047,47.703514,55.06644,80.33671,80.81778,57.473587,40.366104,69.27745,47.350185,79.00069,15.657471,78.903244,84.86591,44.53363,64.23193,68.27703,62.64623,93.20481,66.34715,99.76617,21.90979,68.14405,50.72638,36.330635,25.072903,22.164253,24.558773,73.649605,43.25486,59.577003
46.03991,32.331524,52.78285,48.99072,70.537636,46.83792,47.425022,61.46202,48.574398,71.35274,73.004166,58.840878,55.71298,66.54903,53.561676,72.480896,36.137478,105.45309,80.37117,36.30174,69.799484,65.714806,55.181248,61.11369,72.2824,85.81754,32.103275,44.293015,53.969646,40.35157,21.6403,32.525055,22.94163,60.15399,34.65919,84.19306
60.22035,41.141823,10.152962,69.26536,69.40995,35.999874,45.440037,73.0918,66.59651,77.74881,70.628105,80.93044,57.165367,72.625885,56.823807,57.776497,60.50161,105.66872,102.55327,45.452084,77.48151,87.04886,57.66095,62.643814,67.82585,79.75165,34.44055,45.3404,65.68835,29.639267,24.004425,33.402916,34.487564,54.07654,56.217026,132.68129
53.37399,40.400974,7.3218765,68.97318,47.775097,42.179127,45.34471,63.51416,64.700035,81.86899,66.38961,44.016434,49.865803,63.1641,63.009792,59.74267,77.374855,100.75463,76.28746,52.73277,89.26096,83.86544,52.297974,54.04406,72.78029,138.38815,39.28341,36.832733,64.94176,29.996449,30.690477,20.62735,33.894028,89.41324,66.62271,111.318275
52.76155,38.34812,22.849394,59.55353,56.458878,49.445988,49.170586,63.930286,57.715393,77.97065,73.94295,79.78266,33.459747,70.68715,75.2653,72.68987,96.25837,90.48201,75.4766,47.308697,70.116035,93.010216,56.235588,38.82625,64.148026,130.99203,35.152622,59.73061,53.023693,32.553932,26.221909,10.641738,36.232723,127.50702,66.153206,71.53392
53.91106,58.09981,64.37131,69.610275,60.774723,56.6971,59.532993,68.18184,39.799805,34.34248,46.607643,82.01739,47.7408,97.22194,83.57931,68.74535,80.67906,90.850174,84.290054,48.771915,73.38123,90.716934,42.43695,20.56261,48.4237,129.58086,56.10682,52.726524,79.92238,35.21319,45.17299,34.678467,32.615025,120.64192,64.43434,65.99336
83.75224,57.324463,62.555992,86.46644,65.03673,79.87065,69.468925,85.36737,54.378567,46.996464,62.188026,94.355705,53.57834,73.89267,76.032715,74.299614,78.59135,109.39089,92.75453,60.587666,96.042206,93.37829,53.899662,23.305233,50.212425,118.07701,54.900944,54.496006,63.42666,36.243763,36.0443,41.678482,43.225838,104.11682,77.616,60.988094
92.54209,53.756374,70.44937,82.9932,71.14281,76.29638,77.388855,97.49598,39.065235,62.355602,76.07113,104.98355,76.9865,86.70468,55.484673,71.86494,95.16937,100.060265,94.82558,58.49333,86.80547,80.194855,60.25593,43.02135,34.5464,108.80314,48.64947,56.29895,47.544624,41.968777,-8.380215,65.64525,34.759205,91.80529,96.45062,66.570114
75.03903,49.9493,38.33531,68.23955,58.034622,73.23589,71.5511,116.43054,72.47272,81.97068,86.152214,87.416,73.08485,83.70273,51.83097,89.91254,105.368965,109.649826,92.54312,62.739246,105.858475,88.47909,41.483173,52.697426,42.25404,107.675606,55.04134,53.540077,38.42701,44.2616,4.931499,59.662933,21.539656,113.3039,101.60647,88.756485
77.20761,61.298218,63.798626,54.17444,70.415215,76.759026,82.236755,112.78217,63.51322,83.45115,92.83468,57.738186,60.116806,75.208595,47.499393,81.39035,97.819595,92.3013,85.68574,72.1898,108.95912,71.28067,29.865208,45.557743,44.12494,88.40615,80.25809,53.774136,32.963394,18.348198,11.805919,42.000607,23.069452,93.15056,76.58757,92.366585
65.48606,53.194508,50.164856,39.325966,65.17913,41.29988,54.917885,115.98134,71.472404,94.295715,100.17718,43.932167,70.403435,80.69486,55.396294,71.770996,111.98068,103.27792,85.98967,70.20699,94.29048,65.26817,38.555435,44.1056,46.214336,74.42705,48.71705,31.040888,35.746944,22.391975,18.742691,40.282368,17.429613,72.284096,78.719086,85.88465
46.097572,46.59059,54.051327,55.08039,50.460827,38.59299,40.575283,125.08049,73.20744,76.513016,56.83823,51.230732,56.701096,73.95961,41.15929,108.16191,110.77358,95.97941,70.742134,81.4063,104.82744,60.286545,36.80602,55.789974,48.609196,81.84468,40.20979,22.594063,29.101416,7.3860607,14.149605,25.045834,19.491236,107.611374,84.841156,108.97277
39.6776,47.647034,55.31338,50.81711,87.57591,44.04288,7.4735794,67.357056,67.1467,109.43328,45.314804,45.445988,50.002903,70.14967,54.230103,100.606384,101.54736,70.9748,49.107826,64.13912,82.41774,50.93145,29.213081,53.039986,35.126858,76.15067,32.421886,10.096363,24.200666,13.767562,7.8475,16.854353,25.158083,124.245834,68.329735,117.678055
58.66273,27.645733,31.478048,63.75908,76.78352,68.9798,12.557601,62.427532,47.408325,90.44392,41.776493,42.383614,41.111507,73.36281,49.65364,76.53923,62.347458,69.33898,46.063377,53.145203,78.96732,51.633057,30.571026,75.93573,29.646809,63.65425,44.043034,18.595242,35.320488,24.892202,15.7111,-4.2659197,23.95499,91.3573,87.5628,101.423546
43.382214,38.01257,29.0811,68.459,71.390854,62.442577,30.255936,59.450607,66.869125,83.104485,51.8613,55.178146,47.415344,102.392494,34.06603,58.356438,57.09203,70.27969,88.30136,35.186844,78.92354,60.969143,27.550825,45.09413,56.30879,48.642914,30.52005,17.663876,63.166046,34.757156,8.299273,4.783737,32.907684,78.80434,86.7512,94.37114
48.708054,34.761627,49.767395,56.106026,47.07329,63.579258,51.724525,52.59799,52.838673,84.70881,54.831463,54.202934,59.099945,110.744026,43.648396,97.50696,79.28509,70.64652,72.133514,36.454582,76.24846,63.988503,26.639559,38.012432,55.10291,60.969627,31.118692,15.397547,79.10091,31.349483,12.54442,17.93051,35.101345,97.47941,100.55863,87.41538
47.950768,28.52103,63.484016,29.913582,64.55484,69.7096,49.843697,40.99795,56.629272,84.89391,41.615936,58.663464,65.76168,88.12191,58.363308,72.63541,75.069145,75.02896,91.67616,45.34899,36.765297,64.33095,27.721205,46.403664,56.841858,40.042805,33.5397,22.339159,51.51364,28.790785,6.619052,20.404942,38.71439,93.602325,99.079285,93.5981
43.12571,29.835,34.073303,35.955376,53.275154,65.666336,40.992622,120.06598,59.57873,91.14286,54.901966,45.165226,48.371437,68.08766,58.286278,58.69714,64.75282,89.97998,69.356255,30.149874,45.998707,48.225624,41.555573,46.459583,48.614174,24.02948,26.459229,28.002708,42.904823,21.5077,7.051308,16.661448,18.552366,77.35929,110.37681,56.396107
31.580786,19.974169,28.054607,11.587242,60.570324,61.268425,53.68926,121.49718,46.281544,73.27336,63.377205,42.57386,44.457184,81.47475,75.75568,80.32339,83.04438,77.045204,80.0235,63.519302,60.462273,64.531624,22.435955,33.333214,52.88716,15.315796,24.536818,15.579442,60.00814,17.89681,7.480735,9.3489685,25.145145,109.673485,119.135124,80.20739
29.915598,26.134468,18.879051,-1.3294239,73.41969,36.7811,77.985825,102.816,48.20892,82.82923,88.55181,43.565006,30.032644,67.892944,58.745415,51.743935,80.90123,94.24049,102.48998,32.14688,45.70211,54.45661,3.6332302,83.38963,48.536648,4.9460144,18.34186,3.7262707,27.314243,25.609945,8.229703,35.20065,24.493425,133.99911,116.55725,72.21858
52.589333,8.052268,17.933804,17.880733,70.40484,26.367176,52.400303,65.860405,34.63027,78.25586,88.80371,49.35891,15.22047,84.82413,40.150547,21.859577,76.18173,54.962425,33.947937,42.352703,49.91374,43.90776,6.9381876,48.329918,48.68309,27.550352,21.38937,6.215437,9.106382,19.74884,18.085691,24.559477,18.463316,115.3902,130.454,53.363148
47.633762,1.044898,21.81403,44.854153,61.856083,20.820007,36.92851,57.52803,23.34293,64.10104,58.08979,31.243143,11.338376,73.54022,21.125519,12.326872,36.717896,54.704227,-22.650139,-31.447067,57.722046,32.662254,0.9220791,19.659801,38.222927,28.01002,3.6674452,9.35114,19.599424,22.420347,19.022743,33.98296,8.689967,117.603294,88.90481,34.861588
71.8422,8.502635,34.49264,16.622025,43.529697,39.343315,25.059675,-30.296982,16.605356,68.84069,42.410397,30.140827,10.216245,75.69918,20.690063,1.0339994,29.868721,54.25563,33.51725,23.644722,60.0393,-6.8355045,16.862473,9.66002,62.139633,44.34556,2.8212757,-2.5468025,21.042871,8.024658,17.525341,20.831358,17.6618,79.80677,112.32382,52.6531
53.323532,12.840736,27.651075,9.271975,49.96538,3.7268562,-19.329975,48.34191,6.3735514,54.40607,28.288425,7.291625,6.521285,65.879814,11.505127,6.858571,6.0173326,59.27185,27.780344,24.142235,46.303997,0.85789156,18.598415,21.357937,43.028816,31.731934,-3.3939366,12.028893,9.8017435,-8.352011,12.643843,16.539196,9.872441,56.88745,117.2594,48.967594
56.367577,22.117702,39.551105,10.92463,61.430954,14.390402,-0.822032,38.25448,3.257119,73.16766,6.8545322,-12.16301,17.140362,51.445038,16.617031,11.946604,-1.6494703,40.203735,16.125093,18.315037,27.964928,-1.2246861,13.47265,20.120007,34.169514,67.05393,23.703957,32.860973,-7.923461,-8.1137705,20.233902,28.549965,12.800426,20.278048,137.4252,69.86579
78.23245,12.825537,51.44403,19.65853,53.70384,15.551291,17.171648,37.23801,30.131874,79.19943,17.018362,13.043017,17.714298,23.822401,17.887955,-12.38011,9.336671,55.83358,56.723415,12.06388,21.647882,-0.9703851,14.655293,19.48666,44.40147,73.65773,11.24431,73.8407,10.487674,6.868512,17.637814,50.520782,10.971366,50.702705,128.18126,78.60378
58.788986,12.495188,52.442158,11.586382,39.9611,17.144758,19.319271,51.442825,38.014748,64.18119,61.57557,26.503693,28.475271,43.0715,16.22697,18.99602,4.4805346,60.241276,30.044569,26.334797,27.125198,19.439163,44.369034,14.621937,44.12962,95.181625,26.198475,86.59895,2.8635044,5.5234075,19.342697,47.166286,34.165432,15.771554,75.6284,94.72214
39.803417,7.1634126,36.81173,19.569782,97.480804,26.113176,16.276161,57.39202,17.649109,48.2891,51.95793,27.863894,40.098293,44.88232,19.266357,22.162718,16.149437,42.50772,22.530537,37.369057,20.679302,33.353333,14.609238,15.533475,46.860764,76.752365,0.46271133,73.60855,15.947119,5.874857,18.650259,30.47074,26.990454,-47.31665,61.990196,72.22794
56.703373,6.0623093,26.880356,7.854311,68.38339,23.065325,18.934694,48.883167,65.39063,62.756584,40.56927,28.254694,50.170258,50.886814,24.2104,34.303112,-99.030945,43.620674,22.82309,35.983475,7.1463776,76.08268,7.9593906,10.317526,39.514362,69.213356,9.797256,66.1862,39.668144,5.021635,19.70178,10.062355,19.59936,36.366135,38.75802,52.649605
47.011047,17.884705,33.86193,43.96321,43.06653,28.829454,34.89457,58.758537,71.41832,72.82766,51.707935,58.961235,25.517914,51.976334,26.043716,45.539043,3.579033,23.895988,32.04872,42.185253,25.037727,66.61102,38.641777,5.2281737,27.933132,79.90952,-6.5551214,54.488815,33.576084,10.719124,25.373894,18.08543,17.63541,26.910494,14.319204,86.60124
102.69281,7.85402,34.2266,40.457855,44.59498,29.045908,36.914524,43.733795,43.052784,71.0312,46.11227,61.225845,39.05385,59.90176,31.42182,76.26006,5.3586884,58.037003,45.083736,40.817825,24.101238,71.679,47.162857,24.168577,26.165432,62.22132,3.3633902,42.6762,37.478367,13.657991,42.580803,18.552612,11.373604,35.14686,10.028357,96.07062
76.377174,15.437627,30.155804,39.550034,105.85358,44.085384,46.636436,56.511642,-22.6931,76.18596,56.173645,58.9753,31.873081,89.65973,31.885258,59.119343,18.451658,56.803726,57.954548,21.987415,45.127983,72.89627,66.72557,28.145334,29.20558,-28.757652,-6.8335533,59.694717,43.760227,26.252947,27.7417,12.788553,15.946568,10.375986,37.52977,79.1166
69.33275,14.727975,24.697117,64.59857,89.164696,47.007816,45.037983,-27.287891,44.28095,74.795845,62.358192,64.364716,25.98144,87.69746,31.514912,70.982925,14.948219,41.256004,57.21242,19.374968,63.59191,70.23973,54.29171,32.698727,30.894339,17.4124,19.434814,59.59863,36.80856,8.659825,32.195614,10.048072,17.921665,20.53776,42.127914,76.07385
58.30364,20.659605,40.243763,56.496353,99.77498,34.555267,53.995438,37.215317,56.361504,74.37226,67.61783,46.67449,34.616543,27.403576,38.9756,65.07314,42.75662,30.765339,83.98636,0.0640831,48.76213,51.37629,54.404,72.14895,26.692007,13.770319,27.895548,64.07596,36.51509,14.798147,31.204441,6.9789658,15.396681,28.47695,52.9952,87.09738
56.781574,29.201904,54.99266,73.12514,94.5522,36.794113,55.175537,36.72434,68.003914,72.05176,70.00836,29.364597,39.245438,36.288944,43.12535,52.38234,17.756195,51.611206,94.54172,47.2904,39.04731,53.34695,32.580452,66.19546,52.12645,13.732359,27.90529,69.994514,42.080498,12.677878,34.178387,3.6080422,28.708664,37.706676,94.01745,63.92218
83.52368,27.516302,64.32859,84.56054,81.5355,39.793686,50.61894,51.116997,59.953476,59.788372,90.65774,43.01352,42.161476,-52.276,52.258137,91.206406,20.763844,64.44248,102.61811,32.013615,64.263626,54.064533,17.850924,60.61077,36.882656,18.684855,32.38043,81.19113,30.69141,18.723293,30.120544,13.8816395,27.821619,-12.804943,88.310814,73.295685
32.964626,27.37543,58.756233,74.065414,76.13246,47.154133,49.8348,35.717384,44.74868,43.853752,97.593735,56.74993,35.390373,18.157658,52.488358,83.23956,27.203922,64.74258,161.38522,43.63477,58.628284,67.493195,25.68327,39.97604,56.3147,16.988987,7.5669937,65.58125,57.696033,40.014248,-16.376152,39.9429,20.006432,36.045734,82.48686,126.61071
79.95743,35.3862,68.40025,66.64347,72.39378,42.128677,46.076527,34.27941,49.931747,33.81162,78.95663,70.8053,35.90585,14.1771965,46.19853,78.71004,64.58455,82.572556,126.26289,37.38641,58.837322,68.70094,46.68268,24.132502,59.91955,56.700638,-5.7542686,73.28165,35.72654,39.762497,8.525239,29.343359,20.06957,24.726341,72.2905,131.92853
73.6639,37.19729,59.218384,84.31907,93.27048,42.64472,43.188503,37.65172,67.018295,26.769295,67.71288,78.919655,37.05668,20.601501,50.659195,69.939674,71.48364,109.84218,106.03167,28.259682,84.98758,67.63454,65.30395,14.111585,46.178257,46.214554,29.143764,74.762825,32.387794,33.28072,7.8362536,43.275085,15.086125,28.288378,47.75225,117.84204
43.722843,26.32016,60.033188,82.91361,73.93375,52.795025,40.28803,14.629421,64.46085,30.40054,78.94459,83.30976,39.359016,24.369099,49.570126,77.41749,113.691444,105.44072,85.32557,39.62841,84.44192,70.16613,56.60815,48.802864,30.095652,41.913017,16.212973,75.111145,34.541653,17.6531,25.305199,25.119633,23.336535,46.043488,41.553753,128.54353
32.629036,7.789503,49.54498,46.929474,86.50836,52.008835,49.83295,14.972579,80.45361,28.088102,73.050285,56.54393,40.724102,22.222954,40.867474,94.61363,108.84209,86.18422,119.97052,60.717293,126.540344,69.59175,60.33905,42.51362,33.11738,35.332924,18.306622,70.65777,62.117348,22.308208,25.086409,13.378492,51.82997,56.601852,49.655018,146.86993
36.618404,0.915905,54.234074,50.65513,93.34052,45.965195,45.835594,25.865843,73.048256,34.1693,47.557034,56.91226,35.740395,22.804234,31.77425,102.24824,128.4305,93.479866,157.64566,48.072018,87.43968,77.07158,65.06319,41.969967,15.110195,32.603565,25.439756,74.162674,50.40449,16.440264,23.737389,3.1728983,54.11605,55.281242,90.765854,150.23984
53.66208,3.127225,34.93268,61.334198,90.40179,40.898956,44.834915,29.832111,59.82594,28.448126,61.53795,58.572426,29.067081,20.100557,38.798088,77.7569,127.89425,110.571625,116.86872,59.122063,87.4967,77.557686,54.680553,46.012516,35.29258,-32.50111,23.463633,42.086296,50.53595,19.767754,6.7118993,6.934539,65.5695,75.4078,85.305885,190.19592
68.91599,23.1613,44.957085,89.53613,86.20396,36.12666,43.31594,13.925026,62.16935,25.486275,95.87473,55.379303,29.454426,24.674374,48.08926,115.43382,113.79701,112.10656,139.00916,60.431416,116.528046,67.594574,23.870443,34.550747,42.47704,17.057484,22.678911,36.167435,34.87266,21.427662,4.6327744,7.8172965,82.63887,110.43546,91.35045,290.0379
65.86865,22.14866,90.076675,76.13652,59.663944,43.77942,38.16794,-17.46397,57.77291,25.535234,95.38889,37.5173,21.127151,10.681636,20.723942,90.62063,119.46621,86.02346,123.66471,57.582333,95.249374,54.711636,43.94526,26.543251,51.39521,86.07729,12.573587,24.547993,26.168772,18.707188,6.3428354,10.60087,65.94436,162.75314,117.88809,229.20996
56.62137,23.487389,54.488068,76.193054,122.7236,33.387775,32.576897,-6.6380734,12.66246,26.939848,104.416176,40.842247,17.350126,27.852856,10.786072,86.69684,112.61593,75.129,119.50888,43.10872,23.274834,51.03691,87.57199,22.53699,34.01524,81.99122,17.126936,19.319,31.213398,12.651384,3.0567946,-3.3595781,73.25228,167.94818,113.926285,157.43753
48.899708,21.879128,16.439802,62.845245,93.25761,33.77974,26.799606,10.19111,23.409374,32.518723,87.04718,46.64357,9.041623,42.189026,16.074028,47.731445,81.262955,92.95499,97.76649,24.229382,14.03731,32.958458,89.1255,72.69703,31.904535,75.590645,26.903635,1.7798767,30.004852,-2.417204,8.367742,5.8651443,59.71994,50.542587,121.728584,157.86424
50.667866,22.565006,44.805855,76.48367,71.62055,4.11919,23.218616,11.744339,10.122933,19.748886,73.44279,41.011234,-42.71988,34.0378,7.457589,44.16627,117.119415,74.194496,130.91849,22.417404,38.58087,38.875595,31.005146,30.835073,55.557194,40.894077,24.579689,6.0807624,19.458296,-5.861822,10.903443,-0.2876196,70.841446,135.93015,111.30821,131.1518
57.16395,27.82283,23.547802,57.05914,53.45889,14.3491,21.754326,1.7492313,18.685028,0.2503128,63.04556,6.196805,14.066965,22.018852,10.836021,78.19501,118.388954,75.83299,132.91356,36.112774,21.628185,32.168823,-6.9575386,9.226107,38.880795,22.343954,-2.0441055,25.121616,20.56722,11.205915,7.2454515,-4.2517834,60.457905,138.29958,65.94348,118.17045
40.13743,32.445328,39.513664,66.299965,59.097015,17.244637,23.766933,30.642727,15.086807,6.8931227,50.97464,20.382504,16.473898,37.945526,27.963219,60.18528,102.83778,63.483025,86.49001,17.479723,29.43052,46.33905,6.1511555,44.688625,29.278065,31.37983,12.322703,19.33007,26.622791,-7.5988817,-4.6677504,9.332418,61.16713,130.58267,63.86992,99.17193
89.0862,31.34128,44.742783,69.637375,33.69108,42.89409,39.169586,29.184448,22.640448,-4.7761736,69.36978,25.032377,7.610013,34.033722,44.456715,55.50681,76.56179,51.040016,102.90303,21.894764,38.580784,29.616367,35.31796,29.08608,7.4967384,25.648602,-1.1012964,12.054557,8.964895,6.0468173,24.901306,6.8165617,50.421085,170.87955,64.500374,127.147316
40.416023,30.37836,23.571707,53.293594,21.104681,28.84748,41.191242,30.952246,24.752441,-5.5014925,55.946617,23.31149,14.617774,34.04324,41.022217,55.20135,61.07585,67.18234,99.21252,37.211952,45.49453,18.104248,1.9331627,20.251505,14.680413,23.58823,14.567446,12.017846,41.745567,-2.4747658,23.850246,5.736585,34.338818,128.41684,84.11897,86.732666
37.751884,22.396622,31.408825,40.477615,8.737005,30.48595,37.483227,14.660881,31.63002,15.226997,36.398567,36.366806,19.45704,33.731953,26.11797,46.329163,61.86378,93.427826,89.55022,-38.80746,43.98977,29.43978,8.81492,28.136848,22.566814,18.084736,17.831112,-3.6826553,46.728855,26.852375,15.912871,12.581726,52.83268,138.13911,73.69185,75.54073
50.00241,8.809192,-0.8035908,36.092762,9.28653,33.23546,45.27358,16.221035,29.971724,24.498295,48.022274,47.71896,23.86832,40.733044,26.12333,52.03763,88.98829,78.83585,83.32026,12.6093855,39.30182,23.426403,-16.933823,40.06121,40.308506,57.198185,16.389505,-1.7166266,42.918953,29.058819,18.352636,13.316006,61.8442,127.54736,92.53444,18.482224
57.602173,14.336746,13.681679,22.443233,9.625484,25.212822,25.909496,32.449463,32.434273,10.112177,64.25912,45.315006,4.8751745,38.278595,34.930103,75.7211,50.80571,53.51575,71.967735,9.899889,31.247017,25.640419,35.4556,21.595226,31.944925,59.315807,25.062466,9.850046,40.51265,15.847428,23.091047,14.579819,60.967373,112.208084,79.912636,36.55793
45.22762,22.542011,10.593038,18.780361,26.234516,25.1509,19.573156,96.551285,28.603943,25.198116,81.67491,16.068007,6.971596,46.1025,39.853527,56.40045,37.582527,62.00067,71.62336,11.525192,32.36084,71.53197,46.453438,12.27862,31.417437,54.69173,6.845619,7.7806854,35.998226,22.3918,14.059605,7.8157363,67.56927,151.215,56.299995,28.097242
49.115128,36.193935,15.684959,21.290314,52.735313,21.818274,22.335949,110.00122,24.688332,20.202965,63.243668,26.065197,9.28121,54.55245,37.130417,23.022476,21.980013,33.4019,104.641106,-45.094368,35.944565,52.686558,39.48175,14.364123,28.483541,43.563248,7.8921723,4.4801016,31.00743,12.609276,10.820504,14.420349,67.27646,137.9326,43.625973,-2.4192085
47.2815,35.399563,11.602608,22.618334,15.131012,30.698574,30.741758,112.8097,23.76017,15.740362,41.934498,30.122152,55.002888,58.828526,28.873108,12.460976,30.573582,26.835665,80.53152,27.146835,43.504566,42.535538,14.470787,28.857647,25.179005,35.66597,-8.397161,-0.79145634,40.774166,7.535922,12.060006,4.170806,41.938934,80.962845,36.68467,8.184285
49.82,36.089558,7.9456077,25.120228,7.065141,-7.9586754,30.826246,191.43234,34.94316,38.344177,66.93169,35.313553,47.191814,-36.107254,34.8961,19.86525,73.88037,39.78994,93.562485,47.64862,49.454144,53.37452,11.803411,24.690523,21.003326,23.821724,14.078457,0.18153238,104.9265,5.257606,14.386431,-1.4477744,28.263767,59.846718,31.001743,26.64333
37.958252,31.913925,9.072123,14.365312,23.717728,-1.1204815,9.601789,109.80884,39.128086,26.361446,64.422295,51.83159,25.279968,15.238434,9.582111,21.726057,64.24163,35.396324,75.67113,46.358757,22.739708,65.30508,8.57091,9.329255,28.841042,25.626732,12.0660715,7.208582,48.361492,10.559431,20.231369,14.326169,35.325356,90.27903,12.621678,36.70978
54.405613,12.802097,-0.49908257,9.528943,50.1877,19.528603,25.601202,112.555695,35.749767,7.045227,50.657204,68.48496,18.883972,28.569742,12.704966,15.859196,51.227753,23.954273,103.95842,4.753523,51.8946,67.58349,22.92928,21.626984,25.11319,9.025086,-6.5587864,24.522297,21.375547,14.655791,17.509048,1.73283,28.682072,76.16964,7.973413,-18.621658
84.78363,16.565285,69.98632,16.069742,23.590677,17.172985,35.837578,120.55871,53.582195,8.08852,47.83491,40.65974,15.767319,21.383698,5.6885347,23.897654,55.92324,7.957946,74.6212,32.42961,41.65694,51.776676,47.61227,20.194422,13.305193,2.556314,12.003625,24.240503,48.28817,-1.7648869,26.40215,0.7304106,23.084911,78.889336,-1.096308,20.48157
43.226448,17.830494,29.216805,36.920147,28.820719,26.539719,45.55834,119.692085,39.638313,10.626478,42.302837,38.895374,26.800186,36.908825,14.708623,30.36177,53.4607,23.26883,100.44756,9.075741,31.479567,-99.37128,33.24033,26.052685,21.555681,3.4982452,3.0616636,25.184998,19.06094,0.8307657,21.765661,17.109295,19.359907,60.71579,14.120474,39.049854
52.78801,18.770638,31.739574,35.146904,42.61809,20.07287,51.187744,96.10092,39.06472,20.023,88.14963,27.781065,6.241274,39.175392,13.714788,50.001373,38.241867,38.498257,86.858635,20.46603,12.610928,26.55922,35.611443,12.586559,20.067305,12.892598,9.811593,21.250032,11.178106,10.937981,17.514292,3.687584,17.477013,55.57124,41.612637,65.248566
81.86716,12.822767,28.69312,42.78217,45.229805,22.52087,38.87481,95.93745,29.390821,34.141254,86.09965,13.858999,12.762601,57.9236,25.209696,46.368816,47.924507,42.20917,74.93298,5.498333,35.043617,32.96777,30.191097,31.738201,11.444352,22.462427,3.2456222,20.443748,13.413747,12.83342,8.836472,6.404363,21.176977,58.694702,35.542637,77.25005
54.761253,30.641544,14.809629,42.687366,36.49389,13.272845,31.142786,90.408,38.010445,33.475113,77.121925,27.23509,24.38524,57.163994,32.585102,29.94377,26.28145,18.41808,79.37572,14.627155,41.445847,26.52066,60.005577,30.702286,1.6914902,83.33207,7.3385277,9.631657,16.56951,-1.6157598,4.559459,11.414597,19.238607,21.539547,63.430634,69.36679
43.871025,39.939117,24.372553,57.451805,55.894608,21.6909,41.979813,-3.964264,26.110985,16.085325,49.233185,25.293575,32.173943,61.54608,29.620502,42.06513,23.174656,45.61071,134.76134,21.385035,46.679882,33.68979,44.608097,32.85168,25.965488,55.444057,-8.938013,-0.09722805,6.901759,6.620704,1.8675866,-9.445889,20.875624,11.036911,25.67983,47.721226
34.0441,50.54922,51.67528,31.687263,54.598877,40.208145,41.049366,39.780468,29.24302,12.764788,48.169636,31.728117,29.049173,51.32265,26.031591,48.31669,26.174454,52.263958,61.843437,27.542051,56.010536,-90.312645,24.931288,18.52752,26.558235,50.447357,12.361161,10.5640545,5.138774,13.851732,16.153694,3.3196607,31.64389,37.607525,20.867702,63.472878
41.34597,44.808453,42.722572,41.224026,68.257355,34.001812,28.056778,37.59,62.072685,16.65243,39.927265,18.577946,25.735395,-47.56861,22.37522,46.472176,28.710327,42.02874,77.66242,46.304302,74.85882,32.25648,29.355118,20.955542,23.834549,84.93221,39.661095,11.174622,37.940376,5.477277,12.541796,3.243657,17.143694,25.0723,90.12865,79.79675
42.909306,39.861427,50.00009,22.53297,96.400475,28.459202,16.837378,34.05624,78.50222,28.85958,74.607925,36.580395,33.60884,24.675539,15.989178,74.15224,41.800316,46.778076,109.91076,42.886505,74.5506,31.64607,57.3293,12.002207,31.184786,70.328026,2.6061592,-16.562634,49.639515,15.541403,8.158803,29.60307,20.669554,50.37781,147.34099,65.12364
50.95693,33.889153,111.76172,21.629362,76.005905,31.328938,20.511044,20.526234,57.660233,31.819828,78.71176,45.24407,43.467163,42.806297,56.27886,94.66572,46.39771,78.98508,105.58388,44.26762,56.021843,52.359,20.62173,29.301683,43.514576,63.154125,10.60039,20.392166,61.329872,14.299633,14.926987,25.332077,35.27883,67.11879,123.21614,63.423626
51.261448,16.909742,59.569664,10.356715,77.06831,32.074142,34.26692,33.38038,38.95858,35.611782,87.90904,55.07381,66.46997,72.673164,53.836723,77.37387,75.00467,90.946014,150.83478,51.968273,47.051952,61.460815,33.9069,28.553509,56.181946,45.130737,16.012907,10.236513,85.40347,12.079794,13.603241,11.3424,38.91662,86.897545,113.081894,81.63926
43.832096,5.963482,40.925102,18.920105,59.323612,32.9,28.617105,27.77157,47.597363,51.646637,77.72651,56.780735,46.87168,61.83146,42.333057,75.020546,72.08304,75.63598,108.4276,43.789406,57.935642,40.284676,-6.7290726,26.325108,48.23052,106.69398,21.801338,9.247503,79.70106,11.012768,10.940794,-3.2024164,35.92669,85.59658,114.178345,72.61643
40.74463,10.058998,54.31365,40.648308,62.82073,36.27891,25.015774,35.40398,52.962097,67.73892,73.61285,53.85406,39.1917,59.7941,29.979975,63.297554,123.82732,62.787323,81.59389,38.96688,50.723946,39.87452,27.568285,32.6624,45.334885,106.31262,-7.3149242,31.790745,43.199097,15.224178,1.8216424,10.904102,51.029884,114.1127,115.83581,64.97254
38.414192,32.84189,19.64608,56.18132,65.90354,54.45997,36.50778,37.79046,46.371174,50.000027,74.27006,75.03943,32.111233,54.768536,24.17312,61.218445,71.81886,66.962074,98.549866,-20.013084,45.399075,40.86473,17.916224,19.8891,38.87811,66.70469,22.29228,34.792797,42.10074,-0.961668,12.806568,2.8770275,33.410812,104.87073,119.68466,61.94571
27.735426,23.37654,34.95984,52.101875,55.310886,33.18969,33.96537,48.67297,48.072727,31.502869,66.820335,52.986107,40.5187,54.961605,31.685299,56.07456,75.817825,55.324745,78.773705,37.233555,44.625122,56.264282,16.923037,12.419721,44.937553,69.261215,23.45494,20.663551,43.237087,7.252472,12.8425455,1.364831,48.92456,101.218925,147.96022,76.40146
12.699572,37.95526,25.666454,46.49911,57.474308,37.3397,46.452377,45.31236,54.10711,42.3448,47.761375,47.383495,36.629623,63.526337,33.700333,51.950447,64.82801,30.857178,81.8812,40.10422,41.807545,62.843826,15.997993,17.174618,9.0168705,48.664352,20.352318,25.715424,31.824839,10.10388,8.816041,-18.33796,22.041504,85.714966,143.22166,82.58192
19.871622,29.797636,16.010471,30.211983,39.313385,35.359898,18.099754,44.852722,40.534214,32.42631,60.19143,46.358353,34.01977,53.083458,35.178627,81.96968,64.8106,24.681154,72.915405,36.66239,52.910797,38.97246,22.644035,32.843082,10.3423195,21.76854,-9.204519,43.824516,23.091095,8.1285715,5.704404,10.496846,34.384026,67.503654,129.97572,61.920113
4.379141,18.300812,16.83185,52.328476,71.83199,36.69791,38.138905,41.444668,23.201298,33.19702,64.334816,44.890526,34.4082,47.1667,38.08163,64.73117,66.12884,47.327667,72.68135,38.265514,43.27395,53.30138,27.45811,22.825289,-13.573377,22.21084,12.48428,41.22422,19.091944,3.3465033,-3.1202183,10.566717,20.526655,60.57083,158.18863,38.407703
39.03273,23.220995,20.604172,35.332714,51.891357,45.10481,26.715694,13.757326,69.86415,44.49581,71.04193,49.28141,42.238415,40.453926,33.46454,47.17212,63.282734,48.45073,80.35252,37.677345,65.99938,58.102108,24.773483,21.129763,43.918846,11.874218,11.3076,6.960373,17.338743,0.51705456,5.832857,-2.2911305,18.473133,42.33357,129.7618,42.248577
39.710255,12.426487,14.986774,14.738606,57.17336,42.780277,39.861267,1.4933262,45.788322,31.448357,57.961628,11.332203,53.120457,30.063662,2.6401558,44.092247,45.486897,66.002,74.45772,27.637579,53.290188,50.950195,3.2093868,14.126618,36.255737,31.932362,3.2231255,-3.2441835,13.313801,8.893486,4.904035,-1.5800228,18.472,46.607166,129.76782,45.12635
38.111343,-4.131418,17.084042,34.14949,112.27843,41.483494,49.003273,7.8391047,56.210594,52.81855,58.047756,58.04354,45.590977,26.211674,20.433918,25.03253,78.64522,69.92625,36.416313,46.28336,53.88329,46.630226,19.42557,10.170172,43.326412,38.305126,6.551571,83.17085,61.605324,16.862747,3.5643935,-0.5151887,12.317195,40.394447,139.4361,57.95133
