A,B,C,D,E,F,G,H,I,J,K,L,M,N,O,P,Q,R,S,T,U,V,W,X,Y,Z,AB,AC,AD,AE,AF,AG,AH,AI,AJ,AK
27.60846,61.90081,47.551323,28.103106,20.957556,56.027855,100.4296,50.539913,74.12835,77.160034,87.53117,39.338993,89.30454,99.742325,55.613922,42.95258,74.54809,81.562096,5.252695,50.1165,59.79815,101.24932,36.678764,34.298004,26.375696,25.441324,19.054821,11.671429,-3.7929478,8.892284,18.972876,33.082733,27.157991,36.13041,30.684944,18.700602
31.820322,64.54073,48.37817,32.14194,41.45428,59.55208,67.06843,51.254673,85.41896,76.14204,75.01182,54.286045,92.30573,75.10182,67.93171,56.584526,63.29663,73.440056,15.939171,53.252243,75.97155,79.369225,29.835524,28.518816,22.01487,3.71801,15.213263,20.11006,2.3739078,24.043436,25.676735,32.32544,13.683892,21.669529,31.60162,19.954536
42.34344,65.89086,43.64781,5.4758835,63.740158,56.700146,49.442867,72.82264,88.092674,82.51443,70.679214,81.836945,79.26054,73.7634,86.879654,65.88592,65.79209,81.715355,15.24329,41.399185,84.95538,87.0176,45.847206,-21.401815,28.376085,3.5423374,-7.2348022,13.781386,5.5808043,28.818695,57.410954,18.35154,-7.9258995,11.666285,25.272238,21.644129
37.772614,54.21759,38.691605,15.092573,76.35171,51.065266,57.967403,84.27076,69.59448,86.29942,80.87491,71.524155,74.50969,90.00847,71.97866,87.46585,62.59329,91.24278,50.381172,20.63561,70.15202,68.21496,81.28152,18.283596,18.179497,4.8012295,61.86738,22.928545,-41.47434,9.289128,52.19823,28.07259,25.837692,9.94821,15.335318,33.647903
34.29599,40.709248,23.473385,10.606569,44.350925,23.312817,70.333885,76.383156,61.814713,78.354256,68.728165,60.311993,59.776802,81.68086,70.65791,60.505352,69.85641,90.5633,32.31176,73.9451,53.956367,51.546547,101.23276,24.788914,16.584307,20.71445,61.712097,25.195196,17.351465,-14.888568,56.815636,32.890347,33.92724,13.032294,9.409735,46.857807
27.523201,13.896011,32.37106,16.721642,19.98343,39.444214,79.57654,63.68403,64.89173,73.574875,75.02512,19.820843,55.151043,61.89887,51.64276,56.33477,50.564228,89.14896,36.93547,41.054344,67.818794,62.626503,74.27927,23.258545,25.875559,39.218792,57.594925,21.928411,27.215034,29.303894,27.518837,-8.930773,68.40738,23.68823,32.974503,50.822815
17.905073,6.4492664,17.785177,22.78842,49.910698,53.633133,59.956398,64.644905,51.17306,79.53528,48.471718,45.5957,45.158836,79.2055,43.96259,65.32867,91.74405,83.63356,14.625454,58.92278,68.04082,50.987152,102.0517,24.15378,22.740955,38.164585,66.25974,41.832825,29.678318,11.149938,42.129116,14.360367,66.98897,36.733982,23.498888,72.24921
25.752796,39.75262,26.81491,26.132944,32.989735,42.62287,45.366142,60.1468,51.452908,61.97458,67.45798,21.655731,42.807602,70.75924,36.583714,38.8922,53.73524,73.59825,51.032715,41.065685,64.49326,74.61282,61.085278,29.40864,24.118069,58.697834,52.600307,52.04254,45.289894,38.87797,77.19406,28.059725,83.34566,21.85429,59.960674,52.645557
24.933393,42.539413,30.551548,18.560978,30.181265,49.595566,44.21968,56.477955,-9.663284,59.46955,61.06432,40.787903,71.11272,69.26833,37.023937,20.380087,46.065693,78.46933,20.034576,38.521976,62.450104,59.75077,56.826782,32.48505,23.347292,75.65776,54.992744,65.51912,33.57618,29.052622,65.55614,-0.90504456,85.27463,38.042606,61.335842,46.252956
35.032925,46.708515,44.81003,38.34041,28.812786,58.05177,33.19251,17.271084,38.367966,42.00491,48.320225,39.748787,44.640728,73.97764,26.784409,16.733383,27.461048,78.1317,50.499386,28.29612,53.073387,63.10048,42.528843,34.84949,22.853443,64.9702,47.98742,56.932014,45.29517,22.583096,46.89853,15.355573,73.309784,37.296272,108.271545,43.376575
42.559494,39.675385,23.856262,31.968863,25.590012,50.41557,47.003204,19.447952,36.68444,46.909996,36.10606,56.884544,46.778778,74.85894,34.341286,29.218296,42.43904,65.61132,71.696556,34.50655,38.639854,57.89509,38.301796,44.36949,20.207895,58.097588,40.58736,45.5146,60.23261,35.68907,41.77612,10.949429,31.146822,45.25789,66.98805,41.807487
43.134155,57.87278,50.285915,45.747597,33.572838,53.68114,36.219734,20.579018,41.776894,46.572086,36.982983,39.536484,43.692986,80.475845,31.007029,40.75797,45.571487,70.67719,63.292866,57.68986,47.754192,61.24488,47.679073,41.6222,21.690298,55.215878,39.531464,43.75248,51.022926,27.316847,25.15185,15.818043,24.463818,43.36618,71.20548,44.271305
54.775238,44.016907,43.31055,45.526485,44.998585,41.2994,68.76134,33.26663,59.586098,38.81254,60.60543,39.25466,35.940426,68.186455,11.27429,40.029015,45.72041,91.26201,19.62072,97.6974,14.252007,63.496346,70.010956,40.393307,0.94646835,50.770782,37.371666,27.640026,34.256355,19.234005,30.06004,28.683132,32.86412,34.534637,58.944435,43.012985
28.690386,42.574547,53.675606,48.84184,37.976265,25.957058,74.63122,22.330437,55.511528,73.730156,82.64296,12.299218,72.224174,80.04167,20.584356,49.42345,51.572155,94.5947,25.81387,71.37512,78.31358,87.880455,79.75699,46.077328,5.0878744,46.877724,30.461504,22.138563,34.565975,25.937033,26.806767,10.218687,29.118883,39.719822,65.436356,21.719852
25.778873,35.435062,45.90081,36.892555,50.264347,35.258934,69.22505,-29.597809,56.229057,69.027695,60.176903,50.05872,59.00817,79.20499,24.968376,39.18192,82.819046,97.54941,57.381634,49.786163,70.73049,74.286835,71.58156,45.54455,25.861774,41.051624,5.4285545,22.653345,33.220436,25.71907,20.238632,17.20691,29.350893,51.538734,61.83199,22.348705
36.820354,31.838596,55.67282,47.370163,67.34759,45.89313,45.933907,21.90858,92.7703,61.354965,72.60847,78.809975,125.67656,80.97808,37.301743,45.69513,84.57612,86.5948,52.665726,45.502777,69.68917,68.3986,88.25796,22.203342,23.02974,37.916283,40.983704,24.177149,1.6618919,29.83213,17.335102,6.044718,-1.296608,44.1452,64.76519,30.294672
42.29136,42.49783,62.799873,53.86845,60.52701,44.227047,57.854843,-2.873277,68.938484,101.226616,84.90234,99.270966,85.832726,97.66778,-9.265881,59.06936,88.344894,129.24304,59.060146,41.182808,99.76656,64.11716,71.25104,19.708015,32.93372,2.7344885,28.53793,23.492744,-127.181526,14.368644,30.435356,14.301817,24.785202,36.03421,73.718155,18.022087
46.354362,31.07244,64.87898,52.16996,74.565315,57.16143,50.82053,-4.973835,28.911089,90.82907,77.686066,73.64512,70.45353,82.433,48.704147,32.227654,94.947205,111.348465,59.048813,30.727657,72.68724,60.95373,78.02589,17.41609,26.920647,15.692171,11.460558,14.685589,10.893446,14.423187,28.19068,-1.9011059,16.923763,42.899235,82.4495,34.43561
47.22514,55.059082,24.131908,25.558159,72.44405,27.151947,29.363888,-8.631101,45.76517,54.54424,49.14874,47.250576,100.71672,81.265274,18.700903,31.059555,84.565445,89.17548,67.594475,47.418106,41.04528,61.09179,67.91562,4.546837,9.564831,23.928528,12.773249,22.024559,29.712868,10.833672,27.533297,21.793194,18.565323,29.050161,87.60029,31.434223
29.508858,10.558693,22.16784,20.068804,63.19986,8.141744,45.73126,30.13478,80.20898,70.18968,38.936134,52.605145,88.05166,62.76037,13.583776,17.405464,72.267815,117.00416,28.598585,82.6173,35.248173,37.5435,97.99036,16.255074,10.771752,25.426334,24.366516,22.153233,31.07392,11.439106,20.944464,35.329765,18.442589,40.726295,109.890526,22.50512
7.8226748,2.4320836,36.418755,17.71387,45.828403,4.745167,62.783936,26.468052,89.03552,80.93314,71.96693,41.54815,41.838932,53.238464,28.389008,38.069195,61.208904,139.83311,11.603176,82.4755,36.67448,23.44748,70.02183,-9.506617,14.647728,7.8332615,33.890488,25.032959,24.952513,19.800522,55.106365,17.925102,27.438686,8.65303,129.9714,34.44748
12.754278,14.032194,26.29157,21.5895,19.034643,35.73578,47.112717,14.799588,79.05376,84.360756,94.04758,17.396837,53.903755,48.65088,36.74755,49.881092,83.718506,99.19417,17.101566,84.553894,85.65671,47.542973,74.53835,13.133252,14.322847,10.964767,9.419823,22.22947,34.115635,21.775759,29.250706,20.272087,28.907291,-8.2874565,145.80426,69.877716
-0.40416622,25.35617,32.28289,7.832013,45.773067,46.63038,71.5047,75.250275,52.415173,81.12154,84.23161,22.941425,26.852865,64.848976,26.2166,56.31972,66.2859,113.27146,43.350845,63.965496,74.44628,86.51294,70.63777,20.635057,16.345928,23.352106,-6.5926485,29.973387,34.92421,22.604906,39.66257,8.034896,15.844711,10.363367,97.06218,56.450424
-24.439465,54.813538,41.606445,11.682204,47.54561,52.032974,78.96647,78.52641,40.947628,64.92359,67.781975,35.72937,58.048035,66.17388,50.926945,40.74745,64.06667,84.89199,51.570595,41.23303,65.67548,68.19036,83.989365,29.626997,8.643041,33.000153,26.145473,38.165974,40.835613,24.986029,35.162918,14.547825,36.59063,32.660774,71.429596,63.422737
16.610188,58.299488,32.43019,34.573578,64.69218,55.374504,103.26375,74.97001,34.154408,30.276873,65.65885,22.034851,58.88267,67.42681,47.14406,24.936113,94.77241,92.897415,62.282837,25.565277,50.911705,63.884857,95.00103,41.36455,2.462225,34.284058,24.055748,31.250187,42.492188,31.603151,49.00633,-1.767971,-22.482338,37.41014,68.32561,21.321457
35.45928,36.85475,23.911995,42.994785,63.79013,52.781925,82.85458,88.80553,18.19191,45.025948,36.6557,44.648655,51.93627,73.24966,7.803673,33.165146,76.98405,78.688255,26.33995,30.56876,41.305363,67.300995,104.52644,43.307697,5.565503,-0.8093586,24.020449,31.553503,6.98748,34.633884,50.305195,13.785227,42.393703,36.423355,51.31504,34.95636
31.44051,17.527794,47.32475,23.26868,58.400948,45.927,37.492836,78.97528,35.951252,44.22379,43.33574,21.620867,45.828484,91.60841,46.60854,19.910702,26.247978,62.08252,26.952602,17.670057,19.119102,94.34935,79.69531,58.964314,26.290287,32.924202,13.360798,14.783983,23.509766,28.68966,83.674446,23.861256,23.602283,19.658588,52.880554,20.19951
48.585587,50.979156,31.064724,30.323488,63.86796,34.31196,57.705444,62.61324,56.182167,47.73771,38.4774,64.02198,68.60428,73.39984,44.768772,42.455734,18.890562,68.33391,55.647167,3.3074074,41.448112,86.42976,62.2386,62.966408,32.55141,59.097824,26.357265,17.668022,53.17584,36.596333,81.5718,15.176306,12.554302,30.969189,25.53742,29.628212
47.89066,38.64099,47.113903,48.592808,47.02945,46.36327,71.941185,39.843517,52.497543,67.76591,64.025024,58.539207,74.47521,82.74979,60.84748,35.619827,1.703907,68.457115,49.90737,41.63037,60.511414,90.67652,46.989185,67.833336,27.909073,33.469902,42.08053,19.332237,62.59786,41.386986,75.16097,9.396713,13.058193,31.732918,30.805841,27.795496
53.041565,61.00575,74.30234,39.92987,34.779903,59.599937,62.301754,57.333694,58.608006,61.768993,51.59406,70.40355,56.74813,56.291145,53.04647,31.75721,24.935183,63.512386,7.6825523,48.630642,46.127663,90.49881,61.089092,58.575134,33.236942,31.858738,43.003372,26.11664,52.676266,58.039177,49.099422,11.907797,8.86631,39.526604,36.894794,19.688314
55.23132,62.25036,80.24103,28.97781,35.54075,62.745472,55.37512,121.1152,63.55838,69.50266,68.23484,64.26693,88.45,58.91633,70.39598,39.387383,20.121738,68.64244,52.85261,42.6297,58.58159,73.83016,66.06506,66.593796,45.132057,30.289362,37.820206,20.931192,84.872536,50.093216,80.84117,16.68158,27.860418,21.511974,47.439396,16.895401
46.170235,75.05241,79.07707,45.02552,34.399315,45.984497,77.88181,85.990395,54.24888,84.690056,62.447,79.983215,80.09422,57.482075,87.03134,47.207325,20.391005,77.825226,61.30831,38.34711,72.172485,52.41051,71.27725,63.935062,58.049934,43.395588,18.285315,10.865647,124.61371,43.44164,66.39419,8.2971115,36.57375,36.83694,36.34668,26.834034
47.357246,61.43929,58.23135,74.42378,31.729744,45.952415,68.62968,92.98213,48.64567,72.05184,52.175465,63.467888,57.011616,69.89281,87.99688,59.627834,-2.1675968,55.22227,60.782963,46.70896,55.090363,92.382965,64.00774,77.13344,56.690807,27.938059,25.629505,17.687428,121.67739,56.180187,67.891655,5.8237953,20.415794,45.268253,38.9714,21.870193
57.764652,58.438156,55.56005,10.958023,25.899206,51.54178,71.59352,104.374466,66.92674,46.70239,48.893726,59.181423,78.42672,98.832695,87.648346,48.815968,26.145355,24.157543,12.599167,74.64475,61.14337,67.159454,67.85704,85.09114,68.12579,26.273628,37.390312,7.9021153,82.07229,55.55991,61.197433,17.223005,31.591993,44.319607,55.51875,24.223095
67.90554,52.055073,56.15532,21.77739,43.747147,48.03485,60.331894,94.7632,62.74563,65.96798,63.38778,56.175922,80.14716,86.52411,71.695885,44.86786,16.566301,28.618023,36.849884,95.964554,84.9902,43.19032,83.00636,77.5742,65.89491,-34.60015,37.099457,37.560547,68.98907,65.40538,110.79167,7.647323,40.95855,49.505688,37.735806,36.294292
59.788708,50.38108,56.947697,-2.4056244,52.662537,41.48339,58.5229,74.525764,72.87187,80.919075,63.45024,58.43097,53.759464,48.55286,92.21911,40.237305,17.963186,40.40433,22.890156,84.06428,79.31701,30.651627,106.820076,72.52976,47.739143,16.102268,34.801804,27.28203,83.645226,66.55773,98.89623,35.83325,31.831947,40.268074,41.548843,64.97638
61.63913,43.565907,56.676727,21.073315,41.54554,54.789467,44.349735,62.68625,67.784615,82.64109,68.78307,48.029217,55.80418,62.980835,104.0296,17.785337,-10.073231,23.000393,59.693363,73.75479,74.6453,7.774578,76.61046,96.65899,61.623646,17.955162,24.775217,32.07675,89.85005,77.63509,141.09164,28.210354,30.122316,31.184021,44.456387,59.3985
57.923897,55.48669,44.616913,34.136833,40.951355,40.8298,46.630936,63.350124,66.16641,72.616875,72.70473,71.588486,50.9942,53.457844,74.97114,20.407951,4.9783993,36.459206,12.934063,69.33792,34.778446,54.429436,77.81367,66.611534,66.52007,46.57981,39.07765,23.89204,101.888954,84.16763,99.7568,37.53765,19.651264,37.643326,32.191395,81.28461
54.698975,54.173286,49.582096,43.22698,23.645918,44.657608,50.836273,33.658287,71.190445,71.148,69.86431,51.856102,74.15094,76.69053,88.1467,47.33731,27.147524,41.065804,38.054226,83.2351,66.68439,70.91158,54.712395,72.06827,46.355316,47.52659,53.25776,19.626495,81.7814,52.50434,141.28592,38.900173,14.53914,40.72847,30.156525,83.25477
62.117924,33.5904,54.32281,42.927944,43.2946,50.290833,43.524155,36.353355,83.90678,78.3032,62.459557,68.8583,76.21288,64.08397,88.3647,44.18234,66.450676,54.580578,47.769176,74.05536,86.09861,54.16664,79.70206,61.145386,45.121243,29.750778,54.306767,37.931126,88.0482,44.892166,106.884796,34.819817,14.097824,41.896297,28.999664,56.351654
60.714046,38.06897,52.053257,72.61312,57.235634,58.420753,74.47081,35.599625,70.231285,87.30492,97.00033,63.33884,34.946304,71.96741,66.66048,63.411907,45.686466,89.39285,51.09002,68.35036,92.85497,70.982445,108.139336,73.68114,64.512726,38.79524,49.70974,53.02566,-47.99138,43.567776,87.017654,45.1357,16.499685,38.826668,35.29903,50.510746
60.476578,57.928097,61.999256,69.19363,52.081783,49.24164,72.38718,34.51762,49.86264,89.04688,83.11167,48.301662,65.546234,55.113247,70.178085,61.25674,52.705803,60.32438,61.080704,35.411053,69.18724,81.90718,85.04901,74.59295,54.60537,45.595734,70.31615,66.170166,22.251162,51.47324,89.960266,64.923386,35.39433,44.396935,60.62461,86.517525
56.932434,49.42377,71.06296,78.41232,49.19932,59.759743,41.027527,17.602318,49.98458,74.69264,50.92751,62.697735,55.585655,68.49122,75.90058,69.64796,56.542645,64.34085,41.9179,46.93465,58.77406,69.98042,68.82439,79.54056,50.512737,40.34785,71.88904,54.36421,50.588066,57.375587,64.70707,58.954372,5.219803,57.81975,60.931423,73.569786
51.859844,56.676414,74.395134,56.086792,44.932358,59.60855,73.07534,36.596275,35.730843,59.15702,56.956844,74.30523,77.36588,76.29467,71.539444,61.69354,49.906105,72.18195,25.237461,81.124,58.33808,55.870586,79.102554,54.718628,48.731426,30.28709,45.198936,55.540775,72.92074,56.411156,113.78223,62.664043,9.10022,50.779953,67.035385,80.85559
54.797104,55.768757,61.222717,76.68527,41.354576,58.816753,54.999626,40.73669,55.821827,63.342594,44.52391,60.540447,51.2432,74.51106,85.54792,45.72583,39.695198,67.86396,82.955795,64.36312,64.52042,44.114536,42.60264,57.516823,46.52922,56.49095,45.255817,52.88709,46.93442,58.249817,104.64262,60.52362,24.55376,41.854656,75.307434,92.92575
63.196808,56.029167,104.137024,60.42982,41.49516,59.70922,35.99875,51.516773,60.75902,64.57833,67.90919,44.551624,54.268272,58.893993,96.459175,28.38543,47.43007,70.30141,35.119213,54.986073,68.2526,40.784832,79.367836,69.80041,38.56725,31.029394,49.772533,61.529335,61.77369,65.55554,73.68026,49.24936,18.26441,44.53273,79.83322,84.54944
49.82764,91.42895,90.6855,112.51721,62.680355,56.632687,60.306355,39.568283,65.9219,65.73361,62.653904,61.100716,52.441353,61.40284,77.26576,53.729126,38.89281,68.785385,51.915894,72.89868,77.52996,35.707165,69.154854,63.559105,60.104725,35.582985,61.97226,56.415104,71.821205,64.41209,32.98139,58.861248,26.70017,61.941597,78.72054,77.66508
65.26595,57.17868,68.20631,73.33429,63.72491,52.640064,59.39081,48.914043,74.32444,68.84304,66.21563,50.886547,49.611187,53.70011,83.33136,54.44403,55.52181,64.93845,42.455933,64.92939,75.39298,39.871872,83.45708,72.824005,62.41319,61.659428,75.38226,62.867386,72.21482,71.17209,26.70921,58.193245,35.35035,72.23782,74.73264,64.26638
42.073853,55.870014,67.01646,57.458763,57.217564,65.00021,55.43846,63.148037,73.03905,69.30332,71.0376,65.506805,36.416718,50.908016,77.82277,47.920593,63.140118,59.32138,23.174358,62.0141,72.47257,48.645863,79.48419,71.839745,56.591965,77.84421,78.45409,50.827812,74.65436,67.44423,43.645123,107.79456,28.988573,74.9529,46.618317,65.43128
35.758698,50.461143,63.738243,57.876957,65.68265,90.03732,60.271828,51.196514,67.79877,63.63054,74.06718,51.48645,61.226387,62.754765,69.934265,60.919834,44.57071,55.526,26.070406,63.282566,58.10827,73.292206,100.70548,74.23809,52.944416,81.71139,77.21778,64.870926,70.84729,65.1844,62.43493,89.36511,20.095568,47.198215,46.966568,68.68066
51.99001,56.04238,72.24085,59.25196,69.50709,76.24101,65.038704,51.205944,70.9487,73.627075,30.023098,61.687958,66.35449,73.541695,67.76396,58.80337,32.195904,49.01587,9.746433,-33.747124,68.62897,92.29659,64.35542,79.95711,46.365505,61.36105,74.83485,81.25306,65.67923,68.805115,95.38543,78.2085,21.55934,66.12057,55.329056,67.85886
59.365055,61.13323,88.97583,59.96955,63.681942,88.428474,55.47612,59.379868,59.458836,77.48987,70.24099,55.27807,63.356655,86.080444,88.446045,44.83458,16.81908,46.829956,32.3684,64.44649,50.025574,67.31951,66.96377,80.79504,51.228855,40.963852,65.83802,87.45862,109.9712,74.29386,130.32889,85.931625,5.898548,42.712524,52.352146,64.91478
72.76487,53.2477,100.92642,69.42663,55.914055,53.037437,61.606636,64.9619,79.41643,63.891018,69.08389,48.359386,64.73206,90.53482,90.78006,49.179554,29.906609,65.84946,4.9861526,66.051414,82.97513,64.10682,92.55705,78.64062,62.596233,29.447495,61.603695,78.96772,114.90174,83.86408,106.39219,78.82125,33.84053,44.08865,44.056396,95.674835
83.70969,64.48685,81.86884,78.36101,79.43964,47.92952,77.60563,3.216362,85.55475,62.47473,87.52364,46.003586,70.59858,86.12988,84.93179,50.867626,18.89468,66.00293,46.75695,59.3892,74.13362,80.40523,70.77755,85.83829,76.88218,66.04198,71.58493,84.67452,145.04362,94.28598,158.94904,69.10553,37.708736,40.941776,62.785946,85.61956
82.36267,63.684044,72.04521,62.057365,62.62654,75.617294,91.49121,49.691277,72.31258,83.46375,75.43298,69.39324,72.18102,76.032005,92.80481,47.37953,47.228443,54.975555,54.241707,83.52593,85.381996,82.827354,47.637264,90.047585,83.2167,56.65451,68.89404,86.51205,169.8573,63.856495,129.61331,53.453262,33.408485,43.84902,54.23156,75.07494
78.16784,36.321213,81.22535,56.665127,71.93471,66.87134,85.65942,51.379208,85.24904,82.38512,87.108,62.23008,89.33604,82.17928,99.114456,47.767174,23.5019,61.37296,19.74482,81.85148,85.24764,87.99844,49.01445,75.529465,79.42378,57.644836,56.508907,84.007385,142.3957,93.171616,110.00591,55.70377,37.73842,57.671867,71.500404,68.40917
89.46146,53.177643,85.341034,56.122562,61.660736,74.67551,47.50318,42.91182,70.734314,83.308556,59.72631,76.73513,72.453125,74.81688,114.54956,51.80789,38.240074,53.911507,15.941818,99.0666,93.63171,73.57486,48.393417,74.74381,75.722084,61.5831,63.72721,89.29742,176.51437,109.422745,148.1836,58.738075,23.116817,44.090343,64.960396,64.12728
88.60743,72.06088,72.19388,90.545494,61.858482,73.7835,43.443462,35.127342,81.62373,77.11045,77.917694,70.26963,84.52591,83.7521,93.02442,29.490278,42.37877,91.64733,9.694675,77.74454,84.04688,60.346226,51.598633,60.11029,73.65937,28.74797,68.292015,87.25175,180.52924,98.605354,166.09865,74.51447,15.032168,55.68638,70.02369,71.77583
85.44933,49.44125,84.85513,114.65068,88.4549,69.784485,40.983696,93.01716,83.334785,83.96822,74.87216,61.403152,85.18593,76.84196,74.86989,45.43222,72.4907,86.450645,58.394024,195.0357,84.56601,70.4363,64.27806,37.174652,83.00598,-28.402946,52.787266,74.93845,168.27411,60.94135,171.31567,75.21952,25.03634,21.5562,62.261433,60.79779
72.20566,50.718773,72.14582,102.43091,95.38401,70.18441,42.25831,101.38542,113.06633,124.65724,104.58925,54.104683,66.41817,82.12007,70.58182,69.883575,71.50344,119.09538,23.134506,118.989296,107.051865,65.46159,76.58996,22.868193,64.55043,29.546211,62.183,58.473553,133.84254,21.537231,118.82597,77.47923,16.835737,41.41269,49.28042,75.848854
49.389584,55.636692,75.42262,86.57785,68.491714,42.00933,59.849743,81.169106,69.13499,112.0246,101.968834,42.48029,58.89464,72.57633,62.32282,70.151535,66.767365,111.25185,44.754158,57.66044,91.117096,56.143257,82.73199,10.877241,49.475624,58.855,58.80474,48.486893,99.89216,44.05491,88.65379,69.43018,19.856121,35.69134,50.148224,64.553894
42.283558,40.060684,73.218895,73.03412,70.821335,59.949223,54.80817,84.292854,55.043457,72.02067,85.80686,51.904083,73.262276,73.28261,61.60557,79.413414,47.83299,82.466545,26.779196,59.624817,76.2847,68.81004,100.372505,35.44182,51.278206,22.930836,41.187748,74.116,92.84067,40.978573,72.58647,65.109764,32.27975,27.82541,51.00629,77.28464
48.322987,54.413937,99.498505,70.964485,72.48688,60.41714,65.9815,85.05329,57.098495,69.509026,59.946373,47.121925,78.42498,83.37772,51.664833,55.860657,56.764946,91.15769,53.81552,32.77446,66.44674,46.584164,83.13988,37.16505,-6.5241165,40.446526,47.334904,58.06647,88.76746,61.47821,79.2388,71.26231,55.49335,32.18771,69.33842,78.30955
57.06549,49.88442,80.73533,92.52588,81.21014,64.018745,42.894985,54.488033,56.72865,74.34796,63.89262,45.494507,57.6623,75.429985,66.005035,91.44855,67.09843,86.60476,17.83862,52.628048,65.26913,28.058792,58.357025,83.98352,42.605694,42.13128,59.55231,60.91616,72.337074,55.154217,73.35319,67.12247,41.694305,44.46325,67.38139,71.696465
55.79455,58.14467,75.59261,76.655334,65.61575,49.57916,4.926956,67.40219,54.05053,67.269905,68.521614,57.86172,55.089245,71.37009,70.397446,66.334,90.92831,101.53967,42.623184,57.42238,61.746014,70.17526,55.28107,86.33578,45.696968,46.38732,51.14814,51.09292,71.033295,71.56796,112.05058,48.810486,36.353,33.202003,65.94785,45.875076
61.68093,68.43562,57.68623,80.617905,55.863132,18.300724,19.416908,49.15471,46.167164,65.39287,57.98637,43.277752,63.04087,61.934395,71.66174,98.25663,87.61677,91.934105,66.02334,40.82639,65.028275,55.029415,61.766212,94.189095,37.49965,59.760506,50.607056,65.75778,83.55826,67.438965,95.788536,53.062386,35.101517,54.293804,75.91065,70.950714
60.751976,76.31355,49.24479,68.06447,68.25923,28.674255,46.199097,52.264233,29.6375,53.66898,63.9222,44.55892,58.881115,69.72328,57.323666,60.3061,69.43785,84.21513,83.097046,53.049313,55.92304,51.52093,76.19824,71.289925,14.027418,38.29351,47.71599,58.574574,75.53441,70.80701,93.05206,63.504326,46.577118,59.308754,75.086845,75.0998
47.642395,55.63512,52.83509,59.665115,46.39716,17.633595,57.050713,45.619316,54.314144,55.421986,50.586792,50.140915,57.637768,72.25408,70.495895,49.28815,54.681087,97.06127,86.49918,48.632126,60.347244,63.42686,78.537415,80.66821,26.012936,25.721584,39.96945,58.278137,93.180626,60.10833,97.275345,52.75148,43.502834,60.687393,67.34491,64.016014
61.610676,43.472317,29.778215,49.541294,34.872925,36.874798,47.78646,32.63212,80.448654,51.157066,63.437386,50.465343,46.059017,71.022865,56.672775,51.28567,58.946644,112.592834,62.36154,20.790386,60.673794,68.763,84.0199,77.21558,18.328262,51.08918,42.26576,27.399202,93.21303,82.30231,92.30051,57.694134,44.625076,85.719055,60.26224,71.05266
71.57927,36.91172,37.400322,44.441254,25.847185,43.051945,47.742126,7.6647625,47.13604,70.66275,76.889984,26.293533,24.537374,76.76984,65.17182,57.29127,86.7099,80.979126,62.972878,43.539017,56.234535,39.930893,77.547714,74.70025,40.09735,39.132,39.59017,26.026966,95.9922,62.52249,86.55393,41.749607,22.050692,75.999985,63.308235,57.018463
63.325268,25.052725,42.181976,31.169292,12.267008,41.11039,38.114796,22.765953,35.289894,58.81057,63.004597,39.101658,17.645134,49.854702,59.316845,40.05518,70.709496,77.3119,53.66067,34.346054,67.756775,35.065502,60.621864,68.38583,40.563995,48.5913,46.124435,34.143383,79.7762,65.221466,32.749622,47.91264,23.202215,64.760704,67.741165,43.14297
47.107197,34.127014,51.327606,12.776266,19.585842,16.020977,64.15481,32.94223,35.249634,49.215607,38.867477,27.140148,24.733114,48.27962,29.61405,43.175053,56.77625,66.41351,46.940018,38.881203,24.522812,57.918434,78.43801,51.968414,56.937553,46.11909,43.878212,35.550503,59.351913,63.613235,50.159798,34.783936,22.237085,65.487785,72.384735,38.82307
50.485035,34.362164,50.455982,21.018208,23.775555,37.71074,21.719818,34.124535,37.64661,42.902275,40.002895,52.620655,46.251556,51.832333,25.689117,27.608139,51.29188,64.45606,62.058014,50.642925,29.462572,68.6515,93.73399,48.56827,42.840584,52.83905,47.592392,49.42901,54.68896,64.07526,40.37561,44.738754,10.923704,71.44996,62.982483,20.463587
40.73286,37.4476,12.10524,64.40677,37.49027,15.827295,47.19904,37.16192,61.808968,48.967243,55.232468,56.93792,48.22422,62.32748,20.257965,37.354336,59.660637,58.97204,46.271133,56.433983,38.831974,68.52622,85.866554,45.75229,34.852276,59.627113,45.730385,49.678696,49.1358,57.60729,65.08211,32.721565,19.224741,87.56123,69.33771,21.158447
39.651505,36.411495,36.350246,49.710407,53.93565,18.350813,35.04257,2.5413818,55.10272,52.81833,76.836075,49.88704,60.905468,70.18934,40.363,42.561966,76.42235,64.18742,29.503475,50.553036,60.46927,57.769157,47.41617,25.975466,28.29336,38.34412,42.09177,44.202885,50.567345,28.31255,68.08731,26.526525,17.617195,78.03618,53.991734,25.354256
41.055122,19.361038,49.785313,38.759148,59.995827,22.217312,-13.094986,24.223024,53.97592,66.61092,70.87224,66.75261,49.00406,59.062675,42.70342,42.032738,26.702452,52.597755,65.45794,49.641644,55.24573,59.348267,42.14874,7.3577423,39.014053,32.363655,54.634014,24.645405,42.035088,31.347685,65.14723,25.533257,25.556318,55.96705,56.647446,18.815659
32.892456,22.404863,58.257782,33.240944,60.081646,39.86784,32.15948,31.226044,47.930256,62.517265,63.677845,59.513332,56.746727,70.410446,61.639954,34.079876,57.07753,31.718626,25.031502,49.530846,59.181263,48.239887,31.772427,-1.7635355,40.34028,35.14733,43.350166,41.493965,44.16779,44.44036,37.066994,29.304792,24.84596,68.06339,59.59443,31.925272
29.94942,13.3485,55.974525,34.10794,67.09965,36.969536,36.62133,39.070766,60.577896,71.80472,68.66982,66.83779,55.057243,67.25379,73.111694,26.892483,48.32699,38.805477,14.003639,75.30971,55.940025,36.78385,26.985079,17.221954,54.23323,62.941162,39.596565,55.167015,30.271816,35.550137,28.892735,43.675987,15.3077135,30.320763,55.09069,7.9259396
34.054028,15.851805,54.57843,24.846884,38.924026,50.692448,23.646275,47.53367,78.15027,69.86195,62.850582,100.589005,58.647243,71.4535,65.3278,36.79331,76.23373,52.273327,20.871944,69.04553,72.12935,32.418724,23.806423,14.238665,38.165115,51.469543,52.19856,43.53843,36.404686,7.6093636,32.76661,22.023157,10.806878,26.241266,41.98789,26.603853
42.255035,38.29168,47.435677,41.02959,35.20897,50.65241,25.736761,41.825554,62.46926,65.923805,56.48239,56.88454,40.4746,75.00303,56.252304,58.16133,50.53711,60.45421,23.006207,54.332047,62.500698,32.311893,42.57805,11.931225,33.67974,33.57302,45.83623,40.44241,39.325012,27.459126,10.327348,40.273224,11.855419,32.21729,61.213203,37.36568
42.08538,43.836147,30.387796,23.802908,30.54192,43.808926,20.037868,41.369495,55.357227,69.34974,58.080654,49.924484,59.24724,76.957016,47.891064,57.67703,60.959946,71.57923,12.537134,78.81495,63.329185,61.63299,26.714367,10.487703,19.435905,40.62903,19.437326,45.794556,36.49373,23.726103,19.990849,42.06933,4.826276,31.525814,62.52063,60.5682
38.096375,38.581497,44.497948,14.818142,29.638277,43.444958,17.712172,53.42272,60.03925,80.705345,76.62913,50.34846,37.280807,60.534973,35.71252,50.300064,63.061882,77.73422,24.514175,54.73963,86.54774,43.645798,40.716904,19.375862,26.216618,18.82022,14.984505,23.805456,35.90239,21.66149,21.43854,24.8301,21.45513,51.845314,82.14725,39.571938
35.933823,-44.337685,65.69463,15.264431,30.363798,51.407066,33.788944,53.56623,48.105354,71.61328,70.59717,33.761974,49.720287,69.32269,31.205399,63.186188,28.58627,72.99833,28.825462,58.1879,65.41514,57.31436,54.80988,39.174767,23.43208,2.721343,11.579372,18.081398,31.312212,15.684691,8.007046,22.029957,27.160118,47.604675,65.32586,20.911339
47.307922,24.100983,45.946316,24.901777,49.895515,27.804144,37.682205,59.292053,38.9588,59.852665,57.563313,45.903088,77.08515,71.59149,29.020851,42.214115,36.40752,66.43885,65.25125,63.743237,67.87103,44.8868,57.154274,42.490585,23.390587,5.932372,1.3049221,8.715941,26.021338,8.768312,20.53929,15.38185,21.627663,35.894215,65.77906,26.368868
42.17841,32.806046,32.73804,33.82171,51.49366,28.887321,56.03317,63.206013,53.650406,59.02177,47.144127,27.541752,36.495598,52.43586,24.550495,41.258404,43.744377,93.20457,45.583977,80.90706,24.654522,-10.706638,49.68676,56.77056,22.284454,5.365129,19.361927,21.579771,24.992327,14.460419,-6.891817,12.112161,19.692331,29.821218,58.087116,33.761177
18.949919,21.210442,28.755754,35.633045,53.041225,41.37966,57.77374,43.433086,59.755447,60.61456,61.510475,-13.983593,11.745295,46.674835,25.337894,42.082886,34.086994,87.431015,48.371834,36.873566,50.992622,71.06017,76.3711,45.15464,20.571934,21.455233,22.926062,14.980974,32.851013,17.209332,3.9340277,18.132092,9.80354,42.320637,71.747665,45.705227
18.36131,33.107513,36.4915,36.605247,72.72372,48.216747,53.399124,56.210476,51.738914,77.564896,59.0122,36.80065,65.20898,65.14137,47.044243,28.353527,48.674805,92.53833,59.10123,30.889133,47.63984,55.05632,45.788773,42.29171,25.924147,43.938255,17.539993,17.722443,30.528557,7.4817877,1.040493,8.086229,18.436403,74.01628,53.284084,46.814453
27.406237,21.625492,53.985657,31.612957,65.96745,19.847153,53.03286,22.29271,51.83757,78.26936,51.572308,49.928467,37.73285,58.47233,37.984737,47.722927,71.62261,76.20111,65.52488,33.53865,52.7586,49.67123,32.07544,-1.2233868,31.17684,32.957783,16.366177,19.324196,29.359093,8.743748,-6.5895543,10.064196,27.146156,68.486855,38.764896,45.132988
39.692364,15.448765,33.86758,25.910715,58.76237,31.23946,52.7998,21.45852,15.854507,72.09826,46.848064,43.724106,41.40156,58.062595,53.63983,42.69483,28.445065,69.072495,78.129555,35.27442,41.264656,63.75808,31.27007,11.260389,4.376602,33.550068,6.1124926,31.557745,25.60134,-0.27660847,9.6319895,6.7906165,-2.0813751,61.6809,49.061977,42.01772
26.446585,-3.1643472,27.234816,13.501732,21.9635,22.959599,50.88523,17.523384,34.50327,49.47239,41.07973,61.576504,52.97686,65.72637,66.424515,39.08437,18.175875,73.196754,45.928272,48.822914,34.036434,43.089287,54.634995,13.849294,13.9401245,28.750935,13.793243,42.556072,33.064087,9.648067,-4.787491,-4.7059,19.55569,52.935085,62.215847,48.632675
10.70684,21.245358,37.26396,23.675297,23.639164,36.262783,25.312687,30.287989,37.332775,64.13069,49.780262,45.906307,48.17392,58.149033,97.14974,35.295795,29.044033,56.099907,52.534508,38.148945,46.874496,35.715294,34.412685,3.7714615,2.689889,9.978577,10.180198,36.809734,40.91747,4.6305366,3.9896538,21.090399,15.404018,53.582645,25.814014,44.1896
-4.5624237,22.364874,32.302486,36.860703,27.860624,32.336655,33.886612,-11.149614,85.053665,51.48964,44.783516,49.92025,40.043148,45.616146,60.28989,29.199047,30.87619,51.38462,73.576454,29.341885,52.187252,22.841496,23.982489,0.893816,-76.459145,14.147436,6.478442,28.244812,-18.732616,4.240029,16.050438,18.717777,18.273806,42.898067,43.027985,43.76004
19.259203,15.153608,18.825457,32.10417,42.23635,70.41587,11.837822,14.80308,28.903526,72.56563,78.98582,36.16462,32.296577,42.214275,58.872696,38.90056,52.644135,67.29727,35.406868,46.806026,52.372498,22.043045,52.428703,13.199667,-48.128155,39.1727,16.85619,23.807266,21.950258,-5.670023,16.32811,20.658703,22.123806,37.474213,23.509972,39.64359
21.52444,64.74474,54.954254,34.43662,28.378307,5.7017517,7.7266855,88.92828,43.90493,62.957016,43.56855,27.339123,20.826735,37.7972,56.34839,30.99762,76.81973,72.90741,22.304066,68.128265,37.607212,40.778557,46.65246,12.875181,-9.52641,19.37635,18.552486,6.9633617,24.21525,8.146917,36.864365,20.626045,32.498604,37.362568,3.8557415,43.196068
22.139198,24.697525,37.15872,51.789314,13.837931,22.151976,1.7701683,64.92586,45.824238,61.473236,64.64554,47.54934,31.162533,17.578897,35.81299,32.6056,19.699903,61.164276,-3.823021,61.74948,37.981087,6.0358543,48.066784,14.086891,8.046259,18.640614,16.012224,21.738718,40.625538,9.985176,28.276886,21.552967,37.315586,37.26716,50.601395,37.588642
22.556963,10.724744,47.407547,20.332241,19.528446,88.42156,13.462696,39.68271,46.39972,69.070786,66.783,23.620028,27.91626,40.68013,23.744738,33.659386,35.07768,42.308952,26.16798,53.204216,62.753517,18.319038,22.643799,15.913986,13.689914,-0.07878876,63.247612,17.910103,21.848307,6.595055,36.91729,30.353943,49.09652,26.956352,47.945778,2.2621155
31.133574,27.769018,41.056065,18.38302,15.766926,72.79264,32.7808,48.183952,31.065592,71.3299,49.313976,26.22444,46.197872,38.29168,25.737858,29.710293,34.997272,40.52195,22.708984,18.115772,12.204254,23.555988,28.604334,22.11107,24.763369,35.028885,46.2767,24.83837,28.194431,13.82708,30.297626,26.00089,19.690588,24.353785,38.965145,29.553082
30.300222,48.4023,35.41556,35.305584,42.01523,18.735529,25.136286,60.72525,14.45763,50.80876,45.727165,27.101524,40.773888,39.365974,24.874344,28.144682,23.840637,45.136612,39.384666,34.532352,21.061058,-13.746527,60.81212,20.87461,17.849636,24.057125,40.876328,32.79706,28.58127,8.961101,29.246195,37.346878,20.98833,41.873943,38.25555,12.802437
3.181797,39.84308,32.325233,24.002642,63.815025,24.013578,26.71692,41.464878,32.7589,33.023643,31.39447,39.53965,53.446346,30.990768,33.12744,31.637453,16.303257,64.506805,48.79319,43.429607,38.070408,9.772979,62.915825,17.515532,12.170399,15.757363,31.669924,46.362774,22.331379,14.221596,26.505993,45.822937,19.814255,39.309925,38.43091,35.828087
17.12343,17.898148,47.792847,15.567597,33.228157,36.574585,48.328804,40.59878,7.669842,52.106236,32.791317,36.746098,36.456287,33.618916,33.9833,44.228947,34.330284,63.597458,54.3254,47.865566,46.646786,59.71089,55.084663,26.439198,16.122902,3.5494452,22.728924,33.273075,22.852692,-14.265251,35.390793,33.692635,15.568621,23.44762,17.627851,33.397865
24.483425,36.900047,58.715378,19.842615,20.907585,41.377525,80.54574,56.430096,40.039265,47.5563,34.102406,59.43635,48.657288,61.97786,25.510042,29.150867,13.2441635,80.080345,60.677685,33.651543,30.081486,75.05721,44.92302,20.882244,12.886216,8.709478,31.900654,21.681562,37.378685,-16.123884,34.269157,24.375914,-1.0474701,32.425,23.836151,33.972702
23.245527,35.81891,36.84698,58.7809,14.697468,47.225674,67.19593,49.778988,55.73681,48.77803,32.616055,60.08113,85.428665,81.10131,77.90604,19.80238,20.118294,60.77058,30.493065,67.94626,41.478157,88.87029,47.13532,20.215532,2.994978,-1.1637611,24.07547,12.465177,38.541256,4.6777763,25.347141,21.251114,35.909863,35.549118,32.592148,41.371323
22.909521,34.188705,30.71525,21.575205,20.61911,78.02129,20.28508,74.66771,63.94963,59.006958,58.517666,62.312153,101.79818,64.153465,72.033455,45.57979,29.504229,53.79913,39.273476,83.85419,73.72011,69.764244,77.04136,21.240345,11.7060795,13.395529,24.067451,11.9664545,50.456757,26.629309,30.10118,36.00836,25.264122,42.83542,23.883802,24.920176
38.748154,28.898794,75.645966,14.989742,15.223341,70.30837,55.13711,57.766697,97.69661,82.95448,63.326797,65.43641,109.63198,59.47029,62.00414,45.862003,38.61621,87.23071,31.720173,86.20307,88.4495,65.34341,64.81741,21.82502,23.423782,28.937101,-42.986423,11.553726,48.334595,13.497592,30.209745,17.257187,38.847965,39.398323,29.297146,28.137827
46.56829,46.27834,70.838936,36.20827,31.432167,59.550938,41.089897,82.18399,88.53418,95.21626,91.440155,50.86101,90.972084,78.34812,57.689865,60.07591,53.96065,120.04637,41.886127,62.76825,111.02803,78.08058,96.12527,26.726475,39.194706,35.526146,16.443455,22.787827,49.727333,-28.014082,22.238773,16.263577,20.788563,51.121376,22.263536,20.314907
53.75256,-44.015755,50.958942,20.368277,13.110674,54.929554,42.47815,93.35862,46.441605,86.74051,95.26546,63.058773,74.98158,73.726006,41.24357,70.295,84.53378,92.421844,36.153736,48.679787,102.06118,104.918015,67.400826,15.932882,42.23647,30.91364,31.412407,17.806772,30.959526,-0.7562008,52.851204,21.720915,43.74016,-2.8159714,50.485302,56.929695
22.95951,29.71328,76.043945,25.85975,29.133987,49.536186,44.338356,15.262756,70.07117,82.816925,67.10611,42.313835,47.872433,77.94329,17.1238,54.107166,66.97806,103.129715,13.06926,49.922604,45.952892,144.0426,53.93035,10.656715,23.407566,41.09792,32.924904,23.17157,49.216354,2.8197565,31.17775,14.131743,39.535984,26.307823,82.87172,28.187576
37.84663,4.6569824,55.177673,27.47223,28.57253,50.08877,46.703674,22.50726,72.39041,74.38643,68.89175,43.421597,62.86865,110.428116,27.182606,64.50246,77.33407,89.03322,4.1822815,57.212154,58.17587,99.71859,49.118397,11.667,33.41794,34.997627,29.812569,22.580597,43.959564,-3.0556455,33.478195,12.9119425,20.5109,28.766018,146.502,32.9455
57.17027,3.036745,34.798256,18.924889,15.7878685,37.02971,17.820316,17.616556,73.64185,73.55514,75.01175,19.457342,39.743553,86.227295,30.350729,43.56148,52.406853,73.260544,21.835964,40.68559,67.20944,32.690613,47.024666,23.587217,13.3958235,40.203545,74.24028,20.729378,62.05459,4.0770826,24.631779,-1.5536995,24.642447,38.587006,134.09798,13.770922
58.373646,1.828661,30.068592,8.858589,30.76778,28.882545,18.911335,10.521849,51.186283,91.479935,81.8571,-32.15346,52.277725,50.59109,27.007137,48.560333,43.62185,63.281925,46.24835,-12.372231,53.022602,36.627224,90.49251,16.57878,7.5919075,58.32132,72.96403,38.36108,38.758133,24.465828,15.106629,10.184202,30.622913,59.507133,92.079544,43.12509
52.7095,3.4368477,9.190523,9.195129,30.459713,37.322693,43.020813,23.428192,34.712803,68.141495,75.88173,40.29939,54.055332,50.888336,46.236767,47.114346,45.408916,70.027145,50.91701,9.328539,50.25613,43.945774,107.12833,16.942263,17.299654,56.42796,64.30445,44.405815,33.112957,44.010986,36.27835,28.65406,28.60065,56.700127,71.37474,38.513687
45.899582,15.295675,17.783997,7.270199,32.71867,16.566896,35.975506,33.508095,44.9084,51.581,44.293003,20.500467,27.675419,57.45163,14.815826,32.908775,61.647705,73.142235,23.344624,33.00316,26.016174,60.878395,85.28212,17.752346,18.751518,59.44399,49.65942,66.02009,31.331997,40.045288,78.7469,43.838745,53.766182,66.76459,56.949593,65.073105
32.33396,16.272057,47.697002,13.241848,22.780266,27.776512,41.522984,36.50074,40.765755,42.202286,57.849644,36.47417,49.58412,41.50876,16.898842,28.284079,50.980633,93.32643,23.077036,21.761585,39.810024,63.373016,99.163605,24.402662,36.6558,38.84648,42.495213,41.709152,47.90872,8.927369,88.75753,55.652348,62.17764,41.127365,67.78015,51.10451
14.235664,38.977562,37.52256,17.919855,20.553436,26.524065,63.26696,47.03493,53.566967,43.00651,51.388103,33.443768,57.04343,66.18998,37.510395,34.045677,53.805824,79.37678,56.871,39.453247,51.26392,64.1576,62.241505,12.5829115,39.95407,33.062954,45.648457,37.35116,67.56755,-12.685575,99.882614,70.57582,67.91275,26.318933,69.72465,48.276268
23.275227,21.806847,55.110718,16.167387,9.093951,37.61898,57.561504,59.673126,55.966843,55.67849,40.480293,49.6474,49.439964,52.810997,43.795135,43.724438,66.76637,87.13165,56.563984,87.41401,53.961807,58.481525,74.25688,34.601055,35.14034,52.195347,44.388176,26.085024,60.991516,18.285255,54.790257,54.780064,69.21552,39.976826,69.47726,40.30383
33.87269,17.358725,54.112366,27.064734,27.105885,44.902462,50.511665,98.61869,57.317673,88.3833,100.176414,54.448456,62.784237,70.76752,47.296318,41.76555,71.02199,97.077065,56.235477,89.18542,64.90193,23.665382,77.40021,27.83935,20.98933,66.897446,36.182556,44.724506,53.017174,24.883917,49.7799,38.343822,57.23449,46.814426,58.8951,61.204533
31.032928,38.055103,52.007442,42.808052,25.188229,44.275158,47.36831,75.14009,74.16255,78.78756,88.2785,34.26677,38.932076,57.969906,49.761593,44.631958,79.04949,98.52773,51.553276,66.934006,78.3343,27.961071,77.07091,34.266975,33.265648,74.749725,30.471199,43.381622,43.73308,48.572124,32.892803,41.198223,50.48601,63.456192,56.208904,38.490303
28.17093,42.09732,71.43574,35.09053,47.521423,57.363995,38.051807,65.311485,89.39608,73.57293,71.59912,60.676056,55.236164,45.265,62.546684,55.392338,94.29131,83.31812,50.750828,59.835003,65.52821,25.065285,81.8273,41.680565,31.791397,67.662605,33.46393,39.617523,48.453213,44.644787,46.321873,50.194717,25.532043,56.571953,55.728535,27.095753
25.508558,15.1825485,67.0674,52.383327,66.16683,63.905598,58.881794,56.87702,90.169525,85.73024,69.480545,28.179264,31.582596,62.54486,59.378254,90.199005,77.26094,61.259773,61.332756,47.80677,66.767204,39.50726,74.87977,51.832153,30.045795,48.98444,37.709084,60.330555,44.892612,54.35795,37.233894,42.28613,20.72673,69.3675,77.83949,37.828823
33.242466,33.712746,72.04085,47.635803,40.996468,70.17626,49.09631,71.0726,54.39564,88.921486,92.928825,47.559628,49.89967,47.15772,65.743614,75.84551,72.71373,62.35345,20.657219,39.57075,57.56955,36.882435,81.865616,54.654884,34.25151,61.88427,27.308552,58.601334,52.98197,65.82604,33.188232,44.919014,4.202528,68.414955,77.23799,42.248367
35.89272,52.29039,90.12983,9.342121,43.134186,70.60031,12.931507,73.41762,50.67035,67.56771,64.35665,65.32074,12.7788925,53.38858,88.80037,62.721497,46.442547,76.674484,50.466595,19.799469,61.296253,66.78117,90.168076,46.173473,44.372005,51.651024,33.523678,42.437775,52.423946,61.811646,39.54327,62.292274,32.022587,46.056187,71.92728,55.372486
52.11717,61.51081,99.50777,48.511925,55.72029,68.28213,37.637768,60.643898,50.93061,58.709732,48.49376,51.082558,52.4818,48.065914,108.83307,58.768982,38.189907,64.8592,25.473938,18.386463,55.133324,67.35583,64.0682,51.033855,72.973564,46.62631,33.2874,42.580627,57.927807,74.68169,49.705948,46.762398,52.747684,44.00737,67.08389,44.518127
55.15427,71.607124,79.285835,67.99427,73.859726,85.47533,46.583794,61.659653,53.42895,45.06112,54.5331,47.91537,52.825676,65.062065,66.93375,62.311844,49.66954,78.106766,55.318638,56.929268,55.516014,39.658592,63.351036,70.1637,85.17337,44.44515,42.409893,34.40026,66.7756,66.79451,59.542828,34.03282,61.922066,21.82064,73.873116,42.63246
65.88457,43.133137,82.41892,77.34392,56.53811,64.936264,50.29758,-14.548752,44.003613,55.086174,56.6087,39.61944,44.60503,50.83877,72.69152,66.45631,43.457508,64.84715,53.730965,73.92253,57.987186,37.391396,99.68535,72.01952,110.91672,49.506237,52.650112,32.893677,62.38516,62.22415,66.357574,40.64294,60.355785,50.742115,73.272255,58.022217
73.67809,58.285637,91.19014,82.51505,69.67919,57.45673,36.011772,15.86205,47.439,57.109104,50.373497,31.351635,84.244675,46.230618,64.065735,59.01609,56.51523,69.04432,29.642406,62.036335,84.06232,52.663654,67.97171,64.98726,77.148895,48.547375,51.43002,37.614807,74.94435,81.65788,82.53212,41.765118,52.438957,2.2568398,68.78784,48.590958
26.691425,86.11943,61.868126,65.693886,76.010544,74.607285,42.713844,50.858204,58.060596,57.509,59.589092,46.672844,59.49441,53.237473,65.986565,60.871174,66.885895,88.081116,50.732777,68.87276,81.99866,52.740635,64.58258,29.719854,80.892586,43.775963,63.111465,41.240032,86.31821,63.693226,125.5572,23.602825,22.939642,17.137892,72.96271,63.82805
48.75618,70.311264,76.19562,75.95533,63.948425,56.681664,70.09199,25.865559,73.34054,70.2061,69.15134,23.867517,54.843357,60.627106,64.07148,56.971416,62.6877,83.411606,45.63043,70.14316,61.66097,63.044212,48.484432,26.24274,63.304874,29.045326,75.59339,45.981766,93.0862,76.63682,74.62487,24.400272,25.113394,31.713284,63.802025,70.17275
57.58303,40.789494,59.081493,64.358925,54.74543,67.978935,46.88138,30.58005,70.217415,75.681656,72.63589,40.730877,66.21295,72.23535,86.341606,64.40538,71.86568,34.545696,48.65886,86.677246,62.930256,77.735794,67.12566,39.334213,67.97152,38.03742,61.56899,42.154182,89.900566,66.39175,68.86032,39.77276,8.929985,41.876656,63.19308,91.83121
62.295483,66.14371,60.28094,58.97732,57.79202,63.77313,48.601562,26.573828,69.37136,85.51257,59.458817,67.27098,67.73175,81.70389,71.30867,66.790535,61.07674,68.804985,42.487617,78.339424,76.56289,27.934143,63.870544,41.926846,53.624374,33.56679,68.77268,62.40979,87.90826,66.05686,60.32733,49.71038,23.851814,40.263874,66.37674,77.541306
63.3576,58.66186,72.266,53.95376,59.45242,60.137814,45.997543,31.917915,80.076454,64.54619,58.64227,34.63963,51.217915,65.15698,60.851788,45.041092,66.57466,82.92153,54.388252,77.95968,79.96566,14.372791,71.058876,33.93888,57.821285,14.687885,67.76448,51.506397,76.59313,51.351746,74.887024,39.541378,34.741493,29.262398,45.65296,81.45555
47.635944,65.764854,79.274445,59.24828,57.118294,64.497894,39.716064,31.33802,63.4419,81.683655,61.939247,24.675173,39.097504,27.284021,64.76273,57.591236,68.389015,79.15172,39.750946,120.98943,77.034134,33.793003,69.80477,12.103476,54.76522,35.21505,73.067505,50.355637,64.49067,47.43642,75.14048,38.367092,30.586536,39.733475,55.20899,74.13011
48.79571,66.66475,81.20074,61.835686,60.701756,51.64199,58.16154,23.97662,57.478012,87.59193,88.06209,34.967636,63.438583,54.29918,76.34888,60.401974,62.994583,65.221306,49.993694,93.03157,96.43716,35.369694,105.93875,-3.0308037,67.374695,36.574303,48.149,50.97885,62.89323,54.78588,48.643185,39.213943,36.5183,25.303907,48.274742,81.41348
53.621494,61.16661,74.528984,61.224087,76.17566,25.53458,61.98649,8.51981,55.86805,85.520645,80.61023,35.422745,49.76047,51.2026,67.73291,54.48136,55.423767,56.311146,59.086086,77.05061,74.09677,44.24703,107.54436,23.475046,62.78932,31.878132,-50.796616,49.67002,64.069565,48.92089,69.80543,47.000027,55.121124,40.305965,84.78271,69.80845
43.67995,49.55467,73.86683,65.171585,65.62043,32.84658,56.130253,5.186958,63.600624,71.60252,73.57342,47.806206,63.167034,47.15448,98.408264,62.796127,70.580925,62.60222,40.059258,47.006737,77.6617,42.472736,76.34627,14.636884,63.20847,19.18417,28.375696,40.5255,36.27359,61.49637,58.301373,49.20574,51.37342,30.039398,59.580498,73.06597
41.627552,33.83511,61.38077,56.39437,78.77163,29.26933,60.662663,-64.01182,60.9637,76.981735,71.79648,49.06165,38.559177,48.267437,78.626465,54.687424,57.112232,75.63787,33.26867,49.889088,52.671547,52.056076,79.37361,6.0817547,59.605343,6.4072266,35.442112,35.054325,31.077475,54.040924,50.931473,34.10015,37.113853,23.615969,127.18712,65.77677
32.667877,-44.543762,53.022335,26.501707,76.43951,58.60594,73.85345,23.400574,49.424557,86.649284,58.865387,48.903103,78.803604,61.032913,77.491776,52.813126,69.60433,73.84791,93.13889,5.5289764,64.77076,45.519962,70.45412,28.132008,44.305862,16.298176,12.836113,28.576305,29.588058,53.93846,63.420563,24.751518,43.255352,8.8102455,110.39078,71.67907
39.37541,37.095043,76.68518,27.541359,83.35703,33.149906,68.24854,21.99725,42.078003,70.57184,66.39629,50.57573,33.98339,68.99139,81.04332,58.59442,91.05326,73.90873,107.67334,34.254604,69.52658,43.33182,76.02068,29.19572,43.688023,10.76717,24.646074,3.444271,32.341248,42.407345,55.803783,31.82682,40.60853,39.55916,131.35898,66.51076
24.938883,32.31875,71.02308,62.186493,82.27277,41.45573,68.334015,33.01043,25.745487,58.033028,37.045113,15.22414,51.894966,61.174614,62.641106,58.213783,85.471405,50.595848,85.45455,30.284357,45.281723,40.39224,68.739334,42.085476,40.325645,38.687714,33.053047,6.3663135,35.056442,46.218822,49.695827,5.0420895,26.03088,22.330124,119.94899,64.73484
36.409107,16.037394,64.256676,51.695175,72.143036,43.67107,28.809412,36.29058,66.125534,46.53791,19.039438,24.465614,35.602043,54.790825,59.662827,40.765347,90.04285,76.03181,84.27131,49.561737,34.0412,58.24659,95.900154,66.74803,34.502567,38.60395,41.014236,21.291363,58.303055,46.700783,38.889355,23.471851,22.854958,53.379845,117.1808,66.08892
22.456419,31.04571,48.564373,50.98761,99.36975,55.35728,43.719063,38.47623,57.35869,67.82819,61.363396,65.67627,59.2936,58.491203,65.89808,53.20431,80.141716,80.519745,86.69382,58.906322,58.301476,42.033474,109.48249,72.55556,21.489067,56.246384,46.847626,32.11186,73.22148,50.560135,38.702465,17.600685,35.081467,59.40831,100.14567,78.69845
19.770681,42.726494,48.979687,51.525665,65.74803,71.75631,56.699352,21.684978,49.679535,77.51732,55.87655,63.05455,54.97393,66.44781,60.045605,53.154697,69.40546,91.17369,69.467415,11.58865,70.383415,56.53719,64.336044,53.243637,23.185635,76.95764,44.132004,34.04744,51.216347,58.261444,44.272846,26.610044,54.008984,61.38102,88.91983,73.31282
37.011673,-24.049782,17.71186,37.751392,52.673832,72.3996,59.67446,41.920097,39.40527,71.59122,69.04256,48.55735,47.273724,60.056435,58.156105,57.60439,57.8389,87.558624,52.748276,65.843605,54.21992,76.16808,81.729546,56.918827,27.949978,70.64224,49.09064,38.79412,51.479675,48.13928,38.07615,41.67049,50.739822,54.17631,70.298744,60.15316
46.221027,18.362766,64.15329,36.708363,24.72272,55.472168,75.018364,52.79498,50.034405,57.861732,54.447117,69.72498,73.06753,64.00917,53.305428,52.022133,61.972202,71.39076,72.58084,74.55958,59.879776,96.7521,71.60514,50.00033,32.55955,85.95763,44.70645,54.12455,49.32321,44.511272,46.800514,34.027336,45.360413,43.327606,60.740265,60.557415
53.5799,50.562958,58.434048,47.250454,82.70976,60.699883,90.72272,58.355553,84.88109,69.32597,60.06517,72.95039,22.8643,92.55332,76.36987,46.405125,58.182453,81.22809,87.42124,89.66975,54.140495,73.24492,71.317345,42.676502,62.67351,92.08193,44.358604,44.445522,56.33172,53.15749,56.449417,38.09633,35.69779,45.1019,50.15249,79.81686
54.34876,51.772903,53.510372,48.30912,91.66405,66.43271,85.320465,-17.32677,85.731415,93.089584,82.944725,67.48131,84.59684,73.94017,81.20053,71.762,70.39031,79.62406,50.493446,84.48681,86.25306,67.39504,71.01793,67.95132,56.717754,72.370926,47.52711,50.2902,58.39855,40.221058,33.684532,29.44661,0.3039055,49.823296,61.24638,57.424328
62.580334,57.469303,64.9685,56.682606,77.71555,71.93732,62.372295,12.631665,83.22261,82.60672,75.908066,94.48476,69.94759,73.50234,73.70842,70.93898,78.98852,81.732544,27.86567,62.756886,88.42936,48.731865,62.853363,69.00308,46.034607,42.420326,16.22961,52.006744,59.120483,37.330994,48.260323,37.18277,8.858132,45.967285,56.535767,65.17559
80.24025,65.01487,78.219666,63.20674,85.163925,81.17158,53.614426,136.15433,55.851036,80.779335,87.88361,68.20447,60.745983,98.18043,72.69901,68.36625,37.858208,78.76038,42.29338,60.13378,78.73136,14.433994,57.374886,47.33143,35.95943,33.570454,30.21457,51.34984,59.436558,46.76201,30.333628,46.585308,16.116953,42.21995,54.86233,94.85772
75.573364,65.99646,76.29689,55.637596,51.974773,38.301323,38.272167,141.95506,54.967903,68.1852,75.44235,46.05074,62.15419,43.19146,54.562294,45.693233,61.56287,57.133694,57.331512,61.277622,50.00356,44.346096,52.323162,26.707766,32.778603,31.19394,88.74478,48.535233,45.99578,14.19706,50.825527,53.060318,-9.24383,42.653835,58.81673,79.00887
47.176273,38.03603,54.79837,51.469894,39.53387,14.069582,53.58133,125.281425,57.42099,70.753654,56.01773,33.19042,34.847027,49.64171,52.98742,54.89554,46.122856,59.2606,39.721657,47.44512,74.463,60.293835,58.40455,-4.5163584,24.02469,13.015463,73.93416,57.5818,26.415878,9.183999,40.376648,58.005573,9.806084,33.33034,59.896294,85.4485
25.345222,21.655169,34.444096,45.86252,67.20394,34.101543,46.670692,83.75804,57.738617,67.638695,58.746933,52.778336,58.40014,32.479965,42.45669,43.08637,14.243309,56.990562,51.095154,49.301437,60.43787,75.39556,47.66673,8.638261,7.0934772,15.475541,19.725878,51.393192,27.269379,8.5052395,47.37869,46.87849,-2.4637184,29.745728,62.118595,70.00113
16.01287,18.639175,39.03383,28.970093,38.82956,38.462666,57.98836,125.04738,62.140274,71.25751,87.66286,77.98551,64.1824,44.73049,84.8983,32.309593,20.907536,15.960979,56.883526,77.359314,60.62257,66.4863,49.59282,12.911141,5.8158665,18.782734,20.52448,30.991037,28.661514,4.188177,49.5602,41.32682,-2.5256672,17.122284,30.044645,69.94817
19.775206,19.672424,40.35038,32.348602,27.832237,48.997963,34.54014,100.00653,70.96628,76.52348,73.408,58.52539,65.15474,99.60521,87.320854,47.154305,39.616535,48.91419,46.794342,53.93175,63.344734,39.031143,40.80558,16.909454,10.842512,15.698879,26.392405,13.55176,27.637964,11.25352,42.725586,29.721256,12.946299,17.756903,32.80541,30.675095
24.018879,35.059498,45.671124,34.396805,27.009315,49.357384,44.085213,102.92672,69.7454,65.46666,60.326694,32.722588,44.364353,87.89191,73.10913,52.39652,50.76742,37.902687,14.911955,36.699593,63.238808,70.7364,39.636444,27.918087,12.414887,14.093903,26.133001,8.704197,32.30182,19.441238,-15.844112,22.489498,16.682999,26.832993,18.570995,25.384192
34.971836,50.424767,47.596634,25.289253,29.698002,68.04125,44.296013,71.22119,61.451168,77.18685,69.93164,65.2973,57.30159,68.97746,68.744095,54.957275,70.76933,34.248062,17.21664,37.42649,62.658722,78.47496,33.719746,50.71073,10.666561,2.5641632,31.394081,8.759296,51.397995,19.456272,-2.9507856,32.19746,20.433184,18.535954,20.3027,15.072183
39.20087,64.34713,61.983498,33.386936,28.605902,62.56689,40.140038,60.20133,69.421936,87.41992,65.39909,70.83865,55.729465,107.53015,66.63888,64.3269,41.732727,70.019844,45.722153,40.73142,56.597706,88.887375,41.16567,54.03565,30.342066,-51.80013,19.617289,17.914528,27.29216,14.473713,-4.6567383,32.201782,2.597168,24.55405,45.71025,52.948135
56.105553,53.687675,56.996605,31.910799,32.747974,61.244015,47.36657,106.91089,77.53399,66.304596,72.86553,41.979027,70.96126,89.27339,59.607876,56.295174,54.4703,63.050537,21.679031,39.82621,61.553116,82.53307,59.042297,47.282467,55.444885,26.283829,23.233961,9.505911,26.87428,19.503069,-27.695927,20.493263,18.78393,42.68528,66.44931,52.93628
37.17122,43.017063,46.981567,79.48758,53.13597,27.246706,51.862133,84.945885,67.986015,62.034554,85.6452,74.372635,62.20887,75.2205,53.602722,70.35421,63.661102,93.73767,45.41365,45.342552,54.974415,92.22079,78.10858,42.37973,34.21467,36.213425,18.40686,20.777933,28.38678,11.047245,14.803979,2.8794413,23.44028,43.99094,38.289406,47.90056
35.873486,48.485977,46.60369,44.09352,59.848885,43.53513,71.7704,82.22933,60.47771,70.656876,74.27847,40.77057,32.726112,91.19278,36.96304,58.240337,60.40951,84.99454,61.502056,34.239063,60.129154,84.86651,65.400925,43.976074,20.479023,33.623222,18.913877,26.732597,20.325043,37.45553,31.993961,8.028019,1.0207233,43.05899,42.376934,35.68207
33.11628,57.84742,47.707073,73.56128,65.62827,48.676495,79.903885,79.79089,49.361927,67.81089,66.35879,69.0635,63.288948,55.076584,35.873276,60.215782,38.414658,78.60808,65.161545,36.494854,48.583054,99.089584,68.73643,45.241486,24.537128,16.013416,16.59565,41.611755,-33.360107,41.50421,25.869076,63.927597,28.059853,70.51536,48.50838,5.493557
40.70905,75.53525,69.13175,49.979527,55.253597,55.22975,88.79996,24.793283,52.506508,69.35428,59.73636,56.495167,81.25118,67.55397,40.09169,50.914135,39.720997,73.78001,57.904804,60.46706,50.85513,62.688786,95.11354,37.816334,27.744377,12.655623,23.10623,34.15023,9.33146,34.730896,38.55777,55.94678,37.832966,62.563778,29.546677,19.565123
40.125732,56.522057,59.616947,28.505148,76.15673,55.90261,68.17938,16.86721,56.005688,69.5535,52.104885,60.667603,69.70941,55.680656,52.876263,45.599014,43.40211,71.43724,57.592785,30.77443,86.61067,80.338646,81.213425,44.384014,31.49665,23.62481,25.80815,26.516102,17.008722,-44.31732,64.20983,20.562649,29.645985,56.779312,25.302309,37.096878
44.25785,44.97435,29.542341,36.145924,49.047935,67.13862,93.68022,10.041953,52.44228,68.71142,47.85286,60.72329,41.854073,69.49491,85.90951,31.507605,45.48743,72.975586,100.177765,35.076263,69.04009,82.40269,70.09535,29.635252,24.934292,19.230148,24.672628,36.378487,49.799232,17.22688,56.47237,24.904871,15.696563,45.047504,31.906746,66.58351
47.343903,41.670918,83.80979,40.792282,44.719738,53.178886,82.95224,-9.159924,60.607887,70.734245,66.14625,122.83695,80.094734,66.26471,69.90746,32.68418,48.337807,79.555046,84.82439,42.80283,58.245865,75.12359,58.97375,39.538597,22.55326,10.280199,23.522259,28.96443,52.599888,24.810888,25.514126,21.850582,29.860813,29.300076,28.622849,59.298367
59.270424,45.32081,96.73348,71.02663,37.55479,61.13146,83.51477,14.765099,74.106834,78.989426,73.96396,58.80054,88.36459,103.33852,86.951546,47.52382,58.244053,106.50644,69.94294,57.340157,73.03775,76.64655,69.10195,56.81286,40.3136,18.02885,-49.138767,19.373901,58.209633,31.250751,27.851103,16.038155,24.405045,34.84298,14.364546,46.57367
72.34738,58.80415,90.644455,70.68165,40.564274,49.89968,67.77422,97.76667,81.22825,71.5301,81.98233,71.646225,105.894066,70.75428,68.757835,62.887978,55.901188,83.96828,74.106544,51.08257,77.55916,92.255104,93.946526,64.092834,27.005905,14.2209425,27.538738,23.201328,63.924923,29.215134,22.796392,16.142097,21.99534,42.570175,25.134333,47.62003
62.412132,77.514984,103.50864,61.180267,37.92226,17.792042,53.365364,105.460846,73.272,90.32918,75.793976,83.068825,104.30524,89.27648,74.759766,74.161,60.872627,89.308685,70.647484,58.338432,104.91795,84.09027,87.026596,66.80945,39.1325,10.190488,59.496407,18.073042,57.21971,35.969364,21.4696,15.708553,30.866297,54.137135,20.896008,49.7425
55.29857,85.0261,85.492165,79.561134,51.74877,34.324192,60.639885,102.95422,74.02668,83.26979,66.74397,83.65066,77.26957,93.8721,74.76272,55.536648,48.36007,90.23693,93.36779,35.227108,95.043465,42.739952,83.46039,33.38811,55.72176,19.663229,47.60263,20.378954,49.793434,36.405106,18.341347,17.611359,36.477737,53.494514,27.886703,47.985004
60.519005,58.20941,90.72123,76.14539,34.304787,50.16199,62.03146,92.12015,65.30694,65.410095,69.30254,62.415962,37.64811,92.31609,66.04766,67.843895,52.8094,85.64932,91.16837,26.112606,79.03795,45.74548,118.09505,38.98413,64.092125,20.820845,41.772247,24.518063,50.361614,28.341774,19.61209,10.069587,45.318336,47.561913,40.41868,38.662323
46.17954,69.10278,75.322365,60.853764,50.475502,43.17069,53.374603,-1.84478,57.355793,69.53273,64.29802,20.598074,31.510387,73.127335,72.741104,72.66927,52.153835,67.73917,100.30957,24.711128,51.75444,47.269646,78.827286,43.721676,70.12766,34.460117,51.7746,33.214863,47.121563,12.616144,21.140951,16.95731,44.105423,55.6908,42.52366,37.977764
65.445244,39.78815,70.15661,58.242023,37.226715,18.025625,37.711967,25.418056,54.048714,62.818607,61.2149,9.274279,43.46728,75.97104,50.18188,78.95863,52.358433,72.940605,92.32859,32.816082,46.22609,58.042187,113.41638,51.86798,53.781464,26.607115,43.174778,43.677826,34.06713,23.654062,41.21185,23.780273,46.410133,69.60686,45.090683,53.34092
52.735703,-12.862654,33.53253,47.900105,16.019432,25.482506,40.83254,25.30002,55.868317,69.059006,68.15974,32.393,40.4217,43.862957,51.43805,55.660404,53.398315,80.8599,59.426403,24.156155,45.897934,50.73803,107.866135,62.25306,29.002092,41.371048,36.42238,40.06596,36.74187,41.161514,34.670033,47.38617,62.27663,68.56208,68.62246,43.549892
49.954876,2.4497223,42.623352,20.808481,6.186249,37.37352,69.76807,19.4421,43.641308,83.257126,58.638927,33.497894,16.590607,53.955383,46.971634,59.557407,62.11661,84.92799,26.692184,12.1447315,46.06123,53.189568,100.45531,50.00411,23.38493,60.292225,27.02373,28.550566,36.746155,38.803074,68.11653,125.32716,55.43503,71.05536,84.33463,37.797607
58.345764,20.167784,41.262436,18.601156,23.22143,50.03336,84.46028,33.561344,28.84369,91.52554,55.053722,48.480885,26.414867,54.941715,43.83231,50.534676,58.449997,45.22996,22.31891,38.394432,22.619492,31.444134,113.4794,43.855217,8.331879,54.138626,20.528147,30.656551,52.384342,34.68229,78.95167,82.74087,57.315807,57.10736,67.18375,40.590317
48.83407,35.510788,4.2613335,23.619074,20.493418,58.96186,47.18589,21.764227,36.146927,61.82574,50.5306,34.14787,49.740925,79.46995,64.39474,45.435318,47.87762,42.47239,43.52343,131.51147,34.962177,30.400059,65.22133,52.563034,20.336103,38.837017,2.1559696,37.001038,70.20222,41.707447,84.165634,81.0357,73.68671,35.743824,60.11253,35.387676
58.933247,18.23067,20.74722,26.063633,27.725689,50.91492,23.617706,20.624228,45.650066,61.16488,72.392334,17.241858,44.031765,55.640347,63.35023,36.240532,44.9838,61.69566,42.3948,100.800224,75.243004,5.025543,47.873684,-2.299797,43.996765,38.961475,11.503901,47.467358,78.64981,25.308605,95.88144,15.592415,58.00219,64.77674,61.03877,7.7162876
43.224495,31.766516,28.725214,18.736914,27.408077,39.231018,35.431408,22.838013,59.58191,74.82068,72.92925,8.168387,46.61112,47.49396,72.95507,47.595016,46.137466,81.486664,48.07667,86.90191,90.00765,42.109177,72.61212,16.040249,52.732655,18.987375,-2.378843,35.349766,51.642815,35.831196,48.586998,27.045536,55.28611,50.884727,50.79456,30.734566
37.03199,34.918568,38.363525,20.055038,14.391165,39.449234,60.234047,1.1579858,58.5046,78.49403,89.23288,40.44636,52.55719,53.891315,61.344727,46.574577,51.467163,78.02768,40.277416,79.79206,79.814255,71.63344,91.526955,19.035648,42.168858,15.432061,23.727741,24.734283,65.04338,8.994986,45.59418,23.943497,71.657295,47.46927,53.169754,21.679684
34.358723,23.739159,53.801132,22.23276,16.231106,45.873142,74.203476,-7.2601376,70.774376,77.35889,61.683975,45.908997,72.85775,62.387585,73.6793,48.560753,63.782116,77.475006,61.398933,57.494045,60.49089,97.9162,53.211227,19.736755,42.402473,41.271408,37.74381,15.914916,61.917183,10.990507,54.994392,24.345139,31.862911,32.598076,43.49194,9.214044
23.827621,49.193985,51.454193,7.5060043,39.546215,43.717545,78.65769,25.16993,81.464035,74.18521,67.45431,64.32818,82.24782,80.41789,92.49562,54.966057,70.625565,76.88741,68.37952,59.088135,78.51457,79.3701,36.82308,25.831488,36.14155,33.283978,23.075262,22.794561,31.643854,12.228636,78.64032,31.459064,15.165813,46.510292,26.835403,20.596163
22.55255,41.94824,74.595215,21.701975,39.488014,44.04493,76.85104,27.42634,62.322323,78.36383,70.65914,65.292,82.19473,71.25946,61.54535,71.180595,83.34819,60.528984,70.768684,50.96992,78.26338,68.4443,35.60127,23.46694,31.234509,14.343232,32.287445,24.84961,37.6692,29.999977,64.30421,35.037926,13.3307085,45.60683,20.904427,45.589447
18.962904,41.853672,78.716545,39.8002,36.77235,60.247555,58.548958,12.372822,55.627728,69.02798,72.61061,63.814556,80.00285,57.243713,65.84439,61.08167,62.57829,72.6796,26.174511,59.903885,81.364624,51.339478,64.66229,24.743437,32.730988,15.8807,35.33719,28.54633,52.929935,33.589195,44.23672,28.612324,2.0237637,39.492134,41.480896,48.759872
44.45603,52.88252,67.35466,55.96297,58.995754,48.08618,58.461067,74.55566,38.209614,69.17372,73.96121,71.90345,61.748028,63.662518,66.850464,50.927414,44.737614,73.96623,53.72714,31.169212,71.41226,43.018284,83.31417,29.29773,32.0432,21.378603,41.110077,17.575455,55.01583,1.1379528,54.5613,20.560036,22.392586,37.09402,51.480343,73.16858
41.680336,29.557026,20.100185,55.640385,40.249653,8.121899,45.899216,124.32883,40.47559,55.216343,63.10871,38.975674,43.964115,50.39986,71.81485,46.42505,47.48769,50.126007,41.09594,27.391811,35.097797,40.346786,55.862602,3.036003,35.932335,14.840991,38.74704,9.833761,67.52383,-0.877018,47.289257,23.46069,29.44609,39.855854,55.032623,56.849014
27.014656,-9.564765,14.163494,36.068764,22.78769,19.021973,53.51535,116.47189,10.823202,53.935944,46.49322,34.09934,40.204323,49.006702,62.18766,36.709274,32.545406,51.26715,26.772299,68.409,49.457355,51.279945,86.47713,-38.860847,5.946331,15.057879,19.719086,15.614813,50.881275,4.134925,37.03171,13.366215,30.617882,31.162628,24.004362,70.96869
30.457798,3.0632782,-14.540219,40.601913,7.330858,21.460602,36.729813,104.848976,55.763027,37.73048,40.80903,38.82219,38.876083,42.59191,60.249744,20.964138,24.658512,38.52764,55.476837,50.339264,20.714138,56.38267,62.98619,25.447216,4.2770452,24.855402,9.631652,8.499565,40.59439,-38.487396,66.31442,12.122367,50.751953,14.358116,31.647404,49.016582
19.80554,-8.959443,8.639612,27.496319,0.7592344,32.03735,34.488594,20.6585,67.2358,60.976597,33.607857,17.094353,49.37941,61.13843,62.63039,37.234924,30.679747,40.075787,43.257374,53.37033,41.09137,76.4812,66.77484,19.70633,23.427317,25.978031,22.253407,31.362347,58.775707,32.04281,66.60848,10.021179,46.010345,19.54433,33.39229,47.665462
34.6177,-8.281283,23.998388,54.51633,15.71841,39.707607,47.951008,20.788647,49.92147,69.84402,54.62425,37.992336,52.185062,61.956768,85.15559,36.25479,35.235027,44.783726,56.707745,33.72205,65.937035,66.91627,63.115757,17.286217,23.453314,24.306469,20.836195,30.652794,77.881546,13.445661,60.005913,25.133532,40.83774,38.684532,42.894714,38.133495
32.68849,4.5595827,30.663557,33.68947,10.51726,41.70556,49.77159,20.916454,44.2538,62.530174,49.3748,33.865044,70.7573,65.17621,76.89714,31.88512,48.640385,66.32332,75.30446,32.74417,59.206005,52.308613,68.04996,37.113815,21.799835,18.614962,16.08473,34.738525,83.36876,20.75905,53.238903,30.26233,28.16777,42.295017,49.416424,25.503368
40.045017,16.143707,38.132805,30.824457,10.186011,47.218697,46.749348,27.308128,46.69836,55.438225,51.151897,35.128204,60.071877,55.71613,67.21445,28.813032,48.184166,98.46026,90.3732,38.57995,56.200108,47.820286,86.98174,-16.346905,28.481615,16.37476,15.897098,23.907839,61.710014,37.09214,36.82308,33.33525,-10.03196,51.66314,57.087776,43.025307
33.5728,33.917664,49.999428,21.638014,12.550607,38.031002,49.428467,8.549072,43.534603,46.9833,54.449017,47.175915,42.898304,64.61805,75.11258,8.63657,61.586308,79.41707,70.97365,45.175438,59.791218,47.82084,71.765915,17.057928,33.384075,20.911446,-6.2068806,10.280379,50.83268,25.876919,37.074257,19.790697,14.09348,32.635048,51.562172,34.248356
37.309883,29.190884,84.51167,61.517174,50.90075,52.53611,17.859428,16.342402,54.737396,30.174067,55.738396,12.19495,43.893787,72.44577,56.723614,47.202442,50.242043,64.9293,47.12764,36.78382,45.47569,101.44133,68.55744,17.28523,24.773634,17.016691,19.407898,9.462319,44.66934,26.812218,8.59103,6.908126,3.40938,64.20067,38.926544,41.348442
34.961422,53.096317,85.358475,69.29742,44.98825,57.623703,33.157425,14.092318,24.367134,65.41175,73.39577,124.140274,49.264015,97.07883,45.5768,58.94081,49.7101,71.53209,76.380745,46.263977,58.845215,56.091846,85.47905,24.117653,19.93006,6.1380463,24.945967,12.2721815,45.435974,28.806847,3.6589022,-16.816406,35.201927,62.211777,53.187695,51.34635
39.10574,48.04567,14.526326,58.172604,52.504963,43.888706,25.626144,89.17422,56.23517,54.920437,40.010506,53.117134,47.296288,125.27057,41.628696,46.00354,50.47725,67.31875,61.777138,28.22433,50.75911,49.576538,107.26085,16.009445,27.681412,4.1134033,32.149426,6.693951,54.755646,11.240783,14.692383,17.176855,-0.76233673,53.362396,66.34157,53.96204
32.518703,32.2646,32.45425,44.222076,43.58721,54.292515,25.83554,86.84045,49.77658,62.63411,64.4488,59.43784,60.94432,54.362602,30.805649,47.329056,74.42905,71.59021,42.603004,53.511227,45.338215,71.14886,67.61998,20.455948,14.372428,17.090279,13.996518,15.195112,27.878769,-0.084656715,10.751442,24.07192,56.967987,46.072727,67.813034,44.492447
28.223827,29.780792,26.359108,28.274702,38.427155,41.96844,51.578236,81.35371,40.161823,57.972435,60.55333,51.57212,61.339466,75.67847,75.25019,57.369446,63.735962,67.65921,35.20403,53.541275,64.59816,62.366817,89.21994,21.32301,17.952848,-3.764206,20.497097,7.4328947,32.409077,8.909521,23.53784,7.2771277,53.86029,39.901623,50.759705,51.405365
35.02795,39.388336,40.650497,30.080074,29.715082,33.363495,11.172153,81.093575,47.36897,47.350376,52.54287,50.757877,42.53362,73.82849,53.87258,43.4775,49.031445,74.387764,29.357498,60.04682,57.66781,53.43914,75.81253,21.65701,22.407314,-0.25070572,26.0055,0.21765912,49.872765,12.875141,20.361067,4.981792,61.461494,43.83469,29.998322,55.276505
35.658577,29.921803,38.579628,22.12159,30.916145,42.61058,42.010643,78.91963,40.7638,49.638145,43.99427,32.744644,52.821587,85.745316,47.09981,40.184464,40.79867,66.884544,48.640663,35.359726,68.869644,46.805885,90.002815,16.027384,16.755888,14.564213,21.537651,3.0501566,37.39444,20.046791,25.78504,-24.09394,54.162712,53.79731,21.269775,41.60151
24.190786,6.774906,32.32148,31.347584,28.682234,38.54792,45.298225,77.27959,24.139397,51.195473,53.5069,38.27567,41.274063,42.977776,67.24663,46.195023,38.91134,76.67015,76.32319,21.953987,41.857464,51.03194,83.30144,24.309101,34.987118,18.936127,21.868109,5.3450437,38.15676,37.801582,46.734325,1.4386172,84.28249,38.959217,33.49775,37.46157
32.10642,29.430511,24.697859,22.177568,36.35216,28.378345,59.829575,59.653122,18.537077,39.552296,17.652504,50.51614,37.363037,55.09327,59.41568,40.46496,43.32413,58.108433,71.0044,34.920013,46.794815,54.225803,80.56496,19.891079,24.762661,18.387241,39.931683,15.142378,45.905266,26.44243,48.494034,6.5919027,64.80715,36.27017,25.88945,1.1325493
47.299603,31.830088,19.517513,20.864605,27.100838,43.12322,51.038025,61.214714,44.80862,31.646046,17.942883,49.226646,48.58372,68.171005,67.904396,28.129951,59.388206,60.965652,71.99966,41.90718,48.11283,61.417637,56.67606,27.27684,19.45245,24.987627,26.484426,12.086694,43.513306,16.934093,35.010513,17.035515,58.87655,29.584208,42.616302,15.714256
52.031357,39.539146,28.24147,11.693252,16.71857,40.039295,49.164444,62.799614,32.27948,57.097332,47.96407,40.210217,52.44858,62.857513,72.991325,43.43132,49.092743,70.366974,66.61713,41.085484,62.415443,56.065525,29.457705,16.391834,-1.505743,20.890472,27.99142,21.46193,35.118004,13.545593,19.415813,12.484852,32.408905,61.24066,43.884125,42.850613
54.554184,19.127277,34.705467,16.759008,-1.573472,41.768105,34.283566,62.026554,46.242004,46.056553,34.093918,49.222008,40.495743,48.743984,53.921936,34.20265,52.81,75.06742,32.12436,42.812065,35.049843,59.55841,33.180393,13.55093,4.573808,35.503483,28.839691,25.07256,31.626463,-1.9332399,9.321567,21.343424,7.3094387,51.62913,59.826096,38.558388
33.108166,-0.51455116,45.155598,21.851036,-3.221366,24.93074,48.908417,56.976112,61.87335,58.741676,52.775692,43.459877,51.16208,56.32026,47.670513,35.123154,40.062157,61.949055,30.464447,66.21363,53.013203,36.16475,25.687122,4.6925983,-0.032689095,51.26364,15.861391,33.701088,28.256588,8.006689,10.406418,23.989548,23.355766,43.85435,61.391216,54.817154
27.759987,6.261486,57.114532,14.785647,18.195583,25.403048,46.926975,68.76812,68.00908,70.94217,68.099815,22.603458,56.518913,58.449276,41.505226,46.066822,43.32537,54.351883,30.045841,62.86329,56.474735,-9.280441,27.319233,17.59396,-67.4912,37.144432,15.178914,20.347178,32.214783,15.263964,14.22752,16.111803,44.423496,47.22648,64.82211,51.698708
29.560171,4.632234,39.473766,20.939087,33.32099,24.528797,51.54314,57.366817,62.627533,73.4926,65.18474,1.6936703,46.54698,21.312738,58.105106,53.283005,38.377583,68.55913,29.595585,85.55221,72.09936,34.009544,22.831127,11.889595,23.333511,47.114197,12.282008,6.282607,23.096573,11.557153,22.722675,11.383386,40.9879,31.574038,46.921036,48.57438
39.358692,26.610659,36.31185,28.210718,29.81967,23.839508,61.33561,26.735615,60.4573,90.97662,71.206696,33.220795,51.15609,23.89794,59.738,56.150047,28.486034,42.145363,12.8057165,89.95,87.98113,25.842766,28.284492,20.130816,35.62561,57.771988,5.840154,1.3179464,23.013378,2.2195263,29.142303,21.200546,43.23254,38.606647,81.80765,47.205406
27.477442,28.692583,32.15152,20.014936,7.7489443,27.10132,37.77195,38.192085,84.62329,87.707184,78.23113,18.756214,54.936604,53.93393,67.977585,47.46633,33.916275,44.5369,26.769848,87.15147,71.41887,57.50699,37.705227,28.437843,22.563696,46.042236,13.016741,13.872988,18.332623,-8.353638,58.17772,8.220522,32.292786,23.492151,66.87836,41.166973
23.27472,22.690794,31.304445,27.99229,10.097443,34.064026,39.474808,23.528065,80.781784,91.62939,107.50333,24.628122,63.833305,45.701378,63.424717,42.40911,55.88877,58.56983,39.727474,70.304085,70.45514,64.79039,31.053482,29.112421,24.735014,37.495113,14.644946,6.3658814,23.376804,11.508479,21.641941,15.26856,30.941923,13.721628,55.37632,76.12396
22.127192,18.402388,38.483818,32.467766,6.524173,12.761255,75.728714,25.199352,64.31037,84.67598,111.68958,31.82217,62.767807,66.176384,54.645397,47.6576,71.63874,66.914215,45.687943,53.048153,27.55125,45.429367,69.67366,30.595354,44.326927,22.601082,50.09101,21.810387,17.957926,14.961658,30.919926,12.604773,29.760416,22.889233,51.68557,34.218243
39.565834,7.738591,31.956738,22.945932,30.175903,42.304462,69.02442,-60.324265,59.495865,85.57761,102.96952,41.681004,40.87558,64.22205,61.050007,44.484325,68.02674,73.772545,55.00655,54.63467,49.69591,58.980247,92.29291,13.699839,31.128485,46.535507,50.65756,24.9738,25.677185,20.450497,38.189354,15.614319,28.185076,33.227924,56.49177,61.161205
37.797184,-14.911125,28.22889,47.248047,28.75355,27.594639,64.95608,5.293992,52.173626,90.566505,91.33709,66.70391,29.860884,67.75278,57.412807,48.53627,44.34401,71.99181,72.45312,50.208008,55.813927,83.249985,98.510735,17.029194,33.899937,40.34026,17.226006,25.890774,23.8213,15.910466,54.471565,25.499895,41.473076,48.445637,103.94011,48.766552
35.28769,1.9430952,41.864754,54.411644,19.705252,49.45823,86.05925,16.618256,53.78493,73.357346,72.96891,75.588554,42.601334,81.23481,61.694183,41.8195,43.179615,57.975147,78.957344,53.557854,50.316555,90.918564,81.37266,25.268919,25.204777,41.717083,20.0785,39.752144,32.30064,13.090709,57.178864,22.442326,42.980476,48.432487,67.45604,37.964767
36.05967,49.261845,33.369255,49.643963,41.61789,54.852337,107.772484,28.739328,61.805023,57.734337,54.456043,46.906643,72.51249,97.472275,60.93972,48.586464,64.611786,57.054676,79.81675,48.872826,57.147118,71.514435,69.645294,24.15158,22.445127,30.474926,31.15992,25.022655,34.52195,15.543317,52.970707,31.132402,42.548447,47.29769,52.969467,35.13186
28.288206,46.950417,31.123909,34.683453,37.6685,68.57194,98.8175,24.229038,56.268635,71.76829,77.56488,50.18791,69.08885,73.06417,63.40611,59.844387,61.81642,54.123158,78.459496,64.58819,56.058605,71.94049,68.7256,33.258636,28.691603,36.31514,15.293293,29.421913,38.596344,12.874711,46.506367,30.88638,50.851562,56.6025,55.973095,27.428911
32.142723,50.948456,68.59253,18.563284,20.173267,49.198353,82.17682,8.886839,64.06226,77.15268,79.098305,64.64111,66.53789,73.26169,55.185432,41.527832,53.858143,55.97298,77.864204,43.65959,68.3332,92.956,70.840546,28.69316,19.754513,43.606895,7.498371,35.044838,50.733368,31.974422,42.097878,35.922092,19.650875,45.950092,70.78219,42.304066
34.7057,75.287315,66.075455,35.27114,35.63532,59.30311,85.89766,-5.614241,56.243618,71.02257,73.455475,71.73212,78.05284,73.07039,66.58655,54.730076,61.460983,62.073204,65.394066,52.502087,74.086716,68.69424,57.838017,45.877777,22.89011,56.22596,19.967928,30.61969,59.057205,2.5385094,27.454437,37.36731,-41.881355,55.288578,65.95459,66.61464
28.563915,43.267082,58.0194,41.283386,35.571964,60.483418,95.60556,15.300821,45.469948,70.28683,70.05098,73.4304,39.770607,73.423904,61.11254,45.946053,52.865677,71.809525,60.13237,46.854385,70.71135,72.33242,87.331726,44.461548,5.140774,44.473545,11.863193,25.920012,52.264954,10.601723,24.11887,31.002491,31.746624,41.62008,53.87299,44.739544
11.495403,40.127407,50.996098,44.026897,21.506083,49.657295,68.31194,39.681904,52.24989,64.908905,60.690083,55.64302,75.127426,86.30792,69.37596,50.7603,51.75356,70.98421,79.20386,58.817604,59.678623,77.20504,52.89042,60.95986,10.175969,18.517035,14.192934,27.244255,29.773483,9.686487,10.126404,37.97517,34.234875,56.74157,43.85278,38.65718
31.979385,42.420868,44.75103,26.734207,39.059,49.889633,69.058815,48.52635,60.573353,67.06792,59.378075,70.11653,75.82892,85.77101,59.8687,52.667133,41.517155,80.0529,45.829407,49.44565,73.15205,33.287857,51.31238,42.491154,23.609255,-2.3740864,8.435005,23.008163,34.783997,31.76828,34.87243,21.862373,33.408596,44.39531,53.941017,29.02401
40.01265,27.19528,40.46292,33.404602,51.673206,40.344517,55.606304,68.44928,55.81051,65.8002,60.84646,36.622673,51.803345,61.364548,85.68471,55.22669,50.89756,44.63469,23.491386,65.67909,58.377926,54.566578,96.109314,40.732243,10.797688,15.075378,26.320086,31.092686,33.005295,32.908363,28.227251,43.266907,42.53592,46.273285,52.266087,23.105217
29.077494,38.19751,52.33071,41.117245,52.875324,36.759434,40.94339,54.339046,74.00422,64.587776,71.70026,53.733994,58.17864,69.65871,58.70909,45.011517,56.84647,56.250698,43.19963,37.140022,75.441826,77.273155,61.504482,43.0564,14.736224,26.783463,27.407192,14.209298,40.10225,33.47482,40.084816,41.499546,16.73566,34.046856,70.38635,16.880453
21.748898,28.247396,66.60264,34.230854,60.30287,35.81273,57.112213,48.150436,76.50943,71.56922,88.047806,71.108,69.04013,86.7812,67.11124,39.835106,55.784874,66.37506,39.59336,24.632906,53.607487,89.22224,50.26154,50.51274,29.450636,19.410587,40.258053,16.671589,53.47582,20.449205,40.457733,20.63607,24.079268,44.06954,78.77276,39.939342
39.92116,13.5375595,54.21241,57.31458,37.592796,40.792244,15.852295,46.03879,65.95383,81.0455,78.62299,58.096424,51.362846,62.80834,70.87227,49.268612,70.1628,88.84281,48.13994,1.9888058,69.483376,56.70059,47.658005,46.624527,22.119871,18.02028,40.429863,40.556423,51.68843,31.309921,34.243977,30.169296,31.782974,41.60106,81.568985,47.593376
14.995592,27.039055,47.629284,47.62295,53.83603,53.786556,30.875332,42.040432,54.066795,73.51276,57.231815,20.732319,60.813072,73.80123,54.64693,57.936592,76.783165,66.33167,59.407215,32.93582,52.777325,68.225815,47.647865,50.55676,24.576115,34.70278,50.5522,26.41071,45.3692,35.33107,1.351223,33.110348,31.058865,31.205883,59.11298,72.77989
39.681858,50.371147,62.320377,31.556791,48.40395,55.62022,43.82752,56.14515,55.24814,53.62095,61.48555,45.6501,56.554447,59.425434,58.822235,58.21289,56.359455,63.89455,51.484974,31.470404,49.831753,58.459454,53.02714,74.465515,27.207083,39.858437,58.04607,33.957394,32.094196,30.231274,-8.410156,33.587543,5.624254,44.470028,71.24872,60.961197
56.207962,32.495373,54.397346,32.145523,41.727722,47.04505,49.13152,61.804043,38.856216,63.375877,65.46776,115.261185,21.001762,46.95059,55.131092,51.306404,52.402534,80.5578,9.185879,35.922417,53.249733,55.19417,48.4407,74.434616,19.584158,35.489872,27.173075,54.975494,29.744587,27.601961,14.626381,29.737738,-1.2570801,52.696896,67.83449,89.4355
53.91977,38.967323,39.59307,50.8717,36.032764,51.355335,39.185097,59.08453,38.310406,33.872833,50.187843,53.427246,41.304314,100.71331,50.602455,35.7105,68.256195,44.670067,49.575245,39.932426,29.717035,31.936514,58.174847,61.877754,39.28558,16.017372,16.192053,51.564934,31.760426,55.652233,37.819927,40.27519,12.768882,43.72584,79.18502,53.89496
47.8679,50.673283,38.220535,41.909416,26.949556,54.851254,55.942345,58.952435,53.658478,35.663006,39.186882,64.178566,58.154083,53.26195,49.759907,47.24041,53.09838,56.698162,46.55408,84.702194,46.37088,53.36775,66.92427,50.83011,34.92672,30.886587,12.971149,39.858814,32.624607,50.535797,36.519848,34.33499,4.7988777,41.626232,73.268394,57.07453
43.27005,56.107,46.196053,32.763783,18.582716,32.90427,54.69682,85.17154,70.994705,62.34356,56.88798,57.99162,61.054222,70.83593,65.22967,50.252327,31.116028,63.68705,35.051994,95.05308,62.589977,56.64086,43.078476,53.077465,40.292046,32.03282,28.307169,45.329845,30.003447,34.16857,41.692116,36.79597,14.411821,39.649696,53.868614,60.603172
42.365482,45.64078,40.42946,32.370773,23.963055,65.616066,50.425873,78.542244,80.464165,97.014854,85.48866,53.29264,77.94459,67.8299,73.12835,48.951775,36.918015,74.93275,49.145935,112.12156,68.58057,54.015385,37.51616,36.82766,44.16925,46.48684,10.8897915,38.211124,12.515226,5.864353,71.873116,33.950474,17.187521,51.622692,41.699215,47.66807
41.644547,51.82567,62.714554,40.653366,28.747177,53.757572,52.30409,73.358,70.91053,72.9543,84.720505,61.749405,84.38962,72.45209,56.080456,48.107204,39.28251,68.03999,73.06219,85.76253,88.80318,67.2344,68.188644,18.629086,41.58618,35.021244,10.907463,32.48694,27.940939,1.4756584,33.549732,34.585136,16.337646,56.94441,44.686615,41.98513
44.935345,19.08564,-5.8974876,33.034832,60.01072,46.49981,51.351532,57.147655,82.858826,80.96915,59.53564,50.81062,75.56994,74.135315,32.707172,31.114777,40.656235,96.98158,82.76928,82.76907,80.32748,54.01675,85.633255,17.981184,43.29728,24.844997,41.95146,30.855223,27.238155,6.661671,29.02954,25.26155,46.149742,72.79953,46.786564,37.757626
29.309246,24.937094,30.631077,42.23463,37.185745,44.44803,49.57425,61.10781,81.50911,85.5611,88.58358,42.25956,69.35477,65.44291,15.717948,27.83434,36.51911,109.044975,78.794624,77.40168,76.08697,64.55917,75.46569,4.170801,45.988766,25.124645,48.6449,-56.57539,45.02715,24.243053,28.830366,16.831852,56.71068,73.04192,47.162056,37.632233
32.619884,18.29179,56.484215,30.271656,37.93219,50.78077,55.62151,70.19315,83.194,76.25548,84.86063,50.393406,69.77313,68.54867,31.727821,47.61248,50.464542,96.63794,80.60057,63.295128,66.90503,57.32065,65.31588,32.65271,57.467354,15.400009,9.932249,36.420837,49.026398,30.783096,24.422081,21.476908,58.05289,64.24583,36.79096,26.80838
49.93301,21.53508,94.55722,45.411137,35.514225,51.76146,63.25277,86.96526,73.07916,80.19499,89.08248,57.416634,61.402714,55.930756,33.895626,74.40232,45.582428,99.216,83.13804,57.807873,71.59333,71.245056,59.861694,34.14396,43.17025,9.082983,18.210003,49.271885,36.959396,37.16228,29.485905,31.608494,54.71952,52.79514,35.43407,26.587048
52.560947,48.243202,80.501625,49.59541,38.95526,55.341618,39.60357,67.20181,75.73165,68.39802,84.12712,45.982063,89.84829,76.47081,31.885117,69.48072,45.07555,95.33073,57.72346,46.123337,63.573353,72.20891,105.16322,38.517857,35.927532,1.1156645,21.855898,29.67041,34.472504,38.30258,37.232475,48.891937,45.97463,35.953552,49.042725,42.275673
44.047695,65.14735,28.178196,59.057842,46.131508,57.195076,52.331337,57.84538,79.940186,84.35704,83.489334,65.20668,84.855,69.127686,32.12569,91.6051,54.10114,94.58188,49.417732,25.163233,84.68251,28.616695,62.70742,37.713303,35.552135,23.66081,27.66941,20.248348,54.52636,36.80111,59.918964,20.110287,41.729607,55.296032,57.3332,42.696842
52.581573,61.714714,41.958282,49.17465,46.020557,68.17075,40.19702,54.73739,38.763138,82.20716,56.590103,51.716576,29.68377,50.798485,38.43222,64.06114,65.09013,98.90334,29.346992,139.85442,72.808136,52.749874,69.28027,44.21473,23.84489,15.326218,45.861122,30.598774,73.85915,40.082355,41.076454,20.94161,43.820854,42.877216,54.576458,36.256477
50.572376,54.45977,55.046913,26.350283,35.25224,36.755177,38.090065,28.783422,-24.626667,101.853645,103.651924,43.78224,38.627598,62.175686,38.397507,50.37425,59.508812,93.397835,31.71482,85.913025,67.431786,69.80533,109.66672,42.298813,28.062037,32.26377,69.71017,31.644789,56.678104,47.584618,56.54399,25.803368,28.051632,53.478493,54.740448,38.1481
30.187492,34.43522,38.10264,28.772543,41.19438,38.420696,56.630527,26.302294,48.496822,59.95606,41.75085,31.642002,62.367218,70.04257,56.739685,36.94092,24.519228,79.30838,41.41079,42.522945,25.989733,77.46322,86.92748,47.28856,31.280508,27.143715,56.51159,49.299126,51.06404,48.316242,79.82874,47.851284,45.060753,15.169773,57.822,40.647724
33.93764,43.143303,67.83921,30.412935,31.850544,48.140392,78.4464,35.724804,58.512486,55.707603,63.38761,57.268707,70.16826,70.81492,57.477783,47.077297,28.553116,82.46799,42.299473,61.620564,53.00222,68.878456,53.788414,57.883614,28.648289,36.975613,36.53134,49.58027,61.344406,45.01659,94.62808,56.538662,22.8959,32.674553,67.267456,41.167835
38.783028,17.231178,74.42879,23.942835,27.0755,63.93184,63.126366,35.612804,65.231384,70.89809,66.12644,42.38342,63.311317,82.70086,76.89559,45.98471,42.33073,67.1906,25.645498,48.919994,75.24655,75.90747,64.72373,66.63026,49.329132,43.92455,46.838364,43.817017,110.9843,56.25171,56.027893,48.891502,33.185818,47.119984,65.23906,33.82305
53.3662,12.960749,69.594604,49.499,49.61599,59.943497,52.02163,43.467453,57.890587,63.69834,53.15701,80.68008,87.90181,71.771164,65.650276,56.757393,39.525303,66.39912,55.045815,54.148857,59.00685,63.831284,71.44788,67.22369,50.610363,49.591263,42.131622,49.230637,81.05733,55.03254,62.427746,31.549976,36.354557,55.824562,71.79774,35.139484
66.9966,23.164583,74.74629,50.60026,81.984024,54.5892,42.141205,42.703846,70.77656,64.10681,55.050797,74.07789,82.98423,77.975876,54.22356,56.746567,52.37198,92.26517,63.30008,69.743835,75.24851,64.9916,105.376945,64.12922,52.864586,43.00056,46.159298,53.61665,68.343094,52.77853,9.020084,29.91098,17.751377,47.77642,44.001465,36.179897
60.620884,38.051044,46.911736,81.90485,69.84073,41.453926,62.938675,48.832996,47.50438,85.5344,67.97837,68.72008,75.48282,85.56879,59.02531,60.530212,64.626854,110.28956,37.75686,88.84602,91.95826,56.678688,57.456764,54.38727,60.77289,37.688046,47.71875,51.493866,50.715565,61.717674,47.91517,38.52266,32.278408,56.02938,57.44347,48.24743
63.976894,32.00047,41.403397,43.556828,81.43248,22.874683,39.10168,49.73752,58.137024,80.10975,61.02343,40.520027,68.91449,80.39631,79.09182,55.80574,52.01511,87.100914,10.83548,119.85302,78.253044,68.2484,77.64916,52.725502,60.82279,30.928032,40.91974,49.20931,52.801357,51.45963,90.75923,119.31849,37.15,35.694195,56.88713,57.08456
58.54792,47.72152,42.68019,36.977196,50.702362,18.67535,45.162296,58.298134,65.85384,99.314705,65.75446,29.218998,58.62809,63.776604,73.69128,43.7791,71.83377,96.28042,44.434753,92.83081,82.49348,68.3642,94.844315,53.014553,45.67953,66.07503,30.681494,48.93854,62.369263,37.082817,102.818375,76.48255,80.66973,32.51892,60.37827,67.75582
52.234715,54.75058,47.012825,38.071186,49.186306,26.658567,64.83408,-25.872356,91.21621,83.0172,96.187386,29.966417,80.005264,70.48192,60.81724,37.69677,77.854774,97.396515,57.06238,81.51494,56.39241,66.44523,103.87482,44.122818,30.059483,69.36448,35.72642,36.92749,76.37844,34.18073,94.57564,65.05791,60.150497,42.679935,65.70534,82.69885
46.166286,45.102425,51.786858,40.741394,51.31734,66.85025,71.26124,33.71837,93.80253,82.41852,96.99838,46.83824,70.90596,71.201256,44.90651,48.8869,78.31565,122.636955,62.93611,73.91129,85.59233,57.405922,59.824863,59.0632,39.17786,78.95027,32.222675,21.87752,59.921326,26.876034,92.59898,29.979977,70.28357,58.46907,62.33039,73.39829
42.608284,50.40901,45.4998,81.79996,117.361626,52.253395,70.52094,22.068003,67.30558,83.694084,80.18114,67.22111,74.320114,63.476913,42.79266,58.120533,93.178894,122.890015,23.338203,62.125946,36.226032,67.20505,59.767174,68.7641,74.02377,70.16191,34.11634,34.857986,80.368996,33.122364,69.69565,38.63243,67.366135,42.72917,40.7704,68.457535
48.626274,55.776913,55.98039,36.930252,66.385414,42.66581,58.447033,27.030416,119.683975,77.16657,63.457924,46.06401,76.21614,73.06756,54.540276,59.39784,63.450813,92.05624,39.074825,11.104107,71.36699,57.405743,56.128937,56.191814,39.247734,77.09121,37.99839,54.065838,48.91007,21.26869,75.18785,34.97693,35.261787,63.49862,54.484856,108.16
59.54828,31.79572,55.415768,49.45508,56.737972,51.236,43.82379,-7.246047,62.957367,80.81876,106.669945,38.31228,49.420643,74.17204,53.733078,43.99163,74.3686,79.74446,47.94497,-10.550282,72.108536,88.12084,48.419964,61.89403,57.85235,54.376915,40.1508,29.181519,55.518295,40.536118,52.606216,45.396378,30.11036,60.90093,49.36225,69.345985
57.378693,43.748295,50.873474,57.566296,53.03105,54.461742,57.312927,18.424473,57.92915,64.28848,91.9383,52.506134,63.508556,69.10543,57.658276,38.835537,73.457535,77.49611,44.16999,32.74105,49.73177,97.88914,55.05175,70.52457,43.253166,61.9377,43.047844,39.210403,51.664497,42.688545,24.971663,34.347107,29.818443,63.949528,60.757023,68.10803
66.02509,55.507347,56.473152,55.829258,71.9416,66.69244,51.957043,9.40578,69.45326,59.319496,62.98143,50.310905,54.360733,77.86996,65.458046,46.18929,66.46559,82.501625,55.646618,41.53429,61.19996,80.71484,62.37467,17.00795,43.18928,61.028465,49.815506,42.235077,42.405914,46.985943,32.33664,38.1255,25.778027,61.96423,61.03041,77.10141
52.08849,48.18003,65.250786,66.16827,59.17562,80.08155,43.602287,33.713646,69.785995,62.101,70.38221,61.432762,59.150326,67.68175,42.854416,60.67376,102.801315,103.766205,44.31264,60.99114,72.10956,73.1168,57.670277,13.968102,49.048378,37.827763,39.749916,54.710594,59.303528,41.88989,18.161318,38.84448,28.812414,59.352226,67.904594,65.61891
47.133835,33.75718,71.073845,62.114872,69.84059,76.49634,62.304447,44.698673,72.644775,75.96386,68.82747,75.37819,65.35417,85.794266,58.60977,62.81841,112.06852,100.55331,9.861908,96.19496,65.26999,95.890205,37.99504,30.93554,56.34616,41.56961,28.807945,64.084435,43.18641,24.176407,32.080162,32.12571,-2.5383816,49.509594,72.434685,65.73898
64.12637,26.663616,72.752235,70.05274,80.82718,58.649208,49.451836,57.201214,82.19461,86.81179,104.57367,51.73211,56.135372,93.50203,70.31966,74.793495,91.34704,98.85007,33.978535,99.05559,76.00297,72.75151,12.399121,29.427347,53.16662,18.84122,23.467941,39.589024,44.567375,9.564675,44.00231,28.890472,19.8232,46.941742,41.714226,65.707344
52.75273,24.76765,102.373474,63.507637,73.87808,55.22573,48.34185,-11.533104,87.690956,103.23844,83.074486,65.69638,40.77262,85.55655,29.821436,80.37977,130.25626,95.6715,15.770882,74.75946,90.25684,54.545795,13.111761,-1.3914509,55.007576,15.232649,21.424864,36.939953,52.905804,35.082153,41.038765,22.237507,17.548594,27.421452,41.910393,57.17434
31.492334,73.59161,61.415714,86.426834,70.55745,51.54205,37.981136,-9.866983,78.61709,73.05365,97.72553,37.40401,53.408897,68.17019,33.264606,81.772804,90.04969,86.80378,-22.055727,55.685432,81.918686,1.0470924,8.990565,30.36962,55.221245,-0.71193314,17.909,30.286049,75.774765,35.955345,64.625496,18.691326,5.303549,45.024006,65.8719,64.06635
52.044807,72.38235,37.338608,71.760735,61.886528,76.14594,0.5504112,19.598522,59.111477,73.23497,83.75112,38.99545,58.96971,70.474304,42.678154,67.87865,71.605576,76.39269,-0.33854485,40.998737,77.80371,36.753704,38.745296,23.283697,36.51185,2.4581285,14.107359,36.951294,61.56647,40.671997,45.24167,18.611382,-50.673515,35.70067,76.668274,72.980896
37.914776,83.74318,49.02311,40.72925,54.580235,27.019844,16.730026,29.03944,51.332397,67.09537,71.04918,43.06412,29.457506,66.5356,43.167675,56.108234,74.336494,85.742035,20.707926,51.718307,63.132534,35.866787,72.638855,30.610678,28.696417,12.086631,25.369125,27.977036,50.11999,34.537823,66.46371,19.282234,28.26843,32.83801,54.450054,63.26468
37.993427,50.157383,68.28861,47.75157,55.382465,41.410664,7.660206,29.563269,39.484653,72.64295,75.70686,10.891819,46.194443,69.573586,58.94259,48.06162,49.24774,76.82785,42.583263,37.163162,57.997936,70.22428,68.89233,37.893143,33.077095,7.4483967,12.511007,15.209519,58.366154,37.674652,64.76575,-26.464281,34.779896,29.284996,57.33919,75.26238
34.290653,45.86146,34.259872,51.8735,70.33941,49.184654,28.30927,12.443094,58.76379,63.275307,48.612953,17.130625,37.3966,68.36395,61.013004,45.868477,70.60187,51.501274,36.05277,15.25649,56.359505,24.637787,75.28483,34.480804,39.267197,6.414442,5.0891743,25.349024,82.66022,31.068024,79.59869,17.286896,37.870773,37.80642,70.65608,62.11178
17.617508,34.53437,51.870953,68.34137,76.78996,61.67123,30.05081,95.4687,42.34623,64.86829,53.36245,34.289352,27.223507,40.99871,50.403255,50.403786,51.46594,58.070984,46.418373,31.993153,46.537094,32.018944,53.442257,23.773588,32.860332,22.725418,25.215832,23.148111,59.08867,11.821591,76.19647,12.198536,52.262676,36.39272,59.122314,60.716618
25.72861,32.897438,65.59783,45.7267,63.35916,31.359835,26.527538,92.87806,48.79344,64.72835,33.455482,11.437618,32.589558,21.508003,64.22891,45.26256,58.02253,40.63526,48.81385,50.375244,42.658073,29.66951,78.93512,17.350857,27.711979,-46.74019,20.402367,48.405304,61.09781,13.295612,25.019344,9.698565,39.296585,41.84651,41.755737,55.894398
22.328222,24.741047,41.03464,53.604477,62.402363,57.017937,38.35596,57.914722,34.330708,62.31057,70.89946,33.39946,46.79703,13.5732155,48.029003,31.159645,53.065792,45.956345,55.658394,41.725098,56.53712,42.56459,82.33672,9.48457,26.417192,21.825743,13.61955,27.256231,44.153275,12.606462,13.097727,13.53972,23.553255,44.29762,15.418343,57.28759
30.207533,35.59166,31.063053,36.758415,46.415867,30.446789,39.636726,102.73895,39.957657,45.53846,59.83452,49.21039,26.854591,32.91342,20.23754,30.60303,44.851532,60.55031,73.71684,26.71824,68.94714,32.116898,82.07773,-6.21809,20.938122,21.415878,-10.843292,13.855995,27.644577,4.947404,10.337995,18.27853,9.640951,42.312107,35.59307,37.26977
27.832327,14.213316,23.92666,35.870907,30.222984,29.773752,41.397457,103.4435,62.65361,53.71746,44.323223,48.016396,29.054766,46.16082,22.159359,5.9775333,7.23061,57.30759,60.45031,25.182098,38.87774,42.913383,77.87493,15.584394,33.708755,33.876995,22.192146,16.813057,14.72939,10.594143,2.1881132,13.071706,-12.70422,41.93067,35.661095,38.74057
32.830055,18.368008,15.246523,36.250122,9.321982,37.635826,34.357918,103.54216,49.84357,67.626656,74.479324,43.918324,35.977783,47.100826,42.48322,24.451452,17.946932,40.670578,62.934547,50.892235,41.346634,55.395065,76.21358,12.935765,13.908489,22.00547,19.889439,15.265528,8.864868,3.3084154,15.281966,14.015633,24.790781,41.00736,30.0323,33.817898
28.886686,11.544237,22.580132,46.5205,7.5568066,40.247868,37.547287,86.289665,42.159904,69.6745,57.906322,22.814255,45.58411,66.12556,49.838894,33.484512,25.383692,19.69752,70.814835,38.714035,54.14611,51.73416,38.30311,8.699065,12.392685,28.938488,26.484615,-9.696558,18.247807,8.737254,25.42502,60.50766,19.341316,38.33066,31.215721,37.523853
8.532247,8.057884,18.27379,19.320827,17.932003,39.012615,36.765522,89.14628,28.870197,55.878613,44.761574,42.30553,64.086876,59.003666,64.56512,28.673162,36.325054,25.151234,37.893856,57.031624,48.020473,70.900856,39.04629,8.491865,6.31445,21.291773,32.05363,19.10754,29.582731,12.084727,11.818719,44.568634,17.054089,45.144455,-5.437437,29.083597
8.517553,16.737879,14.86447,22.379782,4.7477274,9.648895,52.572502,99.89245,47.39879,51.283348,64.6581,65.92268,81.40307,65.34839,73.78641,31.484203,38.40266,13.091688,22.567007,48.774143,24.805471,51.612152,36.615833,22.983942,3.7645164,29.932854,19.235352,14.05767,25.633444,-0.19681168,9.13369,32.71498,22.8018,39.901836,22.658077,24.656734
14.083332,-6.3798666,46.460304,51.491714,-2.9654107,10.142126,50.9547,72.06648,68.3664,59.849888,68.63818,63.618916,65.39042,87.62086,74.24724,30.486744,42.02279,39.652145,18.183725,43.07146,70.068924,41.178776,22.580559,-0.7664194,4.408689,33.262444,25.102512,33.747967,29.019157,2.027101,7.3004694,5.8661594,15.56743,36.700737,18.333403,28.997402
-7.7237415,-69.414185,11.50024,33.359207,7.8570833,2.4802303,41.422703,62.184372,70.266624,73.98848,31.522968,51.31636,31.978683,74.60597,75.54166,35.94808,1.6433334,28.093376,24.363724,37.60436,61.85663,2.9037437,23.481617,10.506815,6.8167787,28.19542,13.841372,23.497498,22.56764,-2.477931,11.769323,7.4247675,4.58216,27.182669,21.491116,20.134317
10.77947,-23.334064,33.097427,30.822815,-0.18634939,22.210958,18.103867,58.833168,43.875214,81.67708,62.95053,51.881134,35.129677,85.21554,69.01226,28.231968,18.708128,30.50767,14.419889,33.156322,49.240982,56.670837,42.4881,13.909861,25.061016,-5.295004,16.812454,17.837105,21.070732,3.5967057,-0.4071436,3.9627395,-3.5120926,17.514746,22.484804,22.954514
13.202629,7.066888,33.344475,47.903397,-3.3151073,54.972637,27.408243,96.78569,46.591278,70.862465,42.746,61.49975,51.12604,87.61477,67.51326,29.77051,20.535358,34.834553,28.065926,47.487717,50.08397,50.16009,70.412506,13.952385,21.437614,4.881281,20.828463,12.435163,16.915697,7.215905,8.597272,7.23283,14.947079,30.736977,11.854643,12.535439
31.3081,36.42481,38.74105,21.872715,23.240017,50.17031,33.82576,92.63729,56.257828,56.53626,61.63533,43.45221,53.283722,68.83599,68.0134,36.941944,28.310246,26.753868,29.626379,44.053406,49.649017,34.39766,51.257835,24.188145,51.91027,7.1576495,19.03021,2.878264,13.390598,2.666319,16.24805,9.799299,9.550529,35.516888,28.566023,34.071297
40.55092,30.5856,51.649498,31.645084,15.173174,43.317383,45.32022,94.68207,45.53474,68.240974,58.44125,43.6111,48.30738,54.838474,71.47064,32.832672,25.40518,38.98816,37.569756,14.543439,60.448208,47.10682,31.019003,-15.83222,36.22198,12.369802,28.51471,13.59269,21.027687,10.392144,20.51522,8.104515,3.042202,31.880909,33.681175,58.86537
29.443762,34.276432,64.63704,49.13522,14.442858,57.49699,34.099648,82.62221,49.132275,58.79431,60.03643,37.827953,59.89649,69.52166,68.669525,35.87966,39.066856,30.236847,9.838757,17.715084,41.169167,31.43929,53.5747,28.011925,26.948483,25.451368,10.232859,19.243662,26.36001,4.737434,16.292421,12.148366,31.002422,30.763632,49.34345,42.90358
39.493942,71.45416,58.451027,44.019062,39.194275,45.72615,30.306969,70.23816,22.083866,49.416046,52.235188,22.741535,34.06099,52.170635,56.390472,44.30374,50.802364,42.639107,54.748688,36.589794,60.93844,43.840977,93.31113,11.731953,30.786806,31.54482,22.377281,23.358591,23.758694,-6.322363,30.202244,-6.8954525,20.478144,29.969059,40.461304,20.01349
42.254353,18.994183,62.209686,32.541225,38.386806,30.351404,60.904587,70.50159,30.583012,34.921677,41.303207,31.862673,36.57141,42.365562,48.224533,43.723927,43.317238,49.801254,64.723206,136.27388,46.811035,29.576809,99.5514,13.2331,19.500633,33.639645,24.611845,39.01359,32.429276,9.336131,48.798225,18.906479,42.271767,39.923313,37.505157,34.71308
40.63433,7.3125887,-33.433174,36.19045,31.84623,29.817205,44.00797,51.437534,30.04469,57.10855,74.49048,32.774715,39.514366,39.83407,73.56646,39.156017,44.48588,36.9032,48.211624,72.55844,66.96597,33.46949,87.33351,26.327179,18.519943,22.1828,22.15873,29.07785,38.52779,5.685523,56.668243,23.002169,67.87621,30.619007,39.310535,45.47483
44.34487,7.287526,13.723761,33.19955,48.484837,16.879427,37.475792,40.256676,38.65484,49.537235,52.019913,18.592651,21.191689,26.132505,58.76855,21.98924,34.794685,43.651627,59.759144,35.504295,53.237194,23.582481,48.609665,12.045372,19.147211,42.26027,41.52294,24.370064,38.49307,13.020772,66.2861,27.790234,72.31497,34.835827,67.144875,50.622784
32.42473,12.532744,7.7793155,21.758778,31.286034,10.28344,46.407585,11.182354,36.2305,49.907936,40.7331,20.819046,29.979866,25.728964,65.67244,19.68315,68.96469,36.683777,60.15666,21.714401,43.14415,2.5703773,46.321255,7.8412933,-4.538416,46.467068,38.53253,26.400925,63.139687,11.174965,46.02054,81.67183,54.269596,39.233555,59.44536,46.602875
15.199974,-11.91996,22.33518,24.988693,21.652945,11.277046,31.080078,124.89429,22.28946,36.719807,38.91653,18.618105,3.6137352,23.788452,65.791756,24.537607,49.457184,43.867172,12.569004,3.5190563,39.19104,9.894119,44.556053,14.199536,28.825172,37.689335,35.182713,18.462442,46.26951,11.108308,36.91067,53.187912,31.813694,50.04383,69.33041,56.698494
19.300106,-13.218147,22.846397,61.29712,16.311287,-11.092755,32.08327,94.505554,6.190741,24.054342,22.376886,14.694683,33.822884,22.911592,60.167397,25.060038,45.917053,30.066233,59.403133,17.437582,13.591113,4.6119328,38.011093,27.33355,25.868023,26.281792,32.792175,24.57375,40.414955,-31.061306,48.747154,31.466917,40.176647,28.585045,52.121807,38.168022
30.758072,-6.3833523,14.271216,21.17644,23.558989,34.315662,23.34908,81.78404,13.808231,26.946829,17.467928,19.586699,25.208763,11.092771,55.994267,33.203632,23.194132,47.24043,26.15556,16.901163,23.394161,18.34873,29.419872,18.756098,28.388489,23.371021,38.242302,16.949219,50.083267,4.1757755,44.414,31.647554,30.98991,13.728292,51.255974,48.016785
33.50486,9.2535095,25.9958,34.92835,3.6618013,32.915558,6.9767876,78.336525,12.111782,25.730417,20.531307,28.843365,29.076271,11.243984,67.41234,28.091303,15.2396555,29.520153,22.955698,29.617817,25.460793,14.589548,31.067717,8.1159115,17.427818,31.804558,34.055607,23.878633,47.54921,-0.3954444,32.76502,34.16635,29.51203,15.740654,37.207108,65.51235
21.961433,12.699249,17.833199,17.19286,10.468524,28.996378,1.4828339,77.2345,30.80872,24.932886,30.6093,32.842327,17.504093,24.091866,52.70267,16.778475,14.641999,24.201347,48.59354,26.010319,27.82047,26.100733,35.065254,10.870995,8.617039,32.132584,34.12425,27.630566,45.11631,-4.1557236,42.801235,30.067495,17.40517,31.377625,47.635162,50.801506
18.018213,7.3790455,0.597909,15.488542,-0.19650269,30.976517,13.135572,57.593147,32.370842,35.75027,33.81077,3.5480328,16.338747,22.215092,58.44069,20.339407,32.26212,12.0040655,52.143387,20.314215,12.962367,22.248463,40.902412,7.7767525,2.28856,20.13895,33.157085,23.922928,47.50282,-9.972092,37.801693,39.984528,28.80846,34.599384,14.0752125,50.20118
24.254488,11.950439,11.946561,31.05299,46.388855,15.864094,0.8668957,50.908474,15.37866,34.744793,37.556118,-11.03071,24.331259,2.938877,74.35745,29.45726,33.51144,12.334021,68.41486,27.187479,2.6668215,29.472866,28.693068,11.830394,9.395863,37.904896,48.669846,20.209738,22.705912,8.795836,22.027565,27.760746,24.03127,48.27639,17.328812,38.33391
28.125,13.96987,16.11111,21.908457,22.919327,19.272942,-0.7567272,48.41559,37.509804,21.00499,21.477047,24.115778,17.121067,10.391027,54.900593,20.40954,3.1732273,39.571728,32.122807,15.540384,27.569336,56.16401,27.45589,18.69639,12.970156,18.161602,42.644043,46.48918,26.365303,12.419717,52.380737,28.010221,-2.245409,59.672153,9.175503,31.668476
21.127186,8.848676,16.292896,30.840733,-3.3663368,22.932756,25.655334,64.624985,39.012207,39.08402,48.55852,33.633713,49.567146,45.19416,52.527122,22.272932,40.065056,28.00578,50.622005,55.110832,27.774677,37.217686,25.374237,22.610128,27.072605,-15.357248,16.018566,33.26127,20.544672,8.78616,48.591927,41.81002,18.361649,38.421856,-10.427278,34.66999
31.370441,19.53283,12.670835,11.14676,-2.6210194,26.476013,27.574917,-14.4183655,46.940865,63.387257,48.477154,26.654383,30.110497,48.30165,43.278816,25.599094,39.04864,37.031548,5.1312675,49.16569,45.557514,21.95847,45.79876,13.823051,29.641535,25.690178,14.129057,24.337515,25.377811,21.717134,23.667492,28.30371,-4.7311,30.363688,8.555836,20.710808
20.63861,10.426104,18.904917,17.514591,-11.697472,18.880638,3.3757858,24.609577,47.42019,60.703808,58.53462,41.894455,39.12272,35.5289,46.16642,37.532627,21.302494,38.362816,34.629265,40.944695,51.001728,39.128536,68.0048,25.621613,23.803408,26.766592,11.75019,28.05575,22.194391,-13.155397,29.12861,30.973001,21.920624,29.688826,18.130856,34.07645
20.89699,4.927494,24.520988,17.441746,12.509975,19.607416,30.54362,28.132994,22.234905,57.064377,53.350975,59.86351,53.66005,36.629005,49.29808,31.715929,36.53893,20.806618,38.77246,36.93502,49.664722,63.034355,51.392437,11.629265,17.754578,15.356021,10.536092,27.347282,25.775114,20.534466,24.575144,29.39968,10.519277,19.818419,21.522226,55.565376
20.212893,13.37871,14.476114,10.925812,89.89208,21.953037,40.66276,18.190596,39.900963,41.952663,46.7334,26.920467,58.18196,65.35251,53.08865,-8.635307,32.285515,24.964706,31.402802,35.496433,70.692345,48.548267,43.921204,40.521057,16.037838,10.438896,12.877822,-9.62639,21.406744,19.232292,25.777924,30.269781,1.7817974,34.6162,26.486122,38.57967
23.471745,3.5300035,15.082743,26.754755,46.148502,10.71749,15.917961,-5.2750587,35.183495,39.907936,41.233864,45.33103,54.5712,59.84717,50.27074,7.2398725,11.09281,50.495262,35.50669,46.723324,55.93749,36.068844,39.182434,55.815372,14.470692,15.476286,34.15565,15.453359,10.605694,24.521719,29.135902,20.15173,12.800991,24.917355,31.98487,48.073135
22.096788,1.2098536,32.78952,29.082193,43.63017,12.9305725,7.9450207,27.357182,20.821331,46.794273,49.533413,20.463604,36.007107,31.377253,58.521427,20.377182,21.85391,51.443077,33.47217,56.99214,42.78279,25.139671,61.48793,60.374554,9.838869,25.136608,35.59824,19.16087,23.713703,20.684168,31.622868,33.03385,7.066867,24.924343,35.666546,46.662605
32.390663,15.537171,27.883602,30.720823,26.847385,6.424776,17.838861,37.564007,5.0485144,44.96688,32.554714,24.09342,39.934067,17.181633,41.79609,17.60317,14.150137,14.526691,57.455536,27.343748,40.115025,48.54078,51.454197,45.088284,18.467611,19.368044,8.7774105,9.946896,27.55104,22.810831,29.043743,27.834572,10.670376,29.717283,39.077587,34.683327
24.965038,16.382784,13.89156,13.850332,21.999432,2.193059,55.51834,24.14993,24.16214,42.855362,31.404493,40.548042,35.013702,74.976074,57.939014,17.164898,22.153244,37.268345,28.449184,79.3172,23.729702,69.02249,56.518147,44.953457,9.031701,-58.4196,14.721548,23.17529,34.768517,30.323288,35.336742,23.212587,21.63846,21.733543,19.845413,37.48172
17.402,9.481739,20.996717,16.796898,35.46343,53.00995,46.86199,14.97844,50.849472,33.715298,32.60101,51.279175,63.140163,74.50157,58.138256,1.9378319,22.29884,38.680134,44.502014,101.78199,37.646957,42.81141,52.942554,22.047852,15.083107,6.004813,44.06062,4.8716974,36.472466,32.62051,7.5223236,24.725403,1.5401688,40.12127,24.423515,36.12444
10.753125,27.75574,21.268887,19.726255,20.95231,59.764233,26.470299,78.305565,66.69607,75.21541,60.673744,46.20182,34.235695,50.674908,29.083826,33.257706,14.649062,65.44209,63.756,86.80515,71.72526,104.49111,51.469498,16.574762,27.465675,16.12001,36.206753,24.330105,39.668236,14.821651,13.973644,33.256588,17.709244,42.798244,36.941795,55.772278
25.190983,46.589672,38.303265,15.269494,19.107658,51.53267,54.82685,78.0847,63.833687,82.76077,95.22988,56.242756,64.256256,58.76222,36.327274,24.327087,22.404776,72.07468,35.755424,79.07231,72.007484,73.34032,34.44067,16.90312,22.991673,8.654195,32.869614,30.071924,19.992035,-0.2037487,13.039685,30.969215,19.654636,49.598995,32.896717,31.937347
23.39354,49.264824,31.513227,23.455011,18.898478,69.78317,67.71026,61.45971,71.006485,77.40008,69.980896,57.545975,85.37751,72.54148,28.717297,21.039623,12.461551,77.88694,30.57894,90.86164,69.733734,84.376015,40.934288,17.574669,14.505398,-21.639545,51.040195,17.136166,27.234533,1.7107844,19.829323,14.562993,23.747732,52.842674,48.913845,41.033913
39.92494,47.044563,72.64619,22.301638,31.505726,79.404205,51.550426,68.55393,60.520126,79.86418,74.50238,53.873245,88.34526,90.35735,44.442173,30.196684,32.45919,69.496414,27.189232,86.58869,92.15715,63.049126,39.127216,24.225033,24.697178,8.220726,55.264324,21.020367,36.651287,6.4677043,-4.3939123,109.0731,17.772194,36.638798,78.882576,34.53679
56.468224,48.207523,58.26606,39.883274,31.936113,53.99232,34.789066,72.6302,90.54877,79.388535,55.162292,37.36331,99.98841,54.95681,65.90964,30.696688,31.3008,72.984764,26.054367,97.649765,89.37484,35.209343,41.53414,4.814019,-39.971214,-11.006964,55.92324,41.976944,75.03998,2.1164956,4.827508,76.079834,35.79698,32.14019,110.546295,38.687813
44.994087,35.834007,45.506268,48.336887,7.614462,59.23382,27.76854,68.93859,87.753784,98.969345,81.79327,50.661804,82.01957,64.42744,72.38562,33.38471,64.39386,86.89988,24.77604,95.87082,98.630165,38.65931,45.670815,8.078569,-2.3156338,24.886185,32.1827,40.853725,61.54257,19.894875,-115.968605,52.98603,35.91519,26.23095,59.982662,60.609818
40.751842,47.702072,23.97935,74.70544,19.546,53.96155,30.631062,97.66222,69.104324,97.004845,85.05341,46.053905,70.676025,62.953995,64.198524,53.012608,74.9323,85.338104,4.3461227,65.89391,93.82922,50.06767,65.25502,3.4234247,-3.5854511,21.484821,10.502178,33.996487,34.474373,5.437956,-9.882696,49.36484,36.559933,28.808216,72.781006,38.831394
44.593,27.497097,24.56742,22.737865,40.148586,46.525837,43.714638,86.098145,76.43013,87.95788,87.75313,10.931854,23.51124,66.67264,42.4101,59.26913,50.84662,71.73034,34.22438,8.2260895,84.79445,64.706245,85.03039,1.0699492,0.35109138,18.549032,4.6952877,25.423105,43.46313,-9.519377,19.83049,24.431742,39.567215,38.718067,61.934513,31.790487
33.922062,23.462643,11.579352,22.508926,8.748803,44.919865,55.791965,78.572914,48.012203,72.42804,77.500725,19.609148,69.02444,69.24943,46.11183,45.67018,68.57668,57.68445,50.45499,34.260868,29.476765,59.385735,52.37905,22.35449,11.378209,21.635046,6.0167017,26.146713,54.854168,14.61717,14.637011,-3.1046762,52.405415,28.336878,72.20609,31.986305
26.87538,34.14142,21.802574,3.7638988,12.440941,39.958405,26.892944,39.341984,42.918037,66.036026,60.66378,11.150688,18.515638,55.512222,49.186268,43.265972,68.24405,67.565445,56.15902,24.360033,47.19372,80.22089,75.90254,18.565771,20.375492,18.297918,7.720705,12.533273,41.49203,17.105482,12.931164,4.176239,6.588169,38.282364,90.98145,22.095291
32.962456,16.88987,49.319275,10.301495,40.12217,43.695557,33.65909,30.117668,40.111214,49.009075,56.05387,56.744617,103.12933,59.833828,59.594135,21.715096,57.110607,92.47786,61.888626,15.650872,37.2787,51.76288,55.6601,15.118938,23.050798,11.347359,3.9484167,22.865496,34.680832,11.216901,20.428562,-26.881947,19.840807,59.061966,100.61841,27.71083
21.06893,15.7254715,52.756912,19.102314,9.246199,33.279465,45.687096,40.336815,55.663116,43.355057,58.488083,55.81115,81.67835,72.02463,46.5295,31.174942,25.345383,118.299995,27.141891,47.753845,65.00336,71.30051,54.510536,26.720354,27.281023,12.63808,19.048126,18.01933,22.052874,16.870495,19.136665,-2.4174094,19.284512,67.583115,109.649414,32.68739
28.473095,15.512008,48.139137,21.927792,17.711811,48.003757,49.539703,42.547993,58.66678,70.64154,75.237686,61.21112,79.92005,84.89798,43.470787,36.027542,24.499777,112.705154,9.579674,-39.737144,59.424057,69.8332,40.37905,28.412663,28.1171,1.0488491,-50.842133,8.801565,29.00004,30.002346,22.761456,13.796934,16.34251,58.481575,60.765423,40.16645
17.179504,37.77373,53.202824,38.853195,29.963053,49.68317,57.101795,23.384575,49.155407,80.242065,83.634445,51.188133,73.0425,84.16449,56.12587,38.7736,59.024345,86.73255,52.61872,45.70247,58.096462,41.113136,31.420525,35.758915,21.06992,-15.455247,29.296366,7.5231657,19.66329,22.940125,22.279175,6.3329535,11.247814,26.47524,47.79286,65.51246
21.047037,41.908813,86.70449,53.865395,45.44352,79.17791,47.384953,19.07345,52.253277,68.98818,64.664406,33.974476,35.51493,69.245125,68.89372,45.398354,64.34971,95.83141,60.676384,48.137047,63.261383,46.91074,30.177769,22.986366,17.403576,20.457546,17.087654,22.69526,32.658066,26.477125,18.68016,29.925892,14.635266,34.7071,56.96874,53.08645
25.288881,49.345207,100.57672,48.006348,73.4361,48.912086,41.016365,55.539757,47.975864,61.152107,53.592403,29.114977,44.5432,57.141136,72.31178,52.120155,71.920074,86.18714,64.21175,62.737255,57.269253,-27.713139,60.184845,30.078278,26.774414,36.421497,13.875176,15.104166,33.61229,20.68566,12.840175,27.163132,26.43528,34.231346,52.78244,49.030914
31.923203,67.84528,79.914314,69.441574,77.75388,47.750526,23.724394,63.198887,66.678185,61.97493,51.053516,17.585987,38.848618,43.449215,40.76074,64.03894,71.56459,87.6955,43.804405,39.238094,77.99577,14.079514,96.119194,46.472034,25.484303,5.961543,27.914402,16.733093,36.575882,15.651526,-7.8547306,14.097601,30.574001,28.279936,55.904438,50.397804
48.111282,62.25071,99.478455,67.713776,70.8147,57.76791,65.84041,71.36277,43.315563,77.39312,74.62077,20.357296,18.160097,32.24252,41.994473,72.12545,83.05154,81.61822,49.477596,31.28755,51.876785,46.818474,99.738235,32.287006,7.2903423,19.996992,28.601433,1.7233052,37.28245,21.27781,39.714737,23.403957,25.666782,-10.809868,89.99672,55.891735
48.894463,73.89267,49.032333,70.83724,79.82644,30.760208,81.07054,55.43698,39.11534,56.10108,56.77522,29.323347,23.548237,65.71281,43.82944,50.55495,75.8063,67.09275,64.18535,25.163134,35.562386,29.816605,69.215836,66.09186,20.985672,30.95622,52.25182,-0.76513046,53.49895,-23.727806,34.417866,28.36227,26.947208,32.747135,93.66345,55.31856
46.058266,41.114635,41.406292,41.509384,77.75343,19.710285,37.184494,58.29863,20.029305,46.635723,43.19802,41.65482,25.699646,40.312878,46.99505,37.85791,73.8388,55.255974,47.621174,20.899555,28.008076,17.980381,65.93883,56.035496,26.601912,35.215614,62.63781,16.607132,53.733383,38.57228,45.726524,14.49971,36.22774,48.794308,114.33431,84.644066
28.696405,26.968346,59.16424,36.5794,47.882732,-3.4191399,41.60365,50.62699,23.574665,39.98192,29.64312,25.999819,24.660343,43.68589,56.479164,40.70417,37.846928,59.007072,89.38354,16.154053,13.142985,30.179197,58.75847,49.973404,24.738922,39.825188,58.512012,25.880901,47.75163,41.912632,50.20007,5.9620953,43.83967,59.168076,105.19555,84.54258
39.828705,5.4894037,14.155983,64.41082,63.05082,47.054535,46.339893,87.28703,30.672268,23.54323,37.19557,37.34291,39.65528,21.368105,66.51622,29.649174,52.335255,54.369385,70.58455,13.143597,17.91389,51.95259,82.71695,53.910664,32.723167,39.208694,53.29678,39.3428,47.99961,29.172447,33.33669,-2.6302032,24.510693,72.92239,66.12386,68.75755
40.70533,24.860687,26.1194,43.23588,52.41784,57.381634,65.70876,82.09778,19.361212,42.181267,46.038155,41.005913,23.762749,38.623978,69.64116,26.987272,45.32121,47.59595,77.51478,24.1097,41.346367,46.05464,83.96643,57.990944,28.837975,48.76387,32.306374,64.161194,40.897476,21.706429,36.501907,23.97927,29.544796,65.944046,75.41863,65.72309
33.165054,29.557549,31.670357,33.069595,59.226902,47.184834,76.6125,86.30076,16.713861,26.64131,30.082275,29.151295,33.401424,51.200317,67.82042,23.983995,42.723495,48.58002,64.305374,16.72874,18.66347,35.754105,79.403885,58.65671,23.633654,37.24259,33.6342,26.30256,49.748466,39.83233,7.911106,21.339231,33.703453,54.059692,72.39866,43.80497
34.192986,39.277035,55.88614,45.78142,39.323883,45.969147,48.533165,76.36959,-14.714108,42.820423,52.49913,37.796555,39.10126,21.110443,77.55442,39.30691,7.2434196,33.01822,51.47145,9.788649,29.74305,31.096802,82.93264,55.64675,31.260937,30.783585,38.1079,27.945871,32.358723,34.703365,15.211332,27.13399,45.995045,54.80407,60.610268,68.18746
29.382313,31.412947,59.08382,36.683964,44.831276,35.381065,47.320515,69.40338,14.739982,10.158983,23.271347,42.64216,48.493725,43.799362,51.50751,26.505167,-0.7018423,29.358633,67.36569,40.636852,8.844238,47.55488,76.575584,73.719,27.45343,31.559425,41.188194,26.491348,36.795708,39.979122,20.760176,36.81743,46.08706,56.35332,56.04145,50.524975
33.482307,32.263416,24.04956,34.930733,41.981457,38.612904,54.418957,81.50275,44.56413,25.592747,36.155365,62.25298,53.165543,66.45181,56.794243,34.424862,22.20684,27.210062,94.890236,21.850279,50.771515,33.119667,71.36312,71.44942,28.152744,32.33344,30.85629,31.899483,50.261894,38.895493,10.108876,50.359173,56.982964,68.283844,42.385067,65.812485
28.909073,28.553719,43.11221,23.730593,29.49416,42.147434,50.285503,74.842415,42.106705,46.48472,47.05196,39.715927,41.985733,73.85507,70.01215,32.198536,39.387806,28.324463,92.41905,47.771946,51.584686,45.54995,94.318146,50.654896,28.602217,33.73882,24.669655,34.907547,46.01644,42.42381,1.8397231,36.92747,54.17864,56.534588,13.30261,46.96759
48.013504,40.262722,24.292799,26.894299,30.85926,36.35352,51.03289,70.31191,38.71022,49.589565,55.64244,26.81872,22.650347,65.44337,68.948105,38.080154,39.87991,44.407475,59.03283,54.510296,50.10392,53.698025,108.02916,58.914528,22.228064,22.468151,44.804634,33.568542,38.48391,30.894302,5.9325852,26.864223,39.698624,60.483913,21.91987,37.590908
37.0456,17.808147,23.11618,22.510305,28.212873,27.869953,59.401855,67.39514,42.07173,55.073975,55.659996,14.5900345,60.03124,59.719673,73.32721,38.43235,45.982124,46.05688,55.16754,37.25108,43.590694,81.485504,100.89387,62.905815,30.897926,15.031356,43.399265,60.244434,34.131443,26.932667,10.094727,26.487135,28.00777,46.528183,28.44354,36.33467
42.5729,27.021431,28.806152,34.257492,48.648632,40.49627,55.47747,59.992493,48.022995,50.04731,48.350548,64.22921,68.59485,73.76755,57.010933,39.022648,40.392883,58.624695,63.30315,30.068169,64.78813,83.97232,68.11576,57.812504,22.113182,20.036156,48.36308,56.418358,34.71335,36.29871,21.77121,30.72659,49.117867,37.067955,19.496864,55.40312
28.88763,43.00383,57.470802,42.87324,41.45285,32.026028,88.277916,61.2472,61.169823,28.980982,48.645226,52.30288,73.54203,61.83914,50.288822,45.48558,45.676567,68.041794,72.3096,39.744446,61.05832,76.89578,67.972534,59.7147,23.12664,15.413569,39.03805,36.74725,29.517445,24.842072,36.749374,27.720596,49.728577,37.064102,31.434418,70.70839
17.582962,30.134706,46.19523,48.226353,55.246536,43.487152,114.08179,14.433037,72.67417,60.729153,59.99958,61.792862,77.54486,82.454094,82.072365,50.10538,34.339302,87.61871,70.94841,-2.1345406,64.524185,82.81674,73.42628,64.85357,21.162296,27.106487,57.56659,18.233242,45.568474,1.6120319,40.90919,32.22801,48.606487,43.102474,46.77773,59.640717
25.004503,41.608135,22.605055,36.70356,36.795517,70.87114,65.32408,58.051407,66.57846,78.58387,82.37524,83.10604,106.2567,69.01205,77.838135,48.936546,29.553246,93.04236,45.65376,13.40934,72.21942,79.51963,111.89191,56.099472,31.58348,23.971844,70.24994,30.707514,63.522438,13.934095,33.17737,35.82642,46.593605,47.51378,35.35249,62.4863
33.16628,52.202534,53.818222,38.533504,16.927113,75.309746,73.44807,77.22453,70.19385,87.566185,75.13907,79.65481,86.85689,87.94533,65.59553,43.882687,64.23259,85.76362,44.19918,43.984806,36.784794,103.43976,111.97136,40.41638,30.095757,42.912918,74.71296,38.677464,59.175274,28.751236,32.940704,65.50239,88.786606,34.56347,23.442495,70.91508
45.946598,55.728687,32.513638,47.534737,32.845085,76.51496,80.05009,91.338425,89.78001,87.845764,80.911194,67.432106,65.393135,108.10073,51.87088,51.567387,74.98956,76.833496,11.977779,2.4718437,75.49428,98.27924,100.57293,40.390156,17.530136,74.76384,66.42084,43.102093,50.29473,37.046284,28.390148,72.06331,114.75277,26.904232,23.931993,43.922245
43.848103,33.257725,53.269585,42.923008,33.256943,61.382816,83.67768,101.40216,69.09095,75.59332,90.472145,62.028748,96.63101,74.438675,62.67229,58.313133,55.818745,77.29364,-5.892933,19.996908,78.470085,27.540863,93.009796,42.38447,14.501061,78.29689,80.404076,49.355846,49.64855,30.662346,57.293137,82.5849,114.54961,25.082478,40.17128,52.71604
45.962364,49.29795,48.959637,31.875626,42.76683,54.981625,101.75299,96.19761,85.83437,85.25784,85.950294,39.321594,50.976303,52.62431,65.589226,68.243034,36.99807,70.85495,17.455383,38.458946,75.84643,114.42969,68.67571,57.30071,21.910702,96.825745,68.36876,68.77839,60.909485,35.620113,74.50709,91.43676,95.942566,18.088087,40.058605,47.843258
57.02895,77.35948,24.23772,36.19628,38.98061,70.69157,107.57691,129.48575,73.92922,91.30923,75.23794,42.965206,81.393326,86.76369,96.28024,56.570747,23.024117,54.34568,48.81396,47.516445,72.883354,86.19305,40.027546,54.746,19.600246,100.14934,50.80022,60.358215,75.69452,37.703712,74.89145,97.845894,114.93393,16.741266,63.201233,40.675953
57.27265,79.14179,50.046635,32.201927,39.990334,64.035934,99.87458,139.51515,42.462646,92.10339,69.16059,55.33268,51.21368,78.184746,66.717094,42.377316,22.135208,55.32267,48.445354,58.03637,76.53008,69.358696,42.11292,46.823296,29.084549,65.479355,38.604015,66.63392,72.34953,34.417786,46.441204,76.4045,51.325974,47.147682,56.8455,41.315918
44.14079,75.45525,52.19173,60.233704,30.761066,68.17104,95.916275,113.21714,42.96498,28.266142,69.64539,54.11909,67.34708,73.40681,79.03802,31.604074,12.047066,47.12022,59.17261,65.495636,64.26464,57.468838,19.913292,45.014877,26.368515,61.56336,34.339256,69.4727,61.75257,25.995584,58.69398,59.224594,55.04895,50.831535,61.655396,37.894535
37.725937,67.77714,53.247528,40.312084,25.506397,65.62368,58.2474,112.8181,54.24839,29.93509,53.41835,50.781643,58.709892,69.956505,101.972755,20.937897,28.754232,46.287918,55.32439,35.551197,64.660225,58.225937,12.727221,51.392345,26.223278,71.39351,2.7230225,47.800507,62.892387,22.882118,41.4543,40.781723,26.534014,56.04079,57.00346,42.55713
40.541603,58.706825,58.788326,47.702347,44.011814,57.942383,46.857384,95.38132,40.765476,53.677143,43.867496,53.348385,57.24444,77.65087,76.615166,35.70063,36.608547,48.92473,62.54744,43.458294,54.494926,1.0263634,23.804207,54.624184,25.919275,52.547726,31.685642,24.383354,39.83795,36.841732,41.568844,28.62689,21.713203,65.95582,60.472225,39.665787
63.38269,87.903854,57.068184,36.623547,40.690403,27.34357,35.704655,97.47287,60.323235,42.05408,45.271805,27.943413,61.03237,73.56457,73.37694,27.932468,49.135883,76.07171,50.983547,65.84622,46.36969,25.793598,29.59753,51.04348,28.298431,37.87352,25.533804,30.259209,32.645714,40.853592,54.84581,28.646566,-0.44663048,41.663345,58.875008,47.55044
47.02369,51.14847,64.79238,49.36407,35.335052,28.547913,36.398636,72.26461,74.40205,65.11563,63.558956,30.622425,33.07483,35.109108,56.444416,34.007233,69.648834,73.00783,24.985386,80.143616,58.479416,59.021156,61.42951,49.81548,29.849756,14.20567,37.533207,2.8691502,27.744656,34.446587,43.47599,111.460434,17.901508,34.75839,54.347675,57.527122
25.547798,44.120773,49.638294,43.66192,44.87173,51.32066,52.831375,62.21423,54.800217,83.399765,86.76441,26.2778,48.766922,48.62324,72.71563,45.63282,42.05928,68.73766,46.02311,47.44485,75.05576,69.10144,55.64534,61.5119,33.37314,9.389997,53.68627,3.3273141,28.604874,29.163158,56.640152,69.28889,17.66766,29.60109,49.842617,92.92352
29.023703,49.292282,46.743908,43.18067,48.290443,70.229164,76.31478,61.22831,49.86698,67.52963,67.8207,51.488716,58.282673,78.69332,40.100403,46.97921,34.913265,77.13405,45.42312,26.007986,68.578636,72.692,48.8253,44.1285,34.85869,11.073572,47.770184,19.088264,36.926273,21.564785,-4.987171,25.11643,11.127286,26.405476,59.70991,103.13827
29.98803,59.573677,47.055233,40.38759,38.917053,62.308838,70.674904,56.85432,53.793415,47.13463,52.966095,46.288773,64.80828,74.48153,44.457928,43.322105,39.919247,70.10271,61.4244,34.537663,68.51357,6.071884,42.3956,33.979023,32.257465,8.474399,16.904793,29.074223,32.925507,26.657251,-3.8158417,16.041317,19.067766,33.97968,71.66989,79.30646
30.090223,69.80472,43.762264,41.61419,40.21013,31.777672,54.2963,44.995827,41.801147,64.81874,48.05186,47.397346,49.741238,56.860565,40.427258,41.787537,39.97259,58.76641,29.087845,49.491722,62.557182,31.97005,29.27908,22.9697,32.15199,1.3821259,14.528207,32.991035,24.287971,22.920254,10.685408,14.011323,15.076268,22.678432,63.59425,45.76411
29.051668,42.417213,44.713608,36.357746,21.116825,39.688835,3.1301003,58.92662,43.811203,47.536182,68.161316,37.33244,74.91368,39.13525,48.32345,43.85352,45.697956,44.70178,8.144245,58.527405,58.723625,22.81772,32.092983,28.564165,31.22787,19.290222,8.457946,30.782331,20.00296,28.127644,3.6801424,15.550222,-0.19468975,18.253489,64.79051,33.0366
26.853989,12.021446,61.019638,41.878357,22.908403,48.691875,22.765255,58.57539,51.107994,52.21353,50.552242,32.157566,42.893185,44.677055,52.831715,42.790302,50.71584,64.789955,12.150179,64.43578,60.84522,51.01075,47.155685,23.851068,33.333206,9.581203,16.35309,41.053764,9.854288,17.102774,12.911968,11.381844,21.037102,43.0026,62.360367,36.62135
5.2350597,8.219774,95.39483,22.991087,26.35869,61.779762,15.007582,62.51731,47.44474,55.65471,62.617844,8.494328,65.68924,54.182182,49.489033,34.27144,58.894283,69.01322,22.81924,94.68834,66.721664,83.66425,69.51863,15.107952,31.276608,-12.870328,34.14396,33.633354,20.310654,8.206179,44.120728,19.652134,28.656614,29.293594,55.44709,33.375526
18.239075,44.069157,113.977295,29.997637,44.159634,61.41562,50.904167,38.677933,68.88034,69.93682,84.897415,49.4384,67.576195,62.10974,60.49135,38.19971,47.92561,90.399826,19.042702,86.3908,72.22781,112.68671,86.67989,21.168594,33.83066,12.869233,22.7603,20.87556,30.695724,9.204998,31.413525,13.625458,43.094467,28.813871,70.498955,25.588535
42.120407,58.449123,67.727165,60.92769,80.35718,56.44968,68.886566,43.12403,97.277145,88.239365,78.86969,36.31847,58.564903,72.07987,57.030167,59.961506,67.28786,100.64811,9.817314,124.06888,64.68888,108.13913,81.99025,7.546232,46.231785,14.717821,18.791836,19.873718,39.435764,14.589583,48.868107,-15.146561,48.34727,19.455378,77.798874,26.963345
49.384724,38.404903,38.917213,38.333996,72.07449,73.501175,59.841232,36.410774,57.65866,106.41742,88.32736,53.689213,43.317913,84.61575,53.559414,69.39493,84.30469,76.69084,19.250896,94.31234,90.1016,94.757675,96.34293,17.1268,33.599987,25.916616,-0.031207085,6.516905,34.668945,31.00138,61.974247,6.2556753,57.147045,30.615501,99.81736,42.27332
67.10547,71.41501,48.12303,36.635757,50.545727,60.087433,57.001083,45.151573,74.73124,83.88826,98.45871,54.498684,39.64041,93.72876,56.189697,51.41567,58.972744,94.93728,28.176176,76.998215,83.9428,45.643547,69.316956,34.68825,25.872234,20.996105,41.35206,17.288137,49.347836,20.471739,74.502,15.38829,77.123,43.554695,112.37613,47.76454
73.80803,37.896774,46.003853,44.09722,50.761913,41.97471,57.346497,69.27118,61.47528,85.684715,90.440186,21.59916,91.43471,43.97397,66.387825,49.55943,38.34335,79.2061,31.52902,65.21574,62.34579,46.452587,71.29081,38.287518,25.320715,37.479435,28.246193,3.8646069,35.550606,17.834524,38.012817,9.030209,67.39218,36.250546,92.929794,73.66298
48.717937,32.30105,36.60969,49.376175,53.09695,26.292034,81.55188,82.17771,74.14456,75.16773,74.290665,26.06648,75.33104,74.30927,70.39374,58.197994,40.879463,94.361916,20.846598,55.540665,82.83452,66.46217,73.59361,55.44858,19.228296,57.357346,27.025244,23.132391,30.611015,21.594477,22.020515,15.042991,56.526333,38.662117,79.18599,66.17064
47.062294,27.615509,31.183817,31.62199,43.031246,63.08126,74.1528,68.05127,76.19058,76.16494,75.925354,45.39114,66.88027,52.175644,76.18693,64.031235,41.93438,86.2483,59.248123,31.9366,77.31592,72.40046,75.92097,62.52946,17.034454,45.83211,34.172504,28.961184,21.41588,26.932362,14.787884,19.04105,35.739067,34.136765,82.42811,51.045242
60.61155,36.348473,102.024414,61.38131,33.539436,58.149044,71.73563,40.626534,66.48313,81.112175,78.943214,33.231094,57.443604,76.66753,60.85462,63.93015,28.199083,86.52798,62.987846,49.92721,64.35272,72.49754,97.103806,50.470406,22.222855,47.955376,56.796047,26.178158,27.201914,-47.666134,22.638573,21.663992,38.83968,49.64538,76.97332,47.962173
61.412014,57.096035,64.88095,88.837654,66.15149,37.603653,76.763214,66.02179,34.170258,74.60438,40.464424,59.440056,57.455166,60.640163,56.180233,55.388313,58.738625,82.76454,86.67023,72.80725,73.02455,103.46264,80.69732,29.63043,21.098995,41.047596,60.02917,42.243607,44.374073,9.065382,25.20259,27.671701,39.57687,53.68966,72.26487,48.61804
53.427406,50.060555,38.61588,62.775608,62.40057,56.656494,93.382706,66.50227,49.000816,65.08893,59.113148,61.03605,76.997284,97.94116,68.57133,33.801407,60.81345,64.64195,87.13835,75.63663,51.959095,81.46883,90.90445,32.772713,25.36937,42.929737,58.124485,37.011288,38.186546,15.62434,20.609953,34.0529,31.219511,72.46067,56.870075,46.423172
43.498352,53.017273,50.574062,36.645218,53.852673,27.39122,78.79791,70.07603,68.63197,63.611237,66.51375,66.558105,89.73725,80.006516,65.19127,35.426414,49.461548,94.346886,83.8718,77.78311,84.35863,91.95004,78.713135,36.539757,15.904382,-20.673313,68.69684,46.093037,38.23841,18.777546,31.182644,33.77201,25.803349,79.24014,54.088535,55.369507
54.023365,60.525543,60.869434,49.90559,37.110725,66.2218,40.266026,41.708218,78.8799,80.93083,70.321915,88.681175,87.90048,89.69482,67.85166,41.948257,73.90916,107.68371,82.684425,100.79241,113.72275,77.339645,81.83436,32.400402,23.773628,-9.475267,61.53409,33.447906,41.45037,-6.291664,19.24664,43.377594,12.10905,69.16607,52.763786,50.544025
53.188118,47.991974,49.600605,48.334347,35.534233,67.00154,64.62762,39.034157,75.3015,99.444954,86.14612,79.248344,65.0182,87.611404,50.324852,65.44312,79.583305,119.39011,80.09245,76.23472,86.61075,66.72182,90.925125,29.171007,23.797045,11.38851,57.506798,25.184233,31.10971,-3.815345,22.07507,51.933178,18.742863,60.043022,21.140228,54.94296
50.96437,30.195532,44.92774,39.94487,34.270885,70.68104,36.183006,34.89581,68.092545,84.69315,78.103546,47.647728,60.117294,87.762505,27.636425,57.417927,74.22259,102.69376,73.14542,60.004414,67.59051,57.953903,77.14819,15.385387,33.44604,-11.038189,52.51156,24.388962,24.761806,29.844772,20.915028,34.92337,23.66557,46.39044,20.330832,45.938263
43.64952,55.605732,73.6742,37.090694,40.303574,61.365215,29.259644,51.559784,66.58591,75.31924,64.630875,66.6867,61.058014,65.72741,21.52647,41.273968,79.63871,78.53215,55.90367,44.37428,64.0966,51.124348,60.024597,16.633383,33.740566,10.894084,49.816406,16.03712,10.901829,25.30891,12.017598,44.543903,34.749264,45.740112,38.54695,61.018295
35.578182,44.095657,73.00864,85.61707,84.99271,66.10017,90.52359,59.449368,51.483868,78.37483,61.584167,59.408096,72.586555,74.625175,36.776474,57.707085,60.85129,59.386597,63.867474,58.215485,65.04286,65.22157,46.68541,21.684914,36.369053,15.641245,-22.53923,19.894598,10.402484,20.37336,15.853865,31.071459,42.460014,47.662945,55.67739,45.708443
32.783638,49.04762,76.41164,89.871376,66.890884,70.0452,59.4228,62.34458,41.691242,58.534798,62.415234,53.617,66.29279,57.299076,63.83076,60.05665,50.444805,61.431465,53.503273,47.436577,77.03032,51.4636,54.154755,22.562061,38.77145,20.036327,18.180786,31.916428,12.750745,-0.13754654,-9.413488,27.087385,26.679317,45.33717,73.68616,48.024902
38.594315,42.625443,66.159615,61.007675,63.17238,58.808254,41.55333,64.68253,41.704323,36.229477,69.14479,47.718204,50.61628,62.85766,48.442524,58.962017,51.15753,52.892387,41.136406,64.4859,59.86214,57.496807,91.80072,4.231138,28.389446,5.4576426,25.414913,39.936287,26.391253,-8.755766,6.117391,16.580967,36.82096,47.200916,73.36868,51.642067
49.18257,4.218668,32.912735,61.62384,70.02437,41.30718,38.914536,65.73583,52.542664,62.737034,48.07232,46.699528,60.540356,68.61553,46.750496,45.21323,55.306984,50.53249,61.56144,72.050186,62.627323,55.00369,108.59505,-6.3526998,25.141565,15.460579,14.268136,32.191673,22.822126,16.063948,34.663387,30.651917,18.840378,49.52902,72.05528,63.560383
15.996531,24.593306,36.771442,41.35382,43.564278,37.021725,28.663277,66.53602,64.64295,68.92114,56.92612,50.442165,50.60797,59.355286,68.52719,48.945915,48.622284,47.28455,69.36044,78.500114,62.585148,77.455154,92.84532,21.504107,32.828163,9.656942,21.006031,25.532576,30.52391,15.67337,50.177425,28.363745,47.226357,60.182644,66.96319,54.15924
7.902523,37.69851,32.9603,42.323498,26.058413,50.373615,38.83248,55.379997,59.25535,79.584366,60.458,82.55718,80.89586,67.80456,77.42448,51.951042,62.98767,67.82466,58.889084,165.36325,75.501625,102.27022,83.14932,30.794334,25.099918,17.604675,22.712803,8.804079,-21.939663,23.113707,37.01471,13.842497,39.94652,49.878357,61.514256,40.06769
22.186728,68.04487,56.101013,42.362938,37.324368,66.85429,75.99144,53.570778,70.92426,106.64642,73.60048,78.50934,71.59311,97.79646,62.661583,54.159863,60.24672,50.89725,67.65575,127.74273,95.77678,102.23804,72.473,40.822693,20.80405,14.721886,15.10101,6.6834745,26.40604,9.466442,42.57091,3.3694463,50.783314,43.483345,54.54711,18.892914
15.624727,41.271523,47.98246,30.100592,41.912144,86.64547,66.62997,18.360588,46.46678,94.847084,70.12307,-9.195332,48.383217,103.85861,78.08244,58.312023,19.078976,51.491325,53.178177,93.14653,93.36248,89.64715,65.916756,32.62167,33.825768,6.335821,11.841318,6.201249,34.122787,18.627182,2.9909592,18.905453,40.859608,38.54263,62.66427,33.473568
35.71615,50.752842,44.93879,24.037752,35.477146,87.72514,67.6716,12.616054,60.176636,80.15467,78.39258,57.3248,61.952267,73.767456,88.02821,33.99113,19.925522,61.724247,49.313637,85.502396,37.789135,69.31017,65.4278,32.17379,20.72341,26.92094,13.8269,9.550859,43.767647,24.238764,-16.061222,16.084389,63.346855,47.341213,66.74344,27.905708
31.54937,67.29367,50.004025,16.222954,29.877653,62.324955,68.32251,95.37764,70.079414,79.062004,84.42842,36.881126,77.25359,72.496346,97.62171,35.71304,48.451656,41.30574,62.697884,83.73545,72.85564,71.52106,90.25755,37.368988,31.473986,27.991169,-10.041718,23.609058,-9.524357,14.692712,-1.488174,24.958342,49.990177,47.818855,74.72308,10.616535
21.472239,59.865856,67.56718,21.473207,29.731407,69.33398,69.30817,82.02095,11.482986,73.6783,68.33936,54.706024,77.07871,71.29764,68.2324,39.74744,52.781136,58.36978,64.48875,81.20208,70.1023,74.387985,74.601295,33.72103,22.47027,26.862223,1.9308662,19.876926,19.544493,30.74451,15.986269,26.600245,54.68716,42.026634,71.71357,22.205307
35.24018,69.490265,86.85316,31.791397,47.98423,68.80228,78.694305,100.61235,61.541992,52.671806,56.22524,63.595013,77.18484,76.280304,72.909546,34.395515,48.459747,67.86989,76.062164,42.0965,48.314545,80.875824,76.04236,47.936657,28.882563,13.405079,-47.810402,22.253399,35.46337,24.104446,40.71238,2.7711391,42.575283,46.850067,67.73505,30.74697
61.020218,70.788635,107.47748,61.39025,60.869568,57.63178,76.7053,76.69603,67.8939,71.63191,65.510956,48.341225,71.6713,54.910263,69.93636,51.070625,57.6414,80.82511,47.128677,56.80313,68.546005,120.01851,114.20115,38.583717,40.803856,27.186714,13.305465,16.722849,51.71014,21.55897,36.832,8.592971,46.9119,59.804787,87.19084,1.3034439
59.096333,84.575294,47.659607,60.015957,65.61102,66.38972,47.033512,71.11409,87.66114,76.28935,72.30771,59.50004,78.27643,71.45608,72.97558,55.548668,45.977547,69.0325,66.03742,69.333466,75.43111,108.633255,76.16591,32.633133,58.6232,10.650717,31.593542,0.123631954,-5.737301,42.112038,49.043053,13.626409,26.152294,96.41836,67.003944,35.004356
63.6297,69.746925,54.972107,49.959534,47.88302,25.000175,63.07335,42.298195,89.543205,86.80528,80.08253,87.60864,64.42182,70.59634,74.1504,52.6752,75.28494,90.86688,55.576984,71.93725,84.57529,109.67247,64.543564,39.51938,53.97019,30.611246,53.827587,12.06706,10.176503,43.210823,50.16668,10.958714,28.079008,77.04011,78.09101,35.518593
54.88257,61.919167,65.00942,49.9902,36.835323,43.926804,70.466934,51.816273,61.703587,95.437805,79.64382,68.45564,53.62369,106.003204,102.5858,90.29764,83.31299,88.49731,65.86336,61.816345,77.605995,109.05976,68.396225,49.208065,44.512108,52.95571,53.46421,13.319913,19.550283,34.0378,58.53019,11.342817,27.191988,68.74538,79.38013,35.855385
66.04581,64.88927,66.281334,40.427692,65.46268,55.459187,55.46477,43.33111,50.629482,78.23284,66.0049,36.347023,56.756325,91.25895,82.55425,79.832596,72.28393,128.64069,34.401535,56.11022,56.768314,112.53766,85.127655,44.42553,49.24861,48.67056,53.887875,19.404522,26.0313,56.81997,42.160885,13.03537,5.202009,56.95327,94.29746,36.365795
73.43436,69.4181,65.94933,44.495205,65.534065,76.46226,77.031784,87.00356,53.644756,67.02027,56.00045,86.55972,41.68742,85.43571,72.4284,72.24893,64.5023,123.24664,59.355896,61.93038,47.623493,103.88913,70.60582,38.837566,60.749977,13.524187,14.749783,14.421721,28.836012,56.250973,62.616688,23.049372,18.84605,42.189095,124.513985,42.703148
57.919884,79.42685,58.745544,44.859882,72.64296,52.106647,62.56886,62.44294,72.61381,66.67939,52.772545,68.68515,72.16055,121.94414,80.847275,53.517567,69.276024,107.46447,56.1822,46.190536,58.149517,142.063,87.09172,48.182213,47.88611,0.4508915,18.245827,7.6897993,41.31611,38.49298,66.24651,28.137865,-7.4939795,50.54643,117.44975,63.550064
52.809456,69.43776,49.199966,80.686935,66.35742,75.78028,78.74385,66.12746,107.75339,76.19231,63.94484,97.498695,125.086914,108.35776,69.34818,56.985146,91.11008,120.36787,95.29443,77.59526,93.557625,114.344215,68.391075,55.192265,43.19077,0.9631756,33.094757,-3.1217556,65.89314,54.32967,70.08494,24.729254,27.85989,74.353035,97.71433,72.3829
58.82212,61.393566,73.35329,48.303528,47.155895,97.66087,92.45867,80.95232,109.672325,77.41873,104.32533,130.12305,166.48932,110.15026,73.954414,65.344574,103.778336,142.16031,99.76421,106.18356,111.49249,115.43045,62.91884,55.766544,42.30451,4.779661,36.84529,17.42841,59.46936,43.114563,9.699547,19.777166,25.684113,74.114494,98.223976,99.31055
69.585526,56.029312,107.286446,56.747887,41.448326,62.071125,74.54633,92.79768,120.01712,117.371284,122.77637,104.34429,126.511665,125.12767,90.41932,79.38936,77.173256,148.42456,117.79015,105.88392,127.81391,131.55952,65.83339,67.2074,42.551605,2.2429504,40.82485,23.999535,41.835934,71.987724,1.6671371,22.5472,19.204433,69.51146,95.15906,78.52136
25.234394,86.01114,95.50968,78.246025,65.51819,76.62754,67.83021,83.65001,101.189415,122.40251,116.393456,130.70444,103.880005,112.35649,89.77783,76.413155,73.68897,147.37082,105.451065,120.68364,120.65807,125.35765,57.53356,63.455177,55.558815,11.571707,48.177036,35.31977,44.37768,56.20025,19.48521,28.811209,33.47,71.286705,107.50989,66.864365
38.769493,75.110435,101.71425,82.067085,58.70962,71.33835,88.50794,96.645294,63.195915,128.88097,103.32228,108.3123,94.650696,138.64536,107.72675,85.88738,72.22042,133.74594,78.29602,111.54039,117.10852,112.76692,67.1478,83.34611,60.717987,14.2092905,26.245691,26.933168,11.745365,73.55059,11.749155,30.245808,32.792625,85.52421,107.40489,61.873486
49.90448,39.154163,84.34578,75.76042,73.64366,88.610756,79.53631,91.70304,78.08607,98.20747,87.290375,81.57127,103.76971,112.3673,103.05937,95.23749,78.38473,138.08308,78.41546,103.0413,95.13417,96.50603,57.519676,100.58218,66.45863,19.60279,33.977394,23.066366,6.0122566,67.52914,0.20066166,33.63161,29.439793,78.95322,115.99666,73.98728
66.23014,63.467674,91.68296,68.61038,108.956116,75.926796,73.421585,82.276924,83.48432,108.21874,85.652885,92.1808,104.36332,105.23418,90.205605,87.35245,86.184944,162.89145,77.60703,93.97749,94.37163,59.246403,78.6451,96.01879,57.62292,20.659513,35.516697,27.925968,9.834711,87.31218,4.489705,15.230423,22.181557,75.35129,106.945526,64.00387
86.43056,62.560814,92.31543,66.67534,82.18917,98.85216,68.28832,21.648209,78.082344,101.76142,103.41423,87.82556,78.71019,94.64994,92.80624,78.1458,69.70289,148.98315,106.92683,83.22999,100.461296,75.57379,85.55767,96.71687,60.052433,30.394934,37.892944,35.832428,23.274685,69.08767,53.175293,18.850395,9.434436,61.244495,95.384796,80.18585
76.609695,82.41698,90.85107,58.12118,94.09638,82.84161,57.83049,30.76703,73.34439,82.60901,89.86061,75.48187,54.662064,95.07426,89.80174,81.887245,74.46537,118.06687,71.544975,76.34039,81.091095,79.43582,79.84599,90.212265,64.781715,29.853313,35.035664,28.75792,31.818075,76.211784,49.957108,14.024404,0.87931824,44.52034,106.41353,80.83195
85.33818,83.847916,83.24926,92.17979,62.859337,91.374916,40.502228,36.258316,76.948715,84.84301,83.69459,61.04841,60.733753,79.9548,100.68116,57.752075,108.017456,134.18585,61.5288,68.02648,75.43345,84.287544,69.23705,71.62998,72.24399,26.09466,39.266205,34.036846,44.164875,34.946148,61.38588,26.17744,29.571804,56.00187,106.15592,98.105804
94.90012,77.086525,76.555885,94.69887,91.19316,73.38719,29.446896,14.837587,83.943924,73.43717,76.8482,62.93705,71.58358,96.3666,86.42038,81.845894,92.731186,128.90483,47.990486,74.71626,78.55435,79.90323,66.329445,54.492504,63.44832,26.047138,82.5712,25.206835,40.096348,43.06467,70.987976,33.705433,34.92414,57.478867,98.59985,89.24382
66.35696,87.25918,79.45029,122.475174,89.4376,58.900833,46.572014,97.921005,79.694,84.76094,75.02286,76.697784,88.16985,59.50169,31.471882,78.79858,76.83932,120.11683,36.214165,75.61375,93.53173,27.759205,62.747498,33.65756,61.39796,30.106941,83.69187,33.434536,46.483173,47.217167,57.929874,32.2567,24.783861,39.928467,93.49184,102.925316
67.69875,71.69052,89.25207,93.155106,82.80386,53.7811,30.078316,94.14128,87.829666,84.987495,89.61557,37.54608,62.808426,78.88996,41.992733,73.371605,72.01528,136.7375,53.90892,87.94302,72.78351,38.447456,54.14083,10.346544,65.28342,20.736088,81.25651,55.77284,47.497635,51.595135,60.787235,33.583458,37.65295,32.992535,79.853584,115.195335
69.74843,69.37077,77.96603,105.31866,55.791534,27.29473,5.755184,66.34454,83.99003,95.48215,91.72205,7.272585,66.55695,63.78998,54.56401,71.23608,91.13203,116.70317,48.67497,82.90075,61.534847,59.96951,66.04973,7.280146,77.96948,29.800306,53.8026,45.3223,53.97831,51.800987,46.69304,35.091335,16.523088,30.616312,91.11686,135.33408
50.28351,59.947838,75.68451,71.99963,61.41336,32.15582,17.0666,54.448288,75.06283,78.41683,81.802956,11.775219,61.76123,62.42582,58.636505,79.12868,98.488495,108.703415,40.2242,68.65497,83.61709,81.39935,81.40105,-36.048756,63.76221,30.399612,43.506073,22.347685,46.76493,53.250595,39.254333,47.26842,44.05474,34.450565,87.099075,143.47676
16.952772,44.27278,87.55829,67.97742,63.656044,47.27842,92.90417,37.025944,68.195656,76.91464,99.047104,41.618942,54.9173,75.77703,57.02639,85.97349,81.736534,20.864632,18.779373,64.81771,51.323795,89.074646,86.27606,18.667479,57.309895,31.59516,28.298403,31.627766,47.962357,61.770027,50.148125,22.585754,11.65377,30.365402,59.37186,129.44576
19.55933,48.429035,90.21022,93.51477,106.74689,75.70215,63.24299,42.694214,83.90872,81.7252,55.97806,76.0042,60.727974,74.90299,71.40655,80.951,42.444542,46.859997,31.044704,80.35301,62.278107,86.40809,78.61587,29.430416,55.15585,25.81314,53.506226,35.245193,62.128742,67.24469,81.14539,39.52041,30.028175,41.080418,50.944054,116.530846
44.02738,53.91084,93.02535,104.135254,79.40704,76.85962,72.090904,56.738186,85.133224,84.27077,67.2229,65.92577,96.409836,84.224724,80.75271,71.37058,62.934536,57.026604,58.951767,91.02225,82.12625,74.19925,73.72114,42.23075,46.74415,58.75438,56.4453,32.453316,63.978317,61.26626,83.333534,36.47247,23.318756,22.149422,55.07745,92.45171
40.470203,42.62615,113.09114,76.93372,71.46475,68.77047,66.4508,77.77484,63.81624,97.76171,75.5798,62.426292,93.43556,77.71079,45.050175,80.021385,78.810104,79.1576,41.650047,98.71875,86.47343,86.98764,75.05363,57.65542,58.192745,47.450535,63.571472,54.825962,73.784096,66.60931,69.419876,35.896774,24.396646,38.76903,49.8897,76.50379
49.198074,53.46183,76.25512,100.14748,73.045105,82.21112,61.08319,75.96483,76.16027,81.13921,81.299866,55.494728,68.18566,83.37127,50.301964,63.23961,70.90692,99.29944,59.074574,84.846634,85.44484,68.052826,78.428444,79.3604,62.31987,18.454794,60.806137,51.612186,82.83544,66.18234,51.730026,40.466583,12.1758795,70.707924,48.06205,69.28236
62.4809,61.696087,40.992603,117.61311,76.921776,60.86232,61.76719,53.610794,85.54335,95.375305,76.051346,69.169426,64.596306,76.21252,55.356434,53.611984,82.647415,101.70717,68.246826,72.92815,80.67582,35.57978,70.21573,74.97866,56.222313,16.073383,66.34571,41.714214,72.44176,68.66816,54.18342,43.47277,7.171769,62.99166,53.188953,63.992996
40.56234,62.097725,33.580376,67.00808,69.263176,57.65854,32.93152,53.688572,72.59248,87.69204,87.29729,59.832092,37.443993,55.35958,57.354206,67.51237,67.679054,71.2866,43.113167,53.138355,88.021576,41.363937,64.08437,75.09191,53.520218,28.582283,60.502365,43.252525,62.397156,64.421486,57.098404,49.957603,23.130304,58.323685,65.438,68.79206
52.501137,57.54129,61.18819,41.928043,56.707092,58.24836,48.56936,68.739426,48.215908,64.154854,83.12079,55.094616,34.558678,67.3579,65.63371,67.41457,41.877625,74.87999,43.33091,49.96121,66.31435,73.15052,60.856422,66.24022,48.611656,45.23235,63.998188,43.38186,57.78391,61.756405,68.87929,48.183857,30.2448,62.2854,68.89333,92.1225
47.490578,53.7741,99.40949,31.040789,75.65534,49.31196,57.134415,65.41521,54.572285,50.959026,66.17078,76.01194,71.97799,76.97119,50.88378,47.08683,60.19903,66.56412,45.322502,27.564785,52.282864,77.77851,67.59412,54.769997,40.5654,36.60155,54.661034,23.188143,52.22855,53.455254,73.52939,46.08247,15.965609,71.117935,60.26692,93.35146
25.066763,71.39705,85.76018,79.07413,66.27529,46.111973,65.471344,42.95358,39.762756,65.64927,76.038895,76.49396,58.856815,81.314896,68.510544,66.83226,52.328888,92.672485,29.7028,27.983246,73.71556,78.95152,64.17239,96.03972,59.244785,23.458855,84.109146,49.669407,60.54306,52.11055,60.241165,42.623005,5.237108,45.79587,72.5172,72.39991
39.610878,58.285995,87.918106,69.225784,34.48539,52.39635,66.10321,53.10568,47.589966,58.941475,55.45873,77.58301,24.509485,98.78894,66.91384,56.32693,59.6916,98.81349,36.941498,32.341442,39.161785,89.37423,60.803066,89.67802,46.711353,36.221523,74.863846,45.790726,70.314735,67.52308,83.05333,42.81101,23.761345,37.15635,71.92342,58.31985
49.700024,62.3018,73.71138,34.522667,30.081366,62.978592,49.134483,49.93136,65.867294,48.905266,50.261864,48.27333,51.663628,67.31855,76.14418,45.601234,59.22723,61.50462,30.305868,-1.3881645,32.12544,83.713806,65.87869,87.1525,50.919674,46.889957,67.97633,56.555016,77.17887,78.16947,93.83622,48.438324,8.009871,43.725307,63.504482,54.83145
52.956375,73.21813,83.26613,51.273544,52.376724,72.07164,49.823498,41.424244,59.241795,73.30344,60.88748,68.57231,52.21628,70.99397,60.663353,61.71051,55.189163,68.770065,60.491814,30.744207,37.399487,85.111084,56.598454,82.50968,66.845535,27.181732,49.39839,67.20377,78.714935,80.02155,105.17414,39.65856,11.513527,33.024715,72.94969,52.18381
59.265568,66.6818,84.397545,62.008198,91.85151,55.441113,102.11478,42.85036,70.12326,64.57196,48.01166,30.262924,65.31294,79.20369,78.53523,61.943035,89.825424,59.051796,23.820488,44.03052,48.575024,54.289177,56.35816,93.12662,61.094765,15.054985,41.117435,70.17082,93.729065,60.80743,99.997635,46.669106,12.827863,32.665073,82.394424,35.56461
61.942173,51.07263,32.720352,63.267593,84.205894,54.71195,94.1447,61.33763,53.39931,71.372154,59.080254,51.67293,44.300663,55.15741,66.81518,58.658527,55.623405,43.133926,6.452423,60.110912,48.41049,61.142284,78.787476,98.96688,69.863106,41.03167,45.09414,56.0921,85.66052,62.41971,96.29932,41.406235,26.702784,16.078241,102.957664,71.00206
62.80122,47.642815,54.980415,40.05056,59.347206,38.900166,57.971237,47.028946,54.273266,59.734768,47.62443,54.553314,76.872894,61.205257,86.619484,51.93618,50.492275,57.693855,21.080536,58.125305,60.404713,67.995575,71.26969,86.25865,50.140854,52.15338,44.51335,46.26167,86.80872,74.20838,136.25177,46.649517,36.468914,19.80117,106.55034,65.02081
56.591465,38.070644,68.28334,66.71684,38.99353,48.129948,65.34495,60.363724,73.691605,64.45631,48.476654,65.07394,71.639175,67.44155,68.689606,51.04299,60.8863,77.42501,46.19162,62.257328,73.01835,66.81649,78.019806,65.458626,44.710087,22.697948,45.400333,37.308064,104.55736,64.68763,138.8738,35.68416,35.140507,53.98845,89.55776,75.829865
60.67173,48.55219,41.286713,49.49464,18.090601,53.649944,78.64329,76.30839,76.17059,53.982132,72.02771,50.473488,67.780304,73.22775,59.108097,55.60068,81.87852,86.34216,86.12136,64.92963,79.943924,90.89732,75.019844,65.450356,33.307793,41.551666,59.64501,25.86641,120.389206,75.55304,120.19709,26.156708,32.36811,41.282524,82.05139,58.32009
56.85455,72.260864,52.682415,37.03019,49.25874,62.50574,84.608406,67.032486,66.98503,71.9187,83.11132,68.55263,86.00061,89.7496,68.89258,63.14883,57.165268,83.174324,64.96901,69.69912,80.051765,77.35533,86.02317,56.546036,49.855156,47.41734,53.347076,53.31626,109.43283,59.981514,82.491425,36.313488,45.425972,58.56843,71.24807,36.349174
50.336357,44.901756,52.99245,38.12093,44.245205,52.476307,89.74529,73.87645,67.1968,79.833084,70.110855,80.25769,86.24383,61.602367,87.09765,52.10248,75.551926,64.65611,43.842884,54.640736,84.409355,93.97236,74.145294,66.58267,58.516907,38.096024,54.240852,42.983494,83.005196,42.365856,89.02121,14.359262,44.229836,74.41165,80.232796,34.29043
71.90005,59.930473,47.817684,44.46158,53.81855,63.635307,109.03028,-8.24453,76.08441,68.203026,71.01615,75.82625,107.6834,93.342125,89.13927,40.670414,62.903,85.88464,45.100304,66.57589,90.67444,74.779976,83.01262,84.329636,71.256714,46.652588,47.95209,45.224358,71.33247,31.428102,53.689903,16.897053,43.472794,74.17129,106.33978,43.020363
66.259094,40.238808,48.583836,42.41043,41.994045,65.10885,101.29434,5.6080017,69.1888,90.47561,81.820465,72.89859,96.0444,91.3812,89.63129,55.974594,48.224617,86.429695,49.0171,62.33188,101.6375,82.308655,118.67508,68.73003,58.840416,54.57382,61.429157,37.815598,66.41345,24.610012,56.55197,13.196144,48.02578,78.21082,87.45798,42.287483
77.368835,53.077896,53.65028,34.97905,46.7982,68.15692,88.42282,11.978683,66.57046,86.51179,65.744255,76.9384,82.333626,115.807915,80.133,52.646763,115.82922,91.668976,72.25685,75.27856,97.78581,92.907104,111.64779,52.56524,51.18871,60.379784,60.90222,44.808712,59.845318,34.783157,70.92405,14.800634,49.12511,75.45207,84.971695,29.246323
67.796684,64.24603,50.760155,48.491604,67.302765,61.416622,34.52935,81.079414,64.30529,79.05811,84.41536,56.38851,90.64886,79.14674,61.93083,66.38757,91.6905,95.6618,76.63058,53.42001,89.944756,105.834015,82.08815,61.374878,52.727257,62.791985,50.303802,54.139126,49.540375,24.874062,71.75744,41.800117,29.977283,63.959053,97.90275,29.672098
67.919975,60.399864,24.089521,33.15518,63.67682,60.46912,56.79808,93.7121,84.49221,88.96101,71.13679,104.40567,63.17289,75.53855,50.56956,58.040516,100.61471,115.38026,64.02425,52.375298,86.1029,122.44594,106.66598,62.076523,35.927876,42.709316,57.749794,53.23638,66.99325,21.775372,49.929585,61.788525,26.629225,77.448166,98.183174,34.1927
76.98157,58.84301,39.540764,35.114082,51.73793,75.29002,74.58501,96.2976,79.92352,77.870964,68.7142,62.64441,68.13998,108.115776,34.31406,59.12877,88.20756,113.17091,80.99859,65.01062,70.23841,115.264885,69.32164,51.853046,46.611763,22.780966,56.56818,45.32914,39.56237,30.295013,55.323,63.100506,39.30226,86.519135,107.32248,55.67936
42.349686,56.155556,37.13339,36.671898,38.09745,56.788242,125.1048,106.62075,68.9192,80.59051,80.88809,33.560986,31.33959,59.10987,36.81817,62.985065,81.37742,128.48396,72.27737,69.062614,81.864426,110.16798,90.90894,40.50628,32.81505,55.518158,52.142025,37.168842,55.076298,47.171097,17.022303,57.299866,37.543877,94.0956,99.35761,63.372585
26.437986,76.15512,43.894703,23.483545,29.075405,50.043533,120.10959,76.61213,66.7612,102.40602,88.816086,64.73021,92.03383,64.2443,68.01764,60.255116,90.93498,111.29751,52.187225,74.39781,69.00716,108.01393,73.8973,44.220882,32.152958,68.23882,62.31987,36.34582,40.27872,38.27823,-11.3995495,43.104324,29.23591,101.55335,112.932884,61.44253
34.96284,24.917282,60.775467,33.247,38.41386,29.235943,128.26363,45.224655,73.859375,81.92667,79.29803,75.402214,95.08155,60.965336,67.64811,61.606106,69.410416,123.16246,30.29396,52.00056,85.46435,87.491104,75.26962,33.174107,37.507923,52.519943,75.172386,60.340202,13.069773,21.116257,8.873165,50.543186,27.480644,120.06424,97.200714,75.32545
30.020426,22.91864,49.40537,38.086914,47.207367,42.799915,97.935,22.94727,71.92507,88.37829,74.40933,67.90516,98.1024,63.112072,55.432205,57.121586,70.992805,107.70666,40.83663,85.4457,85.5839,100.39198,93.74669,34.629025,39.041775,39.64834,65.90692,61.151054,19.273884,14.196693,10.630935,55.235085,20.909748,105.919624,111.45186,55.681927
20.907852,47.999596,44.598423,43.874443,57.540546,57.150555,94.91517,18.760656,84.992355,89.72617,76.29015,42.660362,98.849434,63.910706,54.37676,44.332233,72.49241,98.29664,54.20337,75.28032,102.526566,134.8366,111.235214,31.531164,34.087734,2.1777878,60.58413,72.676315,23.867643,10.908623,31.834358,63.86897,-51.950333,97.637276,108.453514,93.08275
30.663322,70.84076,46.235054,63.010586,59.24147,78.40751,95.559204,45.056698,99.38608,88.020546,87.6314,92.40199,102.32197,73.783394,73.45811,57.185535,67.77493,114.91885,66.02163,104.12342,90.81961,100.64435,96.67784,28.021763,29.283018,2.135912,40.3013,66.58041,29.942284,-44.863483,63.99415,11.930428,19.230469,93.16353,106.947075,81.95707
26.795135,53.29147,31.187157,67.043045,16.552313,92.48401,91.75731,24.659237,73.95787,106.70612,98.45736,61.909897,87.21074,97.53424,54.181194,57.877567,90.33083,121.66261,101.16426,91.14987,125.62905,129.48798,114.84208,18.828728,28.85425,24.700333,39.346954,53.316776,41.556244,-19.524235,60.302383,22.604248,19.570621,83.683205,109.1814,56.150406
14.832033,46.697624,25.366724,26.991566,34.539875,96.780945,93.64338,2.0823593,68.373276,99.42227,53.39934,75.96029,95.2298,94.59068,61.47818,50.12463,80.8544,144.6669,115.24814,104.51547,85.517136,124.8564,87.8451,9.6346855,29.076504,16.325905,37.05679,30.856358,43.8839,4.2690573,10.729,39.271885,39.852848,91.55105,124.219604,16.618937
40.037926,46.470905,69.84408,7.2562447,24.388485,78.290665,102.04171,19.134405,77.05413,102.570854,71.59236,67.19902,96.1355,101.80181,59.95143,55.327446,71.70353,151.03592,120.2966,106.54182,106.03093,103.70071,89.89255,24.293537,21.424322,8.1220455,28.083567,18.949697,37.728416,-0.30084038,19.005014,23.779186,45.808075,75.97056,127.37421,20.999132
61.783447,49.422535,58.103497,23.531591,30.488144,85.79755,94.681145,29.860302,88.61775,100.93154,96.33709,58.943493,65.56223,82.760445,60.460754,74.2767,70.95401,160.81786,122.82667,111.672585,91.627426,72.44483,117.13641,15.780909,-0.17355919,27.828583,23.526808,13.582317,43.127724,-0.17909765,42.292725,26.72436,50.08413,61.18189,125.50705,39.516586
54.151817,29.63099,31.204544,30.250423,20.909182,27.700634,78.10697,34.821575,91.592125,107.443924,100.43325,29.494,65.67051,72.93233,62.925583,73.58051,69.66039,123.75676,78.99048,84.01361,84.46127,29.765476,80.779854,25.554653,15.391085,47.35158,12.727686,-71.710556,38.373753,25.604221,24.741095,25.380377,41.586117,31.147005,90.863815,75.53891
40.554688,31.31549,36.61242,40.56922,42.82881,9.324743,78.53171,27.938326,59.293266,91.47924,102.30486,18.444561,33.25879,57.43163,70.54339,57.59249,78.538925,99.493484,94.656525,62.31591,77.89347,38.904312,80.9008,13.9371395,24.895378,54.912384,13.961897,-81.418655,36.729515,26.958668,31.663044,21.875332,47.257874,55.1206,104.987854,63.48365
28.0488,21.426586,16.056137,42.158264,51.430794,14.676476,23.367874,13.584222,35.323,84.2185,96.38335,22.210226,27.470001,47.881546,66.4019,49.6769,81.97233,87.86927,61.548836,73.32669,65.41464,49.991154,92.94887,20.358036,12.47111,54.355453,44.276875,29.12468,37.91337,26.067509,33.73622,14.29052,48.423935,63.39312,77.07575,55.034035
3.4810143,11.365139,34.531475,40.34564,58.45046,19.227629,40.729927,100.41614,24.90663,63.598427,63.39845,36.08352,35.467457,44.648975,46.922195,35.35342,67.26804,85.56742,23.076012,41.64258,44.237225,41.592422,80.6441,12.87682,16.473072,57.486103,36.88237,52.7611,51.322746,14.817759,43.83605,-3.6518364,58.711525,57.247063,76.61299,49.413784
11.863182,31.772947,30.460577,67.122185,39.293037,14.168334,48.200912,61.133003,19.826645,44.319374,27.743702,7.0662403,37.151554,43.881283,36.11376,28.36621,43.55396,70.02842,50.678223,28.106712,48.1467,35.257153,80.365906,36.645573,23.667244,77.3429,3.5103073,47.59859,38.31537,12.712319,50.684048,10.418837,45.613327,37.553333,47.2182,40.183872
20.31895,33.34374,26.099087,30.077606,47.81771,14.651862,37.26647,59.137527,21.253487,43.67473,35.841434,23.682608,36.76303,45.935818,35.74293,17.609211,37.637947,65.581184,37.840317,28.89068,41.977623,30.596272,95.44617,31.724535,7.4569836,81.121605,11.88566,36.194134,40.95754,42.278275,42.300186,22.509338,32.795235,51.105644,30.73321,16.669888
36.461044,42.15817,23.37518,30.118622,35.194473,81.80409,66.0218,60.33476,25.427372,34.044956,22.386429,33.423317,40.01436,43.06341,27.597101,26.231709,34.467384,52.824047,15.486004,27.941267,40.57105,43.22152,120.5074,38.57568,15.113046,66.30933,19.296968,36.427544,44.585377,16.361748,52.93849,32.194828,59.08522,39.460632,26.170715,28.744526
40.967487,51.981167,61.237736,29.85838,38.16899,63.206333,76.82053,68.417,33.92915,41.575516,38.279922,43.663067,55.591846,46.266346,41.484043,29.3097,31.752415,59.769096,30.29588,69.13283,39.540405,58.229244,81.21818,42.07258,28.073608,59.05135,25.687798,29.269724,51.8785,26.618567,75.756805,37.582092,71.82845,29.040539,10.585955,20.964334
41.575424,41.284115,58.83711,61.789825,29.591476,56.15549,75.66867,59.406715,35.542816,46.2462,48.417587,47.374115,38.016273,51.942307,35.846752,34.606094,29.443115,38.74301,45.12024,57.796944,50.721874,68.93769,108.12027,36.21959,30.155632,49.31308,28.266182,32.35773,72.44285,36.032177,56.657253,33.70344,85.43786,27.734705,19.160984,27.903399
49.144054,47.104965,50.909245,46.66999,43.036255,66.86835,87.27843,61.809055,53.106934,57.639633,37.116135,48.28774,65.30982,52.11334,37.870537,22.13116,25.388298,72.17926,49.84279,24.477674,44.329075,85.27304,55.009148,54.349297,44.348946,66.526215,36.844376,20.451536,51.99693,26.453255,88.329895,33.37095,94.92131,25.259993,84.52687,12.108032
50.51446,47.75594,66.48619,35.59139,49.84169,77.288635,86.03722,18.638474,60.129425,56.58253,45.545208,64.34014,70.43657,49.82067,54.95959,41.76959,88.98149,72.163185,43.48748,44.66502,52.482674,72.09044,61.93892,58.940132,43.66921,-5.7350616,34.40288,22.448538,59.47373,50.61919,52.316776,28.594933,82.55636,52.153946,69.391495,17.17301
60.83638,43.50601,71.4331,44.6041,62.6336,76.246,79.84111,12.268658,66.82319,71.13913,52.871582,65.24874,76.31363,62.22496,62.99985,57.93875,51.04004,78.06301,20.026571,46.06965,59.35441,55.710495,59.979378,86.41633,55.32296,21.787094,40.373787,14.0162525,55.2989,53.904037,58.46236,7.2079544,53.2729,50.45054,92.9873,23.771358
72.72164,40.32907,70.05818,40.437607,64.051056,49.933765,70.9283,78.943115,63.888344,74.81692,53.70752,59.997467,48.21385,64.194214,66.62392,58.1295,46.60144,67.60672,13.616356,58.181652,70.69554,57.008213,56.901974,94.15932,65.72121,34.37288,48.935944,25.383596,69.4262,67.33207,81.51599,9.1493,43.193413,31.388985,110.38549,29.59241
71.91883,43.081345,70.71047,43.57284,61.91407,51.050198,55.210808,67.15297,48.405132,69.44981,72.105995,63.377377,56.288456,74.785164,88.80289,48.21471,68.45103,61.39843,9.596405,58.827797,73.70713,76.226395,46.645435,81.28073,61.390007,37.287273,53.751095,30.434433,71.208725,63.43784,112.55825,61.43364,43.83113,51.442406,96.85112,35.750824
77.32965,55.238297,74.32381,43.893032,44.08114,58.642475,51.243896,71.77374,46.817,49.84713,64.52492,45.083828,76.487366,84.12825,81.15028,46.59754,63.8289,66.259514,23.204258,68.73797,68.312294,76.408905,82.922165,80.7663,51.747395,48.639755,54.974857,36.707657,92.39046,64.289665,116.19918,49.43645,18.864553,35.879356,95.174904,53.140755
75.648605,50.734573,65.04954,60.81527,51.769592,48.83677,77.226,87.4257,59.18111,60.05699,80.86648,64.047485,76.16613,72.41148,62.523457,21.596325,48.09115,93.78162,10.669964,63.07258,80.73363,65.059875,86.32019,10.417603,49.34542,38.106823,47.96791,50.52805,109.4543,76.47263,119.38946,37.89953,25.652517,61.0067,76.3421,61.221336
48.276596,48.836372,61.689182,55.27315,41.03019,54.674934,55.859837,76.1222,53.3534,66.312126,74.16405,58.08953,69.20236,73.19001,99.33804,47.6338,73.62598,81.15549,56.236053,75.30256,77.26427,51.94937,78.06773,5.4900236,47.60153,39.74018,26.37479,40.96922,112.93736,62.873505,120.36374,31.897947,13.618455,57.900394,63.080086,81.46877
41.62124,45.95549,68.21924,50.636482,42.426582,52.411167,54.527058,74.85639,72.75436,60.124294,68.16653,50.03341,62.44002,72.00557,95.73099,50.39277,65.812035,88.13935,34.114445,127.492744,75.81267,49.035038,91.038216,13.86242,80.0973,46.83831,36.51765,39.419903,100.57785,46.67916,82.953514,19.599026,16.1885,51.914364,53.705627,88.60379
48.98847,50.75016,53.91555,61.652813,46.066288,49.083645,61.754784,72.98578,64.98994,73.51892,94.136635,57.753433,58.886112,82.486725,92.6322,34.566452,87.01294,82.37642,81.91384,95.63975,84.8284,61.142445,100.19209,32.689056,75.86705,29.813084,20.364443,30.397263,88.21356,45.022484,88.30947,15.929628,9.337057,41.911034,38.415977,86.61709
60.72482,57.155186,52.809906,59.979298,45.20809,56.582394,52.694233,63.911842,63.367622,82.39229,79.3288,60.535778,66.593315,67.69628,95.840836,44.162994,60.375774,105.3383,65.897224,60.926296,71.20374,64.63235,98.41444,38.501034,55.09939,-0.5030899,21.68186,25.09716,59.74975,-31.352386,59.900505,18.360836,6.5538826,38.803856,51.467346,94.999245
66.55127,30.064762,50.506,56.40625,47.2325,53.903316,76.727005,73.6243,79.641884,66.74892,64.70444,63.028797,67.83421,67.432816,50.85115,49.896935,79.51575,93.61914,67.07216,12.935101,72.32475,123.66141,77.72855,28.195116,38.47487,-3.2821107,16.877123,4.771213,61.405087,15.4615965,46.68176,17.889795,16.467346,46.0839,47.39486,90.39058
61.07436,56.30846,46.37816,56.68311,88.03346,78.87821,64.03289,47.208282,32.354294,76.980156,79.66736,68.84854,30.47339,104.367615,70.23101,50.74409,88.29032,83.63364,76.08265,38.34657,60.524307,132.70856,87.85228,27.46309,35.24147,23.649845,35.80835,-5.326965,43.9643,25.287342,19.136843,7.4298906,20.723417,56.748783,43.62415,75.51876
67.0428,50.40286,34.921524,47.244602,41.449017,58.164043,71.50204,-29.63926,50.379105,52.285656,53.59815,86.945724,70.78953,101.850044,74.667465,46.25646,62.743183,81.28722,43.673355,67.53873,40.204445,115.96656,37.9584,27.990566,44.259727,19.69217,24.158583,13.064806,30.905272,26.415548,-0.094527245,4.682282,17.50454,68.4054,60.48716,80.84372
60.22155,55.818184,29.270107,50.269943,14.133871,61.390472,87.053566,19.302721,58.901527,59.38823,61.62454,83.268456,48.666664,114.54933,82.07684,50.773808,61.859623,72.20364,19.578842,83.693886,72.44997,108.05616,34.446865,26.268879,30.871468,5.811283,22.413345,3.7436774,30.513794,35.80863,-15.549852,19.489923,5.245207,52.152847,74.07414,58.20499
59.928825,52.08342,92.38521,44.22141,19.810087,67.66621,85.516136,27.7984,65.7423,70.61479,69.20262,78.43583,87.87243,104.22598,65.42375,66.26233,51.232887,29.829624,49.97861,80.25373,71.49826,87.12335,55.934334,16.445663,41.166195,15.969728,45.006615,7.3786426,10.52046,15.578266,-16.885263,6.454162,10.637593,46.515373,66.346054,57.308533
54.48014,60.26544,98.43948,54.52562,66.995346,62.04585,86.258675,54.893593,86.25383,89.89385,79.751434,86.11502,95.509056,99.1446,84.86163,46.845345,43.199528,49.990116,54.614414,57.842808,75.528694,60.42557,62.722145,30.517128,45.349648,11.812454,31.238802,22.06313,13.160234,22.842916,3.555145,28.071754,23.407701,43.40406,62.26394,46.71082
47.11409,60.70698,90.7432,72.25368,77.67368,67.10295,62.496613,65.09436,102.42577,92.941315,90.03192,59.979935,74.021454,84.54759,73.71593,31.341232,52.394573,25.040234,54.808556,71.711205,93.224724,28.550709,99.44841,34.72738,51.664257,-24.160034,44.957363,21.076736,16.400486,26.12193,22.882946,18.52872,7.3483067,43.429432,65.69713,49.35699
51.35301,56.808266,82.92385,81.87023,68.32715,66.034775,84.446915,26.285501,77.946396,99.04846,96.03904,74.78225,30.040764,77.1786,60.445732,49.05029,38.122345,36.496777,44.329697,59.77923,81.58266,92.969765,60.33138,37.198357,48.32149,5.1367474,38.925182,31.236364,25.412554,17.29399,47.756367,18.15266,31.60757,33.665775,55.642227,50.33977
52.171474,62.273228,75.06282,70.31384,53.187817,40.191853,82.519005,21.367306,60.31976,83.1428,84.42912,79.1907,66.16178,109.38216,58.37776,67.819275,44.69002,36.837524,65.64096,56.54036,53.41897,87.268005,83.22892,34.29868,44.713375,39.27868,40.539345,19.854214,32.78005,29.22519,9.343834,17.781027,23.323997,41.755028,66.66365,68.405655
36.2811,50.160324,65.795006,77.153,50.986366,28.953806,88.92845,19.977978,64.64509,71.82061,58.691647,44.49774,60.23488,117.15139,72.57655,66.59181,50.96182,64.60814,36.334454,82.421684,69.4377,99.12026,84.74667,26.985706,34.577587,26.587608,45.430008,37.292747,45.906803,31.3068,11.052401,24.358276,9.274576,47.990345,68.94515,62.45615
32.117607,51.526646,55.49984,65.57061,31.223654,71.05567,72.79579,-54.46379,66.32123,74.41663,59.999172,75.81168,72.149666,55.07686,68.008934,54.262733,55.799656,70.98295,19.439545,71.002525,79.03962,86.37138,83.36102,27.31677,23.542639,29.5156,41.340775,29.642374,32.246883,12.52826,17.852526,24.870174,2.9914684,61.045807,57.222683,62.40166
39.90415,52.039318,57.440147,24.845366,38.044266,73.07974,75.57548,20.224522,57.447716,66.24233,74.00612,79.12585,77.08481,79.281715,71.08517,41.007904,57.88411,52.116356,48.34939,74.45027,83.021034,72.89287,68.839836,26.995062,31.058556,22.871778,33.979443,31.660587,23.321392,29.838106,24.530245,27.11181,16.748089,60.008896,55.569202,47.206932
57.53311,61.963654,55.27839,34.142277,52.062653,52.232323,99.315,27.43543,64.51362,72.33228,60.648434,72.13744,73.730125,79.71048,69.589096,49.016754,48.559776,66.096275,60.352024,38.943295,72.67604,65.26003,79.23459,33.50436,25.332355,42.861282,13.853931,34.431797,12.165318,33.95646,34.227245,25.960972,19.12277,53.99568,52.653694,49.218132
48.671192,57.317673,57.211296,22.339598,58.43461,54.031826,67.43807,34.18314,59.57733,56.69521,73.86941,68.588234,73.147354,70.99126,71.40523,64.29843,55.347008,52.45612,52.66182,29.811281,68.044075,93.855316,68.34312,46.20037,11.553989,39.660706,14.905031,39.57456,20.176517,34.225113,47.664692,31.417683,19.350145,61.027004,49.89768,35.72286
60.94299,76.61292,60.501602,38.566994,55.530144,56.238724,71.62179,38.97604,63.400867,67.00143,68.5829,69.756744,43.35755,92.527405,74.244125,58.56474,56.53761,49.5413,74.6047,48.32189,67.53159,102.76732,57.70059,49.048008,22.108917,14.433659,19.061516,28.715504,24.397232,33.715557,50.255226,32.685596,1.17346,68.94999,43.113552,36.322647
55.37485,82.645836,64.327835,55.73198,76.65224,70.65972,61.18358,35.20737,50.592155,68.6458,84.98225,98.18855,67.6975,90.97027,75.734886,61.52674,63.525898,55.352768,75.04438,60.65263,48.13334,55.204937,48.10231,48.882423,24.213802,17.07946,25.987131,17.538597,46.49076,55.1193,32.474342,18.924746,32.67495,56.587128,43.338932,70.41825
60.071312,72.37672,71.20782,66.5034,57.3078,59.05993,56.080967,34.052944,39.526733,79.00527,64.09718,54.08076,54.92514,95.3478,67.84739,60.48432,53.40932,64.90528,100.62326,40.572266,78.06137,67.31381,56.943806,53.64185,41.656464,35.631775,37.567932,35.579514,59.70742,43.305,32.920128,19.608295,45.30311,47.336124,53.99293,63.649227
58.63327,52.524887,66.468796,78.54941,57.459255,57.99013,47.05803,15.784067,44.867348,40.198833,58.533367,48.63411,48.34652,79.93361,73.72587,48.11197,61.615814,79.41405,86.90154,52.984783,54.91068,64.0041,55.610146,64.777115,42.51863,22.8226,39.78151,21.879726,69.00693,49.101093,26.278564,18.162598,38.701195,49.329887,60.85489,94.6725
71.18932,52.232395,55.516678,52.54178,49.452785,63.148888,35.616398,15.258111,49.779564,51.443142,56.86709,37.919266,56.96945,80.16857,52.29403,37.383316,52.62386,85.889725,85.88538,64.20929,63.77832,56.965656,57.232986,42.04801,40.51994,28.955173,41.01275,45.0671,63.07868,66.83201,6.305664,16.267849,15.652777,46.258503,69.65916,81.47594
59.960564,44.717224,8.725803,57.97368,60.203518,47.48195,36.11033,36.97549,52.230602,60.004112,66.525955,41.872467,46.655457,75.37398,53.023937,47.598103,55.94761,83.3414,59.30724,55.162697,77.918655,54.206947,56.04047,56.899117,52.98829,28.780048,54.887054,53.910736,37.40686,46.93603,16.806622,26.19527,-0.94548607,45.48945,66.31076,75.66919
59.64599,45.31203,26.703728,14.564541,42.161392,25.46682,45.341053,22.854948,48.20043,63.995823,56.647038,42.12432,41.020203,72.05828,70.10747,45.466946,49.29779,84.09925,64.439384,59.61937,52.93902,40.48334,28.906757,68.53786,49.302696,12.457035,49.303795,45.141293,36.603844,42.49201,-5.301203,17.483675,24.310343,47.241592,65.56178,92.33243
70.23428,32.004807,24.306602,24.830261,46.805557,7.9349937,23.168766,21.458895,50.124413,68.546814,69.28322,43.731247,46.60152,70.63275,59.501553,40.29554,58.274494,83.764206,53.73215,60.8971,41.48381,97.53761,33.131214,59.98834,37.539944,14.613778,46.12079,43.190712,30.090086,-2.1359978,9.80394,24.521374,37.559948,49.333073,69.05061,68.28011
46.85603,17.227093,34.420536,26.086288,32.318745,0.9406023,38.704365,29.930595,68.09867,55.145557,65.43582,44.138783,51.921993,86.16351,49.444073,35.891148,62.45052,96.06323,49.960213,53.97046,97.59098,72.47923,28.441597,43.04387,31.487267,30.655966,40.817234,31.37176,34.429363,27.034275,8.637954,34.86135,36.323387,45.217125,82.02873,69.26629
55.654938,23.286114,14.692457,41.033714,49.195248,13.482077,37.724754,26.634552,48.419765,68.9079,66.804596,27.306309,61.01565,88.08282,54.46963,51.2335,66.361305,78.83074,36.87401,57.79713,52.053432,67.53156,51.11676,51.093315,4.089916,34.22045,37.552055,26.895695,36.727654,27.499025,21.89902,27.795776,18.929562,58.648514,85.40074,43.142586
47.331646,21.031233,12.986161,33.497772,32.583557,11.716114,51.095066,23.216133,54.773193,52.81119,48.41947,40.996346,64.14224,99.62361,63.614944,52.636032,67.06928,80.73423,33.229156,50.87941,63.813828,18.853954,75.01395,36.318142,1.5318661,25.986702,22.223934,44.792824,36.99609,11.240889,19.987282,23.84219,4.5628033,32.906708,85.30257,48.24357
34.06271,6.7819757,40.32283,29.93422,23.892899,10.463398,57.27107,26.143372,53.101917,71.83973,62.40957,16.138206,-0.42954445,35.401974,57.422638,37.16691,33.8309,74.700806,73.03095,56.97431,63.19748,39.07231,68.319916,42.554108,7.339891,4.4158134,12.426333,49.40164,38.885696,29.936575,31.238705,35.558903,10.975811,35.39637,79.4328,49.054768
28.157871,16.426094,36.61591,35.846066,39.463116,35.37357,59.0999,25.99036,52.97067,62.30418,57.84706,21.249256,35.628082,43.913063,74.5284,27.096073,31.89278,63.195534,76.27209,37.614826,49.233902,69.47874,77.32143,42.696636,-3.5905628,-2.2872868,21.584915,28.887493,43.111824,41.18351,32.50333,28.772858,1.3012714,47.99966,67.79737,46.681187
35.177605,28.744312,46.044235,18.364832,58.030037,45.08167,94.06236,16.995983,51.767258,64.96429,66.54462,58.57,67.9863,68.58655,81.734955,33.383446,39.22422,80.172714,39.72598,43.779613,48.46723,101.55446,70.551575,63.831078,19.441607,-6.353163,28.476488,8.192185,53.92615,42.153408,3.1088524,39.40668,36.28836,49.30868,55.73413,43.841805
40.345505,38.604664,24.294622,27.128223,43.067425,44.1941,79.3093,35.243134,61.62376,77.04405,39.98959,50.333656,84.42071,88.3277,84.325806,38.804474,47.192455,69.03131,10.764641,-31.870071,73.49813,77.202286,100.48228,62.21876,37.144596,11.076341,30.150852,6.4017944,51.978493,24.392376,19.083252,39.338978,21.809769,52.084824,37.326538,45.59553
47.647713,-2.5677223,14.945169,37.48043,52.77346,37.763866,87.3694,40.473255,42.311768,72.046165,66.74691,75.18144,89.19018,65.78678,59.38229,50.153877,44.93195,67.82389,22.283869,33.44527,73.1703,86.29053,75.77328,65.11624,41.42643,15.073594,31.616411,11.900912,38.87419,30.755396,63.411125,32.880085,39.66379,29.314339,46.07549,53.668537
41.010803,15.760192,38.785072,24.488543,55.69291,67.96461,97.633415,-26.868843,56.173687,70.02361,73.78165,84.779396,83.55096,74.68744,60.40121,44.610126,26.624977,56.08951,26.968487,45.5982,65.33856,99.82989,67.918335,54.528946,36.41922,-40.243233,42.919735,10.396678,46.410316,43.687714,78.830505,19.847107,53.284336,15.645525,55.16159,91.939644
47.067135,30.513536,34.37911,41.364536,43.78504,82.082146,91.565475,11.489782,62.59142,69.285034,68.48063,66.15062,83.757416,113.58265,82.720215,36.59723,27.625408,32.859966,50.41401,59.233696,80.08516,99.518776,55.146893,46.221394,28.978012,23.078327,35.954334,1.5422335,47.66269,38.27353,32.98189,70.31451,26.512054,40.166702,53.028137,72.22161
47.15305,58.435883,67.690056,22.998137,41.315247,59.285484,70.21433,76.51343,48.921642,60.311028,56.04018,90.23359,88.72282,83.340836,78.14038,41.678253,44.2649,49.506866,65.07006,77.531906,68.46422,77.29416,59.72639,47.81565,29.499372,23.684153,37.364048,9.35301,49.135464,43.053253,46.697433,125.329285,5.59313,29.56057,35.42299,64.442474
48.66481,52.68408,61.025375,47.24605,39.455807,65.597305,69.7238,73.13287,72.842415,58.33671,66.68387,80.87039,83.42049,90.56379,63.75564,36.597706,58.257477,67.78618,52.64534,77.41115,83.855545,72.87564,93.91333,52.068836,44.20669,25.53981,33.95323,26.830545,67.1744,53.65204,37.570335,76.581955,9.23551,48.716618,38.27546,57.316917
51.39745,51.191406,55.78714,44.2871,44.32811,60.503925,72.07657,74.94663,66.25152,68.13579,86.4949,77.330986,85.829605,97.99119,81.058876,56.236683,56.886864,78.54911,44.738724,55.265553,89.85915,94.5968,94.37361,53.339554,42.85725,6.2016735,43.97068,20.398724,58.63041,51.257046,71.775505,66.672745,11.137852,36.26424,43.946163,42.12982
54.447063,50.06874,71.68952,45.68181,52.498436,60.949085,64.33506,73.89452,76.892235,82.7315,78.674995,53.78904,92.3875,105.0175,48.754,49.83209,58.109596,69.55929,33.790928,54.645798,84.36265,79.13508,87.0984,67.37488,49.341652,12.726865,39.08732,23.73435,64.73821,34.74707,115.09552,22.515345,35.77571,41.870335,38.402264,47.630108
68.722755,50.050476,82.81997,33.6764,61.581726,67.10839,62.161697,70.30343,48.911087,89.29891,71.915405,69.40318,66.623184,69.67709,52.653072,70.68707,45.310226,65.94301,36.597855,64.57853,87.83084,81.717545,45.019577,69.552246,43.506557,21.457531,43.387283,5.9372315,80.00928,37.546818,104.790146,32.333107,41.05388,35.263035,55.82861,26.987484
68.7819,58.8037,86.064026,51.47197,77.162186,52.536964,54.229767,62.29654,56.859413,62.763405,48.406715,56.498238,79.624695,62.30255,75.01938,66.106064,72.73618,50.005074,17.057108,77.12631,71.30268,54.887344,77.26148,77.07537,41.681973,34.097908,46.994408,14.298911,35.674,44.860725,93.4025,39.4076,52.353905,39.51787,50.337387,30.900211
68.865166,62.05447,85.44053,44.85885,63.376064,31.978943,34.546608,59.647594,88.88521,72.15262,66.83807,49.80297,71.64541,73.24531,52.368027,59.58172,41.070316,61.998947,23.491934,80.312744,78.43192,60.086224,89.648445,70.518684,51.522564,34.74674,43.64592,40.775093,29.48586,36.183624,138.83826,25.248,34.355392,26.724855,61.558914,45.0708
68.19217,72.702385,103.96732,56.499912,75.51472,34.528812,71.971596,52.33554,86.891815,85.10709,76.5408,52.404743,73.739975,60.571903,57.235474,69.43379,58.844097,85.27235,56.633736,63.283356,87.35057,63.21889,53.91056,59.47894,58.31517,25.497557,57.896057,37.50075,42.889618,37.991455,108.4729,39.726067,28.174444,-4.3713245,86.57844,57.21895
68.16032,54.03412,105.68451,77.693886,76.968636,46.59961,58.76809,48.11768,87.348366,87.962585,83.948135,67.37106,70.08469,67.432014,62.67563,66.0582,74.87873,96.265305,47.66849,75.96458,85.33127,88.46275,43.6364,69.20506,79.95026,49.09742,86.12937,38.631752,51.513985,50.84808,69.28306,49.613674,9.100094,36.92772,103.99211,53.51019
59.307987,86.26219,102.02762,104.58587,72.277885,51.555775,71.54942,57.19312,93.03339,89.097145,91.99057,46.209984,60.552776,81.60619,76.796036,78.51714,87.631424,114.35658,53.394936,70.37298,73.99335,82.07827,73.01126,62.284733,79.816246,36.87098,74.80174,47.605614,66.98111,-15.915123,74.24886,35.776546,13.684147,53.566895,100.96603,58.160995
49.42552,82.23588,62.73033,89.000145,89.44926,53.5737,51.25557,53.3557,78.26936,89.70778,85.91802,70.817795,57.93805,75.39999,51.49098,74.90961,93.83197,84.87651,61.00633,75.474304,63.569088,70.71506,66.7787,57.77773,60.242676,38.52658,60.808296,36.661602,67.094765,-75.559296,34.561592,48.355293,25.339516,55.67409,88.55782,51.35333
43.503967,54.291893,38.080597,75.27971,71.28344,55.8092,37.149166,47.62694,76.21304,77.425644,80.23151,40.02735,40.58779,93.594894,19.717196,103.218376,86.940544,90.06023,85.85508,71.207146,72.01955,89.144295,42.48058,66.84808,53.69796,32.44194,58.81595,40.114468,48.740417,8.171581,28.908401,43.49116,7.254986,69.82496,77.90254,64.48632
33.129658,58.964455,47.618427,53.754868,47.212196,36.67554,24.932835,64.57291,71.83384,74.02212,78.1648,69.51694,55.127495,66.444664,24.378704,63.89436,89.250824,114.991554,69.98542,66.14738,71.11519,86.96719,76.96353,61.563583,35.386234,3.932495,37.2549,40.98341,75.92599,21.791248,24.947418,50.549072,22.8201,90.44749,74.70111,69.15717
43.183075,53.48239,53.48282,36.760002,115.207466,28.099192,55.698853,56.352646,87.69347,64.858795,66.94267,51.640114,59.300617,78.08807,15.472578,49.709538,94.83286,103.72958,104.346054,53.46106,62.667294,62.51304,60.06025,73.306015,35.05194,13.199575,42.220127,14.855353,45.70933,19.663857,31.07374,93.99129,27.375345,70.92071,66.835266,53.30484
43.475918,23.424572,61.824993,18.515362,64.72397,50.01929,62.731407,65.885826,94.73724,78.44722,88.334305,64.37515,57.92639,76.11898,27.708107,61.399403,78.852295,100.60933,62.989506,50.010002,68.6943,77.93533,79.34236,78.359085,28.202976,24.2067,46.117405,16.408043,42.02204,33.26971,40.7558,59.414494,-13.378513,76.55156,66.39312,67.65549
47.748535,27.504784,51.103615,34.758392,81.88365,48.694695,67.30761,76.529594,71.69723,84.887985,87.34192,84.976616,32.50547,78.3421,44.076874,49.841675,108.513336,97.84074,39.81878,47.65914,63.263813,58.81285,83.5172,85.13708,15.733297,29.972843,83.683716,27.012836,48.2402,26.891998,47.713875,44.94636,31.020477,96.41886,70.65802,68.58452
50.255108,10.78034,38.264603,45.92285,82.58935,61.199394,66.89599,95.258255,39.10062,77.083374,94.27821,63.324158,54.786602,96.94391,30.38497,72.791214,72.338684,70.745224,61.94018,48.825577,44.58583,37.250774,92.43288,44.46953,13.852134,50.40647,68.100845,38.796066,46.98265,67.92101,53.870018,38.763508,14.043821,100.03245,85.570946,51.161186
53.44401,44.31254,41.31141,28.726496,45.24665,47.734352,28.008028,95.80709,-24.279415,63.741302,66.95372,54.049423,42.60481,57.039764,17.443905,58.023445,57.06804,71.19119,61.82657,60.05762,33.92164,28.105062,77.97905,-4.492134,18.127804,52.794525,69.38294,42.32908,56.65538,58.202114,60.579994,46.165413,7.5543027,99.69523,64.06913,63.473904
43.278683,55.565575,54.5997,31.763588,18.908318,42.90635,58.62662,82.0842,26.726873,46.141884,36.455048,47.33215,47.207493,59.463608,1.9620295,37.117085,9.329994,63.674137,68.479836,45.131054,31.727833,-4.842018,76.85165,24.234383,22.308683,59.44123,32.67995,54.14164,86.91156,35.29899,55.393097,64.590225,26.269526,84.107765,66.42212,70.6709
43.124634,55.75982,72.58589,42.757595,29.295216,48.484535,55.870033,74.711006,43.138184,49.734814,36.574337,63.333324,58.40339,52.310524,37.65076,30.99443,60.640427,61.153854,42.100655,44.162167,44.512924,53.442413,105.09738,33.346447,25.199705,40.25334,49.138824,26.529308,81.1734,30.32527,69.110886,46.50941,10.365032,56.70611,58.831947,35.10617
40.223824,63.160873,65.03012,54.98186,53.286724,41.34382,24.36065,82.14138,50.231167,41.44777,48.636375,47.058605,34.391205,61.81554,35.562263,54.856934,71.26717,63.48004,54.651806,74.92983,30.337538,71.26309,85.2614,32.22624,24.091452,25.83658,29.614805,31.54469,84.02209,36.298374,65.60013,25.952652,29.35029,58.051888,64.67592,17.014536
25.932137,37.570263,55.602215,62.55999,49.443886,31.018301,49.312965,72.47579,74.46173,74.219635,67.85989,55.16277,101.996414,63.307156,37.42549,43.155716,77.73367,76.35576,48.57528,61.32703,63.757607,77.49199,75.26929,21.706875,31.332539,31.958492,41.137928,39.764988,66.590706,22.66467,80.86731,29.037489,30.711266,53.05958,86.03081,36.25669
21.922918,14.660393,71.25485,52.745075,46.870277,7.023258,53.1287,49.70907,102.16923,80.07166,100.15282,78.75932,114.02116,94.62109,29.720676,46.867184,65.493614,96.37532,38.507683,70.93698,86.314,86.52604,83.416626,21.613108,30.03008,58.44878,42.342224,31.217718,56.329536,26.010763,42.79798,41.396248,-2.1786327,54.63307,82.331825,37.003082
35.226654,5.204325,70.16823,67.69619,47.270554,41.12072,76.51608,68.69247,110.87039,84.98342,108.202644,89.22805,88.65814,78.496994,35.965893,54.435364,67.854004,113.31271,29.110134,93.56699,109.38046,88.90523,73.46291,14.69828,25.399916,38.328747,19.76365,40.99853,63.69616,11.786153,52.211655,49.6003,13.562283,53.767815,66.728676,40.941166
40.93359,18.906296,61.762047,45.042908,75.66276,63.591835,57.545616,51.424194,101.69287,102.82164,110.98132,98.51364,62.56425,96.804535,16.725952,62.00987,74.69488,89.142075,63.220936,117.71886,98.449715,69.22019,77.84015,17.950216,33.987904,41.367085,20.895426,53.837578,54.089848,7.058941,51.203266,42.816265,16.26766,40.552864,62.53575,38.83044
43.072956,40.158356,53.280018,41.41325,64.11616,73.57781,63.912052,63.966625,69.01862,103.03188,111.3639,68.03623,46.419575,102.86932,21.339716,54.2976,132.38135,94.99153,79.626915,92.39709,77.03872,95.416084,53.440216,13.8303175,28.811089,42.280212,29.129095,36.610413,39.19664,-11.299787,26.563955,47.283337,5.426217,53.32327,55.780037,35.263676
37.54509,13.619141,61.939415,50.57108,89.74606,83.39077,34.294388,72.67637,65.97522,82.29453,85.87114,52.620075,40.601788,89.28381,20.392015,69.58842,97.16702,96.53951,94.807526,65.061195,74.249245,66.15803,20.56253,20.331528,20.063202,24.570599,17.732632,27.555832,37.915936,14.528472,22.831354,38.056007,31.920288,76.374245,62.147648,23.373772
27.787224,45.162125,50.746113,39.197052,103.0565,53.61445,32.867683,59.248993,61.60459,80.476715,68.868645,52.252583,125.9389,83.797134,15.816271,57.619713,99.644806,91.55264,69.37942,59.86238,71.06,51.33359,43.392345,7.9869566,21.350212,20.49731,20.117981,21.8689,15.744215,11.930546,13.031475,30.860437,26.417805,76.98666,66.4253,37.308666
30.759277,46.86747,21.529013,43.2883,93.615166,29.695116,54.966938,70.16581,91.49637,94.67963,70.0643,53.9502,85.95502,65.265945,33.57022,36.215492,89.66145,109.603584,68.732506,40.99127,88.33052,35.052708,17.915394,15.602512,1.3629818,32.28967,21.422869,25.084332,23.988777,19.132154,-5.844426,21.785767,19.784416,74.21111,63.53902,49.74829
21.15796,28.547533,24.810057,36.783684,74.25001,29.143463,28.824379,52.590298,63.16555,75.87933,81.64332,55.48418,25.043795,65.245514,44.36992,34.26395,49.91786,109.66296,34.790054,39.357132,72.99722,35.509716,17.5093,16.566353,-70.40834,35.550842,13.723698,47.10452,4.1130924,27.625404,0.090519786,27.890766,16.30335,62.39281,65.57168,67.34849
15.862436,34.371143,22.39103,28.359383,53.85361,37.471626,2.6903706,43.3408,53.5066,85.22212,68.64648,40.359562,53.554222,46.858715,40.97483,40.60262,53.857914,81.80545,-7.2210655,26.07946,46.896816,28.718042,26.447998,7.3457565,12.100166,14.73581,27.37495,30.16992,6.138907,10.639612,-1.274898,29.769455,-2.0527544,34.129303,48.69539,70.48598
10.331625,27.744106,51.223763,13.522959,48.364758,22.384096,30.117718,57.684895,57.665188,66.52582,52.7871,9.215071,37.830963,52.771713,42.89501,38.59118,55.647175,51.769936,-2.4695587,-25.020372,47.966473,49.15907,18.891731,11.976149,1.8637638,37.20404,27.648502,20.904594,7.731412,-61.639927,9.567766,23.13858,11.345762,34.913868,49.015152,63.622066
16.048946,-16.876778,52.679012,20.847645,44.56124,22.089144,25.477009,30.978935,46.47672,67.99246,61.697876,39.192787,65.27367,49.9517,42.330055,42.591,51.276825,42.37301,-7.1788387,35.332893,45.32027,59.61611,29.39346,7.5336285,6.8907366,43.18762,18.505625,18.620544,3.1047091,6.5547447,17.540043,21.306791,9.733275,24.382227,50.96493,56.99132
12.305528,13.505657,45.21414,20.478785,45.36528,29.547602,40.39759,8.160139,59.298016,62.590836,65.13391,37.947346,79.48822,63.21979,55.23808,43.70949,49.342407,17.650557,29.085627,43.23315,42.417027,64.48923,37.145035,11.922392,28.940151,30.226107,7.379101,21.455458,22.214485,17.191236,15.428289,11.572964,15.199975,8.623865,34.19976,44.635338
19.261927,24.879047,60.554234,24.790955,40.360577,23.755808,35.831024,1.2048659,67.43928,61.55029,78.50928,63.141415,71.70049,62.289734,68.533905,50.61724,52.31243,48.66143,49.428883,29.57111,65.9466,60.57618,75.36151,24.651894,55.89126,36.83065,18.97289,18.598629,22.82692,3.8968596,9.832604,25.734291,12.570581,17.07161,46.585514,51.300133
7.2802515,8.658371,32.920616,27.332067,21.695744,34.368656,46.31079,-4.555668,45.253204,76.44569,77.089035,55.341766,59.335743,76.56853,58.54849,61.984985,74.74823,53.864616,49.08697,52.867493,64.33959,48.600838,57.198402,19.025686,35.908882,48.458153,14.703329,10.139201,26.744015,10.324648,21.546747,40.920727,24.935406,34.024258,44.83567,47.868256
17.626564,29.52906,24.467514,50.20925,27.918629,33.71355,28.51587,14.924681,48.644398,66.99217,56.12122,30.62313,42.680042,72.62652,56.14172,49.273174,48.018974,53.28758,35.328514,55.05626,43.909405,48.657898,48.842625,23.59655,33.727768,27.859413,23.598866,16.553446,15.966218,33.850037,27.683344,21.3375,40.512314,45.515083,43.39073,53.766922
22.115585,31.571892,15.025074,45.633568,20.496521,42.537292,30.711727,91.04629,53.732216,65.47951,46.21013,52.51097,63.365803,49.907387,57.08032,51.354275,40.54569,41.725964,37.034977,34.57634,64.2348,53.26327,43.804188,2.9798832,39.340744,26.125263,44.933987,27.618753,10.813204,20.095442,41.882328,14.669514,27.217365,48.15467,44.176956,42.0993
34.301056,0.5393295,27.691803,23.547964,20.13583,53.610207,48.21411,55.77946,40.27482,85.48625,53.584755,41.657623,43.02003,100.18829,41.26628,36.601513,29.498646,42.73092,45.288937,36.15775,49.675217,29.57743,27.052885,24.868021,52.324753,17.475359,29.328018,38.434456,24.452162,2.4278917,32.47805,20.602016,-15.35957,49.03574,59.249084,39.701725
38.824123,12.8847065,17.978542,22.690735,6.012418,32.104523,10.368116,41.98923,32.497913,61.415794,40.849323,36.7705,27.942133,66.80998,36.835,33.9963,35.39374,49.488594,20.3163,28.757973,46.206463,47.52282,39.39909,27.862259,12.403929,6.0163803,13.7653,28.9748,33.595238,12.922933,37.415874,13.87545,13.571763,43.651005,55.17768,50.36396
30.94122,16.947924,22.192184,23.323885,6.04309,34.345615,26.163427,53.100582,28.402777,48.69507,43.20022,22.099718,23.181408,60.221428,37.877964,29.97943,52.971832,52.133347,6.453289,32.493984,35.920094,46.975677,42.283688,17.856152,12.85201,2.8065786,12.407432,18.96164,46.58058,2.1081114,17.762089,6.3137975,15.542984,52.73593,42.08958,23.715452
28.770966,8.99482,15.600798,9.623184,23.394623,33.766685,78.407196,50.438618,32.996483,42.104973,29.543957,18.819906,29.595009,62.799416,26.106846,30.255596,53.71678,52.60695,0.7878189,28.106665,37.4406,6.1752033,61.94464,29.818184,2.784093,1.3939524,23.080624,15.282343,40.54132,22.614676,40.376884,20.339521,1.8447256,42.448162,52.50846,19.096573
27.05737,26.691536,35.688324,26.582924,6.6200495,63.77279,50.401344,42.825375,1.6073742,26.200953,36.36896,28.716364,19.08966,31.376553,41.904877,34.17209,51.37006,17.845325,45.498966,37.043877,32.233765,20.127823,71.83489,27.206007,17.733059,21.200521,24.301739,13.683984,52.104427,31.69238,48.112923,7.021103,-4.4540577,35.039776,65.62479,24.097229
37.875534,44.94572,40.124294,25.501717,16.876694,40.55654,46.1933,43.12825,32.529778,18.907982,23.84006,34.39774,33.779152,34.038597,33.427265,19.152601,38.323082,44.397705,55.072704,36.09896,24.356264,31.857197,53.007393,29.286098,14.956946,9.413185,25.249842,7.3245487,60.4973,28.648705,36.31272,10.022287,34.39446,41.222595,60.581627,32.206676
33.693325,53.602386,37.27154,44.703117,19.388035,39.111908,41.718132,45.033783,23.527733,32.44812,40.683945,6.831171,4.6013412,8.527603,42.298115,33.6915,53.711178,51.800053,53.028248,47.679913,51.619125,38.254875,43.32411,25.499844,25.17709,14.891323,49.327946,30.785805,56.916542,27.0183,33.15433,18.747646,30.656103,48.09938,69.682045,15.152988
44.230858,40.107388,38.196182,38.09455,24.10549,25.596304,50.798798,17.374674,28.392237,37.154118,26.765057,34.864872,27.554583,23.355453,34.410793,32.923695,47.595337,35.174507,64.35045,21.85326,30.315514,18.576561,58.00295,29.374405,44.079132,31.020761,34.33925,40.459694,53.934875,30.220058,28.468178,12.766418,16.937347,43.422432,69.35645,18.050661
43.00646,34.950573,30.853989,36.25681,35.260483,27.48965,86.33571,30.443394,40.055016,24.55645,28.767557,34.169724,19.561605,30.609196,44.45939,31.27643,42.666508,35.471256,53.579685,15.971123,50.8697,17.385868,84.187904,30.996798,37.247734,24.15229,37.642406,52.200603,54.18756,34.213886,36.7369,16.202585,20.43339,65.34057,48.077732,21.45863
33.89023,39.20488,74.24841,38.899105,26.694647,55.98237,85.86641,-40.60543,27.544853,46.854645,50.57247,40.42724,26.806976,36.131145,24.434214,26.67503,49.00055,8.757603,45.320213,23.32185,28.220678,28.974905,93.949455,43.97485,31.765299,2.8104305,37.507313,44.00612,3.9523315,19.65504,-6.31089,26.71166,15.549314,54.51017,37.606064,60.670258
35.509243,59.159973,12.2013855,33.625504,36.50764,49.82732,75.08736,17.520838,30.476034,34.34844,39.00547,50.701836,-8.468885,43.223366,73.340485,25.157322,24.520191,6.7699986,62.731766,17.393623,25.297918,53.288063,90.008,44.634132,38.855324,32.996513,19.247448,17.569538,29.385387,12.301733,32.550877,27.51791,33.113754,32.73492,55.444763,44.856804
33.750427,35.183655,21.284197,62.69343,29.353985,62.305225,67.26373,26.564325,24.280586,16.882233,37.295605,42.38566,29.775677,50.763878,85.621994,37.49024,25.940855,28.957052,74.24043,23.274149,19.34288,60.48323,58.03076,40.959457,28.734985,48.59159,10.164518,28.12294,33.19365,25.465582,43.1274,23.22451,49.595,35.706406,3.1936245,59.48938
40.109695,49.740467,51.762543,48.059166,23.95248,63.734398,62.242283,29.782791,37.51671,25.03695,34.821514,65.97859,64.02898,46.662376,95.702965,9.995732,25.466898,27.78873,61.617443,9.16431,18.855202,66.80465,53.997787,41.325516,23.317186,41.936684,15.932633,46.006577,41.24512,30.066185,-0.06430817,16.685402,40.018684,32.142246,34.040695,43.58857
43.463406,35.194763,52.541683,31.778244,38.674625,45.940918,55.482895,32.426888,39.788734,51.69105,38.066048,57.820293,55.865784,76.37953,74.912186,21.919773,47.612762,47.069828,35.312096,45.40615,15.79457,68.87942,74.96995,54.48261,22.840374,60.25969,24.48697,58.09697,36.844242,50.634434,9.083755,15.130584,49.89731,27.834267,33.5111,31.050245
42.230206,40.594837,45.725204,43.26601,39.83026,56.700512,37.272995,36.107143,61.960487,37.734352,45.51243,70.090744,78.47799,74.980415,75.28862,29.809326,52.107525,54.685226,57.53819,56.58969,33.072487,95.30447,49.08487,49.18358,26.436764,70.36455,23.204002,43.74181,33.99814,59.05401,-32.781807,24.862162,56.845314,18.31744,35.48433,31.633987
37.673954,77.95069,65.941216,38.19832,26.032665,45.651825,69.342514,38.41183,73.93171,55.934673,56.767517,76.57814,63.36004,101.23595,67.14971,36.868977,53.006607,73.94688,52.52038,73.917564,63.986115,119.365486,47.732224,62.97867,47.836666,67.70575,35.63779,40.066757,31.047537,52.293583,4.450325,34.209724,58.735935,32.0199,50.29348,33.12999
20.98135,78.741295,70.86682,50.758,54.582268,65.13495,50.725845,34.291817,75.8793,69.38977,68.22089,80.0512,57.27828,109.97031,67.353065,60.08341,53.83204,69.72964,23.808907,93.8117,69.08702,40.855232,66.542564,68.83263,39.468037,77.724014,50.607227,34.269432,32.14284,53.685184,11.768188,31.647388,48.97941,45.812275,40.97293,37.936607
34.89879,77.76536,73.83083,33.79442,67.79914,64.23743,39.60337,43.05196,74.36138,88.34948,81.63147,34.08782,47.133087,86.33934,84.651405,71.504715,49.95482,54.671074,46.315216,85.66099,79.67079,47.686268,60.65393,70.91625,34.65704,81.66872,56.87474,47.584072,25.12946,51.993454,12.437531,51.499947,50.817303,72.12633,41.463802,45.343735
23.51404,76.19249,71.24635,46.580082,54.73945,50.046593,42.273525,64.03428,113.091446,76.44921,96.23841,44.103245,60.138577,60.897823,82.6525,59.604866,57.32439,49.31942,71.41735,85.99746,98.34882,47.335873,63.367867,65.54156,37.069065,71.73884,57.860485,44.804047,18.594807,67.301994,21.609104,59.219463,52.93053,80.33335,45.555622,51.786194
32.575333,68.18007,64.125404,61.338566,56.381844,46.734886,46.55989,23.035898,75.85246,89.85043,110.064514,52.2631,41.288788,60.5243,89.42473,55.73799,77.10128,64.11204,78.09198,-27.434547,78.648575,58.96371,76.09435,73.57294,36.651566,-8.198322,66.023544,58.829384,30.092897,71.52253,7.591382,55.913013,59.030083,82.093445,56.87905,70.843475
17.967438,50.152527,62.79928,71.181625,101.1417,66.392456,58.6532,30.326906,60.015278,80.08987,93.68827,55.709927,60.782703,63.813553,97.40402,70.446754,49.453835,65.88558,63.713608,25.732853,49.41055,81.9776,87.36398,79.616516,24.538677,24.495485,64.15323,41.084118,-105.72023,49.466965,10.778637,56.36425,50.262997,90.8156,63.92114,89.796814
25.104013,44.64753,55.628468,47.09665,93.29837,66.243385,72.84687,32.82716,58.972595,71.99953,49.25257,37.63208,77.08159,75.124435,92.76607,51.313683,38.709896,86.96962,49.33559,36.790546,46.99241,82.428665,101.964096,74.033005,43.30006,32.36815,63.473053,48.346176,9.831588,71.75873,20.02819,54.2669,38.12393,70.958496,65.1097,100.39026
35.93849,52.001648,94.31803,53.917446,72.36407,84.029144,39.432205,80.64734,57.787586,78.24974,59.959297,67.10586,77.478096,84.53202,67.45671,48.326214,44.035362,92.539566,67.72327,60.306553,61.68251,113.31731,57.69532,59.735596,36.66002,38.62264,71.82045,44.037056,15.544016,74.75565,46.870968,52.960793,34.81286,64.85101,49.966476,130.91574
26.617521,70.88692,78.95019,112.32269,78.17309,102.569374,56.204376,81.03832,76.016014,71.37942,66.19598,96.06465,68.94925,91.44274,37.147133,59.795414,58.267944,103.9733,33.50383,74.36498,78.64778,96.20832,54.729385,67.151855,34.329697,59.825207,64.85443,43.503635,-29.21385,64.31442,53.611958,47.14611,29.447094,63.221798,53.34433,108.19593
43.32168,70.01957,79.436066,83.8551,73.42956,100.964874,62.88797,79.57412,70.28374,77.4466,95.04759,90.15703,43.795864,107.94518,37.228172,69.49584,70.705666,110.91641,20.218441,60.23832,70.85628,79.14207,65.311775,77.24773,35.184093,47.826904,63.746136,40.216698,13.138863,58.041256,30.77737,44.745213,36.43842,44.294235,51.849186,112.065414
55.30876,88.929184,74.45597,79.1983,58.831806,93.53496,49.42837,71.18675,70.98896,75.87366,79.92218,83.16141,100.08858,98.31367,45.82817,77.439026,66.68281,85.74252,53.62814,63.26055,65.12578,75.96066,110.42572,83.355385,29.01897,35.452366,78.75857,42.460983,16.121105,64.075066,-3.6445312,48.55088,46.99185,56.301037,46.415188,117.74198
63.83882,87.85705,73.11351,68.80888,52.463177,80.77513,62.08401,61.975277,93.90438,82.93929,72.06561,65.18062,104.61936,105.21377,39.128403,79.79328,120.26754,101.260254,61.54952,71.32974,101.83055,80.48728,117.425766,75.65983,37.374973,19.184088,78.81137,56.62535,32.537384,73.1867,13.434408,46.951485,63.899876,70.76113,33.948822,137.08586
55.06055,79.004585,76.31203,80.80503,48.07091,45.164257,76.64221,66.23355,85.30096,98.15351,95.476746,82.5228,98.344246,78.212746,26.487347,81.72524,122.8336,117.29974,64.36757,70.41324,116.1664,106.14885,86.41244,87.799416,48.956764,9.897158,89.59546,54.908524,50.53241,74.92146,37.803143,44.86998,46.309826,67.01457,62.600765,117.14506
14.380581,92.74104,85.19368,64.64168,48.07577,48.454277,92.54874,67.06637,86.58411,93.680244,84.68302,75.41358,87.1598,88.706055,41.12561,97.33612,109.619865,85.02149,51.94525,70.81444,91.4744,88.79431,77.18922,88.910515,58.07183,49.66928,100.44676,-47.991837,61.89965,73.35246,58.16125,47.134403,33.727524,63.79145,64.98902,108.40971
11.266363,85.974884,85.9173,78.41745,51.49817,60.36116,78.79797,71.05083,96.22744,93.441055,92.97163,81.123055,93.21914,75.50913,56.308105,110.7732,92.9126,80.54885,33.09547,77.039276,88.74676,43.92906,80.69775,94.44425,51.205776,51.215485,114.880775,33.020607,69.11978,69.26335,31.59993,41.15685,32.217266,68.69598,70.27009,95.06362
40.77723,62.863087,69.63131,42.603035,53.468147,67.48352,78.824356,86.63668,100.408066,97.330894,85.69431,86.56488,83.250244,73.76764,62.01392,77.76888,77.629364,64.99869,61.918324,51.758717,92.36174,91.154305,94.12314,89.49845,53.942047,63.085,109.66427,68.95104,66.61997,90.271,40.756214,47.591167,33.654335,61.29866,58.72222,83.45517
59.265915,63.498245,80.16411,53.66059,51.212936,71.31683,76.68466,100.98685,77.54599,87.969154,92.03518,23.337471,101.7557,99.49981,71.56585,56.45184,73.658066,74.175644,49.000153,76.85878,87.597084,100.6882,120.69958,75.78186,58.39555,60.73842,80.191574,65.64954,66.395996,74.34799,75.42511,40.261,6.8066864,48.78504,58.890965,80.98162
66.86276,74.35218,82.23448,75.206894,48.026836,87.84588,81.4073,108.25642,85.30469,88.339005,90.24155,102.6099,98.12881,62.5542,78.56172,60.405922,82.92519,87.71168,53.741833,61.209877,103.24749,109.23341,130.53767,81.44584,53.78885,18.864506,72.65974,70.789215,63.659695,59.646976,86.233215,62.226944,44.07116,60.02944,57.707695,81.6383
85.61752,56.834656,90.254364,75.08667,59.83056,84.58694,96.10486,99.75336,87.31745,84.47986,83.58591,92.58725,96.46117,109.17807,87.11683,79.42144,113.997505,75.26578,39.33152,57.20222,104.07809,133.28001,98.41332,86.34787,61.367554,39.002014,73.956215,55.354546,69.22696,66.73777,60.86283,62.880985,66.53274,60.15762,87.55274,81.247116
81.387245,57.440548,115.034836,77.89816,63.407276,69.3818,70.6429,146.56802,104.35864,99.32881,98.87026,93.99373,93.48742,97.61862,102.9833,85.3087,137.31155,76.09331,62.18938,59.077847,82.9989,119.61347,83.8717,95.94509,61.887115,30.32632,76.80665,70.85159,83.00885,82.639404,98.49504,68.36285,42.399532,66.32592,111.90243,64.1398
71.16103,76.734566,106.50234,86.385315,71.09199,91.21041,77.88438,163.17685,98.08271,111.33874,111.69048,107.647514,73.420685,114.613014,86.100914,101.519485,128.02673,83.43823,92.629776,58.087223,99.34277,101.120186,74.257065,111.281265,71.65555,63.336792,65.27818,60.506454,82.36933,103.35656,101.59728,80.2252,20.845303,74.75457,106.06818,73.45819
81.05588,64.20208,104.43669,97.19678,78.58226,92.507614,83.7204,148.07611,61.172523,83.06653,78.087074,79.97979,69.65852,124.076294,87.25032,105.24575,110.10203,108.51997,76.05571,64.64748,85.12626,81.996376,41.47845,106.18764,72.85119,30.321049,58.275097,64.46376,88.75939,111.40407,99.43442,63.458878,9.957689,77.83262,101.95383,106.24087
98.951584,70.18053,118.85552,104.0722,87.13427,97.03124,28.350084,176.16919,78.97929,71.48242,108.490616,81.6665,49.759666,90.71564,73.32511,96.00284,88.97876,106.45,85.285034,56.61883,81.61705,64.83807,22.778603,114.25264,84.07647,33.029335,61.695877,58.384556,96.968636,108.73114,100.13082,51.108803,-5.453047,58.979523,96.662994,136.19681
82.931274,68.96205,117.37274,115.886665,85.522804,114.77029,62.720856,155.3431,40.39915,88.777985,87.547935,70.83611,70.840935,91.90319,70.724106,86.2856,85.67996,113.97611,56.795296,34.370068,76.96537,47.228054,14.560211,101.19383,89.1073,20.158676,33.902355,47.32364,103.92379,100.13762,65.23985,53.217743,24.328306,65.0604,113.566185,134.25551
85.599525,70.213455,132.86499,74.35223,81.06429,80.678764,33.584064,144.32309,28.884987,45.175163,49.704987,34.942337,42.960724,58.356155,69.23962,58.156067,82.952126,89.451004,27.050323,30.594963,54.603783,16.743134,10.720934,102.21055,83.18863,34.82069,24.22964,27.092058,91.83403,85.190895,67.53278,24.718605,21.250242,35.6225,110.96447,131.58633
55.079556,99.44898,82.3741,72.410355,77.245056,73.66032,31.64093,129.78143,41.329716,41.22052,44.47694,30.067736,44.898453,58.92997,60.214436,55.045532,59.943844,90.50489,-0.70772886,44.813423,41.227055,37.912018,17.127794,83.92122,102.08427,47.878006,12.318081,22.93153,89.12932,90.946846,68.0853,-38.474514,35.94369,53.60852,111.15739,126.23855
67.560196,65.35176,76.433495,72.36643,60.846542,52.091076,22.61015,129.40425,42.751316,59.463863,56.271122,41.004784,42.474636,58.34267,41.37759,57.020348,65.09748,101.712204,-28.958755,68.59987,38.72641,44.54268,38.66181,79.57027,84.241974,34.045826,2.1142855,10.7030525,100.04765,31.416672,95.79288,10.167662,34.407143,28.955606,78.423836,99.05765
56.89572,55.79814,83.76821,70.20166,53.042755,46.663322,29.641083,115.8945,49.141396,53.52822,62.674118,19.880562,104.53693,62.093773,40.545124,60.5066,52.43507,75.68413,4.918745,69.36111,49.361088,50.582027,41.55222,59.730064,62.258755,50.075844,50.259384,13.294579,106.8975,36.428387,90.186905,16.194443,30.37731,33.349796,73.52783,96.66751
60.771202,64.1523,75.18347,62.537407,58.301735,52.534332,34.250927,89.847244,90.22041,73.54704,68.08725,46.09484,96.879524,74.63119,34.614304,64.6789,58.66169,84.0056,-10.824722,77.38539,78.97768,43.222794,76.42542,59.204487,55.59322,44.40497,58.344482,33.465424,99.431145,39.07374,80.404945,19.623934,8.415113,27.744436,65.96127,84.1313
68.75575,65.086,75.51932,72.9507,51.84398,52.685127,68.57172,84.5495,96.61263,87.313446,82.32582,30.585405,55.063736,60.937912,45.544525,66.6738,80.08215,90.50806,58.294865,76.968765,99.20478,35.224342,54.50965,56.977745,49.77586,23.824493,54.74445,51.904865,101.77062,35.750206,86.58918,18.301521,28.974335,36.464397,74.50537,76.313385
55.846264,62.82754,83.64986,70.364624,52.45951,57.013386,64.08843,84.28857,49.221176,75.52796,72.64162,22.069775,43.989716,60.399315,67.611946,69.9382,74.85806,86.175316,63.59268,73.5241,80.112755,68.71099,58.169598,75.09665,56.620907,41.946266,38.420837,52.05239,97.85065,35.411587,80.28119,23.945274,11.693001,44.088123,87.341415,64.019875
53.96365,51.83028,55.891453,61.85804,78.54847,65.31726,62.507748,56.125725,39.631683,62.590572,66.142166,57.626656,65.38381,78.64278,65.47175,59.03932,63.306545,88.58058,66.99051,65.60281,80.492905,72.61457,66.76502,71.1348,55.871037,33.733784,35.519207,54.280968,96.19702,38.905724,50.65232,25.088331,28.560947,55.725887,84.60823,68.15252
56.616394,50.787647,69.8826,89.21907,51.69654,55.57971,76.951546,51.405037,34.302917,59.017838,55.655273,60.79855,55.268204,100.545044,56.853214,47.875946,95.81094,66.773865,33.922836,67.73242,51.7178,65.3917,69.95462,47.70256,48.812904,49.083237,38.57087,34.269012,85.090866,39.4069,47.678802,41.82067,27.22492,48.661892,74.09191,58.54386
58.15485,46.634132,54.54298,68.21472,42.730957,56.142773,37.296158,61.498524,14.922382,55.35361,64.157486,34.005745,70.00959,78.30124,44.13124,61.932617,32.249443,69.9425,35.379463,54.909008,60.70009,62.599087,51.513134,49.989063,43.65277,62.36171,54.826286,20.527206,64.88506,24.374388,49.211674,40.48805,11.023062,63.0075,84.98036,66.31785
49.149097,50.56297,48.592438,34.029396,45.72581,51.980263,60.355507,76.41659,58.14341,56.23869,57.675587,42.414486,68.321976,71.74913,47.94499,38.019627,22.553158,108.316345,37.60113,56.422203,36.16148,57.563995,42.61065,51.949085,37.144833,63.48282,37.322887,33.001347,69.03311,-45.341515,60.367134,29.51749,27.09434,57.84572,65.37983,62.51261
37.136814,-4.584732,54.555954,29.56859,22.87946,64.535645,60.505848,82.35201,82.08243,73.908195,59.902153,60.945168,53.802322,70.42191,38.624416,43.676445,32.92451,103.65059,12.681593,84.589455,48.94439,40.36146,65.46646,44.725353,33.14499,-20.25739,55.151672,42.500904,63.997593,17.06593,61.896706,42.78755,-6.3740826,37.09927,36.566147,44.560875
48.377884,39.43082,60.45569,43.603767,22.543903,54.800587,82.26901,81.91899,77.74979,82.48902,73.45759,32.20834,60.29311,72.39179,45.658466,45.341022,67.57823,93.4939,23.2263,61.988888,65.58411,37.331562,52.184994,45.08804,25.827509,0.92613316,51.989487,58.681282,83.15779,18.476688,75.015236,50.30095,27.276024,39.92479,31.522142,33.870995
53.800648,32.823097,57.904324,35.404686,49.119164,60.153778,57.402176,69.000626,64.98618,84.49186,68.01287,29.933748,35.469593,51.692516,36.336395,48.69776,73.63476,67.143845,52.400818,62.146294,73.183075,36.847572,57.349667,54.199715,27.09967,11.650854,50.687645,37.69646,71.08814,-13.236307,15.546085,45.043793,-38.91501,38.142944,29.833275,25.746235
55.1941,20.30313,53.10781,33.44338,46.52119,42.560364,54.612377,78.995255,56.34816,71.907524,65.343155,41.04917,26.129553,54.001225,30.327682,50.415516,54.662888,63.55443,78.43597,27.887627,64.48723,32.337856,57.739597,45.529278,12.994333,-3.1110249,63.285923,35.343334,52.080433,8.515593,18.770103,50.459835,20.949379,27.266092,40.45108,55.633987
36.00942,28.922546,49.488262,41.06777,82.5705,23.729448,44.80547,74.613335,50.40197,74.68829,78.90268,35.97352,30.73541,41.17109,34.190903,55.175003,72.35298,56.01689,63.58696,131.98422,49.37317,39.21341,54.046257,33.425873,16.782295,2.870347,56.428593,-64.84521,25.103436,5.793933,20.546806,-21.243,22.870518,37.264835,39.043617,61.896816
21.247631,16.744959,31.93852,41.47594,51.874077,29.165436,62.43417,60.57627,46.622135,86.276665,92.73195,33.25708,39.524456,52.030373,29.566658,53.132008,51.21074,76.16347,55.211384,94.44227,75.60758,46.348457,53.586586,19.354877,21.122488,3.8974056,47.266857,6.661578,-7.382242,27.297543,21.237808,29.54052,7.4523506,17.698616,18.712492,57.41069
24.452904,25.468058,41.331482,38.762764,62.44592,34.514755,61.57619,68.33399,36.19582,78.829,88.37808,28.36607,35.641735,56.134197,38.875965,36.18211,29.313541,71.85419,72.67784,54.234573,77.830086,54.954536,28.849556,15.795704,15.516539,2.9031992,39.935204,9.616651,9.882545,23.099842,15.293335,41.35644,23.172785,16.317438,4.7919827,37.653576
32.617123,25.946493,51.70066,33.194363,53.470837,56.149387,44.480507,64.97739,40.567047,60.762848,22.960695,43.368904,50.89857,65.54132,39.29528,35.26315,31.505537,51.68975,66.14758,39.2331,51.10927,47.397408,62.19292,21.170004,13.346036,33.82631,35.40498,11.54555,28.584562,22.19203,21.74391,48.92012,19.2869,47.212105,48.507584,20.64347
29.494564,46.186554,48.066864,29.412033,32.707886,46.208656,46.200703,72.574066,42.464134,43.662975,22.293316,42.17375,32.614937,32.256752,48.41056,32.75224,34.386246,94.09295,83.78772,69.378624,60.87438,29.384354,91.352844,4.2312717,13.735821,31.982233,31.836977,14.880728,22.152094,30.867613,17.680819,19.747383,16.925299,38.580498,46.215,22.927097
21.281733,38.951756,55.36927,10.902382,40.393654,39.559788,50.011406,63.676464,56.091434,57.874348,59.941406,21.26695,47.15045,51.905518,39.604702,34.413475,40.249752,76.25722,76.37759,58.153378,58.967762,24.362722,62.63472,23.291046,21.387444,29.041588,35.30872,28.375757,18.885166,33.205173,13.813689,88.65418,31.735376,37.728603,9.556433,8.889097
39.259228,32.510513,57.219032,56.437668,36.13996,56.0215,45.122963,58.752754,53.847393,61.13625,65.598206,19.015223,52.189198,44.650936,57.386013,46.016804,45.993687,65.53171,36.734413,45.18721,83.945625,60.436302,71.275925,23.968395,35.10207,43.342804,32.422253,32.01766,29.86914,41.182304,9.712121,61.060463,25.01844,23.62333,15.954088,50.312496
38.007896,58.247944,43.259563,60.289173,36.363304,68.653145,56.213104,56.47944,58.50934,60.53178,49.076958,48.412525,64.097305,60.990685,48.88978,29.405968,30.110966,75.22722,14.535753,21.633419,57.351585,44.16041,61.6184,21.435123,43.79062,37.026787,42.98594,42.010384,43.536655,28.371662,31.106947,45.914257,29.7775,20.491158,20.111147,39.451797
43.51681,50.602993,46.547363,47.982346,32.887566,57.127815,62.525085,35.9998,38.374603,71.31684,68.661446,32.62095,27.821829,54.464058,46.91893,33.84282,38.903988,58.547005,47.72686,27.457243,41.866894,30.298225,65.474754,13.039865,52.34735,47.605698,45.411243,36.639473,-89.71742,23.532042,-16.068249,46.708157,10.587349,13.19441,4.8277197,58.61425
38.67756,62.048573,29.078688,55.042004,34.264072,43.988995,37.43156,21.72062,38.982037,69.133354,28.762775,19.733307,41.10212,42.527935,34.66329,32.381905,38.11517,23.027681,24.013739,14.096923,38.19653,26.478916,39.71515,12.202143,36.080032,40.741722,26.359852,39.681915,5.933179,15.674333,7.6963897,35.57619,24.763073,22.276215,59.886517,33.816048
27.27707,25.563362,33.947582,19.607944,25.633707,38.457485,50.935963,21.64402,21.051132,43.08591,41.37387,77.22106,37.445877,51.39297,20.397509,23.27385,44.692516,27.196886,25.094841,26.870481,47.712605,34.404907,77.626274,6.6516623,18.489035,39.920204,8.771324,44.90461,11.213786,11.835927,18.962936,36.32448,23.078655,19.669025,78.64348,36.147373
32.1885,18.236687,56.231476,4.5631485,35.519787,31.378044,42.563614,7.733223,40.53299,46.670288,34.412285,16.471933,26.890736,67.84739,43.74093,24.733166,24.018312,60.258278,19.677837,28.919361,40.361046,42.284023,60.91133,25.211113,20.830645,32.97931,25.16869,35.746296,6.6029725,20.712172,31.022472,37.803474,30.14304,19.411814,87.67811,36.3638
41.149326,22.973904,61.24877,19.217632,36.516018,31.504818,36.136787,10.821293,46.89174,31.136381,35.419655,27.151176,36.34531,50.804703,58.79967,39.355877,43.62868,69.15772,32.05136,59.45889,39.476097,48.386837,78.78385,28.133213,19.564318,33.433613,36.136665,39.11431,26.987793,14.712048,30.163652,41.786995,17.993946,18.832098,86.42126,37.948574
42.081707,10.902837,46.472977,19.242477,43.723824,37.739323,35.0393,15.33491,58.844902,46.114853,52.632202,39.66398,40.092506,69.16839,48.929066,38.837833,51.010216,73.66299,48.98447,58.835915,48.56953,48.189224,81.98117,13.48942,29.81589,35.83176,29.851988,40.22558,31.904171,36.50785,33.23498,52.85711,24.118793,34.149586,109.710205,15.530029
28.584743,14.695864,38.19037,23.417397,30.547792,52.0926,54.679386,20.716377,51.665565,63.55655,59.041065,53.710594,53.711185,59.695076,33.234856,66.65129,28.289997,90.03808,54.76748,49.216892,61.871838,53.23445,89.251144,24.042217,22.162148,14.744616,26.732492,45.848545,29.815634,32.518917,27.346046,46.763798,14.75086,77.628845,77.4728,25.213856
30.896872,17.997198,37.56047,12.17228,23.153498,47.255707,73.387634,39.299232,20.614908,61.130497,65.33197,56.442787,57.245346,59.279633,33.838108,47.02251,12.363302,82.31824,74.77496,54.251865,63.126225,42.19975,100.425766,25.41628,36.98224,13.734812,25.722664,23.89041,31.610775,35.092754,50.253086,48.707027,18.27033,63.520412,63.969494,33.048756
36.162937,34.567657,36.38353,24.684175,30.036736,48.746418,91.90233,46.080994,31.710833,61.327908,52.042603,39.128418,58.480568,63.623657,30.53742,44.12803,-2.0844898,39.209515,71.32211,66.11463,58.911324,55.282177,76.00423,23.696365,22.677454,32.374508,4.6215134,19.385942,42.880157,22.42818,30.455963,26.140127,23.528622,51.815853,68.570114,37.900734
38.5905,26.68048,36.617443,30.205458,24.971657,49.105595,99.06972,93.8524,54.544716,44.30162,54.418793,26.424974,19.448013,67.82439,55.392017,19.119596,30.069908,24.248314,86.49425,102.949776,57.078407,52.661385,72.143074,15.507705,15.942373,28.687609,31.406948,11.930262,36.859455,11.359711,27.525852,13.725382,33.81333,45.943325,74.08893,37.811348
31.06903,33.044758,27.06922,23.861984,14.955063,53.64814,110.33805,89.19226,39.257652,77.23601,64.373764,41.063564,47.111084,72.9374,65.341446,40.00886,43.21822,80.22428,68.237785,55.74514,66.255974,34.90051,98.79434,24.565361,20.117596,24.065578,26.664385,26.995356,39.568172,29.72979,29.677435,6.9808016,10.642595,37.646294,55.63993,37.205345
29.961134,35.011368,35.69758,38.046688,33.459965,48.027954,80.411896,89.12138,28.662878,62.915306,53.47076,35.162792,22.593573,63.553406,74.133095,33.905678,51.119907,54.807373,46.224594,28.94136,67.702225,20.501259,61.581966,29.895033,21.115873,26.48144,43.91068,-0.5512314,38.355175,23.560179,26.903887,7.5794916,38.31271,40.570774,55.70967,35.796402
27.873905,44.988262,29.641697,39.85282,31.831226,55.300205,66.02098,67.51756,21.799297,29.046385,23.20167,7.597641,18.089592,29.940674,67.557274,34.16978,44.912586,34.628983,31.872147,26.62231,40.420372,53.626923,48.82621,31.459074,26.426771,32.075302,30.153305,3.8132515,39.5056,30.737091,33.41369,17.05696,43.261444,53.693237,55.476288,51.318916
33.91058,39.819054,27.984707,39.33257,22.161077,43.71167,74.884895,65.94061,9.943243,26.463041,23.042654,51.308907,32.19059,58.60859,71.71248,39.81819,31.937288,40.364372,15.052082,40.697395,30.569891,62.417973,52.039722,18.039328,29.167234,57.791527,49.369267,21.380396,44.05124,46.648144,23.545832,12.778296,34.2186,52.59994,54.784176,54.93512
38.885483,33.459034,39.300243,33.102493,24.820814,51.920418,71.762596,73.91609,16.272005,35.35576,27.665033,52.273758,61.87741,51.641552,65.8204,29.139025,35.465046,40.44162,50.053684,32.22318,49.428738,62.857353,57.071686,21.918617,47.50027,-13.668388,42.423874,38.648483,30.69217,40.19366,46.788345,12.78352,32.17295,28.633902,37.90293,43.72603
47.145676,40.50792,47.817417,22.784657,25.626492,56.380512,71.19859,77.34958,37.24489,39.623184,36.193012,21.772865,62.0398,55.98554,66.86274,35.61677,35.942677,42.515755,23.003616,21.708801,38.214096,61.51082,49.277668,41.72205,33.30254,25.876171,36.003212,22.1129,18.557068,20.248657,23.313652,28.24083,40.636425,28.444653,45.121826,77.09126
50.40756,55.539906,38.83965,12.874109,41.851273,57.0946,87.91598,73.653305,35.767765,44.147,41.814816,15.897099,62.371246,60.52858,56.46345,34.865665,43.801746,49.25003,59.106922,25.555075,50.75279,50.975742,77.20951,48.165855,24.082497,21.166494,32.8748,27.076897,19.023567,30.675762,15.42843,26.167492,37.659748,20.928432,33.895775,48.774536
37.098526,62.86572,34.598625,12.9071865,31.12917,70.41212,66.61897,78.30824,39.655533,51.798023,51.27033,17.28211,5.2137146,65.05064,64.44744,38.14149,40.04657,55.636772,37.05852,22.97483,46.891335,75.29714,102.94191,40.441032,28.488169,25.430481,40.027966,24.697262,19.054983,35.90065,18.009968,29.976284,31.479425,21.746983,36.625893,38.08158
23.188435,54.94589,62.01886,31.170914,30.51279,69.60373,63.74895,114.59172,38.33301,37.67141,29.001318,55.194786,63.52898,54.772156,66.22403,36.546684,30.711077,43.34147,68.321304,26.131054,32.82534,71.56804,80.08127,38.726173,25.895918,26.220373,41.17491,29.664124,24.55215,47.98817,57.270844,46.963043,53.341263,39.692432,46.432938,38.715473
28.837671,59.967064,59.156185,38.49596,47.171314,58.899044,68.69434,99.65168,25.08854,36.070328,54.432983,38.862167,57.035023,69.437,77.96668,44.282047,37.06844,38.47861,75.49494,53.778408,45.81384,92.260864,78.23099,53.278053,24.91018,23.31467,25.176958,33.11341,45.036957,39.342525,66.71916,37.3925,45.131058,29.437346,43.358406,30.13141
43.847546,87.59474,49.43072,44.671246,61.295258,63.973743,64.099045,99.51087,51.085987,48.459843,57.91912,45.17923,69.81943,90.70433,69.70595,20.654247,47.87732,48.920372,72.02,45.290066,53.422504,100.912994,94.2396,63.996326,20.230999,11.115679,37.892387,34.65947,52.08516,38.867428,54.744457,34.984787,12.335926,56.886616,46.83083,34.02392
46.345486,39.899063,61.76366,35.625298,40.55033,60.90395,63.944748,98.639366,59.2525,67.37252,56.492416,75.14479,27.590431,93.599,73.72246,45.7633,53.92068,61.718243,53.32412,48.54094,54.009605,88.3928,82.25167,62.18257,26.81181,25.733313,32.757507,16.541101,49.9581,42.300404,62.6709,8.682667,-11.610477,45.441704,48.81735,30.306675
59.09796,52.01865,61.593586,33.69435,43.66377,54.979633,85.84698,89.976364,54.66588,69.383766,77.868065,84.87434,69.428116,73.31177,50.255875,54.68466,55.85922,38.89314,46.00789,62.910107,48.642376,69.8336,61.730232,64.46723,36.03901,-16.820711,23.786148,35.02444,62.156387,38.45629,61.778046,-2.6616535,26.397942,65.59338,43.986504,48.597733
54.29051,56.105324,57.84123,38.909893,44.44695,44.593586,71.529,66.99698,64.324005,75.64622,73.915565,62.985924,55.151264,98.42342,63.356495,51.152134,73.51509,35.15589,51.202206,38.83843,66.61708,50.84113,57.299507,52.99522,27.1041,-12.470383,37.777546,13.765377,63.047993,38.350662,49.727745,12.442444,9.67066,61.86434,40.780876,46.498978
26.766125,36.964725,47.391403,56.775936,37.33439,24.81143,63.60208,67.78125,55.350693,89.68319,74.904076,71.44682,50.7132,76.45236,76.28469,58.306496,57.571766,43.474293,55.667564,36.21157,54.34397,47.20454,62.099827,64.96421,29.901075,7.1414695,34.23005,5.1744,77.91977,48.401905,44.103912,15.220965,12.709147,55.455032,44.912228,44.780376
37.90855,28.509703,47.443233,46.175373,52.332798,46.992966,72.14356,46.606,40.444187,73.43697,66.70839,42.478058,37.08056,52.334427,60.520084,52.11187,47.981358,58.76749,76.14208,29.05578,38.09674,42.078068,38.33681,55.109543,38.78136,5.814351,24.859507,4.6430964,65.20014,50.753468,39.4742,35.130367,8.08428,57.43646,44.680477,39.645073
39.704853,41.78517,38.77237,54.569336,37.16821,36.883526,40.319595,41.534637,38.800858,58.74266,45.51018,59.603386,31.724674,37.7854,60.895805,38.90547,72.08904,46.90757,72.297485,27.987286,42.846832,56.320717,46.60861,59.292633,52.934937,-1.1813412,25.178257,16.609306,41.866913,52.09214,16.670475,29.797928,30.451784,54.11177,43.726067,73.75849
34.62058,40.301662,36.9885,40.67384,35.565975,38.20737,32.63575,52.38081,42.867626,61.471703,40.18304,62.71007,62.313164,37.632866,61.2065,39.773117,54.471245,67.790504,32.971127,40.69814,31.568007,33.318237,59.00063,54.663334,39.78424,15.264766,40.702847,13.325039,32.12055,56.084785,17.184105,-13.017838,8.717993,50.05609,42.489166,48.826572
28.619307,49.27952,49.009056,46.64734,40.777615,32.278877,37.934605,45.499496,49.515053,43.573112,49.0296,34.24115,18.183054,46.01557,55.849377,39.25774,44.33035,94.17754,30.853086,35.41629,42.85814,46.864433,56.493088,56.66387,41.131584,24.94597,19.793056,18.844269,30.179201,46.568703,18.885458,16.41986,-9.248314,37.667725,44.79948,46.60139
49.36913,52.320477,58.61371,59.944107,35.08575,35.016975,56.87701,43.683743,43.156616,43.066525,59.993446,44.673077,45.877476,54.00922,49.76259,31.397978,36.81436,74.82109,49.801212,-14.81255,41.770813,28.98846,52.80973,49.419556,41.348698,17.645876,8.448311,18.940557,26.031284,46.79035,8.151744,10.446764,28.128021,33.09598,21.139063,47.4638
46.122387,44.528305,47.489304,50.033894,31.804855,25.169575,47.382465,52.3253,33.720726,57.856415,50.716034,40.546375,49.684002,67.98197,60.99468,41.165245,28.184277,57.730625,48.073658,33.516068,62.237408,-5.367775,53.739117,51.04561,53.325207,6.172031,20.305323,17.312286,-3.4844913,23.121418,19.40336,-3.7024632,30.190014,28.994013,21.746767,41.87116
37.320335,29.78487,45.754215,34.11714,31.775904,28.606318,48.029415,49.030468,39.49483,48.84327,39.23406,30.808243,34.679398,53.42567,72.23373,33.875286,20.960918,58.571278,53.60823,28.486374,44.290066,14.850433,38.286354,50.052826,41.982487,23.298939,27.220966,19.831888,13.779569,15.176,-3.0315952,13.865349,30.474117,8.187038,24.62408,18.376207
46.680595,13.789311,26.1689,22.14436,25.440107,43.62404,33.706867,54.48504,45.653625,55.959198,44.92043,18.626593,32.683914,29.130514,80.79431,38.682724,23.795574,39.941578,25.520565,14.3360405,45.670567,14.715328,62.766556,34.34025,39.26432,27.183376,26.060966,20.605074,13.266178,12.023943,-13.642584,23.851126,26.125322,23.590557,25.062065,34.005005
30.905704,30.48795,42.59505,15.191489,22.717754,52.145397,8.994051,57.424324,39.453865,46.766655,64.44621,21.8839,32.893024,30.395851,47.87557,33.815365,24.777828,34.874687,22.986034,29.66652,36.588417,47.993973,85.364395,23.050476,35.669456,45.18399,55.69874,30.843508,9.456243,22.771452,2.2536664,9.094805,27.848112,22.3488,42.811592,26.107353
32.11228,37.504253,21.549946,27.10393,30.22943,27.835297,42.971413,68.15516,36.76239,50.98032,40.880165,27.804169,43.033714,49.50649,33.18889,35.51944,16.254457,34.58251,14.747196,39.535076,33.147568,73.01102,70.488205,19.86544,33.072624,23.207489,47.23474,50.65331,13.410922,3.5900726,30.65028,32.84569,30.621447,46.701954,46.44575,26.691954
35.591736,13.963703,25.37474,24.247341,6.3218775,33.045044,69.09027,85.37134,53.331676,22.395182,49.91204,60.50296,120.13868,60.398743,47.765934,31.17139,37.30123,68.0885,16.146568,39.79368,45.544884,82.11381,100.24562,20.029346,40.31686,39.629314,35.271114,38.84902,15.435815,10.011692,36.198597,29.175817,47.687828,50.601807,52.948944,33.84675
35.561825,13.217865,35.356964,18.741453,32.165287,38.55187,106.98462,50.92673,75.120926,66.18628,61.30676,93.130394,74.742905,81.97737,59.187946,38.10082,44.772324,78.21147,58.33856,66.282364,81.09143,131.77275,105.3879,25.212334,35.956223,37.833042,34.864742,34.915398,23.049242,26.443195,63.33223,34.19457,73.810074,30.656511,43.263184,33.220337
25.715532,36.881058,37.663128,4.8651676,42.643097,86.02523,126.211945,49.402496,84.82865,69.96785,78.39837,92.21232,79.54899,126.15011,66.57474,48.985355,37.457966,67.85062,57.23747,51.38236,81.95411,111.275375,81.29553,36.24148,25.156866,23.968416,31.724382,16.07862,44.92294,22.310005,73.5989,49.098614,80.24215,47.33075,32.15103,25.806223
31.87925,41.96958,23.699226,-11.596273,19.257172,93.134766,105.22233,49.346226,57.43438,81.226364,50.105682,79.26917,80.62742,112.45476,58.248062,47.033016,33.341347,64.44452,22.033031,52.67563,87.84289,46.709133,83.798065,31.537937,38.11725,51.94823,36.69498,12.700823,52.440613,30.114124,57.231895,18.887304,78.00679,45.504475,34.357746,26.679537
39.82523,32.51708,73.48093,9.726408,23.225122,75.215385,101.88684,59.651505,63.65163,70.004906,50.013573,45.814453,50.783077,89.3451,65.104546,29.716618,22.42801,59.04818,35.21652,78.09439,66.38717,75.05253,75.17071,28.106419,36.17837,43.412174,40.849785,24.016808,47.031967,22.532331,50.427258,20.952255,78.66697,30.842228,27.006147,28.470842
22.829847,53.116554,80.180244,19.344458,28.523664,72.521706,91.18915,78.88367,61.903954,49.735504,67.691444,37.359543,89.34277,47.362045,75.24116,39.80761,61.88874,36.52374,34.788086,17.185997,67.192825,55.633713,73.70469,17.334885,32.40588,52.41401,32.517166,29.578173,60.738247,27.062801,52.8026,23.783064,67.75306,21.750416,39.11976,16.540146
24.878447,72.0465,108.73456,31.904652,37.148895,48.143436,71.3625,87.05563,61.086643,69.90452,79.61476,61.89862,56.990273,60.450153,77.63405,64.31114,55.60487,24.95901,22.995102,38.55289,63.487587,64.60949,74.90071,22.097902,29.848688,69.34213,37.3255,41.694576,56.312862,20.163206,49.023373,18.508902,82.83259,18.68905,33.782974,15.869294
30.758589,72.55409,74.86853,67.478424,66.277855,46.798073,80.62021,72.28127,81.12921,70.94309,79.51554,66.27243,53.008945,93.5374,68.17512,77.64549,39.118286,39.997223,37.592155,39.058205,52.847057,63.875523,69.14107,30.17114,38.03341,58.54522,16.23075,35.807156,60.00714,-49.199135,48.421116,15.5264015,84.584854,20.16488,23.89661,24.505545
24.667356,43.50176,80.282394,60.114693,45.466415,61.057076,87.570465,64.402664,70.54906,73.637505,67.06973,54.945786,70.283226,76.1918,62.702526,82.69174,49.05859,37.573353,37.18309,30.139763,61.54584,53.205868,52.242413,33.644646,36.607605,61.7994,26.844568,31.643124,81.41895,2.0179095,40.991825,25.400957,91.216354,19.722229,43.81672,36.799065
19.231699,20.954506,33.438087,56.657784,27.095024,59.875988,84.65007,72.408646,66.69891,74.71807,75.90222,30.47778,51.89012,69.54073,59.1635,61.561478,34.42948,36.246185,31.841362,18.294296,61.296284,40.013977,41.50408,18.580942,30.707102,68.20025,38.835297,24.569702,57.903328,3.6882815,41.08397,40.006493,83.128586,23.465712,60.89602,32.622215
46.786415,28.041094,47.815964,34.356804,37.13768,58.318123,52.674026,57.01909,41.86282,75.30961,55.025505,34.976856,31.078182,41.499977,61.87083,53.91788,43.759754,44.48864,13.215881,43.184677,72.885315,23.914513,28.307915,16.523602,35.014507,67.464485,28.120474,24.377253,59.27822,5.471381,22.113459,10.2963085,72.553246,27.253817,51.059906,42.192356
26.238138,33.257904,58.796913,28.635893,44.78262,26.882565,36.216656,65.885216,42.41942,74.78612,58.047325,29.546366,28.75293,55.432426,64.65498,36.770874,47.22169,37.87487,2.7155342,29.62416,38.896294,17.213722,53.2197,15.017674,15.518471,47.784546,29.218239,30.698997,51.34037,11.384746,6.5520115,12.08863,42.660793,19.916819,28.936155,54.66377
28.819265,15.230875,68.14618,45.689003,42.043106,43.42567,29.818598,57.42381,61.72205,56.74079,52.98717,39.82317,47.352745,40.45281,63.315327,45.41735,56.262817,41.284386,28.645805,50.263245,33.241386,25.184978,80.89852,-14.524138,27.413137,60.445225,12.337569,51.669334,38.163593,14.53133,8.662457,17.292093,41.057144,26.221233,59.129642,51.004417
35.469814,20.27656,57.670864,70.41155,41.468018,50.91846,47.402042,63.236,27.486732,55.18478,47.732727,49.133408,53.387413,35.110394,71.994934,57.62911,61.52537,42.70831,70.154045,47.76127,61.04704,41.330357,73.84387,9.466034,31.273022,62.886883,-2.8796282,42.54436,43.485714,12.75674,54.935375,25.47712,45.686234,12.647684,66.87597,51.66535
36.884007,36.97957,30.609797,84.49901,29.01456,48.652157,52.8711,56.94335,5.483017,47.464096,41.295174,33.907516,51.765774,55.183765,73.8122,51.89032,75.504486,48.302364,71.59958,55.941498,45.33204,18.499561,61.141037,12.187532,19.41196,57.181503,10.3633,35.37043,13.892654,11.803753,14.236361,76.622635,43.437866,19.786142,93.41043,49.36425
35.91326,49.94645,50.535862,43.596653,25.649885,32.826767,39.653725,49.166363,35.488808,41.855274,-2.030426,41.35536,-4.1185684,40.19528,73.854065,40.99579,40.625248,56.668404,46.146713,49.770767,24.995289,57.112015,73.42209,22.350792,2.062048,57.49347,10.661959,38.3611,10.155952,-1.3198538,15.740659,62.362007,40.022003,28.047333,83.20138,31.358217
17.433163,30.485275,37.040253,42.76351,38.26024,32.24505,54.493202,55.923046,39.140667,42.962116,20.1546,35.479656,42.493637,47.54196,56.684475,39.458626,47.051605,47.243942,56.8506,8.395821,55.348644,18.792522,58.432022,2.485299,2.6281362,57.333687,21.856108,44.345478,16.834667,9.391833,10.731919,44.22944,52.21205,26.37648,91.032005,43.840996
19.417583,24.062225,31.541256,27.688663,28.4495,28.04964,33.834045,35.5454,34.981087,47.742565,39.832027,-5.105551,24.142384,40.002438,50.50486,36.568886,55.791115,50.52912,44.722748,31.412338,16.900072,44.395542,54.07661,20.492006,16.73435,59.821056,-3.082138,58.35156,13.68379,20.043741,-0.6422329,42.558365,24.382446,36.331726,85.021904,65.666176
24.50125,12.703329,56.062695,17.861963,27.257328,31.876883,28.290514,26.835754,36.568016,44.963314,41.27677,20.902885,29.915443,25.173302,58.820213,38.945614,108.92636,58.23052,23.720516,39.00793,27.785688,32.779182,34.20527,41.977592,26.994637,-19.372353,15.724419,41.62736,12.119023,17.288187,15.571449,44.593998,2.420662,48.69063,83.613304,38.192272
21.983953,-15.679256,53.80931,45.079247,42.33313,33.39025,46.10518,24.194164,60.153934,38.8324,58.631615,24.706875,50.77407,25.986824,66.5742,41.33826,57.01082,40.40664,44.347656,64.76192,61.25852,27.995163,52.198402,37.777473,32.021397,1.232276,23.20026,31.492683,32.501144,25.30834,12.908033,36.404797,-11.232103,30.334515,84.32092,38.35364
36.1665,31.132517,44.843475,68.88063,58.098976,54.984264,54.42549,25.634794,70.89727,62.333065,72.4749,41.179466,57.081017,27.50068,61.620308,38.7281,72.40568,52.410305,57.39957,57.918648,58.204567,43.14154,63.65657,57.918007,21.7454,0.16895533,32.774162,31.731106,29.387815,25.691881,12.013438,-12.774332,28.147667,34.905106,77.82139,46.111298
34.488323,52.20463,20.423965,65.10587,51.53761,54.11856,57.87725,1.7479954,57.66045,71.40216,51.32166,48.393322,44.902317,50.66606,60.639946,44.2091,81.305626,47.752323,45.141453,56.077053,54.10624,55.150208,63.36078,48.47652,18.04922,-5.4132156,23.528263,40.345963,22.286423,32.933735,0.61139965,10.911105,7.5050297,35.165524,68.76298,52.498707
35.36158,15.7204895,26.034986,46.433857,46.298862,78.99492,75.080894,16.358234,51.115547,71.648865,52.06575,60.688515,52.18415,63.762436,52.01837,51.248062,73.48243,53.181843,44.096325,43.64965,44.088707,51.770203,44.571495,50.39389,28.335253,10.761181,-46.696857,31.750113,24.368494,35.81974,5.912175,26.114273,7.6382647,54.2284,66.63722,58.812336
27.1698,31.484245,72.656395,33.370926,38.41013,69.21827,67.83435,78.25751,45.917736,57.41976,43.985603,71.85306,50.69627,58.36636,12.0860405,38.8451,53.000355,62.132225,30.654758,23.33704,44.854046,57.08439,45.13012,47.47099,25.958471,0.06405926,14.063554,28.930084,21.874123,23.271627,7.0831437,18.18528,-0.37043953,48.616276,59.42003,56.962494
23.522488,43.287415,73.77624,54.601875,49.329163,65.40119,86.246284,81.05924,47.787556,47.82638,50.033783,55.007423,40.707096,61.291542,20.326572,47.356594,48.681904,57.4027,25.539913,50.13975,75.217804,62.80246,76.71906,24.552176,22.364761,13.894173,19.794756,14.20108,28.230476,9.6729555,7.495067,22.065596,34.614307,45.533497,79.91036,32.389965
27.703253,43.386616,62.526096,54.782715,44.560932,55.713512,76.427376,95.98153,51.637794,49.99356,48.27502,51.051617,64.7294,64.97345,48.692253,47.83662,52.733727,56.192665,35.877846,53.02521,59.6602,19.963493,75.76628,22.578056,26.873829,16.476593,36.458115,8.074067,28.589642,21.870733,4.478632,-2.4615707,30.401932,18.340961,94.85091,24.62721
33.27963,70.99437,56.42311,56.07595,23.882315,53.640705,65.298065,85.47143,46.7307,65.43561,59.455196,33.31628,30.273777,58.743423,24.530996,33.21985,56.77192,71.82147,49.03706,65.971664,55.367107,39.583557,73.793304,3.0532694,23.420374,5.747156,28.703335,13.113277,27.035347,9.558515,20.436975,14.116056,42.755886,28.795944,126.925255,47.604874
35.322815,43.178543,44.302185,47.339825,29.66351,60.90023,67.530846,77.54005,36.24498,66.8711,70.54523,34.73325,44.966736,64.87719,37.980385,32.690292,64.09128,55.057724,63.859364,55.786484,64.511635,48.051632,79.007324,17.270636,10.771526,20.876959,6.7974534,0.44518757,23.428682,7.6350064,-3.9502678,20.571712,50.959587,7.5330963,118.23941,39.38263
35.971943,24.339281,54.56041,45.323505,35.969463,43.339237,67.41457,71.82795,34.401707,49.03821,35.8516,35.939503,53.634216,88.06888,48.21922,22.164804,60.707428,69.00607,56.365913,46.479916,34.837868,49.054497,75.08847,12.334132,18.227402,31.619877,11.968544,20.555107,23.831818,10.433233,8.589159,3.3818254,61.514153,14.166836,105.97956,46.10492
33.53096,36.59664,33.419327,37.444405,58.821236,41.952766,78.419106,73.43737,33.49195,46.759907,39.36445,17.904919,69.31242,55.449066,49.406395,40.877045,51.14665,64.82503,62.569313,41.89894,50.575615,57.911358,69.488396,-6.7947216,6.761696,45.821983,8.723207,26.60686,23.291609,11.264345,8.588364,61.895714,73.73231,29.43036,112.32551,26.729507
32.8946,14.284524,25.513924,42.046997,23.37672,61.360325,64.53419,45.692997,48.788425,52.873074,38.579285,41.729706,64.34705,51.415436,33.61012,41.234173,60.422306,46.888893,56.109196,50.002647,39.994728,55.437035,69.4056,-6.1670485,3.6110473,30.017685,2.8062334,22.919199,39.836807,8.188182,2.887354,29.989792,53.95277,49.456924,61.803604,26.477242
27.606749,18.29668,63.392586,15.259987,28.604939,57.569572,60.80977,94.83768,43.64931,50.0299,34.40927,44.011642,55.652946,69.372986,38.33391,38.697426,49.59935,48.510746,77.40183,61.4809,55.877354,71.90455,118.994095,7.7345533,20.477373,44.56677,19.095922,29.3025,35.23144,11.261755,-4.4460635,25.146439,49.89603,56.917873,58.971207,19.934164
25.708904,24.62667,43.474808,50.639576,41.127083,58.381233,76.190994,78.41553,74.32314,51.326595,46.421494,40.420753,66.91093,62.366974,46.372005,28.727163,41.092415,57.72134,93.41234,61.23423,54.253212,100.93834,94.986374,15.209299,20.921282,36.782936,14.807353,28.221367,31.880947,2.9594536,-14.405548,33.10132,39.293655,57.58288,49.782585,30.463856
26.48964,40.3526,53.926723,35.17703,38.581867,67.58927,70.71789,73.27079,55.066353,64.07995,72.01148,64.577866,83.619675,80.93723,58.525696,36.464653,39.649994,46.834415,87.07574,72.36965,59.454235,103.17667,105.07254,17.602306,18.155499,38.53519,15.691014,16.42834,24.015114,18.95672,-16.305119,26.388998,31.33081,17.685421,42.8593,22.405592
28.541203,52.83429,59.88439,51.440582,57.795372,67.62299,81.12603,50.68107,41.833157,60.393166,74.06343,75.84424,73.03214,103.217445,48.606216,55.146694,49.030533,51.49641,69.776276,57.94604,79.485374,47.117626,99.065025,27.765938,24.013964,34.953,28.575695,9.585438,23.405682,18.378088,-118.024605,26.795012,53.82469,27.571796,51.911304,27.535885
42.719536,55.001244,51.501633,52.527798,70.6775,62.53151,84.16001,69.39976,43.859188,46.827614,50.18701,21.117928,34.555183,81.74216,67.719315,46.98542,68.63403,57.49205,55.30654,50.035374,57.032043,68.353676,67.29945,19.046045,11.811764,36.656067,21.553165,8.454288,6.461602,14.233748,19.330967,37.0533,51.81321,34.45827,57.59075,45.952053
44.80712,43.877228,59.794907,42.565617,63.59677,71.713905,76.09785,76.673294,50.892418,47.862236,62.99161,46.66779,54.552498,55.94911,52.71369,40.050823,72.836174,63.925014,57.70385,31.243914,65.96019,75.92145,76.53152,23.779015,0.22125816,27.816418,16.5846,13.874798,14.675905,17.365255,20.328058,22.523037,32.60847,29.631826,59.174995,42.355297
44.653168,56.50939,31.221415,42.885754,61.830135,66.211845,91.84801,55.17353,80.18828,59.803757,42.938835,25.6904,75.240555,71.52344,69.39645,40.67741,60.723972,65.34544,30.382973,48.263756,63.12247,87.66793,95.85869,22.030878,20.04689,29.789894,17.377636,21.419064,19.91308,6.4756165,13.301299,13.05986,25.004402,58.84504,68.42355,50.208405
58.666763,51.637856,85.442894,32.945065,57.367947,72.2473,94.161,69.58807,68.3665,78.043755,74.480675,48.933193,78.70276,66.89527,58.98851,54.049374,70.601456,61.30854,49.723137,63.52659,72.5461,111.875565,78.479454,8.253407,21.009851,34.11245,20.673092,20.621323,11.550268,5.586436,37.20157,17.13623,37.765533,38.885994,46.35959,38.56135
53.8886,48.58947,62.83702,57.27221,126.78047,51.87471,96.22734,50.260452,65.49129,76.65636,72.67355,76.31462,105.23929,72.97384,85.280716,80.514015,62.93657,58.067886,25.175137,78.249794,74.07478,130.01892,82.87963,6.4527435,27.9093,33.955624,14.189145,20.47815,24.999931,6.2644653,7.2988625,4.2718806,36.870975,45.81409,61.772343,51.79793
62.49245,36.487587,45.52112,39.41356,58.72523,47.96646,83.38324,33.1053,82.81185,86.68088,82.719215,75.19692,109.33791,104.87361,86.77411,67.64171,51.777615,75.073296,60.507927,90.73733,85.10324,68.637314,57.09457,4.5451975,32.01782,17.726501,28.403124,24.68525,33.776882,-4.6723423,14.277203,19.133114,40.42279,47.90369,56.448986,89.99538
49.125793,33.838467,31.879086,28.66299,53.95947,52.308807,60.905006,36.899746,94.880905,93.29118,88.39655,41.50168,92.02907,83.67,68.01248,49.61087,60.946415,80.74858,58.85401,17.087997,116.48004,100.00116,38.69069,6.4091444,21.930447,23.067505,24.03482,16.10762,36.038395,4.369364,15.656501,17.04996,37.237568,53.814648,52.211742,68.99202
16.221125,34.424683,34.54574,21.51144,23.45846,45.1226,53.125233,38.43971,38.103615,93.68188,95.23844,71.20609,53.91512,87.31952,58.94524,60.78301,48.738815,88.86644,69.39935,34.53999,98.28121,99.82467,52.14785,16.676165,6.4125175,32.05124,8.4866295,25.285013,39.875465,-2.3134804,18.357492,23.788084,39.12558,57.138706,56.751053,99.664856
10.229571,-52.69077,22.31718,52.38221,50.379982,48.381546,53.3385,44.27975,32.82735,53.62352,56.898346,35.18611,39.396626,98.7565,43.72742,56.196304,56.797832,86.72805,91.862114,-0.31339264,49.03313,49.395256,52.371696,20.48283,9.631012,38.256153,21.271961,24.314592,36.945126,4.025736,23.396832,18.17852,33.35655,46.220448,25.515339,61.860947
13.614588,26.464977,39.224953,26.571821,31.42612,37.790085,37.69878,49.547096,32.31436,44.74254,55.996906,33.8283,48.816467,62.213654,36.10993,49.159332,42.619156,84.91121,89.13927,25.126106,33.00203,11.487183,73.3919,19.137793,8.996471,-4.380253,42.63346,39.737457,42.37033,14.724415,26.116955,28.551186,32.41034,54.962784,-7.5480766,50.02477
24.605629,26.824284,32.914467,15.585696,24.934721,44.08547,27.530264,48.247463,47.020493,44.46145,44.263687,25.037569,13.860029,55.133743,12.634844,49.7959,40.21135,86.768394,76.38103,28.326506,39.04108,62.70835,72.995514,13.884142,22.950317,24.765377,34.194263,25.802523,32.634014,38.28907,10.893919,28.449123,15.456499,55.44633,96.578896,29.245884
24.77053,31.28522,37.140766,19.427437,42.347656,44.50511,55.093094,60.452785,49.30517,43.51132,59.563007,31.617815,57.71444,73.313866,29.320663,57.129105,46.473274,78.609344,66.25891,35.05192,38.923573,67.16574,52.702755,21.70537,36.040043,45.382523,23.935457,24.04626,26.30872,14.499855,0.9767113,30.951056,11.08742,58.611923,71.46803,43.069763
-16.112335,50.610115,49.679363,21.84569,54.725365,66.27205,51.941578,64.90676,58.869694,58.58569,48.533962,53.449123,34.180923,69.43047,36.150303,48.580116,80.33113,84.3226,78.22601,47.574368,45.228382,59.955765,90.24202,7.31102,22.110884,29.64328,14.272438,26.879578,24.602522,18.91994,7.326825,25.87877,17.81803,57.839073,58.5036,65.262245
15.789298,53.415356,67.79956,26.081015,54.68539,69.42823,47.19363,63.697193,54.322216,70.23084,80.22546,44.784454,65.11019,59.49481,27.357313,59.94533,72.60984,66.00733,59.27394,48.547005,26.893393,67.10433,65.75616,20.074066,18.839325,41.86055,13.535284,13.867043,31.82584,4.7339983,-9.9526005,28.28039,24.946854,68.9321,46.04164,71.10123
17.55294,75.99211,48.49272,24.921267,54.510597,38.825356,45.642807,72.92062,74.116554,59.802048,70.7587,66.44652,41.298573,48.750736,3.1376953,45.560394,79.43353,76.08733,60.969246,51.444176,56.899414,73.75969,81.601105,16.549994,15.370803,26.937359,11.322054,17.582664,34.642933,-2.5171838,17.935907,34.160507,27.755955,52.63836,60.98891,79.25949
16.091171,46.483196,-1.9669685,25.56971,49.80434,27.023037,61.45623,62.344753,68.3331,80.385956,82.13115,4.9065704,68.37478,70.38564,34.354256,52.85326,62.608887,60.83452,79.21123,27.709934,65.11023,83.3409,74.712875,33.366676,13.543843,3.6011372,33.764145,20.28328,-98.56914,5.266362,0.9882355,21.319756,27.834476,46.52275,61.431168,73.12785
24.656452,36.10908,-11.164874,57.72293,40.892735,33.545288,60.056007,36.673393,66.19259,73.59622,67.86076,45.392605,50.959618,74.09421,38.130592,47.31619,61.147007,70.40423,57.29287,-13.704079,52.55741,83.0663,62.09782,14.278654,15.628028,30.001156,37.70214,10.649679,10.216306,26.63189,13.13789,-0.33449173,23.900732,64.64812,75.76402,49.00535
27.147928,32.26149,7.4473295,59.103462,46.755802,6.0904503,58.452385,16.976694,46.945995,69.70076,64.227974,53.37095,37.51402,71.97884,38.18908,53.93078,21.279575,92.63446,65.8694,15.454144,57.442265,35.90055,46.10621,-7.0598774,13.664426,39.633076,18.362316,25.804916,27.776659,26.356735,21.507524,26.885471,44.684975,67.446304,51.329308,54.280033
15.494277,27.645847,4.9681687,47.855637,55.88032,11.644779,54.57014,43.79927,33.26364,52.574455,42.840855,42.125607,25.042868,55.982105,55.283524,38.42463,23.154654,78.89605,67.28034,30.250736,39.81797,29.325668,42.770306,14.312623,-9.742359,36.48577,24.43313,20.089655,37.667698,-36.297348,23.39566,20.581528,21.531633,82.406815,51.482315,48.921494
-2.4575748,15.072773,42.11333,44.36778,40.578854,20.306145,23.54806,34.613293,10.295849,38.955746,56.429245,37.59793,24.464903,38.02762,45.122894,27.55936,33.83213,73.82443,48.68177,34.21473,37.656128,34.127556,40.22143,17.079348,9.777493,20.937893,26.71281,37.34597,25.063316,3.2746058,32.805695,28.155241,26.89764,77.59029,58.037453,48.130333
9.443179,11.018225,48.03853,36.255604,36.15011,23.239664,26.54705,35.35119,27.330326,32.61632,23.71669,35.940937,48.035805,45.84917,39.81137,33.20412,19.406162,65.58897,65.79527,30.61206,23.42876,37.92224,24.194351,22.902998,11.285203,20.4854,4.4229317,27.74217,22.111174,9.650899,31.794407,32.0091,14.315404,71.93904,7.071827,17.805864
-6.1763325,23.253677,33.55715,34.659523,34.300655,41.91726,33.164684,12.993383,53.704647,34.63249,39.65704,4.514683,51.039806,44.40341,25.424978,20.034037,13.8476515,59.13904,24.01213,62.43062,43.590797,32.89842,31.03324,16.576588,14.0543995,30.696386,-4.302391,36.333984,22.67779,18.425043,33.942543,15.611542,3.7115688,46.93708,10.332225,27.324963
12.219383,13.013399,44.81817,38.30565,44.26449,55.403065,23.600363,69.68165,50.18121,45.10805,60.556526,26.417,26.153711,36.074516,41.18657,30.75604,8.422838,44.6997,6.740448,48.50472,68.657104,45.42514,45.79485,20.718582,13.730582,31.452564,70.00093,37.367622,22.864168,3.4251537,28.786148,15.6464815,20.349024,42.274143,6.729325,23.93474
18.71721,16.363878,41.30125,35.941006,50.074936,54.261265,27.837624,75.01988,45.70087,52.654236,70.114334,6.8456116,48.100933,55.473896,37.65915,32.94808,16.195932,18.67359,32.650467,49.53207,38.318237,9.247465,73.41135,17.152853,2.8688545,51.004143,74.47696,51.90297,29.73412,12.240687,32.21018,26.48977,28.989246,40.28831,0.4689026,23.998442
11.552751,38.19157,32.616364,30.635532,77.97024,54.832897,22.315355,18.227505,65.34499,47.80185,47.218052,34.93321,47.881958,42.104782,32.651237,34.169804,38.749496,25.767975,40.722015,40.241375,58.20486,45.170467,95.31559,18.214605,9.954206,50.734947,57.080933,56.88046,38.03904,13.6917305,4.7632694,33.46595,31.129398,36.302456,24.877079,33.390892
34.499393,45.90288,31.432869,21.805588,51.62378,43.17871,45.243282,40.73167,57.13871,74.025955,67.18003,33.564262,48.340714,45.630684,44.04278,37.43103,38.187225,45.162083,41.29802,-4.586174,67.55585,37.491066,61.645977,15.577179,23.448586,53.841637,58.89166,52.346382,40.592884,14.84836,40.99679,37.52286,54.73098,33.95823,20.67396,37.887577
34.78907,31.586819,-12.846233,17.373009,48.14704,32.203876,35.66603,39.542336,48.543327,79.32332,77.1796,10.450459,46.500603,41.85643,43.388252,41.270687,36.615383,52.856773,47.447502,32.57954,45.4792,44.821007,37.301483,45.8043,22.016874,29.340155,42.088154,49.18902,49.375217,6.635856,21.58444,43.62822,44.147114,31.81898,29.06829,29.977396
33.67794,21.022453,58.632164,35.264774,37.281315,19.804636,63.67812,33.574276,39.676807,56.491673,53.013866,20.06248,13.83568,45.659912,37.00068,40.847225,37.8597,67.77066,52.046185,22.088287,50.644814,70.14836,34.373093,25.754581,17.998161,46.392765,79.040085,50.283638,45.591957,31.8588,-14.523009,45.638573,41.939564,37.697845,28.84927,33.032013
22.870932,19.342846,57.060802,42.59953,41.597282,48.419655,66.47567,28.46611,16.162184,23.283905,45.36601,44.332077,52.14357,69.83097,52.120102,13.434824,36.94578,70.82853,43.930634,35.49368,7.0617695,26.359985,43.301563,29.88966,16.659952,65.09352,73.48354,47.395237,50.56719,13.83304,10.890024,59.130978,20.24193,38.522243,34.923946,35.893936
17.423046,42.754684,67.056274,40.62523,43.125065,52.287624,46.82155,64.17617,35.969612,32.957066,36.81743,34.301334,55.114697,56.92357,47.287018,10.8130455,10.81683,28.79501,26.438019,25.605484,21.036545,19.946323,55.28286,29.75571,21.52825,54.341106,60.006886,45.679222,34.162975,43.067886,14.80613,48.947273,13.320797,41.06225,34.597343,54.48597
20.825714,52.908096,59.56655,40.401875,52.623512,50.00787,45.815525,51.719604,37.436832,53.947353,30.81026,42.04193,17.40237,48.6533,59.737648,17.027838,22.965115,22.8775,25.77163,39.7747,45.300644,54.029305,53.379723,25.698994,46.32966,31.87688,33.43625,44.42222,73.766914,62.151634,38.80013,45.368908,10.764442,25.788128,22.890738,55.852345
13.008305,44.153816,62.75875,59.300354,31.03301,43.892673,49.99932,58.841587,38.005615,48.097317,42.94727,57.650856,59.079994,41.843044,58.124153,28.72301,19.944508,11.681549,44.016685,42.095734,26.85606,47.27542,33.357246,11.261588,79.59581,46.056286,31.478935,40.408337,76.26197,54.899612,54.32627,41.76911,1.2110176,52.59835,29.22098,40.835133
43.086575,24.732094,63.36165,40.18566,39.30572,37.029312,49.87457,59.07052,66.73725,46.8402,53.098427,58.885876,41.20196,72.668274,86.98769,30.028942,14.827132,29.410425,3.1814766,56.374584,52.488228,45.005775,59.792168,21.120298,64.49872,34.621655,19.490463,35.982986,83.54032,49.92608,36.864124,40.087757,22.219652,62.983284,28.355713,38.34415
62.96671,31.238129,48.732597,36.84974,34.549625,51.532623,37.201897,57.133934,44.73111,59.037495,46.998142,60.955357,39.630302,78.96969,97.3763,24.661789,39.005608,13.517895,71.63713,74.43048,71.16883,47.573906,44.869255,20.116323,55.072945,24.524742,16.9337,40.071236,81.56798,53.033546,63.80874,32.492607,-15.635391,63.47691,26.656395,65.871155
52.47925,33.440277,62.818325,44.89444,25.62826,27.540476,20.589857,60.440933,54.43945,68.05584,64.10738,54.844337,52.259163,69.34043,78.61371,32.467926,46.38175,34.255455,76.95547,63.78446,65.04474,47.056522,34.365135,43.431248,51.156143,-3.4274564,37.722626,37.26367,72.997604,41.75301,51.645103,25.016098,6.2288914,56.373592,26.205872,51.547943
43.734467,29.04861,65.972855,41.182087,72.24689,65.07415,26.051186,35.8984,43.95291,56.67465,66.42772,56.17804,42.826843,70.73538,55.649208,30.551714,41.6961,51.32164,52.2007,33.999702,71.40207,47.449158,66.62651,45.498745,33.898964,8.917265,22.16245,22.40558,73.24694,57.778397,-84.68939,34.177452,36.860832,48.524986,35.214043,53.047028
41.355648,54.77028,49.800365,41.06891,90.37404,54.566883,40.619244,39.578594,45.850117,52.82678,47.818947,42.47956,64.43281,66.23733,55.0955,23.362766,34.46843,56.08188,57.018806,24.880386,50.20929,44.955387,77.04402,56.118652,24.33989,21.977316,30.788074,40.99699,42.873077,28.392715,19.362896,18.311453,8.912569,40.232643,49.867165,45.76203
56.35901,46.358685,51.65242,45.191402,76.19127,24.615503,61.75111,15.510341,23.3945,46.656185,44.558506,42.096195,27.10576,65.67154,65.92551,32.80591,21.200344,60.37485,36.84001,27.242664,42.708946,39.272766,71.14338,50.275673,6.6405964,30.049503,18.463692,17.601059,31.08493,38.884933,16.528505,24.67845,16.50392,59.374,50.054398,82.415436
59.607494,38.499725,62.920696,36.81488,54.34787,39.487595,56.79133,25.298615,13.119595,35.329433,32.646313,40.168484,31.107065,65.10458,91.54552,13.804609,22.215736,34.70542,48.890728,37.251553,26.326258,26.226576,59.185432,65.67508,3.1981277,38.931305,9.768287,14.016331,16.976612,36.277092,-29.57759,25.509218,10.639461,57.605595,39.52089,45.499058
59.58793,27.615406,51.2031,34.773563,47.23247,56.538414,41.655487,23.697952,33.296425,27.373468,32.978863,39.41713,42.930775,67.81287,61.474396,-0.11592007,26.541239,39.115425,34.47558,44.49478,43.423187,37.60144,60.310715,68.74362,18.674355,21.368053,20.708439,9.732161,19.902035,29.400093,-12.068985,29.502707,-2.8730125,47.74582,44.800537,44.31902
74.45762,33.5619,22.845078,35.468613,54.805695,56.043083,60.94879,26.581114,28.871193,39.586212,32.05561,28.354584,47.623104,56.712437,83.40623,17.279694,35.704422,28.479221,61.56047,49.92506,37.304466,43.861877,45.21732,71.55444,20.325865,20.129938,25.680151,6.960107,32.100407,20.855507,6.392098,18.99222,39.517902,39.961014,63.99111,66.48075
67.62413,43.415157,26.485746,35.0778,63.976326,35.53516,73.39354,26.984444,32.591732,45.664135,31.939629,45.941425,37.03208,54.05601,76.509544,20.742468,25.814259,55.540024,33.86106,62.45909,50.95755,27.641388,62.538662,65.729416,19.47178,18.29115,44.54288,11.724054,25.79095,19.928104,14.849841,24.49282,16.310272,34.98498,59.19542,50.830334
52.939537,16.8851,39.83093,37.96602,68.43282,18.354967,57.577084,65.28296,46.580994,53.664234,39.174732,18.135763,28.800186,40.051064,94.63248,33.02611,61.119553,40.397045,44.48328,59.410297,36.366623,50.804947,68.90051,56.95768,27.4487,8.197465,53.842316,30.294403,47.45328,26.30272,34.36884,12.199179,17.690983,46.66956,57.28745,54.724964
41.564365,23.844534,18.163252,30.68054,75.68208,25.236538,52.73605,55.23724,36.842728,45.348324,64.8804,41.58209,44.916462,61.743546,27.28542,36.992813,54.306343,39.476257,48.327343,46.683,46.271317,51.685165,83.25613,52.066124,22.263676,7.356797,48.16807,37.617764,46.278152,46.659687,24.546082,30.609646,12.434772,44.682587,68.015175,76.3335
39.154327,34.681465,26.342909,35.87438,66.049904,17.997696,67.79482,-18.979889,60.37346,47.43517,62.00748,67.68529,49.070927,53.036575,42.43228,26.738737,57.033333,37.722805,59.623375,42.86868,47.509365,61.940857,53.726665,60.914207,24.49978,15.8538,30.819847,47.817055,61.522346,10.786213,30.423738,37.026257,20.231354,42.907063,72.7713,51.144157
-0.4763832,32.541275,33.019043,36.0432,40.280323,28.692022,73.497635,18.86356,54.889145,61.2012,69.132744,60.48423,59.76967,62.518166,50.85853,38.507393,54.85134,42.96694,94.19863,45.168106,54.001144,46.811043,42.638058,50.658363,6.9442787,38.022896,34.60881,25.752974,49.520317,26.539722,42.018772,27.288147,6.8139296,46.732468,68.52593,49.88012
39.65064,22.988174,41.81141,29.975046,29.78941,26.014393,31.98058,11.402555,40.95669,64.55679,62.132107,52.941704,8.880566,68.38558,60.14899,58.254982,56.541992,54.35586,57.29916,32.489555,53.316162,66.92648,56.90929,20.231073,-63.492325,43.166332,14.662312,28.261427,73.32004,40.376026,17.991238,19.955303,31.555105,43.00259,44.75687,32.408573
25.912945,21.234634,40.524147,31.052395,31.333061,50.05461,39.785374,91.13922,47.250046,45.63102,44.87766,60.133305,52.495388,69.415215,46.338795,47.335163,45.015182,52.68047,13.763092,-18.423986,27.30913,83.44064,66.12451,31.715292,33.18589,44.9649,29.136288,24.067505,51.549904,32.188324,23.329111,13.308936,48.30039,29.73278,49.23412,26.034683
39.221806,50.079514,48.40178,53.964203,46.811123,53.270542,48.141685,89.363205,42.76314,41.772526,54.92245,39.49251,56.430206,84.526695,36.369354,53.294106,45.087746,47.876163,29.554472,34.84332,50.687317,83.401695,47.74535,30.040781,23.348846,46.479202,39.1956,17.713236,20.288116,42.395023,32.702557,17.865925,47.700264,21.51862,69.763535,36.12448
47.7305,42.545837,54.981903,46.362503,42.84951,47.29005,30.99196,78.68826,49.753777,51.75495,47.028862,50.87505,61.058,72.83697,36.026596,53.343506,51.337524,66.86523,41.51128,43.2755,52.237713,70.925575,44.911102,34.339638,36.37758,27.623648,56.2266,10.3460655,21.68,48.207134,59.254223,19.701105,5.7977448,34.712257,39.997066,50.03385
33.00156,46.463753,56.845432,52.223328,16.253683,50.73239,59.8744,77.599655,55.26836,61.93741,59.61887,57.251553,-28.977318,76.61657,30.143185,53.55749,54.369312,64.72029,0.74224854,42.985718,57.975296,36.919773,32.183235,33.917255,29.650131,39.457664,53.04554,26.124397,12.061342,62.751377,72.64718,18.429216,20.940525,35.16951,36.41806,33.377995
51.64531,59.50171,49.21366,43.380535,60.9035,75.13419,28.96838,65.99693,48.754383,67.24304,64.77049,33.912987,41.138416,55.583923,47.33228,51.53824,39.04934,48.272907,5.193138,4.294016,48.521557,31.038332,40.558506,36.57727,31.097736,32.883045,27.969292,40.67688,45.22188,42.02888,58.85757,34.5792,19.773373,20.662567,39.114124,32.695854
47.086803,62.349068,54.823463,41.819668,49.12105,43.588776,7.7722435,75.99651,43.199604,62.921566,58.121323,18.69617,52.229836,45.271927,45.321663,43.33679,51.153248,48.56637,-9.063494,-59.663692,35.80077,54.92064,43.354767,43.837063,27.035786,32.889988,31.871319,34.5243,41.129196,34.149227,61.259052,42.006855,-50.990257,13.357775,46.372986,44.46023
35.99647,22.640945,52.812824,53.0182,44.189354,53.864143,6.659355,78.5279,51.74671,49.358044,72.79107,32.344574,64.96385,61.181267,63.497246,36.275864,34.94191,50.219376,21.07672,44.85887,47.185413,40.16677,39.78228,45.23716,41.64375,13.723921,44.444557,25.208357,53.298973,25.3972,78.18665,27.582108,7.746992,17.729635,57.56478,55.084988
18.402004,29.03739,53.709263,55.650513,68.15297,43.100338,20.655998,74.11267,46.367676,49.72991,60.127922,39.734627,80.84253,54.907486,79.248985,28.31964,39.287304,73.29205,30.402649,53.280422,57.967854,47.45839,33.083977,64.13811,40.93011,19.927229,24.32539,23.767971,56.010773,50.225777,55.115185,27.358288,24.366114,12.427361,83.766815,68.67519
22.156517,24.672695,44.26733,74.103195,50.785645,46.66641,30.877129,80.42803,53.05237,39.33308,48.635723,45.62158,64.67466,73.96698,79.56267,42.745644,40.247982,82.612335,42.52306,70.61821,76.00743,44.289524,20.547527,57.984013,39.04217,30.0285,24.19369,26.18977,53.539173,65.346146,38.88853,19.005426,40.564327,9.763738,61.75289,67.79743
18.079882,14.250971,65.259705,54.128548,48.023514,56.423054,34.63811,75.95141,59.2579,53.76735,54.11898,41.573723,44.502956,81.303825,55.868847,40.699867,43.145454,66.63317,3.443346,77.31382,58.987057,24.761929,59.237923,49.997864,42.220592,30.93301,45.28865,21.109587,45.262123,65.83595,28.06426,21.296535,35.69576,28.286226,64.21744,79.7551
37.770237,62.75191,63.050117,51.85344,83.11134,52.516956,-4.9436836,65.37133,63.94306,82.97341,55.492775,16.580269,54.580822,56.337532,96.11048,62.706192,38.69626,65.14122,43.789467,64.5675,77.2913,-24.336994,42.95526,54.48914,23.39362,48.1315,47.893818,24.689148,43.78902,58.492878,37.33784,27.29857,27.28994,21.533504,78.89412,53.231415
32.98872,79.55487,68.88686,43.75479,90.06537,52.242203,32.982895,63.01134,57.974087,79.65111,65.82461,20.746033,64.42438,35.25795,79.14714,36.145397,51.1759,76.517525,43.959538,79.539314,64.879395,58.145615,65.581825,44.26243,62.647285,41.944542,30.231436,25.730213,44.07232,58.131187,24.034433,19.684088,15.157477,27.819613,66.57104,51.996864
40.364388,73.50238,72.25247,48.501385,73.55652,49.204926,68.6535,74.284904,64.00362,86.182816,68.49435,40.121136,27.75082,75.32843,66.422935,29.367035,72.43706,67.12316,30.193335,72.609215,78.44278,78.92897,74.02975,53.755367,65.60432,4.8398514,33.88498,23.912825,38.315384,62.970474,20.585392,29.40068,17.169144,46.088303,62.726612,61.77656
31.229727,62.170555,69.437584,49.171326,84.51228,58.650753,58.841145,77.70339,42.5325,81.65174,86.78865,62.461304,65.57378,76.916245,62.517925,47.185146,24.685165,61.398098,16.85498,76.10058,61.290985,78.73126,62.449356,73.00966,51.879528,19.81593,39.78971,30.468695,29.28146,55.162937,40.839375,25.200277,23.101349,40.991283,74.51553,60.112007
36.339542,78.84172,61.493896,46.451004,62.04639,49.338055,63.098606,80.83021,57.27651,50.70072,59.133953,55.581287,66.25193,83.78625,65.19969,39.447247,42.32911,64.46073,28.833168,78.00403,59.119877,136.30496,70.08624,76.36837,60.53371,20.530529,48.810223,25.878242,57.86861,50.97204,55.693367,104.40909,21.45469,25.4044,78.80236,60.4185
37.76185,93.375175,61.919518,50.29908,56.426193,86.126595,99.79557,74.41164,71.41836,76.53786,73.89402,53.74506,70.308876,119.18097,63.33208,49.106346,36.01578,64.242905,27.292444,74.37376,61.211178,136.10884,64.98703,75.93815,69.2765,7.168948,50.7183,21.027626,46.31667,53.14281,51.63989,65.21657,12.976864,21.238092,71.66052,57.83676
46.303566,83.743164,71.57044,56.277786,56.808735,102.95178,92.58178,56.85447,93.59477,68.5611,74.15866,84.898315,79.19965,106.16965,97.5754,43.982666,37.395054,59.180042,31.179272,69.81042,69.64887,98.96239,80.64837,80.91528,57.01226,13.404452,41.609562,33.858425,41.41673,34.98159,63.35649,34.191093,15.144106,25.235418,77.48229,61.033398
61.20344,101.46953,79.8078,66.59256,40.67638,98.82569,96.98654,61.630272,80.56328,79.93126,78.94964,90.946915,74.47685,102.42443,98.85925,37.692364,56.84103,38.098354,30.078915,62.497757,77.77335,102.385506,74.21288,75.78061,57.501072,31.345709,43.671703,36.439606,51.880196,47.36894,82.153275,29.91299,36.375324,29.225395,70.27992,49.999763
73.88494,94.862045,76.43436,79.31218,25.123575,66.64157,88.66091,72.91693,68.43208,76.89825,92.71196,77.336235,87.99132,112.98072,99.02816,60.52368,65.655975,64.870926,33.75859,68.91553,79.779015,79.579865,116.38768,83.831024,47.03847,49.656563,61.192234,25.356747,51.471905,57.529224,107.64984,85.45364,-32.130196,27.100008,84.06066,56.127106
52.053566,96.935844,94.85765,57.677113,14.292537,59.275143,77.94098,69.027176,50.696236,52.802643,76.99597,68.186615,108.05772,84.449356,89.223885,73.4714,58.639866,72.120384,26.195587,78.08181,95.1485,87.99216,80.89102,66.025925,54.502007,17.330246,78.51904,39.54956,84.39137,68.39691,124.56141,52.812805,56.275536,41.029274,91.18966,72.531204
61.58294,73.01431,80.67991,78.933266,40.643894,75.33412,73.6402,76.825134,83.912346,78.676865,60.47474,69.57934,102.21919,88.05997,67.51508,55.7927,50.271286,84.142746,42.128403,88.072075,52.578594,98.65792,71.55533,81.29069,52.058937,42.329456,85.71408,40.095745,105.649994,76.054245,118.06647,46.321068,40.901447,44.16283,101.89331,45.4952
70.46819,73.28131,51.255875,111.18762,39.795544,63.533,60.544106,86.33177,96.91954,101.34026,83.059395,87.26354,84.48175,75.25992,69.45188,65.18441,76.73263,83.23136,40.32577,101.98805,106.065094,95.16644,65.79674,84.84632,48.94823,45.401768,76.43443,49.266235,113.83965,76.79705,112.74051,46.91582,42.345158,79.32872,88.53393,66.37439
57.523975,51.994926,49.779163,93.25551,50.31838,57.69328,60.49384,136.1354,69.07192,87.80893,82.050156,82.48492,49.092007,117.45184,75.50284,55.585804,85.02007,91.61542,71.06804,77.07603,103.93926,59.801567,51.843628,72.06796,48.5571,61.287945,69.17122,49.276646,98.38059,76.76682,124.635574,48.27708,30.376167,70.870964,108.169266,65.39946
62.260307,67.72412,45.31135,70.7041,70.715576,60.217495,34.676167,113.921005,69.64048,77.65297,84.21983,57.55058,78.241165,79.45401,54.83323,62.110657,83.417465,84.04631,81.87568,68.32219,72.797134,56.82502,64.14403,77.798195,46.119747,64.3531,68.16143,45.140976,97.616936,60.241543,103.883,46.588253,26.733997,82.54626,93.87786,46.028183
60.633537,50.72159,81.79641,59.7859,66.83704,42.0742,-0.6911011,101.956345,75.91922,76.8822,65.50162,54.575024,63.562164,54.947655,36.381226,72.357605,99.39569,107.903625,76.97575,86.03843,59.954235,51.304676,47.6418,59.395676,46.97331,62.48559,80.38159,42.404037,81.605736,59.404842,82.33976,53.47357,25.048262,74.074455,88.11856,64.651985
58.405037,53.692104,86.145996,64.331566,54.359913,65.49472,28.776018,88.481285,83.185486,74.33123,82.05677,52.781227,70.33357,55.503803,52.531006,85.54601,108.80394,112.17937,65.55729,79.0226,87.312195,49.844666,36.213303,49.614162,70.97043,48.710014,79.597824,45.58692,29.6012,61.81044,64.06427,31.982569,18.42926,78.28027,74.5029,76.992355
58.54749,58.591404,104.62257,73.67208,61.77517,73.356766,49.34531,100.41402,74.05764,82.33692,83.28736,111.3058,73.79364,44.227066,73.48247,94.045845,81.319534,109.26488,25.4355,104.442924,74.59042,63.77581,68.25223,57.082466,65.49136,36.60934,79.22369,32.92972,43.41002,65.59164,65.808105,33.011612,29.496098,52.990818,71.046844,94.282875
71.606285,73.06002,105.897575,85.64124,75.307175,83.73602,34.17768,78.03504,126.19479,96.40864,97.888214,55.088776,74.43476,101.73406,85.1486,78.9923,62.97931,118.07227,64.99127,70.43436,62.756233,78.96348,75.21213,64.29599,85.3818,35.49641,81.052734,58.22484,42.878597,55.13164,82.77116,30.299269,27.106106,28.687733,91.761246,74.515884
78.96115,109.711845,96.11734,84.64131,79.82372,70.76859,57.378315,75.22037,62.404728,91.10061,106.55264,61.609528,92.137924,76.54646,93.74097,83.38163,83.17191,118.15542,44.73295,91.130646,79.44604,82.32976,68.06276,52.40916,81.8718,33.63249,79.51944,64.7811,55.89193,69.66306,80.71118,37.265156,33.628796,35.574028,95.55633,66.63635
80.50489,78.68382,45.244408,54.846855,82.24923,57.27245,65.327194,89.035614,75.850975,80.09758,90.92158,72.22176,93.17192,72.759735,92.21242,66.65004,95.06394,64.0775,52.051895,94.30056,89.803604,74.351105,73.812195,81.93585,99.91345,38.807117,78.083565,66.307724,75.67608,71.172455,63.15789,50.23459,28.818468,49.680664,117.07448,65.26065
71.014534,75.561905,30.180813,55.701912,48.809616,64.84148,73.24519,79.09273,68.54585,108.792465,80.29341,93.98841,81.224236,73.418816,83.42928,74.79954,84.505005,108.98012,71.48534,67.1122,92.74547,92.82117,88.41603,71.152695,76.922134,44.162525,65.222824,62.898624,48.746292,55.27308,67.78119,37.40725,24.95093,64.42832,111.33593,65.80597
81.43769,76.17973,49.86081,48.796425,38.780598,62.5886,78.61421,71.973816,62.352093,94.146225,66.291534,80.80843,75.01742,98.93444,67.06075,55.678303,119.90462,112.88087,80.60397,72.785576,86.271835,46.054264,55.530735,35.776024,42.83509,15.65503,63.91446,56.11517,43.044594,51.99949,59.720898,35.795734,-0.69628143,49.195244,84.681496,50.187634
40.865044,64.41287,54.07183,43.206596,63.372,62.85042,74.30155,83.64964,66.62675,79.368805,83.540665,67.56907,44.52035,96.865234,70.71797,66.263695,97.79332,70.87529,72.37468,59.834885,68.91429,60.177673,24.563738,31.48996,36.149307,-53.470608,78.16536,-44.86004,38.11528,56.01949,52.425762,31.252964,0.86559105,28.37427,69.74097,42.499107
42.521454,50.746666,47.93789,53.053463,44.644146,61.020477,49.082085,63.24073,57.63481,74.043816,73.452354,48.746017,81.31308,69.10448,76.370926,65.41992,76.84735,49.001446,27.839241,41.987038,59.5442,52.699112,18.819,39.253086,45.618095,13.540713,65.6271,16.67205,39.90265,47.939907,40.705555,44.572063,0.48838806,26.87744,51.41916,49.122196
43.94112,59.410698,55.282787,47.25535,42.7352,54.784653,19.272533,68.103134,57.17656,76.70954,61.7299,61.853325,47.212868,60.184204,60.204178,56.800373,45.337795,66.72814,18.99965,49.193504,74.87156,42.18848,41.779854,38.586,36.2971,21.171078,47.621494,16.778755,40.797127,61.29608,53.80253,33.103622,14.462156,29.027828,58.925285,46.650078
40.821266,19.407429,51.81993,40.860416,29.09106,56.697937,24.746946,61.38001,52.936188,67.5244,29.63483,35.121243,71.9786,64.13774,58.71988,38.705746,38.37571,56.48812,42.404106,52.022198,71.57955,37.332714,19.858465,39.12414,25.927036,19.541117,39.3715,26.383598,47.26731,50.095512,65.631096,28.306164,28.219667,32.26111,56.09299,50.428394
39.377163,28.436928,47.088413,45.88913,28.742455,53.850044,31.452711,71.01234,41.51934,68.8089,42.06828,41.52366,83.066635,48.785294,56.45733,57.873535,32.348324,75.89971,23.399216,102.90631,52.504856,19.133402,67.91099,44.414326,43.084473,45.51343,30.784119,24.886843,61.54654,36.987534,48.69734,32.182175,23.077448,40.390488,43.792213,51.143066
24.239187,33.556633,59.20106,59.540016,28.092,42.112,32.472782,64.14627,59.40621,77.46402,56.14919,9.681866,37.813248,58.480114,63.871574,38.373474,40.053814,84.99942,55.208538,102.72198,79.60451,32.48645,69.43359,44.866096,45.569916,40.842293,38.277443,29.554726,44.81877,0.978035,56.080433,23.572508,28.522852,23.25678,5.284378,39.26395
7.0630054,32.300125,47.416996,40.448006,51.0113,60.502434,43.308132,44.480953,65.92933,91.64289,101.27613,9.042636,35.52111,35.663208,61.627106,48.866287,42.390774,84.851875,45.031494,88.814156,75.774704,32.456112,122.87628,26.71748,37.28653,50.295483,24.721872,26.46856,44.861984,10.927624,36.510498,22.458649,12.359257,43.784298,28.001863,14.300314
26.010609,37.785595,34.32956,38.02405,44.77055,48.55223,44.705105,40.416992,62.609,76.59647,73.40272,13.806613,54.869156,43.175373,86.00171,49.140514,41.717148,81.69824,33.07754,57.60856,87.431274,53.641888,99.271996,25.650887,22.583492,58.42097,31.244352,32.01908,41.882442,14.002592,29.30366,10.8643675,22.287426,54.31434,42.332417,-2.184616
46.01741,30.832779,39.610737,25.017702,29.26513,50.5768,57.851067,20.806614,43.1293,69.87044,56.021355,29.206968,34.293518,71.86545,100.0161,47.395782,43.578606,78.18882,49.335014,70.34115,74.142265,96.1525,89.53734,9.41282,16.134861,52.65935,30.678564,44.754536,38.18388,7.9088116,46.16538,6.606456,23.989037,43.77043,25.498177,-13.246271
42.694313,55.326355,33.64799,34.46287,19.39365,32.28784,61.46621,33.687492,52.95351,51.96687,85.88257,43.61399,58.909714,81.84169,70.33876,37.575325,29.971123,67.02338,66.037766,47.92403,55.84182,80.17586,55.46783,10.360173,14.005923,39.377197,33.40376,34.4523,42.95528,6.5048165,69.50904,-42.514748,41.408463,51.82318,26.631252,41.014755
36.99745,38.42329,33.73652,39.4697,11.626238,42.744667,44.1844,22.568743,57.818413,69.36034,49.115284,79.30416,60.854992,87.66621,65.352264,22.954939,35.857296,75.77346,55.02812,29.830032,69.116165,110.55773,36.345314,12.827253,12.967523,28.28285,25.355726,23.205486,52.289017,-0.61311626,35.825043,31.364607,37.04399,53.805695,32.490685,47.781837
43.45411,28.14924,39.50998,21.635609,9.93273,52.35331,30.347565,16.040203,66.169624,80.69371,49.09565,56.727993,66.221214,108.75482,52.68382,46.93248,39.674347,60.227203,68.32571,55.555817,64.93444,116.916046,44.456253,32.539806,-50.12071,26.937016,24.40866,23.615639,48.684494,-5.1947846,-1.0612087,32.63803,35.443584,64.77009,30.47388,37.842606
34.68817,14.143112,36.234314,25.993412,1.4049549,53.71071,61.078644,26.553574,59.111633,78.202385,82.971954,52.358475,65.50841,87.49271,45.134575,55.922394,49.836357,64.67794,62.63036,33.705704,67.58042,91.763245,12.161253,21.553638,0.1677916,29.097654,59.682045,26.137527,33.18296,29.279436,-6.1359177,25.623678,31.681953,67.34699,32.36715,75.44089
20.41333,54.52724,38.66801,27.679611,4.2591715,43.238556,53.83425,-5.090852,78.26044,109.21506,65.96358,53.150784,50.475533,82.93108,41.773666,62.19064,33.55796,83.88592,73.39356,39.501194,51.846424,40.99553,10.449096,31.267328,7.2411785,34.911972,59.218227,21.171906,29.574081,9.99703,16.292742,29.136599,37.027283,68.87912,34.912407,33.09331
29.014233,41.414116,36.204746,28.708035,7.733737,63.662064,32.875603,19.578972,54.763866,101.72944,75.44141,10.83457,45.679474,51.522133,29.976643,65.505035,34.30202,78.17662,45.680702,48.398064,64.76922,24.55838,11.714574,23.868196,17.201412,26.156616,34.86328,25.573704,45.184265,9.62841,23.008102,23.326107,37.866615,61.684875,11.774658,38.34643
23.190535,40.941673,41.622128,29.556557,29.726398,42.20733,37.5425,6.0282,40.029446,107.5676,62.526394,25.833284,33.70357,45.3655,24.027546,48.77749,34.501595,59.426888,16.112732,28.309637,65.5767,12.033777,24.910757,17.161901,-65.38443,44.742996,22.560913,33.363125,34.985798,-1.1427145,6.2086544,22.09514,36.457195,60.718056,29.26614,40.113583
27.305166,25.805183,31.559942,22.209908,13.088575,31.822443,35.778534,9.80266,41.493748,66.17514,42.266678,32.41228,36.212612,44.320595,17.327858,44.132435,39.360767,60.95581,2.3104515,54.000214,32.688274,30.82348,39.199215,17.996582,16.036674,51.086575,25.455444,32.349434,31.908543,7.5169163,-0.22977448,23.352797,31.02229,39.731796,31.9958,37.813675
17.066212,0.32176208,33.66916,36.976547,15.187157,38.0169,32.2729,22.497803,-21.243023,63.604286,45.95134,36.36862,30.60122,35.140545,15.731755,32.98398,43.77272,57.41078,42.824265,40.417812,49.612232,22.742653,36.267715,22.500027,21.365791,62.91176,21.316574,31.948267,31.108273,-0.43921757,18.107594,37.633698,29.414774,36.64166,32.708984,32.439236
24.48479,23.566498,48.071518,32.2375,47.254505,40.330254,2.6121387,20.67767,14.750274,24.045092,15.050067,16.078423,-1.8189125,27.103588,14.090144,14.138068,22.440493,34.510513,26.622627,28.044685,20.452374,25.443867,22.905655,31.549492,-3.2501373,34.62165,31.528482,35.542473,31.552723,19.259886,20.260685,36.48803,19.533405,36.70559,35.07026,28.98008
26.101252,38.257004,52.97931,26.46454,42.57718,39.762943,34.533577,-59.873665,29.194275,11.99317,13.71622,14.006205,3.9558296,21.30875,10.027101,23.322384,24.056,21.385466,15.152672,23.578712,4.1535053,-28.93339,55.98158,49.034172,8.127404,29.764757,32.10475,39.473194,30.759537,13.081522,-10.113541,47.738594,6.0894947,36.323338,47.73265,29.232641
29.596727,43.80912,58.452225,40.57783,26.718838,35.49827,-6.855118,16.495121,32.203682,31.10127,26.393442,16.74478,3.290804,5.0430765,2.0663037,25.26214,35.90199,11.682737,12.206757,23.097704,11.419037,-27.584372,48.550285,38.570625,21.644646,39.664024,16.325607,34.587482,29.353264,11.880757,3.6515157,53.156322,13.560124,26.669813,46.292923,4.957901
20.730822,54.645542,33.023094,39.668934,45.551086,33.18963,8.069229,30.82264,40.421967,29.931047,19.84404,23.260662,9.776265,10.990657,44.016205,31.102795,12.881865,16.848621,59.946423,26.616304,9.592514,10.119505,52.65227,29.38138,30.326393,21.670326,18.213728,29.880358,15.094267,9.199236,11.600915,28.332457,21.592371,22.44146,37.84018,20.786507
23.059586,35.219604,16.591446,38.648632,33.96917,36.22155,19.032265,26.806746,32.22077,41.52037,40.8252,14.497831,20.49695,0.07363129,48.26113,32.141724,26.938915,31.504328,48.14388,19.69348,37.664257,40.929657,72.663025,6.992072,17.75016,19.205887,19.125137,19.549025,14.475324,17.394676,19.383026,27.410553,-6.3966637,42.65978,40.182365,34.626656
18.44458,12.319305,20.88454,32.128017,28.10688,29.663517,48.17835,19.753963,31.731407,42.386913,42.716694,28.071686,48.908684,49.352745,57.520935,31.85885,37.81189,22.369038,56.254265,29.087614,30.543865,23.907011,82.008835,32.221912,14.399526,24.112682,14.913028,17.727657,0.93351364,10.921459,23.90444,17.44131,7.3881397,48.38105,31.024292,24.869165
27.43107,17.343336,14.172352,38.408356,26.057617,8.847242,44.647675,23.600445,53.599827,46.074646,35.428917,-26.687668,35.683704,42.54013,54.717697,32.049507,50.282055,10.694,74.02588,41.414413,36.572433,52.35845,101.292465,26.508131,19.25933,5.693961,33.908127,14.487734,13.585538,23.418087,33.591843,62.90886,18.237217,20.982952,31.367603,27.523674
24.192644,12.320293,50.388897,67.82333,18.911144,18.276287,38.095295,1.373663,47.341587,55.854073,71.0477,47.191647,56.601772,75.52738,64.940414,33.42316,46.836407,20.327991,45.46196,38.144924,56.001442,77.94155,48.676224,25.758947,18.354065,29.972317,35.189137,2.9370363,20.020592,18.289663,37.180405,52.774956,33.789917,41.962605,45.588066,19.189953
11.367216,-26.092176,68.486,42.528767,19.98005,31.12876,61.240623,2.292389,65.809906,44.219784,65.96269,74.89763,54.98199,90.452835,47.566975,38.06258,61.663963,53.6415,66.63121,49.753872,49.161617,41.649918,34.90396,23.190199,16.709738,30.029545,40.338356,13.851869,31.74638,24.147217,-89.79977,38.714222,31.08806,64.20799,41.122803,21.636818
39.180824,18.158152,53.969524,47.73607,28.898893,43.605762,51.190594,13.120676,66.48456,70.93659,74.245316,10.721012,34.26493,53.732315,61.980915,44.368862,54.639587,48.07074,82.9492,49.035793,73.07137,36.311398,30.941303,23.677761,35.112522,21.961899,43.575317,22.620533,25.134846,20.416332,12.320262,39.912357,24.994661,76.48674,71.09963,26.810127
45.654823,27.306818,46.520744,61.56562,33.37247,35.55751,24.903091,82.59001,29.940441,82.95969,85.52644,48.351852,34.034073,61.315216,71.62115,53.470215,113.78322,56.682186,53.071083,49.5123,54.539387,27.491776,40.524757,36.787205,22.991627,40.39093,29.427635,28.579224,22.433859,17.04325,15.129264,42.147858,23.782034,67.69662,63.295902,31.839506
43.083065,27.109955,78.94302,46.246765,43.272655,43.946293,4.222912,50.490383,41.318172,49.72964,55.18565,52.266182,24.925013,55.374924,68.88041,51.232437,58.397102,46.81798,57.00467,40.30381,46.465958,22.695614,17.551447,21.784504,29.065418,34.210285,42.4387,40.49109,11.10868,26.497723,22.075298,32.412296,27.822655,69.26604,75.07262,43.78454
26.10654,24.80506,62.83956,42.717636,57.637344,38.90794,6.3935785,47.009094,38.99874,54.627434,59.558205,34.144764,32.410316,61.39405,71.04223,59.0049,36.612793,50.48453,49.78702,45.65127,37.574318,16.497623,33.71701,16.195253,39.481503,6.1297874,45.016434,48.156326,27.26704,9.785827,12.343086,80.61377,9.453104,60.64226,71.57152,41.761242
17.93589,22.368084,38.211964,49.721,66.9292,23.26309,12.397814,67.67006,16.95767,50.77322,55.505226,51.52864,35.195026,26.335617,76.76785,44.659214,78.43503,58.62798,55.879913,47.670513,48.72294,4.7573795,77.19757,11.128298,34.58593,-59.17581,37.228844,32.746353,24.617558,7.0913687,23.348133,47.852238,-7.5287,74.51251,66.169716,42.890224
24.278152,26.02029,37.927822,30.578634,38.636414,39.78988,36.56519,58.061295,19.905539,48.74012,24.243984,52.2907,19.74882,43.21687,38.314625,35.647953,41.444893,58.36156,70.31914,44.851585,36.22965,40.085037,85.17551,7.459162,22.186853,-0.43194723,43.061283,19.250313,8.706648,10.239748,21.27288,31.563768,24.136568,57.396564,59.34454,74.52719
21.182018,18.744133,32.87588,29.740416,51.50628,26.507204,69.56524,40.062187,35.32573,57.105846,25.884575,31.898321,82.062416,58.727722,28.155201,42.526924,51.224594,52.260464,80.80117,34.607903,34.619495,23.75486,100.57904,9.281271,17.60333,1.6927338,41.982983,4.649614,7.649185,3.4103208,11.776502,39.16221,28.337795,37.44779,62.972378,45.561924
23.655396,-1.2013168,24.56372,26.804926,35.13597,22.659807,57.190277,-15.049847,31.034004,50.139034,54.173508,27.607658,28.38892,52.203327,33.66282,24.917255,54.896328,64.95595,79.68696,57.898285,64.20765,67.41357,58.423813,11.595898,16.636368,10.900904,43.347183,18.040363,7.8673515,4.7532,13.705226,27.674599,20.766272,46.836708,54.705906,45.077625
20.873926,16.856916,27.773424,37.046753,9.978596,27.825151,51.978165,-0.8082142,56.341022,50.470886,52.698746,38.086117,63.96792,56.58737,37.611027,22.002262,52.088634,56.94362,73.93154,47.344032,54.16626,61.971394,51.642517,11.428064,15.263893,16.343483,33.652103,25.00012,20.366186,5.964833,12.633828,27.463036,8.627267,34.747414,61.68412,37.143208
13.743514,31.54573,26.284895,52.911964,17.223278,36.992393,35.846985,3.6893225,50.83619,71.58526,61.273098,34.556877,80.83249,56.021263,1.5035477,34.125557,72.46058,61.249947,37.77365,43.568684,55.718838,50.23169,47.631107,14.993546,17.982582,14.275774,2.5745907,19.420311,21.946987,9.930129,2.6740675,26.621403,8.728858,37.54218,53.45328,32.738224
23.331017,22.263882,29.90253,24.706533,13.625481,22.693989,31.77985,38.773933,43.39583,66.607254,67.64868,41.4257,45.908005,56.037914,35.209515,36.432747,62.010376,69.64807,47.9658,48.955315,73.796715,28.638449,84.76274,4.411048,16.482582,7.6045027,35.865692,14.735534,19.534615,-2.0372257,15.328255,23.792063,-53.535988,45.89901,91.0205,18.26376
20.25921,-0.91955376,28.31783,38.68555,27.944149,24.840866,32.078533,41.043552,34.501934,67.20906,57.189518,54.041245,36.00016,58.80732,33.271404,28.08755,49.68264,60.916866,33.407265,42.350372,59.52962,31.82977,59.729588,17.275671,4.5864353,18.961735,33.901054,15.700273,21.215796,11.013296,30.437374,37.28231,26.990795,53.362267,78.77566,32.666275
20.426594,16.238605,65.54236,34.721264,35.957325,17.981728,48.74904,51.69753,43.370697,43.726124,45.808205,35.906822,18.89015,94.50728,34.451218,15.466717,52.793594,61.08064,59.797092,34.04778,55.61277,21.696041,48.1562,16.993532,17.131485,12.511638,40.252934,29.102863,28.20129,14.009481,32.626762,22.02812,30.171522,46.86083,87.96634,55.771065
26.26018,30.311977,26.089678,35.29561,46.21228,23.055132,33.871216,31.469402,48.46797,42.35509,55.05681,38.225266,42.90124,41.897526,35.8738,33.96269,21.259384,47.63124,66.144264,33.02045,26.97338,-2.4615421,64.398636,2.6228666,18.714037,33.155754,31.320528,32.00571,39.673794,6.3681154,38.5338,13.300777,35.604233,56.008965,80.776695,37.89633
19.175018,27.13744,35.14194,22.050098,48.94917,35.54253,28.250122,21.121975,38.324253,57.29758,56.265373,37.905403,31.878277,37.4033,25.576908,46.042267,30.119133,14.897606,79.29389,52.225323,37.777496,29.430727,78.179825,10.869515,14.733811,45.772865,9.508466,29.373825,33.837017,15.7728615,15.748683,11.885989,21.335907,41.039852,70.54675,36.3529
20.903719,24.514645,37.839973,52.808525,37.565556,40.914074,53.802277,4.631522,84.544556,51.810375,60.567287,48.555122,39.069977,33.658436,43.28082,44.849583,56.07197,66.208725,82.22053,45.725002,20.138102,19.52531,93.518234,18.777054,9.0642395,25.451717,12.565197,-61.964104,30.563387,23.176369,22.36995,25.050076,-6.966942,42.019295,48.84699,25.32532
28.842354,24.909054,40.102905,32.745285,33.304752,53.890156,52.638237,6.0988016,67.531555,81.718254,79.66092,34.72886,38.838627,25.895782,47.13555,43.80469,31.40424,75.97829,70.724686,55.1369,55.047356,62.745846,80.7792,18.974854,10.599472,5.835011,41.6921,1.39083,16.22773,14.688057,44.73604,12.847389,-3.2774582,25.94901,49.002247,24.509346
47.793133,43.378338,34.60579,37.982204,23.155693,62.40412,65.19837,-4.432499,66.22704,78.343346,66.04007,56.32295,66.355675,75.56273,43.917114,38.39299,38.33627,77.518616,47.514595,44.02087,49.678078,53.828247,81.40239,20.38024,15.066909,36.782513,37.53704,26.689878,17.87156,5.888049,43.417145,16.327326,29.468447,35.296234,55.01272,27.031658
51.771774,32.031647,57.145412,26.484604,19.712688,60.126446,30.880089,-26.214127,-7.462143,82.6427,54.931526,33.783554,47.718826,67.47,38.188656,40.86336,35.040257,69.323425,70.16579,1.7435303,54.995438,73.35922,66.92599,14.501378,2.1769295,56.88643,27.383894,33.95583,26.765396,5.00296,39.060562,23.67155,38.883656,-7.2124443,42.66879,38.328465
48.967373,32.65755,23.775871,25.681824,36.12415,44.818,66.29999,30.686665,13.903661,26.426643,23.666265,51.913322,35.056374,69.360245,39.778084,30.197495,19.159992,53.8133,56.060577,-26.723272,30.101545,100.501465,58.553997,16.744366,16.686739,58.35828,42.012405,40.13883,18.17787,16.173485,32.365166,36.0315,33.83318,27.770546,51.267628,52.42968
39.577618,41.92312,20.46067,21.514086,62.80095,61.715496,86.58695,47.246773,24.605297,18.49768,30.27348,52.974724,78.44168,89.068306,59.05089,25.733562,16.199894,33.60549,68.289406,32.441074,23.009758,101.06899,50.86955,36.62839,21.747047,38.409733,30.1274,44.798634,18.83351,16.979507,45.2006,47.636448,19.095507,44.24604,59.537224,51.315746
49.891636,45.73171,95.956345,31.518229,40.357067,59.623585,74.461525,56.975822,23.66677,35.312653,49.924618,65.29158,90.97516,87.963165,68.14478,12.676651,24.654495,53.66484,65.4304,68.07605,43.993702,97.27516,47.025635,39.394386,28.63623,32.79021,21.653728,38.639477,26.43241,22.41379,45.041286,39.427605,7.5636215,50.081665,62.539227,49.798763
52.697342,60.467422,65.36098,46.894947,60.31404,61.823944,66.242836,79.33944,69.47987,53.17679,62.13642,91.55942,96.267105,81.29679,79.2851,25.43496,28.568989,50.810547,46.397533,65.87577,71.72217,92.41621,67.33889,45.943264,36.35412,18.8752,36.117424,34.264236,41.583805,29.2913,61.745758,42.27988,29.817223,40.67102,78.01724,41.029663
42.400307,58.326893,-8.831696,43.658607,63.28086,65.82547,71.62906,72.29359,70.49178,76.859695,65.55994,84.56868,72.616005,93.91805,74.82521,30.936184,38.231747,63.28767,57.324406,100.185776,77.68834,87.92867,88.25374,51.47622,32.10328,34.22814,48.570847,29.991512,72.86702,27.865442,36.084133,38.987022,22.304295,41.633465,55.820484,49.718002
46.05806,52.064167,40.06428,47.6238,53.6705,61.935173,52.754128,67.33009,65.97764,80.02672,77.80742,52.614067,88.269325,90.95646,39.686455,13.727713,34.249397,87.544586,55.34601,101.6515,76.42071,133.1231,72.57878,36.834713,45.19918,21.792734,52.303207,-55.86561,42.201294,35.9471,48.117905,36.87317,32.8836,59.070473,42.932983,43.85894
30.080038,57.42945,34.611206,25.542276,38.49618,78.35261,81.19871,47.508488,78.38751,86.79024,70.43215,118.12201,102.91203,79.3925,40.761482,47.126713,73.83289,108.99076,66.4154,134.9949,81.30008,128.4665,115.2422,33.629833,18.116077,27.074532,52.747456,15.445413,35.456535,27.988941,55.447533,45.474766,34.8296,56.610985,40.022675,44.625782
38.650276,52.196552,55.847588,65.6674,26.897411,70.42097,100.63051,62.88334,97.173355,122.69192,90.24003,122.16101,165.2155,112.31209,37.100044,59.699833,74.78902,110.2498,34.011166,139.91464,91.949615,85.44481,92.6992,31.413126,-2.2016792,39.68873,38.649246,29.763334,39.05547,32.44084,67.7519,52.454006,42.204845,64.058365,40.862427,50.41422
46.493423,68.35029,69.65794,43.871872,48.205833,54.281097,83.2314,71.24213,114.60909,149.26834,106.88079,80.760925,128.20775,101.19362,28.724117,49.38495,66.363785,120.65218,19.408142,149.409,124.8705,100.66444,108.42216,34.92425,19.645115,43.853966,80.242905,43.251617,61.048492,29.100721,90.81641,-7.193676,30.288002,48.697098,36.394184,44.094063
49.86114,75.29789,50.077667,45.470566,58.12,61.260513,104.07267,100.81234,114.71617,103.58983,130.90619,63.527164,107.12113,108.076675,62.740498,51.1832,81.31028,154.9538,28.822418,95.08227,148.82957,121.94151,77.057884,29.511583,34.376743,46.148956,79.45041,53.479267,60.244377,25.818125,100.988464,18.730038,55.73842,48.554688,33.447548,42.461544
42.84507,59.801716,54.13404,40.13971,72.14862,85.07858,94.481285,97.17979,82.18232,114.34916,112.71583,94.75834,112.18182,83.90549,68.34807,67.96423,90.48381,145.17642,21.888681,89.4563,122.61228,69.26004,50.57767,43.982292,17.034586,47.84371,96.99414,47.337696,62.281914,38.437233,57.820667,35.119484,53.86678,48.31212,53.68094,86.64701
58.372482,70.82063,56.17103,35.619713,73.64427,67.340256,78.387886,97.882256,83.45322,94.955345,85.40337,66.35536,114.124565,94.82028,81.36603,79.13279,73.090744,105.48263,63.99972,52.65222,110.52193,56.660664,72.35642,46.59802,24.872086,38.67317,87.16886,64.468346,47.03413,33.212734,46.99324,34.758923,48.21692,35.805496,51.939186,77.133484
53.61995,61.71695,50.798748,35.680164,84.844795,64.375626,50.563835,93.14255,82.041115,92.195,85.71763,36.70069,96.426125,79.79239,81.95914,80.32085,93.29661,107.35574,82.61983,34.543037,105.20811,58.53327,84.51747,62.84677,31.052467,49.224957,71.74867,72.16827,52.156532,7.598999,37.51679,47.577866,26.810623,41.0605,52.736713,73.56137
41.62497,52.662373,75.26886,49.979355,68.214455,35.2644,38.769024,97.745316,31.964321,99.56551,87.43317,29.771961,48.69466,77.52763,31.49247,55.170815,86.45849,92.873055,30.261116,18.313248,94.91676,50.052128,31.996471,61.770622,26.13442,57.11875,73.08379,77.37282,68.74052,16.794168,23.200275,58.844948,14.960111,30.739202,48.951103,74.77399
19.399385,43.34634,50.56178,56.2615,40.414055,30.998075,17.847198,88.83087,20.054234,46.175484,38.422092,14.602966,46.13738,64.17137,23.056206,49.482845,50.15178,80.677666,8.6503525,12.962366,47.098946,45.621727,26.681074,57.516346,23.864697,52.39628,57.659203,58.62128,43.075596,13.314535,45.534473,66.78452,9.955619,32.12213,34.695232,61.60745
30.68444,13.990511,50.649796,70.2105,19.989086,27.6429,29.295874,84.03272,27.910519,30.81018,40.867947,20.023077,27.521597,67.14462,32.51742,35.31217,61.255974,53.78775,16.330725,31.426872,21.313084,35.2877,51.04963,49.47517,28.21863,18.555525,27.602371,43.965656,40.040154,14.607043,25.447933,36.876957,-6.1244545,18.703209,47.191795,38.828102
39.260593,4.0942373,81.03742,55.828583,57.811836,33.76555,28.68222,91.7093,63.440025,28.325432,28.521778,35.8161,33.21182,55.13614,41.383766,38.38664,52.070553,67.65907,13.14362,33.885902,22.060678,43.21479,59.317287,53.99167,24.203302,5.5392675,13.445778,29.69583,33.15003,22.596306,47.73099,25.372583,18.755257,24.11687,63.684837,41.74207
48.220734,13.156329,65.31643,65.91996,80.92221,15.468334,35.932426,103.07315,49.455406,66.988815,72.672745,41.72329,75.59505,48.835476,57.670437,61.433598,60.113163,58.58041,51.997368,56.422447,43.03855,52.151325,55.599945,39.031265,38.635963,10.777147,18.739496,15.814551,51.921566,25.174006,58.954426,23.827341,22.556416,16.561111,65.36447,13.589773
35.899784,17.990389,33.26833,47.676636,87.71099,21.163235,21.91283,91.86085,48.70699,59.944046,67.80646,52.774784,74.1838,62.904797,51.083134,43.345085,60.930904,58.333176,48.13846,57.589355,77.965096,30.85329,69.43147,48.610706,36.364075,17.334118,5.6744595,38.614403,63.29712,21.348125,41.13725,8.117169,14.010111,46.2974,66.19177,13.159755
30.540554,36.61048,30.84177,22.700153,95.54761,1.7122421,20.289501,64.76617,43.74901,53.794346,55.75311,34.522728,37.760128,74.94494,49.51968,52.600502,36.128265,61.638214,72.286644,74.94681,68.06082,49.0357,64.94259,40.499283,22.062393,0.091220856,13.829591,41.261585,58.889072,26.603056,23.536211,6.118524,7.6678524,40.59786,45.15528,23.574688
29.71598,19.940727,39.47555,26.525455,51.62459,26.567247,43.233967,46.1993,45.225536,66.215004,67.49368,44.773586,47.105072,72.83784,57.54586,26.332796,33.616005,55.7312,52.005184,38.601273,57.441944,50.34044,39.033512,34.437965,11.400941,9.479454,37.455437,18.461815,48.92305,8.919612,23.200031,11.890055,19.076168,51.84765,42.676937,24.469013
43.81894,10.36303,75.59586,24.112318,34.198368,21.680103,31.764784,63.507084,53.836704,38.86409,53.35968,44.8363,57.29089,76.27742,58.02196,26.749231,42.237526,60.64938,44.731426,45.84115,57.77426,49.377472,62.629555,26.868773,19.133282,7.9727154,23.969496,10.310261,41.838085,22.145287,37.000965,5.9929523,-2.810915,55.518295,51.809055,49.67084
41.5877,18.519312,66.9586,39.9296,31.181461,7.8859425,43.393353,61.215824,59.603767,56.640564,62.445107,68.15565,44.728382,69.87102,69.558014,34.41448,43.326096,56.88482,10.381348,56.053013,73.3662,53.69366,64.578445,25.685894,24.690178,-20.01057,19.764502,15.629573,46.95013,31.05893,3.893219,20.472935,11.208101,34.026035,59.495316,42.14502
40.421635,9.810552,39.472935,49.29955,38.52503,36.006413,61.50488,41.245644,33.35537,61.448124,72.011375,38.547607,72.09164,67.85075,67.44221,29.559721,59.4345,53.510105,61.554966,52.72203,64.62509,54.458534,62.830563,26.561644,65.933426,2.7838259,38.123302,26.87336,43.002518,23.606709,35.458824,23.191774,8.038351,34.916138,63.736027,38.7969
30.880337,21.02716,51.760582,26.08889,25.14493,47.530563,61.660095,45.727615,50.611958,53.061916,49.79821,39.529987,37.408913,46.367695,62.730953,27.932608,57.982597,51.166584,-0.06673813,50.506287,54.945457,78.02669,61.051807,35.458794,27.220615,1.1644373,38.25369,13.996343,64.72598,24.684532,32.215263,21.692728,18.058798,40.936386,53.899635,40.048378
27.496403,39.208225,51.063633,26.882565,34.900402,68.95233,78.81093,60.118877,62.590603,60.43388,53.433804,59.020115,80.43294,66.728584,75.3796,43.17702,62.16132,43.079666,39.92012,63.37339,49.101192,96.4163,39.46949,44.898346,26.418577,24.027855,23.564125,6.2321835,43.364532,41.0177,34.411972,17.033102,29.688343,40.001877,49.066727,65.08804
29.695036,46.85939,47.391537,77.658325,35.105038,69.09376,74.98069,61.769325,60.407578,66.50962,56.401497,68.94272,87.90791,69.59508,91.766426,59.90236,65.45431,40.973904,52.287544,74.60401,61.80973,80.49341,38.30771,50.194786,24.26116,14.430629,63.918312,7.5989666,31.081425,41.304226,-95.50539,8.549311,25.979795,24.521875,51.974,91.620865
43.906883,63.43489,75.39293,39.068535,35.94364,86.6907,60.290108,117.072,67.321075,74.90606,70.48759,66.594185,70.24549,75.892845,70.8087,60.7308,51.248074,60.511696,28.169847,81.216286,76.764885,65.17728,38.481697,50.38499,31.291803,8.878727,78.92387,20.139935,33.399292,38.91285,6.3518176,14.886278,13.246482,31.871128,61.079018,54.241985
46.25859,46.833557,107.19025,30.558674,43.083427,70.054665,67.23885,106.99652,88.374504,74.92884,62.63436,45.674217,65.35977,76.23687,25.101025,67.05876,61.51256,29.26501,46.43251,78.660286,69.24269,27.212925,59.34124,58.92855,49.250763,-57.468536,81.79075,43.7594,28.432877,46.62784,10.952799,8.851498,15.587128,29.132132,68.34659,52.099567
62.526783,71.88675,96.60687,90.65793,64.16066,73.77398,49.462845,142.87875,83.76699,85.52624,75.67628,30.686962,15.735863,60.01522,24.595474,63.45384,71.72936,41.403275,46.03453,61.929817,80.6242,42.06764,57.680058,72.354904,66.70306,-17.04311,75.50128,46.74099,31.6022,54.012447,11.801949,21.78636,4.5419903,25.935163,75.84016,53.704575
71.26068,96.05209,90.469284,91.35526,85.3923,66.37369,46.990704,148.62085,50.675903,86.25484,87.47235,43.625023,46.22856,47.245018,20.730667,60.80218,61.355568,59.056717,56.49526,61.030334,50.34974,25.586067,56.2187,65.49925,73.03167,10.86406,62.331406,27.095968,54.15555,57.048977,30.48381,39.343685,33.554585,41.35016,76.5146,104.128136
77.20257,111.33655,108.64173,92.394806,72.31382,48.757942,31.957914,109.37906,45.60665,66.4501,71.25723,33.632854,63.349266,44.858765,42.931965,52.58081,62.089954,63.410248,49.666798,49.017212,76.6831,41.55724,73.56958,61.362488,80.307976,29.302992,62.8387,33.04645,58.775974,64.768196,38.90753,38.312233,36.55867,47.144783,80.09769,93.45767
58.540623,74.513084,89.67894,94.57304,86.91881,57.62504,50.337765,108.543686,61.268257,69.5252,56.09045,52.11087,52.15319,33.233147,51.24646,60.28917,56.447376,81.63364,23.958755,142.88823,69.543526,75.13768,94.35681,81.52522,-4.614624,45.742863,60.962494,44.389675,59.252914,58.278797,54.881172,37.625195,48.114746,60.018032,86.954216,92.26668
42.730003,35.157658,70.88093,105.22615,62.29034,50.95264,68.19372,100.20713,73.53155,87.65327,87.36123,73.304306,75.80128,69.67993,68.04027,68.12591,47.249,79.38616,57.528877,122.66414,87.837074,81.2204,96.66957,81.47442,32.09588,47.220524,76.7498,40.312595,61.104954,64.41825,72.42026,37.268486,48.833683,49.063,73.176315,84.99834
48.6294,20.491764,70.52845,77.16952,54.49047,63.709034,73.190704,94.422455,65.177,88.01007,90.00792,82.56537,80.43583,86.37802,74.69319,95.26831,55.30869,80.82733,87.153564,0.2867508,79.34141,98.68586,85.73875,78.94076,29.411522,60.78952,73.65918,39.606766,71.6254,78.6204,93.1895,23.364656,51.06212,48.144077,65.472595,79.484245
60.085587,36.62659,75.547485,55.022793,52.49099,67.12599,95.04909,92.55001,59.645,59.92025,74.68751,51.121204,74.53468,86.23247,86.94827,75.77452,63.763996,79.59905,84.02256,28.21027,57.3503,82.0337,89.23755,93.87659,33.272896,67.453445,75.80944,47.304924,82.78411,73.475105,83.44676,40.540787,36.18651,61.307846,49.2209,93.05522
67.44385,47.771233,66.26883,52.92424,52.75194,58.9228,95.12671,88.68807,73.05552,67.64323,71.770035,53.614685,83.06015,64.14768,70.950615,66.61811,58.57595,88.24651,59.3966,10.565945,53.488766,71.14985,114.72772,107.45151,37.21034,63.66773,64.848785,60.155567,76.95856,89.35268,80.21555,60.25766,38.178555,58.49476,58.66178,68.14518
58.096302,30.959173,58.136494,56.392693,56.73995,64.42144,60.25364,91.2491,73.16817,73.78197,83.314384,89.18176,61.24105,64.918846,95.51688,58.30384,89.965836,69.866585,86.637024,29.824083,53.92575,101.33978,95.25166,97.58943,31.55375,44.292057,65.34328,77.197525,82.36542,4.01873,123.46973,76.51196,25.08031,55.117195,72.54599,67.44159
18.327824,18.53656,61.171467,81.716034,61.042213,58.789906,42.85661,85.18026,62.711765,72.48165,67.68659,56.576103,20.413193,103.481674,81.401184,61.69816,87.444595,71.796585,111.93367,48.57632,69.93754,63.88042,102.27601,88.451164,43.681973,28.327293,70.39185,86.651,83.45053,26.442207,59.559204,50.89012,36.41038,61.263737,76.467926,77.7172
-5.517086,31.67728,66.705284,80.96945,67.37526,55.2047,47.80378,79.14583,52.45743,66.64525,64.94883,64.31289,33.580307,70.69373,42.139698,57.824074,75.36044,74.442345,84.77676,41.720345,48.013645,21.21601,101.997345,76.85151,35.822956,38.89312,84.121765,99.74349,81.85736,51.69033,38.370144,63.80188,50.444683,49.8975,71.574036,64.49474
31.771338,45.985374,67.4291,55.446404,39.17501,44.588978,53.295753,63.931335,48.09805,59.24895,54.22632,34.37812,49.378098,47.66469,63.0266,57.002342,64.37984,75.167435,90.456535,37.258705,71.38336,37.272247,80.29283,68.84825,41.257336,60.23516,88.75573,99.304825,51.052734,53.410297,43.378197,72.70178,51.46,33.75672,66.593636,63.809025
46.38281,30.748163,60.51829,52.697346,52.53261,41.29292,51.96959,76.37226,46.86246,58.598515,55.37348,40.268845,59.501724,47.184902,69.41211,56.46947,68.68355,76.38092,83.46363,54.331738,59.778015,39.493263,76.984116,62.85827,59.499393,69.995155,87.94192,90.097084,59.173286,56.71649,40.658733,73.29531,35.53412,50.54608,72.92757,60.130787
41.215317,53.73087,73.32296,49.325706,51.915615,38.453037,47.537735,54.451965,62.765854,55.935783,55.221863,44.97656,46.08203,46.954025,73.31242,67.32082,53.253967,91.21162,43.291626,66.85596,52.254158,46.987255,75.210464,58.37309,71.50346,70.16452,56.049675,84.71407,60.606834,51.041374,59.51074,82.24722,44.020817,53.1461,72.50016,63.92009
46.658035,73.21762,28.675583,42.726456,61.73954,49.796314,37.232323,51.652184,83.80055,73.202194,64.82465,31.857586,55.587055,71.70458,77.79679,73.08202,71.18016,85.38865,16.641644,83.62153,66.178024,56.123234,73.224396,63.892574,72.70727,51.096336,59.093884,97.621414,61.654133,55.551685,66.977196,76.103676,22.01898,52.10863,84.77197,64.04546
57.18455,65.95504,3.066492,47.75048,47.87633,55.17253,42.511753,39.530468,44.141678,74.92328,83.37895,44.623714,61.571632,42.957542,82.45679,67.71593,58.56641,107.17253,60.578213,66.28278,81.38691,68.78981,60.066246,58.774113,51.984947,40.52715,66.07533,69.72766,43.784252,40.434517,72.71185,67.62551,31.365883,27.479465,72.15947,71.26994
73.209305,62.89585,33.290615,46.03311,12.492201,17.837608,46.250256,52.602062,56.484158,68.29161,58.57609,39.398663,65.188614,52.063396,70.64152,44.317646,60.823612,95.0778,34.909,75.58098,18.923264,66.05734,48.87638,52.602734,59.799995,61.415283,53.715446,65.03928,52.268635,47.18278,43.707134,54.041702,35.18579,23.709906,60.83567,74.42429
70.25504,44.030876,25.763117,32.812317,13.032905,25.986078,60.120613,60.182144,79.011536,74.49248,81.94675,33.405937,68.222595,70.98259,79.624115,43.66655,88.36418,89.272995,28.796402,57.606033,62.13858,34.442123,54.49947,45.4928,49.061874,63.795647,64.201126,74.35591,64.32068,45.789314,44.762554,58.543453,39.482166,28.967955,55.5429,56.426285
61.99731,18.205425,19.051502,32.68107,25.404816,48.60807,45.2972,63.92333,62.433743,72.99623,72.684006,20.905697,52.53032,60.332153,70.60827,41.782623,69.89812,66.31886,38.979908,65.79998,67.475685,35.114277,86.13685,42.43226,35.502346,55.291626,74.093155,69.13747,48.565727,40.75553,20.14589,78.19959,33.391617,24.660103,76.648346,68.29532
67.2946,25.572758,42.497227,19.203278,35.115917,65.536125,55.09266,67.19446,56.530914,74.37421,67.74703,5.4796925,45.257225,50.946518,75.82231,42.28447,71.19382,77.30009,17.537655,54.169697,60.21909,65.48739,64.994286,32.11509,29.104536,67.223175,58.26359,75.075035,-2.9886208,34.372265,29.170616,68.26943,18.683117,46.43116,63.841995,52.018127
73.36722,53.207794,57.161125,61.832962,57.177868,57.829845,64.64566,60.799137,63.123966,68.06597,58.52498,39.388058,71.03087,63.30845,70.057594,48.192585,31.539982,80.409164,34.30278,58.711136,60.241024,71.91571,80.02797,24.481571,35.735806,35.480095,68.78932,76.34265,10.271551,49.370636,34.604553,67.87432,20.021912,41.854755,79.54651,46.078255
67.746,76.4265,47.997826,53.463264,54.64091,50.733604,39.486267,86.13444,47.073124,62.152317,76.82269,28.391108,72.74535,62.01013,52.00926,32.51848,42.03746,66.89963,49.62858,79.51593,56.413403,74.04899,65.10217,16.721146,39.829063,36.495857,63.919033,73.466576,23.725286,65.54911,47.44571,66.8808,3.3003216,60.152863,50.86481,54.635292
52.98059,-8.96714,46.03851,59.555077,44.68439,46.304413,47.25157,72.198456,82.56349,59.099407,64.66232,79.52261,72.08336,61.098114,59.03359,37.325253,61.242653,87.080635,12.474419,80.862885,77.1419,35.56812,65.40879,12.084349,42.98913,7.3628826,68.820366,72.027664,21.705349,55.124336,51.425755,72.608986,-42.802322,69.24715,55.42716,53.617256
57.716423,11.5955305,68.391304,81.20258,36.62054,57.2411,31.282059,75.95587,101.00574,84.24027,71.05753,45.28076,49.053154,81.04189,61.73402,54.54078,96.33425,96.05231,23.55041,75.40057,75.762985,48.908447,88.67641,5.3727684,41.84895,0.15009785,46.335754,73.05147,16.535389,55.11829,88.76416,68.917305,15.049639,32.771534,61.85151,42.129887
57.136337,30.130993,78.37748,60.007545,45.38515,39.33465,59.272873,63.766994,69.86217,76.35054,99.2189,51.710995,63.54093,72.89583,83.85808,49.933674,82.16613,76.719666,51.776337,67.39612,79.26859,89.98341,55.913654,20.50207,39.057945,-5.952687,27.344023,60.814583,45.010128,58.942936,105.83302,63.80767,28.755714,29.72116,66.785034,70.72876
48.638943,45.61591,93.82413,65.59656,26.543207,35.129745,47.66834,72.70725,67.065796,64.46392,94.13233,41.988605,57.056282,73.07667,70.43798,70.85539,64.571526,77.496315,36.606247,28.732067,65.4085,75.830605,54.706566,19.18486,43.9075,18.625856,23.284283,38.486122,48.63152,51.48552,77.59182,52.752216,30.733925,28.44256,54.404373,61.445362
50.215076,57.491833,106.208145,54.72675,49.212723,40.092186,43.445393,58.437523,82.57209,72.846535,76.60894,79.759445,61.090096,87.02626,58.332985,64.19889,44.502617,81.13215,52.946503,33.600983,57.424164,87.83876,85.71038,2.852085,51.922836,33.754517,27.713614,27.914793,54.420193,58.241516,62.949886,30.255688,42.498745,23.41543,65.302315,55.94943
41.778053,75.919205,139.05606,95.85925,46.938423,46.00961,66.25555,75.65582,83.67389,67.9345,59.53964,51.544662,4.181118,90.70236,55.22277,78.28986,30.34227,74.351,41.469643,57.330566,65.21989,84.9005,66.75189,28.793425,71.02282,33.294743,37.25692,26.190706,59.220894,-19.008278,51.796684,26.87221,53.753723,60.075066,69.165794,80.895676
33.000687,59.37591,96.00972,86.41267,60.053333,56.08435,65.01315,87.6279,76.76714,68.63462,84.982544,73.17737,68.54568,81.959526,66.32132,99.21008,61.737267,59.036674,81.61218,55.446373,33.15087,68.41296,72.26202,44.480434,65.2265,35.130928,31.453712,36.013397,83.227745,12.165754,51.08181,23.765919,46.229797,54.33053,67.167725,55.350986
37.91828,68.16322,38.711853,84.113106,70.382324,50.167778,54.78907,88.85995,37.77556,82.22079,72.130745,54.494152,74.50193,117.12202,64.339264,84.996956,58.40463,77.81954,94.10149,58.011105,68.290215,87.40977,58.29795,24.181639,65.41739,29.31129,36.045887,31.896313,69.81999,32.4356,48.22353,34.839653,39.079697,55.885075,55.775814,57.638233
47.71075,71.28989,37.557384,56.69928,42.00157,55.600914,54.049995,80.24329,96.13751,51.683144,59.068184,74.855,76.97845,70.140686,45.35177,56.58217,61.037785,94.69941,74.39641,69.77664,67.194954,84.95256,43.28803,40.984737,36.364773,32.536865,25.830349,25.909983,65.63862,26.27856,64.01009,33.10392,51.924213,54.955242,51.06218,51.784344
54.076122,81.49323,47.03421,50.678955,40.136646,57.236702,51.57069,87.03639,85.96851,78.116135,59.468567,67.42967,65.09133,87.23327,52.137737,48.946716,72.38078,107.58216,79.5908,73.88274,93.348404,69.38949,36.43385,36.220688,38.661285,39.61174,21.969534,28.639341,62.73779,22.597063,38.52976,29.87374,42.96457,34.381706,18.693012,57.80882
53.580467,55.620144,35.639427,84.63431,38.218086,70.442184,42.959156,95.45176,74.55539,78.70735,80.83964,53.763412,61.920822,79.50594,30.439997,68.047935,64.50396,100.55565,28.743526,60.054817,83.38663,75.06219,31.35389,31.588484,50.530296,30.940994,17.778831,38.508354,50.37658,38.555283,44.24671,25.326889,51.858334,47.872734,25.160423,54.07367
53.651325,53.251114,29.999546,50.25357,26.284792,115.45945,38.51357,105.60297,72.02825,76.57053,87.854744,48.707863,50.56937,91.4934,30.163801,60.663647,52.985813,94.628136,27.986813,37.8263,68.369,85.03224,-0.4438877,44.565617,43.25224,32.217216,18.292099,31.223944,54.831257,38.27145,52.166603,38.710876,25.282173,51.081787,38.353806,72.94585
69.30935,84.049545,85.31642,41.21646,23.80159,79.7752,55.36254,110.93208,51.54326,74.58345,79.76277,44.96299,71.38848,73.76594,36.70663,45.828648,42.51088,73.97862,5.8102865,42.071545,64.09809,39.37906,3.167933,52.86036,47.83126,27.416077,9.469659,16.55099,50.328465,24.117931,45.516674,20.696693,18.485336,71.11404,59.597282,46.7539
63.746227,91.67091,72.81255,36.422363,37.14661,52.138885,62.387753,73.234406,65.25552,64.535774,60.40896,41.111607,42.80584,59.964413,34.054966,79.73327,45.45146,71.83211,-36.12538,55.4714,66.369545,18.464933,-12.833984,55.21548,59.6756,12.640226,6.82076,31.790306,70.44207,24.562714,42.798485,34.595463,5.386856,43.74376,68.98087,40.418884
55.510796,77.34717,60.24752,49.96001,38.343647,42.743904,46.942467,82.36542,44.017258,71.01219,56.72206,26.41746,53.18071,54.98592,63.94892,74.85396,56.282887,39.23825,24.769028,52.04984,63.309013,15.720716,33.203766,64.42504,58.496033,28.436134,14.041093,18.609749,78.39598,21.407276,53.331425,34.58748,4.877239,38.550636,63.78975,13.540396
49.929657,42.392815,50.191864,46.269188,41.931477,45.406704,53.321865,83.637375,58.500374,64.15665,66.007484,27.419445,36.24624,43.331783,69.69689,50.85904,56.692596,45.24879,28.500233,28.547966,43.837086,30.73048,22.989315,40.8183,50.86018,10.708508,0.27976418,22.636326,73.29694,18.574545,24.445843,17.768766,28.438345,21.413147,61.628136,20.221128
63.8086,41.05469,54.051872,77.730225,54.322815,50.5689,22.827473,79.99562,44.78129,68.13158,50.02292,30.051006,20.716639,52.34427,58.314552,59.390476,52.72618,53.880585,22.409887,13.450575,35.85105,13.073044,57.279892,28.90117,30.28077,22.022512,15.668736,20.648533,62.411175,32.29265,5.148836,10.450512,19.664064,43.519547,72.98597,56.867016
57.15629,54.490906,61.848087,43.927017,50.958237,37.096245,35.233162,57.600082,33.218925,51.2931,54.165447,28.187544,26.571056,52.68048,59.6077,43.874004,54.230694,52.337624,5.284813,21.189846,28.390373,26.615913,63.055458,22.691921,28.166164,20.196573,17.761398,19.958092,-2.4840965,-13.937012,14.541015,12.957207,-44.173172,46.325485,57.910767,47.430634
70.90293,46.112167,29.42986,48.810974,37.063274,36.994125,21.478994,57.094173,52.39875,43.724586,34.103207,20.59962,20.489708,34.81216,88.296844,44.64283,53.11438,34.10366,33.882023,20.561485,5.1651325,44.181694,75.963715,13.318203,22.346401,5.0332785,21.962896,14.549553,5.024929,-68.4455,29.517078,89.829475,22.326487,28.82808,72.66148,51.2469
40.864246,46.009483,21.874693,45.758965,25.904892,31.868504,49.257645,34.20874,40.704525,55.894466,54.92111,39.80111,58.7629,41.34662,57.998592,28.691048,51.026688,56.484367,44.910156,31.17504,45.814747,8.931713,109.51308,19.654312,24.32831,23.70593,23.423092,13.571602,14.571411,28.154198,15.232123,56.10122,-2.9050617,23.12018,65.75389,80.25226
37.10159,28.952335,35.612785,39.401703,36.27493,42.31636,49.574066,31.533478,29.983698,53.446407,33.605232,36.537777,30.689804,55.484238,72.62313,29.666824,83.13219,59.194775,63.48486,59.429485,55.061623,-8.712891,59.42065,-38.68091,33.060375,6.632307,19.405516,15.288502,-33.848824,12.568143,37.917465,27.991825,45.05789,30.857212,69.07177,46.746563
12.443174,41.29131,27.359856,36.852543,53.35082,27.37822,58.036976,8.247805,44.55785,38.5305,66.358665,32.175076,38.744743,46.873306,74.42069,30.386213,70.19771,56.76465,58.94507,43.49347,32.297848,39.37902,50.091118,4.326846,27.429935,0.71969986,-1.999649,1.0683568,20.543451,8.661836,26.399405,15.316987,47.326324,18.980003,72.97119,60.1619
21.752302,21.17955,31.368542,29.607405,33.03283,42.503616,57.847584,18.585066,40.563625,45.483315,45.699688,30.711536,43.77272,50.414387,67.54067,28.337578,63.556488,50.28394,33.8254,40.235813,51.93696,43.607403,76.70664,19.334816,24.729832,8.132545,19.95501,5.250649,23.153595,-25.864332,34.358616,21.856552,58.81431,18.040749,79.75562,47.310642
28.624828,2.0882053,25.993956,31.565231,32.526127,38.87903,50.19777,21.32975,37.83172,49.08021,49.228374,18.903328,46.509953,65.99335,71.21114,51.831142,38.4196,34.555733,24.34335,51.387867,41.78809,42.257107,72.78535,21.30594,5.4496365,14.751719,10.566425,33.674377,28.800434,11.817381,25.533298,4.411154,54.366756,15.468925,73.79213,52.04567
38.424515,21.657581,22.536648,20.260471,11.309123,24.105064,64.965965,28.667606,40.076725,61.40532,47.17715,9.510487,40.150665,65.55826,60.39198,55.196102,37.357613,50.806763,42.075058,48.453857,45.55518,76.28573,73.03909,22.931679,5.332761,31.151936,19.990093,21.660374,36.301075,12.040297,20.055378,23.261654,79.67163,2.7633018,62.58957,49.236507
34.10695,19.862326,24.831705,27.416323,-2.139202,18.297024,78.257225,4.361784,56.09785,87.34043,40.08646,55.18831,106.333145,73.858795,79.88178,32.355957,38.957756,66.5862,24.119305,48.16298,35.81051,78.58519,80.16742,15.365006,14.321306,38.275818,24.750912,19.281235,35.832256,25.354404,21.207375,14.931667,83.16787,24.229475,64.135345,37.834652
21.538431,21.787691,28.886324,25.34004,20.261887,34.735653,81.725006,14.958323,79.53939,83.015976,50.814262,85.038925,107.702545,71.013336,72.29382,33.8975,35.80346,75.04559,40.328213,58.517925,68.22266,100.54247,106.381775,23.803703,12.34177,42.776455,41.5848,12.391834,45.880596,19.386318,20.330114,10.767313,94.650116,17.613977,59.27567,25.847183
19.446178,43.56225,19.368912,17.104122,26.963947,32.605896,100.565994,87.45193,74.82657,80.25389,78.9629,80.45971,113.9131,112.9938,90.132706,38.883736,57.13822,82.91188,50.027668,64.1583,87.51734,71.070175,76.569405,21.732872,19.411818,39.103107,50.727264,22.211536,39.518826,36.256428,43.56222,17.89651,110.72073,40.74533,61.718273,10.618943
23.163403,35.328423,14.941526,17.57768,26.853651,45.973385,87.456894,64.05748,50.384956,87.59676,86.22377,56.113834,94.227585,98.97527,82.61641,37.75746,55.179386,69.96176,25.229305,36.07702,93.93442,8.572418,93.21461,32.231415,17.550026,46.01084,54.620335,18.215261,53.809177,32.815174,15.277222,26.859997,108.24892,45.61801,73.32139,16.724195
28.635258,31.556496,23.36782,21.588718,26.164341,59.07278,59.39009,56.620476,40.783894,71.83686,85.89883,39.247482,53.59196,61.541035,77.99614,34.068317,50.258278,59.457092,47.058327,25.321766,71.51251,62.01945,77.927444,31.000721,-61.855797,44.15094,-10.699051,60.734867,29.620277,19.407257,47.826393,26.396868,132.4473,27.9019,70.16878,23.775713
26.643866,32.382755,41.042248,7.6768627,58.09227,59.056778,61.307583,50.58143,23.907944,51.95774,66.130905,40.95685,43.54199,65.11684,64.367485,15.967331,14.817474,37.68944,40.478424,17.359722,47.05636,72.480125,114.96609,48.545418,21.558697,47.673546,24.344019,48.14356,10.937215,29.934566,50.259407,16.374088,137.84605,25.152119,67.689285,8.194277
35.54974,54.64813,39.575558,48.50454,55.607132,54.504364,95.38724,42.456005,29.71217,38.524265,52.38764,77.31021,58.143845,78.25699,88.64727,22.407757,41.85378,28.358063,48.035213,13.342816,35.706867,60.860176,77.066826,44.454464,32.697437,89.82561,37.519318,31.973892,8.398182,33.683907,72.04056,30.544159,170.75931,33.136627,58.072453,50.06085
39.36583,63.009705,29.976706,34.44543,50.701702,58.313316,83.16093,59.232224,25.296688,29.835129,54.513073,44.084923,36.347466,77.25688,94.948784,6.5765257,31.56306,32.12316,73.09119,16.263264,48.062668,73.92425,100.48477,24.5122,27.384407,103.59087,11.37916,29.040335,16.516155,17.904142,65.76059,18.670143,115.16008,63.60034,71.750465,42.56874
22.46929,66.224945,30.025244,58.477882,35.91293,51.229748,120.61333,70.082695,40.363815,24.189423,25.851936,47.730495,95.52867,69.575386,87.983955,2.6504564,37.131847,25.811138,95.19623,12.546882,29.015018,102.081184,94.216606,29.812475,-57.65851,80.18975,12.34705,39.711422,31.367846,39.90367,63.803802,21.885643,103.339645,45.269917,31.949823,37.26025
31.346369,74.436485,41.172306,31.569252,35.587948,79.721535,155.47705,57.63771,53.562298,48.603825,41.582058,101.21809,134.98196,59.27716,73.45652,21.731823,42.388348,28.756407,75.13473,39.50453,57.776615,136.84859,88.39177,54.52519,16.007858,64.47545,32.67461,51.825047,49.78906,28.673916,62.003426,26.450563,103.39978,55.386623,36.46741,34.04692
40.84178,48.451866,45.710854,42.68162,59.401886,94.44292,136.84386,40.3067,88.60368,72.55792,56.251324,112.63063,127.99448,127.89432,74.47973,37.925198,35.575195,46.395126,65.30132,61.01761,88.53602,150.58066,97.926506,53.462666,18.419086,53.072834,35.30508,62.61533,59.71027,41.848774,59.59727,42.869194,114.04341,50.66935,51.257164,58.010777
42.916855,75.17904,67.49963,37.920265,40.47758,110.49516,129.23918,63.762844,113.52136,94.51695,77.05187,98.40271,136.28685,132.09796,72.14214,46.53167,56.07413,73.58706,27.663414,108.23395,121.68666,143.25916,119.91996,58.758183,24.407888,60.393333,28.587358,74.95342,63.13324,48.044525,73.10442,49.439884,105.267075,58.74404,48.517048,54.10797
37.010437,61.941376,89.10726,53.630157,55.76047,100.801796,132.91652,64.72375,126.32817,117.699486,99.80678,112.90055,122.52485,114.01839,85.66411,69.40379,55.48592,93.309456,64.0909,120.14468,131.53638,142.58858,85.325874,84.08813,26.279194,49.199696,63.315914,79.96744,55.568497,51.50425,66.32251,46.193756,72.38055,43.09642,47.084896,40.862423
50.284695,74.11466,95.18966,70.77283,71.77188,101.96305,125.66962,59.64097,124.043434,117.42988,120.543976,107.398575,147.62788,122.185936,111.71676,83.1098,47.301346,124.12569,68.90401,111.92245,124.95612,126.32092,106.30237,81.42008,43.556747,52.940327,74.31241,80.04743,51.83062,55.561306,69.8318,67.85387,64.68799,40.153866,50.519154,57.9179
61.993183,74.67302,124.50749,102.23046,62.493088,101.43397,103.77574,99.82408,141.51279,136.87828,122.62079,112.854645,143.84442,127.107216,125.73487,71.91141,70.360725,133.60919,33.113045,104.58986,156.67044,103.50658,110.40339,77.82111,59.45646,46.599937,82.71739,89.74546,48.614704,54.53673,65.35383,81.26775,47.18678,51.043865,56.12479,71.13485
67.84764,94.369156,130.9549,136.47223,91.19056,84.27191,111.32727,80.39448,115.99126,132.32013,132.77663,29.805504,119.19164,131.34508,126.07696,101.94212,74.933044,120.808815,40.08266,102.50816,139.80832,102.080025,82.20698,78.11403,62.134193,47.930244,83.8903,90.378784,54.365913,61.56811,91.778336,78.2977,67.874504,37.33587,58.427395,68.07918
77.12693,81.46053,114.38988,155.7388,84.16813,69.26085,123.28869,81.68083,104.07234,114.50648,122.108376,66.38777,116.74035,81.235176,120.64087,106.04453,76.2866,115.364235,5.624691,116.58019,124.55415,126.55309,103.15102,76.44594,74.73742,45.031445,92.94191,80.156265,66.819725,67.54624,105.53477,71.17233,70.17488,46.260693,79.07246,86.597984
75.97915,81.55312,110.710045,117.78332,66.45805,74.45373,119.39652,90.51143,113.841995,117.48799,115.49921,94.54152,129.93655,103.72432,120.41917,113.1673,87.489235,131.43604,4.116001,121.32563,119.92174,127.781586,69.88232,90.59681,98.41634,34.15706,27.175308,79.02199,75.203896,82.69398,115.68794,74.277725,76.698875,47.948082,70.290184,91.71718
89.46968,85.87289,105.57966,100.91728,72.001335,66.75662,113.47676,83.05785,129.47052,126.81211,114.9292,102.18367,129.33923,116.942474,130.47166,112.44236,102.381874,141.62581,45.06096,98.38552,127.29079,107.54085,73.19255,93.816,91.02754,48.037033,44.762703,97.72628,102.81279,79.5616,143.45702,78.90471,71.69573,26.49567,78.228,111.418205
92.754074,68.96442,98.83974,109.06923,98.587006,81.277664,96.68347,87.52127,125.47576,118.580414,123.665405,82.17225,117.19488,112.30233,118.045334,131.16644,157.39014,119.521965,30.649712,104.74641,125.33841,99.97258,75.37108,89.741875,83.610916,59.137516,47.274242,96.14176,111.3612,83.19687,135.47296,47.00332,65.21036,42.190598,76.46975,108.02857
86.540565,69.03309,116.058754,108.197975,87.92335,90.321304,112.150246,62.612946,138.17831,96.96591,134.80731,82.07999,110.04147,97.07474,141.69681,134.54643,109.09302,114.8415,40.30901,92.96199,125.418236,89.42989,60.525307,90.78977,90.24295,48.230625,51.775093,91.31834,112.52495,76.10848,149.3974,49.718014,63.505222,33.822285,70.503075,127.822365
75.35444,82.92825,121.74937,117.32251,102.75476,91.21471,112.568214,103.92395,146.7298,127.176,130.38359,75.117065,111.338394,84.36987,136.80939,133.37599,125.76735,88.5141,51.871487,103.587555,126.10948,66.517685,88.882645,85.772385,89.16607,46.59588,50.117256,103.31288,113.894455,75.31312,141.76607,15.127533,60.0631,20.20762,69.95223,130.97733
72.56116,101.07461,137.08142,129.65823,94.46476,80.58708,94.007286,93.05146,113.04245,128.45558,140.62323,53.793102,64.43128,57.27932,100.020874,141.43385,113.584274,107.80138,31.70421,67.73012,112.76346,67.431854,69.1366,91.38504,71.38035,40.99486,66.453125,80.54715,111.96768,72.84551,117.4069,32.378582,82.38124,48.479565,87.35824,124.81003
77.15129,100.675705,121.38924,113.554436,105.96366,87.63708,60.329742,92.217804,89.24948,87.9101,112.72551,41.740654,74.90777,62.017746,100.023994,110.50804,92.36649,84.033615,49.8546,46.14554,76.112144,81.10681,82.46119,101.100464,73.889046,57.299957,66.41812,82.280174,109.49336,88.17562,121.660515,48.21472,92.52249,29.644518,90.56216,106.506645
97.21591,25.272827,146.48268,105.47839,126.98849,92.30762,72.99837,107.79898,95.52031,87.92969,95.20387,52.203495,65.93982,76.3077,62.64081,98.11197,92.50538,81.79926,59.54503,60.5332,81.83008,67.88628,61.09655,104.56185,77.79863,64.27524,61.758373,90.37293,105.1308,102.786415,125.451546,61.675125,66.312485,60.408474,71.921104,109.252396
102.48874,73.90264,139.35356,133.16547,124.87648,121.29613,90.53377,149.90337,63.416386,73.17442,83.017044,69.00055,70.371284,65.959465,65.983955,85.14737,106.84947,72.35121,23.100906,57.3164,77.7494,70.06512,66.19992,105.215645,98.28904,59.28797,61.9726,84.2321,130.15224,122.08738,123.89938,65.92539,52.686684,55.82432,64.4101,102.729126
113.71614,88.68399,139.55629,128.46014,142.52405,115.032295,82.8295,153.54124,72.466125,73.67442,85.88879,69.8106,58.74289,73.51974,91.81305,79.16468,86.468285,72.39366,62.04275,43.077477,71.68654,53.877434,56.36087,108.69111,118.31867,52.49506,52.418312,76.78335,128.2838,135.61055,101.47894,69.02287,42.687042,30.726755,79.92347,89.95388
117.7104,118.56724,141.18146,136.63586,120.405365,176.8738,82.76834,164.15015,70.93577,68.90114,72.96268,49.016754,55.510628,66.388565,99.37883,87.8725,130.13113,75.04437,23.285551,0.019165039,50.82352,58.75275,34.127686,99.82268,122.750374,38.72496,47.796707,96.006355,125.93459,84.07247,87.40788,62.89029,46.67626,71.85436,75.34822,103.453674
111.13501,110.25035,156.4578,129.88274,123.35805,145.71608,99.67389,157.74019,68.18886,61.124935,64.36637,50.947975,57.959976,64.45551,109.78112,99.66361,56.478256,49.84671,44.096954,43.80578,56.162037,79.81736,54.23651,98.30533,116.089294,26.93875,34.651463,77.34664,99.78114,90.35226,97.99224,52.58691,49.361366,59.91537,77.238976,77.95187
97.26411,138.32402,147.05855,126.04011,140.99686,134.19084,77.15218,157.4985,74.066925,62.64008,64.33261,45.37623,94.10956,61.173954,116.73764,114.74782,61.867393,44.049076,32.29058,81.18866,50.084263,84.44929,57.40718,70.15366,121.67211,45.45741,50.39397,97.87923,98.02541,104.11066,91.61355,49.351128,29.803974,62.96502,79.348,54.04065
86.86561,144.1188,134.59805,139.33556,111.22816,127.11177,66.8615,154.39491,93.75046,85.234146,75.96484,76.60851,90.341415,66.76169,109.64397,94.7406,62.558987,68.046104,54.130543,81.85288,94.198166,20.697918,49.898643,67.198044,127.485085,40.353294,53.750153,96.687546,115.16103,81.599,110.40723,46.21934,27.238873,43.048016,93.76241,42.30176
88.70337,152.95891,130.92531,142.78154,93.663315,103.50811,46.143745,165.99487,72.38359,85.35581,91.20208,42.353558,76.13008,67.93446,90.99477,106.99128,76.3704,80.26016,23.922176,98.53439,94.59967,50.70511,74.77442,72.55236,115.79392,34.554794,50.82841,95.250244,107.12608,80.965775,94.435326,53.951794,31.666565,72.32277,120.77542,24.522535
95.84898,125.66054,116.10129,119.97945,96.4394,83.48954,79.53467,168.76431,73.70808,85.49259,111.25318,60.970932,90.731964,68.59296,75.71823,87.49479,54.728928,106.19955,47.977074,86.27447,93.904305,57.29305,73.63378,65.72455,119.20194,41.73202,43.961845,105.65985,108.93611,71.1513,131.30008,60.96009,37.925636,17.83707,138.35803,20.044453
80.84233,77.299255,119.30394,129.90497,86.1038,62.802803,81.446396,146.74371,76.303185,84.53255,96.72852,47.67251,76.97716,76.71102,69.97906,71.8109,60.63514,104.540436,66.104126,73.71514,86.051544,102.49136,69.629776,59.810406,104.29783,39.5748,53.30875,87.75256,106.90846,71.52346,125.8582,59.885223,54.426197,94.42456,159.70065,14.273838
65.26648,66.423416,105.307335,106.58218,96.410805,55.211372,117.55154,133.37527,82.3056,87.452995,105.02995,71.46456,87.73761,77.14096,73.387665,61.638184,32.52949,96.617256,77.28245,83.22287,93.083244,84.62576,65.21938,68.43406,95.37608,47.381554,53.592087,100.71792,120.66687,73.858955,112.12474,63.022682,73.634964,78.5785,164.58008,19.43125
66.04528,73.7554,65.15056,85.62388,72.789345,41.459923,94.33678,84.39336,75.77095,84.92438,94.91035,83.361565,101.93277,82.63843,70.522316,59.950466,24.07951,92.77852,70.99869,92.33385,72.676926,84.79767,80.58107,65.54078,100.09216,54.85194,54.089043,55.56395,150.53374,74.24569,107.3815,140.85783,54.78496,87.23183,116.471825,17.634232
55.850616,88.708954,67.816536,57.862644,61.986458,43.88759,96.82889,74.88947,89.038246,98.83708,75.86706,21.144104,85.9382,85.81076,92.24483,60.46328,44.45338,89.93495,63.063736,97.9421,94.40649,71.43673,65.1272,90.45203,87.993904,70.24393,47.255516,52.856262,148.97626,78.28807,66.15199,70.836624,60.74658,95.495384,78.35702,11.327281
73.70399,19.51181,80.58879,24.036026,50.59191,62.90316,82.6134,69.834335,80.03642,100.65985,78.32852,49.214424,86.27012,57.088108,113.54665,63.172356,61.422825,92.45252,64.47383,95.487885,87.22598,54.92583,87.637436,86.20299,91.602455,61.904385,41.873867,55.1683,106.13875,63.117676,62.40229,54.75579,62.723907,105.90394,60.736534,10.324799
56.164986,42.11261,85.87891,53.109222,61.617645,53.273685,95.28289,76.22105,47.044167,96.464745,76.445145,60.375282,88.294914,55.583344,117.60077,75.44312,89.60577,82.289505,73.99922,95.62748,87.28076,47.436543,107.71541,78.70231,71.55713,38.463593,43.335526,53.139133,91.1393,73.33994,71.264404,55.43819,71.82408,96.631386,36.710037,8.1150875
60.594086,25.37569,74.044754,60.62339,67.49024,72.5909,73.16298,65.69172,23.523323,75.318115,70.17077,119.643456,72.2162,57.781734,110.26917,68.782394,80.07231,74.65719,82.126686,76.531296,94.3398,62.592094,126.91345,55.668922,86.45359,48.356434,46.72734,53.700535,72.5282,60.46821,37.515835,44.47349,72.448654,85.31922,48.895103,13.531187
76.49131,41.025402,49.59188,46.92098,51.59139,63.352596,69.032936,68.32883,21.520088,59.139847,86.12491,47.452984,93.29068,106.0994,71.777084,47.160698,50.507393,86.85382,91.32527,50.39422,61.68843,61.293945,144.6445,63.362453,74.444756,53.14815,46.83483,39.14131,85.74026,53.486866,52.43007,41.09911,74.11522,86.50421,61.610344,27.820404
85.2695,46.261463,58.071426,45.37079,28.006487,56.339413,93.19235,48.25784,69.27265,64.03994,61.168514,82.07459,87.32761,57.54148,69.66715,43.880806,40.098095,97.68162,85.59833,13.309521,23.229343,65.956985,79.38669,56.410656,42.571907,63.758675,36.88011,51.95998,75.340164,47.590496,43.53507,39.09707,61.80243,91.890945,98.56748,63.397682
34.73795,26.262136,48.704845,50.724426,50.41227,82.00007,92.66182,58.87889,80.616776,65.6583,81.02538,78.2941,86.963356,87.525444,84.12866,49.50037,23.604183,67.54378,110.71385,43.202213,62.34991,89.50879,82.51182,45.473007,39.97929,67.72607,38.909336,44.89393,58.42533,50.83619,56.039402,31.55069,47.127975,84.29576,75.300575,57.703915
28.057705,44.52398,49.45492,57.5196,65.9878,84.56188,81.26665,68.6683,83.55271,77.924965,72.73574,93.13253,82.47226,87.33991,84.15292,47.081364,48.490437,69.001976,90.07305,59.791286,80.63945,83.10917,79.54149,32.660526,39.011288,72.733086,48.267006,35.682854,74.50011,47.585293,48.114944,27.069101,41.50234,86.95499,67.691925,51.306324
38.640205,37.620842,91.02185,55.95139,40.32884,81.45312,58.287945,48.459515,82.119995,55.36857,70.92484,104.1034,81.301956,86.47766,92.51235,42.94981,59.002937,87.96509,87.43959,72.47058,84.47338,95.23086,62.38727,28.619497,58.2001,72.11703,90.418915,45.140003,55.60134,47.407715,43.798634,29.745668,55.028206,87.04433,75.105865,58.07402
52.328743,67.0651,83.93368,67.67081,42.039837,85.49169,56.050636,71.519516,89.90144,78.516884,78.86601,77.813156,22.503288,105.54215,73.642075,63.28417,67.38201,82.53279,86.62128,76.60834,78.679344,99.93422,76.94079,31.060705,63.86556,54.414604,73.22366,67.790764,62.909157,58.550735,43.36101,53.84557,36.93812,89.975624,77.495415,51.645058
60.168118,55.040474,75.98472,82.09519,43.126343,83.89024,25.006721,84.39692,79.87855,68.46779,99.06924,63.675316,71.415276,103.22496,51.126274,84.22549,64.30967,80.52653,80.87873,64.66344,68.287,85.89158,58.381706,30.285301,49.67255,63.20393,70.45012,70.538826,72.598885,51.393578,36.73799,46.48949,30.549526,91.58722,81.38564,46.648853
44.736626,76.64778,51.206245,73.23804,39.150993,68.2634,58.500378,92.85134,81.30782,76.96552,80.845795,62.80433,-2.5640564,78.36438,21.295023,74.00612,74.71034,109.47868,83.50239,70.43261,90.47011,70.9214,78.17659,26.39043,64.75425,55.71634,66.46399,66.73694,76.876785,56.25496,21.947674,54.552002,23.41094,94.816864,73.01566,46.523613
71.68821,68.02443,60.482807,54.597473,29.805813,72.216194,56.149483,107.377945,61.39851,68.32414,90.24473,65.5956,66.59402,85.175224,33.063835,72.67793,72.8873,86.74139,77.82025,25.137476,69.813965,21.427696,89.83377,32.342503,56.034454,59.316513,64.90481,61.74436,42.42002,42.946365,18.101967,53.889084,5.654194,82.41201,30.42125,44.254475
74.34978,84.47168,72.20125,60.338703,24.25071,64.038506,45.060516,103.01953,59.76969,70.550896,77.30915,41.443497,40.224068,67.18872,53.254257,53.546314,72.70375,101.32381,79.352936,20.90907,58.171993,30.231384,77.59593,27.984135,50.828453,26.75256,44.09542,61.301395,46.636295,36.583405,23.11466,55.15944,-1.478714,85.71647,41.884357,65.13558
67.0956,86.58978,66.85746,61.905693,60.17649,38.992607,23.278961,101.43109,48.954895,80.06394,66.837814,55.663734,32.909172,50.922,42.585434,60.067307,84.55481,75.10614,56.47215,28.548561,67.71984,40.294804,91.74356,-2.9363697,57.96072,20.489536,15.14604,52.81517,56.4339,34.89818,28.811188,49.191837,13.406515,101.98966,47.700596,56.997738
47.601055,47.675194,50.940186,45.96247,61.365456,42.574417,43.79471,70.36868,33.776234,66.50325,45.66285,26.133505,64.053,46.614044,52.507984,53.328476,63.725243,60.658127,53.838234,35.89474,35.30769,35.45243,70.75821,-12.324354,19.432762,21.230404,6.928143,34.94013,65.88151,21.062057,50.046345,93.78484,-7.998358,94.33728,60.792446,56.48768
40.316784,31.943295,49.26068,42.88964,36.457634,32.773598,48.73702,41.373142,62.829567,54.291527,59.79791,11.146511,41.576225,43.16493,33.201275,44.906364,21.3088,53.25749,72.14379,53.887295,53.07092,40.029327,107.39822,20.399696,33.730625,4.146158,7.580714,25.488703,60.804256,10.354551,27.877092,64.57858,6.950428,78.80141,50.132072,37.590103
36.667595,13.227375,57.98764,38.08468,33.751385,45.652233,83.703964,31.485682,52.953465,58.79268,80.05412,50.04441,2.6724815,59.316574,52.292107,39.60307,42.89684,51.742897,68.51072,45.340286,59.41388,52.849365,99.302246,23.08985,31.97441,-1.357595,12.6414385,25.506237,57.197784,4.3180714,22.234097,49.559666,18.937244,54.859596,56.96531,33.047943
34.341496,-16.672703,45.08249,38.354733,34.084915,44.90131,77.61112,26.141907,47.19628,58.302612,55.06759,43.125275,45.19463,61.65933,51.255196,44.55647,40.26938,41.549473,51.67724,57.481827,28.256762,4.0433807,72.890884,24.465548,27.312645,9.704588,24.20306,16.116695,36.498802,-7.4816217,15.222664,38.2832,23.298532,50.204414,74.13614,43.45478
24.604048,36.715527,29.857195,11.49659,38.18273,50.299683,59.956425,73.05222,58.96038,45.617138,52.854633,38.31409,52.318893,49.50578,44.084797,57.50152,50.522236,54.155327,47.82995,47.70758,61.45475,50.45805,78.92545,10.962217,20.627056,37.213257,18.576141,9.651776,39.508293,17.229933,7.0067167,-36.88983,28.785387,19.1421,62.3477,54.696335
27.223114,37.29274,66.97678,12.807965,33.662014,37.895493,52.62993,57.527466,47.47168,43.26853,56.89462,49.669807,57.20965,65.79155,35.050396,51.529713,60.231613,58.794178,72.12158,54.12443,58.610764,53.071774,84.53904,17.549082,30.444323,45.782875,30.713257,17.911118,30.829754,29.646935,17.17548,7.641777,41.602715,37.680416,49.98452,69.53041
30.029144,37.19521,45.598927,36.522636,41.267773,30.059353,39.61927,97.43239,56.29053,55.037132,63.551563,65.45043,72.42836,64.92646,32.147762,48.792027,55.13627,61.1669,86.08681,57.48728,57.540398,54.408474,70.02656,18.400957,35.30364,37.836506,31.226267,24.09067,28.337002,35.678963,16.325586,7.722538,40.816948,39.88176,45.77412,51.742218
34.746204,18.322731,65.36144,39.366005,56.30253,28.716986,28.73012,77.81221,41.895714,55.389824,60.858376,106.2056,59.426815,55.47633,35.930397,52.730293,59.399864,59.901047,66.234184,44.126717,67.56711,96.12447,63.79751,15.290105,41.380695,38.051483,31.582216,30.21829,-18.79196,30.4224,22.516064,8.09893,45.02384,46.198807,50.95883,55.234116
46.079067,11.4083805,58.158806,53.334244,70.12392,41.358707,55.062572,90.19182,48.147587,61.107773,58.789986,67.02256,57.081654,108.000336,33.082474,42.623325,110.52977,60.60651,38.959526,51.033768,54.052147,69.358635,68.11709,-22.310795,34.071087,34.522213,26.939516,39.650475,15.157679,29.828331,-0.89731216,11.196182,56.93952,50.239418,45.97221,61.54143
43.22686,20.197468,58.926853,43.299965,116.93045,45.24628,65.923164,84.6637,59.647484,50.86846,75.37985,52.42335,55.22284,82.5595,30.628,55.192043,78.0038,40.40635,38.891365,41.659817,51.634857,86.19827,53.571785,14.652394,24.079367,24.909214,15.707056,34.48273,8.974344,13.398975,-5.914029,14.681379,48.75796,43.169956,74.24229,66.241165
34.649357,22.002665,61.67742,57.98643,101.54973,38.893356,50.455696,78.457954,54.93676,70.07705,57.327198,57.89064,64.46537,69.44557,43.171017,53.558594,58.3005,44.502453,36.85598,43.01564,50.679287,83.885506,64.44862,12.82498,22.674957,33.252052,2.232336,38.625355,-119.80839,6.967677,9.8512335,18.55607,28.410896,35.186295,56.64008,67.57705
35.066128,9.009441,34.387123,50.676983,62.73104,41.904675,44.542793,42.195324,75.02879,71.93931,65.517136,52.37522,68.892654,56.3487,42.4448,70.15616,41.84097,55.193825,23.010155,39.269363,51.807568,71.38291,68.55792,14.553608,33.44921,37.460926,11.355827,34.324768,-13.696611,-2.2475293,4.985751,22.077417,32.36946,40.480427,58.132034,85.598656
28.919975,18.153332,34.415726,39.93403,49.52128,39.740616,67.39621,43.00521,73.27795,71.36516,79.47096,55.230743,68.641174,71.87532,31.922997,77.85811,35.71467,70.6787,33.814842,57.080914,59.609383,66.422485,78.14839,11.972717,42.721134,28.295322,21.94674,47.124016,18.354097,2.4772904,17.451157,34.893555,18.710056,37.258945,96.04982,74.284294
29.238207,25.129616,53.887165,34.34524,32.840088,51.420338,68.65553,-22.535046,60.948032,78.791855,71.868324,63.23562,81.72798,67.934746,32.33325,55.419746,31.615713,63.499084,62.12616,67.05307,66.05677,67.18195,89.3311,-13.80912,37.725918,36.214794,22.299595,39.415306,36.856655,26.816,3.0619516,44.27652,20.064056,23.051222,61.805614,54.71301
31.880985,55.068405,54.748806,42.294205,40.00111,57.05081,52.89717,18.855728,65.9729,80.98863,59.737225,44.185497,76.10486,52.191864,60.860073,40.297455,43.443623,49.938484,61.654194,57.180466,72.590096,55.04728,48.55208,-21.331545,30.474792,19.486404,-7.8666153,56.0015,48.96216,10.54444,9.853978,49.531456,34.717697,41.31987,74.86123,53.137924
34.336918,49.206726,38.5672,30.977951,39.884983,63.000416,47.172474,36.62523,61.643658,73.74371,62.22592,97.408066,62.94215,56.622173,52.626717,43.127003,67.924225,50.40424,68.05956,73.9296,74.647064,77.79643,57.679886,7.5547485,37.49247,24.551617,-11.983622,35.63757,39.716064,16.381287,14.909756,34.839798,31.638556,44.52983,56.349968,65.14432
32.70747,54.701267,61.94422,35.111725,31.25674,51.45989,61.814713,37.857708,77.74346,64.351944,66.01726,62.308228,68.59373,98.6947,66.633804,51.547607,49.251278,67.88086,72.98043,73.59366,76.08547,72.40734,58.04212,12.537005,25.466673,32.065216,12.992765,30.846539,37.280613,10.480137,1.3232183,30.322691,29.361834,37.24365,48.10805,65.40727
26.02453,45.626255,63.46473,32.6656,44.94926,59.601254,63.33716,38.89071,90.36325,52.635597,75.35969,55.878372,75.06745,64.11322,71.58732,77.53587,43.514908,77.767365,77.30766,66.58042,74.053795,88.83641,53.206886,37.94369,24.514755,31.068136,19.92017,31.203838,26.477749,3.0036623,-22.807714,25.716715,34.41506,60.894,52.794895,56.17781
33.574123,35.23124,61.96964,33.13994,51.217426,56.529587,54.49562,24.285955,82.038025,95.07374,81.34533,45.77346,72.45134,59.450966,62.51787,66.93775,73.99337,83.572754,87.4698,19.104313,68.18379,82.15566,48.791706,-18.045826,19.431248,26.21593,26.057402,26.742159,35.241795,24.566292,4.995954,10.361832,14.131624,61.416344,57.939182,27.699444
34.467583,49.82607,83.00627,57.23207,47.573826,46.957268,60.40084,12.672559,56.416977,85.4537,77.06621,56.612846,29.01,73.05425,62.306477,66.146904,81.29081,87.001785,75.56749,77.17331,71.58045,90.54637,72.28999,16.591614,31.491169,43.60414,17.364555,20.124535,31.788134,-25.415138,46.872803,12.685621,10.16118,75.43424,66.72817,19.856728
32.276276,46.545113,73.10766,49.864285,46.59307,39.660175,52.75404,75.29736,66.45842,84.40082,86.40459,62.77388,65.2271,81.521736,51.351185,67.62682,65.88523,98.12945,50.247036,39.043846,65.55719,110.99313,56.64621,7.931163,36.328617,32.631687,21.086536,47.6799,40.485847,-0.31872368,53.8731,7.029537,23.23137,95.59185,66.49936,19.04953
13.234827,28.43192,67.876595,52.19105,48.38332,42.257893,64.687584,33.901043,77.88278,73.714294,79.695496,48.643745,28.86195,91.03268,25.873085,66.78544,72.41834,88.84648,39.220695,3.0737915,58.84363,110.05508,58.0583,-8.354542,17.251463,24.825253,15.834889,47.812424,50.60075,21.07342,39.91714,30.72342,22.129904,104.46566,76.67879,46.517796
12.571171,14.371231,82.83906,50.831394,46.933716,55.208763,40.541164,32.217327,75.72102,76.16792,75.94705,62.38799,37.91821,58.33551,29.988834,61.44341,47.03812,58.796463,28.211292,24.073997,54.17215,105.89721,48.51508,30.738306,21.81156,34.665398,8.822274,29.237633,53.85246,29.74662,41.151886,31.051104,24.288118,102.12442,62.55271,64.85318
34.50228,71.08401,38.07672,55.75132,71.81483,66.7497,50.013294,34.004795,65.82439,77.44288,82.11536,42.66799,59.714638,73.61575,33.437122,64.00184,40.087696,57.014008,61.397087,35.815186,52.31536,56.96163,53.99432,23.431042,16.541555,34.039577,29.047258,24.573767,65.32913,13.2882395,60.961132,27.347387,0.22770882,94.65679,43.88381,71.121796
33.16783,60.769276,39.435303,39.92652,48.381104,47.156643,33.367348,55.326553,68.33824,64.6749,66.66461,59.872566,55.79052,66.61856,22.410435,61.58433,35.389256,62.928894,44.66111,-2.819622,56.979206,60.29985,52.616287,13.281271,26.644072,8.962478,8.228062,36.26331,68.71847,29.120613,17.751272,24.537363,6.71669,71.31164,58.706425,50.270676
16.507542,53.299202,29.38718,34.516624,48.878357,48.882713,48.838505,69.19222,51.557785,64.88856,67.05598,68.760864,53.1971,59.87059,41.11224,43.5589,45.40682,49.28666,76.90234,33.163612,59.042564,58.772423,56.745514,24.328136,30.894255,4.1803875,19.165216,27.3488,42.70426,15.204115,-8.42955,22.292683,15.003534,63.841923,66.69983,49.77645
35.148003,32.24822,69.46884,48.374596,50.063942,108.014824,36.40803,76.3713,57.285362,58.447227,56.23335,45.40061,40.13745,64.865265,38.975605,48.75628,43.649647,59.70525,42.140537,45.56114,52.371822,57.39524,50.635483,16.786734,4.465645,20.748775,28.79765,14.029241,48.026875,12.45639,15.195215,25.400398,8.126498,71.65388,66.51413,41.939896
22.08056,31.79849,56.31459,55.57151,35.75622,52.632866,50.623405,85.68605,52.001923,73.09418,59.013645,70.184784,50.8798,63.713703,53.749187,36.391396,60.461918,49.69366,49.478172,47.25547,44.794544,49.55393,70.352394,16.923172,1.3557663,3.3372478,25.216156,8.579227,49.80274,1.9088976,11.261136,32.369064,30.167805,64.6918,68.93159,27.869879
3.6707382,29.983877,48.238956,43.223324,34.044212,53.15204,44.843403,87.58811,14.6139145,65.89735,45.615032,43.205925,47.19165,59.748688,58.27124,48.057003,57.001736,61.79271,52.376373,53.4843,62.241844,48.18586,68.22101,6.9863143,-12.209112,14.724446,23.654064,0.7100482,14.104559,22.276836,17.656677,22.830534,2.4915028,69.55468,63.15978,34.690002
18.358528,41.383717,60.095886,47.60169,29.563858,40.559147,78.44273,77.068886,31.034569,55.95907,36.533382,50.871216,44.69475,45.897507,52.40993,49.552753,35.183662,62.074417,54.71112,53.20097,39.954655,27.60513,69.316536,21.494528,16.91172,9.287924,18.51653,12.042982,7.297779,25.091875,-5.25741,5.93295,35.992046,58.304157,55.803627,19.142721
24.046621,24.933216,32.830166,32.679806,55.29072,49.13663,68.84066,58.634956,47.684074,48.481285,48.2086,32.440903,52.81658,50.02295,45.420177,49.180317,18.599697,41.34508,61.14383,36.54199,45.00943,51.979874,95.31546,3.4424314,26.341778,21.193806,20.511103,14.968328,15.115236,20.779734,2.3195763,11.989621,35.552044,48.473274,60.248657,23.255623
5.172571,39.50087,32.245728,39.324917,59.07617,56.412457,76.4574,64.13006,39.149464,30.10045,51.41141,50.78604,19.88913,65.75815,75.11965,43.88781,35.121098,24.062052,70.06615,55.652187,55.807404,54.609993,68.93808,11.276383,20.659794,22.794025,24.16079,11.713234,33.13285,4.736496,28.457134,27.168697,42.789417,29.79869,57.692696,24.84578
15.906411,24.335236,13.287862,16.740032,41.355347,51.812317,69.52077,68.11306,34.31212,28.287874,46.993782,63.259995,48.105957,63.48085,61.109264,23.576101,31.116291,9.147539,82.25514,25.681908,34.13391,32.605553,59.372772,6.2922516,8.067703,44.476562,25.862148,24.25638,22.645786,11.672674,12.752164,18.470362,50.72577,37.083744,39.362442,34.738567
20.89908,33.60994,23.370426,20.114279,25.636986,39.70137,50.436417,52.375324,11.863167,35.976677,34.25444,46.860535,22.908571,66.23314,75.48191,28.214966,29.170921,17.305016,11.872181,21.60611,47.39452,39.124413,28.645557,14.772066,24.541922,43.381252,40.23691,26.197765,22.175564,0.39641953,14.847416,21.024113,23.993347,40.87801,28.836699,45.837368
29.011545,5.262781,29.96049,13.674367,39.34259,39.528107,26.293957,28.752623,16.050129,30.152649,25.327007,35.278618,13.770494,55.90996,76.933685,22.785545,30.128796,14.14846,40.695538,33.146816,24.672655,42.996628,35.876377,26.717857,13.786604,46.837368,84.79042,32.951473,21.643467,-1.0935926,10.774543,34.078682,23.451605,25.505657,-2.1483765,71.10635
23.295124,-14.704597,29.344576,11.140766,14.231488,24.851908,28.540127,45.07505,31.949274,24.564772,32.78849,25.718353,40.36616,43.827957,62.425453,22.48426,21.914524,21.276915,42.59463,15.145123,11.46201,38.321156,21.0383,44.650864,13.25198,51.235794,57.93831,44.298622,14.582571,20.963951,11.371646,51.132507,29.579472,28.99852,32.243507,38.315636
23.218048,19.042505,22.467365,25.612558,21.499744,53.648468,53.977177,59.114044,17.26482,47.339554,38.799232,22.152708,28.345898,52.407753,57.422264,12.709782,30.543251,55.90271,37.05268,17.095596,38.085133,54.99865,28.924784,36.917194,15.121035,57.137814,30.563154,61.242264,7.9958572,17.71447,-0.46869016,36.184704,-9.053877,40.280193,26.94446,70.008896
26.031927,34.838184,41.17856,42.553635,22.879519,52.394974,58.12478,69.03898,-12.483744,29.16306,20.158806,34.44307,41.83755,57.62286,69.33762,18.253881,-17.90721,54.607918,40.769608,48.00122,-1.7890244,30.366463,9.2477255,40.73587,22.273638,29.92686,19.124874,39.572193,23.911411,23.682087,8.15219,29.042545,8.307351,56.147182,33.840443,28.174435
44.65467,59.760296,56.424316,58.18441,49.98729,45.143246,48.2375,54.375633,28.618755,29.309814,8.195075,32.72527,10.011242,54.354275,78.24307,17.431217,11.899478,26.953949,28.407923,42.774418,26.078003,3.8230734,-2.0734348,52.855194,33.303295,39.903606,17.888054,-60.211227,-0.89263916,25.746185,-10.529989,38.70997,-7.903103,72.25005,20.370699,41.392315
30.284706,30.590126,22.304102,30.698719,40.407463,38.210484,26.4013,42.265587,56.20788,39.919415,21.06969,42.79412,6.445978,29.94973,80.33418,20.602194,10.27228,17.62518,21.050495,23.576298,27.56806,23.227318,-5.2237973,48.346153,28.55121,-3.8415031,8.378887,-10.218958,1.6463046,34.671143,-0.40054196,25.54926,16.837248,51.995865,32.727425,41.654655
18.047163,36.27279,26.846292,31.386566,36.387367,66.74191,28.375694,6.8630486,41.620575,37.745857,59.8056,36.992332,32.908783,33.723377,71.40822,29.711725,14.031769,17.393713,40.112354,9.458103,53.367065,10.506614,47.68905,43.5149,24.52818,19.593246,11.704885,4.166431,5.1060596,32.771008,9.709046,14.392167,12.413791,24.95566,13.332803,43.57212
37.811462,45.227913,50.99002,53.82715,24.94602,52.49175,-2.6459846,24.699696,24.264793,40.672302,40.638752,20.625408,37.26374,35.147545,55.295868,33.698086,17.845114,25.084692,29.856161,21.572147,21.821938,19.225897,46.57823,35.87816,27.317059,28.832027,15.661698,-3.8196406,18.60698,26.382072,13.914069,13.732527,9.963581,28.908688,6.5825157,53.099483
17.175627,55.385464,85.11168,47.82184,37.183258,46.781143,8.335796,28.18945,29.443743,45.107117,36.2252,39.3915,22.511803,28.804554,66.4663,33.127068,11.669747,39.390816,60.705048,12.543967,43.5441,31.34399,78.41975,46.514465,33.206787,23.911652,26.243065,21.922527,23.480562,25.125528,19.681877,9.757489,15.556217,18.802044,23.106876,42.81281
20.49155,57.30788,69.81899,47.972507,28.904438,40.035694,18.036562,39.517982,31.154688,39.51084,53.243332,35.91109,23.58456,48.7209,68.42215,62.740456,25.837523,31.636698,68.15909,38.228127,24.44028,31.435959,69.00011,45.937935,44.61936,13.770701,-38.322235,39.498886,37.511505,20.827192,16.399464,6.2125826,13.934133,35.242462,42.212833,18.507784
12.746582,61.293465,17.368677,56.063347,28.749706,30.096592,24.007965,23.462133,30.829834,53.823196,52.635666,17.339972,34.35772,46.217598,63.0774,36.3631,38.127235,50.537163,29.122826,67.60025,31.573494,43.535744,33.40284,35.204556,31.392284,14.655821,20.966724,34.08802,46.521614,14.39308,-9.482091,65.93379,23.962383,27.27874,44.58136,30.358124
22.36348,33.931694,53.505524,19.395626,19.127628,41.887127,41.81246,26.320202,55.126053,54.863342,47.866684,3.4105244,35.5704,39.752945,58.68358,32.03158,36.43188,53.9048,22.180626,38.86663,54.313038,14.603226,24.373262,22.020441,6.5355225,31.127115,34.939056,22.130817,36.948826,33.839943,4.498584,35.610302,-18.546896,30.69094,43.874382,31.62612
22.799334,44.061184,49.0507,32.373383,40.454727,35.124268,35.920357,22.402508,34.878517,66.07236,42.790222,12.943886,33.2726,25.488396,76.680016,41.358047,30.079071,49.38849,-15.544113,117.58849,45.833263,19.29675,27.485092,23.955795,11.715612,20.504528,17.876999,23.86129,22.54852,21.01015,9.512343,23.70893,13.842541,45.336662,45.76703,17.269632
24.561031,11.877947,12.031742,47.73005,29.572285,45.548737,27.589544,5.9530387,34.086327,78.131454,78.8639,17.042767,51.383137,27.548866,52.185463,30.979729,33.17595,55.738365,20.006113,84.92552,62.301044,14.28506,46.031876,25.391245,36.847904,19.506279,21.901855,37.131557,31.8804,25.223312,50.547997,12.055889,3.9560585,43.99255,19.790316,18.941793
24.105312,14.13297,-10.288315,20.09925,19.130674,27.004215,12.5159855,-74.21556,80.9054,77.27948,50.793976,14.062059,-14.281853,24.20836,39.179966,27.539927,42.888817,47.792,44.029564,39.5583,66.127594,-14.117687,26.86495,27.645473,18.212564,35.55947,30.295471,38.44276,37.026035,31.806614,56.594994,29.427097,3.341176,43.570236,30.678518,11.173782
23.030567,14.553007,27.365152,29.471132,39.95717,38.225395,24.940174,11.218014,53.09065,65.97494,58.492687,21.392456,18.646824,19.103374,48.19313,27.592579,31.115278,51.91399,35.18457,42.86012,39.981506,26.871937,-2.3158674,11.548979,26.89562,24.2971,3.5583725,14.384607,44.5333,45.893806,36.062134,25.63761,12.614529,35.05709,22.950996,25.53396
-1.400713,18.919733,36.395092,61.55046,31.969276,32.7335,37.48278,80.153206,36.42635,71.297554,63.779903,10.550194,27.566277,9.41494,64.39065,34.231358,40.993702,38.07759,26.98982,31.929865,50.115803,32.755356,18.733614,19.70792,33.852776,31.277723,26.397758,17.760265,41.566742,27.693373,32.04261,30.12711,15.221939,41.41364,25.163431,39.071873
22.18692,26.78152,47.689053,21.073082,31.062176,41.780907,61.252106,52.139008,49.101974,54.849033,52.98102,14.988168,25.486664,34.533787,77.262436,33.043724,28.355873,34.70887,4.581217,35.67653,48.560543,2.4283962,46.981804,27.321615,23.524263,41.373203,21.495552,18.379675,40.723465,22.72222,28.25404,26.453648,14.628379,29.428148,48.074783,35.98247
24.681911,56.885666,49.92078,24.474295,29.838812,27.732668,52.145374,45.539104,17.632904,45.76161,63.119072,39.77005,41.655365,9.502104,34.776737,38.009975,39.329903,26.39531,44.530792,48.849834,42.21198,11.122752,44.326828,-20.30197,24.87036,33.24324,16.92894,15.680704,37.388927,27.174778,35.303215,31.696802,14.702646,32.59794,50.318085,53.90703
16.626045,51.029495,54.502964,28.568521,78.322914,34.150425,50.41985,29.103569,45.267345,42.781227,55.700043,20.667185,44.055088,25.21774,24.592201,44.273083,36.98719,37.063583,7.4879036,46.534245,39.723755,-12.64432,51.307106,3.5024548,24.087107,43.67676,7.6489663,24.759886,34.31566,18.178501,24.476706,25.10449,15.033434,30.507051,29.118649,47.058807
15.6999235,43.02684,42.64518,26.338652,85.15042,32.230534,58.030838,-1.1249561,32.609173,56.805256,49.92211,33.495426,45.14714,15.566029,35.9223,38.769806,47.022743,13.519586,35.381344,33.564377,49.627254,38.30407,59.878895,1.4477587,41.521713,30.519974,21.924376,18.721617,27.778801,19.227772,32.44983,8.997264,3.7622366,32.5011,46.226254,38.701817
31.591703,42.800053,44.120033,15.436249,78.97827,34.529266,63.421047,13.133808,55.62571,48.289967,24.650482,93.65755,83.330505,44.189987,32.267708,41.724087,36.11357,23.31612,52.229343,37.626995,46.909462,23.921093,60.82774,16.146162,36.51794,-0.442585,11.246167,19.290392,50.14917,14.333531,53.1554,-0.9352541,28.08725,16.229397,44.09112,48.351116
40.703735,32.13721,67.41147,51.90978,56.323227,34.6508,43.626076,53.811604,52.55378,76.07697,60.45657,57.09617,37.927807,65.20501,34.145226,52.199608,30.812695,38.06545,59.842022,53.50017,68.44203,59.937622,58.622467,27.706871,42.962685,10.55915,15.651051,15.96859,43.5271,9.137785,46.371365,17.870564,32.806664,18.091106,43.011986,55.65085
34.52461,43.365326,51.632095,59.9834,50.1126,30.371569,35.78875,44.3173,61.882355,63.53758,61.37631,46.486088,52.193523,85.874794,24.932999,31.51922,17.871275,51.269226,56.60727,28.67704,60.86943,64.77483,46.59117,9.342134,-23.982151,9.016816,16.262432,27.769428,81.820274,3.0126674,49.762352,13.253424,29.19522,36.437366,56.029087,41.92347
42.308624,-6.594208,39.982414,42.098034,47.64383,46.995365,48.31397,54.962257,54.107494,56.75984,85.048645,41.0035,73.44438,70.20294,58.581905,31.266403,24.54427,50.47584,48.53474,34.905865,62.926525,52.096622,41.227543,-7.825606,22.899689,24.253769,12.9852295,16.566872,65.293396,19.006405,43.99582,9.942366,30.871807,41.307735,59.367027,51.506824
30.925476,28.631035,73.96647,35.459827,42.7449,43.624416,41.450848,60.692974,42.736908,61.669964,71.418625,47.670464,51.193073,69.76044,49.63183,41.42731,2.9589767,79.977425,41.26639,39.99863,54.490566,58.10729,35.145473,11.464291,26.080574,25.91458,10.219742,24.879137,54.8795,28.195435,29.280111,-6.788374,41.696815,36.679287,56.373955,53.17594
30.427029,13.598487,76.99696,46.89969,36.439934,34.492508,51.28246,108.02583,58.11111,58.089336,54.642193,59.04907,48.662106,65.601326,38.440853,48.115723,35.394653,63.336132,17.28818,29.252602,59.86677,4.8367653,34.792896,25.73818,27.557838,47.948387,18.923603,5.8015966,72.161446,11.965723,26.920488,-10.228683,36.91674,39.029022,30.06676,79.13926
35.898876,31.032772,64.33398,48.39901,28.949142,34.186855,30.89736,74.51271,68.10118,61.52505,49.095215,24.186113,51.077576,44.631657,42.320686,52.916943,22.319643,59.294346,9.667051,46.897774,60.801624,45.634903,64.81111,10.217236,34.39588,37.5719,24.70048,5.171238,68.14429,10.991004,41.381027,4.8508434,32.51619,40.021633,24.419456,49.634464
38.149925,17.141327,42.454468,32.83435,29.935535,23.577917,63.179592,71.031624,76.54706,87.48907,72.78844,41.261215,75.08612,65.17298,32.37198,38.469326,-7.258013,52.629864,9.350628,37.49033,42.355446,58.29309,114.02378,23.006824,38.834976,23.60956,27.202045,23.174149,85.79816,13.999984,41.844448,16.908934,14.966753,24.59554,22.906208,50.02124
37.794,47.843605,39.73095,31.531181,16.240425,40.290234,64.39991,38.531456,74.33663,80.972755,67.88837,27.865698,55.433125,69.42601,42.951015,50.047527,6.481888,39.59268,59.042732,69.20033,65.87024,135.69797,43.510307,1.186554,47.32945,18.294922,27.652569,29.132042,73.60831,0.46146297,60.002552,33.576107,37.76316,12.533415,27.512337,55.66519
23.350872,28.434261,23.235176,20.894669,18.747751,51.148296,89.802475,44.703384,49.96912,96.72887,60.81237,50.834118,69.58936,119.085014,53.91103,53.36931,1.9459248,23.329416,13.666592,49.73563,65.65021,124.23438,54.277596,2.4627936,44.57249,8.502101,25.208689,13.847388,43.180916,-1.0110269,38.21499,24.475513,39.842957,40.03987,33.029564,29.409016
33.42949,16.928804,12.889629,5.8892646,7.88898,67.05561,96.616356,54.074448,73.32166,71.82159,59.73829,88.21731,93.376686,113.8576,70.42335,41.58111,2.293335,11.710135,38.85879,72.523544,70.30687,95.21515,59.174015,8.662932,22.093634,27.446074,29.372965,5.159562,23.60368,3.3475149,30.254921,11.544259,21.9904,34.091125,-0.86669254,33.299854
35.691555,16.754719,88.7659,17.177185,24.643833,84.70665,81.821434,53.951263,74.29554,90.27455,75.48702,83.23309,95.55442,114.739685,84.96344,46.55239,17.786861,16.137964,46.935577,55.962975,95.24654,68.701996,14.575386,-3.5777783,24.729118,13.553374,24.298899,25.971672,26.858088,1.234271,34.18857,14.362779,22.302408,60.669506,19.179934,57.169098
43.27881,34.90567,56.551094,32.602966,22.795805,85.1217,54.226242,84.071594,66.55534,91.99899,68.775345,77.63315,72.12023,118.676796,101.19625,32.02818,27.025576,29.010044,15.011215,54.336693,89.17688,64.59764,12.859066,29.590063,34.14789,14.630198,28.195835,27.673985,58.8313,24.354027,21.433914,12.170563,8.033674,54.782505,16.83051,42.404793
51.613064,53.73945,69.13044,40.4176,26.80024,70.78154,40.015453,76.527664,60.508606,68.07424,55.67295,49.79413,77.75172,97.97476,74.55453,32.02112,29.870594,38.808994,49.468384,29.126507,72.34649,39.203934,1.929182,58.24076,29.59358,21.521538,14.16026,1.2494478,63.285553,37.20036,38.42366,13.336874,-9.25293,48.838554,22.430489,40.4945
55.409004,66.07212,69.42042,35.672245,55.550842,77.25134,36.4871,65.73572,50.84111,64.92816,65.145546,65.594536,37.45644,71.70674,55.004536,31.105219,31.71775,56.516922,34.63887,52.540436,68.39506,13.226911,15.930287,48.109825,33.809296,20.22854,6.012477,17.411146,82.5614,23.89719,29.843218,17.110632,-5.950886,35.765224,37.24079,59.511093
57.909348,36.746506,61.81425,18.213665,70.066864,5.6282463,15.200447,70.62907,43.66275,54.178898,58.337627,33.319107,3.5197182,62.036102,71.154045,28.437283,26.595058,65.78101,22.565186,26.163334,58.514908,60.404762,8.220684,44.46495,37.677116,33.01441,9.054889,16.232525,93.07384,1.0917654,-0.34719658,18.685816,-50.00431,36.491863,49.106804,79.86523
48.799805,15.9262905,20.837242,33.51946,63.110165,1.4154406,15.763245,52.456207,34.205765,12.602179,46.761787,25.282288,45.12251,36.619225,66.93687,49.336193,24.219713,53.983864,40.238007,8.278076,31.99871,17.823101,27.977612,33.64927,23.220938,31.760244,4.3135977,30.141819,77.74428,-35.818386,8.586763,1.8470621,15.249047,50.99495,55.336243,68.89432
39.994705,17.413086,6.4950824,36.71524,63.776962,7.5139003,7.5848083,44.789307,38.097473,34.42435,53.74104,25.729599,-13.952364,47.453693,55.197052,38.0297,25.638008,47.488552,27.068205,4.758993,26.31012,30.588148,14.976704,36.256523,15.518447,41.852997,12.355026,33.011925,45.767456,23.70068,18.672031,-10.822919,11.655403,47.877563,52.13952,68.56397
13.985132,14.346136,-0.5102711,31.912872,45.01906,13.825796,23.97742,22.808495,2.8981304,31.428837,38.081127,22.767912,10.669944,39.26606,98.25263,39.86855,30.561684,37.645714,23.851694,15.965883,0.031837463,-2.2254467,5.4824734,22.147917,24.554146,24.093258,16.270985,18.84421,27.721107,24.455326,24.845531,8.577746,5.357507,47.942444,37.929634,48.236576
24.980108,-1.8458691,15.582849,32.257004,28.472422,8.90782,4.781412,37.549053,16.955347,2.7111845,21.028507,26.228409,5.5405693,7.2923126,60.36282,9.980239,11.621268,35.562473,37.772556,6.4966965,13.322465,32.454025,30.089165,32.5675,22.969233,2.4094086,11.465261,1.4678326,28.213879,33.9729,-102.5404,4.048248,5.7577243,33.45438,44.424614,32.54865
18.769342,-4.5755053,28.580685,18.508675,27.112076,13.206867,-0.80127525,47.70052,21.161915,14.431738,19.87669,25.44022,7.002115,24.019077,61.265358,9.544891,8.5717325,27.39353,60.51159,29.57365,6.1928287,16.480227,41.96847,21.476856,12.280718,11.422363,15.75105,34.165302,18.921003,24.76093,9.885517,10.241468,9.679469,22.595394,37.691956,56.08235
20.387987,38.917526,33.978287,19.234243,11.087975,15.605413,10.148274,40.92059,18.038279,42.862446,17.33935,14.916524,34.14216,23.95114,72.41558,21.81976,26.738295,23.5255,23.932766,40.43451,21.306736,20.083683,33.388542,17.969067,24.3014,0.34153652,10.3792515,34.327953,22.822956,23.501564,17.840033,12.910227,12.20624,38.399952,35.46858,43.33339
-4.15584,26.828053,36.18929,24.20444,18.415298,30.00846,12.724414,34.871147,15.529713,41.785767,20.162312,23.839247,-61.551376,28.721628,63.949696,24.182032,30.034893,46.60858,52.83354,23.024223,44.399033,6.3391247,54.324398,23.573164,15.768471,28.662804,7.921297,24.547789,13.526656,8.461631,13.408413,16.792711,-2.003748,28.176086,30.798252,28.950384
17.293934,56.85273,21.13655,47.62047,21.685318,-5.6020927,4.609682,9.063574,20.469225,31.647568,16.013075,26.076036,23.668066,25.275043,56.309166,39.076927,37.66754,41.70985,46.91162,23.552004,32.066475,-31.55988,46.281334,15.403892,-3.3241425,5.74224,18.095938,18.051006,-7.0507975,3.2754123,3.2171063,-6.7327766,27.430727,7.578417,32.194862,21.206615
11.006803,27.977379,47.253536,28.512142,34.456825,-12.484497,43.694344,20.084267,18.643877,1.4091549,14.869003,14.033852,-70.737045,12.061699,55.81483,36.433434,21.301695,41.41078,40.71127,48.48255,15.283551,20.16055,54.43403,29.642475,12.934311,23.053164,38.871563,11.613726,16.31296,4.6440043,11.477465,18.802948,35.94078,16.512737,20.958828,29.769938
11.893512,16.884697,14.268273,31.891596,54.026993,21.469593,71.96293,15.604816,30.282057,34.20605,19.544096,25.335367,24.159357,21.736845,53.605423,18.913828,35.59141,29.544477,49.919678,43.778835,6.804268,6.226536,32.76902,24.781881,11.682827,26.320698,28.992771,11.767161,25.126806,31.34703,27.012526,11.167691,29.887486,18.315811,49.787563,31.800203
17.452858,12.451107,29.446663,35.397427,31.276663,23.295141,38.906574,-11.111671,21.020275,43.991688,25.640623,19.622955,43.25534,16.693573,80.43896,7.9190264,36.120922,10.625202,9.003241,34.035603,22.690145,28.358519,39.846973,34.52103,2.1211977,33.781517,38.185513,19.375868,26.884487,27.459421,29.351213,13.066132,27.834364,23.46524,39.984,24.137596
14.6757965,9.615067,16.346266,34.434555,12.419861,37.05604,24.19504,27.959904,-0.94737625,28.929363,27.071323,45.935596,-2.9477158,40.417233,75.768166,18.903301,23.11723,33.691322,43.42126,39.219303,24.66977,38.93684,50.7258,32.557114,3.6079845,25.144424,27.259857,21.74604,43.58501,49.78241,33.82228,30.941595,6.188837,28.287289,42.15941,17.331167
23.487587,22.332111,28.024656,17.655655,12.989254,44.74604,27.012966,21.89311,13.357388,25.644209,12.580137,26.528801,71.13722,35.713318,44.37877,16.845207,6.433214,63.671673,36.244343,42.332733,33.864628,27.7514,65.61425,33.590294,24.851944,28.757858,30.74389,32.124264,65.259346,48.11103,25.62067,23.4627,19.068428,28.76927,43.052326,34.134697
17.214405,25.833513,40.446224,18.009506,17.189203,42.851112,31.061218,14.649648,38.548637,38.760788,29.029606,24.221237,40.351852,45.36481,80.50639,18.814173,14.8297415,68.92038,60.794453,45.319767,43.33827,55.866035,58.424007,42.083435,30.010761,27.368462,5.5366707,41.88506,38.472385,47.018417,28.005924,32.862427,-5.077339,46.983433,43.41588,42.434944
17.52864,4.499487,36.811695,36.818653,39.272247,44.729958,40.677315,93.26849,52.00448,47.439537,41.091797,57.145386,64.40844,71.974945,81.6087,27.280737,19.366634,65.05978,52.703815,53.897373,49.941643,56.253693,49.84249,35.616524,13.804733,17.405579,23.396301,46.195885,41.193672,25.362078,1.8587055,40.351643,30.55927,54.64145,56.778652,10.766573
41.334343,-13.476154,52.380173,26.186993,40.83607,64.79491,44.388233,90.88257,46.907207,57.253807,57.269222,70.86324,63.1978,74.29455,87.36822,34.594486,30.907566,68.58571,57.432865,50.699856,55.195217,36.32736,58.776905,21.531982,3.4852676,29.210041,30.641474,36.630142,33.453728,30.815052,9.748841,47.04377,32.48333,43.312195,41.51223,15.8207245
