A,B,C,D,E,F,G,H,I,J,K,L,M,N,O,P,Q,R,S,T,U,V,W,X,Y,Z,AB,AC,AD,AE,AF,AG,AH,AI,AJ,AK
10.368599,18.45964,64.196625,29.594646,46.520367,10.9074135,51.15174,44.253113,12.948975,52.21209,55.470867,26.605656,38.4143,49.759384,48.72342,47.6398,50.29544,20.110195,27.199158,25.881191,62.7778,37.136566,38.799225,0.82972336,13.567665,15.293486,18.317856,25.185568,22.751167,14.2226715,41.038307,36.561962,-6.7658195,12.2402,11.578427,38.93764
16.244038,25.641476,67.10043,53.36126,24.655561,21.54279,33.07284,28.277714,36.631836,48.02432,35.273285,44.549976,46.52293,49.614204,45.98481,42.448696,32.956066,24.410091,21.751873,24.736492,45.465076,47.531082,37.697334,2.6801033,22.48713,13.691165,19.838707,48.543636,23.969004,16.282799,41.38246,28.164907,-9.199456,17.281982,13.264168,52.585392
17.882996,28.567131,72.8832,55.547924,24.1391,9.883968,39.35683,33.177387,32.976917,57.526386,19.727446,34.59909,31.58723,34.00614,50.534626,51.09386,30.62555,9.867752,36.549908,37.69211,76.236694,40.925823,35.382214,9.2322235,39.455063,6.81168,11.899792,39.081364,25.903206,18.788052,29.206898,27.460594,-3.855198,12.008831,11.858303,45.699196
23.211994,23.124157,72.08436,59.73832,20.767578,23.278732,37.68156,40.224613,36.13825,47.382454,38.17426,47.57559,22.362701,53.739964,54.00746,45.62209,33.063595,23.58799,53.253326,42.458298,39.507515,53.521248,34.292316,14.250607,45.907303,1.9600029,10.724171,33.470158,18.782803,7.493,28.353956,7.607832,9.406864,11.222477,21.25977,36.271126
36.17236,24.546991,61.513527,44.8017,25.416565,30.743736,36.133076,44.23022,43.864197,43.957184,56.25446,46.742218,54.455772,55.494453,57.27088,47.376476,4.310051,38.123466,57.27967,33.351578,46.169136,93.84469,30.369286,19.476074,43.36116,13.794643,-4.5859585,17.888233,20.423061,10.986828,28.195105,13.473721,5.2856436,28.704445,23.205585,39.10401
33.473267,24.527191,50.10277,43.019447,41.645332,49.082176,69.776825,52.810158,57.380325,46.78979,65.45311,58.814884,42.62918,61.36793,38.984802,47.68694,9.079506,61.897255,42.888786,51.59842,63.753227,88.46672,31.29348,16.419647,25.03719,13.276806,-16.76274,-2.7646904,18.579044,12.799896,36.193672,8.080826,19.565678,28.629436,20.797794,46.320538
31.895714,3.8008347,56.614197,50.269623,27.59248,52.687763,69.093796,61.304684,54.927685,50.97367,28.63221,75.60648,60.99905,51.651474,4.646492,48.131763,42.305943,72.06821,31.308064,65.34122,78.71805,74.23506,36.88573,6.6065216,11.721811,8.262876,-11.00613,-0.2657013,14.397335,17.713634,27.67698,0.13586998,18.123451,37.237934,26.10559,40.11776
33.99527,24.338268,72.43397,54.675564,35.43645,21.118973,57.70733,62.86936,50.251125,87.98956,69.13023,66.70757,59.022415,75.97742,32.49893,34.28186,54.2734,62.478214,42.08117,72.36516,79.94713,78.20657,34.192757,10.636665,10.393692,4.9751854,-11.776073,29.630363,3.9925613,25.477787,26.98338,8.411655,15.447815,31.286121,37.259693,34.01457
21.532051,12.08976,71.0092,46.15259,44.975887,39.025333,57.23615,64.48404,53.883778,67.6636,53.24667,66.60161,34.58249,57.4469,50.61475,39.529476,76.94987,81.38238,46.06453,43.337883,88.55826,94.582306,35.76689,23.796268,31.46751,7.240597,-3.8058243,17.88696,-22.751621,25.601282,32.672592,14.682674,13.317692,24.441292,37.520702,49.891212
32.311104,31.183994,79.51058,52.97847,45.23175,33.605034,76.34973,27.982391,62.34654,56.96779,47.88011,60.13215,52.851078,63.966927,61.74326,37.20907,61.27894,76.78497,51.096313,51.7947,40.024876,25.629768,40.119328,60.98264,35.431488,11.760128,10.533474,9.2081375,18.60902,47.212265,23.316416,11.3707695,21.73286,15.676482,25.621353,28.967148
19.852345,24.64312,85.084724,67.59559,59.670578,31.434994,80.25053,42.028694,46.954704,81.26876,40.23668,47.892113,49.195602,54.77425,63.990635,32.72701,84.24012,61.751842,59.02664,46.29146,79.77048,24.761185,39.60196,57.629765,26.090065,14.624187,19.854912,13.388687,38.76245,45.72968,29.855476,9.410212,18.612831,19.901314,30.541275,39.720676
28.862637,39.317398,93.96904,66.67406,34.203857,36.78054,37.374992,45.639503,36.608543,75.00791,61.65146,53.36916,47.068733,46.88392,61.911793,64.69838,77.71847,52.577827,51.947502,36.67266,46.00345,34.344284,37.588787,46.656055,39.222332,13.714821,21.292507,19.19381,38.368504,46.647728,43.82467,0.52944183,15.273415,25.91869,43.16789,43.416824
36.455025,53.875435,92.14594,66.29151,35.121754,44.69355,46.207184,57.820843,31.190662,83.270706,36.972813,41.438263,43.265247,64.46992,56.30218,54.54774,55.817482,63.830513,45.38285,47.72601,28.966547,39.352657,56.935352,31.983017,44.086105,13.777657,29.217617,14.24156,46.39856,52.85348,42.89759,15.882233,-4.0370903,28.00237,50.94084,46.51267
54.849014,52.29556,77.55022,62.394154,43.76557,49.308624,29.501337,71.527245,41.964264,55.193333,28.542446,35.833115,43.506924,53.106834,57.48041,59.12966,58.95214,58.30401,43.5751,46.224957,76.52466,36.972015,50.717537,-3.245945,27.4267,28.919807,22.54258,33.82284,42.952496,62.578606,39.37873,14.174835,-5.6920853,28.662163,47.94324,48.191353
30.118786,57.803497,69.942856,70.43731,52.299057,40.775726,25.814922,66.242966,53.749874,75.41952,46.791996,35.944736,3.0797997,46.966225,48.06565,57.0781,64.77349,55.221565,44.57486,58.339066,46.127266,49.932346,39.006657,12.808201,23.628551,25.351822,30.546398,38.139,42.769115,56.150246,36.8992,16.180445,-2.616366,27.192188,55.60292,47.002567
43.200077,57.959694,66.16064,51.18358,58.399517,21.180855,26.268116,72.96007,66.87838,69.654205,42.573124,36.145073,25.831234,52.396866,55.2694,66.63081,42.748753,53.393894,62.25136,52.795776,3.1626053,55.62669,35.951447,12.79113,49.010727,16.565289,30.195324,21.256252,38.53466,61.967724,41.613235,28.76382,-0.0513407,37.09673,46.78473,51.66745
35.64158,44.71118,66.872345,55.072712,53.56978,37.312626,33.38669,60.332405,62.73827,68.68508,90.33431,48.81129,45.888367,43.738415,60.10662,76.18799,60.461563,57.72579,55.41565,43.88921,39.582863,73.88977,43.233047,24.135765,51.91912,18.683681,31.362244,22.330088,42.78681,57.88949,43.76027,30.415764,-5.214637,36.595066,42.75697,47.800888
22.808105,54.20782,81.95102,48.07052,54.295803,68.055756,42.3665,34.345535,77.72787,69.817535,75.1851,57.673203,63.66292,64.39877,64.92355,68.88502,65.104965,76.52107,50.72577,57.24719,40.524624,61.039665,45.22359,30.84608,11.91967,16.840801,28.715303,31.405052,42.15084,61.63741,43.719147,15.437885,-0.47402573,42.937374,47.40383,48.21365
11.268047,65.83353,67.85591,24.322243,66.938644,53.749912,55.28232,39.440567,74.66847,77.556564,67.427765,51.651222,63.151623,67.094315,73.04333,70.04423,75.20674,73.089035,45.037453,59.039513,87.90029,70.96168,31.03389,39.421143,45.053017,21.98746,30.33863,31.718521,42.173283,35.35831,44.659393,21.8543,-4.6016035,45.560898,49.455227,51.54562
27.634365,46.533413,66.96571,34.509705,73.45742,50.861446,57.29852,52.574757,37.587784,96.00736,77.48729,47.597614,63.86953,66.58127,101.543785,74.37896,65.41562,95.441864,43.677063,58.900948,76.92064,64.58246,32.01291,41.529556,21.977852,21.364855,38.62519,20.567461,39.919235,34.878258,47.90345,24.905226,1.3186455,33.149162,58.48921,63.89104
36.38042,40.623993,62.375973,42.285973,54.702255,55.95374,60.390137,61.683323,62.60743,71.58506,45.22844,57.675922,62.033302,55.154163,91.36993,50.825462,51.844276,75.67435,52.401627,61.40319,103.763435,69.700775,32.319725,64.544075,38.154373,20.275879,-11.496647,29.533667,37.8638,45.209778,43.926674,24.88101,0.07442474,33.0376,46.980366,57.762726
35.846176,36.344395,79.08736,56.27308,53.04169,71.108955,66.02209,63.989056,63.992462,67.052536,66.23628,68.77859,53.15237,54.265923,83.98385,57.014744,60.313606,65.35908,48.207447,72.43274,66.025826,67.07086,23.355564,56.359425,34.5513,14.450217,-17.314814,29.946995,56.32042,47.094063,57.46456,22.134022,-8.648075,41.184677,52.10387,60.04235
42.297203,59.16556,75.809166,58.435944,56.822132,49.91967,77.49316,61.088516,74.89405,72.86141,56.04445,67.31569,68.82674,72.598625,86.07774,65.68367,65.350525,67.844086,63.551514,58.194786,72.676384,62.634583,42.390156,47.887527,38.843285,-1.8148689,-6.3225136,22.780207,63.2074,49.982414,55.42431,19.67884,-15.945248,42.809135,49.332123,72.38581
43.996567,56.804436,72.54439,54.919117,69.18725,52.815536,74.94021,91.1262,71.81781,64.442604,74.06923,72.25008,62.397766,33.13833,85.03891,74.76235,67.14178,61.4738,62.27718,72.31359,111.07895,73.47005,43.777214,32.343452,28.69299,-4.819832,14.857021,12.935051,54.37207,72.376816,50.239685,21.701015,-20.043665,59.066483,42.877243,61.692783
47.60151,52.014153,75.71564,54.79266,69.834694,39.853756,83.80655,99.974495,77.066414,67.01728,78.114426,66.93311,66.97789,50.478813,73.65114,70.634674,82.42573,61.945118,42.768066,73.484695,73.40664,80.58278,41.395645,74.0517,43.50191,-2.0806427,15.002876,12.000473,55.996895,67.27261,55.042652,-3.740078,-11.005337,61.783844,29.172264,65.30351
54.270332,35.20729,92.06707,56.767227,80.24185,49.783756,100.00598,88.906815,72.985855,77.36145,68.1202,73.51648,62.38137,63.293106,73.09961,69.01788,99.6804,91.749405,43.825428,62.081703,82.135574,76.92713,42.849083,71.251076,42.99943,0.39657897,29.792953,16.09076,61.968426,67.05113,46.736473,2.6740923,-13.777299,59.227783,63.726,64.43507
63.20099,48.551735,93.58744,70.76218,77.07198,78.00008,95.10947,101.224335,76.47585,77.18863,96.21406,58.52457,27.978577,72.382805,73.79052,74.46133,84.28475,95.62132,38.027885,80.828,100.43312,83.00969,48.262848,90.75624,53.0281,-12.441441,30.14191,20.522264,67.0651,63.561928,44.981937,6.9640884,-2.022015,53.90992,70.84327,80.558044
63.797836,69.370804,77.45188,77.93962,74.18496,73.44917,62.804474,105.91545,92.99239,74.51843,60.162994,57.681908,62.171883,54.62616,77.86728,83.30959,80.82952,102.989685,43.948605,81.68847,48.355225,71.591,60.230522,86.27647,51.549355,1.2446175,42.33087,20.279352,74.54096,62.17147,54.113445,22.691402,-1.355011,51.094658,83.45681,81.94318
70.23148,72.21384,77.289276,71.06215,72.9561,87.55844,63.907677,117.85292,76.569046,63.623848,96.66693,50.13028,58.278725,59.425697,49.857033,84.89041,86.04668,83.06369,55.35239,77.774536,49.30783,86.3318,44.04147,71.4704,48.94077,-3.9139214,42.63326,28.991152,73.167404,70.52353,55.578,23.038008,-1.7206078,52.71444,77.07237,98.65738
69.27381,84.54321,81.14785,68.92728,79.73831,72.70927,89.35268,103.62217,90.14168,89.70137,108.2566,69.7227,40.335953,34.713226,89.87447,76.881935,72.68763,89.11916,64.41883,87.69721,83.773,96.13633,54.937614,63.296272,58.004692,-10.132061,45.148155,26.407883,64.476845,59.09798,58.53291,32.266335,-5.064636,68.53457,78.47981,94.438675
63.322315,71.75958,125.47937,66.40286,77.77735,77.87802,72.46549,111.01021,92.02252,98.5958,87.5082,84.46509,68.39988,67.235886,87.23076,86.91531,89.36133,110.860535,67.326836,85.46571,72.6863,68.139145,62.85992,58.508152,56.51231,-7.507366,38.003235,23.917374,64.89674,53.6268,52.94729,18.465904,-0.4359932,73.76067,81.3907,79.1745
61.104256,78.92501,125.35331,77.838066,56.281235,70.34532,69.39377,117.13394,102.791756,95.62565,102.45351,68.45985,70.56529,83.59526,85.59709,76.9086,86.65425,84.3391,70.69401,92.439384,96.68183,74.984276,54.53602,57.894096,43.303265,-3.6089668,43.043594,55.957005,54.56535,47.982346,52.531334,20.407125,0.005821228,75.17735,85.38095,90.30008
67.634964,85.69882,114.133545,117.4776,66.925735,90.71359,72.15102,121.76147,103.61644,97.2934,101.61675,66.15356,54.634438,45.27401,90.57478,86.821655,89.818504,89.47601,74.05493,79.51631,77.69208,77.63445,72.12401,7.077389,52.552513,4.7455597,47.957012,55.449333,50.04767,50.347557,53.828785,35.71418,-0.56311417,76.62015,77.67223,86.52231
62.030655,87.933426,88.340775,100.02076,73.30245,65.35518,85.741714,126.56633,65.70845,111.434364,89.54296,72.59164,62.60089,47.79751,42.173134,76.695244,77.91492,84.65974,49.854126,71.21713,80.85534,120.277664,71.31795,9.001461,51.555473,3.4013724,46.61208,43.020687,48.40914,44.14532,52.43505,40.079926,-2.0799408,80.407074,70.86833,82.021484
48.279022,77.855995,89.97284,84.57012,75.01091,68.307785,114.92963,126.26621,75.20935,91.567116,70.05055,87.51971,83.84152,79.663994,62.54003,69.710014,60.777878,102.28889,77.92204,69.0849,78.22296,117.34779,69.82211,15.488037,53.37229,9.480572,40.149567,42.81513,52.503815,45.478455,49.025883,40.702034,-8.515053,73.65435,74.22913,72.09749
60.55719,61.354755,83.20128,81.04583,78.077286,65.942184,102.19871,119.44566,76.544914,111.655754,86.74541,106.95866,90.99954,97.53946,65.11129,68.760605,67.044525,104.16138,86.97843,83.210754,127.14827,93.363335,72.07716,22.772781,64.67149,12.860304,35.4597,55.362755,55.030586,45.945732,43.776794,39.453938,-0.47459793,76.36903,74.798775,67.25325
51.432407,77.32017,78.99394,84.048294,69.78118,63.782833,107.62036,106.94587,95.00089,109.05682,88.4471,104.19623,88.155945,117.92538,63.018055,75.65485,74.0731,116.413864,89.555595,90.35441,115.54104,99.82085,66.380356,45.691757,72.264755,14.476658,42.51498,54.288967,52.012066,33.407673,44.221207,45.151867,0.9010658,67.348145,72.70949,58.770752
51.43963,71.69777,76.88434,61.667274,77.614265,76.301445,79.096596,119.16289,101.7014,94.51715,91.50878,89.5175,88.08979,117.65219,79.55594,77.30549,91.36637,105.06807,87.1597,90.53647,96.17328,90.73631,54.816322,34.83757,73.16681,22.84261,46.243423,64.49672,64.825516,33.846134,41.860744,40.296673,17.494534,73.67028,69.267555,66.2229
55.595615,73.54274,67.01206,78.07348,81.88596,74.73891,74.44545,127.00378,112.071556,103.52022,110.54041,73.82414,85.07601,92.46727,76.94837,69.89793,81.12683,108.03828,94.97009,91.81523,90.28445,84.959335,46.39256,40.20663,54.988323,30.209862,51.75758,42.197487,54.130768,34.3407,47.62481,43.85383,23.33183,77.31121,75.43561,67.13713
57.916718,99.70267,87.57569,75.17944,74.93445,90.748764,87.91965,118.25869,105.628136,86.08902,111.97419,70.5457,97.7959,100.11844,49.614624,63.03537,93.32547,82.15164,97.023796,75.42847,84.711235,69.78406,40.88615,34.75883,59.544147,43.77729,50.534546,54.66315,44.41774,38.037376,56.532085,39.33166,23.958317,65.3228,61.220642,83.23135
75.2852,72.22397,93.50791,77.31562,74.6515,79.22207,91.67794,137.18144,103.146385,103.95277,86.35562,71.14451,77.38373,64.087814,60.042152,98.0755,101.04749,81.767,90.9738,67.96361,103.020905,77.02313,39.316017,56.51754,64.8062,43.042686,48.188732,39.882633,40.57843,38.5694,54.283905,53.417915,22.511757,54.865555,70.27306,88.153175
69.07517,80.89783,85.037674,56.8919,77.67224,75.33626,25.931412,139.32462,81.16669,103.41358,110.57026,66.24375,75.04395,89.681175,61.370667,98.49223,101.56263,76.24245,80.80169,51.643272,91.61514,92.498085,31.180382,44.450996,70.687805,27.182213,56.071175,37.327583,44.66182,36.915577,55.603916,45.088867,28.22793,67.02289,59.44993,94.38265
57.39237,77.17427,88.891136,70.121895,84.92616,73.65708,63.2278,160.3222,89.31191,96.98554,95.97921,53.438465,86.24268,78.877014,61.06433,87.47598,77.44834,98.054474,77.90857,81.04678,74.925125,90.56814,17.332973,50.23665,67.83948,29.70854,53.553753,36.6139,61.441036,44.014797,46.81347,32.51045,30.380754,75.35822,71.76483,92.478355
60.858597,37.14942,70.18035,88.28641,89.345245,71.27501,59.148315,160.38448,92.21264,90.358696,99.89501,79.88431,78.49187,58.523872,75.00807,78.735466,82.34582,109.02075,79.99043,84.575836,92.892586,101.745346,14.740562,52.928215,58.880398,33.53651,50.160828,37.364906,67.23071,46.782475,44.13281,60.30313,35.20806,66.023415,68.36367,99.0123
59.06624,66.55319,71.27493,79.20164,83.0213,68.30246,49.775497,158.8234,87.58014,102.73964,94.921074,40.57846,83.70906,98.112495,83.28553,68.51785,69.1372,97.72486,73.93871,89.06847,87.608315,98.90198,19.606544,52.784073,72.79256,35.965885,49.789223,36.22087,70.97684,49.191895,43.134632,46.327747,39.242046,30.985535,52.17341,105.59659
74.66293,70.80297,63.827858,79.47375,73.81761,66.28825,60.578953,132.60313,108.799545,123.775734,92.2292,65.85969,66.96844,76.54514,88.35315,80.228935,40.402615,109.980896,46.098206,64.56316,95.3174,84.46915,21.826508,28.39531,64.724525,39.07694,52.2214,50.203415,72.00275,51.044933,48.269897,41.80078,27.833405,35.14438,54.577988,97.76679
68.76666,71.87705,54.56974,74.82892,65.9987,79.166016,55.166206,132.66568,106.23803,102.2626,95.91431,82.10287,87.92268,60.944077,90.88626,94.47821,68.78111,95.63624,51.446945,58.603912,47.222008,73.70166,22.144318,40.284332,51.15368,40.86397,48.28208,33.66658,59.843838,40.321358,50.648895,39.05818,24.291218,43.389984,62.176117,92.375465
41.42983,70.94972,63.231316,69.50818,51.611073,75.39316,72.22102,136.03966,84.444626,102.17759,86.52612,64.47574,83.80141,71.94407,78.43347,98.545944,67.41878,83.45395,61.45464,99.29977,119.27812,75.017746,21.18782,36.898933,45.08789,45.23544,45.985558,35.603416,57.731632,39.762047,45.764183,31.187794,29.370209,51.75514,60.092,82.005486
47.168106,75.12578,64.72845,57.50921,70.52235,67.12386,70.27256,131.35214,81.99034,108.12771,95.361465,79.93976,71.418526,76.68797,48.392937,80.66633,81.48121,91.25016,82.081726,79.90365,91.38708,75.85632,23.033161,37.742073,53.872395,28.496647,42.003098,24.588943,52.709587,50.135624,48.38548,35.680157,37.970383,57.965332,59.386246,67.918144
45.31223,71.05328,60.31166,58.770096,64.406166,64.8803,86.231415,119.37088,84.32453,85.79007,86.91261,58.27317,68.75668,81.397,64.04886,84.03189,94.062515,83.70828,100.401855,85.912735,90.56839,67.57495,30.29559,38.350227,60.142822,31.320108,19.695612,29.577856,51.40365,56.210255,53.111797,31.468922,38.089565,51.388844,63.797943,75.04539
54.951675,71.56199,73.89761,66.99768,61.211662,65.62818,89.141174,111.59744,69.89551,75.56555,96.74606,59.567085,66.75575,72.94311,73.005486,96.98668,90.18225,93.723976,96.558266,105.75517,79.08695,6.110153,30.780724,44.501472,54.558296,27.217566,15.354591,27.853558,54.927303,51.95673,57.24648,43.046974,30.919693,55.06854,68.76599,75.68281
46.45197,72.17946,86.86905,54.30584,81.39874,59.382,72.01156,125.57822,66.21774,93.74085,99.41465,50.990025,77.77879,47.395844,56.55226,49.609116,88.33239,73.14237,76.48699,46.086273,52.964203,23.166615,29.537632,61.314125,63.47505,26.89752,-0.47426414,24.458336,51.08915,53.382812,55.99287,34.694798,26.301426,68.571236,76.51132,75.66184
57.62769,56.976826,89.569016,73.925575,70.85802,40.412014,80.520676,125.755585,79.28315,86.73659,98.112434,17.813053,54.62346,54.29716,51.07727,14.788239,75.59207,67.51896,65.643875,47.11061,83.80586,21.809147,49.64844,55.21245,66.05909,23.954811,-0.22818756,14.8076515,50.79189,58.73747,64.83587,42.44182,27.144577,64.55444,82.220276,74.2133
56.194683,55.351143,79.40378,74.897766,72.994835,54.345222,55.401337,113.02525,70.3197,91.095535,68.29594,37.926754,30.689888,23.914608,25.77462,41.20652,72.203094,65.03768,39.082634,58.987835,75.305275,40.446095,47.671688,60.978657,43.42576,34.119354,11.2811165,22.243202,51.203087,73.21959,65.12421,35.400246,20.431873,103.810394,76.73123,75.47385
52.799,54.030697,77.003395,66.52789,64.45824,29.021732,51.033134,119.19778,22.174057,58.474815,50.170303,44.0303,32.023743,24.607754,-18.239826,37.90359,63.092762,55.369644,36.15255,40.565125,53.54644,72.65774,57.867393,57.06968,47.80526,35.799297,16.24445,26.12027,6.5067673,73.00457,73.351105,12.039652,19.344378,91.15412,69.71797,82.61043
48.585052,39.577404,35.349922,50.618954,63.780846,22.282574,52.505726,104.79236,33.02266,55.130196,49.745426,64.594666,46.637016,52.579655,17.695978,28.127045,57.199883,49.993137,30.48042,57.824566,46.188034,86.99639,55.07374,46.841656,72.34137,33.613605,19.461136,21.33377,27.868032,80.108925,66.60034,21.850636,14.948811,80.129,63.81913,78.24325
38.79511,61.000095,42.20141,39.05545,50.419857,25.709232,60.5525,90.18248,58.106583,70.81239,64.17969,50.40754,53.91422,65.06322,20.416779,29.40995,63.828777,69.30961,50.08141,49.449707,53.347992,70.77471,68.44222,46.01261,67.582855,30.151392,19.436893,23.36926,47.66017,73.69759,64.52456,44.611584,26.29358,72.24995,56.82116,99.61731
17.007607,44.38063,49.36319,34.602966,48.02324,47.7954,74.50645,96.53689,65.5517,72.202255,91.7825,50.171104,49.087406,39.80373,27.657402,41.207443,75.21144,64.29655,66.32498,48.58919,55.62992,58.457905,71.27779,22.841385,56.051346,30.68759,21.015903,20.532906,47.959927,79.50008,67.4091,31.88227,27.740295,64.87271,66.58439,80.86778
33.862133,79.83218,41.22995,43.528545,49.293587,53.23764,68.4247,91.83482,37.63659,52.557793,64.652374,42.125824,49.137764,66.327194,43.177757,76.57042,81.63775,67.55766,73.648094,65.01415,52.47647,58.406166,66.32869,22.205925,54.4041,45.00135,30.773422,20.395773,62.431255,72.67493,70.89053,34.103775,20.194244,60.260063,62.12979,52.17948
40.26297,15.342506,45.86784,42.832363,39.665707,57.388016,57.19146,84.14289,61.74212,46.13013,42.887993,66.556656,48.684284,46.106594,39.575016,66.896675,81.33052,81.81447,78.94722,67.51446,68.19525,46.859653,59.99888,33.1694,26.48618,39.337677,43.262783,20.71865,75.12833,57.617126,56.154476,29.877977,13.784078,54.470924,46.30857,63.438934
19.909248,21.713078,61.17273,31.611023,41.414818,54.110325,41.743645,98.193085,63.656685,63.32583,62.150925,37.28232,62.628166,59.15201,56.106037,55.017975,76.46067,67.811066,78.8699,46.447105,64.560074,40.8788,55.14585,-3.0754166,33.873825,35.968307,40.1726,56.054184,66.03533,49.59432,52.005436,17.525528,20.007114,55.851055,64.31946,58.547012
22.499405,43.895905,70.95086,45.330536,47.91806,43.61917,19.842754,83.89837,50.646835,66.64123,82.84408,29.178055,46.239376,10.237076,47.566166,60.076412,64.86261,67.739624,89.01914,57.197052,100.25968,43.894108,71.63793,11.71796,42.94571,37.358513,27.186089,41.06934,55.174725,35.590954,41.543137,39.31024,26.902142,59.02606,67.77857,55.518875
21.583817,57.481236,64.895035,42.88538,50.51731,31.222977,25.106556,80.98414,41.009113,74.4811,40.39342,49.22993,40.00449,39.692154,53.59436,57.242107,40.653046,60.69493,76.50609,51.12365,72.64065,87.79615,58.54571,23.491756,41.867046,32.709713,40.37571,34.918713,45.305687,32.85737,37.935688,32.996532,23.876764,47.102287,61.929695,59.870544
50.412308,39.641678,50.48329,41.613976,49.157867,38.608177,54.88868,66.098305,51.289562,72.20783,60.450603,52.5556,44.940166,52.57636,65.80814,53.5279,56.363533,57.13437,80.22933,59.352047,57.781055,66.7793,61.106266,31.167713,-1.871994,25.621923,37.884872,61.062572,39.66989,31.238293,37.874077,42.58706,10.568687,43.608063,59.459557,48.682045
58.174522,33.289227,47.114513,13.695164,54.679794,48.86654,51.302673,59.047012,58.43019,78.02497,43.327858,48.27128,45.138275,57.11933,57.8765,54.296097,61.61879,69.81755,60.536934,61.042118,51.80337,53.13784,47.574127,33.68612,9.129541,26.54041,39.697643,46.204082,43.85032,26.184084,29.446686,37.61742,10.2832985,46.793053,57.52836,49.17846
52.49755,-12.771477,57.51654,28.16471,60.434925,28.057476,49.035385,58.874916,-1.3047943,88.987144,73.082794,52.21654,46.728504,59.27147,51.262695,55.495583,82.62077,61.898376,39.79075,55.788963,41.316216,42.425518,45.97423,28.173256,13.123615,25.340828,19.379738,49.111702,7.7029953,25.839756,26.012142,27.13515,23.065258,53.362053,51.176105,45.608253
50.212505,-0.4111786,48.186142,3.8158379,63.568302,39.216473,52.336704,62.82825,25.994698,69.52353,26.009022,32.727604,42.612846,64.1051,45.367485,47.352436,76.75376,53.499283,44.301716,45.650234,64.63906,36.94476,44.700027,25.628681,24.621624,23.24448,4.891554,31.576698,14.909039,26.585327,23.766022,28.909433,20.892567,54.73936,48.158848,50.191563
30.232227,27.624481,50.535034,16.27354,51.655056,67.58648,44.762196,67.93996,1.8479614,42.572357,46.478203,35.86188,24.334713,27.271645,56.856354,46.26477,40.625404,65.05255,35.10169,57.92195,44.10751,29.33086,46.20733,31.23391,21.776814,14.824932,-23.95097,26.835882,16.567497,28.22879,23.956963,24.365717,15.331667,63.76123,57.735817,88.15007
31.030434,39.731255,60.131073,19.52966,47.085293,57.067688,44.970528,68.73322,22.03849,52.37736,40.13037,38.72847,29.867802,42.702473,57.993534,42.900234,39.69815,55.53989,41.86821,35.29958,44.30956,31.376862,35.29345,31.796398,32.672005,13.525669,-11.562199,15.498517,25.800573,42.79707,33.544685,10.996906,18.846859,45.206688,47.847637,85.18593
33.079224,38.975376,48.111237,-2.8481407,48.219975,53.06257,31.120205,72.97435,39.046734,59.597923,41.69546,33.119938,27.048183,11.726454,56.192375,44.172855,45.490307,41.621223,44.184437,39.607452,42.418118,43.60529,41.117786,28.018154,26.152424,12.514318,8.170849,8.57827,25.024677,39.762764,30.689358,9.04089,14.552128,45.09409,39.86583,77.248055
36.39159,44.715397,52.723274,18.695393,42.47043,53.27233,37.10914,86.29499,42.148365,61.045536,37.661766,34.497715,29.055931,19.046242,54.625813,40.416637,64.97681,6.0058517,42.813156,55.730743,43.86413,47.938984,53.270176,30.620651,23.949375,18.867645,6.8390236,15.461491,17.960073,41.49723,28.592367,-0.0949173,15.9392395,48.86852,36.721577,54.54131
30.44336,30.650425,65.16995,28.824083,47.326347,57.226772,37.510555,92.09605,42.378777,36.744156,58.948032,3.612526,41.595577,40.102135,51.706326,41.17582,71.11005,32.490395,43.145187,61.268135,41.60395,64.23544,58.923103,13.444714,6.4560165,17.714165,13.777313,8.096325,19.86869,35.337772,35.533245,6.0979195,15.219964,38.00634,39.025795,49.558247
9.390892,35.167477,80.25108,34.9543,49.740597,55.6314,41.6801,98.834465,55.732117,20.562363,29.885012,42.181465,50.817238,23.34412,43.50242,40.848064,69.15044,47.0553,29.264915,69.55771,44.757164,68.73635,59.30224,21.676727,8.682047,18.355194,18.67986,16.65147,20.65543,30.479328,24.198315,-19.019442,9.654929,40.43413,40.41013,48.712463
20.911518,37.643875,87.651085,21.526855,56.769573,48.25234,49.0023,123.581276,60.838215,63.626476,27.4555,48.178,65.72303,38.783875,61.63256,46.751816,74.892845,61.3553,30.03123,60.48394,64.52963,76.42862,55.368073,32.531033,25.927458,11.5861225,4.65847,17.52782,21.68283,19.470171,21.902866,-5.2725906,11.527397,41.013264,50.67228,47.24468
12.329109,45.85708,93.482216,49.472443,69.49213,40.57806,65.43831,105.481064,66.9436,75.01097,61.612717,39.43449,58.880272,59.37956,78.348595,56.55488,83.38603,58.314186,22.386917,58.15105,82.36284,74.766785,49.74263,26.437265,28.336819,11.641041,9.9866905,33.230732,27.881392,16.77628,10.420868,9.098617,5.7587013,42.79476,83.03281,43.733955
39.19721,42.41097,75.13574,60.09613,77.71404,50.713844,79.1254,95.14427,70.36196,39.939438,43.29944,46.2452,72.33303,62.611843,79.79761,58.520775,74.31974,76.33929,31.248627,63.94699,70.07262,65.411934,49.91581,33.487812,46.922493,10.070847,22.493542,36.02027,26.642975,17.09761,21.476318,-1.2106552,6.7440414,36.64569,86.44538,65.63185
48.421646,46.99111,75.655205,65.838196,78.11192,44.66793,76.84236,96.56088,65.9312,92.8112,73.38633,70.73613,80.252144,57.301025,76.390495,43.262955,73.85487,79.25727,58.430126,81.61772,82.76929,67.548874,16.629288,22.020363,29.230255,18.647186,26.808285,27.421165,23.091606,25.527401,21.022163,24.414185,12.122969,28.649033,57.33824,55.76026
41.74975,76.741806,77.2901,70.869354,70.986244,57.36927,70.275955,107.12563,84.84981,103.15352,81.13574,63.205967,66.16073,66.480034,78.65484,52.12829,77.02222,93.86601,62.739212,78.12297,84.419975,70.92226,17.698112,18.489128,39.596443,24.983059,19.04206,24.366495,25.699333,2.1962147,38.380577,21.937063,12.565468,38.509804,63.365055,48.615013
30.644806,67.66034,63.11891,67.828255,75.07549,42.352722,64.00068,117.6156,69.914665,89.11485,91.31171,74.73449,58.99012,70.60254,80.91011,60.470303,73.6729,92.60571,51.434708,71.63936,82.27199,97.558945,21.26764,21.225698,42.356953,7.4430695,19.372772,17.182636,27.030651,4.467201,28.460293,14.177935,16.281078,43.20314,67.66685,58.32305
33.223427,51.207268,19.791664,61.653973,75.48065,64.04539,64.37516,120.574295,107.29157,87.90135,85.64617,77.47158,76.554214,100.415504,76.063515,45.9386,68.91041,105.18392,64.105545,71.14633,56.62748,96.20151,18.1353,33.62082,32.36577,10.084885,-2.3036804,64.77261,22.336143,18.247692,33.868023,10.867531,14.619976,51.762604,66.825294,51.114426
38.342655,49.2309,18.636318,53.589798,56.341286,73.42994,76.75337,117.753265,79.54719,113.58157,100.18388,61.98455,72.19808,81.17755,65.946365,54.48035,56.321236,85.89388,70.437126,89.88817,86.86472,86.731125,26.142662,35.225685,32.046677,13.152493,1.7486954,47.25364,27.661816,21.575676,40.287685,13.365307,21.593987,54.98071,68.93879,55.155205
61.311882,50.347736,15.641506,53.89032,32.435135,46.06906,15.774094,117.841034,65.344696,110.87002,57.503006,71.70242,68.765976,77.014786,67.49352,58.26878,66.68773,90.833565,51.278328,92.52344,78.72331,90.69922,24.74324,42.21639,7.8897038,35.475304,13.857521,16.862396,30.781225,23.41159,39.887196,16.334076,20.714077,68.45054,68.31818,54.93608
27.19204,35.841736,22.717415,23.38218,31.326874,61.242104,25.05944,140.34409,78.126915,87.35945,67.88366,75.48876,66.73142,83.19858,66.72547,53.195156,82.92753,100.012024,51.23404,86.23287,76.68625,81.112206,22.497662,44.918343,17.074951,36.767403,12.754681,64.789856,32.72755,24.777811,40.80181,18.207233,23.35559,60.491623,69.99952,52.14901
36.274723,36.850773,48.409332,36.561157,29.109545,63.59297,40.081257,127.22064,69.661606,67.6552,81.20148,65.80825,65.01926,77.26094,70.02573,59.70577,86.56139,89.00964,73.24773,77.89949,87.728134,79.03233,23.81223,44.229576,19.842342,28.60308,26.037533,47.172096,28.246395,28.835146,45.507587,9.511633,16.979176,53.94014,65.7406,61.09927
57.25161,45.995533,47.653423,35.13714,26.649986,57.39553,49.46965,115.163605,83.634926,87.90117,58.778206,51.974293,64.00173,87.19015,91.74594,59.84069,83.67509,108.844185,60.476448,76.92354,54.82431,77.63629,27.83097,42.944653,3.786087,25.48681,21.712608,36.50832,35.878456,29.56947,45.43102,12.948042,13.52239,43.147316,63.97242,70.697525
48.389133,49.16675,38.531258,22.921667,61.142532,71.56176,58.02124,114.556366,78.61139,94.411026,78.736305,71.68803,77.695724,67.30762,53.73082,61.41806,75.67082,108.58617,44.015934,69.74802,76.7731,81.45735,33.75035,39.627953,4.160244,24.027122,20.362064,24.911991,39.05609,17.892628,49.465904,25.553036,19.371109,57.327854,68.54943,41.805397
47.67489,52.329803,45.151936,30.801132,59.576363,67.915474,64.59234,104.19166,85.29025,96.499626,89.385155,62.134663,78.170296,69.829865,57.61621,57.19178,72.24295,95.84672,52.2894,68.34222,82.08322,47.18138,34.308346,30.74725,18.967918,21.071583,17.45076,1.9706516,51.890022,19.86562,45.480537,20.046276,28.06512,61.698666,66.0679,66.03529
64.74626,54.93619,43.044334,43.97565,46.590446,48.6721,30.614182,106.54056,75.838,99.87398,105.086075,66.74774,51.746952,64.392365,52.067177,54.94453,82.365555,74.35565,49.023705,73.87561,94.63319,42.45073,35.46887,28.839363,19.00132,7.087302,12.080559,21.73441,52.19684,20.983421,29.225117,14.481901,30.20937,43.64108,73.45436,59.2265
30.666256,50.481136,48.247917,44.720535,55.44306,56.319927,26.665344,98.91383,67.53281,101.27762,105.73455,46.847446,56.829834,67.43235,57.4569,75.17078,77.72773,77.46243,49.42585,50.320126,83.319145,40.030582,34.056114,51.312717,21.353477,16.031658,11.070435,28.45594,33.844337,26.623234,36.713203,24.17931,40.14939,49.37092,81.705826,64.692566
41.695766,48.944386,30.64093,53.75821,53.715652,52.161903,6.173115,95.280334,72.65102,79.25852,107.528824,38.12955,45.594704,66.26116,48.916325,74.396545,68.86077,84.20425,36.42367,49.993847,66.4485,66.184074,37.888027,55.743225,25.586071,19.37984,17.777573,25.021189,-0.21273804,29.422853,41.98593,24.175577,36.112732,60.991096,81.5228,64.88593
53.145477,-5.742359,25.450268,44.94798,38.52262,31.86715,27.834843,96.288055,42.29612,95.42139,75.5819,45.69562,38.150795,31.571526,46.46292,85.17662,54.0607,83.95618,48.835552,60.34447,98.43017,76.99847,-3.837059,49.97302,21.825676,26.529448,25.178246,26.393951,-19.49334,24.183035,44.114918,15.759581,33.808693,43.956917,53.551437,65.0901
44.71796,20.237522,29.552265,25.94231,35.546967,43.877117,50.511917,99.749695,45.660934,68.39282,60.71933,57.72305,51.780174,54.16654,61.244778,77.21403,58.44328,85.486,57.265644,68.259544,72.176704,112.1336,4.5810776,47.74073,18.996746,21.413868,22.699768,26.334242,-4.630287,31.122763,39.62086,26.73447,33.13857,54.955837,46.992756,59.15086
32.15532,10.244804,45.366074,11.858757,38.571323,33.964394,61.974472,110.17692,50.510727,76.26883,61.809784,64.47088,77.88316,65.558334,70.15816,61.389145,52.7134,87.790535,60.54672,63.84568,58.835915,104.23378,10.998215,47.385666,15.561639,10.131565,17.719662,34.149002,17.64132,41.76324,39.984116,21.608553,22.439852,55.360252,53.339825,72.31935
36.639824,22.323349,57.520134,-0.31311798,37.53783,44.15782,68.87091,111.17373,60.347057,99.16827,70.806786,68.96907,85.09375,87.070404,67.5596,53.68133,61.064423,85.337074,45.220318,82.57309,51.76631,90.4563,12.308113,34.13304,20.86317,20.64627,26.416483,23.524572,21.711689,39.823082,13.503368,29.73918,16.129292,59.803265,66.71593,72.57232
37.15283,41.6767,69.52765,0.40526772,43.872166,57.287434,70.95538,126.23452,62.052048,72.425644,86.32146,64.40016,79.179085,66.78532,66.36346,43.757576,80.02143,92.92195,46.298206,93.06185,91.146324,78.49371,12.526752,18.223671,43.66326,20.856464,25.853737,20.828146,8.617386,38.045006,20.536404,35.223824,11.390888,46.379276,45.72238,81.50177
37.97634,50.60861,29.340569,30.439802,61.674335,61.917458,62.10987,127.55173,69.68487,91.12894,51.11242,70.153564,63.636116,73.01834,61.8957,46.22217,79.428925,94.6278,51.615326,70.89994,79.530304,80.82737,14.794365,20.99405,42.373344,18.824627,36.02513,14.466639,13.81049,43.819744,28.175884,26.487211,15.179634,45.557587,51.857292,91.054825
33.84391,43.025536,44.71312,23.127892,61.653286,66.59415,22.428955,133.39404,97.2649,66.84091,79.68823,67.77644,64.116104,82.080635,72.68733,66.07469,75.09029,97.316864,65.768616,57.948883,110.970894,80.28955,23.277077,40.12438,29.63522,33.398563,32.296703,4.211052,29.194237,40.312996,-10.095448,31.788834,23.12195,45.232113,47.322018,81.81332
40.347393,44.977573,41.088,38.670387,51.42397,67.81018,43.2908,129.48611,92.89347,83.94968,89.68795,59.119545,82.747536,77.01543,79.522675,80.21469,81.60086,93.578766,70.13786,66.47377,88.268936,48.556564,46.46591,62.92967,33.05584,26.694883,35.588715,15.765032,23.366795,35.881516,8.336365,31.9481,21.399864,75.759094,65.98982,84.597725
48.040726,49.278717,58.249596,52.27517,46.981976,62.192413,35.257256,129.99174,72.20915,100.13215,105.22037,63.837906,71.517044,67.34151,61.099533,81.3093,74.37034,72.4626,72.855064,60.00895,91.68773,73.21498,41.289482,60.50113,38.68782,28.080166,33.177876,28.703316,24.380314,21.806564,17.822224,38.387417,19.01347,74.2829,65.68115,83.74903
52.404926,50.849644,61.14509,53.21369,21.111397,59.360462,47.700317,127.703636,71.35081,97.672226,113.402176,51.064484,57.007004,73.86078,47.79155,74.643425,68.20488,65.26741,57.813133,53.87162,71.314026,57.13311,38.400803,78.42735,25.864067,30.30394,42.881332,28.629137,21.298923,33.366627,20.431831,58.42611,30.197014,84.17794,77.346664,109.36145
52.487663,49.938797,66.59161,59.10376,37.03257,43.285103,45.950047,129.47926,76.6823,72.85257,81.62256,57.92571,55.881557,70.89881,51.07242,74.13203,43.842377,55.167152,34.746075,60.119587,77.10095,85.605835,40.025127,69.04055,40.580338,39.851006,52.29235,28.536554,26.091053,33.773617,28.194452,34.35118,42.741547,84.85969,84.26399,93.39374
55.40277,57.118042,76.52048,53.903534,43.47608,52.136192,36.951736,135.02399,84.45521,89.8811,90.36289,46.242836,70.04283,59.731163,40.990704,69.41958,61.64177,63.29358,43.556522,61.754112,87.98062,99.18746,41.862793,55.38489,40.60248,43.921524,49.87737,33.339336,26.245388,29.104649,42.699932,23.647915,40.45155,76.25908,74.71902,77.678406
30.781734,3.782074,61.516296,55.218803,41.258633,36.79787,59.391685,144.77293,87.75411,62.05603,85.87646,52.53453,69.87007,71.756836,56.126194,77.11957,64.387924,73.858505,68.25992,85.57644,91.9514,89.497574,35.698006,50.757328,46.775635,58.312737,57.446198,29.99651,20.575119,22.185997,34.547676,34.850765,26.286568,70.37617,73.44811,79.46901
21.279106,32.25911,44.399467,55.709785,42.310043,39.875114,68.611885,150.02612,75.98948,103.08457,87.377914,75.029526,90.55735,67.42581,59.975086,71.88816,68.361565,87.570145,60.02732,79.27729,81.44382,92.98323,52.109562,49.420773,41.92345,53.632748,59.023033,34.88338,21.169811,24.38209,40.04852,33.397415,24.664707,67.98476,93.83083,69.96085
27.078405,28.16853,32.697746,46.467472,51.129574,52.168655,69.16881,139.7922,67.82661,101.90196,78.00805,64.75734,29.084785,83.50517,62.364403,70.65715,81.56857,95.46525,63.454426,81.135635,108.3391,63.64966,50.109135,44.39245,39.459705,47.518944,52.54513,44.235203,33.167404,42.132713,45.694443,57.037655,20.416405,66.84768,82.17864,43.266586
38.103428,41.691826,52.35287,19.047735,45.17376,59.21202,65.97148,150.43321,56.289658,86.47757,69.83686,66.26047,44.84623,77.11191,54.663723,70.531845,75.26469,60.146446,79.9395,39.624107,57.70971,57.795425,65.58406,47.99333,28.400032,44.67043,32.29002,56.837326,33.49222,42.8544,36.678177,40.73377,24.728895,67.228615,85.79156,38.985752
47.401466,27.580702,62.198463,34.2127,42.34886,64.59515,69.201935,151.93272,59.13044,67.3893,74.589745,53.314598,54.371758,61.601555,32.808273,66.054695,70.477844,39.96531,77.25209,53.687946,70.12929,57.725155,58.031982,44.22824,28.172625,43.58667,27.709717,42.909832,31.951656,43.779617,44.170815,40.83526,24.233831,66.28033,88.93235,57.473045
62.993996,52.520035,77.61637,38.86755,43.39534,46.841194,75.08103,156.07922,23.722813,48.76868,66.026115,51.732475,51.23549,56.622707,50.73017,86.395065,66.59539,59.3014,74.37409,62.05087,64.94986,48.554585,57.42401,40.116093,39.52762,41.03473,28.672613,50.202103,42.765385,55.353058,40.582935,34.390305,40.960876,53.660286,80.673546,57.646465
48.999447,52.491196,57.17427,32.770447,62.010242,59.204746,71.33787,155.17163,39.67228,42.985485,48.93511,54.621456,80.77532,42.94151,52.922066,71.022766,71.83151,53.918613,83.61108,52.1596,86.979645,56.291336,56.532497,38.06993,49.65721,40.656883,32.85572,58.41423,39.717026,61.054707,38.798355,46.21768,31.930523,54.88869,59.678078,59.823017
41.627857,60.040073,57.257416,35.93873,48.260746,57.84784,62.767418,159.94681,49.047504,66.399765,65.13143,65.83717,64.46492,37.342392,49.47487,60.35065,53.25004,58.47039,81.18998,48.2734,80.55279,82.15584,46.578945,43.219162,50.366695,32.096188,11.226326,51.222973,49.954536,60.313057,41.72785,25.286837,22.965427,65.19597,64.40105,58.631527
43.338863,63.72924,67.724174,31.933733,46.77139,60.85744,66.204956,146.26227,75.55924,54.28342,46.11494,60.34232,50.3179,62.06274,59.18982,55.965164,63.39525,39.475616,77.24031,56.840675,70.262726,103.53711,45.76237,60.6278,48.002476,28.187288,19.209145,51.624905,54.80776,56.917747,44.726227,22.582308,26.05326,52.057354,65.71626,70.747574
49.456688,66.05179,63.465443,46.645554,59.061405,60.068497,77.33499,142.47336,75.662056,80.86511,82.29187,81.659584,68.70073,77.3475,76.44491,81.214294,72.993965,57.670536,54.999466,68.4706,76.40216,84.06321,41.161053,62.37777,27.241272,21.06798,24.492626,28.01493,57.67471,54.40902,50.82462,26.486946,30.907177,59.53287,70.579865,67.63641
54.84752,8.579407,62.64105,62.48291,57.496902,68.328476,52.90073,148.80362,87.48181,63.914444,79.0357,78.98436,66.96661,94.11369,69.31395,80.41075,70.08531,71.18064,61.849613,67.78591,82.94284,94.18865,18.305584,56.426064,39.22381,26.818214,23.73914,49.228,63.661842,62.119873,53.198303,11.90276,28.667046,57.53797,88.27739,56.04124
62.165455,41.47458,68.29902,61.435444,64.251724,73.64605,76.81271,161.10167,80.77049,73.800896,93.22375,68.03744,82.12535,73.36794,81.6399,74.967155,89.22273,92.00311,66.019226,65.60904,74.229256,102.98811,11.927643,51.908474,46.964546,26.868946,24.944012,28.861088,65.93297,51.803585,53.418457,25.935728,31.69968,57.717457,79.3803,54.528896
64.341675,56.23353,72.884,70.59881,71.45558,82.670044,95.586945,168.76224,83.760376,92.44786,99.09629,69.6723,88.50846,82.413475,92.618744,80.36652,88.70922,102.36662,72.09277,81.528,113.11647,109.95413,38.31202,55.96135,51.07875,25.437517,26.964367,24.201689,58.0323,56.099167,53.42957,24.753635,36.026546,46.83191,82.22933,61.882835
54.003746,70.355316,63.895588,68.656235,83.87687,77.987366,119.835915,156.50429,81.08132,112.75506,72.44846,85.26662,93.01828,88.14681,99.06918,76.40467,96.8235,114.53444,66.40911,78.14947,119.10973,108.35619,36.93333,57.298676,54.406986,36.53165,31.355347,12.8705015,60.375164,54.167244,51.50876,32.132072,49.48735,53.23927,64.49467,58.807945
48.587826,68.93712,57.756783,32.56111,76.45942,78.97156,98.819374,156.82957,77.03069,109.79338,70.06196,99.47878,91.49947,100.37819,103.758316,84.086655,102.48682,131.86465,80.67864,88.95987,121.36519,114.80084,39.701527,59.867184,59.151188,35.767338,33.859673,40.82469,56.432495,48.34872,53.919056,24.793694,49.40222,58.399094,72.05024,47.56743
60.591206,62.883263,66.662346,46.62921,63.839577,75.46681,96.88901,152.31587,75.24293,98.42605,108.13892,98.0355,93.73859,120.52171,97.389915,80.94359,115.34997,117.07623,104.4203,88.98123,100.02483,130.60815,40.89305,62.775322,58.795784,29.974024,41.274246,29.24725,57.31961,51.536407,46.06325,27.942533,50.13416,67.48515,87.345345,62.550785
57.688118,71.49826,69.75676,56.54555,65.45254,82.48532,101.97461,146.89935,79.02151,116.325096,86.834625,103.54363,100.9022,109.989944,108.17156,65.95128,110.936325,116.911865,109.07759,121.74716,108.235054,127.59044,43.044468,57.447296,38.80113,37.75818,45.364075,36.95467,59.7808,50.533947,52.48835,50.052452,42.18657,76.14458,75.95691,46.190033
43.981655,69.873474,78.76073,61.937904,69.63054,81.00987,101.90182,154.27028,86.26269,112.34953,125.65383,101.02308,106.4902,111.14332,111.332245,73.53192,123.237335,120.53096,96.13103,106.47844,124.617455,131.67055,38.22624,62.29409,41.764782,37.775963,40.76574,35.234,57.144764,56.684624,62.993767,45.028458,43.70783,77.75723,79.36118,64.6342
47.987225,78.30216,83.062996,59.213745,71.17976,91.97869,116.72144,151.48476,98.27958,124.93971,155.70805,88.46721,103.589005,115.91143,110.16626,64.49373,122.67258,127.9831,95.95591,121.636,125.45815,125.60011,38.053116,63.506474,48.886513,39.89301,36.113472,27.166111,63.303925,55.44259,66.108505,34.153347,48.20314,75.15576,70.24246,70.2201
62.019764,43.86104,98.27878,56.269135,60.63652,112.729385,86.20988,153.54698,111.73283,116.08605,120.38676,115.96081,111.04491,87.96635,93.67542,30.033714,120.009705,139.8312,113.432594,115.51175,131.31073,121.79033,42.519985,65.59143,50.256588,33.29081,37.144405,26.697552,53.606316,62.439285,63.355614,58.05545,28.583504,87.43285,84.47566,73.937675
66.96245,78.07846,73.81789,71.829895,73.63148,121.76971,89.5081,153.16737,110.939896,101.08557,105.814186,111.10015,109.34305,126.89523,81.8971,51.689705,126.80853,132.3852,114.367966,110.05097,132.67409,103.194336,75.586586,53.472466,41.651627,17.043034,46.123787,31.243868,55.003136,59.06279,67.28053,58.093403,28.967636,85.269714,85.06714,72.63399
67.57846,91.33557,76.26991,80.50302,81.47064,96.81358,90.45773,140.17154,63.904858,96.998955,112.791245,103.274315,96.2366,131.34253,89.47512,69.65437,122.666885,133.28162,115.94075,120.873184,127.904236,111.18115,86.66905,44.88632,40.498276,13.863941,47.272755,30.24575,63.250782,66.73948,67.01965,55.532578,27.403374,92.61118,87.487045,86.21913
69.98135,94.93489,101.03394,75.0657,77.047745,89.38988,90.09474,141.98817,79.55531,83.38612,118.57838,95.02757,98.56218,118.16044,98.66714,58.821598,126.31801,137.25125,113.75029,96.98099,132.09889,101.3992,97.60601,51.35559,63.97636,20.64722,50.547493,24.98264,74.61319,63.72071,75.081314,44.848087,38.47438,97.10944,97.7386,81.81204
68.70009,88.90469,88.12688,83.80915,82.61532,88.61093,98.37176,145.83018,83.90921,109.99991,123.48047,83.34966,100.79216,98.963486,93.138084,64.41409,129.35873,128.45467,107.316666,99.91397,128.8411,121.00534,100.62581,46.73412,49.386505,41.69294,49.273376,56.50101,71.24573,52.12957,55.591415,46.5976,50.224182,85.16661,103.80848,93.577156
82.48457,95.65358,98.85237,87.899086,85.73164,102.47878,95.32827,143.98482,102.07529,112.40644,152.20927,92.27199,50.479225,88.076805,78.3535,64.70377,104.88011,126.466995,115.078255,98.33412,113.779755,127.010124,96.11792,44.783707,64.451355,36.32883,59.25249,43.687737,62.06792,54.34007,32.206158,60.107124,55.405624,81.21529,117.03664,111.33309
65.58042,92.402435,93.77458,82.271255,79.62639,101.052826,97.08561,141.30832,104.499985,97.76196,108.429794,86.840805,68.10083,95.42288,98.16309,73.45791,120.05885,122.476425,110.73601,97.76692,59.707798,131.52504,95.6946,39.921074,56.954697,43.401203,60.258774,49.06324,53.2473,56.29559,39.554577,59.563663,54.774845,81.8249,101.59912,102.50572
66.113174,93.42347,92.53816,101.77726,79.28646,75.72067,126.48112,139.63748,102.09957,117.993416,108.33522,83.91484,89.24894,94.39141,102.657036,87.550476,104.49485,140.26071,88.17348,103.58501,81.73077,124.232864,93.96639,45.97244,39.32041,60.21286,54.74084,54.45372,55.83873,57.88517,46.73745,98.513016,53.84196,94.534966,99.9367,105.20424
52.452164,80.242096,97.65571,86.44985,70.444885,68.60887,99.489456,149.52612,114.36606,118.459145,96.70929,96.93667,82.502205,79.46393,100.216896,98.50435,118.03439,125.56837,90.03987,110.78419,90.28688,114.0768,90.92069,36.848507,49.351624,53.07081,62.52468,53.137917,51.98399,55.570374,48.3331,70.96451,46.180813,88.89469,93.76598,99.949905
59.60867,79.80731,101.243065,87.03058,79.25185,79.46464,116.991165,183.62071,119.95338,120.804504,119.402916,88.0474,98.95029,96.5611,106.846634,104.20141,120.79248,126.94888,106.45252,98.354126,110.97952,116.411026,88.34451,46.923706,55.625595,58.07886,68.46382,53.38066,55.984116,64.67937,63.98841,79.04686,50.26614,79.89604,101.5392,104.78052
57.459198,82.61144,94.87196,82.36544,91.50998,65.92727,85.33091,181.84917,103.691086,133.52446,84.28578,73.98233,98.32269,112.07372,104.52927,110.86916,119.32153,140.18307,107.19917,110.09682,104.17347,121.315155,90.777016,37.929817,56.92056,54.87111,64.19993,73.12329,64.772644,61.286793,61.86563,92.74849,39.60723,83.92178,84.47472,112.94733
55.0853,77.28026,93.36566,98.370255,82.633675,80.79692,96.18363,161.14381,88.32389,126.921005,122.83492,104.1553,102.92238,108.82475,114.07585,103.47545,116.02084,130.39563,107.24951,94.32787,112.33988,120.47296,83.0008,58.548008,64.48246,52.357426,64.43663,56.05859,65.00831,67.513596,62.112556,77.412964,38.878468,87.09965,84.373215,110.385635
62.186466,73.379814,109.64827,98.62525,84.45228,91.525215,110.73322,155.68591,97.80174,109.38969,109.905716,99.55777,105.715195,107.39519,109.26352,97.91249,125.30841,131.16922,99.44737,103.42578,92.76389,115.339325,79.952576,65.48268,72.174576,48.05459,63.70034,59.53427,60.103855,63.738564,61.84361,83.471756,36.938255,93.16869,93.70045,103.4732
71.40173,86.726395,113.55644,106.423775,96.53671,91.763245,126.16375,148.98016,108.49366,122.32842,114.83903,80.648834,91.72909,111.85646,111.29199,81.350586,95.66081,141.24344,93.40486,117.55079,124.09362,115.84935,81.406,28.133987,85.37543,46.22074,71.18063,58.389755,62.47026,67.89261,55.22232,73.735794,35.90867,94.73394,78.445274,115.32357
73.61388,95.76106,109.60627,79.04162,97.45654,89.27372,106.43096,127.69961,111.49852,126.4496,114.74646,91.737625,100.002335,118.63424,113.560394,90.62944,107.74344,132.03049,96.68567,99.71536,121.074585,95.25414,75.61308,27.886833,81.766624,60.401405,64.23367,65.897354,52.217175,62.38965,47.02033,71.89674,41.10658,91.59768,89.76595,110.54473
67.00162,94.976,109.4464,86.52509,95.77856,78.02925,95.07083,117.602745,120.55177,119.53792,122.05262,92.53267,87.66014,106.905136,109.75987,96.90453,94.71951,134.40118,92.0288,112.53016,95.90991,100.375,66.65794,30.209091,109.27962,53.465008,41.40492,59.238445,47.66439,44.186405,42.10278,63.45372,35.19327,85.57806,94.96846,121.17905
63.867973,85.80579,113.72783,75.00017,105.04784,87.576035,87.94799,104.00886,111.660736,118.75693,128.86145,89.17085,95.11325,95.67733,109.690704,103.72921,99.95704,86.11766,91.36481,116.48094,105.10735,100.332726,65.8987,45.579254,98.45175,41.898296,38.9273,56.78224,37.7427,47.015755,40.22439,52.844894,42.374916,69.254326,99.593925,111.90671
65.754715,84.98211,110.331924,80.96604,110.79317,92.02169,84.75186,101.722916,123.05462,94.552376,96.4696,92.393265,80.31315,112.673706,103.3284,101.96983,100.24347,94.72687,101.51684,58.419296,93.10957,92.77134,69.43304,47.93549,73.80144,25.663017,38.975464,42.717945,24.57919,46.092636,45.909584,52.046677,39.201233,63.86627,79.5671,120.688644
65.303185,97.79202,107.83452,96.85363,103.69948,69.95134,87.217834,109.67585,119.987816,99.44011,96.31047,84.093315,75.01269,94.0238,92.93741,95.283714,105.81791,89.33488,97.75316,89.98999,92.67736,76.62851,59.56354,49.526894,75.36083,35.67612,44.465294,39.740715,36.50156,49.143433,51.818275,39.459053,48.118507,69.133766,89.64545,116.63197
65.47775,86.77439,92.43761,85.957794,75.04104,79.8087,92.610855,108.5309,120.22431,116.13185,114.89312,82.86718,79.64255,90.41852,78.32139,98.00963,95.57153,90.80035,96.658676,84.286476,124.27742,88.730804,37.848442,56.82931,78.84732,38.813004,39.3642,38.292973,31.311787,59.36012,79.61278,31.929348,48.778145,84.97705,101.74382,109.13427
70.14044,97.89906,87.60256,88.2839,70.75565,58.324768,87.23355,97.25232,116.67491,117.70401,87.526474,93.60527,81.90888,84.24216,72.31752,100.59815,107.421486,85.13165,80.46652,87.10307,99.50998,86.94425,44.483826,52.580853,57.837692,37.381004,52.228992,36.502552,43.750935,57.984238,75.20892,35.82754,50.833168,102.80673,92.06207,98.322464
68.0428,88.6701,92.90494,68.447235,67.611435,68.139854,59.99288,110.69678,99.635345,106.86848,86.26791,86.27833,80.66458,108.272156,75.72424,97.00846,102.86199,94.99327,86.02326,97.17516,118.31353,89.40022,40.04992,59.175236,57.933456,42.436962,32.099148,21.495457,51.271473,54.96934,61.723022,50.728115,31.286293,85.893005,82.115456,93.41803
69.01781,82.51833,89.39749,66.25542,71.656685,83.96554,51.226196,106.71953,100.08298,96.92378,94.275024,72.834496,90.15321,107.377884,78.65741,102.52778,116.14049,123.745094,93.55731,56.277756,93.05102,76.16025,3.9190102,62.740707,49.56227,40.008736,38.683804,23.551165,57.77537,61.022392,67.48477,41.928467,39.77088,79.31034,83.06561,77.31515
69.87572,77.32471,83.27623,68.92898,74.86731,79.07637,83.90359,112.99356,89.9829,99.165405,107.050354,46.217606,110.533775,87.07924,87.71864,98.10371,109.92142,109.474785,98.9461,67.07207,109.56981,68.10887,5.4684486,62.074047,55.717094,39.825375,38.482944,20.244318,65.211876,61.470512,66.21518,49.945744,38.098312,76.73718,79.073975,77.9772
61.99144,82.32033,70.89849,64.31377,75.39163,89.08678,96.41325,108.587074,92.118065,102.50054,88.645805,53.1,82.9732,92.19182,95.474464,99.673584,99.08352,135.34372,89.053925,52.26142,116.79191,80.15538,9.348789,66.14215,66.87451,24.659264,35.003864,28.061977,55.738003,60.034645,67.26041,53.10316,44.73349,71.13089,80.95179,88.46514
62.39719,83.233246,67.95471,60.309196,70.64632,84.488556,75.3482,107.98567,107.59367,101.719025,99.305756,74.93667,73.13734,52.45613,85.68196,97.777016,75.991776,117.270096,75.285286,58.969994,86.16059,87.81304,13.646191,81.922295,66.238846,28.534718,27.823685,30.360094,54.996754,57.13817,65.22907,50.09995,44.94326,64.3796,78.18843,80.70193
71.7492,70.708244,77.50087,56.589127,79.380455,73.66115,92.23901,101.77274,85.19826,73.211716,111.81938,84.75412,72.053185,79.81474,94.60251,101.466194,85.99035,101.79954,88.27927,69.44765,107.46416,82.688354,22.889252,65.65051,69.137764,25.619804,26.06023,29.589008,54.437683,66.34245,70.40407,47.5674,47.08186,65.36885,80.94504,104.98079
67.32932,74.50487,76.80396,66.02226,62.321266,73.81996,80.592636,98.37186,50.24118,108.3099,96.245705,87.922226,75.17374,85.546265,102.24278,94.37665,82.792145,62.94388,96.60546,78.42961,96.87722,83.68262,24.656372,63.571857,71.24461,29.221678,38.70752,19.399702,66.96008,55.264652,79.9873,42.5913,39.97732,62.895714,91.82832,100.07007
73.1557,85.1146,75.03984,58.11418,73.47348,79.94003,61.325237,91.16661,57.320267,95.22986,76.5899,83.52239,84.54404,92.45157,101.06156,84.93391,69.16523,79.41721,88.9223,99.826256,75.288635,86.0217,27.493969,70.39984,67.797066,17.425522,42.150787,36.724472,63.913406,55.029617,82.0786,35.069668,40.951546,57.15255,84.86068,90.008804
74.8411,67.62992,103.17293,59.576183,75.82422,73.10305,81.887314,83.871826,58.19184,76.53334,67.789024,68.40808,93.3893,91.41571,82.263535,77.946465,87.63556,98.59415,104.12822,109.022255,114.71861,87.821014,33.43739,67.95685,56.744614,24.212128,38.7223,36.623352,68.56394,47.394215,85.3882,79.94935,39.65761,54.599617,68.05044,77.72817
68.41122,87.13654,132.33209,50.45672,84.68731,55.683956,78.72465,87.33452,61.593384,111.14251,85.1201,60.480583,99.83853,103.50685,91.30265,72.76048,78.50067,92.40612,97.30243,89.82301,103.0834,83.40668,35.78057,68.608955,55.088196,30.189283,42.44654,40.323944,75.7225,47.1156,82.92354,69.7866,41.788,64.31654,68.251945,84.11512
64.00546,69.14516,119.3627,80.74107,92.92761,86.23935,61.143883,87.15645,76.46863,98.297844,88.49801,81.62134,91.341354,76.64778,87.36037,60.895588,77.79654,84.98083,90.089905,92.2757,65.34564,95.92575,54.68101,28.042427,76.97621,34.248505,46.35093,42.791943,70.83168,51.98249,82.619026,66.0105,42.216885,50.842346,74.63501,92.28465
50.997406,86.61623,123.602,61.04138,90.36293,76.745834,66.08086,93.37779,76.01143,115.97884,93.81897,94.6542,86.30414,103.57349,88.41833,55.212875,82.6637,69.21915,66.41112,79.986855,108.096016,112.52444,49.653057,37.820076,75.83408,32.770798,44.9208,43.52338,75.632385,51.494785,82.340164,60.4582,45.731236,57.472626,75.575485,107.579704
56.410206,82.85658,129.52487,68.46363,90.363525,81.82332,67.43933,109.35373,84.998795,106.27053,61.50251,80.57207,111.030334,113.424515,85.20084,67.19753,95.28923,82.51861,66.541664,79.02921,67.04073,123.2111,44.364883,33.437435,75.34134,36.391876,43.880047,63.349228,71.93691,47.856506,83.55112,35.8552,49.74922,64.780174,72.382225,96.18004
59.140507,92.512085,122.33832,104.08269,93.59048,93.27764,77.35014,107.89225,112.09036,99.19543,88.09084,90.88817,124.058136,102.098495,103.86986,79.48398,80.897224,104.5401,75.108734,107.026794,112.32971,143.63266,41.00382,41.88501,85.53514,65.58893,23.670517,55.9533,67.01381,55.725765,72.7652,46.15158,48.670403,60.952515,86.87657,92.1136
55.444603,89.75531,125.4766,109.38058,66.99263,91.768364,97.92963,104.79344,119.419044,131.80798,111.92119,99.98723,134.92139,119.194725,109.85811,92.78599,83.90575,117.16075,83.45147,135.74796,96.03126,130.45627,43.140976,-5.132263,108.62695,58.059204,27.428894,51.009502,61.24697,51.92693,64.88754,43.42284,45.23042,63.716393,90.81346,92.99639
45.677593,89.56598,111.23451,82.146286,87.47167,97.56693,84.92122,116.39572,132.65616,111.73625,122.50897,100.14507,133.44159,121.663,109.79517,95.53557,55.76233,110.96866,87.94595,100.764946,123.03172,129.90414,48.221153,-32.99756,103.448685,53.12047,19.717667,40.611977,58.42595,49.22912,60.358482,54.04498,41.8376,75.536736,115.74427,96.79321
51.549675,96.82124,109.84544,87.11497,97.252785,64.478134,77.32737,124.82268,120.472946,92.46521,127.562874,104.85254,104.00122,118.96442,112.702515,107.16735,80.58266,119.488884,88.03344,115.10469,136.89633,131.38393,19.338554,-11.895306,87.49621,47.797478,18.75624,30.50565,56.7075,45.074554,41.1919,30.397863,40.311485,78.73866,86.25848,93.12109
48.807087,75.22837,102.93613,86.162476,101.14351,92.034355,87.32109,130.5071,120.09252,109.214714,118.97384,107.97061,126.227646,97.185936,109.122696,108.96195,84.603584,97.61094,96.375206,125.54777,116.74191,119.877106,30.797691,-15.6178665,77.87354,44.322693,11.875374,27.127365,38.29446,38.43995,39.941902,23.273466,37.7067,82.39589,95.76214,94.13443
44.50086,85.860085,96.02032,88.89844,65.93623,80.14527,98.9527,132.69565,105.91873,109.455055,172.94205,103.665146,119.96547,109.23045,104.549736,104.47627,103.95806,111.72668,88.4129,115.34805,133.30234,115.27966,68.89642,-9.013531,73.07734,22.920284,12.391132,36.180206,36.957504,29.632496,29.156818,25.201437,36.020992,74.55408,97.18991,94.413315
25.886173,80.28763,87.54998,89.900604,75.64869,57.61599,53.677216,140.69955,114.683716,135.04704,136.47272,95.63765,122.83249,124.66275,96.5844,102.3659,103.89073,115.968376,104.660324,75.60833,119.43286,103.756035,67.1394,4.9960747,84.53252,25.791138,14.528969,60.570595,30.129955,38.340862,31.46856,14.786411,41.98752,69.13952,93.42341,88.52136
8.084461,76.76662,100.24071,85.33148,78.81724,68.67438,79.94808,148.25415,130.43452,121.559616,132.6755,84.7018,103.36083,105.13426,95.37627,101.29297,97.60004,101.646515,103.02488,86.67347,119.70837,101.70441,75.5299,35.08177,53.076103,24.460009,25.502853,50.16058,36.786762,35.179665,19.74204,13.675751,48.288277,72.98386,97.69999,91.16255
28.205929,64.120995,93.76844,96.11274,76.46149,66.15982,73.891136,146.47768,144.43466,107.841095,123.52302,70.476555,87.18381,90.059006,89.25934,101.676315,80.849335,116.960365,101.73439,96.39993,103.88921,101.44095,75.37008,32.660904,55.986164,24.086245,36.957523,46.558422,31.0644,-30.304855,5.5597343,23.303467,52.110622,80.59125,97.77623,88.40202
32.41747,68.253845,77.13084,59.108513,79.130005,73.98233,67.12308,146.76363,112.14665,133.50174,131.09099,85.88802,87.39398,86.89803,76.16807,100.054115,95.02015,107.928116,85.19959,98.39839,117.84538,84.25847,86.395226,29.630478,62.08178,29.419712,40.39943,39.937176,28.492668,-24.901962,10.4655075,29.440474,51.268288,80.64162,77.50212,85.62186
27.757343,67.765076,87.85051,72.57522,64.2673,60.997948,69.03035,130.1239,58.642315,109.59219,144.36707,70.7916,70.73109,105.79385,72.23982,97.77324,75.5502,106.20959,96.14851,84.170555,103.80949,66.31238,92.02931,18.377666,55.498703,35.223164,37.569904,37.668064,21.719864,-5.9635696,16.424023,30.88078,54.469643,79.716095,78.33351,86.99885
28.916018,52.50022,88.52943,78.4418,61.457596,61.475822,50.39003,128.6188,71.21267,105.997284,85.42978,39.365955,45.89347,86.232704,93.45941,76.323135,82.45277,86.65914,80.256996,88.81854,76.01097,83.983734,91.7797,18.45633,40.80845,38.531116,38.440655,73.21176,31.097458,-2.8280144,22.599056,29.075249,56.452965,78.543274,57.98645,84.04118
23.434086,50.947014,72.437965,65.79752,76.84828,66.7677,49.80356,109.858894,29.900063,99.19056,94.25798,57.531197,69.899796,60.3406,78.56994,85.94484,87.99625,89.02775,72.85433,75.93677,79.153435,108.147064,83.52866,28.249882,34.415718,51.525898,39.662273,66.363235,27.383228,0.74313354,32.103138,39.09092,46.602997,88.41164,60.372234,79.962
31.511387,56.19406,50.697777,68.039154,70.92613,79.993416,51.327423,108.2383,56.57142,72.6344,90.3227,54.242867,79.868835,70.97148,85.35617,69.29862,100.3121,57.61175,92.91097,93.28728,82.4609,115.40809,56.21255,34.144417,60.086807,74.8048,38.34022,56.129257,23.171253,7.4022484,32.022415,51.452225,45.565926,83.216896,74.30639,73.695854
35.71924,73.36542,69.62023,54.07381,71.27343,75.614235,59.423588,128.36087,76.177795,89.16658,80.292564,74.1239,86.74809,75.663536,98.56625,62.23112,99.15627,91.78707,84.423195,93.49582,99.9409,119.90463,50.76003,35.587936,43.97615,58.529507,44.284767,38.34429,30.68608,-3.0677643,35.699448,32.419838,47.887737,80.51405,84.89726,68.34563
31.229347,67.21878,67.44806,53.897198,73.642654,76.44899,70.91516,137.17506,96.59481,99.68199,101.17029,99.08159,110.73885,81.38445,120.956924,73.936325,112.58004,97.70705,69.42174,96.82968,66.14598,108.77755,50.665947,38.9199,45.626957,53.669926,43.377216,40.08122,23.130272,0.17076492,29.528965,42.525326,52.513336,80.90342,88.374596,65.45486
43.349125,57.532703,57.53611,62.822807,72.70072,56.77343,63.52118,128.67397,111.65328,92.22101,106.85753,79.74547,108.98065,101.18057,116.50261,78.22157,89.29126,95.0714,88.78332,94.74046,122.63803,115.04219,65.2574,20.42704,55.61746,40.561302,19.048645,46.886368,23.844429,2.4300613,28.359077,44.462593,44.738808,87.08603,95.8085,84.778564
66.85619,54.33565,51.881832,58.107014,70.98511,62.574753,73.527596,120.594124,94.48102,117.03194,116.5913,86.10723,104.58393,92.51038,108.400894,85.71373,98.01506,106.46749,86.72913,113.782974,133.14922,118.757706,81.67358,23.303808,54.59055,44.19493,31.674461,41.057247,22.232153,-6.2174606,27.056843,37.19828,70.62283,92.54433,94.50009,82.865906
53.78408,32.79346,39.917656,55.28338,63.931023,70.499756,92.56202,106.201614,9.112732,120.6465,114.896545,86.824585,96.85727,111.217674,94.88451,98.79651,96.99911,116.96442,94.879875,102.697174,106.168884,105.46494,79.83564,16.533379,41.568447,44.936676,13.270004,31.34769,21.798817,-3.7800102,25.06099,35.66971,73.879845,94.47168,79.28405,115.54234
54.25811,48.186127,42.138943,48.54415,60.530518,93.174934,96.61403,111.88971,52.92621,96.56182,55.60776,78.705605,81.66852,83.60349,67.539246,69.79214,102.92908,114.50655,85.49007,97.04686,125.29166,122.006325,72.16343,15.433018,34.335567,69.76584,20.14354,27.40031,21.212465,-24.173702,25.994633,31.569689,67.54923,135.86137,63.374527,108.57578
50.055664,51.54365,29.602852,37.326744,57.38423,74.22621,87.503,109.772095,69.32583,94.53524,75.38187,82.933014,72.295456,94.02728,73.23735,66.242165,104.100624,108.74326,78.00443,98.78557,79.35827,118.40384,68.843155,22.25911,30.604664,55.03375,-26.816654,27.260384,14.827873,-12.1322365,24.171364,46.686256,59.514412,127.46547,72.514984,107.559944
50.429646,48.624783,33.201645,29.308434,49.04501,80.36952,87.810104,110.53871,73.26995,101.68184,71.762024,96.657616,90.84192,87.57511,77.91872,72.81648,106.87435,140.89743,76.801155,87.7532,75.6125,119.75041,59.459503,25.322964,-1.2338333,37.893486,-15.956661,68.087524,10.993458,-7.518711,24.774952,36.52986,54.71182,114.978455,59.857384,94.66719
64.63359,43.80988,47.864044,33.01767,72.87417,69.79554,91.05763,109.39717,85.325264,61.109932,92.454765,97.55606,96.098854,111.76193,83.638794,71.01926,91.34573,138.29776,74.15255,104.13547,111.06217,123.5534,54.21048,34.150417,15.44696,40.86138,-5.442253,42.48806,10.298466,-4.152111,31.49361,26.200495,58.741257,108.70845,61.521156,84.72381
55.556133,51.80137,65.29467,50.152252,61.967594,75.04683,105.09004,118.60677,85.230286,109.620834,109.27916,85.49526,92.53365,113.967186,83.638084,73.29125,113.98299,107.90896,83.58711,106.22434,130.90982,120.91792,71.06761,31.297733,11.892803,33.625935,-1.4226799,33.654076,1.713337,0.010528564,20.71971,23.449446,57.457226,94.49921,65.197014,80.52129
49.145557,57.068527,67.44449,63.44995,57.55443,57.60264,104.98064,116.215355,90.805664,114.031784,72.05526,90.7375,88.57147,111.84947,95.06681,66.155266,122.8457,122.27131,82.208305,122.26117,82.181496,102.0462,84.42753,26.682735,31.995602,45.692856,3.9635048,25.139927,5.9195747,1.7607918,33.67949,12.1516,54.876682,103.22597,64.90727,90.96083
34.89084,53.939007,82.16071,47.54716,63.782032,62.537434,105.2283,119.97752,98.05224,104.276886,68.27576,74.34017,93.211494,102.301254,87.20845,67.293144,117.26322,110.34779,95.16069,93.849884,94.65139,83.919205,96.30971,16.254894,31.272217,38.306587,5.0236206,20.170424,4.225498,0.98898506,35.066265,23.331947,63.301533,88.96596,76.328545,85.91374
43.43582,60.690758,89.93826,64.38921,66.34622,42.359936,92.77125,119.545456,91.939095,113.93481,98.32979,79.31695,96.013504,83.8787,35.036156,74.1058,118.324936,118.11396,100.24614,83.47673,92.8056,96.592995,92.23794,25.461136,37.291557,36.113064,8.741234,11.635588,12.758888,16.533699,34.805244,4.615841,72.79375,86.825874,80.54648,88.27208
37.675705,57.088234,77.90003,44.71122,67.875565,54.3371,87.38565,126.84354,91.954445,86.99033,107.48836,75.148796,101.48772,88.5618,49.22622,77.94411,113.28936,114.93499,94.16269,54.91709,103.50038,86.715004,101.33383,-14.116829,43.88603,40.823265,25.813004,12.462719,19.502174,19.55508,31.489357,5.6872025,73.21498,88.18608,89.36446,91.01595
28.148874,37.731037,82.04968,62.153557,71.361,40.854107,84.76542,121.66736,93.71041,75.72706,82.03963,80.0036,78.93713,73.18461,45.123802,76.76026,76.37627,102.73351,92.40532,79.57556,96.12207,92.280106,96.53904,-3.1605968,48.055782,42.038162,34.562428,25.43879,23.488415,24.37526,31.3251,22.67577,83.89287,110.455635,89.22303,91.59829
16.428288,46.154335,75.67468,59.14017,69.33339,30.229572,79.88921,122.395805,104.976616,83.37314,91.14604,78.71315,77.8235,87.193,56.551388,83.11958,81.48941,96.56112,102.56298,67.71119,95.878914,94.98319,111.43565,1.0993423,43.015816,46.802155,31.36235,27.684525,26.486507,22.434216,32.443962,20.0675,70.99008,106.295265,80.199,84.77061
35.190426,70.24656,76.200264,47.085655,71.84502,29.663376,91.389824,105.81008,104.908066,101.284706,91.41852,68.68799,79.35302,107.47523,59.9178,86.184364,91.76714,92.49875,99.8058,86.1228,81.09274,83.34625,123.670944,16.724064,58.373974,39.833633,12.950638,28.969086,21.576088,37.436962,30.699816,18.632889,69.33394,106.73662,90.81627,79.798096
38.96266,56.42407,83.244125,62.242825,79.760796,42.21857,91.21696,90.92633,90.07824,106.35185,100.419586,63.29949,91.821205,85.74412,74.27474,91.118866,79.12338,93.17284,93.75679,95.630646,75.842476,81.07728,133.26003,25.320099,50.177895,44.214928,24.943256,24.888313,27.669735,33.025124,24.28633,19.628819,66.57736,93.66211,111.86627,86.93853
36.528454,64.64523,71.45355,42.59362,74.474976,55.90025,57.590782,79.74292,88.53645,109.19595,106.46327,75.77866,84.165054,92.56868,81.60704,92.08513,85.52643,92.6406,90.554794,82.58254,111.584305,80.02251,136.6105,30.134903,38.522003,43.530994,28.75177,30.26998,29.672058,30.165737,27.330666,20.698948,61.830395,96.416985,83.81494,94.40503
37.269455,68.61594,77.28143,50.27728,72.76975,56.270233,50.354347,82.17184,93.62325,107.16275,102.11675,78.30263,80.63125,82.01703,73.84595,91.959694,91.68803,98.571686,92.36138,94.17493,95.62031,82.66933,124.369484,20.266464,39.952858,60.438976,32.166695,34.987236,37.07244,40.922874,21.156286,8.9650345,55.395817,90.9249,90.81344,90.73343
40.9708,62.035892,90.65322,65.218155,75.55722,60.57934,62.95958,90.319565,83.86659,99.10116,111.22517,84.13714,71.39796,97.29173,57.87393,83.97493,69.916954,100.22518,84.49329,51.825684,93.67333,90.32166,121.00459,29.7168,51.605278,62.60697,37.99777,43.166508,30.573017,44.48754,24.877956,18.644978,49.44584,86.80957,87.04906,65.344284
44.738487,12.715805,84.315094,70.391335,70.45528,58.16767,73.00774,92.9884,92.9784,98.855095,108.909515,75.20749,76.03911,100.3748,99.793976,79.54116,71.22207,58.9055,88.091866,74.236046,87.14218,110.81462,75.0469,44.26426,61.16497,36.16822,39.143078,71.2628,32.957993,41.908405,54.735023,22.533123,41.05082,87.26148,83.19192,61.92874
45.966885,44.017883,82.65445,81.42391,74.13416,66.50678,75.43933,102.05465,97.71859,102.57129,97.72017,71.49246,45.031807,105.64541,101.04178,78.852005,77.49701,50.03768,79.05136,80.93392,96.60518,112.74282,69.16994,46.928703,62.6466,43.655678,49.411095,64.75079,37.238503,39.184628,57.380493,54.670197,47.51828,96.3182,81.552574,73.76927
65.927475,41.03,98.946365,83.86784,73.283005,84.32118,90.648384,105.99471,97.12564,106.14589,71.15198,88.3818,45.47225,53.441307,77.60591,79.18535,68.72996,71.302826,71.54848,76.37848,75.05907,147.51512,61.422146,44.180576,65.65437,57.149517,46.789356,59.421543,44.379547,32.38881,32.61698,56.34548,43.47501,95.7632,74.37537,74.97429
67.1313,69.485245,86.20183,71.00581,76.133064,76.26021,100.15683,115.64759,98.44596,103.36252,95.920715,85.03865,75.8317,96.93175,100.45347,87.82962,81.41888,96.98568,93.28045,110.356415,77.023476,111.643845,95.60919,44.885925,76.1683,63.034264,40.95922,56.665154,42.354378,35.953075,7.4289246,57.865593,41.1991,78.75898,72.38219,69.12663
66.05832,76.35665,120.74817,55.038063,63.66789,54.27162,87.83009,108.46299,114.44216,119.329155,109.31578,82.735344,87.70781,84.038185,96.350845,89.0757,101.56166,103.24596,93.52,107.42736,101.981476,98.0697,52.131218,46.064034,84.64272,46.58041,51.093407,43.632664,30.185291,27.564661,24.59885,60.56809,42.728344,88.198746,84.53297,71.44881
54.677128,76.001724,121.13916,72.03706,92.48123,62.72305,69.24538,95.27959,111.70619,120.96013,111.56939,84.90937,88.11543,97.42445,93.16704,109.96371,105.242905,83.27636,87.440254,101.64786,99.88227,86.42201,61.932316,47.726284,73.621765,44.401733,46.562725,40.53844,21.433392,28.210138,31.244804,50.48496,41.97254,84.44644,84.030014,82.19595
52.4979,79.23236,116.86834,53.651184,83.08463,63.418037,89.20201,81.88521,111.18294,121.313416,120.1537,85.253624,82.191956,91.722824,88.26092,114.00915,102.00566,99.104996,104.986374,107.219055,106.217,104.04994,70.864075,45.477306,83.12071,45.20078,54.2483,40.792404,17.249142,46.326405,32.096466,52.845097,48.85788,69.41171,86.09688,92.0236
34.4392,69.03052,122.24594,73.39575,81.89902,69.64026,92.892685,94.826836,122.45637,89.77674,128.54199,74.9136,91.601585,87.5741,85.49864,112.55273,105.12299,121.0909,103.00093,106.92078,98.72963,97.329384,71.92514,35.618687,93.635345,44.433327,31.487892,57.390274,26.144325,56.28083,43.50002,56.439,52.948444,84.12564,87.93345,88.07375
49.364414,79.72361,126.437485,90.671005,90.86589,70.796036,100.24657,96.01939,114.978485,96.938,104.268654,106.66206,93.3855,94.499954,91.99103,115.069885,94.62782,114.78899,91.51924,98.55841,117.81595,89.05275,73.3395,40.567444,98.286064,51.035347,41.69948,54.29742,30.974354,53.71241,40.450497,41.35776,60.43968,94.93959,89.68672,86.4581
63.9333,84.47019,161.66277,90.837906,88.36448,59.337223,75.45431,94.02267,111.03029,121.92695,88.733315,92.459854,88.11915,88.892746,87.13052,115.273476,89.138016,114.729866,101.167,111.874115,142.53387,60.300613,65.22123,50.749924,45.61985,59.103077,46.624702,40.028095,32.585785,57.539326,40.947998,33.733418,83.930176,89.06325,86.47854,85.454254
51.23894,79.37387,154.4925,102.00764,128.56052,65.36258,75.88933,94.72398,94.11026,108.999855,117.20797,70.16034,79.1269,99.936584,83.71283,101.129425,69.02047,57.814377,103.45624,102.91065,113.65325,63.03739,28.31192,41.27293,68.36998,59.685165,45.636646,39.51947,28.774155,60.774853,43.584503,38.356953,73.87623,87.87067,85.45018,84.90626
56.549763,85.39223,137.77473,110.91945,132.86966,56.585403,97.92187,88.848564,109.69583,112.64529,100.739456,59.71264,64.0973,89.311356,91.54925,101.66114,88.09537,64.78778,96.13161,85.88443,96.044235,92.32004,49.109695,49.10017,85.19089,80.756996,37.619762,55.68665,35.909927,74.46858,42.977234,37.68087,72.323685,88.28181,115.44317,95.499214
55.174786,80.808685,127.40294,113.675446,115.55171,62.4787,113.28434,116.428535,92.87773,91.329735,107.024,79.45222,68.11989,72.109344,82.90942,112.476944,97.47695,85.5606,67.28508,84.6673,79.06479,97.936035,52.85669,49.643158,94.13316,86.54723,37.151314,55.35469,46.55517,69.7413,55.34654,50.439846,77.01945,87.343605,107.762436,111.232346
50.29255,82.95792,109.498375,105.60214,81.43017,67.37245,123.120255,116.51754,64.459335,85.52322,83.70416,81.839355,88.22302,95.57764,92.383865,116.7565,93.81857,69.55542,78.140656,87.56999,87.46601,96.96234,67.97284,36.563652,103.71958,77.228264,39.54039,64.954926,47.05788,65.62098,52.512623,52.22543,77.3839,91.32082,86.06678,116.47476
54.156826,88.37883,105.96112,110.06435,91.62817,75.38704,110.37991,131.45288,89.97867,85.84391,83.61829,82.57681,87.11937,96.32792,82.7707,100.248985,95.53441,94.657425,104.70414,102.51359,78.17624,121.6952,69.34627,59.452126,80.91991,56.11801,63.368702,53.43384,47.17456,64.26665,56.029327,43.738026,74.48497,87.055336,93.33972,105.16635
53.209175,87.94148,106.36274,102.31281,91.18643,78.99971,133.3974,137.34625,93.09726,106.04365,74.44907,84.12719,94.69735,108.75641,91.11858,78.85265,101.83199,97.30953,105.35295,121.42221,89.177826,111.39218,70.978775,63.164368,83.637115,52.204556,59.856663,42.86679,48.77725,60.10896,55.52623,44.025795,71.588745,99.700836,103.09166,96.34328
62.918617,96.27449,116.60094,86.796844,82.401405,95.321526,124.34566,144.4679,92.89681,110.2258,127.558136,109.36333,97.54716,99.00563,100.40424,84.769745,118.99287,97.30793,103.14236,112.8024,90.79683,107.56569,72.592575,81.69871,90.3082,59.384098,57.44373,37.18395,53.290096,62.496155,53.157444,51.609386,70.24252,99.798676,90.51999,97.109474
47.010887,107.26872,110.08855,89.66758,96.49083,106.24128,111.16378,138.27095,99.09964,102.47732,94.4011,107.11516,38.60327,125.88112,86.07143,92.61017,111.3871,85.24912,116.38628,110.17822,103.43631,119.93712,69.43047,82.21677,91.14336,70.997116,53.91923,42.85707,60.903748,63.686752,59.63344,40.65824,70.99423,106.34767,101.27979,96.26475
61.29415,107.69756,104.808304,93.76532,94.58472,85.16145,104.517006,146.29703,114.066925,93.05683,107.34955,101.08598,85.895226,114.957184,97.63164,112.65373,108.43742,100.47445,115.383125,95.20845,74.939415,100.44145,77.65844,80.83874,42.852486,82.03455,56.06804,28.084389,58.338215,63.66344,45.327988,51.721848,72.170715,107.64641,104.37228,91.49948
66.002754,96.046135,105.4127,98.38437,94.07853,120.285194,106.015945,165.61058,61.264236,111.58498,119.37634,81.05548,106.338066,93.00523,94.19323,140.3375,86.20694,104.78396,125.098816,75.70138,123.67198,106.25857,67.59992,79.59571,56.616367,76.218956,55.70841,33.028442,48.182384,69.11427,58.088593,54.600487,76.76007,107.40842,88.79409,85.757286
65.93537,108.02749,91.83742,94.532196,88.910545,93.13762,102.99838,160.33897,71.91734,96.76463,85.859566,99.40909,110.599075,87.91906,107.482635,107.93393,89.608,111.378235,97.8494,88.58438,115.78586,51.930935,63.569023,79.57784,80.09719,68.048874,40.853455,39.060997,47.97148,64.688576,62.3739,59.343876,67.80941,109.45631,85.15394,91.22129
85.5224,126.453964,88.49733,52.838333,61.360283,84.82431,72.20868,159.03748,47.96805,115.823944,93.43946,75.65744,87.5423,92.30128,94.213806,102.0934,83.7008,101.411026,120.351974,83.669785,128.82889,56.56406,62.84301,73.16589,91.29248,64.40697,46.27055,37.600056,18.57605,56.880714,71.384285,51.617523,62.21488,104.53272,76.98143,85.55846
80.00786,94.6966,87.52743,56.2726,66.73242,92.20217,72.69331,141.06982,12.1308365,93.01958,75.58689,55.959667,74.927,94.15776,78.80235,82.022736,92.58769,110.95406,114.51604,74.240486,99.56572,72.24594,60.97654,75.829605,68.4082,60.652584,50.353485,44.10607,42.668056,70.44539,55.529076,45.953487,62.39629,94.427795,79.0687,75.99521
60.1903,73.637825,75.232574,66.29879,63.10379,74.81001,69.67261,146.94678,34.563484,67.84319,53.834763,66.20027,69.26361,73.93724,84.03682,65.84797,93.208275,90.229904,101.68468,81.3935,99.09788,53.11373,59.61132,78.1857,65.7944,55.617626,75.02792,49.907764,45.655777,82.225685,61.402676,42.00849,61.195312,93.50682,86.38034,76.5647
67.13872,79.21718,75.01628,61.34321,72.56059,73.08981,49.79555,143.8801,62.79271,83.00903,61.737164,50.47702,45.832367,66.90623,75.53646,57.306225,90.19551,84.61418,91.11255,74.78454,73.33676,50.636784,57.849857,100.83877,78.71541,53.018703,66.53934,39.747177,53.53277,89.57048,73.29595,54.784836,51.290615,90.780754,82.931984,84.232414
75.16643,77.31158,75.99974,51.766586,64.00163,58.69656,77.95122,131.06403,65.75076,76.86159,74.712616,46.4944,60.74484,51.898136,64.7025,64.712006,94.75345,73.64273,82.353775,45.918205,55.55271,55.309246,58.2871,94.40321,70.39879,55.96864,66.34526,46.122585,79.3161,90.04518,75.45802,25.914946,58.133575,72.924934,90.447845,79.184204
67.59752,66.9855,83.976616,57.58446,73.72926,66.70931,67.17817,130.43495,88.85491,81.21134,83.472336,53.881832,51.521637,46.84331,72.629654,84.14992,89.3283,79.8799,77.58062,52.060596,73.55197,8.246769,63.905506,87.99356,72.328156,54.716824,64.85992,42.18286,76.35787,89.84818,77.49095,36.94751,56.621944,70.956566,91.792725,104.77857
44.492996,81.08398,72.861595,63.614197,73.2149,64.86333,57.48356,128.84781,70.39044,96.54021,60.161575,26.142513,35.48021,72.993774,69.93568,68.373695,83.87518,67.69686,74.334656,43.853252,93.84801,25.676575,66.483376,89.49514,67.59277,57.7249,63.105453,46.73126,83.874985,99.52111,80.26895,38.05824,56.78465,58.15979,81.06297,91.58769
40.871166,76.28998,69.31309,69.58524,77.27124,66.20771,64.378265,121.68705,60.150124,58.19947,61.85201,33.783485,36.708004,51.19238,52.854897,66.405624,72.20177,63.57789,72.73508,43.96989,50.758644,31.651352,56.806145,110.27137,77.83885,63.841576,61.27708,54.250874,74.77591,94.239,91.50253,47.626812,67.11366,62.00075,85.05479,88.96306
65.844345,74.12995,57.852386,56.49289,67.42994,44.214775,63.109123,117.523026,24.59721,62.134506,50.586025,37.34954,39.836452,34.917725,55.58822,64.07295,62.948273,73.2163,68.530655,50.82174,57.15058,49.34323,70.71108,122.05856,74.885025,63.22933,65.50898,48.611107,77.10025,82.86011,84.08446,46.116425,59.992283,64.42029,102.468155,82.20256
72.02834,45.85205,51.990417,33.34275,53.231583,65.826614,66.79578,125.26521,29.00549,39.653008,45.3344,49.31218,43.18557,36.454464,50.110863,43.066505,61.798653,77.116714,53.925682,44.76229,58.239716,60.947906,73.29644,107.925575,68.26104,63.163418,79.52298,57.068756,73.973145,64.333336,97.80264,57.9701,61.79061,66.646835,94.82583,84.6787
76.68737,52.490726,64.75079,37.09552,44.693707,63.318314,79.29299,117.0991,32.87703,63.266197,75.88948,54.804592,52.04789,48.941956,67.73126,39.448208,57.789017,82.84468,64.00388,67.42621,34.85768,55.282074,64.76617,109.21969,19.626701,63.220825,88.05868,38.68369,76.47673,63.353783,116.47407,57.15345,55.148434,68.777725,98.02732,86.461555
95.11777,27.342558,82.03471,50.697655,49.465313,68.579666,86.36525,107.96393,63.159546,73.25997,51.830063,68.7007,54.95558,69.842,60.34276,37.79902,74.173294,71.18051,42.715973,79.526276,59.035202,75.64135,63.797054,100.43178,8.532661,71.368744,90.56636,52.317875,81.20534,75.78935,106.00693,63.89794,55.838745,54.969345,101.750595,75.82936
89.72185,50.463383,98.4438,61.48517,58.89004,65.909805,82.97998,104.085846,65.02486,99.49084,68.021,81.88718,35.795647,81.0784,68.25128,48.12674,78.746086,81.177216,45.319733,77.263664,90.47877,102.080124,59.005074,104.539154,9.738243,73.130615,87.27885,68.61406,96.37404,74.01608,98.907104,75.56662,80.07199,58.41732,95.664474,68.514206
100.19701,77.47545,93.6045,79.24115,66.94111,75.37526,83.26036,103.87851,69.351776,74.73509,58.752014,85.85213,67.8369,92.3294,83.68529,63.461693,92.63674,91.02301,63.439342,80.2047,40.316696,104.418144,61.57067,104.841324,42.537514,72.57823,80.943985,61.169666,91.17903,70.88552,101.65601,69.5298,85.00623,59.82766,90.54405,72.378075
82.95961,90.6922,74.21538,54.328087,79.71946,96.04656,111.703674,88.489235,86.97062,61.941063,57.604263,75.40224,66.94849,97.15178,84.77998,68.6414,108.03266,77.66214,54.712654,84.895515,73.83915,125.02872,63.23048,93.00896,54.890144,74.64881,89.78064,63.206593,91.38026,78.90057,103.034485,86.87673,81.15329,66.64083,86.53955,78.12396
84.71665,60.53557,82.261826,59.143974,77.215065,95.04438,115.68172,91.64242,95.97998,77.34627,84.4351,98.270454,87.55456,107.48323,87.34888,79.22814,103.16113,104.96975,59.408318,105.950905,76.99349,121.49508,58.811707,96.033134,38.800865,84.561806,92.49558,53.556995,88.08443,14.102272,78.65219,77.25715,73.83007,52.689682,79.95546,71.18158
68.36779,82.079414,82.69751,62.22956,68.78081,84.543686,103.04706,91.065926,104.372025,107.269226,84.20169,98.69307,102.25558,103.04797,92.895935,88.02282,101.97861,121.16408,60.45733,101.207275,135.56757,51.867653,55.998466,102.47705,47.56209,80.94075,85.95262,63.14241,62.398075,30.597672,61.893646,76.91434,63.46113,51.01329,103.074135,81.14151
59.260056,66.61912,91.365524,53.3741,77.77164,75.65433,73.967514,96.287575,67.17779,123.94494,105.17216,76.71995,69.43544,105.438515,80.595955,89.79706,83.672874,100.17885,68.53468,102.01115,112.75176,45.21848,49.821083,96.16087,54.39998,79.54023,91.52075,65.68793,52.30925,32.857094,58.550232,71.1758,65.96481,53.19997,96.168655,71.23398
68.373276,79.028694,89.21481,67.341415,84.93826,71.94071,83.03741,100.282906,77.42753,99.68815,82.62418,76.7985,42.03076,79.64567,68.69008,72.83927,78.289764,84.83371,83.55637,87.564316,92.184,58.859653,59.292107,75.55673,67.00994,73.91322,95.182495,62.131477,2.803009,39.979347,42.905754,67.60372,66.69948,48.754646,89.98715,78.749016
67.96901,76.58566,83.29846,90.316315,106.0205,67.94516,68.07961,107.24586,74.236046,83.16671,81.576324,78.63501,13.55315,77.42733,67.532265,76.76571,87.16953,85.31586,70.54468,85.92604,53.291866,74.00104,59.643547,61.90512,67.46744,70.99497,89.80205,71.652176,15.752415,41.20965,46.720654,88.733665,64.10596,50.622574,69.115234,90.96622
70.49548,64.90789,84.57987,75.0529,105.39174,74.527176,67.09506,102.803055,-12.548058,57.94812,70.79305,73.72406,46.314342,47.559166,68.89484,77.24094,81.389404,100.3433,54.57218,86.28193,47.31726,80.41806,52.130424,62.276012,61.747902,69.85191,81.06751,63.589386,19.47945,40.37475,52.158207,85.9048,60.963104,60.35856,89.05681,90.35325
70.80359,73.96129,72.87005,64.84256,91.062614,75.52056,54.600105,111.66651,16.502808,59.819515,34.113876,65.4523,70.353905,72.944,77.26601,48.91868,87.33219,81.94817,69.03526,71.21034,77.90339,90.106384,49.638462,58.31991,64.56028,75.04244,79.48485,57.636856,27.985617,42.969963,47.467026,101.7064,67.24146,71.36531,87.68158,85.858185
66.10602,73.12702,65.20854,49.323696,83.36825,69.19208,57.578117,104.0853,50.568924,50.63081,49.020073,79.02703,52.41163,61.789555,77.133736,42.308002,91.62092,88.940445,68.24354,77.78328,103.541954,77.99197,52.09262,56.617874,66.04562,71.96467,71.562836,60.643784,40.56283,40.277664,51.625546,74.48176,75.63578,76.48957,91.59284,88.96454
79.874306,57.997227,68.75427,52.31209,69.698074,63.182495,66.24184,109.95068,26.593563,60.685703,81.6007,56.53817,60.458763,87.91818,85.70256,60.784275,101.25928,91.50063,77.04848,87.74694,74.54311,70.70913,45.241898,63.767754,65.18829,66.37406,73.52412,36.15433,43.81079,44.657745,58.450733,70.33998,71.86905,72.183365,94.956406,92.49176
71.656235,46.86599,68.82454,50.99635,64.90539,66.10295,51.89367,112.52251,16.252266,80.06164,43.97963,74.28413,60.077194,56.787918,85.01187,55.663017,66.82695,73.908005,75.70096,73.70245,70.654495,84.51676,41.538048,60.53968,42.92391,67.441345,75.21055,31.948025,49.510376,43.064438,60.337036,63.02011,72.52171,63.238377,93.790504,92.686165
54.802917,62.747093,59.234966,37.02205,65.16745,75.03522,74.179886,108.34386,43.11012,67.81388,43.20281,50.71768,83.7577,79.90214,76.54231,37.180836,52.116856,89.882065,56.00631,86.89634,76.43951,78.59189,39.724007,48.444977,45.11718,68.620346,62.646187,56.313656,49.23886,43.212902,47.598778,55.07541,55.855637,51.81723,89.13837,94.843735
58.855106,50.76077,62.82787,34.677284,60.793667,84.13148,70.09917,108.75786,9.772018,58.71759,72.06186,67.66849,84.525276,78.138885,28.199326,43.508366,66.342575,87.25206,67.01373,92.33042,66.81108,90.0734,40.83321,52.044426,53.24466,61.535587,59.020092,56.848213,46.166344,43.010212,35.756393,56.71967,58.667217,64.42321,108.36989,87.16223
77.001724,74.61624,85.11821,33.669334,60.15551,68.20591,88.133606,105.62204,38.171658,50.647095,44.446556,67.01738,78.84639,62.786232,48.5762,32.20915,77.29136,73.66627,71.93152,77.98786,72.35988,78.23606,40.604774,59.999237,27.164806,51.689228,63.547993,55.21434,39.2585,40.31077,45.364555,56.013966,61.175137,69.20051,78.07546,81.54079
72.792366,63.766403,87.813995,30.947525,66.34015,61.01612,80.25333,102.76837,57.710598,69.54874,74.764046,68.47558,79.90403,81.824875,57.99801,38.361725,64.39587,43.13864,56.085426,70.35974,87.43283,97.12727,35.103218,71.17786,49.410557,55.620857,62.911774,49.482685,43.409874,40.038254,56.74308,61.283978,72.56942,69.275505,74.236435,78.608284
71.52601,50.77782,82.229645,44.56932,43.60388,66.14013,83.00231,95.707375,68.89431,78.18575,65.45738,69.651985,80.82208,42.924652,82.32608,52.89658,82.829025,58.28784,63.2498,67.42119,62.63865,105.56418,39.307858,72.67351,60.57151,56.989708,54.811237,30.408272,41.246815,43.03285,59.954453,56.02968,70.092354,64.848564,67.114876,81.69436
49.63964,58.917118,61.00454,63.65517,61.33038,47.613976,67.87239,87.137985,62.05681,89.10048,75.92083,74.84941,86.143616,80.90027,96.44906,63.782227,71.50364,74.99097,70.26442,98.964485,96.64278,93.76513,32.424603,67.45411,68.73851,58.30822,54.56799,29.715057,45.83295,43.528755,59.865116,59.469883,64.24957,66.324875,52.03276,78.758415
39.744762,50.96672,78.15161,59.53618,60.2892,54.733368,74.664055,77.5609,61.41384,84.080864,87.96445,87.280495,57.55919,55.39612,96.66041,68.80559,72.62979,109.79421,56.51278,91.00401,117.00113,112.83397,35.271812,26.965424,61.6936,51.707146,53.20528,23.559475,44.919125,25.12545,63.086357,49.00242,71.928955,64.9068,63.406193,73.06628
18.146317,67.45013,67.18668,68.095985,62.88955,69.09325,81.69492,83.0682,75.556114,91.83291,86.05762,79.34851,74.52766,87.84646,99.83595,71.6251,78.37255,121.15982,73.80206,88.67591,61.42501,111.55638,39.478455,28.740967,63.503212,56.457455,59.995792,30.90939,49.427193,28.81752,62.003757,44.139515,73.108665,68.01189,71.4334,68.33232
30.094362,55.63383,75.56404,65.738525,60.283855,103.307526,89.87131,86.895195,90.295456,86.11489,59.245384,87.33903,88.392784,83.27503,88.03137,87.61731,74.0338,101.30332,70.242584,105.1738,100.88383,94.80031,46.12635,39.95345,59.43183,56.345135,60.89908,31.385084,48.55485,42.970306,62.44937,47.194893,71.68272,62.177498,77.27675,69.99752
44.69778,72.09444,67.93637,44.583725,32.960392,100.75352,90.85445,98.41074,75.92311,105.409225,71.09339,86.3665,78.58391,101.642975,101.72969,107.05155,92.62264,93.49979,76.983315,97.45697,91.85082,96.31203,50.058636,46.860653,62.382977,60.08764,60.18809,42.54421,51.064304,44.373486,57.5002,39.343002,83.78566,72.21333,70.82418,49.265816
66.68025,25.630669,29.932213,51.40567,36.19941,98.51024,98.10736,102.81952,97.09866,96.3627,91.59046,79.101295,83.7605,108.35617,89.64824,106.510345,108.107895,83.66495,86.32285,97.863525,107.82925,102.74777,41.876118,47.628616,72.5952,57.81087,55.5857,46.57302,55.988586,41.782063,59.177876,44.812298,84.114716,74.80987,54.557655,55.20754
67.680954,58.227184,57.604496,45.466957,46.571835,121.12537,105.95444,103.58473,101.34297,97.730156,94.20049,84.17975,80.60954,87.16443,63.908386,86.67459,109.34346,96.37264,70.36862,87.63835,99.94638,105.23191,34.097557,22.213234,76.68862,69.92803,51.278,45.737873,54.293125,16.970715,59.490547,31.456234,82.125305,62.892715,67.19991,54.778824
65.89282,87.72114,64.39528,57.63489,52.18573,95.30946,102.38529,111.36661,94.918365,116.99235,113.02107,79.049614,90.07661,94.68401,78.286194,93.7466,100.50488,129.60155,85.72203,85.972916,102.73095,69.55572,55.71312,26.718473,53.85902,94.99961,43.56516,34.071125,51.974113,50.063667,40.999367,12.124813,76.30466,66.84222,71.05441,75.62118
62.096447,81.284355,64.737305,55.59017,49.902508,73.37672,85.49478,110.60071,106.71481,104.324234,90.14836,77.84566,40.102596,47.671837,81.77071,114.65189,60.498634,126.094604,84.55516,92.52734,81.08029,83.788284,57.110657,28.301609,52.10445,84.371124,38.178368,52.25614,39.58783,47.97136,49.982025,27.231323,64.72977,93.19803,66.39168,62.60125
50.97252,79.10417,67.638016,68.75904,59.888474,77.92222,76.98271,123.08026,95.022,118.459694,103.21959,72.492256,61.64427,67.340866,78.16074,106.25241,76.2608,114.99237,86.64483,70.345764,40.92095,74.73075,53.913197,30.727165,44.988106,75.154724,46.106728,58.90973,45.3898,42.406033,48.63477,19.16413,62.307007,92.25287,61.05828,61.376064
29.82277,72.557236,74.926926,57.84252,66.475586,103.63302,80.9713,119.786194,83.548325,95.567154,89.37101,67.54321,72.97872,46.159935,55.756905,89.69529,82.75081,101.9965,83.652084,46.835182,73.469925,77.5513,56.728615,49.128544,43.309696,73.73635,45.004402,43.142776,47.152298,48.89051,48.780575,25.635227,73.33137,88.45053,60.524323,61.181053
28.504211,87.268936,76.04127,55.693745,56.863205,95.18021,74.72136,98.4471,74.613365,72.27338,87.54635,53.72693,76.01061,84.211006,65.64772,71.09761,52.901207,96.1497,66.55847,64.19261,101.37759,81.110825,63.196556,52.412792,50.90512,69.60969,47.55818,40.415405,53.12034,47.767376,55.867332,39.917328,63.02437,103.5993,60.668163,63.448143
36.451782,68.81349,85.74543,43.99979,59.392815,100.9201,83.841934,101.43584,85.42499,78.44484,81.734055,60.41536,81.58398,76.556755,54.90957,66.89823,58.519203,76.01459,63.14377,84.35854,66.68212,90.82468,64.189026,35.36824,44.279846,74.30295,45.816036,31.628593,22.592367,42.46212,51.058773,35.900337,62.186737,101.51064,66.70477,87.62181
53.437977,79.67856,65.95103,33.28368,71.78006,91.24399,88.26138,100.62679,88.51053,76.28354,87.94203,76.06574,38.77317,78.35376,49.868095,56.170845,68.37756,87.51701,63.761402,60.839195,91.40233,92.853836,71.20122,46.992466,55.917267,94.69387,47.006992,14.180542,31.833282,45.291054,35.59928,42.092964,52.33922,92.02723,60.898872,75.034065
54.7441,60.7052,68.78679,46.825657,63.850037,84.048515,67.429596,98.903786,60.936394,72.97655,75.27591,79.73105,66.902084,51.355255,63.238884,61.275417,75.88724,94.93839,67.320915,62.26079,66.64557,78.41074,72.283676,48.489376,40.95004,84.92563,46.89402,27.61323,34.76796,46.63435,45.700943,34.93038,51.54869,77.73276,66.29164,60.680336
32.158287,70.317276,70.34128,58.82085,31.91772,73.25575,53.15377,109.08474,70.960495,87.35723,53.895226,61.097466,65.34463,73.75269,54.127403,59.507988,51.17935,102.77872,61.765953,76.58768,83.64176,85.21698,68.56998,45.982704,0.96915436,67.944725,56.358276,39.316105,36.23327,58.59122,41.011513,35.128757,52.0584,72.82909,64.71709,63.199833
36.61071,65.95235,87.70524,49.839203,40.574577,42.200172,57.294697,117.44643,74.74402,89.835266,106.05735,61.1035,62.759598,74.56575,61.204605,87.17316,70.011444,97.39174,77.793526,81.97482,77.7291,77.583466,69.543846,50.285316,20.985909,62.163414,31.360008,42.840046,30.637157,51.259224,42.37402,34.00041,51.267292,103.0677,56.771236,51.147476
44.367744,68.885086,63.972214,62.150074,53.6017,32.27909,80.59029,124.52108,81.07042,87.34648,81.75781,54.245056,70.13974,80.203354,50.252785,86.74075,78.275406,119.27802,77.07916,42.17566,80.44502,74.510574,69.33769,55.84124,37.455273,51.009777,36.628036,36.804462,48.76219,52.347015,47.180927,45.567177,36.59097,97.14743,61.370445,49.633644
37.58234,56.822723,77.935135,49.28807,38.81565,23.557499,84.616905,126.42498,64.34859,103.9917,58.623383,72.66658,68.72947,80.5028,40.73024,77.17437,54.13448,85.14857,67.172585,60.185417,59.369392,66.893936,67.79286,52.268524,29.290115,47.93965,35.995506,42.793545,50.72585,47.90042,47.03093,37.184128,23.306221,94.38822,58.719254,65.87233
44.397625,32.933228,76.38556,49.11374,49.525654,34.197006,100.47303,132.83763,79.75074,74.04702,89.53763,78.647705,66.07803,72.94416,50.13894,73.991974,66.796455,98.116875,64.97818,56.682377,76.092995,74.04861,70.69375,60.400223,35.849567,44.03454,74.42403,50.36355,47.086205,53.42038,76.06249,33.774166,32.62812,79.31264,58.826633,56.05367
45.684563,43.19681,62.916363,45.236546,51.570198,25.95031,99.44863,136.14182,84.81407,44.500153,65.03032,76.864685,69.03524,70.1048,60.785324,75.505646,67.111206,95.90243,67.8133,73.13901,57.23353,95.51511,68.34448,65.59507,36.550808,51.61359,49.443596,50.912827,56.14982,55.674026,68.45012,48.484024,37.266083,76.545494,50.999256,54.16052
52.631466,42.387062,61.46546,27.535568,53.591965,43.439514,69.69617,137.79697,94.58654,102.059006,83.08447,89.681564,49.28881,96.27505,48.85212,78.4696,74.48885,97.034904,78.87807,65.379074,73.70876,94.772095,63.270473,50.29325,20.177605,60.61577,53.68726,52.36425,62.12857,54.23829,75.09185,42.775215,44.10178,79.00418,77.76769,53.16033
53.548073,52.77084,60.387543,49.08634,51.352757,56.056637,92.8691,133.32742,98.20039,94.42813,105.73198,88.55654,61.472656,86.213646,59.585476,89.32492,89.6052,77.128044,81.25225,61.275124,55.197365,101.607124,60.010155,31.80082,33.97637,55.810894,50.808876,55.404995,80.060684,52.77983,80.81145,42.52456,43.02493,79.29803,72.257996,56.04876
31.700382,58.352543,54.582657,54.2542,48.261757,63.926632,95.37268,121.34126,70.61307,85.51322,79.19633,82.689415,101.019554,104.4396,72.361015,94.25068,82.81683,81.26446,91.57665,65.44317,70.56147,81.151985,66.04866,34.47503,41.014618,50.33435,50.510143,66.13434,74.39291,46.593174,72.78864,56.813763,40.649113,85.991936,77.354996,55.496056
42.817333,53.500256,54.65607,41.321163,61.100224,76.13105,94.3322,114.256165,72.54819,101.45391,85.77079,34.36187,87.76659,62.28189,67.61768,84.361404,75.61839,88.92969,96.69892,75.227234,96.57613,73.9967,63.663815,43.52826,47.171936,50.98951,44.64402,60.60733,62.645996,39.231342,54.90468,56.99535,30.798634,68.355896,72.98867,57.346615
48.007484,56.84383,60.84085,51.590492,57.841343,65.93993,82.42699,107.74333,75.09821,98.050186,73.43585,68.529785,83.72208,44.325333,81.196144,80.44342,79.245766,73.99525,79.66844,87.208015,79.14872,63.244118,61.317654,42.277946,42.03656,45.599464,67.56638,58.00431,43.65814,38.316284,59.26805,41.9726,34.15617,61.029266,69.91152,57.32301
48.976368,56.959774,61.427067,30.366564,55.774265,61.54936,55.1111,110.88653,80.46233,104.77464,81.584335,62.93377,45.89279,50.395515,63.41549,81.05669,91.703545,65.33491,85.06836,77.95838,103.48752,58.17805,61.209316,47.1139,49.884445,41.996487,60.870693,49.637672,51.929558,47.202408,56.722218,49.586906,40.031387,58.661423,74.537094,59.64093
41.342537,50.253826,52.99894,33.689774,64.984985,69.24107,61.75148,117.14688,80.107864,94.36029,92.85245,47.30599,50.17129,76.9289,16.178123,68.385315,72.045586,62.312485,84.44699,57.33644,74.38771,95.69618,51.280148,76.62607,50.97768,37.35103,64.83615,38.15399,46.178787,43.43846,60.53354,45.26566,38.059498,63.462463,71.711716,56.082928
54.04998,48.729496,52.796032,31.17025,37.378803,92.65273,64.73681,108.92148,70.93531,79.253365,111.25842,64.46638,0.4682846,65.36195,49.872032,83.82823,77.78938,77.32066,79.62494,95.00578,74.57034,69.77456,72.33627,86.85654,24.214241,32.719852,69.84062,39.848392,55.812096,45.621826,71.62836,50.45082,43.32137,50.892853,60.38182,66.04591
52.871265,52.375698,58.476902,36.96943,40.835087,93.82419,61.84266,104.94087,74.13981,78.49837,76.60932,54.237766,32.79631,54.86308,89.87956,74.57508,92.60139,82.98946,71.751465,81.49976,56.559555,75.10989,67.1142,73.49005,29.412815,39.522884,51.531845,34.671192,60.25287,46.678066,72.84477,84.879944,40.274857,54.171654,84.77075,71.7852
48.026237,52.64601,48.446327,41.653416,38.809193,79.369644,60.61844,111.75959,-12.685921,77.33522,72.32023,79.3309,44.429222,53.958878,80.455154,76.87172,89.33712,82.451775,57.789948,64.602234,65.89166,87.23076,98.6037,70.983315,-8.792427,67.52681,44.913857,36.717464,59.449017,44.41857,64.23134,77.625534,32.364014,55.19402,86.93498,85.616
58.317707,61.42509,54.177807,16.346542,48.330563,88.285416,66.596535,116.95269,39.681442,50.060207,38.01304,74.12329,-0.881073,92.976364,84.22342,52.771893,70.04741,88.23391,48.28131,56.947235,79.72371,11.260147,86.697815,57.501034,-33.831,75.61548,49.898228,30.834187,55.48381,49.3017,73.47916,73.86448,34.02787,53.982414,119.07575,78.93634
68.94086,70.49085,56.26507,24.056046,61.17765,63.174294,59.06833,101.18602,60.830322,54.240055,53.8344,42.873867,6.7768745,55.771103,78.42953,54.204178,68.82561,73.587746,53.535294,45.07671,25.095764,30.291492,80.04981,49.148117,-9.844654,65.814224,50.001442,52.44562,55.348797,65.02084,76.31817,57.869995,34.26345,57.25335,107.73414,63.384636
60.373432,68.25935,55.644367,12.133755,49.96719,58.503063,63.71534,102.43357,87.457535,59.70895,49.83255,38.451195,17.599377,40.786953,42.164314,77.7328,60.34443,53.553688,45.426052,46.908016,45.79072,39.03296,72.664444,44.955605,16.563725,62.29467,57.88159,51.613808,60.165764,43.229084,73.57248,52.070805,36.490463,60.36701,97.14034,57.1845
67.60933,67.963,58.348167,33.248833,49.75509,48.005943,70.39849,92.70869,99.58375,71.67611,99.63034,51.529232,9.091145,33.81957,41.697094,89.19722,43.166897,43.523388,46.289574,57.002476,46.061054,32.918266,39.898926,44.23194,30.710775,56.551113,54.238213,52.596966,62.367146,38.25621,73.55097,69.294945,32.631104,57.282234,84.832245,57.255302
61.222565,38.506004,46.86592,36.17932,50.150856,49.674164,55.72425,91.14065,75.297714,88.92375,71.36899,47.842262,15.1376915,60.83897,35.80095,108.806854,50.7158,57.49955,47.92916,49.09903,29.524128,43.202885,32.704643,42.46095,26.909271,55.2971,50.49156,54.725845,63.103065,43.535458,60.64862,33.015976,32.873653,56.27709,71.62246,63.762703
50.702194,41.85895,46.091522,43.547558,53.44008,36.14546,66.10655,101.23813,69.36067,47.30917,70.69556,49.446426,23.296722,48.70074,38.96856,96.25652,22.674168,55.452667,50.837643,44.439026,39.333855,56.456665,34.42259,40.117027,13.104355,50.593914,50.95661,50.573547,61.327316,34.374733,73.516106,37.043728,40.992992,37.629242,95.22762,64.18185
62.08949,49.935932,37.801613,47.88883,47.41014,36.865425,74.08191,98.620186,62.606792,68.35744,33.38138,53.571236,33.387722,61.141758,44.944405,71.05941,14.016165,47.236355,53.413822,51.86492,69.04116,67.31059,48.825394,36.39416,37.425964,50.05987,17.686043,42.506424,57.21414,32.318085,65.351776,35.547806,40.062225,34.76426,83.88712,59.95246
52.473972,47.252537,50.888573,41.85577,37.12317,49.224014,77.435905,97.576614,78.1975,57.634666,37.563663,57.1273,55.85093,48.054966,72.33197,91.89074,18.928745,59.856266,52.64656,61.91564,56.69365,58.196907,46.837807,50.514523,44.082977,45.975136,17.921566,50.70701,52.33158,13.4788475,61.20261,67.14056,43.26467,43.725655,58.981834,55.081276
51.67962,42.153835,60.785347,20.824339,39.716034,31.893284,80.83774,91.4,80.00532,80.451416,73.82109,66.672806,61.497112,53.893547,65.99487,86.90428,41.928993,47.33305,26.248253,64.08725,63.0794,53.69385,48.05446,41.90249,53.813618,44.105923,20.41016,35.17263,47.96452,18.712402,63.65379,85.80502,38.84685,53.041557,55.992046,46.77885
48.27639,45.48706,48.888805,44.582993,43.433228,37.565052,50.464645,91.719124,92.791954,88.825775,76.50759,55.66056,53.689697,66.48582,63.4599,88.09933,52.17695,57.064396,38.961018,60.45796,94.88299,81.93336,47.99195,57.786026,59.433083,52.56253,32.05698,34.975235,45.166656,13.177502,56.769863,68.14629,35.080563,53.781292,74.86788,37.469414
49.01934,19.091448,38.259373,43.16211,46.7937,45.8766,58.180397,76.037895,89.546005,93.22964,92.388664,49.010426,75.27096,56.372753,71.41649,85.297226,62.134586,60.9251,38.01316,56.1411,71.65153,83.08027,51.403328,49.206764,46.703594,40.344105,37.638527,40.29374,38.5802,24.679718,54.80856,42.906178,50.84243,47.208946,66.089294,40.649956
42.32505,28.397268,43.082825,43.32905,40.481266,44.843605,75.299774,63.22071,77.36786,92.25468,87.462326,70.52952,78.58527,48.347973,77.1946,84.25757,79.18752,62.074875,55.94716,79.67085,76.775444,53.791626,50.570805,45.63421,22.174011,57.44894,46.15922,39.807213,34.551033,28.785337,59.49397,39.3982,44.7672,49.520416,59.387634,36.85256
42.012802,40.686306,42.554207,38.089798,47.057713,61.56183,23.57135,56.32979,70.27696,66.52582,57.88292,55.59401,75.47075,48.894073,75.06835,81.44344,76.00423,62.09508,69.16843,60.108574,82.1497,58.23795,56.958927,46.824593,21.754797,53.238487,54.261333,36.00132,39.514328,21.73072,56.27558,37.37436,46.706043,47.206657,78.99455,50.970497
38.28543,49.463577,35.223457,36.15533,42.743378,56.81338,36.322147,67.607925,61.944023,73.29687,50.44626,59.279816,80.9689,72.07522,60.654037,70.780754,66.519196,99.39436,67.44699,64.74121,94.489655,63.551037,55.560226,44.357765,26.827892,67.39567,46.381527,39.737984,42.027443,27.812077,52.290497,38.37489,47.650887,33.308647,69.713264,61.579033
43.41754,39.68507,37.433964,38.966797,58.63762,46.22817,47.026203,76.34606,56.521587,67.10892,59.409534,49.789047,75.4525,69.89989,58.34915,52.849506,63.78985,92.9941,67.081375,60.11238,96.79287,74.14032,49.82533,26.942963,29.15794,34.807365,43.65834,38.82858,39.961845,28.959347,38.60532,43.93379,48.645126,31.446342,51.221573,58.859493
37.192657,58.776283,40.31194,35.187126,50.381306,53.698612,34.14232,86.143,83.85034,85.86645,46.385864,57.97368,59.342934,67.661545,55.444935,51.21222,76.212616,88.23521,67.94153,75.31653,79.42935,74.69109,43.13018,32.015114,27.076233,26.324677,47.387524,37.569447,35.198196,18.978855,40.17648,26.002201,57.1322,32.06254,50.080547,58.902016
45.580402,52.327812,38.54345,29.127308,57.55437,54.885735,41.162598,94.05609,68.11196,48.45511,50.68232,63.876167,53.510586,78.35981,66.02043,60.056793,81.08708,90.64856,65.84191,90.59919,68.424416,74.48385,44.894375,36.270416,29.585365,33.428146,38.58367,32.156013,41.137245,23.497372,36.89634,30.627254,56.13984,31.559277,51.473537,67.939316
56.377148,50.273235,48.406075,39.938717,60.167446,34.582287,37.224674,93.34967,83.45758,78.025345,81.36076,59.844006,57.38531,69.42433,60.267593,57.06193,74.9465,98.37266,59.37391,75.53158,68.23782,82.06093,34.01405,25.332214,29.99622,36.246452,46.542088,60.516716,47.715736,17.285488,30.524311,31.227049,46.119617,45.745728,51.652527,61.742123
52.01754,33.256187,42.775497,28.841372,55.270306,50.658585,41.782867,92.00285,84.698425,95.517944,85.94298,66.88995,57.33615,84.67651,55.363728,61.999413,79.28058,83.34086,49.848495,83.638504,40.571007,79.1407,69.074425,25.47522,33.65133,36.70366,41.342102,49.5225,45.625103,21.897278,19.971449,38.508347,57.449917,56.037033,53.27026,60.191063
45.99552,44.07007,52.314156,49.26427,25.52136,54.0122,38.034454,93.40531,79.33326,93.60868,91.19497,55.553486,60.13104,79.79145,51.671535,66.726,59.02774,89.29674,54.9935,63.829994,59.51017,75.85916,79.9756,29.451914,13.867626,65.146484,40.91615,51.34394,37.23313,23.0424,25.114082,58.027454,56.71627,56.617928,63.075172,63.246014
43.820946,51.552055,71.055275,42.911987,29.979332,51.092697,56.496628,99.77593,78.82634,96.3893,56.17325,71.2795,72.589966,73.159676,55.752663,71.521324,40.840218,74.98278,70.113434,76.54279,61.51815,77.0982,74.460724,32.684456,26.42601,53.201992,24.269026,65.73877,34.466103,19.97195,29.472485,62.987038,55.541256,67.03097,56.23869,55.841232
53.855606,70.85908,66.75394,56.581642,46.8407,64.497185,53.836197,91.29671,82.49681,76.04694,59.51728,54.529057,58.79928,81.14877,70.93607,78.47029,53.8363,85.21247,95.4946,74.8157,95.6286,68.35434,94.10228,26.484306,36.79729,46.870766,25.491245,43.649406,36.126205,24.416885,29.86639,60.137897,41.588737,50.69519,64.76283,84.003174
44.771946,62.690495,53.36812,61.553596,45.209732,52.046513,53.479675,77.75964,66.83061,78.48069,59.152954,61.960545,68.45477,58.844917,67.06957,76.49114,48.75283,85.01566,90.52722,71.59383,82.85957,74.95711,83.84485,31.67279,37.65397,39.001884,37.809616,41.18036,16.632143,28.008133,35.206036,39.63544,42.760674,53.273426,63.736076,82.12497
23.89891,41.98876,71.36838,38.832268,41.716255,54.567047,61.00615,80.52526,72.81129,88.23312,93.70439,51.57051,70.11026,73.49893,62.344627,58.763218,61.242275,90.878586,72.63709,47.111053,85.20727,57.51366,85.93709,-4.753441,33.333813,40.34944,36.152,37.633373,31.535316,44.7575,35.16684,29.03537,44.324146,62.486053,45.46743,83.83585
23.1396,46.49084,67.44314,48.88601,46.99234,69.357834,32.87899,82.66835,68.72809,71.75727,70.054855,59.836563,38.61148,53.60089,54.538845,53.97159,35.979763,45.912346,86.28667,31.442902,86.586044,67.81198,49.66365,9.725918,33.6517,51.40438,32.739265,51.982124,38.73219,35.867786,29.451687,34.489113,43.67121,50.952442,44.01532,74.0551
10.838577,56.019657,67.56839,45.921055,47.667442,41.847523,41.694096,81.91423,64.66224,74.10289,56.495914,70.12581,36.794838,56.671364,61.511143,45.056152,30.366947,55.524677,68.05253,43.3126,47.163948,64.91808,50.08015,8.7472725,-9.7939415,46.789238,37.894253,45.2031,21.278961,32.19914,33.174545,34.47048,36.20921,60.104134,54.190723,65.47406
35.8453,41.1802,57.132206,23.677834,44.802902,45.542866,39.173927,83.66662,28.911167,52.52963,64.1538,46.387207,49.341454,55.229782,42.095818,50.229134,33.414116,15.973839,72.25401,59.831985,50.023438,74.43266,50.06849,19.629395,13.756573,47.8757,42.757442,38.021957,16.127495,30.311754,18.583576,43.584335,36.058277,44.191525,56.629776,75.99648
34.21341,34.789883,51.309055,7.8934116,45.36329,36.10556,58.33386,89.28305,53.548504,62.359425,52.288345,63.223026,58.948776,66.669266,55.687508,48.53442,44.24846,39.909126,85.78803,72.31342,75.50118,67.29729,44.45994,28.23214,26.318508,44.767574,39.18706,41.81627,20.752037,27.13971,24.285145,31.313408,46.339867,35.870453,56.654247,69.29476
28.298431,49.45574,37.01986,21.734558,41.82644,54.655422,52.38644,101.151375,59.586746,85.20866,67.523125,68.94763,57.603203,73.07915,59.384304,51.06089,50.17933,65.70226,81.34624,79.76407,74.990135,53.286026,49.789505,34.745777,26.933098,39.82701,34.751793,38.205875,27.705774,16.432684,30.874107,68.21762,43.53701,44.60933,60.71107,59.601273
30.86894,51.560875,40.867046,18.367847,30.497358,47.26086,39.39594,121.26401,67.51382,76.27476,43.039818,63.74064,54.294346,57.943363,50.396694,38.374207,49.50423,55.17941,73.429886,67.153656,67.92747,45.162567,59.81469,-3.7542343,22.008217,40.14843,33.378635,84.01416,26.198874,17.974438,37.231903,58.746273,37.799194,51.914436,58.52666,54.055164
24.376368,28.703762,44.31947,42.015457,34.218906,39.89601,40.363033,113.26971,56.11931,75.53794,66.70194,33.56257,58.912632,63.000748,43.31192,34.248516,52.359978,64.994026,64.12555,70.9405,95.17731,52.679996,15.149296,5.425335,29.880375,19.10922,34.81954,87.56175,39.354897,27.341602,37.617096,58.622936,26.457565,54.05673,62.845776,61.136772
17.263145,34.738903,45.469646,12.396736,37.19085,70.79425,26.94857,106.837814,48.517628,91.25916,48.54837,47.16575,51.584026,62.617207,52.932545,45.82071,50.58187,65.29351,29.901543,71.99655,98.69219,37.91942,22.57846,16.068787,28.667452,22.557478,37.49057,62.69339,32.958447,27.063593,30.737267,59.62751,17.539955,46.239445,65.62193,51.91646
4.973671,27.960522,80.846664,1.687212,45.852333,49.69193,12.143635,88.9224,45.026623,83.235916,59.92421,23.12059,46.445946,47.790955,51.72774,46.11393,50.560696,67.46545,29.437977,70.09749,83.82445,39.54249,-18.019135,14.046627,7.358225,29.356308,43.107834,49.812515,34.24259,25.358656,29.03989,76.571304,22.290276,45.36927,55.643974,43.899628
18.597374,40.670914,72.887955,21.994873,53.214592,34.89108,13.919205,77.4548,59.19089,87.54183,57.428482,26.892902,44.826958,56.867775,71.304405,40.467278,51.591022,76.59937,47.69388,47.266655,62.643402,-19.414986,12.107201,17.115013,23.683334,40.837467,39.075264,40.150433,29.700571,26.815203,-25.812881,67.09341,28.629112,31.955608,49.546116,34.55009
19.685188,43.584087,56.375225,26.84797,56.802746,40.18294,19.045258,57.666832,54.186703,55.197357,63.307793,-1.0173035,18.83572,29.016518,35.45396,54.25335,47.80201,58.48413,44.31386,46.48026,50.93023,-7.961632,12.411484,23.61002,14.891155,43.227406,27.808002,38.70528,12.306299,2.215519,-15.214874,56.818913,29.135134,33.814922,42.938087,34.542244
21.107895,66.138535,85.943665,34.73522,44.716385,21.043365,15.643478,53.09376,55.1418,57.93962,63.297676,21.450924,1.1537094,-0.8885727,35.71583,51.6112,50.546436,16.182035,18.944553,28.582031,53.55761,25.417763,20.365124,19.485252,-0.93585587,44.876198,24.080006,32.548607,-1.376667,7.536339,-4.6193695,42.30689,24.095331,33.06929,59.96911,31.584354
19.910316,52.357662,71.70343,27.612118,52.53547,15.05048,28.082462,22.966263,43.8702,25.137619,42.18924,25.283588,2.6875954,-10.319836,26.432484,66.72766,42.567413,23.956432,8.527222,53.297417,25.406986,21.901672,24.368221,5.9103546,15.283903,36.835663,23.99445,33.277134,1.9396973,14.136066,-3.9866638,55.79353,12.7877,26.724556,47.538242,34.26207
15.066377,35.386223,66.487885,38.03073,59.195602,9.462944,15.334351,31.271912,32.907665,51.29013,29.782806,39.004547,11.790058,28.109333,-17.571255,61.572205,50.314445,28.155514,11.090248,41.296234,19.24926,18.540142,26.495846,21.077034,17.52367,38.996483,27.721397,31.925976,5.3174744,30.856583,-1.7663536,49.873463,7.520401,17.433811,64.47729,36.31648
12.847005,41.995518,77.183075,41.750973,54.699306,3.5801392,22.164219,43.0202,33.747555,52.653233,36.21649,24.5738,-2.333641,47.604156,-2.4202805,49.48201,58.02042,30.942331,20.801353,23.788208,27.243862,50.693375,24.078136,26.168297,30.153584,31.591957,4.1467667,33.37978,13.015401,31.009752,0.16255951,44.105392,9.484577,19.532932,56.698544,57.776424
19.355036,28.346285,27.25904,50.306652,54.20577,10.107159,36.364635,29.804081,40.80316,56.570374,39.5705,45.295845,2.1598701,46.09677,14.526264,38.61749,53.704315,47.910507,21.500349,17.215767,13.511955,-12.139484,25.982914,-1.2117157,40.220634,36.528976,29.810646,29.413275,11.178818,35.580143,10.768974,29.624134,9.281775,11.1054535,54.44987,54.525375
13.746227,27.342667,41.493496,34.760265,22.582565,-0.10611725,26.049244,35.82855,-18.497906,41.899956,8.620121,24.466358,-11.211552,38.00233,16.737007,42.55132,43.05268,35.712646,34.693268,7.5562057,15.261455,-15.5542755,32.759098,13.0371475,32.18786,26.363806,31.003403,41.142616,16.445179,31.845943,17.40807,36.296387,17.193275,10.618454,58.34477,67.59933
9.542496,19.713684,34.823814,23.269827,26.250208,11.827545,7.281391,47.82936,4.0585556,26.328613,5.8229637,-4.3683395,-8.302673,26.128223,15.445148,30.44403,6.1254616,26.473984,38.889553,4.084694,19.410965,7.4629135,35.96653,34.841496,35.746998,25.22406,10.084572,37.230892,18.426384,26.139837,-4.552902,38.327473,20.74533,15.606232,50.48548,57.485916
11.005875,14.724434,14.0167885,-3.34507,43.05139,22.040306,10.080929,36.611824,12.613358,-4.3129883,15.851744,4.6720886,-7.560051,-13.882545,14.342041,23.7738,5.0827904,48.47573,32.797348,6.519924,21.44017,26.788734,40.59982,51.89263,51.22792,26.843258,9.359932,24.462828,9.498909,47.86885,12.989067,37.600006,22.65863,22.059536,41.33221,40.473923
28.687057,32.268753,-6.4009743,0.87075424,23.912548,18.985497,22.952335,26.966537,17.846867,23.715683,14.457191,21.289898,3.5746155,14.322212,12.95882,25.07618,31.122917,49.670753,27.350214,2.7579803,18.007774,30.084076,39.284225,36.834785,-8.41172,25.191402,13.650444,24.570238,18.018717,74.37397,35.96672,37.342327,22.278336,17.02404,17.749687,38.208984
28.2177,19.285341,1.8851051,19.409595,21.380333,33.538433,29.099697,26.14711,24.955116,12.139496,6.538048,19.48547,19.368301,27.258549,29.701916,18.30912,24.84071,48.419186,26.649239,16.915066,13.623505,36.60776,33.05614,44.45728,-5.171927,19.43449,12.746494,19.352987,28.23829,66.57438,13.150444,27.791086,12.785222,25.93715,5.316387,36.79175
34.784817,39.957336,10.9518585,8.136158,1.5234947,36.356102,35.473648,18.866829,36.59332,37.676807,38.96007,34.34843,28.219975,22.985733,15.389183,7.1262064,-10.912479,52.00986,19.874584,8.349632,41.396748,30.649307,31.06551,52.10978,0.39404166,18.606451,16.631538,11.887131,26.523447,69.651535,20.491165,19.49562,-0.37226105,43.731552,17.567165,35.11014
40.86369,42.937695,19.962341,-2.3139477,-19.717627,41.051617,36.64654,20.37323,-1.2767181,56.75585,44.18304,33.968143,20.374882,45.743008,25.197582,16.823324,-10.685369,41.449226,12.983704,29.038269,30.422764,55.99232,25.120934,57.48955,-31.97477,13.567929,13.805473,20.107979,30.921097,66.69129,22.727314,15.554676,4.539114,39.061295,13.041632,24.357735
48.32336,23.382187,28.339169,-2.775303,-31.147299,32.465218,53.890007,17.22221,28.181828,32.362244,0.1277771,45.86487,34.777252,41.597588,60.2337,13.825836,-37.329414,39.20827,16.00698,29.181992,50.30668,45.660976,17.074959,59.568737,-58.28939,16.062016,14.605076,15.161976,33.616764,44.508587,28.816835,35.628857,1.8644905,36.560246,6.634487,16.215942
52.478783,16.457344,29.03304,-2.4140549,-11.052219,30.375702,40.600822,16.224548,48.593693,30.245739,35.504612,26.794342,34.87464,52.132935,61.839966,14.939266,-6.9651756,41.48918,23.78677,40.929905,41.614796,42.643177,17.745415,41.516476,-18.548164,15.342812,17.03841,11.056969,28.42994,43.125774,33.21226,35.757057,-4.31625,34.985317,14.653366,15.925011
42.42347,31.230034,30.683556,-14.213724,8.452518,41.37298,52.336105,6.7845154,48.617294,53.08563,50.568108,31.3018,37.239067,41.579212,58.53598,34.058453,18.720055,53.19911,14.880238,43.572918,61.458748,50.698586,36.19976,44.389595,-17.733883,14.959373,22.464764,-9.102684,32.426888,36.52337,39.878918,36.91842,4.45018,29.602245,9.500379,16.109825
47.784748,45.428085,37.117706,23.18858,7.7544646,34.91411,43.098732,8.332892,53.577778,67.42548,49.356934,35.29048,44.677486,49.46602,55.30852,35.93294,16.970913,86.505554,21.652775,34.089066,77.339874,49.563034,34.51011,29.233437,-46.41067,26.988087,33.175587,-4.118456,33.75701,35.429863,30.558174,32.828064,17.23859,31.863907,4.9230614,21.352097
34.40473,44.633125,39.50481,26.878063,11.262554,46.61345,52.43332,27.805824,16.327026,53.839993,29.666048,46.289078,50.73183,31.797207,42.218475,33.06964,7.457302,71.45214,25.727604,31.626007,29.444786,55.339134,31.70861,27.885933,-13.613396,20.212585,39.38967,10.63087,38.48101,37.931057,34.810505,3.332447,8.88626,22.618504,5.5678024,15.895458
42.859325,42.718227,47.799965,22.60206,1.9707499,40.640564,65.58919,34.98433,34.866356,42.985077,38.477074,39.19489,-6.5225143,35.68345,22.447289,25.250645,19.466522,79.471146,43.17131,46.06123,62.67637,67.5831,22.05368,28.072664,9.1984005,25.928982,47.11073,24.625317,28.551998,41.446045,46.193123,18.815926,12.100632,26.853653,5.689144,8.595577
49.093235,31.908579,46.199226,25.640987,14.87957,30.08057,53.689255,43.307026,34.995087,47.4203,87.138466,47.626278,34.94286,38.72303,39.59828,10.739334,31.379538,85.075745,55.421425,32.457253,28.75779,78.23947,19.911499,25.484127,46.658894,27.569262,39.87878,28.638735,45.829285,47.09308,47.84331,23.764835,14.129269,29.985638,-4.1809235,7.106243
18.215454,21.959538,49.607788,-3.9888573,13.221357,44.82694,48.66096,44.68408,36.226753,34.25504,81.04093,67.14219,47.18392,57.48846,49.20858,14.408451,50.89311,90.37698,52.14408,52.21936,50.8234,80.96509,27.88139,32.86418,69.34752,32.091103,32.58134,32.89763,44.328487,37.434715,17.243233,32.747337,2.2668304,35.634552,-13.719749,22.673721
29.873173,37.44936,62.367813,19.607162,22.37083,60.824547,47.12239,58.908356,61.094955,62.110466,47.478233,64.73412,64.31233,79.5946,51.472588,19.026627,66.667885,90.76631,53.61596,35.24668,37.452698,70.63362,21.26701,56.731586,50.185272,30.821827,25.426266,26.899464,36.80649,34.87271,20.794544,25.168858,7.4596863,38.37307,4.343132,19.575253
33.77844,50.236332,70.097595,29.173172,37.742897,60.94729,45.873966,65.62036,57.99061,66.14244,46.136147,52.059837,76.799614,66.43607,58.254845,19.995953,67.85448,86.24412,57.157936,53.4376,77.050865,64.963036,29.683586,26.334576,47.79224,29.114061,25.348248,14.196148,43.600822,39.62726,29.55397,26.45006,11.689296,48.97164,13.644901,23.275867
39.39544,61.506527,60.03073,37.84362,53.091446,42.89154,53.726612,66.41099,48.512115,66.96245,40.298786,54.015045,61.8086,74.07116,58.332695,30.889969,52.437683,93.45712,49.213257,42.051003,82.82311,51.188217,32.93913,25.75821,47.53002,22.435902,28.694473,22.030075,33.326508,30.570854,18.42078,22.725739,9.67094,53.531773,22.895237,33.58702
36.551907,44.46809,58.002098,50.832104,52.452927,41.26008,54.33088,67.00052,49.34717,69.36896,63.096615,44.815926,60.195366,54.99194,57.51138,44.040977,47.009163,80.853516,58.003876,37.38543,41.36637,31.721252,34.179768,24.664051,51.01939,20.056038,17.874096,9.987956,27.315405,24.028643,13.935268,19.639137,12.502643,57.329796,23.836086,35.41199
29.35614,47.603237,53.63397,44.53093,56.796227,41.92594,42.217987,73.41869,35.32531,67.04535,64.97801,46.69269,42.832005,35.784264,45.84471,72.28166,44.061306,71.999344,54.380966,25.986912,89.94926,45.883286,34.962807,63.46546,44.96268,14.881897,-14.657673,12.587624,26.562187,23.26439,22.838665,8.687973,15.3137665,59.519764,43.55009,57.272865
36.599426,47.31338,52.86019,58.31317,65.64134,49.23935,32.231766,71.1745,58.06152,61.962288,52.787216,34.278286,31.48534,37.908806,53.67379,61.34177,55.497177,74.704704,58.242836,52.514305,64.51288,45.89128,39.638687,56.103546,28.204512,10.08955,-7.404129,2.9716473,27.400993,43.868874,25.248207,3.1548233,17.09162,64.459435,49.57597,59.513252
40.706554,58.56258,51.713737,58.450966,71.02876,46.353592,48.3137,59.421852,57.17642,76.53094,41.727257,30.12331,45.134674,38.452137,60.42696,57.872684,21.136162,93.44817,53.732983,51.465416,63.50363,44.737576,38.933548,37.072113,29.076817,14.025211,13.512218,21.060532,31.757984,43.02637,33.899937,10.224224,9.745445,73.092636,46.951416,55.987865
42.51154,47.934357,34.940987,42.145294,52.62298,37.835682,47.15009,50.148872,56.610832,61.86053,49.360783,51.914993,-18.018635,38.73174,56.315327,66.68022,50.775135,78.55094,41.509457,45.698257,41.029533,62.898865,39.428623,41.021835,26.730404,15.534931,9.434605,0.030483246,48.861107,54.576576,23.294651,9.934162,7.330059,66.13312,41.126812,41.74966
40.56045,44.367477,53.371155,33.78338,48.378666,53.393578,66.350006,56.677387,22.336967,46.895016,27.02431,37.337074,21.763996,39.083725,52.370155,59.782932,57.449158,81.71445,56.068737,48.187893,34.380104,65.76352,29.947361,44.183853,30.907583,0.84872437,5.303501,1.1635273,42.710674,54.025494,-12.741093,16.042774,-12.4075775,65.93911,48.598442,42.67225
46.371277,52.40628,60.912224,12.594042,39.395893,38.664383,78.25989,49.668472,38.961273,43.988068,26.67392,47.697403,34.813274,49.844597,53.694397,57.617752,40.20955,82.491905,51.079502,59.671665,40.50497,57.8627,26.975994,46.00592,37.552315,-7.339512,6.8262024,8.332699,34.74698,50.622055,5.2784805,9.30966,-3.019796,68.39138,39.388966,44.7443
32.622536,49.18529,66.49883,39.18601,56.669792,35.767403,66.12218,48.399284,46.309143,71.17795,44.422867,54.91495,25.281532,55.453384,47.993637,78.71686,48.350384,75.11364,48.004562,56.788055,74.56354,-12.872444,30.74852,33.281105,35.783028,-11.030846,3.3698997,5.06448,35.04821,52.809635,2.0517006,11.922897,6.1008987,86.5412,21.581844,59.735123
30.009697,43.78109,62.599976,40.688904,45.801414,50.321957,28.448975,58.503944,41.64736,83.58421,58.030823,36.57128,22.301392,42.291428,36.190178,69.37628,45.36302,38.00435,47.585045,48.461033,39.84885,-6.6192055,62.75718,41.92996,56.158077,-6.545025,15.234917,7.405178,17.222862,49.340244,18.541424,9.874832,8.584121,84.614136,29.293522,58.26148
23.731209,36.757126,59.436993,45.874874,46.09424,30.665257,4.9734726,56.921158,27.16861,81.621796,51.18857,37.61242,35.396343,37.560802,31.1251,62.64259,33.74973,16.46782,63.19884,19.563446,69.115,12.670006,55.71689,43.679768,58.635933,-7.36194,20.019882,10.011547,28.385078,46.353775,23.920347,23.146133,15.485903,73.60642,40.36926,54.508266
26.914623,52.281097,16.22371,23.192654,25.514732,39.405094,14.750256,60.607822,21.216274,35.052082,52.52652,14.35741,35.107853,28.066875,21.000965,54.649593,6.18042,16.849182,58.761696,19.181171,72.0914,27.980404,53.672096,36.39195,53.828014,0.75315475,20.76564,31.566883,29.844212,41.33252,34.624985,16.75544,19.763805,75.43846,40.542816,67.23576
32.68799,48.473946,19.476822,48.98315,29.98735,45.81828,25.728256,41.305176,20.057266,50.67168,13.328594,12.903755,34.752064,35.29956,6.55484,41.47831,-7.2958813,26.156664,34.134415,39.434082,34.491985,19.81649,11.051308,35.482162,38.300034,22.794392,24.118084,41.850925,29.332672,33.53402,33.06602,26.460098,44.842377,70.3122,29.739902,55.16865
37.105618,10.575716,23.955864,24.781609,36.302467,27.78899,15.922161,42.23271,13.508945,52.469456,13.307518,16.617592,24.173748,8.939778,13.7807255,38.56284,10.440358,51.723415,34.364853,36.953453,59.03552,13.306374,5.2354584,26.229008,27.100927,32.426685,22.36549,36.43915,37.861244,30.749397,25.795828,32.993122,40.191784,52.563232,24.605858,40.425537
34.12491,23.831238,26.22321,24.811142,8.958626,20.39944,18.573528,29.709438,-0.24729156,58.82792,20.041553,4.8650627,16.59082,14.890144,25.072426,40.94955,30.373886,46.928818,28.660835,19.257114,15.921932,31.621258,-33.109818,27.416286,26.264172,31.159706,46.77625,27.925308,20.071312,34.284985,27.401371,33.592815,39.214672,55.117275,26.356194,38.58831
23.468235,32.051697,25.26035,27.345497,22.333103,22.735207,16.469597,17.130375,8.241848,27.506895,2.1933975,32.95205,22.09356,21.98301,36.865414,27.927883,39.69624,43.53416,30.661613,24.223179,36.725418,38.42177,-24.033504,18.74752,1.0592384,33.978497,35.175133,39.65093,7.437395,31.777203,27.966751,47.03393,38.107445,61.074883,35.65378,45.456787
28.737728,26.165722,26.032578,14.35458,16.22176,6.8275223,41.546642,16.764885,21.783585,25.115946,52.248764,31.832233,26.273907,42.38719,43.804363,18.337334,43.917328,44.511948,35.29078,19.649399,37.20062,33.39154,-20.299675,10.364857,14.756165,33.74541,33.3356,31.762299,8.216362,34.240982,34.629223,37.20906,28.294846,56.96883,38.171295,36.41118
32.87856,21.43715,30.44437,8.931028,26.596134,12.251297,32.70674,15.147446,35.125504,22.674042,17.587849,15.273155,27.686642,19.206385,43.839157,22.628319,-5.809704,54.32526,42.31575,27.332485,48.181767,45.541252,-14.11969,11.744534,-4.651184,33.48491,32.35282,40.991875,5.222416,31.008026,30.416481,33.58061,35.35051,40.261856,44.017017,33.612125
2.2365913,4.076683,33.967316,21.358257,32.003014,33.885624,33.07006,17.562912,29.201305,48.53935,39.12194,29.662472,52.60835,31.017395,41.900684,33.598682,-13.594509,54.211323,36.457188,44.631626,77.000946,70.020706,7.8945007,20.629112,5.9522552,17.841877,24.922886,35.3459,9.908802,37.34868,25.743877,38.971603,25.611214,37.945923,25.338932,16.08015
18.281338,17.120525,37.494873,21.48288,25.210203,32.294113,32.217556,19.838676,47.857365,54.548077,56.0347,45.81908,60.705437,48.35314,-10.196213,33.172894,-10.569805,66.31119,37.678806,52.78577,55.580822,68.61665,41.02689,17.135109,-26.12024,19.431002,35.23139,19.647736,22.38446,33.099426,22.446575,31.029877,16.904251,31.698063,4.5361176,16.197338
22.005615,26.784882,29.548164,26.791157,23.175625,35.490383,45.30985,24.42566,63.926765,68.66705,59.17918,40.632717,55.627216,33.968452,14.652294,43.641518,-0.3868637,78.28653,25.585732,47.11338,54.009686,34.36846,35.55567,20.354843,1.836216,14.506392,41.390842,23.407112,25.995571,22.529514,18.711943,27.207336,10.347961,32.649204,8.222242,22.763092
25.703024,48.887054,33.237534,21.279036,27.270123,9.3302765,37.48411,25.53379,40.966595,57.989086,50.60608,48.607086,32.62637,45.349876,29.9501,42.092003,24.012516,68.97148,49.835403,53.442974,78.36569,35.599514,35.26986,13.046474,12.31546,23.679264,59.967186,18.795889,20.759117,29.45126,27.294743,36.55159,12.700717,27.705425,15.574217,18.755917
13.540226,41.26788,49.214596,-0.94190216,15.300587,14.069744,49.892986,26.172333,61.82596,52.530968,54.12185,34.92216,25.117939,61.000412,35.53309,24.010925,37.141834,78.620285,48.111908,44.09057,53.66809,41.931034,38.68546,20.02564,13.841151,27.807306,49.437164,25.763016,20.76416,24.207693,32.016193,51.770653,25.584785,36.207756,18.555065,29.228481
17.577845,29.048965,44.339146,19.3475,19.409641,29.651905,44.678284,15.430286,67.27999,81.46345,57.219208,52.19134,2.0817108,53.87649,35.304737,37.08389,45.491344,81.59244,25.311827,46.086388,35.827965,46.87536,49.372444,24.681896,22.645554,32.262886,44.26293,34.50898,25.61705,23.60985,30.460127,37.126858,18.16475,42.237484,16.881325,40.197353
20.129,25.048786,28.56247,24.8989,25.4337,30.50011,45.813305,25.148855,63.863605,52.58745,64.41582,57.10634,-19.61866,67.20532,36.84234,38.36789,59.694706,68.87315,32.000565,42.317184,22.28506,41.086422,53.95961,-0.30518723,14.534897,32.81414,37.72727,57.45594,19.40329,22.587727,27.006264,36.376915,18.073154,44.862743,26.604118,40.51972
7.5457306,26.442863,40.34686,36.724205,14.478672,32.98936,45.04857,31.126915,65.60655,47.611393,66.10635,32.443344,40.261806,58.846695,43.075344,45.82705,62.682518,52.828373,19.1959,49.74963,27.640717,-20.500748,56.513268,12.523674,19.49654,33.492058,30.915585,51.36265,-9.253468,29.084026,35.525623,39.146564,17.100304,30.020626,29.093994,41.187946
13.455198,21.624727,47.695873,34.852665,29.970867,14.816677,33.98687,26.491867,56.937286,58.3338,69.75751,30.17035,23.714035,34.113747,37.518353,48.934395,27.120861,10.172201,28.928185,20.261955,46.174545,-18.825367,43.00358,22.688713,18.05515,34.5028,30.675152,48.331917,7.1987724,43.268818,24.17588,36.508892,23.022394,15.798389,31.394743,48.945835
-5.3910294,-14.508968,37.821857,32.678497,35.388454,10.430122,39.44372,25.063942,38.55665,43.035397,45.55146,34.893936,-45.354034,14.903675,50.9175,42.604443,20.95765,-8.926689,25.588324,-8.143795,31.692245,-5.2134247,58.31749,33.25368,37.98778,33.418915,26.649666,44.950333,16.900995,44.472046,21.26049,36.035183,20.84038,25.427715,41.63893,30.909298
-1.2290726,10.319382,48.21037,30.93032,32.36069,14.5895,46.511787,25.87143,19.172958,34.394836,60.923367,26.48167,-21.864216,15.939617,21.60345,39.31288,13.423279,-5.906082,33.149223,20.804558,35.53869,-19.380417,50.222614,34.810127,34.26459,29.41615,32.20351,37.673683,24.345528,36.224415,14.195194,32.127327,21.719639,14.4045515,22.6293,19.665173
6.9603653,22.165886,27.078693,40.89783,31.903286,5.9184494,35.294468,30.55635,25.021378,21.440662,37.02399,17.73479,-33.353203,23.976273,14.872299,20.364735,11.696518,-0.38347626,45.68259,8.374577,-1.7569199,-15.173275,64.666,32.042885,32.241882,33.199306,29.573196,41.525787,11.5825615,36.53867,18.79139,38.40997,16.36731,22.190922,38.26707,27.39872
5.3793335,19.744492,43.05851,33.55494,22.582863,11.842937,16.620285,34.899097,17.471508,34.053772,22.967861,-1.7991333,-22.280487,14.161942,14.998283,12.208141,11.584633,-8.53524,58.58134,5.0673447,-0.91119766,-1.5505676,56.622932,14.197462,24.241102,33.484436,38.409103,41.050804,23.025402,35.689728,11.174313,25.879833,20.21635,29.802906,33.068058,28.480099
3.558632,13.861523,52.94677,13.671471,19.73449,6.516636,23.174099,23.444798,18.944462,20.081974,0.49367523,3.1921349,-7.5267105,9.595795,26.35944,18.142727,-34.09516,-0.43175006,33.40746,9.166733,-4.4021225,16.14904,69.59145,18.43889,31.556765,48.54772,15.992214,39.20339,29.949818,37.642303,12.003441,24.323328,14.566708,43.171272,32.17643,33.84106
10.974243,15.375244,46.268597,12.381454,25.109959,24.753113,17.061989,33.35965,34.604595,46.338722,33.52279,4.8938828,0.07447815,17.69094,30.296646,13.476383,-15.698273,4.192898,16.432026,-9.522705,22.68303,12.405041,64.68109,27.462578,35.51949,44.495518,21.18541,33.01367,22.173622,30.673767,18.919762,29.714993,16.706066,37.483963,18.450796,19.822853
22.498146,20.939358,66.35062,20.710732,23.686573,28.247334,7.4424934,25.09349,26.30357,26.973528,37.227325,17.584412,-3.5901413,-0.13862514,11.846687,18.584293,12.134453,-3.6552658,24.109776,16.490509,10.239174,45.623238,52.46451,22.5536,26.155113,32.63001,24.467106,35.36915,29.210052,31.354406,14.810883,32.2772,19.263058,27.777266,-9.964165,17.872238
37.7312,11.118288,57.71327,26.22144,29.01122,17.949055,29.235943,33.707882,33.490852,4.531746,39.218685,34.384197,17.35698,28.819881,34.329105,41.562866,-3.699417,7.0608826,40.216263,20.979591,12.051628,35.07538,57.290825,41.830215,24.3609,16.848557,32.52018,32.765293,28.63945,48.449608,11.369789,30.230148,21.906107,15.813591,18.264343,31.570099
36.871742,52.306507,69.95653,25.354877,23.068762,38.10739,31.167686,15.567711,25.796253,33.298027,49.148323,10.980461,31.167328,37.920742,32.20791,44.6198,7.979492,19.18645,32.246952,33.03893,22.416065,32.434692,54.599804,79.11069,34.34835,16.49414,34.65246,21.085867,27.126057,43.918915,22.91999,41.490826,16.705753,14.144657,13.628281,28.617287
49.856575,57.86331,53.611523,29.20266,40.958233,43.100433,22.697517,10.670647,34.605793,52.14649,40.359013,16.500622,27.47982,29.800663,16.945148,37.94634,24.126278,31.563164,17.28735,37.736824,45.824017,38.973564,53.312103,75.554436,53.008408,20.62083,32.794067,24.901129,27.761095,59.195564,31.282095,35.691982,21.19822,17.934296,13.658437,27.992027
40.190674,55.22959,62.276115,28.42609,42.621094,39.072006,15.388992,20.453293,42.6006,62.684277,43.25434,45.12044,2.6447449,12.537605,36.415516,35.615574,16.373348,49.829185,16.843475,43.20359,59.032932,56.587116,49.319717,65.23561,47.306713,28.772354,37.930237,21.840496,30.075329,64.726425,25.756645,36.447037,27.659462,17.797737,11.866478,31.561367
41.224686,34.903397,96.64333,27.875328,45.875465,42.531322,43.093723,29.531288,52.139587,44.28383,42.040558,46.503746,31.188576,55.279453,37.551426,46.036015,-5.4426956,57.62052,25.479122,56.696636,32.238712,54.4993,31.473618,68.63278,30.248924,30.581003,39.97643,34.941986,37.11272,72.96476,32.384377,28.862156,23.394424,7.9621735,15.423542,30.921867
49.252037,54.417263,100.07143,43.113987,59.016243,65.260155,47.531387,38.33979,31.0121,51.981064,80.69361,37.3264,15.706589,61.201515,48.3707,51.979774,29.055702,55.88355,23.240211,50.225967,70.014946,60.636135,31.304253,80.87343,45.874058,19.687737,41.75874,24.592228,30.624428,64.83257,31.777458,30.257603,36.578278,30.23756,9.793841,24.155678
55.798477,70.840004,97.807526,50.23902,70.05171,67.43509,70.60043,47.74766,39.54146,71.32867,25.803707,57.490376,33.232998,42.536255,67.2897,57.02698,25.450428,72.10141,23.670332,58.7688,55.413105,74.39932,32.75968,79.503914,48.0712,23.231236,-5.630089,29.75008,32.91428,69.03104,42.98885,24.21025,38.466114,35.345173,29.046532,28.611393
50.244648,75.1122,89.585754,33.762413,55.984764,64.16382,87.457405,44.746742,58.121925,69.01673,49.433212,72.05876,12.759842,81.040955,70.228264,54.493393,18.576649,65.12909,32.957676,63.077415,53.822212,87.16086,32.17792,78.049446,57.597115,39.62226,-43.411274,22.44153,26.148712,64.68356,21.88758,9.706898,37.13131,23.92318,36.12151,34.193356
64.2045,83.395256,102.071686,45.797245,69.31812,65.533516,95.74205,52.644287,77.8814,77.30964,69.52139,84.04594,50.20861,73.936714,75.25346,55.40371,42.776115,91.41002,27.269295,78.02158,12.460602,79.50769,35.09471,76.15126,57.137177,30.371218,-19.45825,0.86862564,27.414326,66.48546,15.945122,-5.440071,26.552355,30.84636,36.58417,36.82828
68.81507,82.278046,99.07204,55.605274,71.15271,73.934975,86.7475,60.68,55.304962,87.69236,70.39848,81.06826,58.010544,93.12989,89.33357,61.23413,60.4619,101.67457,40.9093,69.927055,59.284973,94.22264,36.529385,66.47504,63.864803,25.21355,2.1196098,1.5629997,27.11312,64.07079,30.418953,5.2486076,24.136679,21.76746,34.84359,42.39239
71.83124,83.44853,91.716354,48.412025,70.02319,94.92796,92.532776,79.09604,58.212944,68.49322,47.78302,51.229435,66.020515,89.29518,88.37466,63.501877,74.69083,109.23874,53.165718,76.39734,71.47537,105.06837,37.50071,62.483067,75.04408,23.250069,-8.26997,11.273602,35.074745,65.27301,43.504128,2.2163901,26.59783,41.55348,42.62726,44.775265
66.94042,93.975876,79.0491,39.086185,57.369095,101.18291,102.82035,100.9872,78.63443,87.94982,75.732704,72.051605,80.80818,80.25435,86.035965,66.54565,55.656662,115.809525,51.141624,95.23588,69.54483,96.90019,46.502632,67.0785,74.28772,27.227497,8.146236,5.0952263,38.973667,63.07681,38.360138,0.45064163,30.665026,76.50223,53.36263,61.65729
73.21994,89.4525,88.09028,45.755836,64.796555,88.36444,105.47689,115.62686,111.34913,125.010704,89.61274,83.84793,100.21983,86.62306,84.33197,80.8448,60.4449,117.10466,56.22261,92.9019,111.513466,92.664185,40.636795,50.028187,66.54011,21.047112,21.952995,7.723873,46.7681,61.857925,44.216076,15.98621,28.725458,74.536385,50.59543,69.26205
64.15337,90.44155,97.51255,71.67051,66.64631,67.629654,104.18751,119.030334,111.205154,125.67139,103.3986,94.43796,99.96794,77.765594,94.81446,91.66426,62.114807,114.25896,52.81453,80.511955,107.5161,94.30093,41.193718,52.91543,56.218426,23.772524,47.797535,13.503098,47.640068,66.15166,45.993176,15.059803,22.315302,72.25207,66.87511,66.324646
71.99846,78.64108,78.32785,77.201614,67.804955,77.035194,94.17036,122.07765,104.93833,102.48214,131.81833,95.81754,86.792,78.51729,97.06443,91.733826,81.185196,101.28774,65.395195,99.707794,81.91713,101.71716,57.56304,60.985268,63.137573,28.700607,48.262295,26.57141,47.21653,63.614307,8.281982,18.271767,27.737568,68.67626,70.65483,77.160904
65.889046,62.23712,77.686966,77.60962,76.19029,82.69053,107.34155,130.3562,120.8179,107.79149,123.06436,92.64356,29.053963,91.75228,93.64432,95.6261,98.53236,96.327965,81.06685,97.496666,70.95736,99.30594,60.969727,68.008545,57.752316,28.803686,70.78519,34.560757,33.410057,61.179287,24.129976,28.438461,32.404083,63.452766,61.35048,70.67694
79.80079,72.09122,85.77331,77.5422,81.396255,86.47964,93.0976,131.25111,109.99043,99.214386,79.13451,84.91501,64.7636,104.449356,93.997986,86.34421,108.21698,111.8395,89.87786,87.48923,100.23337,106.56735,58.879642,65.242165,64.867584,32.28994,62.06881,46.90911,40.22754,58.39165,41.71169,53.13189,31.59298,67.025536,63.416996,71.897354
79.58944,81.49526,98.57049,81.435165,77.009224,81.81848,77.436356,136.00978,103.532104,106.734436,91.8899,77.1031,92.44487,93.65683,93.371254,87.170425,95.710526,127.71617,91.490616,98.32846,126.86316,109.48331,51.106644,52.820587,78.383286,34.79082,59.194286,50.560867,44.681713,59.067417,41.01324,26.44497,38.10203,64.90796,73.88047,66.07514
66.53351,83.25255,107.58649,95.09865,85.038185,94.87876,84.05032,143.25021,93.90052,104.16594,68.25,92.00249,111.41499,86.58307,98.19272,86.11202,97.86604,122.85877,88.30479,92.81608,100.67452,96.940674,54.210262,42.76163,72.54003,31.672028,59.957294,74.53502,51.445225,73.17726,50.619843,44.92617,47.44573,72.38294,73.61136,66.31964
70.91333,91.578186,101.971634,89.07479,91.28363,90.36554,83.978455,132.91985,96.70088,111.71749,97.98238,96.50008,90.33734,115.69554,105.69709,93.36549,109.32552,126.55407,84.611404,89.27988,100.4413,98.90045,54.659,50.078598,76.15133,35.07742,48.9809,72.77249,59.563446,69.019485,48.952904,51.912334,44.09214,82.23589,62.540794,71.11836
71.6044,90.64722,88.3126,90.308586,98.53499,86.13661,90.85619,122.4331,101.17872,119.99527,93.53723,89.47814,89.53435,101.4998,110.13514,96.08725,110.231026,119.91209,105.107315,84.94806,95.88634,86.508354,67.2021,41.367767,55.6837,43.830162,49.6889,62.934982,50.152004,65.88947,59.350437,62.74423,37.561844,86.57496,70.867615,77.83158
61.91812,101.733635,75.36405,94.96627,79.37692,80.63373,72.45063,120.062256,95.97862,110.07376,92.49843,81.182396,98.51742,88.45091,112.705215,96.238495,73.313286,106.39722,116.56468,89.28529,92.972786,92.25805,67.9717,36.86422,68.40207,27.288517,48.238552,85.02675,43.16328,43.847687,60.512695,38.89815,34.803757,88.582985,58.11045,83.81711
66.59172,71.97249,77.12343,90.13224,81.747284,72.053055,78.67377,108.051506,104.945786,109.7879,87.866684,79.20887,73.75841,83.41867,108.70463,97.287346,58.89337,129.8426,100.781,88.41033,112.070885,85.72958,97.2507,33.320698,69.832085,39.28456,42.389317,74.11707,48.7948,41.706738,59.51083,90.041046,24.796738,91.13636,65.73391,80.3178
54.7306,66.05836,95.839584,75.08555,71.20358,67.78756,78.045044,87.572945,92.42604,102.119194,92.94446,77.78978,76.54243,89.25116,99.69371,99.60463,65.19633,125.62695,84.66057,87.11861,88.267,84.652336,89.48277,30.907585,79.69089,38.164066,44.331764,59.500446,45.958164,37.874485,59.58465,66.651344,25.409481,78.03668,71.24537,76.69083
40.258205,68.71393,88.041275,68.42222,75.43229,65.079094,86.14613,91.10705,68.300354,79.24252,96.82987,77.34805,74.85867,73.1968,95.148994,109.82473,83.29957,113.15246,59.167896,85.27726,91.34769,89.064995,86.01158,31.707664,72.25686,24.041985,53.670856,67.91136,49.263256,32.86112,55.38061,59.57686,34.92376,82.22839,55.191452,69.40383
44.9261,66.43199,85.570404,75.96924,83.39845,68.97575,81.01246,94.580505,64.62519,89.96939,76.25644,88.26741,70.89468,92.69016,86.46313,95.23886,82.152145,99.54149,61.696213,87.561264,78.69288,89.063034,88.85891,23.771046,65.95366,17.963335,50.328968,69.98386,48.66241,56.055412,55.65979,55.99681,33.88906,68.109276,41.92932,76.92556
36.176548,74.183914,100.17483,72.814545,82.153015,74.96742,78.993385,104.40164,64.74035,70.87983,100.63965,89.26384,84.747284,106.47482,87.169235,98.84211,55.0477,109.75971,72.816765,54.269234,99.27588,65.997574,86.262924,47.768208,61.00295,24.098785,47.224033,61.64398,32.402153,72.17233,56.213524,50.83856,36.09185,69.46646,84.61034,64.93602
43.302464,75.371475,110.78205,64.8332,68.784035,58.71385,79.21671,117.77687,67.66859,81.28637,46.146324,65.83078,74.55831,94.22202,95.08913,87.71518,71.40073,91.84331,72.955,53.830063,94.84691,83.50564,96.67806,88.83673,72.85873,26.221846,52.86955,103.40512,44.298355,47.96627,56.13357,50.429478,30.582897,65.12748,74.255035,79.49209
35.660694,80.49162,92.86794,67.18236,78.05642,90.456184,77.04387,118.91282,90.76399,82.72023,44.88997,27.654373,84.82535,88.43952,97.54719,102.58369,67.3665,99.189224,92.90421,79.35676,108.12687,97.387924,96.780174,74.90036,78.98134,31.376436,56.637447,95.58082,47.94049,46.21767,62.49254,55.7912,28.128963,66.961426,76.8415,76.29353
48.48947,29.552681,88.27576,72.51323,51.649918,68.844215,94.483475,121.16204,93.423615,98.42772,86.99622,70.09849,86.38291,47.072052,57.826958,96.34679,58.309868,73.82043,62.308075,91.63885,114.55509,93.83439,84.11032,88.2994,83.07032,42.995934,54.463272,87.636795,47.34158,47.832287,66.59195,50.212227,37.53351,58.780396,87.63109,73.82613
60.14631,55.565792,95.43304,64.95305,56.99832,68.52559,91.11488,120.86964,90.8192,99.656456,83.1135,74.972374,84.22672,87.15915,77.217026,102.51204,99.750084,92.441734,60.511017,92.31023,74.079094,92.95393,81.62959,43.90181,87.55164,51.178646,58.38774,79.51688,57.827705,48.138783,62.22896,53.543865,39.35032,76.5829,86.390625,61.046265
56.867565,67.29286,117.80734,39.95768,68.73157,99.723366,78.15707,128.24776,60.141464,116.0238,107.62341,70.25261,90.58277,81.03624,71.27232,95.07207,105.16498,105.06145,62.586845,79.4146,80.74597,92.81265,71.032524,51.917343,78.30936,59.229057,65.010666,70.01837,26.925451,49.94911,62.233543,68.31732,32.906883,71.829994,84.12267,42.12233
68.603745,82.61639,107.36172,75.13381,80.02545,89.984795,90.62166,126.90015,57.24032,87.30971,91.36103,87.25417,94.8091,87.67635,83.371735,87.096886,111.88928,98.61895,60.007607,86.64441,67.86323,98.07769,69.818504,51.57731,71.96116,71.403885,65.44247,61.44158,31.123772,29.901997,22.320686,64.115585,40.9195,70.770744,77.773125,53.548626
65.987885,73.10185,98.13285,77.82973,83.18549,69.525894,101.47118,84.898796,48.098877,104.66008,98.97273,98.194565,99.69013,95.71747,77.48211,102.715614,103.32879,66.95299,74.7133,77.933395,107.19435,83.00195,62.37626,34.36698,68.039185,65.580505,44.203182,62.345757,41.981567,35.265892,16.633984,69.58,37.252808,69.71031,66.36345,64.42996
54.45523,72.58281,71.11421,93.46647,81.61621,64.407936,89.13405,94.87551,39.963623,77.654526,92.16855,60.502678,93.170456,94.136536,82.77901,117.12762,95.710106,71.534164,93.1952,69.97668,99.090675,95.99053,57.755074,65.19124,77.28177,67.30791,48.007477,52.90673,33.10476,34.45028,40.06589,68.56145,40.28831,72.07725,94.60594,72.67712
44.948147,64.326416,68.155685,70.37048,74.26759,77.66392,77.13032,90.44951,76.5778,90.64908,69.846954,77.39358,104.1362,73.30812,72.530205,104.80115,102.77832,80.17832,98.19623,57.258354,97.12286,83.80545,55.32798,56.98649,72.57899,60.63637,43.7302,48.89399,39.110306,35.23094,32.941994,60.17234,43.396343,77.52589,89.39056,65.99317
57.728382,73.210045,48.2659,78.10756,88.71898,70.235214,69.99869,100.12883,79.52202,101.04885,86.46825,75.31279,87.48803,87.6353,58.14743,96.26287,91.53029,96.55746,95.077774,89.411514,122.09473,19.04129,56.937996,55.23312,67.19896,49.010754,41.939396,44.41007,34.20443,36.340824,37.173004,37.082436,49.291107,80.301315,86.57077,74.99239
73.2552,57.57484,47.637325,70.59425,72.26904,54.57722,51.727425,98.706406,75.25091,115.33029,116.62832,64.55846,48.07077,70.221214,55.081543,96.09753,75.68027,63.85778,91.69982,67.00575,97.7004,33.272194,56.661957,33.985,54.793888,46.317856,50.803635,38.85277,20.759098,37.521362,41.60053,34.545006,41.14187,68.75907,67.173836,73.279076
50.157253,57.45176,61.914642,55.832,65.28345,61.869595,64.966446,104.50818,63.23583,84.508026,84.458115,52.013588,34.700466,82.52219,49.412197,92.68112,42.707314,51.008736,83.50182,58.22548,39.31685,29.097824,72.149574,38.157562,8.726913,29.510937,48.59847,40.968494,40.864487,40.39972,13.771385,60.184376,28.63918,68.99909,96.980804,74.506645
48.722946,56.997307,63.846756,44.5353,68.88655,59.07367,57.494102,103.64602,51.509857,79.359726,54.38533,37.448643,37.814243,50.39198,41.74221,71.187775,48.930683,5.383568,71.369125,63.001465,63.353264,47.542114,90.42281,35.39456,23.925589,38.7085,41.399014,42.82612,34.188965,34.15306,25.435326,68.88758,32.087975,67.971405,84.135315,83.027054
42.737816,69.36441,21.552666,43.812927,69.85678,58.85432,51.645058,103.51486,54.46219,63.268948,46.022694,59.314423,45.64371,55.08326,37.590664,50.79647,56.935028,16.169899,54.962357,49.169884,66.02791,41.40232,83.336174,40.69922,28.451231,23.172089,36.458942,46.86454,17.112484,25.1411,18.48759,64.8392,19.266495,57.71809,71.67642,88.81983
25.807564,61.548363,38.991093,36.14924,60.302532,54.584175,43.561783,93.996185,-9.108368,80.01201,68.46033,34.59899,41.846233,70.53796,18.966782,6.2192,64.60446,33.47462,46.717094,41.098778,55.892128,46.35208,67.0368,26.31818,28.877392,37.437935,32.436195,40.309372,14.045574,24.231457,10.234238,46.061726,45.204136,51.869022,67.89616,82.63096
37.84429,54.714386,39.822433,31.255283,66.52043,36.218704,61.27183,84.62871,-2.1209908,55.467896,27.83649,40.06876,36.2811,32.951317,52.956158,-14.681915,61.54328,52.87799,37.793125,42.087704,55.982574,44.62073,81.02905,45.812836,23.006405,44.219215,-0.5760994,40.18494,12.726499,33.307945,18.555466,49.232265,47.366768,48.597412,58.024773,77.46607
38.20055,39.262314,45.198753,34.305912,48.872963,46.040417,68.95491,89.12925,38.352524,33.973526,27.043617,45.945206,43.991558,52.25918,53.442024,-20.854317,54.40893,55.722736,45.31648,45.358128,65.254684,59.799324,79.18277,41.746807,33.71447,40.99529,0.30448914,26.542728,13.277548,28.622337,32.15629,47.234993,46.41331,39.57268,58.58062,74.81145
28.705505,40.472736,45.149986,34.227276,35.087223,41.95376,48.561413,78.89143,33.854008,58.41782,41.392857,45.01855,47.301155,51.26595,6.8647842,-42.75305,60.444153,47.449303,47.71261,57.25088,47.088226,53.16695,104.622734,45.779816,35.3452,38.122353,-24.521023,10.539679,10.987495,45.11802,23.099693,49.168037,37.08513,24.704315,37.11004,80.66891
37.804577,36.5856,73.62746,34.181767,18.702492,35.04524,67.116,101.99843,50.77676,57.243877,45.5298,56.657955,44.322205,54.86019,33.843018,-23.69571,31.875736,42.74615,48.22525,37.054405,77.19467,47.29614,53.922867,52.76654,44.39859,29.266504,-3.347351,16.41615,15.838211,50.6579,24.711365,18.428947,33.175354,21.525787,47.895283,64.47333
42.42576,34.957756,101.3355,57.339043,22.705254,44.12341,65.80954,103.40159,74.79139,45.476807,60.18039,46.16642,50.220974,55.440434,43.630882,0.59169513,46.60067,59.838474,39.305832,62.008965,62.572227,38.08972,53.559547,50.626343,26.182076,29.572815,5.336071,16.372017,19.899315,64.42984,20.908024,25.05708,29.580227,29.551071,45.97693,51.24302
46.351948,27.485537,80.42704,63.26681,31.16011,47.78265,69.06729,101.78745,57.43715,90.99306,79.32772,42.688404,44.866276,27.10344,74.19838,29.116528,58.119762,70.89294,39.792587,55.029037,62.436386,53.15467,53.238884,36.83729,52.138157,27.278683,7.33971,11.288544,23.268623,62.982937,27.962425,27.954338,39.160904,24.814575,37.39233,44.248074
47.088154,31.944672,73.23802,59.367188,31.438396,61.346447,60.992573,95.62252,60.99448,86.26767,78.03611,40.75829,44.26697,48.943695,58.49562,28.861538,53.802372,71.7349,39.67066,47.494286,75.30128,59.779472,49.970257,39.737267,63.61662,10.99736,12.987694,9.537567,41.595985,62.63136,28.719427,32.95748,40.015728,25.508577,43.463894,60.5223
61.28681,2.6799965,68.27948,60.187572,42.757,69.5182,43.023037,84.97632,59.854343,79.69045,78.599106,48.99887,51.517,52.04442,51.245697,36.31727,65.69496,84.24942,38.848938,49.51576,67.985794,49.145187,45.76124,39.10646,55.13491,17.14463,15.480625,11.965179,41.783905,59.818382,29.919365,39.628788,45.051525,32.93058,48.658573,53.332214
48.96542,71.060394,61.90525,45.634834,53.53905,67.820335,52.455986,98.06333,57.688354,64.985245,67.5036,40.212784,55.10688,55.402702,37.813946,43.002693,60.806534,65.44847,38.88799,40.48078,73.58544,54.804264,48.982758,47.532234,52.436,23.760544,15.726624,38.07486,40.987675,30.74781,38.550896,48.746452,38.275204,28.139286,44.664253,50.670876
53.507797,66.86484,84.49916,42.553604,60.29834,67.45423,50.741203,87.95879,66.30263,61.214962,73.461914,46.658806,56.51583,28.280731,48.89447,30.585835,43.943024,67.13223,39.060623,40.54873,93.35095,50.1969,48.455368,49.56026,47.88042,40.122612,19.187508,37.137756,50.427002,31.591885,43.635414,37.032578,44.721092,29.766975,42.47441,43.993156
52.88543,65.52324,74.85044,72.868835,57.99628,52.644394,64.66818,91.76085,68.36923,75.23668,69.955,44.926517,38.552307,46.121502,64.46626,43.299057,29.245361,62.647087,56.707245,45.170475,61.23594,46.729446,48.749756,51.00595,60.475365,23.101955,29.509834,34.60869,28.905098,30.6279,52.48873,31.890617,55.945435,30.867836,33.025467,44.20691
50.493137,46.42848,78.150635,67.64944,58.14322,49.29718,63.13712,81.99155,59.538704,69.79086,64.315956,54.876957,44.98752,51.447823,64.81139,53.89319,47.84039,59.61033,75.19639,48.15371,52.628807,66.52757,49.47702,49.47645,59.235508,21.592361,15.272768,30.763018,32.82344,48.663322,48.104134,37.365837,53.406628,34.75486,27.566544,50.540874
54.956787,55.52352,56.20294,66.785034,66.148415,48.768837,61.31524,122.48413,67.71719,62.697945,63.01999,52.880795,50.012905,51.79412,74.03821,51.292038,58.265068,73.15111,80.990486,78.14135,82.3139,45.567223,54.46084,50.57659,74.021965,23.298115,18.60619,28.968946,46.93728,81.20607,58.359413,26.285019,55.19884,32.084553,29.315554,46.24137
47.81552,60.678295,54.706593,47.645233,54.10688,62.936756,60.200207,126.34669,65.041115,73.60142,55.20308,39.188694,42.499752,59.40747,63.902954,50.759453,67.280304,74.87315,67.02367,57.80447,83.05532,46.24321,53.315113,59.00786,48.216896,30.13172,32.212276,10.6311245,44.676155,71.66673,65.34316,13.512884,52.97227,52.282787,38.47683,63.133102
67.551346,73.73543,77.08945,44.683907,47.696873,60.71688,57.165554,127.00317,61.87289,78.57122,43.107197,42.1407,45.69185,51.85935,63.746017,55.150444,61.09367,52.988075,75.90554,44.65259,59.062756,43.127335,43.32956,58.596874,30.840137,26.532322,32.871,35.458694,57.33277,70.99888,11.008755,15.014286,53.464405,48.42769,34.926174,42.230133
55.08303,67.37295,71.252914,46.069122,68.80476,52.643574,40.00678,123.229004,57.02362,91.95928,69.3356,55.900574,38.369576,43.124397,51.374195,48.389896,54.14658,61.629147,87.179886,49.003452,87.59503,41.85497,42.475353,54.585175,46.277515,32.83112,36.97474,32.044178,44.176888,46.1185,28.609783,17.025454,47.631638,50.751865,44.5047,51.211334
48.062607,61.18936,63.56882,54.974434,70.698685,62.808838,34.08447,121.15203,57.052338,71.825455,52.386276,49.003853,32.118874,54.169205,46.247787,52.64449,62.829437,53.493027,71.98539,55.82505,63.49919,48.8783,60.466236,58.718525,54.838768,43.695713,43.22808,19.34048,40.840424,56.23131,41.5894,37.87156,50.460163,65.68164,57.569992,60.814392
58.437355,66.31058,61.78779,53.14199,64.22157,53.28,39.53489,127.420616,52.387806,72.39524,51.216057,40.610504,39.523922,16.467731,52.517494,60.869556,57.247425,60.46043,60.793297,57.16321,53.07549,50.65843,55.61006,54.922318,48.366238,40.757748,41.69271,27.349342,40.49227,51.597813,47.34845,27.190678,54.188324,58.853996,39.383533,79.539154
58.242077,53.003716,63.387638,49.13324,53.635612,53.161694,33.334084,125.950165,51.43174,70.69397,62.915634,35.418182,55.22506,28.34069,56.89789,58.00615,63.555405,59.322983,51.901134,25.39687,65.279465,58.232964,51.221752,62.356575,45.169678,69.36497,46.82721,25.294285,41.36229,45.37837,53.74678,26.96782,55.334118,54.89577,39.170147,51.35025
56.748325,51.35417,62.190426,45.283886,55.695328,34.941044,60.38765,125.20552,48.687042,70.07529,54.248726,43.682117,36.729195,53.81556,60.560997,60.87025,56.39321,33.034454,44.46525,40.301704,67.020874,48.52961,51.24159,77.271,45.933437,60.682896,28.137169,31.65114,42.685368,38.582096,14.488056,34.51324,54.415184,56.956467,39.769253,50.8318
54.17765,51.104282,57.608025,43.092846,45.492203,41.152935,49.20671,111.67491,35.316948,68.973854,49.980133,44.531475,47.806316,18.432236,64.440765,58.46645,33.480785,42.72559,53.055027,40.862732,56.540447,50.926716,68.09544,65.44382,57.96938,52.279617,41.86328,27.28473,52.19328,39.734077,28.273932,28.685352,50.07506,52.332375,48.787148,53.71551
62.490948,44.780087,57.018562,53.921867,44.13027,60.8367,49.132233,101.75866,39.750626,66.971535,42.984932,50.268623,57.015846,44.331818,56.099655,61.5748,32.041348,64.40671,49.02237,45.47551,48.28801,65.43651,62.752193,58.021,59.805088,65.77284,10.443657,34.116962,53.62051,70.84856,20.374931,49.503914,50.188854,35.629696,50.476017,61.707336
54.320587,67.2201,57.356762,45.648365,20.130732,68.84232,51.304234,115.69699,47.866413,58.56155,71.69287,36.891937,69.89531,18.622135,58.930626,45.301476,51.729717,66.708,48.29249,51.01582,58.361084,69.16803,57.75417,60.777996,58.20283,60.266052,22.009792,10.487671,44.16211,79.68295,28.920097,34.662556,53.86911,50.84467,58.020508,49.747982
60.4862,57.52228,48.149567,51.678177,29.648819,40.274536,56.999893,114.5655,63.5403,70.71376,40.15081,53.91967,67.18156,49.62516,53.007225,49.4111,25.936249,79.620636,49.57059,71.58425,68.630905,75.36096,64.70625,42.74148,65.56529,51.48853,26.91518,16.507587,35.68154,73.80321,31.862652,27.659044,43.617634,62.225403,50.236057,46.466667
45.821014,42.920273,63.51478,48.51269,30.936245,50.91622,73.6257,114.26428,67.255775,63.271637,97.462524,58.70411,78.939835,62.30828,54.557724,63.259514,39.54385,79.04997,50.428425,61.005035,79.89868,88.866974,59.201195,45.43669,52.5588,50.02639,30.388023,35.976574,26.587692,67.9404,40.553505,39.760155,31.22485,45.694454,53.16803,51.418373
41.212223,46.348038,77.91379,46.097218,34.67667,59.98966,94.971375,117.892044,83.77411,71.511734,110.15439,58.74928,75.376,69.26453,63.74238,58.812347,80.56139,76.39018,56.51959,69.24406,76.92228,91.840866,69.37613,43.11685,55.301147,43.46637,45.207413,39.911522,27.03263,57.852386,2.0486908,33.438354,32.37103,34.182198,73.11041,39.01359
52.90264,62.83737,74.085106,65.44192,36.99542,60.95615,89.63717,113.378746,86.72978,75.006454,111.82785,60.3401,86.80672,78.02718,56.634445,70.39455,77.07704,118.699905,64.78788,53.549126,80.51636,79.76213,65.31645,40.909306,51.736813,39.497177,42.197952,38.357624,26.20784,63.173676,12.595477,49.071236,39.02247,33.51222,79.27243,44.02813
48.12481,50.258167,73.8019,69.282524,49.534348,68.22945,98.19914,123.123055,90.61034,92.8653,86.298584,78.84991,74.76361,53.70804,44.90222,67.87345,75.71849,111.17225,65.385345,80.12342,112.030785,57.068512,61.77601,42.421707,56.993973,65.359955,39.255287,43.43168,48.024395,58.138496,11.238319,50.098915,40.427578,43.615017,84.51908,45.001194
57.877434,65.713005,72.55805,34.71753,53.779793,63.645363,89.2538,115.88208,107.38849,124.377815,114.385635,67.743675,49.47785,77.16382,60.331566,73.22099,75.72732,87.97207,78.7846,42.20816,93.37542,52.410717,60.36392,46.692955,40.176083,67.57796,37.227253,37.81528,50.844093,54.04365,11.4081,27.927893,33.302452,45.9225,62.188248,39.686676
42.06278,63.790436,71.699036,52.480293,57.448795,38.58898,68.75633,119.4288,52.30934,79.78047,102.27314,47.34967,54.187206,76.05907,54.79304,81.44701,81.88929,88.440895,80.768745,48.905373,81.65503,45.21199,67.24535,43.296654,58.131218,60.80492,40.930218,40.311356,43.99465,39.054085,17.507313,40.546673,37.334034,45.967407,75.01934,50.080574
36.63539,49.72693,71.54922,46.738045,56.678493,51.005676,59.51046,111.09471,62.063877,71.73729,81.26195,58.77761,46.075737,50.622448,56.486862,63.168907,60.42151,61.95381,58.200073,65.674965,80.08231,60.998478,54.766766,40.223106,58.330112,54.41055,44.381493,30.717018,45.793835,38.49997,14.271641,39.77681,41.78157,50.841137,74.9915,44.730156
23.704529,38.936882,66.55438,62.77135,45.597057,46.11953,53.19371,96.0334,70.80792,86.42479,67.667,45.020145,53.569824,62.656185,55.814384,60.0081,65.387924,80.3333,56.298157,73.79692,41.07479,48.520737,51.01957,44.540886,58.353714,47.550285,40.77438,35.968327,38.157784,41.206284,17.266636,43.447144,33.773636,58.171753,77.87337,47.502895
42.55117,48.78115,91.75984,68.245995,53.69393,66.66977,50.013123,98.0792,69.89344,101.59879,72.586395,55.61695,44.98439,62.34254,44.769417,66.65747,72.28421,78.322525,60.780132,57.60299,57.017467,39.309498,67.10876,38.326157,49.610252,46.67141,6.984436,37.679638,35.921406,39.177586,-3.972519,44.95246,33.486332,55.132347,67.552895,37.173393
48.55036,5.78347,81.740295,80.272,59.721085,70.60474,39.087536,110.519264,58.456215,79.43541,77.40719,48.913998,46.20037,60.05808,58.345947,77.15726,55.192314,55.799507,61.66377,55.025543,83.397255,66.24377,77.24324,30.78072,61.675346,36.56191,9.318497,24.14152,29.474432,37.012787,7.16518,70.595375,22.84307,50.045033,63.85872,36.77661
46.4484,50.328144,76.586914,75.55821,52.10537,44.866863,59.90752,100.821724,62.174393,85.61304,68.43138,54.082714,52.85996,63.308952,59.769524,81.05943,68.858055,61.78394,41.77723,72.28902,67.474464,58.553116,71.19208,26.746246,56.895645,32.20801,15.205753,29.959782,17.233559,38.41279,2.6712074,30.798103,26.863066,38.224823,57.681118,37.49069
35.252953,52.88213,56.012207,73.87986,55.667805,49.817703,61.608486,108.9396,72.43373,100.12554,68.5405,44.693233,55.114975,31.466526,22.60075,65.90866,41.79042,72.35357,62.894657,73.509155,47.584244,67.707214,68.921455,26.55183,53.28125,31.083818,16.56435,9.335947,25.266052,35.291374,13.070484,30.972212,23.143484,47.293266,61.338737,56.12036
24.193401,54.241367,50.149403,60.66479,65.77228,36.062458,72.545715,110.46355,88.87589,45.923576,76.63578,70.176575,50.117332,49.96808,63.973564,70.59925,46.491905,71.18619,62.39038,71.39165,61.110596,68.71479,63.664158,42.769787,69.154175,18.076544,45.1736,14.131189,31.721481,33.806297,20.510536,29.048338,34.407963,39.650356,60.041733,55.48838
12.602818,52.382107,57.983624,66.21133,55.39042,51.26882,72.678795,118.99482,75.7997,39.70674,76.447044,53.071644,53.97721,78.81559,66.61505,80.96628,42.886925,62.992844,73.6167,63.87447,70.90114,81.69118,60.766792,44.556633,53.505264,22.379438,51.39307,31.102547,26.447758,35.132965,34.63586,26.166256,42.94244,35.295593,56.44374,49.872246
34.10562,59.65994,48.11856,50.10242,50.41658,53.071964,77.010345,121.0248,80.27906,77.2744,58.871223,62.088173,77.35808,70.07548,76.13612,79.25752,43.39812,70.04734,65.86615,69.19656,74.379036,64.345024,56.158367,46.765694,61.81707,40.32573,49.46368,33.233986,32.622086,33.549953,33.910362,30.288794,33.083168,84.21051,58.525723,61.21463
42.94671,57.335094,48.4007,43.501347,52.862415,58.842995,59.15748,123.5937,68.73215,65.25399,97.85405,64.14618,69.39258,65.84107,64.449875,79.119446,52.611122,64.635086,56.13646,76.963806,93.83504,58.980293,58.3371,38.65252,56.96071,54.75055,54.127514,29.224216,36.60365,30.58075,24.833336,40.8341,34.225754,83.979706,47.477566,69.37821
45.75984,53.489746,45.401962,55.489265,47.638405,41.568676,61.02019,124.14247,70.74086,78.9701,53.670044,70.59392,35.113464,71.79254,63.12324,79.410675,46.222652,65.02091,61.136204,57.55745,101.04873,68.73262,58.238586,45.102135,52.3954,57.781986,49.06207,36.792126,16.079803,30.885437,36.593834,54.212612,29.919216,65.41124,47.17501,67.74094
25.899895,52.215816,36.95507,61.131332,52.95273,61.27948,50.164043,121.13344,64.224686,47.85556,67.93586,46.717663,21.366253,77.20625,61.986362,79.28873,59.502586,60.23221,52.32176,55.50515,66.624374,58.065765,60.35164,17.832466,40.19317,53.89669,31.894753,37.376186,26.155281,30.837883,46.14792,81.81886,28.063305,71.09735,50.49354,74.73378
25.554775,54.39973,34.98171,38.061928,48.889835,46.376507,61.73533,106.87186,54.194393,69.55262,60.534554,38.387226,36.029545,48.795258,67.539154,60.309563,68.14062,63.60832,52.329094,47.08361,52.08181,48.28496,64.06575,12.2583275,41.72216,47.313343,43.35564,50.841934,26.589834,24.159271,37.480812,59.454514,22.71171,64.206375,47.857605,72.20543
53.648613,47.56829,42.460434,45.26245,42.998856,32.60267,62.361153,104.13635,68.13263,70.06906,72.87669,51.8484,46.94822,48.48425,67.50251,56.231754,64.725746,60.663506,43.367218,38.53965,78.88445,40.506767,18.233063,17.23254,32.290886,51.97826,43.944206,48.328545,29.223482,30.127544,32.22975,72.33559,26.515257,60.651234,65.76482,70.495346
39.463196,44.839035,52.599403,49.584633,41.642242,36.61093,56.760612,90.04262,36.18315,67.888306,69.734344,38.12477,52.95398,48.32856,52.23787,58.80449,55.18033,59.235134,41.844788,43.862503,75.46539,32.600967,15.491344,22.784597,9.004065,20.941685,30.494816,47.84134,18.213205,31.311544,32.801056,59.766388,26.144674,69.13109,60.504395,52.687874
40.22049,28.309841,47.37194,35.97826,48.24999,40.269543,57.749092,92.24492,36.085117,51.59735,55.44213,39.38749,45.390182,42.413025,51.255768,48.62408,56.31915,44.190823,27.329506,22.453178,53.83693,25.679695,-11.019638,27.557861,7.8367424,23.711449,27.169262,37.887535,-6.9721527,29.834984,33.447884,40.581505,28.036318,105.98146,39.824696,49.479675
36.58593,15.629566,43.25108,42.248203,32.5054,40.195538,61.371353,87.96358,35.186527,56.828785,36.914886,33.141327,38.806873,35.65493,43.83278,31.500603,29.926918,31.866898,39.487392,18.841476,49.330147,32.960484,-8.792778,31.020773,45.910736,18.554668,31.93816,24.466885,23.764034,18.770174,20.196777,46.34161,29.136906,94.84181,52.631958,43.563187
28.656807,30.263193,27.948639,19.394567,38.522987,28.764286,65.08641,68.8647,35.604176,49.44298,46.124413,42.118656,47.413612,23.150639,32.95303,32.226383,30.269073,26.352242,61.78706,33.29319,56.56947,35.85461,31.124523,34.133045,40.979813,24.298677,37.327988,18.57563,22.29961,20.38649,23.05513,35.369232,27.220737,94.39526,47.172047,50.84375
25.460953,28.18303,25.614578,27.976276,9.478411,27.366058,28.31538,64.464195,36.62302,72.08261,24.134655,31.190338,32.162273,50.680725,30.794628,33.19738,31.815044,21.59903,63.52796,39.888504,60.7961,25.76527,29.848118,35.490303,29.655193,28.086823,36.888107,37.855568,29.147125,20.50224,21.460724,29.905691,21.26213,95.23788,40.960594,48.42804
29.864162,29.168633,17.113087,28.967354,21.846573,31.101395,45.56738,62.247025,25.364815,56.264126,33.458942,42.83286,34.685593,42.36338,27.699875,37.9605,46.32633,31.232323,50.76905,40.11711,43.176373,33.51796,27.000809,23.702053,-19.387909,30.258867,43.91897,37.494247,25.328339,31.634655,11.443771,18.907543,17.428482,90.30174,35.15027,29.597775
22.22169,12.57457,19.995152,-3.3651886,35.540813,20.861347,37.14842,73.96024,20.05346,63.572422,32.64132,29.581718,21.210629,47.27853,9.281345,32.81446,48.99794,40.492992,34.455276,49.372887,41.61514,40.008194,-5.3853836,15.286076,4.6074142,27.639606,39.14544,30.552948,23.47255,26.78335,15.644887,9.0977,19.386974,85.74485,42.843452,38.156944
19.239979,6.7177353,24.914768,-0.97904825,36.592644,0.9889679,23.542675,74.52664,22.696644,33.573948,19.99368,48.39797,28.949287,41.05138,12.893242,17.557568,52.349754,38.431217,30.553303,41.180565,69.63104,37.55564,14.922287,15.527088,10.835112,35.344215,36.084206,26.942356,19.29958,24.98814,5.847557,3.7422943,33.092045,80.89114,42.424328,38.689095
11.730831,5.9023614,36.740223,23.845192,28.707481,33.207016,25.70744,91.67364,28.442429,49.36824,43.66285,41.845757,25.893288,51.299675,43.26908,29.351105,63.28258,51.700554,29.391258,49.722206,9.436886,31.414093,17.392529,20.373875,8.470596,34.99626,27.540157,37.786903,29.55843,23.116299,-44.64351,24.45071,21.350569,67.831696,36.308647,43.041245
16.27638,22.249804,37.47716,31.31805,31.910929,28.798977,37.469017,94.73412,20.480125,55.09867,33.81245,36.900276,22.257275,64.14067,11.627396,32.027756,69.75037,42.479866,48.591957,42.42697,62.702736,40.68149,19.16708,39.022533,18.859613,33.666706,28.2207,34.700848,16.579887,-2.8195038,-33.456715,21.8572,23.161259,64.70717,40.25543,50.843163
29.147182,24.913876,33.244392,34.210938,32.582504,32.387897,51.78394,69.913376,35.363785,59.60798,46.798794,41.829433,56.087936,30.6223,26.496334,30.354647,68.75171,30.836956,47.100044,39.591625,26.508335,60.659393,32.235783,51.919292,40.66,32.553036,18.154236,25.635735,10.888905,10.205383,-20.377296,31.68907,23.882162,77.65208,46.27068,52.48168
35.8132,24.5272,23.264046,24.57065,34.947365,44.915546,48.654392,27.648941,26.515049,47.365837,57.592052,44.240913,55.955162,47.51196,36.069244,35.041775,71.54594,36.08706,44.850845,69.46067,65.885056,68.234726,25.552284,20.970459,32.763165,37.809334,18.825184,17.283222,3.6491165,8.505688,2.8152885,28.39372,26.131973,74.975555,46.773136,38.683464
28.800304,19.17537,10.856354,13.799061,31.502872,27.837013,50.27007,28.344048,49.82918,66.25725,52.996235,47.7735,61.196434,41.0861,50.962864,34.500546,72.3361,41.7692,45.935417,55.209938,65.54718,58.91194,33.43913,27.166653,25.634785,27.739407,16.042896,14.4288435,-2.0799446,12.990028,16.61739,24.696201,16.626072,75.330696,58.6555,35.798447
26.760221,25.98687,33.44807,11.125092,29.780273,33.020664,61.626186,31.931446,53.26989,79.36567,56.80739,35.521603,47.846436,32.73508,47.826317,46.77727,47.98214,50.834866,54.266045,58.285137,55.176426,32.38764,28.415142,54.605404,24.753952,41.071835,17.413685,14.258373,-7.7305794,22.14132,18.583935,24.466633,12.397827,74.30142,74.929214,35.09963
28.319267,19.451004,37.17205,20.884556,26.943336,47.611477,49.121254,32.428078,49.952137,75.44707,76.46344,27.205883,43.22364,25.502735,22.943466,49.399582,32.799873,56.320137,60.23696,61.437286,60.67454,25.14859,36.81873,52.11139,44.16275,39.584957,18.759197,14.093765,6.931633,26.428032,25.683964,24.618393,17.231009,79.925446,59.25317,36.183285
44.692886,33.64343,38.08644,15.027443,30.892094,42.972546,39.174767,36.13995,20.786919,52.35707,58.952126,34.9036,25.559437,22.907326,36.27182,35.72211,42.019753,40.09142,49.966633,61.123734,72.163765,39.18469,37.626163,49.598095,33.624622,39.846058,20.110085,11.790138,17.172958,7.414631,34.034767,31.412785,20.759905,69.24372,63.12936,41.855324
41.96972,30.76585,45.404194,20.389023,30.063078,39.690063,41.003563,43.271297,38.92184,57.338,71.50135,44.25607,44.634766,46.58801,38.548656,24.148777,24.954895,44.56975,50.237366,28.33905,59.333992,41.77023,37.54501,45.622147,31.28964,34.095276,10.12244,22.958923,27.373226,6.027569,31.64439,23.664667,34.83678,62.157944,60.383823,32.950596
17.86528,33.7122,39.425186,19.802044,30.49137,32.670383,43.852676,34.367043,46.751675,67.9217,64.75029,39.77978,34.27827,62.40077,39.40818,24.891964,43.724297,28.641994,74.17247,51.272476,64.264305,47.309986,32.437023,38.45877,44.26954,30.744017,32.293423,21.093454,34.49694,13.91798,38.562943,40.59275,34.94132,63.701218,87.655914,31.374046
16.947231,60.02977,37.510956,26.000721,32.881584,34.464626,61.106445,37.160313,47.158928,65.5397,62.844738,45.056496,-4.645973,43.92143,35.27886,34.15089,35.887047,28.717827,75.57703,45.55091,60.14187,27.665966,30.448792,37.878807,35.12286,22.174557,38.077194,19.469143,35.716972,6.029175,41.566277,35.85492,33.93889,63.245934,80.456604,38.317173
27.350464,44.337845,36.30652,30.327005,32.384823,24.578468,61.52154,51.872887,43.48618,46.683735,47.48534,50.04679,26.556347,38.25171,41.504375,38.290565,14.410713,30.142582,81.00682,30.272987,28.564968,37.19999,65.36025,37.879295,27.036531,18.346989,34.450214,5.571953,34.098717,9.380688,50.396584,30.906532,33.453976,56.811234,69.837616,37.35986
36.455807,35.273556,32.558422,28.696404,28.456865,17.296532,64.16287,56.42953,44.314297,41.846584,31.04359,50.351597,36.958344,51.604515,28.895489,42.601112,30.063839,40.011982,76.54216,32.407074,58.850674,43.31858,73.340485,33.679363,29.518684,28.332958,36.02204,16.845516,36.169415,13.077354,48.103268,41.377274,35.204327,65.5833,62.59913,28.883614
9.741425,23.335232,20.620197,29.694199,28.475227,19.139927,56.642746,65.60631,58.579216,61.42919,36.94871,40.170776,46.216496,62.94719,22.03191,49.825073,31.200146,41.371494,74.84055,41.41493,57.859436,44.036774,60.46205,34.682625,-13.897301,32.815987,42.847813,17.13214,33.97734,17.444382,51.098618,25.204605,28.864288,52.341278,50.05927,30.600471
18.5177,18.689415,20.563656,10.342272,-4.7297554,16.126358,57.11315,65.18248,69.18526,74.929276,53.161007,41.812946,43.408707,48.650646,36.049656,44.28598,33.6563,46.129486,78.62457,18.793743,61.406532,53.585556,53.702213,36.576324,-2.3336601,23.587307,43.57047,22.097466,30.658829,-4.549839,37.68951,38.843277,23.942245,46.229683,47.212143,29.276512
20.445045,8.103596,22.264614,11.090858,15.284439,31.14619,62.344177,58.205994,75.900375,75.6573,65.93913,46.086567,49.846516,42.7407,22.802227,40.61961,13.081818,47.110542,60.52237,19.783611,42.095974,57.812435,46.20311,41.66389,-15.810825,34.92419,40.096592,18.519697,17.741026,2.9841118,43.278625,39.41145,18.869833,51.464325,44.921066,33.953266
21.68211,33.191486,36.22945,18.485073,16.160578,28.390701,36.36251,66.474884,-24.367035,71.19855,82.67311,50.986385,37.149513,59.72892,28.788685,61.028473,21.94842,42.928772,64.928986,55.472427,61.15921,81.87509,39.47628,40.835876,-7.424938,35.879223,36.442593,38.196663,21.545143,10.083298,27.823093,27.95129,20.511427,52.5029,49.750835,32.132946
7.1754036,39.98599,33.93667,28.143353,11.225853,38.180813,62.502,79.82332,24.24136,34.746616,39.333263,48.120228,43.97046,45.403587,24.515984,25.322933,44.16025,38.72484,73.20864,58.60959,45.67099,75.737816,36.02971,24.80901,1.4610596,18.916958,16.502056,33.038616,7.488118,10.635578,33.21633,26.765415,28.77382,44.738987,63.034546,22.482204
1.3808479,43.431007,34.040592,17.765846,18.729874,47.14524,70.71051,84.34404,41.068542,63.589317,33.214706,54.541748,53.856026,63.04136,35.853268,15.970276,50.07495,54.486927,77.70688,51.605896,17.155941,61.57927,49.133026,24.966967,14.757275,32.1868,16.252804,27.976982,17.147697,21.526848,-21.370129,23.359926,29.153925,52.444447,57.763824,25.294601
21.080343,39.378082,27.182507,11.374329,21.271364,41.58355,58.1703,97.859924,49.216583,43.324635,55.29584,50.36579,52.21,69.9917,51.299294,43.433617,52.711014,85.03388,64.52593,47.69038,50.541832,66.974236,53.537247,39.861275,15.337482,39.010155,17.497967,20.982346,7.1614227,27.816753,-5.8590126,19.334795,32.0802,47.494633,59.837543,25.782887
17.852486,47.328194,50.66425,19.44413,16.69072,44.696938,45.89672,102.04077,47.629066,65.733604,67.11365,56.114494,47.351227,69.1352,50.334362,41.03974,75.101654,86.79728,61.63058,70.75063,68.89271,50.777103,54.725,42.50146,14.995956,36.767963,56.09445,22.260912,11.108501,16.585896,-0.13236618,2.380207,29.814146,54.777718,59.994926,25.088848
31.732006,46.2228,44.86378,31.198666,38.09435,43.484055,42.969498,102.34806,50.02439,85.2538,51.18912,35.145638,27.67004,63.321568,57.859604,44.92069,50.191597,79.92764,55.274323,74.520615,96.21842,62.85296,54.152596,39.695316,27.94613,32.25509,46.467636,17.978745,11.442129,21.028492,11.000828,14.0063095,21.284248,62.084015,75.78784,27.56383
34.228462,44.628662,45.085144,38.342117,35.490974,50.4159,38.542336,110.9013,58.617996,72.1388,53.25267,59.320694,26.834175,44.692127,58.042603,47.355705,46.461613,102.03496,51.810696,61.272335,64.13266,74.6711,62.37581,23.549255,26.499977,33.351738,43.34984,36.49643,10.681797,17.093948,13.848713,35.811054,23.742626,60.462975,80.537346,74.52835
37.659794,43.150524,44.654655,44.900734,37.182632,57.607235,58.51076,148.26593,65.75845,48.746647,66.55775,57.771835,44.383022,58.89054,63.28602,55.10282,51.93279,97.12729,30.91756,62.763203,71.30507,55.310345,58.708447,27.533844,26.747066,31.180847,43.336647,36.23191,11.528103,18.427185,21.58025,51.78009,25.476665,57.275692,67.85959,69.284065
43.39711,44.709873,53.12441,24.846905,13.001841,44.653442,57.73968,136.5502,71.42421,67.351074,41.38697,47.613087,32.33616,70.786606,48.196762,58.948,34.76374,92.674126,41.612473,71.87631,63.121075,42.9786,59.49304,24.794518,20.634563,29.003208,48.078568,40.027744,21.911346,23.682953,28.678715,40.85263,23.824554,36.787796,66.73089,57.89689
56.49291,53.297935,55.825565,30.19672,27.457348,37.034473,43.268475,129.29965,53.0818,78.13992,88.054535,47.46504,30.453651,49.921024,42.245255,48.12223,45.031227,78.21234,59.0363,59.292572,36.766445,52.640656,51.18199,43.996918,18.076023,30.119831,43.707413,40.444313,22.144999,23.252886,24.312677,45.079433,21.872057,35.20171,56.369244,56.540627
44.740925,42.391052,51.999367,31.484089,36.998238,44.28311,25.168835,133.84569,59.794884,63.098373,63.718426,57.136917,23.490501,49.10247,54.153465,52.106224,62.711277,71.85268,71.96318,49.933468,88.23887,57.54502,50.53279,45.33962,24.471777,32.46505,40.346287,36.659714,14.935352,27.795803,38.992043,40.848583,22.23403,35.390564,64.48067,58.2326
53.261368,41.086414,50.290295,31.932007,48.57747,59.803036,31.603554,127.536606,73.89572,54.834053,71.768196,56.65319,38.546444,71.18051,59.6087,56.238983,52.598194,73.3854,64.414,52.949608,71.29413,59.863544,9.610348,46.91443,13.853839,28.89953,43.0239,35.71545,29.451687,32.957623,44.81541,32.617012,20.926844,46.990845,58.155697,66.59543
33.03499,39.463367,12.077156,32.96043,46.892467,52.10637,36.255478,83.463684,70.2347,82.53065,60.767357,52.79306,39.878464,45.662994,43.684982,65.3219,36.92276,78.77726,72.88449,54.45169,20.297638,50.94046,12.615967,36.607044,32.01841,30.397165,48.454033,24.284365,30.983429,32.893253,37.24895,32.25081,24.284145,37.461964,54.20519,48.657284
35.97865,42.774204,33.430714,28.67287,35.17794,46.051468,24.266914,93.3355,71.89914,73.89648,72.67811,43.802628,35.811474,54.78826,33.476807,53.861015,60.679497,65.586105,66.516365,39.244034,57.6821,58.50946,5.0192146,41.701782,8.443287,41.852947,45.5421,26.216106,30.614605,25.510828,40.340076,32.677868,20.838686,33.018776,51.07208,81.32643
29.696884,44.082863,39.28197,26.875145,36.16402,49.18283,27.434338,77.74219,62.4052,56.53093,81.15477,33.60984,54.94187,48.04719,42.326004,45.353508,36.82994,70.031265,56.826706,47.154446,46.41031,59.117466,7.0711555,42.540604,11.422146,35.95251,35.3521,25.621141,15.083656,25.538656,46.50214,41.142746,22.796284,32.67141,52.880478,64.66785
28.185946,42.40699,44.805313,13.637802,15.045959,44.54263,53.94783,75.69404,51.282196,72.992935,36.206696,1.7390213,61.55326,41.530956,41.275494,28.643667,56.540794,70.591385,62.94013,50.354156,56.24256,63.611595,10.348816,43.281578,12.140751,27.748672,13.7326145,33.22236,-5.8487244,28.436392,47.13832,50.729446,29.668755,40.539787,53.912178,57.37069
29.558327,45.11853,50.193054,54.678555,22.376438,46.740406,57.2568,79.7909,66.5475,90.296394,46.46409,54.180275,62.84211,37.784523,66.66542,31.277103,58.803154,60.144764,61.231995,44.42389,64.736206,64.05014,47.53282,40.92739,17.063171,28.090128,28.755848,39.396996,20.17992,27.930775,53.967068,29.799534,39.4319,39.971874,69.94563,68.226395
33.874855,49.3062,63.06642,64.15989,30.913591,46.30988,45.835846,85.71151,96.09162,86.0612,54.49375,66.655716,60.523174,52.915092,68.38459,40.93552,71.7697,65.761406,54.363735,58.127308,73.6611,68.35874,49.196003,36.790577,23.989017,28.449303,28.29381,29.898216,23.442139,23.919954,38.462337,19.767868,36.821426,61.391525,66.6967,53.957275
35.77888,52.589714,69.49548,69.556725,31.268696,44.147636,52.718346,74.45476,85.57685,94.568405,94.3077,55.10763,49.988323,54.97002,73.878525,52.558266,77.58079,74.18251,55.87541,64.38988,102.31007,69.95,48.910313,22.935425,34.064793,23.7614,29.500431,34.521812,25.51297,22.680311,44.159233,23.235228,33.05317,47.420692,57.455505,53.83165
37.348022,9.807625,69.84668,45.000626,43.053917,61.665062,12.416225,88.709724,91.236595,92.765335,88.60398,43.75748,55.352917,64.13893,95.167694,58.85496,74.636955,80.37463,54.435654,59.707123,68.93747,69.80098,38.818657,19.817924,44.811455,27.092808,21.012241,33.16209,26.885096,21.460209,54.039894,31.473227,37.13536,37.251724,66.35563,54.15883
51.625572,36.739056,67.95992,44.171413,45.011715,81.82268,41.644073,86.624985,98.648415,82.550354,83.20258,71.732254,69.45108,58.79272,73.555595,60.753677,82.294044,78.77834,30.501282,62.72653,58.969048,66.39398,43.466568,26.827942,51.482826,40.799248,16.97578,28.575527,26.893143,21.049381,49.679703,33.382072,42.23672,38.59316,61.44758,54.832333
44.480854,0.76303864,80.89096,55.521885,46.43434,45.983765,37.53926,88.69534,82.59044,91.481125,93.215385,58.509056,80.392914,70.89237,75.28505,66.4142,73.87828,83.38368,35.859245,79.32686,79.78481,66.95513,36.69144,35.905148,41.806282,43.71093,17.700245,24.499144,14.218689,19.968937,40.813606,12.2763195,34.406635,32.781857,66.28255,51.918068
40.566322,19.539446,73.40707,65.8053,44.423428,51.052883,30.277855,76.65097,76.66122,62.61223,92.49126,49.858887,73.33925,64.97142,83.249886,72.23722,71.59889,81.663826,36.28501,69.35593,98.67764,68.422325,56.7876,23.00579,28.40421,34.3052,45.85223,22.060982,13.758564,19.539394,44.25668,22.112434,38.79007,21.035885,65.83917,57.22415
26.413597,42.595467,65.80022,59.0381,50.7658,34.76659,56.567074,99.53995,92.297516,75.390785,83.91119,38.311012,60.917854,74.01555,47.39669,73.277466,48.24739,79.77462,42.215214,69.71921,83.64763,61.51505,57.401287,22.862633,38.401222,32.60062,29.90934,25.01671,19.618908,26.557209,39.152813,25.675749,35.078186,24.42977,62.893635,62.4281
18.610203,45.536118,75.12359,58.632072,53.5331,50.494987,62.541107,89.721504,89.52763,105.76583,97.47806,50.223164,55.108612,47.33778,32.306023,75.388504,43.237396,79.603264,41.24192,73.363754,42.704803,66.905426,49.074158,45.383953,28.668903,29.583256,28.124126,26.772154,16.676098,35.28006,64.62845,17.720575,32.20732,19.460495,72.11739,62.8979
47.99835,78.93021,90.784454,57.585922,58.37256,57.954063,60.975185,93.15326,39.343876,81.017166,96.69367,45.795227,65.04521,47.453136,51.229332,32.91777,54.459457,66.859665,33.050404,48.036507,59.214725,108.293045,47.551643,32.8342,43.20348,28.853334,14.851261,30.437475,33.61168,33.484406,65.94826,7.082695,30.04785,17.166248,75.22612,65.00876
69.944244,61.936424,79.0751,53.79567,66.6355,64.93671,64.76337,105.86804,70.27015,91.60298,64.64322,82.07921,33.378815,66.867485,75.29037,34.547462,74.38252,82.30713,54.520008,57.535576,76.00076,38.868813,15.555824,18.5876,59.721687,21.333008,17.744179,14.627297,36.762657,12.999645,61.872017,13.036381,27.839312,26.076866,49.77208,64.64679
66.474396,60.887253,69.33827,59.74382,66.230995,51.36535,52.26197,104.64503,75.17464,59.108376,53.40603,50.1952,41.648495,67.90218,63.131935,39.833725,75.38333,61.536488,57.00042,62.28224,51.962685,50.34765,23.606365,18.45211,49.872414,35.28471,10.200211,20.884739,-10.626598,26.527412,53.808273,3.6651535,21.26593,28.750084,49.33361,73.278564
52.748875,57.470512,50.448334,63.445686,71.221306,28.829842,40.867188,90.40938,10.166084,68.48302,65.1213,39.757637,25.558674,62.63474,55.026955,12.788227,63.374718,82.54201,54.3295,46.87652,48.084164,55.772285,43.103245,23.852722,48.817245,26.655773,6.0518723,19.23167,12.447704,37.653404,20.184967,1.3360329,24.907887,36.23006,53.977585,68.57381
37.81235,46.336094,48.713905,25.87277,63.171154,33.047073,41.194477,90.06986,33.0094,36.308186,44.633995,40.821785,32.644184,43.407402,48.21272,14.880127,48.828285,77.58544,50.554058,37.928246,54.856937,54.979183,35.213245,28.317055,32.02842,35.471046,5.832165,14.555598,14.73312,37.17434,9.336983,12.437092,20.117733,35.501347,39.752567,60.112137
46.09643,47.06959,60.046406,16.00311,55.29395,34.17242,42.020897,90.5844,41.536022,47.401928,56.430965,48.887775,38.988407,43.945557,42.084732,15.613911,69.96767,72.56191,26.86441,55.337364,40.459038,43.81685,32.229603,26.635078,28.979786,30.6092,12.215614,13.395995,22.447096,35.035507,16.37909,31.446106,18.995975,36.527554,46.228016,54.232456
33.06346,31.846565,56.007893,-1.9863434,50.35347,37.16515,50.457806,97.517075,54.709972,59.86622,54.93051,44.975517,28.645267,40.93028,45.718533,36.45882,70.55899,70.61456,34.099617,53.1542,20.125109,50.994076,34.28857,29.24562,32.376,19.77935,-5.485092,10.604034,18.47012,30.245285,25.124285,29.489622,21.019218,48.42996,53.419502,53.592007
26.463135,33.01058,63.81823,17.13404,50.497997,37.95063,55.78596,81.633316,12.957207,67.28837,63.861076,49.84604,29.036621,48.627636,58.522995,43.9981,65.15352,58.80635,37.95807,39.06641,43.175858,47.857807,39.597008,34.367302,41.06522,12.442764,5.2539024,13.2589245,19.709381,35.06235,25.870995,20.94295,21.440208,38.359016,53.005894,53.582237
29.373396,41.238525,65.12636,-3.730114,55.79748,47.26191,58.726505,96.679565,33.771732,61.404037,34.645344,37.190407,29.402454,49.511963,55.431877,30.413742,86.52201,67.13521,34.987953,49.64091,61.12701,53.298622,39.303963,29.86441,16.049831,10.545773,11.520802,5.3779907,32.08127,44.477463,28.283108,26.526413,17.233486,39.250042,50.154945,52.86859
32.36141,47.61652,56.037262,30.766613,29.59492,45.069756,55.661495,87.51472,47.669437,71.088776,9.701672,42.07523,41.25744,40.317482,57.099968,40.43806,61.561737,75.65062,32.286156,70.85968,41.739643,-8.020294,36.051346,18.520737,30.1346,18.48669,21.753475,8.944732,41.983414,44.797375,32.13642,38.818466,4.252056,39.77663,50.42755,55.953773
34.925922,46.739265,50.630947,33.50838,30.843733,31.879715,58.340935,100.332794,41.04273,75.34355,76.27951,9.476257,30.187199,32.66955,41.755997,41.968082,41.742958,10.881256,13.587536,46.65186,25.297249,10.394501,28.62149,30.169487,35.980465,19.841902,-27.49311,-0.56625366,35.590584,41.989063,21.464014,35.74803,9.033787,41.204712,51.98107,67.806496
26.065903,28.056679,47.39479,36.917023,44.02147,22.810303,42.73036,94.858826,54.862507,55.246613,24.506678,38.67654,25.975685,5.310005,30.357449,39.058563,6.0023804,25.581177,32.626995,34.53428,51.60129,13.124546,62.958683,30.057156,32.22926,13.783173,-19.030132,-5.394905,31.115211,38.933586,30.060902,44.099236,-1.5237274,34.251938,52.089203,57.928867
26.279213,29.588726,56.723618,39.802055,45.980526,36.927784,26.407745,94.95882,44.416428,53.90174,72.08287,38.850807,20.378113,30.155697,27.477222,30.212757,29.18954,15.355671,23.031002,23.147655,52.914246,17.22564,50.61874,32.133324,29.323153,5.0620193,-18.642345,-4.6780167,31.456123,59.264908,33.496994,32.223236,-5.3732834,28.27145,41.01663,56.85363
4.4143906,42.916718,50.054295,52.010284,35.52025,13.982735,39.931377,89.91964,41.117687,43.546444,48.699074,25.09684,17.035034,44.08375,34.07972,21.412651,15.705504,11.061897,30.334606,20.805351,47.66085,22.679104,51.702965,33.410233,38.188354,2.8502655,-10.427761,-3.6533928,31.914013,52.711155,30.021093,16.139977,-2.732891,44.386314,33.878086,39.33423
13.75779,33.20923,50.682507,51.35679,26.697285,21.68663,39.559494,72.73604,39.359905,68.00265,29.567265,27.549858,17.39183,27.746063,30.087261,31.259804,30.41977,6.8274117,12.720245,39.792484,31.39154,42.356808,41.845192,21.813576,44.359432,8.342049,-0.52199936,16.210957,35.07976,51.876663,36.9124,9.952274,-5.425968,35.361908,26.734554,36.224197
1.9674034,37.027462,32.636303,19.657349,35.475163,34.642326,59.391815,78.10388,55.931763,49.70271,57.65315,33.728123,36.563046,43.477104,21.493221,31.812881,27.890293,17.530136,20.99136,38.237198,36.47197,85.30593,46.582855,29.952827,41.573788,4.9724884,13.130821,12.333744,34.465633,56.190647,38.934296,21.224667,21.417976,30.260239,35.970673,36.309265
13.28598,59.55009,39.271294,21.55513,29.99923,45.88038,57.873474,91.06329,61.948036,18.907963,68.0359,53.136646,51.861618,53.33326,36.691944,40.294025,40.26698,44.92103,21.582384,58.505558,38.080986,80.63785,52.388004,33.681076,39.253963,10.79776,18.804607,19.057304,33.288208,51.470844,33.91991,30.871891,26.746061,32.50133,33.871895,32.259132
12.849567,62.40614,46.948654,29.339321,23.451069,59.387634,62.02296,93.08688,75.25737,71.93311,78.34407,56.941994,54.263454,74.74618,50.32428,55.725403,41.726334,59.66428,33.879593,61.83869,62.304012,80.89935,42.770786,39.405468,30.842026,14.960142,16.57618,16.245844,32.4793,44.629745,37.874092,24.001606,37.32525,25.086178,35.855206,34.584393
22.824013,60.320877,66.080246,43.690403,30.174067,54.217678,49.116127,66.53402,68.749344,82.141045,71.7993,52.995377,62.903507,76.01534,65.60748,64.20943,66.69304,38.578003,43.546753,67.09545,89.4711,94.175385,42.159412,25.852646,44.620975,15.956459,21.971298,17.527126,36.652905,53.30254,35.879078,13.798431,37.248016,38.478054,43.375168,34.284748
28.911043,44.035507,72.4201,48.990883,42.218185,77.14989,67.43641,71.81879,75.414795,74.22796,70.55581,52.62229,71.15843,80.24372,79.662865,66.358475,25.383736,63.794437,55.82953,72.920876,74.79932,26.032936,43.21533,28.044949,31.462276,3.881649,-0.069755554,18.042923,35.805077,58.88217,34.289604,15.548008,32.97255,47.21027,49.826515,40.916
27.241615,78.73965,75.73021,57.156643,43.30663,63.797302,57.127934,79.52719,74.27449,80.80804,82.171936,56.57468,47.48988,69.21688,73.75823,66.70206,43.60054,68.32806,75.29744,74.124695,61.839516,26.403744,44.037937,24.457886,48.91339,9.150879,-1.6090736,28.558762,33.221474,57.377758,34.186962,37.423615,33.44279,34.259792,56.65621,20.987282
22.589115,76.62558,64.917534,63.609837,50.218258,47.954414,39.65485,70.03345,78.637505,90.046005,85.69697,42.088593,46.597145,67.61262,68.4508,65.319626,45.61244,61.90737,48.314102,53.450466,60.919815,21.585022,60.110813,18.339993,43.67333,16.689922,4.1735916,11.995722,39.704563,58.392002,33.521835,21.264128,34.552048,43.25677,50.01012,27.796635
26.250412,73.46762,62.40009,42.14923,53.612324,52.55838,36.574097,64.01978,32.961937,77.99313,77.44155,26.229351,56.702923,38.370785,65.17039,74.941025,54.254646,39.527176,50.771255,49.801838,84.2012,25.856709,62.428543,25.779041,45.753326,2.9190216,10.886494,16.87772,32.17173,53.64853,13.790033,11.043144,35.350124,42.508064,55.275482,39.14358
35.47328,55.26056,69.80118,24.977463,54.32992,81.6884,25.986488,90.46057,30.053284,67.42188,25.66649,29.910442,37.807076,25.61977,53.528038,51.879044,54.681416,34.297626,40.466106,44.998306,53.459732,21.705257,60.612522,30.761616,54.455185,2.990017,13.123085,20.611446,34.946907,53.169304,13.039322,11.066322,36.97056,85.3395,37.745014,43.59324
58.68857,79.58964,79.438614,33.16736,43.127094,77.016304,24.373932,77.26723,29.746613,61.52035,19.707718,32.19604,22.53041,23.447254,31.44284,48.63858,50.047363,34.554947,44.53099,43.04303,47.467163,27.423794,62.786716,34.124588,50.113617,9.259399,19.255074,23.310574,34.28869,44.0104,16.075836,12.925053,43.793034,74.3278,46.34862,23.86473
50.78354,70.432274,89.63703,58.69232,52.293594,60.8619,28.891518,81.05974,-6.4587936,53.095963,11.908436,20.922062,-2.4624214,26.91718,44.540638,48.15986,21.806099,25.299744,49.072334,39.506462,10.293392,45.82663,63.698612,31.95671,44.834373,7.416626,22.433723,27.381645,26.945171,42.429493,22.587372,25.503761,36.469093,94.13601,43.531483,29.391407
43.632694,79.9446,87.402176,52.788593,26.613327,82.10143,53.3223,70.692085,14.745823,39.503246,9.377968,21.03527,5.948269,33.154118,35.24089,41.885494,35.504246,49.015953,44.037567,28.80801,10.927032,54.615288,60.90403,15.006554,61.77594,8.01273,50.50131,34.219437,32.116188,40.52074,21.872677,13.647469,32.196053,92.88015,46.37556,30.71162
49.475697,105.6417,67.65274,46.42666,47.331974,72.75179,46.356644,62.078506,-9.840656,42.46485,27.53133,43.183273,19.005497,33.341816,10.171692,22.307144,37.61187,45.78664,44.601486,28.405537,-5.0537605,49.092648,58.97766,17.308407,48.697403,1.2122612,40.882908,33.147057,35.71873,14.9678,17.282015,22.500008,30.171692,78.79236,34.602764,33.330135
42.516434,82.32078,49.856976,70.88061,48.873455,56.477337,35.08684,63.192577,14.990719,46.6617,11.875473,52.578964,28.343624,54.473152,27.916935,22.660782,18.992893,35.44212,35.67831,-0.50164795,6.401081,28.492447,48.64889,23.472534,44.420517,36.533398,45.86978,44.73307,27.015144,19.128918,23.27618,25.525858,34.459,69.63143,32.923656,41.559303
39.720505,73.115456,3.0076828,61.804836,46.75914,34.20719,32.017673,69.12193,27.993195,48.549984,29.89373,22.534615,31.484436,52.93842,22.434505,29.043224,32.541866,24.80605,53.285313,22.841106,18.95108,26.983368,42.553383,27.623402,43.940853,39.45804,46.05983,38.47709,27.18145,19.896797,-14.630512,28.853643,35.31191,70.01593,35.288322,32.90355
34.917664,34.889416,10.059135,35.27281,32.33508,24.065369,28.020126,68.73621,33.253174,51.283134,35.072445,24.50201,23.973743,24.343761,15.776066,25.71114,29.116714,41.196995,60.852448,38.657257,42.200695,16.022709,30.086601,22.20457,40.876717,37.681717,38.46386,42.75054,14.645611,24.949528,2.5303345,35.55701,35.24239,64.32793,27.208267,27.217796
32.156536,27.555868,19.85881,44.417446,29.140121,7.1555557,15.671284,56.962902,34.316284,78.04764,20.814308,-13.194252,26.158077,31.288837,19.622673,26.879215,28.44121,47.32548,56.121727,19.089672,26.665632,32.13219,29.707314,18.982502,9.185509,37.61375,35.36506,34.21962,34.724667,14.265842,13.291157,20.184326,25.087162,68.30382,34.8688,30.691036
24.667713,21.129883,17.831272,5.597664,23.257332,21.343689,13.891716,57.835884,51.350136,57.35462,36.54327,16.944248,23.13668,24.351429,12.291992,15.059751,12.198494,35.081486,45.881332,24.808487,65.52736,31.833908,32.212227,22.590824,17.93829,29.32911,28.393745,32.68844,25.10191,13.273235,19.144056,11.115759,21.288483,58.33246,28.805412,41.682392
34.715424,25.137028,23.464443,7.174065,13.673714,9.646683,17.410591,60.803204,18.131664,57.037228,44.65112,31.13972,13.659569,40.51557,23.71621,30.46605,28.953209,30.083015,39.18902,23.59216,37.282185,16.310364,31.204693,-26.748806,16.620777,27.998264,28.902729,26.405262,18.96922,19.827374,21.160488,14.03038,19.889412,48.68664,8.101879,38.282978
16.297546,-35.877415,40.0443,18.365437,5.8152275,-9.30143,26.365421,66.08644,16.163845,57.824463,30.69479,4.4366417,10.707016,39.832264,26.614735,53.04863,20.496231,32.242893,50.16628,15.466862,29.870327,31.586292,20.212227,-1.3304291,18.62658,26.189722,16.856026,27.126448,16.286156,-3.321743,20.183933,-6.586647,10.139407,47.06421,31.426022,29.433884
-8.324406,-14.106991,51.26486,31.037989,10.578388,0.61811066,42.902813,63.990845,19.455647,23.992859,33.39639,31.703571,8.857101,40.91132,20.731834,37.952297,30.836555,41.633865,42.487213,25.692776,34.907772,35.80422,24.922195,29.118061,26.858059,24.47189,12.350441,16.593414,18.2434,-6.610321,22.663162,11.503216,12.598103,40.779713,41.40704,21.796585
0.3121503,-6.4941864,60.487385,2.111473,22.798897,19.915844,47.72451,62.58273,3.2882156,24.076132,34.808937,35.05524,23.418068,37.8072,22.788261,39.234184,34.685284,43.51187,41.469265,25.97253,19.524952,40.27921,25.942814,-24.769524,31.979319,13.887852,10.065571,12.793671,14.689171,5.990734,20.233757,2.3001862,7.3810654,39.314194,45.020832,31.360268
-2.2452953,10.303776,63.271145,-7.8952675,25.958752,27.563648,47.75809,62.840446,17.67812,40.850494,28.998735,27.109985,-2.252327,51.606293,36.01856,38.66876,43.350533,70.53873,43.97738,19.56136,23.867182,44.25921,24.70362,-14.664801,34.17229,12.323746,5.4651985,16.603699,15.094063,1.7473259,26.737286,18.86464,9.034774,39.24535,28.267838,39.72371
1.7653408,12.550404,36.94574,14.203205,8.728918,24.84676,37.829327,77.29278,36.832314,37.98299,30.726028,35.004227,15.559887,47.51812,34.867104,-8.200199,42.68724,52.88277,17.436913,11.436382,42.682648,15.555515,28.314423,-8.931101,35.672768,5.0160384,-1.659893,14.645031,13.459419,-17.999878,-18.119274,8.410019,34.931164,62.01048,31.823542,48.51363
8.204121,-38.167557,42.637478,27.03724,33.387596,24.77882,14.097549,79.35774,49.79504,23.114853,37.311985,19.571827,4.9921074,38.560535,27.07574,-2.7848701,47.147495,8.271111,28.750244,8.840107,43.687252,11.681709,35.20062,-33.960796,38.673916,16.18502,0.86763,15.02413,5.6294556,-11.112785,-12.0955925,9.740799,34.8883,87.596436,32.42738,48.51679
6.0946465,-7.952484,44.45133,14.521225,21.741463,20.587116,6.8984795,78.35854,43.909122,48.936558,33.620358,28.086437,-34.06884,31.648022,31.791428,6.6845474,34.03225,17.708439,18.616043,7.2426147,2.599022,3.4683838,35.73937,-15.052517,12.928926,0.909317,-4.7856064,16.542633,-4.519783,-11.75425,-15.590385,14.388836,33.683475,85.94191,31.559856,41.28184
3.860344,16.259499,55.653187,5.5018425,29.739433,21.425587,-0.523613,88.86413,24.651772,43.349777,30.827564,21.038822,-18.880196,20.404253,31.30217,19.370197,29.235794,6.2983246,19.650764,4.1957397,14.485637,7.805336,37.505672,-10.505005,27.621834,5.5789604,-2.090786,7.8122044,1.3072929,-18.241539,-12.060085,9.337238,44.919712,74.92133,56.19316,44.358562
0.17418289,22.012104,3.7360802,-4.860279,50.54616,8.013897,-5.364975,89.094696,30.763157,40.84889,27.317917,1.2477455,-14.715675,10.847603,30.210098,27.455067,20.170616,16.124046,1.0214958,2.1571236,18.83377,5.7688866,35.310246,-12.031353,35.11427,9.514418,-1.7710838,4.864849,-10.924755,-13.931362,-10.288033,14.265648,65.3407,52.304066,48.539215,40.73357
5.397846,-3.6090813,-2.1576233,-10.258152,25.197578,12.867485,-4.184948,90.4016,24.3936,15.691212,10.126694,15.498795,1.2920837,-1.6546402,27.973549,21.818012,-4.0225945,27.29932,21.274193,21.729622,12.822739,-43.538326,33.806805,-19.11631,19.633366,9.299374,20.949947,14.388153,-7.6584606,-9.797615,-6.88937,6.3731537,53.77674,40.27355,49.222916,32.439117
13.203159,6.8390617,6.144356,-8.554543,16.07658,12.171036,-23.535797,84.58504,10.330948,37.94648,54.196014,4.7700806,-18.385105,2.021572,12.578098,22.146282,-19.07404,12.250877,-0.8683357,6.7176933,58.86805,-52.571533,29.244225,-6.4528847,-3.3004608,16.958138,11.342575,1.9750624,-12.646778,-16.253143,3.900257,11.659241,48.032524,22.843132,35.88928,26.573975
7.070821,4.180786,21.680115,-1.8107071,17.685322,31.141953,-13.231705,79.095604,5.1889496,37.489754,45.355545,-3.0317879,-21.37194,6.3490086,-4.719406,14.248257,-17.995369,-6.2693787,1.0149841,-5.090214,17.312576,-45.99682,41.454746,-3.113203,8.046658,25.197475,6.9284973,8.20623,4.21323,-19.853382,-2.8031235,15.513798,42.065155,19.018791,47.67586,26.98632
1.6598701,-43.229324,18.613941,11.021526,17.83255,21.53244,-11.21418,61.05899,-4.489685,28.40872,16.6801,-15.180336,-40.67452,-12.41032,-13.87804,10.922859,-13.540602,-50.844536,-3.8904877,1.7468224,-11.280861,-23.443657,37.366962,-0.5607796,5.377941,15.932105,5.1824417,9.78075,-1.7023888,-23.840553,-15.232445,11.795792,24.005966,3.7850494,48.065826,20.427181
14.713776,16.640373,18.19144,-4.1017,7.816021,8.472195,-4.9265976,55.266186,-9.187576,-0.8608551,5.188095,-16.214169,-42.52102,-15.6290245,-5.234085,16.609833,-6.9158325,-37.38233,-11.366653,-4.4445877,-18.89592,-25.158829,33.66546,2.5644722,8.226273,18.48719,11.283878,32.036816,-9.199303,-17.99105,-11.174389,11.891041,18.024124,-4.7154083,11.297531,14.56538
-4.650902,11.56498,19.170547,-26.775383,11.32267,1.2703094,-2.9832764,51.83305,-11.201214,-1.4366074,14.890701,4.4087753,-36.041428,-12.757141,3.1387444,1.7154274,-13.285299,-42.238575,-22.005104,-8.230846,-21.771177,-24.342834,29.476776,4.896591,10.769447,19.62085,11.267273,30.310352,-16.476124,14.990189,-8.582605,25.563007,11.985939,-7.448761,30.775002,44.679935
-1.2168928,0.071006775,3.503933,-23.458101,9.467258,0.2681656,4.4175797,41.67526,-2.0314713,0.4938774,4.8547516,-7.881626,-29.816162,2.4062858,-2.963684,1.7170258,-12.592804,-16.266724,-28.730133,-18.827843,11.080635,-28.075848,29.199207,2.9617195,7.577175,17.02428,36.29155,23.67252,-7.970522,9.768452,-13.1732025,17.700966,4.527088,-9.844955,17.241795,31.690353
-0.6108742,-3.7409883,2.981659,-17.525803,-21.413015,-3.0594673,14.312225,39.66368,-1.9838257,1.7304077,7.7002487,-10.549187,-24.546608,-6.357338,-7.062785,3.8524666,-13.063454,-15.317444,-26.949203,-26.610634,16.36319,-27.427258,22.205208,23.625729,7.7594414,30.88588,32.1117,20.198605,-9.015789,-1.0911064,-9.309395,25.612097,-2.5512085,-17.984436,9.618997,23.07238
12.154228,-0.978672,12.686028,-12.116592,1.0999107,-9.16626,1.3261719,22.226501,8.158157,-17.607422,0.47414398,-0.88475037,-25.44329,-11.153503,-10.921228,4.863796,-4.1054735,-20.732895,-20.696266,-31.667534,3.8048477,-15.808792,19.569897,28.097992,-4.2306128,29.077324,40.818592,25.811085,0.15478134,-7.183838,3.7482615,20.668915,-4.021446,-9.447533,4.773622,7.6678276
9.355236,-9.520282,5.7700424,-0.7025323,11.254223,5.1735687,1.0512772,22.673094,4.2324524,9.59553,-12.786835,-33.46229,-21.903397,-0.48163605,-10.167107,13.795715,-5.1005707,-11.862938,-13.823784,-20.121338,-0.23531342,-10.858475,7.496849,33.22752,-3.271846,28.887983,44.86649,13.974579,-0.24374008,-5.423088,7.7942085,33.45925,0.045131683,-12.403763,6.1097107,11.145264
13.9192505,0.28873825,-11.765984,3.375946,2.9584045,9.820831,-9.069702,25.453182,-5.746662,18.027304,0.35227966,-0.40532684,-11.649765,-34.444702,-9.400963,11.853806,-4.680519,-22.891808,-20.621758,10.287224,-1.2789612,-10.086632,8.943085,22.441414,5.01429,28.710615,38.863487,19.289715,-4.944206,-0.38568497,24.529213,30.232203,-12.768139,-26.437416,3.8922043,26.553047
12.071434,-15.689957,5.748169,-12.825771,-7.590618,13.550415,4.5828705,20.159752,-1.9535179,21.00518,12.359543,-18.059135,1.8593445,-11.142284,-9.431152,-4.9220533,5.2532043,-8.819511,-22.436451,14.948601,7.6659546,3.1306686,10.805504,23.91008,-4.5277834,23.466465,32.940235,23.90709,0.75252914,7.4166374,23.308111,38.745872,-20.14838,-24.433712,-12.089333,18.859392
9.504011,-2.4148178,15.17112,-41.14634,-2.3390007,5.4833984,22.853931,6.284795,-1.6117783,-4.992935,12.013921,7.1404076,-6.667183,0.19274616,-21.5961,-12.889946,-5.9072647,-4.511368,-12.57832,3.6900177,21.184998,10.293747,8.551514,-16.899933,-8.005885,21.439877,35.385178,22.327314,12.910555,7.8409195,41.473373,24.95325,-30.732422,-28.99737,-26.281631,23.953152
8.603834,11.805443,5.891346,-24.86229,8.473785,4.750187,15.663231,0.78152466,-3.7144623,13.470604,31.455578,9.944782,-45.397446,-21.702774,-12.170013,-8.704998,11.494746,0.94259644,-21.286415,4.6060905,7.582527,-7.80344,8.606022,-7.672739,5.4233017,-8.653744,25.70916,26.64902,21.830936,2.027504,34.50644,23.336874,-34.25933,-22.265465,-18.478958,23.350811
3.505474,7.5595245,8.68391,-14.047501,-23.208607,-20.27824,5.2117996,9.065933,-0.07079697,-9.331448,8.028702,14.136784,-25.83453,-5.4227486,-11.254013,0.54855347,16.024292,-11.326496,-17.919716,-13.778835,-40.69718,0.91981506,6.8584366,-1.5288963,-0.39962387,-11.509407,21.617111,20.310736,13.701889,-7.836399,26.127296,22.52844,-23.939053,-11.927134,-14.028131,18.555336
0.32047272,0.41699982,3.6984673,-7.408905,-8.825848,-15.104088,1.7154312,-2.3049316,-6.8870697,-2.5072556,-3.9928398,5.36644,-17.422413,1.876091,-20.187706,2.1707993,2.455101,-15.216652,-4.6490045,-12.849747,-4.9005737,-3.0874062,22.328384,-1.7447777,0.63459396,-8.000942,21.355755,15.204191,21.936329,-4.4036674,-6.2922096,16.94745,-23.470322,-9.925957,4.888054,28.091923
0.88671494,-17.154938,0.37625122,-10.620552,-6.895916,-21.322685,14.766541,8.899696,11.179848,12.837372,7.884122,7.443619,-35.178566,-10.437881,-31.637245,6.677884,0.35492706,-15.244736,2.7293663,-8.77179,1.4240427,2.7711983,12.175903,-37.737568,1.023735,-8.105282,23.811672,3.782463,14.746414,-2.4902153,22.678944,30.686531,-24.023956,-19.998669,7.1113358,25.0401
-21.393383,1.7460861,12.482712,1.4364014,-9.5356865,-22.888851,5.7839203,0.66848755,3.2550964,13.211197,10.459827,18.993202,-12.832375,5.112297,-13.214638,21.860817,11.417003,-9.689789,2.6245651,-72.9793,-12.765018,19.960426,-0.08128357,-53.170353,16.196781,2.3896828,22.256065,11.877834,10.130066,-4.5820446,5.7037926,26.994062,-17.421432,-20.594894,16.413647,14.951149
-25.867065,-4.6624146,14.928764,-23.123104,-3.0954933,-14.451546,-1.5203629,-12.024144,5.9980774,-3.1311493,23.895428,5.7719955,-47.612545,14.948544,5.0820007,2.9878578,0.12729645,1.0073929,17.3508,-32.21497,0.81944656,21.530472,1.0449486,-38.756603,5.210449,6.6897087,14.96022,12.50418,8.517284,27.56765,-2.4224014,25.730307,-17.105644,-10.323685,8.822456,20.29533
-18.680286,-9.593834,17.480175,-4.479805,1.9120445,-22.243912,6.171791,-7.3069057,11.727112,3.9847183,16.348053,-5.044052,-21.21196,13.597172,18.00283,6.329529,8.892029,14.571251,18.731556,-16.364037,18.20776,-30.46249,-1.4037323,-38.74882,1.8986855,12.364559,12.811436,15.175516,-6.2741737,0.9100609,-7.7516994,18.73658,-17.540237,-2.9896622,12.695808,22.12135
-22.47505,-10.562241,-3.0455627,0.5570679,2.1185362,-15.5359955,11.229427,-8.609482,-1.277626,23.668634,31.619194,-13.710285,-22.003433,-18.692818,1.9772797,7.143814,-6.7872543,4.4519477,6.213768,-21.26709,11.818876,14.528023,-1.9986458,-24.877857,10.301102,7.1794853,13.194412,8.97499,-5.959606,-4.9701157,-18.208763,8.722996,-22.956196,-2.2285233,11.957512,23.145023
-18.593178,-17.527714,-4.083908,-1.8947195,-0.061763763,-7.931389,10.16885,-4.3882294,-20.548973,9.099052,-20.038574,3.6709633,-39.49727,-9.566973,1.0898743,5.16658,-8.588974,20.400211,-1.1591568,3.1517487,6.8202896,-15.646133,8.773651,-17.048695,-8.88224,-10.589096,5.0989914,-11.365017,-6.379648,-10.470741,-45.468105,9.449886,-9.363209,2.6026878,11.697899,11.469849
-14.46693,-9.547489,-6.8946037,-3.4778767,3.0317993,-11.360077,-17.370071,-12.421188,-11.710777,14.812075,-37.56553,-44.062416,-24.581642,8.427216,-60.955315,5.851307,-6.212776,11.072968,-18.83059,-1.1256943,-5.975891,-15.957134,7.288185,-15.8749275,-8.25655,-3.9394417,2.900879,-6.0054855,-16.406506,-6.8551025,-77.00522,2.2894707,-16.884064,7.481056,-6.311348,4.4717026
-23.035244,-30.373833,-0.38898468,-11.996404,2.6353264,-41.305145,-20.92133,-0.48290253,-10.954315,26.714508,-17.005692,-20.941025,-21.824875,-23.657082,-32.09407,1.7083855,9.943752,7.8513412,-13.679626,-12.029755,-10.063293,10.892387,22.920097,-11.405592,-11.67598,-17.595879,10.364857,1.5456009,-22.770046,11.049908,-57.44106,6.239867,-15.627884,24.939346,14.477509,-4.03907
-23.82649,-46.461624,3.2635994,-16.010738,7.295521,-42.500465,-20.403053,1.8676224,-4.2682114,15.329773,13.617928,-10.600761,-14.919426,-40.27008,-5.5199547,1.1811333,16.574654,10.768166,-9.646111,13.742401,-20.769844,-5.255848,9.722168,-11.043327,-6.2231674,-13.024212,-9.06308,3.6386948,-25.522999,3.1730156,-51.86985,11.196905,-20.800167,12.585678,21.22086,-5.0459266
-20.31961,-17.44548,24.045273,-5.6518955,6.1761284,-40.17483,-16.553505,6.810707,-4.8189697,7.7224755,11.34848,3.827999,-13.884155,-22.55885,-7.759659,1.4077759,-6.6234856,19.186653,0.9986267,10.959114,0.908165,-19.604652,7.1325035,-1.5942421,-0.9635124,-10.437984,-40.054394,48.686153,-24.341911,-1.4219856,-42.789715,6.0027122,-7.965767,6.8129044,27.68628,-10.93911
-17.838821,-16.24952,38.83025,4.9148774,6.031616,-30.933716,3.3168793,12.035393,-4.013962,19.474915,6.51355,-13.176636,-25.23925,-36.24382,-8.909142,9.360939,8.589368,17.200752,-4.467041,-11.606369,26.283688,-34.82644,1.934372,-1.4885712,-2.8845406,-9.2509,-33.02786,31.72651,-27.196522,12.521885,-29.947315,1.9828758,-8.709038,2.0299683,21.596928,4.6606092
-23.62991,-2.8627853,47.505405,8.511128,23.326164,-27.551926,14.125954,6.9481087,-1.242363,-21.432823,13.129646,-8.627113,-28.330887,-9.494057,-11.590107,10.1245575,-2.2697372,10.999779,-5.8866425,-78.16527,4.180784,-14.393669,1.9557762,-4.915165,5.0895314,-4.5998497,-33.390663,14.241417,-32.812332,17.959919,-21.079731,21.5001,4.8110886,3.1202316,24.918644,2.0968475
-0.50904083,-4.064209,19.559135,17.455673,17.521976,-26.656403,7.735462,20.848862,6.454441,2.0181313,4.86277,-0.8516388,-18.450523,-9.572338,-8.098465,12.142006,-10.8556595,2.9310634,-20.417469,-32.175743,3.21389,9.394363,20.715607,-0.32558823,-4.521076,10.516804,-29.395306,-3.6765442,-25.64167,23.13353,-14.632862,-4.8736076,4.2008247,8.902672,5.410286,9.2729845
1.3522339,-20.288937,24.791664,8.659483,19.898998,-21.933468,-0.65595245,29.018845,6.7749405,19.611609,7.307167,-16.382874,-8.702911,-3.8263268,18.83699,10.504494,5.5143967,-15.832413,-14.150673,-3.0374804,-18.1605,22.20683,26.51873,-5.0174217,8.665482,5.6765137,-23.28807,-19.034374,-18.615269,15.726643,-4.925743,-13.206028,-4.2155623,13.185198,-5.5678673,19.392593
-1.546299,-7.0049057,29.511295,2.5287375,16.098263,1.1040039,9.9604645,26.101215,26.975956,25.214638,11.619133,21.876385,-0.9829712,-11.008026,16.06369,-32.03467,-3.1596785,-17.102402,-12.323498,4.9587555,2.4667435,26.674355,20.243484,-8.794888,12.90694,28.181755,-24.56408,7.888878,-13.011745,11.826557,-11.285408,-8.794807,-11.939892,13.316025,16.520943,26.161482
-2.2281303,-13.753494,30.638573,3.4180222,15.714195,0.8700447,-28.087944,42.93237,37.91098,49.63413,14.962095,17.744728,8.882973,19.388245,19.620522,-26.529728,7.0011444,0.5764134,-13.174011,10.543636,38.129585,20.310978,19.15102,-1.8514977,16.006542,17.871296,-11.5996895,-3.6800728,-5.789055,28.522858,-6.295658,-0.66090775,-8.681957,-5.444107,12.458895,24.855635
3.6188917,-49.026672,73.537094,17.285706,17.741726,6.591316,-3.7187805,22.904152,33.24709,62.053524,40.265965,0.27299118,14.882,31.961079,-16.484226,-7.4596443,4.9350166,12.687271,-1.705864,35.131977,14.988274,44.812126,14.647182,-3.482956,17.905632,14.453003,13.108532,13.856144,-9.076378,29.542728,-1.886842,6.7032013,-7.0892563,-5.6781945,12.705429,19.261269
0.59918976,-9.316666,53.567772,22.906025,31.789822,6.661621,13.013092,23.4786,32.484787,42.38683,31.367416,19.494549,24.352295,14.615681,21.922691,9.018318,0.62407684,22.68726,5.3085055,43.75842,22.511738,19.301102,16.407196,-4.8192863,38.46884,11.540684,27.997993,9.33017,-2.6800194,23.190002,4.8777084,12.713825,-4.7713966,-0.011745453,11.04235,28.39429
-9.489761,9.151882,47.896587,30.209267,38.36196,13.574669,21.489388,14.9683075,32.840015,49.77411,32.750412,5.715927,21.014587,-9.994011,21.84697,33.71849,8.799377,23.490488,28.9477,9.617794,34.085648,22.034878,14.395569,-0.18120575,38.82775,24.424381,26.213142,14.916611,-9.105724,-4.653637,9.478535,22.376728,-2.341442,-4.843384,16.203053,6.862034
-3.6893005,13.414842,49.185406,-2.1651306,48.889824,1.3313713,1.777916,13.452217,32.273643,24.190243,34.618736,17.67381,14.264114,10.3250885,26.166977,19.869877,25.826302,25.911654,22.036182,25.09684,23.227169,34.542877,1.3201599,-3.7484283,31.132095,35.00713,16.738258,29.268032,-8.646004,-17.498352,17.024334,16.120106,-7.8084793,1.1213989,15.626804,8.261379
12.308353,10.248741,45.653946,31.305542,16.560759,11.261604,11.465027,13.963341,44.7938,26.364113,54.01836,17.927826,9.756489,31.959328,27.825401,15.043468,47.932686,35.038773,15.288044,37.330585,1.2334976,28.038013,10.288155,15.104046,28.44864,30.737638,5.0695267,26.930304,-19.039396,8.663284,16.091585,30.930614,1.6134682,5.859951,17.312582,50.16182
21.019173,19.728916,49.343773,41.82345,23.669449,20.76643,-7.8454666,7.284874,40.69164,39.60678,35.77702,34.25424,8.982529,27.526329,23.950752,24.882778,6.6610985,0.23414993,15.687214,45.151325,35.163677,45.376667,30.065338,20.530544,55.653812,40.26297,14.016819,54.95938,-8.327496,14.071186,20.02591,21.318125,-0.014694214,13.28537,27.256332,46.438927
36.555138,20.261555,43.86466,46.678295,22.963253,25.61747,-10.460098,10.43058,57.48578,56.298256,45.97687,23.844086,22.128235,46.82497,33.86263,22.900597,23.99952,27.931602,23.579739,39.599953,37.17677,50.04555,28.613579,16.375916,54.531647,34.21822,17.725636,29.97734,-1.2964668,29.229576,19.637615,8.196644,6.672924,22.474724,29.125866,25.89265
33.905518,13.26255,41.651924,37.676964,27.719383,34.42232,5.273491,-1.125989,62.444603,54.352135,46.422043,37.7998,22.265266,51.631004,43.208836,28.038715,31.913734,30.240065,17.729668,54.219746,57.269043,23.260391,29.08765,22.918583,52.96955,31.713764,11.830013,15.358717,10.016266,26.786339,19.671232,23.75446,17.946686,27.647999,27.741203,30.598549
27.76317,32.713276,38.57763,39.986263,22.096962,28.868946,17.69862,8.937965,46.831627,58.327988,37.616783,25.101051,30.443317,44.15084,27.684528,41.437412,88.799034,30.418358,40.28186,37.826912,36.233757,48.05677,26.55127,28.028358,38.25801,28.610067,-19.86216,5.0226936,7.3514175,11.097712,6.6732063,21.076115,16.002644,11.078011,45.710835,31.52758
14.655815,31.372986,36.064056,13.0370655,24.301426,42.86669,23.331379,19.875198,57.712868,70.89466,54.947884,43.78748,35.29861,0.032032013,41.63766,37.612316,61.63523,56.374138,46.04447,29.57267,66.967834,32.822586,24.361458,22.249287,29.928406,30.176933,-14.975037,-7.238514,7.201927,15.082584,5.94952,9.664871,20.772633,24.474716,52.321106,44.234097
22.140388,26.415579,38.029697,24.421555,20.884087,48.378624,32.699913,37.79287,63.88556,68.13377,62.642685,18.354458,21.635998,30.48685,40.755444,47.280552,63.69067,67.77863,38.626648,23.717525,71.71232,26.323257,24.913754,20.666817,27.967236,30.118347,-32.324657,-6.0535736,16.909794,12.128948,22.496418,13.021648,22.893314,27.2569,52.786816,51.8591
35.60488,31.907803,32.083164,30.765858,31.1346,34.54525,14.329063,40.82858,42.711517,60.685898,61.367874,35.373844,-0.44961548,12.929901,32.24725,54.552723,61.259354,48.38633,6.1323586,43.26696,52.126263,20.46597,21.770523,19.247488,28.30141,21.07347,-21.788906,-9.98576,26.701614,11.182102,18.360561,1.693222,46.595345,35.65258,64.70549,47.58418
30.755783,38.11238,31.071674,40.535625,19.504112,32.927647,37.60368,46.448452,28.420143,51.248524,28.722881,24.081226,0.031223297,28.489128,33.959995,35.87991,51.488316,58.99483,24.492252,39.66281,15.2019005,26.648926,23.728844,4.3522987,21.34766,36.1136,-34.775043,1.5119057,20.97131,11.285065,18.76965,5.9598694,37.247116,31.587322,68.6593,47.034218
26.387634,28.545311,48.001747,33.25557,31.239986,38.5892,29.923988,49.85581,19.292606,37.72444,44.817524,19.207008,30.25018,29.601448,40.789024,33.16028,41.00511,44.162384,21.79361,63.789433,25.510815,3.4233932,25.386356,8.588203,30.370407,28.679539,-18.699802,9.495686,16.038895,42.291203,22.632446,-0.0058898926,30.8707,35.792606,73.82823,42.26741
28.141834,19.237782,47.804848,30.677715,41.21601,25.527351,40.53154,37.883305,32.47202,44.174076,35.64385,20.246868,19.015068,26.746899,35.977585,31.542702,48.73745,37.892685,38.125603,55.765697,47.359184,16.506382,26.57835,19.795311,40.362244,23.712471,-12.12302,8.975651,23.419037,42.332024,27.283733,43.01758,21.779104,21.164856,72.84071,38.14492
25.048843,13.821251,60.93266,8.1276245,58.072754,22.960354,32.330444,29.648212,36.978672,60.85862,37.0852,25.91478,27.081524,22.727432,17.005405,28.392754,49.17187,22.354088,10.2132225,38.44936,56.43133,12.760426,24.43599,28.006283,32.762062,15.703487,-1.3659248,20.884232,24.041851,24.487083,28.002045,29.619581,22.278496,28.584156,82.08801,43.815163
2.554905,24.653728,42.511066,29.64257,29.47148,34.80539,17.864597,20.384293,19.725418,59.15387,40.414375,18.627178,11.62299,3.4687805,20.851685,30.679821,47.242474,26.318586,4.430931,33.72057,37.264145,5.4421463,16.104412,29.760147,40.242382,27.512058,5.642231,11.889321,19.606564,16.847595,38.901733,20.234276,1.4617119,53.85627,68.91582,45.91398
9.632797,20.271433,39.467506,23.262672,44.868126,38.62976,16.564133,36.233734,24.495792,61.891502,33.06065,14.674755,11.376461,11.418238,19.623169,13.288273,39.945812,26.333479,-10.557762,35.831238,30.888866,16.107807,17.952816,29.53791,12.149574,21.200245,12.792316,4.7376976,31.050087,12.324738,42.294304,26.57386,-0.19098282,41.429596,80.19319,42.130554
21.342575,32.061527,36.216206,0.161026,47.436913,43.647343,14.674793,25.057041,-8.928669,53.787056,30.060223,31.19202,21.031334,20.5167,2.0255127,20.743118,51.25435,35.022552,-2.208702,23.352032,35.554214,33.52759,16.116894,23.710217,15.027437,26.620586,12.413265,2.4257507,1.6429691,29.957882,47.181038,17.11846,2.971737,33.564335,84.10712,46.40679
23.37482,31.875793,38.053383,21.147772,45.692444,12.502293,29.962269,27.273455,-2.5795135,45.71576,16.843277,20.299576,25.919949,38.385834,22.432266,-28.64338,54.017044,-0.48955536,7.64904,5.9242744,43.925976,62.803307,14.985592,25.592115,23.579964,32.810524,22.293442,11.714756,12.8695755,29.811987,43.93763,30.091057,5.8276215,24.062931,69.1961,48.494404
24.72519,8.623123,46.36279,5.9708977,47.93535,23.432789,37.647926,27.434357,39.24491,39.310978,18.679634,15.110859,31.598408,32.089474,36.43652,-10.988968,40.223415,26.300478,10.789593,19.130943,39.130455,44.346123,18.921898,-13.338612,32.43587,29.999847,1.6503086,17.748835,30.039745,27.592194,59.08372,24.110415,3.275425,8.187256,68.92955,38.147015
26.090649,16.762165,41.129745,13.478796,45.16973,21.63982,38.6107,19.52575,61.99488,31.612843,41.808506,27.92163,4.247696,7.7647324,11.129196,-10.723349,46.829952,36.531143,13.237896,33.271523,55.68821,60.089577,37.659496,-1.4294624,24.04716,9.374016,6.919094,18.609646,27.321964,27.695686,51.03769,16.951992,11.897331,6.731842,78.535065,82.15434
1.6397438,17.66612,57.58611,22.129536,12.454388,13.754448,68.20181,29.07758,65.66399,58.13879,38.760635,30.987133,17.74139,25.215538,35.912285,8.485691,60.866833,51.102657,12.285187,52.34663,47.91914,82.515564,34.848225,-0.55565643,20.611143,12.345596,14.428757,15.450446,34.807053,32.817055,43.077927,10.041588,4.5680246,9.8589325,60.934658,88.16385
14.770454,5.19363,53.131207,40.377735,35.183308,21.94019,74.66255,31.39397,78.58147,81.97272,47.75476,60.483955,41.584774,14.76309,52.171158,28.368336,64.375854,59.492237,28.807743,57.806187,41.83538,86.09947,29.229904,23.355057,25.684162,12.949162,11.241425,51.10835,44.93818,31.623117,41.3747,22.9949,5.288385,9.563496,57.55923,79.471085
21.94926,14.376751,50.587,39.167007,52.227776,35.572796,69.64749,46.59392,86.29124,81.13383,58.8339,58.480225,63.067627,84.80461,50.07923,40.558495,47.679283,83.11506,32.82597,51.880764,69.18484,77.00357,32.4727,30.917824,37.936752,8.812302,11.964256,34.51825,43.250454,28.407606,41.286762,5.285799,10.349594,22.32312,42.171154,75.03885
33.688522,30.429813,52.44394,55.792004,42.986656,61.229057,65.05347,38.58135,72.594765,103.499535,54.116264,67.07115,57.32215,61.33924,28.380646,57.295475,53.94657,89.49405,45.883263,54.24671,81.72242,62.115353,34.73055,20.144043,35.64041,10.444733,24.923279,39.104607,36.645462,25.791622,41.882133,-0.23684311,9.031784,30.346684,43.277546,85.43325
52.17466,26.101704,45.11092,62.764698,53.24878,51.618927,50.74931,32.566425,57.041107,83.08921,84.05912,62.478367,55.95584,60.32061,40.41175,60.64423,64.809074,80.581375,53.60773,57.50014,64.56511,63.5921,35.40872,23.112576,19.749176,6.8987045,24.59208,33.94943,42.18479,23.186644,41.865067,6.4219685,16.510452,45.79703,39.18956,70.800026
40.400215,40.83372,28.267067,60.09941,20.321056,33.13408,76.86249,27.896095,60.14871,64.04246,70.68426,57.88086,61.61638,69.741486,48.673897,58.459187,66.5346,72.85911,57.660534,68.686066,57.320312,57.664314,52.403667,21.453308,-19.413918,16.271961,26.299355,15.439196,51.200523,30.343626,49.144493,11.782341,19.660358,48.1859,61.014248,72.380035
40.50704,36.599857,37.690018,42.587982,19.797157,38.92581,74.52082,47.83583,55.3991,71.74138,74.61392,56.416546,59.651314,71.51906,31.848866,52.226734,69.44484,82.68615,71.6328,39.655144,74.676735,58.994175,61.193687,22.961163,-45.82478,15.735428,34.540485,19.070002,62.45071,32.14582,47.426575,19.80354,21.315033,52.905815,65.385544,49.2363
35.993423,39.759674,38.808613,36.211216,25.676191,47.430714,63.64454,49.190228,45.537357,77.86329,78.860825,59.53445,45.00964,68.066284,44.484406,8.651791,37.027878,72.767334,66.92754,52.75923,54.56911,80.13913,55.12706,48.99094,-15.743933,15.005039,37.7606,28.53717,49.5038,35.60577,5.4181213,28.148552,28.831684,52.50045,55.419308,45.01907
56.63806,40.82317,40.62805,34.66339,37.490692,44.6607,59.700363,53.726063,50.20645,64.61856,61.34436,63.451595,47.156406,80.97323,63.29326,18.264858,44.292046,36.19811,86.61757,81.15665,72.981766,82.87864,51.85666,43.17021,-2.5332084,17.655792,4.9401855,19.541817,35.06013,37.575714,17.958868,29.89927,30.517136,42.20735,53.529613,47.75578
51.462963,23.155586,50.934433,29.370605,45.9878,59.549164,76.088974,59.81274,59.89964,79.36621,57.721085,40.546963,70.89943,73.59411,65.070465,33.227795,66.22861,54.371517,81.35219,78.4508,46.923267,101.80422,53.291,43.05446,16.989155,11.566555,-5.727518,21.73962,37.134163,34.389328,15.294189,22.969755,31.020618,55.592037,79.79582,50.232765
63.21656,21.332886,61.70056,20.767212,20.894728,64.86655,74.53089,64.56778,69.75453,96.850586,77.05363,46.62997,90.88592,68.9137,64.75644,44.684727,73.40115,73.66766,57.29725,82.7618,46.88498,82.60246,52.20966,36.23643,19.51645,13.366558,10.429325,21.29752,29.381859,27.095573,23.580868,10.182823,33.17797,64.54876,72.24169,62.1181
55.796585,35.628765,68.82312,13.402277,60.614838,63.01975,70.22848,40.761726,60.583027,92.801796,89.355736,75.08403,83.74435,49.40159,75.60374,60.116524,76.682434,68.056244,69.15076,85.10183,101.8949,84.34737,54.193527,53.02271,39.950657,33.401493,12.841187,33.70356,25.453789,26.530378,29.621151,12.664307,33.126534,66.309166,82.53671,61.673264
52.58357,32.11629,83.926414,31.42823,61.131927,69.54669,50.70867,32.380527,82.61985,93.50301,74.3838,83.14706,90.9541,68.55436,76.69089,64.721535,84.23096,79.252,63.97912,78.953445,79.46803,88.211655,54.263443,22.30832,51.95558,31.301872,23.098507,31.873838,12.511622,27.082344,24.278702,39.838783,36.83998,72.67552,59.998077,61.73108
46.50969,50.97782,74.73798,51.584396,72.28963,68.73689,42.683613,38.484253,85.9966,65.3938,86.76587,70.18227,86.61029,89.271286,75.21146,56.559906,86.59826,82.65415,69.51904,78.21742,89.82206,94.29773,44.37201,26.72949,45.617817,31.284378,18.353943,29.303072,13.276852,23.693567,29.271976,36.007046,30.182884,59.023594,60.4278,74.69841
41.76094,58.741947,71.36013,63.278652,71.06586,70.42508,61.37757,29.250454,92.654945,85.75494,80.425705,60.423332,77.63147,93.21941,61.155632,73.37407,95.77373,49.59264,65.01817,93.915985,74.32399,91.67711,52.602592,35.339787,52.90766,30.34624,18.667728,26.532177,12.249077,19.917559,26.590128,28.922813,31.162735,63.449844,67.11221,74.7734
43.56744,47.148605,80.6577,64.68793,63.586056,57.22666,75.89651,29.629116,83.87362,75.48643,82.93622,62.140015,73.95215,61.619835,56.202057,77.43386,65.76767,62.90101,77.40488,88.29651,78.19994,89.63225,51.28112,36.30242,52.639297,18.186049,13.200798,39.394825,14.496803,22.10595,30.248869,18.027534,20.13842,50.45768,68.32884,77.32537
45.590435,39.18927,87.005264,65.02934,73.07193,38.28225,70.464294,-7.4549484,78.99209,64.52629,99.29198,57.395317,89.43416,78.78088,71.79542,83.79218,77.08298,82.244606,66.63159,78.56169,88.018074,14.83667,63.07958,31.730576,59.82008,15.286079,14.238251,38.240868,17.574903,22.98943,32.004333,39.59288,14.105522,64.742836,69.82903,63.338818
34.425835,41.958115,76.74426,79.31964,62.175976,59.80876,35.61611,-0.8570714,62.511124,74.623,99.29355,44.132732,57.690437,65.92453,60.23712,85.51835,80.54974,56.059093,71.60187,64.73714,101.81136,13.944298,57.40795,28.663918,67.99365,18.968342,15.152897,33.652313,24.376442,32.44539,48.383163,29.89376,21.358837,71.23237,63.942696,72.81673
36.1638,52.246258,74.751045,64.16579,72.62981,49.129383,16.485466,3.661255,52.065445,98.0587,67.04213,46.486298,29.567204,54.813164,55.14121,73.59067,65.81533,40.34227,68.57634,46.29093,68.45003,13.065418,73.70692,27.473434,90.12013,17.045929,29.826954,54.66581,25.399786,27.19374,31.588882,31.70168,25.985538,66.24031,77.81988,69.55967
32.583244,3.7430344,65.58891,57.607525,76.32729,27.916264,9.4946785,0.9252472,56.46444,81.32918,31.428085,28.860561,28.551285,41.37285,44.219566,64.961334,59.127037,41.475132,56.27511,35.540234,79.87477,13.027241,69.74023,24.802383,81.80532,13.581503,23.973465,55.314983,33.771133,30.132986,32.044365,32.424885,18.085194,66.52621,76.44602,83.47802
27.425108,17.907558,57.451244,61.921837,67.827675,41.223373,21.634705,9.806656,49.984856,38.81115,61.448402,15.436066,24.690876,42.085495,36.637432,58.670933,66.76996,45.8293,59.474735,48.351944,55.753532,11.828842,56.411102,28.245358,63.54138,15.118229,38.799774,41.8241,19.506836,36.443733,32.397995,28.90715,0.18175507,61.278824,69.14285,85.4263
28.04533,20.306019,53.122543,55.66952,59.89263,43.132946,29.57019,3.4390717,42.286102,66.14525,38.572998,13.12273,19.250443,4.6653786,37.506374,58.044174,53.265873,48.708588,43.786655,31.318554,39.290287,25.308796,54.564377,27.50359,53.497723,20.068783,42.371635,34.81596,21.05885,-30.338203,33.29603,25.909723,4.9564247,58.317932,51.79972,75.429955
30.33337,8.363747,43.3323,32.253456,51.924522,21.787136,19.993988,4.590355,39.217308,44.00116,48.796307,22.206322,17.924114,30.655308,32.341953,83.7187,64.55284,39.83892,16.607178,45.740555,58.772537,30.023193,52.153122,15.178192,51.563347,23.403965,40.105698,30.873478,16.073109,-19.320316,35.933083,27.157179,7.747162,49.89003,34.328415,63.0197
6.9293404,18.60989,41.238724,25.95472,42.102936,13.740261,25.940327,14.992676,24.43103,43.295124,58.09258,-9.914284,-41.795296,-3.1743813,30.149807,60.617043,62.76229,41.68033,5.883171,39.04074,35.024548,36.319614,40.348175,33.331753,48.4924,13.492336,39.075348,57.286594,15.106264,-22.282867,37.72109,11.807215,13.095551,45.476555,39.18266,58.68106
6.645237,18.113033,34.277214,29.636635,39.604958,28.034004,15.117302,16.59092,44.95808,24.595621,16.376308,7.853554,-19.005386,-8.060272,41.947216,52.97241,51.373825,59.110184,7.991276,40.078175,5.059929,33.75345,39.613735,32.622604,35.438644,23.677727,31.4903,50.214325,24.320019,-40.11547,28.462637,20.196318,11.994175,34.641724,48.431488,68.95387
15.175991,16.214691,9.274002,25.525982,42.130806,9.951302,18.838528,14.544392,50.86087,14.793377,39.835953,21.911633,-1.5641251,15.114811,32.091526,51.91239,68.24393,47.24226,9.716309,45.422913,-9.393684,21.839165,38.052036,28.64785,13.263397,18.986958,28.504387,46.252483,11.585567,-39.24054,13.771076,28.916685,-1.4538994,31.076748,46.01511,55.178085
-1.4497643,1.9930878,-30.628155,15.839214,31.654016,0.79631424,30.908428,9.788712,46.739483,50.19613,57.77252,21.295769,6.2969093,-7.1671047,32.42317,54.78766,45.46309,45.144947,-3.8752747,45.0063,-6.637085,39.90547,51.514008,24.646873,-13.547388,21.082253,45.251102,50.863716,17.176407,-30.013195,17.975325,28.34769,4.768011,70.82874,34.537086,54.14743
-8.406509,-6.6298447,-31.97567,-7.300789,12.39174,19.278141,19.697777,22.1325,55.167698,10.802067,48.36312,30.464619,9.884361,15.094254,28.076519,44.63117,56.145092,44.22227,0.122299194,44.84112,15.959766,-34.305275,46.2811,24.41927,-34.92691,24.412107,48.00492,38.236332,19.344866,-22.809177,28.75346,27.528427,9.596798,44.10976,26.950397,38.11129
1.4937019,-2.6215858,-22.040588,-11.910553,-5.094719,6.7282295,4.0861664,16.08944,25.304943,55.008133,49.415806,2.2707367,2.7072296,23.48198,-8.548714,38.17587,34.851044,16.404087,0.42499542,19.987576,42.384426,-34.69404,49.94084,30.177174,-31.327961,24.40166,10.606255,41.947575,25.929546,-21.039345,30.021671,48.00956,12.375942,36.594353,54.344093,40.591568
0.60691833,-20.202477,-28.221153,-27.875296,1.860035,29.862747,-8.816895,20.874022,9.120438,51.1619,33.3212,-7.3948135,-14.038315,-3.1370597,-18.534683,34.55335,-1.6375198,-18.90542,-10.421219,-2.627098,23.155123,-1.0618515,12.094681,15.45697,-25.422241,20.86987,11.268375,27.287605,7.2231646,-8.364893,27.564482,35.082657,8.1907835,43.641525,52.835808,42.598457
6.429142,-21.786629,-9.271339,-18.905916,-5.794735,24.578617,19.32322,42.042984,10.342789,31.042233,9.878616,-14.957436,-11.497738,-0.24911499,-17.877075,44.949677,0.7609596,16.93943,-20.885384,-11.739891,0.7141113,-9.573303,0.587574,21.825787,-16.455505,19.617756,19.474098,13.7016735,-18.90258,-5.9219017,35.176517,43.290806,14.606077,28.492306,25.016533,32.256096
10.753395,5.423935,-32.037018,-25.896189,-7.297703,13.36422,7.2258835,35.739037,12.342102,28.815018,19.63826,-0.35012436,-12.369919,-46.106323,-19.967148,32.927025,2.8886693,21.877796,-12.1660185,-13.635986,13.27787,37.630104,0.6540985,33.67238,-0.17347336,46.634,12.931461,10.930137,2.777893,3.4253235,22.315851,29.776894,8.638424,21.747963,31.183277,9.000621
16.912006,4.526932,-20.681145,-14.402031,-19.863712,2.0920296,32.793346,32.26493,34.644638,8.256844,21.28351,3.5082016,11.408249,1.3816307,2.3352203,17.472317,13.680687,27.989622,-10.785118,-1.9956436,12.043289,16.846897,0.73244476,66.97623,-17.357685,36.745903,17.006706,13.880291,6.5396004,-4.813591,17.46064,31.42564,7.9516296,18.771175,20.488335,6.408674
16.401505,-17.00724,-53.96974,-9.064747,-13.511997,12.620842,24.657589,38.040028,20.943218,21.060505,53.52224,4.6796837,-9.850113,20.182583,13.123562,18.586967,19.553646,20.452015,-22.725357,3.557396,16.744354,5.828724,2.8086777,57.838932,-57.46222,30.241274,26.623337,10.142887,8.360821,-2.3788948,25.216175,33.470367,8.874054,22.397638,10.478165,-1.7101364
25.178616,-63.08056,-47.530914,-18.949583,-20.080616,17.526623,17.689148,31.853355,10.636581,46.541492,14.883038,-0.29079437,-4.765568,13.003906,-12.65358,23.498043,32.665413,20.14552,-34.484894,9.38858,5.216118,14.382198,-1.2778664,52.431034,-43.837418,20.57909,23.124104,8.788128,16.098438,1.6652985,27.65971,52.376854,8.4412155,15.049541,9.114521,-13.770068
19.80164,-16.166405,-44.038204,-22.777409,-26.611437,46.243065,4.187107,24.26582,11.271355,44.135654,30.437202,9.437637,5.091984,5.445928,-22.543663,15.693375,22.915958,34.245068,-20.34581,16.022102,32.16192,18.43607,-9.909637,42.658432,-36.79674,22.454576,23.253937,21.389137,17.68353,20.258034,28.903254,52.556313,9.401035,1.5637894,17.454117,-0.23440933
41.862957,-4.4573975,-22.874474,-25.218166,-20.568787,31.745365,-1.0063667,23.355156,11.356934,-6.1371803,26.993462,21.641193,-3.7834473,10.182735,-9.459431,15.338009,9.54668,44.092278,-10.800575,16.019886,6.460861,23.595596,-7.532196,37.06716,-56.277588,20.825962,23.39201,25.817621,29.382584,17.331032,33.958282,38.67502,12.559298,2.7305984,29.952007,-2.5719833
42.500893,7.3135376,-22.330345,-22.32415,-20.15217,13.110245,3.1968384,3.1934738,19.132744,30.298195,25.607512,18.905285,-3.5442047,38.382877,12.827278,10.612476,43.577785,41.942047,17.05352,28.231308,27.663483,13.671749,-3.2733536,34.459915,-83.81592,19.360748,20.8942,17.8775,36.31051,20.503803,22.100842,30.65495,13.551434,0.90418243,28.145447,13.985886
29.256187,29.827438,-6.145645,-14.17691,-17.94809,26.045177,5.7946243,10.991951,17.477062,25.234596,28.792023,16.887741,-2.7969666,1.5113678,8.6692505,5.679928,37.044044,35.97522,21.860538,15.129852,38.88092,24.704124,30.78859,5.565796,-55.142773,9.214981,20.279762,13.928281,35.764576,33.85813,24.067612,13.501999,19.949898,7.0921173,38.730175,17.804672
15.165119,14.293034,12.759476,-13.59818,-11.493076,16.480625,11.814384,0.0072631836,17.756992,7.784561,26.51923,14.354385,24.92009,19.077412,4.1724243,4.754776,33.26686,44.806904,21.690716,13.75584,14.232343,29.95794,25.097996,13.024879,-56.705544,28.15561,22.33049,3.906578,28.393963,29.51294,3.0843048,14.754345,24.031517,13.213783,34.890194,14.439247
15.631771,25.161934,14.390511,-7.445078,15.452633,2.9837074,20.607758,-15.7656555,28.950344,44.6978,26.449528,27.496544,14.128765,12.599407,1.2773514,18.2285,18.451015,50.60298,23.576141,33.1187,38.08066,35.030693,27.624115,53.898354,-35.66494,12.129242,18.415592,6.480541,21.609844,28.652899,9.1338005,14.180622,15.108509,18.475895,45.31467,10.807854
14.201946,14.11068,6.8234787,-2.0684204,7.17223,7.5882263,15.244122,-12.614494,30.816887,51.348083,1.7728729,9.125351,-20.479435,28.663609,13.176479,25.426039,19.557135,56.285812,32.148396,34.1246,61.99346,29.614506,19.59407,49.899445,-14.066837,36.271626,21.558685,3.435154,19.785206,27.033546,14.506832,20.289055,11.441063,18.505733,62.2799,19.16029
21.514702,13.684437,10.520603,-1.0328155,8.159772,24.373207,38.793213,-12.521431,41.511215,42.868626,44.00823,6.6884766,32.906853,17.271687,22.657394,18.946152,19.954407,63.37357,26.095833,17.586521,3.2303696,28.18768,19.86642,67.65308,1.4417801,48.689972,15.385056,7.6988373,16.847149,30.459906,18.987118,12.53507,14.90719,15.553516,57.5042,22.98531
32.6257,9.458916,17.409435,5.4667854,8.793941,32.989296,41.219345,5.3580627,56.855846,76.62567,32.04859,21.01093,21.613998,25.789057,-2.4498787,11.062489,23.856586,61.544357,20.586895,22.198036,41.9493,21.798683,37.669193,63.58412,10.480289,40.328537,37.047802,16.056744,17.491089,38.23979,19.909851,11.194077,26.406994,9.341656,52.819828,22.717827
32.716805,28.841755,21.381073,8.907209,26.196999,30.212688,50.984787,-3.6839523,40.21222,54.862373,70.27366,29.307121,15.323257,31.173342,18.84283,16.934422,22.508617,28.562782,10.847317,17.923405,30.209839,19.893951,34.98106,60.989132,20.23066,25.782745,30.476742,34.625313,7.9407578,32.868828,33.91835,13.951702,34.01615,9.754757,42.885105,24.98276
24.004322,23.317072,13.180653,6.570877,28.51453,25.135952,41.50813,3.284401,43.791767,57.252644,46.940014,21.85979,26.494102,32.198933,30.236519,22.69677,33.31771,28.82526,15.506161,36.32181,56.749928,-0.849247,32.299446,56.739853,17.077074,28.228407,25.27655,39.44915,9.700493,32.71964,31.184242,29.423271,11.627346,19.547626,45.60222,29.526981
25.43332,29.598022,34.468395,10.421497,13.578779,26.76912,27.02975,16.373898,56.880695,57.067677,29.271145,21.053673,22.58902,24.19382,19.727966,9.677906,34.059074,28.154572,16.434181,28.968449,24.350883,9.745735,32.124977,55.764465,29.90002,25.464766,18.246075,35.89495,15.988686,34.523766,41.306816,27.277912,15.581085,13.701794,45.308105,29.529404
26.756136,24.264,48.5151,29.085197,19.783468,23.102612,49.847828,32.120453,31.800045,32.057724,48.233475,22.841717,17.09882,-9.133949,29.493427,-21.977676,40.42328,33.215824,17.89616,25.826672,26.202133,4.722618,29.754276,56.105667,14.580578,32.22665,20.512424,29.991953,27.339592,33.921387,38.351612,27.062078,30.781105,16.267437,45.036266,30.49562
46.039635,21.876362,46.700005,23.668037,36.40532,27.798046,-19.660343,41.693035,32.701405,31.073162,56.25242,18.28666,12.992256,28.48416,32.37731,11.224823,86.82312,23.520393,23.094795,21.243649,44.410038,0.2632141,63.68309,43.115887,25.082249,31.942001,18.021751,35.613113,31.817501,31.75447,46.600742,25.197123,28.050056,29.641674,39.58909,24.99427
41.298088,27.382473,41.871956,21.512184,35.17922,31.868313,-2.499405,35.89439,60.485863,36.87876,60.9599,11.430229,-0.08856964,13.4758415,23.00399,16.432117,59.68087,29.559399,25.202782,19.867165,1.675663,-0.3633423,42.893772,20.826412,23.19092,56.47983,25.113316,27.283695,44.149773,33.84628,45.12687,37.0177,18.26353,24.207088,48.84927,13.31604
32.178318,23.760902,47.266994,14.261913,9.059568,19.834389,12.139893,39.19705,40.10314,42.92755,60.541683,15.027069,-6.1547775,26.617954,26.845192,30.834518,45.948593,18.71334,18.28027,19.898605,58.819153,12.758804,48.86516,37.38067,28.365211,49.47133,25.33508,26.792362,39.4254,37.33474,40.950268,14.577492,4.550205,16.644527,63.37931,22.50232
4.069294,18.531498,41.93002,32.702324,28.266739,18.477943,14.361259,28.102913,37.385677,37.378105,53.25891,12.633064,-1.3249741,26.91181,39.482124,33.85702,40.76863,25.516861,33.006664,19.774036,2.044445,5.6254387,45.169853,38.44874,32.549118,42.34462,29.223785,23.82809,49.20093,34.9461,33.10807,24.883888,6.225155,12.56411,64.35842,15.57428
-2.4927483,14.56459,38.42731,7.0097466,37.432392,19.817253,40.634167,24.983448,31.159729,30.861282,15.378937,11.671761,-23.627335,31.466885,42.726562,59.805187,46.614487,39.61775,26.677635,17.87349,24.516026,15.2216835,43.028656,35.06927,33.705902,42.88258,28.11678,20.726377,40.715866,38.308292,33.88209,28.759602,7.9843216,2.7920876,38.74231,13.744595
16.78923,21.791859,48.045517,2.7285843,21.47871,20.398739,48.68971,12.690483,30.335857,29.39679,25.139107,26.888065,4.222023,21.962559,34.112453,79.192,36.942493,47.048958,10.83707,26.585014,16.492828,17.970394,74.27092,54.336662,32.499447,39.23964,28.525951,18.458456,8.768763,43.55185,37.253517,50.19907,8.813972,24.93534,24.854408,-0.7530899
8.462444,38.128998,47.215004,26.748833,22.719988,28.73642,37.706787,22.593056,25.297157,30.012867,23.116703,21.781883,26.810356,29.279366,33.257206,63.17988,41.103546,39.743027,17.21038,19.366398,47.478348,15.769718,85.36099,41.76162,48.678825,28.80135,31.543613,20.702244,25.038105,46.517063,37.564842,37.29962,16.080854,27.944271,30.780785,6.53685
13.395359,50.572155,50.817787,22.640491,25.156399,40.689163,32.318283,18.798988,36.55733,33.56481,34.42708,8.508858,28.40176,7.926937,27.265781,53.832832,42.563786,29.987274,12.792728,46.9838,37.140976,25.40944,75.1742,43.761795,-1.0984955,27.969482,17.539373,15.931576,33.402397,44.100643,38.574406,35.83892,31.428272,43.29495,41.104725,18.990746
10.043144,-9.376713,33.197086,29.276924,32.36549,46.44018,37.059116,26.601582,27.820892,49.57986,40.19554,39.12166,33.815388,11.969833,41.814213,64.76289,41.459393,39.125576,16.882793,32.481335,33.364643,42.638596,77.78334,54.508446,-8.625774,37.173737,21.37328,16.562689,34.137745,44.77571,55.63418,34.28702,30.975893,40.062233,38.69133,28.55402
30.951649,32.88399,61.833153,24.960747,31.688375,30.127754,53.530468,27.929054,26.829388,45.503002,37.531246,47.62574,36.323963,37.96477,67.54158,55.87102,54.14808,57.93706,41.57338,33.258633,9.532352,59.355057,90.05032,57.039165,3.8558426,46.910362,49.542282,30.034319,43.492874,40.869877,52.8327,36.05735,18.902208,32.08949,36.680275,27.415607
38.877815,47.673145,33.38121,31.000309,36.235687,49.65831,35.096756,19.56018,55.144287,33.5552,41.984516,48.7292,33.8706,55.579453,38.952087,43.307144,59.86362,68.34592,56.74776,58.702263,52.54992,64.83238,83.330536,46.79598,25.697224,44.873943,52.812683,15.907143,36.857372,49.2498,68.829956,13.3252945,21.307457,37.324062,33.911213,44.267754
44.113632,50.321083,48.173786,32.005424,49.40113,29.419151,52.757137,23.779686,53.805374,55.12114,43.22709,47.638023,39.973766,58.64873,46.937824,65.66325,67.29738,67.78117,62.09089,63.716717,48.927856,70.77602,75.256424,44.49177,-17.493376,41.026436,55.230976,11.0914,47.22755,55.403038,80.500336,37.194427,20.475765,28.811401,36.223923,52.961304
40.498016,46.496365,47.529896,35.99866,52.960514,19.319626,62.1603,24.09639,56.097557,74.27866,30.936714,57.259262,37.00668,52.06734,75.819595,51.884056,69.09076,62.140366,65.47776,65.29111,83.68303,58.44589,81.86659,47.376884,5.2035065,28.517433,48.035168,19.886747,50.219772,52.810486,64.72794,67.73205,23.866917,46.275482,44.294228,63.004677
41.931026,36.33196,70.07775,54.946533,51.288204,32.404514,2.9450302,15.906124,90.34932,68.624176,56.732243,39.57407,38.27444,61.861946,74.104294,55.720665,71.71628,48.78437,81.87637,68.971664,81.53494,61.93576,81.73022,34.723343,26.99237,53.38408,45.401237,36.052437,41.586773,51.708443,61.608673,53.108727,24.86708,59.367516,47.873356,67.542534
52.498665,31.838127,53.682304,52.572598,56.02129,52.946915,25.109825,37.317657,104.94787,68.804344,92.9103,48.75608,34.78911,44.944534,71.73633,63.578297,36.66777,60.706944,77.325165,62.40121,60.324375,64.10646,77.367065,36.12818,25.749077,60.851135,43.77357,36.74304,44.887802,60.209164,67.2298,40.764565,32.79056,47.800377,50.2723,70.85388
37.85765,47.325714,47.671196,56.677666,50.52106,36.084473,49.150272,24.002472,93.220665,90.18867,82.39357,49.09037,26.703518,81.59838,69.71772,30.551048,41.596916,51.471954,54.604935,49.8697,46.5144,76.627716,74.18533,28.83197,40.350384,58.063267,31.459122,37.571323,53.8697,54.907784,64.24169,46.062668,35.72833,58.398964,43.05209,91.388374
29.410854,52.99304,94.586914,52.30807,48.643227,32.247597,63.426685,40.754887,75.118286,88.81267,82.278564,72.80763,38.663006,62.440414,59.86638,30.47506,62.51576,58.707066,37.02766,75.94913,46.777435,78.77399,71.57404,26.271076,43.386955,60.24318,41.404053,21.25584,52.12187,44.217415,58.587532,53.49506,24.181702,20.325874,40.471382,59.505775
28.286974,60.999126,85.75752,57.506645,65.91063,37.319748,62.789482,47.436104,72.00151,87.057526,87.68365,77.163704,59.058525,79.1214,78.28107,37.450016,81.54667,79.84732,45.968132,65.491806,66.86191,69.67817,64.24077,34.875282,59.46078,53.741684,31.179863,33.937393,59.48867,42.03236,58.67745,51.557693,26.77585,31.726795,43.073963,51.43578
30.550533,50.136032,68.37373,62.49785,61.13323,44.583492,67.920975,46.1856,85.48487,89.053734,50.389694,74.06319,80.28773,64.096245,77.977295,49.79079,90.17269,76.418015,54.832253,68.84253,81.46801,74.293076,61.276363,56.68664,58.659615,73.91614,42.08358,37.375187,56.667503,43.194687,42.049927,57.332954,43.46096,44.30174,51.483746,53.27258
41.02218,50.601833,58.10373,82.83125,66.08188,33.9235,85.934845,58.821175,97.86116,103.40966,78.463776,81.39205,67.43426,44.51552,82.54283,60.313145,83.78017,53.993607,59.405815,74.84709,84.74303,66.83004,60.474823,46.10459,58.84294,66.36049,52.562244,40.38071,40.729652,44.751347,51.281948,48.23841,46.368954,49.354977,60.925938,74.790375
40.6081,43.24225,57.507965,74.421455,61.512268,61.295708,70.99103,55.03475,144.28754,93.427795,88.85313,72.06365,69.7348,80.249825,77.6817,70.34907,88.09567,50.383778,40.914616,75.45964,64.7041,76.00848,51.27541,44.943264,58.47143,53.169895,51.50801,46.862106,42.35144,41.754784,57.503468,48.7903,38.09038,57.99357,69.30527,78.29357
41.743816,53.143795,57.313572,63.596024,59.44053,73.90584,69.60173,58.60663,115.51529,89.44755,145.8833,86.233246,60.62504,83.15992,68.37468,94.464645,93.06005,72.70225,51.028114,85.50366,73.744934,68.16492,57.51361,35.4726,65.97449,53.235485,47.975483,40.693554,61.473682,48.798058,50.3914,54.95855,30.807869,55.322716,81.88272,77.416336
45.80876,57.263977,54.034355,59.328552,62.392906,89.55773,66.42146,64.06401,121.285416,104.22511,116.05727,77.19081,55.23427,70.718834,76.77542,90.28774,90.7536,75.131424,68.14986,81.61339,104.132195,50.910187,60.921417,32.68239,56.232944,49.107815,45.298454,55.62922,58.234398,23.661041,61.714844,47.96077,28.276653,67.80574,82.48219,93.24524
75.92601,69.53318,65.01869,61.680447,60.742302,68.26843,63.167896,49.539787,104.41897,108.68795,124.01766,77.51404,50.729042,87.63637,51.75432,99.03427,99.88967,47.39763,64.48641,64.31885,115.272415,55.216114,52.29318,27.679012,54.45865,51.40393,51.838352,46.83726,45.466846,28.148363,84.319275,33.88516,30.978146,68.60968,93.691025,80.18111
65.25824,70.0056,65.78496,56.61447,31.759888,61.968166,55.364162,55.17158,80.31802,110.92731,96.642685,50.63843,40.186108,81.24591,59.21325,94.484,100.684364,58.576534,81.09236,50.61393,76.501144,47.347527,52.44839,45.830467,53.592087,48.51608,84.80809,37.019836,47.272167,33.796204,71.03375,37.556976,31.82169,51.437782,96.92085,77.47808
57.714027,63.88795,53.131397,77.30289,41.2638,60.255363,66.96922,81.98825,63.982754,96.02445,81.69179,10.799553,39.350693,62.033226,55.801403,89.220535,74.56859,75.0188,90.39699,54.60176,43.385765,48.76516,48.24797,53.869713,36.822304,52.07479,77.2052,40.274525,55.719063,24.392921,67.94759,47.954685,36.068714,54.922188,108.060425,69.74678
72.65947,58.739685,55.655563,62.963898,70.825775,61.715977,59.053944,71.55839,65.9613,66.8675,96.24436,59.542953,37.377205,30.13438,56.191013,81.845634,88.671265,62.293518,72.03048,36.27083,62.215126,64.07239,43.24072,67.71585,33.82341,38.816692,64.55237,34.70478,37.1966,13.28842,62.66744,44.856613,23.516891,60.1807,109.630135,72.06203
62.933598,52.82376,61.154114,76.88419,71.55542,78.45951,68.92124,68.57406,68.60074,81.754364,67.39898,69.09613,49.35132,56.502686,51.321777,77.71023,91.65037,57.32926,71.227356,50.325157,59.164413,57.109234,41.100525,84.97164,13.263248,24.812237,69.11095,45.233986,11.358459,20.65585,24.015602,50.461353,18.242714,61.104134,100.2861,83.18385
68.41292,68.52356,64.294685,57.656548,64.91517,80.61311,64.6803,82.17308,59.030567,87.28524,84.90052,55.279106,76.46216,71.7724,37.896187,78.2935,94.335594,62.645523,72.54151,59.058197,47.00397,60.334705,47.911083,59.442474,28.879612,36.150726,66.87042,47.852745,16.440475,17.035532,37.64259,40.126392,11.031431,73.882095,124.37674,80.61432
54.277115,75.27321,71.284386,40.271187,62.66114,74.76951,58.847683,79.923454,60.06068,83.613144,76.11986,62.782536,60.093643,90.17758,49.622715,72.82237,93.84825,67.99177,69.81268,71.43082,88.52439,96.69482,54.21557,68.91177,37.081547,44.969955,61.4385,63.871464,23.849308,21.666924,41.99058,41.669918,16.062912,63.633003,111.75138,80.59652
61.495014,67.932785,81.51352,50.10988,56.335907,63.860962,69.17816,82.58204,68.57715,76.95181,90.72781,67.52362,61.771286,76.34003,69.68473,76.98761,100.674034,78.65756,91.70943,71.779495,106.91179,96.82405,60.198727,44.368614,30.309074,43.56197,58.42147,51.530502,26.895763,30.545544,44.228752,51.760284,10.040271,51.14843,108.882965,73.29296
47.662453,60.58032,81.751854,30.020035,62.192566,40.13307,90.46681,88.4405,85.119125,90.62267,81.61226,74.677795,71.43571,83.328064,63.014633,81.91145,96.492775,79.0709,71.59582,81.52141,80.455376,83.28918,75.382904,18.545914,41.734592,37.039883,54.137928,45.475853,30.011787,32.198227,47.25264,48.17652,14.036575,63.666,99.44765,72.978195
46.719456,74.38505,76.87773,55.371326,80.477486,49.076656,78.97219,89.10994,89.37882,104.07315,81.81586,60.86434,71.76411,61.449776,62.96625,91.27083,93.77515,78.41098,66.80302,89.97259,86.302704,85.90123,75.13114,25.965393,45.014553,39.49826,49.02745,33.359474,3.205635,30.144333,37.690887,43.44626,16.373306,63.52172,103.44124,86.74236
45.484818,63.491123,68.36978,62.007454,73.70828,50.42612,80.838165,98.262726,76.67271,115.16138,89.77843,85.81304,68.975296,72.24135,69.66976,85.04325,107.32468,96.87109,46.669952,85.51744,75.724525,89.490974,71.97316,31.650234,49.965446,38.410065,13.714195,34.47547,20.103859,33.641983,29.678318,39.15672,21.208618,58.171936,93.84982,84.36204
37.897293,43.81377,59.173355,71.86754,68.4617,57.731888,68.16228,106.84753,110.4468,126.37518,97.28786,75.2704,70.93037,74.45025,81.518135,88.98361,96.16189,99.43377,64.04095,75.741806,87.789,80.17531,63.96575,28.9152,56.64052,35.521717,22.620625,32.69352,39.47351,40.34076,36.733643,33.959938,47.79265,48.336395,88.10152,85.29471
39.748737,55.44236,74.509796,65.516304,71.86547,57.171997,43.51863,105.46672,96.95599,129.11307,108.88621,81.121185,56.627663,92.14633,85.53856,83.06984,94.36672,90.5998,71.70576,85.55513,108.574585,88.05091,62.25169,26.30547,30.229328,36.342216,25.35672,42.95884,31.65738,37.598656,36.62948,20.009787,50.07746,58.43031,93.36833,81.55226
48.35991,52.83504,76.795616,70.71422,74.21293,66.97628,52.640903,111.15075,91.54471,102.27521,85.162575,66.17775,69.09788,92.41843,87.62422,109.30975,108.93074,64.966034,80.08241,80.37839,82.92209,92.01365,65.96779,46.490265,21.753216,35.920418,21.555462,38.154835,38.15206,38.94866,30.591797,11.860767,53.068336,65.36878,101.915764,93.729996
52.85306,72.40463,74.39803,65.75104,68.23048,73.20713,59.945854,108.01372,78.904526,83.418365,96.728455,83.32963,47.50508,89.818634,83.24058,106.08701,72.220245,80.4651,64.65109,95.60774,83.10356,101.79904,81.99278,41.5041,34.07545,35.937607,93.60433,24.399128,27.636314,41.830086,46.341454,12.937111,56.240715,53.268112,97.35864,95.20296
54.573677,52.492996,63.570328,59.44281,79.92613,65.34091,67.05823,123.6006,80.73135,96.523186,78.19122,69.11129,74.00042,93.315796,83.08938,88.28247,96.2854,87.244965,57.05368,107.54543,53.612335,100.34572,96.83517,56.781418,38.24268,42.164577,91.13389,17.596466,31.955639,44.655144,46.129086,27.379353,52.69064,63.541695,84.070984,89.59088
52.361282,49.011948,72.7757,64.10035,73.21028,104.33409,82.79341,122.81994,89.19911,96.313644,91.978485,95.13249,89.65857,92.99364,90.89723,87.97184,85.601654,93.45664,73.63789,93.03433,90.94433,97.23836,97.97634,49.212955,26.369259,46.052727,85.723045,35.317844,23.344208,45.87155,51.593277,45.51546,65.839386,50.63654,83.93072,80.19643
62.223408,73.30478,85.99578,69.925705,75.10707,107.10025,91.15512,122.99989,74.70525,85.105316,100.39416,79.55643,92.282196,106.29661,97.7867,73.90924,84.81059,102.06935,92.34135,92.55682,107.503975,114.11351,85.41326,57.16596,20.090916,54.90779,80.70294,50.730522,28.949223,48.565105,54.379475,46.696835,67.189064,54.079292,66.86961,79.18633
67.605316,73.72082,83.019226,60.591408,100.84587,104.80332,74.39198,131.75055,74.243774,86.36588,101.27232,77.84172,96.40496,84.339386,106.46122,78.9345,100.37954,112.08153,86.142624,106.16512,111.17786,106.26473,84.72875,61.203262,36.214725,80.943756,83.29637,55.80536,33.999413,47.36385,44.99046,42.31105,67.71042,59.100197,63.018295,68.31833
77.30326,68.141426,81.4274,72.40612,83.93085,82.659325,83.731,133.1918,85.36949,106.137085,98.32077,81.62314,100.57014,82.05778,104.406555,83.33097,111.62485,123.58716,86.290184,89.84774,129.9926,103.069626,84.5048,48.626602,73.93568,104.64624,70.633,71.61077,30.884968,40.067245,43.22291,49.055702,69.168015,68.46492,64.04332,73.93187
82.20375,65.26103,78.19469,68.713066,82.02669,80.2941,88.529366,124.733116,103.80924,99.02025,127.78227,72.66382,96.5468,101.311386,75.4103,87.71602,112.28145,124.0656,94.76107,88.032135,85.06322,94.35434,88.80944,41.772835,50.77536,104.78402,61.653908,58.120087,38.530754,49.442825,35.48696,54.069103,92.60883,76.01729,69.602875,78.25524
69.32522,64.324745,69.303215,63.39594,79.30306,71.98988,86.45642,148.3012,106.9115,111.87504,95.710785,66.75425,90.96214,81.466736,43.04119,94.27473,103.889854,122.17342,93.42016,81.17478,113.84169,65.8276,95.7731,47.816025,32.16018,93.7038,59.83311,45.842342,39.589615,71.473045,19.384796,49.54832,91.21776,66.43019,70.73829,80.00242
59.343445,65.964714,74.89176,57.856003,81.66115,66.58255,76.36899,146.53345,75.841736,89.84679,89.016495,80.321045,79.70057,101.32535,68.60353,88.96365,78.46964,120.229225,90.90739,84.03093,89.4331,56.886642,88.38995,47.89343,34.776794,85.44025,67.370865,47.139378,38.15749,66.23476,22.334955,55.145947,65.68181,62.509987,77.08905,87.97733
57.693382,62.21707,75.881134,75.87326,46.482548,71.12756,63.860985,129.63045,76.0114,70.862015,86.2213,60.681263,80.644424,87.15078,66.18147,109.885735,74.56863,109.50156,72.64528,71.120544,86.56173,47.849873,88.44306,11.583363,50.837364,86.48895,56.984695,52.567993,40.44603,70.09687,34.46901,73.17241,63.83791,69.011055,79.70845,85.08045
46.298653,74.02661,75.58788,65.58936,55.786453,66.15079,66.43227,124.279274,75.43436,80.27136,116.670235,58.290733,66.69871,80.08003,62.75821,92.48856,82.47969,99.19258,75.17041,63.08854,92.12901,48.627464,76.94926,27.05856,58.755592,81.27999,64.82503,54.4968,41.267582,66.56732,34.66475,43.881084,54.396015,67.610954,70.856964,78.52144
28.001095,82.954605,83.793144,56.898422,51.538273,64.603546,53.026535,127.95336,75.32,66.190765,91.51071,67.19911,52.798,56.426476,65.2001,89.72046,71.658516,85.88137,66.125175,69.498604,80.773636,60.65513,108.61903,39.346638,41.653725,59.86308,43.715096,68.90491,42.41566,65.02693,47.2475,36.06127,54.44397,66.420685,80.40841,101.32983
40.120422,76.76555,95.0934,58.089073,61.37184,56.197662,66.555725,136.8482,77.803085,76.659706,70.941795,71.22472,54.287354,76.12924,68.35542,94.33607,73.88649,81.15723,57.202095,65.791145,66.50308,50.8538,95.65706,44.90763,46.538296,49.11046,48.30537,67.39277,46.067398,52.843956,39.44603,42.64205,54.759605,53.691833,62.792747,90.794075
45.775116,65.076485,90.81264,63.30539,66.27015,56.01078,58.35372,141.45651,87.44094,65.18364,78.05507,43.022533,44.00854,65.98753,58.55829,91.85508,83.191475,80.429344,81.19731,69.61302,67.734184,65.62306,85.52919,43.423004,62.721424,22.374931,61.955997,59.750237,47.424942,49.418213,34.44933,51.100876,47.32803,68.966835,67.53486,83.391754
40.586445,69.29762,74.88636,71.479126,71.19062,51.483242,73.668816,141.62189,82.80793,88.33723,86.669,65.62352,62.57299,49.211685,61.28192,90.11985,85.744965,90.42436,66.011894,43.228577,55.209965,62.82963,82.38785,60.3994,59.486935,15.143217,82.39689,48.74393,46.02601,50.449997,13.823826,44.23667,42.897343,65.31402,65.92276,85.35218
40.47458,57.27534,71.92626,67.74077,76.743126,59.520367,62.7381,148.43684,51.44326,78.95361,89.10037,45.62715,53.880417,76.02986,52.75176,84.56121,64.45007,84.57992,58.470108,51.039276,93.878784,53.123547,68.63595,57.40336,58.904686,21.269278,78.46947,46.767487,25.78949,52.358067,15.221058,70.149826,37.548744,58.9037,59.857582,87.78217
51.05838,6.884205,71.94977,57.51439,65.061554,51.40022,48.499615,157.193,56.64129,68.999275,49.346405,47.54697,52.08087,43.25621,66.293625,69.916756,40.635468,71.63152,42.3553,51.75621,90.18235,45.81166,64.46217,56.139626,62.93181,29.1614,75.50285,53.066452,21.11046,53.451912,21.657497,63.426476,38.569645,50.01756,63.658447,87.89281
25.314789,35.798008,72.20538,75.83876,66.17513,61.179432,35.217087,154.1766,53.113987,71.95749,64.4178,40.46261,55.89288,62.4552,53.92495,57.72464,32.4507,80.31956,54.670074,41.138077,78.547554,59.00605,79.32251,58.957077,64.36015,8.726189,68.32204,64.8763,32.415707,55.201004,27.095554,57.65287,40.160732,45.91572,34.51584,76.55301
64.733345,53.312195,62.00084,67.84238,63.82842,55.12923,54.614826,142.22075,64.03415,72.87064,43.20771,55.744705,47.080486,54.675842,59.314327,53.614277,47.386005,76.9652,76.62819,51.087967,56.06218,58.242867,71.47341,57.327396,63.28627,12.304371,66.16666,71.655945,34.145676,43.442482,36.436127,60.31709,32.259308,48.051987,56.064274,83.348274
62.403248,52.283333,62.052383,49.054947,61.42692,47.15475,72.595535,129.98038,65.32735,80.98469,62.479317,49.853638,30.569672,56.6368,61.043987,64.02226,54.482983,73.448746,71.230896,46.735252,55.001396,49.627335,66.41496,50.552006,8.116692,29.399105,76.17617,63.216476,32.960297,42.580414,43.410168,57.227726,31.65284,55.82299,50.83951,72.207054
59.77267,30.06816,73.612045,51.720066,59.828823,50.463455,57.200043,127.71225,64.197525,61.88916,66.72323,53.734863,39.850887,49.92719,57.890244,65.33725,41.163017,62.821144,73.49216,48.978653,60.412323,43.288532,58.369225,40.477234,6.405895,41.29708,69.60571,55.06255,44.191643,37.86981,35.31105,48.514706,33.62081,45.05174,57.946075,72.31359
46.24555,60.434746,82.65528,49.51243,52.89351,54.32491,43.102676,103.531,68.1859,73.02239,35.871254,42.203186,42.5806,60.687714,59.66391,53.691837,57.411835,58.18973,75.77775,61.029926,28.193977,60.534885,53.45083,29.167892,24.758163,37.503304,70.92005,57.128788,34.02871,33.741188,42.57806,58.25159,32.97417,52.846443,51.925205,66.59428
17.798439,60.866566,92.98741,52.396862,58.87973,47.407707,44.015415,91.09685,74.78842,78.59117,32.278652,40.99141,52.952106,53.171795,65.94475,47.983047,55.807457,66.91487,70.60068,72.297485,80.45885,57.81436,49.67038,36.39514,26.820465,39.76878,76.29369,49.587654,27.74892,27.60086,34.011703,60.164204,35.69145,77.917816,41.61078,69.27591
20.146214,34.071457,98.15285,57.318657,68.91664,47.464615,40.400795,101.75927,37.18992,92.50546,69.321,47.40605,53.433155,58.28944,58.125694,57.674625,69.21018,71.01099,79.519745,68.13812,73.75176,52.59305,43.03382,56.769577,42.240948,43.759117,52.614624,49.123955,27.656246,36.43274,34.447983,71.11896,45.036533,101.09418,43.945564,58.11682
33.242477,42.451317,115.8199,61.5637,69.1747,63.326,39.449055,96.66102,48.689133,70.05115,74.54324,64.52729,50.62208,70.777885,57.300762,54.46497,64.949684,79.27352,70.79765,59.88194,81.31526,47.52679,44.675343,52.868435,49.947716,52.906715,44.922768,44.33649,29.874418,35.257286,40.950665,76.41777,44.993256,97.60892,53.496666,60.594105
42.02052,62.611095,100.16159,72.68784,72.16754,63.86527,41.304974,103.80426,65.741585,58.1658,89.87618,45.662403,44.855377,56.04412,58.89066,61.554287,75.78136,72.56829,78.88605,41.625,77.14842,77.75838,49.82605,55.78933,58.727036,54.81822,56.993317,44.3233,36.92241,42.88719,29.391136,60.563675,68.62959,88.64742,70.62799,57.009846
41.493214,72.483086,106.655945,72.47931,100.758286,43.97304,70.15352,88.6414,71.29537,30.306076,78.86257,56.156555,48.058857,62.210533,71.65588,22.889587,80.96215,52.67034,74.46759,59.360123,66.74432,91.37402,56.380333,56.133133,66.913635,65.42869,57.552555,55.63611,29.027073,38.69865,47.528664,66.51464,80.611015,47.14393,54.685936,63.502407
46.356136,61.354664,98.3929,82.73116,99.71225,75.71534,77.361664,85.444214,45.844772,39.984818,54.64244,79.32159,59.499763,76.79002,77.7579,36.111065,73.76146,70.38886,61.33103,78.457565,59.110764,80.03627,64.08917,52.246063,58.843807,67.174805,49.17692,52.487713,45.14005,45.70328,67.742714,58.177822,81.84697,51.746872,40.513298,71.64459
65.95073,75.91075,137.02632,49.833366,89.47651,63.69495,73.279076,87.263885,55.319,45.445755,45.14276,61.18892,59.422295,91.89913,88.999176,28.76305,74.166824,77.84632,66.08814,65.07677,60.768887,84.40948,67.8168,48.22568,51.48318,72.116,46.165615,49.87778,46.43364,47.184677,63.002792,53.96436,76.90761,50.35696,41.23342,68.59597
63.49952,78.04371,118.00305,66.86203,81.555046,66.601776,72.34642,76.7734,70.7909,49.69594,57.208515,78.09503,68.76799,77.20088,87.03593,37.262802,85.99476,84.87838,57.439384,75.68796,97.5289,76.40306,66.0269,50.875187,73.362564,62.30249,44.888542,50.25369,49.556618,66.20139,60.6784,46.86762,78.383896,49.07482,51.644875,59.155388
49.982548,79.35104,106.25269,79.67437,75.18613,73.12143,71.082436,99.15285,76.75252,91.935005,62.631004,64.05127,62.68444,71.22511,71.3733,42.414886,72.03987,78.37873,68.612404,90.417854,87.87326,84.090805,68.28699,53.56878,74.99706,61.194805,46.663155,45.70289,53.211323,62.861584,61.04052,42.527615,75.832184,44.364906,51.41004,79.06592
51.073975,89.49866,107.18387,79.5861,81.17918,82.97348,75.410126,101.058,49.268417,102.03459,53.823853,71.34493,69.03436,80.13936,75.17574,63.420307,84.94059,80.5938,66.44651,94.96863,114.92719,92.331116,82.51885,56.680954,78.97232,59.480274,45.417038,39.69664,55.988625,62.677624,50.751106,49.800297,77.61775,48.08828,45.370766,75.67867
58.9435,90.04812,100.4113,86.467064,76.56966,101.941864,72.03351,93.521194,68.951614,99.6521,53.97352,87.21418,67.17649,77.52129,86.91839,70.05446,75.06202,87.45343,63.286777,99.99548,108.28099,38.18823,77.05502,46.505383,81.72453,56.855896,40.004513,55.15881,48.351383,69.67412,58.11757,50.243816,72.8234,36.347366,33.67394,82.69658
67.723785,102.037636,93.046524,81.05554,79.70621,81.00695,22.873367,97.066284,56.14017,88.50694,82.2937,48.439934,59.38261,79.1926,79.257805,70.14911,76.83328,79.6471,64.66611,80.06909,83.28001,49.2042,80.168495,44.461815,62.995567,53.29493,44.484863,51.333324,49.149727,66.24919,56.518116,45.021175,68.48122,51.155727,46.731895,78.44051
67.19915,87.936554,106.28395,75.71671,66.57689,71.779854,33.32399,78.78944,67.226494,77.54766,62.41864,35.710606,51.46649,69.044464,70.67727,73.85615,73.37802,78.1966,41.93782,67.36867,68.28982,54.64254,78.64933,49.92047,65.39713,54.703316,49.132156,50.86472,56.765396,79.97536,61.015404,40.627026,69.02539,66.92395,57.89788,79.19237
64.08819,90.39517,96.44571,71.83255,81.84218,64.72315,45.263004,63.97356,53.779625,81.55061,75.970894,59.92371,36.948944,37.459923,76.45231,63.865604,67.290436,77.67214,40.266586,78.402336,105.183044,61.170498,78.85788,73.17537,79.79133,58.082634,56.70916,46.881706,65.30005,75.01062,62.752956,42.19821,45.098324,73.65627,65.85246,84.86372
66.76012,84.048935,105.96151,66.55581,85.17636,72.06601,55.487026,52.857235,54.128258,79.243744,53.183266,57.66381,52.937675,56.330273,70.56548,51.575645,71.95897,74.224304,46.389816,81.28938,63.27032,67.06566,66.80304,72.753525,72.68923,62.152134,56.48424,56.232433,30.219135,71.48448,62.298904,49.49107,39.601234,80.45695,79.51851,82.20457
62.68948,64.7566,98.53371,88.68982,76.50006,67.549736,83.44241,60.989502,66.193146,74.906265,76.4778,65.90398,67.85824,66.49678,94.46246,48.391285,83.828026,62.92743,56.309387,64.206474,65.91087,73.71292,78.734566,67.96817,63.683064,37.682434,52.64253,53.32136,40.293655,72.67416,91.833855,47.775154,35.79688,65.09471,82.285904,77.47233
38.083866,74.68105,99.967995,57.83644,90.72984,58.63249,54.587708,74.875565,88.64633,71.25838,83.45919,76.58229,82.060234,55.8582,90.237595,60.151764,80.6095,27.837181,64.677216,74.75912,64.22311,84.21024,79.456276,76.19048,67.54545,40.96904,61.777374,32.08295,52.20943,69.86752,82.60805,68.1712,36.045113,49.707718,82.55027,69.8083
31.398277,78.0627,109.27528,72.88377,87.005264,65.45933,71.89722,77.10685,76.55022,80.75131,98.61704,66.432945,82.8479,90.33104,82.6612,77.48715,83.060326,58.135406,71.50696,77.62725,95.84929,84.96654,91.16605,79.34546,63.550068,41.87454,61.624317,41.014477,66.758766,71.97304,82.131874,69.590965,30.430817,62.170574,73.52913,69.0003
52.123665,71.11574,97.21655,75.47685,86.866646,102.1349,92.23747,73.72743,67.300125,87.74895,90.733185,72.28834,53.99308,87.189926,85.731155,76.90473,87.47749,82.8929,86.940155,80.6537,111.22211,74.512665,84.355835,78.975586,85.41875,40.803055,64.14684,43.30218,70.03409,68.93723,87.72489,58.491257,25.98254,63.683914,76.80871,75.49446
67.65199,116.79451,78.94009,69.682816,75.859474,72.0547,84.898415,70.85385,79.680595,90.13593,80.277885,84.70604,68.40994,66.82528,87.53419,75.699165,83.97942,71.55051,88.28089,54.45845,99.107666,80.68886,83.77153,79.86655,82.414505,68.45668,64.34505,50.885597,71.88946,75.66096,85.534836,52.899292,29.203075,72.57665,72.667786,88.55426
69.74759,81.636826,88.34204,67.186646,82.451706,87.38766,83.8967,98.717575,78.462585,92.36743,92.82612,85.11026,63.01562,92.29006,86.99242,76.76696,65.99301,83.014656,94.53403,34.474205,93.92474,80.2552,97.21364,58.842903,58.096,63.299263,65.706345,50.32828,62.99325,76.44994,72.19528,46.788273,29.007595,86.29079,81.567,73.82059
62.49488,99.3179,76.73667,64.26281,79.48453,86.22601,73.50258,107.762794,74.00816,92.54616,65.97138,67.653244,83.15504,92.60564,78.26704,34.51715,67.08493,87.28019,80.5373,62.56788,68.82997,60.485367,81.940636,66.15764,58.176838,69.25447,59.446503,41.0726,59.763153,60.199608,80.83086,45.67037,28.009628,91.48331,77.254265,70.80157
83.02773,92.06387,82.71841,73.86682,64.3561,75.19211,80.65183,99.0268,75.273964,85.562325,81.490395,66.79798,75.89026,53.953552,64.925606,45.959255,52.271095,82.39527,78.01233,57.544716,85.01519,79.35131,74.17998,68.29529,60.991764,71.62958,58.04999,47.54821,61.78055,68.73957,77.13254,43.901466,29.669771,94.05058,78.94781,68.082146
74.01476,81.041306,89.720436,59.389626,36.538418,67.03509,69.302826,83.411224,53.820473,83.68411,79.59846,65.528595,76.36175,74.20187,77.14974,56.352364,55.41711,82.925735,74.96661,63.30724,89.76474,93.596695,69.80875,76.6155,66.62089,75.18011,52.541245,50.010002,66.24149,70.260864,73.502716,47.234543,38.419964,85.65969,69.77341,65.711426
66.10854,78.83147,86.60279,57.856647,52.223286,77.38951,101.03121,73.69139,67.42974,68.07735,49.887886,87.56179,72.05704,103.52612,89.29456,52.610382,69.849335,93.96126,67.693054,69.47557,49.16629,96.13109,68.65637,68.41513,82.88696,65.941795,55.403584,49.297703,65.07101,66.752945,71.423706,43.11938,35.375965,88.20026,69.27841,55.563698
71.03708,84.67464,100.660095,64.32905,66.96234,74.06469,121.53567,76.827896,90.497,84.0429,82.85538,89.60661,78.21825,103.794334,84.304306,19.222942,93.34949,93.55878,81.04944,68.610916,90.86093,98.23532,74.10338,64.31731,69.36126,60.94481,52.80343,51.362453,62.11275,61.39302,67.07155,58.526924,51.623795,83.21669,66.60014,57.32044
72.36684,82.618,85.00758,72.95341,61.796608,76.062904,99.7699,81.28992,90.84635,83.22253,108.04338,94.87578,86.4277,101.65719,96.49548,32.971394,79.15299,107.72507,86.516014,89.02628,124.77504,107.27693,87.661255,46.61591,74.31039,55.76759,54.35492,44.863655,83.35005,69.6364,64.28151,51.802837,63.661533,87.340965,75.43032,68.84072
68.50006,74.65907,80.25696,77.26393,64.47781,66.20155,102.68619,88.41808,92.446304,107.92159,100.38195,89.044785,90.027,106.475876,94.809814,54.32512,85.40347,107.768265,79.216515,86.870415,107.43631,96.994965,89.38901,47.51886,74.600716,51.088955,58.35757,47.522835,82.054695,66.00169,67.72478,59.115746,64.198364,91.05012,82.49355,71.03172
64.72943,80.81891,79.559784,81.16039,71.26041,106.26394,95.80624,79.789474,92.22224,107.30356,108.80061,93.85837,92.48379,60.56794,87.80295,61.532692,91.2366,106.713554,81.94165,95.06649,113.54237,110.64662,84.32375,53.60309,69.92714,53.784702,66.451996,46.67981,72.69881,59.128563,62.38932,54.781666,56.826694,85.58811,77.3002,69.71899
71.222374,86.156845,88.79543,77.24963,65.37242,114.0623,88.000984,70.59378,91.90589,99.03398,84.94856,73.756325,93.36859,75.03412,87.82992,95.298874,84.42586,88.27172,106.5219,90.28689,103.41755,111.19066,78.84748,52.23949,69.03154,55.710094,63.10974,66.77431,65.52849,66.503006,64.66615,42.24395,52.2081,79.43991,80.08728,50.060257
51.519188,96.22516,88.78234,80.787636,71.68961,110.713425,108.15283,87.938126,96.12059,117.79679,79.37313,81.079506,98.14575,89.28244,89.549034,99.18471,79.06193,96.9592,107.1116,106.818085,97.088745,99.09494,72.17829,51.913593,65.451065,53.82468,67.55925,51.14349,50.88913,67.309555,51.78576,48.43982,49.236214,80.14191,82.43094,55.269814
60.422985,99.10286,69.919876,73.95365,75.87006,93.62092,98.89235,64.09979,97.44565,99.437195,103.17298,87.28511,94.29082,84.30352,96.37719,89.194855,90.49012,89.94851,100.96919,101.94474,125.52417,85.26254,70.03438,53.920757,57.063923,52.857418,62.58569,54.75237,47.28327,62.762962,63.738335,49.035664,46.165188,69.74309,92.205666,51.024162
48.471962,94.07799,57.017906,59.00003,78.89333,72.78717,78.60404,58.969925,91.97733,110.2325,100.78661,96.19153,99.725395,97.26574,94.45566,93.55788,69.37946,107.115585,108.947754,112.87761,120.77373,110.07399,63.550865,64.15413,67.09169,51.22883,59.873665,59.551647,45.324585,62.53535,62.16389,45.745983,48.35788,74.184784,85.528046,70.57386
55.1553,82.82051,71.276764,32.430782,79.112045,90.40633,88.48976,53.841476,85.90452,97.23581,94.8223,97.73697,97.0988,107.49786,90.509315,89.72571,79.66113,112.2335,98.26429,98.18152,89.438835,86.101555,63.212765,79.457855,57.38419,45.225876,69.59738,52.7638,49.52555,62.051117,39.907257,45.272415,49.232014,66.92804,66.066986,72.46304
62.352222,84.42317,77.70851,42.34535,73.166824,79.03124,74.66182,56.686928,86.187744,116.588905,88.52159,41.79046,89.54688,95.98782,82.44204,87.12837,73.24296,94.67293,96.29665,100.98334,127.14609,111.74324,54.862926,52.42724,71.33386,48.099293,74.622795,51.93332,46.844234,57.615875,45.66443,41.695026,64.87414,60.103237,71.15842,75.43465
61.05404,73.46411,78.41018,52.5405,72.09417,97.79167,95.530014,50.888687,95.4979,122.79568,97.80382,82.11541,98.80598,74.00441,90.08675,78.96045,55.622284,97.14769,64.54167,92.43458,107.694214,99.94993,67.577385,57.20762,43.26258,54.80227,67.40474,49.9657,49.9051,63.51217,51.54402,51.304024,51.19005,66.55008,92.131516,78.38284
65.43231,84.73242,83.049835,63.344555,72.10418,84.17917,96.50074,58.09897,88.60745,142.20013,93.49583,89.185196,85.16283,97.299065,92.79913,100.2683,92.10828,88.62528,86.82005,72.38906,116.58257,100.110916,58.80226,59.59088,53.770397,42.08999,63.480824,46.62335,49.64801,61.2324,63.006054,42.6565,53.30098,62.032978,87.43799,77.53732
65.86082,87.90647,100.41771,62.777706,82.46484,91.1294,90.616264,50.51535,91.75891,94.7034,107.46907,43.4284,85.81378,90.32158,93.256004,82.57097,66.89583,94.80613,94.84718,86.98268,87.55547,71.78524,52.866547,63.395123,52.868225,46.71214,59.810837,52.280033,41.306557,65.82358,60.916103,44.759144,33.52108,60.434593,92.00067,76.37343
75.08551,94.07527,96.037895,74.95592,81.993095,89.24594,95.86891,61.86203,97.21513,86.91434,67.94736,58.14441,74.42076,57.796722,86.91042,85.30566,102.00714,94.60325,82.268715,80.368866,91.25761,82.234314,55.00643,60.79225,90.07295,45.370537,65.3398,47.798813,51.121063,56.669136,57.17347,44.953083,29.59765,68.16606,76.12215,83.714096
62.871445,92.037415,74.7783,76.30503,90.154976,90.44558,87.20115,75.44865,69.745445,80.9521,109.82754,72.31518,78.78999,74.1913,90.80027,78.947395,108.45642,99.15346,83.50922,60.46614,65.595184,98.13785,23.859383,63.078987,84.78839,51.417202,69.01814,42.085278,50.01581,55.55647,62.723976,58.528835,31.287157,63.287315,64.88495,86.176
68.9494,76.151115,67.86577,47.594925,83.18754,83.35943,77.53205,66.991455,62.649124,98.38982,107.2995,96.72951,84.28661,82.93188,88.429535,81.973305,99.97734,106.49381,76.205154,89.22269,83.759964,93.51979,32.90483,65.95653,86.31294,61.967274,42.95881,50.6195,74.1991,59.477016,69.16911,42.175316,25.673653,68.66282,74.11256,86.75639
71.65331,64.04824,81.75443,53.61617,83.962746,77.26251,78.18637,63.411663,75.068214,104.63732,59.86779,91.03406,88.955154,92.87224,91.40201,75.2585,83.151054,79.78034,79.16625,77.85588,80.77721,38.482487,20.71217,82.20979,69.194695,48.045048,48.705376,45.93359,86.804184,37.150806,78.67024,42.644066,21.552166,65.23692,63.037666,87.05785
73.265755,62.06405,89.68626,75.818726,66.62252,72.491585,62.179688,76.90982,57.95814,101.542145,86.43593,54.01716,51.339676,93.029785,72.30815,66.46534,83.115524,98.79096,81.45699,82.50278,103.197716,36.985115,8.14389,77.28296,63.070892,43.040497,46.271854,37.27872,75.67727,47.26703,81.11212,40.062565,22.552929,69.52251,58.2943,82.481476
71.6848,75.32435,111.44456,47.84314,45.86834,100.96656,73.329254,77.6519,43.291412,89.28376,79.214005,43.497612,42.268322,67.80116,61.652153,64.212234,53.772728,81.94495,78.79179,69.092514,66.581314,32.091732,18.204746,74.13803,46.811806,36.95935,27.653656,39.386703,70.7097,41.664597,69.577805,45.865925,30.734957,76.00453,71.53587,81.622635
73.17873,98.09605,98.028625,69.54668,79.68382,60.739445,70.19516,74.31523,40.689396,78.59762,70.9335,48.687504,45.97129,43.99654,63.578667,56.706596,57.429775,72.780205,63.922745,48.8321,53.558582,30.42532,23.961521,71.669815,51.429947,32.583546,35.32258,28.167332,61.557816,39.10658,63.617268,31.314987,47.084106,74.44762,58.08275,79.72612
63.854088,73.27475,91.62873,64.78136,71.74654,54.910027,58.328728,76.55324,50.274025,68.95259,59.454567,53.741394,42.6429,54.064896,67.78771,58.6099,49.576694,52.79784,62.946842,39.53006,83.15462,18.848747,27.731945,63.703655,64.58656,37.237907,41.264023,75.67132,55.811123,38.86416,58.329845,18.86113,39.025208,74.753006,69.46863,70.671265
62.213688,58.615997,75.20674,68.371346,71.59507,56.01214,46.983868,63.350258,54.701645,62.520874,59.846657,22.338375,38.68371,31.710976,80.74759,60.26703,41.50987,44.868507,51.418335,34.835857,62.361275,34.83464,33.74963,58.203545,68.78477,64.21651,40.926884,57.339653,50.221344,42.51494,37.26643,31.066214,43.004242,58.10138,59.022385,78.44241
62.395935,60.66783,63.08333,68.98323,68.6467,56.03105,35.27021,68.75709,38.657623,62.26317,68.35849,46.750916,-0.14208221,25.176651,65.11423,49.15016,53.932487,37.338287,41.32536,55.648827,51.543613,37.913227,36.65391,52.33456,70.692505,55.075222,44.144478,49.256077,16.15865,41.863873,42.337677,31.063698,46.83659,56.2321,41.19207,75.45308
31.056946,63.44264,60.098698,62.594006,48.707386,65.468735,41.00912,74.78113,101.83588,26.722916,35.35704,41.115917,25.475231,28.853123,56.488464,40.07135,51.636063,39.006157,59.455807,60.8272,47.715622,38.726402,44.871807,51.120823,49.6739,58.255253,44.162155,45.235924,32.797443,45.297012,42.760834,20.591724,50.433445,55.041634,44.089428,66.34921
47.403473,58.98603,53.804783,62.36367,50.81081,61.556175,38.76973,65.249115,99.21608,76.01,66.33997,50.04823,35.553207,46.34565,67.212296,55.27364,59.61534,47.152035,39.056885,47.93444,54.067127,17.294006,49.696655,51.962234,41.214325,52.813843,41.18801,38.868233,36.381714,48.479084,41.66026,33.37566,45.803288,53.264893,34.497406,66.11536
51.677673,60.84357,51.17112,52.896587,53.305847,40.192635,35.26356,80.57852,92.1586,92.15749,59.726326,33.267277,39.50114,43.569748,57.3283,59.464485,56.658127,35.62138,42.889595,44.138695,40.470535,16.125504,50.08962,52.667274,49.17695,66.05403,42.558773,39.00471,36.253624,45.929237,51.221893,37.64038,47.905216,46.779,16.375847,87.98616
45.660034,53.145638,60.114998,59.476254,58.342773,52.41325,29.257244,71.110695,90.03994,81.6123,68.22285,23.802692,15.556957,32.350254,44.116013,65.79785,46.729206,60.179714,44.95189,29.358082,56.535057,34.479565,49.273247,52.689995,44.45109,60.86775,49.255016,64.29309,46.61472,79.23701,54.29247,31.922104,41.810677,40.457943,26.780907,71.4777
46.914024,59.91989,55.966434,63.666855,54.109962,46.285847,39.737663,63.809326,75.42795,90.64394,103.41663,30.021324,30.832726,30.931484,50.996326,66.20664,46.978508,58.981064,55.507774,43.1631,63.491543,32.64377,53.17101,47.013847,49.788086,52.872707,61.24818,65.037865,48.898132,70.21375,57.446674,39.718384,37.694794,63.722363,29.520235,74.454865
39.847145,61.40619,59.019817,66.858635,46.532787,44.04154,52.481277,70.54303,60.15282,59.750473,56.839554,27.577393,31.86715,37.56559,29.083893,56.144234,41.91723,41.93236,48.905876,48.34987,61.17266,51.938866,45.398273,56.182785,5.0632057,52.71556,55.60927,72.02951,58.33013,76.621216,46.632694,48.901344,41.77656,71.64281,41.956867,76.97363
43.211037,55.4401,57.76529,67.3685,22.922102,63.182045,53.074997,54.948566,67.15313,53.4787,49.775444,56.314835,38.053223,49.04617,40.066944,47.25176,26.480152,34.737957,58.281193,31.408432,47.210106,60.70356,64.01834,51.544624,25.613045,57.72112,56.41562,67.406654,61.593494,71.45066,48.34452,43.721813,55.956646,70.91553,33.32195,61.30249
45.222992,56.34725,66.86582,45.962227,31.605156,55.168396,61.001186,61.467194,61.45934,35.780624,39.331963,57.245583,40.651882,29.653875,41.26832,37.25349,47.502808,20.282478,38.67008,30.324135,50.056427,54.337154,59.091248,52.66114,38.6967,60.321278,52.878017,58.872173,48.542618,53.480865,51.09972,47.481705,53.729507,55.288475,31.868927,51.06749
47.287186,61.35371,79.757034,45.546497,37.626472,60.884945,33.058792,58.622334,62.8655,51.531982,38.015137,55.354927,41.137897,59.822025,53.86226,45.257504,17.090576,43.422104,53.838272,33.86595,60.417408,48.82453,72.07004,49.215656,38.38279,38.243614,58.328,58.072227,52.85997,48.361843,46.03741,43.939613,50.91033,45.852978,43.276337,56.022057
45.666164,12.668133,108.30078,40.1537,48.368565,56.294987,28.615883,54.715065,56.57111,51.636475,69.29402,33.806038,33.263847,63.157665,38.9381,43.584927,24.094128,44.75842,72.278336,57.18776,60.738914,73.13682,68.795,48.24213,48.633213,48.942825,52.887466,57.480133,51.705944,63.68605,41.92847,54.321087,52.03474,50.56804,30.35075,43.497673
48.31353,41.486046,97.18135,53.42767,67.24176,49.583317,25.94981,57.69087,60.471306,50.404106,57.633347,48.48388,60.971596,76.90756,39.02081,50.683834,36.90798,53.27459,57.604324,56.116154,38.72401,96.51016,68.1532,52.76448,59.219368,52.19028,46.638306,31.25637,42.32505,71.16499,47.923145,49.997684,48.569073,54.650192,24.46313,32.487255
49.715534,47.56685,89.701805,62.58125,72.865555,58.67606,37.250866,66.90944,47.374306,74.13279,38.67842,44.62775,62.739586,65.13377,55.334595,54.669254,55.656174,58.215393,63.65308,63.495544,74.952126,104.411674,62.248337,51.789898,56.49538,46.77962,45.803944,22.653343,39.185818,65.643295,41.353325,50.48832,46.697395,61.65471,18.91602,37.165775
59.64621,66.49533,79.64685,53.986923,64.8614,58.48244,74.906204,77.024254,71.41715,62.83967,56.837406,69.7201,77.40537,76.44462,66.98532,58.86038,70.036995,65.365135,59.706158,74.22868,66.157776,90.92731,60.374504,55.386013,63.833775,42.26001,39.995213,19.608644,39.979485,65.03211,46.920868,59.75086,31.252754,64.366264,35.61884,45.486492
57.09143,72.5285,74.2439,67.684555,72.08409,55.190094,81.77302,57.570908,66.915146,72.11011,66.11591,70.698654,69.27955,88.27989,78.537834,67.6727,78.55052,70.41756,76.55727,79.289566,94.657364,73.57298,77.62396,76.0132,69.04578,37.927708,39.021088,26.77664,61.201675,57.00855,38.96398,44.762905,35.86206,67.68739,45.16327,54.67637
53.69992,63.566597,85.07772,66.86807,73.76313,66.18974,83.348526,59.659863,72.272514,96.69739,85.900795,28.28498,28.682884,82.37882,73.97257,66.974174,73.0519,76.59658,60.223373,93.90261,52.311546,91.131294,66.80272,73.34685,69.26179,38.421215,21.93541,33.7015,47.37089,55.073708,47.005474,46.29437,29.35749,67.33588,65.688416,67.8239
59.157253,70.23183,88.46631,59.363464,70.184425,74.09622,100.34154,70.79357,80.138405,83.19783,84.648605,77.04553,48.80968,58.739452,86.17142,82.87856,67.98857,78.61874,74.371414,77.4173,79.43831,86.68689,62.82982,85.67088,63.859383,36.20607,27.308746,34.123135,49.447655,53.819485,42.664574,34.294403,45.458603,64.37634,70.78665,80.93495
53.995644,68.25018,94.148605,43.302994,69.28435,77.50464,87.36694,60.291176,80.79039,114.42583,87.15744,73.24388,56.11588,87.02772,90.71161,79.86801,62.80715,78.23939,63.97103,67.96007,65.87385,81.32617,71.85863,96.47775,43.033333,36.707607,41.049664,32.606995,57.82483,54.226208,38.344856,47.823345,53.19977,75.43112,76.612686,72.6873
67.161514,86.2446,122.01392,53.1075,71.59128,80.34541,88.867325,66.605774,-6.5576706,66.61879,93.73142,87.634384,69.18698,107.0934,106.89159,80.4059,69.16989,76.52751,53.503742,83.27478,68.23349,73.694496,68.565125,47.58704,66.288506,12.314602,53.301018,31.007492,55.271797,65.73703,56.114067,39.3535,54.015915,36.530197,82.49819,66.55591
66.2457,95.82292,115.35857,67.15799,81.25902,79.74994,94.51886,61.086937,34.101303,62.89006,38.048756,60.501976,69.233955,92.397125,102.11941,59.471912,84.25472,72.73764,55.837196,74.08234,78.3192,79.69738,59.25624,55.481762,66.096924,22.923218,47.562927,32.14731,52.48192,43.043503,59.64089,36.492355,53.299965,38.990845,81.18294,65.95861
71.069534,68.35431,121.17464,76.06375,93.597015,82.62366,90.48277,67.01059,65.32568,78.058754,51.476166,75.04048,75.90644,77.686325,93.943,49.549885,85.97659,79.53966,34.76684,71.65704,75.83304,90.50477,63.522297,55.626663,77.774025,23.41195,42.1229,36.21407,49.965374,45.23693,67.871155,34.641552,55.80031,37.79763,99.97836,58.41537
65.18243,85.09857,111.58587,73.53711,119.29617,70.04809,97.46354,70.841995,104.22229,106.230736,79.254295,34.591026,78.75743,86.83865,101.08636,61.129204,87.597595,96.5648,47.552315,91.46356,106.70911,78.587524,66.52813,61.24884,108.133736,31.736244,51.909767,44.397022,59.017704,46.719135,37.84356,36.29987,57.37261,27.11943,90.569275,66.06129
37.84936,83.42874,130.32175,73.344925,99.12555,77.18422,94.793106,71.30927,82.55694,104.50497,102.23486,74.96315,78.05432,61.756126,96.835754,79.18478,91.30746,95.482254,56.443653,93.36806,99.09085,81.1664,57.311268,62.134552,95.21934,37.42314,62.845245,40.858494,56.3234,46.675922,48.13878,43.50852,58.686657,26.088676,91.429115,65.37677
66.97292,53.7022,135.22324,83.17125,97.82262,82.21967,88.14624,49.260826,93.46727,114.34239,63.60956,87.49506,74.41717,89.9447,96.23463,81.093254,88.716095,97.610245,56.295715,102.17258,103.658936,68.05405,60.52504,57.61863,98.23732,55.308586,58.91873,46.5878,56.146626,53.102196,50.984707,44.04504,55.572247,37.546997,121.80335,60.42146
67.88987,78.70433,120.91507,68.825455,109.00507,84.7966,72.76759,49.250164,82.90577,106.2845,94.6864,84.25167,75.40238,85.76207,71.91512,88.8289,118.72634,109.7592,72.810684,88.576836,93.80234,63.261185,63.860508,66.49603,94.171776,60.638485,56.921272,69.86687,59.601234,57.920013,46.036602,45.975742,58.228928,51.2163,112.679855,70.458244
76.03129,68.26016,112.17276,85.58525,99.76036,63.66864,81.85254,33.947544,80.82941,92.4308,79.84339,69.64035,74.26429,86.4984,65.87107,95.48395,91.08385,90.4973,71.72025,76.77746,83.700066,108.418434,83.59631,70.405754,98.31058,56.591347,54.026295,65.88328,54.03368,65.76453,46.907104,51.038795,71.51904,68.14678,95.09834,82.64568
82.06315,67.89552,108.123825,73.16526,97.20538,74.11889,103.00075,45.638985,95.74119,76.99325,92.64514,97.322235,81.08937,84.364334,85.84216,90.72875,86.278564,91.80605,59.81534,75.92907,87.153854,118.772964,83.64268,51.47477,85.27412,56.931404,54.858192,56.39248,59.67292,39.82348,47.922077,50.136353,73.278824,67.82461,95.50846,95.8557
76.074814,61.974148,102.003006,81.89766,94.80604,85.497734,97.50885,57.72569,106.03715,79.52178,110.182335,90.78547,29.352455,111.20432,85.89165,76.96477,95.11218,103.90311,79.49632,120.04755,107.762245,116.95286,83.91882,32.172905,90.364655,62.924004,51.690666,41.59786,56.24489,47.311092,49.491272,44.370995,76.646065,56.249023,67.483154,94.427216
74.09646,68.465225,88.09912,61.66236,92.94711,82.55805,87.37647,57.74128,117.24786,76.87353,100.6441,106.10242,71.95597,89.34888,83.17539,86.3606,122.236885,110.621445,64.51238,111.00939,79.542046,114.78095,72.85712,33.997555,84.465256,60.10272,48.798767,49.780403,43.8242,44.069454,47.212395,35.882214,70.66139,63.982677,74.116104,93.53709
60.611565,84.005455,91.55811,75.49404,66.81045,74.55415,71.24336,48.38508,111.72863,111.01808,137.19794,91.57141,95.04664,127.06291,73.74994,90.88247,107.890335,104.248566,87.807205,102.92166,105.79483,94.90157,74.52676,31.24699,68.953514,57.830738,46.282356,26.551888,41.72605,54.930305,18.936607,26.81755,69.74069,79.08236,81.03362,99.31714
56.072426,74.238396,89.05251,73.63899,78.34893,78.39022,69.33706,41.256462,108.00928,132.45746,105.22406,94.357735,84.9021,114.907135,111.917946,96.7845,118.14362,109.89869,100.85941,109.1105,112.62177,89.948715,74.875916,37.92478,71.54412,67.76758,52.590515,31.844948,29.139088,48.674686,33.91761,26.047915,70.63899,75.00173,80.07105,96.92193
58.73792,79.232956,100.4388,77.95661,71.436874,79.67102,80.37248,41.396603,98.65924,103.18208,104.97362,63.836365,79.15374,114.72941,107.55163,98.35098,105.94405,107.7605,99.33853,112.85658,110.120926,89.11247,96.57167,42.473816,65.96953,65.77346,51.67217,39.199787,30.816158,46.75202,30.620655,35.631077,56.30597,90.88443,92.18204,88.98031
61.227036,81.42163,100.28256,93.13827,79.580246,70.883965,78.16596,61.992085,101.04944,120.278,75.653564,79.17582,77.669044,94.422516,97.11308,94.13194,101.36444,92.76862,95.179634,111.82123,105.73944,79.10658,94.48686,62.11035,67.321526,64.531235,59.318787,42.569885,30.568962,45.244213,33.266552,41.314205,51.483124,77.28598,114.905,65.300095
66.28263,77.83341,79.24178,93.92762,68.397964,87.00736,84.15047,75.03992,92.19542,123.61251,87.530624,83.40452,91.01915,66.69862,97.925896,86.70404,99.72982,87.618286,88.21059,72.65024,96.271225,71.80645,105.02924,62.27394,72.05211,65.87421,63.598644,50.701424,30.11282,48.403812,40.53468,38.758595,43.4875,77.853386,117.05735,77.79799
71.40097,75.08432,90.7755,78.49359,96.29578,76.64174,77.78601,58.56624,54.61773,122.722206,75.2874,57.052216,97.02499,87.916466,94.446884,81.14885,105.61376,86.34283,91.031815,87.54037,121.07785,65.684906,99.471725,49.58376,70.3324,63.605637,60.937298,61.340538,33.887962,59.419033,49.50828,54.507694,51.349304,77.68392,107.16481,120.92336
74.97427,77.52835,92.84556,77.904144,93.37905,81.90678,55.73556,57.27764,69.992294,116.35765,73.54174,50.257416,74.78707,69.2561,68.83073,70.199684,93.20805,83.03816,88.57812,90.104195,109.70602,80.05906,94.47652,54.83863,65.95476,72.368904,59.50612,46.635654,31.76001,60.432022,38.63494,48.569263,58.917305,76.7179,109.054825,101.101494
70.82344,77.552,95.52115,83.47008,95.918,74.937775,68.44656,46.768024,84.76989,89.04039,86.44214,56.44738,75.11537,75.20991,73.63316,77.245346,62.27939,89.023186,83.01274,78.59548,46.823486,67.30614,80.73266,79.03203,70.28581,94.73732,57.865566,51.190784,44.972446,58.226437,43.918934,52.846867,44.578037,89.410446,113.447815,95.306274
67.47153,63.77294,102.96479,76.39773,88.5019,74.41578,49.30578,36.999313,72.250595,94.44647,87.601555,81.45349,63.16916,59.74559,78.05367,83.36665,82.500534,92.90704,82.030945,65.79489,90.92009,69.098305,80.963745,76.99454,99.46615,88.16428,57.590427,57.94133,48.242054,60.873074,43.861034,51.480976,42.53454,95.234024,108.12438,93.495865
72.574005,79.83075,93.071846,72.19914,74.12445,78.25682,75.37123,37.560375,77.19473,50.18815,88.91748,54.009354,67.472305,66.05199,76.37608,86.55634,56.009354,87.02716,85.97932,72.51579,77.93332,70.00854,80.03166,82.25445,95.05171,70.948685,53.57359,57.075996,50.41138,59.250015,47.223392,43.516487,46.568386,101.02185,101.999115,87.103195
76.39773,87.206085,95.441505,78.90751,82.27707,78.72472,68.40845,37.945835,18.322495,73.45863,72.27864,67.38462,70.326935,65.483475,84.219055,88.933266,40.003887,94.24237,89.62312,63.889664,77.836334,74.0293,79.10698,85.283676,80.08482,70.93695,60.40102,53.631172,67.09119,66.6904,51.590355,48.461906,52.2971,98.92252,80.0638,82.33557
72.121635,80.06015,104.596756,56.04296,65.51811,72.15067,70.84451,34.371796,12.514046,66.9268,30.769547,61.597248,74.82254,76.52939,67.363754,79.6958,53.378506,99.208565,67.31997,71.81397,77.03028,62.61293,82.08193,83.59121,74.7616,64.89316,67.203285,65.39025,65.35436,65.590195,30.192898,67.95104,58.31426,94.68449,56.14869,70.87866
67.63277,82.129776,115.19154,35.867767,75.56447,70.16577,65.72642,35.07533,40.893124,64.551575,39.415585,57.6461,64.71658,78.22844,63.270157,72.77664,64.61944,87.648636,93.70477,84.10785,106.50288,52.36065,84.9862,79.2144,69.311584,63.23852,66.878105,66.29342,49.281734,68.507,44.73191,72.06516,57.6769,79.942245,40.499508,81.18913
49.576653,83.29007,124.739395,34.98551,93.41954,71.97577,60.479965,31.068096,81.01747,67.827965,31.353828,47.31433,62.954353,45.69555,63.284492,63.18624,51.50177,78.37736,108.75104,73.63704,87.586464,37.605457,88.84775,81.3987,73.959015,47.574196,65.22714,66.975204,46.83122,69.857765,35.176266,67.83168,59.356564,63.175713,43.935875,80.22355
64.08029,75.784065,123.61984,65.50362,91.942955,99.975,56.8953,29.95523,69.140434,72.34074,78.22989,48.27832,71.68782,50.091698,62.913925,78.27521,74.62958,75.76546,103.85185,43.623436,89.269485,41.80681,85.594055,86.12647,83.249664,59.26061,62.74663,63.48936,47.82618,63.926254,46.264206,108.28276,51.405193,79.554,36.391193,81.203964
65.09038,91.23736,114.17056,79.54127,91.39156,76.40995,72.74789,34.849472,71.93004,86.406006,78.29134,46.505146,55.63802,66.14962,59.437553,104.20847,73.05365,69.01731,83.6653,47.38067,94.23043,55.96808,82.21507,83.93317,80.94768,63.22811,59.419792,58.57277,32.699417,60.21581,38.71897,84.006516,50.405853,67.859245,27.268343,79.53081
70.20303,108.3289,101.91174,79.73666,66.07659,82.60052,49.60885,42.41646,46.258606,65.20839,92.4181,59.139812,70.96567,61.863335,64.093124,99.491104,59.79335,55.46871,80.52175,50.568104,81.06102,72.42723,81.03874,73.27461,69.85893,49.13683,59.28124,55.89154,40.407322,64.390305,50.21922,58.742798,53.690605,67.28739,21.234901,79.44995
73.89498,100.794945,100.96196,65.467834,58.377815,72.865654,66.1053,56.749588,72.7681,82.16589,67.24075,56.11066,72.567566,64.73784,54.61107,42.14572,61.008385,71.211136,76.92018,68.15462,81.30858,62.49065,78.06781,78.90507,71.45213,57.48737,60.031742,41.304817,48.679085,63.823044,55.273693,55.5987,53.13874,63.29486,22.602833,79.16231
68.3209,68.82895,108.34008,91.54146,69.77932,58.306305,79.50342,65.79437,57.585876,100.02074,87.131645,61.571266,65.6503,70.25475,76.24776,52.669926,63.790466,46.392532,77.92867,70.19927,77.9523,73.56062,86.27669,78.05848,56.15239,52.267525,41.189713,60.11572,53.658882,62.110645,31.267677,53.498608,61.75284,59.00896,31.901165,72.28635
77.7622,98.28953,109.35586,83.55867,69.26138,98.76047,70.326645,73.556984,73.65329,105.74509,64.72784,76.959045,68.91266,85.30791,81.407196,58.980606,32.05156,56.411606,76.95671,74.81952,107.48805,88.80415,83.917206,71.00458,69.476685,37.526043,50.872063,72.14432,41.57337,60.958862,43.88197,45.65418,62.702805,52.88934,19.33775,69.79774
70.139145,92.07411,116.45809,78.58986,67.97439,85.21283,87.52144,67.75929,74.7997,98.090195,58.789185,62.105526,56.487495,83.94223,90.95717,87.91074,55.245453,75.52229,85.74843,64.13354,85.679924,100.49491,74.33244,66.89485,68.43792,41.1296,45.137825,85.3922,47.256546,76.91499,43.321743,55.91415,56.21978,63.42416,31.99205,69.61002
76.20955,86.723724,107.775665,94.86634,76.26483,104.551636,86.94604,65.130005,83.5511,83.079926,72.31686,80.28051,13.582466,71.20826,103.03038,84.59236,68.54762,70.53358,88.71644,55.12587,112.433304,94.51428,77.334335,64.606445,78.79193,43.094864,17.822979,81.935104,51.943947,82.59132,56.41109,89.37078,48.523464,61.46833,32.972965,65.62848
71.17248,117.85864,101.03425,89.78626,65.97865,95.42019,88.32462,71.56437,95.0793,87.76038,83.20543,86.17437,59.09392,88.62704,93.538864,99.845116,67.72966,80.51368,74.89157,80.51709,74.75704,99.06922,76.629326,64.02135,86.96945,42.035713,33.19587,60.425232,52.991676,76.99048,57.28916,69.551315,53.778812,73.28242,56.470573,70.75187
72.75101,107.270836,101.4286,83.29614,79.40463,91.5747,89.80376,74.825195,87.397736,106.775055,91.9346,95.30722,88.56278,88.88581,93.8125,114.539276,84.35972,52.210655,68.28844,75.28422,70.52703,112.51234,75.85607,59.88191,86.60863,41.66236,36.935635,55.525864,52.934082,55.06122,65.09312,56.25213,54.31102,57.711037,39.33973,78.71703
74.81143,96.82692,89.61279,59.607132,80.71018,86.64419,73.52162,87.44905,92.654175,89.52015,69.87183,50.959,91.084984,109.77266,96.32319,111.25033,72.9169,84.677505,84.392,81.73369,120.131355,111.96358,45.68141,54.785984,56.571316,56.01943,22.711132,64.87363,57.86771,57.265465,61.83673,50.45844,50.651222,57.53238,33.658558,70.28256
73.32262,76.94275,88.23758,36.11322,53.491287,83.37254,73.67319,86.73132,119.3908,99.33354,94.60217,91.02708,99.32567,61.52186,97.58629,102.0821,85.057556,99.08711,90.88982,83.98571,91.23619,107.10715,54.486794,14.300465,52.79814,65.116974,25.063168,51.902615,54.09853,60.44546,62.463356,47.87781,43.83759,63.357357,42.60463,64.41379
65.19473,78.603424,77.57347,54.09194,60.435757,60.11537,75.76922,99.560486,107.855484,122.856735,95.29017,92.12123,75.61907,97.372955,105.82866,93.747375,91.27316,96.07898,104.57881,88.78626,105.21649,96.38673,53.89789,19.221802,48.099792,54.14127,27.05391,46.907383,59.090855,60.86913,50.122536,49.03659,45.118454,65.8156,53.701305,41.794456
48.64223,82.464714,77.86534,62.53861,70.83365,58.952217,63.018784,102.01306,106.646835,107.04695,73.853226,87.34257,90.52098,104.22751,120.398926,111.28639,103.875114,88.55127,105.64918,85.07055,98.52336,95.14848,42.688892,17.710495,40.322258,48.175995,23.86493,42.1218,49.95768,72.282906,45.56329,50.882797,53.15125,72.03138,52.517815,50.63949
47.053345,74.81357,86.62517,57.338448,63.740826,65.449005,82.47236,110.28737,111.43897,98.06501,115.83594,91.251175,95.079124,84.49549,109.25525,112.62141,98.5751,106.93587,103.21634,96.63441,124.116684,66.53299,45.890503,30.342377,64.28819,41.126713,50.362564,44.121666,51.628563,82.77464,44.551846,49.2513,47.56096,75.71801,69.39652,58.67855
47.47876,85.45264,77.156815,80.74907,66.561165,79.16173,80.34555,107.28891,101.9329,117.742065,92.653595,71.563385,79.371826,103.36276,87.87965,65.71054,97.63812,102.45746,98.985435,82.25826,132.1389,82.99584,55.57842,43.099667,54.61092,39.76167,46.680763,46.921494,46.52576,78.192764,42.31812,48.01272,50.4234,83.6355,76.35926,66.99881
56.30295,79.22305,82.85623,61.380585,69.28582,75.088264,105.02509,105.60484,96.61114,120.62079,103.38457,78.63474,85.05607,65.5633,94.160706,69.27707,65.00533,103.37084,97.59359,81.309296,82.93114,85.707634,54.902122,9.738682,64.41078,37.80491,47.482586,40.09689,50.602203,84.418724,40.936977,50.504566,52.484035,86.06667,76.610794,67.99838
51.88454,67.646576,74.774124,59.11857,68.83546,81.76291,95.36761,103.1929,98.185196,120.10635,79.70843,101.362656,73.98648,91.843605,91.51655,73.726364,85.837395,91.90584,105.17077,103.41116,116.164024,91.24471,54.40096,17.830635,68.7372,34.233475,44.02427,32.54831,46.202118,76.65981,45.587242,54.99568,61.630318,73.21987,67.986275,74.34419
45.638863,97.56782,76.841675,81.52064,67.38477,95.53584,106.193115,110.084656,105.3201,91.47705,104.32477,95.93456,83.64708,87.49004,82.08602,83.93641,102.528305,95.3576,86.19354,85.702324,90.86475,59.498146,57.247463,64.79669,65.14292,39.026867,38.25923,31.601288,45.54273,72.30929,26.815323,48.419315,55.733757,60.81018,59.640503,67.35192
58.812305,122.60753,94.660416,68.04303,75.96624,87.76675,92.895584,110.10836,92.38165,108.018974,94.6509,76.88688,65.68382,95.75745,74.12581,88.97971,93.61858,81.92458,84.79965,78.99588,94.12606,68.46028,25.686798,66.11113,63.125164,52.39871,39.652607,27.283867,55.265175,50.2371,37.96758,19.849022,65.3844,64.96951,64.39061,78.836716
63.50624,103.2425,84.31785,70.99389,83.11407,83.81814,97.527145,109.10814,88.99677,86.34608,95.532326,55.187393,60.109222,79.33518,74.356606,72.1703,87.51028,94.12001,76.81587,52.077675,83.71327,78.31534,31.481014,66.19899,52.68237,60.887436,43.414898,34.621735,55.30362,53.61344,43.065243,35.51996,64.363396,63.61521,59.73307,66.96518
74.53742,96.328026,77.84131,71.63127,78.8682,89.859825,90.72977,112.912,74.30195,90.58347,82.522224,75.00699,67.64734,65.902435,75.799225,72.132996,90.99564,103.717606,77.967,66.49895,67.46324,103.877686,25.34499,80.54879,55.028233,47.488846,37.973923,27.457653,56.468773,53.90146,55.330994,34.26085,67.02128,63.004406,66.94898,71.74014
66.49438,92.75659,71.43228,89.661934,71.77052,82.99402,101.70236,113.01997,86.65941,91.67715,84.50572,79.48984,69.60118,82.48445,81.97292,70.74515,96.92419,115.31985,99.22789,73.45646,76.19041,84.649475,34.101646,77.0792,52.407215,59.364845,38.929783,14.74859,53.411537,54.26146,65.75163,25.142136,66.30147,60.399384,74.4069,92.21995
69.78258,91.5263,74.28559,74.01149,67.93158,91.83725,92.43736,122.646484,81.47701,97.58439,96.330414,83.71342,74.53882,79.59859,65.25717,65.66772,93.081436,95.573166,105.59311,84.03044,88.7352,91.124214,43.19519,79.96706,53.14596,51.552773,39.601982,17.262093,57.023857,53.053318,58.033604,47.747524,61.829227,68.64375,81.92574,86.4252
70.00951,85.67768,85.20976,70.60918,76.7038,82.1715,86.50575,131.66849,75.76227,108.09843,83.36203,81.38829,36.967484,83.21797,68.99115,71.07847,87.580444,92.52203,107.945816,94.29245,68.03199,92.14729,46.119633,75.86978,57.816704,51.459175,39.042976,27.741327,22.082966,62.58556,64.06175,36.402077,50.95923,57.3649,83.061165,87.15429
62.248833,92.99455,75.404366,67.99078,82.96906,87.7433,76.01729,137.57806,95.27555,80.873215,67.63855,64.45967,67.1278,98.432755,75.641426,75.390686,94.646545,52.403893,101.46653,88.85563,101.566895,75.75325,40.41033,86.404724,70.36711,49.0324,40.361286,31.328127,26.44476,77.87979,64.75534,38.685505,62.006157,66.01215,92.948135,83.80676
66.56969,50.701004,89.29025,64.00024,88.92638,81.44795,80.37217,143.84818,88.33454,92.40025,73.17616,79.10971,83.14066,47.39299,72.87351,81.38185,94.26109,78.823975,87.12216,61.60826,75.33969,85.30182,41.75771,79.02604,60.484848,47.214184,46.695023,36.335842,54.409035,83.07004,74.17296,33.38187,73.512314,68.52083,88.00881,89.1371
67.23834,99.38836,85.83575,91.88735,82.715996,82.53255,97.13692,140.7558,74.96538,116.562546,102.37996,86.56847,82.88777,75.64143,79.95731,69.708954,93.55784,92.80568,86.97436,77.67681,84.72537,88.957375,45.743286,52.436806,55.349308,52.216515,51.14635,36.44074,63.781017,81.257126,80.564064,32.866283,84.24243,77.24074,100.906746,96.73517
55.70813,83.8981,85.23753,86.39499,79.21867,70.70206,89.76764,131.77948,104.06395,100.426155,96.766975,69.77457,86.46599,71.99789,96.81441,78.12468,87.13782,105.173256,85.0509,79.31763,114.66365,96.31383,48.822563,54.015446,50.323765,56.84938,55.541225,42.339783,62.439514,77.49194,35.617783,34.407356,83.55903,79.70866,94.62826,98.544716
54.574085,83.6884,94.036385,82.15725,92.862305,81.26495,78.93531,132.85999,91.14311,99.30584,75.222694,77.26394,90.36125,78.11638,105.332,77.42386,61.80632,105.88014,79.17082,97.82604,100.840576,97.71317,55.817993,46.171886,67.6983,59.717457,56.587822,38.858124,55.02013,76.264,40.428314,31.174278,105.24457,68.189926,125.44208,92.268745
57.77449,73.90846,98.221405,88.74275,95.946335,85.824554,84.675705,142.72748,87.27907,104.04406,93.96735,91.53862,109.13496,87.7442,108.98613,90.88348,84.34237,95.56587,87.11579,100.46183,93.41975,120.358315,62.28195,59.75266,57.74862,69.325,52.543495,46.17976,35.677986,71.74153,48.962006,40.40323,102.502,69.97676,90.27002,84.11912
74.86336,76.50186,101.68056,86.551544,67.22276,99.2761,110.90062,147.12906,90.93312,100.335976,115.0439,106.24272,106.57317,114.44084,105.55288,82.16792,95.10764,102.67137,112.54331,100.507034,138.03632,119.29511,64.51544,63.201588,63.79479,70.6818,49.17006,30.646267,39.4195,67.62131,47.747807,37.358948,96.4781,77.69113,89.78989,66.89883
75.73547,57.77491,108.617226,66.32012,77.20987,98.389175,106.68273,133.58197,51.84939,119.28784,80.41239,97.93208,109.19368,128.36293,104.5702,75.73432,101.74945,99.32514,99.88619,102.163864,95.13073,108.64339,73.471855,61.051872,71.6768,70.21595,55.80058,41.436646,44.613358,73.61907,28.20404,37.7705,100.97255,73.931786,91.92627,81.42335
87.5768,86.60968,119.692154,82.662674,91.67549,86.62283,85.69445,146.245,82.19138,126.53136,78.10063,88.81062,108.35504,101.79408,104.15951,71.89364,103.92546,131.73193,116.28911,97.52636,122.15564,106.342636,74.421036,58.687023,78.73915,70.985,55.070107,71.15694,48.7539,72.37153,29.973263,37.270294,103.47616,79.76144,91.823975,88.79525
54.863815,102.205986,123.40367,80.94542,75.045975,82.90846,85.67908,136.62265,100.153076,133.64087,69.05472,97.71168,102.52821,98.05374,103.46264,77.937065,104.374435,116.54098,129.17964,106.296,149.25314,91.6582,84.41095,64.50296,57.94293,69.68385,61.80477,51.95059,16.138062,72.83554,32.379223,33.388165,99.2121,86.11266,97.55403,94.211105
44.387432,99.384605,115.23692,83.72249,85.151634,92.087456,101.13873,119.40401,94.17809,104.97946,92.95368,82.6645,75.51823,116.13957,107.55101,76.58219,123.353386,120.668785,123.305336,104.52417,133.57486,105.10172,85.04097,56.81135,53.966717,69.95784,60.60297,51.90373,36.253098,70.861465,44.448948,37.210136,94.213806,90.51988,103.33205,101.42595
54.989998,98.78701,118.60734,90.41137,99.01013,86.05226,105.557434,123.39098,98.8373,119.07828,107.75805,94.58685,89.7833,91.528915,89.255356,81.94697,113.05249,110.75648,130.87778,113.75989,100.14374,118.30672,84.226006,96.87561,69.835144,72.062836,44.463184,48.686596,51.590782,72.85736,47.385017,41.13201,97.519516,98.30941,110.445145,78.239426
68.35271,91.92178,119.80776,78.536125,95.42653,85.52374,104.52299,120.123375,92.07961,125.69736,110.91977,83.11748,96.75097,102.07752,61.153,82.96376,112.789566,116.91559,99.699066,103.204124,120.34827,121.29677,81.160736,96.44707,60.64112,78.40423,49.183834,36.013577,64.53294,70.804016,16.268063,66.127014,98.06421,100.14705,97.07759,94.59581
79.11875,99.24774,121.5155,70.27838,87.73452,81.022575,108.67475,103.39881,106.44548,126.33979,87.14552,84.790344,114.740204,125.60068,90.30489,43.478844,101.29823,116.05376,95.65549,102.29258,126.36143,114.73468,74.70936,98.7447,49.041367,75.30045,48.941074,43.313396,57.293873,69.70947,29.921268,52.676476,91.50386,99.895966,112.35067,92.842094
77.49545,104.20403,109.012924,75.525085,98.825874,67.60348,120.693565,105.38858,107.16097,128.0345,83.46087,105.167755,110.361305,118.06936,106.75558,59.753746,112.01009,130.9177,93.821976,118.66232,104.41185,129.02505,75.12047,94.50497,73.29659,69.34568,51.696518,44.45986,50.37414,76.98505,34.529297,47.41283,85.65988,98.596954,108.427025,102.28988
66.874886,91.81408,106.19669,80.296074,97.49588,83.17116,129.7769,115.70358,113.03784,113.61235,118.27879,93.22506,104.31192,121.46326,99.05986,61.029594,115.185486,130.02591,100.33388,103.92188,112.93846,120.42929,75.934265,86.62079,86.93063,66.414154,64.716255,50.375473,50.140438,66.40827,49.061134,37.993103,79.34074,92.13768,101.69801,116.4463
65.913635,85.42587,98.94698,83.15284,99.49812,84.590675,118.11584,108.34897,112.33469,111.56756,103.65546,97.03439,114.64131,95.61394,65.94232,65.529945,102.60233,123.632126,121.22603,105.087425,120.63553,137.32458,75.30742,85.45017,99.46304,73.91899,65.66946,48.766953,54.81767,69.77236,48.36934,48.95412,73.59753,89.77701,98.43545,112.49166
77.90065,50.07924,91.59196,70.47251,107.65866,88.62591,121.099014,104.02492,120.27288,130.39545,132.21988,120.333405,110.987495,80.22097,82.816574,72.46661,109.6229,140.97282,106.33264,118.56315,121.92252,152.59944,76.248886,84.86428,89.606575,70.8315,67.96445,74.17223,50.937466,66.83559,59.300976,54.54999,75.10898,98.20275,99.70423,110.02836
76.02996,74.87366,103.70584,88.35129,93.73863,111.96039,137.2045,107.89747,123.94195,133.57533,135.17719,131.94043,113.20658,128.47235,131.50807,84.399445,138.6017,160.38943,106.8998,122.94267,116.2142,155.43079,77.049324,73.23149,88.927414,63.310955,67.73436,66.035446,57.98088,67.64195,65.97617,53.6055,76.90517,92.042725,100.62985,107.72961
107.14448,99.29733,113.889496,98.00749,96.46164,112.24489,115.14096,96.53089,124.60408,149.93102,145.19066,129.12993,117.46065,136.7963,139.84267,95.60391,128.8191,170.86359,119.104576,139.56204,119.95507,133.0398,76.76043,68.35308,77.11685,61.393967,66.19739,64.21568,55.098343,68.40155,59.601276,47.11369,83.87459,99.73665,96.83545,114.62247
96.82742,91.19487,125.10687,96.83438,99.53375,112.592926,126.65132,85.156006,127.266266,134.01804,114.34414,128.67886,127.974525,142.39285,136.89476,95.35765,130.34935,160.58737,143.01968,125.87166,149.73558,127.95932,75.419495,72.84524,87.55411,63.14203,63.41019,90.249504,57.04966,72.89397,61.995647,48.123425,83.886284,110.754036,129.87134,100.13085
96.62942,87.14294,120.28977,94.43242,106.00003,106.911194,136.4919,93.30651,136.40788,128.92883,119.560684,111.4005,121.633934,135.28877,132.50555,102.81108,122.04132,109.86217,142.26355,119.15196,123.00963,122.52774,91.391014,67.22757,100.59369,64.82424,64.0029,78.47967,55.521008,70.33693,56.118347,41.48964,83.58325,122.211006,123.56402,101.30738
96.06566,95.796936,106.30476,104.05385,111.20267,107.567505,141.3086,96.85811,143.302,111.662674,98.9259,117.52161,119.609924,130.0393,122.37639,104.85908,127.91347,119.45471,146.54788,114.32515,125.10086,133.47318,98.886795,74.43985,102.68516,64.12595,59.035004,72.25168,55.52014,66.56797,47.971935,38.019012,84.2033,113.79138,128.26741,105.60295
118.05351,93.49546,95.500984,106.94187,112.22464,103.397865,146.48251,110.304634,143.22363,143.16371,127.91125,116.1127,115.52361,91.50365,118.6164,130.68791,116.412575,127.48074,135.96779,122.513245,137.49216,132.29628,97.77783,61.916954,100.36128,65.3769,62.723743,63.266243,59.357876,69.19273,59.867416,19.091944,70.33675,103.587555,125.96177,110.63459
96.364395,100.23754,97.26197,101.92848,102.162254,106.70453,139.07326,108.50063,75.15015,145.25801,128.65894,116.3876,132.1831,130.32104,122.6747,129.55872,122.18777,96.78348,125.296326,132.35512,132.16704,130.07977,87.56952,76.18069,90.01844,66.41699,67.48556,49.904137,56.7835,71.92796,63.29247,38.757755,69.00856,110.87843,121.518394,122.78141
92.73011,93.30985,90.339554,92.8698,98.001595,113.81379,130.18463,101.62839,99.54169,135.49988,108.9265,130.13983,117.74205,115.33288,132.6777,109.991,116.881035,107.335464,123.29347,136.2511,161.7722,98.94571,78.53043,79.43532,113.97893,82.620834,73.118164,50.991283,62.046432,62.216095,68.657196,59.316612,63.339935,121.43115,121.74838,123.46959
66.25393,96.7711,93.15025,93.96362,92.36601,95.25518,125.09909,102.05369,104.72527,128.19533,126.08561,118.75578,109.027405,123.79582,129.3274,105.34272,123.01866,116.81053,114.90761,121.09366,139.90518,82.46356,78.36531,73.373695,90.5319,71.35013,77.59177,55.204857,59.887558,73.32135,63.393997,49.96354,65.91611,124.07391,121.129524,116.49788
71.77552,101.60893,101.85868,80.98532,96.19547,92.529434,109.21821,109.24295,105.44075,108.54354,129.00885,93.11115,98.64771,107.87407,109.99219,98.02113,92.75068,105.68734,106.82788,117.80013,127.42958,76.36519,61.46279,76.38228,85.49281,71.94647,77.15622,54.82269,60.117374,71.708206,71.75295,55.910435,57.285713,121.9776,122.20753,102.95494
67.67842,100.21042,102.94607,82.77684,93.89943,94.17708,97.88957,114.72964,108.91492,128.12701,116.89207,83.06717,94.16906,88.97171,96.735504,96.701416,106.92688,90.835556,111.817825,91.80382,92.517105,105.229515,58.213577,114.32822,84.94385,69.3261,73.0773,55.136196,67.44627,63.179222,74.41505,62.985977,54.32896,120.71612,117.1399,100.96995
69.97109,107.5395,58.99681,87.57534,88.18935,78.48888,89.17366,124.28726,110.109,116.95999,115.678925,91.84117,102.89545,104.06137,97.321815,89.93822,98.46403,104.226585,107.46236,92.78113,86.32671,121.691925,50.133373,113.32525,84.45679,66.05367,68.06694,44.77049,66.56902,64.127495,96.842125,58.590538,62.82026,121.35464,115.91395,98.86299
77.626564,98.02121,61.419956,73.117165,75.830414,84.0124,87.22151,121.10327,106.43787,117.014885,117.27699,92.79068,107.6119,125.04947,94.98795,96.46773,98.27881,125.54899,109.34419,96.47531,126.84535,136.97334,48.209908,107.52129,68.76521,49.91711,70.875084,44.49154,73.9246,73.24063,70.58394,51.1373,68.16443,114.600464,118.210625,96.1131
81.29138,85.53831,68.60543,73.469284,62.370544,92.843056,110.905365,133.7729,116.34295,129.52145,118.40732,99.36754,93.57646,121.352,96.908005,121.924,104.98067,142.132,102.2905,41.59278,117.04694,132.75926,57.476357,103.04501,61.644825,43.646206,67.94452,42.505726,76.17382,75.7997,78.64824,53.136074,69.64372,105.27629,106.68927,87.18297
86.21448,35.902992,69.68789,68.98459,90.63114,106.90088,110.735245,128.84871,117.97746,118.444786,104.36629,101.09442,97.04866,107.22184,100.93006,122.078415,111.88806,173.75848,106.62716,86.74535,118.76646,131.13904,61.84211,90.30981,63.509632,54.76186,70.71814,46.667454,82.55759,72.57271,95.48909,47.545635,61.446877,93.77635,108.79921,85.10795
77.026054,75.61781,86.47969,77.78353,84.6815,104.499855,110.33766,120.8514,125.10559,118.02263,128.04704,104.22504,93.08168,117.64489,104.28958,118.44263,106.958496,166.09882,95.44906,79.55072,147.5138,144.16353,53.82553,107.32646,59.301804,67.70335,75.32939,53.14262,79.84747,71.52813,96.68544,50.78401,62.346825,98.98082,107.13462,78.87955
87.27777,80.42139,77.02255,74.67938,74.82793,140.78896,133.55504,125.1284,126.68548,124.69433,134.64066,107.38519,110.463425,106.90306,119.728355,115.9996,113.935394,163.40222,91.91407,110.968666,102.86023,114.60831,63.54275,98.61032,60.721466,68.672455,66.00486,58.436207,81.65614,70.36424,99.80296,49.846573,60.381565,98.9004,99.34998,96.1863
99.88633,103.05223,41.647774,77.53767,45.4451,124.62287,145.41177,126.7103,177.05841,126.953995,133.7705,102.58484,112.52192,119.09911,123.82161,120.386284,77.38504,162.17574,108.8602,101.02054,140.67351,136.54674,70.45333,112.502716,56.93448,66.849594,69.52054,75.0435,80.33986,67.87442,91.581116,41.44242,57.322327,104.02992,107.05809,100.531136
97.763275,106.09888,53.668465,73.85147,22.081438,125.872154,132.49771,118.231064,150.13612,139.29428,162.90012,114.12489,116.55501,104.47762,105.16185,132.879,99.64378,154.19174,106.41802,90.52922,132.66904,129.11584,68.971886,103.160194,51.38663,62.39624,70.76018,48.477333,88.7803,70.93225,87.91008,60.906048,60.933743,104.375626,105.95907,89.004486
97.13234,106.401344,69.36707,73.604385,35.769806,114.22308,132.82542,124.39351,137.63138,104.07747,125.427246,100.850876,117.08717,119.58568,107.30839,137.70096,100.872086,133.94556,110.27718,83.07176,133.63553,92.98652,26.784485,100.654396,66.23807,67.33965,70.935455,50.424717,85.32461,74.49671,99.07914,65.934814,69.21424,99.42169,113.318924,113.03746
94.73285,95.65978,80.25966,59.588615,51.20418,102.56421,102.39295,133.63474,110.07429,129.48285,130.10828,106.04718,87.27601,98.62565,102.632,125.69832,103.7904,136.55235,116.2901,104.75342,130.49147,103.23119,48.994896,103.230484,73.63635,81.78888,68.26303,51.79277,85.57301,86.240005,96.43218,59.49833,59.747147,102.49678,89.51874,105.138695
102.879074,48.504242,71.77627,69.221176,55.15462,90.71111,98.45831,134.29503,102.08905,124.49425,117.88283,85.36508,112.98766,106.0006,85.489006,112.32863,107.106,143.53943,112.18817,67.315025,90.55044,93.82388,68.49527,105.46565,74.592224,76.93814,39.03125,49.364708,94.0334,107.92322,96.880005,82.85533,52.972237,109.84278,91.81444,93.95363
72.66984,77.41106,92.88335,46.851746,63.402573,114.1597,102.80108,126.230415,87.9578,111.358574,91.61963,68.62109,94.224915,101.14218,90.32389,108.21864,106.99764,113.69639,103.5133,72.890976,96.05571,73.35224,58.910446,106.76376,78.63945,70.46691,47.824673,47.82147,100.09304,106.58303,103.59644,80.0365,53.30953,99.09435,90.952,98.044365
84.74782,98.45665,90.992065,47.07081,69.889854,105.70712,94.64405,116.58151,77.367676,92.972,100.68666,74.04576,82.07228,85.98761,83.35873,105.999985,96.28194,105.514755,93.35803,92.70936,67.21632,70.835754,75.60237,110.33146,97.958786,64.76359,53.06248,56.522583,69.533066,102.39222,108.95282,64.99786,46.14848,95.301285,93.647896,106.96518
106.682846,95.11196,98.042946,44.524628,89.21525,101.757095,91.962524,107.938324,96.60614,103.13138,102.88183,73.029724,79.15325,79.22103,84.32457,94.45249,91.98857,93.84449,86.99288,98.19527,98.83361,72.056046,74.99068,94.351814,78.78023,57.587048,71.89874,50.89843,80.18508,108.57557,112.17446,68.965836,47.953636,91.43774,88.41524,99.00612
102.721924,109.938324,134.99568,67.71545,73.42563,93.97513,92.35537,87.46086,107.29482,113.89518,72.189156,58.12581,71.864716,82.86875,69.95987,102.80403,74.32637,96.160484,78.92514,89.548904,114.82191,90.35643,71.16262,95.83928,77.91307,60.900528,67.23947,43.206142,95.137436,103.060684,124.74962,41.292908,48.621887,92.97378,85.94026,86.14535
92.746124,95.120964,125.57004,88.78905,99.62658,87.5074,98.36643,89.01609,97.61875,104.89409,97.95216,92.68808,82.18198,67.409164,74.29422,114.42544,83.88352,101.393585,77.373344,94.24955,76.20475,94.25111,103.49502,101.795906,92.88431,66.43939,71.47646,45.638798,102.53331,97.59832,116.49138,57.80414,49.846603,73.813644,90.280235,100.30873
77.208015,108.05089,119.06009,97.05093,97.20953,86.92088,96.903015,71.42651,93.64305,86.86601,105.84775,96.05333,84.27859,85.43625,87.064415,125.50636,91.281296,111.54795,77.02574,107.06769,103.47192,102.954185,105.763695,94.966515,90.23683,62.54168,53.910637,47.306175,101.614525,75.595795,129.12234,55.42594,60.192635,75.80066,67.822205,111.42954
89.826004,103.043564,120.150696,106.6142,91.83524,86.099976,99.880646,75.15728,89.6137,109.57459,98.570564,79.50645,95.08335,94.94902,93.83616,116.69804,85.23591,115.39762,95.24024,105.26441,94.563675,102.98837,104.430756,96.72438,68.51774,55.934727,60.11153,53.340862,101.0748,83.742226,130.34962,48.87675,49.087746,76.91174,48.195717,104.55631
85.86459,107.37134,117.52467,97.14041,96.45998,103.051315,97.629036,79.31669,99.01449,93.44866,95.72918,75.23996,100.85424,91.78369,97.614456,119.102974,104.35594,112.19087,100.8365,91.04051,97.69109,106.67326,104.18434,95.65571,77.2337,52.200665,60.68045,91.14409,96.73369,84.7455,120.91154,55.555473,31.811058,96.13958,58.424294,92.18441
91.319046,108.12752,125.93228,94.42865,108.16658,104.347435,114.030014,89.10017,112.86768,114.749,116.062904,98.19978,103.45071,74.82552,112.57701,117.56472,114.14802,127.36596,105.8276,117.51042,95.64171,86.56241,101.22806,103.82951,91.77434,49.76485,67.43471,83.78915,97.28213,92.758804,122.280045,67.76323,47.844284,90.43764,70.28073,89.94485
93.19062,107.53451,121.03857,103.15115,104.68372,102.25385,109.2565,89.56772,113.58366,124.19705,122.00976,91.650826,103.39941,109.72741,118.91647,124.77494,107.507744,101.306564,100.535385,123.29471,107.51058,71.48956,66.89582,93.07492,100.10403,51.529045,71.22533,90.329056,99.43966,113.84799,119.85709,71.16272,48.72861,84.80591,75.234146,105.53284
96.4814,112.29796,117.462875,101.16612,97.47763,110.02243,109.29583,90.14263,72.39184,114.83778,127.77062,96.41308,54.34828,100.43543,98.663826,112.63875,68.30527,61.784744,97.46789,100.25184,129.87225,63.116936,65.48588,95.750015,104.392624,45.190975,74.54186,79.973145,101.85005,115.06308,108.14673,69.013565,42.397808,86.60443,80.09381,105.69188
102.54514,118.73164,95.60487,81.7648,89.27452,94.904106,94.95177,90.876976,78.94054,99.51395,87.617226,72.199036,80.1938,79.19779,98.65102,101.53316,70.66072,80.432816,81.619194,87.64363,90.47241,9.239265,67.20776,97.026405,89.97037,50.29882,83.72385,77.43941,100.2964,105.68256,102.10395,45.118736,47.709545,90.37511,76.10802,103.990814
90.17634,103.952675,93.531265,78.892044,90.79316,81.467735,76.9834,97.08128,60.52411,109.11865,82.60648,41.53371,53.461914,77.42622,76.00015,94.06857,53.80123,53.744007,103.71829,65.60036,88.15947,48.55148,63.885918,114.20246,101.018936,51.527233,76.611694,76.17961,96.99001,107.38246,117.22813,59.212887,51.566505,91.21727,80.47582,89.83396
92.9444,99.92717,95.35225,80.65177,84.02303,90.96035,89.70182,88.60786,73.2469,97.36313,70.08557,65.08122,41.187637,48.850456,68.9415,92.42127,43.637413,45.49518,91.29965,65.61746,63.702232,51.373646,78.53614,92.045746,96.17784,67.68455,77.06004,56.958595,98.020874,106.655685,118.16755,68.41138,48.488693,87.37267,74.44184,86.01285
87.60156,105.36832,91.14392,94.68627,82.1008,78.40468,102.18369,85.88231,85.958824,74.26064,64.409164,73.883156,55.21866,67.54542,97.696144,82.72037,58.745937,40.345547,93.47937,60.844173,53.990524,70.55138,88.19602,93.39345,89.90948,74.619286,80.24131,59.855907,100.01149,104.84943,120.27535,52.25474,44.958626,87.10154,64.45168,81.55386
87.00024,90.04641,103.86072,76.57255,76.48287,85.21541,96.00106,75.9163,90.17122,85.49162,82.34206,67.24647,58.547813,44.18804,85.27994,86.34171,64.98569,55.74408,100.455124,64.15211,78.756966,46.369774,82.91823,68.08964,81.40838,71.414536,80.81566,63.808952,105.239174,100.54778,124.346466,53.70269,55.751072,84.09526,85.60665,73.050186
70.607605,96.19837,109.246216,78.24093,83.50656,64.704605,85.51965,90.97377,90.201294,94.58441,88.77866,25.05642,61.566814,50.952354,86.2161,90.30264,72.09846,58.325188,86.72953,78.51219,93.65356,52.261284,74.43566,74.0939,86.490234,43.879974,114.67462,73.414635,99.21505,94.17265,107.42052,55.873447,57.789085,86.40216,77.12091,73.89234
70.11929,94.99897,102.384735,84.04428,72.76458,72.88588,56.12862,92.07868,69.583984,82.05775,82.59555,60.040855,60.36828,51.48414,89.58974,80.09322,72.84854,53.782173,84.941536,63.982384,62.43962,36.55272,79.03486,97.05521,91.95078,44.844498,113.53323,73.94925,90.483505,68.70477,96.993286,53.966904,62.673824,86.85627,83.09682,85.599106
84.67894,100.27024,97.246796,74.84199,74.85356,105.85698,59.624855,99.203865,42.771408,78.79918,74.03344,60.810356,12.89743,66.06422,79.02643,75.04431,44.40085,57.99253,83.12687,93.177826,82.84583,39.28563,75.73012,89.36193,108.83095,44.876446,107.18232,74.60233,91.98079,71.89323,101.752304,61.452213,57.82368,90.60496,76.34173,82.05358
92.59148,97.33011,82.96666,68.05201,78.916435,101.673004,66.92461,89.785446,48.246437,69.96477,35.575695,64.673485,21.852406,81.194336,75.58604,72.504425,56.545296,59.64127,68.578896,61.125206,48.52719,54.313263,69.812454,93.35719,108.686676,54.795937,108.38687,82.344505,88.69145,70.785385,97.78494,75.63562,49.846935,88.948814,67.70371,76.29925
83.34398,98.2574,93.93778,62.735992,75.834984,81.11341,72.0584,94.551636,59.720196,44.161728,53.089138,56.08301,48.587566,48.23242,72.47357,62.797157,24.2905,63.00413,71.43838,53.851803,56.77462,61.25419,58.521988,95.443695,98.89859,75.322296,86.632416,66.887405,91.74836,72.90924,88.86276,67.61861,65.87246,82.72301,68.76198,74.07989
85.38504,97.0912,98.220314,63.1379,59.990387,76.2397,69.264595,82.343025,73.97531,71.46671,58.555424,63.157017,54.385254,73.080414,71.444984,75.38346,51.001328,67.4887,80.057785,73.78874,104.334885,58.09704,58.543507,85.59822,95.85948,76.07081,66.19449,69.823425,90.377144,64.90005,92.09891,77.17421,62.25082,62.87693,70.77825,67.21843
95.80044,84.674324,103.317375,78.99429,64.628746,78.96388,48.784203,82.528946,72.60855,79.19961,79.761566,53.398125,54.335686,52.987503,71.7628,74.84256,36.11491,60.160866,81.16625,69.95808,76.62709,68.08763,58.49702,83.80895,77.42998,73.111786,73.64729,63.95607,84.059814,69.34814,85.8717,88.903656,54.165455,66.356735,67.90234,64.93909
83.70778,85.4995,103.55582,78.269684,67.83868,73.07557,43.894653,38.384933,58.44822,83.82136,79.90379,44.361725,65.206055,67.433014,56.156815,70.32934,56.07751,90.662796,63.909126,71.48388,79.65246,46.410347,60.33688,70.32471,85.52225,71.93732,70.62888,76.630325,87.29837,69.198746,79.70971,79.686554,55.670116,68.10569,63.997623,66.45898
78.49303,81.08009,95.28827,88.89813,81.12876,67.77788,59.3769,30.14569,64.285736,70.48332,54.212845,57.60505,68.991936,78.74393,67.019936,64.22705,53.881256,82.93123,70.0981,59.809357,94.88516,67.802124,64.65532,63.918076,93.159874,67.2813,63.133343,64.69673,75.11885,66.04545,86.397934,67.3862,42.914932,64.04422,78.48575,76.05464
70.13975,71.58165,106.97067,88.07568,83.56428,74.6519,60.01694,30.162037,69.03027,61.12529,52.579285,71.8654,61.622948,71.807556,76.25395,67.06814,56.725964,87.396736,65.84262,37.597603,76.095894,69.41197,61.26519,53.013817,85.19213,61.088623,56.64831,64.52905,72.920105,66.90227,90.55365,68.46114,46.193466,62.44719,64.19348,75.17792
68.06883,84.98332,72.6724,81.16644,91.63463,65.97173,60.92623,30.880589,70.206825,67.72896,77.29066,79.59773,70.43011,75.549225,84.412346,58.236237,57.592484,82.54385,51.734413,77.80369,63.012764,67.67536,60.99329,53.70711,82.86562,80.87005,53.837704,60.032063,78.647545,76.787,91.07039,60.931427,41.865616,61.89039,66.555275,74.08091
65.04709,78.70075,86.15413,66.793304,76.78783,53.89155,47.29528,23.415237,67.5073,94.340126,85.38416,81.36109,66.706696,82.26467,89.64454,59.59628,70.783936,78.99077,60.061913,65.94827,107.18422,85.434875,52.05361,58.731144,81.34636,80.08455,38.112747,55.536964,71.52128,69.238556,61.435974,57.494774,47.916046,58.56429,71.37194,81.36204
51.227676,69.50806,73.59756,46.951363,50.255516,76.61596,57.55661,18.746101,78.340645,101.602715,47.257607,83.20369,77.94038,92.369316,91.579834,65.00148,80.8528,84.66368,60.772995,85.29081,84.15698,93.976685,50.842648,61.45022,84.453545,76.695305,37.22331,45.569786,74.19629,70.76755,70.19774,50.220146,45.626266,43.65565,67.717224,79.07708
55.751427,78.4833,85.24786,47.74901,44.377945,64.00893,81.850075,16.644867,50.870987,102.62068,89.444084,85.83153,78.508606,76.4837,93.72038,50.757874,79.10207,61.40625,56.241234,93.7209,93.68224,87.88988,57.173203,46.365273,73.95955,66.035995,40.026154,45.982834,87.02302,3.3357162,78.527145,43.343525,50.561367,40.646393,49.019516,70.61659
52.58825,58.178074,86.37119,54.53892,62.19612,76.913376,75.81818,31.708809,31.199753,104.09289,41.983032,70.546394,59.72751,80.92111,80.48707,41.530975,88.20467,80.72695,56.947624,105.49992,83.40854,88.31891,75.71083,52.684273,72.26977,59.713985,22.901554,47.41557,81.700386,8.553516,81.02539,43.052517,38.527805,42.96736,51.757088,72.074646
47.10818,49.690468,91.40126,54.146362,59.74317,53.414307,76.01524,26.32293,75.4834,68.325096,62.117393,48.668118,54.827362,59.861458,81.740265,0.43213654,68.057724,86.224174,62.754066,87.71864,66.501274,110.1728,88.46244,36.061264,74.817955,51.747177,25.620842,39.72509,65.750275,-7.478039,78.08345,57.63069,33.534325,49.18655,62.47881,66.154594
39.785534,46.792053,109.40778,54.752167,56.732773,68.71684,76.2614,24.095474,88.798416,77.55144,63.824818,60.134315,80.93877,53.525238,102.957954,19.589436,88.16853,89.287384,61.800293,96.83925,76.75442,32.782455,84.41914,15.700874,57.470543,51.617054,24.382355,16.742958,62.131145,9.961746,72.8274,52.874893,34.099358,48.6274,68.94838,76.083435
41.729164,44.546867,115.567955,65.321915,63.410614,58.933308,51.2021,14.723804,107.38676,104.68308,68.05411,13.386765,59.953873,48.50975,80.18802,32.62127,80.234406,77.324814,62.28028,66.60954,100.935745,49.93429,80.33902,15.08205,49.392857,45.02921,36.147057,14.176025,55.907394,15.931751,69.01514,50.820293,26.758888,52.386017,72.685265,61.906265
35.837082,68.86822,114.05086,69.13821,75.57171,50.32129,52.995544,13.82975,97.178604,87.94432,87.62237,45.175243,63.900322,37.98487,71.62106,57.22253,86.36643,60.260223,57.65796,73.80562,82.82194,43.831814,74.87646,29.996868,60.559925,41.611244,38.940918,25.298494,56.010075,18.050915,56.30084,49.43696,27.089478,47.337112,72.69029,68.98144
38.61618,64.59328,98.953384,79.13232,79.385086,62.852238,53.80253,20.616726,98.75785,97.95927,141.08496,64.97083,46.775604,60.858883,56.107033,75.297195,86.55088,68.98294,58.50029,64.33737,95.49176,27.017746,74.12879,19.548367,58.09391,33.033825,33.53474,41.217316,52.65947,19.661331,53.412884,42.39495,26.827087,51.65975,64.77251,76.478676
31.120216,59.350277,82.415405,81.21655,85.32872,52.104862,49.371277,23.145765,81.89853,100.48032,101.03568,41.49395,41.643234,58.88656,48.868496,86.09793,87.906494,59.295097,56.960125,52.144104,75.24441,36.653465,84.77805,18.629852,75.722626,25.869394,14.159929,44.191067,43.843636,17.596699,53.529915,52.496952,26.11891,47.168594,67.37139,75.079285
36.372036,36.977325,71.27869,84.85466,72.604935,52.670654,42.25295,26.313622,61.327324,67.41565,53.037834,36.40078,47.37854,51.06068,45.990917,86.971924,88.48771,52.32331,52.393967,39.715027,54.945526,36.120384,72.747574,31.268116,21.86734,27.482904,25.80524,85.77756,40.660408,26.381712,38.255543,31.606201,28.826101,42.98089,80.093765,72.15268
38.223923,40.319458,81.16893,62.70171,73.111725,76.25121,38.98399,40.337036,59.57901,69.949234,114.26098,38.28398,32.564056,39.595222,60.08602,74.969376,86.12588,54.528572,54.22261,46.052147,69.63679,37.392048,70.2448,31.847723,11.791618,31.452003,27.486336,95.42446,33.15071,25.576748,32.806362,20.5887,37.73841,44.418896,70.01745,83.066376
40.929638,60.005,71.96442,61.9719,72.561035,73.40167,31.563477,37.19544,51.430107,80.58492,69.97902,37.871918,28.390629,66.13783,44.67704,78.13086,79.33447,57.713577,54.447662,38.734623,45.091957,46.306637,75.696655,29.686241,31.272772,37.365086,28.871819,59.678272,47.718113,24.493097,33.784817,39.454967,35.75129,46.019382,61.85738,81.713776
44.15467,47.343742,25.16407,63.75254,64.93027,53.598614,36.33517,32.762463,59.83816,54.794437,46.29307,38.442844,18.556953,58.412632,52.342907,76.047516,55.612366,49.59784,47.804527,64.9515,44.733368,52.762848,78.702576,37.557293,35.56622,37.57819,28.878452,52.405853,46.348328,25.053616,30.4221,23.165092,35.068542,45.133514,49.12273,72.19332
66.691315,45.259743,24.480526,44.311024,49.83534,58.90821,34.879875,21.695553,52.91352,45.5578,62.798157,40.140366,28.192524,61.36989,54.005474,65.13391,67.59043,58.666195,39.190464,64.14348,40.89246,58.244366,87.076996,32.385,26.255045,36.561893,30.209003,50.421608,41.4772,25.342768,39.49013,22.014406,35.282253,52.52717,35.905724,75.64084
43.169273,49.9272,28.027767,37.817455,39.98029,55.7019,35.2928,27.882082,59.292915,57.109455,26.374672,48.95746,11.317368,42.741215,45.410835,60.17775,70.56456,63.39824,40.77201,57.341694,50.83136,68.42718,83.19235,39.90786,31.598087,34.457977,31.184307,41.262424,51.840454,29.097013,26.851822,36.55416,33.96502,62.367775,42.41881,68.04429
27.077095,52.6493,31.075645,31.533327,13.278334,74.6896,45.45267,33.55729,66.58943,50.075054,46.914986,54.90902,43.748127,47.604736,39.42463,51.518593,68.90063,78.24077,22.831608,75.005005,25.993698,53.713646,89.31069,41.369812,33.51542,33.266212,14.948547,42.951206,34.06961,29.043818,19.505354,45.05625,37.80651,67.13757,44.47686,79.746605
42.583187,63.499454,26.349998,29.02147,30.092625,61.699585,30.793118,42.07934,52.499374,80.00929,34.80166,38.220764,5.992485,58.938522,28.28833,54.148018,73.18297,63.02049,38.004765,63.83573,41.194866,40.9949,80.22624,59.129612,22.595,25.438046,24.232437,34.651012,29.24036,20.300673,22.443703,48.839966,44.506462,64.61011,47.004845,59.16925
44.00372,47.87517,6.727421,24.013107,21.340046,52.975025,30.718933,49.861103,43.75206,73.13867,60.692116,35.302204,37.35251,43.106636,36.22786,52.16326,80.448,70.16393,26.234623,47.856228,3.3717651,32.27815,74.80611,35.07821,1.788744,25.388384,29.424282,37.964188,27.77145,25.011211,29.160978,36.007225,30.73515,65.84594,57.54068,52.716972
44.49206,46.405872,40.578335,13.101198,16.034405,23.901497,45.995365,57.398148,51.016518,59.94677,61.32933,17.185337,32.784874,40.766182,29.511642,48.795578,67.93072,64.29344,32.497635,43.321804,30.178684,38.792778,62.044975,32.839302,11.154623,27.41287,29.12017,22.971062,43.401604,38.7104,31.752651,34.626694,31.58671,57.352196,61.99644,43.728737
36.155224,37.609108,48.013695,17.054218,25.73391,22.810303,39.877506,67.39759,13.375908,56.629654,52.43963,30.069294,24.978558,20.319672,33.060066,44.318752,32.104355,52.599,36.85557,37.16016,64.262985,37.72949,57.320038,36.03856,7.450485,25.859077,23.263351,3.1671124,33.671814,53.75441,37.451385,23.905334,25.976646,63.685993,56.262184,22.423565
8.265099,29.999489,46.039463,34.77506,29.719025,32.238823,57.904404,73.63089,33.60641,49.36817,41.243965,33.558662,26.205734,44.018684,44.697636,40.335594,24.926105,58.647835,37.897602,21.501156,36.0066,35.955563,54.469574,34.57888,18.507114,31.9398,17.257236,27.429588,43.708504,49.468864,37.66442,19.821804,28.970798,54.265316,35.338554,19.961903
18.386765,31.700035,42.68582,29.406353,33.262486,32.66316,57.95516,32.46055,41.02331,38.28062,51.56667,34.44482,24.278255,43.398357,37.896866,36.59243,24.350296,47.25142,60.74117,23.65599,46.313416,36.62369,56.05374,36.445343,37.53398,30.228231,88.25522,23.073158,44.913605,47.105564,35.584328,44.36749,27.862816,54.689674,28.318108,30.981033
21.147636,3.3894558,33.870857,33.22753,33.563496,40.173065,40.639595,38.021988,-17.544296,51.215424,23.46231,30.173409,30.024845,31.883713,29.079624,34.431046,32.63204,36.128036,64.50499,30.294888,34.86491,34.995888,53.940033,45.560875,41.995358,36.76633,73.07108,15.270294,41.044235,42.07785,31.944279,41.620403,27.89527,52.90316,29.967758,29.779408
34.98388,21.876507,20.204086,22.901539,26.541817,46.757153,46.891575,33.927246,5.1215515,9.955509,19.535969,19.657932,29.052742,50.389565,26.853256,2.5550747,13.900238,27.005981,32.680557,29.07708,21.837746,41.148605,52.256813,51.07393,39.865124,39.84926,70.18817,19.986784,36.452972,29.319897,30.136944,29.470268,25.87975,52.512814,23.627594,23.402557
34.29937,22.721706,33.383022,28.39667,-2.497755,45.26965,-13.809692,44.25196,26.339794,31.102207,-1.6342316,32.754402,31.793892,38.736572,33.817326,4.5753684,31.318481,22.08588,39.796852,29.278824,16.500349,48.944912,38.736725,68.51007,40.023895,42.517746,131.90144,44.251846,32.28945,40.002495,36.495785,26.594543,17.719147,34.672596,30.181408,26.772076
39.981808,52.248066,33.048782,20.596642,8.486237,56.279808,2.8404007,51.830753,37.785503,23.203594,29.737404,39.10754,37.51433,20.74847,43.19238,4.6362658,86.43522,39.35279,40.77452,20.716457,51.6179,34.969547,38.156097,69.87244,42.271893,51.413998,118.061874,55.484703,35.82557,55.728645,36.249752,46.792473,13.983276,35.064674,14.892765,20.801666
50.24752,48.301163,52.44265,25.591194,29.650257,46.31137,-7.8361473,64.61235,39.82689,29.363018,60.27703,15.614525,24.049335,41.45397,48.586338,17.151146,52.695267,42.503395,34.072903,33.278168,41.30666,37.88912,39.300117,66.93762,24.528427,53.07923,111.10187,62.074043,39.954502,65.13739,46.98941,46.80769,13.683708,40.327595,10.536144,30.50415
49.302185,46.04452,55.535015,32.88409,34.57132,46.70655,27.129433,60.9552,37.852104,52.211464,79.317276,14.370815,38.253815,37.35806,45.597466,33.725185,53.735245,54.825947,28.273525,50.46356,46.789158,41.65082,41.37904,87.70601,15.675194,68.11967,91.684586,63.4788,40.715633,61.726906,36.212646,57.72486,12.045692,38.493725,24.566166,24.403717
58.3828,42.35196,38.651894,31.126236,35.874897,40.6081,24.30503,55.133545,39.04144,66.91467,30.709614,32.77291,54.206738,34.500244,55.466064,22.860214,58.070885,44.676353,32.80335,41.627655,58.947884,19.143745,28.514557,81.67679,2.8088055,63.301205,79.508545,62.948433,48.58028,59.327236,45.953896,53.07247,15.240539,24.9915,33.184765,32.36664
56.105152,42.979877,39.73856,34.90745,32.0048,40.08607,33.84632,60.51272,48.628506,75.66055,50.19471,15.783554,41.03832,42.236835,43.662327,21.81371,38.692566,31.05687,27.44897,-7.8624,70.61471,28.670147,62.6596,38.48174,13.653094,59.540802,75.00275,60.442036,54.663467,38.86644,47.6306,63.92691,26.577072,35.488472,40.403706,41.39756
41.92393,35.819168,45.83333,29.922049,34.051346,46.28826,37.78671,39.953674,37.02536,70.98223,52.804237,25.410069,27.892162,35.418293,39.893467,29.338894,41.296406,27.033108,26.801601,9.512756,41.179558,21.723412,50.767044,24.388252,31.219791,74.53161,65.07703,54.40574,46.98139,16.334988,45.852142,47.736637,27.86641,21.772408,39.39368,33.92424
30.914345,41.30777,31.86613,27.474396,36.253902,49.928032,38.132042,34.162144,31.743034,31.245865,46.196117,26.808758,22.33485,15.296223,41.585857,13.974596,26.135933,44.28468,40.43033,-2.107479,39.091587,21.920124,60.396114,19.308739,28.613348,65.65311,66.0037,60.46368,38.310577,26.062706,34.2586,46.703896,34.1413,15.518372,23.293365,76.67531
14.899782,51.824615,33.03583,38.235092,32.343685,31.617142,23.106445,33.619167,25.089817,57.064205,39.00105,24.323189,11.032185,39.82093,40.308723,18.062279,36.018642,49.782166,37.88648,5.5299416,61.010273,29.423374,53.046944,15.811317,26.95255,63.420425,57.26412,60.808605,32.398216,24.990044,21.861681,55.22651,43.625675,16.10498,24.086782,57.135082
24.28014,39.250015,39.78536,42.895874,23.746925,27.961006,46.30896,42.310555,37.988472,42.748707,20.993198,14.868938,14.898743,17.609802,44.68555,8.26218,44.343304,39.59353,49.23882,29.04816,34.163464,34.037918,50.71325,20.601883,18.650782,69.354034,52.491516,57.656948,23.108341,15.275549,21.31314,46.550594,42.236034,18.658592,45.090115,54.55439
28.196522,34.119827,30.856583,35.235992,36.038834,30.896221,27.025425,34.11739,-2.9265518,27.876118,64.52636,-11.195076,26.371819,2.4279366,43.50864,31.844769,36.2037,33.092014,50.841408,46.855797,39.129494,35.600754,46.510883,15.686874,24.052261,64.262405,44.738544,69.010254,20.16402,15.293919,15.345139,55.315533,42.147007,46.61345,24.846092,35.573208
20.672882,13.673583,32.576134,28.01609,35.677498,40.01027,44.45765,29.03492,18.077347,52.86655,26.044449,16.86578,37.16102,20.564247,37.276978,16.525135,48.774044,29.613178,42.18799,44.623493,64.83451,40.88121,41.445034,23.350895,19.164396,64.67889,40.870453,61.271263,10.69439,15.52478,15.6957035,43.912796,44.64212,30.878044,28.765148,42.504333
5.519726,29.473032,32.425316,12.490433,58.626766,33.46145,50.40717,16.804684,41.897182,57.498768,9.391811,30.970375,39.53384,30.620064,44.679146,7.5556564,62.700714,35.94087,36.720093,48.762646,54.2197,55.778103,73.82971,21.351612,15.596439,44.604404,37.34834,50.143463,-21.39405,18.793701,10.644192,45.23876,44.34153,15.450302,24.866226,36.452663
2.5429192,20.025154,26.082706,22.935385,43.52601,39.4811,55.45215,27.808714,46.349434,37.374603,19.657309,41.031136,19.841347,23.86813,49.79271,14.726845,35.501953,53.816116,45.95856,46.300182,32.19653,39.82362,67.10608,19.755413,29.413204,35.619102,41.47588,44.71776,-1.213337,18.247719,20.645927,42.138477,38.586147,18.657608,48.787376,31.440342
8.376179,27.86557,33.1828,25.102089,35.829155,29.187023,41.754986,30.329533,43.16072,68.91219,32.70945,30.347214,31.402592,44.343716,52.37371,25.646816,46.374344,44.86966,60.94841,52.710155,37.748703,47.889626,60.754616,2.1664734,32.006523,38.47578,40.7426,31.773045,6.0233064,22.52119,25.229998,44.111614,36.102856,28.057327,42.223637,33.261894
14.230003,20.857325,39.627827,28.533203,29.001156,28.545101,66.682434,32.270565,39.76202,67.97001,51.487038,35.84495,43.883186,50.269627,42.431335,11.850908,57.9442,63.8024,62.169132,43.520832,76.786835,46.155582,55.57829,8.733894,34.191605,43.5934,40.50675,36.999092,8.209934,20.818638,29.372631,45.761406,33.317585,30.116566,37.039715,40.05766
21.48559,28.717731,34.334446,31.582014,31.136002,39.10395,55.96003,37.941116,39.70762,51.644497,42.007164,32.286694,-21.279667,48.574905,39.013393,22.173412,71.81895,46.310555,34.357174,46.843628,64.575714,31.772167,45.95302,15.523277,35.10141,42.39821,36.98282,41.642357,9.280266,15.416981,24.519413,28.64032,27.829582,35.469097,38.135468,43.411404
15.971539,22.9627,37.41617,31.654694,40.371525,26.502014,46.555534,48.113613,23.14843,48.610065,68.20579,46.90129,13.034195,27.920357,34.651093,22.86969,68.263794,49.71203,25.127258,36.322124,-9.893433,36.97748,44.034878,24.723068,25.509207,44.416496,34.5868,33.949215,8.286724,18.368176,25.490051,28.676376,20.981916,19.466549,35.01981,41.734844
19.189207,35.355827,43.930397,39.87077,37.069023,24.746853,31.794369,50.315624,31.069702,40.391888,21.207344,35.623276,12.157097,46.564842,29.94624,13.23407,57.66081,57.88649,37.231678,47.867252,40.68009,31.308968,41.824955,5.6124344,29.898743,46.456165,33.731285,35.48811,9.754448,48.37478,41.86636,17.0112,24.746653,23.757858,36.299713,36.453743
8.898373,27.758568,48.768917,37.823456,34.328697,34.689846,42.85014,42.7598,36.240303,49.941353,47.693665,34.36412,22.457424,26.500889,22.960995,28.577019,64.98325,40.372192,40.907936,52.536102,32.690342,52.220833,44.938007,-25.306713,14.818892,40.77789,40.875656,16.783943,21.90803,63.092537,43.894367,18.199133,27.7699,13.342007,40.85009,79.86948
9.202896,38.088905,57.18973,39.457897,38.126045,20.600857,43.248978,84.11743,47.349205,66.04435,41.55143,50.51651,39.72119,47.87669,33.329525,18.971111,42.075645,48.075653,34.866085,58.15623,43.074795,57.79512,44.041687,-8.357611,13.126625,50.36499,44.614716,21.175898,27.554832,56.74024,45.67292,25.269905,19.14751,7.777939,61.02413,68.81099
19.978138,34.19249,55.946434,37.466652,40.786964,45.272625,31.591547,68.18507,27.876266,52.263412,48.998825,42.374924,66.09549,64.27389,46.80915,24.783249,57.2817,62.08565,42.011684,58.060562,60.28077,52.712624,39.929817,3.7546234,21.672762,43.437492,38.801277,15.395689,39.40574,56.75609,47.555443,27.207413,15.344578,10.077038,39.885853,77.788734
29.341808,45.061554,16.67266,29.2495,42.32759,41.675232,40.033573,29.123566,29.616234,68.82268,42.38267,29.24916,47.17425,35.977913,46.455914,18.405529,59.570343,71.33646,34.95774,63.58705,70.72387,61.841537,9.380623,14.130241,23.855991,39.62299,33.03151,24.099089,39.51521,49.154057,36.63768,17.304005,7.1221313,29.12333,36.016266,65.96867
30.830143,40.778156,28.609169,17.28265,24.580784,53.43135,49.08233,22.192852,-6.681225,58.50039,53.436016,44.224762,47.473503,41.014782,34.315083,14.854485,62.961426,77.883514,10.196835,61.934772,61.885315,51.960102,10.206116,23.059471,14.89307,29.11533,35.58532,53.93257,27.677654,48.27683,32.34604,18.652393,5.3105316,29.398335,34.32571,56.07786
30.43672,38.029392,33.133904,12.6354065,25.182352,44.75329,48.966255,18.777493,6.322071,68.084335,18.091236,46.54728,44.62813,34.613102,63.398975,1.3826408,64.896996,88.78029,14.636486,46.63761,62.3336,50.484062,11.552509,24.381401,10.522892,27.437973,29.189663,59.587852,26.647987,39.808537,27.222378,22.356894,14.198475,42.01127,40.563026,67.68609
34.24817,59.790627,16.351105,9.715809,29.85707,44.24827,38.520508,20.695091,8.115433,43.54448,31.731674,38.459717,36.35611,51.371338,49.06291,4.5311203,48.013878,83.56668,24.971195,56.35163,63.610306,49.637733,15.163795,47.32793,25.949245,26.284668,36.4494,67.78192,25.311907,33.91028,33.926876,26.661287,17.14758,33.14992,50.20798,72.37124
36.740498,37.99283,20.10334,22.102608,28.43888,41.34667,25.305683,17.8135,24.614819,60.71302,23.589592,26.993279,44.589775,43.21147,59.40308,0.010360718,45.908257,78.89126,35.32249,43.27759,35.315205,62.48346,16.277996,36.583157,17.048801,34.422104,-13.170944,55.76374,32.502518,32.676136,34.127766,31.211113,14.5788,44.094296,45.992867,56.603405
35.32334,22.458935,27.794983,18.794716,27.451138,52.600227,24.6666,20.841255,33.075096,54.003105,22.79868,40.4102,54.44833,51.37833,58.048798,12.853017,58.87967,76.887436,36.554714,44.460087,44.928654,71.09728,24.50673,-15.685204,8.501099,29.476185,-10.645138,32.373833,26.009632,32.10359,27.551855,15.288887,15.87859,54.451767,57.069626,38.35159
13.596096,26.252865,28.267185,14.278328,45.748928,58.456726,20.381247,7.8526154,36.331173,70.32083,46.37816,40.71757,57.675526,54.071743,56.585964,22.566391,59.105797,69.65723,61.286427,36.110146,58.611412,64.99662,29.631466,-6.1874332,9.555935,20.599705,-7.3109245,22.55673,29.381855,32.34722,23.494219,13.172455,12.635063,57.511154,50.478394,32.045006
24.136597,36.412643,14.51577,19.901459,39.68573,68.88578,40.2039,21.06324,51.431137,79.44967,49.07717,37.634365,58.358078,53.171085,66.740524,24.817902,60.609375,60.789894,28.38321,66.72726,67.02351,40.00377,21.692268,4.9499207,12.44349,6.191807,-12.848316,15.416599,24.31108,32.436844,-7.281891,-12.838467,9.070534,43.80581,52.270496,34.084538
34.35516,61.559437,37.39209,11.337425,19.742287,52.30936,48.922817,19.70874,48.27807,49.1202,60.48413,37.95515,49.902752,51.188026,50.462402,28.355072,58.937622,57.061455,18.471703,53.7197,72.00539,44.73855,52.28497,4.590748,5.9903827,2.4445686,-6.9582253,3.4100304,15.150303,32.486404,0.78718424,15.332439,7.335537,48.482456,43.660248,42.06745
37.058643,56.367363,48.700157,13.76255,20.279142,47.673927,38.175903,30.441383,49.159756,56.610634,78.01642,37.66078,55.443848,35.14057,52.062805,42.524662,56.60561,57.47353,18.921215,39.082565,64.4595,48.466312,47.45616,8.643002,-8.154598,3.4622552,-15.718662,19.963764,6.9918747,26.83167,7.873493,27.854374,4.224678,51.233955,36.452385,41.4413
30.984608,37.45744,49.750286,25.43172,31.08826,51.84223,30.534084,35.8178,18.618893,72.995445,69.56012,51.622025,61.613934,44.018265,35.79403,43.49462,52.6009,68.59414,39.290813,45.1769,61.16488,55.470238,52.34825,6.9400597,0.6652374,-0.6172588,-12.769203,26.791885,2.9117546,24.964518,4.727562,12.210489,2.2842789,45.033115,37.420177,72.26931
17.302525,38.135403,37.7903,38.72569,40.481277,62.961002,30.19638,24.145706,20.409645,58.87183,21.481056,48.458668,53.261482,39.150906,49.93386,33.840466,65.0462,62.149902,36.15398,50.61209,46.21395,1.6304665,48.367325,11.272858,10.721923,0.20538875,-28.286114,14.673804,19.083351,20.070164,10.722305,7.7194633,0.68805313,41.841972,37.092567,64.830925
30.359169,48.08534,29.133419,38.54464,37.79027,24.921753,30.84151,23.166443,17.985523,65.32396,39.901024,19.948032,35.176598,26.623386,57.959866,43.688007,42.537323,54.28153,37.73005,34.106815,54.998302,-2.3522873,53.50419,9.998478,18.252941,-2.1985245,-13.829151,-4.3719378,8.485828,18.701164,16.447966,1.8935623,-17.457455,39.59739,39.688416,54.48719
26.194815,36.555668,35.57506,36.180748,44.78848,32.223434,6.7601433,34.714577,7.8295937,43.370678,17.596722,38.787914,19.982662,23.319782,47.035126,28.03609,44.855576,50.66313,41.3197,17.174946,70.622765,10.814705,47.34041,13.701614,7.227108,-1.9934654,-8.28862,-22.77275,27.210476,8.57428,21.522266,-17.041182,-13.875874,42.063316,37.191166,44.96628
23.29961,31.871021,34.89998,30.41319,64.80216,48.603825,7.7431374,27.621449,25.666317,29.582726,39.706486,7.60141,5.829628,35.770073,34.682644,23.938972,44.11621,40.94149,19.781317,22.425838,29.599411,2.5898743,46.423386,24.34008,8.401043,11.764202,-0.018909454,-19.14941,21.522282,16.846409,15.091301,1.4170685,-11.532734,47.534718,36.33794,50.672466
15.493919,34.150127,33.13962,24.771332,20.796398,38.840767,14.897026,17.021797,51.651268,19.97499,50.51542,14.468891,15.600487,10.438595,25.456696,28.990335,36.406998,43.279236,12.2199135,21.20274,28.781155,24.35048,40.18995,-2.3200607,19.437006,16.221424,11.439781,39.523537,25.08572,23.150703,4.681507,-0.38855362,-6.9438896,38.51574,54.737648,69.01422
19.567757,39.393124,7.842846,36.502754,15.671917,23.930763,16.777546,11.307139,44.185184,31.549618,59.242035,21.043911,13.030739,23.643002,32.99368,35.344894,45.04459,28.742214,22.220114,19.3988,39.977314,21.896759,28.701443,4.0855713,21.536259,12.259865,20.253883,34.136684,16.631573,29.068672,-48.313694,4.154071,-0.49287796,60.556015,67.97807,46.77021
21.34853,17.756474,24.801876,31.986153,22.42083,40.91677,8.044357,13.037083,39.872356,53.528275,27.536987,16.853085,6.95446,-4.581028,26.05363,39.90833,31.057495,37.8431,43.32334,25.463242,41.387367,1.7219696,-2.0681381,10.725952,13.836738,15.586098,-1.7062683,35.362663,1.7364388,49.35692,-43.39157,15.520493,1.4992251,54.300472,59.84364,43.52654
15.271618,16.206009,40.205658,17.885021,20.471033,23.563831,5.67836,2.7871017,40.3759,53.993637,27.711681,3.6854134,1.3223572,11.358734,19.958721,41.98572,41.018074,30.488796,30.126076,32.851246,-1.7861176,-1.4963379,1.7429237,1.509449,5.5940437,9.942944,-5.306072,23.49057,9.916821,40.37675,-29.401295,25.383625,-2.018486,53.384747,34.43068,26.781708
13.017059,27.95261,49.207787,12.746735,21.546349,16.940166,16.59283,1.6619339,39.013645,52.99941,39.65738,8.617329,-12.653801,11.16169,16.70522,33.41121,41.878986,28.66676,38.530457,20.756168,34.708714,4.557148,7.738449,8.430626,24.19101,6.233906,-7.407139,19.003872,9.480478,33.2104,-22.686531,29.9258,1.9076653,51.17891,34.53289,45.381275
19.168453,22.61592,55.642807,26.626957,27.502266,23.879765,18.885288,-0.50328064,24.11021,29.116364,46.713383,36.629097,-3.117134,13.392593,8.34737,22.115807,37.038303,16.088154,42.8746,13.970242,7.1680603,-41.20456,-21.58039,26.995163,33.314102,1.8168068,-22.10192,13.828499,11.20444,32.336884,-25.97836,35.111225,4.985859,47.581573,34.327633,38.437775
-4.525589,39.195435,48.292946,61.045223,30.337246,10.5843315,25.80848,-13.297684,12.567711,14.345894,38.247913,-1.5054703,0.67051697,13.303192,-2.1520538,27.455524,15.708263,9.179649,44.086037,-2.5390472,9.968361,-21.656158,2.598587,25.769287,16.649685,1.8708153,-5.748337,13.43285,8.786285,28.434134,-17.351894,12.971727,5.0558352,55.669334,32.014637,39.62572
10.417053,-2.4100227,43.761375,39.345818,33.526386,3.8916092,9.110764,-15.011986,8.972855,29.137245,18.634884,-2.1272583,-4.9938507,4.5042114,-13.486122,14.516896,9.026338,0.19642639,33.3958,8.1215515,18.133896,-27.00177,13.304363,21.408321,18.301516,0.546257,-9.139889,9.445583,-43.991634,34.045135,-2.4439774,3.5728073,7.756481,49.783875,27.57538,35.579796
12.013771,-7.5309153,45.79079,41.28003,30.296606,-4.230728,1.414177,-8.490578,4.843895,19.251095,9.838173,-3.5372047,-3.3960266,-15.038417,4.9847527,0.9212332,-20.459007,0.21518707,38.722603,12.092308,15.12571,-85.68576,20.425209,25.27695,17.913353,2.6426506,3.6481857,2.1162834,-31.535763,29.906134,3.8878174,8.846142,10.079639,6.949478,25.613777,30.676785
12.91906,-13.26373,53.27048,28.290539,24.049656,-21.779968,2.0243225,-16.970627,2.785675,27.521793,4.999901,-25.27264,-30.443756,-23.244675,-11.558962,0.5598335,-40.247772,-17.12409,32.046066,2.8687096,8.75132,-56.046535,14.077179,38.953186,41.64838,7.7449265,3.1970062,25.433472,-12.2308655,26.672976,3.528651,18.596825,5.641408,11.165871,11.515823,27.19851
15.27952,-0.018081665,89.05819,22.512428,24.43246,-20.883835,-7.423874,-11.724495,-11.222828,-16.630875,0.8103142,-14.639042,-27.835545,-24.324493,-5.44656,6.1578217,-34.880966,-26.605639,19.520302,-4.5935783,-9.823619,-26.986824,16.002304,51.70179,36.679916,9.0481415,7.8128014,21.565887,9.767212,26.198843,17.097973,15.374962,3.5320728,9.879757,6.594391,18.04587
3.0795822,11.342228,70.498535,28.867834,32.204617,-4.1478424,-64.94055,3.3345032,1.6693802,-5.6029763,-0.6154175,-13.331902,-8.494171,-23.662785,7.133957,-6.2111664,-18.64373,-16.034607,5.3439255,-11.100121,-13.899086,-28.375332,-13.638115,36.903378,36.52691,32.357834,13.677486,20.88168,6.8978653,21.77073,24.899153,17.437572,5.2477226,22.320496,-7.7206726,22.696804
-18.79071,16.030888,69.04813,22.723053,23.57811,-16.34282,-46.817375,16.245987,-29.280525,17.95752,-4.511383,-18.534286,-9.336906,-11.878597,9.866249,9.314072,-11.751167,-25.733574,-3.4844475,5.796707,-6.107628,-68.63507,-12.04789,27.671314,41.35659,21.478346,13.883785,20.436512,17.848087,23.430214,30.238102,26.383556,2.0212402,20.59534,-1.6488638,18.24974
-30.517574,15.995514,54.844837,0.07174301,36.773193,-1.9308662,-49.2957,12.443355,-18.09063,19.059488,-26.045135,-38.77877,-29.677502,-23.525879,-17.471474,10.900434,-13.597486,-33.556362,-11.857155,-7.5736847,20.71843,-48.13632,-6.260952,28.416416,55.955147,4.700905,9.505379,10.785141,27.248081,1.5559464,19.486288,24.035698,9.288193,16.587006,-4.109248,16.948793
-14.115757,4.4516716,55.74917,11.47094,31.639784,2.8903313,-36.017044,6.3007374,-23.3863,9.005928,-0.79961395,-28.828209,-37.837646,-33.75422,-15.051781,7.6674285,2.471161,-25.85183,-6.3651657,-0.99337006,3.934639,-28.410522,-2.3197136,20.97491,22.118385,-2.8578453,11.793808,-3.7383766,27.324062,2.635952,17.716034,24.75288,10.792931,1.8705292,-1.3476715,8.931675
7.3476562,10.102501,55.606438,10.758743,33.8482,2.2303429,-7.5030746,-0.67684937,-11.856171,17.374252,-13.742989,-58.446663,-27.295708,-19.709618,-3.0224762,10.652336,7.96801,-33.76043,-7.8925476,-19.250443,-20.822273,-29.394295,-15.533165,15.215038,27.329845,5.0249176,13.119507,34.35854,13.322731,7.7437744,3.9890785,17.232998,7.278763,-10.453368,-7.871109,7.84029
0.56523514,13.741234,53.055233,2.5031586,33.17852,14.361916,-12.858181,3.9435134,6.294739,10.502167,-9.848598,-27.41167,-65.484146,-28.357029,-8.777344,13.909477,9.205586,-31.426727,-16.106705,-5.6245117,-15.465367,-41.9284,23.80904,10.672806,34.72488,23.910393,14.633202,24.394924,8.185318,13.526962,8.994762,17.68254,15.587318,-6.9030685,3.9214668,14.906654
3.7352486,14.924274,60.17591,15.31208,23.68133,8.588898,-9.470612,8.193687,5.673828,1.2886276,-29.106201,-22.803757,-54.924892,-29.306423,-9.608059,22.85479,-3.1555595,-26.577627,-19.080345,-2.0037422,-23.544125,-49.768745,24.09142,7.4069786,38.35484,23.084148,11.699078,33.714897,16.620407,13.596321,11.101326,14.485939,16.129387,-4.313904,3.7791772,14.751961
2.9853592,18.964527,47.38407,24.996943,19.556892,-20.269115,-30.557533,10.658344,-6.9269104,20.949005,-5.503746,-24.185444,-67.31603,-18.69535,-6.395302,18.797306,-17.445427,-27.036018,-20.064651,-12.997734,-29.355835,-42.69522,18.852402,6.355488,41.040718,18.813713,9.929321,24.053698,15.545811,28.870823,10.444933,30.053532,14.299613,-6.820442,4.2930374,13.831348
16.1819,10.817783,27.385128,24.981365,19.608086,-20.689129,-19.54121,-0.61143875,-15.360748,-15.479061,2.558632,-10.968632,-110.760445,-18.00538,-11.315266,10.672962,-18.272316,-28.745323,-12.483431,-22.623589,-16.218391,-33.9446,24.799042,13.265873,38.449776,33.303833,9.537952,33.660698,5.8752327,38.754654,14.922569,8.75997,8.441483,-9.202919,-6.9277573,22.437408
3.1942177,-13.110863,27.820591,17.206226,17.043728,-9.442448,-20.526367,-3.8108788,-27.980003,-17.320694,-4.317646,-10.849537,-81.178024,-8.491676,2.629448,-7.467473,1.0364075,-30.476952,-13.989689,-37.683643,-37.091274,-11.464447,30.740856,5.6803055,59.73442,27.31213,15.76593,20.48446,28.005596,36.119358,-8.465961,16.622189,13.248653,-1.2130585,-4.768738,15.47221
3.3348923,8.961025,10.999226,-12.181847,15.905392,-13.55117,-25.979233,-2.9246597,-17.764122,-8.9638,-19.751724,-29.879799,-51.027855,3.2430649,1.5773926,-1.423912,-9.32674,-4.1472626,9.530632,-25.192524,-18.784904,-17.516708,20.639175,10.369837,49.764584,28.424603,12.7028885,32.36783,12.256844,30.4788,-4.6744347,11.963554,5.91191,4.9466453,-10.805382,21.826447
-10.444508,-33.98416,11.192467,-10.033457,9.9528475,-10.694077,-20.396568,-2.400304,-17.840576,-12.579918,-3.5673904,-2.4124298,-32.56582,-35.678673,2.7146416,-11.51046,-12.790947,-27.448166,-28.428413,-14.638405,-40.368767,-18.62579,15.497601,16.715858,-11.616512,26.288597,14.301922,26.80651,11.614048,16.864725,-3.3631706,17.42701,9.290928,16.59703,5.546112,17.397663
-5.5054708,-11.659147,18.110386,-16.80928,1.2441483,1.6059189,-40.624405,-1.5095266,8.820465,-29.744865,-10.241089,-13.870243,-21.166245,-6.4593353,-1.0186768,-7.278118,4.195305,-12.854408,-8.544418,-9.870125,-13.968249,-0.046081543,19.17651,17.789347,-15.726097,28.648144,-8.339748,13.647579,26.342926,18.715103,3.0220642,28.932858,1.6478577,13.491264,6.204109,-8.902386
-2.585102,-19.803024,34.970097,-2.1776123,16.003616,-17.10514,-20.333778,-0.22000635,8.149025,10.895112,-16.143803,-17.87756,-67.12857,-21.291847,7.4438095,2.310234,5.9192924,-14.069931,5.045746,-1.9789047,-4.7915034,-17.860252,16.216686,13.532162,0.20565605,35.732937,-7.0694656,7.214058,16.663761,6.907402,14.209694,19.188812,-0.075782776,5.1960144,6.8473625,-10.578892
14.307564,-24.068573,41.566586,2.054737,23.609547,-5.539913,-2.0220337,5.2746124,17.972862,-15.3032255,1.6397214,-28.261932,-36.032684,-24.557602,5.4281197,9.300476,-1.1494255,1.6887131,-6.1227684,-5.1602974,-17.100586,-15.033752,22.809376,9.194435,-11.089607,21.168447,-3.9582443,9.65815,10.517178,-3.2321815,1.0780983,25.320972,-7.3042197,5.6144104,-2.5784798,-8.841587
6.551586,3.4618301,39.67209,13.56554,21.81597,-6.432678,-20.105217,-10.889374,17.04678,10.7669525,16.212704,-13.481575,-21.754196,2.0306892,-7.1185837,16.043037,8.751213,14.331268,1.4101992,-70.64407,-34.17389,-12.74147,28.884777,11.77243,-2.4641838,12.105492,65.550964,7.882015,6.930874,3.3397293,6.0278306,14.889664,2.7442589,10.147041,-15.483475,14.582466
11.255833,2.415952,26.0438,11.382515,19.90994,-24.191154,-33.215454,-17.994438,-78.97851,-7.678108,7.81678,-31.144188,-14.250572,-6.4183426,-23.176895,11.101418,8.5858,5.2157216,-5.077652,-42.75451,20.21925,-6.5472336,24.339764,15.103106,15.3523445,20.667759,59.621483,14.280563,4.9468575,10.905115,2.885558,65.467094,8.441399,20.006691,-12.412819,13.132633
-21.286343,-15.895058,16.27958,-3.7717667,16.031702,-3.3101883,-3.2867203,-8.483826,-51.84493,-3.3670654,-28.237892,-24.26162,-16.921127,-6.7119646,-8.377808,-7.640217,0.028484344,-7.026698,-29.774918,-19.053509,12.029701,-7.1539,18.485447,16.118534,-11.24411,24.945255,49.711063,34.906036,6.1498833,9.834812,9.181187,49.043232,1.2402296,12.99329,28.37429,16.044613
-11.910545,-4.213298,11.607117,-11.477791,17.53276,-5.4346695,-6.9886017,28.434921,-37.763718,2.0524693,-54.808723,-10.709419,-15.559467,-19.260395,-1.1899109,-28.86095,2.020565,-9.7635975,-26.820244,-9.015602,-13.519058,23.38327,0.42393112,15.509621,-9.169815,24.714672,40.271027,33.76167,5.1969833,12.7953415,10.20015,37.33422,-12.79987,-6.709489,23.793598,13.0211525
-23.032528,-1.3889694,2.2073746,-6.044815,12.637981,19.977318,3.1987305,18.698456,-7.2709427,4.793606,7.3816605,15.297947,-31.983734,1.7246842,4.286232,-24.61251,3.7955399,11.275177,-36.07293,2.099041,-1.22612,27.682098,4.896881,22.943016,-48.59559,28.359179,32.052975,32.118423,4.286503,-5.7973633,-42.296707,45.43134,-10.093998,-7.4581146,15.113192,12.300663
-14.536237,4.838337,-11.755386,-6.7113485,12.275478,12.940788,2.8761864,15.631454,19.08368,16.14576,-10.803505,2.2363129,-15.416496,9.347771,15.201485,-10.673228,3.8791924,12.004066,-2.1216507,12.464485,-15.184563,14.230629,15.18541,21.187296,-24.557224,12.508831,34.951313,27.710432,-1.5806084,-10.164608,-20.228634,45.039295,-1.6630578,-10.956711,10.651534,11.0252905
-3.0242977,3.0906906,-24.587875,-9.17524,7.689541,7.139374,3.3485374,22.434883,-18.734825,-9.659744,33.108177,19.821213,9.633919,10.5053215,20.274506,-3.9602509,8.5826645,24.131592,17.740639,-22.475594,-24.1111,-1.2356339,30.10521,24.101246,-14.320702,40.5267,37.81886,28.877949,-5.254528,3.2634125,-6.537346,45.053383,2.1321335,-3.3484993,10.52565,12.07439
-5.1259537,-21.386148,-23.417473,-24.713287,0.25258255,2.9120598,7.1009865,18.903702,-26.509926,7.4249725,39.27308,-11.971725,-4.0128975,18.488926,12.851608,-6.478985,-5.0437164,29.810402,17.27272,-4.1779556,26.10144,-13.051285,27.193844,46.102955,-18.242764,61.82324,32.05458,28.816185,3.3697968,6.959076,-4.252243,38.986423,-1.3667984,0.5304489,15.66383,16.664589
3.9465637,-6.559473,-1.2114182,-42.79473,-5.5053253,0.042533875,-7.4168167,11.81702,-14.32959,5.870079,3.454462,-2.8153458,-2.7599297,-4.653797,2.3699646,-28.094849,9.17244,22.498222,17.217815,-3.548149,4.401019,-5.391308,23.438805,42.14502,-14.924183,48.431362,29.387531,32.046593,1.8383636,9.302998,8.2640915,42.625557,4.8890953,-33.805565,16.086754,13.212662
12.740608,-12.096603,2.2195282,-6.3786545,-6.573059,8.273674,-15.987068,4.129753,-31.675255,-15.347759,9.272014,0.9855423,-13.577202,-4.910238,12.42038,-19.830137,5.7501006,3.0535698,24.841599,-1.4589691,15.26313,-8.3604355,21.837196,31.564186,-6.3459206,38.801285,30.460487,29.670317,4.2210817,44.634857,18.742805,42.637306,8.846664,-23.253128,14.70208,-9.444397
40.798264,-2.639286,10.32515,2.214428,-4.138897,17.320366,-17.053352,4.112404,-21.279251,4.678467,-2.4991102,0.23711777,3.100418,-1.5386835,13.09301,-61.530144,-9.247551,15.488312,3.2394066,-9.4928665,10.190899,14.14389,16.139038,23.92873,-13.322102,39.6154,29.584995,36.193542,10.770168,31.978228,24.389572,36.08807,9.794125,-11.790291,15.266956,4.7035065
31.25497,5.0392113,14.531834,-6.233139,-1.157177,11.5085335,0.27168274,-7.5685425,-9.327866,22.01912,1.5332084,-12.458836,7.2310104,9.761444,9.768719,-52.17425,-20.891182,8.216415,-2.2982025,-6.870102,34.994026,22.825546,18.837055,23.13422,-1.891613,28.967506,22.94627,30.491407,22.668941,31.630262,29.38535,35.847828,7.1137657,-4.6044235,4.339409,3.6989806
23.6349,10.301109,21.269978,0.7981467,10.353893,10.21722,27.05672,4.0483627,8.441345,18.687195,-14.461731,7.4149437,20.679764,3.3615494,27.753452,-25.27362,-8.417023,12.766154,-13.57972,11.7250595,13.997017,27.3508,21.87989,30.236012,6.7475166,26.8306,19.771088,25.178411,16.36914,34.41753,20.918911,21.658978,-4.3937874,14.380119,-8.80814,11.369534
16.492584,5.288311,27.511402,5.803055,2.8557587,22.619617,23.564522,9.136871,29.92516,38.44142,-7.074074,16.957123,36.53248,26.119015,14.6744,-11.424362,-10.903653,21.509232,8.978649,10.831974,31.399347,19.356987,19.038929,37.46872,-4.029278,30.167938,45.489082,9.998157,25.429134,27.068447,24.511303,14.821989,4.0048027,10.543087,-6.77446,9.211877
23.58554,15.211388,43.730003,7.0116005,12.810921,15.693325,21.201752,4.519941,29.268494,62.947094,38.69799,12.852463,15.092091,29.990963,15.339382,-4.5249634,-0.33758545,30.338547,16.316872,30.397865,68.84416,31.532417,8.881756,36.25818,9.267078,29.028221,42.16779,17.337288,14.295719,20.591848,24.592136,16.172997,1.4879048,34.285797,-8.186493,6.598961
16.448345,13.12278,46.75621,16.513851,20.098583,28.462975,40.38126,3.5182953,42.161205,46.896965,36.50026,29.927338,34.5691,27.723312,14.545666,2.3828392,6.112564,29.686726,16.17725,24.711922,46.989494,41.123756,8.669987,36.862232,15.599121,35.737556,40.866505,19.01248,19.37541,23.8797,12.078491,16.61496,3.1590118,37.459953,-0.27376556,4.96064
28.172382,14.421108,47.91211,22.890875,7.6448183,23.827244,61.236435,15.868013,42.905964,58.53354,41.123833,23.96236,26.232315,34.34174,15.701569,13.895546,25.309143,41.452686,42.419968,29.687363,37.496655,32.350006,4.520012,44.253162,48.580395,25.891172,34.50943,32.846664,16.475113,23.185287,20.461254,27.494652,13.550575,46.18065,8.084263,16.829647
28.685604,18.61035,46.788216,29.138756,27.389843,30.142014,50.69616,-20.908371,28.681255,56.804905,42.304302,35.274353,27.353989,41.609245,19.423855,17.04469,9.868603,40.182316,38.80533,39.00425,27.10276,37.539753,8.8917465,46.087196,38.17048,27.516636,58.07754,28.498466,8.614262,21.60471,27.550602,23.98996,10.774567,27.11599,16.387283,9.104103
36.42411,39.40043,56.68078,49.050465,3.0885105,41.86428,56.087185,-20.361305,33.974697,58.908245,17.050343,42.447918,20.293339,44.441742,52.4184,17.959759,8.533436,47.111504,52.838333,33.476837,44.815,40.03772,18.786789,32.83123,38.569305,19.606861,49.314327,35.38156,20.166775,22.264973,24.054033,24.556723,6.649761,24.345943,5.980831,16.350525
16.567955,41.62521,40.097332,55.424103,18.213787,40.17219,51.441696,-2.2564049,31.15395,39.05271,49.58972,45.08718,35.10663,49.263733,42.15388,21.148964,25.285671,35.571747,55.80488,36.806057,44.289814,18.606998,17.060154,30.137917,40.495792,25.495018,44.7786,33.41198,24.963707,21.398857,25.474174,23.733072,20.851124,34.803036,5.803646,2.3242035
31.508629,38.298397,25.9878,39.156616,18.021988,42.569565,39.338806,-6.0504074,42.381977,60.38592,66.20833,43.015293,31.611923,42.978966,38.54244,24.640705,34.135227,27.367569,38.50325,27.11531,52.08389,19.078144,22.886074,29.317427,55.778397,32.69008,43.89942,59.76581,22.43769,15.574238,21.319489,32.510185,26.499256,37.24954,8.556981,-4.386894
39.553413,35.510746,29.392094,15.0386505,5.972538,32.496452,30.19497,8.023178,27.869583,51.486732,61.52408,3.7524414,30.423012,27.92546,32.29291,25.934315,20.286674,36.365364,40.33969,31.095455,84.45711,22.53434,25.902515,25.357807,32.89551,59.90265,40.169674,55.659233,27.365408,16.915524,22.22126,39.704926,28.522137,38.3865,20.192875,3.47406
29.912195,-7.152481,46.510025,10.669392,15.272026,25.218151,29.693409,-30.223236,28.18628,61.06763,17.277805,32.32085,22.538155,38.4995,31.002174,24.574993,17.74762,24.013664,21.59219,23.264393,40.826206,26.983337,30.298615,14.781361,22.642454,60.050888,36.811127,45.38756,24.345642,20.52827,25.19708,30.176422,33.31263,40.43657,55.550034,15.392382
13.687847,16.12207,44.155697,21.686954,20.765873,21.651642,26.212608,-38.084846,32.194397,45.070522,41.187798,36.332928,32.396633,59.202255,41.94275,27.853153,34.99188,32.7422,24.604137,27.338955,44.701958,-40.22068,22.762074,4.345974,30.372892,40.557655,35.194073,38.1351,14.61578,23.66949,26.656773,34.465435,34.658447,30.352425,32.29958,17.535892
7.4009247,23.480545,50.47561,35.375065,26.244091,17.72459,8.868553,-36.71022,19.861767,53.323128,37.56843,11.23251,11.862419,28.296509,8.987499,38.638523,25.972397,10.840904,45.937588,25.93805,54.020527,-33.53555,21.106308,32.723675,32.09529,24.561695,28.514036,28.436478,16.968426,27.808681,29.273129,49.56762,34.859013,26.208313,30.706161,24.796234
37.87967,17.133516,36.413734,33.097332,30.425734,-2.2904167,5.520767,-43.882805,29.445877,31.245964,14.541412,-10.720001,-7.2960663,11.1342125,11.158592,30.547825,33.37384,-2.5289154,55.177788,-1.1982956,35.70385,-11.355125,25.574322,36.431118,30.939043,38.725677,26.912144,27.166767,24.692112,36.699684,28.111235,36.751278,32.20264,34.63312,29.69371,27.202026
25.096067,13.993011,31.61639,26.057552,19.441048,7.3070297,8.554031,-31.501945,21.45549,14.585323,6.487438,-2.8536758,0.32032013,-7.963707,6.4734955,26.900864,40.28776,-0.8210869,41.410816,6.9056396,14.131213,-13.392387,28.298538,41.50815,24.16739,38.694283,24.58892,28.887043,28.67683,34.067665,27.132292,23.1208,21.626877,28.432896,22.949047,27.157349
22.305561,2.384575,37.08803,19.121647,14.537846,-0.042678833,-8.5881195,-23.266998,11.055965,17.815031,10.070774,-8.471626,-8.486511,-23.676834,11.6273575,31.513489,10.794907,-15.590187,29.170856,14.920761,18.134094,-4.91938,19.923817,37.19683,11.056906,43.31047,24.908623,22.152054,33.31147,31.713074,31.386675,30.004967,12.869659,30.538502,20.977913,5.030918
