A,B,C,D,E,F,G,H,I,J,K,L,M,N,O,P,Q,R,S,T,U,V,W,X,Y,Z,AB,AC,AD,AE,AF,AG,AH,AI,AJ,AK
57.41796,23.137892,142.72154,118.37198,127.05061,141.96272,121.51363,68.60939,114.850136,90.67416,27.917168,73.00105,133.87363,82.79252,41.042007,113.55906,49.692165,86.8912,27.180147,66.333275,106.31957,97.78857,28.676638,47.87687,113.370255,74.88564,56.131252,14.971336,52.08557,28.578875,38.03937,49.502663,32.119503,2.1063023,159.78156,98.182686
75.81853,25.71082,143.94786,113.55456,149.17673,142.63145,127.62372,85.32446,101.30315,99.404205,75.2938,88.2189,125.69918,86.67414,85.02069,102.136,60.125618,73.30036,33.812824,44.38598,130.24507,89.33353,20.040724,38.231926,102.34015,56.034817,50.09701,14.818014,56.00686,42.46684,16.67013,43.466908,34.669514,5.481966,164.53253,58.502422
86.86764,42.89914,111.23721,101.00931,150.10297,105.63238,69.57376,106.80186,120.89192,104.39282,102.846054,82.748276,132.7272,90.33513,86.71132,108.8888,54.88285,55.368263,52.082935,70.7705,148.32716,98.473976,23.08635,32.16559,96.28855,58.80313,40.929703,28.019167,66.49635,50.123985,29.089268,22.472694,31.348671,34.182716,152.83023,86.102066
76.2707,53.197235,148.09953,82.996025,112.50798,124.61693,76.17196,88.06087,124.80444,103.52392,108.93893,103.868576,102.02614,85.78046,86.53983,94.00895,69.274475,56.47044,68.4189,73.81471,162.85745,102.339836,34.40728,39.41478,112.50309,83.840805,49.363766,45.17939,62.62705,28.61088,24.5564,40.198494,27.692547,81.12816,144.15996,93.878105
109.42523,65.162384,123.845085,74.9815,91.08757,125.52688,67.650345,84.18687,81.7768,125.12793,124.77489,94.56072,131.1894,90.77931,81.23831,98.59296,88.69246,53.794964,59.34156,82.5898,180.71475,82.520935,63.82903,59.33844,100.10592,60.594105,52.695835,34.493282,53.21177,28.908318,21.076885,45.533607,55.856323,50.830666,133.74129,86.02827
89.4081,61.856094,130.15036,90.48905,84.764206,120.29909,79.68271,82.18085,112.10971,104.71823,120.82658,87.04039,126.98201,79.92104,82.14986,106.51936,86.455536,59.170616,86.68901,98.0292,152.52264,94.26874,74.80941,54.433838,85.52506,68.18954,67.76122,47.28992,44.740124,39.045944,49.55909,44.6356,46.10862,37.505318,136.00023,82.01652
66.05077,94.355446,145.0134,112.83534,97.07772,114.50073,75.3622,93.56474,91.63075,116.25767,125.442665,86.91324,145.98265,80.87338,100.81805,95.89327,95.95127,65.08086,88.67283,123.62104,157.7077,112.23265,74.66506,44.624546,94.01912,72.59846,63.062904,50.22928,106.23816,45.33144,46.025085,39.055836,42.315125,-0.19565201,139.55687,74.66153
79.07641,98.291176,169.19637,108.76162,116.78178,112.21368,99.548004,103.15633,92.43067,108.67508,121.80016,75.60997,92.31612,95.50884,97.66706,112.27534,99.110466,64.04768,78.72743,88.13945,124.45217,120.84257,64.768585,32.365536,99.0037,73.57989,59.73381,59.032925,85.212234,53.290745,33.601585,57.22233,32.654785,43.069347,163.81355,73.03024
55.667046,108.43261,157.68382,116.11916,129.32439,103.85019,97.39315,96.148506,91.82972,111.35161,135.28549,95.58882,87.45064,87.354996,126.7756,118.79668,109.21416,72.1058,97.10845,90.80638,93.020645,116.289085,64.27252,24.187267,114.34178,67.968185,63.024323,59.007233,75.03715,55.969475,33.437347,58.184776,24.822323,97.69629,150.47328,67.90631
74.659134,91.268364,129.74785,121.46601,127.431725,112.94107,96.95307,102.1767,89.09369,92.9934,131.79204,62.600487,82.101395,87.142456,130.29857,128.86346,104.955,85.59443,90.50544,108.067184,79.74413,100.09821,71.84821,16.808731,104.74679,48.230297,67.41461,65.09234,47.472202,24.106838,56.769154,53.56005,55.693714,65.73738,144.71233,90.157875
111.965614,105.023674,113.15737,108.79937,125.747696,128.23857,106.343895,110.742355,96.50019,96.927765,128.814,62.788757,68.7026,83.16279,107.8764,105.413895,123.61639,87.853676,80.24937,86.26142,70.43851,67.20279,67.87238,39.264427,111.51245,53.380775,65.96627,45.353317,41.510963,14.9157,50.202984,62.258083,49.69359,67.09181,147.11264,100.74513
133.28563,116.73859,103.400116,107.6682,134.9023,137.54103,93.28403,134.87653,78.8815,96.74449,117.05692,65.29851,61.872578,84.30225,108.16348,105.94279,112.190796,88.50146,80.25546,67.26595,85.97261,69.12884,58.516705,36.764854,99.84044,42.499123,15.557369,31.80043,1.1992188,5.7533193,38.51542,56.29133,52.59578,67.275085,124.790504,84.46762
127.25428,94.0155,72.62302,90.8427,113.24798,122.46026,96.94026,111.27907,70.26899,95.47269,86.962036,18.50991,73.294136,76.44255,109.642525,97.40003,93.19976,71.452576,101.611046,52.4971,74.665016,47.10265,68.0755,21.363457,84.003975,56.585705,22.433922,39.121853,14.833926,6.6853514,39.493538,67.68459,82.9653,61.556835,102.087105,83.836365
104.405716,77.94467,33.121284,52.60121,103.29035,81.78451,96.84081,113.36882,46.73986,76.705154,67.22844,35.582767,72.849304,76.00345,98.48183,88.246704,65.75143,59.9222,92.88762,58.483627,73.974815,39.294765,0.5770149,7.8389926,66.47109,65.26968,13.09218,35.725677,24.137712,2.651805,39.756992,51.547577,80.655754,62.750427,66.79924,79.15134
36.027885,53.287434,27.73325,42.572384,82.71875,77.003296,101.186806,99.38722,64.93901,59.75122,64.40383,39.68804,66.093994,86.62974,73.99488,70.7248,58.689953,74.68101,79.77284,56.9271,67.28487,61.948444,11.134674,7.6963243,58.332504,66.88165,0.20666933,24.467266,22.285166,1.4235392,33.19926,29.8425,61.166443,89.93525,52.704723,82.27006
15.147311,27.498512,-10.395252,46.33863,65.689735,67.449135,88.19358,88.254745,85.475525,58.48421,84.27384,69.82021,81.26791,84.61791,68.4256,57.324127,51.007786,77.6397,65.08937,35.498993,18.96584,69.66413,23.448063,24.274683,40.307266,77.05609,11.151993,26.352806,15.437714,12.035308,31.47954,34.503574,49.281258,88.4835,61.40448,103.47725
23.946344,5.956109,67.89343,38.80255,25.773214,42.174397,87.28651,88.61597,89.30114,53.377842,61.790085,82.49125,102.93789,77.03824,43.13456,57.10621,45.498188,93.70748,54.337112,79.93958,37.048523,92.08808,34.56421,62.351433,40.072723,72.855156,27.18805,33.446125,14.712729,16.456491,33.558353,24.471527,47.714157,113.21095,54.46361,116.69407
55.808327,10.6429405,100.304794,45.019882,65.34958,44.70971,58.9441,78.53948,97.453705,71.09118,73.438545,70.499115,121.86415,75.0003,61.617855,79.21857,54.66319,106.56664,54.609074,106.3475,54.116966,84.97274,37.73619,85.08624,49.04248,55.001053,28.616049,38.44713,14.408625,11.815351,22.6708,22.945236,33.347702,99.5534,48.13527,105.387764
54.298874,28.8165,132.95258,64.15772,85.69972,71.66447,65.42689,44.276024,102.23906,98.86689,102.77269,83.575226,107.8574,75.51165,40.5761,81.55952,84.18243,116.115974,61.72786,120.13428,62.21682,78.63443,48.77316,70.94419,54.353493,41.4617,22.29713,47.291847,36.802895,12.815139,12.960233,16.43538,21.482906,53.04934,51.31357,88.33487
62.876152,26.131218,92.95227,79.03989,81.093575,71.39499,65.992,49.089115,89.36499,68.885254,97.4367,84.9905,126.39922,86.602554,32.701653,91.25314,90.97305,99.1882,69.44756,71.87027,67.70489,53.46669,69.83813,53.735573,53.228878,34.27662,31.933933,16.843012,49.56717,2.9833794,19.871826,1.0092258,27.29698,47.404,49.940712,108.66208
74.551506,18.872295,63.408264,90.41182,63.72869,80.4212,102.65134,49.500343,59.135036,66.76782,71.99618,85.07489,110.47039,76.79467,5.508791,63.870026,84.73857,97.39846,72.34189,75.10404,62.83549,77.23174,64.56077,71.03953,74.00896,28.806677,33.30222,16.118614,14.170984,1.1549883,27.840961,-2.2964916,57.252296,46.693493,50.097275,138.69473
76.99749,-18.039484,33.512516,90.47601,65.14232,70.158424,93.809494,51.855213,66.56327,64.766014,78.15522,82.41144,116.820015,83.86455,34.562153,69.850815,84.75149,97.479294,80.8097,79.88063,96.57947,79.81973,34.70071,79.00337,72.6392,27.132452,57.53749,26.311216,12.905888,-2.3898525,33.45844,9.598249,48.410736,51.641796,66.69077,155.50974
43.171,-9.310718,43.147007,92.444214,56.482246,70.267456,99.36655,64.333916,74.98569,73.95932,70.99134,91.43651,105.43784,69.92257,36.877155,63.97345,86.7044,63.14222,81.81017,83.5345,99.81734,102.95712,6.490182,75.56851,55.35239,11.148443,43.99139,13.000281,-2.0898972,5.6132174,33.695713,4.2226315,33.894352,42.18795,76.05519,122.345215
53.69844,1.7540245,69.63986,54.59967,57.25001,75.69956,115.89793,79.519066,72.279686,82.43167,59.60173,52.36126,120.80626,76.10094,30.175993,67.019554,102.283905,54.92434,56.321346,99.35481,81.886345,107.76708,14.837346,72.076096,70.34552,20.86032,42.316174,-20.708939,8.495052,6.8941693,50.61838,0.08797455,21.426968,38.46691,94.75305,127.85764
41.588917,8.449918,66.783005,53.76696,62.642796,80.40747,91.72505,81.22647,100.93088,60.466545,64.36683,76.19539,99.388336,70.47806,56.2135,61.586143,87.43403,66.7355,45.152378,57.545433,73.34843,120.98211,11.485976,80.16458,57.686836,5.845765,37.71663,-27.293327,34.222504,4.339497,15.634802,9.576868,11.913679,44.60286,143.32602,145.70691
34.878204,20.946028,58.264023,57.3487,111.43975,85.318436,92.85702,88.37493,83.566956,65.3837,80.302216,86.666725,78.28067,68.959946,55.518963,67.68421,96.44798,56.644512,48.50323,86.03739,83.77469,135.38994,25.051968,82.09914,65.23801,6.318248,56.018677,22.200855,24.881905,9.213409,14.078922,8.456237,-23.389935,52.42019,146.07263,118.58877
44.131245,42.412113,53.314007,61.566452,98.145645,79.45561,120.59656,69.0721,82.9751,71.26717,86.20924,74.079994,94.805664,82.20611,80.33225,76.50924,91.07143,68.76061,40.44257,66.99247,98.00897,131.01924,35.828312,119.98011,62.235508,1.3717113,51.119434,22.203222,27.231049,-0.18693352,8.522441,17.781261,9.110112,49.69924,157.10243,101.53477
43.70203,40.42627,57.201664,47.600613,106.61711,72.67823,117.72116,79.03803,93.62456,75.36574,88.386024,79.71862,109.2801,84.62596,50.230045,84.4555,104.988106,70.63362,55.092262,56.666992,109.6614,96.351776,35.22826,102.65829,65.95486,12.712137,52.41532,19.239458,24.54424,2.823746,22.595444,26.181831,30.215588,53.5175,159.24968,104.01771
38.705368,59.50991,47.310783,61.407116,99.133995,67.38103,118.91176,63.160587,103.06449,85.09729,95.77702,93.929214,114.103035,90.422455,41.55126,99.8301,91.78698,78.62249,51.267708,92.05868,117.75064,99.287224,33.005413,105.8642,75.56602,24.392977,23.596659,29.224613,19.776802,13.916963,13.609272,22.702862,74.32429,67.240524,152.41936,97.131454
59.178047,31.54596,39.95847,67.9563,97.13548,62.18056,82.4016,77.33971,115.18267,89.21994,98.66886,102.655075,120.60657,95.01382,50.7905,96.612495,60.596546,92.756294,69.21097,116.33635,127.37777,82.60968,52.02321,99.88536,62.888977,39.285416,39.017258,37.1472,37.40596,16.875868,38.939846,17.099117,65.05064,84.81128,164.88727,107.7223
51.43011,4.0402546,78.923416,61.714584,101.17354,57.42138,80.631874,90.66746,123.150085,100.228874,99.6304,112.348335,124.540085,78.55334,49.642372,106.52774,76.761734,93.86035,96.5784,112.207405,127.31121,76.207375,54.955093,79.21945,76.889786,41.688717,43.25784,23.423988,34.1682,17.97557,23.05878,28.569298,61.25226,119.89506,159.77502,127.80582
42.449745,29.41027,51.599567,79.25759,117.24973,81.38188,78.64057,85.15794,104.17867,112.06712,96.80973,100.766106,123.3866,89.906654,64.47356,98.76767,95.894165,78.233635,92.30594,127.572624,139.62558,88.02373,65.84882,54.806637,58.491398,45.4372,67.52768,40.075134,33.584175,28.2007,18.11166,23.84444,46.335976,124.774414,152.65417,134.8194
48.98563,25.04114,48.363132,90.061226,114.09125,82.92655,75.145996,80.53466,105.13,113.850395,121.698235,100.75415,110.96324,92.29411,53.586884,119.74277,100.145775,78.82747,94.553795,133.01675,128.49261,101.13013,79.05808,35.64703,54.904144,39.94346,68.835,40.98197,47.021816,45.670143,29.384972,32.96656,36.32514,90.17416,147.42932,138.50992
60.88687,45.191605,58.837685,108.96196,77.13637,108.41858,70.879585,66.605064,113.83785,101.64255,127.770386,83.534325,94.300644,82.92525,54.236153,96.24211,102.11538,79.603134,86.11458,126.77759,131.40321,117.31825,99.5919,42.43861,76.89256,44.14971,82.49124,14.568766,50.843044,49.02332,40.49156,48.89289,42.282074,53.78219,163.73228,141.8815
49.73796,56.582184,75.28436,121.58793,79.906204,76.68988,55.700104,83.143364,125.555176,103.813225,141.78279,84.810524,107.74857,74.78044,78.8735,109.47037,93.41867,81.84345,91.57123,109.253365,130.87798,117.11583,180.30319,27.402224,56.91096,47.0564,90.84128,34.398632,60.033695,45.293167,59.58686,47.843285,40.526962,56.561283,160.1462,161.17358
59.24597,56.507034,96.9282,109.269775,107.984474,64.92412,81.51904,69.47859,86.667694,118.27845,136.9184,88.70842,111.183174,67.79045,64.649994,108.386894,99.17668,89.26943,93.94232,108.66945,150.22552,122.2489,218.68092,18.180065,67.63407,43.956783,117.21644,54.145515,85.99949,50.92519,61.638428,84.77578,43.973114,76.67547,176.55142,151.23972
66.706604,62.510056,118.88513,98.68272,117.9478,107.859955,93.08865,66.80181,86.4494,91.052284,125.39554,124.041,90.92087,85.22605,69.55326,96.11375,95.3063,83.651405,96.54332,122.12483,141.99486,128.99289,206.51903,10.424862,90.3327,36.508503,157.2204,97.05375,61.054146,42.969128,41.82273,88.066734,57.985466,100.35503,176.77957,135.81601
57.99482,86.814674,129.93271,105.092255,117.0291,105.66305,74.68944,79.337364,95.876755,104.69652,127.5861,97.56331,60.392307,90.69373,70.89809,91.68149,90.41379,96.714554,101.383934,107.23808,136.6999,102.059875,194.37654,13.056054,99.83581,34.76785,180.46477,119.743996,42.25123,97.602715,33.215828,94.90485,68.8832,133.88751,206.24652,135.70634
68.126625,97.76695,129.80922,114.83303,117.31908,96.28994,50.246235,81.63897,63.43263,98.63472,123.04333,63.848793,72.29171,85.99806,75.73892,83.200485,93.66551,76.086174,119.58541,93.008705,139.17242,83.74441,178.0121,2.656437,102.88004,41.1798,194.44405,109.20427,39.161297,117.39499,50.76478,112.87617,79.5871,154.14963,187.57495,93.48511
79.69012,122.4041,161.82307,102.58908,96.822105,66.717865,52.512672,75.7292,58.023293,98.4553,112.677025,69.40997,68.24645,68.186485,73.791214,56.45636,94.275536,99.08184,143.85204,81.19876,141.68756,61.858578,140.11127,-7.3817444,105.563705,51.849068,182.12659,101.68296,43.347137,120.1614,63.28588,115.31658,105.81515,120.164734,143.1547,89.820724
92.85437,116.59909,113.905975,130.92635,106.16455,38.63377,58.14,62.2647,73.82191,62.7595,115.9088,56.743954,49.250187,25.759552,58.037292,75.83603,101.7825,100.33247,90.90201,71.16993,129.0682,69.3304,153.68399,13.9526,111.40713,83.78049,172.42575,104.26638,43.83033,124.04166,80.01545,128.92818,118.80344,120.4074,140.35086,79.21353
87.00101,79.20632,107.08136,101.83217,88.890236,38.881897,80.6791,33.709686,72.06744,66.00664,105.531975,46.874096,62.750465,46.529457,70.781166,84.54703,81.60024,93.66033,88.043304,69.21353,127.03964,56.04272,151.42587,15.021563,124.10093,101.80199,157.97758,93.39256,48.649406,136.09694,90.78582,92.88995,129.83276,139.70348,151.58658,85.721054
67.11596,101.47538,105.941086,82.691414,77.22101,66.215775,95.26043,51.51735,71.61788,68.33898,88.419426,5.145851,64.10104,43.894512,77.466415,79.97073,56.962727,92.40252,98.03706,51.720985,88.78099,69.172516,181.20901,8.679939,115.7294,113.94456,148.05373,115.78393,55.61184,143.30666,109.17159,92.37036,142.2116,124.68317,158.49342,55.016525
81.89534,94.401695,104.518456,60.70352,82.39003,89.62952,71.43704,63.89582,66.77483,68.05586,80.36474,25.20877,31.029387,29.510609,58.969,85.398186,64.81453,67.52514,120.792465,60.394547,87.60257,62.232113,192.56964,14.713917,96.88461,121.44249,139.38895,105.61206,72.96215,165.78896,105.63144,122.273834,154.95937,146.34308,173.92767,80.75669
84.2173,92.78124,99.08232,66.397224,81.75897,63.579376,63.949104,55.067253,36.55688,73.55727,63.954582,53.460754,-6.6095257,50.527794,66.16953,72.8362,62.817474,53.349022,154.62175,46.73162,69.04545,42.195717,196.32774,12.590948,100.48799,130.16916,134.29076,124.42169,56.45783,174.03238,125.552444,123.910736,165.36113,163.21523,157.54385,42.532814
77.783035,88.175026,64.617424,63.56379,77.550865,52.055744,43.283142,58.62658,7.266115,28.370024,55.952324,50.66523,38.992638,46.015923,53.96666,61.97781,61.08121,63.48224,174.12495,14.683365,18.147554,32.74111,205.95564,32.312714,88.51035,142.38643,160.74629,113.767,60.790833,131.94394,140.76022,123.75334,172.5265,134.69405,136.24287,22.836466
81.460396,88.09896,64.42529,57.90484,97.54202,56.595634,46.52671,40.89168,40.029003,40.442097,31.225994,72.306206,83.54815,61.746437,44.35908,43.20352,40.786026,59.487488,185.42996,49.93107,42.81481,67.88001,220.84467,50.114624,81.59998,153.61029,149.83554,125.619385,69.884315,109.298676,125.61831,117.14273,161.90407,120.46116,142.04926,10.737652
93.60474,70.187325,84.99505,62.17425,85.00984,56.824535,43.1989,39.146255,82.50729,60.403233,33.956867,87.59427,101.71538,86.82285,43.17164,60.659836,59.054802,63.282257,180.59645,68.514656,87.01222,83.675,259.40024,41.277386,68.51282,161.266,173.61485,130.32915,90.347916,147.33136,100.98287,138.72792,183.44946,130.63557,143.32713,21.84693
105.77242,42.14749,93.170074,79.9694,69.80096,48.728165,37.55193,45.08464,100.02716,69.898735,59.37862,94.75437,129.76776,90.4132,64.84346,81.04948,78.23665,64.23425,200.37599,100.71014,82.227264,84.24524,233.18547,42.557,61.638176,173.32622,168.63539,155.22495,67.880806,103.95439,52.408348,124.11129,206.86281,140.92589,165.14195,37.496254
89.632286,46.55382,102.81037,82.47762,58.93046,67.13832,66.60199,61.761253,110.51401,83.34325,137.22075,113.93036,103.19737,91.642876,78.95696,82.535034,70.81767,97.539474,207.64673,102.64492,103.51786,63.26379,214.90118,28.87601,79.40989,196.58917,162.57127,159.51994,63.03161,110.69141,10.015972,118.607254,247.26846,138.8352,165.80875,48.686752
50.14576,42.140724,119.703415,72.70893,81.47184,49.983166,44.294693,49.83049,77.98513,93.76007,151.2139,81.56485,106.88868,90.62511,65.67235,83.459076,80.02915,101.21078,200.95387,90.54557,94.91104,77.455894,221.3029,-2.5123534,92.42802,217.36072,134.89462,138.86066,74.27809,144.70584,25.302984,140.01198,248.38625,132.19298,167.76752,55.37199
27.922607,65.74966,168.38066,61.90762,81.691734,70.010414,41.341663,37.67005,70.44522,99.68585,124.97659,88.01918,85.89607,75.09299,52.71518,71.98508,78.864914,70.79053,184.33847,95.3361,97.49105,82.17658,216.52612,-24.764343,96.547356,212.10088,153.5521,161.5226,76.76495,133.33122,63.2138,145.1539,252.47818,146.20715,179.92899,60.56771
49.129536,76.90031,167.33359,90.73976,87.53889,120.91161,31.185984,46.773132,56.129807,84.716156,125.223595,30.077484,82.17459,74.6229,69.945244,97.221855,63.523952,81.04474,137.12509,61.87669,80.450874,71.18027,215.29472,4.7272654,86.52817,213.6703,211.54668,146.8382,108.18414,113.92864,85.98118,150.59691,225.18965,116.16356,167.95085,59.683216
55.098602,100.392,170.55437,132.23204,86.41791,111.14338,44.28694,59.65056,61.408268,77.774,101.26492,60.25374,52.656235,59.327957,62.449135,88.27973,59.393745,85.212296,105.992165,80.944565,69.333954,57.888176,216.26862,0.04662609,87.75488,207.22113,225.09886,150.31262,107.0121,113.252174,81.87181,138.253,250.81078,139.405,166.49184,30.609625
93.62661,122.19343,120.929,150.13773,67.15287,99.62893,45.513508,62.79269,64.761444,88.66059,84.442635,65.73278,62.083923,61.07015,63.966473,69.25048,17.165005,109.09167,96.13664,47.98448,74.97523,64.63277,228.95221,8.3290615,116.01078,217.85022,246.85445,154.73503,115.68011,123.177086,93.54769,175.46269,250.10033,122.064095,156.3195,9.903742
95.84548,96.44223,121.38413,102.66661,69.57668,120.31786,66.11984,58.53933,68.209114,66.61391,78.75621,68.074394,69.95912,67.219666,46.64306,46.621212,47.277733,91.470604,101.788734,54.342518,70.362656,58.5416,208.54007,-0.08579159,110.58117,205.28773,249.76482,165.88803,131.91939,136.47112,95.85554,180.66896,240.27985,117.77482,134.06776,13.027246
60.566154,86.50579,126.57728,86.29218,70.83627,85.5382,54.234325,52.11709,82.05541,55.2555,54.02735,62.93958,84.93627,62.31916,33.456642,36.376144,45.834484,67.74944,85.21397,59.91149,63.67936,64.22093,215.90018,10.880352,113.23803,206.08145,217.87361,195.6081,169.18765,134.62743,107.35385,199.81253,236.07942,134.19243,122.765976,27.771036
61.48488,94.54805,106.77931,97.843025,100.47513,102.63863,43.971157,47.723812,12.729263,59.538837,58.941326,55.223915,69.80748,58.39333,22.748747,44.91719,55.14924,74.14831,92.27957,62.615936,69.485344,76.756516,248.67766,-10.199024,94.9011,201.22488,178.20636,175.68526,187.2731,141.83252,95.01009,211.33514,227.18948,112.57843,132.34032,75.850334
74.44385,86.28224,89.74971,98.27078,103.19175,105.86188,58.369793,48.32029,49.887936,36.449684,61.37553,16.913952,71.83465,53.070633,12.123261,51.531677,35.65058,45.76213,120.4285,58.541237,60.07676,82.07457,178.59007,3.9226627,79.82075,189.67673,169.93985,177.04936,191.75912,150.02611,88.080284,208.78986,206.30379,79.47287,146.43884,75.315765
67.937386,70.31227,94.99553,94.05106,107.96566,89.97322,68.97647,50.96141,30.475105,36.72426,62.750923,46.680973,56.381134,43.59469,21.169567,79.35696,52.380833,49.511158,114.43937,67.611305,76.55399,53.72766,117.25637,8.809843,68.706955,182.97108,152.67091,169.98425,203.6998,138.7378,105.4763,154.5193,200.72949,89.628265,162.14009,56.516056
50.39673,67.20547,111.080345,93.128845,81.43713,81.26439,55.529293,63.151344,86.16787,39.562286,69.2887,49.357452,61.453457,47.56418,29.625076,58.847744,56.644497,66.90478,118.35002,69.37402,32.39345,59.930103,147.24202,11.625756,57.85221,142.67505,112.828354,172.74303,210.00565,121.483086,111.9395,152.0161,202.10086,87.22243,172.75609,46.055027
59.541126,45.434505,117.24319,80.93148,74.7043,83.99045,54.954655,63.621197,54.92259,58.149876,74.53418,55.232937,75.45255,56.770702,38.573368,60.91571,72.682816,44.652702,128.04153,46.819145,56.288548,63.179153,124.17835,15.6873455,68.152695,152.24986,130.99374,163.76282,192.57285,98.055405,121.099525,149.76721,222.21611,97.9583,174.86353,46.1454
56.955463,24.90656,107.21761,52.609318,71.54792,86.66851,52.921394,67.31584,80.55282,58.87989,50.670025,31.0099,54.486393,57.27681,24.862926,80.75677,76.74212,64.36978,121.960464,75.5415,73.54418,47.9885,171.91493,25.79638,68.386795,168.48274,126.67353,141.86508,202.02515,106.749054,133.10442,145.82709,262.61624,152.45822,181.80888,46.650803
53.70834,32.17521,126.864456,106.90807,81.52655,71.233284,51.93914,55.42422,102.39365,68.63291,42.79373,43.07331,60.273937,71.7118,20.276817,95.91542,80.0796,102.15207,85.21498,69.688614,53.80972,51.103554,198.40317,8.866302,75.514946,161.59192,120.98894,143.45293,195.07538,115.61567,136.02957,156.12497,269.55362,123.13613,175.65126,44.94434
76.454605,15.728102,112.67994,121.6865,79.88343,48.369823,60.407654,47.55733,101.708664,75.89583,123.809074,61.748627,67.71933,74.88855,55.00549,90.48576,90.31819,66.50315,110.56685,92.42686,72.64972,67.72326,186.252,8.7462635,77.101135,189.89038,146.92569,144.48505,184.31476,125.31532,122.16495,172.9778,292.4393,121.23514,170.11433,62.31569
81.7902,22.979773,106.32229,111.53452,84.0979,47.732273,66.08334,44.426365,120.49448,74.55645,161.58322,85.03302,49.310368,64.18421,82.42323,81.73012,96.28481,52.990623,138.43274,96.72347,54.4066,78.810234,176.01202,6.7331004,78.10301,174.5581,144.26909,131.8039,186.51772,131.89694,68.633224,162.17935,289.77847,139.33241,127.924576,65.62261
90.42269,20.471003,117.48212,98.36061,79.3883,55.932476,75.032196,59.7232,93.14101,73.529274,156.33571,70.5916,66.80311,93.85571,73.13041,52.378284,78.62178,94.368095,149.84303,109.409454,61.650867,73.274025,179.89035,0.9592495,98.76841,231.08424,157.19928,156.25261,174.60663,146.8663,70.320206,143.01003,326.51266,115.39455,116.515114,50.882156
79.127815,21.13648,111.704865,92.66327,82.44081,64.93841,76.00402,60.826725,99.28041,95.57637,138.89828,85.47179,88.0168,91.53356,104.154686,73.54107,73.5228,85.59357,182.78728,93.833015,72.337395,79.872856,180.24995,3.2033124,96.69756,206.64153,184.51833,149.23717,205.49219,146.85385,125.96001,157.7837,329.79196,140.7862,110.87199,43.163048
82.24242,28.882233,137.6559,75.646194,67.842026,97.38648,76.358894,84.77436,118.946884,112.81197,136.76077,83.027916,56.01442,103.286156,82.583176,84.063,78.99258,65.74925,186.30241,125.20669,86.1706,100.34843,197.12416,10.749763,91.50406,220.47859,177.94386,165.25761,219.29916,142.0409,162.08426,167.54886,331.3959,135.37794,106.053856,71.470634
78.87332,44.485817,123.26688,79.05178,79.69922,88.48225,79.77688,85.84277,108.85036,97.0337,151.77618,65.33289,72.17788,96.34889,85.28933,76.82813,84.72324,86.498535,174.83635,84.71229,86.52772,90.83223,278.64047,0.03229332,82.634224,283.1403,214.19951,172.31184,204.41801,122.29454,163.75894,187.26714,349.95526,156.58783,119.07392,82.16549
119.8712,63.93402,133.14578,86.289795,83.81352,86.24457,87.92461,77.658005,94.42425,98.16601,155.86256,78.91713,61.029274,97.09631,74.879295,76.4389,89.433235,88.15454,203.1789,97.73922,105.5681,83.69295,251.99489,6.143111,84.83867,328.17206,216.21059,149.54146,170.10104,113.56941,160.42102,176.23787,363.00632,150.02942,140.01088,63.975212
117.19137,69.10483,133.21326,93.941376,79.66156,64.5319,123.72125,95.75868,47.356533,111.60533,133.54364,81.83929,37.002243,108.86811,80.56593,80.78067,87.143906,98.94251,215.43996,94.462555,129.5128,80.95714,213.80635,18.662329,93.750496,302.4671,255.78284,180.0102,140.38647,154.84874,158.42496,188.1098,314.43765,127.852264,175.22606,60.235332
109.135124,77.391495,119.57411,74.18456,75.56581,98.45027,93.56627,83.61694,58.735477,69.30607,110.23959,33.314816,49.157784,104.95465,101.87462,72.17051,69.99368,105.17835,190.32202,67.198364,116.19331,54.879654,161.68553,22.32242,103.101654,321.1104,239.62822,194.4819,142.3513,152.21478,165.91782,202.51619,317.16473,137.23444,169.27086,47.3708
98.97177,78.58494,129.72302,62.975887,79.071495,74.85259,82.52016,87.3062,52.705982,74.71678,117.75191,64.17389,32.01098,89.47739,93.368805,64.71484,84.86062,93.81531,158.90314,61.08147,104.641525,52.14347,183.13449,24.66686,96.52653,273.1482,250.44406,173.45439,143.2435,133.356,163.87492,222.49193,321.71576,127.6711,165.25684,47.460655
92.332954,80.89641,103.19194,90.57077,63.05606,70.91741,59.934105,87.28233,45.80386,69.242,123.35277,42.928925,42.653732,111.35997,46.010735,72.66013,74.48093,91.70706,133.84564,72.7339,68.92384,51.239445,198.80473,0.5508518,95.914764,278.8691,186.98276,188.30003,143.46046,137.63237,154.89865,223.026,313.54135,129.69156,187.49095,50.742535
86.34266,80.65137,114.9462,88.88179,67.17966,63.274414,51.649376,63.243996,19.844622,51.59124,130.22467,51.440998,18.56881,77.38818,28.029507,50.645073,97.19117,123.2075,145.11812,65.43092,37.35605,58.058685,232.09409,-0.99233246,99.782425,286.10678,166.2029,201.38513,143.18779,150.67372,144.14505,208.15744,293.01764,119.82146,185.75548,1.1263275
83.89303,92.62372,102.81628,68.05449,66.63756,50.735992,20.98205,44.59971,26.437708,38.77475,124.29784,37.717983,49.125076,37.930588,17.455544,57.06309,68.42313,128.23643,132.98254,44.143055,23.745878,47.817535,194.4482,-4.842473,103.6804,284.23798,206.96574,207.31232,157.73427,162.18842,146.07333,205.44194,324.7204,99.82704,199.32144,22.274319
84.81845,85.43239,99.54904,64.31539,66.21434,33.38733,0.7826214,39.922493,76.13481,43.984985,112.84301,52.113297,68.21389,60.72576,29.452492,53.701115,57.83065,116.555824,96.437775,46.679234,36.164574,54.928547,197.50568,14.520571,84.88808,282.0425,147.68797,190.0481,172.8903,162.6228,167.55206,218.34052,308.76144,138.76956,192.24619,36.83452
78.66522,84.73254,92.5219,86.16737,104.92938,54.051125,1.567994,44.049595,96.35124,54.00962,113.59817,40.003,77.81935,57.710453,25.569397,67.97441,73.80034,122.405045,93.7607,71.458405,44.52711,60.65301,181.14632,11.88167,78.92828,275.51697,175.37297,185.01721,186.84317,174.80914,199.52269,191.74783,309.1983,158.11967,177.69089,31.655293
99.34821,70.747986,103.11485,82.20041,106.61606,54.113754,11.856783,46.691742,130.30322,65.496185,122.414696,48.204067,121.720985,44.63581,16.02082,84.578156,92.417595,123.53475,85.610435,91.790474,37.624626,55.85861,168.97891,26.305294,66.69362,247.52747,177.2104,176.31416,210.48015,150.13159,200.72472,171.58324,290.7636,151.86716,194.41994,44.57099
101.65248,74.84195,121.46125,71.826004,121.4242,55.79826,44.639214,50.25513,123.744125,76.32659,147.50726,81.45667,52.310703,24.607521,52.248642,98.794685,119.23895,105.28574,94.8696,100.538284,44.48233,42.49954,197.26651,45.362244,54.68645,242.85484,169.20186,177.44176,214.51065,154.2196,162.99585,198.3424,324.91898,108.09224,189.66348,56.6825
71.43718,65.33881,163.82053,76.62791,128.959,45.92709,41.772816,52.653854,123.79468,77.52176,185.17194,74.77007,61.843983,30.923513,51.175983,99.393135,142.13263,114.95965,94.9914,90.89904,32.14534,38.85515,227.09937,36.645958,52.514034,236.88437,171.31041,166.48547,220.37935,145.32216,181.6643,172.50351,349.6123,134.11932,167.83025,65.530556
68.25573,62.65017,128.74611,86.296036,142.26082,41.1377,82.15014,50.481087,151.0844,94.46908,167.72963,71.78247,53.38231,41.665867,41.746284,107.15034,140.87975,109.86062,120.61446,115.22926,50.08705,53.202,219.96295,-6.601125,64.33764,232.68724,177.80733,178.10028,215.40018,142.03072,172.0074,175.13676,337.2718,164.31328,173.84555,56.5913
67.02959,23.691978,115.97009,98.79551,171.00357,56.557762,81.644844,47.89737,145.88977,91.90943,177.44354,45.453896,53.83316,61.538246,55.64392,143.18121,139.57138,123.674706,144.85365,134.0278,70.98924,59.884735,196.90695,8.701021,92.862946,252.86287,219.36858,189.71461,212.26247,140.70679,160.21979,178.35329,319.8808,172.13425,176.04031,75.284615
70.06612,34.84071,74.79857,89.99806,149.57228,58.018875,46.62204,74.28998,164.52054,107.24327,173.1668,79.29999,29.870743,71.20249,38.936928,122.635185,135.15793,139.26566,153.3769,149.34456,88.77755,63.384014,212.2707,13.183292,105.72629,237.39825,198.04417,178.86313,204.53697,136.08244,155.41457,194.38556,337.53772,167.80304,203.29515,103.89682
79.23951,26.622452,86.37757,70.60598,152.91847,30.695724,39.826393,81.96229,147.18771,149.88307,191.53557,68.17551,76.02462,82.13388,22.564947,134.15279,104.673546,109.51651,194.11537,135.59047,79.47089,49.558155,250.17474,22.089619,87.10261,262.25516,209.34508,177.15881,195.18849,148.79465,154.00557,197.74055,361.43134,135.81602,184.70618,116.891884
89.98016,23.84533,85.22047,61.568928,144.33875,39.217865,58.407196,70.81721,108.07969,156.05205,202.03664,53.161125,48.775433,97.64689,20.831413,138.44121,86.825,126.24702,209.8319,139.52444,97.82322,54.09645,244.73558,-1.1780667,79.976654,285.79626,216.99844,165.93834,204.39073,124.27191,144.96214,197.50508,341.48862,187.74115,172.76933,99.33819
87.655594,15.09857,94.766945,74.227264,117.96798,35.26107,98.626884,53.81727,96.776794,125.84342,177.76747,45.028297,66.111465,99.4915,8.962748,105.98763,88.82278,131.99115,233.98639,81.66344,69.22821,55.420418,278.773,34.156105,67.97721,316.34955,224.63924,183.41475,195.79228,125.92752,150.98895,222.54822,339.17078,179.50787,183.4311,64.49646
88.51556,36.782402,119.7794,66.20363,95.95929,28.010078,62.804077,52.977436,80.56251,104.838615,175.7783,53.519756,29.170097,87.89154,27.583384,107.83,112.220314,128.4947,218.59236,57.581894,54.665287,42.559464,273.11487,33.25937,71.6652,336.2968,253.47122,178.7206,179.02007,155.5607,173.79047,230.85646,288.86945,200.10162,221.25182,68.6627
102.12253,24.53377,111.96422,87.25234,97.2548,62.57164,56.004818,44.777523,61.8822,106.85022,112.52897,6.1646194,65.957855,69.21752,32.37468,86.14274,78.50736,70.33855,173.18556,43.599022,37.791958,43.500366,285.84763,2.686304,69.628426,296.129,248.8359,180.89763,183.88864,160.35538,186.85089,213.15134,295.39136,143.24539,185.98994,49.90265
81.51163,29.448572,62.3478,94.38644,87.52084,92.429474,93.2702,54.756744,82.26098,80.144485,78.86639,52.80191,87.946976,63.143208,31.360622,65.171585,51.11916,62.916985,186.57237,58.848133,34.34146,48.270645,256.546,11.973421,75.69654,293.22604,210.30458,199.85349,194.3791,172.93729,172.56519,242.9005,292.38968,134.72784,183.8905,48.984703
85.30831,57.086903,79.1112,82.882935,76.3387,84.68851,62.081566,56.781662,126.89466,103.74829,80.35007,75.38682,89.44633,94.32139,35.54002,81.66255,50.036186,82.18446,168.39323,95.035225,35.51454,67.05767,256.77246,30.786821,79.3267,305.84216,176.72217,200.28441,211.98163,154.58849,195.44894,248.45248,332.27588,111.9359,203.82901,49.73817
75.092094,65.57042,86.718185,96.77847,77.24859,54.56645,74.01259,61.61611,143.3551,114.73855,110.95975,53.229652,89.90262,93.55157,43.245193,103.039955,43.347225,62.438038,145.83331,92.32888,77.20055,64.3214,265.68454,22.53587,76.86135,289.47833,226.82704,213.14055,218.88115,158.37819,183.10135,196.05649,324.7377,106.8159,207.32736,45.88224
73.82026,48.329247,74.84244,82.93017,81.47068,64.7748,69.131966,79.186264,134.71478,126.137825,146.70522,66.68257,108.10953,81.493355,39.9909,104.056366,49.55834,49.392845,163.40347,100.20566,68.868675,64.2709,243.47537,34.11325,57.07216,307.09464,200.41899,219.27481,202.32893,158.96622,136.86293,201.56819,322.15894,74.86305,175.14464,39.89464
99.39731,32.058445,86.9871,68.58824,94.56853,30.257307,97.39707,69.91232,114.24372,146.6912,180.68124,112.28794,117.75104,98.4876,41.4584,94.65841,53.24432,63.39922,153.86484,120.537125,69.992165,69.835045,170.5542,35.40201,61.062225,311.0347,177.72406,200.00426,165.41272,160.46964,165.79425,224.93639,344.83063,69.43101,146.06305,66.42478
94.561745,21.579914,139.2363,62.92819,111.26436,59.92761,124.77845,72.4081,90.97167,124.734146,176.49162,104.11345,123.77077,119.78268,41.73576,103.259544,45.594997,99.06549,167.94847,118.04149,75.33812,75.99051,151.24068,13.66664,43.08794,267.07654,183.52,193.27586,158.67676,153.78291,173.82677,205.42691,352.48514,81.882034,141.45523,53.89658
79.45534,17.129852,132.606,81.24992,115.55911,75.85884,98.37787,89.48711,107.89268,107.9897,169.3336,99.84046,108.2115,133.88524,42.47652,93.58688,72.428055,91.74136,177.53793,101.325714,78.47049,70.49654,177.81891,19.02725,59.21115,295.0266,177.79892,180.50626,152.81487,147.47142,175.05682,177.84575,332.09457,97.29464,129.83209,50.55298
73.91327,35.178825,119.66151,89.2872,114.5096,90.50714,114.08551,97.05312,112.45614,110.04549,144.59378,107.405014,97.99193,133.51463,13.917198,100.08057,73.66991,111.2383,169.449,116.64589,106.831696,70.412186,209.61086,32.26103,79.15215,271.98138,155.54837,174.27133,164.12384,133.98451,162.16309,194.40005,312.80408,90.885956,132.19853,51.875263
77.73731,39.143734,125.003716,92.30053,114.4312,98.32489,110.792015,76.73522,123.11034,105.29476,129.89223,89.956436,134.95413,123.93781,23.718466,114.56669,97.59491,129.99142,161.37172,141.24088,96.86221,60.642597,220.26157,31.88479,85.86395,307.5264,187.02702,198.0908,146.57962,129.82089,159.50732,184.86574,316.66837,86.27391,131.07845,59.682972
68.82344,53.113102,115.138504,95.14183,121.83177,93.98412,128.17783,93.320564,80.35304,121.01563,139.66838,111.69209,167.38979,108.6712,23.84924,112.20424,98.04262,130.7701,176.78787,105.82887,100.198654,95.69454,200.93129,26.279886,91.53862,289.20172,146.12817,188.47057,148.69878,132.70021,150.05482,200.6143,329.3506,101.52476,157.04825,46.888752
80.59599,32.047787,108.03266,68.852325,111.8589,125.24245,148.78227,105.08853,95.80597,108.48332,109.20712,156.64293,153.3158,133.54498,38.696762,106.395065,82.210594,137.1337,164.23451,76.40657,95.12576,142.00159,218.6662,33.591095,87.832306,292.89423,213.97658,179.36423,137.49771,148.51044,151.1663,190.52722,305.4633,102.644196,180.015,51.014786
101.64473,15.072405,92.13115,65.9206,118.89132,137.44391,132.85582,98.06373,91.948296,105.38535,108.85193,167.80775,182.43915,146.95331,64.05597,99.286194,73.64155,99.39261,155.43393,108.159386,85.67518,147.33493,205.12735,31.501892,73.62205,302.88596,242.25497,172.94987,136.73201,153.24928,157.12561,188.23792,323.72943,81.627144,191.02693,74.6556
106.72155,64.59787,125.32049,75.95614,99.71817,149.4709,141.47824,104.41914,102.92202,98.2631,115.87318,170.05507,198.75801,165.58627,110.17554,81.70897,63.274494,104.762085,139.53065,133.57068,82.33115,145.85963,192.58734,29.698044,89.32011,259.19598,220.17108,176.80835,130.61919,154.37149,146.5006,194.44507,316.8796,127.959854,187.41893,91.616104
94.31141,78.87634,139.23373,94.78226,96.56137,188.33997,185.71921,120.15474,117.73849,115.124435,100.457214,168.15114,175.61523,145.30452,117.110985,103.58678,103.62649,135.68336,131.94525,148.24641,94.48846,174.38506,205.82187,24.317324,85.605286,279.1726,216.87665,177.76776,129.50883,148.63611,140.42589,189.75406,345.28607,133.30074,197.26578,76.35774
87.03823,109.57207,126.94862,110.35559,102.899124,158.98854,168.8149,126.32078,157.15974,129.82849,101.280945,158.77086,175.92224,164.42766,155.44171,109.231674,129.46135,141.71803,159.0657,129.91447,102.016945,164.53423,216.23338,35.402977,76.57941,270.16357,231.86786,176.64737,119.2347,153.88402,119.15523,205.28256,334.47653,148.31104,194.20352,71.657684
83.033226,108.72621,156.09152,95.15162,106.73336,142.29318,190.85342,125.79959,147.16907,114.78212,115.83263,170.56604,206.9922,168.06863,160.70564,132.12625,151.044,155.8885,197.50977,135.30293,102.46854,154.21022,228.26411,27.583736,66.301186,315.78693,221.47859,194.79031,127.139496,150.41588,111.35741,205.61522,299.13956,172.71162,161.38733,75.15277
92.96267,104.72189,113.05639,91.39285,103.37022,154.64087,174.12839,152.14511,171.18181,147.2047,134.40656,179.0608,201.18163,175.93318,170.72499,129.46008,158.78348,173.44206,218.32236,168.3599,105.19611,180.64534,241.25638,19.941189,59.115135,304.71344,255.27222,210.90364,99.32685,152.29358,111.58533,227.11302,340.18878,176.44994,159.01064,82.3744
104.0983,118.92612,119.86492,87.44459,118.75241,123.80195,170.61845,174.00627,148.00533,171.42169,183.74612,203.36122,234.24277,193.57098,160.81255,155.99158,155.60986,189.05618,235.14163,181.6289,139.75853,174.52913,229.8961,25.981909,49.203316,305.30902,291.21115,236.61467,94.71522,148.31413,109.46823,239.28244,346.34048,181.88533,158.32936,70.45156
102.327034,130.46313,172.87997,105.92027,126.55289,170.28786,173.94157,179.14005,180.15363,169.92007,203.79555,221.32271,212.8256,214.41647,156.41742,158.33682,172.14307,217.80748,242.59235,187.79675,144.37624,200.77821,242.3772,17.34792,42.442566,329.0294,296.97797,223.07649,93.21227,147.4638,112.50642,260.015,330.07324,144.82727,166.96564,70.87002
110.290405,157.96918,178.95618,155.15532,150.95271,176.7443,207.61266,179.78508,179.12419,190.97934,213.22522,192.67537,228.2685,221.93507,165.37315,165.43808,173.3953,220.77264,233.63971,213.81528,192.17912,197.88748,233.29298,29.451252,63.54431,288.82013,272.144,219.19969,90.341125,156.58846,129.34161,274.3572,315.35428,134.7867,161.31357,82.456116
114.272156,157.96042,173.07997,157.7249,152.40233,181.42024,230.03969,167.24463,189.64674,222.60765,210.50578,188.30788,203.595,207.35179,199.89145,166.04922,185.94421,207.02925,210.10439,216.28502,222.89517,199.6478,257.29846,63.666878,86.204025,299.19742,282.5783,244.51355,102.945786,171.093,148.01881,256.00064,309.84174,139.02036,173.6875,87.27222
129.78787,167.1833,181.83328,128.91133,140.8828,188.7843,199.41875,192.86478,176.31738,216.34062,210.87096,189.53291,221.17732,210.77548,199.52892,180.24297,179.80278,213.46867,229.3136,232.72713,196.793,171.05724,260.64917,110.25625,103.47186,313.08984,286.9703,233.8335,103.65874,173.09639,171.73636,230.38977,323.449,165.1888,189.01808,135.20726
154.67238,134.41861,171.25146,123.79616,151.83603,192.01486,201.40433,193.54025,172.37431,218.73036,214.05449,221.78473,237.37323,219.4677,195.24881,192.45657,196.44719,203.0582,250.2535,233.47523,208.20215,167.25142,260.5411,118.08176,108.775215,278.585,302.08295,226.35999,93.43149,194.30138,171.42024,223.62498,322.95038,173.29842,170.93489,149.7503
166.72214,136.98453,191.20561,139.8873,147.96869,187.87828,218.02583,201.21526,177.2275,223.53934,233.45097,212.34406,198.66502,272.85205,189.09354,184.77339,202.0723,204.64932,237.1022,222.961,213.74419,183.02245,279.5075,130.91623,104.15458,312.39133,297.426,210.47188,82.92582,209.08273,172.72885,221.10425,317.66656,215.96124,187.73875,128.60443
178.58102,146.01555,176.01079,158.93044,157.4772,175.56245,194.60014,203.63742,171.18947,227.59816,242.99603,200.9671,158.26508,232.27342,169.38858,184.27188,188.87927,215.84433,242.05525,216.64743,180.30905,187.95561,272.8505,132.29753,110.29299,321.14374,301.96436,228.06943,75.62549,226.77603,180.48662,230.11746,293.97614,194.92812,189.12465,132.53891
184.35277,133.00462,181.57233,150.53119,160.34071,177.62541,202.82341,181.7129,183.13235,211.41638,226.04536,194.95605,185.745,209.78754,179.98566,184.82484,185.76414,226.46286,216.46338,198.66917,202.73318,198.8972,314.50266,107.6604,111.73091,298.09216,336.95227,245.76701,84.551094,231.51112,191.48239,234.561,324.76556,201.50706,196.976,147.836
190.92543,151.57693,185.1234,155.89223,164.56584,147.11586,196.99864,180.5052,155.93556,199.07413,202.70314,188.05785,198.37961,201.66943,145.60571,152.66196,169.58899,223.221,209.5704,202.8612,208.46223,208.1297,224.54301,104.91832,111.82955,307.8319,271.51807,209.36624,123.515564,230.468,196.3949,233.06813,278.72467,204.39941,195.20142,140.65274
166.81882,152.53899,143.39777,155.1018,158.04411,167.60092,232.10425,178.58098,151.48375,205.44218,180.03375,195.77313,183.53151,194.92992,161.20271,145.62976,163.70163,210.32921,198.36253,233.70992,220.3135,216.00697,208.0554,104.239136,112.55518,278.71365,302.2824,202.76619,154.55368,235.99298,191.29271,216.56738,276.8075,195.27443,171.90227,150.70413
145.63579,126.41813,157.55069,128.28781,141.34174,179.78036,179.8977,196.00685,172.27005,208.38733,176.228,188.23457,196.81511,188.00917,171.66013,128.96764,172.64288,203.29341,210.93971,199.37512,215.95709,197.26132,212.52106,120.28685,104.895164,235.27853,253.3554,186.22713,142.33128,215.40378,187.41107,254.34042,287.03687,196.37332,163.1545,150.6585
148.85901,135.06506,153.47887,150.35893,137.37987,166.65306,177.14815,194.30241,164.27599,195.16367,172.09317,155.55487,193.36208,190.74979,157.58557,164.34535,186.54324,188.04836,233.15916,193.86006,201.56873,177.81444,241.28296,99.953224,112.16687,220.17137,269.76593,205.27861,159.17372,232.58917,190.90651,226.19958,291.03043,177.59532,161.91258,161.25845
130.58427,157.20242,156.55664,158.09804,142.91084,172.92593,178.4694,185.6426,160.28879,171.5235,164.91238,155.9607,191.19354,187.80766,148.6255,151.8403,192.82765,159.29466,257.4858,191.52693,195.13168,204.2152,233.72112,89.358,103.51,272.86673,280.87143,223.66763,173.75836,208.09785,178.5031,239.11765,326.8149,211.35327,188.10736,145.82391
158.38211,150.32161,186.88925,149.56265,159.12146,174.1664,188.96986,171.22433,145.24799,182.48695,168.41273,191.9431,181.14172,182.20236,126.9361,166.32092,180.76813,139.46776,239.31323,195.38696,168.68439,186.92331,236.82816,93.339,116.72252,310.94217,288.0248,229.45406,186.82759,200.07568,225.75832,237.23746,278.5859,177.24733,183.10814,105.89228
187.38916,172.46536,189.43321,137.05714,184.9741,189.86922,174.81966,177.80849,174.45193,170.19115,194.33606,183.01367,183.44295,200.15387,150.6348,150.80473,161.29959,151.70749,230.40031,189.58647,173.0568,187.31403,220.21059,102.86016,118.12216,310.4169,269.43054,242.85646,210.61093,176.70482,227.67447,236.10109,311.8592,196.2599,178.1669,160.2246
186.86682,148.61546,180.83977,147.7443,177.18547,193.30872,177.29271,187.87857,182.48875,165.22252,186.72293,211.027,191.39261,190.59163,175.48082,163.904,153.31511,168.60333,242.20845,194.7147,175.02951,188.5303,248.59593,98.6138,103.01727,234.96552,281.11972,244.8721,224.90007,163.9976,229.00677,231.84578,285.19745,178.42407,186.82379,179.67592
178.03705,125.33778,188.75655,166.68684,171.63185,152.6034,218.23419,189.62262,181.01126,163.50348,201.39488,223.57239,200.6303,205.18938,139.06609,171.04324,131.82796,154.6721,257.7653,204.60258,175.31123,190.83649,255.69296,101.229614,93.60404,252.57693,275.62695,206.86159,221.24693,178.99863,228.50069,264.07266,303.28677,194.53914,194.65588,199.5863
210.12653,143.36063,177.69298,168.97704,178.91681,167.91925,193.00792,180.4516,187.3635,182.77885,214.43633,204.9136,192.49147,219.04654,166.24036,161.04335,131.4519,164.05782,238.5737,219.1138,180.55867,193.7483,242.8371,100.70285,99.95059,282.86664,314.1828,218.23488,221.59227,188.57869,242.74014,231.07835,295.33557,176.90862,181.44212,196.33832
174.13713,148.13539,160.83911,174.25552,184.52806,177.51431,195.66667,188.80475,197.15578,180.56572,217.37521,188.66095,152.40393,211.08557,168.47258,157.0443,133.21423,186.767,242.6624,183.76793,179.09155,191.9978,231.91779,93.708626,120.24756,287.91577,293.26834,247.80928,218.53261,202.22183,229.92964,232.47064,319.9396,177.40594,176.61877,184.6557
158.98463,109.99816,157.31316,183.04071,142.29776,184.18808,167.56342,172.55022,188.40942,164.66344,233.02658,180.9562,196.38382,220.9398,165.78983,171.52505,145.73987,154.12874,224.4308,189.00806,180.81415,159.9629,244.54218,89.358505,114.145164,306.27255,280.36328,219.63213,215.67952,219.22171,241.78743,203.47067,287.60327,190.32048,182.99327,215.13403
151.26102,106.01003,174.77716,158.8971,123.269684,177.17703,158.48044,164.16087,162.39505,170.14465,210.19006,171.33134,166.28119,206.50348,176.64058,159.79247,119.49826,161.90385,218.30728,167.02766,169.19817,145.42636,246.24326,69.40593,111.4111,300.84402,274.5338,225.59369,239.21976,201.88918,215.66057,211.22702,302.79532,209.44012,177.88707,191.845
160.3676,109.8262,144.78262,160.7733,162.20515,133.29318,134.24065,163.45297,140.14479,175.06612,186.78162,142.82146,178.1918,170.50815,112.294174,157.86604,143.73131,175.28508,213.575,160.55981,169.33798,140.66595,259.34583,41.60422,103.65965,305.62085,285.55194,233.50052,237.78658,207.58424,228.08789,206.3204,266.9001,187.64082,170.99796,166.00417
167.90643,100.97139,145.1635,171.76309,176.14963,175.08394,170.77016,125.421814,144.77242,165.65858,162.74094,158.32953,178.7924,159.40968,139.86288,145.48035,156.32372,191.58638,203.68643,155.35938,170.15317,138.3875,294.22818,29.284117,83.690254,290.19907,286.16592,236.14738,234.09047,214.45581,226.43854,221.1557,251.1779,199.5741,178.97833,142.56941
196.61707,110.49387,155.65195,173.40479,178.56827,171.70723,197.58272,152.77882,145.97774,152.53839,160.57034,166.43466,187.25058,170.14223,159.55795,145.85843,170.29025,193.82346,222.5704,152.45743,176.23825,144.83267,273.30792,11.54238,91.03202,270.42578,322.90158,222.3976,230.0877,204.27513,223.91872,228.32626,202.82478,185.85446,166.18304,97.81671
182.26184,85.23488,155.11456,145.58034,121.79094,189.02768,216.7245,167.50494,142.23798,192.35844,165.81493,184.20828,190.84917,154.60873,156.64462,121.71548,166.49876,203.26419,218.33044,181.9836,194.18208,132.1492,218.67598,58.949173,79.77062,213.85284,280.93158,205.56662,225.28894,210.70741,233.62645,218.62473,197.93167,224.79979,181.8137,108.724304
121.32821,106.13519,166.87766,153.99442,121.317894,154.29248,207.34421,178.67448,205.6984,196.69727,160.92014,202.25134,195.14449,190.84288,165.42882,136.07445,164.77498,195.56084,234.49242,197.4868,168.70613,166.45282,211.23094,69.28619,77.64419,213.81769,264.15448,202.14755,226.90146,215.75366,237.97475,205.29749,167.19543,195.85852,178.0048,115.09391
119.91866,117.80384,166.25296,130.6183,138.73291,173.31831,209.87225,190.30496,172.19942,171.05194,170.5791,211.6651,195.64728,202.8228,169.22797,158.35132,175.10063,218.66225,237.05344,196.66411,182.08188,183.82262,215.5927,75.15851,71.896904,181.21997,282.13324,200.3468,251.81683,246.24962,226.37257,202.54059,177.14818,176.18524,205.658,120.20784
185.65637,136.98949,170.77962,130.98796,152.74579,172.02559,184.13528,170.00685,204.92177,178.44829,151.41139,193.44186,159.36627,212.04483,150.21962,143.4712,193.08607,213.94997,198.1149,167.84023,203.74638,194.49048,274.38483,103.325386,66.527504,192.20528,274.4783,206.87253,210.5375,201.39124,217.9982,195.04465,182.31161,178.75995,176.16632,135.73752
141.92667,144.74937,185.58014,143.74504,163.60843,182.91612,175.21733,157.54329,156.6729,167.4017,153.98993,182.35065,193.52852,188.84587,151.86562,165.24615,194.40254,213.82295,145.09117,196.9882,193.99403,184.24742,284.451,76.79346,67.64638,198.43828,239.88287,222.55768,226.02573,195.60655,209.37393,227.85123,177.90085,170.04521,162.20242,143.68855
163.90654,142.4299,186.14716,158.90529,147.55962,187.60567,194.41359,170.55101,185.8715,191.91933,177.60698,163.29318,194.04185,170.07013,160.63104,165.06583,169.31934,213.20627,146.6409,212.23561,190.86053,186.51431,277.9414,54.510426,52.426193,217.10837,228.36342,203.70656,224.4121,212.28752,228.18622,230.56038,187.87155,167.57645,148.33871,174.6078
163.41547,152.20486,182.87088,154.24084,151.6493,199.96515,191.33817,183.71536,204.95839,191.71269,201.06155,158.95285,211.3125,150.36905,173.4188,164.29088,174.06937,206.20648,148.65416,181.27509,209.03433,171.54611,252.02968,67.63753,58.464478,211.24687,241.2939,222.4031,225.14107,230.39743,241.17271,201.74026,185.64928,167.90201,170.09975,166.99385
184.36385,161.4827,208.63115,148.46042,150.90744,225.7859,196.48337,177.16656,181.8442,187.77345,223.62526,146.62506,220.21027,179.33604,189.41252,162.95673,170.35547,197.08029,156.5304,178.32664,208.36797,176.9485,278.97757,34.402,82.10052,189.50377,240.64738,211.24463,241.69275,217.41174,247.24548,211.694,198.9931,179.60002,196.03087,120.45828
193.47765,170.00165,192.88065,148.42569,150.5223,240.3619,188.69397,166.65126,160.5515,172.99068,197.79108,157.44112,203.91248,175.94165,158.47316,174.03123,175.54196,175.0353,168.5437,192.62155,156.4074,171.09084,262.71185,34.02675,59.31116,206.44391,248.18143,198.17885,252.03658,224.50116,235.1901,217.19312,197.70201,195.55753,183.4397,108.15414
156.11543,153.7536,186.21693,158.56209,145.85744,224.46394,205.4026,178.39388,139.70139,171.46693,186.13943,158.49953,198.39435,168.08188,182.90747,161.43626,154.31987,174.94748,178.984,158.20668,163.08284,136.76332,263.8883,9.790724,57.79439,177.4805,259.98956,224.76295,251.11473,231.72485,244.48729,198.55327,197.00018,188.26773,180.01697,121.36728
147.07983,170.25064,163.2706,143.86646,140.00743,209.12921,191.52443,179.41725,127.14411,140.66626,184.15717,149.8967,170.48035,165.84033,150.00229,148.5775,145.7698,175.02103,180.23863,77.31874,172.10187,168.41931,283.9544,30.33197,45.77605,173.40907,256.6779,201.89355,227.59743,219.22592,214.34715,222.4525,187.3583,189.495,188.7048,110.022644
167.57875,185.54755,157.79936,160.95236,119.0053,132.66461,180.2789,144.16194,113.75424,125.55658,183.1734,145.60756,178.0316,165.44261,126.52606,120.0931,132.56552,176.0026,188.02336,110.47616,176.10922,158.1505,271.13995,17.697145,63.208572,197.09361,271.81348,189.31662,220.36153,205.58952,226.38211,223.79216,191.14099,185.8943,183.87761,116.00203
162.90926,171.72255,173.18121,125.4203,132.85213,162.0375,156.45026,141.32175,125.48865,134.01622,182.46681,152.39046,206.72395,162.21957,129.53357,116.07418,118.462715,166.55043,182.40242,168.94218,179.15393,142.83981,274.8334,10.860202,73.68523,179.49487,285.21133,179.40923,228.263,225.30098,212.37685,222.25694,185.2962,168.17879,175.11604,126.69041
167.23686,141.27971,184.53638,146.71832,151.77658,165.7852,183.98123,162.10559,173.31035,179.57896,186.92879,173.72868,194.46959,178.12534,133.0776,101.38755,114.26843,170.29881,169.61246,185.04614,174.76724,158.05167,253.30855,-4.1334524,82.056816,190.81862,276.7613,182.95325,233.89108,224.7865,227.05151,209.25325,151.79414,164.87692,167.37572,128.81396
177.42233,135.60562,172.32144,174.48682,153.01474,166.33372,149.44958,185.1213,141.5479,205.87851,195.51968,174.69667,186.8654,181.02135,158.047,103.66258,105.038055,179.52411,152.64459,191.13101,193.8521,164.40512,260.7685,5.3637657,91.13192,172.2187,252.42746,220.62192,234.41429,207.48874,248.70447,206.64629,131.04,181.23935,144.80367,133.65509
171.07507,150.46835,154.30316,149.37627,147.80176,178.73056,168.67119,169.9025,147.16206,171.31876,203.00287,172.96619,169.64339,180.30316,161.13452,131.81924,116.38774,188.904,196.3587,151.20192,195.53671,171.75482,279.53513,-29.860823,78.40605,169.0438,251.15976,227.46574,230.29788,215.05312,252.31651,228.06706,129.62747,175.19815,147.46078,118.53145
172.07152,157.32056,192.77417,138.48012,144.40665,140.73575,158.49106,166.68802,153.77386,169.7954,169.73366,180.16393,163.35439,192.49883,164.22676,126.44065,151.731,178.38356,208.99733,166.39893,186.47438,168.17343,282.2497,-8.25547,89.72812,194.0208,242.67725,223.6559,239.98047,223.99788,247.93326,237.453,158.77353,185.21443,141.3918,119.92917
180.83891,121.68352,177.67929,126.455864,144.62701,146.83664,171.78311,160.39606,140.3516,163.57031,155.5859,181.51094,189.33328,196.2384,155.36287,104.79131,134.17542,177.43053,214.22702,116.476166,170.06949,148.6676,282.49045,-18.094017,65.76175,180.44672,262.03622,227.45712,276.43768,211.66437,238.40625,239.29478,192.44456,206.98076,138.41032,111.402596
190.9059,142.09944,158.3111,154.68506,126.84883,175.30373,147.5294,151.40504,141.17366,137.21663,151.55127,207.28955,183.13531,191.64284,124.251526,119.11499,136.51071,145.86244,218.84212,169.91946,185.22502,164.40979,232.45114,118.9925,65.39266,210.943,275.04193,233.9307,233.90448,222.85089,241.16602,217.99626,183.43172,202.51508,136.85233,111.50029
179.43939,151.25798,180.84366,135.87581,106.88222,183.25655,155.51988,124.38011,135.38832,167.91138,166.32439,226.13998,183.22504,201.45189,144.75505,108.84456,109.04648,168.18332,218.50839,195.78477,177.02377,200.25964,224.86742,84.7643,65.51993,205.23509,264.23392,236.85422,241.16637,221.9276,218.94705,231.55525,169.05325,173.22841,135.22751,123.87076
214.78506,143.52771,173.65063,135.55035,134.42485,162.89429,189.62373,169.4395,170.47334,163.58286,187.75304,201.51073,207.71588,205.92809,162.03236,118.06299,139.99539,174.60304,224.86963,166.06897,185.98521,190.47174,229.94907,71.65597,68.783905,180.75482,259.44812,223.86436,241.97202,224.72322,251.59709,223.00574,170.05739,150.24312,137.58855,119.14146
208.8333,152.90804,141.36682,168.6951,137.42665,158.91205,204.96663,176.17177,153.17255,169.91052,182.20561,207.83174,152.19633,219.5185,179.96092,141.56537,157.63835,160.7507,225.3837,178.19417,183.71786,188.39247,200.35863,50.248486,68.387825,178.98999,222.78828,218.33958,252.85156,213.3648,220.07458,223.71236,180.49689,178.74335,137.62479,120.34872
168.12851,132.7589,151.20924,147.07089,130.12343,147.95023,153.72932,177.95343,188.75749,170.12321,194.48325,188.7154,185.52841,202.02295,172.56842,137.32852,159.67084,161.41815,232.82709,176.25377,173.88866,170.67252,185.3333,43.264652,44.238503,163.61041,217.69003,199.7889,245.29094,188.64929,247.7977,228.604,167.39545,173.02571,149.075,157.73166
158.86574,124.39203,171.43927,139.89297,133.31395,159.42992,202.05638,174.44595,183.01028,163.1745,194.81116,182.32689,210.77672,173.35739,147.0743,145.50943,148.4138,173.44466,241.67288,169.04004,174.34497,187.77225,191.18965,26.097973,18.804424,167.13062,151.99506,195.56976,237.82701,176.20686,265.59207,205.7601,142.81102,181.04802,154.51407,131.83061
159.67302,138.03926,153.77522,150.6176,129.81158,167.88864,222.06308,182.97421,174.60341,168.45013,182.651,193.50455,235.82976,194.84692,162.11581,151.8829,166.0033,178.90134,236.18245,212.75162,185.69595,200.02194,221.18684,25.737015,35.581264,144.70213,160.26155,193.5376,113.87825,187.76175,97.11456,223.5923,128.00981,176.92859,136.86395,127.76615
148.50168,141.73662,155.24477,142.49841,122.204575,198.20943,220.02147,189.41928,185.39543,186.89713,220.41875,211.44159,234.3223,211.45435,155.27765,161.97452,184.33522,173.6897,224.63907,192.53166,194.47032,224.48666,212.69891,39.362705,53.827904,163.16777,182.32831,187.38669,89.600845,156.0083,89.93556,203.18701,137.49196,198.43477,130.93303,130.07092
178.03224,151.59009,178.1686,137.91045,137.1804,193.16179,224.03645,192.35326,188.60168,202.54002,218.99702,200.69916,230.03647,224.5846,174.76918,164.70831,168.76688,184.09314,215.5621,183.0368,205.5774,227.02118,219.28342,55.36277,68.76326,159.88124,193.90002,181.20282,88.83644,109.6076,121.60456,200.6056,150.25772,183.67441,138.58035,135.18488
176.22792,159.49832,155.37918,170.54478,157.85472,200.27757,247.55125,193.2498,168.71098,183.56529,215.54164,206.20918,247.24736,219.0942,173.28526,148.53204,169.4135,193.9383,205.75557,204.68013,212.98805,217.2914,232.37976,101.77065,88.432976,161.6088,196.87361,182.03497,101.664345,99.29526,109.18951,182.85374,162.33266,194.18268,151.57071,145.05505
171.24577,154.91121,174.00961,159.80153,145.08167,230.52924,272.16653,186.52095,174.79848,194.17894,198.99982,215.5009,219.4281,228.36191,167.78076,171.7559,175.97739,204.33327,211.36064,200.94968,224.39485,211.36737,214.92856,136.9959,118.03806,155.97336,208.17795,176.28706,84.470856,106.8852,113.92415,152.6684,173.40527,181.74954,147.16187,144.09747
179.87566,159.18028,167.38217,152.16129,147.40924,225.78577,224.22928,195.83107,167.41174,196.11124,217.10768,215.12268,238.57658,227.15718,196.94478,176.79001,177.62607,192.0523,189.14714,182.4707,223.55396,207.40417,223.24278,148.99751,129.62616,183.5654,221.66449,164.25697,72.794655,149.32298,141.53381,160.12605,181.16458,183.6824,173.03238,129.38942
190.60175,137.06041,162.0512,122.17873,153.01523,231.57721,256.98422,220.11682,145.59402,196.18314,193.51962,206.51692,243.70253,261.37704,180.75018,170.0923,182.34908,201.23116,175.03877,210.6093,206.43103,221.56915,241.22333,148.82368,114.02866,187.15704,224.6522,162.32408,61.834118,135.99542,159.63858,175.96448,197.89392,171.41049,183.3421,126.75931
215.96025,165.71254,167.85742,136.04059,163.35278,224.82341,251.01321,220.32135,196.95949,214.0795,180.70004,204.74431,240.40414,246.24731,193.65622,163.92522,202.7837,220.61032,189.17949,200.86806,216.74942,213.34174,243.41537,153.82364,113.34647,171.43196,257.23837,177.27946,77.34948,160.055,142.79388,183.5454,195.10187,161.893,185.77357,114.49815
227.6975,204.18027,171.078,133.01923,155.05699,253.12065,274.59265,217.52751,205.77744,206.07582,174.7583,203.13736,241.04042,235.12263,185.32513,195.55783,190.98259,235.42143,196.34578,207.5706,238.87245,218.69183,236.90585,106.71817,115.28725,179.24847,234.68365,190.53992,79.18246,166.02203,126.44154,183.39748,195.874,159.04674,205.60468,121.66506
219.46301,166.13008,160.9553,133.35857,150.83693,266.48117,262.89526,239.76218,234.46977,217.18437,183.14398,172.30005,275.0093,214.05156,198.21313,200.78442,192.48453,216.10109,182.07123,244.64409,241.28955,207.44788,258.0801,110.69,120.808,177.01682,226.26656,167.87263,86.86784,160.96799,130.31218,185.52016,184.6543,150.1896,202.1919,119.89489
120.5635,188.62227,184.90387,134.01443,161.72685,259.99857,266.63727,240.89307,259.3381,228.06749,200.31807,193.80215,280.02313,199.07596,183.03746,195.79622,200.10263,201.94705,198.69803,266.1554,256.43445,208.5018,242.27681,111.877,108.29763,186.37935,229.43213,162.14081,100.58042,151.03264,123.334816,188.08072,211.15225,159.94614,169.05937,105.78681
95.322716,163.37698,214.21846,136.49161,159.07683,222.81624,260.76132,243.33163,226.25891,205.9412,215.76527,198.17972,281.75873,181.4752,215.01688,180.46242,219.95715,206.79189,198.00536,276.8731,239.15945,207.26953,210.70877,116.30659,112.15494,186.50125,211.51361,166.74762,139.98335,152.98688,123.93474,195.10948,248.89558,147.33594,156.27425,141.09387
130.43938,186.09843,205.70439,156.76703,161.44592,219.31691,235.5097,232.09964,235.3971,216.46352,241.02211,197.99939,239.33383,193.92067,210.2841,201.73799,208.32861,212.2448,211.14458,248.10217,253.25523,230.39429,203.26924,127.06445,109.50201,213.33505,224.3226,167.53287,159.62361,158.39641,113.61355,202.03069,219.6202,155.64563,156.963,142.17079
146.00769,179.9076,172.21286,175.72935,170.25137,221.92918,241.62831,223.36156,259.2071,241.34047,238.22052,207.32793,268.4086,204.30067,203.56041,208.49185,205.4284,221.81721,207.35428,268.03516,221.76314,210.93997,210.33824,160.2763,116.71745,208.4073,237.27696,177.39032,150.80127,160.37376,135.68178,196.47145,222.01114,194.94344,173.62311,152.27774
114.86801,197.01445,172.12814,174.91197,177.4325,233.79797,255.14679,232.63121,225.45816,214.33545,244.0473,223.0869,225.4183,240.06657,214.67465,200.30547,200.3796,223.70592,207.25749,243.92245,228.25629,212.84563,203.51709,170.62991,128.8195,182.35118,237.8712,180.49602,179.30122,155.47618,147.16591,198.97362,242.59708,175.52878,187.18532,155.63945
120.970375,181.82721,197.59029,183.11969,179.72609,250.43483,236.78743,217.87585,217.4026,239.1825,230.83028,232.72234,201.47673,222.57475,217.40025,219.46617,216.9937,236.7517,195.52359,221.82288,229.6128,199.54922,208.9702,169.5945,144.65808,194.59525,245.65488,139.18112,199.70172,118.77197,163.17157,192.72615,231.9435,139.31186,194.16394,140.29303
157.11629,187.49306,179.86163,184.61388,186.05965,185.53899,176.73204,218.88023,192.38286,216.88551,231.50536,224.02623,213.01553,208.50264,210.68198,191.91214,226.48643,240.80652,196.80089,196.42258,219.45247,172.49629,236.22527,177.10466,159.81732,214.38593,259.73254,139.46199,194.0773,134.06508,159.33476,165.93997,211.9325,140.21758,187.00319,168.71951
143.94452,199.94843,183.56927,179.7654,190.26074,149.63477,164.92805,185.61044,190.04776,204.8488,212.07483,217.3455,220.35637,222.90501,197.29726,208.5366,206.78813,238.57664,210.51413,213.74033,209.3995,164.33743,234.99884,171.72331,155.32558,219.40565,301.74396,176.30518,178.54787,134.5837,162.38013,150.1497,191.68558,184.37543,173.17332,161.73979
147.35687,170.2565,189.5829,186.24858,187.0793,169.21039,178.98833,202.4381,193.64682,203.78447,199.1318,185.0348,233.38759,224.9574,199.58374,212.66116,196.68477,227.82057,226.65854,209.718,235.33789,163.2851,253.1893,155.44551,155.46484,175.90157,279.20917,194.21895,173.52623,133.3679,154.7295,166.98303,198.50545,192.59175,128.40485,154.95241
156.35403,142.94221,187.5204,186.23897,209.18788,184.0258,201.02994,211.17995,175.40916,205.13422,196.2469,186.08185,253.89217,214.92494,184.96648,181.98196,211.77457,234.14296,207.62398,219.33305,233.23088,136.83244,267.64288,139.76642,151.50435,173.83417,256.04916,207.90782,166.9946,155.35388,147.70555,188.37817,188.61134,180.13603,117.24017,167.09315
159.1657,147.21426,165.19632,186.56403,183.37737,183.2997,230.38907,220.34656,216.2837,208.53864,185.45094,183.68643,233.20334,210.20825,193.2989,184.15569,202.45111,205.0087,204.6272,216.28845,234.14319,170.63924,272.8471,154.77104,155.83603,183.47221,279.71494,207.91396,164.06099,161.90424,183.98877,204.36792,198.74908,222.57649,135.01245,155.7872
173.30981,135.48463,190.29166,187.83118,176.98274,177.37439,197.57628,216.60289,221.86195,199.40742,200.5816,190.02467,222.1816,221.51755,180.42514,177.65733,204.75497,223.04279,184.51498,229.42024,224.73897,173.3691,278.6985,142.20557,169.22305,195.50578,305.5626,208.0089,176.5173,165.52371,174.18958,209.8295,189.692,215.58136,141.18022,166.38402
190.9379,149.87306,183.00154,162.12169,172.99579,178.04176,213.57262,175.44342,207.15344,208.60143,227.40327,191.5484,238.84647,228.0283,191.0012,169.28679,191.22913,219.21896,193.86465,232.27617,217.10881,188.57216,265.45914,144.2985,172.19012,190.4368,276.6811,207.95851,208.02434,165.10153,184.57077,211.01437,192.92885,185.39055,145.4797,173.32095
201.1687,148.34392,164.19089,180.454,173.74634,191.76079,233.42198,209.30591,216.65161,201.05484,236.52158,214.74373,241.0422,215.2115,195.74863,167.8499,175.57542,255.7327,178.8802,225.87558,212.09976,181.98068,288.1481,150.5397,157.21619,213.97379,269.62253,202.0172,211.83235,204.20467,200.45787,230.99539,200.52191,178.58223,161.46681,176.44304
222.10928,141.04507,138.44101,167.0193,167.3576,217.06743,236.00626,226.1817,187.84845,209.18173,247.78969,203.8517,219.92915,237.9746,180.66249,170.28963,206.25818,213.73456,182.24217,234.36194,240.43747,194.28793,306.45886,166.59404,160.80031,216.1377,263.12936,210.4645,216.46082,192.8818,210.89342,204.40594,202.67087,175.18822,176.19783,167.16316
198.38484,144.5432,165.6799,166.03996,156.73805,203.40161,207.86632,207.09464,183.84085,213.53467,243.49347,209.16356,242.07707,218.44102,201.40105,180.50107,181.67406,184.57492,200.45473,212.5202,225.0119,197.7257,282.15152,272.4069,139.29582,218.13039,275.80505,209.21152,223.17136,161.41461,213.77559,191.02658,211.35077,194.31857,171.43976,162.37021
184.06624,140.39996,195.72543,141.8032,164.55836,190.46252,216.55846,214.85178,196.11588,210.77933,208.63506,191.61346,243.30884,241.44884,166.50227,183.37547,150.47961,182.84885,206.32085,205.81415,196.82193,218.49487,268.24854,228.20992,124.262505,227.11482,273.02765,206.12332,224.43492,152.68098,204.6146,191.53421,179.31685,176.0922,166.2439,133.30614
192.65784,161.99864,204.18295,157.98724,190.73148,237.13596,249.57695,209.17651,212.59291,198.91228,193.10817,198.8522,247.31557,223.88956,189.36456,162.02742,123.09601,177.25395,198.36247,223.13329,195.68114,203.76193,265.50815,244.73756,126.405235,218.0541,291.4089,227.84819,216.21265,165.94954,202.26567,194.12457,146.17247,153.03633,162.4008,129.79646
227.66397,157.85632,186.7605,183.81625,211.1984,253.51353,281.44205,210.3082,214.65997,202.84938,205.1475,196.55362,242.57431,231.14624,168.96323,165.83235,138.55301,156.26706,181.48894,235.9522,198.75551,210.03625,248.98676,236.61203,128.23009,204.82031,280.41302,214.68126,215.47383,201.5905,184.34842,206.72337,137.50095,184.5932,168.9033,162.88873
233.52632,151.21135,159.22853,173.64952,198.18294,271.3905,274.83618,212.35794,198.14034,197.3612,206.66774,193.41606,269.41223,217.76157,165.17749,152.63182,131.50783,166.91174,190.38045,234.09926,188.31468,193.34846,251.71751,222.29385,132.8926,171.07655,251.88628,223.8016,210.82973,221.28636,208.03767,223.91725,150.70981,183.6906,157.56302,131.99321
189.83322,147.71973,157.92267,167.56587,197.08351,252.37035,207.7344,210.87193,200.72351,191.41391,213.51125,200.1319,237.31802,205.82239,211.32387,163.7839,137.69984,190.10724,190.82672,204.13602,182.8344,187.9506,259.1231,211.83966,129.68857,176.5918,254.46503,244.23192,227.23372,218.6557,206.93542,220.36311,141.78783,190.21051,162.15608,106.46571
189.57108,180.30124,163.15688,142.66829,162.44853,237.26208,227.24391,241.4309,193.62233,185.5438,224.59984,191.22937,236.30705,218.87305,205.17041,159.32736,147.8359,205.08237,187.1363,215.64522,220.71332,217.22845,279.5041,179.97066,116.28343,201.03912,254.6268,221.84285,229.01479,208.67264,213.66394,229.84163,155.80473,189.37346,171.60725,113.746506
189.3377,180.44388,182.44376,135.25179,156.17499,249.1911,238.04913,228.15686,175.12843,212.78175,230.1343,212.28748,244.08423,202.22826,173.79202,167.04066,138.77197,195.70708,164.95018,195.34125,243.02867,203.0066,258.73453,168.69946,122.291824,209.11513,265.4133,197.3236,207.3445,230.13727,216.10568,216.50734,193.16466,181.79549,160.45036,111.881714
203.36664,192.08199,184.2541,132.2682,154.54561,270.59885,251.70938,195.24448,170.3027,200.70685,190.52724,218.50928,222.9273,194.42036,173.52133,153.74652,135.62102,190.13382,131.10217,190.7583,207.07066,227.68806,238.93599,179.27728,126.30581,194.95769,274.62915,215.70264,218.3418,214.0101,210.18985,223.88634,201.47263,157.57368,166.03845,109.38095
234.02844,193.74942,148.0809,153.27832,151.09933,261.18777,255.43599,206.59526,170.20341,183.2072,192.0668,217.97887,258.29007,202.40173,178.28006,157.02316,155.78157,194.4605,133.58025,200.60736,207.27884,225.48442,211.33951,165.63039,120.07754,166.13733,278.03452,224.184,230.61113,214.57397,239.73822,207.91,221.91666,180.07138,156.74696,107.139725
198.87659,182.76878,153.34068,135.81052,151.58553,272.98288,257.3783,213.23691,192.90224,193.75244,191.84634,233.91968,218.37683,204.17036,190.25804,152.23894,159.51216,187.26366,142.23013,196.01904,213.00168,234.97153,208.01628,141.93655,104.27561,163.69838,248.56789,214.64305,249.3569,197.09996,241.66847,210.01382,219.69946,164.45253,125.94084,109.312515
175.0356,188.68494,160.96953,107.31444,134.73262,238.08762,252.13332,226.28401,215.4097,169.04047,204.84206,229.02138,199.83977,219.08893,193.36356,155.54305,150.6477,192.54848,161.59274,198.21643,196.5284,214.67268,212.57886,113.7587,101.66788,161.06943,249.39348,209.50519,245.2454,196.94325,227.8655,207.8974,238.36389,125.33061,128.01773,129.62247
163.51062,210.49353,164.80531,98.60263,125.09649,237.48672,241.86487,201.7339,192.41702,176.7646,213.11147,192.65434,217.20152,211.2651,177.24762,165.2905,183.03456,204.48076,158.8151,189.11572,187.13716,189.97842,176.3096,116.29996,97.358665,183.48291,233.0227,187.41971,243.50627,199.03302,232.87144,193.84,223.83554,104.78798,126.14928,140.63017
179.50945,174.18842,156.66594,110.65166,129.1715,250.02211,160.71204,208.48755,176.29753,191.77325,214.29137,151.496,220.71751,197.33528,165.95903,170.22562,208.93619,174.51274,142.90155,164.9417,202.94489,191.78438,168.43678,134.37268,106.1133,172.31679,254.18074,150.75104,236.78357,194.52762,235.14853,174.9627,203.45653,112.11635,114.54748,158.42822
204.794,161.17911,148.87231,109.12387,187.01457,215.76585,168.92653,198.02498,149.59724,188.97055,173.57321,122.044685,185.30879,135.54175,140.69397,163.18866,170.77646,147.00378,140.88278,174.99748,195.86494,159.22931,164.06375,121.1881,98.33918,153.33783,244.02972,168.22755,231.02838,184.77429,228.94193,169.52827,196.15881,120.965744,107.22939,142.54758
209.68552,168.25612,158.10735,124.45472,200.86598,186.03188,178.9275,192.91576,129.01569,178.53029,149.22859,144.5896,168.80171,135.92447,151.52962,147.26035,155.56711,150.42313,131.34209,156.77223,147.18106,146.23918,175.19116,127.26683,65.7354,149.84383,199.75179,135.9092,223.12543,166.00365,221.47202,168.35233,172.08601,103.90688,86.96236,191.00023
167.74173,178.13362,160.49208,128.37239,175.26532,164.281,162.64326,165.58607,132.46205,143.11807,135.3979,141.32132,172.00623,152.85089,161.39209,142.75725,120.705765,159.58359,127.55335,154.63933,138.61853,115.7584,165.66025,128.877,73.14717,154.11755,199.02536,141.90628,223.32518,129.48383,239.49606,164.65268,159.80983,101.1823,61.266663,211.96245
166.1757,129.27744,164.38074,135.02808,145.71059,179.10968,165.64217,146.62709,120.15349,155.99803,136.66904,155.04514,160.79694,154.70435,145.67662,144.94621,127.598206,169.01833,159.54834,142.9154,137.10889,116.8249,168.84726,129.42491,82.92128,143.24269,183.30313,147.59795,209.12119,136.07472,163.19286,136.91821,131.77625,108.432274,65.98806,197.78351
166.26022,135.90115,169.93889,141.045,125.7351,166.11273,160.22084,144.83833,98.81711,138.89688,100.65254,157.9791,169.64319,151.47713,136.25493,154.7208,150.1849,145.82938,167.62732,160.96953,134.00336,131.43362,129.47835,135.53824,105.80139,143.21,165.13358,161.758,207.53494,154.16002,185.38007,133.25659,131.73735,86.270775,60.713623,185.03069
135.90933,124.148605,163.06447,122.19255,130.06377,170.20212,156.28549,136.5093,105.3146,146.90083,86.91973,153.91986,162.19633,150.79677,133.33968,153.98262,127.24779,138.07433,182.04956,128.87315,112.44823,155.33919,129.79404,123.88562,130.73656,141.54033,168.91632,157.57053,173.07458,143.09703,193.46515,151.99942,132.9647,92.31962,67.134865,175.09703
152.50586,125.823845,146.23897,105.0584,139.60928,120.94821,143.37375,114.51745,102.36058,115.95123,93.84273,149.73555,172.55605,162.77591,143.88579,149.41762,122.966774,141.6854,199.4685,126.27581,99.166534,153.64503,78.71307,112.3787,125.87718,128.21986,166.20221,145.55199,188.46461,130.76923,163.42018,167.18353,95.868744,124.57935,62.748016,166.87152
146.64076,138.26108,128.53694,94.726456,146.624,172.112,163.54782,131.5576,127.39257,133.91055,89.017136,142.16817,155.46373,156.71562,135.51357,119.14037,118.0818,130.61409,164.4738,152.08249,100.10266,151.02176,86.45151,93.11159,105.207016,134.94385,166.44716,147.36115,175.74147,127.75759,157.84021,149.09154,89.87896,149.3247,58.175835,164.57025
135.02896,122.40656,123.465904,118.45653,159.59946,163.07399,138.51566,134.27351,152.82898,156.87146,112.189354,131.4443,193.32896,153.74872,138.02763,130.3825,130.17719,129.59508,159.14095,167.76556,102.124855,154.39143,90.34584,78.05222,102.87672,116.121605,140.91777,123.26807,175.72226,93.44422,174.19823,175.42953,91.99685,171.06271,68.97305,173.69089
139.72435,119.98299,82.67819,104.18766,150.37538,159.84639,142.56975,158.09024,162.58499,138.76573,115.9768,148.07466,172.49985,156.8349,173.00226,142.88982,110.93988,131.50757,152.34491,144.09283,109.401955,164.51816,107.47482,99.70102,110.41358,112.86877,161.54778,110.674736,184.8601,79.885826,157.95773,160.04144,93.97664,157.90791,80.72834,196.96176
138.03618,116.52949,93.88569,110.17694,156.11725,90.218414,142.56856,145.50089,98.22673,127.35887,136.372,152.67567,180.7546,155.71873,136.4227,166.3689,111.768425,136.2393,170.95772,110.22017,110.596924,159.38586,121.77424,135.99126,107.60597,123.79005,176.20073,139.18239,183.3464,28.845657,136.91228,130.69522,102.31384,142.21732,67.59196,192.52504
149.89185,97.240204,89.886856,103.991035,113.10388,154.35555,139.37254,147.56487,72.20329,127.04398,148.83817,179.85834,168.1805,149.46838,123.26002,141.71378,106.61068,128.76277,173.7516,95.247025,104.456604,159.46082,92.52289,127.10487,136.43015,125.70914,178.8358,135.62454,166.2636,34.242634,128.51749,134.09796,104.15886,81.54863,58.70252,176.02061
154.90059,101.87183,123.97251,113.18719,82.92925,163.4425,153.80368,137.35995,99.75035,111.32547,125.99034,174.77065,183.37387,191.13614,140.35811,82.8832,66.22671,115.49341,164.85194,113.84942,125.45936,169.36023,94.59472,128.1855,119.68321,114.52638,172.1521,127.56316,133.73048,43.267136,116.1916,117.23914,128.96455,70.7101,76.27809,153.29704
139.16866,98.137245,142.08025,97.74675,91.485725,157.19801,161.50851,138.9839,122.854996,118.37932,126.29766,178.81421,220.41206,186.4594,140.12656,99.689865,68.53882,102.920044,160.64159,178.4427,138.39519,151.70366,116.84262,132.09955,105.15302,110.61341,174.73602,136.54468,106.108284,55.191048,97.19587,118.70038,123.18762,76.42526,77.672554,131.82698
152.36234,72.62981,156.99352,105.0917,102.41174,178.14938,169.20985,160.28952,165.09969,142.98587,151.18114,133.82475,233.68053,189.13065,157.26024,122.72049,83.54628,85.89442,163.18509,152.40565,164.73305,154.9201,124.41568,133.90575,113.06582,101.24577,172.33047,116.657196,69.5744,67.36694,78.20666,124.776054,125.61805,77.879875,84.58358,130.08675
123.225746,76.0646,157.83342,128.54965,136.44695,183.38826,208.09077,185.35527,136.10312,137.28598,171.26004,129.90419,212.70634,170.97195,178.91763,123.8659,114.026344,95.969345,173.45898,134.76073,178.74054,130.62805,191.60048,163.39615,120.659744,88.69931,163.49573,115.077446,75.47398,84.015625,82.73655,125.649994,123.542076,62.706913,93.61984,123.83774
67.996124,74.43461,166.922,146.10721,134.13916,215.04243,183.31133,173.92903,146.0781,144.03662,154.21121,154.12984,195.23581,146.43524,162.81555,135.74995,120.770905,105.854774,193.4263,135.62744,160.56297,121.13569,216.54971,172.95885,124.357796,107.953064,169.55008,113.71713,79.599976,116.538574,113.42012,112.17336,126.50316,49.505257,87.1981,117.32035
70.85736,88.08585,169.30989,156.90262,144.25078,177.46364,179.61707,163.32704,139.64114,144.89925,153.50198,153.16293,143.91072,165.89969,140.53017,157.95361,128.27101,109.3985,182.48053,140.36502,178.88052,138.04301,197.23038,176.19353,138.4928,142.68132,160.14159,129.93985,133.40984,125.462814,128.79398,119.11433,118.35911,57.001537,85.80267,122.66582
113.50462,97.07714,201.45319,153.85742,128.02432,139.8639,123.72692,152.21652,159.15717,128.94711,144.201,108.359116,181.63127,162.53368,119.365166,133.9443,110.70615,117.94725,156.43784,103.03253,176.12486,150.81921,194.23732,180.33731,140.64734,151.28616,198.76439,136.5708,143.67249,130.81616,143.2215,146.29384,79.527626,71.65514,101.264336,115.18939
176.25304,119.02045,175.21986,182.21916,128.6164,156.96869,175.20027,135.60338,124.21524,143.69247,136.22226,132.7398,217.97513,147.0858,121.77942,129.04602,105.13813,105.3515,136.50845,126.80393,193.42735,138.44154,183.32617,168.30952,161.56631,150.04987,229.04417,158.52657,148.58864,129.79955,160.92693,139.92299,59.35639,65.62042,96.447174,104.85853
177.38354,139.0738,158.19353,149.08018,124.7137,168.63507,194.6714,149.78694,157.34492,128.20769,162.38797,137.53232,209.62306,158.9401,159.17967,119.902794,142.28142,108.124146,102.385635,161.01933,168.19798,149.03395,233.1907,163.64226,146.40553,129.92522,186.71234,148.9201,140.50117,130.24014,153.79253,153.72922,57.694687,52.67914,103.60055,100.01202
180.97174,142.20076,169.3026,137.66289,148.13058,174.47295,192.49934,173.63399,156.85226,169.59988,161.06177,140.42056,192.62334,147.93845,174.52713,138.21948,145.62157,107.35106,98.64721,158.24045,154.9932,150.67625,186.05377,159.91475,148.02101,148.16156,205.16997,155.7406,118.38428,155.0695,147.6637,149.3412,61.328888,26.032837,99.5413,105.90547
135.6306,155.42899,186.34422,126.83705,146.17964,157.48221,168.48882,192.22565,118.64526,144.75775,169.78426,117.85468,183.21616,151.56593,169.61942,134.29749,139.48921,134.32831,84.55714,134.24052,174.74393,154.50023,196.86647,95.04098,141.67914,139.33205,162.82983,167.99883,126.21961,144.0961,161.05814,143.43791,80.20353,10.539154,97.877975,109.7474
119.8148,148.25008,163.02878,147.01445,129.31454,164.5128,167.43448,160.25897,111.14283,115.06948,155.91544,150.96524,184.1764,139.67838,148.31255,121.41958,128.89828,100.15198,68.942795,92.34461,169.17468,157.99693,202.84253,70.83547,141.3418,135.94472,194.21516,137.38521,107.87226,135.95901,149.21246,167.48976,73.14351,75.50674,85.74298,126.2936
136.92061,149.69743,145.44095,141.16544,107.11007,126.81233,172.00519,135.08794,90.58352,113.09155,139.8576,128.2945,144.597,127.098465,133.093,117.87455,84.432625,94.05623,92.32309,125.97116,150.83257,162.27036,194.26244,67.62925,156.06224,133.04568,194.8575,146.84453,95.86193,119.223785,163.37233,139.85309,101.62431,67.913795,92.669975,121.02119
135.57497,135.54677,164.46089,131.88971,72.45024,130.98196,136.30536,142.96245,109.61641,107.38093,135.04982,102.55922,128.65057,129.89899,117.96945,112.23473,93.31999,101.21139,109.45857,121.82268,155.3494,146.24138,185.41853,67.41645,139.26599,145.70518,197.54715,145.8947,102.2057,104.243355,160.95514,151.78415,102.18421,88.01231,120.063354,79.44681
146.01207,127.879135,173.06685,140.9371,90.24606,75.83493,146.55505,131.25424,119.24797,114.375725,133.96968,90.42977,100.63499,117.94757,137.94164,135.75319,115.91496,100.354904,118.08627,112.81976,150.79703,119.121994,186.86334,66.09613,127.65993,124.90823,217.86925,141.64748,95.85112,110.20979,132.84335,154.21321,107.24786,95.18759,125.075356,93.055756
142.06416,122.82144,150.08658,148.75874,91.60679,70.87673,146.10616,133.85143,126.35656,107.10033,121.82734,78.99108,82.27727,103.40433,151.7738,128.04794,110.01689,117.22088,128.30519,110.59268,147.32565,96.41028,172.23296,74.9087,133.92346,144.33345,222.38857,149.8066,104.40283,119.36592,128.34778,164.37387,107.58287,73.13994,132.32285,96.96491
144.87471,117.53408,106.65399,111.42489,92.4579,107.53181,72.78793,137.00078,140.83032,129.91022,117.70295,72.09588,69.88687,94.07112,124.63767,126.454895,120.635956,113.02572,118.08719,93.3161,166.47054,93.327324,155.0528,67.59472,113.533424,151.63533,213.93799,148.79498,118.94429,127.386024,138.22757,181.36469,124.26207,60.119904,132.96535,91.7517
137.24551,111.894936,72.2694,122.89094,86.17392,85.46186,108.46828,126.16857,100.1477,145.30225,125.10372,72.40455,63.684917,100.22417,97.86441,97.880775,92.96217,89.513885,115.86576,50.37844,165.21335,89.9094,152.74196,50.987663,106.97484,149.94156,188.1608,164.88043,118.167015,117.65468,149.06566,173.69136,110.08378,102.20642,132.51857,93.552925
122.62276,64.12131,82.050156,111.19387,98.80928,50.86834,141.15645,104.82913,91.29634,107.76699,117.271645,62.381752,50.18737,93.88676,81.621605,103.67359,37.3302,77.185745,131.11455,72.646576,170.56451,61.534885,151.22084,38.97731,98.09743,146.93456,172.6417,161.2457,125.405945,140.58835,149.86452,180.15404,97.86859,95.10733,126.669395,81.10044
105.246994,49.756817,132.18791,91.85611,107.45342,81.05534,59.137417,88.41502,90.57112,87.70681,103.5051,43.46517,65.83929,95.32028,74.20694,99.943985,61.69564,85.40709,135.85335,85.82202,155.19067,54.185196,165.58182,22.209665,106.26377,162.50183,170.3631,134.56012,139.55684,154.50026,153.28632,165.36267,96.657455,110.88702,114.2788,85.3164
84.865204,51.59346,127.1386,95.27754,103.19902,76.369026,43.31247,85.92753,63.96159,105.56507,119.85938,54.340668,77.10642,60.14004,74.2007,84.73998,68.43054,98.05818,128.8577,79.84544,146.55519,74.54941,166.39586,-9.414383,112.21218,154.40451,146.48753,135.31577,144.38937,157.73486,146.94887,149.5759,87.15795,121.56466,127.3297,85.11042
86.63884,74.35632,133.20624,108.57205,94.78824,89.29603,48.75183,69.73892,75.50384,78.813805,112.830154,71.6143,60.326954,41.70801,55.79599,63.304363,63.095886,111.66897,130.16791,86.64593,151.97392,41.44371,174.67815,-19.459818,107.76656,165.32213,146.47987,126.16946,146.76677,151.03697,156.6983,137.1082,124.40051,134.32982,167.0316,44.37918
93.70771,105.93,132.65651,103.212326,103.31638,80.42633,55.909584,55.672092,51.093636,87.989426,120.21304,72.91291,64.226875,48.739147,80.02237,86.005356,80.37911,114.53542,142.14018,66.27677,136.8397,42.813942,188.42842,8.846493,116.2094,152.23598,112.353516,108.68169,135.22888,144.73288,150.53972,144.77441,125.93627,143.609,176.6985,34.40167
79.84238,102.0089,103.48288,96.0433,89.50635,102.22294,63.900494,60.21969,40.706314,105.65985,113.38915,58.485527,22.411543,41.850494,39.56783,64.030235,77.689354,106.96959,130.35344,54.288563,128.63347,61.259373,211.5332,-8.237983,99.36693,138.02547,103.606346,105.20113,139.51575,141.02943,143.4574,124.525795,134.4724,159.99922,181.1503,30.864758
98.4491,79.28088,83.34267,88.532936,86.63785,94.299904,40.190483,64.06359,-45.545185,65.8053,135.20645,52.43102,31.972553,47.349457,16.844116,54.571587,80.51413,110.66506,131.59108,-6.5623665,120.69898,51.906166,216.18391,5.8618507,109.66666,122.053925,143.92104,95.73028,142.8243,129.41898,140.20349,120.33766,159.30022,146.27606,191.21223,26.288425
99.726746,72.848724,95.50097,85.11012,57.813866,62.611015,51.36411,75.430115,10.917362,77.805664,97.86474,55.29965,3.5431862,52.87031,9.7277775,62.59192,25.441734,78.063675,145.21413,38.70589,115.60894,52.67441,248.31644,9.021841,86.92611,113.41653,135.01155,143.15704,149.79263,131.61157,138.3563,116.36329,182.069,106.38878,188.91446,31.299374
87.003075,55.736534,114.61133,78.156166,38.344536,71.96753,38.5626,38.069374,-25.573357,56.28226,59.220863,84.03147,42.98267,55.31375,38.553177,59.01717,13.607122,38.637123,151.92264,48.326202,98.22736,64.98867,199.04738,-4.9345384,92.718575,143.21544,127.419876,156.2417,151.46031,117.53737,146.68962,152.74135,167.04025,98.48669,196.63004,38.135216
70.987274,51.683254,100.88628,45.774357,46.32813,50.528862,51.742393,49.714622,35.058903,49.574898,39.26514,82.063835,84.49275,89.24008,66.527504,40.140823,25.076916,37.421474,144.64384,83.14527,92.22967,78.99446,191.18356,-16.638195,88.391846,154.01633,129.78082,154.1578,169.90334,114.625244,144.02014,151.19734,170.26918,107.948555,170.24011,45.734806
71.19012,41.997658,104.18973,50.157257,44.381348,80.77435,36.68424,52.281487,51.54226,63.727375,63.725292,49.486156,83.81233,98.155914,61.88381,47.76371,50.633755,35.338264,161.73216,55.886868,95.02135,72.42266,169.20366,7.022689,91.863686,165.27309,140.75142,161.33983,167.21095,124.346886,147.94849,150.07954,164.14899,112.056854,194.21272,47.872566
80.468575,61.007786,87.99118,60.662376,57.460033,81.64389,21.79903,43.509422,49.35163,76.79878,82.37122,36.248077,95.9856,63.567642,18.485415,45.376835,47.621582,49.532715,183.09422,88.556,95.13589,64.21997,169.48894,7.0185566,88.00797,142.83319,140.70662,142.89537,177.19545,143.20753,92.52403,150.83113,178.05617,117.50369,174.29971,6.463604
72.565155,58.653667,88.98275,58.434433,68.13877,79.716484,31.503569,55.883343,70.787796,81.85579,85.92323,54.02678,95.69012,61.52208,41.39011,58.408203,41.052765,75.87528,179.70601,84.021255,99.263824,52.818336,176.31273,23.914635,83.335434,143.89958,121.68898,137.07047,196.11159,123.29318,89.27171,143.01874,172.04745,111.797264,139.56859,22.4772
53.937256,65.86539,98.4787,52.271286,77.85528,73.39899,11.152507,53.758354,92.829865,91.42275,75.12432,61.63035,101.8385,70.85186,60.867477,77.01752,59.847527,59.38008,173.9203,64.006714,80.70974,59.620636,167.69235,15.935798,76.027885,145.89917,114.35446,130.17511,215.22241,115.05114,90.823654,153.47826,163.56903,113.92978,162.23492,53.98932
53.227123,73.96885,103.35393,61.03463,75.38088,50.066143,36.885986,64.49914,97.98513,109.84408,97.77931,72.61546,111.83219,77.905396,18.917133,76.19591,77.351105,91.9313,171.6296,68.922,115.963,64.43795,173.79619,5.546219,80.10032,156.92053,122.59617,130.13556,212.21475,115.64023,69.59915,161.43944,152.88072,98.0616,156.20172,67.97476
57.07814,56.986595,122.125145,118.581726,75.724464,52.628407,46.117462,50.648567,117.08348,109.04503,113.30152,86.27555,120.55971,82.1294,22.414923,100.65909,78.61636,99.77039,166.62561,70.888275,112.304886,62.610645,222.36052,-21.99325,64.45334,147.08638,99.664825,116.21015,207.64833,124.341774,80.03035,138.88808,112.44511,117.95075,145.18642,52.163925
58.2633,50.155678,132.67033,110.17349,75.14226,74.429794,78.90625,60.976368,116.22868,103.603584,115.14664,99.083145,127.74145,95.39932,22.57337,93.9056,82.15174,86.63066,167.32843,77.87527,117.15503,69.26512,225.02412,-9.758885,74.3919,130.11972,71.256744,126.931625,196.54124,126.68953,119.63456,126.49797,115.03516,121.90281,153.76045,45.704266
77.22891,14.494816,157.18466,99.65385,105.837166,77.43103,85.577705,77.43919,77.99683,90.154816,143.69624,113.43115,118.27213,104.63024,38.182217,83.621475,60.07626,99.655685,158.82414,92.314384,139.14404,92.191864,212.78374,11.25774,56.194603,151.31683,59.02738,103.31752,211.93005,138.05083,139.19597,151.59468,149.79837,114.74892,167.27571,51.09985
77.046394,-5.080796,180.91559,100.51028,111.754776,94.74632,69.2332,88.81413,86.19666,87.00898,138.40332,117.19664,135.42807,93.88485,67.22493,67.45194,71.74557,126.33055,172.40868,79.500755,136.0036,92.62178,213.94745,13.8715725,48.468727,131.51518,91.44381,114.83644,206.25623,130.67398,160.0301,126.42932,173.12256,136.48615,170.28403,57.48313
73.48354,50.244637,159.5838,146.69426,103.56774,106.140045,118.17167,92.30938,89.63528,78.0831,131.66054,124.64374,124.847755,107.89141,84.86192,76.00224,77.329285,135.97041,180.59486,84.58688,128.99933,101.17923,224.65123,0.1397438,62.37013,132.07523,106.5216,121.92539,212.74342,149.0469,140.9324,105.566246,190.1608,174.5876,159.39078,54.53579
85.72787,86.233185,174.32458,146.27917,104.54148,109.1508,86.62833,91.53917,73.50183,76.57071,108.17363,123.06308,136.85466,127.63888,86.346924,85.307014,71.43198,144.71965,166.08577,75.20532,130.78609,95.31543,242.2734,6.786667,104.70143,140.53111,109.725586,86.563065,202.29294,169.11287,151.56725,140.30125,198.57692,169.0763,153.10213,59.155247
95.40899,101.47565,196.98743,148.50308,147.92752,113.76821,64.34322,90.85204,87.107544,75.98142,92.17556,126.59327,106.88547,109.84569,89.77837,91.26506,69.37859,142.71346,147.81902,92.1615,139.71057,86.71291,235.47383,16.144714,106.05588,178.25555,127.0245,89.84489,208.04712,149.8235,181.80301,119.59929,219.5214,159.36684,165.8675,60.705727
82.73961,116.94973,167.72928,110.79156,189.70729,131.49792,70.97398,80.90719,75.20938,74.32323,92.11999,127.274864,144.69388,112.9546,65.280174,83.34198,62.478645,157.0393,172.73141,78.83528,132.89359,66.60745,238.40327,45.38045,119.78976,198.20638,141.25284,132.09111,208.53719,157.76237,163.33133,115.82739,257.14117,170.31737,171.30899,81.91883
117.45599,145.95056,164.99431,106.081726,134.2899,129.40631,87.781845,79.50453,64.36748,87.364426,81.903465,140.05103,134.80434,104.11013,74.67346,72.846344,65.409065,146.37503,167.10684,124.51289,145.99615,92.942245,250.86252,50.21072,112.839836,213.07762,177.43195,164.98392,203.48311,180.48302,177.8999,157.20372,287.0787,141.83054,162.89342,144.90982
121.94006,149.08572,169.31042,137.6926,104.29749,124.054504,53.884037,80.02826,106.61217,89.07261,72.82685,127.577614,161.19577,96.313934,94.82881,70.40173,62.885475,144.38641,164.18106,112.609924,149.18109,97.427864,248.26698,42.383415,114.254074,230.45187,217.51407,156.37575,200.35492,210.24701,194.30975,141.9348,285.7647,161.71103,121.53332,165.71706
126.47664,114.73777,167.70523,128.69714,132.08914,145.151,77.93654,78.654106,101.87191,106.19057,101.02283,144.74947,158.84772,95.254845,71.29661,75.76669,70.72591,145.51416,154.58691,136.04402,175.86932,125.59606,232.74872,29.027538,105.193214,265.43155,232.59795,174.02234,201.64146,215.44656,209.079,149.45229,354.9983,148.01128,111.25388,153.3635
149.88898,142.44191,151.87546,134.3857,141.16034,147.64856,115.10986,89.32448,100.60723,115.685844,113.45021,142.78088,162.51205,94.56245,75.24337,88.715454,100.00966,169.5693,197.04802,159.7182,176.97586,127.879875,216.4758,1.697012,108.579445,290.55566,274.59055,173.56679,220.03503,220.7604,194.14897,168.06517,368.6409,143.54404,117.60838,154.23221
155.77383,124.14195,142.72626,117.22581,135.32022,129.93987,198.06654,103.41895,124.92398,152.47978,116.11799,145.18991,160.67894,111.42249,101.98474,68.87631,107.6802,176.08037,238.67543,159.13617,179.5691,120.1443,228.83188,6.6582017,96.05711,318.70297,287.6475,186.02895,247.79414,224.98831,204.63106,169.10005,346.56754,171.1238,135.35791,141.64194
153.87836,127.72301,147.60753,107.73067,144.62015,137.2567,221.58737,130.0255,153.50891,145.0105,147.93266,157.60817,160.44968,156.67595,146.547,72.00974,113.480354,164.26959,260.85968,157.50652,171.54958,147.98724,248.45859,35.74447,90.954124,305.9362,293.98306,209.00197,209.48398,205.77342,188.30304,183.86768,339.24234,229.30255,138.34706,132.67401
151.30608,108.62612,168.72328,117.208755,142.91951,140.71088,186.3192,152.33087,148.02045,157.56898,171.81581,163.90428,170.47466,173.07582,126.24257,97.41461,116.14046,143.66476,254.03224,176.17447,169.09904,203.9116,240.31506,51.046707,82.049515,351.29486,287.06436,227.33961,225.40857,202.66425,198.05954,212.40944,273.29755,229.03415,148.91588,134.72232
150.11113,120.654526,142.79285,136.25972,147.0139,158.2147,214.58385,151.34648,167.488,198.84018,172.00789,165.65422,178.63356,189.8399,187.50696,129.2127,119.38741,151.86223,232.72948,193.1005,179.69391,182.97055,229.37408,17.79593,76.908646,335.9852,314.76715,220.88673,214.11504,200.8938,191.39587,239.53462,290.82724,217.349,158.82704,98.73214
165.45032,121.6547,134.44736,113.579185,137.67294,164.69527,192.01617,174.14427,175.29207,185.51814,166.7106,178.08296,183.68985,195.07765,171.90753,145.48492,121.55696,158.7249,240.23811,172.9685,181.04495,180.16206,239.22,33.70989,64.56019,269.94864,322.27927,226.54536,221.77359,211.09041,212.4439,237.81699,302.85016,192.28088,151.39478,96.074265
144.35286,142.77365,101.94652,101.64459,109.93372,189.6024,182.09169,185.88498,154.1368,201.73958,173.09686,183.81548,190.02367,186.39334,141.17236,153.72,133.1757,186.24818,260.9025,182.6503,165.21729,169.63536,194.57922,23.963379,55.470737,296.65466,263.1768,238.3187,216.61537,220.3129,231.53535,246.87936,254.7906,179.51997,147.56,104.118576
188.74077,135.51761,125.88346,87.04953,109.91088,179.02145,188.60876,174.12088,169.33626,179.55074,175.93452,176.40315,212.28241,200.10493,170.23051,135.092,169.94177,217.9062,233.31345,182.50443,196.50905,165.30142,191.1472,-0.037890434,51.727978,294.27255,285.62018,238.8471,210.5726,232.32184,266.09555,224.52148,266.9979,237.06967,154.66493,98.044235
185.51057,126.54312,151.84097,102.07687,113.01204,186.01381,200.09709,185.50813,187.21965,183.38113,161.66626,199.79027,212.59161,201.29317,171.35739,99.27685,187.46313,229.67194,207.52216,220.88351,207.4251,179.1639,214.27403,16.069271,54.258064,233.55353,276.9745,197.6818,79.09151,223.03043,89.45769,223.98306,219.94566,237.6181,155.03946,87.46085
162.12718,148.3131,160.05312,121.76761,110.11006,180.70685,220.50366,194.74947,198.83052,213.11221,156.09003,211.4206,216.70203,205.51059,132.65457,127.63979,198.4538,232.93068,211.69673,236.70229,206.5758,169.05379,230.133,65.946594,55.109398,210.236,277.39066,183.0262,89.88152,225.462,114.171684,202.35121,209.82848,234.11691,188.00218,81.24315
159.59296,149.25404,203.47011,121.53975,130.74908,163.23334,207.1363,172.77367,211.54274,199.65605,184.67621,223.97528,220.73743,220.24377,156.42542,157.9882,202.76218,245.96637,221.89366,247.15468,207.20575,141.54765,240.36253,85.95282,57.638016,209.25526,257.2937,183.09184,112.44051,211.96266,118.51363,198.05031,177.48935,217.00385,190.04654,69.03525
170.97856,142.79527,204.90926,151.7843,127.69958,165.61812,183.80872,175.41116,225.6657,188.81183,214.83603,202.41673,240.34486,220.55667,161.79022,160.4584,219.97966,250.21132,211.02524,241.34464,207.3345,150.84048,236.39316,71.85254,90.52484,222.45506,261.78702,188.41788,116.42781,207.56236,133.40056,194.5922,170.8366,195.66571,189.61786,74.9439
194.80043,153.06813,215.32782,141.55827,143.12863,197.75255,194.80275,176.28975,194.17825,216.68637,221.13206,206.1686,244.66951,220.55786,170.0804,177.69147,227.73938,241.58473,185.62943,236.2835,217.59062,195.9761,250.13947,40.37345,108.93054,184.30486,302.6493,181.91704,117.061485,185.86493,143.43391,218.12016,183.23047,204.46417,186.63165,79.11524
205.51768,159.26518,206.25812,170.66115,161.36324,180.8937,194.05704,188.43729,177.89304,225.9569,239.10873,208.1242,230.16737,216.24553,180.30362,195.64424,223.47012,234.84785,163.32643,193.26685,233.91968,195.75673,280.9973,36.383095,102.06983,185.49823,244.99588,195.16045,130.878,188.36609,170.21089,204.70763,181.11649,210.08682,191.47983,79.42916
231.78227,147.2164,193.06593,172.33603,155.50574,188.37085,226.68146,196.29881,167.2018,208.04034,226.67767,215.89235,216.31845,219.23924,156.67851,184.27782,209.66158,233.00995,165.50533,216.66449,226.47304,221.83046,264.10034,37.969215,99.1959,192.75793,244.3695,190.94867,140.17073,181.2325,207.4759,192.26039,195.42885,186.62982,189.61852,112.81972
238.34882,150.4917,159.56699,155.99648,187.1835,161.0,242.45013,194.717,168.19687,202.4412,196.68797,215.60542,180.86328,214.02051,186.42627,157.63986,178.81026,222.84464,176.44098,177.97012,218.71487,212.79492,268.95355,52.072407,90.736984,183.41197,199.61432,182.96696,154.57417,167.25398,226.05817,195.91212,213.86969,185.61052,195.88808,123.210464
221.82724,153.59059,165.2778,168.21251,217.79639,173.41464,200.65254,195.55043,146.44527,169.92577,193.20976,196.44878,198.2174,209.95712,166.03085,149.43997,173.64247,207.85612,178.9546,181.84335,219.83972,186.87854,261.90677,78.31846,77.13709,198.05496,182.8022,163.83792,165.11452,161.64986,210.65947,191.1911,240.23854,181.94194,197.48013,130.53084
179.46169,144.51486,207.70563,168.9291,181.26958,152.11601,194.94261,187.48209,149.5042,190.28531,187.40662,193.7066,194.27626,218.71776,163.75784,113.77336,153.53305,179.69202,180.75433,186.16537,200.81581,188.37419,302.88605,104.30649,64.31035,205.34705,191.48183,167.76772,183.27779,175.58269,209.88074,177.59912,234.36713,164.73636,178.42352,165.40277
167.8935,144.89171,195.83841,171.9728,189.34962,164.01402,182.14125,192.95439,163.66803,172.40358,177.6171,176.40244,208.64825,195.83034,166.53734,106.900055,145.98837,168.66647,183.29097,159.21408,189.29562,196.96501,262.31918,101.2543,64.61481,231.56479,180.92865,173.33524,204.73865,183.84862,208.64703,173.43454,222.81332,175.00047,161.24088,183.2165
162.65312,175.58699,193.0362,200.19614,198.90277,158.69203,170.99634,174.97887,138.1532,154.69296,185.23727,162.65114,218.91951,177.75221,162.30124,140.31104,137.09225,171.63934,198.34389,158.99274,181.27945,189.10744,260.39362,90.89818,77.30723,217.18475,214.80081,187.03006,220.58653,186.74136,203.35757,163.6774,228.69545,185.66707,162.6227,215.346
170.41162,188.94153,186.70764,176.22565,181.6852,171.19339,190.61595,178.60774,141.4909,164.05896,191.05112,178.83049,183.8867,178.3534,182.25739,132.83612,147.83379,175.3112,199.91824,147.69603,175.78882,177.61612,215.83134,85.636246,54.30052,223.2892,227.54349,199.38777,215.50298,193.85751,205.2917,166.70244,248.95386,185.81732,169.0734,209.82605
173.15906,148.69193,140.96024,169.11218,166.40295,167.65282,191.80217,186.90807,158.51292,137.63086,172.9219,177.15765,196.61028,178.22656,172.40256,130.76193,132.1754,176.52249,202.67508,145.48883,207.94762,164.86143,202.66205,54.084023,59.85395,221.59393,257.5423,181.3565,217.94783,191.8052,204.7314,180.0479,250.08365,215.49542,195.99185,194.93777
183.32591,137.44205,139.52774,159.6022,146.48438,179.87785,208.53389,180.88754,163.46347,132.27939,148.25029,172.65526,200.00327,206.98958,150.76874,143.38083,139.35487,175.91312,205.50443,171.82175,195.88861,170.78395,225.83754,57.252007,42.375614,206.19557,275.85568,212.52042,188.26877,194.05923,215.51883,194.83597,245.18158,199.73152,198.83391,145.05075
139.45076,155.16547,147.63684,144.78754,118.09908,177.33884,216.1441,181.93932,135.36568,181.12839,170.27718,160.4063,212.46361,218.46718,163.67796,143.27466,127.97914,163.55136,227.43845,190.06868,193.5398,166.54317,241.2931,56.440773,26.540466,218.76938,239.89497,224.50204,208.46628,157.62016,229.28564,238.28503,228.10231,157.13005,175.17798,116.21399
125.12793,175.07703,160.81656,119.63723,108.04795,198.62547,175.04623,198.99652,174.1411,171.2449,208.53236,185.13478,191.9065,195.71748,161.4086,136.4409,134.65817,162.14355,226.62758,172.50993,185.65106,174.68513,238.85944,69.842186,39.350376,192.13785,256.50546,225.47641,219.87442,154.85204,219.52089,227.9572,216.87027,170.30408,159.56998,115.72888
142.0669,207.55817,167.9578,140.0813,117.97668,205.06068,173.99988,191.45619,162.08852,181.76,175.15439,206.8984,193.71355,176.97896,131.95004,120.11939,157.39684,183.04231,215.77455,138.83598,156.9985,164.31271,241.26276,82.938934,48.47632,189.84229,253.60747,231.5069,208.64015,174.22556,194.96896,220.28848,205.97664,158.98337,161.25162,95.03745
161.16142,215.99976,165.29283,156.44684,128.40344,204.25517,204.09822,170.95715,138.10672,160.73975,164.80276,208.3225,175.05913,206.70712,129.91043,139.65714,171.16637,196.67966,222.96083,156.85725,161.81499,183.03654,224.76596,89.61103,59.365944,184.26399,238.63983,226.90039,211.34549,187.19707,188.43579,253.81049,213.57585,147.6554,168.91629,92.94772
157.03104,180.76312,169.50249,162.33362,157.83214,189.70587,186.01698,162.38428,134.35133,161.31155,160.83983,153.17477,187.32913,194.60553,153.68967,151.78844,188.68651,206.7051,223.50362,169.45609,171.02493,159.275,255.67131,134.16042,70.03171,207.1127,221.09633,220.31313,188.81093,192.6066,248.88977,224.20221,210.07103,108.87126,178.63925,121.092476
165.46379,184.46446,194.7179,155.1525,167.51656,210.99559,182.31584,180.61525,160.97958,158.52531,153.35167,173.94882,216.34886,168.26479,155.1715,117.38273,184.91408,201.3457,213.16052,154.23944,174.4661,139.49213,237.50212,139.37918,95.73959,211.36523,223.16042,225.53004,186.21591,178.69875,229.59729,228.00557,210.12442,126.96455,214.72124,132.77234
123.685135,176.6637,191.95848,164.31468,168.06659,209.6442,204.17075,163.10295,167.00082,162.36627,164.51288,190.4536,240.47226,164.4991,142.73743,150.80228,173.74142,181.95906,227.87593,174.66118,212.36607,176.29024,207.79208,153.62793,107.239174,212.4253,228.06573,215.5483,188.25745,202.17659,239.54298,230.3382,226.08078,138.85417,210.4949,142.68907
87.91996,165.97668,188.40645,170.94315,164.04391,199.06929,239.63753,188.84329,180.29242,170.56216,176.01135,222.1821,257.17975,202.49136,148.18002,155.12482,151.89363,182.39935,213.82784,221.8458,201.98055,203.94714,226.94551,137.6662,101.06131,186.56189,253.65288,209.52122,188.74591,188.04718,217.67448,227.21428,208.96608,157.87878,177.98909,147.49168
84.87002,140.14597,175.05511,158.76192,159.6837,215.80438,248.20792,187.49554,225.59877,173.05534,200.8069,211.0257,267.06393,196.69073,166.75961,166.4235,163.77802,183.23038,220.90456,234.9724,187.05142,225.03783,228.58804,162.49246,122.18371,191.85715,256.9202,231.1848,187.58907,181.27518,210.05348,231.19344,215.15457,169.88754,170.99548,124.398605
98.16675,164.2006,175.4639,147.6979,154.89462,222.01189,277.2462,191.53381,227.8793,182.2602,229.09619,213.33733,258.70776,210.4218,185.40369,169.90573,188.77182,173.9072,216.22728,224.9593,188.24417,234.07343,210.7597,192.44493,134.72346,220.87965,301.7836,220.04503,192.38602,199.70363,214.771,222.51932,211.09946,201.84592,184.21896,122.77773
147.30698,151.52275,189.14815,142.62794,167.65523,231.3002,256.86743,200.30186,176.06822,202.76535,256.384,204.681,256.65363,267.15598,180.50699,191.16321,192.29239,190.57005,221.7419,224.71251,183.83038,223.80446,210.02383,195.19772,128.34547,195.95573,300.3062,199.24481,230.19124,208.2594,204.98557,226.3451,203.44473,184.15222,179.14684,104.19818
162.34375,166.68274,195.98277,159.79892,163.79922,220.53775,252.1241,217.15001,195.8896,235.87798,241.03114,228.29541,258.8047,253.94882,201.2343,194.11751,216.19516,224.07545,208.68143,248.20416,208.37256,235.01553,217.13171,187.95723,118.659966,181.90663,281.6774,200.75618,214.68343,207.7935,239.57861,201.51765,186.51169,162.90143,205.98665,121.34083
185.3899,149.39119,188.71925,163.17879,158.39964,215.38661,238.96397,239.60017,216.67284,219.46437,234.87003,208.49562,258.78693,249.33206,168.51303,197.73055,227.57726,220.96886,188.63036,230.86267,246.85599,253.55325,245.57745,173.86131,105.67479,175.94843,275.5687,196.62048,209.97281,213.86041,243.72195,188.6063,157.89632,145.64223,203.08614,127.86975
176.05112,169.33372,164.1441,147.2996,152.6835,238.98827,251.18205,227.51811,215.44069,233.608,224.05885,213.26866,255.66154,238.97253,202.23557,198.49036,219.89888,233.43997,194.04865,254.70691,242.35027,242.71915,295.70673,165.69641,110.02113,158.74643,241.87611,199.73488,224.86671,212.02194,245.4705,218.73813,161.52875,137.25682,179.76935,132.24284
125.63021,180.39136,172.29459,145.17119,175.77084,243.47906,233.71906,234.28082,222.35051,212.51125,225.88898,210.57275,255.79378,228.48033,186.11496,193.30785,237.30981,213.10556,183.2144,231.69246,252.06528,244.30699,277.83484,163.11885,101.78377,184.51625,248.24657,179.2767,225.66043,225.43442,241.08435,208.2839,191.60829,137.54507,142.3502,133.13911
135.5028,180.52464,209.07384,152.396,139.50296,264.016,271.3244,235.83414,203.64996,215.35791,207.29865,182.99121,251.59848,230.07668,197.01195,173.5677,204.23332,201.16972,205.56522,211.36647,243.49702,242.27017,258.34094,145.88745,118.062256,203.0823,245.37729,186.5825,246.74973,211.54292,229.01459,220.19472,197.51202,162.49763,132.58846,135.87433
194.86679,185.07806,179.1363,166.45757,151.83351,267.6779,257.7739,241.85947,184.10007,216.70224,215.25526,198.6784,251.86105,233.05875,188.69997,175.61691,198.26001,208.60568,234.78914,216.80476,217.70268,229.8959,262.76755,143.0883,113.853096,181.75261,230.99088,197.74881,239.23465,234.84436,243.50601,196.7286,194.97028,171.31067,117.00553,142.45728
198.20308,201.26733,176.64035,143.99469,168.07735,245.98947,263.1993,239.52333,205.77808,218.69711,210.19434,202.77423,273.29388,229.30992,175.80794,170.1631,208.06973,194.49785,224.30383,227.88925,241.99026,240.75952,248.86969,152.07329,110.794815,182.28056,247.0721,184.68668,225.33817,237.68706,236.14708,214.37088,193.29626,188.18388,124.25874,131.37811
190.44923,183.497,160.95978,165.21701,164.69325,277.89233,279.01447,240.40216,219.93712,184.03098,218.4064,215.19977,254.4303,219.5593,186.22957,166.3309,212.6007,183.68692,209.39417,195.67123,240.91046,247.41063,246.24947,161.37714,117.57994,174.65118,250.0703,195.13368,202.76935,225.08287,216.71404,210.02852,195.03308,200.92137,141.82909,113.60231
190.89499,193.49701,164.21948,141.74774,152.5434,278.72147,274.828,241.41388,195.83667,186.02562,233.45863,199.51915,267.25275,212.30322,153.78177,177.23315,197.83546,192.77946,189.93617,202.22202,223.94249,266.93478,222.16063,149.43875,115.08834,175.86426,242.74164,206.74443,216.86304,213.35216,209.2204,186.01332,185.26807,182.10951,122.962265,118.6309
193.2504,196.20764,222.02698,156.10603,158.5154,278.9863,228.03264,228.93018,184.74947,184.01323,240.00824,225.48901,276.78818,225.42308,200.9904,189.3357,203.55121,164.16925,186.90886,226.66905,231.49875,273.7625,238.45432,143.1615,113.39596,182.7775,207.29651,184.40924,237.70003,228.96745,237.66347,180.91704,192.61008,209.71165,166.10016,110.66247
213.09814,202.28822,237.00871,164.4541,158.24771,264.4183,221.20502,246.09218,210.84619,204.28146,232.44258,220.1198,283.21783,235.64642,228.37363,173.42683,195.87512,170.26656,175.91869,229.13031,197.68288,291.98892,241.41115,152.55038,105.71078,159.71512,179.97165,190.46591,240.4422,193.97542,254.30981,171.52235,185.61562,172.14998,177.52867,114.73405
233.6431,201.7668,209.10533,149.68814,178.08559,224.535,239.8085,255.01732,221.99898,190.72035,227.75224,199.20203,260.38345,239.06158,247.60616,198.9721,188.27913,185.72253,206.95677,234.92471,206.41281,262.69196,200.84004,179.37364,120.04042,175.78319,190.3053,214.61165,256.60547,197.65266,235.99928,169.83012,198.90144,188.18753,189.28313,110.937935
226.1237,185.54707,192.34433,165.30238,184.14575,226.15353,236.92996,248.64299,211.34744,195.8737,218.96138,216.09792,258.7283,239.66463,233.15321,204.28697,199.06772,210.07082,201.40189,233.0207,187.27245,242.60419,209.10335,172.224,123.76735,178.39378,162.91583,202.9062,232.67517,215.1824,234.42924,160.74994,201.61783,207.73471,181.33282,128.59187
205.6677,195.28413,209.82753,196.06493,179.41933,225.17114,225.32437,238.8017,236.276,203.11658,208.55719,212.04175,259.14398,223.7346,203.70656,204.25288,188.75702,225.10147,233.78828,229.81696,231.66315,254.72015,213.16632,161.59384,143.54156,158.74864,175.36517,171.78882,237.8401,208.28206,230.04062,140.45847,198.51245,178.82547,230.6467,127.14755
205.87663,208.44983,220.14253,174.0495,172.90192,237.9911,223.0723,213.36201,236.74118,201.96548,215.89864,207.26033,276.80774,223.1974,190.11752,189.51675,200.8451,210.97415,222.63351,221.773,252.93497,239.07925,217.13716,162.49936,172.17467,172.63988,175.2426,166.54706,229.46666,208.09264,233.71121,139.90346,188.17715,181.12648,171.16922,136.51569
180.46243,196.27954,204.91939,192.3891,190.07019,224.12169,225.71857,213.13596,232.84749,223.5725,229.55826,205.9492,275.51587,219.44669,205.10393,200.5887,196.06471,236.33876,226.14809,239.85428,251.26906,245.07942,227.6176,164.70447,173.8984,199.49915,188.53754,161.38306,227.21198,214.40805,233.09065,148.768,210.09032,174.31224,161.27715,147.86403
184.54709,175.86775,227.11563,189.63066,212.25755,244.78888,231.63878,224.81725,223.91217,237.67326,219.39613,208.12381,277.31012,248.71358,199.53055,195.85373,216.16008,238.08423,236.93814,233.39746,244.99188,255.28728,210.50255,167.18019,169.457,203.67836,159.93143,159.95909,237.10603,226.3452,236.10973,157.95676,240.32924,175.22708,194.88197,169.23055
186.42908,205.58363,219.61517,215.31711,214.22983,243.72821,245.81978,231.49284,199.41646,217.28107,210.04056,198.75415,253.87239,241.5544,190.2596,195.91986,226.85382,227.72383,200.50633,224.9375,231.37373,248.1592,208.61647,143.49924,166.58879,199.3113,188.36462,146.80142,225.3453,211.69449,247.20451,163.26918,241.45282,236.43832,198.09804,168.00964
164.2614,212.15431,173.44812,181.48805,200.6127,242.57549,235.16237,212.56642,191.52794,231.0808,224.51108,214.62183,232.30505,232.52716,163.35626,187.76183,222.99348,237.72475,192.70825,211.96463,232.65837,262.4657,249.22774,139.48953,159.56136,234.17645,186.40256,132.41888,239.32874,206.78314,220.03896,165.8701,239.81146,224.00287,164.82227,156.33894
126.90769,178.2761,168.58363,182.30818,185.68289,266.08438,212.33647,218.63167,203.17387,214.63785,218.52505,205.61649,225.12138,234.57936,177.25717,204.0,206.40073,229.19554,193.28435,206.01279,234.5223,270.1744,246.3337,166.76115,132.8744,223.74873,199.44653,148.72408,238.20854,201.9327,227.69507,155.08743,226.20178,209.69777,145.81607,154.1341
117.91226,211.63858,179.17778,181.23508,180.16327,245.86737,200.86015,218.04482,203.2993,213.99847,221.78886,215.96423,233.13635,220.57776,200.88936,211.36974,213.75494,204.95274,189.5909,240.38689,224.31749,248.71858,257.5236,147.26984,118.33406,210.33379,222.40704,182.47946,228.73819,187.87462,240.97934,146.52373,259.07065,184.15826,139.6833,174.90268
130.71033,203.02875,195.08875,181.81644,179.33456,255.03693,210.15813,222.45131,169.84056,219.34497,206.15948,228.6181,221.28441,222.86218,191.16205,212.78772,192.15698,207.14699,185.5889,227.22855,219.29213,253.90349,241.06155,156.31285,104.81587,224.6313,240.099,168.752,201.08553,196.83351,239.99695,179.70766,282.17053,182.77664,140.81805,180.21027
161.47885,182.7102,144.50092,177.30199,173.60416,222.68646,208.14615,229.51471,197.9375,213.38356,196.5571,208.67502,212.24838,223.23582,205.56197,179.5541,184.55942,214.25287,171.63321,198.70251,209.75291,227.94284,242.74597,174.13971,99.42892,233.92247,249.66988,181.41875,195.55194,226.93994,233.68842,171.94026,311.28387,162.59685,148.74637,181.85692
162.76862,194.61464,138.95828,141.41582,156.68593,227.5411,180.01904,210.72273,185.98671,185.77014,202.54652,211.0461,232.56842,225.35239,167.74026,202.58061,201.39355,213.06503,160.45592,209.01558,212.67567,212.42714,222.75941,164.88167,75.83209,224.2951,262.41614,216.19763,202.57785,211.11017,251.47017,194.29556,326.11243,181.33769,148.55707,152.08942
167.66528,195.73775,151.38939,144.37666,125.04592,222.64969,204.9814,211.82079,198.8079,194.34245,202.07257,198.57144,222.75084,210.2903,169.9621,208.68149,212.1237,181.03246,167.90532,211.3412,223.33987,200.56226,219.7314,135.71237,69.82384,257.76926,287.1502,230.84328,200.98773,222.84903,205.17654,229.76451,332.09808,209.28581,156.32646,117.504715
157.99324,201.84352,179.65875,135.32176,106.74579,223.99467,241.10535,200.2584,188.67783,207.03958,221.4617,207.74432,224.0591,204.1929,197.72308,181.44026,203.9824,198.34712,181.55342,213.53583,202.23837,205.1553,244.582,151.18184,51.322166,302.60574,291.97495,225.90689,204.11436,202.03313,225.28056,250.9121,277.27548,221.82811,156.53525,105.56635
171.91232,199.03839,168.60759,131.93874,114.43363,235.39096,193.20964,212.55957,190.50438,214.07687,208.11841,212.04314,205.8439,224.8379,175.96364,198.69392,163.65694,207.07272,158.97884,213.93365,204.60498,228.64458,237.45737,153.57733,42.820644,291.67276,283.33627,220.60349,193.07175,199.98763,256.49612,270.4964,306.18073,172.11665,162.94861,99.65741
197.69226,202.00105,191.58064,146.16463,138.48901,226.80203,197.27713,194.75539,192.61118,208.0404,204.64018,207.9005,212.84882,210.29341,179.76169,186.84346,191.48763,219.54616,172.77165,222.11913,216.95404,192.49316,262.33505,134.35558,46.618896,261.47253,314.1042,251.40738,63.169827,201.39645,114.3519,226.2207,332.31067,141.27475,168.90091,74.101944
195.05383,206.59341,174.79611,148.70766,138.79099,224.07889,176.28485,198.62215,185.8806,211.25424,232.39136,199.11118,228.17752,225.69101,195.14206,201.68527,185.06247,213.61058,194.56425,219.9532,223.32315,184.46951,317.61124,147.9673,44.457306,268.7864,279.74734,217.23059,49.7522,201.99675,128.32185,234.17288,305.24493,126.227646,169.77426,69.477104
179.77545,202.89124,200.31883,126.315125,129.93092,204.23842,195.77904,215.99454,172.09897,203.12154,230.33324,180.61046,231.48026,219.99298,190.89134,204.47581,170.98138,216.84674,188.72803,209.91365,221.17862,176.43965,274.70132,126.422356,66.503365,316.0215,275.0278,221.48447,35.081177,199.65698,161.40439,243.43771,321.30066,181.3183,181.78058,62.042698
174.32587,190.77214,163.55957,132.7651,132.52959,204.43898,201.84056,211.52138,188.54419,211.33492,223.1801,197.58282,228.92537,210.35329,188.87411,169.95367,163.33766,213.61568,188.15428,209.79195,217.70444,185.71814,296.07748,126.72069,58.225853,283.95526,240.75208,237.17834,25.249992,217.17479,200.96394,231.3184,316.62363,203.5353,198.38702,47.77176
179.79808,189.07233,153.97726,126.74099,144.789,194.29697,175.36433,190.7178,204.27219,215.06413,193.07614,198.9457,232.4536,207.34648,184.7009,158.23001,145.68015,185.56914,188.24834,209.49878,234.18,185.5827,269.90195,107.58253,87.00969,315.78204,270.254,229.81033,42.255413,226.27496,206.96852,236.26408,286.18423,182.29536,187.69885,39.29119
159.32993,193.65186,148.6087,129.3976,100.75711,186.75389,167.22566,181.16151,194.04138,197.26685,209.52097,204.99527,226.8453,211.09451,188.74324,149.75719,148.15651,206.02176,188.78432,219.37169,209.53796,186.97276,263.27518,221.5799,90.01769,305.03326,300.1395,199.66914,65.24025,219.04135,208.75386,220.50995,285.02722,203.39853,186.70767,40.838856
150.65956,177.3469,160.48912,107.57052,95.83884,182.05199,168.25113,191.88416,200.14076,199.43271,209.12646,196.42107,189.96959,220.32918,183.63354,123.80321,118.33913,209.49118,176.12071,199.80367,219.6448,200.09033,289.9009,206.60858,107.453865,271.02167,285.56525,212.83542,107.82663,217.5336,182.61166,227.49023,290.84192,194.76453,215.1034,58.767937
150.77892,183.16907,179.00648,137.58018,135.50516,156.8631,181.29092,170.38751,189.91936,181.87129,193.5805,179.48221,202.53648,195.16815,157.91266,136.88643,153.65257,214.51971,211.62517,222.30295,203.04219,178.96992,293.38272,167.06404,112.88916,298.4193,285.7472,223.90587,134.6159,221.13254,218.8295,215.8179,301.9816,113.33296,191.23894,87.57476
145.08467,148.6086,191.07114,146.22461,155.6538,149.52362,160.4102,166.2062,191.20425,215.37279,207.11858,162.99063,218.48222,191.4799,153.14156,140.59254,138.04004,207.30428,189.61264,202.90715,210.03659,179.2435,259.71378,157.46484,98.13179,314.03256,292.0757,224.11502,185.2146,224.3533,222.40822,237.13141,329.3043,84.79544,173.36824,99.96939
171.3939,130.86336,189.90973,150.34749,145.94849,171.4125,150.28384,137.99167,169.44699,211.4401,207.8355,140.22359,187.70305,191.8826,166.07068,122.201935,151.31543,173.61536,196.87717,153.66771,190.2154,180.19524,206.69183,156.97932,129.8953,334.3322,279.117,215.7953,229.82722,220.05301,245.90292,229.93626,326.61346,96.51114,165.34343,107.47803
189.6415,128.88416,156.37253,134.68517,141.90825,180.09087,177.12987,161.72267,155.73552,170.09837,180.39154,134.21199,193.47507,167.8228,148.79666,162.8682,129.71341,139.87695,181.9615,144.50821,182.91847,151.94913,127.47313,141.36293,131.59412,293.28342,306.57364,226.23462,253.44972,220.17104,247.30833,271.8306,339.07602,120.99647,179.6039,121.17787
178.21739,111.38413,133.17497,116.13235,113.84758,176.7967,161.79044,171.38214,141.77269,152.5641,156.7713,149.59851,177.55374,170.33076,148.77097,145.7345,135.32268,139.96962,176.71652,150.02327,182.66414,175.54362,146.0805,138.49483,112.19155,273.90744,247.28757,241.15155,250.24321,215.20554,248.22746,218.05457,304.13046,117.0462,176.29704,122.236664
180.83527,134.83548,152.43011,121.8853,96.49937,145.65067,168.24765,158.13753,140.75368,145.94133,148.75261,152.70819,177.39821,161.21173,129.89867,147.40039,135.79765,144.15727,180.15915,168.77051,173.87926,160.9082,183.5619,89.57648,97.0119,261.84433,250.01779,221.55028,247.57529,211.97742,244.40971,226.11514,309.21524,137.98091,184.48141,101.069885
178.69962,131.79578,151.81253,137.83292,120.84375,178.97154,178.1911,156.63809,149.26643,131.96548,163.91214,168.6348,185.71376,168.24742,128.15659,148.3246,131.74725,159.48312,194.23813,170.0437,166.70453,203.88274,279.01578,84.4966,94.90398,265.68045,247.45172,225.14046,246.91983,201.73264,235.45844,223.3208,307.84512,143.85188,190.12515,113.711784
161.66734,127.457054,154.92622,124.894035,131.81595,142.25516,178.15485,176.86499,161.88585,180.26375,173.4076,175.01085,170.5743,190.39935,161.46036,135.63261,179.04794,184.55695,171.1043,150.89044,178.32895,192.90567,266.4147,49.061573,71.49594,324.94708,250.76949,232.89886,247.90811,192.6794,223.605,251.51901,310.93008,133.76454,182.36967,130.14047
152.93329,145.37436,123.325966,144.7076,132.46365,144.53548,177.39076,190.56914,156.1689,159.71487,179.74466,170.72647,168.52638,193.93065,181.68465,132.61345,162.467,179.07938,162.68175,179.06866,199.9729,176.40207,261.96973,32.362034,71.234535,288.41428,313.70508,245.18222,220.767,208.52231,240.30388,237.20032,308.65775,158.58269,194.14574,115.26494
134.2984,115.3372,133.0449,130.69272,133.73438,148.77473,182.35518,174.56,143.19122,162.4522,157.39911,163.96887,222.0071,180.09018,167.28726,139.11935,154.77768,165.57062,159.08748,172.68777,168.43524,168.93814,309.47537,18.877813,64.12675,289.38928,283.20914,192.66351,232.1005,218.43474,256.55835,210.38399,307.22256,213.1018,193.64941,113.614006
144.32648,134.2567,148.67694,112.39783,128.91331,183.87454,214.59644,176.45941,116.72993,166.39752,135.3873,173.76208,205.57341,181.17331,147.75784,132.78548,137.1391,155.24966,190.43913,152.73744,173.78662,169.51376,293.96408,6.413494,46.52335,311.73758,271.91824,230.5101,116.3116,202.86357,88.28213,229.6196,261.33606,208.95166,193.02809,111.96964
85.85023,143.66649,153.3596,89.34747,115.35986,167.42238,188.59244,155.38367,115.05448,146.42656,127.33317,167.1984,159.30057,190.5634,141.30316,115.98467,132.25679,186.66049,179.9768,161.90288,124.08777,164.43094,294.16544,48.491863,24.557463,303.18607,298.92288,234.4631,107.51527,200.83997,67.0522,227.0274,235.09706,176.96616,178.45667,108.66279
79.570915,133.92711,156.93549,97.55797,126.99088,178.45824,174.45528,153.16258,146.40778,128.11336,124.57034,151.64507,188.51564,191.61852,165.47527,123.2668,129.68456,189.64526,180.76785,128.04755,134.74371,165.33206,291.38388,43.656532,15.945566,280.14838,294.5598,231.69087,139.85307,205.52039,128.38458,225.15785,183.31107,182.00023,169.00221,84.13715
107.621346,134.9445,162.28772,97.369995,132.0831,168.7559,196.53334,154.00652,109.65657,130.14006,127.88774,164.71196,180.58345,167.91505,135.97386,118.47544,128.96416,183.52246,184.28218,157.54596,178.08852,158.28574,286.04837,50.16502,33.843784,237.54646,299.68408,221.92303,185.50987,207.90375,161.63982,244.42743,157.10579,184.22002,213.08635,74.12032
136.61482,115.42589,155.14561,109.48465,136.23456,147.67555,187.9151,150.93903,124.2096,145.23862,142.2553,206.01999,210.0655,184.02126,174.56458,122.97741,115.46819,180.30252,175.03554,171.54744,200.2567,178.65051,257.039,75.63508,58.418373,223.46935,296.5461,227.25787,186.87894,211.56297,195.39983,233.23524,152.2696,177.31223,198.6204,65.64589
133.04994,129.39119,142.57994,85.42618,110.8298,158.46063,224.35391,171.69347,184.72438,161.88115,158.35022,239.25702,199.04803,206.4978,151.32007,113.4258,107.01544,173.06639,185.54686,146.58456,194.16415,189.17067,275.3564,74.66486,67.10006,185.86385,263.11627,233.21606,205.14102,223.87627,204.45345,254.89519,159.31065,193.40181,180.4654,52.180275
116.01771,164.86401,112.20601,66.22573,108.87022,155.93373,182.55678,159.71545,143.76419,154.84413,137.66919,231.96153,225.8276,225.40186,163.21309,134.51736,84.631485,201.08644,195.84871,170.94225,172.9738,177.67172,296.188,104.808105,44.29099,176.81787,288.0818,223.76556,225.42194,229.47128,208.15514,210.53552,152.08852,168.33728,161.18724,74.46201
142.92094,131.57074,101.29107,71.06531,119.30098,164.50029,189.46158,181.23868,127.676346,179.62262,155.40634,211.76714,221.167,231.69499,160.547,133.01509,137.07346,205.93071,198.16376,168.23341,221.28993,214.0483,272.94394,99.80839,37.888775,195.31694,276.4893,221.19936,227.49205,217.23166,216.57738,225.39377,108.769226,179.20222,189.05444,62.05118
151.99164,135.40509,87.001625,63.784035,125.835434,196.29193,221.08856,177.03954,175.48645,172.74432,149.09372,207.6873,189.84625,233.93279,152.28072,140.4891,134.84702,187.06714,201.33182,155.26138,212.93799,213.41173,237.09804,94.687195,48.881943,177.45352,289.62885,227.67502,242.17932,238.27975,211.52339,222.9415,99.91917,147.28888,193.97845,69.67604
139.11852,150.60574,88.967384,103.352104,131.76926,158.11159,192.11185,195.88333,164.3062,151.3977,160.81721,211.37837,172.10248,223.3574,147.54137,145.46649,139.68762,191.73138,195.7459,177.1143,201.91429,192.37836,194.20459,85.424194,48.154583,178.42328,263.1011,218.44408,211.7745,264.2286,205.67442,222.11923,118.62908,149.52235,188.13695,90.06133
131.57884,153.75424,98.880005,102.91719,132.21555,138.05733,170.29944,174.81754,182.6578,168.98929,180.4523,178.3455,198.79427,214.47656,157.1897,135.95964,163.40752,206.08984,176.60684,177.51003,195.37978,190.46732,169.87234,66.18135,67.503456,150.73553,244.97644,242.46593,206.07596,227.43071,188.12408,234.14459,117.673935,130.7434,203.7848,84.70068
173.11017,158.00365,115.72198,97.397934,109.4171,158.15723,217.34866,185.5369,139.96193,167.93628,195.54936,187.42175,205.69891,184.3919,147.78131,137.8509,190.69196,199.05373,147.95984,188.36366,199.08676,185.02678,157.91638,60.09887,65.11348,152.55266,236.49834,211.01228,215.88452,208.9416,190.90495,231.53925,109.1482,160.2287,223.07442,61.059616
180.91028,147.17723,150.78279,53.679436,100.78919,160.5237,169.4864,174.29997,134.85709,170.2385,189.62717,182.99886,198.621,180.6674,160.59636,136.89352,186.52492,210.58513,154.61302,180.53075,183.67044,195.8854,161.46967,94.67337,73.93793,135.07048,223.45898,172.79842,211.7161,214.81085,214.44919,229.71373,109.11675,195.2123,169.70634,74.95094
173.14746,152.85399,161.78563,70.02499,113.07237,167.85939,152.97185,177.88103,151.00117,162.5875,195.4363,170.94379,181.74698,185.17993,164.5025,148.308,198.72784,222.75523,157.67117,171.53032,194.70345,199.8643,141.70387,49.271015,99.000244,138.16458,211.20422,131.87215,217.7329,224.60147,216.05469,213.31439,123.23083,182.94023,154.77426,106.83622
178.03207,127.76426,155.31526,104.964714,138.08037,177.59573,120.51316,168.22394,148.20685,168.33983,206.67227,174.65312,182.81642,174.01585,158.07468,146.98347,175.474,240.10828,170.57877,171.74976,202.77206,190.31393,191.56107,9.168758,90.182686,137.63002,209.24365,133.2128,235.22928,205.32742,225.6342,146.71039,121.32502,184.47325,149.35893,101.40239
163.55214,138.93665,181.66371,144.93037,160.60822,192.34663,172.94014,157.10657,155.00558,184.02077,204.33286,188.40024,203.96655,179.90932,153.67004,146.66289,183.38797,260.02518,181.01047,183.76244,207.49277,185.1822,209.45352,-6.039861,67.82963,149.16353,208.4888,144.2083,218.41881,191.62029,233.72153,139.12265,132.48685,196.90297,147.6757,103.857155
178.35016,140.20366,146.71,141.76213,186.12231,186.5689,200.413,182.81575,163.72415,201.39066,190.32358,195.22523,207.64621,182.11104,175.81439,137.4651,209.72992,240.87186,177.06523,176.77061,199.6062,197.98444,226.3565,-11.245743,63.912888,152.18738,204.44913,152.88077,211.75589,179.11201,274.9259,167.63115,143.75726,187.29025,150.47224,109.58844
206.93462,129.38307,162.9032,158.04813,165.24734,183.36554,172.811,191.3888,151.85832,189.0805,204.6842,185.12114,195.56908,188.72954,189.42877,154.04005,182.1807,253.30453,193.29848,202.47023,209.72226,191.0521,242.56078,33.05879,58.302372,169.65704,210.87976,170.7339,84.25402,190.11913,111.74098,188.77101,145.18974,191.11499,167.24548,136.73927
193.34848,156.45241,172.1387,159.62816,177.53506,168.54124,176.06303,190.55588,136.94041,191.80966,186.776,175.04713,190.15381,190.97386,186.55186,154.53493,191.8641,265.77176,217.80132,170.63277,212.41132,184.33131,280.09286,31.21843,58.90961,184.48242,199.01631,177.40488,73.35923,161.83284,110.24833,178.5314,163.33757,179.59784,163.62213,164.13939
179.79008,153.61023,172.04034,177.19931,157.03468,170.34425,197.35573,185.60518,146.061,163.87584,166.80722,169.95277,123.64836,190.72165,169.38985,158.21053,214.14206,226.38945,224.7415,165.60127,201.93614,155.83261,273.0596,8.264948,73.49236,193.75026,218.99353,159.367,75.708374,144.75894,98.25228,194.58403,185.04007,218.11261,174.69978,171.90274
182.38411,148.52328,160.69675,152.51285,166.98257,141.24377,132.58424,172.29373,158.82382,171.34464,162.74663,196.18666,166.77477,165.59052,162.86316,139.93433,174.87006,211.80058,239.18333,189.69203,156.20644,151.72925,277.3558,70.292,76.336205,174.50774,240.43408,142.47893,72.85645,146.80481,92.147354,191.64282,189.96059,210.28963,176.41881,119.09028
170.87228,155.98405,165.32344,150.86073,167.94325,152.22061,171.92432,170.06223,171.23671,177.12201,156.04451,205.71176,211.00323,180.63705,174.90858,145.12474,163.17715,214.28467,238.3321,214.30208,180.15048,165.89474,264.91193,20.110731,78.70604,189.04172,251.70882,155.62602,65.7386,175.5698,105.88498,165.18492,215.18474,187.54805,183.0323,127.67794
148.41814,162.5335,151.57332,130.3887,163.2486,191.69954,197.65054,174.3378,184.61243,190.84625,171.93196,203.64693,176.00125,206.35265,167.14314,155.00798,180.73549,201.55946,230.818,218.4954,219.24623,175.02895,287.04605,-11.662966,81.16377,188.59048,257.9489,176.60542,69.39289,191.92766,128.39642,190.98819,242.3171,195.44604,202.8138,133.99092
172.67429,163.23053,155.35663,136.54135,154.83322,225.07564,141.50026,175.74355,158.07193,183.87039,155.5718,203.78006,173.16335,209.56789,167.69272,147.74615,179.92102,200.84174,253.55319,210.3705,199.84975,152.40674,280.11615,25.946007,81.41041,238.05211,282.18286,197.45015,68.363754,205.06293,133.26257,184.63739,231.36275,163.96445,185.62708,135.23242
138.73956,165.16002,160.31604,143.29602,148.7207,208.4798,157.95866,174.72903,186.86786,183.32274,165.0272,183.12318,184.44884,212.74385,182.12326,149.73987,181.27882,201.80724,246.2014,207.4552,176.93024,179.6323,263.13858,-15.485567,92.88234,221.43333,281.71295,215.0196,15.337578,215.348,128.31918,205.02817,223.62508,162.35442,186.64163,134.37126
144.17221,144.99474,196.75253,146.63437,148.8184,187.6565,165.43669,183.46875,164.99835,187.5406,168.689,203.62057,208.07661,211.3797,175.94064,152.4746,171.68259,195.93512,257.632,209.74615,187.8892,175.16359,284.64948,-6.619427,102.34931,213.43156,260.6002,238.14655,28.183697,234.53918,172.04016,218.57484,226.76207,172.7331,192.92781,134.86136
160.6722,142.93019,213.01617,156.12828,176.87247,168.01543,169.68102,184.51222,191.78165,187.14984,159.93935,180.43427,184.8439,222.51045,166.94743,141.39706,172.68558,210.49495,235.55724,187.65106,203.86671,191.96216,280.296,-9.369764,93.67809,232.76643,260.786,219.07507,30.159103,235.69318,193.99477,212.31812,230.64742,186.9941,195.0492,125.022255
172.154,153.62329,213.93457,180.34204,203.04807,166.56166,175.57764,201.36008,180.0853,195.82338,165.75546,180.44374,203.31548,193.96594,173.33388,142.18532,157.35109,200.80002,214.25966,198.6783,189.133,177.16687,270.1266,-1.1228037,110.6143,215.77979,272.39935,232.19302,47.775852,244.98836,195.93951,236.80699,263.69156,185.41917,219.89038,110.54674
167.97675,145.78645,162.139,173.72206,196.41704,150.95819,189.58691,200.71852,189.87384,195.18956,151.08757,163.02295,207.7399,203.7529,156.30466,139.06773,158.62689,178.30196,194.53099,208.63148,193.08694,186.64368,265.14908,-22.733013,112.35481,219.3333,271.37323,237.74873,40.489506,240.22835,184.52766,236.86539,237.32597,186.41379,178.53937,137.98978
128.81395,145.36491,158.90625,188.01509,180.74266,147.79039,203.8446,189.52217,161.43695,190.30005,161.44418,147.0144,217.7525,186.98509,156.42393,134.48724,161.20943,153.96101,187.87447,183.5389,195.84491,186.58842,247.95518,-13.727658,111.46315,221.99928,259.3762,230.93092,38.26207,243.29852,191.55966,216.47597,236.29645,205.88507,169.4882,152.27121
137.6804,134.4129,182.52151,176.52548,145.51692,170.93178,204.48601,183.84236,130.78493,196.10086,174.37907,151.87138,195.69797,177.1648,173.83656,137.61984,110.13094,151.70877,205.48093,176.67549,183.01181,194.81277,250.61258,15.635641,118.59271,216.50104,259.2508,207.77489,31.641064,239.64899,184.92442,237.21881,193.12907,190.81133,205.03275,155.65215
173.42549,148.52559,169.2392,151.16444,130.7777,176.36322,172.90244,172.74573,128.1804,164.64478,169.38203,152.3756,114.099594,177.05627,163.50392,108.09347,122.24093,168.74475,215.45734,140.08275,177.57533,174.20023,261.46866,42.727585,115.343124,180.92392,247.55217,215.82957,39.182976,239.76634,187.57857,218.60155,184.85008,172.71103,191.34334,145.99017
177.91147,127.47491,150.03658,133.96812,148.12384,159.97107,111.72017,152.36067,157.51521,127.23896,156.0633,91.1708,139.09346,150.26276,129.30162,115.26867,105.81059,153.7183,220.2336,152.34593,162.67294,144.03836,305.57846,31.253393,108.267494,182.08357,252.98672,232.93835,35.888283,223.84814,181.88727,231.53647,149.80782,186.60797,185.30441,133.4569
208.78793,93.84584,143.43785,130.80093,146.2748,138.095,140.90826,140.14883,150.03548,168.0535,161.29956,102.04047,144.62535,123.60239,112.62686,126.08017,112.81681,125.04085,220.66777,186.44217,149.43045,138.20938,274.2653,13.997782,96.18707,185.27951,282.74152,211.05994,47.267418,212.77388,198.05627,236.71133,149.62303,162.96133,193.73929,120.30289
170.10718,107.31366,145.59686,119.32998,157.97578,112.91702,150.33124,164.11893,145.01523,158.0958,204.74994,100.60034,103.373634,153.73837,123.76889,108.25822,82.46629,105.72897,233.14404,194.68282,134.21635,142.74701,258.25842,8.353429,114.90383,188.82632,236.47746,201.95363,68.30395,209.4162,213.82436,210.48982,134.4545,161.82918,189.71207,86.29071
135.39339,76.65189,160.41121,103.63267,125.26664,86.70691,136.3581,153.82033,177.5557,154.75223,192.72069,80.22526,93.662605,124.27465,130.80113,122.7595,117.56065,147.95699,231.08975,158.66885,130.61342,140.11691,320.46497,7.5482397,105.133606,168.4881,228.43661,198.76236,83.46826,209.87373,199.02994,237.65894,127.59488,154.55478,172.26578,98.67357
106.70502,88.54584,159.67747,102.248436,135.40634,90.804184,126.93996,153.29422,198.19014,144.22664,177.11993,58.382866,119.035065,124.42227,107.70848,156.30771,98.32979,168.4235,234.084,174.71211,129.62976,135.40143,259.1799,-27.180634,117.31663,181.68777,230.26033,194.72281,110.07001,203.89185,195.60289,241.51729,135.24023,135.59274,155.67372,104.501236
88.88178,97.023964,167.54486,169.88957,166.16267,101.550095,125.32627,134.20805,191.44952,167.94164,186.15799,70.41161,103.43631,85.01151,110.61025,155.01001,110.92215,146.60007,235.97101,150.97215,121.09318,123.29915,260.02863,1.8522882,112.11287,204.5631,235.27287,216.54,105.337006,213.84851,206.54745,223.9736,140.38705,155.70813,166.17078,96.32391
87.19865,108.97823,157.01915,150.01512,151.31805,124.79208,152.76271,134.66446,174.20683,157.77953,167.61108,82.48541,108.72319,85.06105,127.87057,167.8591,116.02518,152.83447,225.19276,171.02943,97.07794,122.85226,262.57712,-5.064025,124.31785,192.28198,245.8071,215.9224,136.46683,217.83664,197.7324,240.34933,153.48352,154.34587,175.34575,137.19713
97.05127,112.95718,152.5305,140.06384,157.53897,99.42507,162.92014,137.87225,152.66121,167.9984,164.85953,96.97513,111.26818,96.360916,143.35472,166.2904,100.48137,153.67743,243.4028,176.31038,88.31484,145.45898,258.23447,12.10486,131.90036,197.18097,248.54889,243.11472,173.79582,246.15532,203.07735,238.24538,158.98697,123.753586,169.2341,130.43884
75.44842,123.67208,165.19585,135.66884,155.65068,101.397484,129.12373,158.05786,152.41075,173.28941,178.33556,74.38184,105.23867,101.30695,154.20752,142.33556,105.30675,110.90351,218.07819,127.06851,89.50204,146.45563,233.40845,28.911478,123.2859,199.46973,272.6975,230.36179,177.34122,244.22333,203.37611,220.3817,150.27463,125.17031,177.16515,119.01658
98.093414,142.58522,148.46404,146.45374,150.73785,119.10651,150.28046,148.11465,148.0513,141.715,155.5754,62.004272,77.346466,110.56803,118.16191,152.71274,106.76533,111.671814,174.77979,86.35683,65.18144,144.4368,207.95166,18.238863,126.28036,185.59534,258.29868,203.36372,179.3581,258.70358,165.17519,234.321,146.4845,149.88602,178.46663,119.46883
100.56845,133.86981,139.98358,136.72206,137.77383,69.55702,133.81078,130.51436,120.30413,142.50522,170.17743,58.935265,78.07238,101.33963,103.61508,143.11316,103.45187,106.15711,188.89484,85.16078,77.49615,123.80618,237.87192,27.19124,140.2722,173.20847,283.65872,191.81882,166.07314,194.03957,192.90503,212.37726,134.7207,152.9401,170.75371,100.215256
108.73251,112.85152,119.25594,106.87306,120.731346,95.820465,139.79361,129.57903,90.12348,136.05751,173.90819,55.663204,48.279594,137.99744,89.08241,133.49654,105.57858,112.40212,181.79958,78.23004,91.000565,171.18976,216.40726,32.105217,144.23456,181.84933,272.77826,217.25276,167.00916,176.34491,173.07133,186.36473,143.14804,146.25323,172.15262,84.31632
118.993256,89.33204,105.73181,72.61664,90.063866,92.44365,118.31956,95.63158,86.97234,85.96758,165.99876,35.403835,4.666996,135.65672,106.20751,112.515335,122.54314,102.43211,174.46698,75.7546,75.546875,155.59035,233.83798,39.01029,136.27841,170.49646,272.60916,229.32877,192.38121,177.54356,194.38605,207.21915,141.62735,140.98947,177.25673,61.417824
108.86015,92.78576,79.566986,69.745674,92.65348,69.11041,77.02929,106.00061,92.09391,81.51853,156.75021,22.814472,41.326035,86.38411,122.39156,95.68115,112.15652,112.60877,100.86629,92.54516,62.64009,133.06537,241.40587,58.708946,106.35671,156.69542,276.16757,208.23128,181.08043,172.83153,196.68634,228.29933,163.03311,116.54053,173.17043,21.626234
102.91735,62.644638,68.53018,71.86115,73.029045,67.031975,107.57942,107.63635,69.86787,92.64081,159.6077,44.962864,41.412594,92.00059,97.90201,88.04751,98.21815,112.89383,89.001884,98.10953,88.1279,148.16443,216.46898,33.67946,94.18164,151.16745,249.13887,217.96306,190.67012,203.19766,198.68173,221.22116,172.99341,135.55531,177.87164,49.904896
116.95342,62.100716,73.78833,94.77875,86.468575,53.229744,78.11387,105.037415,99.126144,75.781784,150.99501,33.223213,10.5541115,84.81802,100.054375,78.00543,56.68704,114.34797,97.71604,58.53851,90.929825,129.50706,233.05446,17.145447,107.249,165.86311,287.2979,232.99673,199.75208,203.20314,194.55814,224.9057,171.26427,111.81117,162.60074,53.041187
94.93603,80.90602,90.292496,87.56131,95.42306,22.581573,75.131454,77.22447,110.04112,93.22094,145.74275,35.072838,57.88182,52.535244,83.168846,74.90163,69.90398,103.200134,96.59461,76.86766,69.5747,130.94977,212.19197,19.481543,129.99046,141.55493,255.68022,235.72455,205.64291,199.13362,197.984,219.9726,169.54153,108.22217,158.30255,26.495544
76.35,55.537704,108.6277,98.406624,113.543655,63.827797,100.35744,72.91835,72.81764,100.344574,146.96922,64.84533,73.75389,49.413105,92.93776,91.734695,55.823807,104.48512,103.83089,105.028656,76.57541,121.41379,214.07259,13.753916,125.39899,146.91531,279.8752,227.9969,206.14645,189.06827,201.23793,230.17572,168.4319,100.05599,156.59488,14.829064
68.46453,68.993385,118.905075,104.640045,139.55463,67.814384,101.14546,67.88394,71.52287,98.95794,127.48843,72.64772,68.265564,75.39761,127.11888,81.5543,47.321262,91.67725,119.08558,54.736702,79.215675,114.39343,201.42079,12.233857,122.17251,150.14113,268.0066,202.5085,207.75381,172.062,200.28044,223.69502,168.35983,111.71313,149.19781,15.58132
66.35233,77.99256,153.37204,103.44159,117.51951,73.94098,92.2236,86.764496,66.08898,84.37809,109.39448,70.410805,50.69096,39.881653,109.55629,70.73713,22.220078,85.78639,106.16355,39.721066,87.45304,116.87797,174.66708,4.0082893,116.180214,195.48694,249.01343,191.23238,211.22833,146.94861,217.06084,207.91313,149.28455,135.15176,129.16383,32.897682
81.590935,88.08579,117.10126,85.959785,85.30815,77.895256,60.791355,102.30258,52.48529,62.730167,103.79834,51.175964,65.0527,50.465137,110.18487,73.64009,38.80119,49.543278,124.4883,45.29615,71.93727,97.57977,150.78967,3.6727543,121.91575,141.5144,266.51794,205.07648,195.50552,99.28293,203.3306,233.91472,122.83801,145.11722,116.4141,38.996746
96.84379,110.88691,111.783264,85.2006,82.29617,90.96309,70.14072,88.19157,45.559746,52.31622,79.1021,67.38812,61.308525,64.89436,106.63978,73.22785,45.551056,30.345413,115.28143,52.332703,89.64954,95.78202,158.80374,-16.819603,113.61668,162.35562,252.37401,192.03075,208.28218,78.96055,187.21037,206.3494,112.74721,127.09317,94.56757,38.463272
106.415245,99.51673,109.46884,89.26281,64.98151,84.02292,78.30044,63.44916,77.23962,51.982655,55.708363,74.77258,74.20263,71.81884,64.0271,62.913136,30.53732,44.97967,104.377686,27.76329,85.93715,71.96748,159.29323,-1.5217106,86.34964,142.51096,231.93297,187.65242,206.39326,60.82512,155.57654,207.82191,135.76996,135.53429,64.43128,43.87262
106.370316,64.36168,106.249954,92.33028,84.204865,73.09906,90.29476,42.226627,59.55822,55.25489,57.654316,62.194763,86.89674,69.65601,59.869755,58.617985,-1.283596,47.126225,114.698326,75.14925,75.85385,66.11658,149.12054,18.693577,66.72133,141.41629,223.3763,164.49252,176.19247,58.874622,137.12732,221.38104,150.1696,136.06361,57.67762,22.112778
102.659645,68.48608,104.647316,78.76961,92.62132,101.943436,61.764122,58.855293,64.14518,50.399933,64.40493,79.44495,102.06792,74.82109,39.19621,72.32258,72.80283,59.909485,97.40198,66.40144,79.59132,98.67081,165.09418,4.8108406,76.993996,143.17482,198.37141,144.83215,159.27852,49.469772,84.22837,196.39697,130.11104,144.89502,56.637825,7.8645115
91.91103,55.238636,109.12996,79.60514,92.71489,130.46992,78.39908,56.91472,68.93385,73.14216,79.28652,76.66723,104.39231,65.16689,37.915634,67.597305,52.079575,77.62797,103.21284,46.486088,89.34951,101.7527,166.05267,-12.56143,75.475105,128.39246,201.71492,152.9647,123.02096,67.84682,90.84265,177.81366,135.51262,112.47115,40.38901,24.744644
62.885704,62.49978,140.49133,79.4044,78.74854,93.86894,96.95842,68.40645,67.889084,98.25702,51.915955,79.717926,98.09255,81.69542,35.672356,71.98778,61.547207,63.548347,113.21925,57.25855,98.22412,97.602875,142.90533,10.817211,90.812035,148.6246,171.8958,175.36435,115.718056,13.35984,87.34911,154.57422,115.25945,98.43781,51.048542,32.16703
83.88077,54.35333,112.92599,95.977844,79.21024,110.68055,82.58444,79.15881,86.29084,91.57691,45.35334,81.73824,113.580475,82.009995,30.606415,71.885124,53.648857,81.043564,119.89964,80.72178,79.49208,97.09383,140.4844,-4.8548203,93.81167,119.98335,167.9282,150.78783,67.842735,9.619202,61.55387,139.83342,110.1694,112.902214,53.05234,37.036003
93.97536,31.065157,100.74573,82.12553,81.77207,117.54399,105.807144,81.88922,72.050896,98.10869,79.12186,80.96613,97.21313,72.76172,34.41583,58.581726,73.28286,82.27074,127.891014,94.77885,107.29383,80.61813,145.78238,4.1988373,76.74003,113.284096,169.2923,145.10294,5.089264,14.826226,0.5743599,62.37433,112.43536,97.872116,61.417465,43.021065
48.75151,35.67268,76.11105,74.118675,88.20639,127.19561,84.33251,104.854004,96.70401,100.159134,118.319786,93.20571,122.06813,87.55912,80.576775,68.06389,41.97916,107.66777,139.51485,93.49877,111.57249,51.0265,164.51277,-2.014019,59.040714,123.62775,166.59215,158.55086,-2.8169851,18.59015,20.466953,35.824883,113.5801,72.793304,86.72884,45.781673
42.72083,71.0636,72.55731,73.8817,107.48704,108.63024,71.06421,106.729614,93.74587,101.677895,135.84161,66.419304,114.00223,93.14458,51.23898,78.6107,56.72139,116.43088,142.04086,107.940445,110.648994,64.898674,162.35513,23.223698,60.304996,109.06069,142.58632,149.40166,0.09919596,2.9859142,35.20269,53.90917,115.044556,60.663883,86.21798,53.73048
40.01217,65.25444,72.03408,76.61607,105.21703,83.02097,57.347603,92.7589,89.4535,112.820885,146.96634,76.903786,96.09481,80.48196,50.113968,83.55044,88.8604,89.59179,136.31494,93.01866,89.85531,68.0812,135.48944,25.08705,48.163147,110.851105,137.20862,136.85147,-19.595757,29.46432,43.199635,71.23711,102.00737,67.9685,86.53912,64.48094
32.94063,74.4395,61.656677,124.92984,87.64531,49.53274,51.84656,67.87089,84.63781,102.77383,147.87575,96.70107,66.03528,86.29798,47.79024,87.70059,109.387596,80.38385,118.56736,84.60254,80.93576,71.89473,149.75475,24.322557,46.87288,122.27701,127.63612,100.51861,26.571526,11.862909,65.564964,45.590107,110.91467,68.43325,100.113495,36.88375
41.298775,64.2558,59.708668,107.02325,77.88797,42.042267,87.63962,58.26765,57.34693,68.75418,138.99648,73.29443,73.31287,74.1739,82.0685,70.66248,104.81807,91.74387,113.24619,87.92047,55.114326,41.48726,156.93245,18.144928,46.215523,118.79347,139.85284,102.65515,44.69841,18.055685,75.21227,113.62578,127.29505,88.852875,116.10008,20.808159
51.234188,67.553894,95.794754,101.40276,64.890236,64.26867,74.85711,57.40381,67.43474,77.99323,114.88772,68.34487,50.28221,67.031815,55.02196,76.998215,57.050713,102.22981,107.61503,79.472496,51.67559,49.944973,156.93864,149.32248,61.407097,116.918365,120.74333,118.67595,29.08606,37.77558,57.541294,66.010124,124.43179,106.56431,100.32702,28.23025
70.99422,58.866497,105.65643,100.059456,58.961693,78.05956,80.226234,60.62373,60.649063,85.243225,125.78945,64.15374,41.3423,69.81516,57.88305,73.32254,65.227196,102.50225,100.87772,51.632496,44.764305,48.130627,171.97836,107.89541,84.56537,123.237274,120.73923,107.75246,58.68936,70.468475,38.523033,87.46207,128.7735,145.88017,87.94115,27.971743
88.19212,52.340416,154.95811,94.08856,85.98817,101.241104,70.03714,69.31776,36.65779,61.521458,111.94657,30.172108,42.66514,74.900314,55.82711,70.8977,73.682686,76.23633,101.37242,43.70322,47.202236,60.97536,153.17766,71.77581,102.39108,122.22982,103.43238,127.0621,61.5472,62.865063,50.07565,93.197716,111.29151,126.437935,94.64935,29.485828
100.2913,73.9285,127.45445,96.941055,89.73809,94.19249,58.332607,64.20651,32.985176,65.25614,98.14625,37.92062,40.17937,63.187134,63.469524,59.013683,50.895596,66.192055,99.70678,22.85648,49.325043,65.8761,156.11096,56.52448,119.31513,154.11163,119.40349,105.88368,73.621376,56.703663,44.22363,119.087776,122.0389,109.05299,103.657234,19.04737
90.57571,84.48136,122.24247,85.56177,70.810326,75.61229,67.431946,71.49911,53.611614,59.784523,88.43307,27.248844,46.655796,58.096954,54.904797,79.420815,46.270123,63.40944,101.371574,11.345791,55.52314,57.74103,147.84825,63.019333,102.04818,129.68234,117.26938,96.08825,62.873367,63.295258,45.645477,109.1625,125.21703,88.38087,97.211105,27.22416
76.17012,93.898094,134.07683,71.65977,62.040493,55.35161,93.00959,77.36918,58.10894,59.730743,61.48069,60.579647,50.350895,66.16758,61.6584,87.88688,38.13997,53.36087,113.96769,61.88446,64.656494,59.85596,138.01144,67.73337,111.229904,119.79625,128.83792,96.94349,49.53213,60.074688,42.021015,100.44215,140.08774,78.06339,121.93983,29.442625
97.701324,105.48354,109.33105,40.890694,92.73762,100.97318,101.34967,71.71722,79.40864,78.68008,74.52799,73.66378,78.15043,72.49427,100.03405,85.47899,47.045364,72.82284,94.16962,46.959938,65.03183,50.792137,141.6362,63.74259,104.802376,114.91501,100.63285,117.98638,20.067957,60.27185,59.06422,106.304695,124.19645,93.392235,110.67421,34.404324
84.719894,85.70295,119.11482,66.74269,90.49383,85.23813,91.49411,87.158875,63.62426,74.15267,56.3763,82.34699,71.62996,97.85397,80.180855,84.66,22.153759,82.08087,87.00172,54.619785,78.85775,55.828423,173.12398,71.883194,69.192276,106.55519,93.272736,83.28653,57.857758,61.831966,88.39714,121.48759,131.47333,80.41502,102.2585,48.474453
79.98376,93.848724,120.902214,83.3989,88.99287,92.84575,104.87393,83.44092,68.579025,57.111202,36.905907,86.95492,68.887314,98.6637,56.62688,80.47789,59.48926,72.458405,98.30609,52.374115,70.56096,77.30958,159.16504,92.73599,76.86826,94.445335,108.01451,86.49447,75.60491,64.26129,98.80654,94.768654,120.41514,40.379925,112.86693,47.5329
80.952194,72.08456,102.611534,98.44756,92.57722,116.3535,78.748955,85.8756,59.114315,45.043114,34.217293,77.307465,69.58575,102.74789,61.84504,80.6085,33.50117,63.79435,79.07074,21.005339,68.06985,107.95261,138.59686,81.78665,76.34909,116.375374,110.77712,70.40725,80.2786,55.934223,66.65043,87.82365,97.112625,71.21301,113.49809,49.21859
109.69206,67.582664,88.47677,95.82206,97.1542,68.586975,86.20233,95.85353,58.685303,65.976685,20.943035,66.13588,80.825066,110.25399,49.838184,54.400726,30.372095,46.684418,71.37811,73.09495,65.533455,110.851906,133.73134,87.631905,78.680664,156.66054,124.88448,83.79284,62.188107,36.4088,13.417673,84.48305,86.53809,57.893623,137.29292,30.18409
124.08281,66.87203,66.626816,83.84545,83.87724,75.083374,80.51978,95.233315,79.398735,91.90973,65.91615,86.65501,105.38371,87.565056,64.919716,71.35056,86.54638,50.854656,64.598175,77.99184,62.743008,105.4072,118.9699,81.301414,68.26509,119.533485,126.4006,128.1655,49.316513,32.33666,27.540863,95.950165,82.79658,65.33641,135.55241,21.553259
86.26404,62.41542,60.343025,82.970345,96.69489,95.3563,96.88447,89.41107,87.08435,94.98842,116.21584,91.52539,101.67124,100.198135,77.774994,79.34465,78.80084,61.854645,54.87458,78.95321,79.970276,86.13167,101.216286,65.72327,70.862114,132.1616,124.41266,137.08647,26.034088,41.972214,38.119095,131.14798,104.5751,64.85051,127.33856,31.21755
68.242966,88.735634,63.68605,91.776825,102.08276,79.4799,106.04542,89.52327,108.88922,86.84828,117.945305,88.84954,110.78979,109.732544,74.156815,107.44784,84.92313,87.72133,14.705708,72.157455,98.125,81.32948,99.092896,69.0291,76.77846,126.0324,119.17358,112.38049,51.9393,-4.917988,41.723442,129.34013,91.86472,60.00284,135.08368,43.85214
82.80155,90.056725,51.607048,97.742485,97.12097,80.845085,106.66305,89.493416,98.20469,90.15426,125.062325,93.86333,123.55804,92.06041,75.87891,89.909325,88.47612,83.54188,32.962467,91.958,116.546616,84.16702,96.75577,70.47261,68.04473,91.20556,120.53707,83.32785,39.78984,33.223293,69.65608,75.21181,108.11078,41.09064,134.42337,45.946163
89.40135,85.602196,76.85087,82.33304,91.56589,88.5461,87.36164,95.8861,102.5801,104.256,125.73638,100.758835,129.84872,111.55042,75.8885,101.08169,94.98957,78.58338,43.968613,85.0302,128.2501,112.537445,95.960556,29.830013,59.23728,64.85219,98.422646,58.49595,28.922203,45.468002,76.91813,34.32627,87.09792,40.840134,134.8108,47.38853
76.7325,87.69657,98.31928,101.465164,89.335884,82.55753,64.768265,98.705734,108.090744,99.45039,131.66068,104.613014,119.486015,114.93212,80.704414,69.38937,78.00536,78.956955,58.672615,98.99057,137.37376,124.548965,85.51203,18.616879,72.752754,49.947914,91.46149,45.87659,41.490192,44.030876,71.56727,23.511719,87.93018,49.895973,80.58659,43.729904
76.17659,92.05633,142.59776,100.65594,91.67756,74.97074,98.52638,88.873,105.83776,96.06046,143.10742,58.47863,127.48755,89.94623,73.55835,87.58239,77.281654,92.8268,77.88121,116.49521,145.93219,123.28031,72.97453,11.835946,81.89616,72.82295,78.30472,46.675243,46.31493,46.102955,55.279736,11.553036,88.246574,88.09034,96.97604,40.70236
84.40312,82.602036,153.15768,119.31598,94.43762,110.485405,123.89566,84.213524,116.969955,106.97984,153.22557,86.05191,106.22744,99.82282,97.70218,105.27736,93.802,100.71076,75.707245,81.76386,170.08392,101.20465,89.28313,36.90981,92.310936,57.757004,76.12319,61.66387,60.143425,59.459846,37.753986,19.148857,97.68889,125.59967,69.63225,43.159763
89.47798,109.7795,149.35698,123.63878,88.69582,113.30751,112.06537,111.95626,75.03308,108.321724,159.0633,92.074066,96.62441,111.111374,85.97077,111.27465,94.11134,107.692795,92.450615,107.421616,162.4778,103.830826,120.2511,22.637619,107.68775,59.727715,61.88997,55.918297,51.857143,72.761154,22.61808,30.019875,92.995514,162.19667,74.388306,1.3013611
91.265915,106.41778,147.27827,122.171455,89.50828,76.50493,121.08143,103.13547,75.48077,98.71085,124.79459,106.816696,125.255875,113.887146,100.26951,78.202324,79.89098,113.86145,122.006256,104.159546,162.4332,83.93164,167.86737,23.829594,104.608025,89.73574,73.91871,64.84069,40.919724,92.25823,12.176449,30.76586,123.40743,116.92549,69.16966,19.070293
106.86983,103.20683,149.60591,132.70137,100.69393,101.34642,136.87161,102.09405,86.38239,101.21624,122.31127,112.63457,81.724655,95.45166,94.17327,85.17933,53.32754,109.317276,141.40588,92.52407,172.6483,115.34991,201.71301,19.444176,88.48013,132.53151,89.73452,79.81447,41.95707,117.791824,17.027348,66.47446,143.24144,93.04343,65.35509,41.8397
105.32685,122.32868,151.4089,135.87819,95.19665,113.25034,101.694046,94.28289,77.80988,97.069,127.25348,83.079155,106.61124,80.47337,85.35977,87.85979,46.741955,116.07529,130.59198,94.02206,177.65361,111.58362,167.72453,21.483479,82.614624,151.46371,106.59528,85.69074,41.561646,121.07638,42.96203,65.16054,126.23303,107.18189,50.74405,52.91274
94.20008,123.17396,134.62805,125.35164,93.89433,120.7193,103.14885,94.645096,84.49595,105.33656,137.38033,91.58989,81.278564,91.01925,66.76194,89.052025,80.36043,111.00016,128.76714,96.98806,165.03406,111.20222,118.7392,29.357887,81.505394,126.65431,113.81746,98.541626,27.003483,131.8718,37.617172,97.11339,133.13618,102.16784,50.762,56.439735
91.849884,129.76273,155.67438,115.18822,104.028984,115.63834,116.6481,92.3963,90.7175,84.70812,128.19588,86.7724,95.29047,93.81054,84.54017,82.35267,95.03521,116.04878,111.441864,100.51651,160.82788,95.58304,93.381004,31.419712,99.83522,132.32797,122.392746,107.78265,51.466343,121.25311,40.870388,132.84033,109.86138,119.826,68.1726,56.91601
101.80019,131.81792,172.50917,112.28151,91.568184,133.52533,107.84057,102.5507,79.24012,76.58588,130.90189,86.44548,101.272194,98.26317,113.19096,92.564255,101.705605,130.12733,115.66695,102.54715,168.9183,93.008736,89.855286,26.26862,94.7614,132.36974,121.812935,99.65663,52.974743,111.24196,57.86536,120.261,107.158325,116.25281,63.563553,61.700794
98.648544,142.78651,188.94002,114.44121,83.76111,136.40298,108.970184,117.188,96.432175,99.54206,133.6619,81.28824,100.318504,94.23787,116.48854,84.24597,104.55773,126.826935,116.90189,82.69233,178.97493,81.17827,111.58843,23.454939,105.60747,98.62877,132.45966,110.91777,81.653366,110.46854,73.11861,120.87648,120.90415,133.28143,45.589996,63.11
97.2116,124.76385,151.33363,121.822464,94.88894,117.14067,101.99175,118.71286,81.08711,107.17414,145.59602,41.76769,100.88211,106.299065,122.12405,90.52089,124.721985,134.05698,121.14465,71.44354,158.5257,90.77159,105.194786,31.210718,106.19083,82.83595,132.84354,119.48523,109.07523,63.80542,91.88694,127.47707,137.19577,144.96596,109.82642,69.52133
75.07831,101.97105,134.70888,117.19295,107.987465,116.3955,115.43916,125.110146,82.73172,102.43692,120.94556,77.302704,117.89794,91.60963,127.54478,63.931297,122.30128,92.244,112.79933,83.817406,146.11061,87.96643,117.65087,14.034899,117.72917,91.620255,142.81215,119.58943,109.721825,82.95348,89.134575,129.17471,146.06238,108.27922,124.17434,79.25727
92.545616,113.156204,143.55789,104.861435,84.622986,75.51935,130.14992,119.75585,103.10733,88.82214,110.37381,54.701298,109.558754,84.94112,120.4052,96.31823,116.543396,102.09334,105.0824,67.46777,138.63293,104.49493,133.94572,20.88628,111.36754,89.72581,135.4021,117.2631,86.525085,87.596565,89.150764,98.85243,123.72563,84.77486,121.52147,83.519844
110.10389,67.12556,126.04673,85.90344,85.17384,95.22601,120.507454,112.239044,100.93779,103.10057,133.74664,80.33024,95.390656,80.786385,105.98386,112.91965,105.888115,98.59259,99.71014,92.79329,144.91148,92.020454,127.55006,35.162395,120.763985,106.924194,151.82793,106.36134,86.96707,80.93804,111.32192,114.04145,111.051994,103.558784,119.68466,83.27454
89.85651,80.67008,159.9536,90.96623,100.99128,74.64821,112.4691,136.51318,105.60523,92.48372,146.44537,92.615974,74.32372,88.528206,119.34374,124.908035,97.53585,94.621864,123.93379,83.50435,129.28806,74.841965,111.89082,41.71526,114.676285,97.21252,148.30548,107.89909,111.44541,96.75313,96.05792,90.96886,96.56854,122.99534,144.32324,79.3334
82.22562,108.657875,146.7966,116.22249,113.02242,80.232666,105.513596,131.4935,87.50359,103.495346,147.9626,81.78752,80.15841,101.11729,124.996994,128.54851,99.20208,108.360916,108.23472,97.49597,115.57598,84.88835,141.5394,34.015232,119.02243,106.54278,149.20065,112.93961,113.345276,46.019936,91.97616,113.33974,67.20613,137.7338,139.7411,90.53254
119.39528,105.32419,121.400795,127.28168,103.309044,94.82829,106.73894,129.3979,79.69815,114.121895,145.593,88.97609,86.03858,99.21236,138.68198,121.88401,89.913086,120.277214,123.29535,90.515366,122.42264,76.276726,142.69792,36.332497,120.82104,106.47399,150.85822,113.85013,67.11629,59.513794,72.50481,111.85737,62.716747,143.14323,136.29346,84.52047
124.57504,124.32949,107.72823,96.27231,92.07497,114.83528,97.99467,122.7907,73.172165,96.832344,133.8827,88.19963,81.83614,97.837135,116.64771,120.34977,96.62486,123.54426,117.976074,62.406166,125.89252,85.81983,132.97409,151.07338,120.27954,100.21675,147.14778,109.96471,44.44545,43.509663,69.31688,130.79324,77.33245,121.13436,136.75447,76.5154
108.17732,133.06226,88.77561,92.216225,85.76498,99.85901,103.74735,115.18048,55.91414,67.023865,112.80688,83.69396,87.47339,94.82181,89.24017,116.75256,100.87388,113.25699,54.9276,81.54316,114.49308,94.85674,112.49516,139.75684,106.24731,99.56288,126.39074,109.47638,54.99485,40.83516,66.27007,97.81346,59.792137,107.87246,116.817375,72.199875
104.15776,111.66226,75.94201,88.15963,50.14872,114.66347,114.362724,96.14083,82.8894,69.80175,87.15931,88.16518,93.677086,91.32267,96.90985,91.33559,75.88788,107.7536,51.08634,66.101616,104.14637,88.82837,113.694275,120.74161,105.04842,96.24871,91.07979,78.6055,58.483486,47.017193,64.63832,84.63844,60.379684,126.9143,83.18294,63.109207
81.59099,107.54665,83.72561,90.58813,33.900036,80.603775,125.405975,92.62404,92.424034,80.9405,79.738205,96.93456,102.18877,82.81004,68.60695,80.621796,79.6873,98.43118,60.854088,93.64711,93.79123,88.15482,125.42264,113.2292,98.19646,94.213486,95.522804,74.512695,68.011444,55.198166,63.71724,84.65874,79.07944,158.60709,42.54291,71.385925
89.89903,74.11779,84.83806,72.88665,48.24839,51.211582,90.511116,74.5785,72.54815,96.44327,94.82922,91.7738,114.009575,89.62064,77.231766,83.03278,87.017975,94.10899,90.103836,89.73343,99.23505,78.63905,119.20475,81.01193,85.88149,102.12242,99.799126,70.32023,50.807926,39.495224,70.45994,69.75101,81.76538,149.12488,34.046818,61.994366
82.07266,75.87307,74.31168,102.13231,48.40092,79.59845,88.436325,79.06308,66.399956,91.364136,82.913956,83.15192,100.84511,95.3933,93.24288,107.69728,84.9329,100.55276,125.9786,96.58991,88.65721,87.2228,114.50427,76.78226,81.80955,103.45071,112.001785,76.460175,56.955017,45.029232,76.86892,72.95528,99.42683,94.767914,42.066467,64.502304
75.76777,82.295235,64.97259,97.07439,26.114397,103.10826,102.686584,93.20321,94.56828,89.329414,73.46703,83.24698,119.14237,89.06693,73.76463,85.74991,74.62436,103.40859,120.11861,78.25022,88.79768,68.163925,119.33232,74.97117,85.22667,114.54034,120.05686,60.187378,70.133194,36.929935,59.406925,80.92268,101.69436,75.38107,30.256859,64.6228
81.03925,62.382652,52.739323,77.86007,50.85338,82.83618,107.88902,88.54745,71.4158,85.07497,88.143906,89.81997,102.01792,102.98185,80.342186,78.91499,90.408775,110.84382,115.591484,100.84993,111.30537,75.35134,116.1964,98.16804,73.4586,110.36743,138.34558,70.02048,77.03076,25.361057,47.788086,86.63452,95.53795,55.618057,29.080805,62.414406
78.01744,50.695,59.701958,56.515354,67.28645,92.30922,112.23215,66.03811,74.61136,88.77568,78.09819,96.932205,121.987724,96.25139,77.0698,81.07953,87.45831,114.357475,107.81225,78.80882,89.43521,58.97165,119.26512,71.08361,54.813843,118.3983,129.3511,95.53391,61.1481,26.154299,29.360096,80.347305,61.955444,51.683952,26.370487,60.16127
62.16589,68.163315,49.88817,70.909256,71.153824,90.02603,128.3668,82.28733,69.51008,63.599735,72.342926,102.83829,105.677216,101.826065,67.87776,87.28112,100.43363,80.466866,100.15645,80.55259,83.75796,91.63365,112.912254,66.22737,56.15632,98.66814,119.844086,108.65547,45.397614,32.99475,24.025845,94.38733,81.41438,50.26436,33.55355,61.933426
38.58455,59.58036,47.804634,81.73813,57.976677,89.81833,97.49311,95.26361,88.19013,69.95162,66.63715,75.46342,100.6691,107.44078,67.00242,73.39642,84.90277,78.096054,85.788025,126.80165,75.210175,99.608215,92.75989,62.60034,48.455685,92.45196,136.1401,104.61635,36.66979,44.434036,36.252617,73.514946,97.324234,37.694244,45.764553,54.856636
65.49054,49.765564,60.992275,52.566284,21.606602,75.282585,90.32026,98.64152,90.910965,86.5607,65.37563,90.29333,110.146355,95.84758,68.68357,70.30968,67.0678,80.05828,84.09593,93.597984,92.64187,98.21219,92.466194,57.864773,49.69256,99.69532,137.24911,98.261055,-12.238983,65.023415,42.9993,94.98942,79.78195,43.07489,57.795643,60.194794
101.48401,39.716682,66.62152,50.951637,32.24539,101.3858,102.46568,89.2958,64.474144,114.72819,76.70238,99.51998,115.68228,76.025986,67.47559,67.69418,61.633434,82.704666,72.19139,79.512115,97.46928,101.35689,86.21713,71.01874,76.06932,86.512375,127.63936,98.01273,28.835922,89.89597,54.73565,105.90361,64.4476,104.33917,70.57582,50.385254
100.72342,60.521534,66.40497,52.93742,54.232635,102.32262,67.88166,72.72822,70.604485,99.25175,57.1413,102.438576,110.45608,93.66472,88.22882,63.47673,57.00138,92.82381,85.59025,113.24439,86.651886,96.18906,93.67597,72.49013,53.360428,63.916553,123.80214,95.97301,38.51877,39.84479,87.926414,101.20341,58.532635,120.95181,16.52602,37.19638
79.43267,62.075573,77.01185,55.685555,71.848724,110.35239,88.6318,64.42917,96.94573,94.75123,55.20157,99.90686,115.45007,85.93627,89.12655,69.18865,46.993717,79.219215,78.10164,86.462875,82.51383,80.34929,89.83099,41.50697,50.240406,55.942722,118.75216,100.464714,62.61108,38.422977,71.4947,106.1201,78.12923,150.26968,8.901028,57.552998
58.020214,55.69908,69.16275,57.120754,90.17857,100.24394,82.46193,84.190865,70.399216,111.075455,87.12391,117.55063,102.76055,80.52181,85.54769,85.45373,63.98931,75.83411,95.59589,92.85897,96.91457,97.45822,88.94782,35.052383,58.485817,78.584366,133.0372,88.39593,22.601816,37.504364,68.97409,100.61623,78.38937,120.49881,30.651531,22.307491
41.768574,76.092545,76.69415,54.79105,126.92141,91.05685,59.072914,81.00549,91.01381,81.20323,63.86841,89.9672,155.9899,86.94842,90.17684,73.30576,48.568836,84.501595,105.22703,72.55823,98.01369,87.34257,68.991005,34.238987,58.151363,101.09285,137.06464,82.7516,28.330477,24.571733,55.832073,89.81206,71.94686,107.19812,39.828583,39.99612
45.7168,67.502785,106.431595,76.85965,120.32083,79.08891,74.80757,82.54696,90.395386,91.95099,85.29732,117.51701,124.835075,84.80252,104.82319,82.587685,69.62858,104.80861,107.50709,125.88371,91.39895,101.61864,66.88517,39.059555,64.60237,88.34718,138.97925,77.41683,38.208214,29.920444,62.010864,110.36948,75.04349,85.64493,37.241745,61.389893
46.016125,82.56284,134.74046,91.52892,135.51445,90.0123,88.5846,100.88449,75.96738,90.563126,93.978836,136.27422,132.0497,89.81963,107.773575,104.79905,80.79246,113.92735,96.52854,123.83482,107.973145,117.79369,86.084145,28.845392,63.4824,92.65751,144.14336,65.116875,32.088135,35.667244,67.355774,129.56659,83.11712,72.813126,34.60413,67.49834
56.43192,91.237076,135.7146,106.91694,111.1611,94.36856,85.483,106.59817,101.9862,91.5097,70.791435,126.41994,103.84347,97.73375,115.26086,107.27423,101.60013,77.4214,93.3921,90.64896,116.56888,134.37128,80.37033,25.784185,78.093796,78.08075,120.26781,55.378506,37.069393,33.838985,63.629845,99.67703,100.91841,66.05615,40.09915,78.70462
93.5336,108.4897,101.312195,83.507034,84.57258,55.9276,105.79788,118.671364,87.900764,103.33185,102.59013,112.683586,125.71077,100.24194,71.54755,103.303986,120.00813,72.327446,72.88656,90.86706,133.11151,155.24,104.553085,56.964584,98.60362,70.551926,115.79051,70.757866,54.808586,34.45029,73.66123,105.48671,96.43335,66.36388,49.850475,94.67824
68.94129,58.245388,76.100655,88.87166,71.10709,94.12707,137.10916,74.31055,92.23347,86.370056,97.40197,140.36568,129.33228,98.67344,98.921326,95.82845,118.72856,73.113106,72.658806,102.92454,121.11681,153.76984,124.59822,70.58978,81.22559,68.15383,116.92375,67.47917,43.2965,26.708332,65.44929,81.88646,94.130806,59.288254,-2.3075638,85.993774
69.96021,70.21202,57.448616,63.233994,52.860332,97.10414,129.11783,84.37675,105.261024,72.16274,107.39288,119.106964,137.2382,95.09472,115.646835,77.15858,123.918175,87.275345,62.10989,104.55336,117.155464,154.213,129.26154,74.21188,61.829716,80.93649,119.805046,68.220314,65.62,24.452648,66.92644,83.123405,84.11511,81.78888,23.458172,72.419266
45.827915,65.61523,58.58048,69.99945,60.572033,105.38657,128.95512,100.28362,94.21715,72.81326,105.76769,128.20358,130.41835,91.05019,147.58864,89.009476,111.529854,91.90544,71.901825,104.01132,123.841324,138.82944,93.16298,90.49023,71.15457,99.565025,116.83272,53.157387,62.67192,23.631186,54.15256,97.84166,88.27244,75.53335,32.93821,71.20775
30.035206,79.30893,65.461395,70.92267,62.125896,101.570435,154.05954,112.72324,83.54451,93.947655,110.69709,115.63655,128.39659,91.46633,104.51839,110.20758,127.10898,83.12657,56.688393,133.03796,139.32768,133.24297,88.16066,85.92585,64.750534,112.95006,112.65397,66.52802,52.79684,31.158077,60.18882,77.698944,79.15733,64.83047,30.090528,83.28442
31.358711,87.67696,50.784504,106.38575,75.136566,98.313705,127.61995,117.367546,100.65829,100.594,107.01404,120.86566,123.65985,91.26703,123.84729,108.17105,143.83551,87.569954,67.97655,117.99541,130.3597,148.83463,81.77911,75.50098,60.243404,99.76801,127.03307,67.721176,42.40598,44.80154,57.712257,75.94677,74.05328,67.370995,34.07802,108.23486
92.19235,83.03094,17.076378,94.69754,90.835434,113.43584,123.630554,131.55806,94.20003,96.2167,137.56964,116.66891,130.43787,94.73768,114.69172,112.90967,137.09103,80.22735,76.44019,115.77485,141.86378,129.92418,81.50981,101.59464,68.117744,96.122215,116.32283,56.192955,31.438835,25.280071,55.870853,78.44079,76.56315,67.41652,30.919073,124.01429
33.039085,53.33279,58.78521,80.3901,61.393143,95.40825,128.36101,118.6042,102.11712,107.01809,123.03221,113.794815,120.67152,100.806244,127.76944,118.80297,122.14395,80.92659,92.11452,122.74959,126.38991,135.44672,92.72233,98.825554,59.524208,98.62201,115.03201,66.308205,42.561165,26.270626,52.732807,62.878826,80.136444,49.531548,42.122955,115.33282
42.14489,55.159405,73.06734,80.1619,77.90595,111.06738,107.12476,126.43297,115.843925,108.16976,122.061615,101.89627,108.489685,114.01921,103.467575,116.20312,113.88602,65.71451,97.129425,115.81912,103.469826,165.56296,91.2717,84.18695,63.517525,82.910286,134.51855,77.66084,50.1053,36.54177,42.597843,69.95866,91.727776,50.643715,48.118435,118.59106
24.626022,68.73978,74.76999,93.75405,90.54908,60.94856,135.41878,120.37185,116.676704,118.78331,118.48736,73.01679,108.78436,117.05885,93.00894,83.5445,118.429726,73.45824,112.169754,84.05835,124.433876,169.28897,95.301384,74.47616,70.66454,96.9296,144.54674,87.102165,39.774418,34.367935,43.926384,57.48266,114.469345,51.72892,63.262413,109.66697
33.29894,57.16112,66.06676,62.17228,126.26792,44.623985,140.04541,99.753746,108.71312,111.55935,132.3766,90.909584,62.96165,90.9524,100.27359,95.91361,118.218254,75.21693,94.45039,93.950745,104.111336,156.85121,120.67692,74.28701,79.96899,157.1379,141.34729,87.27431,31.00205,32.58042,45.92665,84.12155,105.3114,27.858921,65.99435,82.21285
52.759293,48.663082,62.112526,50.837933,132.73967,52.697536,136.16325,86.1148,106.53059,90.947975,126.59979,56.129185,74.28895,89.70097,113.77401,113.24103,108.43171,86.010994,71.03367,81.78311,98.28988,138.9847,161.5302,78.09107,84.04903,145.28499,138.29869,114.94461,56.42359,35.16075,51.08224,84.77799,89.739944,41.60062,49.275337,63.503696
68.809,19.923677,54.780685,60.753765,113.052155,84.54286,133.64737,110.6705,94.64009,97.82636,116.17166,47.66581,26.465557,88.072655,115.392525,114.57182,92.39729,74.9384,70.60662,89.040245,92.47145,114.40072,167.69711,87.47939,67.704124,131.92506,147.69714,109.60049,62.188065,34.330517,35.3963,99.829834,86.91583,42.686687,40.689682,45.682087
54.583424,8.634954,59.332985,30.579248,95.9176,76.01471,81.53625,123.69798,89.232254,112.16832,110.65678,23.069668,22.879963,70.6274,103.15521,112.44601,105.88156,70.01508,66.69124,71.22073,74.61028,71.65771,160.8455,81.07293,66.17171,96.79945,150.92651,99.62421,62.13125,22.150404,37.214397,116.22826,88.96444,53.787415,19.710567,23.572323
56.977135,36.219704,51.20582,45.142883,96.42627,43.185482,48.429943,99.61383,68.465385,89.879,95.80552,5.6143827,42.71913,71.0198,99.99087,91.073044,98.32599,42.760834,66.93133,71.53512,60.883698,73.16948,127.01357,58.67121,66.46544,78.913216,144.01369,100.820244,52.4254,21.468773,39.37602,101.00924,80.79706,80.27956,19.995634,16.060246
60.49243,35.5623,52.727962,53.664665,111.90639,56.760582,63.62369,61.086998,52.827564,81.32634,79.59079,19.517122,36.878693,73.993,83.36761,79.56224,76.39729,50.204998,71.58681,82.27355,35.483345,64.46266,75.53808,58.91568,46.362694,76.71177,136.06982,96.02081,61.64511,23.787909,44.841072,87.23825,67.87188,142.25949,28.373554,54.0808
68.17935,30.672855,60.611988,72.616394,88.4614,42.990402,62.40139,54.798653,58.45439,82.852036,53.776688,2.3466625,42.543575,61.308388,35.015125,82.05073,96.35162,59.681526,78.22266,61.040184,30.317863,57.216236,64.60394,6.789917,32.71542,81.09988,129.56328,87.530365,60.677498,37.099056,40.885868,61.03898,66.49718,144.08876,33.43347,104.753845
65.76665,42.302032,54.96186,73.13508,88.99157,51.61187,40.625797,51.611275,43.334087,66.53787,66.84334,32.960133,43.90913,58.945507,34.880035,89.65702,78.76003,59.35889,74.2146,27.779482,24.693642,51.13854,96.70097,-22.974003,28.722437,85.07274,114.324135,118.14473,55.85353,40.84096,48.23546,76.83082,63.37506,89.02227,50.92743,126.18823
99.876175,41.178497,42.384327,72.17946,79.164345,21.776804,42.88857,65.563385,36.935017,59.648674,56.715786,28.016762,31.368156,73.324326,30.400272,70.51268,41.280373,71.33113,85.70645,34.33079,26.307552,47.351894,108.03741,8.401321,38.758778,86.77225,109.900696,81.956924,72.39444,40.553604,65.385994,104.36906,65.316086,39.369125,55.726387,101.00823
69.646576,24.289402,61.849197,67.66562,68.88693,33.746304,61.293304,40.72992,36.29888,42.848255,57.02126,49.90906,43.084213,50.900944,43.784138,65.04575,13.024995,58.085163,63.78631,4.7943687,39.826897,49.793877,98.017654,-1.1085653,41.43185,65.85969,30.40015,62.88466,62.961952,45.05562,69.44841,93.91802,60.726967,37.02939,69.74036,142.0499
48.41956,25.717958,85.515594,69.80289,73.402565,52.323746,67.59252,44.471817,29.041252,52.98602,56.061806,49.19806,-0.11523819,61.752083,29.513512,50.034595,19.95741,44.916714,42.829803,30.631638,22.926952,69.28436,92.59147,29.560575,51.717575,66.63893,13.258634,47.819,61.298485,12.1281395,88.29303,60.9134,58.85632,91.40679,77.69069,145.83398
38.813747,47.984627,103.7708,69.16453,71.67618,54.97453,74.767,51.966568,52.250755,48.4037,47.5027,47.39823,30.660645,51.340927,55.539986,54.10891,17.763412,44.67708,42.029278,20.710567,30.802132,75.7531,67.46394,29.853897,50.25603,59.178085,26.937727,50.223743,34.70472,7.202894,85.28601,46.357544,57.923622,101.617065,79.93559,137.4494
78.93846,52.425323,100.57913,84.8424,86.70679,53.198467,64.55246,68.223076,32.853626,62.307213,51.414936,56.964977,15.143301,68.00398,66.89198,57.7603,38.14074,54.799255,74.116875,53.880295,41.951843,47.328438,43.7228,25.13913,58.53655,61.90669,48.851303,45.552414,33.57669,21.84042,77.16899,38.15573,41.61064,80.74714,82.412224,121.69661
78.45318,61.351032,60.976135,81.637764,73.567444,37.55864,74.3758,61.94384,48.291004,39.016617,62.260475,49.580387,39.690037,55.789814,48.6247,73.07944,44.760303,48.483173,79.71663,53.530266,26.722418,23.433153,37.690758,14.428147,74.40192,97.93443,55.858208,42.77265,65.50241,27.028694,47.120285,46.69537,49.22602,61.11489,76.1104,124.53361
73.69656,40.51403,48.667313,71.97775,45.448723,63.677616,26.791403,45.880867,51.94961,54.11053,77.95294,64.83929,34.293915,60.848625,53.313957,65.628265,33.194466,61.2283,68.744995,87.58673,23.804935,47.789173,39.737965,24.319317,56.177055,80.89502,20.628653,31.433796,51.440422,35.270145,41.268738,41.383717,70.66734,58.075836,85.626175,110.75926
63.035633,28.265484,49.98653,50.13035,37.47094,37.109863,41.569317,41.30549,64.13121,62.862015,78.47159,50.147858,3.1399097,64.6481,66.74196,76.37753,79.29825,74.37912,83.2521,55.12255,52.609207,50.608418,55.6547,18.626465,44.370193,74.4482,49.243816,34.386024,62.542355,34.037857,63.600677,28.473022,80.134125,51.62126,76.62274,117.02157
43.62235,19.243788,34.28964,62.738506,44.474724,0.7132721,48.15419,55.406654,57.05551,38.08146,78.91794,38.352455,27.745108,37.183468,59.440487,89.82013,65.268906,41.187466,71.61806,37.34555,47.785065,40.346832,65.36198,12.085099,16.414522,70.58991,57.43577,32.11708,69.739,32.483513,68.76195,18.88829,73.943054,48.94019,80.89743,103.74524
44.653572,40.23632,22.244114,34.779617,61.676918,20.184835,48.09384,50.939774,59.370895,34.334293,62.905502,51.353996,36.124207,58.62421,55.031654,81.77741,59.23587,40.189053,67.711685,39.38086,43.4784,56.35018,7.386078,8.375541,24.755095,56.452904,62.821087,22.232079,54.56472,38.672546,68.21712,26.700863,58.73675,24.694029,101.80019,101.39891
33.1143,34.161953,34.85434,47.156044,44.655655,4.2029343,48.58621,35.601395,40.732708,58.1308,73.73764,43.462376,51.784275,73.68988,64.930244,73.53722,71.247856,40.832287,55.095306,49.48867,35.52374,48.26991,21.581144,25.559929,47.618416,40.230793,60.594986,31.549618,56.4286,29.720716,31.387346,-5.1035995,51.593636,9.754812,91.61632,97.503815
37.523666,25.186073,70.97295,37.782436,50.85391,20.047955,44.84485,56.23471,21.710443,45.696793,72.993645,41.541023,52.54042,46.452507,64.087204,55.891216,70.596664,39.06088,45.104877,38.96372,36.184456,51.11667,56.367855,37.13409,50.300163,9.869844,58.13702,8.366086,40.717106,23.260914,23.864264,9.581992,40.572216,10.905661,59.118587,116.554565
43.791653,43.00552,88.562096,90.70774,70.83847,51.4726,54.058994,51.225193,40.801514,46.97413,35.67881,39.03929,23.412767,58.302418,63.672478,28.131672,59.66982,45.078304,58.319496,28.679937,33.002453,51.56329,54.391167,28.063898,60.080204,2.7871513,56.51955,12.885011,50.58,22.8151,14.804802,-6.071212,40.331257,57.122215,54.716003,94.699486
62.56672,57.295883,39.53576,81.41552,60.339905,42.767433,62.336246,72.45119,31.260025,37.268772,25.308735,22.81224,1.446928,57.36179,60.380913,46.862934,61.400375,48.066467,113.36565,12.866289,36.826077,41.658432,61.61029,31.128479,89.808136,40.328636,63.518654,-7.516611,61.17153,1.9616508,15.573029,10.680901,55.747314,85.4689,55.54174,75.52996
48.032272,45.01481,8.734947,68.42908,43.205173,42.845737,55.46362,52.449505,40.745792,36.02701,17.583826,-1.2085571,28.088322,49.204433,75.04146,42.90775,33.654354,57.34973,115.741,38.39497,19.973284,24.436863,66.37594,25.856953,66.171684,39.680004,23.824574,14.3007765,35.039413,17.891417,9.813557,13.677824,38.28283,82.16223,62.531883,38.964043
22.490267,24.197844,37.027252,36.275764,30.993137,39.98356,67.73113,52.36762,57.23311,42.879326,27.580366,54.75461,43.58331,53.626225,59.646194,52.222195,54.973423,77.88585,125.398026,23.135904,-1.4163742,32.97913,56.955647,30.104462,39.60621,46.546597,11.474569,23.174158,29.869083,9.603158,9.230841,4.3210545,46.464584,112.44092,66.9781,52.219177
-0.34041786,23.937092,25.539356,74.286285,38.77645,41.774857,78.344635,57.338066,66.191895,72.49481,42.00885,60.072884,62.31728,74.4999,57.639183,61.827553,62.588486,85.30538,124.380325,63.347668,35.481144,40.68831,49.12725,18.712536,31.466366,53.9945,28.428505,19.70801,1.8557835,17.612604,9.207733,2.3142524,47.786415,98.28005,68.97189,29.301949
30.341473,24.58806,57.68483,52.15596,34.39929,60.770382,86.12347,59.673637,74.93334,75.0351,53.07094,44.47575,72.048454,74.0629,35.499763,30.559647,73.44016,103.13482,112.84013,8.281788,59.876534,34.45401,42.38863,32.37663,26.186005,47.31545,29.226797,1.1531391,5.5929623,7.261071,3.2605534,8.616749,36.740482,124.45979,116.76553,12.46516
29.884361,32.57877,40.97605,53.41706,67.80273,79.5455,88.93837,73.443756,66.03959,69.10039,44.45104,68.48097,52.1929,65.66558,31.566544,62.690834,61.60791,80.10651,113.68582,55.600033,80.19355,63.81559,33.107094,50.897038,35.026608,33.121002,29.150328,8.228559,9.568123,0.69642067,0.6736126,-23.69747,17.006163,80.79831,103.07663,15.731184
41.91534,13.582928,48.957085,67.82951,77.22152,17.070862,92.7431,82.936295,71.73959,88.14598,51.72608,66.654526,67.96219,73.40226,30.746267,64.7919,64.66119,44.067,86.74035,53.47224,67.70609,55.654556,36.378666,32.24006,36.61768,21.789272,22.13385,-1.4157553,21.037758,-6.5355206,3.580389,4.642752,16.395699,55.319878,80.674095,25.130713
41.373177,7.907384,44.690636,56.93766,94.72146,35.139526,81.656006,90.137924,49.926514,75.18882,31.595013,61.023853,80.7994,97.10444,27.149519,68.608376,51.0354,40.442997,78.81709,67.14755,71.87652,55.823986,43.851017,43.667065,39.93,16.879356,34.884487,-1.2817078,37.430786,7.2182474,15.625007,5.548795,16.217854,69.1769,80.29634,29.078794
24.869652,-4.8219433,52.37334,52.624493,92.152115,45.209423,66.49779,69.73091,75.32898,71.62604,34.024544,60.510475,83.68536,92.38296,26.76387,58.07672,58.422188,44.41416,118.64548,90.01456,74.82181,63.360996,52.64424,70.75492,37.58167,20.819826,5.4130154,15.994977,26.259361,13.873207,-0.2953663,-10.909787,21.628628,97.92386,90.76445,48.95809
37.749557,2.0543919,33.69548,65.305016,87.84941,59.501125,38.703144,67.94808,68.5974,74.02259,50.34019,104.24505,83.618286,80.89462,18.908072,72.08182,34.16501,67.47711,110.34189,93.681335,67.00987,68.57485,117.35216,61.710308,39.517704,10.356131,21.031103,4.8320093,16.22355,10.1382265,6.7158227,4.005623,18.049969,124.49312,86.33256,93.58179
53.35183,6.409437,6.0373,70.92249,72.1646,62.02992,36.885956,69.65535,70.49313,101.45945,78.972984,93.180565,69.80296,86.3117,18.90224,66.63354,59.443344,91.77392,119.635574,102.67479,90.50686,52.242325,127.30617,48.121628,50.661892,9.868582,31.795282,29.1838,10.151482,5.54146,19.313307,26.519135,50.93712,154.21638,111.358795,142.03365
72.17932,-17.252033,15.329286,39.643852,54.605553,75.54188,60.586853,58.55551,66.20565,82.663765,91.808304,69.778656,44.00827,78.676125,26.136314,58.330482,80.85637,109.333954,121.2677,84.57004,93.754234,36.43925,108.544556,34.275005,46.25171,16.231709,22.58272,38.318886,9.215386,36.25833,15.982975,47.317593,81.93989,163.46199,116.21468,135.96907
43.95936,-6.270432,31.885244,61.630184,40.24193,66.97793,68.35141,59.057823,32.931137,60.91748,72.57412,81.50476,27.490149,70.19798,7.661583,59.93931,84.29773,128.37909,125.24997,-3.6109734,91.51703,32.0472,92.64956,22.201733,58.78138,45.28996,0.52015877,49.173115,22.917229,46.452816,31.98634,53.499294,77.29027,180.11334,138.05783,127.194145
40.82699,-16.447498,-3.0531578,27.588608,36.860847,64.89947,42.042908,39.132793,18.936623,50.89738,38.38458,64.50846,34.011814,57.778763,12.744886,35.4321,62.81807,107.16025,123.75737,24.976637,57.966568,60.472603,88.852455,33.77759,53.665653,81.91529,25.550276,32.8227,46.340935,46.402016,29.778852,26.51541,101.73566,137.19427,204.02435,114.61874
76.88356,18.936659,52.288555,39.3379,39.10217,37.827538,69.75534,45.922394,42.324394,50.999542,27.295097,69.56796,47.2267,56.363132,30.285774,48.074066,40.617813,81.79651,129.3272,30.593285,66.91593,56.476913,114.06441,28.854172,43.26319,68.51217,50.94032,31.971548,55.04688,61.676155,19.276848,34.339596,95.21661,71.196495,174.9456,121.07829
84.98625,17.557606,53.852028,43.438557,37.118637,69.88114,58.04616,62.999466,47.91775,63.525898,40.289433,67.39522,38.14686,33.45893,32.78352,52.10862,58.369423,81.110725,143.04211,41.726868,64.568115,49.706905,137.88544,27.58928,14.343954,67.323,64.5493,18.227797,47.13076,81.14032,33.949257,43.583126,84.101,87.62622,143.5028,119.49996
54.938538,-9.722121,58.170807,42.672287,46.993244,64.202286,63.060722,70.021515,42.234222,70.11234,51.196762,57.355892,53.14428,51.976696,30.642982,78.94807,50.47009,78.137115,127.52418,37.337242,69.072815,48.21646,170.18492,23.576958,35.305016,93.758705,76.22931,52.277626,42.520973,97.08414,45.31618,51.70182,85.47227,127.21102,129.00006,109.78724
31.319317,5.6016436,59.10443,33.579975,68.021324,55.69827,56.494377,58.67936,45.839508,62.46862,32.17134,85.204315,24.221727,61.765507,37.690308,75.12775,57.799072,80.43709,156.8453,16.98919,72.59058,53.84123,134.76047,18.388252,65.54317,89.66328,62.49954,61.675922,45.128,96.098236,46.896843,54.82907,104.36123,174.41992,142.43404,106.058174
38.475475,6.491395,65.58192,39.233986,72.75245,20.064148,49.647343,67.327034,35.933033,67.63708,48.6848,58.2141,96.7162,62.146423,24.248508,83.295265,55.978493,121.00077,127.46141,10.044912,72.43773,45.923283,157.66011,1.4754925,72.63643,103.4581,66.47995,58.365253,39.098335,82.766,51.531868,78.00525,131.19188,148.56071,149.74258,117.343864
47.904633,19.861538,70.03693,50.259457,70.100685,8.622295,92.49302,59.418045,35.618572,85.25579,55.21719,110.06398,116.34367,64.8859,17.15158,75.53129,53.061787,102.98546,121.44169,63.174168,67.69391,51.950596,156.5704,-9.132462,75.77736,111.6623,74.18445,71.64823,49.750023,73.0451,42.2659,60.437393,139.69121,77.68774,158.04214,151.72331
27.007946,24.90184,87.88459,74.05057,58.847305,72.77229,98.00294,49.409496,50.108246,70.21735,61.4254,133.60156,102.456924,86.468544,57.961304,81.637184,55.02038,112.46183,154.1302,105.66649,68.159775,77.24765,158.65352,22.40635,61.709473,73.9644,63.453545,74.9326,51.11909,79.791756,50.84457,74.79948,126.072235,56.521355,162.3899,145.20045
25.654043,47.923126,104.658646,94.55078,84.935265,75.98054,83.2077,66.80987,68.06129,76.05718,56.88932,124.83188,132.8878,98.73387,89.35187,77.78482,51.43155,98.31821,172.27339,82.84241,80.15922,90.18707,128.4941,30.788074,71.41456,92.98894,60.660988,82.7238,55.189106,89.81804,52.533493,69.94127,104.076126,72.91275,147.02696,137.75111
19.777218,61.06552,112.53565,77.193085,75.10759,107.62344,104.81106,61.156563,57.88766,77.2153,68.823654,119.441444,131.03058,73.89141,81.766136,95.364525,54.452724,94.869934,165.47238,91.49836,95.2468,89.923744,79.17284,48.165928,84.31925,95.7959,53.92048,54.885696,78.66704,50.358578,63.46055,51.426704,101.39259,69.451485,136.17722,132.44835
49.024662,60.160187,137.73277,73.241104,79.64262,110.56407,81.42004,75.12908,86.827156,90.287285,89.53193,128.84137,181.10895,105.50268,101.78563,91.471535,54.11502,98.85476,144.07828,108.61693,95.27751,95.55965,60.292877,58.237617,99.56456,102.473045,46.206646,34.416965,98.32973,34.89776,75.180405,44.93942,114.34357,85.08014,129.37999,135.59848
52.31558,89.85478,148.93254,97.470474,107.313416,115.9145,116.02867,82.00419,120.60604,106.857544,106.211876,137.24574,142.04301,114.618835,110.26883,98.66473,62.980206,97.89553,159.73227,129.0101,108.32049,136.32106,25.694588,68.4625,112.51177,102.35658,54.713715,57.34485,67.747185,27.990128,80.23072,51.398884,120.519394,91.55221,118.246315,181.78888
99.75361,91.967155,146.39401,100.12147,123.746506,129.69743,126.5427,102.813286,124.71085,111.68685,112.107796,134.20258,133.79855,121.20258,108.63264,113.66823,65.46772,98.8533,155.1182,141.35402,116.31089,133.92104,71.36046,83.70592,109.050575,112.621445,102.0744,55.145344,81.75114,32.75174,89.172424,55.819588,108.76155,126.31188,107.984695,156.50826
127.40786,90.3821,107.69357,85.55261,138.87215,131.63235,135.40704,87.94546,136.25037,138.78955,130.91902,86.44568,154.59952,118.04949,99.63868,110.7107,62.72353,107.75936,168.84775,133.87663,125.69414,137.90178,90.89006,77.92662,112.437,116.21294,119.50009,76.8597,64.10181,17.692429,74.28266,61.627567,112.29471,153.30061,83.46531,149.41165
117.95938,80.9407,96.674484,102.432816,160.40065,118.80482,168.88095,89.9444,110.96268,123.891075,149.8544,111.319565,104.729546,125.44962,105.76366,111.69933,93.180466,145.18279,176.40903,122.77211,135.61354,133.46712,97.25411,74.26326,99.22677,114.431656,116.32322,93.58362,-6.448284,24.646227,54.1278,76.67158,109.28535,143.35873,81.529045,171.39236
89.17612,87.270096,87.76074,121.322365,150.24911,42.020535,122.60623,106.16987,135.50302,111.03986,169.6539,112.02199,111.460915,119.06809,74.574326,111.68936,91.94802,129.10085,175.62927,87.56485,122.7561,141.00562,138.54892,49.7715,92.25375,108.955795,144.4957,105.758224,9.494355,30.24593,49.91662,61.087513,89.39255,109.693214,76.27982,142.1874
72.06838,82.90844,99.921234,98.74014,134.2014,98.0815,108.04313,84.78259,117.7548,101.26786,172.4115,115.69185,102.31906,114.651146,59.74051,113.49834,119.225204,106.14355,155.85553,125.65171,117.27603,137.93564,147.61913,39.80333,81.77661,111.351685,139.94052,106.61368,22.385033,50.21162,31.055952,75.15751,114.40112,109.67091,101.74371,103.63786
55.210003,72.481705,109.36198,77.1691,124.9434,105.067444,124.33636,84.77719,132.35805,104.11138,171.52016,119.17473,142.02213,122.469986,88.84933,111.23731,128.43585,97.27019,150.0077,160.49005,122.554985,140.23378,146.47105,24.045141,89.84743,109.37077,169.16554,119.99242,27.738188,56.087147,18.211483,84.35175,124.14366,99.65006,105.51799,116.317535
59.943962,64.05987,146.836,99.32868,118.82147,120.42695,123.281685,109.29071,170.71152,122.60894,173.10776,129.34987,155.4363,127.75042,108.2129,125.76811,128.08823,106.13019,151.30852,152.22656,134.82053,120.85199,142.79793,25.500893,104.18125,126.319626,172.96574,116.031166,22.735132,45.40015,24.475853,115.66244,131.68279,87.00805,115.213104,130.68828
75.14515,98.3152,129.03752,133.79301,123.490105,125.02624,159.19702,138.11032,120.962654,153.98457,183.20453,109.520256,153.35922,149.51143,135.06763,150.81055,147.07755,114.6545,160.13177,157.04335,144.93478,135.16786,143.008,45.541836,102.25602,166.44151,187.2665,120.460495,21.491354,14.006702,40.865112,123.553925,126.15755,79.00037,114.15546,120.98722
101.05302,113.77909,117.60376,120.72678,121.58525,133.45955,134.73611,154.50575,145.20999,157.88002,204.60919,121.23783,171.49725,144.22212,155.40282,149.13062,140.99196,136.66087,139.59113,143.27292,158.08475,149.92728,142.442,50.674202,92.044136,143.33885,183.471,103.53503,32.97876,7.717804,38.117058,119.065704,143.13737,114.96259,101.49824,161.1565
122.1386,104.835785,85.689804,109.78066,132.62947,141.50362,193.35864,126.11862,134.72546,137.7031,198.2692,158.85078,181.9746,135.70432,102.21893,158.4749,134.9469,142.08797,139.23657,108.38936,143.95486,134.85466,140.21388,-17.577747,84.49467,136.47806,204.94565,126.574684,56.469563,20.36105,47.77644,67.26654,135.05194,101.29902,99.18767,145.1979
71.257324,119.7844,113.23896,109.02816,136.39037,134.39467,207.60559,126.958145,135.8169,136.6221,180.5903,157.20862,174.90991,160.66682,110.332794,123.773834,141.30322,136.83723,142.07385,153.24965,105.76607,157.73347,135.19775,4.421606,63.940304,130.19746,154.94624,123.317,66.39753,31.158274,54.815727,48.95255,140.7596,85.37135,137.62636,127.68623
83.39786,108.99823,129.60583,107.80174,142.32278,159.46661,198.27171,137.97197,154.83484,163.42754,165.9002,163.86578,219.49818,148.18822,155.02429,118.51976,137.09558,117.333984,114.61861,165.03284,94.984116,161.63075,114.88314,25.383255,64.62744,113.194565,152.67496,102.721954,60.501408,28.950327,56.14446,71.38072,96.71853,99.56412,142.24232,138.03207
136.66774,137.41707,152.12903,119.96554,141.69159,161.88744,193.68874,179.03673,171.91719,161.52003,177.191,163.17535,222.11012,157.02884,163.18726,134.32051,149.26204,135.39359,104.93505,161.95706,102.60149,186.97221,67.15883,56.062824,83.27847,103.44475,116.8534,103.66706,54.166473,29.031712,51.246777,80.97404,69.17075,138.82028,140.27483,147.81874
156.08055,164.22533,139.87439,137.48212,132.22426,171.74722,218.34131,189.0823,167.90184,159.51347,159.30968,176.66165,203.92108,154.41911,175.05008,170.43169,150.79767,132.05229,131.29597,173.74915,103.06931,168.11723,65.651726,81.8561,96.70764,91.74917,144.31166,117.15596,51.794064,36.693832,50.2798,82.22667,57.62735,135.91745,123.65849,147.44165
118.28161,158.1352,147.33127,133.94157,150.08278,158.89293,176.5139,184.74117,160.53369,150.40962,162.94691,153.93636,205.89157,164.97298,184.52739,167.56747,155.19781,136.23329,121.48742,187.38057,101.12177,175.56143,30.346607,122.20477,69.863464,64.847496,128.21083,108.50387,62.983562,44.10912,67.70659,94.657585,57.27664,157.24768,132.97624,168.93388
100.83766,163.3127,141.73497,113.45747,135.09503,159.00493,168.77277,173.69919,152.47896,177.58107,173.63187,167.53,198.20067,157.64221,191.618,155.45901,161.74316,144.00282,151.7825,186.29907,103.78348,141.73685,30.474571,120.232765,78.26778,82.79361,104.61588,107.40794,56.2762,43.57916,63.098778,76.326195,73.46919,131.35071,137.40884,167.1833
103.984604,157.87303,155.20175,114.21988,163.43861,139.44666,184.39313,184.33458,186.01251,170.89722,176.82132,170.78069,182.6535,170.90678,163.44754,164.30768,172.75795,171.22932,129.85927,160.605,102.62969,142.94882,51.010082,130.61539,97.19105,83.28149,86.69596,91.52105,57.428444,62.723488,60.62913,66.47775,66.604996,32.159096,158.37213,142.37416
99.65478,159.11569,159.49936,130.67604,144.39021,165.40439,174.2517,177.3234,141.23117,171.59853,154.3706,141.4829,183.31035,167.00903,149.01114,167.40741,196.40926,144.11774,94.38606,123.56507,95.423,160.5555,97.64502,96.822464,104.87288,66.10515,74.10479,78.66249,60.81551,57.84169,59.323063,90.66355,63.500847,84.70413,162.23813,136.49234
112.906815,159.13086,162.06134,134.55716,150.27371,151.07553,147.69395,169.00227,122.25694,121.3272,153.1345,147.53708,166.14621,137.67049,124.15679,171.88115,160.54765,120.83383,103.01783,129.61981,117.38583,137.03415,112.67649,95.907974,120.768715,51.46581,72.20025,62.24223,60.437866,46.051968,65.28716,89.078636,81.03397,72.61398,160.39478,133.289
108.16187,141.71751,161.69368,139.13423,144.76596,137.27184,156.58821,141.38849,140.63068,125.70931,132.00151,134.4819,156.85173,148.00175,113.736694,146.59262,160.32634,114.30818,100.719315,108.981476,108.3001,138.16556,103.61368,108.30398,126.293655,67.52042,72.3672,83.51783,53.557022,50.34484,51.056305,65.72607,102.727646,63.921974,148.74754,206.54831
90.56647,145.58174,106.52107,139.2892,144.68648,156.33708,140.06319,142.00162,139.01707,127.75242,120.00686,137.31647,162.05841,144.28555,125.55291,148.77621,146.93764,100.543465,92.707016,114.405846,122.072014,144.2411,107.297554,229.2051,126.91347,102.325645,76.72897,78.67836,35.753235,56.3326,25.564524,70.99549,121.662346,90.09532,144.53532,224.53975
93.98923,134.5763,88.73417,124.19777,122.92725,165.07999,176.99725,126.95446,128.01819,127.473206,132.48059,147.806,158.057,143.9832,135.97528,144.92358,101.76197,94.89629,93.45583,147.14409,134.24585,160.19087,101.12517,211.90237,139.91519,118.69533,74.49647,74.21669,32.70205,45.760685,17.589235,63.808777,117.06881,88.43906,154.2091,216.32597
110.66952,140.71873,111.01743,107.26258,121.49717,126.39439,111.184074,144.24243,155.6512,124.767944,117.468575,144.97241,164.59367,153.52916,107.2453,139.70886,106.51602,104.77936,84.279335,135.23518,141.00226,160.15659,98.91232,210.06366,128.33144,103.04614,96.3853,67.76831,16.036745,53.903557,21.206852,64.714035,115.98941,83.54969,138.59286,216.97496
106.82485,132.12552,128.70236,100.20563,151.6568,88.38318,140.84619,138.74815,120.58351,131.39189,134.3223,144.3118,162.13763,149.14207,129.57036,156.9159,132.02933,117.414474,79.83573,151.3875,142.6794,169.62836,108.73126,188.86337,105.20534,89.56882,94.176025,78.29277,17.287802,34.580753,14.7369,49.19754,120.207085,89.72682,145.59215,227.00961
108.27164,153.9313,165.38174,96.11116,149.35338,140.02919,130.18074,134.52783,136.98347,143.72359,152.60075,150.9037,148.73326,139.8028,127.22515,145.31654,136.13864,122.06297,94.80047,163.24294,153.03613,164.0339,109.5944,108.26474,115.6322,126.83262,78.315674,73.55564,7.7058,43.51461,19.815023,63.93918,112.97855,90.73749,150.14062,238.62494
135.05153,152.12157,175.9047,119.90272,152.81154,122.9564,144.41483,159.83502,132.0734,149.1968,162.17595,122.67361,138.59341,152.52888,122.00656,150.7121,135.08139,112.25918,105.57141,157.53632,165.8519,161.87827,100.44031,104.200714,134.5475,130.25067,104.1166,77.920395,20.360645,60.76177,13.75659,74.56003,106.385765,64.334755,147.77777,224.15027
168.4861,142.76556,120.07858,121.20941,156.70761,110.881744,147.12308,118.832016,144.7289,130.15686,152.90585,112.82363,125.53775,163.54164,140.89006,151.34644,119.1285,105.49435,92.40354,142.23184,158.001,145.09929,86.656815,92.130486,131.22165,124.935875,117.32377,85.29875,18.939425,69.77825,17.299389,62.18502,109.34511,66.52638,142.50255,192.655
111.504166,130.44795,80.85161,161.9726,141.37866,113.92471,137.92363,130.98634,138.42831,143.10245,164.26778,97.68861,127.09828,129.05382,122.960785,146.10818,118.90245,107.017075,106.88058,109.44691,141.64758,139.24023,65.81277,92.65821,118.581345,98.58478,119.66156,93.36388,14.0134,57.75476,42.557476,59.332336,97.22999,77.79808,130.42354,160.70631
85.35619,115.920654,84.810814,136.42137,119.01598,77.48254,165.966,125.08039,108.42428,137.60287,175.54811,103.623825,58.94874,125.09894,128.59607,140.01103,125.41205,106.64355,101.768295,107.49669,139.4687,118.74718,69.378456,74.0419,104.8889,79.90297,112.73615,93.40898,12.887796,57.902637,36.771973,90.40308,74.8538,77.016945,116.24228,139.06392
73.8938,87.69149,85.78721,80.72702,110.95066,67.7113,110.89683,127.04097,119.92093,109.99983,167.14267,71.276375,49.266037,109.29091,133.35387,128.48373,127.058914,94.18077,85.8939,104.83256,123.51371,118.79938,43.744164,82.519035,103.87948,43.75177,123.19119,104.7916,23.785315,63.651142,36.807976,99.24109,96.48379,78.892746,133.94882,127.09912
88.35672,97.211876,83.88647,69.2501,85.696014,68.46153,115.12165,109.5795,92.33712,113.031876,149.12187,91.26908,44.254944,108.32389,134.20506,132.30916,133.72186,106.62075,43.8718,82.65369,110.84377,126.535286,67.842,85.03039,105.234024,36.494606,138.95306,80.89362,23.737555,70.296455,69.43544,88.37934,93.23202,65.84578,134.57768,113.24605
88.354256,109.63504,91.58985,71.41186,85.12413,69.38534,86.125465,119.15962,73.449974,101.0358,175.97098,58.167,56.715164,78.79126,134.08131,130.46234,150.43619,112.99444,77.566345,74.3999,87.22853,123.152374,81.97821,68.05595,91.85968,14.936369,141.6339,59.523354,23.141186,46.755554,97.71611,69.08951,100.986465,82.373795,156.93025,106.49093
97.5415,57.681488,99.62764,67.687225,73.11455,80.43511,97.21456,114.09354,77.99607,81.59204,156.69144,58.650135,67.68095,86.05109,126.22122,119.619225,100.2072,111.34504,106.97776,70.66862,97.601685,115.879166,68.12705,69.335335,72.77088,47.47301,120.26614,32.953213,15.700134,54.923695,82.48777,52.396725,86.0091,104.60537,142.23071,74.997314
88.47804,84.30655,94.36904,78.053116,85.69095,98.43316,99.21232,112.46699,72.27725,105.041275,152.66241,47.732975,64.49321,91.39811,134.65013,88.1568,114.39301,119.31245,99.20334,70.31862,67.14473,83.44818,69.84782,61.019436,75.276855,50.39474,128.74818,21.741549,17.462475,55.771408,80.0836,32.383545,77.971825,108.57524,147.62315,86.17935
79.089516,72.56213,113.48812,82.293526,88.45075,85.85995,95.25142,110.57046,73.31136,83.24179,145.70157,52.535286,59.683712,76.358246,118.32837,90.80033,100.81143,116.066,119.98829,60.48562,29.96574,84.6579,70.02502,53.102947,97.190315,48.495804,115.889465,28.226063,29.046442,55.768253,97.32762,27.42032,90.12509,112.20216,164.76782,88.45971
71.990036,70.80521,125.73132,98.65238,55.975983,104.21888,91.0026,106.15654,53.19056,89.41961,102.5253,54.838085,69.04298,71.076035,104.80167,110.37432,80.67265,119.58151,108.95185,61.814713,43.80595,85.7736,66.786,32.86756,104.41517,40.198162,101.78276,44.489845,57.684864,12.743443,75.71459,40.171925,77.06766,57.035366,158.05322,87.000435
71.51649,98.72985,70.87999,75.10931,84.04562,112.50049,99.96294,105.31151,50.8196,68.01222,83.99933,59.61606,55.10063,79.73306,83.899765,120.71034,95.18023,112.436874,106.223206,42.79577,69.28816,91.67679,98.83356,15.525673,95.393005,61.64471,88.42158,54.829132,30.820345,20.70435,42.24759,36.053528,74.507904,33.216568,154.13814,90.230835
82.02568,87.5675,36.912018,80.469864,68.75402,100.4529,59.678402,95.71708,26.519003,60.160057,79.95931,56.93664,61.634037,69.54953,80.45543,85.48101,79.54518,108.465034,83.585686,19.180382,65.94508,99.80621,104.14016,-4.586845,68.25637,68.43096,110.80389,53.684555,23.359394,4.6616974,50.56093,50.49428,72.54658,63.176014,146.75688,86.88913
66.42891,66.93864,15.659713,58.408024,61.660713,42.09132,65.55445,80.608086,57.451912,62.05831,62.130688,55.61297,62.434364,56.19284,42.12907,53.27446,37.71521,107.32898,68.071106,42.991146,72.87019,83.722176,106.58257,-1.7150517,54.239193,69.53607,71.08404,54.838013,29.898672,9.4184065,42.30128,41.032677,61.28721,74.13647,157.38681,92.34982
27.390297,32.24132,-7.482458,65.59755,22.247158,32.244057,54.52575,55.64175,59.04413,50.210514,57.260788,71.73518,61.397564,61.953197,42.51998,42.263744,46.136574,91.65767,76.43634,70.25632,71.791695,73.07128,111.29491,8.124502,18.128468,59.771294,88.50841,45.29431,17.180693,15.654238,64.76001,21.387058,76.19275,74.60954,142.65657,100.86776
8.85487,15.422903,38.94455,50.059273,47.69806,14.362513,43.560913,54.929764,57.765293,57.92439,74.66036,69.95781,75.39324,73.162575,52.505997,55.415512,35.86967,93.753845,68.64245,77.383,60.884018,20.97934,113.47435,12.824077,8.995084,72.44437,79.936356,57.5302,29.403187,14.686967,80.96091,24.831789,106.388664,66.06691,141.98952,26.480751
21.431501,8.3202915,62.504242,38.86999,41.270187,47.745026,73.83832,49.90438,69.46983,60.976856,86.3566,71.21694,68.79373,50.539665,49.859238,53.693466,56.288692,98.39276,72.65186,54.20307,66.970314,32.875214,136.18842,7.594662,33.29003,65.724915,50.464184,49.668205,44.00347,17.134909,45.599106,58.68955,105.26012,-16.659706,116.49881,-12.851494
23.297012,38.063084,47.407368,61.198025,41.90397,55.58933,111.12599,54.36211,49.254314,29.834028,68.26909,60.020573,49.108543,61.76767,42.066414,55.527695,52.187267,71.55467,38.2096,40.437683,63.552547,19.837332,131.10434,5.8524895,41.226414,91.28363,16.497725,87.85691,21.601892,18.289743,29.700161,47.651176,68.063255,29.768024,120.3186,14.033855
17.398273,19.36617,53.38936,55.66685,26.259285,77.513725,84.62273,54.098198,55.81744,47.878693,66.43045,44.33083,54.532997,55.898796,58.966686,57.07733,55.201454,64.65175,31.208076,32.012432,61.87208,60.97647,111.161476,-18.306679,50.17234,67.467636,5.4488845,94.77478,15.733219,23.931337,20.288517,61.657978,46.770332,52.19046,116.06145,16.00158
28.629042,21.39869,49.2319,51.333775,41.9595,72.13152,54.388824,72.35278,46.079975,69.223434,70.079865,48.24971,44.007175,58.441586,45.028294,67.04078,66.497055,47.049683,56.58645,32.87232,43.361664,70.53238,98.026184,31.965317,44.442135,57.641033,47.018253,81.46473,24.418684,44.045723,20.769388,61.914,32.14151,53.48377,107.83136,20.286901
45.100376,42.96879,38.530746,31.663467,36.194363,35.49632,78.14203,55.49899,49.780014,68.03844,44.66996,60.807083,26.213303,66.78919,8.250839,70.2684,61.741936,36.744038,42.136787,30.153614,47.62488,54.377167,117.503204,39.00669,35.607655,65.15811,46.989563,58.25045,19.278254,60.503826,46.23191,68.30188,47.707336,83.40504,81.53344,45.96624
37.003212,49.964195,29.029375,19.710323,41.964806,49.80041,57.653553,40.332096,44.856007,55.601368,54.595768,54.872726,17.673391,56.90258,21.662386,68.42174,61.140198,54.817112,40.519005,12.456261,41.960373,28.086952,96.60959,48.79468,42.970272,49.08235,78.67868,60.521267,79.5313,63.769897,73.98695,48.082226,50.965607,56.104538,76.02473,57.06346
26.615555,47.172672,62.25375,28.50399,43.042797,16.37503,46.704224,38.315903,33.340313,55.359734,33.179966,43.51339,32.7336,50.51725,17.308487,63.829704,59.90715,53.29742,26.083284,19.09948,63.046722,31.383701,85.52789,85.92447,31.179806,32.097317,65.93228,59.8069,73.674545,54.063545,70.55575,54.940292,41.858,40.79105,89.71292,76.573456
56.57264,32.5024,83.44784,54.538174,60.04189,43.513058,66.24527,32.12743,24.569733,60.856873,52.33158,42.129322,20.745651,43.772335,22.988317,64.110954,39.682182,60.53369,43.903023,36.21176,52.852467,48.734585,71.58901,58.89309,42.093628,14.821377,59.02829,50.82662,69.80633,57.393723,70.66952,40.189156,34.4613,39.865223,96.04556,57.795006
61.686962,20.259644,82.263855,84.90512,53.042927,63.45426,49.788326,37.420837,37.696693,52.80864,43.443123,41.87294,26.064339,82.70833,18.196266,68.675156,24.751781,39.421284,55.741177,2.3787231,34.123848,28.558899,36.69115,180.0497,66.955345,21.309416,47.038635,42.02326,73.41932,54.457752,81.55104,31.84851,40.14104,48.302864,95.580734,62.377518
58.680267,14.378298,91.92883,76.81448,31.981594,56.599476,43.876587,37.013493,41.004025,56.354774,55.518394,45.40236,8.92555,63.49299,9.171078,59.71811,22.239841,21.530556,36.138367,22.295647,43.347504,37.057472,33.72077,134.61229,93.65612,35.943653,41.47126,30.741829,68.62139,62.150585,78.44022,37.60189,41.503365,51.061996,117.09537,62.79426
73.06472,2.3290653,100.22809,56.827995,52.589375,46.652225,66.72354,37.1631,63.41536,55.368843,52.07559,48.423267,69.97742,50.9833,33.563354,67.38177,28.327396,10.357899,7.940628,43.626804,46.16529,49.04662,41.675533,98.94053,70.33156,25.070126,41.194027,31.088554,76.767105,56.9114,64.58412,26.463198,56.42583,42.490273,97.30255,60.63327
78.19482,10.952759,91.88187,71.53835,67.34643,71.935745,89.58046,38.47299,53.640823,66.206276,56.916126,71.833145,100.827126,60.10927,48.64869,64.17632,36.444286,34.596355,32.992966,75.774216,70.50412,60.775467,58.82044,76.418236,82.12521,33.00181,46.07431,36.23788,61.940563,58.28973,32.211197,7.435686,63.535694,46.23974,80.54407,53.365627
84.99136,37.669254,108.45185,79.46639,85.43321,90.51931,121.6734,66.45116,99.97018,52.961006,76.058624,105.40786,94.368126,69.94222,78.47997,57.690628,90.69598,46.63127,37.92987,79.88704,89.235886,62.498226,69.3279,85.34819,86.962135,60.152565,53.611282,38.63893,47.395775,45.689102,24.76137,10.135769,80.04197,74.92151,80.97797,7.8555145
75.8932,71.44274,98.872734,96.95685,84.50941,68.14581,107.058426,82.56548,104.810844,76.423256,99.31221,92.73463,135.14252,85.54131,72.78588,74.24434,92.9916,55.403435,56.95953,99.84523,131.68538,88.78733,77.59984,78.93599,102.2174,64.459915,66.83686,15.814115,48.362076,54.958603,20.617718,25.90533,76.8155,61.408463,84.099396,8.025936
71.712555,57.06082,145.66417,75.50774,94.80198,80.733894,120.08474,93.38349,100.692924,87.679344,91.52594,90.712875,137.84377,98.238396,87.69256,76.45888,89.48745,63.811806,60.901928,125.24219,153.1004,89.17144,91.6264,69.370705,95.07189,63.48184,87.51342,24.18062,47.761234,40.72812,21.467316,41.862865,35.15669,61.736473,96.51134,5.2773533
77.734215,51.4871,134.891,67.08387,111.72636,123.04463,83.114944,74.27609,85.75847,68.31775,108.34303,93.6892,146.50308,92.53634,111.060425,76.930176,78.680305,58.97199,70.99246,92.109985,154.48645,92.68687,114.10169,73.12362,92.712364,53.941666,88.78782,44.53516,50.893795,47.649403,28.007349,46.87116,15.892191,59.002106,93.34884,11.665009
67.213776,74.574295,98.29955,91.2029,99.11074,118.1259,77.010666,80.195786,81.32816,82.57301,99.55121,94.00294,118.923676,106.44705,100.41617,76.23078,94.05491,67.73367,82.041725,55.81478,159.2094,82.909775,138.28427,71.79069,91.62681,53.212032,81.192955,45.281338,64.60272,72.21358,37.17341,24.436874,-3.8426323,64.99593,97.08322,-8.273788
65.485435,75.140335,104.7694,87.60112,105.71615,106.85798,51.38166,76.69144,87.715225,87.38144,71.29253,76.751945,125.00031,81.22605,68.37889,79.92377,86.85501,67.26082,61.064003,56.375847,155.90617,66.586876,144.51578,66.848755,80.42679,53.652565,68.46819,48.843082,87.63097,98.88778,33.24026,11.29962,37.55213,99.4127,80.027565,34.620125
66.10759,95.52712,104.7396,88.02393,106.29668,95.357285,42.391403,75.67841,89.41725,78.545906,74.15718,90.997894,128.28923,87.12558,67.14716,94.119484,96.534485,75.28969,64.51488,55.070465,168.66032,80.20743,157.30273,47.27442,81.94595,59.078613,98.589355,47.16144,85.972015,111.00765,35.185165,29.271696,100.90317,103.92948,73.48588,50.94314
95.77846,99.071304,132.64517,88.160385,105.796745,103.78026,65.14122,78.76381,89.91565,87.1484,85.30824,107.49018,122.41689,69.98415,73.99254,95.87385,86.32495,85.22752,70.093506,53.103935,176.591,77.33697,156.74301,43.293625,104.39835,79.04213,113.20844,30.313381,92.818726,107.581055,36.31587,44.867542,126.20557,81.03576,86.32085,58.103977
73.52182,116.444595,170.95193,106.80575,108.508865,102.4998,55.403687,68.39255,75.45495,94.66826,78.36746,126.83547,167.84546,77.234634,47.24526,100.37072,62.428066,81.785,72.53192,74.42158,173.8115,89.62086,175.71523,36.362366,108.42627,99.54475,156.86414,34.467224,77.14991,104.35036,40.278095,52.982944,161.22119,80.19229,88.636925,71.852005
71.65069,120.03301,186.02892,132.00786,121.15577,93.01727,88.48224,32.92712,106.02121,110.8084,74.77641,128.36559,169.73833,73.35253,77.94904,107.9681,56.114834,91.116356,93.002304,108.544624,165.53369,100.74564,159.81511,25.996578,109.23258,125.47339,155.45131,52.46357,76.18639,132.12001,52.83643,55.921555,165.95032,58.910954,88.520836,90.66273
102.85214,122.051094,150.90146,108.680916,172.49022,99.50593,87.82661,61.410213,102.22316,91.33899,109.51411,97.24861,190.79207,75.1991,108.66935,90.38564,56.23443,93.07292,100.89353,114.751305,180.39403,119.90622,182.16501,33.731655,115.36507,155.15573,142.34479,86.53145,105.67446,129.10883,70.2514,62.863235,140.11998,67.5399,80.211426,109.91629
125.39639,109.97509,151.29893,123.10934,145.40045,135.11685,146.74399,61.245914,91.03245,93.85034,124.58032,98.081116,125.89984,92.17935,152.52649,100.410645,46.99774,70.01074,140.29312,117.142235,174.24348,117.46479,181.44153,29.424307,113.179474,152.54005,151.70146,114.23877,101.91684,117.446014,60.949806,69.94782,116.68048,81.409004,84.84768,164.13136
123.6173,111.90008,122.12846,137.59392,127.494644,118.86155,133.67355,74.21796,99.14179,84.03807,121.134674,94.87076,87.22658,100.51855,123.940956,114.956535,72.3879,62.25914,139.68874,100.3784,185.10706,108.49841,135.97704,60.810955,112.757065,148.10211,116.13988,139.48225,103.04659,119.118805,82.09516,112.42682,90.96861,85.17521,73.524666,154.61284
92.1529,111.37043,129.22581,144.73404,132.34131,90.610825,102.91304,103.00049,74.93729,102.02757,113.832466,72.06437,55.329346,96.30596,90.28351,107.92963,75.854454,68.37365,144.24675,87.490074,148.96901,99.35779,100.10691,79.65883,71.582184,117.92301,145.85252,134.12878,102.92848,158.50766,94.85175,123.25511,93.0033,101.52988,76.8897,146.59052
99.58858,117.287895,140.48282,137.62044,147.0998,111.951935,100.060425,98.61678,80.03867,83.64401,95.40615,86.196175,50.454514,78.5733,96.63852,93.61093,68.8017,74.78951,152.60727,63.89462,146.8877,71.566765,50.63532,76.822876,86.46428,91.40796,167.95764,129.43994,106.630394,143.88702,122.99165,130.59135,94.41309,94.539665,85.14786,136.92117
108.91178,123.498886,107.94689,121.376915,127.05608,92.36938,68.59266,93.126785,87.26173,69.90187,100.88419,76.7223,66.77183,95.62572,84.84907,92.227684,67.06472,79.70134,143.64413,67.13458,149.62068,62.036785,116.948975,83.205055,88.86506,93.19186,142.69897,103.87562,130.14911,126.13185,111.0049,139.70282,94.85147,80.595245,47.392273,116.27698
111.2079,117.65003,102.41561,123.67023,112.98153,58.012276,73.764626,86.094635,77.37477,90.23902,96.38008,46.881725,54.62402,79.403175,85.73584,94.08266,61.738697,89.476456,141.41379,54.667473,155.22984,69.12357,157.92444,67.950615,75.07605,110.221176,120.55271,118.8435,130.30463,92.14997,78.28912,143.289,68.58819,104.99777,87.1995,92.661934
93.99875,84.471146,70.14514,107.54276,104.16582,88.72541,64.14364,74.624886,65.42364,79.166824,74.34741,51.683525,91.3076,84.15732,73.04869,101.41047,61.4475,89.915764,133.81032,57.74568,142.74794,57.49405,161.82315,54.158604,80.78701,122.07176,124.10246,90.81957,123.30042,101.79886,66.521805,128.49998,82.06449,57.88228,85.72188,81.59637
100.80475,90.91212,82.68447,96.56926,85.89256,70.14415,70.4942,57.767853,75.799835,92.96314,63.458256,74.22616,79.80086,78.142426,86.413864,96.91385,68.49443,98.769455,123.24577,74.31389,143.88692,77.29735,144.91551,27.22921,80.42157,126.36011,135.62222,109.14143,93.94614,116.95917,82.76382,126.4899,84.54385,53.118343,71.14529,61.859024
88.95677,69.775925,92.263084,96.82101,80.92805,87.32508,83.076706,79.32645,76.95654,90.04132,65.0049,75.24523,93.901726,78.52717,74.19178,98.97702,72.866974,98.38635,107.75827,60.845375,135.5028,82.969315,126.12152,5.778081,67.31312,102.10241,125.45304,121.31342,95.92437,127.68244,105.99374,120.005104,94.66859,79.33476,78.58999,55.725555
96.85304,62.668503,50.97756,91.12218,54.097775,100.984474,102.49282,66.13237,87.18408,61.872993,97.009384,108.34766,119.8174,91.34949,27.643314,83.334755,42.76311,69.13919,89.77008,91.62543,141.59163,80.86389,119.79863,10.285809,79.895386,93.95008,125.31505,110.98016,113.81104,134.50673,126.12306,108.22967,94.21277,80.66135,71.99556,29.227564
86.82003,45.32744,63.374096,116.9187,60.80936,84.437294,88.76111,74.68151,113.40575,77.14153,101.10192,113.425125,102.235916,93.46917,59.01114,70.036644,79.63199,51.922726,116.4986,96.094765,143.49248,90.70541,126.52007,34.27764,62.53555,73.2766,131.2754,114.147156,131.13367,112.099625,108.60333,101.665016,102.062744,71.811424,92.88207,41.23513
82.51583,52.557026,68.00791,96.10486,72.771454,72.47487,63.91951,87.6195,94.05521,93.599365,117.00271,96.477974,115.35769,88.8106,70.84869,70.941315,82.118965,60.045937,124.400635,128.9203,144.97116,102.410995,144.36821,39.699333,62.47246,85.29602,121.10483,110.9344,142.14581,108.585304,120.16493,116.9793,87.776024,63.0955,94.38696,43.087166
90.32185,75.40482,74.69919,117.82797,77.74131,72.72927,82.933,86.33896,90.51724,106.66279,132.62674,87.898155,106.31306,99.638016,58.71919,81.95854,82.73844,59.332947,75.16896,115.78013,139.35222,80.25897,144.97202,32.41115,70.78487,75.10902,135.51068,108.71821,146.99924,126.06329,135.27394,149.31917,83.95018,58.789165,99.72055,16.270807
84.80054,64.41586,86.414474,101.29103,76.266754,45.611504,99.160675,91.97144,94.01369,104.09581,136.11424,79.1726,90.28864,92.44793,75.839584,74.91832,80.672745,71.47277,93.17607,91.10615,139.15211,105.47281,130.97845,70.042786,66.75737,81.92146,144.00937,120.19661,131.22778,132.52542,142.59741,125.39225,49.36915,63.050896,107.47837,38.37106
124.11194,79.833115,104.66748,107.847824,52.078148,49.648994,101.36,74.339165,65.26426,104.89908,137.4393,63.523727,75.358925,101.66289,79.07817,84.76232,72.65152,68.21375,101.2195,59.658768,140.28796,88.4655,156.92157,66.93482,80.90344,68.50638,146.90536,128.71506,145.35437,152.28506,144.05144,151.40749,52.7471,83.24758,87.87696,75.12085
118.54901,92.135345,112.376884,93.1938,59.603146,71.7933,77.125046,81.957535,58.944733,67.14718,88.69805,53.518562,65.844826,84.14506,85.12579,75.84851,76.16562,73.9672,113.25848,45.851135,118.559494,81.58189,140.51456,102.16008,88.2884,49.602287,122.79634,109.336464,149.17175,174.5882,150.03696,150.94142,65.979164,74.81833,112.50723,96.09519
97.61536,71.24582,99.44336,63.85441,53.813877,73.3791,96.194534,96.65385,63.82219,61.541122,62.947437,56.871468,74.10828,80.80832,59.43867,86.89993,71.23532,79.28272,109.32438,56.368366,94.96927,88.52936,94.627174,73.8884,93.35633,37.14624,113.63619,67.52859,158.33293,159.67091,135.04834,137.1433,82.21391,67.07634,97.88198,87.81644
102.023766,72.43459,84.654686,62.84869,71.97847,107.61702,81.05797,83.76921,68.531425,52.80699,75.51503,64.81054,79.44213,85.8147,61.23053,79.43747,76.17345,82.748184,103.81966,52.292755,97.45311,111.603165,151.74931,81.243774,72.365234,32.94964,107.25327,57.78004,154.02425,142.16287,140.33388,105.94816,81.23195,78.916466,93.411736,69.375
95.72144,66.69877,85.01132,77.30082,54.56931,102.44819,80.45903,91.01998,89.1648,73.92619,65.482414,68.82085,126.53913,74.37732,53.74165,58.084312,49.36546,78.28435,98.70622,57.727985,93.76173,102.55982,181.94823,58.5952,69.80339,58.531204,109.552795,74.131096,149.8494,112.85663,96.13939,83.73586,93.76434,74.59014,89.0357,70.677345
94.62037,63.02276,95.67328,76.50724,44.34059,99.781296,80.029724,62.384132,106.374886,82.65928,75.059975,89.827805,103.592545,75.363754,76.88026,59.647205,71.7917,86.958496,129.67598,76.92724,100.98391,90.38394,180.64653,51.355717,65.089615,87.30466,93.25087,82.01993,142.64256,118.20948,82.87616,84.09533,94.41698,95.18323,91.55282,79.34706
80.4274,59.66095,122.7439,75.39774,70.08427,98.582466,77.101585,66.08876,111.51461,96.90749,96.98618,91.66566,80.82326,96.18776,69.552536,71.067795,69.56903,80.80644,141.14148,118.72606,100.420906,62.26793,153.90977,37.90234,80.93655,99.276405,98.43074,80.40302,141.10944,135.30582,80.767075,93.00937,93.116516,88.640396,89.661194,73.18866
67.34652,78.28928,100.4839,84.85121,92.19323,117.39877,61.544373,70.421005,131.9339,126.3606,98.71479,75.6347,76.720406,91.50116,67.126526,106.943565,81.29424,92.57866,147.98001,130.14668,112.96347,70.05305,128.80696,38.659477,87.34544,113.79504,105.87757,69.64155,139.2493,117.887215,97.39104,76.47397,101.73989,80.23679,92.47573,71.09974
68.35532,93.01167,74.85893,89.77579,85.65205,98.373825,76.259476,90.97788,114.78511,134.4218,99.71415,82.712814,84.48275,82.28631,59.75751,115.27662,77.256676,112.47159,149.08484,97.089584,105.91635,70.58348,115.119705,48.183514,77.22615,112.5227,106.85361,79.82875,174.76746,129.38602,105.073364,69.82136,83.303406,88.26152,109.86427,79.84594
87.62811,70.395004,70.97034,87.52811,95.59055,43.447742,116.98926,88.21311,102.22168,122.48867,120.8791,91.74208,84.20098,93.642975,65.14759,109.83825,102.582245,107.633675,147.69255,81.39023,105.854355,77.56096,122.96983,36.661587,64.99613,99.86299,61.10138,95.960205,202.03098,101.24624,95.690414,63.247963,78.97479,124.89867,109.42658,62.487923
85.629845,72.09669,89.75222,96.38945,138.09901,77.972885,106.95766,79.33491,111.50788,124.22738,122.31089,84.38157,96.1337,90.66113,64.82523,107.487686,100.63386,141.71614,139.60631,105.62361,101.222694,85.73845,132.93947,50.406616,71.08379,117.37317,82.52417,90.82334,189.65677,92.25786,109.898155,95.55249,87.607124,113.9353,98.66923,30.41815
86.99891,65.0023,98.87667,99.823265,122.021034,101.880974,97.56192,70.17539,125.186356,123.474815,157.52266,104.73717,87.8308,88.62857,91.175186,103.3253,107.38117,136.8185,115.33746,97.10956,127.49311,87.46236,137.07672,43.251118,89.93931,120.88606,76.9527,83.578865,193.36569,92.78086,122.65968,81.05504,80.818245,95.29886,109.62447,50.81905
89.26201,95.818794,129.06558,52.748985,92.95853,108.77842,91.64745,95.92328,64.34366,147.71333,149.73463,93.43242,118.07565,109.738815,51.44535,96.93912,87.300674,136.7241,132.83063,113.85029,125.91929,98.61247,185.56578,45.95637,108.12387,124.840004,100.998184,79.707886,174.6543,98.68061,134.9702,77.33494,84.821266,84.44863,101.01465,60.599983
106.96813,96.98635,148.76862,60.190205,74.313484,90.53244,92.333755,94.75616,95.5035,102.12881,134.12871,94.12202,95.72579,101.24719,78.69783,109.10909,73.24485,112.25311,134.52733,67.55458,104.041336,104.4327,197.0509,53.720604,113.286026,123.54971,116.66661,94.7932,176.17592,70.13585,159.46004,77.01763,104.43169,64.79099,107.421005,38.08568
123.18396,87.33879,176.14088,77.58561,74.85312,86.1555,70.49651,71.833435,93.577484,90.74917,112.17137,69.88346,80.337555,96.05005,86.156334,99.33635,105.3647,91.949905,130.29388,76.514015,108.66166,72.59573,179.30222,44.691772,97.20686,132.63666,152.0119,100.89698,174.05017,73.90891,146.29536,86.50962,116.44711,56.4233,78.59245,57.658012
112.918846,113.96135,145.60683,79.01135,82.53527,58.598003,69.36704,60.157547,84.9094,104.11603,127.286804,71.53916,128.15561,63.546963,107.09739,93.545364,105.789,85.19626,115.77846,72.26814,115.61268,68.22115,143.53998,20.709505,118.44511,136.3038,141.0313,107.70557,139.09058,73.616425,158.03142,121.353,117.86896,52.309864,90.28022,56.159187
103.56856,92.95388,146.05135,81.83474,82.10073,110.5969,76.53933,64.86161,105.12955,92.09798,119.38419,90.27893,100.8341,66.06867,118.712234,80.46163,120.642365,72.01615,90.52665,76.04544,130.76497,59.938446,135.56137,15.4249525,112.76816,132.98538,148.11598,132.52217,136.39311,76.553566,159.20358,118.92659,96.588875,41.522263,93.82214,52.995056
93.18178,119.823845,141.08917,98.597046,103.036354,114.95029,71.14031,70.911934,107.87137,100.77871,112.29335,57.864716,94.07815,47.466125,102.33662,83.36782,102.594536,66.94877,89.90337,76.477936,146.32751,74.03599,133.03252,5.405895,114.950966,114.578545,156.66402,141.62634,131.77917,69.52201,135.80177,142.04839,64.09616,39.17862,87.34922,86.56122
95.45484,143.68048,129.46573,100.608246,115.36523,114.97406,69.230896,84.28823,84.363075,91.814896,102.5613,68.82112,94.75708,53.83524,94.88026,89.13411,101.37329,65.64432,109.683395,83.26344,150.25278,70.36121,122.625534,20.005041,113.80012,91.03409,155.15965,140.4906,121.756096,79.480576,134.90395,130.94762,67.08794,49.46657,61.00794,87.76497
82.07197,134.56499,125.34776,98.60304,105.93371,125.05438,81.35666,110.15969,79.28658,92.83772,105.26955,74.770065,105.224434,59.00876,77.891815,95.37606,99.63611,60.56537,103.976074,71.984924,147.61598,88.23455,108.15451,31.038322,110.70893,98.04047,150.6881,156.06612,118.80506,81.29436,128.79443,116.05081,83.71622,78.199554,42.181355,76.19406
98.252716,128.46202,118.324524,87.10255,99.99051,107.681816,101.2377,93.69482,81.59951,80.5299,106.43085,81.181694,91.925995,75.26463,89.872185,100.46153,105.740746,63.935406,120.53699,95.723885,147.32996,84.71174,106.329636,49.41712,76.38386,104.53496,164.43375,124.941246,112.63944,81.49908,124.828514,121.80367,84.00357,79.388336,33.702698,70.80368
87.1577,126.50007,119.42743,79.766106,89.55245,112.071304,101.69287,103.63008,108.398056,77.41861,86.86152,79.39816,77.968994,78.378746,115.836685,98.920456,97.20679,86.29559,110.891174,107.97371,145.31894,98.544914,100.05258,44.901497,55.38685,103.61435,182.68747,128.69986,114.628136,81.710846,117.27672,130.58936,66.252304,94.91968,31.619274,77.41694
95.76715,114.6919,111.8978,77.1751,82.70601,98.4676,71.77841,123.978645,101.303856,84.564606,95.33974,70.064606,90.18071,96.89585,111.613556,102.71822,100.58779,121.84995,107.392456,105.6829,139.67278,85.75447,85.61013,37.013668,67.93298,107.10818,183.5512,136.32397,108.55117,88.690506,125.347176,134.23999,81.99005,128.17957,44.323387,43.913036
107.9641,103.2339,92.2528,78.794785,86.76402,80.05368,71.53903,104.65389,82.71706,96.39657,91.57557,72.93385,67.358055,79.492455,111.28328,100.91006,100.21067,102.17863,98.67293,67.57178,150.34315,92.8411,86.55226,36.220444,66.65524,98.27331,164.92342,131.31877,85.66066,98.743324,131.24738,123.71792,77.11604,135.49733,56.796116,41.80372
96.32017,81.5121,77.667244,58.674915,85.43135,72.8727,77.9695,103.2341,68.349846,88.31419,84.850845,66.4233,65.917305,67.81716,111.10865,94.04279,110.80346,89.14566,93.02355,43.77195,149.52733,83.08743,92.47882,38.426804,62.952023,98.57306,147.63206,114.575745,79.686806,125.37865,164.56784,127.1067,86.96934,125.995926,52.650837,2.3039436
98.1444,51.656105,56.0884,66.82593,84.81293,80.72957,74.64819,122.01831,62.252357,79.46457,62.993526,43.045547,66.71752,80.074356,82.1961,96.38546,75.396706,78.04302,95.14656,37.74591,154.84192,92.06429,78.36088,39.91866,66.93102,100.93293,123.40145,82.50635,97.18559,126.49685,158.93166,119.40023,86.03014,118.476524,44.476887,16.494488
104.159744,21.331598,52.798237,69.446106,75.29489,32.737503,83.78162,93.996185,54.452904,76.531654,52.645576,50.234367,85.10617,76.00391,57.55093,85.49385,64.91785,64.29733,94.91921,73.984436,146.71532,73.682625,105.87527,27.570414,80.361145,86.14233,129.7384,46.885113,71.576706,121.10319,147.50732,86.7784,86.071594,92.28264,32.661232,20.445663
97.35948,23.487265,77.23619,63.118904,85.79817,51.989735,88.127884,70.422386,52.243675,95.73822,65.167946,65.37466,91.71944,63.878548,87.8784,89.42092,65.26513,81.69837,86.89073,93.86548,156.0532,83.32225,108.570595,16.965332,70.69881,87.929825,105.68021,29.322447,71.303444,90.03519,136.7934,50.831406,85.20601,62.2302,22.23441,29.675003
82.6871,31.062698,84.45046,84.203224,70.40637,82.55313,91.373375,86.170944,72.256134,101.36551,89.38225,61.03893,83.39671,69.5656,112.20869,91.12797,46.895622,96.34578,72.0734,98.73248,158.0232,82.142,73.078995,16.922464,80.050995,86.60095,73.30365,27.941013,79.73949,82.1462,112.65229,52.96959,81.76909,68.577415,-9.308065,32.80457
70.683334,56.60059,89.329445,67.359024,79.67595,80.493126,68.15631,105.114494,78.29476,75.01058,96.80297,66.125206,70.49734,70.39187,95.22548,44.658577,47.673084,96.97542,104.01217,89.895935,148.36351,80.11425,67.621765,36.40965,92.78931,94.3442,86.68082,34.874794,79.91637,90.71882,106.50032,48.401344,91.437904,87.476135,-19.90958,33.602646
52.18403,47.818157,81.27665,75.21735,86.77087,81.601,69.00767,92.401596,84.41099,68.08202,98.56315,71.612724,61.506516,56.429245,81.94388,51.97487,62.269592,79.58638,115.84542,75.79895,151.7074,76.31615,79.59929,39.221203,71.502304,128.85344,92.053635,42.889816,69.42679,38.370003,94.484314,55.678295,93.2198,132.55391,-6.860716,53.026043
62.66974,58.984436,72.54404,78.049255,69.32125,62.143913,79.33413,83.04708,75.75235,84.36625,87.01499,70.16841,43.10292,73.06845,72.0538,56.546505,95.65318,78.15772,112.806274,60.504757,146.55573,86.618774,66.51398,29.684362,67.06418,155.63387,102.09992,74.53378,54.075005,30.808119,55.841427,53.0522,95.93172,164.84352,34.911385,52.541862
33.620277,52.075672,33.126743,67.03465,69.71762,28.127193,64.676315,83.41658,62.47092,72.41097,84.319565,50.781227,76.44389,79.80541,49.630154,74.9812,85.03146,78.60568,109.354095,54.5268,150.48436,71.864105,87.2135,30.517656,47.933426,162.65343,102.01414,60.130318,26.96476,25.24825,48.922108,70.01485,93.434296,113.99529,3.8167286,52.604176
12.283386,33.05466,67.95091,46.544075,19.186434,38.879425,84.68884,64.57553,53.29918,82.11672,95.85804,58.27784,43.7027,72.150444,58.044964,50.53236,79.29888,77.75214,123.78846,44.08661,135.95955,80.22777,131.6575,3.2783165,22.264477,108.31822,72.77215,54.624565,18.678993,-4.8835278,65.18329,79.522934,112.67134,130.27245,18.232578,28.443419
9.038122,35.772747,39.617165,61.39045,34.522995,52.553078,99.35786,82.87696,69.75831,73.58716,89.31747,71.78636,32.924686,74.59368,76.992165,56.375763,57.526142,71.66701,131.67017,74.53366,125.08844,72.693695,157.0382,34.969128,29.640125,99.21219,90.998665,50.999348,31.440138,24.262722,34.9926,86.14278,137.2713,133.26382,15.4400215,17.317806
39.084778,34.597103,21.91283,45.349148,37.045418,54.825043,71.24092,87.03551,79.33746,87.768265,75.909355,55.685444,33.437977,77.18744,82.25022,64.47662,59.76256,101.476295,146.78793,50.247047,111.727036,73.53145,195.64772,58.07247,30.694763,142.68726,92.25462,61.500854,24.208742,34.17114,25.811522,44.90161,164.09157,119.69159,24.123426,25.779175
31.519377,14.3571205,34.529575,60.495552,40.41792,60.35823,39.583153,58.001938,67.01798,77.72883,63.87864,51.998917,51.11456,57.7359,63.173286,69.624374,62.33176,96.078606,168.66142,49.269176,94.118,61.288486,209.37209,62.73385,36.28241,194.43204,93.68637,81.749886,48.574898,45.808228,23.357145,29.888071,183.57635,118.17012,38.478817,30.012053
43.82151,15.839734,52.85836,50.741123,67.378105,35.196545,61.48228,47.391575,55.233913,64.13499,53.91494,62.41262,63.569256,76.762024,47.807724,77.442024,51.11601,94.87757,160.67146,41.972313,61.03057,66.33394,173.6004,177.29312,56.180656,157.59048,93.54764,78.88665,58.955124,45.59317,51.783936,66.24333,189.63483,120.59491,27.989807,32.33636
29.720066,26.47518,42.148094,52.58712,72.242134,36.803417,43.344574,36.201023,68.40944,52.70118,51.224243,62.883873,82.20419,76.79237,67.40115,81.33148,69.7463,92.39499,150.33636,23.978878,57.512535,80.82616,157.14836,143.33759,60.212013,111.968704,85.97593,78.47951,77.49169,95.87939,53.920414,79.938965,148.84769,148.19162,50.943024,29.250008
30.286373,9.016293,67.99984,51.010857,89.53566,47.07518,48.44647,45.919323,95.59077,70.02431,49.77961,72.20361,116.19607,75.22789,65.878944,53.73722,66.75899,81.54763,135.074,75.45906,63.157547,87.352554,157.46696,95.76411,54.064262,111.8536,88.692604,80.74798,75.423965,94.094894,51.18124,67.78484,142.59552,135.01698,94.61046,33.37429
44.6376,48.074524,96.317314,51.99601,98.44165,51.696205,58.835403,49.699005,92.76651,78.22562,111.12419,106.79991,102.722626,75.08237,80.63733,89.73987,86.78694,88.02035,130.14212,121.38129,111.68786,78.593376,156.42426,71.41517,62.112938,97.80479,112.30264,77.56054,81.057785,102.93015,46.857697,69.703445,144.02434,126.31605,100.92056,35.201538
63.994675,29.881239,105.6844,65.39898,100.656456,85.07441,75.4462,45.181488,100.47065,74.52144,177.92725,114.48553,91.39307,89.984856,83.07671,88.628296,99.958336,112.90006,137.52374,106.203606,104.899254,77.411385,124.799416,59.36538,78.636604,120.42886,129.8849,89.78745,70.40494,113.745,44.12439,75.40967,141.37537,113.572105,100.13807,49.768673
65.928154,23.031105,130.26695,82.50741,97.127975,68.39821,71.4367,61.452637,97.81002,89.74099,186.73216,99.611,101.28307,111.839005,75.705444,82.83129,100.56299,116.09059,121.5059,110.73818,122.60719,67.75167,112.70004,52.52207,87.65735,118.950615,136.57523,97.07886,78.36646,115.58604,51.973278,87.69303,108.04299,102.35543,107.53253,44.10192
75.629265,37.86915,126.52009,110.8418,102.180016,80.4417,65.33164,74.48982,106.58698,100.44806,194.78386,104.60889,92.90683,118.35118,76.32211,98.23356,94.14746,123.2809,113.721794,110.293785,126.38355,72.61905,128.01439,35.791298,114.25827,109.4334,155.19678,112.314354,90.43037,121.19795,72.75993,107.40959,96.44673,110.37245,96.89095,27.353342
79.6051,52.31838,133.13309,100.50398,96.77106,96.939,91.14766,73.04548,96.39967,116.912155,185.68936,78.52463,94.44545,99.248764,73.68698,98.271034,105.39616,124.00031,100.35705,121.760315,129.33014,66.86299,80.95755,58.453804,124.39731,102.83214,152.39363,90.8337,97.10867,141.22266,98.047775,129.77708,109.28192,85.99084,123.652145,40.096924
40.39794,74.68836,97.34891,103.351036,101.603615,103.18292,92.73995,68.4049,100.462524,118.72336,179.8987,99.071526,87.89207,90.80905,78.05204,100.73813,100.9979,81.943085,111.03435,93.66169,133.08946,54.148186,83.119736,60.386074,129.31781,106.02785,139.06958,92.18347,109.626114,141.28168,120.46382,110.43007,91.37278,131.76056,109.387054,16.332561
25.116682,95.81639,124.541954,82.351456,79.094795,104.93842,64.79847,78.93817,91.20203,127.10881,161.15234,65.90138,107.37222,103.552246,66.249725,89.81298,98.09631,95.39159,125.47551,96.88153,127.20015,86.87649,105.947395,47.587322,113.49105,83.47936,122.955986,107.56609,111.87006,112.872055,112.80401,110.44206,59.984467,151.01706,103.93227,37.309513
89.84143,107.34208,122.146935,96.248314,92.868515,109.70142,79.14712,57.092903,94.24845,118.9207,167.55814,109.124626,78.27552,79.22563,68.811874,81.79623,119.24933,101.037834,145.55386,111.91905,112.23506,74.23508,103.67307,25.37962,93.02529,52.286392,122.68786,80.12799,112.597244,95.84839,106.32812,100.313255,46.856003,116.863785,91.14195,34.075455
102.445984,106.17177,106.53755,120.46477,87.59243,95.19319,75.7582,72.47969,100.54078,112.60765,169.45602,87.831764,112.11692,89.28053,81.66152,76.89997,119.16673,106.549866,153.00114,68.513245,96.96902,68.28647,68.81879,44.33586,94.28329,46.113785,123.66961,82.918144,104.7794,90.71521,106.34876,74.09888,53.30841,104.78635,75.6303,44.85485
94.37036,119.36983,123.1433,137.16402,87.90688,104.962364,89.363884,71.30887,95.560135,110.631874,174.42787,96.86311,115.88445,124.55084,71.5735,93.63667,133.70009,96.3113,140.30635,113.4362,76.22015,81.47956,86.49568,38.90702,108.42076,52.956,109.68313,57.24464,102.15223,49.931553,109.8827,69.27095,41.84598,80.37197,75.06273,78.05376
111.91511,108.775375,134.07477,125.0703,96.08823,119.48032,99.10242,104.21591,96.16636,104.57949,182.52428,95.75488,110.281105,108.22502,87.40371,103.4407,129.56146,101.30416,95.26719,92.37145,98.610886,94.35933,95.95387,21.864212,93.49581,42.9367,80.18751,54.684788,74.00636,52.186783,79.95505,53.043907,4.6190147,108.68864,91.41107,115.00716
126.63281,127.27225,123.93088,134.76143,113.20934,120.97247,98.51592,101.33344,102.83589,101.28143,165.71312,95.45135,106.43181,104.10459,62.24919,98.94132,107.81254,100.80094,74.24653,77.73938,93.259575,83.55412,98.14702,25.310055,108.20921,56.776356,89.62583,54.96599,37.344673,64.350525,58.573574,69.617256,23.76459,89.98517,90.577385,114.07724
117.756256,128.15948,132.8107,114.98019,118.596954,112.14129,101.15833,84.937325,91.39736,97.84055,152.46133,99.58059,116.99253,85.11181,76.627,101.9072,100.93283,105.6595,69.44587,92.63607,94.47485,79.07317,112.48141,13.475869,120.55091,74.53726,87.51884,68.02075,55.286644,81.44197,65.98971,48.477474,110.17016,87.55655,68.3972,169.84697
131.9472,146.93663,144.92125,119.75824,113.95457,98.39627,81.286964,96.54613,101.386795,103.58191,128.29482,101.68976,124.60286,86.58826,106.375656,93.36645,106.22446,106.10463,66.94361,120.99324,97.86238,98.36476,93.39842,19.038603,104.56783,89.34364,91.13598,77.33607,59.521477,87.60361,93.08563,41.84214,154.49521,96.161736,74.610344,118.70332
119.495224,119.431366,172.73988,116.8296,104.26529,96.7363,100.872574,98.30577,101.723175,107.241005,114.72098,84.69276,122.41854,80.63249,94.16203,109.952866,112.42017,121.3161,57.971924,123.571915,107.57239,88.375305,36.470444,29.698778,111.68978,117.80056,82.13523,69.91671,71.74403,43.966053,97.02729,73.24959,147.59613,92.68891,142.27472,115.09058
112.2934,105.85597,173.81387,137.59789,117.26882,129.48872,87.647934,88.986855,100.3336,105.89256,102.59699,101.46176,87.79036,93.80017,100.20915,118.63361,112.36573,111.72325,82.43278,82.01828,97.60057,96.5739,6.7098517,19.88422,112.928734,123.044914,73.95023,52.737457,7.581047,54.628735,72.11459,68.356316,136.81424,75.24032,137.5839,114.33699
92.68801,104.43515,132.34406,127.88362,121.47559,90.08233,77.63671,79.22482,76.14163,95.305084,114.40571,74.01216,88.06357,101.45256,94.56006,125.97038,105.38096,103.75277,67.57099,89.09352,108.345215,118.18583,35.05033,5.043377,85.89006,122.47929,87.332985,33.193985,19.466879,52.018578,46.267437,55.971867,92.66966,94.95783,148.46515,102.49783
74.49801,132.05545,57.47534,137.47018,99.61972,106.57737,68.8026,79.10032,82.48637,94.77964,110.73978,72.04584,73.56492,83.47203,94.7526,101.41536,73.37825,98.91091,80.517586,82.72834,109.37503,99.87677,70.4978,6.1734457,100.905785,110.5968,81.75637,29.572721,50.283924,43.883472,36.83465,43.52691,76.99079,86.12516,147.68642,99.00819
107.92337,126.904144,76.74785,114.16388,121.6924,96.22154,78.88698,84.32674,58.181732,89.40246,116.36351,68.358055,70.24299,73.3227,90.772,95.927124,49.63211,103.21865,84.834496,62.169403,107.29892,84.704796,100.599846,-0.37229538,74.23105,95.176125,72.817024,39.03048,57.523746,41.33225,13.062818,47.82118,70.02915,51.927544,147.82947,110.08336
109.54913,118.05682,94.880775,117.713326,114.92719,102.71674,83.40085,87.07589,72.098495,85.459335,97.91799,76.9044,41.64021,46.403008,76.22426,83.18818,59.977215,86.49877,76.29116,44.277946,101.60589,56.950104,115.97569,-17.113085,68.72644,85.540375,81.81658,40.624893,58.893185,51.617332,18.85217,44.947754,71.718376,52.322582,135.30624,118.35873
108.13883,138.40819,112.74254,113.83227,97.426155,91.12659,58.30583,69.74766,66.56328,68.77145,92.00676,55.32957,35.29101,64.97242,47.103897,80.30686,45.070442,63.398014,67.83209,60.74169,100.985245,57.260567,110.276955,-39.320477,100.414,86.36647,87.14936,58.706013,72.79969,40.68653,24.099478,41.455284,75.84059,67.05942,118.66929,139.3551
86.642006,130.02383,133.40146,140.90517,97.77813,90.3877,32.21922,60.20332,66.27537,76.9098,85.63419,4.067093,37.351097,61.68893,57.562904,88.290565,52.14545,73.83959,77.321884,64.96182,99.73142,46.960747,117.3597,20.669132,78.709984,74.29837,71.52669,62.59382,85.58842,34.296276,38.06935,37.226025,88.52256,53.275246,123.3114,142.74352
78.40798,125.32488,104.58215,127.3267,105.09387,46.191402,17.181019,59.132305,40.541016,66.291855,68.260216,30.888107,37.223183,36.37422,54.354893,88.60434,60.06905,59.68418,87.525276,45.50691,71.256805,50.011353,114.74979,8.371818,80.08024,81.01327,48.99927,76.593994,56.764835,46.459522,33.469845,49.88403,90.65442,99.835815,126.248955,150.43452
99.684555,103.71335,99.07803,111.789795,115.81294,25.35088,56.45659,55.37192,32.71816,55.354885,40.292694,45.308956,47.455505,38.71142,65.481964,61.817474,29.91494,77.73735,96.282776,28.142326,60.474937,52.75981,130.72101,16.237446,79.510056,101.47503,29.729881,76.79413,68.837234,51.580986,24.463894,94.47721,83.1874,109.76974,124.2279,134.00966
101.70407,60.41201,87.42429,105.013985,117.91649,53.20289,45.360912,68.0351,49.326515,44.58721,42.44472,43.637924,23.549498,47.981915,57.537224,73.66224,9.733944,73.526726,103.410194,1.2683525,53.130825,61.839806,92.855125,23.807835,106.42857,96.099655,26.487583,77.911316,74.87092,50.41354,27.000801,70.93333,79.49402,92.112785,99.823456,128.76714
80.90078,57.523094,104.00107,92.10978,105.78358,50.27942,46.114727,58.158424,26.754557,61.635662,67.408066,44.016014,14.837545,51.09386,64.599686,70.9427,58.296257,49.361427,98.24768,46.95628,38.64523,54.72787,41.365784,14.183954,91.82093,85.89926,34.586746,52.066452,77.98726,37.30786,-7.560425,66.63396,75.03314,97.47655,91.824585,126.19625
37.37082,67.6345,128.54343,95.62854,98.64412,61.35472,53.120693,67.347206,64.917305,39.720356,52.4492,44.094162,45.588707,31.361181,68.42359,71.74192,47.042896,54.156776,90.35228,47.065594,36.208263,57.447304,43.99257,-14.659726,93.07516,74.41968,12.055958,52.32469,71.758156,38.935753,14.253607,20.507935,74.4787,165.73451,117.80676,95.16224
35.869865,63.465767,143.86958,65.035286,115.84746,82.61162,71.66342,76.30757,68.82983,47.892403,63.33089,47.081085,24.218904,57.24766,61.690495,85.77425,45.75525,51.283806,91.73175,81.06712,33.951878,50.243454,52.271168,-5.252181,104.58353,67.5171,29.000057,53.959328,70.59821,20.464912,19.09225,26.675575,92.7234,131.61348,109.90301,52.56619
41.495613,69.29728,90.21449,75.5872,132.49416,25.862324,49.59104,78.19555,64.08922,60.278427,94.09639,-1.2855434,30.722359,40.52607,51.5083,83.42609,25.770494,32.30568,107.51013,51.900333,40.190792,72.279,58.18355,-30.520477,117.36861,60.110523,22.616661,46.553123,46.696854,50.027275,31.932953,33.178318,91.49449,147.9329,93.0572,38.41043
61.621456,65.18636,84.97717,73.174866,158.26883,39.88216,75.66809,69.09758,61.5458,69.23234,84.74089,5.2011395,2.0882912,45.121826,52.496773,63.35234,50.52284,46.645725,109.54048,46.63151,61.635193,43.38687,82.72998,0.08036995,60.39816,71.46452,29.348392,35.097538,50.79911,34.541603,37.91045,22.296421,121.92301,99.98893,107.478714,55.496403
65.884315,75.71725,67.169426,49.465427,90.09776,68.650955,52.9279,63.788605,57.75001,68.31564,74.29579,27.76837,37.248466,44.73681,42.390812,80.29529,68.22439,18.485023,92.37242,27.308187,67.297424,25.048117,23.454845,23.102867,72.77372,75.43834,18.713478,37.15885,38.456238,30.552013,34.468975,6.637333,113.25126,119.140976,107.95833,56.78424
63.208817,39.292618,68.76205,-3.1550064,44.905968,62.912556,62.86204,68.49094,48.106125,75.457115,48.90755,84.29275,59.06432,74.21421,46.304028,82.68207,75.17887,37.929344,91.34939,51.94138,56.190872,38.98429,11.416097,20.895588,61.83517,64.99348,22.823479,21.337093,54.530884,35.34874,29.309479,18.20252,125.612015,100.58746,102.4762,57.254616
62.126415,31.202505,51.32238,31.529476,54.312557,63.56606,81.70418,60.382908,78.67724,72.044945,56.901093,93.80216,41.081768,76.00072,39.067852,89.519775,49.38282,57.820755,118.068054,54.161736,69.4423,60.43623,2.9587493,153.13606,59.458187,85.24966,11.40814,10.241634,76.90791,33.684715,11.842654,23.925924,82.09112,134.59438,81.30514,53.194424
46.004845,36.449913,40.742653,42.975338,40.05962,54.70364,66.04054,71.795,69.18605,88.8709,61.624855,54.623096,40.944656,84.81621,35.12733,81.458405,67.66347,98.610085,117.43592,64.05128,83.25749,59.849644,48.423088,130.48851,53.053253,79.77946,41.463394,17.477562,61.954872,38.37602,5.74053,32.535847,38.136227,128.70209,77.03474,53.482143
47.938663,32.629974,21.162142,37.63195,58.14478,62.4973,52.04423,55.573727,65.99171,104.46255,67.4486,56.470043,48.329605,65.02332,51.702217,77.1906,57.061863,97.322105,108.30795,54.819603,78.251205,53.89728,68.27908,102.6342,34.156456,46.384968,30.461273,32.384743,56.117928,46.426468,16.511034,44.57876,25.475697,107.75093,65.03156,44.307068
81.45958,42.67537,61.05626,58.587242,49.641464,46.258648,69.692116,67.330734,66.78543,88.4218,71.11332,59.89076,49.54263,78.24609,59.095608,72.20867,45.504494,86.76065,104.75387,68.39785,86.180695,72.36337,68.54691,70.964905,44.826767,61.761505,35.608074,44.608135,62.666206,34.923477,34.94789,74.17261,25.303146,89.96145,56.04329,60.19561
74.87853,65.927864,57.142933,54.86809,56.030125,41.27302,74.17132,67.95067,64.747215,91.141075,67.23287,56.620556,50.725918,78.02139,64.36952,72.22303,77.71504,83.733246,97.923256,61.919636,78.40064,59.907314,66.999275,54.69332,66.34488,70.35232,59.238052,46.65088,55.70602,38.81606,28.104618,62.991165,63.655037,100.71585,53.43828,72.57508
90.59015,42.591606,59.606976,62.793217,58.438435,65.51008,26.962954,45.071396,76.98301,84.48267,80.604126,64.21733,61.342342,71.694664,61.91691,86.58131,72.414024,91.68683,99.34818,70.92508,77.3308,48.807335,90.118675,43.330757,72.03379,84.46259,68.40719,35.653442,60.906487,48.129807,9.025396,63.864544,70.31378,89.5426,71.08191,64.92761
76.33315,47.928093,57.575527,63.543133,75.42422,61.440758,56.042374,36.35318,51.005646,85.29795,82.62394,67.55338,64.747,57.38229,53.260345,83.52966,70.02708,91.63505,95.47124,41.04559,74.60219,46.12316,73.55871,39.760902,63.274982,87.877266,54.129578,45.20216,60.332996,58.75849,15.9616375,64.395226,72.79966,100.14757,80.038574,120.91657
63.459244,63.58825,53.482407,75.09814,77.39215,66.27861,40.096657,48.27698,51.848663,70.99077,61.65024,52.44718,49.731964,68.05024,29.452673,83.27078,60.805004,70.69966,71.98141,49.274647,72.111305,61.557655,60.10785,26.527657,73.07935,69.546684,55.68629,44.88738,47.03276,71.89242,32.85134,52.998676,63.20523,108.30555,65.84814,123.45827
35.4367,40.64721,52.6583,81.43693,81.24193,46.870964,29.584295,47.83424,44.19705,61.413277,67.495476,52.62647,52.61274,67.906525,31.007465,98.799774,68.41569,69.47019,71.46848,77.58706,40.63237,30.51328,51.72008,28.99541,60.1213,72.9,57.039757,53.743385,69.02924,72.46644,51.935192,32.767105,62.702404,95.10896,62.705143,140.46024
24.958311,40.653923,63.614933,76.51959,84.573524,49.09347,48.02041,53.818798,33.98147,68.53265,55.146694,22.928793,52.039402,52.434536,27.681784,87.47761,53.221245,98.52942,79.667274,70.693565,34.39747,45.775467,81.91147,23.277084,69.271515,50.00376,62.66196,56.24742,64.487076,76.07148,53.47645,38.764008,60.671474,66.19987,67.35028,132.86012
-3.3952866,27.309128,51.250366,64.0304,80.54272,34.356438,49.251568,61.11819,60.826447,51.344273,67.98041,23.870338,58.02443,54.241123,-1.8132172,47.376575,62.89884,94.901375,90.48176,48.79638,32.4349,38.406303,98.4343,43.22969,59.092915,75.161064,70.841415,67.703735,66.272644,56.769016,44.542305,50.849213,54.575577,68.270584,74.27257,123.043884
21.908276,24.360985,60.56783,65.12792,80.775635,55.344414,71.75898,27.245314,48.170914,77.85683,72.849236,51.37722,52.356228,63.924503,32.863995,66.79395,58.77785,79.501274,86.365234,37.033028,39.614212,66.61884,119.03563,27.330359,68.34817,61.633163,78.02881,58.47832,72.04447,47.039803,32.40213,68.26401,46.746048,89.14499,65.45119,120.46833
13.998877,50.488308,43.414352,61.672054,75.26799,54.279163,78.83102,35.799156,59.153202,58.06454,47.68232,93.41341,21.712559,77.33737,29.993532,94.76552,33.867973,69.90694,70.46888,53.44463,34.96312,68.52148,120.1824,18.924849,54.176846,82.381355,98.38179,73.987335,76.7348,42.277264,31.294338,73.40621,41.645847,85.56771,100.94879,103.12329
37.548527,55.478363,67.49791,62.28078,72.71444,35.554924,84.77447,62.083103,61.66401,60.394436,40.85136,39.87907,47.15811,71.93772,16.623829,94.375854,72.3407,71.40588,64.40827,28.657356,34.811417,69.77502,120.99219,30.823711,39.449062,93.77283,77.146194,71.221054,75.51724,40.867798,24.779194,62.833748,64.66365,67.92623,103.231285,125.19842
43.91883,38.53368,79.404434,62.793247,84.6592,38.904617,77.13095,64.96955,70.59971,60.285137,31.766325,69.058685,27.669947,62.40758,7.032366,127.662315,77.760826,91.37315,59.25466,51.79426,40.656345,79.16416,100.027115,67.4661,39.355953,103.32449,73.8123,66.56329,72.8301,31.198618,17.48807,71.36443,106.952576,44.193684,130.75609,112.52878
50.79158,32.63734,50.053356,77.04498,85.03632,68.58631,60.146214,48.258785,56.897102,52.541786,37.947975,48.21072,38.28948,78.628876,21.798424,97.89472,92.55803,96.761696,62.96177,61.924866,55.881516,65.282776,94.458755,67.44562,55.36651,96.12135,75.58194,67.37585,35.206715,48.302334,19.12482,60.818314,113.361305,28.225252,149.16467,110.580215
54.32537,26.10273,61.807804,69.46512,91.1159,61.5896,69.95818,44.163998,34.21277,48.411102,60.14903,32.126503,59.398766,62.363655,48.44142,96.58095,92.33166,132.75012,51.409218,34.726875,57.98019,35.703377,86.22053,41.891468,63.899662,86.69781,73.71536,69.835686,17.808693,11.509739,26.90626,64.883095,92.69199,36.278667,144.60197,105.919876
54.724903,53.956257,59.502144,70.84985,116.09888,57.49192,34.993362,64.028015,53.611458,61.466797,56.933865,48.417797,60.65071,40.89198,48.360725,79.866196,94.04701,108.61071,62.353218,11.819655,71.37821,51.567158,89.86931,39.05228,58.00696,70.78476,75.082535,62.794395,-28.070595,17.585215,43.847404,61.350113,80.45401,62.111706,149.127,79.10025
60.99034,65.13763,60.166443,76.629036,104.42264,49.769016,37.421906,58.76446,43.426025,67.94415,62.263706,61.698284,65.88425,60.517838,58.197777,68.38098,102.46416,83.95903,49.935394,39.90802,76.710434,54.33554,97.240906,10.57193,63.378616,71.255615,73.83635,58.400333,20.512323,36.631714,41.602657,49.35456,75.4112,60.605305,173.37015,45.910286
55.41345,48.610542,70.29733,74.84818,108.33808,57.267715,75.10295,58.574642,53.583138,78.64234,55.401833,68.21903,63.866962,51.817898,45.968338,63.19293,74.39928,42.42534,29.891642,59.664753,72.63093,81.41402,123.49479,32.60284,59.528313,84.33601,72.75365,56.818897,28.08741,47.401215,46.82218,59.46342,91.99654,59.609177,163.61058,35.716812
50.290176,36.494476,64.02626,77.210396,120.67225,81.63818,72.69928,56.654747,79.77588,80.9559,40.574318,73.153534,77.47471,56.456573,54.708416,68.26002,76.45007,54.026093,39.321335,72.6496,73.598694,78.01245,98.36786,39.975307,70.85259,129.96736,65.64609,67.058304,67.61024,76.36713,80.96916,62.067924,90.43251,91.80301,159.29958,51.273106
29.054447,37.188995,115.972885,65.74415,96.21662,40.91939,78.42657,53.949177,73.082344,74.433624,56.144062,33.006264,78.45561,60.808987,60.761036,88.44439,88.71036,29.695332,34.456375,66.66567,110.15415,90.75136,142.14197,47.728203,57.983547,116.16456,91.7569,59.445805,82.43641,84.760056,91.02117,77.86012,92.775024,112.8297,171.6663,81.093925
47.817455,40.60125,107.91575,66.89407,89.00366,59.09458,95.64896,64.02039,50.98616,69.79106,69.14231,53.81839,80.37105,47.481056,45.601715,100.986275,95.05344,43.233803,57.48203,76.09926,103.44174,80.80104,135.81625,26.262625,62.483997,87.97394,102.11423,74.84446,82.180084,75.800766,70.23506,47.981323,93.78335,68.18609,168.47327,80.66182
52.512486,34.092228,64.7931,81.5937,81.2769,97.598206,102.884605,76.5392,83.69679,57.397797,69.20765,62.974907,91.0182,60.26199,71.114235,79.25854,96.18211,46.131817,90.85092,52.418854,123.98069,89.28516,139.54207,27.327091,70.953636,92.47859,98.47398,77.63491,68.667755,58.242165,83.37228,76.76192,108.52209,62.153927,174.72551,43.562786
46.87666,47.045685,73.74158,90.39944,79.892845,102.38768,102.70268,91.49892,61.360413,69.94554,86.28444,64.320206,83.09562,68.7229,74.11656,86.831825,100.622154,71.47879,101.8018,59.443806,122.433655,96.78128,129.31473,31.50138,72.10007,91.11316,116.09635,78.42163,70.83968,79.10943,83.6059,74.5992,100.457016,86.42856,163.78694,39.71298
40.05407,57.944363,93.77624,94.00449,90.47164,89.28256,109.638336,89.52124,93.07588,74.36629,73.4219,76.78804,89.556725,76.80501,69.29929,89.69845,84.849106,42.349873,117.27893,73.55214,98.838455,83.208786,127.279366,46.418938,67.09992,89.45945,113.43916,74.07884,70.75266,74.28046,62.192524,69.91143,100.11445,78.66354,151.04697,50.132988
73.2744,63.056168,96.20332,99.05274,76.39762,85.70628,114.9956,91.87792,79.643135,91.79939,87.82538,52.580048,104.38289,93.62093,94.6026,93.36202,81.01457,66.545296,111.002304,96.02692,105.62041,104.62549,121.71104,42.53312,84.83501,107.030045,112.04938,48.75753,63.49014,104.065956,77.01073,107.59967,118.150185,79.70584,149.10152,48.376255
59.11518,61.544254,93.80708,77.84847,82.17153,111.389854,116.00086,93.50335,100.27181,97.90426,65.84402,75.72145,119.221016,91.090126,108.98905,102.11712,81.6986,83.23163,110.07888,76.243866,95.37593,99.091286,111.83798,48.391224,84.655136,135.17668,124.440575,66.51328,82.06588,97.09624,88.94351,92.27768,125.88676,85.92244,157.1076,47.002445
52.32602,53.66286,95.46144,76.59145,68.1099,93.66113,143.51318,106.11556,107.93869,108.802864,105.26724,84.594925,94.11455,105.18028,126.265465,107.939705,91.42758,55.503212,117.19554,98.93854,99.39201,85.319244,115.23977,50.98909,88.42177,190.925,131.07425,102.7677,83.97018,84.09152,102.40755,87.19708,127.10316,86.87029,144.71242,41.69677
47.84635,64.43047,101.626144,56.569996,76.60905,88.39263,109.537834,126.03906,115.33049,106.82078,121.19691,83.948326,94.83038,94.720276,104.69353,109.63763,89.939316,64.726974,145.53041,123.66789,81.50539,82.94928,118.05088,42.606144,89.807205,159.06073,90.51789,118.94219,115.459114,83.5262,97.163315,112.49761,132.7256,85.81073,165.44577,51.462067
59.73908,80.18767,120.89795,64.86776,61.75384,95.4151,129.85643,103.72448,125.63208,122.870346,131.99524,65.07118,116.33867,98.24427,108.34158,100.23669,97.92345,69.401764,145.26634,119.0803,88.474724,101.70271,112.85712,19.782192,85.53191,159.6387,108.06296,111.673615,117.03124,113.825516,104.478836,99.72676,141.2527,76.14773,163.73233,53.224087
86.21238,78.24041,123.39987,89.92531,69.2534,64.191444,131.17628,107.04813,93.49386,107.56463,137.78761,113.062836,106.27785,92.367065,99.8468,87.68437,102.23553,74.02077,136.73338,88.08673,108.41196,90.28652,82.445465,44.177986,96.046135,147.9783,106.34986,94.85648,110.926056,143.64383,98.16734,110.26104,121.96733,90.55622,155.35306,44.108738
87.85719,58.527924,131.72508,103.05782,63.50905,90.87901,96.75071,106.80043,90.64983,100.24005,132.73848,105.52103,124.706024,104.828316,102.95889,84.17499,93.66392,81.53108,113.02379,74.352135,119.82969,95.088554,52.181873,38.259186,96.630974,119.54409,110.648315,79.72924,121.47506,119.33426,91.20668,118.86595,95.934975,127.603485,150.76788,46.98085
74.48554,64.469795,138.28984,114.54241,81.33153,87.90544,110.94374,105.04073,104.20842,100.69731,134.18044,121.8488,96.40596,110.888145,113.531395,84.75631,97.66049,96.99082,84.37447,109.26708,125.15208,89.04393,71.475395,38.611588,107.69035,78.824326,101.961555,44.25985,97.27662,96.15672,98.43882,91.22268,102.59776,133.68997,83.34311,53.40932
70.72842,84.28347,144.3257,128.96788,79.92195,100.00361,104.53795,110.6633,107.89974,125.23221,123.12508,102.12664,133.97517,111.1405,123.08909,98.19336,102.39789,108.36578,93.83844,95.49559,124.43488,73.85659,93.867615,33.07619,100.86273,62.031162,92.31094,28.199177,96.38333,82.91378,106.94357,63.90637,135.57968,123.52515,55.906967,53.217224
109.19063,97.11807,126.45492,115.5635,85.58188,152.72783,116.01089,114.405136,94.941475,114.00844,117.17976,102.27628,117.488785,123.117195,123.41478,113.66931,112.484314,129.92245,95.99316,84.07344,121.45816,81.09085,123.71192,46.761948,102.478874,50.086746,68.768005,54.21866,103.520004,82.63308,92.427574,73.36394,135.28584,119.427765,61.358925,49.71924
108.692566,103.35556,111.56358,117.32675,77.13288,119.39646,107.49488,111.906876,94.02809,111.61169,101.69542,94.44848,88.28342,114.87166,111.32339,115.122086,117.366135,93.60009,107.91125,90.96856,137.3311,83.45293,186.67163,52.546024,90.14179,49.940014,98.50602,64.30548,92.94201,87.23321,71.802635,86.60641,132.48969,133.31001,52.842194,44.85721
102.9417,69.0256,109.32316,91.60781,64.563255,118.63401,112.51021,102.83153,75.026054,105.27209,94.08396,69.72431,106.66367,98.082855,120.23503,112.22281,81.63964,95.54043,141.35025,96.16775,116.76384,84.599045,171.70805,45.125854,87.27883,85.44933,118.68336,100.31078,79.55135,80.575165,81.72402,84.14414,134.3765,130.93596,55.69394,80.16764
87.558304,70.45221,101.033226,85.009636,49.879707,111.27693,99.539474,95.01805,75.81098,84.34131,74.17931,92.449234,115.66872,83.36938,117.274536,105.50333,83.71392,99.046455,133.65645,84.28499,104.624054,71.10022,153.36378,43.632416,97.01422,124.755684,99.12861,133.74847,80.36947,111.591324,107.57283,104.35106,135.87099,103.47412,67.89063,83.43053
88.76174,88.40968,75.4445,85.44325,53.237076,113.11686,110.558556,87.70828,98.09404,76.753136,61.544453,97.27362,64.800354,93.31715,123.83774,87.31423,90.618416,81.62631,148.05434,97.287384,88.27997,97.42136,154.89082,70.39492,91.940704,111.17781,109.64387,93.72199,100.76386,71.19853,103.059814,138.96292,119.545,151.2585,74.74342,87.00619
76.94463,79.066025,69.971085,99.09147,69.10508,99.742615,118.96623,85.06272,102.63562,92.124725,84.737724,82.4479,83.233345,101.63899,136.60509,91.73639,86.714355,99.20405,167.09708,93.86595,102.69517,95.78574,160.65465,67.864426,93.72273,103.24445,125.95069,104.83498,80.13767,62.436108,72.423515,130.63898,110.42914,143.12946,75.029,80.28856
74.85828,93.724525,63.36852,85.39488,61.260124,94.26858,98.41081,97.64654,91.71241,114.04256,120.8318,82.367516,99.394684,101.61553,129.79387,98.42266,92.922325,98.71504,171.50485,105.93418,102.27317,106.42408,154.43321,80.420006,86.13313,126.60852,137.99454,106.56068,61.594177,56.159256,55.924725,104.58812,108.43856,116.53467,75.94155,120.55583
93.54553,103.694466,67.498474,66.32414,75.30937,76.31337,94.41854,91.247284,106.988846,109.19018,134.30821,96.454124,118.58301,102.193085,128.33592,99.99235,86.1039,106.74241,155.49321,114.87165,98.59681,82.55762,150.27942,68.78202,76.64373,136.14285,145.64507,118.422,62.735737,57.533882,54.51789,83.82226,116.91668,128.69934,76.100334,122.39607
91.15785,95.704185,114.61891,71.16454,61.1239,82.60223,120.42973,100.79157,109.66913,121.38968,129.32622,90.17474,127.77912,86.780754,110.49419,130.28244,109.252716,108.854355,139.22188,124.9657,78.52715,72.25628,145.01045,68.62926,61.694702,118.05321,136.98631,137.62692,59.628788,56.82622,52.076527,105.97588,124.19623,123.9981,87.3684,107.94381
75.530876,114.69977,113.64842,86.72459,76.07415,100.502975,121.81696,95.283714,142.3326,117.35705,127.3599,109.639885,119.270805,88.02569,95.505196,119.06287,127.93233,115.79896,114.39773,137.55185,80.59201,102.72121,175.41342,68.22203,68.60329,109.246735,146.6438,123.17616,47.706635,66.180984,56.891914,115.916725,130.3746,123.54348,95.47383,114.388855
83.43439,80.45773,124.96465,108.42284,114.725975,103.89979,88.43237,106.94208,140.00237,139.66064,144.83864,128.68295,160.4196,90.36178,88.178955,124.477394,127.524994,120.86735,128.06548,167.46584,96.34189,113.85099,161.08107,75.56487,83.54375,110.29456,164.66571,101.342865,46.883175,60.93886,86.689476,117.104,148.8291,168.71577,90.895294,127.43691
69.921196,83.914734,119.66686,115.211426,102.150955,121.38047,128.20901,134.3111,125.33146,167.5174,179.73895,136.18921,162.08353,103.22498,107.38432,116.29877,154.47623,141.7626,161.74892,164.84747,98.450264,139.21109,209.75479,78.31157,96.81317,134.07632,133.30106,112.17255,61.04178,68.15527,93.99461,81.35654,145.12845,183.532,97.25181,137.07478
93.90568,105.397484,126.877525,124.17451,112.326805,162.1833,162.55293,128.3911,142.5954,157.75386,169.02136,101.8318,197.17854,123.65421,155.69318,117.319626,132.15665,155.3339,203.16771,153.46849,85.848915,152.99588,215.01416,67.368805,109.44812,152.60205,165.4999,142.74475,66.02914,53.2278,96.431435,94.63863,151.41333,179.3686,104.27459,136.86444
115.99889,113.656685,133.95728,128.57845,125.33331,179.24641,203.67441,149.91658,163.7397,156.67014,185.4187,121.054825,135.55731,144.59268,127.49114,140.60707,145.316,184.49438,217.39273,170.91307,81.80653,149.11711,237.9412,81.19151,107.50153,147.50284,195.15686,140.3406,79.11967,90.845695,70.548004,110.62388,148.3263,171.147,117.84613,133.79474
115.23856,127.75058,161.7661,178.65219,146.57799,169.10231,152.47221,127.980774,171.8155,149.6997,194.7707,120.639305,144.23447,140.55971,163.51956,167.17004,144.37009,198.67941,221.30824,176.5699,110.02044,154.32426,253.87398,111.437775,124.22736,160.91756,177.112,154.85094,71.6733,140.35213,77.976006,131.51859,169.61397,174.98221,124.27647,127.525764
99.72372,136.28421,167.5775,155.60963,151.70975,122.887726,141.15843,142.6356,157.70729,151.63603,209.2915,105.0892,179.9445,108.82702,174.33188,176.4883,155.80946,183.5052,227.34698,164.42905,95.56051,181.35556,261.03366,106.57206,125.20867,176.76906,180.31001,160.0789,80.608665,150.99612,115.20361,138.97787,213.33609,180.82584,132.62381,143.62321
114.39935,152.42706,140.70248,140.8582,174.4679,152.6802,194.79099,150.32744,137.27525,164.0366,188.7341,129.82466,144.66777,151.07915,202.36664,180.98984,151.19066,177.39577,241.37672,171.58893,106.97611,182.49127,243.29381,124.49213,118.08456,198.99448,183.11899,160.42061,95.34183,153.26279,102.44186,140.21088,222.42671,173.14659,128.72237,174.97903
120.49238,143.13065,138.5311,154.35788,163.51811,138.82571,155.06784,169.12776,142.40216,157.17961,174.59009,156.45038,130.65656,145.56516,163.8768,151.22401,153.63927,168.19994,253.44489,124.188995,100.39681,159.69513,222.12735,153.10417,111.972,208.71153,182.70576,166.96796,90.84944,158.15186,107.06813,147.99768,256.1856,177.34671,135.22516,185.45613
100.600494,143.06213,168.90942,165.73865,150.60417,110.080536,113.04096,134.18031,119.27861,141.13028,171.01051,123.71846,154.20404,158.73712,143.1606,145.21133,138.78252,131.3644,242.0931,135.55162,103.395294,158.90245,227.59253,149.68022,104.201324,217.05771,202.82504,176.71791,86.50176,168.55586,104.46504,183.53404,277.45242,160.38664,120.15781,174.74994
82.40542,131.37213,169.23941,139.58157,135.47202,145.08394,163.20172,128.31522,95.282234,132.1486,133.90479,134.82176,156.59872,165.15997,140.92531,148.18903,123.606026,116.792625,231.20294,133.90746,101.70379,185.78447,225.28806,137.31055,127.04031,231.25903,223.65866,182.49863,73.05967,173.00565,92.72194,180.65727,279.91165,140.81493,142.33324,187.66061
88.22819,121.53153,152.50027,152.11075,114.537415,151.05264,164.61948,114.346375,106.32062,151.56592,112.36174,148.81613,140.91014,169.69395,164.12701,161.5242,121.76335,130.68965,210.88411,131.38954,117.27561,185.61555,229.41711,127.48916,128.5757,239.55011,251.61531,191.96184,63.196003,168.6999,78.77076,198.1378,329.76602,133.56151,144.72311,167.96773
111.887566,146.51385,151.74391,130.58946,118.408104,129.97829,166.77188,131.60254,94.072205,128.8181,94.31342,116.923096,150.047,152.84666,179.4657,148.11722,80.3132,118.42279,202.06241,150.4232,125.50441,159.58505,245.68451,141.72023,113.01067,208.77559,277.1872,218.57092,67.59982,163.85365,71.95323,209.15135,326.33273,136.24065,115.63388,103.0934
105.36431,139.43831,151.38293,87.119606,107.41294,136.75298,145.62299,134.49712,107.04378,125.03561,97.5488,114.22079,89.64688,166.99905,171.24959,145.15485,73.50218,120.144104,212.88313,108.90086,143.88023,160.69423,241.73647,143.90285,91.28591,279.75934,266.48987,220.037,98.17426,159.89183,88.52614,249.78136,331.7511,170.3114,107.5621,93.35392
101.713905,167.0311,156.85608,91.04441,92.62525,102.75642,134.36942,129.54071,96.67048,107.04712,86.78944,88.94435,91.368935,125.25192,137.29126,95.92103,73.22844,116.31676,210.07454,91.177536,123.91274,148.63596,207.68433,149.2853,111.34481,311.50702,257.5834,240.8134,96.76342,178.83873,148.8026,227.53668,320.79486,156.11336,95.974846,59.55446
117.991165,140.40544,146.24872,80.06929,86.36499,117.52415,151.10597,125.83926,114.39247,104.804016,88.7083,80.97183,61.701366,96.279495,120.27877,127.74009,56.10871,81.96294,204.81647,85.39978,128.46732,140.5546,207.95798,135.9239,107.35592,300.7651,285.95404,227.6281,104.76429,200.22606,166.30927,229.4952,311.8817,136.23497,87.11847,18.548277
104.42652,127.12416,60.43875,73.46477,98.79348,101.37805,135.87457,113.674065,95.03236,108.70506,84.14627,55.025555,37.001553,100.1073,109.320854,92.51308,74.52106,47.747307,213.01984,88.26607,122.468544,133.04515,257.5601,137.75058,103.44432,286.77667,272.8998,215.96985,104.30937,201.172,183.37473,230.3702,332.30127,118.95881,108.15181,22.107145
102.61063,93.806595,64.60431,58.519485,128.78938,71.89193,102.00948,111.462074,89.3954,117.040344,72.043785,45.399952,36.82282,91.480034,120.01662,108.705734,75.117546,103.16002,191.07863,88.80904,128.8701,127.79568,251.43726,134.77547,107.55131,285.90735,286.81836,224.37741,109.92791,194.27603,192.88336,243.05031,319.7409,114.085304,91.953896,31.075768
108.91957,94.87406,82.81491,76.084656,117.77544,77.35438,90.73904,89.76629,37.976368,125.51944,87.099495,48.798717,53.938076,77.235054,126.90004,107.75056,81.811104,88.13661,194.7418,57.64861,115.04202,126.76518,233.29488,118.86849,118.92518,299.96664,294.81982,238.79579,147.20164,193.58463,195.05653,222.98093,307.38593,138.86462,90.70675,22.150444
112.65134,98.66443,57.786472,70.390785,108.237976,72.055046,104.45612,67.8009,50.33969,79.30661,45.88844,55.713623,11.216352,86.04413,103.97152,76.64816,59.46692,71.74862,211.06459,56.076874,108.91704,119.713455,235.69577,106.968414,114.20743,306.4302,275.0956,241.86111,164.63943,156.5431,168.5274,237.01802,316.34726,122.25221,128.86938,25.72093
156.20221,81.26937,62.21472,60.304325,105.43765,46.885464,95.683205,81.89281,39.031914,84.973625,35.36386,52.907578,28.852917,83.73838,91.429565,72.146675,50.90968,70.77404,175.89684,30.056808,81.87873,121.26745,210.03766,221.86209,97.232086,304.1833,254.98863,228.0921,160.99619,146.67476,169.4541,218.23997,345.11136,105.844345,116.070175,22.968498
119.81866,61.953358,67.64532,78.43182,105.61141,41.86619,92.85173,55.25377,3.1603866,59.548683,2.65547,76.02876,30.838142,76.233986,89.861946,55.608276,59.16035,63.847115,162.1264,20.789543,71.503456,108.21075,179.13449,163.68239,96.86931,293.03534,240.37656,203.19658,149.96745,158.80931,119.07118,239.5452,337.24045,97.346146,114.563545,-1.2417164
103.22427,54.96088,95.845215,74.26291,87.94517,30.282455,81.74034,53.269955,21.205511,37.935497,13.58626,49.323788,43.360172,100.91345,91.17521,44.313343,33.616714,59.199368,151.72044,9.696329,49.012302,80.81038,220.0327,129.67242,122.707954,272.273,225.50075,190.24431,139.15555,149.52051,95.59564,232.84764,284.33752,74.943756,121.72998,2.872983
113.121056,30.954247,107.081665,74.90578,77.206474,44.161243,55.976006,57.371254,12.578562,31.66453,11.601808,53.86749,61.116714,82.67806,92.31953,45.36447,29.677265,54.2408,126.40651,35.906193,45.954376,59.56756,224.5741,96.168076,109.991035,299.7418,239.70445,191.02464,130.31787,149.11879,40.17318,227.44986,331.7608,70.59953,115.90603,11.419347
85.80459,27.640162,109.52608,57.84594,58.364685,54.10673,78.089325,48.45082,65.3995,41.40079,31.992638,72.78973,74.57067,79.67531,56.120804,50.50331,12.042637,46.589184,118.01446,57.5701,40.853275,63.48016,212.23723,61.17489,104.211426,273.23605,220.99399,193.47865,152.76907,151.13367,39.700775,248.73207,350.56506,94.97292,94.92689,24.36265
66.12365,32.88274,107.11957,79.16162,54.01702,77.57626,30.997921,43.088882,102.42509,19.703798,44.35463,73.386826,93.14357,76.001686,64.39974,43.09743,36.941486,67.41814,114.93002,66.075584,64.379456,70.56355,159.84442,46.19542,88.03656,285.83893,201.7247,188.63744,166.24742,142.35483,66.4505,235.62697,351.21707,113.11655,68.71865,34.797707
42.918434,59.53746,103.5815,81.9476,58.58724,87.803955,39.765965,41.29693,110.314285,48.20263,107.52398,103.79599,86.15193,56.93782,48.679626,39.893272,77.11894,64.8779,101.59054,104.27351,97.332596,34.992123,107.29463,40.981125,89.310455,251.2061,198.41115,172.6604,179.07513,127.194824,93.983574,206.6779,309.92035,110.675674,80.476295,34.545918
41.11076,61.098034,84.48276,91.55178,69.05329,89.741234,56.987988,43.669308,95.03005,48.426277,173.0895,81.3232,108.66327,49.766735,69.807846,36.50935,83.68032,70.49555,113.86263,115.71489,106.99164,52.843105,127.782936,27.950567,87.035324,219.72148,171.48235,169.22894,205.2102,121.316536,92.48482,203.26689,273.25833,151.5092,87.81631,62.662422
42.344772,66.142395,98.750404,112.84593,66.40792,72.99163,38.647858,62.057934,111.58418,67.59338,176.37958,125.93794,61.10518,47.01906,78.786064,29.119709,82.574814,71.84573,101.36166,119.782524,98.29804,59.67243,221.63593,28.028921,85.763405,213.20058,223.25133,136.56256,195.91669,100.90536,103.51924,203.16418,293.64865,107.09196,93.71846,92.55314
56.84729,71.21988,118.55973,95.70007,77.23881,59.80055,23.65162,40.609737,79.11299,78.83702,168.05034,96.708046,87.90066,51.12941,60.240395,43.974457,75.308556,92.75322,109.68697,124.24828,82.74386,67.24182,197.48288,31.214718,86.32676,215.48181,231.30116,153.92351,190.84962,93.776955,110.851944,157.20615,311.13495,131.18137,114.22095,115.785446
57.32066,95.28228,138.12465,93.738144,68.09211,90.314125,19.48121,40.265984,82.4087,70.30923,134.96443,75.91695,56.418068,46.01684,35.53427,64.00875,77.463,97.936134,68.864136,113.443054,109.34819,54.240158,207.30756,12.655676,97.93253,214.03625,217.76498,173.50317,212.52094,94.63914,120.48693,166.47514,308.0813,161.22922,114.88241,119.075
119.44438,100.89156,126.98482,85.98628,97.08734,64.42677,24.645782,46.41362,69.096306,55.04165,115.62159,65.44341,48.57941,37.371704,-1.8501472,50.901028,47.74321,102.18034,80.13771,97.913704,92.83477,64.85519,237.17024,25.701424,104.36328,238.30237,215.11366,181.56248,201.24565,86.58468,131.50954,201.99234,370.6301,132.71936,115.89359,94.66297
133.54019,76.537094,123.77922,89.176674,104.09653,85.000984,23.05704,51.113827,57.611008,54.144863,100.18054,61.796535,35.590427,47.936203,26.943249,54.944332,49.82541,89.50752,115.92594,52.61215,97.38129,32.833893,224.78114,25.75269,103.88094,258.50333,210.82578,191.99742,166.76619,46.44454,127.14794,226.41917,369.06253,148.75937,126.72198,36.382484
98.12445,45.16004,123.88408,88.03821,95.28233,101.77382,32.873997,46.930332,52.59985,38.044685,65.973656,66.15545,67.89078,38.227676,23.674603,56.502575,48.805473,77.85956,125.50168,43.060974,86.212906,37.93751,200.54381,7.3077965,78.931496,302.7888,190.4334,209.06866,145.9502,138.00401,128.62434,214.09683,352.89877,137.8166,134.3842,43.365917
94.250145,38.61325,124.5344,91.50567,96.397064,109.09391,31.281885,51.10822,41.388725,36.41227,67.3812,68.210335,60.40756,17.92037,28.94896,69.61516,37.69705,110.66483,136.19577,59.49849,95.38627,49.057568,217.1478,-22.554081,53.67911,297.57562,120.62061,196.46477,141.55191,144.11604,125.58858,228.09647,318.58136,139.63226,177.30301,41.457375
60.606976,49.42001,163.75252,92.73038,96.06206,117.716965,49.409214,44.60884,28.024603,20.540867,70.36762,61.01035,110.69032,41.588116,19.757568,56.329212,74.35456,96.376465,130.1736,32.866867,97.8966,50.62878,238.17415,-19.039585,73.04495,286.25256,151.48015,196.88838,130.5898,132.58278,141.65857,212.02464,312.35312,142.23322,182.91891,41.376778
74.885956,39.129974,172.0964,94.67443,101.05568,126.20662,35.76053,56.03921,45.253014,24.747267,70.15505,106.643906,104.45273,32.203773,-4.609562,62.470505,15.26523,95.687775,136.53426,81.99324,90.69868,48.512486,225.40222,16.853745,63.29525,284.51984,119.54074,201.25656,153.67343,128.2465,159.26526,220.44638,327.77667,187.04233,179.88008,19.751362
68.54466,66.102425,178.58646,82.803894,105.02961,116.26671,16.624237,55.08951,78.98495,27.76928,89.68138,114.89894,136.83517,45.690056,9.5804205,79.47033,54.898354,108.67668,155.15115,114.75685,104.81793,67.63098,211.29967,23.398354,82.46925,275.1926,137.17216,200.4764,158.73346,129.34093,124.73168,210.22221,319.66693,187.60004,204.07642,9.6847515
73.35263,69.44567,140.01376,73.827255,102.393776,120.04175,66.71747,72.01249,94.4926,60.607437,88.75266,136.81017,156.6831,50.371105,34.525932,94.779465,77.201614,78.42501,181.7485,113.104675,118.25613,78.35729,218.59451,37.14363,104.89046,288.9455,230.13557,200.73804,129.57735,135.26451,127.65621,218.89189,312.81174,191.17336,187.69208,35.37776
65.447266,68.91036,130.03421,55.252384,91.30133,111.86698,80.96538,67.52936,85.330475,87.8995,126.4365,140.3509,131.50049,80.578766,44.600807,86.964966,63.44039,119.05733,222.97794,131.11255,129.35672,97.22841,248.64392,34.64011,88.82247,302.421,232.26505,184.87311,140.0932,137.2193,149.67879,203.11058,300.12027,212.50285,193.2941,54.739002
66.44682,87.79956,140.32329,53.423363,92.278984,115.849884,80.32903,80.63951,111.38134,91.36039,109.34412,115.50034,112.35325,82.64359,39.136353,80.14602,64.85777,167.04358,238.21828,95.29423,139.89795,95.55383,255.53432,15.722471,74.66115,281.4505,261.65808,183.5588,142.63408,140.92055,144.4454,220.83011,265.45132,250.20778,235.35704,64.3667
81.2036,82.07052,129.74428,85.037704,103.49971,142.13618,92.99568,80.70468,135.05168,104.68604,120.95253,115.49224,116.929565,75.66281,26.559269,89.22298,69.55481,121.87561,221.05717,142.88902,165.25302,103.47048,190.06195,47.17454,81.89614,295.84982,243.26738,165.40718,147.128,136.82553,148.2607,205.90747,256.21692,249.77916,177.85121,54.678295
71.45705,94.9368,139.92374,116.11093,125.404,139.25311,91.198906,106.249954,128.58159,135.26846,138.02075,106.28916,136.76817,75.639015,42.35932,98.84957,66.3942,155.34862,237.53142,174.5106,175.75766,87.242744,220.75232,30.083874,76.22801,215.82385,250.4267,177.8873,154.38937,150.64108,165.08162,220.60513,214.08423,246.1548,181.63788,55.488255
83.735504,80.484634,130.26149,116.44742,95.34303,122.350006,90.91897,126.38522,149.13823,155.00993,192.32076,89.55953,102.604744,102.11866,47.436226,101.97506,132.14557,184.4059,233.38681,172.9481,151.95937,84.071304,211.3143,24.63747,60.401894,191.59479,242.92972,207.7032,149.62378,137.68674,168.13106,208.19505,220.60066,216.6695,227.09476,65.764275
91.20895,59.079372,139.57684,103.26284,105.27167,88.03282,72.87312,114.741135,135.55927,148.25633,184.13684,56.154064,101.44318,92.97785,60.22736,118.35995,139.8121,154.01112,227.2094,140.84958,171.60432,86.9957,226.10497,19.196861,47.568108,180.55785,230.15814,202.3507,152.09583,139.79967,172.64961,226.8463,205.45415,183.61664,219.10983,34.969704
91.5663,51.658226,141.92976,103.53605,116.9091,70.280075,87.42782,89.86203,112.531456,145.91382,171.27478,76.345566,58.594433,96.84566,76.466034,95.09971,110.73122,123.95619,239.23828,142.82913,158.34952,74.01411,262.9028,-1.4725275,38.01142,177.81238,214.92279,188.08331,151.85643,151.88496,173.67542,218.25983,189.36644,154.47525,184.2164,5.315975
100.77103,69.30423,110.426285,120.69915,106.05298,44.298725,92.52835,96.58259,106.99295,122.72114,138.67761,65.357445,30.448343,108.80834,49.015953,94.13074,94.03616,133.86339,272.02917,124.08081,126.0563,63.943733,283.22894,-0.6779814,57.15444,166.14525,202.20522,163.88312,171.32639,157.14009,171.65752,201.43684,172.46927,128.9175,175.38394,15.610305
99.32968,64.68189,112.06096,104.647285,102.67999,52.218735,62.210064,72.15893,82.87192,120.74522,106.99161,24.659992,26.675821,106.73206,43.37591,76.335236,96.893906,121.65523,237.29718,80.865875,113.444916,59.064434,253.46156,10.325512,60.95263,177.8721,184.76498,152.63367,165.72093,159.12523,154.23534,178.23195,120.38513,159.63246,181.4418,24.883781
91.93875,50.539722,78.52962,91.58038,112.53324,48.203945,70.253914,58.944443,31.859028,87.70677,87.84855,62.24158,15.997788,78.61618,31.90271,73.17282,89.834114,107.06909,214.0521,50.823193,93.54698,33.411064,264.6146,17.333014,73.39621,162.70691,175.53348,172.07014,161.35005,168.58372,155.34212,182.42722,127.803986,134.41206,186.07997,24.57204
62.70564,49.475266,31.459646,86.35421,111.27731,49.21731,58.126785,43.248417,0.65075874,26.363323,33.997616,55.02521,11.62766,65.70653,14.324385,61.614876,68.89779,105.10282,183.46597,20.310192,51.260056,47.096123,213.83313,10.385694,83.46882,157.34146,162.30156,166.75398,169.40208,144.71315,158.42131,190.1778,147.04744,144.96513,175.2744,23.008049
23.998917,52.203434,61.506844,64.60002,77.579254,29.717407,41.699753,37.463093,21.023308,13.577335,14.052469,55.3463,21.911758,56.64358,2.365862,43.26945,30.428715,107.84798,145.5915,31.58218,54.661106,52.09737,191.24242,17.127148,68.7564,157.85033,109.61877,140.44398,172.64546,150.24638,137.78534,188.15797,153.22922,104.175545,193.07538,95.24756
42.33141,16.910816,76.85063,63.517868,62.789276,43.071846,42.621124,35.17537,40.08095,29.95511,11.195807,87.90997,53.9131,65.08443,12.410322,50.84578,26.28837,97.670975,154.31487,30.578056,79.71879,67.19824,200.09015,6.015873,56.245567,144.33295,138.51054,121.02954,171.9836,114.92969,109.36852,163.21645,144.55157,92.92723,199.34885,119.70142
60.2274,19.381649,88.02265,67.77262,59.186646,53.47123,34.934975,57.27716,71.8599,13.053132,28.873451,90.97144,75.674805,83.129654,45.009617,49.153973,36.929375,66.41779,130.45413,51.123146,80.8357,69.115685,216.68335,-5.896031,59.96764,97.929146,140.10944,143.93044,159.6983,95.21736,56.70488,158.58577,129.8094,68.549805,178.49683,94.51975
76.16028,26.769167,99.20451,73.08984,70.978195,39.636505,29.455727,61.210304,75.783485,53.284447,57.012623,68.616486,95.0262,84.73959,49.54886,45.14392,45.039093,86.39154,147.06396,55.729828,78.23693,38.851288,198.10095,10.866545,59.088562,107.1394,145.65504,150.51318,127.97992,97.11893,28.935833,133.73053,136.94815,57.73775,158.65498,101.171715
92.39247,11.842691,123.8472,87.37449,88.14326,62.55755,48.36008,49.86145,94.21403,66.52162,55.664062,86.42956,112.50147,68.784584,65.864006,50.487576,33.806667,83.758644,158.77983,70.9023,90.53309,47.994267,202.26068,3.10213,104.03451,120.90675,130.02791,162.33731,103.49123,119.69238,22.426132,161.08006,125.43828,77.54155,152.24936,119.55973
67.78134,25.840132,134.71129,81.07201,94.95191,90.62011,62.57007,54.24862,93.56468,73.394264,107.89565,98.328255,137.4823,63.554764,71.847435,68.41628,71.66701,85.7017,158.25755,95.65527,115.90057,48.35539,177.31938,-0.9283447,91.36119,103.87471,122.327515,170.06908,82.20183,130.51471,44.40166,157.9648,133.70062,121.19934,143.89081,106.99285
55.793972,59.354218,168.48894,86.368004,117.89848,101.19062,113.554855,72.79367,98.27406,95.17071,136.94633,119.793915,129.5742,71.235596,101.37882,68.74626,89.48121,86.06391,186.67455,86.12354,138.37505,75.569084,160.4826,6.989106,103.02361,82.87929,109.26925,148.25946,101.86382,140.18277,51.683876,158.34435,119.07688,129.39531,150.54501,98.23532
62.97836,72.722,193.61813,96.67731,124.39342,144.02057,97.77646,94.083534,91.38844,103.96257,152.71988,104.77167,140.26125,87.01155,114.30797,90.978516,81.84555,98.25639,177.01668,88.16021,131.86046,99.97391,176.94759,9.810629,103.89604,91.54251,127.302246,107.55456,109.68263,141.06038,49.323227,152.39369,104.72165,163.54262,140.20348,112.38672
55.854977,107.09996,163.39876,133.06339,110.1507,126.7695,54.826843,97.318375,79.82114,95.95265,140.2489,122.97108,140.43863,92.00571,104.59733,101.36615,94.56698,98.75312,146.53438,117.378395,130.32132,56.26338,184.02007,38.658264,123.79096,114.67433,92.90285,112.53588,108.60464,128.07397,48.888725,130.62032,110.46177,156.82315,147.02962,99.88039
82.308136,106.36625,172.11945,130.3008,107.05948,118.03909,49.32681,92.438644,110.13474,97.48403,142.5537,92.807785,155.0645,109.36075,104.91288,110.890884,103.63053,132.29616,150.56865,121.71187,123.766716,93.85047,195.97131,36.01704,126.35098,132.78088,91.901375,109.86795,114.6331,125.295616,56.786568,120.04144,119.91518,153.60936,173.76357,97.00099
105.80009,121.94068,180.4375,160.09998,106.100174,116.45252,51.030884,89.23985,127.25092,118.68705,124.83217,126.5363,133.8401,96.59577,79.79398,116.6431,129.95908,137.50377,166.36264,124.987076,122.83042,60.190372,197.66309,43.396175,125.0758,151.55457,134.39548,123.767845,121.289116,120.24785,60.70672,115.188385,123.19617,130.56435,187.23524,146.4253
114.36607,132.4156,151.89378,163.59894,143.67592,107.64163,54.77526,63.19244,131.3936,130.56242,148.25465,142.53333,163.82294,94.93193,60.29443,129.67393,118.74802,143.71721,160.93555,143.06354,135.92493,83.38683,181.95416,14.540731,125.85789,137.19154,125.16765,139.41156,104.18841,130.44153,67.943306,130.12663,132.0375,137.75923,178.21307,182.26733
85.60127,106.24729,133.02672,153.05353,159.0147,127.44679,83.944336,72.40339,120.60242,145.08687,183.942,165.06264,180.5751,85.70694,62.722473,103.5001,118.923615,170.41681,165.75818,169.01102,141.7398,100.90161,154.41832,-12.27922,130.48096,138.7099,100.96884,143.69019,124.19164,146.51108,65.02559,127.3615,151.20259,165.34035,175.09138,180.14778
108.322426,119.88242,165.15446,137.8068,149.55994,167.39967,102.97235,83.42464,117.90063,183.0789,179.37958,185.67859,197.95924,98.39701,73.150734,85.87619,144.4667,179.30466,171.49826,148.4148,135.05295,112.60273,166.81776,14.083706,111.23892,149.72086,118.98316,119.60407,118.06439,143.66643,86.91432,124.493484,167.39258,163.77585,185.20787,165.70242
114.204704,100.8401,134.92068,152.87793,158.03323,144.16072,132.07411,78.63943,113.73131,130.33102,132.4866,198.61618,197.36066,131.37953,123.99733,76.287506,147.97276,185.64035,176.87892,139.51347,164.63034,123.388824,155.3482,24.86379,81.88813,162.44409,131.85582,101.650444,127.08772,117.63376,128.6402,138.45172,200.36336,172.97261,170.82742,159.67537
117.97104,137.78406,129.55661,115.28481,128.79482,209.4185,160.93817,109.27273,117.199425,114.66868,113.094246,185.74094,198.49121,164.06271,136.13228,118.14618,154.86072,200.4473,186.91183,113.3215,180.41893,143.0036,160.5709,11.552302,85.84187,146.08731,139.00838,102.12302,152.2879,99.58304,135.87283,124.167694,194.97232,195.94061,168.21825,145.00996
99.921974,132.8072,123.15141,101.99255,123.95456,180.33499,156.10425,138.16751,116.082,135.32347,95.6371,220.33069,193.14384,161.90118,160.37018,119.089165,156.20274,202.14418,187.63463,148.84471,196.75252,136.18384,197.46136,40.66107,101.435234,147.15703,144.47882,105.0261,131.38098,117.90834,140.47386,131.21376,192.78564,209.40652,176.75056,124.66511
116.60628,129.12906,131.50262,109.167816,132.16159,186.24287,132.2041,169.73564,135.39128,108.85099,88.94131,212.22754,200.57393,201.21895,155.2424,128.79326,172.54868,201.4901,188.72694,149.33186,196.48244,172.00153,194.01892,45.39554,104.095146,168.55267,153.67049,145.1561,132.5196,110.00307,143.95859,125.057655,159.25778,198.71881,168.04498,131.71011
98.78054,147.65569,103.981674,102.438614,146.38557,202.09564,172.44882,163.62828,111.7079,132.02151,82.22737,200.48384,197.61943,177.28845,148.62793,134.71672,144.35895,202.49162,174.86528,150.20479,203.35072,162.03972,143.80055,44.42646,84.94694,146.00204,151.20929,160.72847,156.09239,119.81455,149.06711,139.41162,155.7273,162.28629,233.05771,142.3586
90.037926,150.7958,104.9998,88.917595,124.90804,195.33516,166.4269,157.49644,124.31544,129.33913,93.7425,201.93259,186.90773,165.99718,166.9183,131.46399,115.46872,190.04825,165.9234,166.86963,200.97331,161.74792,138.27638,55.923008,72.57588,145.0965,163.97595,142.83913,141.52882,134.3465,161.1353,139.1232,132.96017,167.65167,198.44846,141.00546
97.65366,149.84093,99.69818,88.91284,148.94931,178.55206,137.66435,157.5139,135.87617,137.63998,109.44406,203.2399,202.58452,176.18669,172.51724,110.78493,156.16733,174.49176,175.67241,156.65675,228.17842,170.08809,140.21245,84.143715,61.187984,141.7859,173.48485,138.47076,134.78267,137.04517,159.98164,143.68228,126.14359,175.23557,166.37936,165.73679
95.176445,136.475,126.462715,107.5454,139.46925,184.74673,182.80258,173.49652,135.69118,134.63647,126.003174,217.73936,185.2561,163.45488,155.94084,160.12833,152.57585,172.99916,190.65749,164.18738,176.11517,178.48135,160.23032,70.53366,67.04115,141.42879,190.49234,119.88024,121.84079,132.02661,164.671,146.97343,125.46136,188.51785,158.3643,162.53844
99.23151,160.9467,135.66737,106.959236,109.12828,169.76341,172.67746,171.5274,142.31033,157.69635,142.1939,210.73386,182.10233,189.16602,158.83203,139.36417,169.60248,186.11803,193.04137,145.52939,180.99892,187.35611,146.9778,90.41621,78.52041,139.85817,177.22906,118.74453,117.27073,117.00415,160.69261,144.67255,165.56723,173.41081,154.30367,152.53297
132.8112,164.44759,141.29176,116.724045,120.42799,187.751,172.5128,197.39299,112.54755,158.98479,144.76399,208.457,168.41397,186.23033,102.54821,137.18367,170.11674,202.88412,191.3017,115.554886,189.58444,171.9794,140.64641,92.00469,72.69281,159.85625,173.38686,121.38933,119.600266,136.02316,148.53989,110.78757,176.21613,203.27354,149.48709,182.447
116.3896,168.19443,145.83075,107.45871,115.757996,169.88737,156.33197,147.58995,99.61471,131.77321,138.77693,207.06444,182.91687,186.41039,117.20941,124.43552,176.92229,182.40604,161.03767,138.84796,184.25552,157.68001,146.55391,120.21417,105.39371,166.95966,119.704445,117.18522,85.28558,135.59717,160.33737,104.233475,176.0351,159.48099,145.20532,177.79945
126.846924,112.043755,148.88687,105.3443,103.22372,197.74411,142.41258,169.02936,134.74944,154.85765,132.92628,219.15527,186.10129,178.32724,129.9857,125.7295,147.00822,208.37039,142.63403,162.52026,172.53737,159.45953,138.20819,122.75985,106.665886,134.12576,92.99903,89.40976,93.92448,141.15805,136.5416,102.021645,203.61021,132.66853,142.34114,169.60391
130.98322,109.08893,144.16466,101.19143,129.47087,199.3507,171.98134,168.28705,148.89693,164.48315,148.58072,168.41228,162.9317,170.87221,138.2531,122.999405,172.84213,225.73335,132.79074,168.89423,205.62093,154.23216,126.43742,113.4924,120.14926,183.75189,102.791046,90.83104,93.54026,140.11743,146.8477,97.55516,194.04144,107.861885,166.9363,119.654686
136.12444,142.44472,159.20451,110.32136,125.83111,199.29321,164.34068,147.03036,168.58238,173.01717,149.49937,186.94427,183.05676,143.97537,161.40639,146.27586,170.99736,214.84457,126.999954,207.43123,193.4562,155.18596,130.64424,124.14246,117.00281,170.8928,90.57759,98.72679,100.806885,154.526,133.35172,101.2736,186.51903,102.94223,173.00613,105.23728
148.34412,156.78247,159.07329,111.300644,143.86404,200.5125,163.09448,172.15363,194.07802,176.00404,178.7447,160.50414,189.23195,164.48059,155.11623,155.08058,175.1351,204.03401,158.22092,218.74516,211.17001,154.90126,132.52956,116.7081,134.81793,170.57639,88.80241,105.441284,95.84985,143.25784,122.2279,121.00039,195.60829,119.576775,165.15253,119.410255
172.05801,158.62238,174.47647,118.28339,137.82202,205.80624,153.91635,162.30443,174.04744,184.75305,182.29512,166.514,180.5324,170.1845,195.43358,177.34688,178.40361,192.19531,171.00916,171.59805,169.91673,160.80225,76.63063,123.14862,119.449104,168.54102,106.37922,107.557846,121.828094,110.44052,142.53424,115.90408,184.209,130.06311,174.0091,128.32976
168.63234,145.97784,201.94034,102.40288,146.34143,201.87509,150.33783,166.51756,175.82861,177.28722,191.39056,162.25858,184.06776,178.10316,166.00133,191.57655,179.10512,152.00336,162.58969,177.59682,176.16049,170.20927,85.457695,135.79514,127.9115,163.6492,78.22228,110.5933,134.1643,118.06417,138.04199,109.48905,157.68561,144.98602,167.79803,155.09198
173.33904,111.438446,230.72858,174.53123,183.26161,161.75633,168.7346,160.5505,153.10336,167.22447,200.1537,157.19995,197.65433,168.46837,176.94951,172.8711,147.62479,153.59328,159.47476,157.77628,180.79314,177.01913,38.084633,157.43623,114.569496,119.64675,88.06515,75.89171,147.49023,89.802765,148.54665,112.21053,111.55052,99.18361,186.36877,143.48448
199.36067,145.03514,192.35472,213.96356,174.08394,137.10545,191.10995,167.03787,152.03508,146.19652,182.04178,152.40086,178.78613,151.6451,161.95865,161.87279,138.69691,128.78664,147.18916,162.65788,181.69876,178.17505,85.071754,148.01553,129.99068,71.48005,84.91527,67.40661,134.60997,83.05667,156.3957,76.203545,78.70989,73.98535,199.8452,140.82329
222.4751,130.91113,157.15305,186.32262,181.54466,173.64801,200.3469,165.73325,142.4526,146.704,174.46072,167.29132,192.15549,146.34668,159.77722,160.96022,140.09798,104.080574,134.53261,142.51326,164.69257,180.63744,73.54823,128.94672,156.47314,73.56758,87.66362,52.3651,134.7032,80.730835,137.21188,96.1832,84.12303,57.792545,189.68924,161.8529
147.55443,138.61722,144.2356,166.07393,152.03406,203.11143,193.76082,169.56586,97.241745,120.570625,174.00517,171.92831,169.77863,168.29745,167.37325,138.94672,131.8896,113.04942,128.06465,132.32693,163.74925,164.10754,97.37843,117.92025,169.46913,78.56512,90.098946,48.67901,112.213,111.84112,120.65553,80.59724,90.50613,49.55059,164.43842,154.5113
104.07264,140.37251,115.93368,131.97035,121.57421,165.47473,183.83472,148.41144,90.00159,136.54225,161.68127,188.05762,163.10547,178.6421,159.19759,141.18596,114.04097,124.0469,150.5614,120.67684,187.0604,125.513725,130.65665,103.85819,173.58624,91.71491,81.52967,52.190258,129.48257,101.65883,123.25067,104.19971,93.05094,62.97503,159.2368,164.13972
111.92778,136.19182,121.62895,111.862305,95.97111,153.0274,135.1258,173.36746,110.55979,110.42241,151.52827,169.39325,174.10863,179.36057,137.97516,134.57887,126.731766,135.34799,154.23181,109.20889,167.27798,111.07671,117.0276,122.353745,167.48383,97.509155,79.62026,66.0793,145.45656,98.03505,134.7314,113.96456,95.09737,92.19766,151.99156,167.94106
101.89359,133.22264,134.88158,126.776184,108.841965,184.58588,164.13557,146.88757,107.02091,126.15332,146.78607,168.79453,187.80429,152.39764,139.79652,124.0158,114.95677,126.77376,153.26561,130.55302,155.94612,117.39439,113.340454,140.57817,159.62784,96.25835,94.251076,82.55594,135.87694,121.8186,144.67561,81.7677,108.46326,144.38385,164.12888,166.85837
91.38676,113.673065,140.84482,123.78051,102.80355,192.64687,186.09845,165.1996,109.38306,152.56673,140.88509,179.05095,168.39433,177.98952,95.78739,126.87533,114.387436,129.12117,153.10144,175.03165,142.63608,133.94682,117.48284,156.64108,152.85231,88.83513,126.05922,68.308716,141.40483,130.99313,153.05783,102.30492,107.39677,134.90875,167.68123,147.33951
88.85282,107.144806,136.21555,130.02911,105.03807,172.94978,187.78111,153.70013,127.363686,137.72171,140.39426,167.4862,180.7579,171.29065,108.824165,113.90677,126.90263,143.27408,138.51549,143.12375,159.48856,141.27585,98.8828,161.39569,133.91711,84.164024,113.82625,54.765156,156.41524,133.0108,147.91032,92.374344,112.41516,103.96883,177.82886,144.35178
88.67348,122.14197,153.96889,146.43771,125.524,197.26631,208.93379,143.99178,133.272,143.91328,144.8847,158.14964,185.07253,163.99844,136.94307,141.91347,133.79662,147.65398,115.03148,147.28429,143.70816,140.68074,106.29097,169.12543,128.16887,72.36719,138.09938,58.666107,154.81023,135.85402,156.32622,61.711853,140.58441,100.64082,211.66904,157.12526
96.24652,124.211075,199.85507,138.52867,136.74756,188.98633,198.32387,148.38503,140.22516,136.47313,152.8713,153.24379,179.51254,147.57764,155.06595,133.34137,128.61653,153.4089,133.20477,143.953,142.9184,139.08257,103.15317,190.98123,133.48041,72.25383,173.4059,58.583725,163.19855,89.057205,147.62007,68.36683,129.8915,102.96791,178.08199,156.3252
116.64861,117.399376,183.17883,163.73111,162.58058,178.00499,191.17328,164.80449,132.98439,146.98532,135.43385,159.3091,184.0689,142.9102,134.3038,139.21904,132.61313,158.1211,120.35437,179.12825,143.02771,138.5553,71.706406,209.06215,144.68541,80.48645,186.08913,61.167763,147.2551,76.690994,120.1438,73.091576,105.08891,90.56118,172.01192,157.06567
123.70263,128.97429,162.42279,158.15309,168.36424,148.72684,150.46288,166.49214,138.42152,161.49911,153.0622,173.82504,172.25085,147.25119,130.77776,138.1473,164.57974,121.51485,109.69997,163.56285,158.79105,153.44556,70.97109,233.73346,162.5186,90.070595,170.99973,57.195194,129.32333,65.32728,119.094986,85.58379,113.759315,68.534805,196.5981,141.92883
112.68147,155.03352,165.60216,137.44598,155.55432,175.3927,166.55696,159.38222,148.87723,147.61346,157.74728,159.76767,164.71521,153.5095,161.61136,150.4719,160.77814,131.12167,110.42981,120.13901,157.40543,126.30951,95.27049,218.66423,159.53627,95.42475,152.62732,62.923088,105.37426,72.01927,106.83582,82.45691,104.51598,85.88719,175.47644,152.30373
127.889496,147.8378,169.25273,155.44443,142.15276,145.89305,160.77452,157.42812,124.40139,140.54745,158.5937,151.58403,190.49644,145.80792,104.586205,146.12628,153.82059,105.45422,104.385414,128.45859,156.56093,138.24628,110.41842,199.05547,151.15244,98.05493,155.68146,70.420784,106.34354,74.97994,114.99387,101.54309,106.561806,140.45718,164.0709,158.94258
120.16115,141.31352,173.96208,148.24586,129.14906,177.67224,191.08623,162.20753,129.63652,141.48598,141.06482,152.05547,160.51283,159.99039,111.72641,127.92611,141.19342,115.062195,113.71759,159.93661,162.44191,157.75903,132.96976,139.28098,162.00146,107.673546,152.71072,104.14771,96.54294,81.063324,132.66518,98.456795,148.60759,160.59991,162.27376,160.2666
115.90261,138.88292,165.39293,151.88722,142.27988,144.03284,177.21025,157.5761,135.3419,156.34055,142.95378,155.94656,164.09311,154.97006,157.25256,141.05347,151.15265,119.389786,130.76865,172.8128,183.72125,162.06725,107.17239,148.55434,173.43095,120.97214,168.33455,108.792915,97.46173,79.12787,132.00372,108.39419,140.43819,120.68162,188.41545,161.68416
130.7732,152.45311,177.82529,165.58505,150.73405,153.68968,179.81099,164.01834,162.8531,158.68904,148.92409,140.78801,167.67813,146.51643,177.14305,155.37865,142.171,154.16751,121.49941,149.50305,161.71776,161.3344,125.776,135.11572,156.08286,101.78991,163.2392,117.295425,101.41295,86.35898,111.67365,124.903244,114.43324,88.24649,193.42023,151.22452
153.25401,136.13754,183.40158,148.38596,154.12679,137.42389,186.87372,162.3944,136.6468,141.85236,139.90506,136.13072,171.69127,152.82352,149.38326,166.92545,113.69153,159.71556,137.24103,143.67557,170.24734,150.58331,138.94965,168.43497,150.71606,111.4736,180.96973,102.236,105.16164,89.208336,102.470436,144.33406,107.55322,74.227005,223.53899,151.21263
138.03197,140.18414,174.42816,152.8582,141.89157,163.7614,203.24577,146.75835,141.12117,139.93477,139.19862,123.35367,175.84868,166.57458,140.45454,155.0607,119.91934,128.11026,115.25191,127.739204,160.64398,146.91397,144.40562,160.00719,154.40262,102.45035,171.20894,98.81177,100.95718,93.41786,125.47082,109.86672,122.99611,85.66983,199.3955,149.85272
127.70761,145.11809,186.08775,153.2152,154.12538,165.84421,165.81282,156.78758,155.13486,115.54303,133.81834,137.97836,137.80888,137.16422,155.57011,149.99095,82.10127,123.29192,102.34534,120.31667,160.41481,133.95094,145.08577,180.08418,183.05641,103.82722,170.2834,85.291756,132.36916,119.50017,148.47816,120.9434,129.30093,92.35514,200.36365,157.11823
123.39257,141.34999,171.35301,148.95782,160.29192,131.48555,126.34543,135.01021,116.729095,138.1307,132.87541,121.77437,115.60852,133.67517,146.81659,144.97353,99.19249,103.00282,131.88068,137.05562,163.41963,129.43103,121.97681,178.76277,179.83176,97.0913,176.985,102.09039,140.97153,115.741844,156.3363,107.1989,134.30566,67.10799,169.30978,140.14542
99.41007,161.89174,174.98997,146.81256,140.85078,124.53706,162.97525,129.65509,117.1212,109.10978,139.49643,117.99266,170.3003,114.67982,117.76166,146.25562,105.82833,112.2078,126.04782,147.34811,167.19177,117.23968,130.53271,163.43558,161.79208,111.78615,176.11226,109.45728,139.46852,120.1091,147.7743,130.69908,94.88363,58.79473,164.8354,164.89404
85.650734,181.45387,153.13396,144.9055,136.51767,126.32234,136.85535,119.0865,114.69409,124.47696,119.21181,150.88042,175.42928,149.04897,133.88887,127.58991,128.87288,105.26048,150.42804,112.245995,162.05489,130.77951,140.42227,155.3017,169.4287,104.71129,183.17024,116.08897,131.04948,119.920334,157.19362,132.48634,72.517075,81.88049,170.98317,178.83472
110.96267,172.81367,128.03453,133.78523,133.82333,167.34486,144.42778,126.70444,102.80557,119.59712,134.88272,146.0711,169.02039,162.59377,122.81659,120.18627,136.25633,111.47072,156.1533,133.9854,177.29126,138.41212,126.04304,166.8838,162.3723,87.24168,175.22206,120.67605,139.17096,115.21836,168.86055,117.76135,89.68412,112.79958,183.03651,165.49033
122.89132,171.28616,134.16516,123.65604,139.15733,171.94104,151.73505,120.62191,133.08075,129.1481,133.73135,135.78416,165.82307,147.98068,118.00081,125.39275,129.28313,137.6612,172.50731,151.13937,167.99277,126.97987,132.78412,173.3549,147.80722,86.97602,226.55623,122.662094,155.66582,127.01309,154.49219,112.42137,97.43682,117.62152,170.06395,157.56993
118.16407,156.45207,152.08952,131.0809,140.92038,160.68848,166.67645,139.66699,126.9923,145.99518,138.88034,143.73888,150.83208,192.26355,119.62151,126.58544,125.67155,171.75232,175.66801,162.59273,179.0222,126.29605,138.74976,169.61304,156.0402,79.950745,213.7487,105.64005,128.27487,117.175606,143.27592,123.58474,99.40765,112.54903,167.49118,153.70622
80.38108,140.4532,150.80548,126.904366,134.04065,153.34077,129.68832,134.83855,141.45828,143.12926,151.1737,137.24098,147.9819,160.07236,117.36558,132.54466,144.31013,173.37384,186.12091,186.27655,167.35721,72.708084,131.2641,186.52817,152.65094,75.682175,204.16339,112.851135,136.3296,102.09662,143.04948,119.61686,76.93854,110.15046,161.6542,150.08813
97.86324,127.23171,148.21115,141.03664,119.761925,158.7511,122.22855,129.10211,176.1659,166.97932,174.26189,165.87126,154.47552,155.55348,134.09032,151.4985,150.56882,173.39471,160.12187,180.31372,138.51762,75.637924,71.31801,175.39398,155.94531,74.50317,197.6276,115.04167,142.08644,106.3209,142.28302,115.184296,74.033,40.935806,160.18362,171.00949
92.68149,115.89873,154.14511,154.43857,104.60199,144.88885,120.70311,140.13377,143.5575,156.36906,177.91537,128.4008,190.62791,157.07115,102.12799,182.58269,158.48894,120.36166,133.75075,137.50896,151.69005,73.49678,106.98348,139.02164,158.03093,95.88647,171.91438,111.15256,140.59341,108.87916,153.10959,125.8554,107.9258,49.088593,180.45688,147.47498
74.86652,124.004395,168.54274,161.01094,132.95839,161.06728,173.22357,139.04881,121.34667,116.352455,164.69064,130.16312,146.82678,130.64369,96.264206,172.01555,143.43561,105.93392,148.58112,94.35591,151.07864,75.0603,148.78584,143.57379,161.62965,101.3205,157.83647,106.16829,143.85149,91.02724,156.79924,133.59334,98.15151,45.752472,169.67145,150.88747
96.232216,126.237785,141.94728,150.61073,132.26451,126.95002,92.81033,113.79863,115.706055,107.80037,164.61472,132.85406,142.65392,129.47595,72.109604,129.7619,133.0332,98.636826,157.30573,78.11671,164.92221,82.82028,175.2893,144.3527,150.71965,116.28547,140.25969,104.95917,158.52385,72.23256,152.25903,115.90617,117.16724,63.674946,156.51662,152.04996
97.787994,92.86588,158.14108,167.3313,123.37174,160.29277,81.56741,91.94841,102.74219,101.6868,160.16682,110.9067,160.80576,110.47523,73.93639,112.79757,111.08947,65.38783,137.92377,103.12443,166.80211,88.07437,168.59688,158.45578,172.72992,132.5899,158.50009,119.0247,134.5173,68.699875,140.46745,114.60442,110.946365,81.111946,154.07655,146.98557
82.29609,80.37476,165.76338,141.62881,131.29541,165.19385,55.579964,101.7343,113.13277,111.76939,151.68535,129.61426,170.32965,109.30843,82.46391,90.77684,120.631744,38.13096,140.35771,117.2845,176.87971,46.40415,173.30235,160.00705,174.01746,131.7001,176.03358,109.38295,136.97931,48.17102,123.106125,128.23149,97.61445,61.39467,147.4301,178.745
71.66179,105.94272,144.48079,138.50562,164.23924,137.41788,64.94027,79.43877,78.87297,119.92641,153.75862,135.16287,144.469,91.886986,85.50811,96.750565,121.42573,64.470505,137.48445,118.7897,159.2213,70.96756,165.25375,155.43907,157.35701,114.56171,113.337845,140.582,129.28151,51.702457,102.00693,118.97584,101.15733,66.94834,162.67834,159.36317
106.49424,106.47993,142.5452,133.53253,131.38762,118.46209,59.179962,73.562096,49.015785,106.720924,132.54276,125.054214,114.4814,86.44871,50.23839,103.65868,105.72884,98.520195,131.7495,96.94872,152.25665,96.37167,170.01668,145.87823,156.44492,105.654366,134.1525,153.31755,87.93434,25.095142,84.7607,150.847,94.56583,73.78986,157.78165,131.28085
110.76799,111.96324,114.9811,95.38002,99.44372,128.89342,74.37535,57.22593,54.826977,96.29787,135.15407,126.42666,113.25003,77.975235,84.74392,60.368248,96.730934,99.993,120.77264,102.23494,147.23274,102.65537,160.13773,125.1761,129.85724,119.76336,143.89935,137.3829,63.125065,4.592326,63.265137,135.10236,123.32775,84.122604,165.53769,106.144875
90.50054,140.55379,82.410995,73.26298,82.81376,103.5623,89.622406,88.95412,-7.5027504,95.53552,136.6386,122.5644,115.827934,77.55329,63.783348,80.37173,95.08398,96.3122,114.04489,112.85516,157.1446,109.57262,183.21494,111.49309,128.6978,139.75273,159.23299,129.40892,-1.2309847,10.926721,30.04801,54.20221,141.62556,95.858376,168.34897,100.85549
92.34053,109.11653,76.19203,76.83237,76.23753,112.83116,100.741554,97.13838,92.287575,74.91301,131.27446,144.87247,108.74366,90.39209,65.703354,60.44102,59.998306,101.095314,114.33952,104.808105,141.15385,102.422844,151.65381,68.04104,101.00175,140.21448,163.3746,105.979256,12.890711,-0.700696,21.503712,42.990967,148.4913,77.07587,171.86668,109.71268
80.59073,88.49805,66.17845,100.652756,73.56854,111.23757,105.49492,113.48473,98.547874,90.718056,149.76268,152.70491,137.52432,94.97271,70.90464,81.73735,73.23562,104.344864,114.85617,89.06616,179.69037,106.0,129.12843,61.95971,82.99909,137.94098,175.1661,115.66825,5.0591793,16.786404,34.574043,46.102154,131.91606,78.54207,177.77625,106.887405
92.07897,89.40648,78.806305,115.65772,86.25371,117.98544,95.42915,116.730385,95.0772,90.96785,176.86093,150.59744,176.54922,107.924164,71.0469,100.24399,75.18132,117.05411,110.51756,113.87536,178.90302,122.97337,124.74586,66.25323,63.81712,145.55223,184.41927,131.2216,14.664294,45.406235,23.647215,48.26228,122.94565,90.73093,210.5475,94.82093
102.96921,73.26897,115.27028,104.026566,104.8729,129.04163,134.01572,121.10254,117.8567,113.43144,159.05745,148.31319,184.30113,128.19733,82.305534,107.94002,66.62347,113.474495,113.67572,143.52821,175.03778,129.70087,121.238075,97.31827,44.665,131.59766,177.14276,113.54661,26.558395,64.20941,37.274727,42.906845,76.91571,113.5231,181.79837,88.64326
82.805664,81.60877,130.7809,115.851395,103.37828,139.74211,144.36864,139.71129,118.168724,134.22433,143.25668,151.48793,175.7262,147.26727,85.82318,107.5764,65.210625,140.38443,123.68689,138.65266,177.59512,138.02539,120.69534,96.427025,41.72526,105.36389,189.27325,107.83865,27.461132,90.18853,28.300262,84.394455,67.24125,105.67177,168.25249,95.82213
70.56302,51.94162,152.17029,122.87735,104.989075,141.5544,167.43994,123.37736,119.064316,141.99055,143.54779,161.1241,134.65057,141.23042,124.80144,100.22583,92.082634,152.63971,139.78879,150.80457,180.8313,143.22003,116.56885,88.42998,66.876305,92.34212,171.7266,118.8515,34.74594,98.934715,39.704544,93.56967,80.32808,121.37796,174.8909,107.73658
74.455505,61.794178,164.76135,135.24593,107.602135,104.52099,144.51477,137.30087,161.7565,132.99629,155.39009,147.474,150.13374,145.02844,142.43394,119.39245,87.63548,156.48837,137.14429,130.83809,164.14769,143.48454,137.57462,85.7893,81.83978,98.57033,143.29326,121.19404,36.532524,109.38149,43.31947,122.38085,85.976845,134.56158,180.11896,115.18265
83.030945,74.33684,155.04303,135.64084,118.36799,136.53719,144.52913,137.0263,150.17859,120.12089,141.68056,137.7527,161.54025,151.68843,124.37533,145.80655,121.38127,173.00182,129.38231,152.23567,150.54295,153.35742,155.86736,83.390015,107.073044,106.39345,174.09404,120.25219,27.426958,117.12759,69.43269,127.91545,119.495804,158.41322,181.65125,138.66989
77.732216,92.21011,140.26321,153.03831,151.89696,140.27538,159.39539,146.51187,106.94878,141.97395,146.62584,150.01305,137.20256,144.88339,136.35556,128.32884,135.40314,183.07072,146.20926,132.70778,166.78784,149.30692,137.90346,90.84099,110.22288,118.46635,187.21298,116.24835,33.139217,102.30339,96.584305,109.942,156.58716,187.2081,184.73024,133.00475
112.4716,88.64894,132.66301,139.58925,174.09677,136.58902,136.40521,147.5515,118.96719,99.99667,155.75764,132.63013,150.7581,161.13829,131.05058,134.22543,150.8299,202.79442,155.13931,167.8869,181.34532,163.93225,186.81009,99.07274,105.704414,113.19577,196.40111,125.56586,28.834618,101.10128,81.16414,117.23471,175.48244,169.561,190.71545,130.38072
113.795494,117.1426,138.91309,137.71611,152.62909,126.732925,158.31967,136.96422,122.95545,112.61991,153.18301,130.5743,152.60344,150.70703,156.16539,111.8831,151.55069,195.41154,183.37712,153.89842,169.26411,155.99135,222.9725,105.344345,138.02042,129.55553,214.8824,129.10603,40.250687,101.517166,87.55438,133.26468,155.82085,175.10207,179.15344,118.00447
107.28857,128.58568,139.0098,124.45769,135.64424,139.66187,147.65573,147.04008,134.23537,110.37152,163.08096,120.85978,118.54887,155.91335,145.8025,119.76471,142.75835,205.8161,184.58423,155.24126,184.74092,156.07445,277.4582,125.8415,121.678734,159.98074,173.58911,141.21233,54.84146,118.603325,110.5924,125.31888,145.15872,168.3925,206.9554,116.42819
118.985306,147.86124,121.359116,114.81889,118.532646,112.539986,132.31279,164.3257,136.98196,135.62918,147.54895,128.87764,130.28719,103.85772,128.45851,131.10423,159.36601,168.95872,182.35905,200.42224,182.44812,128.2644,285.52844,134.74574,128.84535,159.56776,204.23288,129.89694,81.69843,129.38774,110.48911,139.48538,157.95093,175.72083,198.53224,111.00696
100.85103,127.27567,109.4154,112.91189,126.35976,145.89256,134.71538,160.38625,143.72539,154.70168,171.73225,130.47072,139.4635,125.12172,144.19945,121.15683,123.65004,139.76103,185.83228,179.85565,136.55618,106.298355,283.5093,125.94682,131.01402,172.91336,191.52432,148.61562,77.95211,120.36641,107.01117,137.58922,182.41267,176.62239,175.109,116.57757
93.15922,87.5307,130.0436,126.64103,140.35971,130.38907,132.30824,167.8237,133.23717,146.1148,201.04741,118.92729,103.1288,130.81862,182.01973,117.57185,113.316605,154.29492,166.84087,123.4214,144.5153,66.49782,264.78146,123.740944,122.073875,194.89903,214.49792,171.9287,82.57151,162.61269,96.87146,134.2031,198.63324,200.24307,151.31009,104.92546
93.45568,123.45051,138.04182,117.77191,132.5248,123.780174,93.17384,156.23529,121.88191,139.12706,183.9889,72.88393,118.79177,110.86639,112.66501,127.27763,98.84957,166.41809,183.36475,144.85817,133.11858,63.022152,245.99347,136.09814,120.6707,188.98827,194.56238,172.63608,83.642426,175.5041,104.18762,134.12302,205.04112,183.81798,144.03777,114.91817
102.17021,123.63569,133.01059,117.310425,115.465645,119.30746,111.540886,106.325195,125.053055,144.0215,159.17456,121.241005,84.72173,90.60621,102.40713,111.72194,89.38037,153.59178,203.7281,128.7716,131.10416,76.04582,247.79356,130.19377,117.42438,186.3984,180.45206,169.80464,93.77028,159.63902,91.24618,179.945,250.33154,195.41501,134.7422,118.59078
101.08132,101.29396,173.72394,107.17072,128.44638,89.291336,124.34056,113.89812,134.37218,142.97517,153.1098,83.01535,102.15042,75.02744,92.549576,98.70045,96.423164,172.29294,235.0486,145.41473,130.05684,67.79072,225.14383,119.37002,95.923706,236.7002,201.37413,181.00217,87.83726,131.74028,89.04302,158.23546,237.84714,169.28146,134.95508,123.25181
88.278046,86.59824,190.11014,131.79129,152.05103,90.47098,132.17523,119.30405,141.0958,141.03278,154.67322,85.34043,98.4451,96.91985,93.12979,93.82093,117.371704,177.38806,232.76974,159.91382,137.7674,95.45925,214.43184,108.08999,113.78665,234.69054,207.66226,186.25517,88.93802,138.91225,114.96087,165.19485,236.98134,180.81693,146.44244,136.52933
95.889336,59.45816,153.24922,159.47018,193.535,100.05338,129.92542,121.5254,156.78444,144.94539,171.8661,69.191315,106.77128,121.76167,81.53113,123.75894,143.41,187.23814,224.31503,168.65079,134.73196,94.52101,223.53374,105.555786,99.758156,199.65347,226.34723,158.61763,67.91339,134.33934,115.28345,181.40111,230.1084,152.5371,156.27196,193.22449
82.59464,56.744705,144.34644,183.06404,179.98174,116.70801,143.94194,122.179794,152.00748,151.39702,184.82613,85.50127,103.15715,117.46667,89.78772,141.96468,156.67792,171.29832,238.31287,188.64383,152.40396,79.26557,201.91255,111.54353,115.52324,221.17221,218.256,142.26207,63.28237,146.60312,107.85429,178.29169,229.25572,183.94241,138.06602,169.20172
86.61335,43.692513,139.89873,188.07253,174.95253,111.15899,126.14006,115.86385,175.93904,162.22594,191.39296,56.19166,94.809525,99.754745,59.46853,139.04808,145.76505,156.88438,240.65434,193.49295,143.77473,82.92433,210.36426,115.55954,124.51776,203.95078,196.37663,149.26468,57.92175,153.58214,104.35525,162.93962,228.7358,194.02496,133.05426,169.9626
105.68121,67.714676,138.49446,144.94672,145.78093,67.10004,103.150665,106.79741,170.49164,163.79767,209.37917,37.462994,109.55081,93.38867,126.3624,135.49583,156.91899,141.87276,241.19211,180.0262,117.61822,74.473465,215.58018,105.36758,107.92796,225.55496,186.87125,156.46306,40.555004,166.12787,111.715904,167.99608,204.44887,193.92706,130.663,154.64514
96.863304,78.16864,134.9968,134.88063,127.09982,98.268486,106.90825,118.79752,130.65633,166.32114,202.51013,64.17948,112.08777,87.59451,126.26817,152.46437,152.54565,140.13503,231.71819,169.88828,108.3482,56.40323,254.36542,91.22714,88.418625,205.3811,193.60803,164.74147,43.30356,170.01747,119.45304,172.57695,162.35207,188.28313,134.82181,179.84361
100.976944,102.70796,141.86835,112.12968,139.7563,136.4583,107.22636,126.647095,153.89406,149.82788,193.12407,56.10198,63.279938,92.83351,131.26976,144.86018,121.47823,159.25337,223.30823,126.35286,90.615135,74.8336,258.46942,80.946434,86.3645,185.00467,157.52078,201.68497,52.027664,155.91798,116.70036,159.71321,175.67134,194.6455,150.33861,145.20908
93.43053,132.27284,100.328384,117.80892,156.30627,60.717964,93.24347,126.89174,112.46585,128.7557,203.16544,37.514854,50.434242,90.9155,120.181145,143.7482,115.711716,129.53308,208.12291,120.38123,68.77105,57.260418,264.9694,87.75348,87.24754,203.98167,140.67099,187.87648,44.967278,132.84492,125.802376,161.14285,184.78975,185.61568,173.7728,141.32675
105.23785,105.55963,109.11055,125.66792,139.70898,66.3478,57.24948,87.88269,120.1737,124.236664,178.02257,7.5941772,58.989838,84.782524,100.1372,141.01451,112.92809,78.72282,229.48146,50.312294,75.14986,40.21955,280.8431,81.301834,88.285934,185.80963,139.03723,178.44136,53.35589,158.62164,136.59457,168.99414,215.90604,180.36186,168.21014,106.449905
107.09663,83.91838,94.60525,94.26432,110.50065,63.630898,85.77895,83.61548,94.80311,112.41856,119.23186,46.615547,38.529945,87.1149,57.917908,110.56381,85.123566,67.856125,216.89723,82.843994,71.8088,55.06633,261.21075,65.06429,96.30521,218.32771,87.15103,168.96223,60.348785,162.56012,135.18019,182.52107,251.05153,165.69553,155.81448,109.26889
89.78749,84.29187,80.31467,70.53461,102.46058,75.42629,73.56682,65.439674,60.497013,108.76937,122.718544,63.697952,40.73194,104.53307,66.05465,101.92094,43.102013,79.04941,199.28188,100.78844,59.425358,9.946144,275.491,54.31433,94.34276,211.54234,76.40831,161.10497,63.17766,177.46243,134.83012,178.69794,215.28851,148.78711,185.62762,82.61078
64.697975,94.427376,85.85021,76.75763,99.071075,39.53209,60.21421,75.83892,40.00745,112.69002,97.34337,45.11273,23.113993,88.60835,66.02138,100.773636,40.899105,89.54791,188.07634,76.074326,57.43982,33.278923,284.8341,34.68679,75.67952,194.4948,38.62839,159.1363,55.89947,185.07312,139.64766,156.28465,225.11609,126.26903,189.29764,88.98573
79.95602,85.43759,84.01095,79.0767,89.42865,15.730164,29.895498,65.56366,62.754906,72.85756,81.85074,61.449814,22.479174,75.900375,60.89305,81.09025,41.77233,81.42168,167.79066,43.936237,45.58873,32.261467,189.36388,26.298653,63.415054,218.61263,5.024687,140.40247,56.82352,202.57669,123.56872,143.70613,249.58598,108.290215,180.54623,72.735245
90.07888,77.91486,90.36742,65.821205,83.41348,22.757967,34.949123,52.654057,84.36473,74.80938,70.734085,21.799454,24.3081,53.623207,56.26417,75.80496,42.024055,79.243904,152.8261,45.305515,47.11189,28.560646,147.10568,14.877235,70.019104,179.19746,26.456327,122.18626,77.76934,220.84633,113.36461,117.03198,253.99792,97.01993,170.99477,62.492805
92.1197,67.41497,72.56534,72.58802,90.307365,39.633675,35.66552,56.965256,108.55089,60.336113,68.53446,36.017357,55.709957,60.837715,63.628677,74.684395,67.02718,71.156494,165.32878,51.900654,35.16639,31.912077,143.0873,-2.7240598,83.05781,188.79144,68.60094,101.76801,84.621124,213.60384,122.44166,110.3834,226.16837,110.57717,168.07307,82.54256
83.92534,76.47893,73.13682,83.94676,99.201454,37.205597,22.406769,55.074684,93.47194,76.444954,65.85886,72.33479,124.92455,57.54553,54.39643,83.7579,51.28847,98.267456,152.59666,83.68424,40.63009,65.96841,198.06569,6.8682923,81.28023,170.13242,85.78426,93.55618,107.548096,194.4439,120.4047,110.48877,233.5307,101.89906,125.26438,56.32242
85.95583,63.058132,105.4437,87.239105,92.1544,55.78079,43.413177,48.25183,100.91329,107.14974,92.68381,109.74211,132.13284,39.657593,94.673256,99.9838,84.669624,69.99887,167.45389,115.08923,64.49696,79.65016,219.0591,15.374395,79.71381,195.26262,115.68388,115.0622,121.86334,164.20796,130.9003,117.14261,254.10925,108.41315,128.97636,55.406475
77.69635,64.565704,117.4257,74.66605,97.45842,67.334724,52.138824,24.948809,102.49296,97.42914,115.39257,125.192635,115.787384,57.23773,107.38167,108.71586,78.509735,74.72375,189.8269,123.33445,81.38573,99.96881,203.43135,18.993353,74.54549,200.94801,162.74062,123.084595,127.071205,151.48096,126.19626,149.7231,245.56805,111.18819,131.12694,65.26612
81.668304,49.660984,111.80281,66.05258,118.38062,82.79512,35.558933,37.276737,97.56972,60.56324,117.64391,126.39302,118.643684,61.8625,98.20596,98.42395,91.73582,47.654404,211.88777,110.428345,101.61122,95.31481,205.7465,21.066643,66.20419,200.34312,199.95743,127.033226,117.25238,137.46555,123.312416,151.2735,239.40944,153.57214,132.79366,52.115234
90.26814,73.16265,109.34847,101.624756,140.53477,81.199394,56.029724,35.273857,64.31041,62.70808,121.74477,141.72246,109.59031,59.703655,58.649113,90.65002,94.649895,59.9254,211.79388,119.68204,98.696335,105.08258,212.68503,23.726995,51.068577,198.0326,189.19374,128.1431,146.7588,136.42264,115.4471,149.03964,241.72006,165.57326,153.10124,54.5981
87.81701,72.322174,108.58339,112.30904,116.69948,108.341446,36.786648,40.558376,78.6092,52.22988,95.12275,145.12498,127.28771,82.565865,56.7248,55.79752,92.27918,90.658936,220.02342,105.181946,85.434044,98.46946,205.35052,-6.8383484,49.815277,189.8781,178.54004,148.67912,148.41505,134.44595,133.7557,147.34747,239.96767,162.37811,166.97006,53.325214
100.38237,67.09625,101.89386,80.134224,78.06582,105.93406,74.50929,52.172718,64.188515,65.285866,74.958916,146.81464,111.56232,76.320335,68.744316,68.23571,88.819595,95.275925,195.95103,99.09629,90.86644,102.05299,209.54836,12.596512,63.71681,245.14778,193.08104,164.28708,150.3963,126.89356,122.52139,144.55484,245.2233,150.98537,159.44089,46.605457
107.99977,73.41928,87.27301,83.280975,91.21027,100.18721,88.800285,53.74538,63.931694,75.36373,84.10369,139.04701,121.2486,70.861275,80.74427,61.594856,51.239525,104.645424,182.54645,113.59244,88.68988,98.508545,216.8382,21.845196,78.04957,207.03311,195.60286,154.38408,152.7546,113.07199,132.03241,159.21219,243.6784,147.40495,155.06224,16.217945
70.8278,88.66625,82.008675,56.4399,101.95548,95.28563,67.43442,68.379105,85.70048,78.126564,79.98051,163.97972,118.18987,78.31607,79.23551,72.98016,82.16191,115.31479,185.70128,102.06772,104.07496,82.59332,233.85342,16.326582,73.7183,233.52101,188.46599,162.6962,146.65913,104.208145,125.32639,169.65323,252.1204,149.93105,156.16573,34.113235
65.66464,101.888245,69.042175,69.33857,102.540276,82.239845,60.99242,77.616135,94.228966,106.29196,95.32681,162.654,127.86415,77.143814,54.768646,79.00217,76.721924,128.44415,175.13275,122.6818,124.83542,105.15824,250.82756,10.931456,72.00627,189.33414,198.48116,181.10492,147.93283,115.48534,134.10414,180.41066,237.38657,192.29466,156.56792,26.656599
77.388054,87.87554,97.04109,75.493996,115.37471,71.82236,84.20348,77.58424,93.86945,91.594124,104.32666,183.769,182.09341,64.497345,71.69151,70.38647,62.975666,129.89856,173.48145,117.33055,133.85211,105.91416,304.00983,36.430454,68.34076,218.1395,208.08894,162.72733,149.74933,139.19823,138.04732,151.57574,230.69939,186.03488,161.69669,8.262007
89.307274,67.98304,113.96138,80.373795,106.40076,78.84856,126.964325,78.95126,75.83341,111.60087,98.75835,200.00813,192.8261,117.438995,97.783325,65.26076,74.652565,130.10007,185.46857,138.63565,147.70667,141.7339,281.1133,26.70465,75.417786,241.8521,220.31104,170.38391,154.40097,147.53207,134.62518,159.01949,238.29329,186.70097,192.82489,45.025703
91.04268,39.68257,139.24509,77.259674,78.81494,136.0395,193.87375,96.76494,101.333305,103.356926,79.026596,210.46965,197.70386,161.11137,116.02806,77.11707,64.13159,160.8532,189.42154,122.18802,165.02286,182.82172,261.74045,18.663658,60.05292,224.51913,213.12704,165.9259,101.95201,156.6303,129.59354,149.9077,262.04688,203.85625,196.1993,89.06586
73.09017,92.26717,141.62343,77.81605,84.66308,150.88046,187.38286,113.05661,100.20993,119.41513,83.55957,206.29308,164.81985,193.39838,170.18404,85.31366,78.11387,157.11234,194.69095,144.64552,197.68025,191.24016,258.7094,37.298096,69.71477,193.5495,237.87889,176.8283,108.57423,196.72827,127.6826,170.70741,271.04446,169.02995,195.17413,120.84042
86.56586,105.70868,106.31429,88.625786,80.86097,157.88362,225.12276,143.4097,117.7615,137.72176,92.83789,193.78659,160.82082,182.33466,141.00938,80.26042,107.10039,155.2099,212.65558,156.25221,203.77249,153.59988,279.80307,44.903008,86.50629,219.76848,264.02744,186.28064,124.893,214.44856,122.11432,200.69911,306.63312,186.49005,181.58803,168.34581
97.931984,112.779434,112.54947,105.55476,85.81228,126.7086,159.17831,152.47746,117.93344,127.652565,97.8928,204.18501,151.12482,186.43634,153.3541,97.84303,102.46911,193.38281,242.47888,165.79451,190.19247,170.71942,283.5343,75.60071,58.839485,233.93791,301.70837,212.73543,125.88748,221.04214,125.29384,214.45605,341.9468,177.93759,158.99878,145.75117
88.88714,131.06116,131.90045,109.3887,97.180855,89.23134,132.99092,134.36035,137.00218,119.47538,100.557556,207.53094,160.81314,198.52504,110.71837,100.20134,117.8038,205.90425,259.51306,174.18965,197.45206,187.35565,294.35052,98.65839,60.06839,288.71896,267.0027,235.58565,116.768196,239.73976,159.58736,228.33482,337.9569,187.00531,205.55565,130.27548
80.20512,144.38614,137.82918,92.88285,120.61996,119.765144,207.18428,137.30783,154.42715,144.32718,103.257904,176.29837,136.48293,194.61708,169.58174,103.8323,144.06972,207.44133,220.22243,156.44325,223.82678,201.60974,292.1647,82.63789,56.11297,347.20233,274.46017,211.61916,113.968834,223.41518,167.08333,228.14282,303.49155,189.61296,197.86224,142.92015
93.17371,138.24286,140.33011,112.4405,130.63466,116.1968,199.55675,157.83228,124.44436,145.81317,144.1936,150.92496,159.15579,180.72258,170.98792,114.98169,133.33463,200.38805,219.30305,136.81905,209.99341,172.3245,286.80963,122.15684,83.768486,312.84518,327.95737,210.71002,112.5679,244.06572,184.51746,230.22171,310.58737,191.97455,167.56314,137.23251
98.97305,129.31956,135.64925,133.74133,127.305,145.02641,176.46689,147.51631,113.88183,139.10867,127.13296,148.88799,150.68866,166.70918,140.71455,104.117455,108.98283,192.57376,226.44589,150.83542,196.95424,173.59805,242.7333,142.50764,91.165955,316.5484,298.83258,219.43826,130.96088,237.26817,175.16266,201.81544,299.669,199.50687,169.39243,99.77664
119.6853,121.0759,133.6814,114.45646,136.94397,140.35117,132.20789,139.32631,134.8074,126.33566,122.43857,128.59079,135.53473,178.39359,136.3618,86.41591,122.6267,216.72685,258.305,125.61946,157.53949,169.97247,216.20714,129.0266,108.02165,291.28223,301.65384,237.63287,162.09712,247.50938,178.45389,215.87453,280.65024,199.47519,154.58908,98.102974
137.36108,132.70819,131.25816,136.01215,158.2821,146.78262,131.0101,133.51651,136.91791,100.40896,115.05907,101.99651,145.70235,144.62817,111.60164,101.19571,156.41228,203.51303,248.28577,143.77031,181.76515,149.76167,233.55588,118.664276,114.76499,314.0244,275.7868,230.75891,88.03647,238.76566,160.8801,239.67133,275.62976,185.37558,167.65106,67.23744
143.83891,104.10132,118.12533,102.59728,153.31747,118.55268,137.23108,129.8373,105.70698,138.63846,137.00415,110.65145,124.70273,141.71056,119.516624,108.474754,157.34247,173.63925,231.28667,132.83153,161.92624,156.4937,239.3725,122.697334,118.44983,279.51337,289.80386,225.11397,73.05893,232.42966,139.49142,238.59341,317.89865,209.25073,164.3294,75.23162
169.82141,87.67411,157.5681,81.106,115.367874,90.000694,140.13501,127.68443,110.564995,129.96701,112.04382,106.1116,114.2695,159.43246,117.663,112.18723,158.16646,168.61952,261.58908,113.81027,169.54015,153.2832,255.09814,104.98526,94.973434,261.6135,295.8798,206.77232,63.561108,208.40494,123.16098,216.77997,274.42032,215.26958,170.3694,114.2948
120.690475,93.209076,145.17381,88.729935,132.09532,110.90406,138.15471,107.64991,116.97315,122.03205,109.30116,93.31378,114.61533,131.1238,131.61612,131.05476,144.64484,154.47562,247.83537,123.14573,152.04128,168.73073,272.77658,67.82601,118.731316,335.4153,277.121,232.61948,61.026024,200.30618,122.39084,230.51428,277.64886,193.88144,178.44214,97.47409
105.24273,95.96975,87.24187,98.82127,134.94672,141.88974,128.92635,119.51432,118.28583,146.98257,136.15411,86.60332,74.92726,116.40336,106.387375,117.052666,132.03337,133.58168,241.53096,144.20071,156.82646,138.88358,274.59995,32.40026,105.57739,280.86826,308.16885,230.04297,44.652367,190.8438,120.36754,231.40761,291.09924,128.60918,185.40485,112.31215
99.50722,101.68585,84.93349,79.4194,134.8141,100.70483,116.47309,127.4179,105.896576,132.725,128.57393,75.69647,101.06518,117.754486,83.40439,108.25987,98.58385,134.73979,242.64954,118.829414,151.46396,119.835594,255.85855,14.910483,84.03162,245.0531,273.80093,238.62756,30.38948,198.43591,133.10913,240.16904,294.6208,147.55176,204.47398,97.74048
100.5827,76.81502,95.91567,46.113262,93.08511,54.516502,122.83653,104.78695,99.92423,114.43272,124.32761,80.61384,81.30843,114.38759,97.93165,85.46084,84.80415,99.3894,266.09912,93.31252,141.39203,114.166176,215.06508,13.014528,79.86546,277.5237,270.53885,217.66931,34.5645,186.95796,139.2937,216.66542,327.6062,139.31944,196.25926,78.17527
75.167366,61.569702,124.54943,34.454006,67.18576,89.599556,95.94986,58.478615,66.6895,99.03275,135.78926,67.89657,83.021645,126.49948,72.484085,81.764946,76.41581,62.916348,233.12003,39.62676,114.00867,106.03404,199.52618,-2.8352208,77.37399,311.7884,236.12067,192.33344,45.13917,176.07947,145.5567,233.05898,315.2112,161.59782,189.15904,79.810936
70.234344,57.64905,109.08036,58.282593,73.69559,105.44178,115.59778,67.46996,77.030464,65.32479,78.61954,79.830765,59.771763,110.11488,75.99632,66.237144,69.41815,37.53897,204.85175,65.46212,123.553314,100.66506,201.60748,0.8254833,90.99577,298.18387,245.94522,177.1941,50.36146,178.2667,176.92775,218.54903,313.2992,157.84476,173.3896,65.02301
71.71771,76.36443,101.286316,47.7874,85.68662,117.84406,115.084885,57.0124,107.9733,65.012184,83.79381,69.71728,73.32884,92.79174,67.83597,54.624596,46.339706,57.64116,171.73279,52.42607,109.74713,97.30397,208.1005,18.145084,99.1433,256.50793,246.9947,187.54816,49.111374,169.24202,182.92473,205.73808,295.19333,91.24869,171.80095,28.115871
94.82039,107.025055,84.58075,76.69139,87.074936,96.639885,104.64746,72.812744,103.64,75.99052,98.55118,81.0287,45.751686,84.859535,44.35319,67.635025,46.699505,66.861595,144.73642,71.73146,121.37452,79.112854,202.56245,31.241646,89.06683,246.20828,251.64735,189.29274,28.994171,161.62909,180.21806,217.98543,315.43277,66.76718,156.15175,23.301746
128.27594,97.86559,44.588642,82.54949,83.341,79.537605,83.956985,47.331123,108.7994,61.304443,108.89052,32.634617,71.1678,91.1038,58.017868,76.368065,54.696728,65.35185,146.05186,63.942535,118.39175,78.00705,192.9862,50.285355,73.15736,243.83453,192.81822,188.45248,33.35988,157.52397,187.77466,207.65707,347.7045,63.098335,203.2137,25.606735
120.8555,79.616394,56.788185,55.101967,75.98278,66.28113,109.678085,69.07771,72.805695,65.064354,123.63381,41.82147,89.819466,76.07017,56.723366,80.74135,75.492645,56.652893,133.71275,74.18794,115.0455,32.865772,161.15036,41.326332,71.10999,250.45122,178.41177,180.16478,49.528275,167.04199,182.1715,215.37444,348.0621,64.62622,189.46901,21.689579
105.884926,71.56083,101.820206,77.02695,75.233665,77.15256,116.968765,80.787834,110.060776,63.77959,117.82347,57.86905,63.072742,69.27495,62.91278,93.2137,72.36123,85.25189,127.746414,72.12745,109.32202,46.67231,186.35126,42.103973,65.88723,243.34753,175.79115,192.87746,40.942295,157.53993,174.58714,201.60156,332.2561,84.22179,175.80806,26.007984
89.032104,59.36219,90.287964,80.21797,76.7529,74.002396,72.38438,93.332275,86.58598,70.81465,125.366196,54.162323,85.4103,56.50082,68.16044,81.140976,72.22993,98.44707,131.62378,65.56253,115.47295,62.549995,262.7705,27.284023,65.38132,235.7207,163.68332,180.49925,69.686356,160.17569,178.74878,195.07463,271.45572,95.23099,165.43369,26.81585
68.35904,68.98382,137.13776,53.70644,51.92022,63.056282,67.80878,82.909164,77.81501,94.512375,127.87456,71.72609,90.076485,65.14092,66.802864,82.08888,102.30701,101.063255,124.67257,58.46621,107.94463,68.692375,231.87865,-30.539572,64.52782,239.57045,166.96394,178.05713,61.023354,175.9522,177.18265,174.55843,308.9734,121.46021,173.60101,41.26931
106.53847,68.1598,150.38335,66.30663,52.59017,79.968025,44.501778,86.69696,79.977264,73.19208,105.736374,68.51964,101.76667,74.2381,49.07458,76.42645,96.85237,104.62749,118.72505,64.634254,102.331184,71.33759,154.62625,-18.589348,67.60193,190.70282,205.70642,180.92383,60.06358,177.10233,161.10278,184.17892,306.16037,115.71815,174.17021,68.32298
94.93564,63.32746,131.25397,88.60243,64.16408,89.74934,71.20873,70.99959,69.101494,79.936516,102.086876,77.68511,99.547455,78.689735,47.43827,78.23851,78.29942,104.9605,115.27246,73.956436,121.84032,74.36799,234.12413,2.7884874,70.208916,225.97542,190.68358,181.74905,59.157852,177.0695,150.84929,164.03621,327.67825,143.45432,162.78674,81.36212
62.669174,53.79834,96.166595,113.23507,65.24729,48.520283,78.25853,67.57752,64.96004,74.21797,112.938576,69.921135,117.426765,83.670296,60.022503,58.617455,80.145515,104.47125,126.562294,72.54625,115.05029,85.97304,296.8235,7.606718,76.23146,255.3188,195.6667,192.93321,53.058563,154.01526,173.24863,200.12845,329.7506,110.985634,161.36589,102.03145
71.172966,42.893345,111.31174,94.10594,52.186043,61.90124,68.57879,79.55396,55.38916,80.17239,109.22855,89.13042,120.2538,84.78659,63.469402,55.830956,71.89682,108.55472,134.70946,91.259026,131.04587,100.085365,251.29915,30.04068,66.6989,286.80615,215.84424,203.86247,44.994865,134.43472,176.5957,198.3191,329.53027,74.05319,162.41519,97.643845
84.24593,60.70951,112.91458,86.39104,48.074192,53.65264,94.870544,86.32777,61.906147,80.98284,96.66004,119.25134,103.407616,81.743774,53.62177,50.399715,44.930977,113.878555,141.65636,112.94608,138.20016,85.33991,193.37074,30.803501,70.84289,302.40222,268.08563,208.37538,63.856827,149.11617,139.49287,212.26799,329.53366,67.47211,164.36218,95.58186
84.24297,70.42699,87.24914,97.27202,58.208954,68.65008,90.0195,65.85591,100.81178,64.667786,77.3032,131.2066,116.10446,101.708885,82.48342,53.521637,43.173763,103.3064,142.16182,104.01064,139.59352,80.85184,185.33585,-14.371485,47.38878,275.23303,245.40123,225.98085,61.01603,122.4428,140.55383,219.9099,321.38947,60.594864,170.69695,104.40356
67.1824,44.233185,73.94147,76.13446,43.115963,78.18496,98.528206,73.95956,99.25022,93.15909,100.70144,152.78004,110.56948,98.19343,57.676743,63.946556,64.89144,88.09977,120.96008,99.27615,151.66301,104.79086,201.86736,-3.151558,51.114853,298.1904,160.17145,201.32065,61.23537,113.459305,130.08215,218.95216,299.41953,93.53958,166.25925,87.56091
74.849625,60.221264,72.71657,70.99637,64.55688,79.89861,101.31543,77.22261,90.482574,104.36812,117.75914,148.23354,129.1391,99.74105,69.12521,74.20349,66.60266,99.45247,125.187325,135.14697,120.07124,120.298355,182.60626,5.837224,52.50093,292.18298,188.79762,196.5271,68.713776,110.42787,121.995415,226.95084,325.14838,155.5782,167.3545,77.614685
118.30243,53.041172,95.615524,84.53079,73.77739,75.09064,119.327545,86.06724,115.163475,82.8881,126.21686,153.39255,150.78622,117.52891,91.34937,93.06373,50.33288,92.80588,131.58731,133.65437,129.51527,142.12294,160.59415,4.2606945,49.335278,253.10258,213.9081,191.13583,100.2856,115.79186,117.45773,192.32758,293.9912,153.01883,170.23294,80.30662
101.01896,73.05055,117.81796,90.29789,81.3614,102.36463,127.19362,107.51896,133.68837,97.92275,135.35844,150.06473,165.22139,132.25069,95.52532,86.012276,73.761246,114.69899,151.59901,140.88249,112.38168,136.94443,165.76,12.731133,71.49002,231.56836,238.80374,197.85217,88.17621,94.101685,113.54018,187.76785,320.36023,133.46828,166.70132,67.7537
103.44191,62.103577,157.07619,94.18807,89.51697,131.9347,162.2712,119.18641,139.75125,120.273125,157.47403,160.73978,173.99875,139.40866,90.79321,85.648056,90.05935,152.36887,169.35168,156.54129,110.65354,126.070625,151.46779,26.854078,74.1952,231.18312,235.56586,185.91698,75.574165,82.57453,101.22307,214.8815,302.9963,139.42676,157.93155,76.53831
77.33497,33.85715,182.80005,119.03704,96.18183,161.59172,160.34163,123.25606,182.82904,145.95383,180.51245,166.53848,208.33258,158.28195,91.67892,98.36504,89.25684,160.91862,162.9852,178.7091,130.33969,140.10724,157.56909,35.84465,81.423035,240.88571,226.4927,174.5431,86.20033,89.45806,78.33725,211.48293,325.1843,196.99384,159.28671,63.047745
63.155094,30.210854,171.10904,140.33264,129.1333,173.60532,176.18953,151.65048,186.52293,151.18692,192.83188,183.45456,210.24187,169.34753,84.82388,137.85638,108.651825,174.68063,170.18936,185.68365,149.52293,142.89961,171.15076,37.032642,101.55852,230.39893,224.96173,155.29887,84.012566,113.24086,96.300026,223.1209,259.18604,194.51202,157.86633,56.91955
71.73083,28.255524,169.42569,138.66135,154.53186,185.37587,171.61607,140.1084,194.99329,175.47269,225.88963,203.21545,236.75993,190.4033,124.2039,150.86555,128.13612,153.7822,180.67604,213.64851,168.28978,170.9034,149.18182,40.390377,104.058235,243.32715,263.05548,162.18059,97.14278,111.594925,125.18167,233.25969,265.5689,174.40994,162.81493,65.859535
82.05163,41.38571,168.36234,148.08913,154.98679,208.61018,217.0448,169.53001,167.67552,192.62817,232.37892,212.6987,232.86406,205.25182,141.90625,168.30058,97.695854,170.32129,187.87212,198.0437,190.80214,198.09819,200.62686,58.663895,119.590965,199.3629,268.22147,162.65372,121.423515,89.43772,141.30112,214.91673,226.6802,190.63513,174.62224,81.64576
108.33669,71.9932,168.49113,148.1977,123.94128,225.42863,211.20953,179.14365,158.93724,194.5116,236.70708,184.892,210.68558,220.88145,176.31905,158.83931,103.42896,207.59006,191.91107,181.462,194.6151,212.39636,233.9534,111.91073,109.301994,207.79474,280.11456,179.6152,118.23983,90.03855,131.7423,200.14297,195.38802,182.76839,166.6232,116.17161
116.9691,78.27255,150.34335,153.00728,132.95256,225.95413,245.34273,193.6325,192.40749,215.38467,191.66945,179.49612,226.15735,216.985,192.08876,165.26692,121.11089,202.93727,201.02287,174.64935,221.72285,206.17459,234.22998,157.45918,122.22188,202.67313,302.5213,201.57591,131.21254,108.468155,133.36353,201.08282,183.77867,190.71126,170.99405,133.4892
98.29953,95.682144,166.2759,152.52367,155.12305,248.56412,244.0189,188.77116,163.53033,188.93163,177.83861,180.88713,239.3416,239.23828,154.27979,175.30191,155.22179,202.2711,201.4928,131.9212,236.59396,201.26982,246.30798,179.92732,122.733406,195.82423,228.23476,200.18839,140.52998,107.22192,140.37227,187.42458,180.97514,227.77733,168.05016,124.90255
110.63943,138.01805,170.09062,126.96079,162.92279,257.43832,275.74908,200.45453,191.38974,156.57521,128.64478,192.30768,244.21605,237.10416,149.74252,162.19102,140.13823,188.35425,166.70251,177.47348,224.43805,196.51433,220.68782,204.75037,149.67633,194.22272,237.51555,200.66139,146.48553,112.314255,141.42174,194.2859,164.86777,202.93382,183.63141,120.46262
166.7594,166.94109,124.27991,122.31929,157.80087,223.6654,264.12216,190.71289,169.78629,169.9508,104.51381,183.90204,254.22696,207.02115,132.90273,154.24289,148.78755,187.90353,154.96269,210.12006,231.73439,195.00352,244.6412,211.68123,141.8216,173.6327,237.92805,189.34222,146.81154,125.88325,157.07625,189.85144,191.41376,172.78098,179.24193,120.73608
165.63661,184.18495,75.60607,95.85518,140.70691,249.8369,265.41446,180.37077,194.30075,176.4241,103.5513,192.71239,268.20255,199.36818,162.12204,147.71284,140.73393,169.15686,153.38528,195.03009,208.0558,190.0882,214.7466,213.48038,118.15714,169.48901,244.98517,201.15816,153.28278,136.1497,166.72815,200.70787,188.3599,178.94118,206.91397,124.24243
167.18803,174.4863,74.358894,84.6958,130.334,265.96057,246.29005,180.59193,192.47234,154.97652,93.32511,200.9178,263.6019,170.40373,178.64188,158.84048,133.79704,162.82611,158.1025,204.53099,189.95871,220.38469,243.04027,190.22935,107.12047,166.19742,246.88959,188.24812,132.90765,152.46124,157.45706,207.84235,187.51031,137.1423,189.33485,118.14572
126.072235,167.6972,82.468,59.6284,140.34904,218.68663,259.12003,198.87564,201.32361,159.00195,92.886185,199.99422,249.69939,192.83641,188.67513,173.63539,126.47171,160.73521,173.00217,214.66698,180.54114,255.86024,224.615,175.32356,93.12004,149.04204,253.7739,170.13701,143.11406,140.76572,159.2324,215.73372,195.32166,129.80713,181.58376,102.71029
115.89367,156.34035,103.69406,27.479162,136.59639,235.8466,276.10022,202.57234,206.49454,187.83112,79.8636,196.17577,270.51553,199.49117,211.77945,182.64682,152.49835,149.1114,195.03629,213.18008,195.76251,234.55943,227.34834,162.82327,85.20167,158.26117,273.72986,194.38809,155.71977,159.33163,149.61182,204.49626,191.6246,133.1257,169.10526,103.83223
105.77504,142.0462,117.79657,25.955158,141.84146,252.06412,286.09897,204.64859,195.11293,188.08842,62.380318,207.74605,244.35735,181.53989,199.77892,193.15318,141.78749,125.709366,197.71733,221.04022,194.52896,222.58253,224.29199,147.03581,81.95895,153.36105,278.0742,196.64107,157.24951,162.83606,163.23409,201.88245,181.34843,152.6032,139.83058,106.38588
105.671074,113.03835,104.255066,39.534946,140.41298,271.0883,252.96263,197.48845,189.24675,181.08907,84.466675,198.96523,264.12756,213.42557,178.3386,198.54706,135.40323,128.49771,187.00328,195.05685,186.61821,228.49583,180.20912,164.43495,97.18748,161.23692,282.7082,200.14406,158.86147,189.03233,157.3189,213.37039,195.01831,157.44214,134.54858,94.5897
104.51313,128.91774,113.26287,37.74366,127.70467,253.04877,259.64197,198.65259,172.32468,154.22581,96.56505,236.72794,261.61774,227.54102,177.51726,180.55832,150.90472,130.10463,182.61827,175.35628,142.67073,242.0718,168.21213,185.3281,109.35423,156.52255,245.30273,186.38351,155.20338,173.84796,137.54404,204.3729,180.67955,133.72206,136.60413,108.08025
118.72273,141.02167,140.02467,44.927258,126.72479,258.8144,272.54532,204.87634,157.72624,146.45276,104.32203,242.61989,257.14722,230.74786,164.819,167.16658,123.842964,119.701195,168.96042,179.32845,148.67215,254.56975,189.85086,202.85445,73.45211,167.66188,220.40482,160.68428,164.10759,178.63945,116.465576,195.97209,161.00923,100.178925,140.09026,102.78753
80.05289,174.91602,100.0651,55.44972,133.76186,227.22313,248.18692,199.543,119.10071,158.30052,107.83161,207.1569,292.5383,241.02599,202.83302,168.18774,147.8077,147.33449,155.06184,170.27367,169.47375,262.21252,195.42574,214.73788,66.43625,146.32498,206.02003,153.58003,181.70268,161.07643,104.89488,175.92053,145.56023,82.95232,143.89499,100.47236
113.60735,196.60054,90.352715,57.419594,124.462296,224.2171,225.30424,200.93478,152.2434,142.30688,90.05353,166.71065,213.95244,230.08308,169.57834,157.37234,139.04568,145.87158,156.51797,156.68175,176.48668,285.89703,202.23862,214.6887,105.096985,141.03963,224.91371,159.74721,182.794,167.38777,102.78523,185.34355,112.792114,107.77682,132.60599,102.83592
138.66656,177.3936,57.0541,34.604683,110.22285,227.3516,204.16087,172.73315,121.07147,143.27391,69.537895,158.39572,202.44977,191.50722,162.57901,142.37646,123.13891,153.19589,160.45073,175.87535,186.2358,213.6727,210.29749,222.67664,103.11975,142.91388,229.6218,169.39737,200.93724,161.67712,98.46349,197.4212,116.75966,120.51931,137.71332,110.267876
144.02373,181.21454,37.94322,45.37001,119.37557,194.45483,208.52144,155.23659,145.25345,143.53685,89.57778,172.48445,209.18404,175.48314,152.27206,125.811226,124.65027,156.99252,166.89949,130.47487,163.61504,160.7745,225.02078,230.11472,87.53993,169.27881,242.30374,157.5048,218.06438,159.09726,97.51565,194.98839,134.77556,133.56725,140.44012,139.77771
123.3464,138.1823,91.12605,44.489014,112.172295,201.68176,203.21953,162.29881,159.18135,136.68927,95.68905,147.44017,199.59714,188.32619,156.4744,136.60077,148.04323,155.65765,167.75554,152.2338,166.37488,157.34297,220.83868,235.91939,93.82387,161.84561,232.90472,175.31705,207.51535,163.91096,92.24458,210.51042,171.31247,140.1353,136.6261,203.97766
121.98486,124.74651,123.32384,55.25647,111.70432,181.55672,195.01721,149.43332,160.808,157.00249,77.112595,156.88245,199.31386,172.9219,153.04245,141.11543,145.34863,158.71596,166.81119,173.15833,175.35675,147.30849,243.43658,221.36687,94.81458,183.05666,233.37172,163.79565,197.81332,167.13925,94.08455,203.20175,185.9043,133.89436,145.75903,182.29211
118.45019,119.94508,83.089096,91.6113,118.794044,185.01698,205.8624,170.77617,158.17401,165.02158,90.416725,165.62166,207.71823,152.53032,143.37813,153.58412,170.28688,146.08774,192.92213,174.58818,173.80638,143.27252,213.68683,223.21313,98.56567,204.54391,223.0264,156.9307,206.10616,155.81502,111.90276,212.46724,195.4885,127.028564,154.19312,156.16295
134.99542,125.819176,102.16181,73.22554,135.52733,172.01587,176.09181,167.10329,130.9527,162.6666,106.11152,147.86766,178.62613,174.10278,171.76321,164.46222,155.43184,146.8745,193.26701,170.05417,185.81635,165.69147,199.37825,234.51776,110.62811,197.1601,181.36444,173.63179,204.83203,176.54488,107.846375,189.1396,195.07858,125.424515,144.07806,146.22067
129.73184,121.46167,107.35,65.51987,128.7637,169.63634,167.82663,143.04056,148.65434,127.447,113.881226,153.61795,155.27182,174.46542,158.7813,147.59332,136.97397,140.32994,166.88509,137.73688,172.02464,123.92517,194.76077,211.69664,93.75338,170.99852,184.67923,159.72595,190.493,166.19328,96.03835,168.54395,159.98619,121.67125,147.4091,118.95747
123.228386,106.54509,88.46659,70.82688,119.2433,148.04646,130.38554,138.51756,135.28578,139.3627,103.32669,156.07086,142.3762,158.20482,135.16905,130.06004,129.41362,146.00003,129.34737,143.37732,166.2325,120.149506,166.88945,198.02081,92.20716,174.98819,192.63438,163.13005,186.24026,178.51628,105.43612,170.03314,150.27191,123.31927,144.09761,122.59287
129.06424,99.64464,70.7923,74.59849,113.171394,137.69226,154.80597,119.98877,138.796,137.51453,140.0795,144.1272,170.02222,151.3292,129.40427,120.67991,133.71027,150.71611,140.13403,146.84032,169.59366,118.898445,123.99335,191.8609,82.70149,182.54352,183.18378,147.48758,183.79192,163.72807,114.48803,166.75676,136.34644,124.53497,142.93332,145.60927
122.04146,92.77715,90.46372,102.76555,133.51746,131.08992,128.93434,120.065414,131.39516,143.43152,124.14522,156.39558,179.48634,157.62033,104.54817,136.08739,146.03342,155.18713,112.44409,142.14325,168.8318,120.028534,150.6077,199.46356,80.48604,154.98413,171.53847,150.9142,194.5773,169.44565,142.29453,143.91039,96.904465,122.851295,142.7959,164.59042
112.02189,91.039795,106.74252,105.53291,128.0011,165.32364,169.74696,131.90245,132.6913,134.54105,128.4246,175.04916,193.1676,138.98276,123.258484,115.32743,151.52328,158.73776,119.7164,157.65042,139.18407,134.6639,170.458,195.29594,72.011955,142.66449,182.52313,156.21797,178.87032,139.69481,144.26999,145.09882,84.56622,109.402435,134.90483,137.57751
99.20915,99.345406,106.32414,117.98405,125.61318,162.51077,139.92992,154.09341,149.24315,136.80959,143.17996,186.54794,186.66684,154.64105,139.07788,90.120674,148.67148,168.65518,138.52803,138.36705,148.32295,159.70033,165.49155,199.56737,86.14593,149.41023,190.59547,152.18454,190.12209,143.70023,156.17989,157.5152,104.76192,95.698265,151.67221,126.64146
107.18744,118.31131,130.78343,95.180176,121.150375,155.35413,158.59688,153.67427,128.94817,153.87708,133.18033,169.90611,228.4447,175.01312,134.14896,104.87068,124.11764,150.80614,132.84633,153.99118,170.8299,186.73177,147.99413,173.50122,100.61019,149.81236,181.34128,143.19171,201.16095,152.40887,170.3043,161.38162,144.28001,93.800026,148.0425,148.98393
116.90733,116.25834,145.0026,133.1251,127.086685,175.1773,176.95576,180.49063,142.63914,168.49937,161.06749,147.99602,201.91028,182.77376,137.52979,141.02554,126.979614,146.13695,144.5415,139.4318,196.8796,167.83545,116.333176,168.25014,113.70573,136.47438,183.41628,137.65668,200.76936,138.04646,179.3917,143.61194,125.06068,66.24084,141.37259,144.1912
111.63932,128.98679,160.80139,136.55093,140.86935,151.35345,155.67734,176.7579,145.45619,128.90161,152.53017,143.99554,176.19524,166.03519,169.45844,140.86469,125.987,116.71677,172.72133,140.36874,161.48477,148.5822,155.26494,169.52296,113.67163,131.5324,166.25473,147.91658,196.34764,138.66875,160.33742,151.4095,98.176544,60.437572,129.7479,145.52934
129.98969,159.28441,120.936615,165.6396,143.84691,166.13579,146.34769,161.86812,93.111725,139.69655,158.48428,121.17471,175.34854,174.00848,115.81018,144.19743,126.00346,128.46677,174.52484,116.103645,186.28433,140.04153,166.30035,198.92926,115.683334,136.20341,168.82384,144.7846,192.62103,149.08897,162.81006,155.77147,105.896416,69.06625,121.99139,152.19443
148.32025,124.2716,131.27211,140.63312,121.409706,185.3287,177.85329,134.74188,105.73762,131.08308,153.21686,129.28635,158.61879,155.48256,129.14566,127.46049,127.70233,102.854454,153.90324,102.12557,178.42181,127.76464,165.38017,198.13919,124.27931,140.14209,165.88573,143.34677,206.24289,149.86696,148.54297,144.963,132.84358,59.22445,136.14952,152.15265
148.62798,138.57744,132.48357,127.4696,115.42855,178.82132,152.38062,129.42041,100.65791,119.664536,168.09596,132.83908,166.50389,138.5693,132.09695,116.00411,134.67609,97.19682,145.65997,115.323524,192.29175,102.66634,147.62973,191.70369,120.79879,142.45369,186.79732,129.6839,198.18544,132.78494,177.61617,156.66022,116.74217,67.340836,129.46837,149.05148
142.77466,139.19872,128.57764,136.97708,102.60998,170.51703,164.01933,137.38646,121.91438,140.75719,164.45091,148.6068,168.52187,143.2407,94.76155,124.23238,115.41351,96.57514,174.53217,105.96875,170.8847,110.269615,126.88693,197.85866,113.959984,147.92465,186.4353,108.95076,196.95917,142.9554,163.7407,139.65135,101.988594,49.443237,124.89859,145.23123
116.46445,135.70703,135.76917,134.23828,115.22084,171.25626,127.92027,134.18889,102.668175,127.93925,161.943,144.28157,171.69748,159.45547,94.349304,101.19137,98.715225,99.09496,166.49896,132.91689,165.25613,110.557304,143.34259,181.37639,125.33043,118.6303,194.52953,132.36064,210.5469,141.72717,173.77026,155.71228,94.386765,60.33021,114.685974,141.23074
120.97698,98.34837,149.83018,135.99174,118.64815,189.5339,165.83215,123.05124,101.94577,125.458176,164.57259,135.33089,198.16954,161.27255,88.8042,102.38075,88.75925,102.40538,147.59952,132.0425,178.52113,133.70656,141.92291,188.86957,121.203476,118.48776,182.82724,128.7566,204.11983,136.25157,169.51031,154.66447,117.647064,78.73293,110.07091,97.13255
111.27756,99.5029,132.90256,120.744354,114.52677,159.86441,175.27547,124.35401,123.929504,134.40877,154.15802,151.33951,138.75418,141.14406,91.98144,94.95843,93.04793,118.029724,170.08438,148.12022,177.7216,115.64158,151.5455,180.23842,135.86267,120.00306,190.2062,136.76067,199.10786,137.35236,165.76888,162.91554,69.26781,78.07843,123.15841,94.288795
128.35919,146.18666,154.01299,114.3241,112.99567,133.25055,97.9658,125.62361,136.62721,120.95631,160.46614,118.916245,132.07414,154.88264,97.34105,111.07331,115.26042,116.40797,189.03099,113.43631,174.23747,117.746346,121.33449,185.27513,107.399704,125.17856,125.11505,134.3224,188.57037,92.21071,185.27762,140.79921,41.509384,87.62853,127.74796,96.57329
155.95026,97.0499,159.45149,126.18524,121.446556,129.01279,123.582855,113.6413,111.7098,128.70573,156.62228,74.11923,126.69439,118.51431,83.63936,116.21781,106.37599,109.807396,175.26454,127.35997,148.33582,137.57977,132.453,163.18083,115.48039,108.6482,109.9986,111.596756,170.91953,100.52766,161.58502,103.445694,37.88345,95.224106,105.92747,118.49714
150.03487,79.782394,161.30649,129.76297,116.12927,149.1277,158.97664,96.9433,112.95319,124.804,151.22528,84.825386,108.526535,118.714355,107.47334,67.746605,78.5207,92.248245,143.86505,94.30516,153.2064,124.58087,143.2207,154.83199,125.56442,108.57529,102.77059,82.11359,141.56987,101.848816,161.05627,119.880196,44.139374,118.810715,91.21802,113.20779
117.8933,97.34222,170.98886,150.37917,131.44818,140.35397,132.51836,130.72467,84.12934,112.752106,143.96577,91.14089,81.42848,116.999084,104.99593,79.088615,81.79991,85.44633,148.91254,127.38201,151.20757,132.39122,131.81892,165.66434,128.12935,122.681435,114.01137,52.737656,115.878586,115.73429,143.08005,87.45955,56.922215,101.82629,87.58687,99.09842
109.28753,133.74384,160.20522,143.24243,140.60675,123.821465,133.86409,128.93939,97.994705,116.08292,116.9807,88.70089,86.65402,108.04319,111.446655,89.681526,101.84974,98.22458,159.42342,117.45024,151.09158,122.72117,125.74389,160.8153,169.8498,105.425385,123.63736,52.372684,85.27301,124.45791,151.55167,58.519547,65.509636,92.89162,71.994286,69.79807
143.3901,154.4087,111.10024,130.60962,108.59527,100.517105,128.95161,123.13887,95.77921,118.85766,137.73978,87.51994,90.2852,110.42861,126.125145,96.287506,100.710434,110.87358,146.62991,91.11834,162.04688,119.34497,100.96943,168.78741,160.21855,93.00566,113.52283,77.95739,106.22043,137.06767,150.18625,50.561844,83.27411,98.172066,88.92945,68.378654
144.10042,145.54785,124.04418,87.45862,70.71247,110.90877,126.591484,115.72705,112.695946,128.22609,126.58778,87.9764,109.26814,111.94108,130.74846,114.00353,84.21109,124.26343,164.0505,116.87727,151.53705,113.19552,87.02199,148.0362,133.32265,108.46567,124.235275,77.060974,105.957375,123.51524,130.5843,88.70511,71.371185,102.1182,97.872635,65.70872
115.42805,136.85431,125.497116,105.817825,91.9299,138.35747,134.63689,125.76239,123.06924,128.8503,117.93664,92.38578,148.76552,115.35896,131.2593,75.69972,88.66452,141.04787,150.12613,114.68446,149.84618,105.87279,82.14861,154.6309,119.06468,123.86931,132.02386,73.351814,109.47992,86.68111,94.23085,107.838554,84.58663,127.05806,91.72067,67.06952
126.221725,131.84216,132.63899,114.091934,89.187454,144.80946,139.56808,133.11586,143.02164,138.6673,134.42395,104.58861,121.2761,147.12997,124.69296,113.55107,94.31337,132.70134,144.15187,78.22388,170.2801,102.00376,107.51423,141.2276,108.43433,121.602615,165.95816,70.97512,53.10058,91.68783,97.7802,99.64042,90.80369,155.27823,86.60971,56.63746
114.20323,138.75247,161.14636,135.59981,109.269905,141.89043,109.182434,137.3643,128.70927,119.936035,141.94029,116.21197,87.68031,122.664154,86.20776,124.692635,109.5138,123.04019,141.55733,132.55602,169.08043,89.7893,129.0517,165.56726,124.436485,113.27755,159.98802,84.63888,62.41518,99.7995,125.68317,89.73281,84.384575,126.949936,66.74173,54.627987
121.88099,85.63941,175.21907,135.4337,114.92709,132.93396,124.071754,120.67337,129.20071,136.52235,124.616646,102.70513,132.03156,108.10722,86.066666,99.979965,98.3438,158.35376,148.15633,157.4882,153.53468,79.285835,127.25874,132.6973,133.97119,84.42381,149.34453,84.49548,69.67597,115.20731,147.6038,98.33239,80.418304,100.90487,74.86019,54.925148
104.50702,99.06081,116.624176,153.24449,138.08746,125.31836,132.12544,115.550476,135.6401,135.86404,143.86255,120.46824,154.5445,122.611984,91.27923,111.42009,134.99629,201.69244,170.2475,155.05031,158.0482,92.07831,113.65678,162.17178,126.49022,88.50902,151.13644,89.913734,79.13018,127.666985,140.39636,111.0708,75.231804,114.410255,77.98843,69.51803
100.011284,89.79383,131.00443,153.83008,132.33661,153.4893,134.3379,114.93251,143.56749,146.98804,155.77554,130.79492,169.58464,139.29305,102.20069,107.48802,153.42805,160.7225,175.2855,152.38136,176.23752,119.58712,114.97719,161.4478,115.00046,84.40686,142.14902,104.01971,89.09657,136.26994,129.64584,108.20932,70.08182,121.08597,69.72615,88.44518
80.882164,88.281265,123.231895,146.85355,143.12741,126.742325,187.81665,111.23363,120.21871,133.35564,156.09126,143.56775,184.12451,164.08249,114.60434,123.54533,157.38232,124.783775,177.42708,151.03122,170.10356,127.52405,100.597404,152.76334,120.42227,81.13995,145.30132,118.9314,102.14046,143.0475,139.11359,120.67648,76.18099,134.3098,93.86684,96.44506
88.23366,86.17818,131.67058,107.19257,133.26543,160.06306,148.01685,153.99745,155.15572,139.27353,131.7772,163.46533,186.95761,184.7314,155.09323,114.29382,161.39761,138.76591,127.78941,153.67874,167.00752,138.82393,108.5493,168.66681,115.78944,75.41647,128.85706,114.73096,112.62409,125.162926,144.88866,110.9947,78.302246,161.78392,106.45656,105.41651
104.29769,82.68787,121.366844,89.16733,136.88991,135.74782,191.88771,162.68845,151.25446,138.44086,126.312035,157.95297,192.58685,152.93172,158.48042,151.17848,154.92532,157.99884,88.574265,150.76529,164.98169,148.92308,112.39662,169.29298,97.4544,70.55829,139.02312,102.09527,120.26154,112.34358,137.73474,114.26125,78.61324,174.1001,102.807,106.05434
116.839226,84.721695,133.55554,81.85731,144.74968,161.7558,198.57257,162.17517,159.68364,129.85983,131.16507,164.69095,192.08522,126.68965,146.76436,105.46229,158.1498,140.91898,85.81401,140.57256,187.5015,168.61386,124.36435,144.62515,113.07822,94.52698,167.19232,81.82275,136.30954,85.050156,124.37933,114.13045,85.15675,151.78165,133.28416,102.69321
78.357124,97.294716,138.8979,90.9265,138.12221,159.97484,191.62265,164.76918,162.68056,132.77934,141.39911,178.4242,191.73285,135.4554,143.91919,150.0509,150.12439,139.55753,81.53617,143.92851,188.48932,177.89764,125.39594,176.22334,122.51678,118.1143,152.40578,90.53898,132.21945,75.19381,115.25524,118.3794,82.09045,130.47977,128.61972,126.40788
107.94617,103.37649,154.35869,100.92203,130.04996,154.88312,191.04332,180.33481,152.86084,158.33287,158.52748,173.08366,187.14894,149.80525,182.18246,153.27527,138.26616,149.89407,94.50287,174.4984,196.20288,184.65428,119.7443,165.48445,148.24612,121.1587,146.04233,118.1145,128.14052,87.8659,131.46767,127.495155,83.74587,137.98259,136.07391,139.71416
109.72635,119.91038,164.76152,113.45297,132.96988,152.50243,175.72188,192.44542,196.27072,155.45306,164.96495,167.00146,191.0283,168.30956,200.27716,163.52644,145.8615,149.25797,94.77715,123.97536,194.5265,212.17528,108.605484,155.41068,149.30878,113.44959,130.00879,129.62997,144.21095,99.2052,116.37102,128.5357,92.41739,128.72104,148.80899,150.7588
118.00854,140.43134,161.02948,154.25404,152.93166,186.70587,209.29086,189.33447,78.65915,136.90714,140.06712,172.9314,160.09354,158.0426,148.36656,170.2334,130.12762,127.50746,98.984856,159.79338,172.86742,203.69028,124.719925,161.43364,137.85454,89.68355,158.5764,115.86034,129.18793,98.55329,115.47829,128.58972,110.36049,123.65135,134.67215,149.59404
102.16862,138.58199,168.61786,178.43517,147.28442,178.37051,217.49161,150.9337,110.91743,130.61455,119.781296,181.86484,150.7903,172.50198,192.91823,142.04066,134.06517,129.6723,100.17472,143.21849,170.08138,191.35432,119.15227,194.47583,138.62799,101.52009,188.40543,99.943016,130.41588,99.87588,132.8847,129.64137,121.17781,90.631004,142.2116,150.36337
75.30264,148.03549,149.94629,125.02954,149.5972,141.57587,154.74425,166.1494,97.50125,115.77082,130.03944,154.2448,147.08803,168.44923,130.22504,137.026,118.345474,131.55974,97.379814,146.41634,188.77057,186.56833,119.194496,217.6093,138.82108,118.880196,172.63297,124.37305,124.134125,125.20375,135.21971,105.99477,129.63246,91.48912,137.15924,143.9765
105.74875,123.78192,158.52115,105.80249,136.44844,125.767426,127.44165,135.60114,101.530945,119.92325,131.61537,138.07852,156.02449,137.30884,127.569824,130.2986,107.27839,85.7567,102.04401,123.88909,166.79022,174.41653,133.10146,181.638,139.9122,124.54609,180.75479,129.97081,123.1278,133.40126,121.71176,132.19606,119.37922,70.170135,129.39438,140.0817
119.0553,143.64284,165.97827,116.05994,158.72354,131.5486,107.104935,151.0551,96.22129,98.21254,119.08318,130.35394,156.67532,147.62709,132.18634,105.07937,114.11514,75.76777,93.218315,127.20246,154.15846,160.05266,168.28789,158.26662,155.3076,119.490395,172.90247,148.17612,139.19101,111.41139,120.361916,146.16772,124.65755,90.59682,149.90579,141.75009
133.87698,136.1167,156.13753,120.5571,144.05684,155.64806,135.11438,147.00076,100.29725,113.98549,122.63899,166.05254,134.3816,128.07315,142.49911,109.594124,126.50759,65.318855,117.41374,113.76708,152.1029,138.65233,174.97435,162.61935,140.34065,114.71099,174.95604,155.36317,114.71127,105.17975,115.657196,150.47075,129.86618,110.87248,167.38776,151.92583
133.13988,122.85843,102.94257,122.70864,105.25569,137.71475,138.60562,155.56833,118.97864,113.03417,116.79499,127.3965,177.52374,140.39293,122.64346,136.87332,145.21242,96.515854,99.72728,146.12218,146.87994,131.85347,151.12608,181.39954,127.33394,113.760925,179.55156,154.30428,44.826675,98.25037,120.772354,158.08768,120.22833,131.487,177.51263,156.3932
137.35547,109.84111,124.716934,112.17166,97.63997,177.82391,166.55357,143.07265,127.00882,147.83063,114.79261,124.5337,160.0786,136.8857,147.36554,119.78001,139.78764,102.374306,129.10068,150.70872,158.22672,135.99733,160.76039,169.80843,107.083084,124.971855,207.0883,151.51111,50.281727,77.38658,128.88393,186.67145,139.93839,133.8381,174.20718,153.18651
136.49588,111.17287,110.27774,97.634415,100.033585,158.49054,141.65709,149.5983,150.97885,135.4949,133.33455,154.76025,163.48921,129.66783,154.22908,128.36371,136.1002,102.754395,148.12566,145.5354,155.12251,134.95154,177.98547,174.3566,103.57101,127.62474,227.04155,158.75671,52.46416,81.8788,115.00838,172.07852,155.3878,121.07763,163.05774,148.42494
146.92181,92.510704,77.60524,95.79166,127.068474,114.981674,147.78781,148.47093,139.65695,128.01138,124.37224,167.52788,165.52872,151.40572,146.33316,139.52089,138.52771,111.97754,152.0018,139.90521,161.05418,142.03644,171.21759,189.33446,95.69339,161.5484,227.28891,158.83104,56.09353,71.69514,74.94055,180.60287,164.9673,129.27705,170.3915,145.41708
130.36794,95.70874,101.22895,113.7746,138.94128,126.62058,127.771805,131.77997,131.23454,139.92714,138.07014,175.67346,187.9419,162.71898,119.76489,152.43895,148.40117,126.198494,161.61041,161.32188,183.11916,144.841,175.76796,170.1736,112.47041,177.89743,232.13768,158.4573,28.976896,85.31852,68.95844,163.70782,157.58804,149.45479,163.70787,120.64847
116.01715,101.82611,117.78883,106.699615,139.33975,153.63852,168.38495,143.916,127.91874,168.38739,143.80594,177.07457,144.0286,167.53297,167.90086,144.80133,124.68724,148.69955,178.95796,185.16428,181.57216,138.92653,159.43193,163.20102,97.81253,161.47537,207.1154,157.77809,58.358063,84.38498,76.02756,172.19746,137.93343,138.12259,179.26782,104.648605
114.502266,107.412476,137.59607,88.8755,122.41807,138.99174,109.28674,170.7489,163.10791,158.84796,159.84798,178.58113,184.68805,169.9639,153.32036,144.88924,154.97604,149.7283,190.46773,157.21417,189.67024,139.77696,164.86407,179.64665,100.0303,150.62512,199.60152,162.09373,82.658455,108.40295,77.828804,173.7335,133.45221,114.671036,168.0063,101.260254
136.48926,113.58569,179.29991,97.90945,118.53554,170.11456,167.96057,161.42795,148.63342,154.57333,167.39185,178.16666,190.81372,167.00781,149.12769,143.56633,129.80153,153.6543,180.37907,185.05995,175.75084,147.44034,187.38718,168.56023,108.08188,155.98138,206.81772,167.27823,94.59079,125.31633,96.665695,171.72221,127.89225,90.24443,158.9455,111.145874
138.74948,119.63971,162.39043,119.179985,151.67769,133.6036,187.6403,181.582,194.54881,176.40656,182.25092,176.901,201.32103,176.18431,165.2986,154.59505,139.24774,187.5724,160.67535,165.47423,183.76768,148.83401,180.05054,198.20143,120.83448,155.58937,212.20784,166.86218,99.824066,148.58044,96.80155,192.52731,124.781136,87.150665,160.00298,107.356445
130.02559,121.1225,160.64043,139.64513,152.9356,158.39607,207.33145,180.42064,162.73901,167.2265,191.51224,171.54536,195.48958,182.03061,169.1496,171.11176,162.79387,186.60455,144.84128,150.61594,195.30562,156.64197,140.2429,179.50842,133.20462,161.70912,205.40685,169.58337,89.68433,180.95604,111.946686,170.53355,140.78748,89.91876,163.30927,117.948685
146.40425,114.169975,170.0469,161.51491,163.24802,175.20575,186.3283,164.63994,156.09224,149.10541,178.29434,162.61404,173.5138,172.91551,179.91936,155.58916,172.56535,163.2184,154.25903,149.7708,163.21526,160.5552,129.26897,169.5061,130.98006,189.2354,184.94943,158.0771,83.40512,197.17346,100.03096,152.65862,93.47202,83.342735,158.86107,127.87989
130.34277,132.50134,190.7879,148.23883,153.27583,199.2556,209.1101,147.8347,137.81639,133.46388,178.2876,136.59068,213.8171,165.56587,163.38693,159.44586,152.68155,122.86662,159.60002,132.61536,162.50838,152.9566,142.22728,171.71704,131.16772,145.27026,169.59639,149.41905,66.0899,198.55746,95.78844,170.06715,121.285446,84.83731,179.78851,111.30387
126.437355,133.01414,189.84492,141.95956,134.95726,200.5758,191.67657,138.92575,134.72688,147.92038,160.83557,168.2643,199.26958,151.88075,126.01149,152.29439,145.83163,132.54555,154.24998,137.84311,167.21255,167.3283,136.86287,190.81929,119.6452,138.8759,162.15463,141.50623,49.202427,180.57019,125.76718,143.72273,131.8403,83.100464,176.58109,122.593
132.36136,149.23383,165.49998,154.4654,132.5268,211.05606,175.79376,146.0275,147.77345,155.08592,157.32358,151.66776,148.02617,188.4587,146.41837,148.72258,140.38185,130.72739,165.53888,140.82753,188.72566,183.13226,149.52473,317.23538,128.41315,119.190704,177.6243,136.76884,52.18284,183.22656,144.71355,150.62115,137.84946,64.21147,180.37859,116.72804
147.56013,155.04651,160.54742,151.63957,151.49188,172.70248,158.48396,170.27046,137.99738,141.06035,142.04005,119.11056,167.71115,165.05832,162.67053,154.15334,137.43036,112.08954,156.21716,131.61398,148.82613,147.96251,114.9709,235.65927,108.39596,126.96268,164.17737,138.10805,67.46498,210.58765,154.95389,153.1227,142.65651,96.9145,180.56723,120.77838
169.44742,160.8585,174.12738,141.1254,136.8119,148.8207,165.51482,126.49791,127.66217,145.9008,114.26985,156.05936,150.06403,147.33943,137.78706,144.54407,129.64362,106.23086,170.33133,135.67303,135.38596,142.45401,120.098816,221.33493,124.68764,132.11908,152.9224,133.19753,85.10077,208.22098,165.88428,124.07901,131.60445,98.85822,244.95393,133.77287
169.56425,138.73857,129.03203,153.14676,123.69985,146.3035,117.3956,137.87968,115.85395,131.77371,102.14996,170.70175,166.1731,163.72066,106.692856,126.85457,132.00282,132.94273,180.6471,187.94391,129.06453,167.5,135.51665,218.86859,144.76677,130.77646,141.47159,122.38447,88.562546,201.54663,195.91382,140.16339,116.274826,129.26822,184.90434,129.23459
140.16245,111.92485,111.523926,105.95312,142.02802,132.9997,158.44391,112.38703,182.44429,147.87874,109.24321,162.41797,171.5367,188.5359,141.39272,110.02475,149.80731,157.36403,181.19365,185.19853,125.17418,172.9791,121.91342,173.13647,144.20425,121.33151,163.3724,128.3689,102.53581,189.9411,183.64624,128.839,107.54168,212.95688,172.78896,137.8471
133.3481,121.87503,146.47112,108.63386,172.82043,140.44704,206.56136,128.49907,171.26659,160.93254,142.28177,173.12729,187.28949,178.3868,161.52606,164.77798,182.62378,140.95721,198.48512,182.59813,141.65512,156.75961,133.13716,164.8492,133.16136,98.79674,148.1952,135.98865,121.40439,182.9355,202.04167,133.52158,117.19283,192.62314,181.89235,148.22878
119.86872,113.65869,181.0502,134.09865,139.30725,168.11028,201.8717,163.81464,174.09021,159.70187,154.00871,176.10222,183.89795,192.32794,183.15918,162.03723,173.87411,164.57726,213.7812,174.90536,152.86728,160.32845,139.30478,177.3778,126.70676,108.84944,151.01001,128.7166,146.16612,170.52272,175.14792,171.06392,102.384125,174.2366,201.82362,155.93224
141.52328,108.68262,201.07947,143.85782,128.30678,147.5703,202.18987,196.42323,173.41573,156.64851,145.63419,175.06247,181.59511,192.16002,164.82704,168.92548,177.61226,168.6286,200.26024,152.54907,163.12212,171.93333,126.12655,168.15414,136.71797,132.5492,148.19626,107.308495,181.77557,155.98526,169.96002,150.59903,102.36795,169.70271,179.22652,142.31586
155.41444,124.77642,200.72581,175.75618,157.65773,172.5382,194.11707,188.43585,158.67596,131.85068,149.95413,181.10155,196.99951,193.01624,167.2817,171.02399,165.21078,162.24658,186.90343,189.08531,182.56857,159.29208,134.51637,189.56447,144.67073,136.40683,149.62561,98.694885,179.32214,135.77307,181.02177,132.5523,128.94394,174.30959,172.18568,145.11726
168.64561,130.5024,230.98323,181.14398,175.43651,175.54553,188.82454,184.8175,192.74243,163.92435,147.86794,182.67192,194.74834,189.91574,172.06268,179.00815,151.7501,178.82661,175.51036,182.68413,174.83836,171.0634,143.93118,186.05133,175.60805,127.77466,140.95572,98.91811,177.53198,116.080505,163.29825,135.60965,139.91447,165.23177,165.62956,151.26561
188.79846,160.00194,207.67575,201.65614,185.28021,145.51955,166.29039,174.72849,214.98323,174.12473,187.4468,138.26247,180.6583,181.85936,183.88103,184.81189,153.27887,181.08649,187.23634,206.0949,192.17871,165.97885,156.80516,178.17575,179.363,138.33025,151.0998,133.53574,180.26009,128.68283,169.35883,130.46837,149.18079,160.93268,161.1909,161.84781
251.75014,143.9267,208.64937,210.04584,178.34663,159.21982,169.09111,187.01346,220.21407,185.85088,226.15005,129.66577,150.42232,165.27591,183.41086,184.91478,159.01764,183.3817,175.75174,199.81812,185.65164,157.6618,132.05283,166.9168,177.019,139.93951,170.31258,135.77124,186.55075,140.95247,160.88098,125.83121,154.71352,146.70644,183.54025,154.24503
247.5856,150.97607,233.27487,202.3549,173.4338,132.07324,99.37781,161.87526,204.8955,171.8298,221.50427,121.62573,154.9435,150.91982,150.35095,191.6707,176.15233,182.9147,161.85025,181.6371,165.2539,145.2714,135.51764,154.20816,196.37833,144.85457,138.36679,114.55376,183.02347,140.919,165.49403,123.91604,168.72562,166.7786,181.36386,152.65561
271.68707,159.42395,219.5066,210.11084,184.06335,85.13257,126.61473,146.7285,155.30609,177.02689,203.68375,131.22964,190.14949,151.46393,144.26167,195.29651,177.85487,191.47664,155.1081,184.1073,157.23378,127.73661,139.196,132.25188,203.25137,154.02618,153.03384,122.161095,173.93657,136.62357,173.64438,97.40672,169.4869,150.8993,166.07315,151.34367
228.69661,146.5372,199.46121,219.55861,187.49533,80.90364,157.64964,161.53754,164.13196,172.1104,180.48729,134.32312,177.18839,127.864204,123.548416,166.35254,174.97023,195.60258,169.09193,180.86237,162.45554,117.799286,161.49763,105.089714,206.2063,135.37805,141.77335,147.57748,179.03935,132.73126,176.9169,144.95364,169.45479,173.444,160.00629,178.5947
198.77448,133.51735,173.05348,193.53912,187.60594,135.80725,167.5578,148.91554,141.80219,166.64822,181.54001,129.16786,174.43326,161.98943,125.31015,169.56017,171.19142,192.20192,175.35353,96.08827,178.91391,125.75971,234.8386,80.67827,212.96292,178.24237,154.13464,141.59766,202.03717,138.75786,173.65427,146.7891,153.94289,177.3028,151.71063,218.89781
165.09743,176.71428,187.07037,181.75053,186.47241,137.29462,154.71341,134.19276,112.62733,146.69826,164.98141,132.69582,156.4038,172.92348,139.08517,157.49384,146.40073,172.30554,182.56216,116.19929,176.62566,135.66205,239.7291,61.461952,191.5992,178.11955,161.17453,165.66776,208.87495,87.66092,157.89894,153.9265,178.85999,200.92163,137.79672,199.3525
183.15149,157.7072,210.16913,173.03731,141.31389,128.99503,131.69492,126.40423,115.296265,140.24141,169.24829,122.85169,147.18774,168.19913,134.86198,144.05618,128.33281,176.76224,184.35939,134.72766,183.8722,110.58965,216.52864,13.696674,188.94218,176.41219,174.256,172.36174,186.35994,121.34709,123.90269,143.76791,178.64816,192.15544,147.9532,189.17508
172.54576,143.72668,198.70299,190.41402,149.00996,144.05992,129.82071,126.50989,116.15622,129.88535,157.31596,128.16331,153.52864,143.39073,112.1271,119.306206,153.89774,167.08455,207.56726,157.24208,180.21039,86.014984,222.15086,-8.494139,180.99474,168.44447,192.1936,155.63661,185.00159,133.19144,107.337296,123.472115,193.54448,190.85292,153.76277,156.40814
181.3949,158.78635,230.35918,163.7198,167.92133,178.47963,92.64591,137.91031,134.60641,143.33618,135.11374,138.74953,161.5449,134.41472,119.77111,112.87369,139.99445,166.56787,193.92397,169.00522,171.10577,92.09919,193.07332,0.7590785,164.8715,192.09564,184.23375,155.93576,180.91196,136.06573,123.82605,151.94675,201.86699,186.88095,152.482,135.30197
176.87209,157.2684,216.14241,178.43771,176.13577,129.79065,108.04269,129.76294,115.76884,155.26115,153.2837,142.38353,105.15373,143.88211,122.80403,124.20471,167.11093,190.7214,187.08284,114.316055,180.60645,122.08446,193.10252,-8.512999,170.48462,184.95398,162.5703,154.20801,211.588,146.3992,136.38228,147.61461,218.70937,216.06744,165.69077,153.68791
