A,B,C,D,E,F,G,H,I,J,K,L,M,N,O,P,Q,R,S,T,U,V,W,X,Y,Z,AB,AC,AD,AE,AF,AG,AH,AI,AJ,AK
78.746185,49.21866,40.53146,51.47721,12.482853,22.58434,11.563461,53.44329,68.2609,94.35844,65.692474,68.93423,44.959606,-11.498787,38.059452,55.40787,70.49931,48.09203,77.095116,39.089005,115.75989,70.04816,8.860359,94.652596,-5.4240417,10.859318,-0.80145264,52.41648,32.679016,78.98922,62.724716,52.50525,32.62671,104.73587,2.6975632,-24.207514
87.252144,51.755466,38.01744,24.130188,12.577934,-24.759499,26.83054,60.64758,51.188446,94.89465,80.29823,63.933517,56.36081,-34.802544,31.894585,65.09236,68.46251,54.909027,106.23913,36.611378,55.588985,-35.730213,19.123833,81.96253,-18.336258,8.192997,17.133442,52.47112,49.375313,71.77459,50.461296,59.86186,41.177975,100.26968,13.650581,-8.185509
92.530716,51.209446,56.43789,48.912106,13.634033,-10.700783,-103.4595,47.74065,61.344154,91.02479,62.174667,18.387539,61.94236,-61.248833,26.945389,63.628574,-13.948181,58.172836,101.82131,11.162968,48.90482,16.559097,28.884377,62.333183,-38.527824,16.891544,10.9332695,47.37348,43.155968,65.93787,55.482185,53.85485,43.916336,92.82466,35.013763,-0.8213577
70.832664,47.296864,6.804798,80.24135,18.401836,0.38453674,-69.1595,55.24398,64.60684,107.725494,87.915504,62.923347,73.63966,-75.46221,28.02375,79.62053,-2.9461212,54.082558,95.60969,23.296165,59.070675,38.724094,28.578857,17.990486,-25.918259,13.965229,8.106541,59.540474,38.646267,71.14407,36.80208,58.809807,35.48552,98.360916,32.93405,4.860476
76.88761,40.989723,-51.78784,81.98998,-14.024212,14.787191,-5.9255295,52.13588,43.34639,102.842514,90.25752,66.19922,76.25638,-58.255253,34.598164,75.04825,-4.0235596,70.12607,118.80874,28.741455,109.738754,67.9084,42.77526,54.022503,-14.881699,21.422867,-51.978275,53.464878,43.178402,94.80345,32.47409,42.74222,39.376488,113.01281,29.205883,16.44513
76.31897,51.40196,-71.04632,109.10232,35.556076,30.106289,10.236298,53.509274,57.917595,96.52742,80.61027,63.46142,70.52925,-60.145103,-2.8921394,68.48824,8.455009,-3.7342834,116.306145,-23.99543,47.80759,102.76253,46.166805,54.36936,-10.373558,21.977694,-34.030434,58.895252,46.915718,72.47202,28.608397,48.55239,45.20897,99.07763,45.591133,28.457268
81.716774,77.9978,-36.37612,132.4867,73.13082,12.910774,21.983482,48.15215,77.543655,81.414,73.33348,76.5961,66.15818,-34.369167,-9.4935,65.51307,24.584473,12.334874,109.9243,5.182457,93.582825,79.69519,47.53453,56.347977,-26.484894,22.73185,-15.199223,24.700502,46.287685,70.60945,13.542896,45.446068,33.295464,93.085205,46.705452,27.949974
89.58058,79.71714,-12.551102,132.00879,75.026665,44.132744,23.92163,44.758728,51.278008,104.041275,102.9031,76.82213,59.808273,-17.909218,47.184174,60.17517,12.894005,27.311218,109.50089,3.9858513,112.30907,81.85105,49.805992,54.750736,-23.84288,51.2056,5.8287888,11.636349,43.623333,98.080246,25.432976,39.865715,36.370544,53.28456,29.875488,30.3171
81.72315,72.02899,-0.25323486,94.768074,33.549103,25.630138,32.89962,63.21925,60.41947,117.44203,60.186558,55.945427,54.969727,-23.178719,48.3813,50.34345,11.85615,23.660065,63.221756,8.78183,99.40004,59.76281,53.675613,92.11908,-44.09633,52.354214,7.033455,18.025473,51.153896,89.23051,34.577766,35.285686,39.97564,65.35473,32.573936,31.9664
81.74342,71.19795,9.179737,125.65586,57.73703,26.134388,54.034218,47.910618,62.60134,124.204025,72.72951,57.658234,51.41399,-16.401138,50.611168,51.041542,25.26416,37.91774,69.89496,11.844444,68.328964,73.41301,10.26622,72.40799,-36.58367,50.156033,24.436089,21.536976,40.841667,1.9755554,32.620102,35.30849,34.918766,66.82292,39.364986,39.149277
74.7556,62.761738,39.14083,121.52762,75.26455,21.639053,81.949875,-0.8049164,61.784016,103.95501,80.12756,102.07515,34.606373,-1.7134247,0.38080215,74.46726,51.80117,29.178932,79.11485,21.989525,42.775864,56.256058,20.292423,8.570061,-10.574318,46.256554,19.073402,23.059898,35.73513,3.862831,37.802258,33.544353,35.72781,69.987274,15.195999,35.827625
63.149647,49.028484,26.328999,86.10986,17.980179,10.684814,72.969124,13.975845,53.053524,129.7219,67.71641,77.586975,36.280327,-20.910736,23.028534,76.36202,12.04657,41.377224,70.19047,20.744953,58.86336,46.945824,26.043602,12.634258,45.996742,43.00782,20.439686,13.739628,46.530212,8.647568,34.495457,27.005783,42.905163,88.15309,20.248055,37.922478
60.93636,57.090492,29.255783,69.5854,10.210445,16.502312,32.638485,8.041874,48.65933,110.37626,81.33126,106.36455,40.67666,-20.69802,43.03265,92.64364,40.094513,32.99722,61.51071,41.85965,64.54561,47.488888,31.208824,11.242294,82.52373,39.607647,-36.17935,44.100998,46.025795,-5.3958397,41.96192,19.321339,42.13392,92.78524,31.164955,37.77504
66.81474,6.0155106,53.01186,75.20715,29.078968,41.910408,18.938633,28.095749,45.83902,103.5655,69.3743,60.41349,38.48567,-20.163605,31.442837,86.83721,45.291576,30.710945,71.09895,39.602467,79.02595,67.521965,34.631634,-6.0487976,69.91094,44.672955,-85.50952,27.714981,45.68263,-18.77061,45.938812,19.448692,47.332443,88.562416,38.940437,49.588745
69.10111,-1.0990906,48.60125,52.269905,28.349869,11.577774,35.800446,25.978954,50.80916,86.063065,82.103096,62.51834,52.370068,-43.119514,42.8339,78.02232,38.487614,2.427948,83.18465,45.07485,74.05405,71.49561,24.773167,-2.3442993,54.537525,38.150745,-54.498363,27.179451,35.08319,-4.071228,45.941925,34.7764,50.57126,82.038284,49.061825,40.54309
73.59697,26.80729,37.006023,36.41603,-0.8350754,2.948246,49.217907,28.756844,52.89885,82.48539,94.81159,62.348442,49.762405,-27.718044,0.25639725,62.424202,36.00857,7.7021713,80.40122,61.43981,53.353577,57.75715,29.002293,-3.2302475,32.72941,42.492424,-11.047401,10.572483,33.611137,4.212036,38.19572,49.084126,44.888958,84.63494,47.217396,46.9636
64.58141,28.896307,39.252567,61.004013,38.345505,18.791962,35.087536,40.47841,43.9027,79.25232,75.02038,90.42561,61.013874,-18.318733,5.830719,19.299236,40.614876,17.378864,38.56802,65.37334,71.30333,52.991787,17.316856,-37.49637,43.061733,35.997025,-23.336693,4.577072,31.25813,15.730804,16.108723,34.651665,42.952667,45.852013,51.622055,3.2211876
54.052116,30.218979,39.380707,71.028625,53.54823,25.911747,28.606167,42.091743,48.14671,88.82006,65.146454,84.8514,52.780643,-17.687382,8.196678,20.512932,51.118095,28.2658,-26.471306,69.248276,-2.116066,59.302567,37.427456,0.75341034,24.723122,40.152092,-12.619083,6.9052887,30.542912,18.248888,17.348385,34.09841,46.4685,60.75704,42.055946,22.476112
60.126366,30.09806,41.205544,46.61742,38.215187,19.247658,37.653614,43.429295,50.339863,65.255424,82.0076,-16.171982,44.74908,-14.484642,11.974781,24.579756,44.866463,-42.003036,-15.746605,45.238525,22.151138,38.44151,34.38328,30.433807,28.487076,45.61362,-14.108574,21.145702,25.92667,12.028591,25.065834,29.3087,56.649593,80.57513,53.46734,18.5868
61.364834,25.241585,10.67923,43.610092,9.67495,18.624382,35.987953,47.977886,63.32925,63.06866,39.422146,55.833862,34.912178,-27.09407,26.342308,25.16053,25.085594,-51.210777,-13.63575,48.631413,32.083717,38.69623,26.956982,17.25623,24.829193,24.33612,-27.085152,22.677156,20.242157,12.981724,-24.541157,12.69238,64.43086,80.77377,63.3415,20.21534
70.77251,44.72096,10.161514,19.778118,20.48719,11.858456,40.858727,39.997635,48.58988,48.372704,52.52885,67.081055,18.687145,-27.202927,27.160767,18.388023,21.56704,-43.55158,14.369408,31.134064,38.317265,71.23289,65.17586,8.954376,24.19058,21.556465,-27.255226,20.092388,12.6527,15.64296,-19.626923,22.680172,65.38376,62.28395,64.43752,17.238884
67.23987,35.609936,15.163261,55.34034,13.040905,20.704567,73.73646,-0.60289764,53.61088,37.64448,56.38974,53.73307,20.664658,-14.838219,31.954292,23.464867,31.15799,-67.71845,22.295082,60.130787,27.874928,-19.314789,22.36705,15.335579,13.829275,20.248058,4.0258102,11.578037,-0.9558563,15.388828,-13.309364,23.738281,57.855278,65.506226,55.451538,25.14039
73.04466,23.04298,-1.2411957,42.291267,4.780754,25.135216,54.898518,16.885277,-12.143833,22.359703,-26.502373,12.175228,19.91771,-11.246559,18.867702,27.357407,39.67065,-14.862892,49.546852,57.017555,29.608421,4.2085724,25.452728,9.879425,16.732038,27.272102,5.1133766,10.100899,-0.8452606,10.834476,5.7690964,27.926357,48.412468,67.321144,59.031773,38.776848
72.829056,19.493309,8.078461,50.33074,3.0971394,22.553783,44.38951,19.397552,-7.8326035,20.498388,11.201357,13.362049,-10.989174,-38.326218,22.402931,23.973265,25.605331,0.9168091,52.047306,37.71647,23.575584,-26.196953,24.823025,23.902008,13.527737,44.51242,11.038361,13.719425,0.2636261,3.945713,-11.934425,25.065601,46.76943,73.02984,32.801094,42.317253
69.077225,1.757843,15.134483,61.25924,-42.548923,38.618996,105.750305,28.45176,2.3225021,32.427734,33.359894,44.955826,-10.227669,-29.476192,16.48069,21.819847,49.751656,-42.201214,51.12847,45.938503,56.92003,1.6404762,24.551449,-1.0904808,8.870399,33.116405,11.6970215,11.737793,-16.738914,3.6447144,25.036736,13.908451,51.70115,83.97795,7.3845825,50.140537
76.78328,-1.4353943,10.556683,28.048347,14.82333,5.3778763,73.79918,30.487228,31.463959,29.727386,11.462303,9.714172,-10.070084,-16.918228,26.977432,31.06086,53.193302,-101.790245,72.8364,20.85291,33.545456,19.761002,23.743217,-36.820114,11.226846,28.891125,13.428665,28.149036,-27.709534,7.294323,15.718605,6.8092613,45.070923,74.66826,18.999073,46.942566
56.339783,-5.2874374,7.8504143,27.022314,28.988808,6.737465,48.385788,59.841873,4.1707916,22.329618,58.376564,17.510426,6.8026314,-28.579704,11.061005,40.466957,46.646553,-99.26892,67.008766,6.6794662,21.117973,-7.8557816,29.43351,10.092808,8.805115,18.605518,18.006313,16.63039,-14.415588,10.673416,16.284672,10.852421,56.570312,34.877464,30.75738,39.23719
31.925993,-9.441401,14.486198,33.689327,9.42144,6.574486,51.61321,38.743416,9.682426,53.789047,34.251373,14.113838,12.862175,-53.585495,9.264595,36.393097,59.495384,-83.56709,68.53394,8.565018,-27.91996,-0.21163177,6.941265,25.243973,3.2861557,24.59679,19.053596,11.191177,-11.278572,26.00515,36.208824,8.304089,58.50456,36.42747,14.827782,35.501427
60.08473,-4.3089066,-33.92359,20.163769,27.125332,36.04473,27.426449,69.36873,12.041489,-11.381187,-3.6498985,19.599709,7.5246124,-60.80159,-26.21547,25.545914,49.246227,-71.79137,63.843494,15.121071,-7.3371024,19.773918,13.415001,15.942009,-25.444311,26.186228,6.3133965,11.483021,-8.879738,3.8832512,30.272018,13.112835,52.54712,22.597507,31.017662,42.903667
69.95279,-9.0505295,-23.284676,-8.459702,15.043907,105.808266,28.077492,65.61983,17.864002,32.58117,6.782362,40.00141,18.273079,-37.074318,-25.848412,15.622345,23.284119,-61.14286,61.50109,6.0305176,-65.47687,12.126495,30.645775,2.6938705,-16.171503,21.69528,15.226788,-23.39824,-1.8668137,4.473134,24.43412,17.0751,54.867863,35.588585,30.718113,35.296864
58.584087,-2.2953377,2.3536453,8.392254,-6.7575836,43.336212,17.238106,91.75573,16.964447,19.65414,12.170971,23.31688,44.467964,-26.048103,-32.82669,12.140266,18.80455,-27.849464,59.905197,1.9909744,-20.193996,36.02133,-16.536442,11.067986,-7.560501,29.762543,-48.8291,21.054283,10.690037,10.008972,5.7293167,12.300278,79.479416,35.19055,30.55397,35.363686
55.05709,-2.4772224,21.553917,11.28923,-31.242043,102.5539,34.217712,69.89436,24.335548,74.43294,27.751595,21.00819,54.420383,-48.02353,-56.321754,16.89106,46.363976,-22.951035,78.45264,14.611824,2.5418434,33.843895,-3.0736809,-0.78435516,-16.251198,30.319277,-24.695663,57.26992,9.37278,20.484528,-13.824699,3.7718964,73.19037,36.401634,30.270157,8.263611
60.519638,6.861229,16.350224,3.9570312,40.54551,36.185726,30.289139,77.6143,19.361935,12.534435,34.44334,30.649101,49.694675,-34.11799,-73.56718,22.281242,65.003845,-9.469374,101.471054,26.959877,27.510193,46.314144,-8.097351,-8.582336,-16.60717,28.70689,-8.416267,48.40424,4.254532,17.174305,-17.897453,9.928741,65.2343,46.841377,24.459549,1.5101471
69.17963,9.823067,21.822266,11.869293,-45.555878,7.4041634,30.803017,77.25653,15.495598,56.205444,51.7285,9.789429,60.174507,-11.818192,-53.70105,26.694046,45.779263,-14.444028,95.74557,19.366241,21.203163,31.100636,-39.37845,-23.365555,-19.960245,27.295692,-11.222092,41.51336,6.7696276,5.3682137,1.5475311,21.22821,63.577667,44.465443,28.938957,5.5617013
95.523285,10.573875,19.96634,24.868034,-17.204605,1.2530823,35.092903,21.075535,15.38736,69.94374,13.359686,28.424873,49.85284,-34.42196,-28.17524,42.935852,44.503365,-12.783646,94.51672,18.098595,-16.375046,49.224556,-7.7115097,-5.4121475,-16.682434,11.612076,-12.036415,24.276432,7.0438156,12.598526,1.2522964,24.132332,48.2493,47.015923,43.899197,8.178378
100.228546,10.974197,39.217148,26.167519,0.4484043,-12.085243,82.490524,-27.672367,9.658905,60.06079,63.392258,27.49087,38.039066,-16.65665,-10.113174,47.244343,34.93345,-6.368866,107.96043,17.960499,-59.907448,41.570126,20.020721,1.3377571,-19.623749,9.910769,-26.759705,17.974857,6.6275787,25.124168,10.25338,29.500557,53.022377,47.79519,39.085068,9.414528
108.42639,8.176075,28.244503,35.70336,25.067307,-46.91098,81.221954,-18.381897,9.723419,95.6897,41.408134,30.853252,38.798904,-17.741821,5.668068,33.407063,34.196304,1.089386,123.047,24.88015,-18.920467,35.529484,32.910034,5.6827927,-22.890068,23.549717,-13.800575,13.565442,-0.3203888,15.225262,10.88237,30.575554,48.315483,70.35684,12.149261,8.317696
120.55708,6.5654526,24.805649,27.830055,-44.1889,-13.137276,56.06309,-21.127464,10.64444,81.27598,63.84516,31.606339,33.586063,-27.53595,13.377594,32.805264,31.763145,3.4811783,121.08043,17.573349,-2.942665,57.22464,16.684963,45.974503,-23.449478,19.524189,-10.299118,-1.612545,-0.7206764,29.68272,14.824066,27.224773,46.20892,82.78462,24.139786,20.325562
93.23193,-1.8597107,-40.58793,29.745201,-25.701317,-1.4480438,63.32334,0.53783417,27.499577,91.962265,63.27764,37.75767,34.79817,-49.1192,19.729805,52.896374,-42.22132,13.772602,115.081665,20.121243,34.229187,43.05297,28.402061,18.288269,-7.734581,32.132847,-10.6000595,-34.653698,-4.027687,20.350342,11.282845,13.393505,52.364895,88.26088,35.99288,32.07065
91.66588,-1.4056168,-33.05416,33.83309,6.608864,-7.727585,54.249813,-1.9211807,32.83481,71.60181,59.673676,44.594276,20.59018,-47.27569,-77.14236,41.814384,0.1427536,33.074547,101.320595,20.197208,60.890617,-39.885986,29.477596,13.619175,-2.6610947,41.60172,-6.4124985,-37.794426,1.0245552,22.891056,11.107956,5.7103653,50.916748,73.297035,42.968243,34.37564
105.658676,1.1163572,-18.214882,8.052685,22.519035,-2.5009918,25.090466,13.32103,30.834972,68.63527,61.79541,13.779625,20.901428,-68.410805,-145.78358,34.52715,11.552086,27.101265,108.58229,13.184078,89.180626,23.49627,31.122807,-34.953457,2.6281648,42.570396,-13.636185,-23.75695,1.1983719,31.72509,18.437233,3.3010979,51.88344,70.82021,45.43363,8.984497
113.17511,-2.1319695,-0.37730026,15.858925,29.446762,-15.037964,27.83796,-5.4047623,38.503628,81.63884,48.45913,22.319153,29.851337,-56.20579,-87.35277,-8.683807,19.860535,32.59095,96.09144,9.199429,80.94677,29.46595,26.60041,37.986305,40.880157,19.106993,-19.90918,-7.469864,18.38773,7.4180527,13.265137,4.991085,55.59281,75.189995,51.281685,12.55307
108.41538,-11.342598,2.7884903,5.5870667,-7.984209,-38.418327,54.39984,0.531868,34.25941,58.657623,70.62249,21.396519,37.18048,-34.888393,-62.295578,-3.682185,16.00904,44.132725,94.89512,22.92374,79.62916,0.97716904,15.9821205,23.769745,11.691467,30.384102,-8.46447,9.129177,35.565804,9.555473,8.55983,-8.952441,52.88686,78.30914,64.320335,13.756874
104.49353,-7.7386475,17.345314,18.834831,-37.555145,5.278351,50.003456,16.26966,-30.103466,-0.26434708,38.674557,15.668354,63.742348,-54.91899,-33.334053,-1.8862991,5.4425735,43.556946,89.98535,11.518799,72.76578,-20.704163,-18.382622,9.7443695,41.147545,12.243877,-1.5948982,-5.9934273,18.234516,23.416306,15.654736,-3.8739052,52.78177,75.91589,79.04618,16.368202
132.16953,7.6666107,19.122276,20.310616,-37.446793,18.866463,40.361607,15.324043,-3.8256683,23.000435,-3.8287811,6.567501,56.078392,-46.826515,-9.31485,-6.2484436,-3.0890503,78.50886,98.85238,-6.124298,93.366585,19.25145,-25.253883,11.434837,61.711456,21.831615,-14.554123,-5.44545,12.942654,28.73732,15.357959,-2.8604507,42.113125,95.89111,36.93705,10.540009
126.95038,17.379303,92.92945,36.741924,16.212292,-33.78453,27.49553,20.676338,4.8911057,60.527153,59.254105,11.587296,52.16223,-54.763443,5.0207596,8.778099,0.37893677,82.55081,98.51904,-10.657333,65.021805,15.694374,-13.401016,18.209198,54.577606,26.803993,-9.058933,6.022278,10.969551,30.121914,20.513084,-14.042976,40.70426,89.93039,44.610485,9.685699
118.6172,23.078558,66.86913,33.12066,8.613716,2.039814,31.81807,30.406298,23.257885,46.924274,22.605824,25.891632,53.251194,-44.89442,14.544472,20.183273,14.5627365,67.925735,92.726326,-27.121895,62.22074,76.62856,3.8723679,18.311264,17.445818,31.161606,-18.282593,7.3949175,13.443928,30.438763,23.74716,-3.6812057,54.15227,88.593765,56.953793,18.57077
114.91729,3.9371758,67.86354,44.96327,6.220379,48.867104,40.9943,28.774475,33.329334,38.001408,55.657585,65.83205,59.503204,-61.509056,21.104897,21.343132,-17.144226,65.87749,81.0783,-7.047653,70.34401,-12.975216,55.866817,21.351128,12.424031,32.118748,-7.276825,21.662601,8.676235,21.380714,23.596298,-20.55941,51.127266,78.966354,58.298626,21.797752
111.19176,-4.1659775,50.596737,43.91753,2.5375137,43.9852,29.352985,24.859339,37.264984,4.817726,22.64534,36.334263,48.139683,-68.64288,32.85897,20.50319,-9.01947,80.08273,78.06467,30.753304,92.68697,34.914196,57.480896,22.811615,11.4352455,53.215385,-5.1268044,18.589909,13.5561905,19.446575,21.692139,-27.996437,45.278633,62.72017,89.72779,35.94301
115.862564,-1.1792068,24.50808,26.848728,31.024014,30.842243,61.52399,28.647179,4.975403,10.254337,27.460594,37.912163,44.050545,-52.6664,32.73332,21.765678,-1.7334061,69.124596,86.000275,35.85335,20.52417,-20.366825,45.888657,12.051296,25.38248,45.97381,-11.809441,28.512909,18.783978,19.176533,27.460602,-10.89904,50.663124,72.6105,89.317795,30.722847
110.97835,9.167801,38.745514,28.601995,-42.668854,29.859322,48.888916,31.389214,18.245289,2.0082445,-18.79319,-12.780228,38.35203,-21.431313,31.308903,38.54516,11.622978,57.360977,134.5448,20.582558,24.293358,28.148438,33.900673,17.417595,42.59633,38.666527,-4.911064,26.893444,26.876965,18.816856,55.133564,-16.54847,52.0132,60.22992,83.66818,43.25728
115.56181,1.4587555,-1.5792007,48.75577,-0.6111374,1.0300751,62.189106,28.756355,21.641468,-0.051229477,47.206802,2.6115417,125.287766,-40.790764,29.18069,48.128567,-22.925339,87.918335,127.90372,22.967747,68.74304,24.356834,33.556343,20.646374,47.276875,33.39078,-7.50589,-4.2470074,42.09096,35.497784,53.707043,-5.674244,58.82034,67.2325,111.31419,40.683006
116.26228,10.413635,-13.004852,67.57803,31.070606,65.08457,52.116516,49.790977,12.373142,3.1899223,25.783394,-10.203987,101.44505,-17.345398,83.16536,48.862972,-9.917046,81.06833,145.88458,23.27684,11.06868,-17.540142,25.005733,24.180222,19.725689,29.559366,-3.2353363,-3.9701614,33.497227,35.544273,51.10815,8.718193,59.092766,45.578873,134.56636,43.635326
124.725525,12.309273,3.7318497,81.266655,0.13795471,55.51593,-29.807526,50.86609,-32.327282,40.087135,26.74076,-12.027382,87.099976,-10.731071,79.42448,47.092625,-6.648384,99.065384,152.08559,26.81094,45.27961,49.65461,32.137157,21.856346,27.573666,30.762669,3.2562675,-1.5312996,38.3741,42.01739,35.33014,10.349747,61.543903,48.17246,156.08966,44.700527
129.08322,14.054642,18.054405,63.212646,12.245312,40.020767,2.8063622,42.706936,-9.832275,44.76895,65.63238,21.20327,86.89203,19.943665,69.527756,53.474777,10.96347,102.58343,162.56776,25.19386,52.29106,39.741276,39.578472,39.451878,26.23679,33.870052,12.539631,1.987606,20.298576,41.22233,38.05539,18.454323,63.022423,46.46235,148.06578,48.92644
124.711365,23.472351,30.543907,82.806816,48.7257,67.832504,27.484665,15.326118,16.736397,60.28096,87.21088,26.35402,93.42422,34.642616,37.88006,61.219257,37.639694,108.97104,151.38708,31.878937,78.862976,109.14056,51.35032,52.04123,29.98312,23.97823,24.137348,-4.04665,25.38417,49.21286,33.771492,23.540344,51.509804,13.65834,129.59276,50.684597
131.95561,-13.248463,40.342052,100.398605,43.839333,56.741882,50.63531,16.917389,28.772907,68.2212,26.974499,62.14572,103.59137,10.259243,51.354343,65.23836,47.172215,61.23629,192.65808,40.967583,36.22737,42.896217,14.37233,42.75363,32.335766,31.18724,50.334965,-33.6281,32.605934,82.79392,67.15231,25.625969,66.980225,17.569641,129.52803,48.435192
132.00072,-11.489059,52.303844,111.89651,37.322147,64.882355,38.680687,14.908058,42.65768,56.70044,88.37552,50.255516,87.43498,-0.8246002,70.590195,71.67252,46.962276,80.017166,185.53676,51.928787,10.352322,74.72777,3.330635,50.224693,37.03433,32.128937,40.199844,-21.04914,28.869324,108.602356,87.13106,24.724457,66.480774,34.680824,123.80872,37.23153
139.37746,14.907722,35.702934,110.86985,9.714165,60.793007,56.43926,6.020256,46.835728,60.79304,103.24177,68.767876,83.77486,-7.811447,79.36465,69.82893,49.889446,100.48337,173.37695,58.231094,39.43248,13.640579,-21.636318,75.47322,38.527157,46.14931,31.847042,-7.5342636,42.42357,80.74529,89.34094,36.937557,73.47171,42.220013,116.158424,37.4929
135.9767,27.196066,57.700947,112.449326,48.66512,55.916035,59.69602,13.839088,35.749847,69.61764,72.95281,19.06091,88.84512,15.836502,55.82592,35.88433,54.864624,109.16245,162.33624,-15.79789,49.547565,86.20664,3.324318,72.30518,42.38555,42.836884,23.541142,-1.9596455,40.171387,77.44559,86.65595,31.694439,69.154465,32.21362,104.13621,43.347084
135.17926,34.945282,44.869,120.69195,78.04673,60.362503,60.38471,24.122194,52.22296,73.821686,26.599972,52.340088,93.02002,6.4632034,17.304909,35.730396,56.129234,111.40858,151.642,-0.05470276,61.85706,95.92991,14.471321,68.120155,64.78051,51.269638,18.370483,10.06506,54.32695,62.50937,93.49517,29.072594,68.67402,48.314476,109.595085,53.623566
143.11472,45.618023,75.30696,142.45703,60.802887,27.875523,72.19078,65.676056,57.00885,87.99255,123.53885,131.6695,71.0544,32.304565,24.324532,50.78153,53.70922,116.99309,142.88739,15.972572,64.26635,136.45653,30.002876,61.569855,53.62046,47.18219,-1.0652351,13.216201,62.40463,59.972664,88.77644,27.904709,64.62468,61.745937,140.46556,53.76154
147.5913,52.040474,52.505737,101.83065,102.90434,58.103065,83.4027,70.015076,46.396667,102.68435,97.673775,112.03498,84.546364,53.72077,49.541405,45.34088,58.08026,105.10325,151.02174,32.3191,115.642975,85.74188,49.02087,55.37687,112.375946,45.956753,12.990536,18.940968,71.74973,75.67174,90.751236,29.103737,56.362396,60.687237,136.73825,66.79059
145.91579,52.965813,55.3652,89.0885,54.86393,65.256905,86.057655,104.34949,59.52097,70.7508,109.65306,89.079994,92.222946,57.59162,69.244705,72.563416,59.730556,96.039696,145.31659,63.46857,96.42002,83.84909,52.836678,67.2355,103.28841,44.856724,18.826336,29.729753,81.9253,78.834755,97.23713,29.728493,49.460606,64.74229,141.20477,77.437004
119.13458,61.526382,57.836838,88.80001,50.697174,81.60103,12.387947,110.24966,58.200638,77.44997,91.38208,68.26197,97.314674,60.53371,52.78582,85.32507,70.09907,30.246017,79.719696,66.91357,104.76945,33.727325,73.33635,72.68881,106.16406,46.8184,33.961704,41.407997,86.58027,60.344048,96.758446,16.33997,49.622665,61.41398,138.43166,90.94678
119.22609,62.220768,56.229156,68.84894,72.73664,87.161156,38.65774,103.39048,55.50341,83.26863,102.512886,-18.171661,87.21607,68.57551,70.144905,92.60608,65.34604,38.733047,77.76899,75.974785,97.217636,86.90398,58.363686,67.79799,83.14423,50.589005,35.536224,52.017452,104.35548,53.407696,110.95157,23.467972,55.0367,63.19205,126.325226,80.61399
113.95996,72.05543,78.59467,64.01352,73.71237,76.153656,55.082554,109.83229,2.7022781,88.14005,50.463097,39.621857,17.437103,76.50421,36.039856,65.15865,64.11711,44.488834,80.419235,81.63563,82.50313,46.21714,54.935013,64.09008,74.82427,53.359756,48.429356,48.238297,97.17973,19.941872,117.92372,37.449425,46.137897,65.91156,127.64956,93.37901
112.55356,81.22652,67.671814,48.853424,22.315235,70.314766,61.183132,107.38712,24.462944,61.688423,79.97976,57.106068,10.334141,75.20978,49.563778,102.10864,60.44615,80.63733,76.8363,67.25013,80.55177,54.715668,86.22023,57.524086,66.53689,54.209972,28.682793,52.35702,101.35979,23.325676,113.81796,22.921558,61.113,92.26442,117.97032,90.90787
111.024185,79.80897,58.891907,43.11876,61.86368,50.39933,102.78179,102.84762,53.27577,52.923336,43.82476,63.512726,19.73513,40.722054,33.7561,75.92084,23.678429,85.80055,81.77132,76.21081,79.07314,16.507889,46.599983,56.40365,42.067753,60.01504,17.890217,53.292763,87.94362,37.300606,108.3576,30.335178,60.330246,82.77336,117.99262,78.35034
140.63197,81.3463,73.31129,64.32734,21.601791,49.002846,-44.937286,97.116554,3.6068878,71.53929,-20.492805,56.306744,19.797962,51.2285,37.473553,74.23569,37.56504,80.349335,79.2076,67.39874,26.667244,50.747513,54.89731,43.505383,52.93247,56.81942,27.31549,15.977386,84.817,51.083435,100.80579,55.76331,50.958496,75.04422,139.88322,89.99166
151.67009,55.20469,67.15381,47.91957,57.44902,58.49331,-4.913451,91.11862,24.172447,86.72983,70.36569,62.637665,-4.3138123,66.66236,-50.125988,71.03757,36.883274,97.22647,76.51298,65.47046,43.538353,-32.86577,53.33559,41.377113,49.46839,50.878883,35.55417,35.03349,102.79197,59.12499,104.78526,55.684517,48.52058,79.812965,126.94174,90.72156
145.38634,57.37816,61.457314,83.989334,42.251247,54.064316,0.62442017,74.27749,2.290985,75.36829,38.99086,26.21658,4.137886,29.697536,-28.550987,53.25133,65.15266,106.088,75.141075,55.968475,45.23932,40.60431,77.59326,47.63436,29.838287,56.544464,30.805008,24.548965,95.73834,60.120964,104.27605,56.629887,37.220425,91.18876,125.69679,100.433174
157.30731,54.848614,31.76561,98.54762,50.03057,55.74171,38.59543,75.22843,16.077293,52.1792,66.79099,39.18554,6.0533066,14.169281,-15.617722,51.365482,76.15961,58.94125,70.94997,52.907673,61.148624,70.081085,75.3573,38.640343,39.46722,54.96793,38.971893,29.781796,73.12218,69.44673,86.07733,49.338158,45.77834,87.83586,124.87699,97.41546
167.82208,65.00539,46.881134,59.658485,75.22246,44.003006,55.890797,70.61584,37.239677,66.86295,44.11966,23.798458,26.747917,30.551239,2.9989853,49.96197,34.612385,68.481186,103.37224,57.592834,95.433815,12.027798,57.292336,53.814342,45.155315,49.705494,47.341537,45.6452,76.12665,81.89796,122.91053,40.149612,26.145832,87.78421,121.65169,91.35514
170.67108,64.900536,41.745884,49.92669,1.0648804,142.71112,54.427086,66.72263,59.650547,89.82323,61.35525,6.383213,26.382019,15.532761,16.76474,54.730595,61.310356,80.55932,58.088203,61.959557,76.4463,32.55338,57.58335,121.07792,41.716118,53.63218,45.065113,50.98127,66.60654,-2.211029,71.42644,38.83518,29.077213,98.8966,115.605835,97.06185
167.79509,61.964054,43.045776,41.534668,55.541424,84.827194,58.456417,100.179565,75.94629,73.247314,74.04132,34.859344,59.382233,11.353279,11.970215,57.009483,60.08667,61.040047,64.11689,44.46906,84.48946,47.29548,65.01083,45.19399,49.575024,51.696995,43.630363,49.729507,66.43879,-1.0286713,108.98935,46.293697,27.782568,45.239937,110.61514,88.1776
162.139,74.68236,44.149323,23.70208,71.247314,47.08403,51.7036,125.361084,79.26708,76.39126,62.382114,17.303158,49.918518,-12.463615,26.931679,53.986683,60.30727,73.74499,88.31961,50.30498,81.28591,15.874451,56.863388,7.37611,62.16271,53.801098,46.44503,50.29435,77.4109,7.0811653,109.54392,49.84712,26.657677,68.47058,107.101715,81.99492
168.40627,58.61287,44.25,2.5392303,20.95771,48.56789,45.78866,152.07155,75.68004,67.50276,121.379745,18.830597,53.264744,-36.582535,-6.3067474,56.953194,68.304825,74.3117,78.23762,19.817883,75.36438,82.17656,69.738045,52.863514,30.900053,61.72187,53.233044,60.336006,79.36526,15.680279,97.15471,47.7084,25.962856,67.106415,113.93751,65.61638
171.41223,61.475334,48.267624,-12.978363,18.74844,51.718433,60.068287,151.0221,80.76298,55.1949,50.849537,59.6095,61.918,-19.48111,40.426674,24.654087,81.855225,67.24556,80.01131,36.633984,91.48711,108.05148,72.83168,30.345219,25.09225,59.18377,39.82007,57.799576,93.49353,25.704395,80.945724,43.57158,32.161587,92.65689,110.83858,68.28311
165.53847,58.92962,39.832813,26.518013,46.360565,42.197777,54.755295,137.13846,82.18129,86.3103,36.029686,61.646103,56.003513,-25.361168,45.187267,29.38818,87.04201,62.042828,75.85913,60.842,98.98784,78.705635,77.719215,26.907284,22.55682,62.1934,50.31521,56.287144,95.1101,47.066315,74.39052,48.620956,61.871666,100.26506,107.461365,69.53081
160.52399,63.473213,20.510956,36.89763,31.750662,81.17787,63.606266,127.32675,82.87421,73.50567,101.21354,65.777374,70.63786,-10.797188,33.58865,38.971848,96.6344,53.814224,72.33498,56.358025,98.80282,79.203064,77.472595,38.011265,36.60467,58.376205,43.067375,67.81589,85.27895,43.522446,107.778404,48.352577,53.136074,99.81979,104.46421,76.82701
170.78435,52.57045,31.873573,65.367546,52.54031,63.46781,94.285065,129.54462,71.78558,78.80787,98.95096,77.88049,77.60771,1.8883972,-55.888504,47.764668,96.988655,67.45718,70.81647,85.214714,84.79437,75.68005,90.89493,43.4956,33.352985,63.517403,56.060604,63.023186,101.24652,40.510338,73.111984,50.85379,36.352116,46.888214,110.36575,75.48774
146.65399,48.332,43.755424,57.94068,88.011086,45.192905,93.48631,155.5143,71.028595,75.03102,86.259636,86.42499,77.32714,12.382629,-3.6417084,51.46045,82.21698,41.422585,77.69553,91.58486,103.364235,89.614136,87.42137,80.59177,42.22544,55.41548,42.730644,73.99625,99.829956,41.64691,59.68312,42.125675,46.07423,49.916615,105.98742,75.32162
151.98378,63.20761,47.441357,60.809204,86.721405,47.036156,70.64044,147.07896,85.05867,73.89728,115.59347,77.44829,72.42008,36.179054,-7.665306,57.505627,82.205574,45.50656,35.000023,67.62755,68.836136,77.11551,88.94647,57.71139,38.249332,58.89709,46.795807,70.94438,88.052284,40.44305,54.60357,33.276123,44.612938,50.812374,100.955444,85.13063
155.42212,52.579575,51.96935,32.116554,83.79869,29.864716,74.61862,123.7077,80.04831,120.22454,100.42528,79.30692,87.94643,52.35584,4.9783554,94.05136,76.72966,39.565636,49.876945,67.10539,79.05284,87.95692,87.842636,44.8808,50.737465,41.20103,-16.09719,62.76242,69.72635,72.3892,49.682022,38.410164,32.828934,63.84994,77.86151,87.30539
159.18869,78.03676,51.921036,22.98938,37.96328,51.386936,71.16906,101.27681,88.3398,132.22559,88.30351,80.309235,88.18996,28.73936,28.81401,63.82904,66.87299,44.224438,51.753193,61.16838,77.62001,97.32876,101.246376,54.764435,17.927162,54.159225,3.4193268,57.978745,68.15909,73.55875,60.686382,43.141052,16.737259,68.90997,88.000565,95.467514
162.54723,79.493904,63.948135,48.623528,62.394905,53.270794,88.53321,103.44521,112.63732,140.90082,109.2698,79.82757,89.07755,23.825592,24.179363,60.84127,72.67894,57.33158,95.088104,86.050186,96.00988,38.937622,116.34851,71.61956,18.264812,53.83341,40.943993,67.020935,70.75198,70.205956,56.257504,45.23658,8.580242,62.40484,65.91457,95.744514
168.91751,81.2836,75.40588,92.00235,43.71164,50.426155,66.914604,107.915855,107.89931,125.79855,127.42612,28.137146,91.56139,-3.5396576,4.291752,59.207035,68.20599,62.51939,113.305405,102.829636,105.10644,20.891663,105.34962,31.210884,22.228277,39.95539,38.33921,90.80453,67.47466,99.650154,65.09502,43.8712,14.688053,79.61746,77.63962,104.24298
175.56458,65.25656,83.21668,88.011894,71.00678,36.9451,80.524475,99.34309,109.99095,101.88308,99.962654,42.485622,98.22362,0.8792076,5.8210945,40.99929,64.18945,67.52542,136.21404,91.18533,79.535866,82.656364,97.234085,99.41163,60.21578,21.058624,41.154694,85.839516,71.76097,88.37364,59.89486,52.30747,50.15156,87.54035,79.01629,114.03688
169.86813,84.4557,86.71656,68.68228,83.14429,135.9103,68.24353,108.22432,100.54359,88.17579,11.75528,68.992355,43.42167,-7.358406,26.700256,50.634514,63.826454,61.056686,154.55238,89.63234,95.49123,105.01192,61.128586,89.89293,32.090103,29.2697,46.1273,50.950752,71.392975,85.75398,70.271484,56.63284,66.61416,97.448204,84.870766,107.16628
173.31961,74.01851,92.34151,69.00622,21.931122,95.43766,-28.726624,101.788216,79.289665,35.104668,110.62169,-1.0987244,50.202564,10.004608,55.282635,83.70857,72.28139,64.74629,167.08441,83.516174,88.36694,76.590744,56.449905,83.52539,30.898937,37.303818,45.630367,72.9804,76.3114,97.718796,50.418594,57.937855,68.64272,104.27271,60.49492,95.8911
178.45938,107.42493,105.2028,89.65116,80.01784,77.320145,12.411781,100.48363,84.85779,77.25234,83.45482,64.739655,51.51835,22.25608,58.032097,100.5861,90.49771,88.826515,172.04913,67.44267,85.834915,87.03798,50.588478,72.559296,4.2925873,44.899147,44.87938,69.277275,79.061386,101.4635,50.66864,64.634796,54.499702,108.72031,65.53345,101.134895
225.87117,104.62039,88.33639,67.44884,77.47544,76.98183,30.626251,107.52077,86.66893,50.7894,127.66011,74.47965,56.589874,34.002113,58.49537,115.17802,82.142105,99.24103,169.57683,74.520004,121.644295,79.85603,64.285,88.65381,-7.286751,28.556465,48.8292,58.17482,75.02601,95.502426,44.573895,72.22829,85.406906,107.82039,89.49362,100.33517
215.69905,101.02769,75.60098,39.234253,48.211044,50.845085,46.968506,106.2414,85.8535,73.73779,65.9489,116.74692,68.0914,26.666462,29.816952,112.32999,80.737404,84.53586,162.32892,77.623344,117.66023,111.96618,88.599915,86.92961,6.534307,39.138855,55.33977,86.07267,67.41266,85.30993,27.938736,65.32584,92.381096,105.8429,87.75175,82.378555
215.14961,97.16901,70.84291,79.31683,33.76726,44.60992,89.13231,99.4685,89.70566,76.92254,113.29567,114.72868,76.52937,46.766365,56.8036,116.840706,70.33624,43.203506,155.59378,45.00489,126.95527,60.503716,102.662056,79.9635,40.443333,42.533894,52.197086,76.597,62.50209,99.62695,39.21277,45.41458,98.8842,107.644035,59.09754,77.60318
217.78886,81.56909,62.30687,100.272896,53.405807,67.31305,75.21325,106.49835,98.63614,135.5291,92.4061,85.94121,68.03694,43.062626,57.523617,118.93545,85.845055,45.44157,146.14641,55.957615,95.99134,-17.848053,106.26493,95.60685,29.532925,42.070827,56.473873,74.519554,70.396255,109.81608,52.4284,62.640537,103.83218,113.90491,75.16542,63.448563
217.6641,81.65735,79.896225,81.61298,66.79649,61.920967,66.91325,103.5212,107.12794,142.6351,86.27871,-25.607872,67.70834,57.357647,65.70652,122.56466,94.56373,69.88573,138.43494,52.915413,88.479996,90.50964,106.47531,92.755295,40.954056,49.91901,39.814873,81.17588,66.29418,121.21381,58.954716,77.526924,115.93647,112.34243,51.951683,69.44787
221.12895,88.562675,72.51656,72.8382,54.04917,45.70836,71.63194,95.22873,103.44959,122.75623,107.51094,19.912663,94.920265,75.25451,67.68128,80.53331,55.61365,66.043076,157.72623,68.598694,53.455006,64.95081,106.85373,102.0398,23.15984,58.48585,28.199425,76.9979,56.61891,125.97807,57.630276,75.46364,108.692276,99.402824,68.39543,60.679276
217.49458,85.07724,96.15649,93.52887,5.4476852,60.60134,101.70516,92.88262,111.890205,115.4866,49.639267,71.21003,86.99647,45.503616,77.18244,87.2635,83.32306,74.530396,107.63827,98.55791,86.5591,140.08037,75.421104,93.151306,17.222786,51.24622,36.884506,73.71156,76.81459,122.377045,72.44909,69.12593,81.50504,143.03204,81.72427,65.599915
213.96266,101.32644,73.22377,80.98424,85.31063,53.474976,101.08875,74.71916,106.93709,108.290375,124.50985,94.708694,71.58069,34.248085,82.72615,67.61766,96.12422,115.75093,103.00499,126.54353,102.02361,95.53955,78.342674,98.10204,42.070084,53.500465,18.349602,90.34418,74.3623,117.5563,92.85181,70.98952,86.12609,143.2446,84.081314,61.15101
218.72699,61.28441,54.090515,106.522865,18.919006,67.718704,-27.013786,112.38824,119.9261,102.07091,136.97754,108.35582,68.22488,22.743515,83.630035,75.76438,59.366146,122.25305,86.73179,120.68622,106.305664,86.681366,105.4449,94.579025,105.70622,51.11305,47.307888,91.892685,82.53001,129.66548,79.31353,80.40301,80.33936,145.97531,74.611694,73.86392
222.09366,50.902615,69.79074,109.76298,88.54137,68.16012,21.974945,90.4223,117.087494,108.202835,95.748634,110.8861,69.34192,32.701057,75.75307,76.05406,60.05287,122.53894,67.444824,124.587296,137.58492,92.78683,95.285255,135.23438,99.07713,57.063194,39.647785,97.80311,92.647644,153.06601,88.100494,81.31624,86.60543,152.68762,70.26416,65.91136
267.20703,42.1761,45.10972,108.57974,69.09628,75.69565,48.64331,91.1817,89.543396,107.5119,90.45638,109.072266,68.26198,42.433067,98.7355,99.91202,88.72507,129.76263,58.800575,111.03542,160.7938,165.02423,104.33019,133.2107,94.41156,66.79793,34.686127,89.60808,74.78809,147.94482,94.14475,88.41781,84.56313,163.40018,53.983994,77.04187
286.31366,47.778835,80.69624,114.71161,102.840515,87.177475,65.83298,112.15936,106.442665,133.10051,115.70529,143.36018,80.7585,66.47073,95.77425,106.01759,98.24253,121.13632,78.67591,106.35668,143.24513,126.781204,101.418045,126.60422,91.48703,74.67492,31.118137,86.37311,91.05698,139.92914,105.989296,80.77111,90.31874,183.95198,61.79109,89.39417
278.1544,68.848076,84.47355,96.33813,108.03,90.57806,105.81585,114.61608,125.920074,155.4554,136.84433,131.83673,88.9692,74.76713,105.03102,107.40398,98.79167,161.2378,32.066093,117.18117,102.742004,149.29791,104.36968,123.26026,121.771645,82.28542,45.481228,70.145706,98.64363,154.58545,127.67637,84.0113,87.549484,171.82083,54.171432,107.146194
272.83618,64.55487,109.74329,104.67732,105.43287,98.313805,138.7944,113.40153,142.44736,146.83669,163.84348,122.803406,106.124886,79.40289,96.35928,106.621925,108.91967,154.60553,36.605812,45.162926,107.83702,142.37927,116.37542,123.723495,123.33515,84.57106,56.416443,84.70936,117.59046,148.76442,150.42802,65.87633,75.15801,168.98648,34.910763,108.27004
267.34412,85.987045,179.72641,129.74959,111.02757,117.39058,135.02888,63.223534,141.69424,140.37173,154.26465,174.63535,112.70972,52.66015,98.393265,114.70056,135.3036,161.56277,41.842567,70.285416,130.97961,142.42242,129.22289,99.394104,124.16533,89.43589,46.23313,90.29481,124.76943,168.55917,167.84122,80.71294,71.516464,164.69603,55.36437,109.114105
265.93073,89.35391,172.92049,129.27425,127.38619,144.87962,125.77319,17.272827,141.60263,143.01686,157.8535,157.48444,110.21384,74.50537,7.041992,113.05484,127.27893,179.32872,49.81915,76.519424,131.29265,148.68134,148.41862,127.37488,124.82162,85.742935,57.651962,94.18463,139.03906,156.59235,181.30772,87.94321,80.226295,181.71298,48.99804,110.749535
258.56696,91.425476,153.93913,116.3159,106.74858,117.972824,130.01544,30.482548,140.69441,145.11856,192.54796,148.90619,133.12656,93.22028,42.733772,133.27315,125.46104,177.11215,98.16862,81.57596,153.47066,86.88659,148.04013,133.6251,135.82599,86.78585,74.78876,93.346634,96.694824,150.20856,179.18297,95.74544,60.58534,172.69157,57.918324,113.53008
250.46466,112.58548,145.96194,105.50914,98.955795,116.24635,138.3711,48.72436,162.99066,128.38493,168.55524,132.23076,123.869064,92.20541,76.01026,136.42238,144.72357,142.34654,96.44015,82.92288,149.3875,162.11761,161.37077,149.69966,139.28629,99.870636,87.961235,110.24412,105.60088,137.8895,184.98587,96.964645,66.45739,172.24277,51.494194,150.7996
221.70839,124.65806,143.38977,147.84613,100.36969,122.739944,136.75731,53.578922,159.41614,132.08954,143.67812,139.73618,95.9548,111.64945,49.368927,131.9102,161.79626,144.4845,145.7205,88.708694,160.70029,87.82349,164.9646,143.96082,113.041016,99.91918,95.80086,120.509895,127.127335,136.35535,176.56497,99.98436,56.22438,171.26385,56.142284,145.67111
197.18904,116.63788,138.52626,134.75278,66.62086,99.6868,124.4963,66.79462,155.86266,132.99417,128.63484,125.33856,103.22945,83.45403,56.759705,122.35927,154.04362,145.31088,162.94514,91.91902,84.76926,143.02602,152.41008,146.25835,110.187584,94.96151,121.177155,110.47162,141.05884,136.11896,179.5846,100.04466,65.66748,145.38098,62.46736,144.0837
197.44092,107.50693,137.56958,109.05299,138.92871,145.98105,110.290924,87.16268,151.1091,157.97192,150.44998,68.10336,91.15201,86.74785,116.582344,114.77857,161.38324,180.97607,193.51453,72.892746,98.21,156.83441,134.29868,140.93597,112.92857,90.73689,127.97291,94.84896,129.11298,157.54836,177.07822,79.3457,72.481926,141.10657,53.73018,139.65273
204.9787,137.02374,137.9125,122.656235,132.67023,181.41647,136.77342,94.54317,173.84001,162.55754,161.4559,154.28436,88.151245,88.080154,144.25366,114.42849,158.40253,187.55049,186.98077,99.94237,128.02612,124.84581,162.36273,150.62373,120.02607,114.19094,113.69685,102.8764,147.67462,163.01251,184.50491,79.82961,74.267334,105.48288,94.54518,146.0659
208.58864,136.67053,133.91917,109.59014,66.02273,154.803,136.09451,81.481865,154.34135,163.97186,179.20811,155.53458,91.61886,76.5712,98.75064,108.45008,168.4085,190.83261,191.31564,76.34992,140.95323,93.81676,156.49985,159.26595,102.99501,107.50047,114.54644,105.85348,171.86215,155.84654,171.81396,93.090576,80.657364,112.38709,59.98683,145.99835
205.09442,142.2533,134.93268,141.43025,130.19049,124.42435,141.65363,99.65976,163.48755,200.29152,164.89288,137.95139,101.13813,85.220795,110.53228,114.17545,183.90807,209.8982,191.67072,85.4832,162.92773,65.767975,146.3657,150.39236,108.78183,109.71443,112.730286,114.34422,175.6745,137.68674,166.70813,103.67565,101.53055,124.73859,65.10685,137.40019
181.10289,155.12837,200.6661,131.16298,137.54712,207.19151,141.33606,61.017895,166.70807,221.56107,238.71161,111.39892,86.50593,63.576637,124.3047,135.94078,210.06494,223.64969,182.49765,95.903885,169.59343,148.6555,139.92097,145.6244,111.042435,105.63499,117.72414,127.2172,174.80913,138.64897,152.3212,105.558556,100.30504,137.16205,37.604507,141.76093
185.88422,153.72147,187.67049,133.98631,173.28029,172.90292,134.91235,75.65234,184.69714,218.0317,213.69412,133.18236,99.46065,72.70717,139.12593,137.28325,198.56528,219.11014,163.81317,116.111694,199.12267,215.80263,142.55978,139.2041,113.73707,120.39153,114.90805,141.35625,183.73953,152.56543,154.64835,112.11882,104.83795,153.4628,47.637665,145.12675
180.56854,170.5271,167.41513,159.31921,142.16925,150.84518,167.50705,96.69811,185.83096,220.53352,202.44983,162.88985,94.33812,67.49921,102.079865,168.45215,164.19092,228.34541,160.52228,140.72841,192.43774,110.68492,156.99913,141.2685,116.17208,115.47214,120.04564,137.49554,166.884,153.24948,149.8443,115.91325,103.28032,137.49689,23.154106,135.75354
171.15411,169.11377,145.67056,132.50626,161.59583,188.97911,153.32854,105.854324,181.55109,196.87875,246.32233,146.21378,97.15216,44.351814,107.8218,156.58926,200.98613,208.4683,216.58511,139.29169,195.58188,174.7219,151.4336,158.50421,126.47064,117.788315,115.04761,151.38994,152.50372,154.70488,159.45541,100.824875,112.75815,140.46732,49.356106,134.04109
181.69022,174.10637,180.85033,132.25735,159.94125,152.962,163.65607,127.0361,171.16539,221.70963,102.98097,145.22232,96.20732,32.886673,124.93569,164.77707,183.7573,224.4039,161.7485,117.15735,203.23184,170.27477,165.55775,154.9166,134.2735,113.60669,108.38629,152.71878,142.95062,143.27669,161.03922,106.72182,114.915085,140.21402,62.50582,138.95438
188.0358,161.67767,168.5052,140.20222,146.38416,157.30649,179.37573,131.14845,179.0828,242.83325,194.82214,136.90134,103.34544,21.385841,132.56248,180.39838,182.1387,214.83826,158.82394,131.39896,184.0451,190.11148,177.39754,170.8569,145.21614,112.08891,115.11729,149.99799,148.43642,127.34064,160.89108,118.78563,118.23517,163.91154,57.03282,146.87195
216.19214,178.32669,141.11748,154.33072,139.57922,149.56061,185.82645,140.9442,182.85934,233.35506,244.9851,148.6655,120.12952,34.82137,131.75755,168.75665,179.78564,228.77997,158.62904,131.22261,199.72264,205.9444,170.40334,140.74464,137.16441,113.28783,111.87042,141.15306,140.61015,122.017,171.176,128.9004,121.42641,127.38248,98.03564,157.23941
210.80206,173.91403,179.37465,137.02097,172.70828,143.63344,167.04117,149.64828,184.02792,237.57532,228.01376,201.11127,123.00162,34.795895,140.8531,159.26208,175.39796,242.29462,156.34686,160.92778,208.41487,161.11197,168.57779,152.68959,129.45651,119.64508,122.51123,139.05838,142.09868,120.14324,174.12515,129.27684,123.60107,131.39014,104.733894,158.93674
204.03777,173.2382,168.28775,137.5194,136.82745,174.23329,161.94482,106.153534,182.43585,211.88791,232.89888,220.23346,131.81209,40.535336,136.76418,155.85213,180.56001,236.54605,158.79793,156.8768,206.27283,195.79738,166.72598,155.03642,127.95941,116.839485,126.75424,151.43648,153.71611,147.71059,182.18634,126.396675,123.89043,84.251724,106.72018,173.70612
194.94194,184.91669,178.43478,125.335365,166.8472,160.45877,159.1712,119.28437,192.1794,230.77834,213.66655,194.59204,156.18556,56.20453,45.6192,156.13792,183.64563,246.14386,132.30869,148.32712,214.62961,164.29492,162.48816,168.10371,129.437,125.43507,122.4144,165.39763,159.94077,164.79247,170.59433,123.64993,129.43681,87.092995,101.99116,182.76093
166.08897,186.08337,176.4442,164.80524,144.18547,155.00406,144.02234,123.70268,184.5973,241.51143,217.77771,240.07144,156.30994,51.601097,49.09726,160.42616,181.11545,229.23996,130.94202,133.97946,163.7609,193.8512,162.02036,165.86472,161.9403,127.27863,123.92811,176.44766,157.82967,158.21802,172.54993,128.15753,131.7226,92.21855,137.99161,179.75226
172.78088,190.49811,179.29602,157.32037,131.35419,151.3644,159.70155,122.29782,172.88712,245.58522,233.91185,218.04123,167.14299,35.54117,92.59478,188.37517,178.30956,237.73615,122.287445,140.7388,193.11917,163.28893,156.7671,166.15134,139.12387,156.25783,107.520004,185.44339,162.70142,154.78944,177.68947,140.66946,135.6185,104.89919,139.60724,177.67435
182.79929,184.52823,178.72256,164.61269,151.97327,159.36319,144.9133,121.32027,179.694,234.1514,206.30116,184.528,172.63098,53.73996,79.00398,177.98679,180.27518,230.10324,97.91138,148.24074,197.89598,205.98257,155.52986,137.28023,148.5576,150.88043,114.54538,173.13486,166.43558,145.1055,155.48984,149.12102,136.66112,104.091446,177.18701,177.28772
186.43935,171.65916,170.13359,171.03955,163.75192,144.54327,158.8074,147.5452,161.9982,226.41666,240.19928,199.08661,166.8276,79.15417,101.244225,181.57991,187.86493,231.49673,103.50942,161.98628,220.2996,228.85083,119.211426,142.76427,142.15842,148.46341,122.854706,179.42958,171.35246,141.81537,152.10477,145.31656,136.53027,110.45612,183.89993,167.39442
179.40813,131.24294,178.083,166.10905,182.32755,192.99579,163.24648,144.763,165.73172,233.12234,147.88797,219.35971,157.69081,94.64597,114.92026,185.86685,175.89832,210.91899,105.83103,154.38496,231.40198,173.42422,112.16875,157.5145,133.62949,151.90833,127.31596,173.119,165.36775,60.513123,149.49615,127.1873,130.90451,120.25746,178.6926,175.12308
173.83809,137.64339,177.25204,156.88515,175.35841,174.3245,148.24008,145.02667,177.57724,228.49367,205.86462,203.85571,146.38313,91.003395,131.23941,175.03435,174.16498,208.87065,100.57817,155.13763,196.01544,193.82162,132.87724,105.22046,180.02026,173.57585,125.938644,156.71358,169.33362,68.13171,138.9462,134.12088,128.1619,124.36301,175.42451,163.75548
174.85376,141.72353,170.63922,186.847,134.71255,170.8246,148.39793,149.71854,171.52736,223.18721,202.72145,210.00014,144.60983,109.49121,145.15152,191.72638,195.03001,239.03049,112.67043,149.83887,189.99004,196.4567,141.84256,90.18905,174.89595,163.71918,142.1807,151.66809,171.34094,80.723175,141.41153,133.1205,123.50395,152.76181,161.48611,171.75587
174.10329,156.07819,172.79515,186.49765,169.56041,209.79376,145.36575,105.54442,201.35141,250.42134,214.97008,199.982,135.82556,116.191666,163.36244,190.31567,125.249725,188.80388,161.58476,146.11305,228.67178,126.97711,138.29054,97.70128,197.52248,155.49805,124.57443,151.13394,162.58214,88.627914,161.44821,137.37929,120.19293,154.74097,123.0923,172.34639
199.77798,163.97263,167.21545,183.43959,183.14185,173.24431,153.73213,80.131676,192.1684,253.40526,221.2453,189.17847,148.8966,103.174126,114.8284,178.24638,153.78952,173.61618,218.39383,148.40727,220.7268,180.98544,155.10046,105.04602,162.96518,146.33354,121.48497,135.23627,169.00404,114.36505,161.80725,101.64812,117.7011,147.99237,126.561005,129.15897
202.64307,174.37238,217.49484,216.05173,152.3686,163.31488,160.92259,101.83937,172.73055,242.01741,225.96144,176.4891,158.93591,115.34929,143.1825,170.14185,121.16819,175.51907,208.27383,148.04741,229.85175,178.77583,164.05339,129.70963,161.57626,143.82263,113.745415,124.31831,171.14973,122.728165,166.69989,76.748634,98.45876,146.63963,124.26181,134.30685
207.00677,191.57681,138.82138,221.22424,196.28676,168.42484,171.178,102.60221,164.04103,174.31961,186.85295,167.47144,138.8394,114.35622,154.54623,174.11638,165.00537,193.70111,202.376,144.6427,175.16339,201.60074,139.07785,136.14352,160.4318,167.60043,88.00425,94.05403,170.98149,126.18211,166.0527,76.35172,102.30002,154.32253,91.81311,149.35498
200.38034,181.76932,149.35818,210.60423,182.94043,162.40431,201.81723,123.89465,164.87234,178.84885,182.7889,158.5091,138.56805,114.35467,96.71291,181.43436,184.49857,194.46964,181.8656,150.63051,189.67944,161.26477,152.09245,125.97528,125.150116,165.06824,87.94202,86.58127,173.64377,128.2164,170.5878,90.999,94.60515,119.019806,99.886856,151.84846
198.37526,135.82817,136.07043,232.31776,116.35132,153.75214,137.07343,129.97232,173.50214,165.58534,198.67767,152.99644,137.29054,111.30153,134.55457,177.92937,177.15115,196.58139,176.32953,148.86223,143.62924,162.84229,153.36447,123.86174,113.554565,153.27876,101.58707,106.30422,162.109,113.03526,166.31184,94.819824,94.997444,122.66907,106.83985,160.58693
186.17384,152.98628,128.48538,216.51277,131.99966,155.1271,185.80771,138.8877,172.03308,163.08989,149.45409,195.96707,147.754,119.86728,112.06725,165.76099,173.40274,193.04318,182.6577,152.35959,159.28012,154.28036,154.671,140.05093,118.260925,154.42822,87.1118,99.80553,171.47409,130.96582,142.32004,108.49632,131.3214,148.05028,108.842,170.86435
182.14313,185.34842,134.19154,223.90796,186.71912,185.30649,195.31152,146.72641,162.63812,209.37349,157.6897,184.78317,152.48785,125.87465,128.66591,166.20587,135.37793,191.20627,185.51703,148.75685,155.42953,154.22647,133.06227,100.61989,124.44469,152.90483,97.56809,89.51094,145.02318,129.85823,145.70676,108.46917,129.94829,158.1113,124.725586,169.50601
180.90323,157.10489,178.26169,238.70859,122.80505,153.53429,184.02478,154.48755,125.98566,218.35135,204.15276,170.17767,224.80705,144.93796,151.8701,129.03218,166.77515,181.24283,204.2457,145.09686,169.2018,181.69244,136.95282,102.76514,107.44731,144.02942,94.329735,102.21173,145.60394,144.4927,151.43225,108.70056,126.058655,168.75264,132.5942,167.92007
185.49268,168.9465,178.33253,249.43704,190.50385,136.27396,189.75735,168.54521,145.5092,156.07141,193.47835,181.15067,226.04892,139.45822,173.26685,139.40398,173.30486,178.43823,201.63788,150.36975,194.30283,176.54962,130.12816,117.35626,117.682205,143.71082,104.49715,107.92184,138.98698,158.11026,148.74043,113.2259,108.88779,168.39388,137.44891,181.81711
181.2682,180.44547,198.80174,201.57466,168.0579,153.30486,136.142,175.48947,157.82114,163.45271,181.11356,178.68542,206.52261,116.94322,183.06421,142.54785,200.70274,188.33426,209.91986,142.0971,194.22699,163.18831,139.11584,139.14212,126.63452,143.4047,51.756134,114.88082,143.897,178.99933,152.66318,125.002014,100.69609,177.45647,148.78223,185.26595
177.42589,157.75612,182.65546,205.6879,149.914,161.46393,136.70172,210.41121,172.81151,173.93756,178.99051,173.17285,195.56783,111.91941,169.77449,144.7327,204.7684,180.78102,203.83078,111.18819,204.40134,195.0011,130.08723,158.9809,133.3212,143.10158,71.80122,121.024155,139.97098,190.66327,157.00815,128.59544,109.87292,173.471,146.60197,171.5959
175.63159,149.13847,197.90498,204.82352,165.02315,176.12186,109.140686,205.17438,180.11807,192.15808,203.57956,188.49615,186.06233,120.995514,171.11224,161.32098,187.29965,160.97954,243.69823,121.52571,208.90184,206.74103,172.05357,160.76462,148.44565,129.47491,82.03269,112.68381,147.30847,185.85054,167.09772,135.57101,115.10178,155.85919,110.41293,179.8902
175.36266,159.66232,180.04726,224.04951,186.94302,190.03285,160.46335,191.77148,169.11588,201.21727,164.72864,231.66263,175.033,140.93456,182.49663,163.40828,177.5798,158.03403,221.68944,110.53334,221.5542,244.48178,165.46933,165.01727,147.81693,130.56421,94.00297,111.3658,144.05951,158.25415,204.2656,142.86414,118.19854,153.36697,116.37736,202.59064
205.00699,150.40225,176.33582,219.57965,209.83151,195.40088,131.97931,207.71347,128.6633,231.09225,211.04156,227.78705,162.32025,158.17963,187.70273,186.11823,165.59344,172.80695,214.78613,133.41272,220.39487,224.00266,155.646,142.61844,149.29245,130.53488,97.3975,84.417305,154.08246,161.22612,206.76318,143.2073,112.594864,155.60928,123.052155,208.49059
211.57864,160.11784,197.42548,196.51866,195.82404,212.43814,146.51462,217.49112,135.12242,215.09772,190.41629,277.59094,161.48392,162.57184,192.05582,189.87677,165.96997,174.83453,209.06866,137.24998,223.15718,196.00377,153.8562,158.01698,124.1825,133.8876,118.33554,116.42316,173.46837,158.86441,197.06686,140.81609,112.85298,163.37027,125.60144,208.1225
209.1515,125.84375,169.06409,186.09323,171.29884,189.20316,150.83104,225.56349,118.28543,244.4285,187.82309,238.0144,170.45676,158.19452,190.25232,198.62419,189.38333,175.75436,224.5337,133.23431,198.70874,181.61916,152.31325,181.19994,146.96582,128.84653,112.150635,122.68476,183.98428,159.53383,186.40674,140.4093,118.97846,165.18033,131.07431,195.32295
206.94922,128.20073,164.79163,187.49615,187.07178,175.31339,152.4614,218.58188,132.1347,240.83336,210.73703,209.50375,164.04927,172.64267,192.462,196.0671,202.14418,175.88223,204.0194,135.18134,208.96452,263.78497,148.20132,166.03856,146.47287,131.562,119.73323,141.1004,188.86096,150.23602,136.75482,134.93877,129.26436,127.39395,134.17706,207.79727
231.68451,146.98253,160.84984,210.15202,124.19222,180.72214,158.1973,249.93452,123.0773,237.81702,181.46205,239.13478,159.35992,159.17834,147.76588,206.50467,192.6061,198.32574,198.24318,137.60939,221.08467,213.80014,148.37962,73.52254,132.47629,137.89165,130.0307,160.77698,180.99966,135.08347,152.3096,116.898834,130.3528,132.45692,148.64218,208.14746
236.99188,151.22113,97.96373,223.53287,196.52507,148.34596,197.46448,250.93213,145.7622,239.01128,233.47122,259.2346,149.52585,156.04263,157.60085,224.80557,190.69945,188.89713,190.51169,142.6808,222.79697,181.70403,155.6421,127.322464,128.50345,149.61517,66.20932,146.1089,181.04947,151.67625,172.56384,126.72199,134.12466,130.19589,120.76776,203.28134
233.84892,168.24503,117.23189,209.09381,155.48245,153.11212,199.31265,245.35333,160.27505,247.43877,219.38269,227.76697,159.1536,131.93158,167.88773,207.12668,196.80696,119.70854,186.17645,158.45674,212.14267,145.50482,162.56403,146.70157,126.13308,147.59903,72.46938,141.5906,178.65977,154.77061,176.45288,132.03804,131.48538,138.2944,125.584915,190.2331
236.50159,211.42935,127.98872,219.33746,167.8666,163.8961,175.54419,212.37708,159.4926,248.55078,216.66248,195.80896,244.31152,117.37881,158.25719,220.88318,187.51308,118.22705,229.52481,120.35201,199.54178,210.17471,162.3722,163.35574,131.77838,147.74709,94.38109,160.13353,179.61967,143.84299,164.9715,133.6471,130.0517,142.81662,131.0698,199.38539
229.46246,221.06357,163.23862,180.281,200.34528,156.99982,170.53864,206.33234,164.07512,249.81721,222.30966,209.96663,224.67609,122.807304,169.38103,214.24419,145.307,132.42906,178.28296,117.46712,197.07507,196.67406,165.54962,119.04607,142.33255,144.12659,108.15412,163.62729,168.79337,139.84302,163.59158,133.74547,123.898224,154.83614,124.80818,192.24873
231.52348,216.9971,168.22067,181.2451,183.02374,139.80511,181.41544,221.43924,157.24861,278.52216,210.02332,175.37598,146.44696,139.69984,180.38644,211.9589,164.40407,137.38193,185.15332,139.27917,210.58722,244.37839,168.82927,159.96121,113.02652,153.72101,118.56182,177.09306,169.71727,144.51657,161.38364,140.00887,123.1589,154.06879,146.4311,214.17558
229.20676,202.60063,201.98651,166.04343,172.91406,155.01445,176.29947,231.56003,178.8023,253.40546,227.46182,198.54767,140.58209,120.43718,136.34305,212.57901,89.968994,147.505,184.85738,152.52716,232.22656,160.60934,174.41962,154.76465,102.02275,148.03848,130.22214,173.66234,170.78171,145.64638,192.92023,128.4737,131.94885,154.75539,127.17795,223.36078
218.01253,207.05348,190.57832,181.19528,179.8634,145.74536,200.84143,193.3691,179.16876,225.81369,244.9367,195.68881,136.94107,136.66733,142.91422,211.70032,100.26793,147.73605,201.25941,156.92,241.85846,131.6365,161.01884,151.6738,107.018875,153.00761,137.92227,158.21117,177.05215,159.08017,195.99606,129.84518,135.68379,142.76147,135.58452,229.10037
225.34052,205.41705,171.2262,197.62456,150.6428,153.49254,176.48885,196.19244,157.75305,215.66833,217.80542,165.51175,141.9333,153.53287,119.004776,200.52489,130.98795,153.51694,195.05646,184.20914,199.77399,185.83188,176.08691,162.39493,98.3466,157.67326,101.39114,157.84332,181.64886,187.94276,190.15514,140.25214,139.84,157.30664,118.53145,230.91885
218.53392,192.462,171.56915,230.07358,176.14581,140.01767,222.75298,207.3448,122.99182,209.7183,212.864,171.96161,136.81052,157.42636,136.86389,192.82935,137.81377,155.3373,177.04796,167.31055,196.2612,195.39717,168.50969,136.98244,120.78975,150.0051,115.059715,170.54103,179.22453,198.81137,193.23749,135.88144,132.0666,183.09447,124.280365,218.37842
202.71664,197.19662,182.2805,251.55194,178.56198,154.59052,215.47525,223.39569,128.3876,261.7915,193.3231,166.80238,125.947525,138.92313,153.01936,210.50832,163.06313,165.76709,197.19284,163.3627,236.38397,140.21503,211.67828,179.77336,126.65705,150.57907,139.39752,155.332,184.5087,197.3778,200.84259,152.03758,134.6359,176.65,135.74803,222.748
207.19325,217.35838,177.7712,238.47633,160.99442,172.19893,206.70792,236.51086,149.41672,270.7053,233.12569,123.299805,134.81593,126.00216,168.91145,205.66812,194.27951,202.01486,190.05792,168.9243,182.79745,207.57469,220.5522,220.6912,136.91034,170.4072,141.41551,183.06319,190.2363,195.00096,201.13403,122.479614,137.11246,184.71965,145.81523,219.0742
214.0106,213.61151,194.23383,241.83282,170.26599,209.22038,200.3913,229.0278,173.97171,282.9909,241.51898,155.9975,140.1531,107.07008,159.93219,169.78963,159.04263,229.60333,193.84323,169.24371,224.46832,249.00262,211.0339,203.34645,132.35533,161.42554,146.06076,184.5815,196.57779,190.04431,193.86646,114.01866,141.17444,205.01451,162.39783,217.95938
220.17969,211.8717,161.14302,217.56558,210.28172,205.78531,224.99924,226.83887,178.5734,273.88074,214.4211,194.00629,169.62424,128.4911,187.1976,172.301,137.93457,225.9783,187.57721,171.13972,235.14651,211.74661,196.4592,185.09857,150.63992,156.08884,134.74551,199.65735,189.63727,190.58598,202.91959,132.17398,132.38922,208.72311,126.83696,210.0599
225.02641,187.1979,149.6409,224.07112,197.7702,188.91743,217.87628,227.18817,164.07196,228.61993,211.76793,189.96243,150.14122,145.33643,192.9257,176.76955,161.12267,259.10745,182.13744,175.38963,242.5965,213.9786,197.62683,186.84474,147.72264,156.36859,119.23877,198.89828,202.05571,182.41649,192.03604,140.54388,148.22498,210.75195,133.94232,208.57196
219.35764,200.61568,159.87053,205.44774,208.03026,208.67685,204.04309,216.39778,129.54504,225.74834,247.7488,218.39267,179.00648,134.83102,199.2575,154.31775,195.54922,254.4469,152.59848,175.8531,188.89525,195.22232,181.9262,187.17026,189.80455,154.22127,122.088936,195.12953,191.01468,192.32797,206.09903,147.23528,146.7937,212.73984,150.33447,218.16808
215.84796,198.38902,197.35571,210.43124,152.67188,195.40196,188.9948,248.61478,146.57153,231.10501,236.59424,204.18198,187.96423,109.017845,192.82872,157.41939,210.21727,217.76152,183.33118,178.25397,136.92238,226.96527,189.80312,181.74648,164.22708,160.6496,138.80164,190.68826,188.3061,214.36223,209.04797,150.14325,138.92645,220.26271,161.80138,215.47842
209.19498,190.824,214.93567,191.70581,180.24738,184.76862,191.90642,234.8484,139.60199,236.58841,196.59206,228.03944,205.01001,102.670494,190.87717,181.21463,208.2197,217.0268,165.85103,175.4823,178.16367,200.0037,192.85788,187.21744,162.53398,147.55487,153.93115,162.46675,198.01582,217.25522,203.52649,168.13489,139.88383,213.17766,160.49638,223.9226
189.85623,204.10742,232.30846,165.53036,212.66931,205.17691,182.41602,236.19754,134.69836,252.1511,234.25378,254.45332,199.99069,83.15419,191.22043,205.01572,211.72269,228.45593,164.60359,174.66217,158.4737,221.04387,173.41655,213.05534,164.51248,142.31366,137.46507,165.508,206.86823,212.48409,208.53961,148.99005,140.06998,211.48817,170.60622,227.1428
185.08493,216.96872,203.12694,166.13031,156.87607,204.6771,180.86392,247.51135,131.69652,265.6302,226.36615,271.79993,188.1148,101.17288,98.11293,204.3997,230.26851,230.53821,174.89929,169.65735,181.52704,222.08829,177.31984,184.70392,179.70729,143.4482,132.37871,186.05086,211.6058,219.03133,211.677,164.86572,137.99664,215.74435,180.13268,223.96913
178.64484,212.79947,195.60455,188.00223,174.1266,192.06094,180.35306,226.65231,144.75449,251.32698,227.30878,249.82666,182.58344,104.63283,124.798096,192.81851,227.19688,240.59358,205.85658,188.04333,219.51668,146.64273,179.54149,202.9636,187.15236,125.420685,145.7908,185.2133,212.06137,234.69368,228.85162,170.63658,146.37132,197.79419,174.78665,231.68202
184.84903,206.9761,178.0542,216.77216,137.98988,190.38303,194.43481,266.97018,152.5445,254.58519,229.38666,219.32774,192.1877,126.913345,155.0185,202.33704,222.71107,240.24904,204.34915,194.74487,216.22112,191.74426,173.82077,204.92729,188.88962,130.94368,143.37102,186.84012,221.93784,222.5897,243.4083,155.26337,162.89389,185.12825,184.7803,240.55609
190.69913,211.91463,190.47188,234.36548,200.26147,196.59879,172.96223,227.42114,175.12814,235.7463,260.44162,201.89499,183.47766,128.20999,162.14539,197.21992,184.45605,232.15796,186.46283,189.561,219.38634,198.6056,178.33246,202.98047,188.62686,135.62701,158.03441,206.5154,224.27864,204.43805,245.50525,162.49687,162.7765,150.18034,190.7833,239.88287
185.16005,208.04575,200.20493,239.36478,185.34334,168.28293,201.84683,232.53255,151.59921,253.38463,218.19241,208.83871,131.01189,129.91357,288.06482,199.03027,186.9803,221.16415,193.96146,152.58682,242.2811,222.2796,175.02365,203.1126,209.26138,146.2689,146.64343,201.11493,228.75769,199.15936,192.89127,164.79147,160.8557,163.58923,200.52765,221.28067
232.44913,199.86649,191.99483,248.52203,185.36969,228.16603,183.64334,231.37384,161.09192,235.89694,257.8773,206.85269,135.72615,155.2381,266.4397,198.10721,220.24687,253.99512,175.6995,156.46121,233.98923,207.26968,220.54831,205.76398,209.38815,143.9306,152.33568,163.65399,234.5098,199.01001,189.818,146.05408,172.48447,169.80763,201.83795,257.09818
227.0038,209.20197,202.23772,247.88896,187.39737,207.54594,185.81615,219.7357,171.55112,226.39902,221.64569,210.63701,127.026146,138.1076,245.86993,202.0344,230.04422,249.89014,174.29715,162.47113,239.44772,224.66946,211.99622,197.48041,172.20618,148.86298,155.62457,171.20575,225.13628,203.89587,204.64697,153.72446,177.60472,185.4848,195.13948,245.21667
232.46039,193.89473,198.94537,226.89223,226.76285,220.02913,201.38812,223.61351,167.38148,240.1253,248.68958,229.86462,130.6937,114.573044,206.81982,223.5008,239.02855,257.9342,196.99643,135.16534,262.411,187.11334,222.88889,198.63527,223.42953,172.71643,164.47948,136.23715,217.46635,240.1338,200.25273,162.17798,173.1014,188.2012,187.61095,240.6246
229.70349,175.88943,197.94328,231.35657,220.72653,221.31195,189.59502,242.73532,188.2793,246.61783,260.87482,229.53989,168.5859,118.10403,179.17775,236.95789,240.6793,253.39865,219.48221,143.81967,247.98994,261.4928,161.13629,196.76097,241.00241,186.3363,162.6661,150.52673,212.92245,213.4306,206.60948,165.24774,169.17032,204.98703,166.51584,242.37509
224.27934,176.08641,204.66006,229.06503,210.31552,219.17673,209.99702,247.3866,195.10135,262.76956,207.42789,238.40848,171.4779,100.62511,187.92072,235.1963,266.98856,259.0748,235.8324,147.4456,255.29225,223.95837,171.55801,158.22215,219.1385,180.50388,162.52892,155.53543,206.27124,225.54144,218.97696,162.60785,171.4241,207.24466,156.89743,243.01155
246.81741,196.78604,202.84708,237.00777,205.83485,220.47636,189.78818,252.38293,186.83237,259.6092,234.83939,242.36101,173.52629,116.6216,180.53769,230.11758,267.12686,263.4354,230.3141,142.49245,260.71875,206.9183,140.74031,219.4382,244.65872,190.53125,146.66154,162.65178,211.0231,218.2002,225.94012,167.09824,175.18839,183.90364,125.712524,255.77368
222.31253,206.18929,197.441,239.46355,203.53822,215.99704,173.0531,281.4136,198.16989,254.09218,216.2532,226.82602,170.78748,101.97473,202.43839,229.09198,259.8913,217.41379,257.83987,157.71118,254.45982,233.48875,148.25906,212.6168,240.64531,183.73367,138.04877,168.2569,218.33551,219.25429,213.31018,149.94824,171.98572,197.9071,141.11853,288.69415
208.50175,194.0,224.32812,248.65672,171.99693,210.67784,197.92323,273.2796,185.51465,262.6509,227.00177,201.35616,262.27094,129.09038,204.85083,246.45923,250.69101,219.24677,247.49991,173.07237,266.6848,221.11902,169.61209,198.00174,243.57315,178.15033,119.072754,183.52069,218.93027,220.2166,214.40683,165.4365,169.43047,208.23293,155.58359,284.71326
213.65208,190.3562,217.96259,244.69395,247.42532,164.04599,200.64622,277.77704,197.19467,254.48021,263.15747,214.99959,253.17581,119.82058,211.30423,207.06104,207.39062,226.61838,246.41129,173.51291,253.61673,261.39175,156.3838,196.21658,212.8011,174.18974,142.2906,187.25119,218.31055,209.37987,207.60858,149.98584,174.06508,216.53955,173.49698,269.9086
216.82672,208.40594,241.31001,251.69472,212.17734,199.31387,251.07076,268.46826,198.4079,245.39285,243.37726,147.06052,238.75983,132.68237,223.50273,222.47774,211.93799,225.33182,240.32088,185.2843,249.899,271.18268,164.8151,203.63664,173.24347,169.6872,149.46066,184.70319,214.92146,190.92937,218.91577,163.93427,153.36017,200.85059,209.75522,274.11182
218.2127,211.43823,242.98676,262.2749,255.99495,215.31793,246.73123,269.07205,193.05394,248.8271,227.6789,208.7171,222.40207,114.39797,233.7386,225.48541,221.89406,239.07526,293.56073,196.2713,206.40149,242.92886,175.9182,222.38235,181.9692,171.57364,161.80167,188.7928,216.90613,199.56201,216.00157,172.09062,139.3248,187.5634,216.22899,272.96426
224.28151,213.78786,233.11916,225.88818,247.33438,224.37769,243.85059,270.09265,194.0542,239.7153,253.57712,210.89464,224.37666,123.92846,220.08897,228.27344,230.15207,236.806,288.58325,208.25696,257.3482,246.36124,202.40942,202.14737,217.0352,176.04527,122.37167,187.06215,219.07216,180.9882,213.05975,179.1628,125.11713,174.98547,226.6545,266.8295
247.98106,195.09692,225.85582,204.42697,235.81769,222.57071,243.81454,271.60196,207.29797,256.52304,270.6878,264.48578,229.8671,139.40428,223.88956,236.8967,220.23145,230.9216,289.55536,193.06868,253.97516,276.88525,222.16423,183.69789,251.11084,169.04745,128.65048,150.44325,194.61053,177.70346,216.36781,191.98471,141.39061,179.52121,225.94052,265.40024
245.66827,202.74644,254.6214,229.8063,241.66895,223.80298,233.19128,263.99344,228.32707,254.03902,243.01353,259.21472,237.97923,135.70027,228.63533,272.12903,234.62912,239.48505,292.22858,191.8965,264.75415,284.31628,218.52487,171.72273,252.2575,181.65817,137.10864,159.69241,206.55115,174.02284,210.01581,176.91081,148.11633,173.17412,232.90973,264.29205
255.8274,189.15054,241.54668,241.8339,182.57648,227.76144,225.58176,250.47073,208.28156,226.67963,248.7053,258.7243,305.17682,136.6169,189.35497,270.6832,230.37119,245.15079,217.01346,198.0,248.99979,255.34415,216.64993,170.24,247.2169,175.4966,147.67128,172.79262,199.68541,183.65253,211.48979,171.04291,152.84467,201.2162,237.64592,258.63397
249.58423,174.42044,236.64987,229.66168,203.45349,218.45346,222.23563,258.67487,184.41928,240.35403,255.20996,265.92416,298.6026,151.76807,220.69473,260.6719,221.16702,272.37784,188.29639,197.32518,255.04372,284.06433,231.87845,172.58269,228.15247,171.63492,150.38847,201.5459,206.46591,197.34729,212.64983,162.49255,155.40692,225.14862,235.10167,262.133
251.96783,193.0042,215.76927,228.98341,232.46564,203.28934,265.19543,262.4212,158.99797,250.89958,262.61206,274.824,279.21362,153.63861,243.60382,269.36017,223.16508,266.77142,206.93898,232.47867,279.3166,259.5497,243.86838,153.90546,202.7616,166.69519,166.9577,225.90633,203.5731,214.4527,238.54166,164.90042,141.0704,216.60889,229.44312,268.48907
223.6765,203.05179,219.13208,256.44507,208.14,231.88931,250.32767,277.28088,181.37453,250.12128,244.07678,246.20335,262.729,146.82683,251.09424,265.3728,192.33548,236.82666,161.9161,238.83768,280.6081,269.94348,241.80865,186.37183,225.31998,164.54837,153.41605,221.19455,207.40509,221.71051,234.20009,185.37386,142.93661,228.32413,217.69054,275.23364
247.01277,204.0781,214.50978,228.45363,245.01593,228.51056,299.7567,269.39316,192.02792,259.66022,258.8821,254.27649,239.83966,154.53683,275.343,237.7439,205.75298,244.57863,163.87096,223.18658,283.15286,269.6587,235.14038,184.79012,220.77835,167.23529,167.50925,200.91374,213.40842,219.3345,233.36111,181.53929,144.16739,224.01054,250.53851,269.49768
232.69878,224.89671,230.84201,227.59665,227.84427,234.50273,331.3904,259.1452,225.43025,250.08867,238.80814,256.85828,227.15384,172.41086,258.38733,240.60814,206.1646,244.11765,188.72476,220.54004,276.26523,202.77957,229.41466,212.98373,220.5678,171.47539,173.47781,201.88802,221.40741,236.54156,245.37732,184.80426,145.06825,223.84409,244.67719,303.2856
237.90172,225.35634,236.10912,219.8835,190.30602,244.9793,288.00085,268.41766,225.69803,257.52234,230.87666,230.63408,238.06961,159.92557,262.1884,255.66394,206.86896,249.6783,208.49065,228.92581,265.6257,261.90854,224.85141,240.27824,214.29399,199.61853,168.57855,204.4472,214.04816,246.44844,255.53937,185.25424,145.07812,215.37276,251.32433,304.1332
236.76288,229.23701,232.9007,236.34862,176.87894,246.46399,266.00183,300.88574,189.3984,276.8178,193.39923,223.02478,227.38455,171.56075,256.74582,276.7259,242.34882,294.07297,204.80803,224.96983,258.45135,250.33131,217.40536,216.62833,209.80315,191.11305,164.73788,220.4486,220.76183,256.75793,248.78247,190.06938,153.00516,199.0253,257.74548,291.0889
242.85236,245.41748,230.13446,238.79974,216.8229,248.3342,269.42038,309.52838,197.18887,269.96066,268.3179,242.29079,235.0724,180.81357,253.19177,276.077,208.61197,290.10165,208.0364,217.92026,266.20178,249.63956,220.50153,247.89005,215.58342,194.59868,175.61917,223.37166,226.11359,262.85516,260.0171,202.38481,155.83463,211.24913,288.35983,288.88492
236.9144,243.63477,256.7221,226.76753,239.53708,253.2838,272.13718,295.39673,207.85306,255.28473,277.34912,250.53682,223.74846,190.54532,268.1232,276.12982,236.49037,283.68973,203.44728,201.36493,233.13101,276.92816,230.1654,255.83145,226.94473,209.55052,177.70645,222.31097,233.01656,256.16022,261.58423,206.42336,144.71713,233.45996,294.6903,281.873
224.95093,237.08131,245.38118,243.54669,257.1339,260.33252,266.5908,301.22638,213.98706,269.7563,258.47333,262.4296,235.13646,188.79517,220.18243,271.52435,242.32376,301.1748,202.13206,197.75745,247.84146,273.395,208.93155,276.40594,233.02191,196.78293,188.74423,224.42258,239.57312,258.6267,233.45758,207.01181,149.2121,241.14816,287.39587,276.99347
251.29097,248.68439,243.28433,250.45676,252.58188,246.68811,231.55896,308.85632,178.46182,301.55972,291.79678,322.13245,241.9392,170.80061,251.41428,265.30038,248.21764,285.78592,181.88005,200.24236,266.7791,260.24417,211.05931,247.78111,237.2552,182.23297,191.0612,248.50337,241.7753,283.10538,217.38315,203.69043,151.37366,240.96994,278.51813,270.32632
241.01727,210.22798,237.86353,283.38116,252.15607,252.17725,239.0791,306.84982,201.43848,279.34302,253.79434,283.5995,239.2522,183.2392,246.56813,264.2465,262.42368,294.29596,133.9935,195.0903,283.00458,267.95004,245.15598,262.6281,241.0176,193.34253,202.16452,225.85854,245.36046,276.17075,233.54959,217.26596,151.80093,241.84262,270.85205,267.36298
243.39836,234.48106,199.26465,272.78998,281.56406,246.44202,249.1241,296.1388,211.98877,273.68967,222.8469,268.426,237.16505,199.11243,261.84607,265.60953,270.17224,297.85632,149.6865,171.00104,295.24808,333.9438,255.32567,254.01315,242.462,181.29707,191.76468,246.64117,244.23741,271.7107,260.32025,216.81387,139.8765,243.42242,268.6032,300.59943
240.00491,241.69621,155.33894,295.66626,193.5466,253.04784,283.20593,331.0374,229.82559,325.65097,272.32535,301.17355,240.28052,210.56885,242.93301,265.1475,233.13724,305.83606,155.53398,182.35045,308.49927,318.6311,251.49066,271.5413,215.48267,185.47719,195.58873,244.06642,255.77753,282.40912,258.5011,220.62326,141.51436,263.54623,272.47922,307.97583
231.31937,251.08522,190.3096,307.9876,263.57745,257.7808,310.40454,320.82755,182.27846,371.37677,303.33652,258.35043,244.03375,217.68167,253.11597,283.31628,268.9007,307.48224,162.7713,183.18542,307.94458,271.4505,228.9652,270.38614,186.3443,191.55309,160.18242,243.36873,261.86493,311.98898,250.25272,223.24655,149.40489,268.04385,243.98648,299.6629
256.9149,288.1214,200.18356,299.61444,254.2298,266.45444,315.8161,311.21045,201.07639,353.52603,337.59418,262.53323,234.6474,230.84433,274.12997,300.28888,298.0252,301.3489,168.40152,185.30928,294.27103,347.19626,214.64655,250.10184,213.59912,187.1504,167.5422,242.7958,234.49207,276.2409,245.98907,226.88828,152.4642,283.07352,229.6895,294.33533
249.85193,278.58804,209.40845,284.80215,237.16444,287.47424,297.11768,299.8543,242.95679,363.78345,283.04166,300.9931,234.97868,207.90854,270.99744,293.53036,304.69147,310.46423,197.38507,195.07657,315.22324,324.7218,237.76035,264.14108,227.47902,188.73695,161.45403,243.0216,245.5893,270.68558,258.28876,233.66116,146.44958,275.19092,226.5676,291.0328
252.61542,237.93076,227.24193,264.05566,259.9096,282.19476,366.33276,304.24817,238.6156,343.98987,331.42856,305.62802,245.07034,216.49289,274.88913,284.35513,296.00958,296.64523,196.11273,222.68153,295.30536,313.3097,240.16254,265.17587,239.38531,183.1383,166.81125,244.9422,264.6201,302.251,246.20013,228.366,141.46954,276.60226,229.00803,280.33295
238.20604,246.25095,212.89027,265.71686,255.43126,358.83173,329.7972,313.50708,237.39133,339.32526,312.09497,299.68665,231.39864,195.88005,274.94504,279.419,261.80637,291.41727,206.59106,236.17345,305.32803,286.8418,250.2811,276.61172,238.60025,181.45303,190.90747,265.56485,273.26794,295.94952,239.30359,230.23947,145.77737,236.41098,224.20374,274.89188
232.33163,261.05817,228.10886,266.44214,223.81065,348.73126,314.51736,318.41095,242.49158,356.38177,320.7926,347.21378,237.41212,212.97812,288.27466,280.54977,256.27362,297.41626,218.12769,222.45059,332.59796,300.3656,252.27344,321.52783,239.8198,176.06981,186.46242,263.92426,279.57062,288.28876,249.50684,231.25937,149.71852,240.79529,220.03,273.70248
209.70297,272.967,233.89027,268.12357,267.1374,335.128,324.45166,321.434,251.40393,367.2209,302.75372,308.73267,255.82596,200.74966,285.7364,288.98557,290.79092,303.42755,215.45512,217.93085,333.2992,293.19363,251.08719,247.96463,238.3115,170.25084,196.42114,244.4621,259.50378,268.8939,244.60031,238.53893,161.18533,245.05237,223.07042,280.05438
213.69188,274.79602,253.19508,238.2128,281.77002,280.36728,340.59018,318.07593,217.47421,395.07922,324.87506,294.01324,251.20802,181.56863,297.018,290.95502,287.701,310.86115,215.6622,220.43799,316.92017,333.25635,260.73914,267.9076,237.18338,166.4785,193.79382,239.86353,260.24692,250.36641,257.8688,237.40308,165.11646,265.94232,227.28024,269.95126
208.44081,286.42792,266.98682,247.10959,273.65247,263.82587,370.93927,320.80573,240.19698,397.92395,333.71082,300.94162,243.84633,161.81244,304.79166,293.69107,286.299,327.22995,206.08437,226.27686,332.12073,235.37067,255.86745,257.57126,238.4288,168.65884,232.50395,235.79839,252.4011,229.24315,263.38998,233.49878,177.69986,304.33817,231.2834,272.98505
212.74951,291.31546,275.90793,237.82646,216.97021,285.4374,334.44232,318.328,244.64078,380.93085,336.47485,284.16132,241.83557,181.89755,307.9873,283.74985,285.678,366.23343,204.06416,217.28362,328.09906,337.14557,217.79459,248.9591,211.47943,154.25769,221.8187,248.74612,258.5361,251.91982,256.90915,217.32417,163.20639,304.59103,243.06885,233.48752
214.14038,314.69943,267.4943,256.51373,225.74475,293.17758,314.02942,325.69916,251.96533,308.01392,370.3808,302.9853,244.59253,200.19511,290.1304,275.4996,284.4864,361.6337,201.11911,257.35495,337.4809,289.5307,225.8695,288.21875,218.8343,182.50652,235.84308,226.99667,265.40417,263.36563,261.42963,214.025,167.63821,303.70828,242.6314,255.49261
217.80054,322.5533,269.50314,271.24948,268.39572,267.3189,324.1739,330.84677,268.86545,337.27582,309.17975,294.07013,246.46587,177.17126,304.166,283.5684,294.4386,353.50955,187.09572,253.32289,322.56952,279.88162,213.5735,261.26608,231.42535,188.25851,235.85532,247.54146,256.7899,270.52713,262.8722,214.32889,170.3306,291.81403,254.48125,259.9674
240.47707,314.44037,265.64047,274.01443,228.33461,270.2847,297.96182,317.07742,264.50238,327.73273,312.4904,296.91278,269.2959,188.0429,303.0256,291.30365,330.28265,360.61804,184.35585,254.40694,337.90585,308.51935,225.23872,304.4021,223.8269,189.6019,236.67644,232.97502,257.63068,235.8038,275.05298,215.3605,170.82523,272.5572,254.31085,259.0462
234.02956,318.8535,283.39282,276.96912,253.17047,280.71103,187.31464,319.70755,267.57745,318.5768,310.78748,298.13907,261.4411,211.37167,338.22418,301.05563,322.43573,354.74243,178.1434,234.48837,307.32166,249.40677,228.17458,273.49396,234.72467,186.7047,224.97675,233.42908,263.6868,254.81462,286.28064,218.96999,176.97775,270.41736,228.37856,274.40887
230.37991,297.80176,286.0888,281.133,260.22888,279.75504,238.59467,333.52222,277.50528,297.46616,330.43045,252.78014,213.34845,215.61414,326.14984,291.25247,317.2594,351.0573,176.73843,242.33472,307.56833,282.34613,235.91774,255.84885,244.44876,184.14279,214.40599,238.14275,272.45544,178.20615,287.07834,219.778,175.26425,273.0613,239.49205,277.3558
233.20424,270.37396,267.40073,282.393,273.20297,325.83783,273.95377,334.82297,268.9948,318.59894,306.66205,280.3745,204.53477,189.99881,278.20554,288.44208,319.0177,334.81647,188.33649,230.44894,316.36945,294.3585,236.10733,226.63156,287.10162,186.43239,193.48705,238.00821,273.92645,187.29614,284.1401,221.11595,174.24606,278.36676,241.21788,270.74036
231.41823,279.87433,274.9147,273.46097,223.38586,302.69843,266.1617,335.90182,270.4109,322.5065,333.52197,288.50238,206.90619,203.49513,286.36163,287.08374,333.42487,339.20947,215.97186,234.49362,308.12442,288.13177,224.99017,214.37677,278.43546,197.48628,213.38231,235.0882,271.2524,201.45935,277.43195,220.18839,184.2088,269.9699,246.8168,271.2092
228.48454,283.12946,307.74692,267.17084,225.78668,265.91974,254.6189,342.18915,300.01544,318.37604,317.9,274.21063,197.31491,215.42027,283.90936,299.09793,348.35886,326.70032,217.54697,235.6828,337.52347,269.85614,232.6781,222.33684,300.1486,186.37128,208.20497,245.08702,274.12363,208.5595,282.5039,218.06842,199.50262,292.66647,245.14291,274.42905
219.89839,293.86792,314.63266,267.9152,282.60388,298.43018,265.32776,372.44836,291.03876,308.61084,321.6696,277.83246,195.88766,221.8047,287.45953,287.2026,341.48212,317.95737,215.01631,237.93309,362.01627,317.90967,220.71216,216.5773,265.65356,167.79501,207.49524,261.60562,273.0901,218.50562,300.51547,221.18463,203.02432,296.82294,227.52211,287.97424
217.2456,306.3117,289.91827,274.6317,237.8158,290.69843,228.32422,370.46628,291.22824,297.48352,312.81512,294.04532,230.48338,221.50085,291.0089,285.13745,340.69,317.35687,237.71382,255.99435,313.45575,299.01544,235.83609,234.2303,256.92633,172.15958,217.04225,247.30309,284.1904,238.10318,327.46048,225.6922,196.08472,240.77234,263.02734,300.13077
208.45494,312.41998,303.7493,281.21292,257.06726,296.41635,238.88242,329.40662,238.60934,293.99335,316.19534,295.35126,256.52975,229.38345,242.4307,287.7119,341.68423,298.78888,231.89674,259.38693,338.565,301.98227,236.3827,210.24774,274.26013,178.03522,211.14484,272.80093,287.54114,258.65118,311.2673,233.55862,201.80058,240.79301,277.48727,282.82208
213.78773,309.1566,288.32227,294.20062,305.87814,285.72937,246.54367,280.87012,250.74251,323.33514,312.83298,288.11432,251.95804,246.11145,250.60216,278.7042,340.87216,302.82648,230.86633,269.48438,338.0654,337.37213,235.25223,250.86903,277.6553,177.7214,218.91388,279.53537,274.84875,265.17657,305.81964,217.38235,194.66577,227.32495,273.88614,322.52014
210.6258,302.24194,285.55945,293.03055,277.4442,307.31964,247.80977,293.361,254.42108,341.38947,283.1357,304.7974,253.18182,251.48763,257.6339,301.927,338.30612,301.21844,229.12738,292.40692,340.03323,310.09155,243.72772,266.36197,267.39703,187.04869,239.01225,282.48346,256.067,279.39417,294.6211,233.6377,195.28079,242.22083,269.95905,321.1535
216.54457,300.78406,254.95796,315.04404,285.97952,291.59326,252.03696,295.56918,253.60825,345.01007,290.94696,306.2054,264.28888,258.33664,272.71204,305.32974,328.82977,310.3584,226.08737,294.20685,305.2643,316.70343,249.27354,274.29205,275.67953,199.28444,230.14824,275.69052,279.65192,278.36993,296.17184,239.37793,196.22594,258.1321,273.20813,314.43927
189.32022,302.5954,232.46298,321.01428,279.2467,314.20398,266.61752,308.1374,213.57532,379.17398,361.74036,298.0982,267.57254,252.2912,285.99045,302.07733,329.3086,307.85114,223.99477,285.0725,269.1516,322.10684,251.68797,252.11185,265.30005,212.24245,211.48868,271.386,281.05725,291.17648,297.09918,250.01599,199.91318,258.38953,265.9074,330.12775
196.41484,298.8587,208.16345,346.89685,284.78516,295.48608,273.7139,320.64935,228.42929,380.61316,296.7147,306.32913,271.0459,226.63184,280.95096,321.725,247.22748,327.67065,220.14015,277.8277,305.91907,312.65952,192.21027,266.7208,269.66034,213.23923,220.12233,255.73425,274.50632,286.18707,313.1135,248.50534,201.11417,267.61218,227.64684,330.45538
183.9987,314.11566,230.44342,335.54196,291.2956,278.2239,284.72116,325.1632,247.56607,391.5803,322.53204,302.36517,269.51645,237.55585,265.41397,321.56192,253.76114,329.42365,230.98874,251.03362,311.1058,254.21631,167.03564,278.62943,268.29358,208.41422,240.21628,273.16223,272.3035,283.1595,314.4386,242.84293,202.56546,252.11862,261.7759,331.27655
178.38638,330.16846,244.99883,332.62256,243.5662,281.59595,267.37958,330.21634,263.79376,364.2046,347.8312,327.35687,271.28537,256.3039,263.8566,319.7079,188.08737,325.66534,225.41359,218.23042,322.3048,312.05972,184.21043,322.4579,240.35529,205.31491,214.61528,267.21796,280.31885,298.23425,322.48233,246.6724,188.01224,257.4585,268.69232,313.14246
173.1204,324.94916,194.88913,341.5852,288.16647,344.66327,251.47113,325.4662,256.317,373.323,343.41364,311.35345,271.95975,250.39899,270.05133,317.11157,240.20197,359.72205,234.56058,220.39691,353.67273,310.03284,203.81694,284.1266,251.47232,212.41376,213.06186,249.76196,282.86945,294.90335,318.93616,246.88849,167.31206,251.65045,281.41388,306.89624
197.17001,324.82153,240.6725,327.87183,306.57056,302.3689,251.11633,329.52588,265.03406,367.69775,359.66904,302.13214,288.19333,227.3541,293.3402,313.31958,280.8871,308.5686,245.39786,230.61089,363.9163,247.60852,159.56142,254.2731,224.14282,208.00949,221.92616,274.9699,281.3104,289.80615,323.96634,252.97885,178.68994,248.18323,283.70282,302.35428
200.10773,314.38846,255.6904,341.41138,261.68494,296.28162,247.66345,339.856,224.56396,351.66068,349.38376,290.71225,292.24234,210.61707,292.10974,307.24384,304.18396,314.08774,263.73114,229.59973,379.3328,319.86267,123.06227,281.55838,243.5073,208.19273,224.72205,263.92926,282.9842,288.5235,329.8698,255.54189,192.3526,261.51184,256.8537,314.32794
207.48055,310.2305,276.24414,345.269,315.14792,289.28378,271.8552,375.786,259.2049,352.45544,273.64404,300.18967,279.70435,220.04053,290.24048,319.19232,313.91165,331.13757,256.09702,221.9714,353.33646,256.2212,174.48212,302.80743,242.01758,212.4043,229.81552,257.44012,290.53665,270.72095,313.56738,251.45781,226.42184,270.1574,264.5868,313.41122
212.12592,313.33484,273.51083,310.00464,292.69052,283.12692,239.99326,348.23343,261.4215,330.19385,279.48624,282.19244,280.3684,237.94556,294.7884,312.6754,309.26428,318.07806,273.09454,229.05664,309.07504,318.56326,198.8631,277.63165,252.23927,242.95789,230.78893,258.24414,293.07153,271.5948,309.25958,251.35686,230.57191,266.64096,276.32635,318.34515
218.3482,306.6125,210.82196,296.73444,287.33002,282.325,253.09409,353.53845,254.45657,317.62964,325.03482,301.5371,273.59045,237.23602,296.7834,330.4312,310.6708,323.17532,287.39594,239.06172,336.44226,298.6673,206.95343,268.6969,281.3037,241.7041,226.6626,245.75987,289.2407,296.33447,306.53488,245.28003,232.91806,275.32986,283.07355,318.00662
204.82559,320.21323,261.50818,320.24268,268.20016,302.06708,266.6293,359.87973,257.7876,306.966,320.04245,295.51135,359.37433,235.23877,275.19815,344.66098,308.72897,328.74237,293.43445,239.21051,332.93777,314.08795,184.82036,293.14612,280.92505,248.17258,223.43602,247.27171,288.31818,282.66635,302.67697,244.04794,212.18686,258.69882,285.93994,308.52362
210.2439,330.42438,265.64954,340.9341,290.33868,306.74542,282.6322,308.79248,268.18622,334.52014,325.2337,307.60635,325.6904,245.25552,287.00763,336.4624,315.45438,328.69812,330.821,210.0849,285.71448,283.67896,162.73166,285.14413,287.75925,243.76683,227.89781,246.15677,288.8576,278.457,302.0083,248.75269,213.26888,265.01755,292.23648,296.08475
204.33206,281.00888,259.22397,357.65265,317.53705,307.837,280.11462,311.67615,294.21597,288.50662,319.4838,302.8992,319.75482,220.41376,270.63193,328.2981,308.77295,324.10873,321.30737,230.53548,311.17062,358.47992,184.18915,251.47177,259.49268,238.6461,226.25539,248.63277,286.742,282.20883,283.53723,241.43239,218.9241,271.00443,294.2457,299.97406
199.1591,268.10855,249.52727,359.7528,279.56073,286.0817,239.18353,313.0775,292.4605,305.01953,312.3839,313.52112,349.6507,237.07278,277.89728,333.91678,317.42484,313.09488,313.3771,252.81577,323.16547,307.15787,185.21298,275.51938,233.57794,265.4824,223.5754,251.25925,288.0728,282.64062,275.14087,236.0252,220.98044,267.31143,270.7572,285.16193
207.76706,274.73248,258.07718,345.75323,287.71338,325.50415,264.2445,309.72464,289.7546,313.85272,338.99725,305.0527,328.5766,228.54495,304.05975,323.1888,342.56494,347.41696,296.4189,263.6893,332.21915,364.5451,213.62074,293.69742,237.99863,260.72763,202.98077,297.2255,272.40643,309.58533,284.65195,235.91727,220.20099,281.36847,277.2944,295.45782
203.27002,287.4541,282.63766,315.21292,313.81354,313.91245,301.87262,317.63263,292.68622,330.74475,321.3643,330.1678,322.36475,240.52975,293.0288,321.70844,344.92325,337.87,293.96066,266.9563,363.5458,338.53647,241.63063,301.61646,234.76839,236.99928,197.5656,295.47632,277.3831,293.22855,272.51096,242.08012,224.76422,276.40576,288.40088,294.0304
191.11418,290.1342,322.84702,338.87094,333.61255,290.26102,313.23306,321.3158,297.36392,342.5539,347.25452,299.51907,314.53445,222.4032,310.44196,296.26352,354.83054,345.4621,288.04752,263.66464,358.13965,343.00763,247.9078,291.41837,237.42973,232.07205,238.47552,298.58682,278.90567,288.284,261.39362,263.8246,227.5964,290.41998,303.99255,301.43262
184.30002,283.0343,313.90173,334.78726,309.59525,268.8516,353.4854,318.91068,302.95868,336.96155,334.75418,332.6786,321.2809,242.47955,320.09988,302.1176,382.10342,348.84418,282.0551,289.9017,353.1513,351.2788,252.98955,280.56708,241.812,233.39865,254.3341,300.30078,263.61276,300.98315,268.23462,272.09802,235.82729,292.03198,306.52472,311.2386
172.70401,301.7516,286.9883,331.11844,334.6322,282.68948,343.70728,300.6775,241.77925,328.18396,340.22623,335.40958,319.66376,221.68748,335.60126,320.08575,376.98315,362.00583,276.13004,294.4427,338.8557,273.79718,261.24792,285.85742,269.28766,240.99924,266.86926,303.13956,259.30954,282.16956,306.81064,275.8014,235.53436,303.42206,305.5627,301.31094
178.16605,297.7408,288.75266,332.2187,286.3188,301.15723,293.8623,296.24966,260.32385,337.58765,326.04736,307.83826,298.92426,233.99805,318.06696,317.8806,362.1109,369.85846,279.0044,287.79224,336.0616,324.6566,265.26044,252.34149,309.37524,237.76176,256.78723,293.4773,269.53845,248.02368,305.25726,269.35278,236.32382,292.19528,306.06403,289.05606
186.10832,315.07828,297.593,341.60284,312.757,302.77423,303.06738,307.1589,263.07068,353.2836,283.823,299.967,277.74533,240.81253,319.1568,329.40125,352.1396,357.86853,208.37186,254.52577,351.08426,319.7236,268.2769,238.98973,273.34354,228.14093,255.21063,290.0322,263.46024,258.39563,314.7337,272.47095,238.06741,253.33627,310.8462,298.6692
186.21616,294.00204,288.11285,303.99948,315.7988,299.77866,301.19608,322.42255,265.01782,370.75977,323.16132,348.3687,276.8609,230.33122,308.58444,325.3224,311.62924,351.9027,200.28271,240.75014,331.3197,344.60083,261.98785,224.8587,262.0913,236.50809,237.88382,273.7898,282.4085,265.96973,325.6974,240.3341,235.05542,256.10504,294.90506,303.45804
180.3647,301.5376,297.75677,308.19696,305.88663,297.09723,279.5008,328.89142,258.66962,349.52478,353.83353,324.81436,276.76013,257.00525,321.04022,319.30655,308.28925,347.0241,246.94394,244.19939,363.18207,343.79672,267.80408,255.19653,262.96573,227.25551,241.47925,275.4841,289.53888,266.68277,330.80316,243.0579,231.80608,277.42557,302.9772,297.3852
208.27834,259.94788,287.02618,291.314,292.13507,295.0589,300.64426,334.56662,271.50787,348.77527,334.03702,333.86472,270.0744,235.55537,307.6141,320.50674,314.3383,342.57242,264.58057,263.64996,351.54028,335.44812,260.74097,271.84506,264.99698,226.87277,232.64474,272.90933,294.68008,267.9037,330.54346,248.11386,227.74524,282.38126,312.50665,337.1725
194.49829,249.04176,299.0683,315.5588,310.3523,297.44833,305.62616,343.26282,279.9091,388.48282,342.37964,335.25037,281.75327,228.82095,313.00137,321.08124,315.01486,358.70395,247.30862,255.91614,359.1919,334.03397,264.05405,274.61584,273.62433,229.13515,228.33908,285.82474,303.13632,270.3396,336.3997,245.66003,228.1666,277.1535,307.17313,335.50836
190.4777,260.6443,276.2618,317.869,295.76263,295.77515,309.73645,342.48593,277.5034,371.525,327.61697,353.89114,273.84415,208.17558,304.84488,316.64404,313.24976,310.13144,252.19183,268.78436,358.1086,344.44574,260.0545,271.81293,298.2616,251.80585,233.73843,281.82043,307.22226,274.64914,321.05737,248.45062,237.72278,280.11346,319.791,342.6016
192.47357,274.7312,301.63507,338.3956,275.90253,309.16953,343.6349,285.43433,271.15756,344.34296,365.84045,314.8918,298.87198,216.91766,271.87732,310.74002,298.97107,293.81573,263.1474,269.3313,352.37845,337.64594,263.00745,278.9925,307.09848,247.13472,239.3518,283.3661,302.99963,282.9687,329.4882,247.38544,240.25824,278.32977,316.09067,345.4438
185.92934,275.88998,286.66827,335.03903,324.90866,314.59274,315.63022,307.33807,268.16632,334.90552,308.46182,315.95276,283.43292,229.99313,267.49814,271.52853,305.0525,298.87354,259.97787,266.3522,386.62033,332.90857,263.30783,307.157,273.7958,240.87633,241.44904,277.7472,297.72253,277.40674,321.15784,246.4296,240.02898,253.73067,310.61188,348.3614
186.7741,279.68042,294.31512,344.1363,306.85925,300.32117,266.0157,319.4318,264.49374,378.69058,311.62222,334.69897,294.43317,241.9631,281.69467,274.334,308.6443,302.40283,242.97484,262.34607,363.53992,388.94247,272.30774,313.3779,275.72876,246.3305,250.60123,273.30872,296.84036,277.58847,334.08594,251.15622,245.931,252.51187,306.90396,337.2402
192.42763,287.4359,299.6496,355.38998,314.84418,292.08087,283.63306,337.21356,218.525,360.0512,328.92664,355.5471,299.4202,253.48344,298.8541,287.5344,310.69937,306.0471,238.03978,258.28955,362.47885,327.5377,272.62283,292.02832,238.93103,244.459,253.05746,269.26025,314.59442,279.84537,323.66687,255.54964,243.53476,233.02878,267.9951,326.9022
197.6376,293.66473,304.3374,359.95847,319.52356,298.51874,291.54,372.04755,216.92355,371.11853,270.5588,325.92535,305.70706,260.1023,321.1748,291.72736,335.27634,293.81915,238.53049,224.70493,351.12027,311.4579,263.9433,258.61966,288.13144,265.38306,221.6261,275.4643,335.98163,254.63092,326.36203,241.32782,248.2738,246.60664,257.5658,319.88226
189.80988,286.5821,304.4286,365.2592,296.59283,298.69,292.8944,372.3171,236.22568,386.61346,322.10388,334.6109,323.57764,248.39706,300.79437,291.1727,357.33875,306.23083,197.46631,231.68767,345.3033,324.49945,282.78885,289.5072,283.47455,269.99716,238.25278,258.1676,340.6734,258.20517,333.40863,251.43657,245.01758,246.26193,274.25946,323.168
186.79816,273.84973,299.35583,348.11792,287.05286,318.64926,290.18835,372.72598,251.07092,386.75943,319.4218,341.66803,327.82492,255.2955,314.03137,295.12762,348.73444,306.59143,198.94391,233.26317,297.82745,389.045,275.22153,276.1086,295.70508,262.09564,237.43161,259.97354,332.93127,261.4277,330.53683,246.09535,243.41693,212.14877,292.0613,312.18835
195.06023,295.71448,304.63846,368.97543,313.84088,342.42935,294.5729,375.85864,241.2269,367.2567,323.25903,352.31158,317.30347,266.9739,333.95813,304.159,337.81274,288.5399,197.54848,235.66351,318.367,337.4153,266.55447,236.95288,313.57675,261.44638,217.57687,245.87975,314.20123,269.00665,335.26166,248.61917,223.28687,214.27448,301.33615,323.5888
202.34993,297.1203,329.4697,385.01013,315.49976,325.80542,305.34045,376.22824,244.97876,376.4309,302.1021,337.7977,290.24042,255.27707,305.50888,307.35168,321.2683,225.82068,199.39124,236.72292,329.72668,335.55356,258.71753,254.52475,331.13882,254.27396,218.8323,264.10638,293.26437,285.89667,340.75546,242.08649,224.34283,219.57281,307.01562,315.98264
198.77467,272.0082,319.0556,371.5815,337.3556,328.14542,292.76776,393.212,272.35495,354.35345,306.72687,340.45364,285.33377,242.99799,323.0702,303.48663,327.24155,240.92001,244.5545,242.6478,351.63965,325.79767,257.72165,280.51233,335.68756,253.79672,222.71063,228.1128,314.0409,284.50092,329.23,246.50752,234.66937,232.42572,306.2554,313.25745
195.2154,308.2796,324.9313,369.51544,317.4756,338.49612,306.71106,385.29752,257.76843,350.31335,322.76544,330.09283,280.66785,266.041,326.1973,315.70624,332.77048,239.14552,243.72234,239.26541,358.58264,331.33868,247.53702,289.00067,338.26782,253.35185,241.87556,245.45259,309.64517,308.12628,320.88876,239.20432,218.86194,260.16733,301.2595,312.18927
200.51518,307.3458,316.49567,341.47318,326.5186,332.76562,298.5598,344.07068,236.34686,370.54077,336.30597,322.80377,269.84753,244.20413,323.3326,304.0572,327.3888,252.4541,240.61989,254.09009,350.23706,336.2927,243.57396,298.3907,327.04398,246.6726,245.75536,250.58044,295.61395,310.58496,313.32153,224.88367,208.3671,265.06146,312.32623,300.9096
209.0121,313.83615,325.93073,352.08585,294.27466,335.41315,319.2535,355.72647,227.20993,349.32565,296.2164,301.736,254.85352,235.19522,324.4364,322.6819,348.64142,260.78204,241.95154,251.59717,343.2624,307.90936,261.53592,308.10547,316.978,240.14053,193.10625,236.55305,293.74045,320.86096,309.4513,221.09337,214.41063,253.10965,312.1259,297.87415
217.12683,299.98886,341.789,330.8704,325.18726,334.04504,318.66663,349.61423,213.11734,336.40704,318.3915,320.18304,262.45068,224.82108,300.82925,309.49353,353.76236,278.85782,237.09314,266.9604,297.5147,245.57538,226.94067,345.20526,295.62015,234.4637,192.75728,243.06554,297.6944,320.47452,307.4646,226.93372,216.41064,256.55475,317.03412,313.1749
218.86768,310.34793,324.81464,308.13147,279.53464,324.9442,331.07996,356.29016,231.9934,360.65448,261.04898,283.87723,250.97229,235.0139,251.61343,316.70306,338.40625,289.8009,247.01445,251.24286,332.71014,314.61142,232.1165,323.954,282.4112,231.8323,202.88087,231.00592,298.50012,313.3877,311.98645,221.75621,212.93512,256.6661,316.13904,317.0381
226.659,308.8438,318.35132,326.6956,285.7232,360.4951,297.63687,367.064,248.0498,336.47894,321.60446,292.62778,203.51788,219.80191,269.7001,316.24646,361.3599,272.35187,268.79514,221.55177,325.7395,269.547,230.29031,315.56018,288.91724,234.12038,219.24368,240.15987,308.39258,322.27835,291.40347,226.90967,215.83405,262.68747,316.96698,314.28818
207.86478,306.3657,314.8723,326.52612,293.68613,325.35602,274.61777,363.43198,263.53894,324.1832,325.47955,299.18832,250.7085,230.91522,317.25165,305.23026,357.4491,286.37408,264.34583,222.9544,326.40836,320.52603,237.15323,308.57812,303.77258,215.06525,221.03479,260.41766,302.9213,303.36316,297.65588,227.33746,196.22437,255.90083,312.16852,318.62833
213.13852,326.08606,310.71973,314.22263,296.61444,323.23016,292.01022,312.31525,258.2057,314.59708,320.7748,302.3262,275.50812,242.61786,314.43832,268.97845,308.35797,293.54944,302.31436,231.21451,321.53806,311.89484,236.51811,287.3372,288.65094,221.22023,223.79396,272.23468,297.3171,306.2578,296.2502,236.09436,211.46167,247.84647,301.9168,331.29865
211.03793,321.29855,298.31378,304.38004,253.87164,399.1201,297.11908,306.86902,257.1477,310.33563,358.8264,301.34192,276.1898,248.84929,299.85086,280.2821,299.2754,306.60025,313.0371,216.08276,325.81427,361.1927,255.76439,290.61707,281.1997,222.16473,227.01578,255.49503,296.41843,317.98904,287.27307,248.5665,213.28586,250.30159,304.86868,318.66965
218.9078,318.3646,301.84357,286.79932,310.34937,343.08707,303.00864,310.45404,263.9532,316.30435,269.73047,310.62726,275.55774,262.29498,320.5391,279.59586,304.10187,341.4386,310.51782,242.34021,363.34784,249.17519,275.16083,292.85284,287.22778,202.99767,233.89838,257.57782,288.44138,317.224,280.79602,253.62518,218.37805,252.342,307.54092,332.14856
222.70557,323.87497,301.78784,264.966,298.66553,318.94174,296.58337,324.7204,262.38196,316.8628,345.99304,292.69946,277.49646,274.8372,302.3883,293.25922,322.47122,328.35468,313.67285,236.41948,354.3806,290.29715,273.07568,294.3521,293.1079,202.15773,235.6116,258.1174,285.76236,311.5912,264.1685,253.46208,219.58353,273.77664,303.66528,325.11658
210.48836,319.32794,257.9911,273.3021,231.22385,306.2892,193.724,303.9815,262.83585,335.50485,360.69302,291.3962,277.28796,279.29776,262.04468,306.49423,313.81085,334.4151,329.07306,232.59772,332.3524,331.16803,258.9866,287.56647,292.48428,204.11911,240.64491,255.75566,282.37558,309.70746,265.07175,253.28206,203.93616,266.21326,301.15543,329.16455
208.03966,346.2337,295.24783,319.51813,294.5621,308.02325,264.69748,281.34824,276.31296,334.64954,319.95633,338.66666,280.22382,286.63263,268.16977,309.0703,333.79272,333.6193,318.83286,247.41214,368.01053,340.55023,247.66583,298.53134,300.26218,205.06837,234.65036,248.5321,273.14316,318.3022,264.67426,258.43787,205.33673,262.48257,304.81363,326.52795
196.48872,337.4647,291.96164,304.65143,290.33145,315.83432,280.23785,302.93665,222.39876,355.49634,306.00412,333.68207,278.69968,297.69223,273.86847,312.63046,317.8612,339.50024,332.57843,248.01949,369.76965,324.82288,268.6008,307.15936,296.85754,209.49161,224.26385,257.7705,286.9842,315.65466,270.98584,241.16328,214.95793,264.01523,310.21814,328.42188
196.37004,331.88455,310.00186,286.1168,322.12906,312.31976,277.50046,310.5247,234.72354,377.45483,339.96606,334.5857,299.46912,314.13,258.9692,305.00146,311.97845,335.22067,327.5253,236.79367,356.0978,276.90985,270.60614,318.79413,282.25964,216.80162,219.84747,272.53455,270.63226,344.8637,264.20074,243.7467,220.58002,268.24634,297.55728,320.2906
219.44513,336.0618,307.04675,274.5259,253.92766,300.7982,284.82385,289.3183,249.16006,332.01447,311.097,333.63425,288.4552,300.48273,283.1051,327.76096,336.95834,262.39468,319.3325,221.9975,352.78168,329.605,271.35773,332.42578,287.1425,220.75443,225.72525,273.1829,272.15475,317.88165,271.82773,231.35855,212.50946,273.90018,305.12106,321.62567
216.9493,335.81976,294.0147,274.3023,240.20642,308.92114,301.94186,300.1906,241.0763,355.64194,320.41644,324.9135,277.37115,283.92465,290.15646,316.95193,356.4495,299.98886,302.31918,230.74097,348.6372,317.79288,258.33194,342.877,276.07672,224.32767,222.6336,262.1151,265.7229,315.7882,273.2137,235.90558,217.16116,287.612,302.10306,335.9107
239.7683,332.3031,289.29404,296.90594,310.51236,317.8235,292.65363,302.09097,243.45688,350.53244,318.9865,329.42938,270.45636,290.70264,318.51468,310.82944,336.08978,311.8787,343.6922,237.1541,309.99838,330.78528,247.1532,305.17722,253.10251,231.89899,212.27243,264.74423,259.43256,326.83868,280.9848,220.70416,219.02861,279.3912,335.29633,326.56055
244.49826,339.39682,270.7209,324.9267,293.14243,302.98065,313.8013,311.63867,257.9644,343.13324,333.9167,335.03876,272.67163,285.8779,313.22644,322.47223,328.0453,319.1789,360.18494,248.84189,338.5196,320.89496,262.64795,319.46518,262.6499,237.68343,194.8147,264.73187,268.59003,313.89783,289.66245,241.58955,222.17188,284.24646,329.1335,335.34613
236.08708,344.39664,277.4263,317.425,307.0042,310.20517,332.17026,321.54282,272.62308,328.34192,361.7374,341.75754,276.6802,274.52444,317.865,317.77826,323.8506,288.47217,349.78833,238.63933,343.0195,325.04437,245.33792,334.09396,269.16315,236.99878,220.90724,235.67699,286.4892,341.34888,289.1448,245.69092,226.34703,268.40604,318.8955,342.77136
225.43645,343.97586,274.47058,335.57397,318.34976,308.10657,341.8301,315.55884,264.22617,298.4572,309.47314,343.70602,273.08472,269.17773,300.4984,279.68393,334.14505,304.31714,340.01663,253.5114,378.8277,328.38187,267.80084,371.22314,268.99255,260.57086,206.5685,251.41165,281.13922,331.30765,295.97092,260.2685,228.61716,270.1695,347.6218,338.08118
233.28421,342.3472,281.25607,319.28162,322.55496,305.2501,315.2682,319.05038,240.21667,308.43015,321.74084,321.95795,264.6377,285.7568,302.1136,285.16785,296.07208,241.86694,331.08817,246.71997,357.13306,351.4202,274.6322,396.11108,292.03073,245.71841,217.98462,259.67163,278.6103,359.18677,287.8209,260.83246,245.95471,270.15735,350.1395,330.07654
231.60985,316.9832,296.34543,317.5585,276.90295,303.97687,326.09253,269.89047,241.59857,311.79462,288.82614,325.7367,259.96085,259.24042,302.1636,280.39838,308.296,263.5597,297.6987,253.06062,376.0602,327.01807,232.99493,361.8633,279.10825,246.40956,241.23676,262.59714,259.62863,314.01297,287.29666,261.77472,248.21394,270.75452,345.47015,283.3528
232.94476,314.87143,296.838,315.12387,284.31262,240.90448,189.13065,313.48663,246.80171,395.16434,240.21576,305.6966,255.72882,236.00668,304.55457,284.9866,319.6866,287.15042,346.64023,258.38013,383.87854,301.32407,181.50716,327.38525,303.66418,252.83624,243.38493,270.3569,263.7587,304.97824,294.9795,257.85507,247.19366,281.4325,338.87842,279.428
237.39325,320.89804,292.09274,353.42038,309.02252,277.75327,218.93207,311.59473,250.16304,371.48877,369.8612,303.3017,262.24387,215.03726,291.82327,300.23752,311.02148,302.94028,293.1583,267.82162,399.76306,310.96863,209.07748,315.243,307.08493,246.38751,250.14714,255.92723,270.5176,301.06223,249.6932,266.25922,246.85474,305.05255,328.20886,277.27045
243.1602,341.8708,274.5957,331.81216,270.49402,298.15735,256.58792,325.16895,216.39398,417.5822,310.5706,300.8957,266.18884,197.85995,298.18192,324.01382,316.9281,343.13565,286.83682,252.90692,373.92755,318.9344,222.48273,290.8098,266.68985,247.95432,254.87344,254.65134,250.70122,322.35422,243.77267,255.27972,243.28323,302.75177,330.88092,259.45636
230.29553,333.68747,248.03299,343.15942,283.7262,346.68506,263.7831,322.86096,263.65347,452.52563,355.08893,305.66446,292.65085,192.67575,297.6678,326.1552,281.59653,335.0643,322.90808,245.2554,368.85117,356.63916,235.05663,314.96655,277.3459,243.56593,241.08011,256.27606,249.33606,332.08597,270.0252,272.51932,241.00053,300.59378,328.05786,265.6033
238.40152,325.03235,279.9451,333.51764,238.30066,315.09283,279.02518,329.59653,256.65063,482.64075,368.44238,332.20868,286.48508,206.92865,276.53128,321.6772,296.2382,328.5569,347.7256,252.81458,396.38806,355.51556,239.66258,324.59576,267.39008,240.07732,236.71878,267.6182,249.14441,323.2025,275.50232,276.38284,241.42589,299.0453,334.06265,269.91412
241.89413,334.998,300.9433,344.74716,337.10645,406.05054,304.0579,339.66376,223.5654,446.60715,317.7166,344.9515,280.83948,225.21744,280.0286,332.9853,308.3244,327.0497,330.66156,263.48752,391.1026,342.46347,267.4907,343.70114,257.49374,245.39069,217.02618,272.64197,260.48462,320.98392,280.682,270.98453,243.55402,275.7954,339.84128,265.69043
243.43655,339.0118,318.86426,332.98682,320.1568,353.09824,306.38525,341.31512,250.06967,427.17834,332.26886,330.43323,292.05652,239.1484,267.43304,330.0303,309.5545,322.10132,323.56885,252.93686,382.67697,362.54123,269.16205,348.50815,280.87662,249.68483,227.24385,263.28314,274.4,307.8851,278.51367,271.99716,246.85992,263.56976,323.87045,283.27826
240.90262,328.14908,291.42786,312.01657,320.24744,377.06595,305.12415,343.6521,253.12482,427.549,347.00854,311.14368,281.5995,241.21812,286.74326,317.31372,325.75873,317.2851,339.35367,258.9438,403.873,362.563,277.8308,324.6172,290.48697,241.55908,210.482,276.5892,277.01627,318.31622,278.62488,267.54108,247.1206,268.5976,320.94174,298.09363
244.59982,325.93564,287.4032,305.5585,334.95425,329.54596,296.73083,347.80493,241.73001,413.06516,364.63632,322.41684,280.83524,247.4124,310.00134,340.20663,318.0437,329.35175,270.3402,268.31613,392.09503,364.12683,263.80786,335.82178,281.60446,270.76654,155.25177,283.99875,294.4005,297.40097,295.44147,253.77127,244.58054,268.13232,307.98996,301.0896
242.16699,343.29587,227.40112,318.59174,265.6132,328.03687,316.24295,300.8006,256.8496,387.3573,356.4439,327.97583,256.1115,236.5343,316.11896,334.72577,354.22314,342.11908,279.57037,276.53345,388.5082,309.05304,269.00925,290.89148,260.88867,269.20844,176.69092,289.85522,287.62094,288.4086,334.65363,259.5116,227.21375,258.58844,299.3937,320.0788
219.67224,343.18665,260.35013,336.88162,293.50848,311.6453,308.55603,306.92633,261.48865,391.63342,309.6797,360.5508,262.72974,213.17242,329.2605,333.3328,365.1921,331.5082,285.26886,288.50037,372.38635,311.9613,232.4505,293.44534,270.99057,245.08986,183.21935,291.57294,290.14178,302.81198,327.37186,230.06308,212.00485,255.43062,305.69424,310.20166
217.38556,348.855,281.68167,342.5855,256.18024,252.65915,307.87402,317.12463,279.94965,368.6034,319.77667,321.24744,264.31296,193.98552,238.73453,342.46307,365.5198,298.15674,277.18033,270.687,382.33026,250.61128,240.94426,306.20398,330.33807,243.2085,198.5788,284.96942,288.4639,298.1299,321.09622,238.16287,224.1895,255.18878,302.3105,316.74435
214.3032,361.47015,271.5851,323.43817,304.8722,281.17026,311.18207,309.81824,270.43298,349.57196,333.43945,297.4096,269.3323,197.4985,259.6776,332.56335,386.48428,319.83563,269.696,261.0202,339.28845,314.3738,244.00682,323.98563,370.28708,262.7327,216.00568,267.68164,281.67328,292.52905,319.6789,244.51437,223.17352,219.52097,295.1032,328.13858
261.6718,357.17038,283.45718,337.98065,307.58228,305.47418,310.38507,289.70575,279.62317,342.61035,349.11258,310.47626,204.17456,195.3967,239.33716,330.5075,367.3597,321.8401,278.4428,269.2348,325.19437,319.8402,211.14098,307.0983,353.59503,260.6641,228.09485,313.4009,293.62863,293.67712,329.77887,250.68848,226.71855,232.80614,291.7447,332.12872
255.19803,340.67575,300.0095,346.3105,308.91553,304.07025,307.4903,287.09436,260.04395,347.77307,333.27545,296.54327,162.7139,211.2084,252.63261,323.00635,363.31293,330.67227,280.87604,238.89922,297.60867,291.133,176.50658,277.37442,313.03192,259.8681,213.27184,306.81955,288.99323,289.5239,323.21332,258.77917,226.86671,230.96144,251.90929,290.4068
256.61313,333.4583,299.90643,322.43073,335.27634,294.63647,314.90973,237.3775,268.71143,382.15146,300.01126,280.71307,128.85631,205.01372,252.83272,316.31458,377.7524,329.1777,274.25046,253.53891,298.04794,285.75818,223.83301,291.33658,331.1811,255.21236,214.71375,288.20038,288.01926,295.1305,313.06223,280.65997,224.18909,245.0708,247.9498,293.91693
253.33963,324.9771,302.5036,284.8894,314.61496,286.50354,294.3214,250.42032,272.50027,374.24112,277.4889,288.41632,146.23172,208.83922,238.87128,307.94272,366.98553,329.64337,302.37482,281.16302,292.4191,271.54282,257.0904,261.6409,320.48163,256.1734,163.83278,287.28537,287.43164,298.36044,334.6947,265.53503,229.67943,252.9042,250.2773,292.38358
262.8715,330.0677,302.53186,300.9299,228.97943,279.47906,283.15814,297.37344,273.2153,367.90958,367.87112,278.6802,160.8845,220.65605,145.47249,291.73932,350.05505,323.51697,308.20874,279.1329,314.3866,269.75555,235.77168,280.30438,315.38367,257.56927,198.29364,283.65475,296.17233,291.87875,313.51862,240.15448,230.4781,254.76447,285.0594,290.6321
257.06677,347.69324,296.49533,273.34308,301.59045,279.07697,279.51776,299.39447,285.38995,331.56128,346.36853,287.8498,150.44055,232.59329,165.80844,282.28296,350.51605,321.25513,312.50858,282.1355,327.82617,264.6493,250.88632,279.87677,305.74622,260.93585,207.04852,283.1326,302.09656,282.96112,308.49863,222.00131,238.9754,253.16585,286.33725,307.00305
250.33102,336.62634,302.81125,265.66473,292.0177,281.01303,266.9865,303.04333,282.47067,335.50262,287.66046,288.87863,171.2575,222.10632,208.14192,271.81525,362.94775,312.49197,305.90784,263.04837,344.3753,280.7625,275.3169,309.1715,310.33493,264.4492,208.78159,277.56714,303.13513,241.90213,303.95493,227.99149,238.68741,250.31348,275.9525,314.13962
247.33081,338.3624,312.76514,264.79742,287.97687,285.46082,259.44333,310.2821,283.49396,319.60672,341.96124,283.55048,195.42221,235.84306,175.03928,269.611,348.34772,303.79565,308.43,248.89517,332.82382,288.5387,301.76163,280.09396,322.38956,255.85252,218.42123,273.0876,294.83716,243.7497,304.25482,200.50153,235.70053,292.2692,307.37152,304.9824
242.06194,341.54974,292.51123,241.67972,300.267,290.0926,274.14062,269.84634,286.85474,314.39267,319.8457,268.8044,217.59152,245.43945,202.94746,263.50266,345.76273,318.3575,314.556,218.1705,312.89838,299.50256,274.07877,239.206,322.69135,267.4103,210.2424,271.027,294.86218,246.38345,323.50967,203.20537,232.83493,300.65887,290.8799,261.949
266.361,337.91748,262.5155,235.10663,226.00186,314.83115,257.05948,277.20654,280.79077,342.30603,324.75604,297.73654,223.24146,241.07379,239.76889,225.83252,359.06915,309.91104,330.66833,223.99057,317.28983,312.20825,274.81775,171.31003,281.4573,261.24536,196.56721,270.41013,305.49258,244.91423,340.635,222.61203,234.17949,337.09213,321.6109,267.94086
269.83414,334.7847,275.61658,291.42517,249.7038,299.61514,272.79987,297.39694,271.86008,332.6608,336.6063,321.75906,248.29425,259.07437,255.62994,227.87885,371.17447,347.5987,307.48892,226.63765,342.3377,308.45703,282.83948,234.81244,278.91782,275.00842,204.24098,273.28784,313.05774,254.70804,332.13873,226.47018,232.38815,334.99234,324.37543,259.45197
257.35223,327.73184,266.67563,282.1653,273.916,272.70563,265.89203,307.2673,285.72992,343.05695,335.30637,310.8704,275.81,264.0625,269.8439,241.2335,355.108,353.75574,305.02927,246.3811,363.12323,321.74316,266.4809,279.4385,281.96115,270.70483,218.6991,289.5787,319.25024,259.60995,314.61032,227.55827,232.85622,337.92993,322.0957,251.2804
254.0424,356.1947,277.5682,300.12482,293.6708,280.34818,277.27103,323.93024,233.03392,347.21545,322.9539,320.8973,284.51794,273.1103,286.3479,253.16754,354.40466,369.70187,302.8314,254.38327,350.82507,339.37482,268.49182,291.75546,279.86038,256.60294,198.60536,288.65115,317.1109,251.98413,303.09506,239.6394,234.99695,321.21832,325.6,258.8426
259.9927,372.9326,287.6229,328.94547,272.6762,372.638,292.26212,338.37808,249.50642,345.08716,330.58386,314.09448,282.3175,282.10223,209.92996,284.5939,344.01297,371.9242,310.3523,249.39316,365.2038,270.02756,273.07028,308.54977,284.53998,249.20915,215.16156,287.4648,305.4246,283.79706,275.62775,239.96707,217.49359,339.3863,295.6687,276.5303
262.99997,350.5561,306.9425,346.59344,318.56046,318.2474,285.4706,345.94,272.36188,331.30392,309.93518,305.51324,294.5811,284.66412,242.53546,295.44485,367.0154,376.6633,294.30527,253.27115,355.6166,316.57062,279.86273,310.62518,296.05737,243.75858,225.09904,294.52393,305.6014,287.40173,282.80792,249.24753,208.41861,338.885,300.29916,283.21597
259.01566,322.75455,307.09958,348.03326,313.02322,299.9201,285.2185,355.44196,286.31833,333.70816,309.9355,311.01556,277.3612,261.0946,272.6453,296.22388,382.40445,373.19748,293.6874,260.3728,362.6905,273.01715,283.13956,325.44983,331.60394,247.324,221.30414,278.09308,301.08047,272.71292,292.5304,254.97154,205.08614,339.92645,304.93008,298.5582
231.56036,331.313,303.6142,351.7585,341.71368,307.6096,286.2041,357.91754,281.0276,344.88495,244.75677,310.08398,288.35526,247.61649,300.4875,310.07242,370.1822,370.76187,284.72867,252.25429,368.35345,278.04974,293.3897,316.13086,293.28143,266.73117,226.66812,277.52826,300.252,278.30154,300.2295,257.47543,207.48969,328.72076,305.92404,308.02203
255.66422,333.8928,305.84338,370.15912,307.724,313.71786,299.5654,355.4714,306.75085,327.037,347.8874,277.64023,304.70126,263.4353,313.57672,306.96436,368.23828,378.29553,305.16504,241.14835,380.5232,273.17493,286.0663,263.25433,282.97516,245.60602,226.48524,292.4103,294.7179,262.4493,299.63416,254.30414,198.50024,332.77875,304.00897,317.97418
227.23857,336.22705,324.17502,341.13474,324.62888,315.65643,307.02158,348.32617,334.53802,360.9372,341.88293,285.48215,330.28662,262.36224,322.29315,313.24777,349.9479,368.26672,284.88782,247.95245,371.75928,334.55322,301.7528,283.73975,313.14557,250.23528,233.31136,289.0371,295.4193,244.30524,305.58932,258.43634,213.84436,323.78363,307.29047,321.06427
232.0679,332.5155,280.83496,343.14795,333.6212,277.72678,297.68216,362.06155,322.5207,354.78348,368.72797,309.51904,317.95163,272.01962,324.13306,310.27713,356.02893,364.7725,292.2603,253.02866,362.3881,318.88824,298.66815,275.94492,310.58685,246.70132,240.92825,272.37122,296.36227,227.67009,313.93253,264.6334,220.59242,318.88644,313.05206,321.95282
227.3273,325.22958,290.2491,365.55624,312.14853,315.63812,296.01935,373.01898,327.003,363.03217,361.54483,329.47714,305.7203,275.13568,322.04895,324.0799,385.85,364.9868,311.4261,239.18904,358.98773,327.87097,277.48157,240.02136,353.64276,242.57527,241.21686,282.82025,296.48132,240.31891,309.4215,255.3833,230.11816,311.3335,311.57892,314.23163
234.35667,314.47137,281.1385,392.44174,344.6976,325.03894,297.3321,324.8219,312.75146,368.72717,334.56647,361.45013,298.56027,283.85583,339.93433,343.8465,371.88608,363.07126,317.1982,259.1308,377.39484,309.6472,293.33856,272.93765,340.13614,244.90009,239.26859,305.97055,298.62903,240.46683,292.3648,251.90118,228.13818,345.32474,321.61996,277.12503
238.81027,335.23517,332.34412,395.72913,301.9176,331.2643,304.18417,320.5837,307.8552,347.99133,376.72763,334.0531,281.356,267.69916,314.33328,339.0617,387.4643,351.24585,303.08157,266.12064,385.94635,332.47632,293.7405,185.85141,291.55792,261.88766,232.14258,324.0079,284.35764,258.88226,298.55487,252.51782,227.99,347.43655,312.98587,284.3023
262.12415,342.40735,328.58267,368.0208,310.2766,337.06244,275.3304,325.9191,294.73303,373.14978,354.57632,328.84457,235.932,277.69244,322.21582,347.92535,375.6231,341.90308,283.55927,260.4477,399.04346,307.57828,298.21393,236.04279,288.08905,267.1981,240.74448,301.72473,302.37964,260.23602,307.67703,255.26773,234.65906,355.02353,274.5887,282.73535
258.69614,296.09357,317.4477,344.78937,313.1654,329.86658,286.3416,327.32993,253.55078,389.53497,369.47137,318.1937,180.32271,262.1278,324.89932,337.9423,391.23935,348.57477,304.65686,285.08032,386.9403,329.53564,285.5221,271.52454,285.26212,266.24844,246.45775,295.22336,308.3564,263.46317,309.922,237.4437,226.1471,353.5411,276.78094,288.73975
262.73,312.4503,329.09247,338.25977,317.14453,319.30792,292.5439,354.43683,259.87064,396.00256,324.6849,313.888,206.11331,261.97278,353.40826,325.93362,375.06827,360.49448,297.40955,274.44693,381.83676,310.10345,294.15662,279.46774,315.95343,268.4883,240.43005,295.77563,314.12427,290.99994,313.23883,244.72626,229.73438,353.3794,275.63586,294.55286
265.77988,348.7549,315.9258,317.08438,307.17377,313.25537,308.3946,345.37448,271.12796,373.41788,351.12408,304.53705,247.65347,276.62686,334.95642,317.26794,361.0077,377.26328,295.37766,283.5281,358.9064,317.54175,322.1219,256.40372,352.8267,261.4044,245.20758,305.0857,314.8166,298.80035,315.96686,245.83316,228.14862,350.7471,271.16446,306.4323
262.32706,349.13818,312.807,316.4557,304.83203,354.23648,307.5969,366.85492,243.0163,360.47034,370.1717,329.44702,246.09064,264.89148,341.05377,314.02786,355.9263,375.98633,286.6317,289.63864,368.5641,340.4418,317.11655,299.7213,340.01294,257.88583,253.35394,315.78107,315.8388,297.00052,310.92862,257.00998,230.8743,331.10028,308.4228,303.57767
258.91345,378.27704,294.5313,323.375,260.55096,352.11023,319.71014,344.55695,264.5417,354.16632,331.728,334.0223,255.62125,241.88705,333.97443,317.6524,376.08932,370.0216,286.4326,284.51584,367.9726,311.29883,333.702,291.6526,322.6057,253.19307,213.9479,310.58276,312.2749,295.13974,311.29828,278.11646,233.58102,348.61777,284.23502,312.61566
256.06485,372.54813,327.27844,337.57812,321.8329,335.13596,314.24026,347.9323,254.3792,351.22263,357.09033,359.8226,264.03674,232.52542,323.36884,285.01526,383.03653,297.12415,285.2737,279.81427,397.28247,343.5169,324.1903,301.18628,321.9864,246.63412,226.81233,309.34357,290.6782,296.89655,305.24167,276.65073,233.27942,340.84323,289.3269,351.47125
280.5912,322.24628,333.48563,359.0215,312.85052,334.33215,336.73254,339.39932,208.40349,338.45633,331.27267,385.13812,275.35284,217.34956,324.88736,295.1062,364.3544,293.36337,285.51465,279.04312,378.89618,346.05988,356.76926,273.80472,317.2802,242.52498,254.7287,297.81766,290.64722,309.16858,339.01834,256.53568,234.86859,337.40933,293.52515,345.09937
275.21542,313.73364,324.61688,345.65332,306.74042,345.10516,341.29883,347.51178,229.55229,360.1622,316.28656,366.09964,260.61578,232.21817,287.23978,292.3701,316.1032,300.10443,305.00543,307.4255,338.69666,253.63068,343.391,295.9857,319.45422,241.56552,256.7163,299.04044,293.38693,323.0974,325.41528,253.36621,250.90445,321.11395,288.57657,334.41812
280.93243,312.40097,315.78265,336.67767,311.46194,334.83734,308.49774,353.28534,246.70801,294.32135,342.63638,311.9282,262.0417,222.90707,313.59293,298.1829,322.3862,310.10086,296.42883,285.1007,341.68063,320.1481,331.1213,318.84958,318.41992,264.52353,263.00415,293.51855,304.2192,321.4548,335.0529,265.68958,240.36755,330.66687,266.32727,324.9703
274.63162,307.0535,272.38904,350.79404,305.5848,320.9345,308.0918,344.86163,250.64189,298.48288,289.87808,327.96957,284.01688,235.32137,311.92328,319.63538,332.2037,301.24234,295.60483,271.89032,347.4481,323.7781,321.51746,321.1481,317.91946,265.21072,263.84424,292.07126,313.339,318.12756,353.3015,262.35873,250.6471,349.93616,271.4552,315.78864
277.79047,312.81866,295.68625,343.91522,318.2448,301.94684,324.80438,358.8223,191.16586,255.05809,313.60324,336.76746,277.9988,263.9478,316.22275,325.1156,354.34128,292.84552,293.25375,257.54736,329.6187,335.2434,340.8431,321.43094,344.9984,247.69861,246.9485,256.75793,266.87265,318.772,352.16995,273.3914,250.17636,348.08673,272.2302,321.70566
272.62497,334.3094,312.91367,331.18472,279.7665,313.0634,321.15372,397.21603,211.71883,311.1208,244.18869,317.273,276.85724,283.0099,252.63095,326.813,349.3573,266.86572,339.51465,270.8006,338.49512,295.06516,326.326,323.7567,326.0943,244.29492,242.49619,282.54004,300.213,343.86707,318.78986,260.68915,245.2724,347.12637,240.64584,315.76642
269.39365,335.9651,314.10782,311.37332,281.87317,318.57312,324.3682,374.5606,216.04022,307.65933,330.2426,294.379,286.8013,289.7657,247.1665,333.8125,323.7208,261.32748,327.64377,271.1581,350.55078,327.5147,315.61554,300.8308,313.27213,242.85364,225.35722,250.651,283.79016,315.8952,319.52048,271.26263,228.20764,353.592,248.65176,310.6098
264.30002,331.64627,339.10593,335.8872,278.53793,325.6671,315.36447,338.20154,229.66492,325.9949,270.0632,304.99496,273.34253,311.42932,256.597,325.7357,323.00232,260.4697,324.16696,270.3167,340.1157,320.72342,304.8032,312.55487,312.5517,238.17401,228.9882,242.00522,309.37402,311.35614,361.77692,269.53888,230.10818,351.6592,242.67206,321.89764
256.87714,335.49713,322.9186,366.77826,314.76633,325.42502,329.82278,321.0845,241.90836,330.1597,292.6427,310.7756,274.03595,311.35898,237.22403,316.36395,321.9997,259.09326,321.84464,264.98993,338.77765,324.1751,320.4397,318.37875,311.4116,235.08536,241.4059,238.66318,317.46423,306.84735,326.0441,269.60785,237.71303,349.2716,257.12946,327.82654
263.3225,370.18063,322.41544,340.83072,310.0943,364.07355,290.29465,337.9374,246.76105,321.48114,337.4734,313.64587,281.32352,295.6011,288.11267,321.73877,346.16455,267.97607,311.62503,274.77505,362.5302,249.51666,326.13342,316.4089,312.45038,231.64388,225.15367,260.67715,306.31384,310.82574,321.64413,259.75848,256.76562,351.02737,273.56042,337.56647
258.4209,357.94205,296.4765,328.74225,326.78348,340.57425,284.2047,349.06595,264.83228,357.81342,312.38013,287.49524,247.95813,287.94376,307.55725,324.0091,333.15433,267.72043,265.38733,297.82425,372.20892,355.75818,310.33765,313.3416,329.54147,236.59604,238.77882,264.74677,301.2027,303.15485,318.09598,245.70828,255.67053,352.63882,264.81467,336.0323
250.01326,356.455,328.76678,322.7456,327.2715,330.8824,291.5756,361.81863,295.98676,435.48923,284.28705,314.11923,237.94302,291.46527,329.7919,335.12274,290.2163,267.69705,265.45456,269.70306,362.27255,333.29648,301.39197,311.05484,319.7231,239.62225,247.66443,267.287,279.90195,311.75134,338.2293,235.49094,232.24275,346.4287,274.75293,331.25757
256.16724,352.91885,319.20496,320.2754,317.86426,308.28378,311.9217,368.844,289.04764,399.32062,387.1898,291.6283,248.72296,293.07288,301.36646,352.76813,289.1893,253.69612,275.4955,273.55994,398.55615,339.9363,235.56624,287.23773,314.0336,235.59308,208.48318,258.50903,289.58743,323.12738,327.35596,237.34421,234.61075,341.16885,282.22464,326.67688
259.74954,357.8341,295.19116,321.50122,298.24472,322.85895,314.20837,372.8202,239.44159,442.13513,357.6516,316.29535,256.57626,305.4313,316.03735,299.6845,297.0032,253.6033,283.63803,277.72064,397.38855,294.30344,251.17879,303.8188,356.40448,243.319,221.14099,271.2456,295.38983,320.54028,327.65936,247.94391,212.0059,334.91315,318.04428,365.06476
254.12982,346.6694,310.67767,317.22195,290.42667,320.54752,320.63486,373.34485,248.38562,423.50055,322.1142,314.3111,240.90176,312.51718,329.80286,295.09445,261.51212,253.01831,231.12665,278.2362,376.83884,307.18692,273.8229,286.7361,344.5805,240.34254,240.13876,272.48715,327.1784,324.7349,296.8819,263.85104,229.4985,271.9274,319.93015,350.52637
252.16776,344.74988,291.14267,286.04303,254.7171,339.97098,305.16278,360.63223,261.80103,410.53656,344.22256,302.47906,261.31644,292.04724,316.99753,309.55432,262.38565,253.92377,230.46532,267.4456,398.55902,272.36597,262.90726,307.78223,341.67993,236.41206,220.96019,274.82278,314.7755,305.40857,273.79724,262.15796,241.44742,311.31766,319.54605,351.6625
246.84776,324.03918,293.2843,286.55695,278.8432,341.0754,311.8092,366.15878,253.64297,392.19745,332.0736,312.16263,261.75006,260.4825,273.64383,268.28845,286.04248,261.64273,264.42365,259.13287,364.34348,349.4896,263.84262,303.87204,322.48477,229.61093,227.99736,274.56226,307.4084,324.59723,279.5434,260.67368,238.7742,332.21072,315.85446,352.13565
238.33104,329.45734,317.38562,270.8831,321.9995,332.77518,364.2172,368.25674,282.96762,369.8329,330.24005,317.30048,270.50803,241.84737,288.6649,278.84088,296.53845,287.7172,247.61115,274.23303,362.1125,407.05634,281.8115,292.61566,307.38376,242.53426,236.87022,283.84967,279.6732,325.67096,284.4887,258.82086,235.00114,334.84177,317.8949,351.63196
231.85776,336.4167,325.522,270.89508,290.35474,321.41577,344.79337,319.38965,281.6444,381.57413,331.85568,346.58398,265.66772,222.96777,292.73492,294.675,304.68066,283.5595,246.28047,280.10956,383.66168,375.56952,266.72894,318.00925,294.03278,237.49603,247.20157,280.02225,280.52628,335.49216,310.8331,269.27118,223.65976,334.93256,322.82294,343.0449
227.61966,339.14053,321.1048,286.05432,284.40344,325.75568,346.61316,359.91946,243.80072,379.22876,317.4376,358.56335,264.47318,217.61388,300.11572,290.2499,294.31732,280.22797,241.73898,309.91565,395.37207,341.3247,257.434,322.14523,298.30786,244.33987,243.52864,293.59705,286.07062,338.4328,304.7852,273.0773,224.44106,327.79694,328.75537,296.4288
225.0485,345.3172,304.85474,299.31335,258.9597,328.89862,344.2049,355.5854,236.45291,367.1828,318.13745,358.77036,292.27374,200.16675,320.79623,313.00516,294.61606,274.8646,225.23721,293.33075,374.6168,403.8052,254.58467,330.77362,288.3927,239.89957,234.26329,295.11975,296.8597,325.06158,340.45734,279.38715,211.97333,313.81793,329.84775,291.61902
228.46158,343.3756,296.2553,275.23923,285.7166,324.34088,325.9007,343.31677,246.6055,352.9521,334.7439,374.89313,290.28174,225.88654,302.20068,314.45206,311.87878,283.12555,224.59644,313.15918,365.30582,377.0193,227.21994,347.91718,284.61423,239.46826,242.77264,294.93326,303.75305,320.378,342.1069,287.32272,212.45694,317.11002,318.61044,283.10062
252.04926,298.89038,322.78613,299.97455,292.02167,333.69836,348.72797,386.89142,264.01242,352.71497,260.31982,354.24033,302.09366,236.66096,317.04828,335.33878,302.63763,286.7425,257.2246,321.22806,376.02866,320.9802,252.20229,329.16278,326.15808,244.82182,244.55922,292.4759,308.7935,307.89978,326.66882,281.93927,228.81995,298.8462,302.17532,288.98404
276.33905,315.02225,317.1797,329.63876,288.30798,336.53403,340.49484,414.8031,281.0368,337.6979,334.89722,302.4718,239.59273,255.70056,316.1539,326.5566,292.21753,270.62292,258.83997,308.7282,373.69604,342.25244,246.1408,319.39453,322.74103,223.11531,250.01382,300.35657,302.91647,305.0207,327.19672,285.37152,234.96638,293.0348,310.68945,305.42273
275.81467,325.9903,286.6739,354.68445,314.75787,328.1961,331.0189,405.9347,274.47708,356.4929,361.6394,321.3605,241.01346,245.663,306.67108,322.30475,287.0157,284.72516,287.231,313.28036,394.4892,339.22452,225.4271,312.64093,315.01334,228.51862,244.12427,284.02972,286.72696,319.23325,324.37433,280.3693,263.11923,294.12665,313.47052,308.05447
264.6073,316.7201,293.8481,327.9787,270.44275,319.53235,365.8849,363.0889,269.4217,338.69342,325.8029,326.19266,232.79404,262.45856,307.12622,326.0826,300.86316,281.7017,294.012,285.58994,389.42987,336.99658,216.47087,282.89877,297.2134,244.27173,230.88371,283.07852,285.6621,313.86914,322.1466,286.3109,261.71857,281.40823,286.6033,313.0369
267.22495,308.56223,292.29584,312.76407,294.7478,314.3242,351.8764,370.4399,270.29996,344.92892,333.80023,329.39746,230.83801,272.81113,307.18115,319.8535,297.88,286.2461,323.4003,280.40793,372.5101,329.7845,229.56009,305.682,299.5528,248.59032,237.54843,278.96347,301.16702,309.35596,313.95688,289.5962,266.97906,303.6896,263.82928,325.68222
264.2766,330.51862,286.9567,316.79962,317.19193,331.96692,345.09827,372.80984,269.1551,361.25626,319.0814,326.56528,237.4644,248.04538,300.67657,322.15973,306.8208,281.5276,334.65012,263.4784,372.53693,362.76096,258.31146,306.22897,301.8025,228.67647,247.86835,267.73062,303.7348,317.46704,355.72797,280.1848,257.4178,299.82034,265.59778,319.64243
262.73364,337.55582,272.25006,310.63797,276.85132,315.05148,350.90436,372.28784,269.14325,358.5473,304.12003,334.3299,272.21832,260.94556,282.1616,317.09143,327.54153,277.50934,317.31238,259.53717,389.53033,349.2892,239.69566,316.42282,299.1261,229.71335,267.34863,279.80582,313.32632,316.83423,362.07617,281.53693,254.14682,304.00684,279.75443,320.98114
256.96457,327.03497,296.607,314.79782,320.07935,314.86414,337.34354,390.18744,276.50824,379.10736,311.9464,332.0592,220.24074,272.20032,311.62503,316.63055,320.49518,271.39053,307.19885,283.69196,368.86047,348.40216,263.91745,309.40506,305.35553,247.6366,256.47015,285.9364,298.23596,304.4404,341.6678,286.64517,237.47647,308.0944,258.77667,325.33362
248.01732,334.44904,298.39532,317.08694,276.7033,313.99902,322.6886,372.9316,283.62033,409.05273,342.588,345.02707,256.92526,282.75095,316.03033,324.21988,308.74677,269.97424,320.19266,271.3882,387.26718,321.14688,267.80423,311.59555,302.74377,246.65553,248.06668,294.54218,311.9416,299.27036,340.47116,278.37408,241.12863,311.5277,299.34802,321.8601
220.84679,337.57297,302.95605,332.16245,296.94736,330.60156,304.629,363.4887,274.16116,383.89215,369.3355,313.9213,286.4529,290.13943,319.69113,318.0436,329.05292,275.1748,314.1004,270.08804,379.74796,344.7594,262.42114,319.6508,283.75626,252.482,252.44154,292.13718,316.80402,292.30786,330.05344,271.86646,273.00812,349.85886,305.69147,324.27936
206.34236,335.94196,303.93268,354.81247,298.5492,331.1047,341.05563,384.0394,282.48886,392.5558,335.88556,322.18234,269.54218,310.3791,325.7054,325.6301,316.10138,290.76813,307.32733,259.3805,371.46173,331.07742,266.4344,305.42664,261.13522,249.68956,248.12396,281.9953,314.51498,297.03247,327.41046,271.8151,283.67264,367.24112,311.93018,336.2547
219.5819,331.95322,305.7296,340.95682,314.55637,318.80905,323.97144,387.73123,284.4256,405.94482,347.30637,328.1783,265.43845,281.43683,336.40552,340.10425,313.92914,301.28693,302.6977,294.01578,383.10645,330.31433,275.51007,224.08148,245.5958,259.7981,246.48683,282.6915,296.49652,280.51553,324.77023,239.54367,280.42966,372.7801,322.0295,335.22552
227.50708,346.5708,241.13828,330.2221,321.78134,325.42532,331.46704,380.45047,275.75308,382.555,382.35406,328.48938,277.47192,291.0841,320.20917,331.82584,344.6554,315.9426,300.12076,262.5241,371.0015,315.89938,279.03152,268.34732,225.22443,256.6206,244.99338,296.34238,308.4424,247.6677,310.5853,243.76804,267.21063,327.4966,345.58228,339.1395
233.94366,343.761,197.34668,318.6029,288.00693,304.9334,312.35486,381.85037,267.4582,373.47214,331.9267,325.55588,259.4442,276.18924,316.85486,325.98727,270.52277,321.79877,293.4247,269.08765,385.02832,305.54315,277.2423,293.64484,232.1262,253.73512,249.06076,275.09058,307.8076,252.64523,302.33563,245.09314,254.47635,299.68207,339.01608,328.5126
236.47163,367.02002,217.40312,309.54932,318.9824,357.95166,304.54898,377.1916,280.37762,380.05222,356.1749,311.97443,252.20816,262.19028,324.90747,320.7211,272.73074,315.6611,333.1889,256.3913,385.55893,314.50516,277.23474,269.00925,237.867,251.45476,249.25903,274.16977,322.07208,279.15094,317.24823,246.04741,256.4393,306.01932,342.49738,327.52112
231.99065,354.2039,213.68033,292.56238,240.04558,316.459,305.62634,377.2107,267.172,314.6607,363.25775,307.849,261.14526,249.8681,321.63458,339.19476,276.66,328.77924,372.91937,287.7869,405.97424,252.32031,295.42493,268.87482,210.38422,251.32193,225.13116,283.8837,318.27362,287.06174,317.97336,257.81784,259.47354,303.00677,339.20227,313.88812
229.84242,372.51392,219.64413,294.20523,250.57416,315.13416,297.80933,378.02274,279.78192,320.677,316.75696,220.82724,262.15018,224.55301,311.8388,333.95264,286.0628,317.46796,294.99832,279.33206,330.5818,317.24283,251.8873,290.09647,222.4591,252.02913,235.95357,279.81958,314.86075,277.98993,329.28198,254.65463,260.63275,297.04584,322.4286,326.2175
221.51541,341.78394,257.51172,313.6485,304.01703,291.34412,291.31067,372.74353,276.37524,300.8405,358.48935,273.52206,269.93927,215.43115,305.19992,332.35574,309.6731,311.60556,293.7708,268.6231,337.45517,340.281,257.25922,311.9833,241.86017,250.43166,253.40227,302.91953,315.46658,281.97632,331.8294,260.9391,259.69232,259.7671,315.9917,308.96655
193.53131,347.51312,265.81125,293.9115,252.6882,296.40927,289.93643,376.56616,287.33188,308.89954,343.0931,308.31244,266.03818,243.97618,302.92203,318.44373,298.88712,326.87558,298.3644,266.46967,356.86,344.36435,243.57349,300.69794,257.18698,251.33331,213.91644,294.65277,309.1263,283.04456,332.16522,259.48798,254.0199,259.5133,317.51083,308.35327
217.23306,298.3357,207.33044,281.0727,273.60052,301.6008,284.17297,396.29633,290.58752,312.4021,316.71893,323.25708,268.72342,222.70721,295.33875,316.1614,263.4428,337.9026,289.7875,261.98962,356.8357,339.18542,262.3984,298.771,266.78003,245.64323,183.30124,306.58136,286.64957,284.32565,331.36057,263.71164,250.72949,247.60114,328.25607,311.438
264.47308,332.46558,256.28375,305.62106,276.90262,325.01736,283.35803,381.39157,285.0879,333.39178,352.30347,332.42706,266.79407,217.27477,298.97855,309.15094,235.18564,347.32657,283.6542,266.8621,369.16315,335.7097,261.4549,285.69077,268.81683,242.0318,178.96829,313.81927,288.8011,282.7943,312.8402,274.78674,246.75597,254.42632,286.01328,319.27563
254.7095,341.52655,236.36948,288.49445,287.38507,395.66034,295.41937,329.31253,288.32922,318.5636,354.5739,330.59924,261.9629,240.26686,300.964,308.26144,269.3147,335.15976,304.64124,293.5596,357.11893,332.74222,254.7461,283.21954,270.2306,249.24818,191.47496,309.189,281.97302,314.03018,307.91812,276.95282,252.37195,267.73236,297.26312,328.81033
252.63889,338.22577,246.28052,295.47797,231.16551,348.28314,287.89288,321.00183,297.40213,344.71796,317.60297,321.77872,258.3876,254.36818,278.718,303.0237,276.5465,345.90317,321.29926,292.2312,361.1056,329.02887,262.3693,300.1549,275.29276,250.90189,198.64697,287.1225,280.93408,308.46875,304.80447,275.13223,256.8864,275.653,306.26758,312.21832
262.617,330.97202,221.60713,306.96625,305.75284,323.73743,277.34518,327.0257,306.38904,359.71356,363.6684,339.77048,259.67303,262.60547,287.61688,310.44446,296.88843,278.1531,313.9662,315.1146,347.39017,316.13177,268.65204,340.77502,280.91074,250.26303,201.95366,251.2001,281.25943,302.10938,304.83636,267.2849,258.06378,285.68954,315.29553,317.75543
256.63446,326.32196,275.40973,329.8243,313.4121,300.95444,276.51114,318.13428,272.86307,342.9457,338.82172,327.32114,266.1925,251.35497,305.57605,309.9691,306.56485,287.6544,305.05667,294.59573,353.2722,364.92224,275.67996,309.57794,277.30643,256.4312,212.8592,270.11526,286.18542,300.7282,301.14795,257.6599,259.75183,286.45142,321.63736,323.52182
250.34258,312.40125,304.43433,336.43378,303.46613,297.94315,291.5843,320.9955,286.84973,371.38763,348.69,347.8661,289.55258,266.35382,314.58948,329.99484,302.8426,284.53238,298.36365,284.17108,365.64798,276.25153,285.6863,327.47455,269.42407,256.93127,225.08287,270.60815,296.51486,298.8617,332.9973,253.06741,257.62488,304.49896,324.41583,327.58685
241.19626,308.81348,301.48203,310.17395,296.996,311.49274,288.68567,279.82483,289.4815,387.54388,349.85553,319.90292,287.72253,243.66411,330.00366,320.9243,297.62573,280.38666,290.04758,290.9905,289.8697,357.554,282.96075,331.21213,299.2842,252.04495,233.14487,276.20755,306.34158,296.7589,312.46844,263.3754,232.11787,310.73944,296.6208,319.19382
238.9929,317.2897,307.57004,313.6162,290.80768,355.2177,272.32745,325.733,246.92184,398.30518,335.28674,352.7434,285.54523,263.98578,336.3103,323.76642,297.90988,282.65698,332.1887,292.86188,308.15384,370.17883,293.74078,305.41516,295.77274,250.80533,240.40479,275.6458,309.15933,301.7069,322.68927,272.30283,239.1044,316.03284,305.60046,328.34314
237.98512,325.95337,315.03613,309.64352,320.36328,399.5639,291.45575,319.0707,228.1026,429.38123,358.45624,360.00446,279.14172,253.0785,319.9979,325.44238,290.60663,268.89383,284.72046,302.36575,360.4593,358.20297,288.64447,336.8682,303.53867,252.77417,226.4182,279.41452,298.2718,308.75238,328.742,266.89096,240.6518,302.05072,310.38666,319.308
239.58934,337.61334,323.95245,319.0297,292.29013,368.0871,328.22015,346.15903,266.99734,413.8213,341.84097,359.5149,266.62408,266.22418,317.94055,335.25143,287.41125,279.51248,281.53656,303.39532,362.01733,241.72711,259.9948,237.5953,287.02588,247.67314,253.43863,277.54025,279.86002,304.0006,328.78162,244.11783,243.2825,288.70947,310.72873,313.49417
245.18042,333.20648,316.51492,313.9319,308.66638,338.4135,315.42822,361.86145,266.6814,379.7202,389.11423,299.05566,294.047,268.0979,325.3389,335.0738,281.6624,290.03207,274.01965,284.46246,344.38318,342.3384,271.29044,297.40936,279.49643,245.3036,260.42746,286.6765,289.64392,314.07025,321.7162,230.92154,245.75061,287.63232,271.0866,301.60022
234.87704,289.84988,305.60068,316.70615,246.31912,327.06622,327.65863,353.0664,294.53537,369.88904,331.72726,290.71945,280.7338,249.16844,327.62448,292.8881,293.31165,292.04074,274.6249,279.95306,355.50223,244.93286,271.97305,301.60916,256.9734,241.57678,259.50702,287.57648,302.23535,329.0167,331.7172,241.53278,248.52716,279.0365,290.24454,317.90448
229.84753,323.63812,308.06818,304.04953,283.51614,326.23068,320.32568,353.0766,283.05615,351.4377,297.56818,267.0791,277.0454,223.7348,311.69278,297.06845,294.99652,301.10855,292.71375,275.4082,377.5134,359.6698,290.2887,339.52106,286.13818,253.8713,260.16513,286.81018,305.66684,316.88318,332.7829,224.68634,247.3804,292.1957,292.07324,326.99637
221.30586,329.14352,309.4817,343.30072,288.29706,327.00974,316.29633,357.50482,265.70212,354.2636,352.13138,310.3738,348.72678,229.62521,312.9708,298.97482,327.69193,302.97452,287.6586,276.10394,395.56458,371.5243,266.41388,323.13745,294.42578,255.75705,249.10455,287.7689,316.80737,294.67578,331.37177,225.89653,248.61456,255.01486,295.79153,363.9864
219.04338,328.45175,314.34775,322.59372,298.56818,318.5739,370.02325,369.58087,268.6491,387.67804,349.76715,334.0783,269.9799,215.7337,325.9555,302.85242,321.01123,293.8184,292.66263,272.1955,343.95908,382.029,255.71309,307.21204,294.7454,259.1902,243.5679,289.77982,315.1447,299.0089,330.10764,235.143,256.81265,257.66483,312.9693,353.50848
223.16205,325.86172,312.05536,330.18134,327.87225,330.048,350.25327,369.48694,274.35596,369.29327,355.14398,359.83707,258.12805,228.56516,337.4687,308.81107,315.65317,301.50513,294.72153,257.44724,363.09515,363.67563,247.6122,323.3351,294.9586,248.63586,254.3017,272.0935,316.38568,295.82138,324.74695,227.2908,253.06186,253.30396,324.99063,339.77582
227.24576,330.36163,308.93542,326.11566,304.89624,311.7584,337.803,371.13037,282.36508,356.12976,355.5973,345.68027,268.42157,252.67244,308.10068,311.96375,314.9937,311.57605,275.44458,249.20459,370.0364,362.3432,194.72052,334.89996,292.70236,231.46942,248.52411,268.81458,328.95456,304.60608,321.29895,242.69234,259.45206,205.39456,318.57483,345.32697
221.068,329.2089,309.5462,298.07962,300.83432,314.00305,326.31448,376.04507,281.33743,296.6634,323.4616,339.75388,265.45886,245.87729,272.2887,290.511,313.10144,308.51938,270.17123,286.25238,356.40115,347.57004,215.62466,313.6773,290.60153,216.24637,244.60335,272.83496,320.6043,309.46765,319.3617,254.2983,257.87582,233.78094,316.3972,340.4384
222.01617,332.9431,301.64252,333.59265,308.9434,320.89502,352.70297,372.80164,303.44867,286.44205,252.68976,334.67303,247.28915,257.21237,221.45993,295.94162,305.0153,307.89053,265.51202,291.13388,373.16315,326.33313,229.20808,315.55682,299.07007,223.72722,253.84892,285.05292,317.2498,341.0324,328.47803,261.21005,258.47217,244.51532,321.0046,340.00085
217.71007,328.3381,294.81146,322.4671,319.51654,324.57666,328.715,368.4217,288.07986,289.427,335.60446,341.99115,272.65018,236.70331,261.91122,299.80206,314.29462,265.3428,279.97852,280.20712,356.4976,323.51633,236.61273,332.42444,306.71088,222.35602,262.50775,281.02832,313.41058,325.2044,322.06796,266.2578,283.4031,251.00229,323.7786,335.09656
198.78421,329.6451,297.08118,336.65616,313.05103,310.75058,343.57056,373.0558,267.51715,294.55148,316.307,340.23044,268.70352,260.40292,282.8343,301.63937,337.1848,262.45767,275.23615,278.60126,351.0674,317.0578,262.67197,329.022,307.87692,228.77124,251.47679,280.0663,305.43744,310.56537,339.9264,266.7459,261.26312,256.06552,320.87933,331.0252
194.1247,317.64734,307.48383,330.4081,319.68588,312.477,346.26483,372.30273,243.46133,332.8819,323.71085,320.90787,267.70566,260.77478,291.11212,301.59604,355.7989,291.46512,275.1315,273.3161,372.58984,333.27283,272.96686,316.08823,310.22528,233.51947,254.54306,298.3751,298.47406,281.46033,342.45657,266.54477,241.2446,257.93787,325.15784,327.69757
189.0879,330.05463,301.90112,331.5421,324.5291,264.63483,488.11072,375.2438,239.82211,336.84402,326.97916,309.1477,248.98267,270.97162,304.06943,304.42358,338.74487,285.54022,261.0523,274.98904,371.638,305.79126,266.4364,325.18814,320.08975,242.69878,270.84616,294.47455,307.68872,283.54065,335.0767,257.99655,219.58588,255.5523,327.39386,325.86145
177.09174,356.77322,303.132,328.3436,273.90518,294.19308,427.94687,326.91614,188.57928,310.76474,337.23676,293.70334,247.87854,242.52272,274.27356,269.98236,349.6942,256.4145,268.3532,210.44934,366.72144,324.75247,257.15363,302.7285,321.46323,236.06442,279.50266,281.26462,306.5893,299.88974,335.67783,248.24472,223.71718,249.18005,331.85922,324.97772
176.19658,356.58743,296.13074,323.69156,234.20074,348.6515,394.9865,287.22147,199.79543,323.6211,291.4177,307.20856,273.20947,235.69344,330.2735,283.87097,350.86713,265.3825,285.92352,150.87807,362.63788,275.61893,261.79575,281.8047,329.8762,227.8876,277.83173,277.67474,293.40994,285.75287,336.32687,257.11343,221.7666,244.93169,314.54242,337.5084
168.90233,359.44476,295.8398,325.39444,283.89273,379.5937,346.87802,286.93533,211.87572,321.1488,278.89893,301.2905,251.90112,235.16675,339.80182,320.90857,328.93112,260.9392,298.68774,183.94681,350.41663,284.95468,260.2204,298.45474,319.49905,225.89282,267.3636,268.85077,305.5615,271.61337,340.81342,258.80206,227.31808,253.97577,314.78406,336.67926
182.30673,390.21884,297.39966,325.2693,307.89978,337.12045,334.0442,243.26779,200.49844,327.02954,297.0622,295.83423,276.50378,213.87924,316.46545,314.9946,317.82578,232.0634,296.47046,185.97897,346.9352,320.52283,265.21185,291.64343,339.24307,254.10944,259.10406,269.9804,306.36276,274.3301,336.62433,254.00107,223.54529,251.15717,310.31717,335.9186
180.9113,382.73352,305.4032,343.8569,314.46503,317.3289,312.95618,263.46722,215.18994,340.6166,307.34296,315.77457,262.57767,213.3807,306.03986,316.50198,315.42337,234.01132,229.87596,196.59245,353.51752,313.7815,258.5578,292.9201,330.40387,254.18114,255.36334,291.5739,307.8345,293.6481,337.5462,249.76025,222.19885,250.50656,320.26456,324.9484
206.63713,390.1985,318.4231,363.1502,337.34625,304.45764,297.23813,284.33423,175.57776,332.61407,305.40622,298.58636,258.82068,225.09013,303.15472,312.616,312.7757,240.0704,227.1902,212.82292,314.4314,304.34286,247.34616,300.29987,328.0032,258.97357,250.5876,309.65558,307.59424,303.29626,336.45016,256.30606,200.05077,253.74512,323.97324,326.95117
208.19788,408.15314,322.49164,344.31015,305.94263,318.1637,295.074,304.84473,197.44965,319.13794,279.4378,315.67224,250.6052,235.64005,290.62894,306.81973,297.68164,259.1682,274.12454,211.51865,311.43176,321.0277,268.06616,333.2359,353.74213,265.81345,250.09613,306.94492,311.4985,301.45526,345.12247,265.1322,183.53333,251.6972,324.0244,323.37646
201.93489,371.0944,321.8806,321.98398,309.72803,324.54025,307.8943,302.50006,240.70435,279.75848,325.5017,317.10236,247.04688,226.9974,295.46402,267.28683,257.53326,305.5837,292.39746,221.86508,329.68604,269.05978,268.0073,353.40985,353.7635,255.0278,230.57933,304.971,316.47592,299.14362,341.5914,272.02548,181.04144,238.4039,306.7699,313.0421
200.83171,351.18677,330.97617,359.94473,228.34845,271.22537,291.18695,318.33997,244.61624,268.7854,312.85587,269.52264,246.19316,211.71738,274.43094,257.5343,254.70035,299.19962,278.0897,230.29541,335.4645,301.7789,280.0634,330.62506,355.10632,259.43237,234.6957,299.55057,320.09067,304.3726,336.8498,269.9182,185.40042,242.67719,284.50488,326.38437
187.59167,344.34778,319.83478,356.97742,293.482,328.43738,291.2648,324.02533,250.60988,320.6861,277.13474,288.9893,244.60693,205.63698,291.85522,273.22333,261.92218,290.04422,272.93338,220.91444,351.2985,313.34738,275.44568,323.96075,343.90036,248.08432,236.7174,293.14185,321.3702,315.7503,322.25937,273.42358,189.48512,244.30527,290.56128,277.03384
160.33223,349.98096,317.08484,361.0103,288.94473,324.49408,298.12476,326.0483,259.2402,289.43536,311.55658,310.7412,250.17734,220.118,311.4322,271.86572,265.24124,299.95087,275.5592,257.90848,356.22595,318.51782,267.49823,343.5078,325.47437,248.32661,245.6169,289.17648,310.72302,310.9183,317.89932,275.27197,196.11342,251.00238,300.23846,284.2727
168.45177,343.25012,318.9125,375.12366,285.35123,326.22418,283.2069,364.7373,236.84178,297.22794,254.5191,306.9276,255.48486,212.35062,314.6832,267.0251,297.10318,304.83368,268.08295,242.47098,349.23892,236.85182,264.27063,349.99976,357.2327,241.3424,237.81985,291.2343,310.76978,313.14713,327.36148,274.4688,197.93541,247.53061,296.86487,270.4739
175.04881,340.53235,299.2303,352.06082,313.12207,332.59454,282.4669,376.1913,248.64212,308.08588,267.25455,267.70544,251.02829,232.63788,302.05725,294.7436,293.5891,310.02463,322.47998,249.8555,330.928,287.3921,256.9084,351.94714,351.1109,237.75412,220.59094,252.87328,316.64542,306.0659,336.90366,273.30725,206.45218,261.34525,256.2939,280.58298
169.94989,339.49808,303.0848,326.21796,303.6996,323.03976,319.04355,349.96216,279.67957,312.59808,310.11087,290.56116,250.21487,215.23482,300.59647,311.51944,294.9769,315.21838,320.94257,243.89807,343.78357,275.1187,255.79367,326.40933,341.3481,223.44681,238.77063,258.39923,318.97537,306.0849,340.20056,274.1514,210.5679,260.38867,265.3421,282.7781
177.85046,342.37546,303.54547,338.01984,276.48712,329.2736,314.61542,361.64795,270.6338,311.386,330.49197,274.7118,255.86835,194.36504,301.52966,328.77203,301.177,319.96887,315.6542,231.58368,288.06635,311.94858,265.54013,269.08282,341.3731,221.4647,234.80325,289.1752,305.54645,299.71765,343.0073,263.72482,205.82602,268.0772,282.33392,273.66833
166.17632,336.25067,304.52664,359.36017,277.35883,320.81363,334.9232,368.1138,265.55423,299.11868,281.68896,208.0104,285.95187,190.47302,308.58954,318.5101,319.4118,301.55487,327.02716,246.36156,306.86526,362.28458,279.79132,271.3012,328.90652,219.87444,242.55334,282.90265,288.78036,281.88956,334.78143,245.52249,212.98639,271.3308,291.23044,285.8756
162.86177,374.51846,307.5711,328.27878,308.09546,325.1541,350.08466,369.8375,254.88963,325.40134,299.13754,239.73853,296.26294,207.7454,325.93436,321.29514,312.15103,307.99673,321.34415,243.86375,333.77573,326.22943,291.32568,288.059,290.10345,216.23676,240.85095,282.73956,277.34625,286.74518,333.61154,249.47308,232.24573,311.53223,285.72922,292.28528
168.57716,366.9922,282.46533,329.72052,283.3257,352.7235,367.52988,379.97275,255.70468,334.36304,322.96017,298.2113,272.54324,213.54126,347.36215,320.584,308.23566,299.70203,320.4455,252.54424,328.98206,348.63794,278.38385,350.95172,300.9149,229.57507,243.46877,277.4111,296.72537,299.8189,339.96826,248.3645,229.66356,284.727,288.7854,299.5545
161.64557,338.8653,361.68295,309.16745,268.3308,345.40753,349.85406,382.67096,260.962,335.03415,328.58768,319.8456,272.13095,215.47751,355.0922,321.54422,320.83453,319.16434,338.9043,249.81079,348.82172,336.70184,274.27985,326.3626,292.72,237.56734,224.38226,264.8664,298.59137,301.19373,338.12222,230.64377,227.34856,281.8943,288.1496,339.56537
163.90617,339.8568,337.2774,333.6191,267.20612,350.6901,342.7689,412.29944,258.45877,348.50388,311.04938,331.30673,276.9641,244.09639,348.3277,314.8389,316.7766,355.27484,329.36914,257.9276,345.2781,357.566,266.9806,320.60974,292.58804,232.00659,223.20563,268.07196,310.17343,304.94342,342.93985,239.00769,235.47012,267.1802,297.28302,347.2734
153.95457,351.00336,333.53168,315.84555,279.15845,350.2692,329.37427,406.392,217.60846,344.6655,340.6358,338.166,274.94376,268.63745,296.05603,319.7703,327.1746,349.08862,368.64377,269.2915,347.71817,337.2259,266.96063,306.45416,303.46194,231.29855,233.02374,232.9187,306.20142,311.72147,345.12335,244.75806,236.45721,269.83545,298.5061,342.61115
137.56572,346.90735,263.7165,321.4503,310.972,344.95935,329.58957,404.70444,243.73465,333.1616,330.42554,333.4934,266.27963,290.05786,306.83942,338.6538,332.45093,332.97275,348.7755,262.63297,356.3869,308.45605,246.69896,334.1306,324.09348,227.36897,223.58795,241.07365,310.26538,307.6502,355.35983,246.9076,240.33508,279.8322,307.3004,336.37527
138.76611,317.1535,273.41327,305.56235,311.97284,347.28903,313.6438,403.8874,203.3251,376.27887,324.6036,308.22845,265.71002,300.85077,316.59686,348.9326,332.76462,333.79532,340.61838,272.92072,351.79562,328.96518,247.97086,321.08112,311.86835,224.6788,221.17044,253.2916,312.07233,288.3815,353.04456,244.426,244.55426,286.69272,306.52057,329.9543
127.699486,291.64905,287.82083,260.0953,327.33932,353.73895,321.63602,408.4576,222.16437,371.5545,330.20526,318.93973,283.6015,306.6601,318.79968,345.12427,321.95868,338.28568,335.6556,269.2793,366.10498,324.39203,248.62958,342.2898,287.88385,222.0345,213.59674,272.80045,318.72604,293.02435,340.92746,241.8088,249.62941,292.7396,305.82175,330.18524
128.79596,322.3556,292.25244,292.91626,276.3559,331.20676,317.1216,400.26044,231.82907,348.57986,292.6822,314.9975,310.3641,319.55652,317.97113,334.43552,316.27817,346.85965,339.03705,264.6751,379.46982,330.07315,257.34418,302.9229,294.78348,223.00665,216.86513,281.9628,327.3888,289.6425,329.11694,250.78812,250.0826,291.87177,312.1824,314.844
139.06676,309.23135,315.24707,319.5789,270.76132,333.95908,323.55783,382.8388,248.91049,369.31378,361.2095,324.93268,297.7285,320.61795,278.54254,306.89868,304.30405,346.8211,332.29663,245.6404,390.83154,337.5263,249.87146,286.3595,290.9515,246.4338,222.59164,291.87103,319.2561,284.30133,316.11224,255.9331,247.6528,293.27194,317.8941,312.4727
168.65738,319.19067,305.43204,329.78195,296.50006,312.88806,319.80066,366.14432,259.30847,373.3743,377.93564,247.34085,291.49908,304.60428,252.72754,307.80267,324.85904,342.11957,324.54822,262.20486,400.34338,351.56158,254.71698,312.5232,296.63638,248.14822,225.03465,285.77563,302.56653,286.43158,313.27426,257.1428,247.4495,295.52118,279.08496,312.73215
161.99673,323.46512,305.2716,296.7388,320.36246,316.45444,325.57474,358.29013,255.18857,315.72174,331.25064,264.41248,307.02014,301.12332,263.6661,303.9257,343.26575,337.1535,321.67157,267.89023,392.46832,328.42297,276.60895,310.82642,303.71957,253.86812,211.01689,287.44794,321.40625,306.66833,300.9437,266.8744,239.86958,296.26614,281.90802,310.89078
152.52774,318.9293,307.69055,288.7428,280.7184,314.40137,308.14395,365.17606,253.4167,336.00375,322.15564,283.54803,309.0072,321.6541,295.70337,316.94687,356.21332,334.83096,315.69144,267.2587,339.30203,349.68127,271.34198,298.38925,305.98938,241.80324,206.11475,299.98462,312.84143,288.85565,299.63348,264.37775,237.15314,237.02396,256.3235,312.3991
153.37408,296.97418,304.07812,276.64297,264.6825,317.7539,314.31165,315.71338,272.83963,342.23352,317.22476,332.9361,299.1421,304.1703,348.98267,338.23438,353.70438,332.0822,281.438,265.78378,354.4309,281.54114,279.6624,296.60632,310.69983,255.29675,222.34456,299.15417,313.0181,282.05035,295.6517,264.4003,233.69873,254.06615,269.2132,318.43143
154.18362,295.85187,314.50662,267.1895,256.41092,363.1755,333.36008,336.7989,270.99548,348.98727,298.88272,308.12897,297.7552,304.20956,296.8106,344.6746,344.04376,319.3167,331.98636,252.13516,353.0936,314.4961,287.6495,272.14352,326.27713,242.71269,223.16646,294.42755,329.0995,261.19217,314.13275,267.90024,236.17883,259.3384,282.29486,312.9566
162.43454,302.62085,307.97766,298.90097,302.4024,342.18893,288.31195,344.29156,275.52023,291.79535,346.69934,319.08563,291.35016,286.6013,317.44238,359.68707,343.40695,324.67035,333.8087,245.59488,352.0488,259.8366,283.79132,273.69498,348.11777,236.57716,207.6224,303.46533,324.37848,257.7721,321.8682,245.23993,234.34853,255.96687,267.5376,301.7295
155.0827,299.37958,308.14078,311.8218,300.24045,315.86215,286.26624,348.33154,280.1173,307.05823,311.22037,297.359,283.86652,294.89166,313.50986,365.74088,329.9131,329.03598,323.98657,254.88443,340.45474,246.24754,292.10464,275.08746,340.64645,238.65039,214.43546,297.18622,324.68866,259.48438,326.2596,251.55217,236.78433,268.3342,268.68622,302.10138
129.2858,305.97607,287.82776,293.53357,264.02142,326.24817,276.7156,323.99945,229.46841,294.2533,358.43835,283.73163,276.30313,295.5521,316.60452,356.90674,341.3729,325.27893,315.9628,223.92628,327.17624,327.1281,285.2593,260.70386,320.81534,249.94565,226.5821,296.23517,316.51788,257.5249,311.05243,265.0516,222.50378,231.98253,250.2782,303.00964
137.88269,275.5444,260.95676,297.1621,278.00656,322.8364,330.1799,323.4418,234.0408,245.57608,335.8078,313.8891,274.31302,279.91043,306.26538,338.19342,296.52554,331.64832,268.6873,246.20895,288.24417,317.06445,264.19983,270.8777,305.4401,243.46947,247.89934,290.82324,305.15356,264.03418,302.4128,266.53076,219.53247,230.46246,266.01788,316.93127
137.44383,289.74936,270.16284,312.84662,292.06253,311.84656,307.22775,315.37372,233.16806,242.37848,259.6244,309.57016,274.5204,249.98842,312.52164,334.33292,292.85205,310.0868,268.6745,240.05493,307.0841,268.3348,240.81503,269.16818,294.567,218.53262,226.80272,285.0875,307.4543,264.44522,307.93268,258.37048,222.32562,255.55371,272.2937,308.5409
134.68066,292.9595,281.1385,318.51404,274.61346,309.32935,286.97604,322.09116,234.22473,255.46602,281.16888,290.63965,267.4861,256.12097,307.45026,327.64166,313.21448,298.22882,256.61533,263.8642,319.0745,277.21576,251.923,274.7575,302.84332,217.08904,221.0946,286.84875,300.11688,271.06155,315.2402,260.5741,236.11426,268.3422,272.22684,313.76868
121.74625,295.22946,278.98355,332.35306,278.26337,300.33774,292.4045,314.7596,230.58337,271.50464,254.34766,265.06815,240.65521,241.74692,278.18164,342.16333,327.94348,287.0328,311.9887,253.05988,266.48187,300.90417,269.63666,248.76367,282.4343,225.85275,225.78407,320.7196,300.92017,273.23886,310.67105,263.26926,233.6185,265.1706,279.6696,310.4425
121.36784,290.82806,280.38345,344.15857,307.8759,301.08646,284.05997,310.2372,218.77881,275.4949,283.16864,283.91763,241.8312,232.79129,276.03516,370.76385,328.54437,319.72128,301.77554,244.48972,279.3149,306.25128,263.99823,258.58374,283.1598,224.50812,213.52895,319.30844,291.26923,301.26956,335.45413,262.49542,235.33801,263.11246,279.41278,312.89038
128.53442,334.0287,296.14252,335.36188,306.2006,301.78387,281.831,267.23273,222.49426,290.82922,299.61142,307.14856,244.70108,245.10178,243.50058,349.07245,324.0401,318.31088,297.00873,250.96484,310.35852,306.8498,241.1105,269.9329,273.90082,222.17223,194.0447,323.5692,293.1979,275.0089,327.7433,258.68933,231.2244,282.17786,266.24493,317.52844
156.37465,286.42706,272.5277,326.91537,314.46405,286.6099,235.18134,282.25128,226.75879,286.75293,282.55872,333.21307,258.10803,226.96753,246.58905,357.26456,313.94934,271.54077,294.53674,191.78177,312.61005,324.77258,241.2534,277.8503,253.39603,226.63882,206.87207,310.67294,297.00507,281.34927,330.6785,265.40033,230.60974,293.54422,262.70004,324.89337
162.38385,292.8617,274.97516,335.26627,291.67838,279.19528,259.80447,292.18665,222.52899,307.17554,283.93103,296.95728,250.27594,239.19254,283.69067,348.29025,313.71606,266.96158,311.95804,206.6799,313.04117,303.235,250.25244,234.41226,262.0276,222.48192,225.17194,302.92368,314.0146,277.1055,326.3901,268.0514,233.0341,292.38647,275.5359,328.30414
162.6583,302.30048,215.30563,358.6793,325.2185,292.04068,248.29947,314.84814,158.85837,315.53345,298.05746,257.80362,247.38309,227.65695,300.7441,337.18243,303.8998,268.87677,338.78677,220.35693,310.4025,240.42242,247.13301,260.94476,295.23544,237.88983,224.99283,289.42035,288.42963,285.49426,331.08594,274.32755,222.84494,329.5335,240.00497,324.5996
211.35294,317.37238,249.4288,355.84518,284.9599,290.05316,236.4527,316.17285,204.33597,332.52365,279.2429,263.5341,238.87411,208.06575,307.4425,326.97852,289.80066,226.41429,375.66467,233.95023,319.55887,285.29138,259.24008,301.03427,289.77698,233.091,223.99088,283.1466,270.3812,264.56073,331.89676,269.2069,227.98701,315.48956,274.412,314.7638
213.04901,312.53552,254.63391,323.6978,309.42203,288.1038,250.09679,342.13507,167.08627,336.91635,288.36096,288.97235,236.23392,238.43332,290.67593,322.3371,278.89026,245.84273,361.2235,248.09448,311.1107,306.44928,277.62762,284.53674,292.35675,211.06334,237.28625,279.58545,233.70505,289.69733,359.56265,259.28442,244.58212,292.869,275.28058,316.8848
212.90817,289.7177,279.9834,351.7968,297.0231,305.1748,275.0202,360.99393,194.89719,342.1687,290.32095,299.20276,243.79453,230.60532,305.5576,336.59384,278.99762,274.39966,370.96997,248.54195,307.4007,297.24652,247.32875,322.13458,259.82416,203.46715,244.5166,284.0993,252.40594,285.94318,350.85864,265.88025,243.74728,293.42957,290.64014,319.87238
210.88728,282.65402,280.92993,334.48752,312.2029,323.50018,305.71005,365.71243,210.84647,413.34293,296.08984,291.65344,240.86511,234.93797,292.944,319.85593,279.3828,280.98563,343.68234,252.7425,300.80472,286.94354,248.20993,320.5208,254.70485,204.7166,252.52205,286.98337,272.4824,296.44095,361.4413,262.3873,241.22806,282.91003,299.68994,317.8038
205.57433,277.3268,287.5989,349.44193,270.65585,301.28296,320.7476,353.4855,240.16376,401.02234,342.6038,314.14194,238.84967,259.68832,334.77386,309.05637,314.27518,277.7984,331.04883,244.76828,317.06848,368.21347,269.0531,224.92676,283.01636,216.42491,242.89127,286.22668,289.8847,299.09793,361.86554,259.3811,223.2055,320.63528,300.82047,311.41214
208.32549,314.70886,324.86713,380.57123,299.43765,314.49908,346.65366,357.79993,244.83215,455.1623,340.98587,341.6652,244.19382,250.46132,322.6515,303.91382,329.83765,212.01453,381.52917,261.99622,296.2248,340.67703,252.57631,272.53702,275.75134,242.32896,256.32568,266.93298,295.8092,310.23535,354.92072,264.50195,240.44562,317.72717,283.27145,333.27393
181.95523,313.86194,327.08255,398.5838,342.15283,320.9195,359.91492,366.14612,247.7218,435.08154,324.00577,326.42273,257.8098,253.35927,312.02676,271.1275,336.21463,195.28241,369.93332,268.4226,334.06793,266.11963,265.52902,305.93262,255.8955,248.11053,247.19562,262.4974,294.45636,312.34967,352.7849,271.52368,245.03824,324.1904,293.15298,338.97128
173.00603,302.35156,317.07962,367.52493,333.76065,325.07874,323.01074,375.55408,241.36931,352.83496,336.93597,307.39944,285.28656,254.671,309.63223,278.70764,318.5539,206.22305,400.57578,268.07504,358.14346,310.0761,259.7586,274.49402,256.91962,245.2488,226.93361,279.1125,312.90012,314.3754,351.4249,264.7394,244.22571,327.2057,302.1643,343.38327
165.41127,306.20862,318.56995,343.11383,303.83875,327.3764,322.21198,380.69885,184.4685,375.00854,334.1134,297.84207,276.9896,258.4146,254.35379,280.61768,315.5827,228.75499,386.92258,275.88943,324.66675,334.8101,277.0104,253.29697,261.87057,244.58017,247.54515,281.97192,292.4431,288.93597,344.5131,262.28735,251.77223,323.66083,309.05505,340.17334
165.23889,303.70688,302.972,349.29327,321.125,315.43512,310.9017,407.98492,188.52974,419.99176,309.334,318.97214,293.9461,262.14563,385.39587,248.11383,327.92822,237.42319,405.10846,284.57224,357.2027,395.2968,280.30005,288.27106,247.90558,234.83238,224.2097,285.39832,303.40176,287.36646,336.99368,253.19284,280.50778,318.6066,292.6322,337.35843
161.92807,325.18906,261.3709,329.95227,337.23117,325.14944,321.98102,435.90054,228.69186,449.9275,320.14536,346.5576,298.93484,256.34473,406.22226,260.5179,320.73724,256.9581,405.46646,293.06754,371.44513,325.55048,257.97922,291.00058,257.51553,238.90866,201.76346,323.00092,302.20273,294.04654,330.77057,256.535,277.50122,307.35654,293.4886,338.65698
189.20213,315.17285,277.80927,316.0351,308.13055,313.23325,323.81635,414.76334,240.20462,415.17188,320.73203,302.49902,292.398,233.94315,388.39456,264.385,312.98166,268.5044,395.81738,288.80118,361.57138,376.49695,274.25592,334.2516,258.9308,239.30272,210.28333,321.88806,320.7793,292.72144,331.25568,259.12607,275.96185,311.81506,301.23645,355.7657
186.00575,314.81076,298.2006,336.72665,299.86362,324.52228,322.12762,398.24347,249.36093,410.6598,346.55334,245.99957,269.1929,259.19785,377.3237,286.67865,340.2628,272.03812,339.95883,277.85712,378.52808,372.48395,277.36127,303.5911,247.14551,239.80449,224.83551,321.7057,317.6445,310.8647,368.0293,260.18356,280.36066,308.0951,307.0769,352.3238
160.7974,323.9094,296.11282,335.90533,306.27225,375.10956,324.6234,348.63736,250.59506,389.50543,343.94727,304.20325,266.02045,271.36407,360.86877,292.86594,327.51367,313.73895,376.8709,292.03265,387.46753,357.49365,281.748,262.44574,263.84662,246.91692,235.90356,321.46082,323.76767,315.87302,327.09122,275.90018,279.19208,305.6341,296.2885,351.37115
157.08717,314.01248,291.736,293.36414,336.09348,352.1935,364.56082,348.41913,244.44934,408.22336,367.46887,323.6142,279.47678,249.24142,356.63348,314.89328,351.46353,295.13223,377.64523,281.27414,397.22232,320.58084,245.04077,292.28107,268.05057,241.10922,250.82764,313.97678,307.878,321.49234,326.88782,277.3564,278.7663,303.75208,286.40533,325.98425
140.24886,309.6332,312.71436,298.38678,317.51764,320.84073,341.08398,362.83838,275.77115,434.76953,338.39917,317.67752,285.5085,247.04483,372.55008,316.5218,349.8554,288.33594,363.0645,284.4786,379.32364,339.15887,269.41473,323.77454,240.63364,241.3803,244.8552,301.53354,300.94843,314.05768,333.15552,285.99893,281.25375,340.3012,282.69382,325.92914
147.70728,315.20688,319.8182,343.207,337.42636,373.51886,344.94296,367.54346,233.83441,436.44257,363.84277,336.17902,275.67337,240.08557,338.01312,322.9637,333.68304,296.85944,362.8956,282.42725,376.80603,336.4433,266.0786,269.39005,308.21515,224.11496,240.69109,283.02567,302.3786,318.72668,325.9753,282.80173,277.9588,295.06488,251.4918,334.70004
144.77759,313.90207,332.66907,334.94055,265.049,356.50842,341.83658,366.45096,242.46158,422.8836,363.99982,319.50592,286.011,220.44281,344.36,312.76935,320.96863,269.74152,373.95703,271.15936,329.37628,345.02557,266.18112,290.79095,305.68582,229.59015,257.4994,286.25247,293.71646,328.2221,326.7573,278.51212,280.10754,316.58725,267.2462,348.77036
154.62527,327.9319,363.90497,335.7514,322.09512,339.07733,310.18893,381.17285,231.29681,482.3719,330.8447,332.67316,289.84937,204.45139,346.1424,293.06357,306.69983,273.65125,410.01678,250.82747,378.63083,345.07474,259.73853,290.91864,360.40625,242.57436,249.62772,284.5027,294.55255,304.8656,327.96613,277.42032,259.21704,312.51776,271.43018,341.60345
144.59497,339.7435,345.3642,338.63898,333.40662,399.72437,303.52002,378.28876,247.07005,450.66055,350.94037,331.13153,282.93463,195.01682,344.70212,296.53397,301.8301,274.1097,335.60278,261.31723,401.21405,291.57727,277.512,287.14948,346.5867,243.90686,242.42577,286.94168,286.49963,303.05045,342.564,272.3457,241.82974,328.28384,269.4251,335.77554
144.60858,331.16666,344.60663,364.59882,255.68115,365.3951,268.6235,330.11914,250.7101,408.75037,291.12964,314.75638,272.24536,212.73569,310.83844,305.71774,332.27158,280.66003,326.70612,261.84167,394.37207,345.0056,280.9531,284.33466,343.93533,245.02855,238.3196,293.18875,288.34912,313.6695,325.70197,269.73328,247.19125,316.5971,280.65048,341.70193
133.69972,339.4817,338.76514,344.04996,353.1037,358.44858,292.99115,338.45425,264.40408,387.69708,342.6926,325.6748,267.8639,236.96149,301.12027,316.84012,320.07953,266.9955,315.79056,249.99562,352.2273,335.22794,241.551,307.4851,351.30743,240.99019,239.14944,311.42975,272.58597,303.31223,327.2937,262.06567,264.2475,288.40533,283.16257,346.20557
133.55185,347.25693,361.85406,378.76675,338.3209,338.37875,326.3819,363.19345,258.7973,385.15118,341.4687,339.69287,282.95328,263.7619,285.9889,309.02472,325.9356,304.55167,332.4454,260.87595,335.9688,323.66675,246.66287,280.79285,389.53586,241.29382,240.88846,304.29294,283.5541,302.142,326.40567,273.32642,267.69275,285.2862,291.85104,348.75287
133.4945,344.9943,354.2571,350.72,360.72543,353.75946,328.0444,374.21353,284.2591,370.50677,357.9816,338.32117,274.6705,253.3588,301.42755,322.0954,323.61307,295.59338,324.81244,264.45566,345.55826,337.42694,235.19077,273.04797,376.95468,242.98071,239.71317,314.21323,275.03067,307.45807,338.44232,274.18246,263.07492,303.6018,277.82574,337.4613
140.76312,324.67853,343.60004,348.33582,333.74655,353.474,314.12137,352.59576,277.7356,361.99765,338.74323,336.6211,261.86523,261.89618,311.65887,284.14673,355.1771,303.84573,327.32568,262.4319,350.3635,412.8816,222.96542,288.82916,352.435,239.97128,227.56462,310.01477,277.26074,306.51898,333.08533,250.19354,268.26288,264.31247,288.09784,343.8139
148.10144,337.52368,330.12994,315.0707,298.08344,357.5697,328.07605,352.8742,258.93726,393.03235,352.44742,359.19415,256.77225,282.01587,314.02283,292.4295,364.50586,308.93576,333.54596,258.92877,357.97775,371.28583,230.41916,304.05957,341.6619,244.43442,223.65665,303.6386,293.59073,295.16473,331.66116,249.99689,282.18182,265.71005,278.6538,348.6164
147.55354,338.27112,317.27637,329.04227,262.68945,355.37405,311.86435,356.4333,272.58215,376.8585,349.65414,328.4131,260.30865,304.92725,231.58002,291.7945,353.76715,329.74817,344.41043,267.58984,323.7874,364.94824,219.03935,285.03522,322.013,241.57764,222.55959,310.02002,290.96747,317.73865,327.4519,252.90485,280.91412,266.85605,270.1432,338.85306
130.02438,364.50583,286.62054,340.1462,310.07733,328.87518,299.43018,352.7968,266.82462,408.61133,353.76773,363.83417,260.14703,301.45807,246.77597,314.1042,352.944,328.91858,346.1459,266.7814,343.90823,300.7741,245.0749,308.37827,313.11484,242.37274,185.63484,318.78165,291.72565,303.569,349.29147,266.35397,284.27924,276.84656,304.80447,348.53864
154.88326,362.6474,268.47632,327.32684,312.19614,318.4518,318.17294,392.16675,274.6512,381.1453,374.32495,321.1755,277.07053,292.38715,239.62198,316.9841,352.4812,314.85492,341.90958,275.90158,357.18243,351.29416,253.16678,313.18317,295.80695,247.31601,205.6432,310.66547,304.2284,301.9465,341.53094,268.24307,282.76303,275.825,312.19846,358.5406
133.87292,396.48148,255.6628,348.1886,313.2224,307.72217,301.36597,381.51807,258.78128,376.6798,363.74878,335.21875,285.76154,268.79407,266.8732,336.1766,377.40033,315.46133,319.51373,252.6944,385.1609,359.01727,224.48218,318.97375,280.91815,251.19083,220.34822,305.05548,302.99896,304.22784,333.67712,267.10648,294.96686,273.90912,311.9469,358.74185
116.907166,382.07416,263.92822,356.08112,327.31183,390.98853,312.6286,383.28824,265.48306,375.03128,339.9444,340.59775,259.97656,285.97363,287.41336,349.39032,391.78662,306.58694,311.09415,254.93877,380.33752,338.02817,223.51923,313.57367,282.9046,252.0949,230.64914,304.35913,293.10977,306.3435,328.59247,275.15887,286.5264,283.81763,319.05615,348.8662
117.58802,361.30634,288.3275,375.0776,346.69086,348.5926,298.7872,377.29648,263.7755,356.4505,338.19446,351.78622,278.72836,266.56598,307.3156,341.7495,371.08826,307.55658,350.43396,267.9219,380.2246,368.01825,219.17534,308.60355,286.5596,274.64157,234.73425,307.44952,296.5906,307.79922,321.1201,275.33963,281.7841,278.43637,327.6329,340.7646
118.32135,353.51904,302.6377,358.75977,356.38367,343.71265,316.45773,410.26367,224.8899,347.27975,348.99857,360.5142,282.36224,290.11264,311.1745,342.78592,363.55927,320.0553,338.18713,262.18375,390.85602,322.31122,228.78084,313.87537,288.81387,275.51782,230.31607,347.9284,288.6626,303.19894,307.71283,246.01627,276.468,275.25497,337.26324,331.36633
118.666435,344.13232,307.23047,363.63876,335.6884,343.982,318.76788,390.19986,230.98965,366.17062,321.65546,349.802,277.46655,304.58917,322.56018,335.28296,345.00763,340.60632,353.9287,250.36201,393.9817,339.13464,234.58412,317.43265,284.53662,255.87451,242.3608,335.34113,286.526,269.6872,315.31537,258.1579,273.44,282.00287,312.46628,319.33078
119.26217,350.14166,307.68637,336.7137,316.00668,346.16656,298.23523,390.3193,194.89633,376.5849,308.10712,339.16766,277.56543,295.8141,316.88464,301.42444,346.97534,343.4363,335.63388,249.45029,403.31848,404.8236,239.80023,295.01624,289.75308,258.35324,235.20897,340.10852,287.7485,266.82596,323.5975,262.72055,277.6388,279.55347,319.36246,313.6211
129.08546,364.21515,304.6115,333.2487,297.25568,290.36426,319.65826,374.576,177.00354,345.22736,366.4277,360.23132,277.99588,304.38495,305.41794,274.06964,349.30316,378.7392,350.24594,265.5063,411.01556,340.31747,254.95161,288.8376,314.0861,260.16055,242.1053,297.48328,278.28522,261.89844,328.3575,265.28394,275.47253,276.605,316.9314,306.60345
136.19785,343.24225,308.31152,319.30426,317.43396,315.63007,314.7424,371.99576,195.10782,348.37552,342.45734,320.57062,272.26166,308.0284,320.27902,303.20764,367.33722,343.11902,337.60638,282.14166,345.44675,309.5308,246.48502,281.46106,307.87134,237.76251,234.68616,295.63345,287.66718,255.90659,326.3099,259.966,291.078,273.09793,316.79755,322.5423
137.79416,343.98273,306.53027,319.95694,256.91553,319.67783,328.63477,365.5961,215.10718,350.42245,309.56247,304.79938,274.3215,293.69208,318.70853,305.42557,363.2595,366.1991,328.74454,266.83643,349.46597,315.1748,244.51236,270.7558,283.18335,242.4467,214.94295,293.1416,293.27783,263.5586,293.88748,256.05206,286.2007,274.23715,340.6589,328.91275
113.838234,332.2951,316.6181,338.99377,271.0385,320.13596,309.21832,367.73077,227.22934,335.7574,314.26355,304.6729,270.60797,278.7254,309.29697,336.29144,360.7265,356.75635,320.73947,266.84518,364.02423,271.46063,243.26407,268.81705,279.57068,248.97734,228.58588,299.40387,283.80676,281.5483,279.97488,249.25476,310.07294,277.18988,345.55405,322.6626
122.21884,334.19592,310.46155,344.5032,323.6073,310.69788,290.16724,352.7243,189.25266,307.65533,322.19003,301.65802,267.56232,284.60266,296.94202,332.17902,367.45065,371.83228,305.83298,259.1272,350.75967,290.5191,244.68001,264.60718,282.3882,249.56409,225.76613,294.73776,305.85526,295.24966,284.9724,248.32812,284.9554,275.8576,328.32812,317.94183
113.33516,336.46936,298.4385,313.96216,239.99377,307.34317,316.08548,357.51352,201.35507,353.8933,293.76135,299.62537,255.13419,287.70078,305.27982,322.76413,388.6448,356.26328,347.29944,262.34937,349.48877,309.51184,248.33765,290.40536,270.14685,229.22734,198.17197,300.37085,293.53192,294.26483,298.76846,254.98383,276.58884,274.6115,340.58783,329.1258
105.08338,334.3847,287.26758,308.97235,298.3856,301.505,319.09332,369.88748,205.01212,372.85498,321.0943,307.7217,254.46109,298.2493,263.52887,339.92978,374.83322,334.03802,356.52014,235.72125,360.85947,320.67923,247.8677,257.62997,276.17163,239.2095,202.08418,333.59082,276.02716,294.33472,302.30466,257.83524,301.60376,262.17657,338.9402,339.48676
102.29142,355.86807,286.1585,293.1473,308.58124,298.3579,340.1091,371.66156,219.72128,340.4674,343.09155,314.02875,252.51056,305.53418,268.53412,323.34164,374.87506,321.65024,368.70016,258.68378,353.12195,309.54736,253.95454,318.8266,270.2605,263.52762,211.76329,331.19174,281.07278,280.16855,315.35223,252.48758,312.61798,273.45364,335.64545,335.602
99.34671,357.56183,256.17123,286.1966,316.56137,306.91296,313.95047,325.81174,239.5297,354.45926,323.4267,301.77646,245.99356,302.79166,259.25522,331.50485,360.0551,326.93747,330.54184,246.09288,335.46744,305.8865,255.83609,270.61725,287.0487,259.8188,213.42078,323.05975,277.685,284.69873,307.3073,257.86932,308.429,279.17975,321.15137,290.55603
93.95785,324.45465,288.66977,269.714,270.7184,300.8442,328.12256,319.2005,254.11322,347.28787,297.08838,217.64755,267.71356,287.60803,270.6775,319.32877,347.939,334.75833,322.4507,258.1518,350.01917,260.47052,259.76785,280.12592,276.01276,263.10007,218.91382,296.9334,276.27246,285.36386,305.0779,271.64935,307.44278,286.95413,320.5677,293.31882
104.15506,350.34964,293.33975,254.50336,267.94165,296.12048,318.43988,339.58337,280.3598,342.36615,352.7752,248.22089,216.58977,298.44495,325.401,312.70392,346.90662,368.2424,272.07935,270.28336,328.00827,342.65942,197.55235,295.30106,265.67365,270.06033,225.56007,290.50284,271.52582,288.85123,272.08755,263.68475,298.3602,288.57184,320.71863,305.73508
101.68117,316.08957,294.69934,284.46582,292.8944,348.3688,302.44678,341.2433,266.71848,362.25458,363.70087,285.14682,249.38487,303.3317,320.78973,313.94278,329.15906,351.8264,243.94672,271.60876,314.31705,311.33408,193.66791,295.95352,257.1166,290.38846,229.4624,268.88385,276.78235,287.0221,278.75363,260.5628,294.6258,295.39664,316.82288,303.83737
110.029816,326.01007,261.43045,306.5813,272.92538,310.65982,290.06116,352.9305,248.35353,358.14896,345.83493,289.0453,281.7657,312.59418,336.02002,346.11783,322.83282,379.35297,255.89288,266.81296,323.77954,295.116,206.55911,290.49445,253.57048,289.73718,227.86465,258.3047,266.07132,288.84903,288.92444,249.855,294.22913,316.00314,338.75623,316.26892
107.91281,308.52707,276.2858,282.5114,284.815,355.52203,302.07748,372.23758,252.17397,342.60223,349.18375,285.75623,275.4785,299.48383,336.92188,333.9869,341.77652,366.72415,253.43828,260.60382,347.70615,259.7925,203.79916,279.77094,261.78604,285.1573,238.91144,256.83966,258.30304,288.42975,280.01022,235.05476,290.49185,303.9769,334.09225,318.04248
110.92215,338.02182,271.63074,299.59866,234.6,374.45578,299.95117,365.88782,257.2318,344.9262,342.66562,281.2508,286.3048,280.39194,320.40527,317.5976,332.17813,377.6909,249.4667,256.4761,353.6853,232.52394,207.33527,288.94003,265.57785,279.83585,230.16011,254.7883,262.06622,282.43417,289.40744,213.54645,287.07632,322.3305,328.55298,277.71646
102.04511,330.96048,275.66098,295.27258,292.41455,325.78113,291.8511,366.6008,249.6489,362.04004,316.25903,295.10242,278.10474,251.83006,318.7867,302.84927,348.68036,364.67517,239.55951,275.7086,326.98883,309.18805,223.85017,276.9266,238.11295,288.73572,207.08646,254.06328,260.84955,282.9356,285.2287,232.83847,295.3655,300.9475,324.94168,283.7563
101.190125,326.44373,285.07986,314.30353,320.5276,312.7289,257.79825,373.85162,249.72864,351.8441,354.76465,293.03683,277.0462,256.27612,316.64548,313.12585,350.13327,363.4602,256.57877,262.6997,298.29443,266.48816,228.74866,273.6911,289.49503,288.8761,214.92424,257.17276,260.24896,295.38846,277.90845,236.64452,283.75995,296.2069,329.03964,283.20944
107.19499,298.45618,273.12494,292.11578,300.0659,300.4138,276.59143,358.9925,252.6619,345.4579,329.97168,280.61206,247.30542,251.06464,276.7048,307.38495,360.4998,357.92273,298.8907,259.10522,318.64322,301.94064,232.79916,291.75385,288.72668,286.7926,220.05127,247.65178,274.62396,291.25635,300.4489,237.5286,281.8413,303.6058,327.20514,274.40363
116.657684,298.09457,278.07648,282.386,293.93262,300.0108,268.7201,362.6147,245.4018,377.63138,304.0785,259.9188,249.63441,239.99734,275.49948,323.20343,360.24338,352.22485,297.37717,258.09558,346.93,315.29868,222.9674,272.93634,290.43298,283.24997,233.32292,255.28593,263.46252,289.85898,337.8418,226.66415,280.4546,305.0976,323.46948,282.44162
118.70896,306.3917,279.5458,276.48325,270.8371,304.82095,242.72116,366.52325,245.85919,433.93213,355.88916,300.7592,250.38211,230.60028,285.52905,319.17352,368.72617,326.3772,287.47125,271.04855,358.4259,342.60345,204.28079,277.9953,291.83847,278.19626,227.16145,257.78198,277.3013,289.5081,360.48944,241.4471,290.53647,323.7367,343.4177,278.30896
125.41946,308.1084,262.48068,298.1353,298.85623,289.49023,269.5742,396.19904,261.3248,412.60217,358.9726,312.47525,274.18134,209.10101,306.77448,312.8402,388.21677,318.979,280.63312,262.6295,354.3362,330.3303,193.97975,280.25912,277.3125,272.30548,263.52475,275.8394,290.99316,311.20172,360.35883,239.91861,291.24396,316.97107,328.61624,294.29645
100.42674,303.23907,269.4196,286.9606,319.75146,299.2401,273.73755,401.6837,239.76663,373.6593,337.92075,308.07626,276.76764,227.39581,249.97006,314.0912,368.893,329.62973,257.09033,265.6436,362.63428,336.75876,207.43459,277.0763,265.8184,274.71762,262.16162,238.32007,304.3611,285.95657,366.01953,244.41637,273.1221,273.288,311.69366,313.14398
91.28346,317.0342,275.14673,304.07834,275.33194,298.7714,279.3645,390.698,239.77089,356.6523,331.96988,317.1666,279.53308,237.007,262.39847,307.24432,356.71158,328.91644,274.80182,265.72354,359.48587,326.49167,220.70738,289.81567,274.1921,276.2057,253.96605,232.45227,308.12482,291.48987,349.23053,239.57843,270.26254,272.3021,293.76175,320.34784
84.07855,313.47754,278.2862,332.7622,271.30463,343.57895,305.87415,387.49265,205.1142,359.294,330.31134,315.40054,260.01743,250.88058,285.42044,308.69412,352.03052,325.11865,270.30005,270.3737,356.1128,327.6795,222.50854,288.52942,296.37537,268.30518,243.5561,249.96434,307.73666,306.42935,330.71396,248.1459,241.99318,231.83316,273.71744,318.24628
83.21841,299.4099,277.5478,316.9524,336.00082,324.85202,323.21213,379.76926,222.74954,348.41302,274.77484,311.15634,228.32358,262.01883,242.91757,299.78726,337.01477,321.30246,276.0848,276.4483,368.09583,312.88538,224.02211,323.56287,291.936,264.4401,219.66534,279.17572,300.55597,307.0366,332.65634,258.3233,232.47255,256.52954,284.91083,314.4443
74.53996,299.55164,282.28314,333.2879,296.0938,312.46588,287.293,328.2089,236.4389,349.82196,334.3377,292.88345,230.20325,278.9746,274.70856,265.85577,359.83508,318.8592,271.20816,260.17462,357.57047,281.60995,222.74963,311.65372,269.72516,261.95108,215.11426,278.26654,293.63098,298.66092,329.62344,255.50922,240.12997,247.14359,270.88327,308.22424
76.3168,314.90863,267.40173,344.86597,256.3646,304.7328,282.18515,340.1905,253.61165,408.91174,336.15558,291.23712,228.64926,258.43448,259.728,265.96365,353.73895,324.947,263.15613,247.37637,352.45648,305.21878,243.3476,317.5142,271.46643,263.9875,220.35696,321.5342,287.73993,287.51852,362.43243,254.45093,238.76448,254.97809,283.48398,310.77155
80.92854,312.54034,274.1878,375.17566,266.45117,381.2511,291.6214,340.68933,244.07639,410.64215,359.8202,308.20404,228.91533,253.53864,282.0675,253.34344,366.49857,318.73715,258.2203,246.3112,358.2823,281.85382,231.03943,302.11658,273.6884,261.32556,219.70552,314.84634,305.22986,283.4458,360.20233,239.64014,232.89465,258.2339,280.9346,319.76776
90.155014,309.42752,275.91653,388.2073,329.8749,340.09723,289.3903,344.22287,237.24445,414.80054,348.77945,272.9353,181.51799,267.0361,300.1373,270.62405,351.7922,335.19833,247.64319,234.09569,360.01154,323.98355,241.7523,295.1426,283.2596,254.55748,203.10814,323.8772,307.08252,282.61572,358.0653,248.32578,235.29733,240.41925,275.7225,305.45026
83.56505,314.20224,277.58456,353.28442,355.69098,306.04095,284.63647,357.69885,244.79532,404.8155,341.83136,305.2137,207.10106,256.0776,342.63803,265.23444,351.41217,348.44986,257.158,245.50821,381.84933,302.6746,237.07578,283.68402,331.12363,248.0636,218.13329,317.2877,311.5051,283.0856,335.4519,254.40668,220.0358,250.13367,280.39578,342.2827
85.61177,332.56012,284.7363,336.63614,326.575,321.44495,259.89438,342.9375,242.10904,380.7976,321.27368,311.30804,218.58818,233.13742,335.9551,256.30475,354.0223,342.51892,257.89206,247.13773,326.4252,246.67142,228.84302,311.2398,319.95483,269.0072,219.60507,329.487,297.92712,286.8497,285.33386,258.5951,237.32285,255.10165,275.2463,351.6958
95.80994,323.0716,283.3035,356.5771,266.7397,332.0917,263.9689,338.59375,270.54486,383.38715,307.70273,286.37033,221.38277,206.88377,326.3318,268.90155,310.05115,373.43237,254.49121,243.6141,332.72412,311.22766,252.05524,299.80405,314.0094,242.63052,221.90848,326.60535,287.85406,285.30695,285.97504,272.49472,236.50516,250.49457,272.48083,353.49237
92.666695,327.36554,246.86772,318.7754,330.32773,320.7804,289.26456,370.11893,222.02701,355.61798,357.41193,276.9524,224.58109,216.15102,292.79303,270.30463,276.71057,367.94183,303.02545,241.64276,346.87653,326.52368,244.1687,291.81857,302.7557,232.06291,226.81372,309.5168,271.00397,283.9432,277.89517,277.0872,237.50656,250.8394,284.57562,349.3156
90.865814,319.41675,277.10117,347.62204,281.93958,334.57263,317.2291,366.25934,226.76791,348.4852,311.56592,301.67435,234.25732,232.95302,294.15167,268.99973,284.18387,365.13443,318.56924,221.65909,361.57156,315.3775,259.22858,295.92996,300.09344,229.41475,237.78986,304.34058,284.4469,296.3082,279.57355,274.67752,245.16684,262.04813,315.2267,347.32056
67.751625,319.3019,288.88782,336.81802,326.74103,309.33542,328.24252,365.46954,243.72786,348.50937,342.10822,295.3678,239.27017,247.28955,305.70822,282.23364,299.746,354.76218,343.55423,226.71457,355.85944,255.29558,270.94714,293.3438,292.95502,238.32715,253.41971,296.0339,279.4627,309.28806,283.82245,261.2612,246.83896,270.62048,314.07684,347.2301
78.93893,317.12366,224.48578,330.8178,311.82568,313.6624,276.37265,373.68378,238.5632,328.75546,335.2736,273.82144,253.23773,222.97786,288.01065,304.1206,308.80466,352.4384,333.70273,233.57303,334.12976,277.79483,277.8184,268.50427,297.23312,244.529,252.3411,292.971,275.93668,305.87683,277.31216,256.2414,244.34135,273.2362,318.20462,345.91852
88.740425,291.28424,249.91553,341.40393,289.2199,308.28906,284.16794,377.90524,239.37619,402.7387,319.0757,193.51337,256.1751,201.39633,314.1459,305.17682,324.04956,352.07843,328.00467,233.88454,322.04062,319.5047,269.705,291.63538,331.7818,238.80876,257.31076,282.60367,274.49826,336.62054,288.5744,257.2228,250.06154,235.22835,331.58334,349.0948
90.11774,301.02585,281.2779,355.79352,338.3206,307.99722,285.46924,375.4868,199.87915,393.0111,244.26312,319.04355,245.15186,204.29195,314.76263,299.73654,329.08112,351.99603,315.18726,225.87169,340.0824,305.3295,261.56116,318.16537,318.80008,220.56647,255.40222,295.56027,274.99786,325.82648,293.73157,264.04453,255.02498,233.59883,327.03107,333.2871
100.04582,289.3633,289.0093,328.87204,310.5823,274.64062,279.3338,361.7224,202.73776,365.4485,327.48434,310.20032,243.66891,221.21854,319.84714,299.56445,355.40225,301.18005,312.173,218.10918,363.61255,310.75412,260.6528,322.20526,300.95544,244.48666,255.16487,273.70526,273.1248,340.94562,316.5367,248.38562,252.70898,200.46144,335.0716,334.70233
94.483185,286.53244,269.6031,321.52017,289.70816,299.89447,256.6384,354.40796,206.87872,353.434,271.4898,291.8147,240.6759,203.80347,315.74448,297.4215,350.0473,301.30316,316.45123,242.42548,358.40585,289.79672,237.69707,309.687,298.04208,249.18843,231.60156,275.21317,281.4307,336.58954,307.98526,241.41464,250.5528,182.47243,334.14166,342.8698
70.08075,276.97595,266.8181,353.5209,310.95148,321.71973,281.79922,352.34668,216.73921,363.38876,300.08112,293.37003,242.7047,204.51192,301.12955,305.98785,331.6467,266.79352,306.74026,252.75998,350.82828,241.26215,227.56065,322.94254,289.79926,255.03188,232.52725,286.78516,257.83264,324.1437,299.91953,256.4331,251.08344,150.84624,332.65884,321.9702
62.495777,306.26227,266.06256,290.22397,313.7775,308.3085,284.78656,349.50623,177.41937,341.25012,305.93378,278.20953,245.56485,236.47777,408.0293,311.0824,286.33463,263.5717,299.0956,254.33981,334.90024,280.44382,216.49979,323.47827,294.40317,252.28653,232.64586,281.29047,250.41292,316.05707,251.89807,263.08914,245.07812,170.26094,325.35706,317.9683
73.10853,317.80798,273.14307,270.52423,269.1811,320.31708,278.95786,307.8853,189.57463,307.63312,302.12888,236.14691,246.62845,218.0162,346.166,318.38492,301.42133,275.90393,292.34634,249.07831,326.39212,294.30334,219.38736,313.80698,280.4618,257.11566,230.44106,279.83902,246.51746,312.2555,272.4831,263.97107,231.55743,187.20451,295.758,312.92044
50.051376,319.1836,288.8961,257.20657,246.57457,319.46964,281.09528,319.71304,201.80379,351.14117,297.99536,272.0351,255.75279,238.27951,311.26834,312.70596,294.08624,264.91696,311.59613,246.21207,329.0426,210.72496,216.442,309.868,283.28583,260.46216,228.00473,273.99036,252.7969,306.1031,281.581,271.36685,205.8636,196.23318,292.16498,307.35477
52.146896,319.75476,281.4136,247.46481,201.26611,315.7513,277.36887,316.40637,189.77652,338.46576,318.51428,212.00378,240.36115,248.20068,292.116,289.29794,283.3614,256.36237,302.6241,227.57332,313.6673,276.63693,214.54532,251.35233,284.14426,253.0675,229.97499,279.40475,258.2484,302.39417,287.4547,264.48434,205.16147,208.24445,299.7132,299.3614
57.27433,306.96527,316.40128,297.3191,265.04987,263.4959,266.58875,321.5628,198.90947,328.25208,325.026,252.2345,234.76785,259.76962,298.50995,282.13144,286.74948,235.9363,296.8239,214.4574,274.25436,286.92648,214.80905,272.42883,327.92007,242.97115,235.33289,278.8402,253.05219,323.69867,294.84448,246.6952,190.38773,205.12183,326.90027,298.3009
60.617622,310.22974,306.07718,314.27298,262.3298,300.0791,272.0659,329.15765,207.42496,320.56506,255.02744,274.42142,230.27667,237.42404,304.3526,284.4909,279.23132,229.36394,293.046,246.4234,282.03973,273.0386,210.41943,262.33426,319.6614,216.27705,237.04793,248.56969,260.89633,314.7604,291.72073,256.26785,194.65936,200.91989,315.61874,294.84375
59.79593,303.32706,271.29242,306.1944,287.45157,312.33228,248.34335,323.4065,207.86243,351.19006,297.5131,270.93225,233.66432,226.17136,287.87704,278.11044,279.18863,235.85675,341.11978,246.25186,260.11234,248.92374,210.91939,293.38873,306.83368,235.6926,246.4789,237.04921,249.0055,308.18958,285.13403,252.44243,209.90112,208.37482,309.94446,283.01068
61.81162,298.1294,273.65286,302.11945,263.2623,250.163,258.85986,296.69553,228.85608,371.4872,319.03354,259.6693,237.19565,223.89557,268.37595,284.3874,293.95514,244.29367,330.11533,217.62349,275.71207,299.43243,220.89928,306.0672,321.08173,227.21289,226.95122,246.38577,252.15755,303.9603,277.8818,253.6584,194.96793,193.6398,309.38406,277.68936
57.222656,316.55624,277.59412,300.74173,226.0115,282.6922,289.37213,254.67773,208.8353,358.65253,309.3087,250.72186,245.72504,230.02985,275.20227,280.8637,321.15308,252.62885,315.7995,205.02414,313.75543,303.64008,177.69058,277.2514,301.094,205.72025,217.44264,255.66742,246.34007,298.26675,277.89972,245.14185,176.71545,196.07043,307.41357,263.99588
34.391064,315.8631,282.48856,333.53384,279.9763,286.21216,283.29846,261.0118,206.59784,293.31598,289.92093,264.41776,245.8588,208.7817,294.2893,254.53241,338.22778,263.4306,319.51593,206.24951,351.43912,276.7312,185.00792,326.80475,296.9342,213.77084,213.38113,252.65646,243.55447,307.17966,279.84,242.00182,162.8256,181.00735,285.7331,257.01297
37.9654,291.76254,291.6468,303.11914,304.06415,273.96625,269.28177,263.37515,187.14407,324.7483,273.1908,188.56104,242.11018,187.65411,283.68146,258.08337,319.55267,264.75473,332.65912,140.10179,289.17053,285.2989,162.8586,311.0455,284.61603,212.38249,189.1958,251.7673,244.79567,296.20398,283.2564,238.02267,182.40663,181.88736,258.73276,268.8385
41.382065,286.289,245.17824,328.3036,236.98505,292.18176,264.61194,275.79367,193.60329,298.12573,296.9256,237.90625,230.91043,171.03973,268.85803,237.82303,326.48035,264.85657,325.1836,166.48016,327.7259,266.33206,199.30426,313.4871,282.6696,212.69052,182.9328,237.67151,229.4064,286.72226,266.0804,243.15068,183.25797,181.03497,258.67117,274.12112
48.28314,256.13605,250.31065,334.0167,265.45322,231.65729,415.56946,282.63846,194.15161,305.9877,232.86497,246.65717,221.5683,171.86855,275.24356,240.51077,325.8956,298.26917,324.59613,166.51833,323.74442,269.35657,211.98209,303.49258,267.37024,215.46844,179.31334,233.75743,239.39,278.7429,255.46393,231.78772,186.5778,176.68141,233.6849,272.45386
60.487724,246.10931,251.40424,300.10437,265.7533,301.91196,343.4287,288.15295,219.91959,325.87646,255.10422,271.56458,251.03288,189.11247,257.36798,242.94891,308.7565,298.72305,271.78586,189.617,311.27353,272.12054,200.42628,292.5499,240.18066,211.08482,185.24348,244.26201,252.32475,283.32083,247.15308,239.68663,191.27365,156.22163,254.5072,275.87317
91.808044,260.7951,281.4284,287.0688,273.13528,253.41684,261.5214,242.3856,181.79926,296.80322,276.6794,235.82138,260.68445,182.6737,244.55006,250.80823,315.61328,289.15616,288.52423,197.6267,265.0934,286.16388,209.3192,330.90588,237.1016,205.73244,187.24492,259.45123,243.03702,195.76843,245.66417,222.87642,191.33517,147.21024,241.40924,282.76605
142.33432,266.39856,263.04944,279.00214,219.1195,259.091,248.01639,252.35439,184.75252,296.4925,233.8753,266.13687,245.37894,165.32327,254.01967,254.37881,334.83014,256.109,301.28415,175.18028,243.43552,203.41171,202.26549,244.48584,242.08743,215.34143,195.88264,250.79407,230.56218,163.7569,211.26169,206.89178,191.5445,154.74861,254.35269,237.2308
115.99904,254.99908,257.53998,265.4671,251.92923,258.5912,276.78445,244.21207,191.0075,284.5713,271.58453,238.02876,241.31491,174.48997,238.94629,263.74033,333.07648,252.24142,288.07687,165.9687,257.02435,271.39682,205.94394,226.13573,237.24667,216.2479,177.15361,232.03159,229.6713,164.40546,205.68677,200.23767,192.21841,153.71655,253.9457,232.51213
165.87288,261.5022,231.93124,286.6645,256.12823,256.97717,239.61856,237.3213,199.01672,278.70532,243.39641,255.37567,257.84225,201.4465,244.44835,284.0006,346.52042,249.21146,255.43079,181.15997,255.85165,268.4386,202.25533,204.64297,217.8734,219.96573,178.75063,226.85413,228.79298,175.42078,195.30301,194.76044,200.70801,185.39777,259.79987,224.59496
214.23584,246.65262,225.68712,268.92786,248.04967,253.05043,229.6955,247.8682,202.74373,221.04227,238.07765,256.78442,249.76857,211.41153,271.2994,283.39752,318.49875,246.16934,308.70135,185.22879,249.48492,271.91077,207.72247,192.54135,224.42862,218.15222,186.10121,225.05609,211.63846,195.07654,187.51309,163.91576,202.16992,189.51796,245.7646,220.01096
186.45847,250.84853,255.45236,270.85162,270.21777,254.46097,232.42119,260.064,206.4539,261.20792,215.29697,293.9055,239.17856,206.76582,257.79282,299.04764,303.45016,241.63928,309.05066,185.15437,271.22864,262.93756,215.6205,203.44545,193.02475,211.87808,186.15182,225.16042,198.92581,163.21356,211.3761,154.76761,208.15152,209.2302,249.03323,234.29936
174.73798,249.02507,242.42136,238.31299,228.32117,327.76477,237.0228,272.09476,211.55872,270.25818,270.38943,269.346,237.13057,213.66586,245.44781,290.15414,322.5245,238.78784,290.2098,192.36203,280.99567,263.95856,219.41643,109.5119,187.23526,208.52046,189.0611,220.58246,196.64209,155.45001,201.74506,159.84247,204.59433,216.06616,255.3091,232.36493
167.7532,247.26004,215.51059,250.61378,270.82568,263.65332,262.77368,247.33301,222.21115,215.70633,270.27332,270.12115,227.10204,222.0058,250.82388,285.996,298.08035,252.45172,280.57697,191.56876,295.50916,259.17395,217.61299,167.46829,162.84619,208.41809,190.86882,219.84816,193.487,176.84644,221.95346,170.82616,202.64934,220.34053,254.02124,228.14946
179.68924,232.35748,214.98016,252.37312,229.57674,236.95789,270.53308,253.41483,182.95682,171.7575,276.6052,265.20718,217.19154,195.90845,211.23334,262.53662,310.65982,250.91394,283.35184,188.91414,297.18292,262.95328,214.99881,177.532,167.38885,207.15881,176.74915,206.69963,197.53897,193.1163,227.68683,176.03033,204.95587,226.81573,255.18513,230.60019
175.95676,226.76877,232.11655,243.49854,204.59206,268.7879,268.62714,250.77133,194.41681,203.84824,202.23404,264.15955,159.2359,217.33717,231.17358,257.8953,303.5773,286.7995,261.0719,186.20807,244.20456,255.39723,216.71628,215.05824,230.63779,202.94218,160.15887,206.30583,205.99841,195.77882,225.31282,188.6346,205.6278,226.18683,217.23969,233.61813
172.52348,225.1113,240.55783,261.71973,228.21878,277.09583,209.21274,258.89044,200.14911,259.05453,264.6574,250.0417,165.63809,213.38405,228.40619,252.38052,286.84552,262.92163,251.79419,189.20059,258.3519,246.2899,212.67986,230.96957,228.53311,205.76611,163.18478,209.4198,226.04291,219.04523,221.76627,175.05429,218.57568,246.23932,228.7925,218.68619
179.65454,214.01881,233.28108,257.68787,243.59824,301.08182,207.15123,254.56555,158.99142,248.63011,256.89127,236.45729,187.80292,187.02945,235.27446,267.09006,296.36948,259.43182,248.57866,202.46318,283.83987,280.1562,208.22528,241.98111,193.80298,226.93109,165.05313,209.85349,224.36098,218.55771,225.21422,167.50322,232.07649,239.24562,261.1386,227.00662
171.08057,218.08035,233.90283,268.724,230.47913,274.43533,222.94974,197.794,166.78612,252.2924,254.12427,255.01172,193.38257,180.2941,234.99315,261.81006,292.76785,265.09634,254.01688,209.66246,287.92474,248.52736,197.42053,227.96573,173.72388,218.76001,173.88004,210.96317,224.54883,219.81717,226.5088,179.56367,236.63013,239.00461,219.6791,186.43723
152.87866,224.47102,236.47292,276.60437,243.11249,236.001,241.45615,203.6929,165.12616,284.3335,248.11288,234.84132,215.23567,161.76836,256.6268,264.76147,280.5905,253.8971,296.1605,220.26953,291.01074,248.21365,217.26411,256.36835,184.13669,223.97336,182.43294,201.06502,230.96054,214.07858,221.62718,183.0882,234.79779,237.83159,224.37975,202.03633
128.42883,237.24277,231.49753,300.01556,226.17006,231.94652,166.18953,207.52826,180.75386,335.07642,255.87811,245.76132,205.46558,176.20131,238.392,240.41147,287.82135,261.74115,286.43777,206.68927,286.63644,278.65207,179.65308,264.47952,192.6864,226.14227,173.99655,204.00694,228.9813,236.66956,215.06964,182.80917,238.33911,200.47113,199.63376,199.5304
120.95682,237.26143,267.33737,274.34164,241.26958,202.1583,190.60208,192.66177,142.1571,321.72882,289.81326,264.77142,212.83575,186.8822,243.5008,257.96814,303.86676,247.45047,303.44116,210.30359,291.10077,269.09726,188.22182,242.44084,199.85942,201.45111,185.35925,208.87695,227.79309,248.4635,220.76277,191.45905,230.2604,186.50371,206.20442,206.67285
127.64302,245.56622,252.4778,248.57944,257.00488,228.02954,197.21982,205.74487,165.85402,333.34393,286.768,319.128,193.28683,168.1809,260.0874,219.39113,314.9053,203.81439,284.54376,208.43565,276.98834,254.20293,186.05699,243.76942,203.43692,200.15549,186.88057,212.71408,221.19055,237.62938,222.73158,202.35724,223.08128,201.53621,198.27632,217.78613
127.61245,254.30832,248.47737,253.76677,255.2089,236.60786,206.66125,247.69836,129.24928,357.6887,256.19357,280.31305,176.36816,194.81625,257.0336,226.93579,297.42133,164.52797,274.7416,218.73836,285.17877,262.18115,185.95995,227.38206,208.89258,224.5934,203.3457,233.95528,224.23218,235.07832,230.38257,221.83267,218.30777,216.17963,190.83562,181.32785
137.16815,255.94711,252.57562,288.24402,242.88063,232.99274,241.55988,247.9972,141.99171,336.728,261.66327,305.99213,112.7388,171.93842,233.48076,251.72003,292.0906,174.14648,289.59247,227.24173,287.0642,233.38702,188.77676,228.18604,216.53189,229.08832,193.09656,227.84055,228.4793,233.0066,259.4698,220.71239,231.93497,201.07388,202.26947,231.10246
134.7409,251.35696,232.14568,262.77405,188.75546,232.67804,228.43576,233.39368,116.95636,264.3379,275.90195,260.9514,119.454704,164.27036,224.60095,243.65213,274.8636,193.72768,281.0604,216.13507,301.78302,219.15752,200.172,232.83589,224.35596,222.77946,188.19963,250.84784,226.13838,236.1396,264.97458,213.4753,232.26323,199.02516,206.59038,233.99486
141.08377,257.945,224.23337,257.8368,198.93417,248.84198,248.18246,252.13422,116.59062,268.68622,204.38715,231.76811,125.68219,148.0327,224.38098,239.02798,254.76457,178.98189,286.81998,208.24635,315.7939,202.26479,189.1205,236.46301,224.14218,242.1618,186.11513,245.07613,235.06374,239.21742,276.27402,212.0072,230.06305,205.24149,216.69604,225.6385
137.89606,254.52493,237.23836,261.85825,182.99034,240.53722,250.61221,231.94817,129.5001,251.58073,219.51564,215.09122,70.43094,126.43859,194.6387,237.53006,236.53668,175.42122,288.16278,195.37038,277.5233,248.26099,169.14218,251.04108,230.79265,218.42683,188.20865,229.17395,242.10919,219.86844,272.41864,220.06378,233.51706,211.92238,222.21399,220.60374
127.11038,240.50383,221.06267,272.74796,219.93875,231.99329,242.04831,242.75043,127.79793,279.26978,232.64459,237.4132,67.87186,111.226715,205.08565,233.12233,235.19298,168.70224,283.69888,199.10776,282.97064,212.63435,176.88078,248.10876,236.07414,197.61772,183.16383,239.5129,243.62671,228.01082,253.24866,191.03653,237.62927,176.64201,231.71506,217.80109
151.82861,240.16591,208.7916,270.06577,201.70645,246.69377,218.45483,252.80067,138.91193,265.31314,244.90271,243.72237,78.37429,128.35127,212.70087,223.92007,239.18979,143.0236,280.0731,195.793,256.10587,225.84225,143.40973,235.9332,223.9911,194.68896,183.36914,225.66472,240.98317,230.7006,251.98184,189.30904,224.13092,178.69,230.25894,223.9475
138.87184,253.75018,213.57555,282.74213,214.42908,245.27654,245.44754,204.65976,150.49826,247.60811,171.5881,204.64636,93.76225,114.09831,198.38203,227.50963,223.59294,151.68903,263.87216,181.29172,267.9423,199.03284,139.38231,238.30988,242.41548,202.78587,189.07706,235.55287,245.62874,226.13394,262.9133,190.60211,218.12448,181.9583,232.23692,224.78922
134.00578,251.52841,225.30893,266.90887,237.2818,235.57732,214.92342,221.5368,171.76898,243.61526,197.61548,178.33496,99.46582,120.28542,197.2716,216.22223,213.84052,150.05086,254.74445,176.01686,260.36896,222.82327,133.39316,243.93335,215.22247,197.54402,206.07516,234.10345,243.41008,233.34314,248.03455,190.54752,206.07352,181.7621,232.47025,221.40459
133.7529,263.45786,247.59818,237.89458,235.07492,229.18315,202.71004,207.8592,195.19931,284.475,201.84113,204.16464,112.26756,131.02577,194.54561,220.78758,215.3013,175.48506,244.26028,163.80821,284.57553,217.6058,127.861176,270.59357,224.4261,200.64597,184.95772,224.9187,243.77988,229.36015,232.02608,198.6434,205.19852,170.02008,213.14775,219.84929
128.95712,232.9126,236.93542,209.42833,227.63637,234.33621,214.89511,204.38402,183.54063,316.20837,223.46915,222.8362,60.14289,116.18092,188.08842,236.46814,218.05154,186.58803,261.5617,167.57327,262.59872,224.0635,143.78961,209.03343,254.52127,198.78058,182.11201,239.19383,245.16776,221.76006,237.15363,197.68121,199.35196,150.86526,175.88226,207.60837
125.242226,240.58391,229.25233,194.07516,209.46489,233.9484,200.87042,208.67706,177.30487,275.95642,232.87416,224.60027,79.01523,99.87863,188.0953,245.8175,213.72363,184.79344,245.89645,167.90553,241.77997,220.23741,156.37405,189.8977,233.98735,199.54288,175.95424,254.18068,242.52069,217.72481,241.34975,196.57431,210.83194,161.74591,179.01448,224.14308
116.225105,221.47775,238.44202,208.9241,224.09512,227.75815,209.37582,216.54625,194.27625,271.68127,248.1062,210.3919,124.51373,118.24929,150.7016,200.77208,226.78925,205.65527,236.75258,180.54407,244.21307,121.06979,185.49823,215.41278,270.75806,195.53833,189.67923,242.89809,253.43051,217.54881,246.74252,197.70874,209.29997,171.5014,189.4317,223.18536
123.71433,223.30159,252.82106,238.87724,204.29507,229.30884,195.16833,227.73212,189.3219,254.68442,235.8956,220.13577,146.1861,131.69795,145.96129,226.1997,219.7125,198.7908,234.84299,169.83498,226.33989,206.90521,228.60512,215.11412,249.36418,197.61143,187.99391,236.48943,248.66287,215.40222,248.66403,196.6346,202.30034,170.13855,194.81422,222.68813
131.17111,234.97601,198.95316,259.2556,222.41719,223.23862,213.20523,238.22266,187.66017,264.10297,240.07796,195.37125,156.27724,114.95216,165.70625,227.51111,215.88,202.06578,181.61804,159.08861,220.53618,217.67984,219.05473,189.16078,240.41284,193.44731,184.5553,234.98862,241.47208,213.2897,245.48698,195.64362,200.97571,166.09303,176.04022,226.31555
112.729614,202.69595,203.96472,274.54736,215.91028,212.6198,232.30286,221.89673,190.1465,236.13618,203.96075,268.7853,96.71962,128.84048,144.59567,237.24321,206.22728,195.15593,176.1269,162.31308,234.02487,243.1392,199.49896,259.1134,282.04376,194.29709,134.29482,235.03683,225.13597,222.00052,260.10934,216.27594,198.5535,191.3967,166.73576,246.60075
117.25688,202.86877,196.17476,289.4896,213.91313,219.50153,222.30444,230.1204,203.68677,253.93944,211.92749,239.70651,106.95187,117.97749,97.7456,234.58167,206.392,198.68456,182.53471,177.30014,213.0486,235.51244,215.66289,231.48305,267.10455,188.57346,137.22446,236.51964,227.52437,189.9468,256.6654,217.06763,193.0169,190.55794,176.83992,242.87384
124.99671,210.67583,202.09683,268.7414,226.42123,219.98068,200.28886,236.21037,193.0036,272.4104,211.57109,236.81883,111.962204,109.850624,117.00139,214.45903,227.87784,208.2532,199.7991,175.91412,250.14873,220.15259,227.05023,186.52185,260.44662,192.28735,144.12572,226.58716,226.96953,188.00974,238.27438,205.80591,184.87685,204.71585,212.61859,252.0628
133.61871,203.83943,197.2799,250.6513,239.27213,221.02435,227.47687,190.41158,185.199,251.72073,230.05174,238.19894,115.53166,96.290375,136.7246,207.33353,231.62737,247.54974,215.21643,170.87059,239.14294,203.65079,206.46422,192.95215,246.20892,187.45213,174.00714,224.82402,235.4589,217.25375,264.76392,193.89151,161.50894,209.47488,208.92317,261.52826
158.02441,209.61433,133.07858,250.61273,193.62265,227.51942,223.95514,205.33272,193.68863,268.3089,218.69806,242.12796,136.25873,79.556114,119.994965,189.67331,193.54865,267.10956,214.68976,186.55875,231.60101,218.51357,245.57083,208.96051,229.32922,166.54703,183.19656,212.51918,233.76907,208.5008,260.06757,188.00032,163.43474,213.4253,190.06212,261.89417
150.02386,217.24101,192.1058,253.89517,213.42679,196.6758,211.77773,214.5086,181.21158,299.95587,232.14095,215.69725,140.75049,94.64222,104.30325,180.533,124.19389,261.15723,220.97076,194.10681,268.9419,233.23398,236.87,217.31845,227.9313,187.58057,184.1088,223.82288,224.76402,203.44711,271.82687,185.3033,154.8426,208.34297,178.55824,268.1598
135.87503,219.3823,194.27356,252.4313,184.9704,185.24147,206.61754,209.73552,189.27795,280.43665,275.87384,222.8822,142.12167,82.26919,132.57883,187.99133,136.54604,261.82394,176.99916,133.09866,279.3375,230.6008,247.25093,201.53845,205.21115,189.43175,178.24237,222.09634,231.93442,202.16823,258.48694,185.32481,164.64517,209.33804,196.07399,255.33444
135.04042,228.37373,222.63525,249.5433,221.4603,189.50285,258.2212,213.33765,189.01102,290.87155,188.56454,235.85904,161.12299,99.09389,154.06023,183.77548,159.42046,256.51523,176.64226,161.09628,276.0835,242.30902,237.0771,123.61923,212.29199,193.6803,170.78226,209.95497,212.37846,205.09076,254.16846,191.18016,167.15663,209.7114,182.05637,247.01608
131.97955,205.44554,228.81462,246.96982,232.06586,197.17879,229.90921,224.60234,190.47632,278.23077,225.27625,234.85567,149.82973,106.41023,174.41058,152.06973,191.75119,253.62384,234.47987,162.96576,281.0466,243.12009,225.46346,193.01633,219.54265,168.73528,192.98459,174.80814,220.02083,210.60619,265.041,177.19096,165.60269,218.89691,203.16441,242.16974
138.74005,243.72632,211.24437,239.73221,207.12201,196.57434,225.86844,229.56126,193.57541,265.74576,257.25302,245.57344,149.35364,90.28176,203.13089,171.07143,204.92395,250.37042,252.97153,158.24811,272.46735,222.31175,198.72461,168.77597,210.54074,166.3466,180.98703,191.60577,222.98146,204.18521,291.17163,176.91853,153.08423,216.15927,208.61879,251.58691
113.53655,221.05748,205.39316,264.85052,187.6818,222.82635,210.10947,242.34386,186.66522,302.24835,230.64728,242.92249,159.99458,103.74076,201.23668,173.88223,231.08298,234.4385,280.55112,161.29102,254.33969,228.5713,176.42197,201.19775,221.67567,166.1067,186.07858,203.8562,180.02032,204.23668,282.9073,195.07101,183.81798,213.61444,194.35147,257.75104
119.247284,220.02196,213.92264,259.3064,226.0188,235.10086,215.29832,221.94588,199.09235,313.5877,257.6031,238.59293,160.09721,94.61592,217.75095,187.63101,235.83505,243.85576,268.59268,148.71477,262.62164,226.49179,182.4104,218.35318,190.26962,177.54123,186.75473,208.63864,201.42902,218.30641,272.43695,193.39113,217.33621,253.00134,205.32663,242.60785
112.77196,217.59789,217.2663,243.025,225.11119,234.43152,222.45462,237.31573,208.6019,300.8683,295.0439,238.98915,163.19394,104.72196,223.79047,196.06992,198.86191,243.8809,258.2658,164.62039,253.77411,216.71819,192.78,204.2222,167.18674,177.12927,189.2167,207.44913,206.8017,216.1668,262.46094,161.76901,203.92651,234.5332,206.25034,242.05727
107.01984,214.43436,210.68167,256.43555,232.88603,180.96466,210.455,250.62457,217.82912,294.94495,247.07559,213.00928,242.77293,103.307884,199.58022,202.71902,216.00433,237.32588,294.9243,167.71552,235.27266,156.73657,189.16122,217.911,154.71777,176.91891,187.4231,216.96198,229.78165,210.87567,261.95322,173.88847,207.25096,236.48376,237.74594,240.98091
103.70976,168.61166,198.52838,275.49786,222.0997,155.4938,174.20041,258.37848,189.45546,270.403,276.9496,196.0219,229.01682,100.22913,324.33588,192.49683,204.75786,245.78267,295.50693,174.1041,247.73288,205.94252,207.97357,237.21283,163.38332,173.06085,178.16518,212.92912,233.72325,224.93086,242.8526,171.55844,208.3569,232.19838,247.71973,260.86172
100.39,220.97766,201.08418,258.5368,211.81522,198.72768,184.27386,252.75601,201.50342,272.95065,248.6336,189.1795,226.79483,117.06537,315.4355,196.49948,235.22739,233.01569,333.3206,179.87836,260.27682,255.28152,191.26128,243.59619,173.83377,163.82243,172.77232,212.4332,207.8312,242.35883,237.77357,189.29375,198.79327,231.9801,250.32356,263.09464
90.22533,219.67683,208.0771,276.3634,248.92206,228.05972,218.86557,272.43768,190.91405,293.7201,262.34872,244.75925,207.4431,122.89485,276.30078,195.41232,243.40758,225.60773,330.1854,187.3207,199.62875,271.3135,180.74995,260.18536,183.97208,170.58784,169.96146,223.71182,217.74084,219.02643,244.6936,178.85983,189.26283,235.20059,271.60907,244.58826
88.76041,219.41914,223.45192,278.517,229.52936,243.85492,262.23163,270.49557,202.70688,284.2856,262.70908,230.87128,191.55511,117.47858,270.70905,224.34018,246.79149,216.43977,317.4177,159.32758,240.12558,250.3984,190.78766,228.1304,204.40042,168.75406,190.12682,204.81454,222.85565,251.3239,241.01723,189.83174,171.27852,240.7663,269.03204,236.59273
98.14736,209.56119,226.77072,252.01428,197.41777,186.03325,257.77213,258.35565,159.78592,274.4022,232.59209,234.56451,193.6973,137.02553,258.41086,235.32819,204.95601,220.78934,323.70682,169.78323,213.77344,201.9726,186.55608,255.83868,216.00041,171.14925,184.35739,202.11707,219.83554,250.12924,235.2853,191.62082,170.63554,236.69064,253.69534,236.84042
88.9798,209.43127,246.37578,216.85577,211.02989,157.08987,207.29034,272.29105,157.06625,303.33725,250.03775,214.4106,196.9171,130.80829,255.60075,233.87138,222.83292,239.61044,271.8429,171.40097,229.95384,222.04707,201.15167,213.59885,183.32442,176.043,175.10722,202.33118,213.98553,243.68456,234.09897,193.80182,177.25484,271.05396,258.3454,238.76001
98.67885,214.98364,230.33487,204.91069,217.61937,235.68573,209.63481,273.62817,167.4047,268.03467,268.90918,229.82092,194.93207,112.88483,291.32166,250.79942,217.86633,237.42381,276.22522,178.47821,175.9855,239.007,163.72363,223.34903,180.60922,172.52994,171.57693,215.83064,197.38446,240.77461,224.80106,195.02705,167.68542,264.0511,265.1811,232.55362
73.38044,201.02502,215.75511,226.15532,217.6181,320.70187,181.04147,271.01575,173.14613,206.85547,226.60599,224.59973,206.6159,96.45107,227.10376,241.49341,214.14893,236.57744,242.66617,191.25676,258.5517,298.3584,163.07117,232.50108,190.44531,172.44339,162.48172,222.01178,195.45422,239.88116,233.07024,205.40103,150.18016,245.27695,252.37154,228.96205
104.8891,194.21736,215.74818,230.03964,236.63272,252.35129,189.29541,266.69293,172.73503,221.06705,222.12762,247.88367,139.93991,83.192986,227.39822,239.17331,177.18991,239.5181,244.14507,194.49622,257.6426,271.6855,152.94632,232.41394,201.6719,167.82542,156.7273,220.47531,203.76622,233.49046,242.09311,210.18839,155.49214,236.91379,239.3866,232.14703
106.68196,179.47581,205.89372,245.55283,180.12402,233.16548,197.13544,259.93192,162.59741,170.6185,197.71509,266.29034,132.94044,113.74127,205.47424,234.95113,191.4094,247.36412,235.27014,177.05418,259.8889,204.43292,155.20007,233.6355,192.73148,156.78941,157.13351,218.98796,202.90286,231.8644,233.61151,202.76926,154.25383,232.56345,239.53465,236.91095
106.808975,183.05292,189.55301,223.65736,175.66878,226.31335,191.33014,252.34421,190.79326,189.37674,214.50677,235.84814,133.83957,95.19459,196.69418,232.17264,216.06577,242.42754,226.3161,174.09793,254.63528,138.3606,157.76424,227.8705,242.02786,162.06938,137.39346,219.27908,210.98087,229.427,185.1055,208.2124,155.36667,250.13306,247.30939,244.76938
106.63595,182.34215,209.09337,234.40225,140.04385,194.40878,195.93668,246.8071,187.63577,210.6417,239.10487,201.7802,149.01201,75.22878,203.53363,222.23044,177.59851,228.29028,220.3425,176.64813,194.3989,206.17096,163.67667,211.44255,226.92996,155.54726,150.15335,212.64131,201.46094,218.54027,181.73566,207.16533,158.19025,220.57825,245.65596,263.6513
81.06558,175.21545,206.01831,209.7641,172.56929,216.75449,197.03502,277.6472,177.30682,263.00366,222.82382,191.42572,164.06296,109.3261,201.59145,215.25948,176.76747,232.17673,206.3674,179.0317,206.95612,224.79355,163.62411,215.23645,208.94054,156.57172,136.45302,212.66364,198.15158,218.76047,180.09462,200.02673,149.17671,253.0047,246.919,254.33965
81.89478,181.51855,207.87057,209.79779,211.9925,201.10309,184.43222,256.71198,169.4005,266.6218,227.6045,249.43213,144.762,106.15372,201.64311,234.39673,204.6016,229.29053,202.30237,177.35492,203.06941,205.0782,192.85992,203.67902,196.82317,151.80444,160.76611,207.41998,195.65623,242.4425,174.55704,201.29366,150.69019,241.61774,221.85042,248.35718
79.87311,197.98828,203.44226,208.93933,157.01118,212.98257,198.28592,268.33273,157.0079,277.0509,235.97507,221.77913,153.79434,121.76249,189.56155,221.87982,194.29802,160.28201,222.17758,178.0595,222.42957,240.78842,203.47276,206.25241,241.17445,147.4377,157.2328,203.33575,168.69247,239.48068,186.00136,175.96161,150.15634,243.04092,224.25925,279.21194
77.452286,201.33046,201.57474,214.20439,232.1945,229.108,231.36636,274.50296,155.80525,235.53244,229.7521,223.06577,173.2549,131.23422,170.82086,216.535,203.28412,166.86723,227.58176,184.76727,231.5256,225.75073,189.22328,241.2512,226.70059,148.86476,161.48335,196.30914,159.40323,235.55333,189.88095,184.09941,152.04723,236.53241,219.94409,268.3592
76.89699,216.42429,197.06526,246.49014,196.09378,204.61142,225.67119,309.7944,185.37125,219.0241,217.1982,233.37903,151.36311,158.14233,188.13055,217.26599,207.47446,177.12772,244.94229,178.8877,242.79742,209.1617,175.84201,260.92636,223.90817,148.25037,157.60464,177.68512,158.09021,223.19557,200.76382,191.42,186.54977,235.19177,217.04262,274.3474
86.764854,222.62411,140.7929,248.33649,217.25735,214.72923,235.9266,282.30338,170.36197,232.28043,224.46268,225.8318,149.86221,149.63625,165.29425,209.7258,197.93735,176.59372,222.13474,178.87611,227.76373,208.07712,171.49849,204.28947,222.08977,162.37216,162.67133,196.60826,163.27646,219.96738,230.44327,208.6365,181.69044,250.95984,216.55411,265.82117
88.929245,232.03046,170.94333,241.26756,169.19965,219.24126,233.64938,239.90085,161.55432,206.06488,206.42375,197.77507,184.06479,127.28798,174.76009,246.0997,190.61374,178.55252,231.53883,164.58708,241.76465,192.96124,170.90001,267.71906,224.70062,163.91646,153.31036,215.09273,174.5636,249.67807,234.91989,199.27318,181.50873,243.44673,216.87405,267.80566
73.00945,227.36339,189.80222,235.32736,159.27481,221.82846,210.42432,250.86353,159.69714,218.06097,192.83109,206.99547,118.57736,145.64908,143.46722,242.76102,186.50099,187.16895,236.19893,166.32819,230.37683,182.27608,164.99979,280.43402,229.06891,161.61932,166.65506,220.06078,193.51453,250.47021,222.93686,207.36798,170.20296,245.09152,214.00647,258.19397
80.99283,218.10385,203.10136,244.553,186.9862,259.20114,188.23845,272.41193,155.65018,202.98666,195.1017,193.95796,123.498955,153.88918,157.80777,243.73169,207.77054,194.35225,228.67436,167.99179,227.08319,176.45236,162.2341,247.76363,211.85172,152.69261,158.32243,214.42802,176.50284,204.549,224.44666,202.03423,166.34106,234.50388,221.64148,244.57901
78.64542,218.81625,197.27518,211.52628,189.57501,239.55821,191.71957,278.15845,186.08636,227.14221,216.82074,182.63783,104.44704,161.0039,166.90717,219.29712,233.41617,194.23944,244.35887,165.23991,210.80771,197.0025,178.446,218.78212,223.57242,151.07933,158.69809,208.32558,184.59474,197.30447,231.38852,195.42847,168.82568,251.36478,225.97276,249.03609
85.377914,217.4636,203.37843,217.24034,196.74104,214.81398,173.69177,261.01062,190.52081,216.0511,228.64635,203.05592,146.99057,166.36575,119.67502,205.79065,247.32352,150.88585,270.61407,163.56276,221.28125,225.8708,182.83255,226.63846,216.36288,153.06981,153.32507,209.06401,193.47775,196.31718,215.61673,202.10596,199.30322,251.58301,227.91081,245.42839
61.770157,210.12177,196.94124,244.8521,200.52377,253.28784,227.48898,272.00784,180.07413,218.19618,209.72449,194.5498,144.21365,172.19534,148.78767,212.67511,240.5066,192.14917,287.64334,169.56725,254.09235,242.07242,220.74901,175.9246,206.01904,147.02821,135.29153,206.238,192.9996,189.7821,208.31485,194.68448,203.55893,253.5365,207.35147,240.60301
52.42033,204.87976,209.34381,240.49405,243.61224,168.31276,225.79712,272.1816,174.09653,220.23485,222.08395,209.43555,138.61171,168.58124,159.32407,222.94193,223.77669,180.26172,304.24084,172.12747,213.08316,215.1353,194.19348,185.35712,200.68764,156.98149,141.0324,206.1175,190.4578,187.86707,194.235,187.61308,205.09428,253.43579,206.4844,254.99188
61.581787,207.31479,196.04953,234.76163,183.778,275.00485,225.52211,259.39178,177.00887,216.37714,237.3765,219.77509,140.24327,174.67276,153.57117,212.53603,247.78035,181.84906,290.3075,184.02988,226.19753,147.85695,210.88034,189.63109,196.40976,158.2269,142.2146,223.2948,186.7408,179.39558,193.48717,180.71121,205.50807,246.98305,210.74443,249.54091
69.386986,212.16846,204.2441,223.76456,171.11601,239.79572,162.19046,288.1564,180.4368,213.12231,207.1855,195.1396,96.95296,160.02443,105.46688,230.75592,258.05206,202.43338,276.82275,176.72818,240.9183,225.16278,227.77237,163.0031,184.62927,160.22183,158.9551,200.14653,182.22148,177.77011,192.16609,151.08759,210.09845,247.85353,235.7242,237.15187
68.2367,221.36992,201.16006,203.24625,214.93298,255.39651,49.11908,293.4384,164.67801,223.47278,213.08163,205.81575,107.265724,151.2366,129.36658,210.56497,239.89209,185.14041,264.6886,175.95743,201.84073,179.87349,216.88608,182.70236,189.84563,165.14934,163.51715,203.39731,184.59784,191.27512,180.01297,155.71436,215.28296,238.60605,223.75352,240.54626
43.27842,222.5628,193.4007,206.3977,192.27304,208.11557,117.41225,283.1588,167.04004,261.33435,226.23312,191.66693,115.61188,127.5434,151.7097,199.2833,241.3519,184.12189,242.1317,173.78061,214.33803,201.8119,211.71846,201.92712,187.78508,145.76227,166.85083,209.21559,190.04112,190.7229,176.88255,168.37804,207.11261,241.56049,220.31345,242.64598
33.467655,214.73845,184.36172,231.93692,190.8451,207.68971,146.28506,278.09592,158.50594,254.27295,213.76222,199.45602,117.76561,130.38855,146.7027,184.91396,239.10483,174.86435,192.47757,160.54906,225.92603,190.70692,193.6389,201.38625,190.57234,145.9206,154.81595,204.9803,200.49396,186.09357,177.4846,171.38011,191.85684,228.92578,219.63849,196.96149
59.75499,212.51398,197.35802,264.79343,215.45268,203.92654,138.43144,265.01324,114.39465,235.29408,226.23123,192.10268,140.1484,107.41496,148.72005,188.88953,227.10767,187.40712,210.68396,157.57281,204.4053,207.19093,183.9974,209.06277,193.27869,144.46959,157.6771,202.13547,192.67639,182.0938,208.38809,174.77243,184.82448,228.07974,220.76688,205.04663
68.95659,208.69415,202.77505,243.05643,199.23906,204.55243,164.72958,254.49707,127.52691,247.18164,237.98392,206.98184,170.03618,130.8164,130.3728,186.8948,215.3765,187.46744,232.85695,132.72151,216.47644,238.06003,219.14948,112.974,170.70775,125.39513,160.14436,211.14081,195.51001,175.6389,186.66763,169.22214,190.13794,230.7799,218.19936,209.61397
52.58326,203.78255,193.53206,233.5541,221.05054,194.45006,50.657486,246.80643,141.64423,285.12744,145.59717,219.08684,175.03973,145.00493,153.4541,187.63254,225.92944,201.39873,178.78424,149.29471,217.19548,250.15334,210.6058,162.68993,170.44418,126.595314,156.93129,204.95204,189.03,166.11087,181.42134,169.9268,167.02681,236.9505,222.06645,209.55591
50.19829,199.35391,174.86617,211.09653,213.10207,181.42169,114.263054,251.50618,143.22443,263.41736,214.36055,239.7986,154.4663,127.693146,164.1347,191.63023,215.46352,208.69347,189.21147,153.05283,221.98715,222.33325,179.43098,165.14285,164.44963,138.85497,138.98128,184.76778,163.82365,173.36395,175.6275,169.15974,181.40103,233.3835,211.89075,204.82962
58.76182,192.57787,185.80034,225.61053,219.84375,171.93204,158.88052,279.22684,153.30534,275.8885,213.57571,204.00851,138.76385,118.8079,176.17598,145.2135,215.09048,223.77289,241.15646,154.15002,216.77783,212.0999,175.21765,119.59735,159.00702,146.98099,137.03494,186.78387,152.9196,169.16335,191.8589,153.17368,178.70912,190.63889,240.02458,205.27151
34.210724,145.11333,202.04294,227.73904,184.7656,186.51422,154.88576,299.27197,119.11771,262.20978,215.67549,212.82584,148.83986,131.69576,156.08612,156.95062,202.68388,220.31398,254.63992,172.06854,221.16832,186.21475,150.79457,131.16681,152.44135,148.68231,138.66333,220.81628,148.97113,182.09372,176.79932,152.29552,184.1983,181.55978,242.38068,198.16098
42.45829,152.86086,130.72652,215.80692,214.93695,232.39426,141.34207,288.78232,122.01862,239.60265,215.43361,209.03911,132.66774,124.13608,155.37178,152.61377,164.71011,202.60391,247.75813,164.15526,224.2692,142.05367,179.43475,159.61772,151.18028,146.84981,137.92908,220.48859,151.35017,210.08733,182.90222,156.12317,196.92937,188.43182,234.92412,198.98196
32.735405,151.14778,147.6128,226.31293,192.43127,196.78116,160.48767,264.79507,158.2037,225.73607,196.92528,178.79807,166.47719,114.01586,159.17545,151.42137,184.43063,179.0614,232.77365,164.66467,193.41342,168.24263,184.45432,165.79578,151.17351,146.66899,143.11621,219.09828,141.86536,220.46423,172.84015,160.501,201.16235,179.57735,228.22836,219.28996
37.70469,151.0465,166.88208,201.0941,133.65677,186.57959,181.69872,262.3208,161.65678,177.32379,201.08534,218.98584,175.09404,122.80388,157.5492,180.10071,180.06012,203.66495,226.20346,176.2934,205.59338,228.01689,175.24112,202.57004,148.78276,156.03918,133.6098,231.19069,136.81732,195.07889,164.49966,156.61562,227.04993,191.96904,232.03232,226.02026
39.384167,151.36507,182.99434,230.7864,193.13217,185.61761,221.00082,258.77344,138.06204,195.33655,209.33937,212.76404,197.58142,136.77998,141.37067,180.60431,190.44199,211.63084,232.1457,189.46927,206.6287,206.15428,169.91588,223.434,160.27368,163.48802,146.25018,220.75974,127.99002,186.74786,167.5628,170.66437,216.21066,200.3065,232.16492,224.62527
41.30787,156.5395,180.8751,255.19518,142.85922,143.29285,234.97836,258.73102,147.04149,206.09566,226.02353,207.4854,195.2622,118.94473,171.39299,188.0028,204.39108,197.92438,228.89362,175.31137,208.74438,213.89719,164.6099,197.54984,121.6915,143.90912,142.88365,221.75652,134.58432,180.5694,173.23962,161.9767,198.75601,197.36475,231.97922,233.71596
49.178837,158.84006,190.32693,230.19487,213.30775,150.71544,212.30829,242.93694,106.26648,203.57672,228.49911,207.92513,186.81897,142.5382,183.35599,152.75711,196.4757,212.98672,219.48692,175.91309,216.022,134.5345,147.39066,190.381,129.05688,145.55807,135.77832,221.80603,143.21799,197.50954,174.98741,170.98624,195.45253,192.3049,229.57025,226.69656
48.013718,173.80966,178.33447,236.038,194.38133,175.62585,200.96085,216.72314,80.39222,223.94983,179.32516,177.27882,180.31934,147.6644,189.86304,162.0672,202.62424,209.36023,213.99268,174.16019,190.16226,194.74957,136.1843,184.8397,115.72012,175.43141,134.94397,204.66942,146.1814,221.7262,173.15193,182.52905,188.11884,198.00172,234.54037,210.17484
47.064754,170.43326,188.18985,228.2626,206.62778,191.70834,203.1879,221.79857,93.7268,298.25137,189.59961,203.25099,167.85324,158.27426,182.44635,189.50888,205.23978,186.07825,164.43796,165.07423,197.13416,132.93234,127.93053,196.65048,119.06424,173.18805,141.32712,200.15971,152.19473,213.42342,161.0781,184.79976,195.95308,199.54253,234.52817,203.93086
62.673378,199.9546,190.58968,220.77771,199.07338,189.62839,198.30754,260.0745,104.21441,261.59198,229.51562,158.36678,145.8704,168.71124,187.80823,209.18033,235.27745,203.4098,182.93732,145.35046,154.98346,111.08594,122.64419,209.84592,135.15898,150.7463,134.97275,189.17436,152.77495,218.98148,159.96277,179.69041,204.61368,196.35043,262.27557,213.74326
57.20343,204.60918,180.68413,198.99731,192.40945,181.18686,209.11578,255.77654,100.79393,278.3012,215.65005,150.72202,146.0583,176.92418,179.63731,201.6676,249.00192,192.26093,192.04497,140.44553,201.40027,187.94641,129.14928,230.4901,169.021,151.57303,118.16701,202.90437,154.10019,238.75536,150.91792,179.78946,227.8793,192.13374,252.2518,224.0947
89.44551,203.11331,178.76646,198.62514,207.64754,192.46822,172.05162,258.96936,91.82348,287.508,209.94453,213.80627,148.0903,181.19775,175.70953,188.79558,230.05399,188.1684,236.18564,148.54897,229.34027,113.60957,132.48087,221.39507,171.89542,153.96797,108.61365,194.72841,154.49307,236.42076,155.59537,186.50653,214.4685,200.33049,245.9237,219.45978
90.095795,201.12318,181.63606,201.68259,163.12793,238.19366,165.50323,245.7688,135.93729,281.2276,213.37997,156.37857,162.99677,189.84732,166.23792,180.33325,218.09137,203.81166,227.88724,155.66417,218.7357,169.67319,119.82292,205.89331,187.59897,166.75325,107.66274,188.77792,154.09541,235.51399,147.70624,195.81393,190.1391,203.50513,252.3848,210.76659
64.86257,195.06323,182.55399,186.63757,128.19543,213.73955,182.48018,243.70587,159.97316,275.00278,228.54883,143.02975,145.74995,198.11987,166.61243,185.09215,210.827,192.7609,221.17583,153.12831,249.76595,121.3519,141.19891,234.27533,182.16528,164.49564,112.35742,196.49593,150.76793,234.33052,147.74286,186.30408,186.36621,215.30775,244.30733,209.2609
75.51677,194.02145,191.89804,205.23273,187.04092,146.51985,212.77792,228.90709,182.51413,255.02603,229.81335,133.87126,154.34966,197.00354,127.32738,183.27008,169.18121,179.0788,234.29727,153.18593,248.16719,232.94437,106.05475,180.67455,152.79291,164.28827,124.30133,195.1207,152.61302,216.5448,161.64822,187.81393,182.9963,196.4664,249.93985,214.35814
63.557144,190.2816,188.34766,225.68947,220.2255,139.82234,228.47192,234.99837,190.64752,245.03069,222.50616,181.83817,164.52914,189.71436,170.35083,187.03853,190.2862,179.7458,214.39003,159.61292,251.7534,193.99246,127.21101,188.38037,164.7822,171.58958,123.62052,176.7478,154.82025,191.79755,159.29674,188.17078,182.4125,219.75407,245.03131,187.73692
59.240784,199.02768,192.29869,241.12022,184.35718,176.81497,179.64551,174.85089,188.00705,242.25934,233.34642,184.80185,143.20659,171.40775,115.12497,187.42996,207.88074,186.60709,209.16678,161.86559,244.52055,217.66664,130.73569,150.67963,165.06851,149.23515,134.43852,178.1942,155.91782,190.22137,156.292,181.26346,187.66663,220.55696,225.59314,199.56487
61.816097,207.36838,184.31398,212.03622,234.581,187.90887,185.97441,220.33932,123.12814,182.4137,233.00034,118.72397,97.446945,166.35081,140.83673,141.63985,233.79605,166.75528,207.00421,177.93756,231.49765,204.78162,103.37663,152.72623,169.30016,168.39612,148.51535,172.9787,153.03796,178.50375,157.99146,171.28255,182.95969,214.9408,195.80272,205.53922
73.40428,211.69287,175.9584,200.02324,215.70442,180.151,174.38174,224.32411,110.53268,199.91927,181.86563,157.24615,98.3168,145.56007,110.68303,107.55738,233.71571,186.41638,226.3633,177.55405,209.71584,146.90283,118.29956,208.41223,165.13196,169.40906,146.10257,169.67598,132.36664,188.65622,163.03069,151.04852,176.56699,196.22955,157.95967,202.27814
74.104614,230.75182,169.9312,203.37672,137.63405,176.86649,174.49875,229.55507,51.19439,186.95135,179.19992,162.22685,104.73131,147.40128,87.28174,109.02399,228.3896,185.15738,219.6833,167.71179,212.83142,142.81313,113.16963,176.49811,179.02377,166.5609,146.14597,155.80814,126.20108,184.29538,162.70126,155.39465,173.1494,178.66446,158.90085,201.5173
68.86359,193.11621,162.5985,208.89127,126.881516,172.8623,151.7208,234.07199,59.695374,190.96028,166.94481,143.99918,110.266235,127.67637,86.2079,156.60245,212.63345,166.43758,165.1445,158.79008,156.18655,154.77338,104.16672,180.30115,189.70224,171.99254,139.52542,136.75105,131.32272,181.168,192.16452,150.1499,169.4954,182.0058,162.68835,197.58588
62.236427,188.70795,174.03171,209.76196,189.34552,175.06952,178.06868,224.9103,80.72235,168.1485,164.88718,134.08414,109.468414,102.665405,115.86034,156.56258,203.94975,172.4802,159.60892,161.73016,187.39838,161.31949,108.41325,179.6187,170.94043,167.15263,115.497406,159.60672,119.73015,204.07277,185.602,153.04189,164.68718,215.05777,173.97336,181.75815
77.32559,185.74257,194.00636,233.58067,182.30652,176.77185,170.9648,260.9345,97.43169,167.28584,163.69992,159.99664,112.120094,85.42825,125.60191,143.0271,200.07886,167.50644,154.6867,164.01622,180.41321,159.23914,121.08098,209.73184,148.38556,166.81662,109.04326,176.87776,128.4556,197.65445,188.88437,151.57431,175.59502,185.45796,173.6128,179.9863
74.64473,211.0737,181.41861,230.59464,166.54585,158.68478,176.58792,239.32733,104.2794,155.75807,112.92012,149.2122,117.317375,110.33249,131.55942,146.35156,220.90897,179.14026,145.8034,154.20775,185.04587,199.23903,134.53326,191.76369,175.58871,174.1832,123.00502,173.47797,138.41597,182.98785,182.05673,152.07751,166.22969,192.0013,148.15082,164.12186
75.584305,198.74023,188.89447,234.40894,191.15045,157.5513,168.96121,236.13248,111.99812,180.92523,168.02321,151.68626,119.19283,120.34539,120.97871,172.25488,207.50757,192.03171,136.2175,143.80597,211.25159,176.95819,136.82037,224.1596,142.1216,177.24426,116.8073,158.4677,146.13304,178.53624,175.83801,150.57779,168.0046,186.79883,137.36455,172.59775
83.703186,176.21112,184.27979,223.41138,170.82849,160.0383,155.32475,252.87624,101.1683,178.14597,178.71695,166.38898,121.97403,140.89252,95.951126,171.91714,222.00714,195.59442,135.5885,140.78409,198.5889,159.95396,148.96967,169.84956,153.73935,168.85942,70.74864,152.61299,175.22086,175.89224,176.1542,143.9656,149.86298,185.36087,141.25107,173.37553
90.476746,177.90414,133.9703,213.31094,138.34833,155.40688,151.87341,241.66956,103.47755,208.85646,192.66772,166.90448,126.8367,116.78703,103.84114,175.67863,210.13733,201.17126,140.10747,129.18251,202.23077,189.94328,159.6494,183.048,155.2515,170.40738,97.55572,157.14944,173.3684,169.67062,176.70758,154.06364,138.5575,178.4675,131.40654,183.58022
99.22278,185.65065,140.39561,202.35144,187.87056,205.00034,148.39899,229.61237,112.72992,228.86685,169.9317,161.77823,126.46088,138.21187,105.524414,176.55495,213.87463,153.38316,160.15565,120.46622,195.57413,173.61261,152.18933,167.79437,178.23029,176.31564,100.936356,159.33673,178.15015,168.42346,183.7616,148.36946,136.50543,180.27536,130.45764,176.407
102.75321,193.1515,161.84311,211.87193,189.54193,182.77106,142.15962,228.19536,119.120346,210.02316,174.89343,178.37926,129.96542,126.697716,24.511047,176.9592,199.86276,159.92918,176.98099,118.94211,208.90494,186.19116,135.95566,161.0188,180.35431,165.46875,107.07474,159.99234,179.09743,196.15619,194.92876,121.229675,144.95946,163.42084,127.814514,183.14908
103.40425,193.24728,100.89633,217.01785,193.02615,155.05753,142.84854,232.96957,88.86769,234.48038,196.46548,223.27695,126.97145,134.10191,80.91934,133.14474,184.46318,164.70694,170.77414,133.21481,209.7916,197.60503,152.83257,194.62958,172.13121,157.00583,125.17549,163.18863,181.00766,173.73726,203.0712,134.637,141.21371,163.29044,142.76001,183.00017
132.05331,145.70004,118.946686,207.30902,144.25194,153.81784,159.49048,217.35838,108.439606,236.72029,158.65504,210.83763,133.69382,108.404564,152.26678,139.28697,175.52599,132.50352,165.45393,122.70846,170.4891,171.103,150.51434,180.03745,148.34903,149.09892,128.72813,172.39828,183.24919,161.49297,192.7087,145.49852,151.89902,151.21593,132.9244,217.21106
138.39828,163.81311,137.0154,221.00038,184.60133,150.5972,149.92604,222.42076,112.81802,225.22047,187.30557,199.64061,146.51035,117.56396,162.95163,141.49292,180.90906,126.30038,165.89546,138.09026,185.53487,166.47366,166.68965,169.35124,160.64955,144.43416,111.996155,165.571,177.33307,158.93912,196.4512,143.94928,182.21712,160.84497,122.677765,167.80234
137.08243,177.16595,182.97322,212.76938,191.66684,188.67047,127.90961,224.02744,128.19223,234.22635,185.68494,211.14973,132.61163,93.715805,189.6372,156.4684,175.9802,133.4383,162.01752,138.17978,185.80188,176.35938,180.13364,149.08398,151.8453,172.6705,123.01424,166.47891,199.21048,157.6109,189.7884,148.36676,192.09488,163.6442,138.71829,170.80573
138.03078,172.35632,171.07248,229.7893,162.86313,163.90897,141.95798,220.02841,134.76134,264.95734,219.5339,188.26877,109.65028,106.78496,200.91408,159.23721,179.77914,128.08446,157.60693,137.03549,186.22221,184.23761,174.31598,153.5979,140.35707,155.01398,113.5034,163.89706,184.04936,161.15295,203.92917,134.37457,216.62227,203.3357,135.17973,181.50485
146.00241,171.01994,169.71198,196.53821,183.65791,165.0958,134.15147,213.03307,154.5454,244.33316,173.37085,189.81,127.02755,107.23597,199.41849,150.33759,171.04294,138.74196,154.71365,135.5949,195.93384,209.03035,153.4054,162.55444,194.10147,155.98067,117.856186,160.20631,192.88051,160.96184,199.78122,127.68054,204.66309,193.64915,141.34824,181.48795
149.26402,176.47284,142.41191,191.83978,163.5254,204.06638,171.63501,214.96956,125.374146,223.72556,220.07175,237.25597,151.1289,99.09831,183.20811,122.08725,200.71884,160.63666,186.46027,139.41139,155.04828,193.76552,157.08249,177.20837,192.00763,154.62245,58.96776,184.17096,188.47964,176.22131,198.53442,129.58032,198.4685,197.25363,147.9232,191.62993
157.30927,180.8614,151.2194,188.7927,141.14853,199.2735,177.52345,244.7255,78.82123,260.89313,230.69485,197.35175,152.8173,110.2611,164.96883,142.07181,184.68259,163.65166,183.3287,156.40068,161.44995,179.95639,159.0466,165.09966,157.98337,152.36952,83.74657,166.80238,186.49432,142.20326,206.64993,139.05057,206.08026,200.46732,153.09732,187.35568
146.16386,183.55911,91.875015,216.3494,121.10193,175.50714,166.14258,245.651,96.34804,287.52155,199.365,181.76538,150.23654,87.551834,175.54674,147.96593,177.06001,183.59715,133.91801,144.42049,170.25453,210.63528,169.33714,154.77866,164.94415,154.64716,82.53096,152.91399,176.85162,126.397316,200.57306,136.43562,194.43393,194.02657,141.5817,186.0476
128.29202,181.79955,75.99785,205.75308,165.6487,150.88763,166.11148,246.29747,112.58111,273.86444,207.76953,194.72409,149.27658,93.89918,175.80766,162.66298,170.97751,173.85149,132.45847,147.38416,183.98625,200.59258,179.18365,145.67807,127.869446,160.81506,40.427887,177.01355,175.56769,136.92787,204.22958,143.84627,189.1827,204.41354,144.97351,185.61511
119.04677,174.51309,103.911545,203.0509,170.43558,150.16928,185.65628,275.61578,153.39395,252.2951,141.66806,202.55084,172.02834,87.12878,167.73264,174.1793,166.26721,164.27724,142.6446,149.2649,211.51074,206.2956,163.35526,134.89088,130.98584,148.95961,51.87771,197.468,180.811,160.89496,192.15138,146.90344,179.5166,211.24937,180.35724,195.71945
108.51494,182.17192,133.1274,210.1034,169.9379,158.88321,175.2417,262.70776,154.24487,228.65254,200.8125,203.69388,166.11267,90.41743,130.47855,180.58562,196.23405,164.71136,175.08223,140.74794,205.62346,218.28357,146.86023,137.16693,147.01837,151.69562,77.581795,194.02063,189.01544,168.12688,198.21405,136.71362,162.44342,216.93805,192.76123,198.71155
107.96344,190.94461,152.8774,205.18423,179.83853,157.80812,186.521,267.95807,158.42459,167.26978,195.44691,201.24689,173.65826,93.78005,152.02875,199.8542,186.14627,166.10457,169.4595,133.60895,203.96281,248.01883,152.87953,164.15747,166.4602,148.6466,94.99912,206.49571,178.2607,172.03381,192.01773,145.7659,151.53027,208.80345,225.32996,196.9187
115.24718,185.15646,161.75533,210.81367,193.32434,161.32523,176.97655,272.96634,157.44084,173.07324,192.41473,229.82755,258.6352,115.02283,118.681305,195.8214,197.0079,171.41336,152.42094,125.35469,229.20227,167.90363,165.5487,218.47876,145.95702,154.08942,105.6084,211.62761,187.04633,166.7807,194.34883,134.5018,162.91006,218.22238,229.61562,178.91733
112.079346,181.97086,183.23608,235.16077,185.73828,178.82242,198.61957,260.2351,146.77649,177.69841,120.50534,175.14777,238.1546,123.10263,153.05365,200.61223,189.77031,173.0733,151.79547,127.59857,222.40707,224.3884,167.06503,199.92346,147.98895,148.9111,106.000336,202.61194,186.46544,167.12646,187.05792,151.08687,166.9563,210.1946,203.41583,176.50604
113.77418,192.64719,119.701965,263.71075,179.85287,177.7629,196.40498,253.57083,147.46918,183.77425,197.61485,196.36398,220.02232,112.2866,178.95673,204.93307,194.55157,169.02826,153.58829,145.49564,234.88379,212.2676,169.46729,180.19633,143.6319,154.75244,107.90052,179.97862,199.73666,178.78897,192.48111,154.86826,149.04185,206.18784,209.15771,177.07098
122.49429,181.78578,144.69452,234.61563,202.59515,185.9759,181.807,242.94983,145.05931,190.99358,163.08813,185.33917,211.89235,119.546585,171.34732,240.62267,197.91846,176.07976,155.67761,125.595764,232.8589,224.14885,165.41125,190.33621,139.2594,142.69977,125.11258,196.5776,192.86292,191.05142,180.71573,160.29056,146.64267,203.97705,209.12584,186.85379
128.61049,195.30922,165.0416,207.23465,197.51266,186.44116,190.7713,272.95386,144.3041,158.95328,227.54327,206.48608,202.0846,138.38379,195.8894,232.27005,200.75629,164.60457,157.82333,127.358826,186.75768,199.60243,159.70567,188.87134,148.00232,144.40546,144.64046,188.02843,186.0038,186.27167,181.60149,167.26083,173.44183,205.07031,211.97528,176.92722
134.76831,191.9028,184.37755,228.10983,194.51874,188.83823,178.38434,272.1887,79.686066,238.32777,176.34282,194.7426,190.91187,117.31146,203.10458,240.664,194.8463,204.5874,156.97191,145.83696,211.08946,191.05902,156.70935,207.55963,156.12819,167.70444,123.4818,195.21687,186.83032,189.30807,178.38803,162.47827,169.90057,197.55591,211.10413,178.22166
133.79256,195.42825,197.56541,248.6436,175.51224,187.49808,198.89117,261.2371,95.45415,234.90309,130.32869,196.4708,207.89613,103.35798,207.43506,233.04698,202.30313,193.38498,153.65317,148.52061,222.96358,156.662,159.63596,195.37984,170.12123,168.35141,126.462616,191.10298,185.795,178.6707,181.33487,171.16602,156.91774,195.55785,198.04602,157.52475
132.93457,202.0725,176.7037,186.4062,200.96306,205.50252,191.13567,257.8863,114.84465,173.37698,184.08371,183.57802,191.47745,85.79612,211.40472,220.18498,194.63428,210.7503,183.57826,172.9304,222.74057,212.05345,188.6022,191.55794,171.142,167.65443,131.18105,196.08801,183.32034,193.98595,162.66687,158.34079,143.78004,191.62558,206.27098,166.48607
129.68144,205.42375,203.63052,196.86322,140.92525,206.29332,178.26266,252.72395,120.960175,213.18715,165.01561,168.31932,182.05688,93.367165,208.69083,216.55249,193.30823,208.60565,224.20822,170.63358,234.18874,222.07475,182.80153,154.16966,181.57718,162.61002,127.0072,189.78714,171.12575,193.4318,153.9985,165.41464,146.86789,174.12491,203.21326,167.94919
103.43439,198.65173,189.81577,196.58408,166.68317,198.06674,180.94919,256.51468,124.62556,203.67604,199.0328,178.96902,175.521,93.994736,208.32008,210.9924,186.71295,198.65144,217.3815,169.47903,187.85196,210.0691,183.20564,181.51083,164.1903,171.30956,143.12138,210.2059,150.33707,201.08636,160.58615,162.21388,149.04517,171.92343,162.11772,174.13217
103.081635,227.77466,179.09105,205.30807,178.41238,203.83183,194.3643,283.08807,123.96492,208.71814,185.95978,191.75711,192.8644,101.0457,194.10722,210.85043,176.34106,196.47531,211.31714,169.3243,210.28952,202.06934,182.781,207.89711,168.72757,185.06398,133.16061,202.36783,149.99179,177.57127,142.82654,164.58937,147.49364,186.07704,148.02481,182.61383
130.43169,224.27274,194.09546,226.60892,130.84503,187.62134,191.81203,280.16867,144.78073,155.5943,200.16211,195.42773,180.14719,123.55797,205.19312,217.26913,182.36945,191.64334,216.4404,158.31969,226.5935,152.69017,168.59923,178.33554,192.21153,158.19997,124.3389,204.09093,175.37106,176.89719,145.61015,169.58932,146.44315,205.83873,170.78915,193.5078
124.16318,219.82103,191.37657,251.63744,134.27779,199.19537,58.33603,274.3972,162.13158,166.41649,211.56332,176.02109,170.8615,145.9888,203.7763,204.73541,175.36859,183.51625,202.00801,186.54274,230.53139,196.22424,143.16953,188.05862,231.29779,173.60402,133.204,197.35095,165.45596,164.64053,147.44553,176.96545,150.91426,201.7263,181.45158,182.50604
122.82105,214.17361,206.37256,260.76123,202.86649,199.79106,133.36417,270.6496,107.25049,157.6028,199.51825,185.4137,172.62173,142.70676,186.9472,164.41827,184.86751,174.02649,194.73087,185.63951,237.76744,209.4811,139.77777,182.71759,204.6185,149.2944,160.19168,195.83989,174.46645,158.6168,161.24695,163.77008,162.55391,182.10696,187.55309,198.26459
121.63943,213.05779,205.4628,266.44592,208.45987,200.62436,152.88544,267.3348,136.6455,209.55553,191.31679,178.36473,159.8913,142.56296,171.93286,175.03139,205.11539,181.83762,191.35733,188.67085,233.76361,194.16444,111.92648,169.20502,199.4626,161.47015,156.77307,185.13853,168.06224,171.76141,173.30083,165.0696,163.01071,145.96916,192.49762,198.83698
144.871,205.68765,195.28802,250.72093,205.32057,195.56381,157.71068,271.75607,139.30014,210.40265,191.99974,178.96815,172.65762,156.13696,188.00595,181.23865,201.21158,208.72449,192.70166,172.22069,219.67871,139.5031,137.0071,174.94345,196.10843,163.66592,138.41382,180.80379,165.25113,177.41058,168.4023,161.67752,157.37756,132.31537,199.84799,198.1225
149.04439,232.77686,200.00064,238.32289,176.37183,209.99019,128.74274,266.04062,139.05066,211.86354,171.24123,153.66399,119.41823,156.1633,179.13681,177.00266,207.04637,213.11444,189.15222,158.46613,208.60855,252.01099,140.7209,211.14394,151.14478,168.95294,130.13048,173.88492,174.39,180.64748,188.66675,162.78012,163.26875,142.11446,184.67201,232.8786
140.1922,242.86581,196.9104,207.8464,163.12024,230.12645,231.7151,287.24182,144.06004,204.13864,157.26094,197.07161,124.124054,154.0398,175.47357,187.42392,201.58527,244.96167,184.51315,161.48279,227.49284,220.48235,113.87027,225.97382,163.65685,171.6234,137.53519,172.4546,174.02417,183.90533,192.08139,148.605,168.9728,159.91641,181.68088,235.39677
146.52205,238.57709,191.95964,241.80566,210.66379,211.70822,218.26068,281.6332,154.69136,213.44456,212.06885,176.47519,139.3224,156.77008,150.33585,185.16231,224.80096,168.60837,177.82039,166.53847,261.2973,198.71924,129.09499,179.69846,173.52658,172.21973,158.01273,173.13998,187.99129,184.30597,193.16364,160.6847,163.15411,158.50804,184.41287,232.25723
151.21837,231.24086,201.07286,255.8873,217.74075,247.56223,193.68578,273.90106,156.21643,216.66142,197.37042,179.52786,139.75581,155.08429,156.45042,190.29742,179.04633,159.39536,182.66455,182.19847,262.4736,188.61288,135.44011,166.73872,184.82239,167.42033,167.63634,176.6337,192.31377,192.15988,206.52998,159.05376,160.77115,156.96712,194.45581,222.6037
157.8097,256.4601,211.42953,228.35896,164.86333,224.44283,196.177,266.54065,162.92935,247.80354,228.10127,177.10611,155.76143,169.87262,141.60695,210.59445,191.46481,159.1319,161.52765,173.63306,258.81583,204.1167,145.07487,176.71765,182.55688,156.2501,168.27104,173.29451,195.46194,219.45567,210.82596,147.97748,154.76114,152.12843,206.05931,222.33644
146.98265,244.99425,206.60515,224.40714,153.0532,258.4281,206.93005,259.50278,163.10931,242.92587,203.66405,178.95042,154.16324,166.51982,164.10645,216.73256,184.0856,166.35071,202.88269,176.97534,259.68304,196.6068,165.29509,210.93787,176.06085,161.70894,180.29924,174.46631,185.7412,212.30965,208.56018,153.2232,169.98065,143.60373,202.594,209.6791
195.48653,227.27696,200.2812,221.04602,186.0461,218.31,204.68155,248.85335,169.30862,248.1464,207.4521,208.67984,158.58609,142.10121,182.3969,217.74573,201.75749,169.60373,223.28207,179.13995,253.56792,204.12573,166.44583,245.77133,174.08798,156.79285,161.72778,179.28857,183.05144,201.6872,202.77313,158.42274,148.30817,169.63681,178.22443,168.4127
198.94577,245.63922,251.86227,237.70076,167.85184,208.11627,207.17197,244.80801,171.43286,255.236,197.80699,203.85446,164.55194,133.492,164.50691,210.35687,226.96205,175.18896,217.04211,164.02371,262.2192,267.13815,166.93303,234.25569,149.0682,180.29012,149.83475,175.42848,189.64815,213.70496,202.19324,165.85504,161.47282,181.51889,171.27928,174.06616
193.1538,235.8225,247.46721,234.46838,216.18118,189.09229,210.89703,243.39502,180.11188,259.99054,239.26752,218.18915,102.06708,129.005,147.89351,187.93915,241.13843,189.9347,212.36743,167.86694,270.47122,227.87839,161.637,241.40074,166.0991,180.81052,149.7843,180.69447,197.78326,209.85994,195.20435,175.56662,168.73254,167.5751,185.10892,167.26338
179.91275,232.31488,240.77258,234.00195,209.71399,193.84023,221.02301,249.0822,187.26724,200.2503,247.9839,209.92294,143.89258,153.0333,150.16202,189.4077,196.91998,211.69136,229.2676,177.70651,266.86023,133.20062,168.31656,198.14584,203.4494,180.14067,154.95279,185.22626,197.30142,203.6364,211.58604,175.52448,167.53671,175.49615,185.50829,174.7859
152.67499,203.72379,194.31013,206.92953,197.39096,206.81299,191.63191,254.89462,142.16333,194.38017,232.08969,176.2831,145.14632,159.5684,171.92679,189.41946,204.51312,211.28412,278.74133,180.0746,237.77104,220.79257,188.0592,210.58456,198.96606,174.33594,173.78482,181.20927,202.55798,195.28069,247.112,170.71503,183.38922,120.799225,199.36758,167.4631
159.6857,189.77113,183.0087,206.97305,131.78983,213.58994,193.8869,241.9367,149.67871,185.46031,190.22372,175.06699,153.96004,170.3713,177.34651,184.36671,217.42294,205.79333,281.42792,151.1491,240.39145,213.11015,186.5224,199.31674,173.61792,176.17905,177.0538,220.76471,202.60307,177.63617,245.51228,173.74075,187.08015,170.37825,227.75787,128.59003
153.9613,201.05098,187.3931,187.95038,194.00038,194.38275,184.9425,238.93011,155.88354,183.10316,137.69418,227.5115,154.00224,167.75833,181.05368,181.4507,232.57094,215.74944,262.49155,130.4624,243.5527,185.44382,129.19316,192.02121,172.0173,177.89958,181.85725,211.71364,205.74197,177.87253,255.08911,175.1806,184.24532,187.775,255.6929,129.0857
159.97012,208.56963,174.59122,193.18674,183.09595,207.36298,172.0125,278.03806,160.25597,216.99359,188.21912,212.50287,160.20062,140.72675,130.45822,179.43047,212.57166,170.67728,253.66342,124.725266,229.38507,172.66849,140.56732,182.59027,207.70943,205.63388,126.47266,190.07617,204.14458,179.12158,252.42682,185.63426,180.78847,194.14587,246.23466,150.5922
187.1135,224.37386,169.66107,223.4968,145.9997,283.6516,169.00348,213.5495,148.15442,231.51543,156.55667,200.28636,179.29045,142.29858,184.43918,184.8274,205.66031,180.67172,300.86716,107.586655,229.46942,177.41306,169.0966,182.48631,215.1916,199.04028,137.86696,189.1655,210.46861,180.32455,234.37482,167.12042,177.73018,193.73526,248.52747,155.31973
193.06161,215.0307,185.93039,230.52567,182.12048,176.95152,172.04886,227.01584,159.92558,227.87433,224.32376,196.0538,162.43271,131.84045,165.85712,181.81136,192.53896,173.71567,288.37573,132.7826,221.68448,226.51617,177.20111,198.19693,204.41884,197.03485,150.05951,187.85399,202.22768,179.32144,225.4685,164.07365,179.44145,201.84308,243.67644,199.26575
190.9755,193.98279,182.63864,238.5571,187.69348,232.73462,180.29259,215.71123,144.27892,244.3538,235.68929,197.24666,111.19626,146.52602,177.90036,175.43788,198.49908,179.165,289.78625,166.7152,236.1626,213.17018,181.98743,200.33528,193.23535,189.18358,144.86398,173.46175,190.56874,178.56355,237.4775,162.78299,161.1486,198.24373,201.34976,203.80191
185.56036,194.01924,179.88904,240.8516,204.50085,215.79498,194.02881,255.48218,111.14276,227.05452,199.2269,208.85188,97.450485,171.79533,184.14035,182.15652,204.6918,188.30171,303.32562,173.25046,240.1218,218.56837,166.59573,161.33186,199.7332,190.61974,146.12216,179.40741,198.95026,174.0627,234.16602,149.57164,144.87256,195.34555,191.51608,218.17596
183.83667,153.10023,173.39684,246.53375,219.28894,213.6661,203.46106,254.2367,135.99841,270.08765,192.39267,214.24634,122.80883,179.27028,190.52853,203.01068,199.32326,187.50246,277.93442,185.74612,247.00435,225.22379,187.34402,173.4255,203.16287,207.66849,140.2378,183.4964,207.42245,174.00977,240.77936,162.25601,166.50351,180.51347,197.52087,230.16922
185.97572,161.34518,181.98053,226.89465,191.13614,214.72192,205.72931,245.8713,144.23236,271.7579,228.83453,219.25693,110.00557,181.17477,202.56738,202.20067,193.92532,198.98483,280.59012,193.61717,246.76045,195.83994,150.10837,178.32205,198.43341,207.28503,140.66933,195.5945,190.05798,155.45164,243.13261,159.9096,169.53629,185.88608,203.84128,222.59067
193.0258,173.50584,194.88304,223.9969,208.60709,221.17694,198.45316,243.26276,154.88223,275.6942,225.4176,207.87833,208.65274,196.68352,194.39644,162.27237,216.1669,206.73428,205.11392,180.8305,239.3637,178.12662,154.66962,170.97765,161.2415,198.3641,149.79262,193.27975,189.18736,161.54025,235.25229,161.21667,185.3779,150.81758,233.52127,212.0377
199.83649,165.63968,198.30318,203.50735,179.17581,236.09763,189.51404,231.9908,172.91537,252.00362,268.45618,217.45892,194.85059,168.08603,196.79787,166.87192,223.94838,205.14981,187.3813,176.06454,238.68854,215.07251,179.82712,166.90182,160.37848,202.8822,140.03313,203.62787,150.1119,169.98639,239.46365,170.76555,197.23242,158.3136,229.40474,226.47209
171.85976,165.56586,198.61545,191.64253,210.51022,209.78345,185.67719,230.20753,183.83096,279.00223,267.4909,137.13559,188.94907,177.72212,194.7062,185.88025,250.20453,207.65623,203.55568,173.89589,240.90988,222.92944,171.44211,159.6503,178.20905,201.69542,145.25648,213.43628,156.91644,135.47063,230.55925,172.37738,192.48428,172.81047,237.56073,227.23477
178.70943,168.88736,207.21469,205.79648,211.31416,196.54373,159.64685,228.58783,175.52954,309.3572,239.83365,185.89389,164.6067,182.36198,200.40091,190.07614,244.11191,196.88608,224.18669,179.78192,245.30856,226.3415,176.0222,128.8312,165.87056,195.48105,152.1966,199.23921,160.49823,104.842606,213.2689,167.5482,185.98499,177.25452,207.89937,214.43742
176.34381,175.25258,188.91098,232.56548,148.07513,217.38406,183.34537,221.8437,187.0889,333.8504,201.79156,216.025,204.18446,170.66052,176.01955,188.5839,265.5753,189.14926,158.7108,174.93858,241.5118,202.12445,182.17618,123.80853,149.54924,192.54686,158.57237,192.13878,170.62003,110.53398,206.24194,164.82957,186.07626,189.1784,204.8299,211.125
183.37224,181.02158,192.06891,253.61537,168.13039,187.79184,202.10938,220.52023,169.26736,325.75995,212.0683,211.35417,175.65245,165.90195,197.24802,197.59756,239.9466,182.56963,149.37305,183.32773,243.53181,224.91663,196.7492,127.79503,185.7261,185.5474,154.23695,190.46141,166.92078,102.075485,202.76596,163.60373,181.02774,197.64917,203.79324,225.2126
174.62222,213.7269,200.8705,247.31976,229.6033,188.12956,187.05699,221.15982,145.11969,309.1004,261.01965,211.8184,191.17543,174.92012,200.70169,165.11563,195.67712,195.74774,141.07689,178.48227,262.46893,242.08525,196.25739,138.77295,187.33289,186.70744,164.55931,177.10574,179.29459,109.46402,197.72403,157.72302,185.09515,199.35983,166.07999,223.82556
200.41078,218.43654,200.20467,265.17206,208.82324,195.97949,186.28546,229.68948,142.67422,314.45422,274.98306,217.83685,178.13422,187.65308,207.34387,163.46024,203.76697,214.76923,133.5513,176.5261,240.7861,225.3828,158.56998,150.25085,176.03152,182.83516,167.01941,171.44028,183.33424,121.66458,205.26392,151.66469,177.28883,182.1936,171.1198,218.28146
225.21204,224.40353,138.24469,253.81027,172.48434,191.25911,185.43767,219.62558,142.73189,348.83856,184.18622,212.72105,184.4923,190.46423,201.85135,187.40503,168.99646,215.03058,108.160286,186.14275,250.61298,168.05719,165.50551,151.79675,142.1193,177.79044,181.33713,170.46388,195.05054,154.61203,208.86237,154.45702,173.60721,189.92017,173.52512,222.2061
214.99634,217.3585,142.37848,244.84781,200.3095,179.64233,208.71143,235.23096,146.79523,314.73062,264.37598,185.38237,173.27109,189.10936,205.6903,187.13759,107.86691,170.44925,97.5943,155.3595,239.30438,228.5513,171.77065,167.43698,127.721146,181.43135,177.757,170.27293,198.94038,153.6972,191.02097,159.32504,170.77034,167.41821,176.8361,217.89906
212.06898,218.97778,153.5309,222.16344,201.25548,171.33356,203.03662,273.09515,181.09906,304.16937,257.5737,189.4805,183.20587,158.13876,209.03903,190.2673,125.3667,164.31793,104.77781,129.5145,238.8682,238.59798,170.60971,168.84117,113.52374,183.53922,152.90967,162.71088,198.22559,158.28256,194.09436,144.54733,143.44167,168.2402,162.786,212.52359
209.3938,213.0006,213.66542,226.91351,205.88022,168.52866,206.58951,260.93585,176.90338,311.65762,253.04103,211.32338,177.7256,162.09724,208.7582,187.73775,131.70428,201.84897,119.68915,146.4629,245.64284,151.20384,174.78548,164.41185,130.0613,175.26987,150.8656,158.24898,186.54568,168.57922,189.90443,120.50459,140.71706,173.5368,163.96652,204.18149
212.6424,215.88269,191.62654,217.0973,152.52927,189.5368,151.04778,258.13754,208.31337,321.13113,217.94647,189.02591,155.13354,178.10812,201.8364,187.49896,151.93587,199.0697,148.83334,140.37857,243.94296,216.65631,174.84225,160.7708,144.35571,173.03653,139.99211,170.31795,134.24815,169.53261,198.2525,135.15656,136.8895,170.60599,152.67865,203.62866
216.14705,216.21587,185.58273,214.8593,176.70865,186.74786,149.39594,256.40958,190.68787,296.2602,276.94394,202.71889,231.8587,167.85324,155.94266,196.95212,155.76057,239.62701,145.72838,151.72594,233.65381,215.43915,176.5972,170.4127,164.55894,171.4156,147.85645,165.1235,151.18839,170.01196,214.55603,136.08643,139.84885,155.67197,115.91469,211.45876
218.80057,211.95985,123.05917,246.65709,189.28946,196.99542,185.18541,259.46796,193.79489,266.1144,239.29942,220.05365,220.35925,173.22137,203.26599,209.31308,167.78569,251.7774,156.08963,156.82837,195.70367,243.93774,160.97325,149.54623,162.4585,171.29697,159.22772,167.33406,149.12042,176.48874,206.60416,144.16374,138.99971,159.55782,110.02649,198.43484
215.1352,207.93164,144.97263,238.22658,192.60219,192.3951,205.84564,257.7122,204.65329,246.55864,211.36716,232.83327,217.39178,180.53384,214.38263,214.2922,188.5376,244.3182,168.73816,145.20259,225.37762,178.03651,133.72208,174.38657,169.72859,150.23807,150.19772,156.10783,162.25296,161.79468,203.46872,157.75145,136.02231,148.21603,101.45067,203.45425
213.9745,162.33678,164.55139,231.20767,198.77055,180.85657,195.40558,256.45715,228.26074,226.17033,232.42621,207.766,160.16791,181.9885,216.17915,216.4009,194.25754,239.72963,179.23134,145.25418,226.37039,172.10301,133.59167,172.61565,162.31953,151.93211,161.66003,175.33655,161.32768,158.73363,188.7576,157.04984,134.2773,152.43686,112.3918,195.76805
218.78983,172.29378,177.8927,222.68942,221.40634,190.0851,178.72305,202.78415,207.94153,216.53667,211.8609,152.70366,162.47487,180.13113,207.92422,207.61255,189.98703,225.72046,176.63992,148.56157,228.23074,188.53317,157.75229,158.06454,172.45625,154.15201,174.00192,192.66794,167.59808,166.70627,182.9491,155.37747,134.00728,155.22041,120.8063,196.06938
194.0588,177.70804,176.52908,216.15567,152.26178,189.49718,190.2085,208.31575,221.18147,243.37247,214.93687,148.0235,179.49088,184.02968,159.81561,198.32253,156.14877,213.37436,165.94247,145.7781,230.73041,230.07391,177.61876,162.38893,168.51202,157.07693,164.41586,192.74367,172.7615,193.9321,192.138,155.32068,134.99152,176.17432,122.04938,202.57008
189.3623,179.58023,185.94608,203.47333,182.50278,190.24207,222.3472,207.93855,216.69463,233.0169,242.63338,196.66476,182.03548,165.90439,184.49695,209.08624,158.4833,211.47107,151.10246,141.18579,239.76936,222.02914,196.1956,179.72995,165.1555,157.63806,171.42499,191.57904,197.85098,206.77505,191.87735,160.573,135.7335,196.66864,131.88774,206.42438
236.58405,182.267,138.4003,230.38994,190.09598,254.93127,213.00366,163.74245,155.37125,216.90588,224.17569,203.18602,164.12505,142.07101,195.74936,227.43825,187.61209,250.95364,163.64627,154.36652,243.59618,255.4146,197.5054,217.2415,153.11859,156.98871,153.01451,202.17197,193.9929,221.54066,195.97417,142.99292,153.39966,187.84369,139.64801,203.78352
232.83022,179.3644,155.36269,233.21147,205.99066,216.9844,196.78432,161.50726,168.09552,224.0683,229.98886,238.90175,169.8597,119.14207,171.26218,217.78996,205.84976,266.37677,181.46712,175.29895,243.40192,208.1961,213.9731,233.48915,163.50287,160.805,90.40643,200.8573,201.9635,222.00018,204.81042,153.70071,149.58667,188.52228,134.11809,216.33624
235.55508,198.90741,184.88876,253.48114,192.20262,209.31177,205.65381,176.00468,175.6083,218.50818,245.78159,195.42229,192.89911,132.55797,172.7051,222.71794,229.42892,270.93512,178.92435,179.01314,258.73914,220.9349,216.53769,203.11043,170.9637,161.24246,109.76821,201.11282,203.99539,220.62274,212.3967,170.30327,130.83173,191.60931,149.09949,213.29384
221.14326,193.18213,206.03516,275.56604,230.099,247.3292,202.5062,191.77493,197.2669,219.16922,232.54373,215.0863,197.47606,110.47222,169.50742,231.61697,227.60706,273.4933,187.64651,179.62012,242.1158,227.6249,213.52892,207.47214,193.53568,156.2182,119.974174,201.45389,191.89958,214.67429,221.34741,182.74483,133.33154,203.53717,154.12186,207.68227
223.99503,202.81236,206.41188,264.13043,225.24438,227.5387,193.53426,207.95187,196.15099,223.75029,138.32877,215.27539,191.29208,137.69891,222.54797,244.09595,221.07309,256.84186,184.40015,185.2908,241.84808,249.31924,214.90579,200.27437,197.88332,182.22726,134.42769,184.54503,200.70096,208.81682,176.88861,167.52998,132.9133,203.4206,159.10785,222.59973
210.16252,207.49872,201.81326,230.86604,208.48412,227.85132,191.8534,213.17911,197.1927,252.80962,239.9722,184.31314,219.82817,121.01602,214.59875,243.71202,232.67587,209.13661,194.43034,180.02466,246.82172,230.4962,206.07202,205.58278,194.17212,174.6509,77.91754,185.97769,203.06766,206.9059,187.9126,176.43066,128.2086,199.96933,195.93231,232.81938
236.00352,207.35767,242.08987,227.68048,207.0454,249.61617,204.45819,252.57947,202.84059,276.99213,223.60417,211.37657,208.34563,142.80441,326.26178,241.18613,234.89334,248.72372,218.45166,175.68477,264.0622,265.18066,205.78377,197.66013,172.89449,173.29391,35.667908,189.82353,197.8957,231.69261,191.12558,173.43806,159.36362,184.68442,191.11671,229.51038
229.9463,209.81186,228.07274,231.22684,246.38167,236.51224,211.65332,204.10497,210.72505,248.22769,248.18785,235.177,204.81932,168.63995,193.8103,234.12018,229.13014,241.83249,236.8361,176.39827,269.16956,269.17657,199.93372,204.4001,181.95757,173.71744,75.38313,182.0706,186.7324,251.1761,212.91486,172.44434,158.64482,187.6725,199.35284,235.65141
234.56895,228.72519,225.50769,200.80519,217.40561,219.58417,246.5285,205.81442,216.14673,246.24219,199.06436,254.60379,291.96695,155.31128,209.27075,223.1596,224.02779,260.60626,243.7088,184.63252,271.2381,262.65546,203.62953,221.09181,181.72137,171.2833,90.987175,185.7784,197.0303,243.9573,197.57318,179.59721,158.79745,190.49371,206.30017,233.31946
239.1049,232.55235,223.97589,209.1102,220.40976,214.02225,240.24109,215.60222,220.04633,294.01483,269.2656,238.62617,305.37823,156.53691,236.90572,229.00394,255.45865,258.5649,236.81029,189.48529,274.991,304.83716,191.3154,247.3813,175.37802,180.0434,111.09763,187.65755,199.18669,250.7942,189.3084,187.48923,167.36105,207.35483,196.1233,244.1799
230.11726,241.6737,222.75134,234.14835,225.75583,223.93735,246.01733,199.70912,208.22641,299.08813,255.91367,256.5151,316.291,172.31055,245.72325,258.36853,243.82718,260.57693,290.89948,192.17139,281.924,292.4906,198.41333,244.86551,179.96489,182.68369,128.33871,194.06024,179.60936,236.98729,191.14711,195.09619,177.38309,222.49228,195.4272,251.8028
231.35086,257.09808,226.8674,236.40845,195.3651,227.30548,242.80283,208.3296,219.5267,309.97696,267.78635,260.0918,297.52884,197.24057,257.15582,258.7596,252.20195,279.78656,293.9393,212.04324,274.09406,280.52463,212.93839,236.19644,196.94144,177.85037,119.044464,188.00537,188.78954,255.90189,203.32147,192.2192,194.21973,237.28166,192.90372,258.83032
224.96762,253.24411,233.00928,227.44067,222.5294,224.43527,257.3288,206.695,184.98889,289.41208,292.73923,303.35614,288.41522,183.22308,255.41418,261.28174,268.27463,277.94574,282.0466,204.72153,278.30594,303.39767,198.00444,239.2493,202.09453,184.4487,141.44182,188.83197,182.17157,233.29916,217.3179,198.01648,184.01584,220.94896,210.13838,260.15393
228.94887,257.19827,203.86414,222.14294,192.40483,225.91843,241.99013,214.69514,207.02109,231.94067,264.63385,274.8061,278.18152,182.35501,262.20856,274.82584,276.98297,278.93085,285.51834,196.94864,275.0139,227.99928,216.35849,229.4158,199.02373,186.98187,147.39868,230.65323,191.76917,229.45302,215.39134,196.38824,182.0336,215.20042,224.18297,266.30695
222.78561,247.5412,203.63672,244.05362,195.78964,222.17603,265.80258,209.88425,207.81331,245.77136,202.22852,245.43272,270.30783,178.11699,266.0569,268.9502,277.94022,273.33694,277.11392,192.44592,273.2343,276.28265,192.77922,203.95291,204.32428,164.79471,152.5795,242.34923,198.42041,240.58604,216.61337,206.40208,187.66791,194.78659,216.24171,276.9041
203.05698,251.03699,220.29239,218.29994,195.7574,236.87842,258.6457,221.39757,221.0958,240.93143,249.65869,263.10107,265.55594,157.21126,268.0228,267.5237,271.72583,271.62097,302.2915,181.56668,267.94077,222.37344,208.9908,228.28871,210.59319,149.12839,102.77843,231.77248,208.84778,258.55292,208.3578,207.39566,190.71492,204.1562,221.95111,267.83218
251.76422,252.15947,236.92134,251.23347,228.85046,231.26117,242.03253,215.73619,230.43542,223.90247,266.83878,241.17635,248.13058,157.54404,248.5415,267.82257,267.2348,269.48566,305.34515,178.80148,306.7235,257.9343,229.86302,273.92792,223.1604,148.3215,117.121994,247.32051,214.82173,266.15076,194.14822,212.77109,188.54239,228.27553,224.9246,275.75272
248.34254,260.79236,275.77148,244.77516,232.70294,227.42131,401.36752,222.58554,237.04578,314.69495,232.65627,250.03496,222.87581,170.32338,247.28185,259.895,272.61493,270.37494,288.18118,159.01389,307.1834,278.042,255.28645,245.77519,213.80539,174.94394,133.19301,240.31998,212.05618,242.6243,207.2522,212.41043,179.16203,218.3832,191.16315,272.7879
253.42714,265.2271,202.97052,250.2015,228.37363,239.2466,347.86908,235.09258,237.49435,295.66925,324.5291,253.33405,225.25574,182.59354,248.40326,253.63655,301.6624,268.34177,253.1329,194.81828,289.34036,277.25507,231.65286,242.82028,195.47787,174.69742,134.44588,252.98814,214.44778,245.53342,245.86606,220.24863,183.85526,207.05258,178.38327,284.7909
250.7937,299.97238,218.56346,222.8762,251.67598,245.26025,299.51907,240.94739,234.02155,304.57632,297.93155,273.4412,221.56552,162.57773,190.75464,249.01639,286.03226,285.39508,234.02519,193.77174,253.68127,276.70334,232.91818,243.43791,205.7598,174.07436,144.89212,256.35132,218.46442,257.29828,247.76727,221.95831,163.13847,204.3739,188.53351,284.41132
240.64618,309.36176,224.2329,219.72577,223.94588,299.75638,290.33325,213.00555,243.60011,321.43085,315.56537,274.86908,166.268,144.604,222.72717,242.03993,313.55792,290.9373,226.50604,188.84816,254.00775,210.15463,214.78728,221.84377,250.42154,186.12192,150.23927,235.4079,216.57599,245.77036,250.56671,232.41049,162.74283,213.20801,194.72156,269.7589
243.09625,296.0947,229.12476,218.71828,252.93924,266.7119,280.46664,222.05562,216.42819,303.90613,297.85382,255.67435,179.39693,134.65636,229.35318,228.40768,301.55432,280.28946,229.98639,194.90437,265.37323,263.66486,245.43797,258.525,244.9027,183.47375,145.041,222.6756,218.73088,249.454,258.49222,226.58337,170.39098,217.72882,181.19809,252.0593
237.45259,286.1621,216.17337,220.11307,259.97958,254.88544,282.98938,230.02878,239.85327,296.1073,298.99237,264.89847,190.08984,127.10557,239.37926,194.25348,286.62964,276.52478,223.1468,203.3709,265.61542,282.03812,224.75513,261.7625,282.8122,161.76744,168.5704,221.91783,233.9813,210.40405,268.99295,220.17001,170.98053,206.13223,189.53738,243.8931
233.90845,287.128,242.86436,228.13272,229.63608,244.6278,274.48282,244.15901,250.26053,283.98596,296.938,268.62888,196.09702,138.31165,239.538,199.4829,268.78986,287.4035,220.99016,201.78537,264.1128,297.5688,226.72891,252.07843,318.67303,169.20383,188.61731,204.58887,238.62436,208.49408,258.8328,224.14786,176.56187,203.73921,181.11116,238.23422
220.45647,281.72095,230.72713,222.26068,234.12564,252.14311,252.7509,250.75307,252.88522,294.57477,303.1337,272.27628,201.39767,122.51698,265.26498,206.49956,260.69788,324.486,241.95668,212.1898,276.9708,254.37766,234.95528,239.86594,291.77533,173.88632,178.17932,219.75412,232.7093,207.21451,273.2159,212.42197,186.17258,212.78415,184.66376,245.57405
218.86244,273.0861,233.5597,243.099,229.16583,254.35725,257.5624,258.3708,232.26064,296.8237,300.08344,269.61215,210.7941,120.59103,260.49072,210.37059,268.90704,309.89267,241.3629,217.5937,280.2566,277.13983,253.18439,243.60071,284.76953,172.01993,173.9696,215.36803,242.10472,210.77084,280.46198,218.41507,189.13647,200.94226,174.11407,245.94475
222.29375,246.70798,249.42355,247.74777,223.77242,251.07118,276.73285,256.5722,180.75046,319.66205,277.52264,279.24,233.17192,119.67866,265.97253,212.17505,298.24347,319.08887,235.86812,221.96048,246.88437,293.12332,248.13724,234.4559,266.3819,177.26112,176.57535,222.48737,250.44887,246.9724,278.77768,206.15045,189.97057,193.09554,181.9547,251.2612
232.61438,229.084,245.10782,251.76762,236.01888,270.68835,261.93652,248.8185,202.48393,318.0174,294.14474,266.01666,227.0409,108.50617,258.2788,213.9256,292.17053,301.8979,273.60864,234.27164,272.45813,196.05124,264.3415,253.33505,254.94548,174.88081,186.46915,223.99048,248.66849,241.86722,286.09247,212.769,193.47029,207.01263,194.30252,257.05704
226.21274,237.9724,260.18793,241.88026,237.37291,270.47104,254.76141,258.23758,222.31494,290.6919,294.10425,162.25241,241.02637,128.66168,221.71915,216.07162,288.2935,294.6444,251.35696,222.39653,297.74384,236.26834,259.33,250.5415,220.67883,156.39554,183.59512,221.78098,252.06131,251.54312,283.76227,215.65518,190.10078,224.57529,207.86183,254.46341
223.89734,258.33005,270.95764,245.47826,224.49936,255.13504,244.43558,261.24634,207.52438,301.62695,248.0232,213.6706,261.06958,147.29477,228.0698,220.79868,278.65622,292.14896,265.91937,223.76173,279.568,273.3816,261.6095,250.41663,210.13474,149.0398,180.8829,230.84195,258.68817,244.92696,268.81458,215.31049,194.99638,230.73407,198.21024,265.50317
221.0419,270.20023,260.2221,247.96988,213.5806,268.46857,251.18883,264.7658,211.79456,313.94083,236.23746,222.08633,253.26819,144.18152,233.00699,221.98703,276.5948,273.30792,271.54248,223.8714,298.70566,288.55908,250.97113,211.23154,246.93893,150.78699,177.46974,212.74892,248.69968,236.67828,278.03165,219.07626,185.7862,237.1229,217.30429,263.71695
216.08282,244.97995,259.344,221.14992,233.63063,258.87396,231.4017,242.7034,221.98227,302.6323,295.24118,262.9983,267.19904,151.33813,238.3095,183.92987,271.45154,277.73395,225.11253,222.2496,314.3612,315.15442,244.30478,202.70499,263.30823,151.727,188.3957,217.25261,248.68857,243.98132,282.28552,210.42615,202.13824,233.05003,229.37714,266.05878
204.4633,246.05496,293.14557,233.04727,196.23729,250.18698,239.39337,249.53125,225.35214,292.45392,285.72485,254.37227,237.41518,159.9729,244.92624,159.1623,275.58832,286.35815,226.94449,237.76047,310.23007,294.0494,229.62279,197.2038,256.80405,153.28098,142.58775,224.19577,262.152,248.77158,291.8774,195.01883,201.82803,241.38345,236.75977,256.32623
199.77505,244.99803,272.79623,245.23093,191.64949,252.61447,225.1437,256.51627,236.90762,284.42688,292.95535,255.17297,237.15399,165.9299,252.9654,147.0763,273.27182,312.14154,230.58316,223.8776,317.0362,337.9644,257.13315,226.45952,278.473,161.43297,148.76054,226.76332,241.21445,252.34369,288.55023,192.03049,199.93295,281.86935,246.6036,255.25095
185.25572,252.7741,302.89502,251.31258,188.84457,232.31314,261.12347,214.46823,245.70453,281.17694,260.38553,288.60352,240.21341,182.78564,234.66937,172.97156,284.47577,328.34048,249.76779,224.96898,325.33038,346.04187,212.00233,244.63983,259.33893,173.02866,167.08395,228.32715,244.73541,248.31177,278.5019,196.36441,189.29243,287.4683,229.4935,247.3012
181.87909,254.64728,279.60297,272.01013,208.74342,243.55884,273.9709,225.61691,246.02878,277.45743,310.3326,309.58826,243.03838,166.16068,227.0325,191.03638,281.8485,310.2521,228.71922,209.43109,335.76407,273.7959,214.1235,255.67761,240.4625,181.81325,172.04413,238.4572,249.75752,238.70493,283.02536,194.0827,176.88815,285.3756,209.77065,250.24347
176.85938,254.16718,281.34686,272.7184,262.86594,193.50064,261.1823,240.61348,245.51447,221.9183,218.36072,288.71704,239.19217,187.40347,242.31094,204.68138,296.61774,324.62766,229.4693,218.79385,319.52145,264.95642,222.7185,242.26955,248.15135,180.13797,171.37663,247.11325,247.53366,232.47742,268.15283,222.03891,187.93555,284.03055,214.81439,258.4338
173.14635,248.83606,269.82623,264.66095,259.7857,235.24193,257.0762,258.64377,228.19788,276.83112,217.28464,259.74173,236.60687,193.22403,243.82642,210.70831,286.21313,332.65698,212.15181,220.25832,315.11734,304.0733,218.27612,246.12811,225.55392,191.49826,172.0892,249.77902,250.27432,246.5366,266.10056,220.52579,180.80621,275.64984,221.46075,270.4273
162.04935,250.51035,268.39905,299.79407,199.47455,243.71797,258.71085,267.75012,213.288,282.34625,188.53568,273.02515,253.69238,190.59146,227.12231,242.39764,315.1028,321.00388,202.82504,221.54538,321.629,285.20554,241.4414,224.02325,225.86177,169.62996,186.01071,244.19287,250.23967,240.00385,265.66718,194.33548,171.40219,273.6442,224.80594,264.29926
169.8113,253.99643,265.06055,302.97845,255.15517,248.33527,253.96642,280.94766,216.01257,232.15178,263.4677,194.6636,245.95728,198.47647,241.91708,245.19002,301.53427,312.5144,198.92384,213.17639,332.16403,280.774,245.71466,205.49088,213.44356,175.52292,204.02666,225.39171,227.69878,243.52258,286.15048,206.61925,151.5672,252.15656,201.41731,266.8573
197.44696,259.62378,270.5098,326.30762,257.10846,254.84293,259.22003,296.69418,249.01788,232.67236,247.16132,223.76936,236.48239,206.40201,252.90988,242.31943,292.41818,298.27972,210.61171,181.59283,323.02222,289.24573,232.704,230.62909,222.67664,174.20125,191.11519,207.62523,241.80011,251.99147,292.12073,211.96628,158.233,262.43726,211.43198,277.16833
195.95377,258.9967,332.358,283.32742,293.37247,252.0636,271.3833,286.86795,242.28206,255.86176,275.66345,258.3764,229.22104,221.9935,290.42014,239.89816,286.8017,286.07227,218.76166,178.40764,317.88406,274.91263,233.47429,223.53453,232.10019,184.71384,213.7107,213.53082,239.77509,251.81119,277.1762,187.96918,161.51956,280.4014,204.63605,288.2968
197.7864,270.91425,311.50153,278.08258,265.65305,265.29025,274.4263,287.81213,243.88182,270.23346,306.44183,281.1568,226.51431,196.02585,270.75272,241.19948,304.44614,284.12152,239.55807,181.99384,258.76318,285.33527,247.7371,253.3533,247.34937,188.463,205.87976,224.22845,258.8114,251.58447,276.6682,186.35385,174.48889,299.27362,221.3037,299.42233
196.25647,275.58017,293.04868,300.70795,279.4792,277.42978,250.1915,306.10303,245.49307,265.41925,279.73337,258.86655,224.49263,187.89415,284.37115,248.875,295.8811,283.75757,258.29703,192.11374,282.78503,285.48676,251.21432,249.49503,236.70946,185.5357,196.94185,229.56287,262.32083,249.97473,258.9099,199.3197,186.83792,288.65118,258.10052,293.82788
194.96886,266.74872,288.17596,304.42502,256.44525,271.84204,252.39236,308.46423,250.5516,270.87613,253.06117,287.24518,224.07597,170.21956,288.09058,239.98163,297.08405,239.30348,252.49808,206.5016,287.9922,294.80237,247.27557,253.74182,244.43835,189.34297,196.84369,232.78485,257.90625,249.63129,268.58182,225.76025,185.48819,283.15848,247.05038,289.5317
190.91461,273.37512,289.05984,330.02063,277.6309,256.05646,273.7118,306.11795,230.40366,265.4674,274.279,292.57877,248.53244,184.6908,281.35153,267.21835,293.44843,244.86282,204.98267,221.31879,311.6537,282.82092,226.95976,258.45105,250.66742,194.56935,195.1103,230.8005,254.6054,234.90965,304.53354,226.88824,190.02112,264.3902,250.11307,282.4163
191.04994,288.06177,298.38123,333.31464,282.43924,296.37744,240.9093,311.26736,227.58875,268.38348,296.79028,285.41797,225.70755,202.55246,238.55005,269.14975,291.22424,283.62576,161.17288,245.45995,315.59842,286.07397,250.23349,255.1614,283.68207,197.81372,209.8314,232.0162,255.45403,244.89198,287.1568,215.99008,187.26207,274.94687,259.85132,273.7294
216.63869,291.7857,285.70825,333.59473,299.02075,284.01752,203.13367,306.3734,236.9049,301.80957,253.09935,281.1385,230.87805,182.30347,258.69128,273.42758,294.81598,275.67395,170.75668,247.02623,332.6025,316.1872,239.33243,249.75177,277.06152,193.33543,236.11746,235.34332,262.00156,255.35442,268.41702,204.86842,194.67377,235.22841,250.4944,263.36066
222.1169,320.72632,286.1906,316.13022,300.6521,329.9922,238.34967,295.6416,212.89508,304.35135,324.97162,281.85266,216.97063,176.4338,270.7057,256.71805,284.06094,272.5016,162.55151,245.5623,338.98682,295.57233,223.35059,283.93335,250.22083,193.84717,214.46684,237.64613,263.39438,254.5317,268.74783,206.42075,193.8693,222.02997,254.03664,265.56006
219.18106,317.7641,283.11407,309.53897,281.8881,346.09036,275.64114,317.25504,212.88872,325.47552,289.84216,286.2954,216.54257,196.20172,277.10617,264.12363,280.53488,262.27213,174.9964,234.80847,325.00247,282.97913,233.09174,278.56476,260.1058,206.36974,201.41458,240.71527,209.75519,253.1814,278.28107,214.79878,189.63222,209.62064,259.79843,274.62573
242.8539,312.42392,281.83487,318.27863,228.54727,301.80624,263.15308,319.9088,226.00272,347.24503,302.79977,284.61237,240.69899,173.38367,259.4556,263.12646,297.3693,283.03983,162.80608,254.36244,315.92786,168.75493,244.36415,259.11847,251.7232,212.13852,183.43997,205.26343,216.10164,263.55875,274.0174,222.67114,165.06776,210.33873,267.02084,277.5268
239.58304,306.53436,279.30972,305.86353,261.72522,270.59375,244.09918,323.95172,238.22063,315.59726,305.77798,244.24132,226.7174,176.01102,258.53687,259.56607,260.69086,274.85718,178.15152,221.21475,301.11026,333.13242,233.09377,250.18907,244.28514,215.4331,185.50548,218.88428,227.25008,271.6825,282.39487,218.5938,169.9498,220.52695,294.66772,263.21088
238.38118,299.89673,212.22568,325.04663,289.766,210.4816,224.65768,320.91327,244.97684,260.29596,288.53183,274.52142,265.5,160.00414,238.80267,261.7401,267.31458,286.45258,176.49034,217.24838,314.55994,293.6052,251.98093,265.92834,225.06049,207.86102,200.3544,210.60526,239.34476,278.09274,299.58124,227.01813,161.17105,209.52325,295.00317,270.1747
241.14006,287.11182,220.49783,316.3179,290.19885,236.53787,231.61923,316.57913,272.3323,274.57037,259.30817,277.22,230.2732,172.23297,261.0939,260.88113,281.92566,287.23773,182.08406,219.57996,324.2472,294.6296,246.31842,270.35748,222.5243,232.22107,206.66107,213.94112,254.29315,273.78302,301.194,225.09007,166.2195,211.1002,270.46744,267.83716
241.69678,272.2458,168.23065,303.60287,289.39728,296.34024,254.37119,323.88876,262.98633,275.0434,288.60266,283.20224,239.23828,192.93654,264.64722,255.90466,288.44705,289.72083,139.89925,233.91893,329.6893,181.5576,253.2933,274.16415,231.20532,229.16527,210.03026,204.68596,242.03482,235.52988,307.93387,202.18307,168.84637,202.78873,273.08755,224.01804
235.0557,297.7129,155.41217,303.66724,211.68335,209.91191,246.21512,320.76538,261.83148,261.9532,293.49365,250.58362,237.16931,166.4385,271.0001,218.26242,317.09705,244.91826,143.5478,218.72693,284.89227,258.06464,243.38307,208.64667,226.10503,223.3741,187.31662,230.52153,236.16243,218.16179,291.01572,191.23274,172.98914,169.07042,271.81155,185.32182
238.69951,294.34537,167.4319,313.02084,211.22595,275.0532,252.57538,328.6152,262.50836,286.79932,272.57474,270.73636,231.28467,187.50616,266.07828,237.03784,323.89954,269.769,166.18092,202.30391,311.13477,287.5924,242.07907,223.66829,225.21869,221.236,193.22989,199.2512,244.26874,220.3354,282.5134,205.35461,161.46123,180.37866,270.12466,190.0073
236.672,285.1463,191.56882,280.56943,221.96494,259.38397,262.98114,312.85052,262.81097,267.92328,315.10486,307.3786,224.17732,186.9285,302.53668,247.4277,310.10876,261.47748,194.4761,202.90689,321.95828,324.1135,224.99959,241.72159,198.74811,221.01408,205.79486,205.1129,248.81631,225.70132,280.29358,204.10355,168.52864,195.26064,269.19543,207.04628
235.24037,280.73788,209.52834,278.97943,246.62247,247.50754,263.9466,288.24942,287.78952,267.85486,282.59033,294.20245,211.27307,201.07402,301.77307,254.46442,299.06122,273.2239,198.80325,215.2153,317.84796,288.7665,233.52695,236.77434,203.56139,213.41379,221.73474,228.05429,242.08447,232.90489,272.0592,199.36795,168.03331,200.65146,277.7803,214.05612
231.64793,307.8419,217.53171,257.58725,243.37776,255.69424,259.32208,295.2342,277.2807,281.04248,294.16602,286.27045,185.28691,222.13809,242.38107,245.41547,301.6117,280.91162,200.88564,209.33347,312.2104,258.7504,226.52646,231.5422,213.03871,205.01453,220.04063,226.68124,224.47992,244.51358,258.64526,188.0514,173.16582,206.47015,279.81458,211.73157
224.79414,299.48828,212.3996,257.4312,251.18353,232.17099,223.60464,297.16318,279.7017,276.41797,261.9313,311.33914,185.45032,192.07187,251.64645,242.16476,298.60254,274.1497,222.4991,213.72688,288.01904,212.60469,213.46814,209.81659,194.78992,204.07999,220.04999,227.0629,225.69955,243.0043,249.57217,217.18436,164.42802,214.30728,273.84702,224.81577
218.90396,285.86884,223.7399,263.40317,249.11555,237.70221,256.1944,257.6701,273.88623,274.6836,277.72003,301.6078,187.34737,196.41458,245.54922,262.36053,311.68698,276.3896,244.83841,212.43521,292.89697,269.9522,215.8412,210.73901,243.17273,203.92426,199.1726,219.8642,233.23758,223.16737,250.81818,211.04193,169.50287,239.61362,273.09326,239.35443
215.84076,297.72485,222.00839,247.38837,261.6653,242.96284,263.14838,293.0907,262.76047,286.14124,330.33536,309.45593,195.64926,203.25526,227.8651,269.301,312.71158,266.9094,247.1044,202.75653,304.44516,273.9413,209.5736,203.9095,230.18198,209.36154,195.80495,189.66602,257.0232,241.04413,246.13293,210.31577,186.53917,223.42062,275.1198,251.67691
219.41774,288.02396,235.98224,262.0308,222.16116,239.5144,239.9226,286.49503,262.44113,301.96692,291.17627,297.48563,195.38776,183.24036,234.19983,275.24365,296.4744,249.55719,301.59222,215.71481,327.8932,297.3537,187.94916,230.63292,218.04105,214.64442,193.25156,166.18614,261.1994,228.32858,287.63318,217.29852,188.59714,233.10187,279.15234,265.77838
221.32584,303.77246,214.99048,278.64618,212.71555,292.1629,235.5243,293.12335,269.03827,301.09967,251.11597,293.73682,204.79062,163.59863,249.39905,277.31793,305.28162,256.6527,327.5099,229.08334,328.23846,298.33783,197.015,212.77594,225.6195,223.76604,188.57587,183.96216,266.29544,230.57672,287.43402,211.2862,192.28369,244.91202,282.93842,269.7699
207.77635,303.53287,231.3612,280.47525,286.0339,295.92596,235.79532,327.7508,275.4906,289.58203,304.00854,310.2204,204.41635,189.56422,246.30046,273.72028,312.02176,268.94897,327.37616,242.49594,331.9665,289.59552,205.77972,196.13492,228.40924,228.78915,177.41164,198.61185,257.7719,249.23267,275.01584,215.86586,193.61966,267.04248,256.6994,283.2276
206.42613,293.82275,289.77362,257.31595,258.60742,359.71536,248.48212,335.76495,272.44595,305.63187,290.14624,289.25983,181.82361,170.56506,254.47108,276.47223,304.56134,290.15833,329.124,238.76718,281.20108,307.08304,212.36687,226.43803,235.4456,232.4225,185.62318,219.70642,254.06009,251.60773,252.43134,213.78008,196.04283,275.17197,241.41077,281.9243
204.88763,295.26846,272.93082,243.35971,259.18237,321.83344,263.4102,347.6514,240.67383,310.80603,298.70358,294.6761,170.63455,195.22067,247.2409,285.51205,293.92047,309.3254,323.22687,231.11566,305.17358,264.8849,237.33694,261.97754,245.3659,231.34036,187.00417,223.6728,251.56557,267.46948,256.68036,201.73656,191.83058,271.80542,240.96004,285.29175
203.08676,295.31464,250.76797,232.7591,213.51852,301.9737,273.01877,331.32022,238.95879,326.2979,268.37805,270.9217,193.0383,188.09296,249.01366,288.07697,293.20728,309.83295,286.33737,233.41331,262.65442,295.08157,254.00354,270.73926,250.65765,228.87222,190.70872,228.31787,248.94334,262.73657,260.50018,215.76262,193.7778,283.1348,236.08139,282.78427
194.85295,302.79028,254.68279,269.12506,213.79419,254.38693,259.3809,325.4726,241.09305,330.39798,290.3911,267.40732,207.95107,191.89044,256.82248,284.5377,290.7232,304.09766,301.75684,234.83806,301.00067,232.73355,255.90446,270.92267,255.98459,230.22084,198.2941,239.63171,259.5084,257.83655,258.69943,219.51958,201.20985,242.32387,247.12491,295.75592
200.7632,297.04877,244.04938,267.71365,248.06822,271.33896,282.3049,332.8523,196.44144,296.72983,293.19174,272.69427,234.49039,195.06749,174.19952,285.61035,318.20612,316.30066,296.86057,238.59157,298.6629,338.44528,259.90952,261.41827,254.422,226.6798,209.38623,238.42435,266.0965,290.88965,254.65039,228.89175,203.47247,227.97473,226.96292,292.23782
198.96823,305.79187,259.32172,278.04227,278.57114,275.59604,288.6573,329.52618,189.82085,330.47437,321.95984,295.1232,235.77802,211.4253,197.68716,289.34317,327.5775,345.30377,275.69983,237.25763,316.4627,315.1771,235.7944,254.27448,247.61513,225.06235,201.87936,241.37233,258.2184,281.37173,246.94266,227.74156,202.88824,236.22275,241.01051,296.0215
180.01749,308.80997,249.4053,286.3976,245.01842,272.1707,286.77997,355.87494,171.67987,351.11658,306.56854,306.1691,254.67552,235.49908,214.4685,282.9906,328.1133,334.38504,250.99947,237.03317,323.2522,313.72372,237.98697,281.8121,252.17177,224.32352,223.32709,253.62126,248.54002,274.01035,252.76895,229.15459,218.52945,224.00488,272.87994,300.50784
187.67813,260.51312,277.352,310.4343,229.23361,276.80103,265.40195,347.93564,201.37468,330.72818,292.66434,274.31204,263.27237,242.4557,238.21747,247.38318,329.02466,297.81116,245.70139,224.70573,283.263,323.79984,226.78154,276.46304,254.53857,224.55177,239.88916,248.41904,248.68678,264.44516,258.40506,217.9701,234.9474,218.44681,281.2202,296.99774
183.44843,270.21387,214.51987,303.9301,242.32016,263.74515,270.43332,329.92603,223.79332,329.37262,246.59778,280.0019,253.94688,252.79514,224.97699,274.01767,313.32727,299.89453,241.31699,211.27472,315.33264,307.2277,224.85341,239.38278,257.38626,227.32407,234.608,247.06602,246.05138,266.1954,258.38007,231.74728,232.20694,233.8552,281.21783,299.99402
178.8441,275.53885,231.6158,288.18924,291.98166,267.91656,265.90604,341.63736,240.81377,339.0676,330.6727,278.6974,266.88342,225.95154,226.19214,236.0965,309.59985,341.79022,239.305,191.55594,333.1131,253.00812,231.30286,208.2673,256.26212,230.98114,234.31328,260.55585,247.79207,279.658,254.58664,226.1954,239.0568,247.16733,262.92444,304.88586
185.40112,271.4846,236.5497,280.77496,231.68188,255.4931,258.47186,335.3036,255.17982,316.42792,289.17566,250.71619,235.04486,244.40839,241.91463,247.05423,317.9898,325.70392,233.55267,198.62592,340.05942,302.47867,262.32944,233.45634,260.6654,226.41798,232.17043,246.32811,249.19481,274.1306,248.6261,228.55165,228.74869,245.36285,264.1749,306.6776
213.02357,268.54364,245.79718,278.97342,279.38748,296.4255,268.771,353.33905,257.05997,330.7874,248.95596,272.57782,215.56538,249.97015,251.25885,251.50818,307.66254,344.21017,214.74005,199.938,340.05417,296.74286,286.5504,252.62093,234.78116,228.10791,231.88109,245.06216,254.15945,260.6854,254.85123,227.6289,241.79541,241.10258,266.94464,312.26065
211.26366,242.79138,247.16736,292.63962,229.42429,289.74265,281.6766,350.6176,245.05014,315.63016,323.66315,272.96896,227.57436,268.64908,250.4447,256.67413,300.77905,343.81662,226.2038,201.94598,354.05225,247.49036,291.38336,243.48781,204.30916,229.85223,224.79959,241.6188,251.66267,261.5792,273.76425,230.44019,247.15659,282.21408,264.95935,314.43216
209.71552,238.63725,228.88087,315.54614,266.0557,304.29355,273.32675,348.83997,250.7448,310.85452,315.56494,279.08237,240.78778,269.24075,246.32272,276.0596,288.33066,328.39868,229.22499,186.08319,343.94385,269.06897,278.64413,231.01413,218.6978,232.41083,226.9852,251.56874,254.38759,263.64432,278.4356,211.875,241.31854,287.71246,229.1105,314.39673
216.63684,242.8251,249.01907,328.78387,241.61383,279.08344,252.85529,346.9745,239.1058,324.84354,278.8926,309.90857,227.89062,270.82794,269.15894,272.9734,304.26788,350.25034,234.77429,179.93048,320.39676,263.4477,271.50247,277.1441,222.93878,233.46034,231.50624,251.17126,257.60883,255.02267,268.55554,216.35712,241.25052,284.38943,233.59915,318.50592
215.35864,248.41458,257.28754,316.80054,268.6673,370.38248,311.50696,340.20697,253.0434,360.66986,301.91458,305.17932,224.6085,240.47217,264.107,267.45804,302.88464,375.16354,233.58037,166.9519,321.27798,290.4124,251.35832,255.34406,226.67326,229.52527,229.93901,250.85895,261.37152,257.78,269.65326,209.30284,245.09344,273.9768,227.92052,301.3866
221.98947,265.00394,265.81674,310.3819,314.8949,311.78247,286.5989,319.2675,253.65555,346.60776,356.1258,283.51828,230.15994,267.7527,263.0591,259.6593,318.87097,334.7674,228.23308,175.88737,281.32474,276.98544,247.83142,276.3829,212.22543,225.39597,218.99077,247.71915,261.32007,231.93799,278.8765,212.76105,231.8789,294.80124,228.83249,294.586
220.25786,265.98257,269.323,294.11517,236.0162,283.5024,295.56235,302.24976,256.10898,360.61676,325.9336,282.44095,255.23935,266.9485,262.9152,261.31876,315.3267,353.82242,240.17244,160.95291,325.21423,358.56613,243.37857,248.65791,220.78912,203.86952,220.7918,250.30794,258.66257,242.26234,278.00684,224.15857,238.51105,239.48248,242.65742,287.4619
192.39116,276.6289,262.85788,281.63818,293.19226,284.53113,285.29327,300.77225,246.37701,340.85278,303.18698,304.32562,269.12784,272.32327,274.78812,274.46555,338.08157,359.92743,239.79391,179.17874,339.82413,312.129,246.91525,252.14322,195.19453,195.28326,227.20352,230.80933,263.01132,256.3249,267.70697,203.83252,232.78842,239.15335,279.2577,290.4613
188.68513,277.53723,266.00522,308.12503,265.19305,266.96976,336.02502,306.56342,198.19121,335.32376,286.76428,295.59348,280.3892,278.3639,278.82043,285.98553,329.40775,352.94788,285.2718,193.22601,334.82382,367.13696,245.61017,219.33356,223.84445,197.77795,227.14299,229.4932,264.2998,239.8794,259.63882,209.51294,220.09586,236.02303,266.38638,273.75464
187.61787,283.02707,259.76886,307.469,265.3886,265.2169,336.66708,297.80103,211.9459,368.3686,345.22632,298.82224,271.48346,265.94675,289.7014,285.18765,319.49164,352.04282,285.68884,197.20541,295.5917,340.898,249.76988,241.1586,219.0488,198.4919,166.09618,230.64194,270.50122,258.47186,255.70023,183.06241,223.81659,241.51085,270.39044,289.77637
180.6634,297.9591,249.77109,334.6435,242.52197,261.07068,395.1557,310.06723,219.13635,388.91507,332.5493,310.2319,340.50323,260.75037,287.35446,286.8472,309.13596,357.93723,321.41708,213.99275,316.25992,312.84235,249.75578,256.69626,203.70981,204.28708,163.77112,231.08026,265.69095,260.29544,208.64554,176.1502,225.10178,264.91266,271.70276,299.13953
182.04124,277.3747,281.0808,345.41132,290.7565,283.71338,428.8216,314.6187,230.2865,348.35004,334.4702,303.09348,328.74222,255.36015,301.2864,270.5369,321.28027,307.72806,309.8974,236.02423,304.3409,334.98596,238.72366,283.12964,221.01111,207.98358,188.78198,231.74117,249.82812,251.1557,210.70439,191.30545,224.83792,269.86383,279.36774,288.54437
183.0065,290.77625,281.8424,330.9423,314.49396,325.97278,370.79306,353.5585,226.2775,377.04126,306.3049,304.29123,328.67905,229.8364,298.47644,280.01376,322.7234,307.0529,327.84857,235.70453,308.84467,320.8524,229.8365,250.47235,215.11768,214.01315,195.38846,233.46599,240.05249,250.39442,206.35995,204.45122,221.1969,252.92337,282.1709,288.91367
180.20665,286.7843,286.95578,339.39227,255.92712,344.1362,291.88388,359.5938,230.84604,401.9793,299.1754,296.39807,308.04553,223.4256,344.28036,296.10004,314.61923,310.99777,275.99368,232.77713,325.15305,335.94983,212.80461,244.58496,221.77534,210.66711,179.21198,235.876,242.75629,254.18608,216.66702,217.13295,221.97626,249.84338,290.65692,289.94952
162.96126,275.85345,289.07654,339.13425,314.22998,318.99484,288.29236,347.5784,246.17429,380.30487,326.33893,325.16205,326.16772,242.73651,344.0468,261.288,317.56696,289.72296,277.59567,224.64098,344.59653,316.60474,223.2247,252.81221,224.23413,208.83833,165.16423,236.3775,234.96304,256.28595,227.7667,202.06235,220.73706,250.69661,294.99313,279.14368
190.4062,319.83777,286.38086,312.56656,290.11273,306.5476,292.20227,352.7051,248.69493,378.6031,302.6913,308.16663,340.94562,243.28423,341.80624,270.65274,318.96295,283.40317,294.6176,247.66122,320.68585,331.63214,231.40277,264.14392,229.92468,216.25162,173.93896,233.50127,238.25653,236.22644,249.09735,205.82541,225.72435,228.7876,265.96472,269.47903
197.61403,303.02856,248.71223,309.51135,230.866,244.17374,299.96027,346.44666,250.41821,367.76437,346.41098,314.64157,332.37674,245.1273,312.59906,274.20206,323.31732,302.28757,312.29953,255.83432,325.78,323.94153,235.70074,263.51132,238.77388,226.62097,187.01901,234.5917,249.11891,229.34332,256.48486,214.29391,225.7533,230.0152,272.09814,268.3277
204.5188,297.2184,196.99362,274.19604,245.86179,265.2591,294.62872,305.5624,242.419,370.19083,264.87024,291.15594,323.74304,261.65567,299.7201,283.1353,333.6881,304.68463,303.38345,253.07729,340.18756,324.31042,230.30174,254.33717,254.84648,249.75792,184.93417,234.78328,251.30263,231.47023,269.1206,212.80215,258.9474,230.58174,278.56525,257.9145
216.17032,315.2248,222.87619,279.06122,276.2546,263.45908,300.1841,319.68384,228.58063,401.4191,353.3,306.3267,319.0087,269.89523,301.0152,298.37308,324.03436,299.3868,299.37112,239.27243,371.6547,268.51324,221.4997,256.54987,257.33987,242.32356,195.89783,223.26782,251.24661,238.35098,263.64218,213.20642,252.97626,230.51132,286.2116,253.58725
221.8276,293.1928,236.48326,303.257,218.48425,275.75327,292.01868,326.2709,251.21849,348.3122,342.58728,278.30554,300.4298,240.96912,243.70291,299.95483,315.62857,290.2972,298.90445,227.75938,307.52475,301.73758,226.89809,262.9682,230.10997,244.15283,208.55695,231.74834,247.68823,246.37039,273.20697,224.508,242.65842,233.24641,285.883,215.27396
219.24657,295.6128,247.14246,329.57135,298.41656,266.49475,274.49792,330.5378,260.50897,349.32544,302.23834,289.303,291.23947,261.11124,249.71005,296.69354,339.8939,302.70944,282.79636,229.36728,329.28323,299.2217,219.42157,269.3168,228.51204,253.39046,206.86668,234.48053,252.4463,241.65933,270.026,225.00122,243.75436,197.64005,272.96478,236.55016
211.42848,296.39935,292.58463,342.3953,299.88318,258.80023,301.6344,338.72873,260.17627,329.70892,305.01294,319.98972,287.93265,245.26697,277.8417,305.71075,332.1638,298.3549,273.24503,262.08682,363.69424,320.08484,211.21423,281.58423,236.22693,249.54765,202.0659,239.46048,251.0225,244.3904,263.347,229.79857,222.445,193.87029,275.52356,255.03137
240.23953,293.71997,302.87213,331.32843,294.68085,282.83563,331.08652,339.8629,270.82733,318.67838,312.44913,298.09036,291.94055,234.61627,286.2432,299.33676,325.25644,292.97546,279.97955,251.9798,343.31955,328.0307,204.72192,229.67834,244.96072,248.8125,207.1293,240.25247,256.853,258.1703,263.8459,233.04453,229.34006,186.63669,282.02072,272.87042
226.52864,273.02512,298.1557,314.89438,312.92136,296.4024,320.58466,289.7902,224.12506,315.53787,311.49753,316.47327,286.53986,255.88998,302.15115,304.33826,325.14325,294.07553,307.53668,266.12335,334.02777,328.7012,208.2934,216.15811,265.25012,244.83826,209.30045,241.35165,262.22412,256.00824,271.89014,224.38715,224.90207,193.52684,294.13538,270.98114
220.77637,263.68002,301.02667,312.7577,298.8592,300.27332,316.31577,325.44727,247.14615,359.8829,301.35425,313.5638,272.30225,229.64764,290.7162,314.58725,316.2913,266.74033,312.28116,292.68314,317.37634,344.94843,224.44983,264.85907,265.56396,238.72488,216.67758,241.45154,290.2557,264.56973,282.6529,206.5203,227.80338,199.56854,301.90512,283.899
215.29709,270.5237,295.8866,344.38327,302.77014,293.66882,309.062,321.19464,252.25334,356.33832,310.82156,309.95294,268.5895,211.55408,278.98264,323.43616,317.2221,261.9358,290.79047,291.25488,324.19315,285.02203,229.92813,267.25104,310.20804,229.65509,216.2233,246.1273,288.58124,279.53806,283.19476,217.52066,259.58432,212.98924,304.66132,303.73383
209.81485,274.51965,306.85675,337.1628,297.3322,299.20636,284.5432,309.7858,260.70657,323.28082,338.8945,315.6007,269.7265,235.71033,236.5372,324.36554,325.90152,223.3558,289.53973,270.82962,285.66232,348.59735,238.76497,278.1253,294.2299,231.7825,210.8339,250.00558,262.2103,295.67334,288.96597,220.09216,255.3147,228.52393,311.89896,294.916
196.01588,276.76102,300.91168,330.52435,260.3681,302.5376,278.99362,310.51932,253.9837,316.0919,305.19998,322.80664,274.16882,254.96182,268.3438,322.25958,321.13434,236.71756,297.33337,248.85703,314.2437,355.64325,242.03647,320.18124,274.98465,239.13762,223.92873,265.03613,269.01007,291.66745,292.2558,235.5281,258.92563,235.27994,321.0372,297.1801
196.10709,280.69922,289.65662,308.6293,317.92087,291.00912,326.04822,321.48904,263.4422,315.5042,307.6842,342.6668,263.18564,275.8102,288.47668,328.2785,336.60162,251.30565,288.26236,265.13513,336.34262,318.06622,226.72357,318.2329,261.30255,261.85736,221.78928,263.98697,272.75415,271.07492,282.65375,243.92667,255.30978,254.31192,280.2232,288.39307
202.4506,274.8646,268.7859,293.29724,312.1123,294.439,266.36707,333.78156,255.00711,321.1961,317.2859,324.48288,254.51201,272.2384,275.85672,323.89514,317.9498,247.67198,290.09387,269.42133,340.4337,253.70612,229.33694,313.8979,267.34808,259.42847,228.35869,263.2207,275.0925,269.57202,280.47513,237.04123,264.3526,219.31325,272.45523,295.68008
194.71674,280.958,285.71576,267.08493,273.5564,279.67975,270.52554,336.5507,248.08975,316.16772,310.4685,265.10382,255.72018,291.5952,287.19205,326.2712,307.7965,240.55856,283.20758,247.40459,350.00922,191.14696,231.9077,310.4516,289.6681,259.00247,228.99379,262.21674,269.5613,283.73868,289.86862,246.7486,262.72763,221.5565,279.6004,301.92825
202.05,292.53876,299.56458,268.71002,212.98834,234.42366,235.80545,333.5149,253.40512,305.69806,234.53397,234.80682,257.41583,281.2815,268.94666,312.78192,298.59964,242.89465,274.21246,250.29163,332.93777,314.579,235.59796,253.63455,290.69824,256.0553,178.3781,281.96124,218.78815,274.9079,297.9637,242.21173,258.17563,211.27924,278.9513,302.61325
207.92578,287.25372,283.62848,286.42618,277.81653,266.6253,270.39435,337.24268,247.89096,292.95975,266.89896,285.75882,250.31277,255.31009,272.6785,303.80963,290.1628,241.08936,287.94556,256.64395,339.49756,230.55817,244.24394,265.43054,284.86948,249.1206,192.6235,270.50128,239.83289,274.28583,308.24146,264.04736,266.99973,215.95312,287.1127,307.43018
212.43178,274.53925,275.04224,289.99597,249.04227,293.99304,275.74103,317.46658,236.01129,268.36298,302.96844,246.02582,249.40689,256.65634,262.77805,292.77658,315.63065,255.60275,340.51007,251.55066,313.52087,290.58337,240.5471,267.01953,275.36606,255.55576,205.39838,257.17847,252.56165,263.0949,341.38675,263.42258,262.12616,207.87973,286.94153,309.41202
210.56187,267.83746,254.6072,283.84674,245.00311,333.91516,282.52643,337.4959,241.10529,277.45093,286.93915,285.99207,241.84778,269.61017,273.88013,301.59113,303.19482,267.10724,323.0142,264.80002,297.504,296.83972,230.66089,271.9679,273.81097,275.8931,198.04727,249.41953,268.15723,263.3816,352.1957,253.15605,257.39148,198.43256,284.88907,305.3098
208.80882,269.4179,270.46942,305.4547,289.10223,313.50162,239.23535,351.86185,243.61026,291.56537,294.0454,268.54782,244.30103,250.52365,278.84137,303.73532,316.71243,226.12132,311.26605,244.50719,317.3592,296.23657,218.42627,280.59982,288.7552,267.07635,188.02208,251.19128,285.44037,262.5086,348.55682,229.51144,237.5849,227.25403,284.8916,291.75662
216.12233,272.1811,298.52988,293.32764,273.0937,335.13638,258.0905,347.78915,225.9872,286.72546,250.76053,288.28632,261.06702,264.94388,287.60275,305.01715,321.11288,233.87439,301.78082,215.86156,329.7612,290.42175,238.28265,275.52042,262.83655,270.18616,204.11801,244.09192,295.44647,272.57718,337.64157,232.28761,238.62906,230.69856,273.08224,294.979
216.21562,285.73447,346.4256,246.1242,293.74957,306.99268,262.91153,355.51624,232.08936,285.72913,264.5906,209.49692,241.14607,235.99509,288.1012,301.011,306.71277,241.7149,301.9344,221.51717,314.14944,313.19046,253.07741,271.42682,265.60648,272.24887,199.40842,246.54546,277.86972,307.0647,287.41638,221.08562,233.63945,242.49811,281.70062,291.64633
214.43974,290.0396,311.4087,253.03099,215.49188,317.38998,281.9031,364.441,245.66713,271.9333,317.51154,255.70316,235.21754,246.15427,285.80908,290.80106,290.75308,246.98314,301.46115,223.57301,339.8519,323.23193,265.32776,282.13306,265.2788,273.6248,205.82678,258.27823,280.05643,303.11606,286.58643,225.55188,218.94318,250.3537,244.5936,291.93454
225.76688,290.48297,302.5284,262.07172,265.9565,310.9833,304.39197,363.80505,223.63525,279.14264,267.13153,274.34183,260.03485,250.69281,275.61566,309.5647,285.1637,272.0208,312.58557,239.75897,318.93497,304.14777,234.67879,293.48453,268.99188,268.3141,220.78871,280.88934,274.08325,296.71713,278.05743,235.89294,217.2273,215.14658,211.60275,289.51453
219.66714,288.6581,270.69843,278.4728,225.1925,306.35034,301.46747,362.75574,228.63116,285.8465,282.96124,284.88455,257.844,226.20483,271.56866,298.56088,299.8962,264.99643,290.6597,233.1272,305.78445,359.7091,250.7155,297.81976,288.02646,265.4837,200.84947,275.8745,274.3388,296.64325,299.3091,237.36937,227.06348,244.25131,225.21683,290.51926
193.01086,298.71603,296.14346,307.14807,281.21887,345.37274,283.12878,368.89142,211.95636,286.01965,296.71173,318.6588,259.63684,220.09082,276.96786,297.83185,256.80237,225.12863,288.16833,238.9086,300.98767,316.27847,243.62862,212.1911,289.85858,256.39594,211.3972,283.1106,279.2774,295.24545,305.73138,249.39772,226.26492,245.17561,210.00943,295.99548
198.3895,300.01135,303.94815,286.9441,287.01196,323.4074,273.17938,377.77103,222.2933,291.48828,279.45166,326.07867,263.04095,220.66333,281.48386,265.57275,254.98468,269.7141,285.14606,249.81091,261.74167,292.6482,270.96375,283.7082,282.6598,254.47437,214.85182,300.47418,289.0129,296.5079,318.23788,242.24292,239.61676,245.664,234.30325,293.37164
189.89021,301.64108,351.04895,328.21933,283.91537,309.14014,306.31006,375.53967,226.95294,308.8792,255.84778,304.08224,195.0007,202.81529,260.7399,278.67984,259.22742,270.73016,300.60724,247.61163,314.69135,265.90646,235.32367,280.61768,260.95764,253.98206,228.47672,294.50354,307.8593,296.62814,298.871,255.89447,240.56223,243.26466,247.73206,297.5042
194.28601,310.73773,342.66296,346.62112,246.88585,316.55914,285.24982,365.30386,242.46567,304.98456,301.9743,289.5926,200.08362,222.50363,204.2258,268.4461,273.3188,262.15295,291.0116,240.38202,324.1952,285.0398,237.85342,286.52844,244.22086,247.52708,237.61975,299.0319,315.7271,293.55176,299.84592,256.78815,238.39035,248.96127,246.2475,294.62112
218.42294,310.33752,323.47382,336.4503,281.1133,306.32962,268.1712,349.10257,240.84601,314.22964,300.88943,295.28088,205.7027,230.5379,228.37796,246.80133,274.78027,255.4339,291.67914,226.46173,335.75018,295.75787,248.68655,283.17514,225.67113,252.42145,227.70961,296.9771,309.58014,291.1598,306.03564,259.47778,239.58875,246.93607,251.26532,300.76074
221.54182,319.82983,303.9591,309.218,254.79938,284.19275,274.31616,356.5027,221.80487,323.6824,313.04565,286.45776,210.82957,252.08768,245.91422,254.85526,276.84726,257.55954,284.82474,231.60869,325.23633,274.5006,265.8554,262.72223,240.06029,245.54414,232.27414,282.04443,306.80884,275.24265,309.5935,258.61285,240.5618,258.2144,254.1379,301.31616
224.7907,320.2635,299.33417,298.33026,288.45294,282.36386,280.61133,363.82593,226.072,310.7096,303.17007,289.70044,202.0926,238.97418,262.3826,212.38742,275.68552,271.51755,309.74606,237.98514,354.9304,270.51498,278.46893,286.3188,207.73395,240.43637,240.06958,279.36407,303.50443,279.04083,301.27136,252.61923,238.301,258.6807,250.77962,305.87674
218.82082,315.03223,284.12982,266.2588,285.17273,263.8354,295.55905,354.69672,238.82314,304.87485,246.53671,274.2241,213.15662,228.9061,278.99042,233.3618,282.53104,268.93097,323.0916,239.01549,344.02197,304.67786,272.69678,287.40213,229.28152,244.53961,183.19666,277.4765,310.00467,276.99414,300.4308,231.16547,238.65326,268.1685,266.51788,298.98288
214.5979,319.963,272.5866,299.11642,258.90335,320.05273,279.66324,355.4227,226.20563,299.87994,318.7254,295.13315,171.34668,222.18839,265.1257,227.61334,287.11713,251.47734,335.52594,224.75844,340.09048,215.68414,269.59576,278.54123,205.22633,238.84332,202.93648,277.77463,291.90848,284.73373,289.68912,235.2062,233.1305,264.17917,238.94716,298.09973
208.83206,317.88843,271.56644,309.93402,252.83609,341.75726,280.90848,327.12976,238.91098,291.9064,250.1518,255.22415,180.78546,195.60023,269.09476,224.69238,311.56982,184.86493,322.7878,223.76888,292.76813,277.24442,265.31808,231.83325,194.92914,239.45438,195.13766,291.212,290.21405,274.0199,303.27615,236.00671,232.90787,259.71716,252.42387,302.32407
206.7796,353.28122,249.41908,343.266,278.04803,299.87234,283.6363,358.02435,256.599,294.466,268.0051,275.19208,199.71606,185.84882,277.29617,238.94958,304.23328,185.80716,339.54373,217.69678,303.31644,276.58423,278.79758,261.02603,202.38544,242.42853,199.27866,287.65363,286.9063,286.43185,277.56317,237.7733,234.13553,267.82727,256.1278,314.09454
192.88622,335.06937,264.28302,278.85083,286.0025,278.12662,268.98022,351.7586,270.67157,301.9521,298.36697,334.5144,202.35852,213.31929,249.82736,238.09998,296.4457,196.1155,374.46564,224.12201,311.22665,299.97513,264.74026,281.8635,199.35736,247.1549,205.65381,283.153,281.3056,280.063,280.42596,240.12201,232.31947,252.67517,254.2643,301.01422
165.59807,335.2439,257.91315,283.57285,278.3621,278.73602,284.39993,337.89948,253.35352,247.94052,281.70554,297.75848,222.17084,217.4088,271.73007,250.66495,277.18958,196.44118,354.1234,219.85175,307.68732,297.23953,272.43472,284.21204,218.06482,239.95807,199.8382,286.71106,258.3815,291.4659,277.6601,251.24228,231.37045,254.26584,239.75682,301.98367
170.59569,333.10858,243.18347,307.57532,274.03522,278.99213,281.48856,333.00388,238.2017,291.7127,282.26727,292.61685,225.61937,228.24919,246.46852,262.88184,278.5022,204.10638,352.36465,223.1554,333.09604,303.64178,232.42294,270.32568,200.33362,236.19452,207.17595,303.57755,262.67477,293.20557,286.78015,251.70343,233.16629,240.0047,251.8411,275.51514
166.7749,312.71094,243.59995,326.21326,252.19725,273.51923,296.20355,342.60703,241.53185,290.7362,253.26349,295.59338,229.99147,237.73055,278.5244,275.30115,282.12366,222.98634,347.89343,238.00922,327.56003,295.36456,237.17773,276.0419,200.32301,242.5925,205.91821,303.01947,263.9786,290.4977,320.28915,254.75502,213.61172,202.40317,250.9093,276.48212
167.04329,307.1502,250.58185,312.9521,297.30997,272.69907,305.6219,343.098,210.70114,297.54428,305.48743,288.0659,241.85585,260.21063,282.13654,278.88074,272.32166,234.82446,346.9902,236.16457,279.89725,290.05145,241.43256,340.8047,252.55287,245.20345,214.36966,302.51785,270.31485,282.13,311.45395,254.1747,204.26962,191.1095,263.08322,265.96658
154.31277,309.08398,266.45178,289.4624,279.24585,288.44952,300.03128,323.44843,218.42232,323.60934,282.4593,200.41736,264.10947,264.55194,262.40512,242.71217,271.13684,242.22731,333.6911,227.12183,309.21094,215.22743,239.2803,301.9667,267.8822,244.70395,154.86983,261.22495,289.89758,280.2298,327.5939,261.39517,201.70224,217.27682,273.7065,267.94492
157.59494,321.22302,283.51578,303.2151,247.0881,284.43503,308.07904,334.60605,225.20374,335.00598,288.7749,215.09053,202.49217,267.0043,282.32812,254.31488,267.2245,247.51674,327.892,221.96536,307.92957,305.17828,228.04936,276.05334,307.78723,250.65399,169.56032,266.90274,294.8519,284.80365,324.51654,252.38525,189.55994,211.56604,271.69562,281.7504
184.48656,323.77582,283.25742,281.3277,284.30112,289.79425,300.89792,332.58368,198.40897,370.58426,299.15955,269.18332,202.34564,284.43744,285.4073,278.12195,267.70248,241.4079,345.16522,222.41757,364.38263,292.71558,231.36018,258.26544,301.3118,240.077,177.10733,273.56912,300.2163,310.1329,331.01617,227.91309,195.29565,222.49084,275.4707,281.20996
184.51385,327.4666,284.145,307.1295,212.35577,308.37042,304.9318,337.8519,203.39633,348.03888,291.6444,282.10013,205.55602,286.30548,286.2027,299.78146,231.81024,260.15857,331.87842,217.9224,380.41803,293.5134,222.22166,297.48788,288.3889,230.42447,187.6441,265.29318,305.53427,302.96536,346.3364,226.89594,206.69244,230.74185,279.55292,292.5614
184.9814,318.27658,306.79932,290.2853,224.85977,308.6724,304.27106,341.71417,214.91519,338.52728,251.71756,276.83633,232.76993,254.05951,284.44833,256.08615,248.34232,272.16995,279.82397,220.08644,346.78583,296.7945,232.52502,293.97272,282.963,225.6493,192.92828,278.69864,317.8421,299.38367,342.24255,221.87912,218.76259,216.82788,276.42804,285.4989
180.10526,312.21265,292.91815,302.78955,256.6376,294.1961,267.84146,315.87137,222.2943,322.5099,265.95505,283.1968,217.33896,246.1126,284.39954,271.5174,259.7561,275.4334,271.11984,209.5097,352.00916,286.5885,250.27956,318.56024,289.58746,227.55133,199.81122,291.11368,268.34775,302.7917,316.38135,234.93604,223.83238,217.0234,268.579,271.19858
178.57216,302.16455,278.81412,294.43506,293.42596,325.90317,280.07025,355.45715,232.18607,312.855,303.08246,286.38525,210.04633,256.25116,296.36926,275.15045,261.04532,283.41354,277.27927,200.90323,341.06757,280.245,268.61658,295.04382,310.8652,228.76852,203.03018,286.252,275.36423,296.28644,323.36646,242.27512,221.41098,234.2017,273.50888,281.50342
183.76556,256.4681,277.4829,295.06708,259.71182,342.25607,277.83557,367.93503,221.26889,315.5653,233.4302,343.1408,194.28534,230.9768,287.4236,262.67493,269.43427,288.9122,315.58185,211.02054,323.83218,276.3819,269.49414,293.96378,309.04422,233.72711,233.12344,294.48117,288.67252,306.89905,325.29297,250.27298,213.21274,251.28433,276.91315,287.68558
187.99207,275.8006,274.14636,316.36636,241.44116,319.9505,329.575,392.4903,232.6626,324.3125,236.48813,321.02258,226.81854,241.57306,266.30844,261.58618,264.91544,281.30942,264.8709,236.04414,326.0589,276.02637,250.04466,276.8081,295.61716,227.83414,233.47775,309.096,293.23987,304.89587,301.13504,263.36957,217.43182,199.68192,274.34167,287.20267
212.14804,283.9106,289.56732,304.69885,286.95554,393.93082,300.48138,381.67764,253.74532,318.12097,294.65533,304.72586,226.74872,229.82697,249.9624,226.0578,295.84686,294.83624,256.8599,255.14632,338.38873,296.17712,217.0585,310.54025,289.62674,229.1235,241.5234,307.05157,288.97253,264.05936,305.7254,283.4284,222.9599,243.87225,279.81213,294.62842
206.66068,284.65707,265.11694,313.79846,312.33084,322.7847,299.32382,367.75513,260.5453,310.17926,332.28946,284.08627,231.31781,219.70941,260.2124,234.62411,301.89545,299.16467,251.0041,243.10663,295.3933,305.68665,224.26921,289.42517,283.8651,223.90942,224.703,298.33832,277.2912,274.45535,324.48663,275.33133,230.72699,238.40094,281.6444,283.02216
177.68355,289.37918,269.39862,349.4437,274.96014,309.95767,302.7982,353.38727,255.37662,349.27762,342.7541,281.43527,223.1655,211.60834,261.03577,217.15137,314.05795,308.4256,274.84717,270.3023,300.80222,322.64423,231.54669,302.33136,281.84024,236.12729,244.1744,291.28778,285.92838,269.47427,334.621,262.56616,231.6933,241.40396,282.80704,294.32254
170.58957,302.3272,265.0768,335.03986,265.389,301.19382,304.33844,355.42032,250.99731,367.4095,331.7643,326.85272,211.65594,206.00128,275.28903,195.61679,331.41525,306.492,224.06523,206.90015,366.1834,298.56696,225.80496,326.75183,284.51813,234.0051,246.46207,310.16898,277.30707,267.86,327.22952,258.05194,245.78604,207.95732,283.72772,308.87134
182.84082,311.6317,284.57184,328.27026,313.7907,306.77078,290.21976,351.44608,275.43744,342.83368,290.33954,317.96164,219.45737,198.06967,288.36908,213.80577,339.65094,304.65915,225.95708,211.44894,355.7744,358.32196,232.83502,260.98877,283.98874,213.12535,245.3533,305.6624,282.495,272.4696,340.21915,266.75864,238.46135,189.22249,272.56378,262.3501
206.63945,307.24753,306.08682,324.79712,287.98138,300.488,298.4717,350.49954,234.96262,336.96017,302.99954,359.16644,242.12608,211.9866,286.81143,234.45673,348.93298,302.0449,225.06229,227.69153,355.0633,306.20523,239.81958,278.19702,293.77118,209.98383,238.60345,322.4897,286.47675,275.62534,355.109,246.4104,217.07034,161.16705,277.67377,273.97852
186.54544,295.63614,297.3482,304.08612,300.51163,310.34125,327.5757,384.1246,213.17789,387.06088,309.438,327.19623,264.31335,236.83359,300.44427,242.45602,354.5251,300.88174,220.2433,237.95389,343.29855,334.69345,246.34023,285.4666,298.59778,208.67334,242.69498,332.75467,286.93182,275.05884,342.66522,261.4794,202.35553,173.69772,283.77814,283.5813
192.41356,254.20859,296.38297,341.7697,277.32233,321.06445,323.63107,413.58435,226.72824,396.83807,325.4969,361.4429,256.36774,241.1995,321.3528,252.04507,341.93195,305.09506,231.68233,251.76367,338.85764,324.37256,246.4618,303.00766,299.35773,208.71806,239.27063,323.44153,296.8318,282.71545,340.0097,266.87305,193.34361,168.54077,291.8748,284.3952
197.23969,264.00662,287.46643,320.45868,314.01044,319.68228,337.5685,413.2412,227.50455,392.22314,356.9911,314.97662,241.08746,240.58734,282.41245,261.35767,296.34442,308.90186,251.80545,251.43619,339.31732,322.61835,234.30038,304.09372,301.76523,217.38791,236.45541,321.37817,299.22482,287.4783,344.33386,271.23358,202.95218,181.51474,302.34662,293.44586
189.07065,285.91928,292.68402,339.81995,314.43674,315.6919,313.8024,438.41196,233.64706,402.3899,267.59558,306.64178,241.05284,220.41985,298.5901,267.0467,302.87262,310.48465,290.91602,247.90689,391.30566,331.9735,240.0794,308.5162,298.82108,234.9416,230.17499,309.49173,299.32428,274.94598,344.1502,275.50314,219.85822,209.24051,304.35446,299.7234
194.24883,290.37482,290.87842,343.81876,267.28564,366.9489,299.4765,423.65594,243.44958,375.71918,342.04602,315.47125,252.00966,239.89328,276.84402,272.2339,293.51398,321.47992,297.10236,243.81445,373.4382,274.1026,229.91481,290.50403,295.73135,241.15758,245.21017,305.6833,300.09097,275.19528,342.41357,270.34003,210.51004,215.23761,286.76544,311.10956
200.77441,283.3281,311.00937,352.198,293.76547,368.10376,320.57883,412.1987,255.20361,376.93158,346.4207,296.43988,230.83235,233.03885,290.04236,277.88458,318.604,307.2533,297.60538,266.04694,382.90796,286.82224,242.1896,252.52826,304.8439,241.19745,237.23175,304.75058,297.80093,277.93076,319.58722,276.87854,220.62564,205.34067,280.5621,300.09656
206.16136,299.32983,299.16345,366.5872,321.07986,343.82077,317.68478,402.00903,244.87204,371.52756,371.10934,292.64133,238.22322,208.34941,291.99554,300.8508,311.22714,305.2296,282.41507,250.01978,372.81085,315.2383,243.19075,330.31274,297.40652,223.82034,235.85197,300.23392,300.20966,280.17844,311.8526,279.46365,219.66452,220.4412,272.05475,299.14206
200.46678,307.40076,297.61804,345.91232,289.11676,347.3825,315.4009,404.45325,255.3782,347.5197,343.32172,309.249,249.69849,202.1972,300.5195,293.98987,318.94193,297.27023,282.25946,274.88818,359.28662,327.86798,252.49533,306.32755,286.03113,234.62079,234.27344,293.87198,296.06866,281.312,291.70975,256.37744,223.08057,231.11707,236.51448,293.85358
222.91588,312.96573,294.00443,369.00146,318.4473,341.796,314.14587,405.65134,247.22714,338.40863,305.678,312.71347,256.15814,227.99945,307.8013,313.42795,304.05197,269.75122,273.0149,268.8177,361.64026,306.18677,262.4699,275.04333,279.03485,231.37611,225.87201,272.12152,300.66608,295.1384,302.908,266.5501,207.37512,237.8244,241.17209,294.7734
195.43257,301.44864,270.13348,374.91257,294.9744,375.92972,260.11752,406.80234,253.77505,324.34283,302.30206,296.07062,258.41217,218.7869,306.48987,334.55725,311.2238,244.89142,273.46,267.56314,349.86688,373.70016,248.08199,254.82245,283.71356,227.79099,213.53915,275.68304,295.68713,303.41492,302.4879,271.66406,209.07437,232.86725,254.64795,320.42908
190.96478,306.61276,285.85803,362.21442,342.7773,334.82855,233.40372,401.76434,215.65659,370.4363,326.90704,235.96667,252.85524,215.74408,316.5821,331.30954,266.66678,244.57422,278.72073,265.76187,387.72,361.8551,251.85208,325.6652,329.81235,227.43051,236.83424,287.8338,288.1086,293.86713,307.35803,282.30048,210.28937,258.88608,254.2829,322.78452
190.2117,300.40442,287.78793,349.03073,298.5475,302.3883,306.53152,401.23813,223.98015,420.01093,321.77295,298.5527,254.98505,198.33629,270.7318,326.7317,268.08575,255.15167,329.01724,254.9549,387.63498,306.7486,239.9248,291.25732,311.4002,248.1651,241.91115,287.15155,282.4267,295.76086,340.84512,277.505,211.99152,273.17178,244.30653,320.7973
189.89105,307.71616,290.75085,329.76202,336.5956,322.82407,318.46075,390.02402,239.11986,387.2687,334.77518,292.0185,255.95148,225.05435,268.363,331.6763,235.71988,261.4022,333.63574,266.9255,353.27277,336.5796,245.68005,296.14395,304.70316,247.26888,204.86166,280.68954,293.6206,295.29297,356.69922,274.56714,211.98813,274.59296,248.7466,354.28116
188.94153,313.14746,291.77765,334.56854,305.94226,313.968,327.78876,389.3115,243.91605,374.63165,346.8525,307.2776,259.86322,204.97156,266.67813,287.9519,249.17638,274.3523,337.7006,275.01688,311.0223,341.71912,263.64264,298.6183,307.84097,243.88501,213.59906,245.95462,298.93494,283.18005,352.29828,265.968,215.39024,234.8811,250.86636,352.31845
180.84616,308.37408,306.79367,304.4833,295.11343,308.5209,327.61664,394.66803,257.56543,322.18765,262.58405,328.71774,254.42877,203.09213,294.9886,300.2586,252.83514,268.68146,332.42715,296.30505,322.6189,301.65155,268.6879,282.13718,314.57147,239.02895,217.39517,251.44566,305.93372,297.16226,352.11612,258.677,214.5747,235.40312,228.70966,344.8576
189.16833,309.27045,274.9843,323.57004,269.01562,315.51212,321.11136,392.23828,263.85413,304.28845,284.3673,281.96017,252.02582,216.96327,289.5819,305.24387,273.07254,272.34225,319.07928,268.71735,322.2204,305.94443,266.30646,241.50586,315.6036,234.70352,222.58455,279.9741,257.5736,309.89084,344.50674,255.48889,222.05836,238.14832,242.62985,345.22833
183.24512,306.91156,272.46533,341.2154,286.92294,310.67587,318.30377,386.9695,263.70438,284.15192,271.37418,292.06714,250.93115,230.32242,305.7327,306.63647,268.1315,285.70123,343.83746,255.36156,321.34146,317.55072,248.5202,282.181,309.9604,231.032,172.0721,281.1266,280.89923,323.5088,334.83426,275.40872,212.6821,263.67703,251.3581,294.50037
178.85242,304.9695,261.16296,325.2321,282.64603,314.56348,317.70605,396.92975,269.90976,291.6096,326.5734,320.0445,243.96104,228.729,295.62695,283.7984,234.25131,276.60092,352.45798,279.90002,328.24942,309.3786,240.59126,320.67188,306.76813,224.94284,189.26382,269.2204,271.6187,319.00964,332.78586,271.82925,204.1416,271.10593,233.93338,293.24664
203.43591,276.1132,283.63348,360.06787,215.4107,361.64658,337.43616,394.52994,273.4496,334.24374,310.0932,312.3654,253.97183,213.43034,311.2796,291.13702,244.20262,207.36499,332.5378,261.47324,336.5374,310.45877,245.24022,338.05682,307.1566,203.25659,217.37305,272.60144,283.50577,313.8165,296.87427,271.75516,209.7153,277.4845,246.71814,303.9665
208.97638,287.30786,289.3428,360.4902,292.79648,361.7786,315.64075,391.99985,276.9039,369.7804,298.6648,325.8928,261.72894,237.30267,317.04443,309.2114,175.30109,215.99536,346.72714,231.10966,378.10034,286.3007,226.66103,325.9981,291.46774,219.10214,216.44891,274.2538,235.86578,338.4535,307.53964,268.23508,188.94102,251.03902,239.28955,296.80396
235.28154,285.30826,289.61115,367.1508,281.27646,344.48862,333.61914,393.61115,249.77063,340.26462,317.9267,327.386,256.43207,219.09674,305.26614,312.9517,187.10199,232.18579,296.84628,208.68857,360.23105,338.61792,233.31693,381.57703,298.02628,227.85004,214.93604,293.02887,238.85962,327.261,297.02133,272.2339,183.30688,251.49905,245.8869,282.82602
238.58437,291.25427,292.27545,354.73657,287.04044,324.78198,326.66803,397.69937,245.35976,340.90292,320.54874,342.4663,255.56891,207.01263,302.74738,312.52606,196.76744,261.69662,314.7537,217.73459,360.38184,350.7315,244.73595,346.14026,285.99017,224.9151,212.25774,299.15454,250.25255,326.21237,281.0652,275.8541,186.11354,261.92303,237.77798,282.06262
236.98906,299.97653,298.86563,335.3179,235.0597,318.9848,291.7975,400.25238,249.9999,342.67276,281.1943,335.2516,265.56934,214.66957,328.0459,305.85287,176.39586,256.04803,306.32996,210.79489,350.32822,334.51282,227.19093,327.25003,307.4463,229.09438,176.40602,296.94366,260.09772,330.06253,238.02393,274.16248,199.05405,266.714,260.09723,270.25275
260.35913,301.64233,299.8396,300.61356,280.90958,325.44666,334.0879,342.5089,185.2869,337.48914,310.65057,302.55084,277.39844,212.84048,280.0045,300.7337,191.24414,216.1383,302.5737,242.85826,362.63446,257.16583,235.40271,282.10492,302.03177,222.80766,174.02826,299.30716,259.37418,321.6908,220.1225,268.21515,177.64177,267.84097,266.923,268.97183
256.26724,310.8233,275.59024,268.15524,200.87375,311.61667,301.40094,374.60257,194.88019,306.63336,277.05594,282.00696,295.90488,190.77644,271.81094,309.39432,209.58449,259.65707,294.99786,237.04321,348.42004,287.3998,245.29077,317.8212,294.91632,221.77254,187.16235,295.04092,249.76395,329.05338,230.12134,261.2711,197.48593,271.7161,277.7271,272.669
259.35257,310.36523,253.8604,268.4779,201.54718,290.97153,281.992,366.7259,235.5935,309.41278,260.94962,268.68506,267.04388,169.41838,259.68158,306.92865,251.2453,273.06772,287.3243,208.98488,369.58374,295.43164,230.33066,283.67468,323.77264,227.42752,192.69244,302.9457,241.37341,322.64835,250.66891,267.92227,198.98593,276.674,278.7625,278.22852
249.43143,304.8749,224.83867,274.36942,272.906,306.52908,259.03265,373.1559,241.78783,321.40506,292.89056,277.57263,262.63318,158.43272,276.2932,319.67734,249.38962,265.99548,282.04852,220.79916,314.2491,292.29626,240.56029,277.25702,317.7877,204.43033,197.178,292.24268,250.2107,312.9115,273.46744,276.81598,183.85623,273.33612,270.8445,288.53925
251.2672,311.5454,224.75337,286.31158,241.5185,304.7628,260.68198,341.76117,189.80273,312.86707,269.43945,300.48752,250.94824,184.07678,271.83545,327.51816,255.21796,267.73453,272.85913,219.27554,277.14673,372.42944,266.2102,333.6731,336.40656,218.7041,203.06679,286.03116,254.11551,301.60498,284.1229,272.0457,180.37212,294.04855,240.92987,287.27643
253.58267,309.6209,228.617,285.61844,286.28226,305.8612,275.08795,285.59656,211.1883,384.33643,253.30685,350.24106,196.98698,215.18213,259.38754,341.92136,263.30945,277.67145,258.3107,234.27954,240.98346,344.23883,268.8921,259.53622,321.79102,205.3961,193.09547,280.45273,248.08226,266.08496,301.16806,268.97684,187.21494,295.98004,242.23584,292.6454
275.44965,307.25928,245.58849,286.91995,273.92914,286.2436,289.1733,281.26508,228.36115,399.47284,322.09772,328.26886,195.52953,208.89891,198.07162,335.24402,268.90552,248.47417,276.71683,237.66418,289.25372,299.1564,269.07455,244.20953,329.86322,203.90912,215.42412,271.3199,264.20972,267.30753,315.0871,267.98398,187.46356,268.19568,243.49751,292.65738
268.73978,314.30786,235.68481,308.85617,291.48676,285.85278,237.2951,274.11478,231.4192,370.88544,319.9993,330.6535,227.10016,223.21263,218.9987,343.0876,279.80255,260.74545,256.0448,247.01125,307.57275,304.9929,264.26767,287.97333,295.95587,226.51526,238.5346,264.42487,273.09903,296.77356,320.6366,269.07605,195.50923,251.21574,243.36826,250.1152
260.05786,310.37915,209.30508,328.69592,285.0989,271.73956,265.3869,276.40625,252.11234,345.07135,324.8065,348.80414,237.7824,234.269,202.47331,292.0647,286.90417,266.29993,253.56847,244.56953,275.24866,291.42627,277.43567,289.823,294.62842,221.51364,247.82825,266.9206,282.56448,299.83334,313.195,256.93262,200.86108,254.44666,276.45047,249.87453
256.57483,328.38013,234.79092,340.50897,295.9015,270.68607,290.53296,293.10666,255.15514,376.20905,330.53204,310.8497,253.0942,228.55225,223.1107,307.92908,291.9661,273.8297,225.60611,235.27567,299.42395,308.09125,287.5807,302.8388,287.7225,219.55185,247.35614,270.3013,280.62793,293.4543,320.91357,235.60803,202.6467,252.75142,284.5553,213.02005
253.85019,338.92123,274.87506,350.0032,247.27426,278.84702,304.16565,297.49298,243.1175,378.23492,329.7959,299.70694,253.9278,249.19711,249.68843,301.9485,299.99323,276.33997,242.5579,228.63043,305.22302,313.29965,284.88666,296.16516,291.6631,224.55588,234.7453,272.53128,288.01187,317.02136,325.55032,238.58856,200.5664,261.8997,253.01382,218.71706
258.4515,331.66254,278.68417,365.58008,321.84906,291.0444,295.59964,294.61902,235.02744,407.97412,339.7676,319.68906,249.74225,251.25854,250.25821,317.22916,295.9541,292.01575,194.07635,234.35323,334.6466,301.4785,288.6783,310.56314,310.6239,229.50288,242.54604,275.4935,293.89014,318.1589,328.15692,246.54167,211.44742,245.49236,261.12012,220.51338
256.2719,333.81146,321.9546,369.9086,286.87463,308.20895,295.86102,302.6531,252.97208,376.28033,354.10638,305.57632,272.80438,255.4941,244.21536,335.0979,294.89395,321.78308,207.35944,247.02814,341.86017,323.4147,289.60303,309.71686,306.30835,226.88554,247.68745,249.14546,305.4314,312.53522,315.36145,238.29404,211.66525,268.9456,261.65442,242.67789
249.56355,334.7873,314.41406,398.49847,288.75165,315.38202,254.94144,349.89508,271.9878,366.4655,323.11145,301.03705,264.0602,229.19777,270.40375,330.20612,293.32526,331.17853,206.65,236.57892,350.49118,390.2149,281.30798,321.3145,303.075,232.93642,246.41562,254.47853,312.80655,317.43127,331.07318,250.81822,209.91391,274.43854,274.14368,249.36333
225.55568,317.20547,313.20404,384.65332,342.4638,306.6663,275.11505,363.3097,300.6474,393.41827,325.0241,332.4827,266.73264,241.37549,286.052,319.75293,292.73883,327.0349,249.49908,229.5198,363.32175,310.07767,292.3419,321.30902,301.44186,234.10504,248.41629,252.74101,310.77472,321.498,333.59915,251.69899,207.51027,272.27493,269.7736,266.2548
223.11427,309.99835,316.94867,367.9901,328.7146,324.2751,284.98798,377.25504,285.98996,325.45593,355.4991,311.18332,252.96011,242.27809,299.16513,322.4962,295.1172,343.74622,306.1886,231.14015,362.7321,339.18854,247.34158,314.8969,300.59988,241.04108,240.58237,261.81232,312.32684,325.6355,323.56067,252.39383,213.26718,271.67844,253.59842,260.9866
220.2823,319.89722,304.6086,369.5948,307.38348,321.9899,300.1428,378.4313,248.78226,358.09552,351.82022,303.05487,266.38025,266.8969,302.38196,318.23325,294.07336,331.62027,311.03894,254.9198,330.74725,309.66998,269.9837,321.67853,308.0282,220.07027,221.51923,273.15292,313.1714,337.84464,321.30753,236.66913,223.1638,285.27704,247.12036,276.6395
218.88988,319.4366,286.81906,377.81543,321.6306,338.1762,298.19733,379.82693,264.62646,358.0791,329.33633,300.37146,274.19025,264.33463,314.21786,315.42633,303.12967,336.03928,324.80063,268.79556,350.26025,346.5354,288.59918,325.45932,279.61008,215.96112,220.45256,285.92676,313.50018,364.314,288.92245,238.96991,224.75256,304.14496,267.56146,296.5492
222.94547,329.48547,297.19678,394.7163,338.84488,426.4057,330.25427,374.21356,273.03015,357.9878,365.32886,322.14636,283.93597,255.27197,318.9553,316.82477,305.067,353.6794,292.13828,261.2158,358.3838,324.11774,312.8551,330.59,277.53076,196.17392,233.36577,248.6759,315.86444,346.0704,313.13925,254.95322,223.54475,301.3108,280.26257,256.03793
197.2861,331.54028,297.12164,383.46756,314.42572,373.96887,323.43283,376.4307,251.43417,369.7737,370.3188,333.98575,294.98218,241.77037,280.4215,320.2459,315.54218,358.8853,307.17975,251.79694,369.14157,343.71832,316.09058,360.29572,275.48877,195.95026,218.58005,261.34644,305.66858,356.75372,309.00308,260.81378,228.86853,284.22873,281.13138,272.1932
171.55571,336.7081,318.3263,371.10056,284.4852,338.87173,321.79044,380.0488,267.63452,364.9488,305.90625,330.45837,299.92792,262.4394,293.2155,315.74652,318.4478,363.32742,299.83386,286.8476,417.8426,349.6444,305.79337,353.20474,283.15924,197.38803,228.41574,232.16705,280.338,352.37195,312.97003,233.68549,216.34006,317.34277,266.65833,278.3921
168.24585,296.35614,317.5212,386.07263,276.93237,328.4624,299.89224,393.36426,276.00552,386.02582,353.6734,331.2102,318.35764,268.87527,291.06784,318.57736,348.22873,367.67657,304.60977,274.3316,413.55832,361.22894,277.54138,332.8023,276.36606,179.44427,238.89253,244.47804,267.13715,344.17572,316.078,240.94672,218.66107,320.94122,280.84567,298.30807
174.2449,296.50977,333.5831,397.9506,318.09772,321.81195,314.46835,423.71973,283.32306,381.60492,361.2348,355.90628,325.5363,276.91916,319.48294,320.51874,345.90204,396.5835,305.51007,277.04803,349.65704,335.75665,280.0463,317.58426,288.23047,181.7035,240.43642,237.90332,270.88712,350.52005,316.71307,250.65723,222.64886,318.30658,271.0126,299.1196
168.4625,291.83362,318.0788,405.62628,351.30054,326.75146,309.55206,418.33224,296.37497,377.06213,381.52234,342.61124,316.71027,289.9582,336.06052,328.6332,342.92822,386.80783,310.0589,265.9316,365.12314,392.41296,288.91815,348.72357,293.0112,188.39038,234.68167,238.91388,303.41022,358.02774,313.3759,272.1205,221.73245,324.36053,286.66095,299.00574
172.76091,279.56827,331.70096,385.01596,327.52826,339.56955,308.73383,409.92493,302.7468,378.79758,359.34888,276.5691,284.04413,299.48877,326.89456,336.29843,341.8851,381.58936,295.05862,287.2071,333.61353,315.43323,268.66284,349.0397,325.49353,196.30261,230.96426,235.06337,302.32556,367.0649,308.21216,264.9423,231.9375,306.54895,276.87766,298.35394
160.21223,287.78592,319.73517,405.73105,354.8884,341.5676,306.17923,389.1292,277.0319,365.73456,332.59656,310.80765,234.70065,292.05124,311.15625,332.4082,329.60083,343.55347,302.8145,287.16992,372.44635,286.0229,282.9443,360.17975,316.59875,202.92232,229.68025,259.51733,300.24176,361.4104,307.0114,262.3932,241.84296,312.46484,292.05954,302.13104
160.76308,283.88086,316.2617,388.40903,284.94205,352.86353,310.42508,392.7099,274.21008,385.65155,353.09753,270.48175,245.95714,263.00247,312.61258,332.63995,329.69394,372.37506,293.35013,295.88004,361.84903,311.7527,280.76074,337.86926,314.12076,201.36792,190.6512,264.43478,291.6557,361.90915,316.9584,270.70093,243.56403,307.35513,286.43027,308.6911
135.89053,271.75922,304.41125,372.3608,359.72354,377.91272,309.6234,386.89893,267.77155,396.36945,369.79398,281.33832,248.02235,241.48965,303.83087,315.0202,363.8563,405.6654,298.53494,295.48505,364.08948,328.91467,286.70966,341.21313,324.12564,206.66418,224.82782,265.08212,297.0915,365.3924,311.71405,268.54263,245.1529,246.64127,287.76923,309.88715
165.60696,286.96738,288.24426,373.02057,360.6696,361.1495,303.61737,387.22726,215.8599,406.5244,359.61273,309.32498,253.58504,246.016,312.95062,308.92233,369.55188,403.8421,313.05826,294.86072,381.2953,340.87936,255.45515,313.4816,319.45703,216.35765,244.55727,250.29758,296.1358,358.67816,297.84253,273.8537,241.39163,254.61972,274.95068,324.05502
165.57169,285.83038,300.1698,370.99664,347.79047,347.5412,306.93155,385.4674,214.01276,399.82138,340.11166,329.02045,194.04907,244.5867,319.20428,304.37915,366.51654,403.3713,312.85925,286.73132,385.63074,338.48065,277.78912,333.38718,321.36307,218.37207,257.38922,256.12628,295.2376,345.38284,296.92484,273.55923,248.1441,251.96819,286.2964,342.5194
169.9048,303.01166,303.47943,340.82986,351.28867,338.39166,339.62814,383.42987,226.2657,419.80054,285.5085,330.80728,202.50963,257.45874,316.86273,324.47623,385.53073,385.81207,313.04327,286.64975,376.53882,260.09265,280.6023,353.3885,314.68222,217.53967,250.71042,260.33817,299.66766,374.5183,317.01654,273.64392,255.63913,251.96005,284.9984,297.437
176.88994,308.53326,301.69687,322.24576,308.95435,329.1154,312.05673,374.3002,238.2143,447.9516,353.2627,310.42242,192.19772,264.111,304.88452,316.29358,384.38846,399.90494,318.0451,264.71765,297.3886,305.9005,259.65683,360.04468,316.4121,248.96796,248.00674,250.92035,300.30438,370.32446,328.46817,266.2465,257.71295,253.18275,294.99203,302.0754
183.45671,324.22345,299.31442,319.56052,330.9948,317.05695,279.74884,405.67523,257.16425,411.05597,397.98944,310.36523,205.92781,262.69562,218.97797,308.2445,406.89136,390.53036,308.57413,238.76758,286.41287,338.20004,258.33368,406.19458,305.83344,253.68796,255.52483,260.07336,302.97986,360.54123,323.59766,246.87341,246.31717,217.44028,299.72214,266.5091
209.75392,317.18387,289.14862,302.57343,325.97083,311.0738,281.6221,391.86316,250.89578,405.24643,386.6234,313.37787,215.75955,270.65646,241.4697,313.81165,425.0919,396.90253,285.8295,245.01685,320.11475,302.35355,265.997,365.27103,306.78268,240.66394,244.3757,227.82251,304.00143,340.2233,321.30185,258.62204,248.90128,246.36118,306.57538,288.38025
201.72382,304.86188,289.38086,316.1285,298.37158,317.60278,267.26782,391.7132,278.63492,399.61346,360.5334,300.0454,236.66241,270.03754,219.63228,310.0864,411.36823,387.7294,307.84906,261.66434,333.57028,251.34854,265.21838,341.41364,294.75543,238.87155,246.05643,244.47736,309.98724,326.837,312.36588,261.52997,247.78622,247.81148,280.85666,304.81244
207.40244,310.9365,278.84747,315.52924,325.61536,315.4782,263.63766,371.13217,235.15646,401.94012,348.0832,294.89563,266.0332,283.5589,256.35217,311.17618,396.70514,390.5872,298.69467,262.3858,340.04202,330.66144,306.6211,365.8938,291.6151,247.3407,252.40886,233.75296,305.98547,292.93646,311.23077,246.23138,263.085,247.52478,275.86,313.4832
212.5315,329.39072,287.11768,328.5808,328.9008,284.50098,274.51898,377.34753,228.11273,389.54025,379.83743,285.2967,246.4991,304.21497,260.3019,312.5152,413.26324,379.2287,292.98196,229.8323,346.26743,282.44016,298.03552,286.57217,293.7511,258.1884,238.22878,246.0567,303.45703,305.43384,302.43427,242.63608,291.74466,262.57358,241.69675,322.03107
208.6766,307.45273,286.7453,307.0981,325.633,341.42294,297.36002,382.09705,229.5744,376.63126,351.58707,276.4359,245.8884,287.66138,280.96042,307.27902,400.87302,383.47586,298.99332,233.02905,360.80017,350.1452,284.53995,303.15918,266.1282,263.1913,244.03073,254.09447,299.7409,303.55652,343.08704,245.99165,283.21503,275.06955,255.71193,322.4024
220.8319,346.43204,303.74005,287.14313,294.75906,325.40097,308.46753,384.9544,234.13406,397.58234,314.20895,303.45764,255.75784,264.6021,280.91064,324.1655,405.92844,374.96188,249.15927,244.54439,346.36798,323.98328,268.74335,302.38974,317.4358,265.56458,239.63669,223.38133,301.9478,300.55984,348.01453,257.6025,269.16656,278.01605,261.08014,328.94144
213.21379,335.03186,296.27945,298.24985,322.4433,316.51727,306.86243,370.66797,275.73306,384.2094,321.34598,319.7464,255.13821,284.34485,249.51811,282.52237,393.098,370.4644,251.26453,259.9085,364.4739,328.31332,281.23285,311.02795,319.5541,256.548,248.23177,230.5209,306.67212,300.62735,331.3284,256.1628,262.47714,239.99536,298.7613,327.62747
186.80672,337.2189,299.0853,298.79327,262.5046,315.76,313.4384,366.47156,275.46072,375.97385,365.98175,317.6313,281.98907,270.37732,307.72913,285.97723,404.46472,370.14108,246.38525,252.37292,379.101,301.02094,277.65967,330.98584,296.4214,254.47739,248.82422,248.35217,312.19867,302.94724,335.94888,257.3631,256.2565,239.71391,313.24857,319.12708
182.72629,362.92984,318.0046,316.8745,297.71048,328.01434,324.8891,403.02957,268.7662,366.69537,358.9093,312.36343,284.3453,275.31973,326.02264,286.4291,385.9165,388.9417,267.4144,248.29977,367.27975,351.95734,240.62729,312.4226,291.28894,265.87305,244.80518,274.909,318.96527,325.57697,327.98056,270.45,253.05794,254.18124,298.2937,323.5581
181.63187,359.07657,316.84897,308.67407,289.96875,329.9582,322.6682,431.7592,283.4746,352.10156,334.8329,304.01865,294.2332,284.45184,242.95154,286.14877,342.8205,374.3099,287.84552,246.19864,362.82782,368.61975,255.28342,319.50754,333.94775,263.58694,249.26187,287.4124,305.78186,321.49335,322.67422,273.00894,249.86945,246.07286,304.6073,328.71533
155.06644,361.03775,325.30396,321.72165,329.26242,359.62973,310.7841,425.26227,291.59012,371.6974,361.37595,319.17084,304.1519,293.4366,269.8715,289.78522,358.059,298.81177,290.3424,234.10187,377.67657,349.81674,221.73325,327.1122,322.39978,261.31686,193.50932,298.63605,291.61655,313.4507,325.30466,269.48096,248.83151,272.90405,310.86853,329.97882
145.76407,355.17642,276.61163,356.61542,329.59006,338.59305,315.02805,406.00507,291.88815,361.2154,305.33356,325.77078,304.05035,293.30054,289.8096,288.86725,378.898,301.46875,284.23096,237.2554,379.27722,331.48297,226.51317,302.5151,316.4828,252.65466,209.42401,283.47034,286.16656,311.03098,321.81964,289.4116,256.17484,274.3947,309.37537,329.70215
136.82333,336.3119,280.5951,340.7732,350.91608,344.65128,353.6324,406.7509,288.3676,364.49466,334.7631,330.43237,293.64423,293.45654,259.72284,293.01917,359.7936,295.99326,266.0182,250.59549,383.2622,285.99854,230.75162,314.22366,315.8991,247.83278,215.90475,267.81274,283.05353,316.46463,311.37512,278.01266,268.5454,238.1291,302.86752,304.9369
137.36229,319.389,268.72125,314.61597,330.89087,324.17505,309.9735,396.3905,274.94385,352.14453,354.27258,317.24655,271.62564,286.588,292.78638,301.56128,340.47772,305.71027,266.01492,251.11424,360.91202,336.33893,222.29756,301.15167,309.3738,245.61229,224.05731,268.29935,281.8775,316.70596,310.05508,268.78976,271.2873,246.28793,313.45074,290.95853
135.21121,325.7175,273.03024,299.98233,325.6117,324.84985,326.26794,392.61493,256.3517,378.43085,362.74472,322.52298,278.9807,287.47192,291.86072,301.04272,361.21832,312.24588,262.82126,248.02768,332.27844,317.281,207.90086,315.2859,301.1289,249.4945,234.83957,270.97867,279.3394,306.87216,310.34433,263.0136,268.8836,245.47272,342.51425,307.54428
126.06953,325.1958,288.81403,315.60535,286.13412,332.07834,323.57193,333.517,254.4328,372.64926,346.12402,317.87393,265.08264,282.58572,295.149,293.58453,366.20398,324.60623,258.74005,263.35565,347.7742,355.6376,224.94467,314.44684,297.5654,256.67377,220.91347,270.4209,290.41833,306.1767,264.62207,269.03027,260.78928,247.76216,347.59543,296.4923
136.05156,340.14648,330.13428,340.1886,335.0615,315.6666,314.05225,332.33096,256.6544,352.9408,359.59256,337.95975,263.21262,259.89856,312.53748,306.46762,353.25174,321.8604,277.21497,270.11148,375.00458,291.91766,248.81494,306.9723,289.8435,257.84717,214.26843,270.13232,287.90085,312.23947,256.80353,265.1667,259.65527,245.89655,343.5615,290.3195
144.84741,322.04047,328.3134,332.78983,301.1836,325.40585,293.13605,325.80838,261.94336,337.43356,319.96222,304.41406,272.64264,243.82535,314.48795,303.91232,351.65436,323.2068,274.0432,279.72803,357.81714,317.7279,224.1327,293.50766,283.37512,251.93613,199.50558,291.25214,281.67682,290.6619,248.80797,248.69228,237.46277,265.33008,300.93863,289.5448
144.67218,318.8117,325.014,343.18536,254.76227,366.5612,284.49362,321.15222,264.7354,352.47705,345.95166,313.29065,273.36484,248.13338,313.12927,274.8987,337.61606,314.7676,280.27322,268.81494,364.36334,305.63184,230.4066,275.57373,278.24402,248.21457,184.84418,297.48523,272.29337,286.31027,257.84888,251.4584,236.16522,251.72617,285.70273,292.99863
136.84683,314.16522,297.27057,329.33463,323.2267,335.12347,305.47852,322.2169,268.02374,362.73987,318.037,309.17395,264.60046,223.55356,314.70706,274.5307,363.45084,351.9564,275.48685,261.9152,403.95416,248.96976,237.7996,269.79767,277.52448,257.1225,185.6146,289.46848,266.15283,285.115,262.9911,262.79974,218.66388,265.2317,287.74722,289.61768
145.64241,315.06195,233.57162,336.47626,325.15634,304.47122,293.91086,277.2639,276.0693,347.84036,365.94775,298.24472,234.76904,213.59192,314.87512,283.00443,383.77634,361.49216,275.32706,251.10031,379.8026,307.36105,267.00635,281.47894,274.5203,257.8716,181.48505,285.69775,248.81006,294.50372,264.15182,265.058,222.06812,274.78354,279.2942,291.77188
146.90364,266.68903,258.24542,320.85254,320.18536,342.63257,302.99414,283.00293,279.39478,385.77655,356.90567,287.30548,244.53084,194.35728,300.6939,284.2932,378.89075,396.55698,280.54825,249.40176,397.49084,335.73816,289.71036,294.1524,238.65404,256.17044,184.76003,266.5232,238.84023,289.67902,275.03644,257.0003,222.66412,265.53012,291.07043,305.5285
143.80475,281.02698,266.41138,316.41092,322.90192,308.923,310.07773,321.59314,276.29077,390.1008,312.2487,281.091,262.19156,183.92151,288.64502,288.073,370.001,392.88132,285.7525,246.79861,387.83286,315.3448,283.47064,290.18927,233.88783,259.95737,200.3897,257.5426,266.09723,287.2872,275.482,252.46887,238.11331,274.43127,289.88434,299.7762
152.65854,288.23346,248.76323,332.2151,274.8603,284.08643,294.85495,327.31384,268.0216,431.6996,339.60632,301.55145,267.86365,181.02121,268.58087,286.9193,370.65115,384.08502,278.7485,243.31989,388.447,315.96466,275.8199,322.88354,243.43779,253.8762,201.74202,277.82825,251.28477,286.97284,265.25336,255.33191,241.41537,295.2645,290.1246,308.0164
149.2441,291.115,216.96948,292.1945,299.73743,286.75977,292.6567,322.8122,297.67432,452.34778,390.62396,295.00986,275.6061,198.2241,298.5708,294.54874,372.38037,379.72205,207.64267,244.06247,383.93494,318.30124,265.26343,322.05792,251.39223,260.1341,191.90683,279.75342,251.1555,285.16147,275.5623,261.4555,220.26636,292.53912,291.4162,307.1169
176.5464,295.08234,306.73688,276.6773,303.0074,292.44083,292.93317,315.0948,288.96936,468.07037,370.53003,302.46326,274.40802,183.37677,308.214,265.3135,386.38943,352.66315,214.45242,218.21304,402.78802,403.93948,257.46378,267.622,244.82864,262.68268,192.24518,277.16998,240.18321,280.23816,288.77283,255.86105,237.1903,296.51978,292.83588,308.60345
173.24,295.98047,292.17053,298.77292,263.58344,297.03955,296.5826,352.97083,272.95425,433.76926,364.76328,331.2519,268.55817,202.18694,328.39594,267.91736,375.54337,350.90204,266.28342,234.23648,404.1483,376.2194,256.29617,279.5714,218.0491,257.8222,205.41995,238.5844,252.1712,262.86966,307.12708,252.87956,235.96811,287.73904,301.8657,302.5152
169.66423,279.9919,263.45856,313.0916,295.7558,297.88214,299.50787,314.67688,268.33203,439.99835,329.6175,346.41217,356.3491,200.10126,332.54846,268.82254,360.66132,354.52832,248.34103,245.70407,396.9066,356.80014,262.32874,272.78027,221.35959,276.0438,203.8141,245.2831,251.8717,268.33923,298.83786,245.23442,211.71706,310.6073,305.86148,342.55676
169.64597,294.23227,266.39178,304.43378,286.48416,342.16812,304.5132,319.6119,258.52393,437.51556,359.3198,378.26755,349.75476,196.84949,373.7223,290.97815,355.7603,351.3051,244.72153,244.26239,367.18732,363.5079,238.5792,265.81906,232.66377,265.54007,208.50397,248.60944,269.57104,266.87085,291.57657,245.66798,216.04752,298.42288,302.19394,336.54837
175.55038,285.87448,277.90198,336.13318,326.82178,324.28668,314.86334,313.5462,274.6474,440.1236,404.68918,356.3146,347.2991,229.71385,265.12988,308.88586,380.92627,337.71234,241.41608,261.36865,369.88907,375.644,238.63142,275.15097,251.67126,257.91214,164.2458,252.91168,274.75647,280.64148,299.53577,249.84816,224.89027,286.85675,271.98785,340.51764
168.85931,262.70978,286.27844,365.16077,289.48773,252.61676,312.29242,341.80695,265.95752,456.14807,374.65005,351.14572,421.33508,227.23595,315.52036,316.9085,361.83142,316.6324,224.97556,266.24664,379.37933,366.25888,261.38327,278.84293,256.30618,254.65213,189.68489,257.65076,276.68048,310.90686,280.98795,258.15036,223.83792,290.15543,267.23566,330.74423
177.38826,277.57407,291.5364,357.81384,297.14783,291.6355,323.5122,347.0018,241.54425,434.68933,354.91635,271.95502,396.93384,245.69205,346.42245,286.4905,348.23193,323.93585,242.02443,299.93948,386.7348,319.85605,241.18181,303.25018,264.40436,245.95503,189.36835,254.97264,278.7406,307.9473,286.96097,246.32948,254.18939,287.2101,280.40158,338.32855
173.03937,282.47812,293.08743,379.94174,325.64423,301.07712,288.9286,346.41547,234.31476,404.3783,359.47153,296.0395,381.92032,229.92715,368.5985,312.10596,376.20584,337.00348,244.41994,294.73975,374.71426,375.33948,227.30734,297.88638,271.02078,244.98387,185.62521,273.50366,279.28122,314.0143,294.4878,248.43456,249.79472,290.82245,275.84293,357.79544
174.57814,296.1689,302.19177,386.4695,334.59717,320.28033,311.2696,351.1549,240.69516,439.89374,357.7426,347.68945,357.1509,245.40572,367.0783,343.82312,383.43042,343.2246,250.08852,304.2021,388.6795,371.6384,225.04816,278.5515,276.09467,252.19144,200.53607,271.02353,274.9731,295.62582,293.85217,256.09753,254.59918,313.00558,244.68288,364.02277
164.99957,310.8213,312.45557,364.01614,367.84967,326.94257,300.95346,354.75403,225.41678,440.71204,353.83716,325.7088,344.16074,262.11877,326.81357,349.9153,373.37183,334.65952,248.23495,300.16473,366.03775,322.40817,229.46652,243.78275,247.93619,248.20068,192.12032,270.18176,271.48785,264.4262,311.93225,255.40987,280.8895,273.02325,260.71692,371.8308
155.56409,308.6811,331.41983,362.5782,336.8426,352.04254,279.48077,352.47684,234.77916,436.64505,371.927,330.00186,330.18912,261.3589,349.35617,337.76062,372.34338,343.59723,251.19055,318.97406,355.39615,337.4286,235.60849,235.0255,262.29367,254.98712,153.03418,272.67154,276.2175,264.54852,297.91632,251.87044,271.86517,275.34006,282.2378,322.95413
148.983,320.53702,323.00916,347.68735,352.02295,382.7516,290.49066,363.2967,238.05453,483.56665,362.62018,328.99078,310.08887,262.41608,317.00778,347.40692,363.78522,335.05994,271.95505,295.05023,369.27606,332.54578,247.27219,256.7604,256.91412,281.582,163.96402,267.4927,264.65573,256.2604,291.68378,259.51514,269.60956,262.03864,288.17847,338.85913
138.17004,294.95895,277.14062,365.8482,340.0987,344.61008,289.19257,368.86746,234.47696,455.07666,370.17316,358.17535,306.4807,252.80812,287.02554,383.09576,365.85858,371.62384,267.8424,299.04114,330.97543,352.1084,243.29614,226.78864,258.29114,280.52567,186.72632,263.74222,271.9017,254.9968,287.91153,257.77374,258.1871,260.16818,284.45505,327.47803
148.34947,305.19263,280.27448,338.72345,339.6995,310.73178,222.03914,360.8714,250.1914,430.2683,377.15735,348.87552,284.45984,230.79987,302.74402,368.3389,371.06195,355.59818,250.85638,299.86694,370.63947,351.45517,243.87103,260.76855,261.09665,273.49344,202.45139,247.18565,272.03894,267.36646,268.71353,247.1062,283.6478,253.72665,287.40427,327.9315
149.72621,301.26718,281.3536,356.29373,291.51053,297.23135,262.1109,321.9122,267.06335,401.5156,366.781,340.45844,275.79514,249.77953,311.19733,381.76633,358.7436,347.18143,233.45972,303.9859,367.90207,353.70294,243.82343,308.0782,252.22389,275.73462,224.06216,258.46738,284.40393,264.19113,288.08716,250.36319,274.78848,253.39574,293.99365,288.364
149.93417,293.42432,287.3239,326.8088,335.73712,296.41196,267.52304,302.64246,298.10977,380.82318,325.5937,354.45447,362.3413,251.39264,312.3671,380.68854,359.32806,334.71545,230.03279,299.18088,393.3946,342.1951,220.83649,303.22452,261.01593,271.9761,212.21571,273.10388,281.31073,252.64462,295.58295,240.72705,269.33856,256.3512,292.59485,298.04886
147.19278,311.53177,292.04544,325.06516,273.07312,302.16537,261.06195,319.23724,292.36523,385.00793,376.9882,330.3769,344.60352,256.7272,320.29684,362.99478,352.198,354.57544,227.94011,292.27716,396.17627,384.183,242.87697,280.3413,248.07758,267.72977,217.50676,268.65228,283.04526,259.93884,282.45047,246.51337,262.54733,256.039,299.35867,299.2469
154.62302,315.36102,316.2047,340.99512,273.88513,306.3559,280.62747,301.1734,285.05148,398.1988,362.62433,351.66296,361.4679,274.2165,227.37811,355.83957,354.04147,357.55548,185.1618,288.77408,393.47977,395.03467,262.9292,269.07956,260.18298,244.49246,225.0128,268.3659,284.76385,269.53986,283.38895,244.96902,266.08463,240.66348,311.98822,289.7336
184.94403,273.1576,316.6704,376.68103,338.22452,294.8798,290.31305,314.2801,286.92117,389.2708,357.23846,369.3403,354.02866,288.76486,223.2601,342.5751,314.55692,354.41733,184.06367,284.35132,387.06467,351.54428,270.89447,275.92886,263.52603,252.49942,213.34055,276.33655,258.23672,272.60446,294.1537,227.44586,252.43819,249.87259,319.41425,279.38315
173.41467,277.262,313.03302,356.71277,333.69888,320.8047,287.00037,322.45883,294.12173,385.59302,409.51147,388.49985,350.68845,292.62054,246.73972,343.94022,309.59186,384.03638,220.06354,282.67255,389.14023,373.49475,277.878,292.75836,263.25482,248.02008,209.6763,272.46097,250.03264,268.81128,288.36987,243.71896,246.5965,257.28583,316.60446,298.26688
181.44022,268.46484,299.36337,352.73694,279.60538,310.21234,309.53546,337.3456,298.627,372.57416,363.02728,362.54715,362.22534,290.24344,277.8965,349.68115,323.9094,380.90128,247.58162,298.8949,388.90375,369.42236,255.74365,229.98721,297.18118,242.94577,207.055,274.61472,257.45575,284.34656,289.92603,256.99548,241.54263,263.15656,306.495,314.45276
187.37637,289.28696,291.8118,343.83957,317.7149,308.8004,320.7802,349.24152,322.49493,315.2166,356.0288,347.6511,332.44186,276.96765,301.2874,349.43396,344.47382,355.0883,293.2749,300.0172,396.0279,390.69,259.60168,302.92535,308.03165,249.2797,210.41747,273.3415,253.71542,283.68167,287.04443,258.37042,232.59491,266.72437,306.90326,313.98157
199.53406,293.1266,311.6353,331.1313,308.29828,302.0703,326.71313,326.20798,311.69525,332.4004,355.36328,350.91458,321.2115,277.08997,327.80093,346.92426,347.5056,354.7446,339.95312,299.84613,369.29535,358.0526,251.5355,316.60706,292.99835,248.08734,216.94807,272.16104,256.40036,289.95618,294.89026,267.85928,245.85825,272.38123,316.95377,325.0273
194.21255,304.8321,304.7551,347.89365,319.19998,318.8227,360.30566,306.90704,291.6977,327.7557,363.5526,318.48608,318.90448,252.03403,307.85666,346.4464,307.72147,342.76785,329.9534,290.2058,348.6553,337.66284,259.8517,300.2488,294.90256,249.75017,213.4693,268.23895,261.7747,293.03436,285.59225,264.3658,249.86374,283.93225,327.83765,311.51123
199.53429,304.52887,308.6148,343.84125,285.7141,301.47974,335.4075,334.64127,304.745,326.70444,335.48627,324.94476,340.70645,243.03326,308.42072,338.79095,310.5896,331.09598,344.82077,286.61853,365.77316,338.26724,249.34221,302.97687,322.3855,250.5087,212.70383,283.6127,255.29315,314.59262,281.51358,260.73706,247.36926,272.88867,336.39978,312.1817
173.14864,304.1012,311.16602,353.19806,330.88184,318.1241,318.44653,352.85147,305.28226,340.4714,327.64526,327.17056,326.73193,236.80899,319.07083,359.02002,313.4157,313.909,334.1286,275.69266,375.4273,359.54697,235.20871,306.57614,289.79932,254.15933,229.93744,244.20319,258.61316,314.42157,289.09357,267.17084,250.2254,260.43765,333.62372,323.4431
177.41698,312.68945,323.2618,348.86307,327.77863,368.78046,341.154,387.05276,292.5807,288.81903,365.25824,347.97266,326.22253,253.5778,325.02792,354.66833,311.1,301.9362,333.1355,275.5113,391.74652,338.7768,241.22821,314.77795,315.3747,253.04904,243.01587,251.60425,257.3726,342.49478,297.04202,259.15967,250.08807,259.3532,323.2249,317.20386
173.13843,316.79266,284.11108,356.73196,301.42892,370.05032,351.3986,384.50537,240.12302,335.0394,302.5548,336.207,302.8014,266.1169,309.28815,363.43448,303.09106,302.19098,328.28384,284.47058,385.36618,325.93414,258.4799,330.54587,308.07715,236.5516,246.00998,264.08707,262.94052,341.99548,289.74127,256.84088,261.97342,270.91562,323.0662,277.22083
172.79544,328.80353,318.83478,356.43817,296.36813,347.38843,350.90503,374.96716,254.16739,353.37177,326.7258,327.5174,320.03717,255.55945,274.99268,348.56305,296.811,305.85895,323.50064,280.4167,373.60025,318.38956,273.25195,331.1939,305.3707,240.93938,248.57729,251.98514,251.84758,347.45856,295.18457,261.09372,249.75098,214.76245,312.7661,291.04318
176.26756,332.26465,304.1493,372.85437,287.66028,332.3263,337.06918,376.11252,201.478,339.1594,319.01422,320.30188,304.3044,241.5426,299.70615,347.8674,296.41873,274.02222,322.93506,280.4472,358.09567,350.39597,266.14868,354.8243,342.36694,256.23184,255.75269,253.7663,253.45338,338.05276,292.88992,262.29987,252.51967,225.20255,296.5601,292.45502
182.7515,336.3147,311.19635,344.02026,329.40854,353.49994,316.60895,406.3791,213.23651,350.85995,313.3224,316.9895,302.6552,256.82034,312.26456,298.6692,301.42685,284.91638,314.7676,272.6634,357.13846,306.48935,260.9768,362.98953,356.8702,255.9076,277.39026,266.73138,269.23154,330.084,297.55478,270.99405,227.81407,244.14348,303.73672,293.6436
171.95386,331.02386,344.5028,336.809,320.5214,353.54025,303.2754,396.76123,220.8774,331.0297,322.58932,306.0316,291.90692,266.64127,331.22534,323.4981,321.89972,301.4898,311.48172,271.07822,386.8895,333.26007,256.6689,358.63177,338.43774,249.80844,281.5792,255.47249,271.23526,324.67212,269.08664,277.8736,226.06635,252.78522,313.1862,306.07922
164.59912,362.21906,339.96902,332.2445,321.92645,348.5996,296.4809,375.97153,240.96556,342.7226,316.67267,307.92664,293.61594,274.8966,285.55035,333.14807,347.1328,300.741,315.18298,255.74568,375.35852,384.48004,246.51236,345.5848,323.21826,252.77939,273.48083,257.91327,267.94113,322.93753,269.6193,281.71335,227.98212,259.8165,311.15424,313.9224
164.06973,336.02695,323.56952,330.88153,328.71198,337.051,313.13608,367.23358,252.90884,295.1986,313.93863,323.00812,282.47955,275.34253,294.2232,337.5459,345.63507,309.75107,306.5681,261.3198,364.55234,259.0748,247.07625,354.26312,321.9498,246.28171,299.55768,257.1015,267.3265,313.4428,272.3937,279.59967,234.27425,266.09583,301.3413,318.95743
153.18423,335.35522,358.70905,325.45615,300.27707,333.5387,292.9079,342.67728,263.0769,321.91248,337.2359,296.61697,271.67215,280.11365,308.304,347.54465,336.13318,238.8964,319.9892,268.7721,337.96307,370.27457,242.36586,349.86194,319.81055,242.11362,294.00125,256.01242,268.54428,307.72952,271.23676,272.89554,224.9318,265.2104,306.419,305.03094
146.64758,333.9703,359.19318,346.7932,311.1646,335.21106,297.58664,342.12067,254.42407,351.40448,309.62888,289.03903,286.8106,289.5874,317.1228,337.82144,330.1291,250.30154,303.53488,274.93515,344.37704,274.36322,246.058,305.38324,303.86935,248.7131,288.02344,261.88855,261.24948,329.76367,271.61237,287.5531,229.02206,251.38818,301.48764,294.54727
175.58249,339.5467,346.6941,363.16196,336.1565,361.68558,275.80408,346.86472,246.38847,331.8455,341.7567,285.10394,272.83438,287.3847,342.04907,326.6379,321.72266,249.62308,300.08954,258.09192,379.71088,322.55493,246.07579,333.7367,304.79385,253.66089,278.46146,260.55377,247.08278,316.70007,286.6072,278.25354,238.90118,249.21866,299.01743,307.19177
200.20004,295.5108,298.8042,353.13498,326.00424,350.2237,279.09756,351.1475,238.86835,349.70883,326.59738,307.67612,357.16083,283.12274,441.4909,293.27332,323.2146,252.2688,337.89316,246.42354,378.0346,301.2058,227.02696,330.60245,302.1521,250.29718,263.38516,265.63336,256.77298,313.50787,286.9956,277.4602,241.58492,250.78761,297.95465,301.3781
173.64113,297.81012,295.98685,346.4751,320.29327,346.2168,263.18448,351.68652,243.96927,332.41498,300.99115,311.60648,342.72116,300.12833,412.17963,308.8858,312.2434,258.8571,377.0044,252.16663,378.92612,336.05197,242.62027,311.2608,298.30685,252.58292,247.90727,265.5669,263.6708,309.0427,289.7397,281.69305,244.77805,251.33783,295.20026,301.24365
181.92154,302.7338,284.71155,340.69254,301.2473,346.88452,323.0609,333.67484,224.58682,278.4213,338.72617,316.42432,339.47162,288.21255,361.4106,299.0352,313.0633,258.00513,351.01587,236.50372,384.23227,324.9241,246.47934,320.59137,268.35278,254.43553,245.81433,260.7257,268.25702,317.4262,302.74692,285.6689,252.73727,276.5595,330.80734,309.87335
175.99066,298.80435,296.13373,362.05463,320.55316,344.83133,323.12213,325.60516,204.52988,282.8169,295.44348,323.84216,324.47058,300.87567,344.2598,310.492,293.7945,275.92532,338.56857,230.10469,382.15878,391.31918,247.94048,321.614,262.1528,254.505,237.1654,263.50885,273.11386,317.1068,300.80383,283.90814,247.51953,275.55664,327.26285,312.44202
173.1401,318.14883,297.1922,321.93768,297.35446,355.29822,318.63947,305.35458,195.34818,303.26453,298.90512,335.30566,314.1847,279.4527,347.82886,335.84805,291.6931,271.1159,314.7691,241.45425,371.18396,334.27844,245.71552,312.261,271.30746,248.61623,216.69815,287.58643,267.7353,342.80402,303.90674,274.33057,224.00511,297.08926,331.8613,311.16162
179.13858,274.70782,263.06268,302.79425,266.02917,331.91064,355.6085,290.57205,221.98174,324.14297,321.94366,326.5704,296.92563,267.19006,342.1949,334.48715,287.01196,274.73837,303.8659,250.3145,351.3641,331.43515,267.00388,307.92557,269.47543,243.22589,232.32304,285.32886,291.43665,335.33142,300.88644,282.27808,212.33759,297.59637,329.6909,312.7108
174.9666,286.26785,289.90125,292.15067,301.11932,289.8032,346.8452,317.06024,175.05229,338.2833,312.59872,313.72675,233.55849,275.83548,346.09924,329.84314,293.02612,292.0044,290.20593,239.21951,335.8811,323.62643,265.58264,317.0941,268.6954,242.92975,229.67204,295.85278,291.3012,344.21417,319.2973,278.65787,216.41364,290.41608,328.57825,308.27948
153.3559,307.6716,312.07635,283.7931,231.94516,299.7776,324.45218,319.55786,189.12541,344.96613,290.40894,316.23,237.1418,280.24045,331.18918,315.31635,256.17123,281.4112,297.9707,247.2616,360.16962,291.78073,271.98788,288.20428,239.68224,243.20343,253.21274,302.0811,295.25082,337.9121,310.89142,277.09293,215.6578,270.19095,337.52042,302.88324
179.17029,304.47604,353.33588,330.35385,283.37476,307.5208,320.76334,300.5912,195.84015,280.97495,264.64783,300.05545,220.47974,280.85214,342.87357,309.52618,258.078,293.63913,289.9077,262.25464,362.0862,246.69957,270.78503,292.4356,246.50694,235.46086,261.90594,318.32684,295.878,331.39874,314.02124,280.20105,210.28622,276.324,336.54523,310.88574
202.96921,309.16132,331.6622,350.1519,294.5877,328.0021,302.50162,310.99725,195.49652,309.25122,287.44525,296.35382,218.45216,249.80016,336.8181,294.13046,257.5053,328.90433,283.86636,257.82452,335.97827,283.7857,252.40321,317.28836,257.8077,241.66006,277.1905,329.3598,296.23444,325.88733,306.02383,287.11182,215.92126,275.09567,326.6199,299.40222
196.87721,323.55453,306.0998,358.06143,248.64386,324.6639,304.897,325.93002,212.2095,308.0896,324.6619,307.64716,230.3816,224.56714,312.19522,312.8944,234.7081,333.16904,304.65515,243.29808,366.9631,300.6209,264.6571,327.77866,260.39725,245.17728,254.85117,318.31503,294.0504,331.44055,304.02335,285.661,210.8154,274.57202,317.2545,312.34244
169.03265,347.08316,304.07666,328.85947,305.84164,300.11887,307.2734,326.18854,237.78581,294.14648,234.87851,293.74057,170.56339,247.27571,308.59027,307.99417,269.08188,331.3899,288.9281,254.3995,396.15143,338.28366,286.34937,321.36633,296.35635,247.64664,211.10063,317.33426,288.34082,324.08484,307.12982,285.78192,214.2951,278.8238,309.99872,333.30872
165.51582,343.54013,319.85202,301.63538,305.13495,294.58582,331.22397,328.33884,248.80603,346.98853,316.81342,303.2193,181.65457,269.85196,296.32965,304.09055,267.64545,335.1304,281.45755,263.06592,395.57928,364.40845,268.85864,292.31796,296.12628,248.81082,217.13089,319.37854,286.68542,325.58096,298.07028,285.897,213.57056,282.92047,308.86444,334.52124
161.99854,352.5429,319.6352,323.5576,285.77887,319.03036,321.46732,335.21677,216.72247,352.5996,318.54922,322.58466,190.77336,264.02725,296.34512,305.02756,298.44077,332.4532,276.8435,269.61096,427.06537,302.57343,252.13396,299.98837,298.44028,241.57802,205.55841,297.8087,291.26813,326.6294,309.36847,291.69452,214.70998,280.6642,313.64856,342.52444
168.83957,324.73776,312.44547,300.66357,314.4422,366.22617,306.20294,335.8332,230.25189,381.9964,305.00784,312.7516,223.93016,270.18,283.90216,295.00085,315.64935,366.77466,275.74368,267.2474,385.3778,301.16562,268.8287,325.18564,303.06866,236.02808,186.3793,310.12024,299.7263,325.1296,312.18073,282.99042,234.72238,263.5674,310.83182,338.99158
177.46391,311.72595,320.0162,286.59436,316.83633,339.00546,301.48422,327.9772,216.2023,363.21262,325.98947,309.65396,229.32283,267.2782,275.66602,300.07062,310.71494,401.347,275.33002,254.20502,389.00644,316.1479,255.93866,343.07666,294.2228,238.78094,195.59195,332.11166,288.5202,341.3204,323.45807,275.71048,237.18121,268.04272,304.8344,336.1956
163.26819,316.033,322.08414,325.07343,251.06119,327.05008,318.47595,330.28253,223.97366,348.50955,335.15234,339.23334,238.69537,272.80017,262.26886,308.07837,317.11102,383.6579,270.1123,269.28354,367.46872,302.37482,257.0443,328.68277,263.0864,259.65323,216.1095,341.1529,279.65027,330.33514,311.9771,278.60953,218.31937,217.03546,272.57074,342.99338
154.49313,311.6162,270.71106,326.8091,271.95276,311.61804,322.01028,343.1963,242.72354,333.9402,323.77005,306.84424,230.29823,291.6934,291.20975,326.15964,282.3295,331.35135,267.37042,276.50485,365.25867,309.88184,287.5139,345.63892,269.3465,234.02536,217.49329,330.88492,277.24377,305.34503,312.296,293.40192,219.3071,205.54433,273.18524,330.36877
153.9202,315.2283,265.06003,342.47934,255.54993,300.125,300.16534,354.54578,204.35254,321.90112,327.69086,316.6387,232.22385,265.13452,229.98477,338.1209,294.01233,339.82767,267.04736,283.306,360.60498,249.69864,292.18127,340.9384,296.8635,233.84421,244.89915,321.5699,280.8339,284.5719,320.66885,284.44055,219.58972,226.20927,282.6427,332.42853
178.26845,346.37772,278.02057,337.0415,283.76834,291.4443,289.45496,356.69653,213.81113,335.03223,343.48877,282.95163,232.44821,265.69717,254.98102,328.2204,259.35507,331.4108,268.1796,256.56458,376.55814,287.2665,301.12225,331.86237,319.4054,228.89642,226.43289,315.4336,281.52222,308.51746,272.5813,291.0512,222.86108,206.11833,286.98746,330.84036
173.12437,342.45694,336.9624,326.825,301.29785,295.6022,270.80698,376.57776,223.83595,362.05292,312.5452,291.10446,239.05984,278.90378,266.71854,315.91684,263.99747,328.04324,268.56927,243.82713,337.88144,241.47015,308.54178,286.1582,350.6784,223.12036,220.27716,295.33112,267.1197,323.04315,273.5863,287.54187,227.36148,216.73529,272.1668,319.8362
145.4046,331.8348,333.04883,303.21176,300.33267,311.54535,270.78967,407.44318,250.07155,413.1817,311.66443,276.24045,244.24538,268.5326,287.17154,311.91864,281.82376,292.52936,284.98514,245.4852,334.56238,317.4879,298.47458,309.6606,332.56775,219.94244,226.1802,293.2942,277.1315,295.765,269.17603,282.2155,232.36461,206.361,272.04114,316.1145
154.03548,334.36646,320.456,305.43045,249.88376,309.8731,325.15192,393.20267,229.05658,380.49182,350.85657,292.82587,199.11722,276.11295,306.76596,346.99744,284.42938,260.08435,254.68167,245.25174,344.2151,315.14294,286.72778,298.80576,327.40585,220.89723,188.41191,295.33914,287.4248,291.63187,276.0063,274.22913,243.66986,197.34341,274.36676,312.9345
158.06468,304.30936,291.7788,324.74066,247.3681,321.91602,315.65912,367.71402,235.91641,394.5633,323.45868,300.867,230.86053,287.4099,303.45193,336.26053,275.01895,264.12836,299.60977,249.3575,328.59894,192.52898,275.57462,311.6803,321.45575,222.66974,202.42987,293.78528,276.72485,322.7971,280.59644,269.9469,223.8414,207.34064,237.68753,322.7229
158.72076,302.43317,292.28513,315.11093,245.11319,368.03372,268.135,361.88806,243.5839,376.06845,376.47516,246.8185,230.61258,284.52255,301.61295,304.42184,239.55562,266.0881,292.1839,236.54135,315.68555,304.08154,234.1865,312.5748,309.6626,223.38031,224.98149,291.58725,288.59344,329.9813,287.17047,264.74213,239.46867,199.8581,233.68414,317.2787
158.81656,308.70728,289.4913,294.67752,227.99799,340.7449,235.22263,352.378,237.84793,348.40115,289.35248,262.45963,230.73917,277.93695,302.8446,295.73505,260.02295,274.40637,329.95,236.88728,339.32065,249.50476,256.11575,312.9867,307.71912,219.96463,169.87859,278.39224,285.86792,328.40204,291.36447,264.95886,254.20906,210.71042,250.33691,321.76868
