A,B,C,D,E,F,G,H,I,J,K,L,M,N,O,P,Q,R,S,T,U,V,W,X,Y
0.39234996,-1.4376652,-2.1781096,-0.7969057,-0.53953725,-0.5188045,0.9551288,0.5333019,0.63148093,-2.452005,1.2269167,0.58288145,-0.292064,-1.7611961,-0.48566163,3.514283,0.34195656,1.0667174,-0.36475337,-1.1814657,-1.1043601,0.8519397,0.06808232,1.0847908,-0.6046564
1.5362811,0.21411577,-0.6674122,-0.70726824,-1.0012472,0.18915114,1.0830982,-0.19711941,-0.3208743,1.0211396,0.68406117,0.30842018,-0.2589052,2.417606,-1.5143758,-0.70368373,-0.5554449,-0.04902625,-1.190359,1.3545187,-0.52215195,-1.4150505,1.2347163,-0.39991328,-0.4159063
-2.4495695,-1.6763052,-1.1010251,-0.8705336,0.59914494,-0.06305075,-0.8781061,0.22341835,-0.21509014,0.1772629,-0.04972984,-1.7387986,0.7679658,0.737238,-0.27048224,-2.1162956,0.3828442,-1.1884102,-0.5050411,-0.2764318,0.40170586,0.84106916,1.6312187,-0.97865653,1.3252503
1.9752941,0.7379873,1.0893669,-0.2508046,-0.077419996,-0.06713387,-0.023838267,-0.01347398,1.1857368,0.031948864,0.5807937,0.21708839,0.5653277,-0.11221889,-1.1666257,-0.47568923,0.8280132,-2.6774065,1.446974,0.38288793,0.071728826,-1.6190408,0.38098294,-0.4516444,1.1669486
0.3592621,0.29029804,-1.5474303,0.4720379,-1.3628479,0.4219678,0.43169433,-0.735571,1.1968896,-0.4842219,1.3465741,2.174588,-0.54765284,-0.68987197,-0.43242767,-1.0439577,-0.9796194,-1.1281675,-0.114427924,1.026314,-1.0316136,1.5330682,-1.5044541,-0.06939861,-0.63892794
0.31645295,0.11035414,0.8422202,0.21142378,1.1244248,-0.40042123,-3.6741042,-0.77365327,-1.9216741,-0.3356737,0.12273878,1.5720322,-1.6030457,0.03248003,0.09283596,-0.15284376,-0.4607746,-0.11151777,-0.10048759,1.1294631,0.9664402,-0.03317988,-0.63618016,0.71988946,0.40261552
0.4100275,-0.48558187,-0.13962251,0.09302944,-0.07961011,0.7330022,0.16664037,1.5738938,-0.45758164,-2.286092,-0.035063416,-0.49857223,-0.7464297,0.6128111,-0.3840443,-0.5381796,-0.5372337,0.9812577,0.6022914,-0.086627126,0.6432791,-1.365745,-0.31629527,0.56362814,-1.8202958
0.80597746,-0.73874485,-0.76958215,0.74193877,-1.0504545,0.601537,0.70193845,0.77938527,0.2779386,1.6782428,-0.54922354,0.14545469,-1.2739832,-0.83399904,1.3424875,0.4073553,-1.511359,0.40965688,-1.988317,0.5160366,1.3141261,1.1236719,0.85311866,-0.93410456,2.321407
-0.1414456,0.9973115,-0.13412139,-0.56171745,0.37769657,0.7661022,0.45719934,-0.33636266,-0.7351669,-1.2898053,-0.2159229,-0.52517986,0.3796757,-0.96643794,-0.40435004,0.2821572,0.15456736,-0.18500954,0.443034,-0.25153533,1.8728399,-1.1716951,-2.068465,0.70297223,0.9137914
-0.5273295,-0.7832805,-1.3330241,0.44971418,-0.921719,0.12601152,1.6401349,0.9931429,0.05327056,-1.0168102,1.7612596,0.8299748,-0.88842726,-0.58724403,2.0163064,0.873617,1.1810474,0.53713745,0.10779297,0.7021273,2.038784,0.5843569,0.34107223,-1.0330647,0.58341694
-0.87399906,0.3600201,0.28507847,-0.9816151,-0.06749877,0.08699924,0.7728751,-0.49307644,-2.6059837,1.2918711,0.81162554,-0.3535295,-0.39897156,1.5818353,1.0286839,0.41568914,-0.0896184,-1.0203454,0.6253887,2.0762212,1.9236107,0.4997069,1.06735,-1.41087,0.27287206
1.7314321,1.0157732,0.90116,0.50505555,-0.58771837,1.2466317,2.0753696,-0.29510665,0.11557432,1.2805209,0.9170958,0.52581793,0.19725789,-0.6025136,0.6851255,-0.7567324,0.2849152,-0.41397288,-0.315346,0.28440142,0.6304309,0.2658273,-3.408347,-0.060742356,-0.4812221
-1.4312034,-0.24358714,-0.20820981,-0.49856967,0.46940598,-2.9422846,0.29788554,0.64191616,0.75757873,0.53976244,-1.2749434,0.01718688,0.9632617,0.6848201,-0.1809255,1.7990009,0.21032356,0.30345887,-1.3392682,-0.8670297,-0.014915973,-1.6194091,-3.0868003,0.23588459,-1.0550959
-0.8521053,1.5004923,-0.059316278,-0.87019026,-1.2213578,-2.3535745,0.047939852,0.17758688,0.9426719,-0.8801181,-0.004474763,0.4643836,-0.41785237,0.6191329,-1.209101,-0.03503126,-1.2745745,-0.64565885,-0.79394436,0.8596975,-0.186512,2.593526,-1.8480381,0.8697599,-0.7879087
0.68008363,-0.54333544,-0.936728,-0.3645609,-0.33664408,-1.029385,1.117137,-0.038059577,-1.7130876,0.36032417,1.1440408,1.4952866,0.28714353,0.049227834,-1.6986903,2.124369,-1.1007607,0.16585124,-1.1859258,0.36933094,-2.2100737,0.48561764,0.39184168,-3.8770852,-1.6579106
-0.04863494,0.24149969,0.2589504,-1.9291849,0.8927373,0.39187866,0.28704745,-1.3373003,-0.55311304,1.429517,0.9990628,-0.5693017,0.7574612,-1.7919296,-0.37768662,-0.32196972,-1.1326865,2.0195727,-0.81978416,-3.574687,0.78485274,1.6187648,-1.3947644,0.214296,0.237696
1.0777338,-1.8239667,-2.341292,-1.548162,1.0847385,-2.4633129,-0.050121427,-3.3241937,-1.9105722,-1.3505725,0.55544674,1.244174,0.5563228,-0.72066367,0.001594305,0.31849974,0.5231162,-0.004680097,0.21626967,1.7681347,-1.9515259,-0.0028960295,0.022909999,0.05135885,2.4339468
-0.7365371,-1.502614,0.779782,-1.0499865,-3.6398292,0.73437667,-0.8825555,-0.4341169,2.253394,2.0002067,1.1469543,-0.6482768,-0.20156533,-4.333868,-1.1340694,4.174599,0.16414781,4.4123483,0.9785348,-1.2003248,0.62192595,-0.35146582,-0.62927806,0.12009938,0.46144786
-0.021669447,-1.3116074,-0.7349959,0.31799182,1.1942282,1.5406878,-1.9788184,2.2739606,-0.34196395,-0.62070966,0.764095,1.7530385,1.9855908,1.2930437,-0.3029821,0.045408595,-0.9230606,-1.0700102,0.016362846,1.4106674,-0.79190993,1.9043639,2.6091251,2.1877398,0.6247292
-1.0054868,0.8648095,-0.6928929,0.7089148,1.8290824,6.617957,0.4482655,0.23175754,0.053747833,0.15669948,-0.64121187,-0.27581772,-0.250992,1.5247363,2.6075878,-0.4294421,0.23569125,0.3215512,-0.15450977,1.1712508,1.5764717,0.9403582,0.40035692,-0.22652644,0.076126695
0.32803515,1.0889577,-0.39128032,-1.5300773,-0.76839405,-0.2664678,0.787922,-0.17051545,-0.03209883,0.8672941,-1.111415,0.31066906,-0.8121427,-0.27277964,2.2864594,0.5085205,-0.4622483,-3.340387,-0.33482063,-2.115632,2.7326899,2.7939095,0.7512782,-0.3058375,-0.5210278
7.6648836,0.04171195,0.42462015,-0.22030109,-0.6457776,-2.100632,7.8552155,-1.0930519,-2.4107854,-1.808223,8.814592,6.9315968,-0.6154759,0.8332479,-0.8112048,2.2091126,8.227947,0.5888756,-0.8765067,-0.9432057,1.5225096,-1.0985779,1.169176,0.4189047,8.615266
0.69788814,1.4573976,-0.027680457,0.74656177,-1.8548857,2.3475533,0.742183,0.097004995,4.415552,-0.5869323,0.40794784,-2.0324523,-0.09452467,-0.0310134,0.7319456,0.5732254,-0.9998536,3.5315132,-0.16975746,-3.37541,-0.8005744,-1.0642886,0.6165304,0.4226997,0.57166564
0.5768727,-1.7675488,-0.5370161,0.16185568,-0.2719444,-0.48378792,0.55293965,1.0364773,-0.84677976,-1.7485816,-0.391918,1.1942135,-0.4027907,1.6642255,0.6286246,3.7898939,-0.68704075,-2.5521464,-0.033327192,-0.38033473,0.6734901,2.1805403,0.96002316,0.5362848,-0.78427553
1.9656837,1.2558765,-0.66518885,0.62353003,-0.04581389,0.12975359,1.7127643,0.33595508,-0.89991766,-1.309296,3.0340552,3.294434,-0.69543827,1.018524,-0.5625924,-5.6260543,-0.9214937,0.7208029,0.13995656,-0.17867595,1.289719,-0.3113433,-1.8150854,-1.8174083,-0.3296532
-0.81916183,1.2950068,0.33386797,0.32352743,-1.0424274,0.5533481,-0.2623066,-0.16148537,-0.24370922,-0.5607756,0.5448243,0.94599855,-0.45666903,-0.1461997,-1.0163107,0.41632164,-0.88252723,1.1031113,1.0788052,-1.0776213,0.93601006,1.4561938,-0.76042664,0.39977163,1.8967013
0.66986245,-1.1788365,-1.1077642,0.47572082,0.73501676,-0.13717556,-1.1148304,-1.0507094,0.5444995,-3.7585957,0.56667393,2.033572,0.71587354,-1.1190784,0.4632173,-0.05834669,-0.7225764,0.01625675,0.27196854,0.094355226,-0.885098,0.31993687,-0.42716914,-0.36662072,1.8386621
-0.95140123,1.717967,-1.4747429,0.4560095,-0.43656301,-0.9643229,-0.24266402,0.14254977,-0.14471477,0.3280118,-1.7420884,-1.7542028,-0.48380187,-1.0235497,-1.0418565,-1.1318309,-1.4855735,-0.015855491,-0.93251944,-0.19079286,-1.1523912,0.6699729,-2.5220203,1.2631394,-0.28254455
0.22670206,-0.8859403,0.55225146,-0.2959976,-0.31522462,-0.95477235,-0.11274971,-0.25327018,0.48408884,-0.8178156,-0.28692853,0.10125493,-0.39049816,0.26984495,-0.95586467,0.3055441,-1.0488307,-3.4036312,-0.7707491,-1.9050657,-2.2073627,-0.06549659,0.46519786,-0.013989888,0.32559213
3.2659526,-0.93747425,1.3937646,-0.45222503,-0.10400249,2.4558837,4.56457,-1.9884909,-0.3925038,-0.6176522,5.753626,4.1757245,-1.6076039,0.22987023,-1.7781227,-0.19285975,-1.098318,-0.059991956,-0.4923207,-0.9883415,-0.56519437,0.04869765,1.6473403,0.24795349,0.38946712
-0.25739124,-0.2271296,-2.0662925,-0.7490101,-0.17089143,1.3926756,-0.24731539,-0.15544514,-0.6857186,-0.06142211,-0.4519872,-1.3238862,-0.062485278,1.5258684,1.324889,0.88035303,0.23335883,1.2428846,-2.4528298,3.8120267,0.77109104,-0.907558,1.128747,0.095332265,0.17776844
-0.33058807,-1.0988324,0.39306295,-2.1310954,0.92586684,-1.2336763,-0.5701369,0.47741395,1.3688325,2.5314822,0.13261029,-0.6595507,-0.3140405,-0.4744416,0.6643687,1.5770715,-1.879809,-0.4505279,0.17400841,0.15939271,-0.3588926,-1.0292004,-0.100090005,-1.1069312,-0.22943658
-0.27554834,-0.8864428,1.0232626,-0.33751035,-0.04821852,-0.77621967,0.018053941,0.0028270707,-0.52200305,-0.7460206,0.4541477,0.87201744,0.857301,-0.52697885,-2.2594218,0.8707149,0.8295669,1.1949295,0.60548997,-3.8314486,1.3635316,0.26235065,-0.457304,0.5192699,-0.08934271
0.20352289,1.5707873,-0.1319176,-0.02122286,-0.4593395,0.21511438,-0.008453667,0.21562669,-0.13446479,-2.2612572,-0.011494391,0.32585466,0.31344324,-0.05534321,0.24079493,0.40478516,-0.475342,-0.42702562,-0.90052927,-0.5741479,1.5275168,1.1972175,0.8421371,-0.5693199,1.0185845
-0.23411761,1.1238668,-0.19775993,-0.63409543,-2.0044758,-1.202559,1.0829101,0.23233086,0.046340346,-0.7438808,0.7864663,-0.59235454,0.15039861,1.2173699,0.8524945,0.965315,0.57423204,0.16842708,1.202369,0.31997785,0.20429173,2.2930274,0.261705,1.129023,0.39071175
0.27238142,-1.2971504,-0.47509858,0.2116397,0.73393804,-0.48851356,0.38237214,-0.817546,-1.1580116,-1.9340584,0.7417921,1.1268284,-0.061061673,0.00952372,1.0066468,-2.1674645,-0.18076617,-2.3382785,-1.2479329,-0.47193736,-0.33669344,2.1918006,-4.5788565,0.30845442,0.41355905
1.9168534,2.0481067,-1.3566484,0.4382373,-0.37767154,-1.4321194,1.1737602,-0.2215025,0.15687981,-1.0665162,1.6001307,1.4058051,0.8217252,0.33319104,0.67025405,-1.4592996,0.03252001,-1.3009545,-0.9210089,0.7784418,0.5495331,3.7928503,-2.6459742,0.12630549,-0.5964052
5.581856,-0.13821772,-0.36933237,-1.2571332,1.2089231,1.2589235,0.4352113,-0.17407452,-0.42829287,1.2060473,2.447539,-0.47819102,-1.2893205,0.6837862,-1.2731136,3.3259797,1.5130007,-0.94956464,-1.847727,-2.4434843,1.0988321,-0.20637074,0.35382387,-0.8299457,0.92273325
-0.62523323,0.020668834,0.28710228,-1.6223459,-0.24304137,2.3029823,0.65580046,-0.72709084,0.60296965,-2.0522509,-0.2806064,0.7761901,0.32410887,-0.34907347,3.3244536,0.07891171,0.65871507,0.48776293,0.2233606,-0.82269496,0.4193176,0.019965172,-1.2712053,-0.31737506,0.77338374
-1.2768073,0.7859085,-0.066902146,0.15588509,0.0077397823,0.8670886,-0.81520545,-0.9577156,-0.46258757,-0.27078718,-0.40610674,0.71483976,-0.24345246,-0.66689396,0.20051864,1.6039385,-0.88390994,-2.853955,-0.06601176,-2.5302362,0.6232984,0.716759,-1.4428029,-0.38817033,-0.17366464
4.091337,0.024484694,0.91486424,0.04737404,-0.56096345,1.7696044,1.9334173,-11.082794,-0.66685027,-1.1855779,1.9705374,3.0081375,-11.823338,-1.1229951,1.0302868,1.2268484,0.3813951,0.07398775,0.69020844,-0.084177345,0.28713733,-1.6064482,-5.494587,-17.896925,-0.070456564
0.09569597,-0.032684073,-2.2533278,0.43862867,-2.5026352,-1.9167035,0.12564096,0.07785198,-0.55172336,1.0471199,-0.31666136,-0.52558583,0.66189724,-7.0770373,3.8741982,-0.04423237,-1.0674698,-0.6190262,1.3446957,0.005937934,-0.13458726,0.27889743,1.679697,-0.017986506,-0.446318
0.27406964,0.29879332,-0.9213604,-1.2303588,0.7947486,3.5193233,0.25676724,0.45422125,0.5027677,0.09982845,-0.25815347,-0.25993672,-0.7816701,-2.7459717,-1.9506998,0.0024951622,0.5422458,1.2754291,-0.024207536,0.53026783,1.1757346,-0.06332958,-0.22401023,-0.5492718,-0.88502866
-0.53647256,-0.31492704,0.70739454,0.60551685,-0.8264908,1.3960797,-0.4014108,-0.9492645,-0.081632614,0.5305672,0.6100135,-0.28673333,-1.4633994,-0.9012295,0.573215,2.173797,-0.50190026,-2.2855139,-0.10633683,-3.4646244,1.6303508,-1.1336236,0.07664066,0.2750484,-1.1327424
-0.36109164,-0.45331788,-0.58718944,-1.2054375,0.2738318,-0.2578047,1.6848084,-0.7365017,0.9083352,-1.1972616,2.2984908,1.1223727,-0.30356333,-0.71436995,2.273027,3.1175644,-0.08115712,-1.8162104,0.2673884,-1.290192,-1.2426528,-0.3048944,-0.8777679,-0.79132885,0.058086365
-1.9771926,-0.09538183,0.06585169,1.2188444,0.48807546,0.4114763,-0.7863879,-0.5593096,-0.48772976,-1.6269804,-0.90922594,-0.94608706,-0.24570855,-0.13953412,-1.261424,0.557783,0.13171287,-0.6527964,1.3812244,1.4105351,0.77914715,-0.99228257,1.1155307,0.7060102,0.7447178
-0.68362653,-0.6802608,0.5578586,1.7429113,-0.9967773,0.08577888,0.7584134,0.92889196,0.116809614,0.88274837,0.86379623,0.37483722,0.6969101,-0.42502317,0.6344855,1.4260893,0.26156098,-1.3293703,0.7915266,-0.25452763,0.3690464,-0.360816,2.1867929,1.952928,-0.75627977
-1.4892055,0.9871335,1.7456123,0.77538955,-0.58573806,-2.0040717,0.48771763,0.1812592,-0.26461974,0.27657306,0.20833284,-0.22165976,1.5344497,0.40033323,0.06174475,1.4202185,-1.1157553,-0.60554427,-0.1561827,1.7419766,-0.2675925,1.3431787,-3.1466641,-0.64739656,-1.043841
-0.71935886,1.6621604,0.5043651,0.022004455,-0.16901062,-1.7504873,0.5097259,0.3225671,0.035825342,1.4640481,0.60142803,0.5775966,-0.09877269,-3.4282796,-1.2855515,-0.31513456,-0.82634693,-0.77360237,-0.26220667,0.77849174,0.5554165,1.1505198,-6.1324058,-0.37583318,-0.6361959
0.30863008,0.29201645,0.27571583,0.08566356,-0.2893327,-6.1934767,0.4199211,-0.26933035,-3.343258,0.2280963,0.5405553,0.6188574,0.19821054,0.12409899,-1.0005707,1.0523777,0.5426607,-0.47805023,-0.7529923,-0.16129798,0.7137413,-0.6675909,-19.434952,0.9088947,0.7027155
-0.16042477,-0.51832366,-0.08082746,0.17771947,0.79641587,-4.6532097,-0.28235894,0.4953918,0.90858126,-0.32513195,0.21980928,-0.4981897,0.26527637,-0.52534217,-5.8609004,-10.708636,-0.120375484,-1.7570591,-0.29753637,-3.2202482,0.45210475,-0.53180426,5.5325537,-0.4840127,1.3160503
-0.15534703,-0.54209065,-0.24108309,0.44242686,-0.082243785,2.776111,0.926875,0.08862436,-0.106451005,-4.0490627,0.024938524,-0.5619684,-0.31626788,-1.1295269,-2.764799,-7.5212193,0.816959,2.5237942,-0.62487024,0.9590171,-3.2214231,3.9090648,4.2956758,-1.2574989,0.7675276
3.067773,-1.047304,0.22751379,-2.4779677,0.6628962,-0.4058524,0.919369,1.8878274,-0.43310466,-0.25048602,1.3338382,-0.09572556,0.6431977,0.90430397,1.499933,2.566602,0.73086673,1.0931596,-0.16072127,-3.6224217,3.2300355,-0.32702124,-0.2543934,-1.3961124,-0.073433995
0.98332655,1.6305376,0.8988247,-1.071569,-0.386519,0.95786357,0.6609844,0.31078604,0.3729418,-1.4118676,0.9634703,0.342938,0.8325912,-0.77902114,3.147425,-1.4073043,-0.8704714,4.125613,1.1240156,-1.7392012,-0.35002843,0.32236114,0.09684129,-0.68610454,1.692885
1.5854226,-0.03475678,-0.42647114,0.3994993,-0.056192875,-3.2618153,0.46909603,0.7759503,-1.2522514,-2.999614,0.56945777,0.5598724,2.1299572,-0.48128375,-0.009824276,0.25106132,0.6155195,1.2818816,2.0318046,-0.91447735,4.3072834,-0.08668327,0.2037535,1.6751226,0.6633848
0.22075541,-0.92150265,2.2930179,0.8622465,-0.6840335,0.7310069,2.552534,1.2647097,-1.0745285,0.1183317,3.6094975,2.6882238,-0.582198,0.3886341,-1.5007277,-3.0073872,-0.36608317,3.3485122,-0.36929852,-1.0994532,0.8504311,-0.75441235,-0.4115445,0.19307977,-0.7355881
1.490695,1.6062993,1.9349997,-0.9355862,1.3086374,-0.60965174,0.6413975,0.38491642,-0.89741737,0.51592773,1.3839282,0.0408898,0.9265181,-1.1872575,4.3182807,-0.070742145,-0.74871117,0.6162303,1.0862805,1.8879242,0.30260265,0.16795528,0.8673499,-0.15860629,-0.66655195
-0.41994137,-0.87906814,0.4074397,0.6715275,0.3858553,-0.50605,-0.8430299,0.34657434,-1.2768207,3.1592398,0.32754028,-0.56355095,0.5473143,-0.40246016,0.6814123,-0.084619716,1.2822747,1.2426784,0.92534673,-2.9668207,2.1676211,0.776814,0.28215528,-0.16894287,0.08971715
-0.5631479,-0.38610178,-0.31520298,0.7277098,-0.8607001,0.19262826,0.58728135,-0.153641,0.45451805,-2.4085405,1.8861392,0.64307857,0.4905859,0.042674355,-0.032597974,-0.90098006,-0.21890341,-1.3826288,-0.07522586,1.3796378,-0.52612096,0.0091110915,0.42751148,1.8451984,-1.278635
-0.13557094,-0.49624485,-0.7321013,0.48289862,-0.024879038,0.29767805,-0.26363152,0.7971987,0.13531823,1.5083919,0.3917647,0.0014233142,-0.70259356,1.5747225,1.3880347,0.7647012,-4.226146,-2.1944928,0.6139188,1.5755703,-0.43964562,-0.78666866,1.7898685,0.5300027,0.09964369
-0.018596333,0.75017,0.28236064,-0.05914247,0.74024355,2.6508346,-0.0057660043,-0.4765023,-3.1886497,0.6238421,1.0904963,0.9364822,-0.8609922,-0.20411399,-0.42877945,0.19270003,-1.024822,1.3132683,1.2478825,-2.0670476,0.6823893,-0.008604944,1.8342133,-1.5208075,-1.3385564
0.79417366,-0.6144779,-1.1978812,-1.1039813,-0.37361944,0.8189032,0.66564363,-1.1949464,-1.5044602,-1.2558941,0.16690618,-0.23098361,-1.8690276,-2.0573905,1.0259597,1.7517934,-0.15320453,-2.6439779,-0.5179555,-3.9870965,0.54260933,-4.9324465,-0.86756545,-1.348997,0.8450331
-12.124886,-0.06420142,-2.2372975,-0.6214517,-3.7295718,-0.17044187,-7.221983,2.0185392,-0.34782815,-10.480509,-3.2527723,-2.399963,-0.94289255,-0.98700255,0.5921221,-5.143625,-15.749724,-2.103522,-6.602731,0.94756114,-1.8555843,1.1865652,-0.8227507,0.30455574,-18.433048
2.9792037,-4.1165833,-1.3261758,-2.7045228,1.5070122,-5.3697314,0.5276378,-1.1762017,-9.159343,-0.88240135,1.4953758,-0.09599584,0.27380162,0.4551646,-1.4033493,-0.9524612,1.0699414,-2.9798622,-0.5373447,-4.9005885,1.4056878,1.4999363,0.3343651,-0.4227187,-1.9054933
5.6616216,-0.77923965,-0.770275,-0.7868887,0.6801438,0.55893517,5.686692,-11.397056,-0.2629711,-4.247656,8.370398,6.376009,-11.19483,0.4261574,-1.982538,-2.6987903,-0.36833724,-0.112994194,1.3680704,-1.2464868,-5.525454,-1.7017003,0.5672741,-17.010035,-1.5175043
0.021486476,-5.6250086,-6.946849,2.4590576,-1.6187558,-1.5017892,-4.7149544,0.5029425,-0.4633801,1.1646758,-9.443752,-9.571204,-0.8704299,-6.940238,2.6122255,-3.5858326,-1.242177,-2.1243944,3.9945445,-0.2138512,0.13383473,0.14994982,-0.5566459,-0.13836783,-0.6849108
2.8586228,0.18405423,0.28017646,1.3533444,-0.31220925,0.38129976,0.7146534,0.25574192,0.47033003,0.19222987,1.1725284,0.22318792,-0.2539224,4.3619514,-1.4030067,0.47145575,2.805983,-1.6486981,1.1004648,-4.976061,-0.1809282,-0.70724446,-0.9294164,-0.7754028,0.9547041
-0.49351412,0.5206889,-0.7651527,1.5561745,-1.3102534,6.0311537,0.41411754,0.23418598,3.154345,-2.9004102,0.9588256,-0.89700913,0.23768051,-0.66656274,1.3855121,-1.86515,-1.9376824,0.58618426,-0.19479695,0.50505376,-1.5936127,-0.006562829,0.3235297,-0.9502406,-4.105339
-0.56095004,-1.5064119,0.46251518,0.82026184,0.4514829,-0.123725116,0.55041,-0.25107092,0.44239268,1.0805495,0.123200245,0.19677609,0.6061895,-0.66098124,1.3767858,2.0637324,-0.67952955,-2.937314,-0.41219825,0.793522,1.5409914,-2.4912183,0.7327374,0.6121298,0.46144786
-3.454481,1.1140046,-0.16957483,0.77412474,-1.1403384,0.7239419,-0.7959722,-11.264027,0.19170296,-0.7964713,0.93775964,-0.11304158,-12.178933,0.4274015,0.5693189,-3.8267007,-4.6777325,-2.7129102,-2.0928755,1.1652176,-2.304843,-0.05958824,-1.0765718,-16.032843,-3.9632463
-0.89420205,-7.806444,-4.2269187,-1.0808966,-1.2122157,-5.830513,0.63445926,-0.5663168,-10.44134,0.97129655,-0.28858206,0.75334704,-0.9863509,-7.0102324,-3.0171313,0.8187436,-0.80016476,-3.9132936,3.6851091,-4.365816,1.3596544,-1.2101545,0.55256057,-0.6625795,-1.1101427
3.8084862,1.5329005,-0.5470572,1.7298541,0.42194152,0.13938826,4.472792,-1.1007463,0.421241,-10.613783,5.0415573,4.2721176,0.3255152,1.2448428,-5.394183,-9.7629795,-0.66952306,-2.9353664,-0.6456119,-7.1454916,-0.0130470395,-0.20041592,0.7961568,2.1112366,-0.22371262
1.5299361,2.367392,1.4449925,-0.2721727,-0.018767178,0.8508947,4.0198784,-11.612233,-0.7903917,-2.9169908,4.5303383,3.787763,-11.801566,2.156175,1.5712614,0.51028967,0.51723766,1.3848275,0.17747113,0.61649156,-3.4207351,9.818315,-3.0192394,-16.485712,0.11447126
1.6796694,-4.40626,-3.4901803,-0.924616,-0.060328536,-1.1708468,0.1491766,0.8631581,0.36925137,0.060266852,3.2332504,-0.67198104,0.061230972,-6.1299615,0.11452347,2.3780274,-3.7536716,-1.1665194,6.9681516,2.5587716,1.5461372,-0.26096523,-0.42286575,0.8604958,-6.0506554
-0.31839484,0.36273986,-0.10314751,-0.60521466,0.6930558,-0.2972989,0.5605372,-0.34317538,-1.4934001,2.146673,1.2738993,-0.07309276,0.5859757,-0.29493552,0.20090461,0.14262229,0.6722071,0.8216511,0.09500718,-1.9940782,-2.6087623,0.5867971,1.4679058,0.8335792,0.5224616
-0.025629088,-1.9044385,-0.019869149,-0.46085134,0.5174784,-0.52246463,-0.14119288,-0.22219025,0.39829144,-2.1356084,0.8080515,1.0044879,0.32606184,0.34525725,0.7033043,-0.06145098,0.21241868,-0.3174123,-0.30695847,0.47150877,-1.5571569,0.04917765,0.3549837,0.23701784,0.7625574
-0.22750632,0.14648785,-0.66613567,-2.3461533,-1.798594,2.0910974,0.64409983,-0.28998896,0.20851001,0.5443315,0.0016844273,0.058917314,0.45219347,-1.4784949,-0.47944066,0.38736108,0.21103288,1.5078719,-0.68507385,0.8772187,1.3435342,1.151407,-0.14727816,-0.42720038,-0.27248412
1.4579189,-0.44319618,-1.3802264,-1.3392699,-1.3458068,0.5093878,-0.12675118,-0.23454896,-2.0942845,-0.7628673,0.2333482,0.1504877,0.4791412,-1.2585479,0.663039,1.7824409,0.8278735,-1.7839144,0.9296807,-0.3302837,0.8435298,-1.2685835,-0.2940541,-0.58351123,1.4714657
-1.4775264,0.19819355,-0.7393768,0.8964218,-1.0633978,1.444129,1.0903386,-0.24806151,-0.41323215,-2.1202548,0.1777297,0.4103102,-0.8743597,-1.3856889,-2.8641179,-0.8256589,0.55193967,-0.5076636,-0.12702368,-0.48653567,-0.34131396,0.3528271,0.29065275,-2.9967465,-4.1944995
-0.21179178,1.3021616,0.86544675,1.2532126,-0.68312466,0.3377547,-0.393633,-0.25527906,0.38921502,0.7270921,-3.0393634,-0.1385732,-0.8928573,0.8884661,0.7762562,-0.326455,-1.3283875,-0.96265507,-1.2706006,0.39096928,1.0868037,4.0888805,-2.0389223,-0.6210361,0.18839544
4.433786,0.07870239,0.34247738,-0.40979058,1.6759713,-1.7098734,0.95879114,0.11238091,0.3179429,-0.8980335,2.636279,1.2645863,-1.0089426,-0.8600142,0.29934937,4.8260603,2.3201525,1.4715741,-0.5832416,-4.869541,2.2527275,0.16365853,-1.0805583,0.07492082,3.0221543
0.56323934,0.32027403,-0.41527843,-0.80066663,-0.2727188,6.2371483,0.3204193,-0.12681517,-0.074992955,-2.1756077,1.6930926,0.5627781,-0.5272381,0.115706235,-0.4067067,-0.36754197,-0.21834889,3.811194,-0.21805671,-1.2237835,2.9416268,0.3724903,1.3469102,1.880323,0.8249528
2.2657678,-0.9599931,-0.21567713,-0.46753818,-0.90577227,0.6387991,1.53441,0.46619612,0.36650068,-1.3477386,1.3661723,1.6434635,0.7074337,0.6039743,0.90219325,2.4497313,-0.120331675,-2.2579908,-0.72262824,-0.8602973,-0.8526395,-1.197834,1.0178095,0.7850931,-0.9148278
1.4176005,1.0132089,-0.31025034,0.2347382,-1.0274847,-0.69886744,-0.26447836,0.70429724,2.3004327,-1.3639141,0.9303562,-0.6212214,0.17189515,1.5168983,0.6135937,-1.0367887,1.7884107,1.9692726,-0.76256835,1.6204374,2.098503,-1.2739059,-1.7247852,-0.89680207,2.2616847
1.1022133,-1.5033318,0.47226465,-1.4947121,-0.28313398,-0.26306248,0.36820802,-0.311666,-1.7059965,0.61045665,0.72823113,1.2370559,-0.0055436045,-1.2318094,-1.5823342,0.37389085,-0.44935644,1.3354505,0.9477724,-2.0507,0.62597924,0.36277208,-0.40328157,-0.36476403,0.93115836
-2.5135727,-0.7762457,-0.07937798,1.3205025,0.3479848,-1.1540356,0.39900953,1.3287702,-1.4390597,0.20164704,-0.85865694,-0.495612,1.338304,-0.2469056,-0.42089158,-0.83433044,-0.22693354,2.0233974,-0.6023073,0.5623872,0.66789675,-3.0619981,1.5205426,0.8757679,1.5320649
1.888655,0.6803664,1.0894291,-0.7004413,1.268142,1.0065725,0.43396312,1.2385721,-1.0290762,0.041460767,-0.133484,1.6028588,0.545118,-1.2846789,-0.13154486,-1.4993839,0.45506713,-1.9930035,1.0303866,1.3211496,-0.1468544,0.76066667,0.0054287314,-0.28593463,0.41249913
2.9050355,1.2567208,-0.83520144,0.46438566,-0.30162418,1.381447,0.9166677,-0.98849183,0.60695153,1.2411474,2.4472978,1.2247647,-1.5036714,-0.12483448,0.7367879,0.9920248,-0.9810315,0.8263737,-1.6451173,-0.340943,-0.29673892,4.570016,0.0071149766,-1.4812605,0.23114713
7.0070624,0.4481008,1.5858346,-1.4009302,4.044034,0.1339032,0.2869923,-0.039850518,-1.0387849,-0.13181274,5.4338984,2.8691733,0.041513115,0.8158725,1.1406603,6.23973,3.379261,3.05565,0.8860275,-1.2464902,1.3990357,-0.590644,-1.6711748,-1.6124798,2.7183335
1.123393,0.85718244,-0.9341726,-0.58967274,-1.9655037,2.450829,-0.38224968,0.24058388,2.2074027,-5.056869,0.92419285,0.7703982,1.0416317,-0.62304026,2.3745704,-1.5067201,-0.24085894,2.0120664,-1.4945415,-0.0011258125,1.399544,-0.2500708,-0.48059645,0.19340268,-1.0058596
0.5474014,0.69322586,-0.6406882,-1.1364708,-1.0531623,-0.17450902,1.4034168,0.7186362,-0.7995754,1.0717635,0.56785005,0.39865035,0.22838822,-0.6458466,-1.3495696,0.699315,0.6718278,-2.1371903,-0.75807697,-0.2879578,0.3831966,-0.7470075,-0.7611346,0.35263336,-4.542429
0.7283337,-0.12233162,0.2547775,0.48282737,0.7270708,1.395421,1.4999461,-1.1859869,-1.5805423,-1.5584252,0.86399204,0.8077428,-0.6152581,-0.15981716,1.256655,1.0613931,-1.3931668,0.5962702,0.5503115,-0.83307457,-1.0546958,-0.5388485,-2.0920558,1.7746973,0.60751206
0.041427583,-1.1086018,-1.3411292,-0.026046544,-0.50686866,-0.9985899,-0.36209562,0.27125967,-0.6818295,-0.86302894,0.39496648,0.19315678,0.49129063,0.22984791,1.9407264,1.7646539,-0.4076862,0.05966091,-0.3002873,-0.7006159,-0.4625103,-0.82145005,1.416198,-0.58579195,0.8921232
0.27622697,0.364193,0.5060846,-0.16920936,-0.4542539,-0.70141745,-1.0127757,0.21103859,-1.1522325,-0.031249464,-0.66771746,-0.27251366,0.22534212,-0.57866615,-1.0467573,1.4397794,0.2291461,3.6430357,0.4213717,-0.1152879,1.0074267,-1.031821,-0.9114837,2.3580062,0.5580503
1.2513846,0.016497523,0.28322792,0.03063178,-1.1278381,0.8683532,0.46254337,-0.15466297,-0.40965992,0.2996578,1.3990359,1.2860651,0.72191095,0.13286148,-0.15308246,1.1946157,0.8179855,0.39481592,0.29112786,-1.0008461,-1.4575604,-0.26375625,2.232888,0.02229613,-0.55180144
-0.112636864,-0.8473222,0.45442617,0.3787551,-0.66711086,-0.8655452,0.3181749,0.44425616,0.32518426,-1.3527874,0.72716177,0.4593029,0.15723717,-1.5074706,1.741002,0.038430065,0.049473844,0.51797616,0.019130602,1.9466437,-0.36402497,0.03064476,-0.6418594,-0.61597794,-0.6796179
0.99621683,0.6204418,-0.3210964,0.2373507,-0.346093,-0.23535745,-0.63300765,0.60628265,0.2585078,-0.8261013,-0.1939396,-0.46809652,-0.4522571,1.2791721,-0.93294346,-0.92549,1.0083482,-1.296564,-0.6048832,1.9869709,0.30506414,-1.2821653,-3.0329852,0.32053268,-0.8448623
-0.20870236,0.3311725,-0.023472786,-0.4046119,-0.7178346,1.2713025,-0.021061242,0.69728214,0.67234063,2.2312527,0.18791369,-0.3133637,0.52058506,0.91542757,-1.6071067,-0.50246966,-0.49924082,2.7839708,-0.09404723,-0.28394514,1.5680946,0.2885111,-1.980273,-0.08453825,0.52439547
0.11377519,-0.024162414,0.89366615,-0.3213994,0.490316,-1.4188563,1.1669306,-0.19837785,-1.6991229,-1.0560584,1.0265296,1.4882354,0.17710534,-0.64446265,0.33494818,1.3188262,-0.670506,-0.0052081347,0.30708587,-0.40066856,2.3129337,-1.6943048,-0.94182664,0.90929633,0.68563265
-0.49108464,0.33380616,-0.72454375,0.40651968,-1.390336,-1.7096016,0.9832156,-0.37097383,-0.73666173,-1.591262,1.7661686,1.2886217,-0.99671435,1.5993762,-0.42821392,-1.5496323,-0.65576684,0.40114555,0.38953713,1.2755449,-0.7497447,-2.366517,-2.2803657,0.9684649,-1.0436981
-0.4073516,0.4176976,0.056240648,1.5128524,-1.1652987,-0.4204463,0.42501387,0.64990103,0.33734405,2.479968,-0.13322881,-1.8428826,-3.8979843,0.9902547,1.0714464,-0.5982115,0.379695,-0.5256154,0.47409943,-1.0763934,0.62815225,-0.8922301,-0.33263782,-1.0399207,-1.141816
-0.5774443,-2.5904183,0.9422886,0.77084184,0.381581,0.13369668,0.13203335,0.010782152,0.96139693,-0.46936673,-0.7987495,0.039922923,-0.2103887,-1.4663448,-1.9824663,0.07001591,0.72445023,-1.2851491,2.8611553,0.36292014,-0.14162576,0.65924823,1.0879866,0.59962153,2.628913
-2.92662,0.38273764,0.48030972,1.4562354,-1.0796745,2.0784187,-1.4907551,-0.3462717,0.86528677,-1.1645902,-0.44706273,-0.8032187,-0.15274799,1.3496581,-0.076075345,0.1915713,-0.20880038,0.7335363,-0.008918494,-1.6078997,2.773381,1.0636852,0.6717167,-0.23278344,-0.085068256
1.084063,-0.40951276,1.0382766,0.5189814,-0.47894812,-0.15185161,0.23065698,-0.3837962,-0.6460258,-1.8325274,-0.3959778,1.289037,-1.1630176,0.16397284,1.013736,2.5620232,0.05352755,-2.5099545,-0.043104414,0.055906713,-0.77366906,0.339345,-0.6927265,-0.7483982,0.91229916
0.26559305,1.8635933,0.77799904,-1.2408535,-1.3307323,-1.0009278,-1.0738763,-0.08999318,-1.0678037,0.6163609,-0.35929024,-0.6968992,-1.0485121,-0.8503617,-0.33946514,-0.5760227,-0.07567507,1.3881919,-1.1444479,0.48951572,1.0358942,0.9738478,-0.27925822,-2.7008042,1.3388839
0.5777613,-0.15861854,-0.30332622,-1.4704536,-0.18864858,-1.1710341,-0.47661382,0.06754476,1.0056101,-0.9895146,0.38446882,-1.184669,-0.4952381,-1.1960641,-0.06620076,0.1773327,-0.8298707,0.30438244,0.16149177,0.2055585,-4.69355,4.283144,3.2851405,0.39740747,-1.2930435
7.1884947,-4.185069,-0.5026579,0.44637555,2.679582,3.7400525,-0.21378976,0.5339662,-1.0030732,0.4771344,-6.807052,-3.7314305,-0.09759459,2.1850798,-1.6592968,3.886753,4.7737074,2.232606,-0.29252714,1.7834753,0.6140216,-0.19704302,-1.1874046,-1.6422824,2.3844185
-0.21066691,1.139317,-0.53500247,-2.7812083,0.3933496,2.7058074,-1.0278094,-0.7263443,5.0538282,0.25893617,-0.7774905,2.0518403,1.1441776,0.33667165,1.8408653,2.703266,-0.3547647,-2.3016918,0.67235905,-8.44619,-3.456481,2.1260223,-2.2986207,-0.07368973,-0.6293097
-0.18720853,-3.5732927,-2.1754766,0.36669242,0.16869283,1.0239398,-1.6809688,-0.6808499,-0.028795421,-3.136685,1.0336684,-1.2096462,-1.9231248,0.033615023,1.5215557,-0.4883313,-1.4788969,-1.0282823,-0.16682017,-8.098879,1.4115169,0.82820207,1.5016798,0.32045612,-0.93408704
2.1958122,-1.1514139,-1.7309439,0.94257456,0.8031235,2.6251602,0.658944,0.0028601289,0.5390674,-2.9592571,2.6512792,1.6708884,0.8196618,-0.026845276,0.40324354,0.30955648,1.4038712,-0.6001612,-0.60083,-0.37447393,2.933604,-0.01858908,-1.3993682,0.41537932,-0.4191684
0.13982569,-0.21908993,-0.73821247,-2.1672506,-0.17026645,1.3105673,1.632883,1.237364,0.42527705,0.8651979,2.1660218,-0.002129674,-1.2536777,-0.5616555,-0.18589807,1.9210575,0.19949707,-0.36021084,-0.5572151,-1.0692194,0.8400997,-0.71235394,-2.0155609,0.76790917,-2.183526
-1.0703224,0.8446015,0.37513214,1.2205228,-0.012824982,0.66319335,-0.6593547,0.26400572,0.14162377,0.32836437,0.34521502,0.33769628,0.8389722,-1.9354722,0.0865047,0.015573502,0.31163973,-1.5798965,0.05737585,0.8879118,0.044311374,2.2645977,-0.93760157,0.34999025,-2.2855482
0.07571095,0.9722689,0.88460535,0.58787626,-0.7124854,0.6121218,0.16963512,-0.17242786,-0.29103547,3.706476,0.8554075,0.38574862,0.26167423,0.46496087,0.98055243,-0.74376285,-0.67184824,-0.18792242,-1.5313015,0.33568096,-1.4352632,1.6301409,0.9284426,-0.63009584,-0.28884402
0.5813792,-1.4562153,-0.23482127,-1.3905842,0.25457346,-0.60709375,-0.8548494,-0.7628733,-0.54498637,-1.327,-0.47755474,0.42246264,-1.3408161,-0.34239605,1.2515354,0.915806,1.6705511,1.489458,0.5991727,0.098294556,0.23396653,-2.1636758,0.0050824136,-0.28618985,1.6551206
-0.0852467,1.0666698,-1.5500348,-0.39509493,-1.0370123,0.48677963,0.9486436,-1.4171543,0.6970115,-1.324525,-3.3578424,-0.82923335,0.18743567,0.46337864,-0.15414609,-0.93584204,0.63411236,-0.93900084,-0.39964813,0.23022225,0.02757895,-0.5027616,-0.43335804,0.5382075,-0.5324556
-1.7505845,-2.218846,-1.4588084,-0.7971982,-1.1729717,-1.0819471,0.21314518,-0.5241541,1.1454302,0.7291384,-1.1613349,-0.023083366,-0.5292628,0.6205342,0.1101968,-2.5844646,0.29722893,0.09317589,-0.027659833,-3.5606418,-0.0698348,-1.410855,-0.65880716,-0.6973009,1.8333259
-2.1225903,0.9025963,1.7008808,-1.2321554,0.35244212,1.0574392,-0.22871745,0.41796502,1.1491015,-0.90197086,0.21575457,-2.1796303,-0.06528029,-2.9848099,-2.3710675,-1.7372794,1.9392158,-1.4394283,-0.95599145,-0.5308994,-0.16821212,-2.3537862,0.4003676,2.2578192,0.30348375
-0.86454165,0.54904366,1.0514164,-1.258599,-1.4748511,3.0882597,-0.4070186,1.6188345,2.2866323,-1.2627232,-0.63581705,0.68107074,-0.5024015,-1.4209077,-0.22208433,-1.6530392,-0.22893493,-1.8952094,-1.4627745,-0.76987875,2.8034265,-0.31439024,-0.90687525,0.5992721,0.31093282
0.3218465,2.0906851,0.25222722,-0.49350175,0.9746715,-3.4656303,1.6873747,0.57092434,-0.10428652,-0.044365644,2.8857067,1.1452862,-0.30180448,-1.739146,-1.2322854,1.8138171,-0.6685835,-3.6311855,2.8353038,-2.811308,-1.3821255,-0.21364272,-0.22008419,-1.0240188,-0.027655007
4.505103,-0.4274366,2.2303634,1.221491,0.008615673,0.7453129,5.031211,-0.41818655,0.5769593,-2.1130307,6.9424634,4.19946,-0.28382897,-1.7685382,-1.5895054,-5.4254465,-1.6923616,-0.00569053,0.47350082,-3.2801452,-0.1573749,1.1658868,-0.59809256,0.19625032,-0.6704575
0.14648043,1.6684005,-0.38206825,0.25538385,0.5643199,-1.3335183,-0.08973936,0.43612787,0.045699835,-1.70831,-0.5722115,-0.5670624,-0.49401814,0.33107468,3.1074324,0.75448287,-0.49682766,0.6540702,0.08379805,1.8820242,-1.5546415,0.13551448,-3.5543566,0.2845986,-1.3214569
-0.19953315,-1.5429358,0.43740845,-0.07543293,0.19222932,-1.4492788,-0.2668239,0.14733322,-0.32069105,2.2428977,-0.16380641,-0.76909924,0.35078517,0.21551138,0.04503429,0.1005474,-0.75218797,-0.05832079,-0.21856219,0.31833,3.3235857,-0.38043255,-1.2611831,1.6610014,1.0597403
0.4576378,-0.81349325,-2.003197,-0.92274433,0.80506694,-0.80247676,2.2313886,-0.22734222,0.20895666,-0.06432235,1.5880455,0.53900135,-0.10187052,1.3538344,-0.26349655,-0.28977278,-0.74711525,0.851328,-0.2435437,0.5905749,-2.7342122,-0.12249211,-2.160915,1.2288741,-1.5812773
-0.8584856,-2.7079592,-0.74123514,-1.5602695,0.0874163,0.28157407,0.83044827,0.3613516,-0.9218027,0.6809693,0.8686353,-1.125331,-0.64442223,-0.55253756,-0.8148352,0.45278051,0.6865541,-0.76092637,2.147914,-1.4214876,0.8976828,0.33353865,0.7028424,-0.9242184,-0.22397098
0.57495457,-1.0716228,-0.13178085,1.6946564,-0.63250184,0.6344383,0.21816465,-0.16462323,0.24269828,-0.5160358,0.7650328,0.986096,0.45862716,0.26743808,-0.07903662,-0.110356286,1.1499377,0.85789055,-0.2509035,0.67829984,2.1779454,0.018956888,-0.74942815,-0.09294514,0.45363066
-1.2034962,-0.6547096,0.22412431,0.06354979,-0.6740957,0.5142801,0.9014096,0.015213653,1.0738043,0.9684572,1.691101,1.0816997,0.63905346,-0.19465372,0.8638085,-0.08072817,-0.06733169,0.078850746,0.62197,0.70479715,-1.3045368,1.4508238,-0.81880385,-1.1392838,-0.24258894
0.40341312,0.3769216,0.4542245,-0.080592364,1.0913833,-0.26065475,0.1722108,0.24994573,0.3297011,-0.28460252,0.9193952,0.42260137,-0.24448073,0.88834524,-0.9286742,0.45998055,0.50062466,-2.7582102,0.49157968,2.126565,1.0476471,-1.0906857,0.03565511,0.4785078,0.47847
-1.2641323,1.2276227,0.55024886,-0.16056053,1.7077441,0.82827425,1.7852087,-11.104859,0.274962,0.5160298,1.9988106,2.4224083,-11.730376,-0.4931906,-0.272642,-0.4728107,0.6899399,0.6636116,-0.8776606,1.9956206,0.40260488,-0.5928982,-0.75251055,-17.374014,-1.2634239
0.4166207,-2.562928,-2.7156694,-1.4424026,-1.4864273,0.5651101,-1.8311802,0.31455836,0.3567698,1.8476825,0.079183936,0.027211517,0.17542961,-8.146418,-0.6580352,0.38469538,0.51416343,-1.678174,0.43529755,2.339368,-1.4746997,-0.5659608,-0.62604254,-5.2294536,-0.4310601
0.81129384,0.44744986,0.98724926,0.78655386,0.1705909,2.8249862,-0.16557658,3.4701784,2.573376,2.0748737,1.3797383,1.9169497,3.0868921,-5.244011,-0.34310555,1.9591866,0.53756446,-0.44037825,0.2648096,-0.65436745,0.85707027,-0.96023834,-1.3222212,4.2095656,-0.25678575
0.27341503,0.6448621,0.7496781,-0.104249924,3.3099566,0.6362113,0.81443375,-0.34846395,0.16223925,0.7297678,-1.2211566,-0.04056391,-0.5827109,2.223482,0.020582438,3.58638,0.60921675,-1.5486202,4.5489736,-1.3925136,-0.92275417,-0.620596,-0.43853974,0.48723117,-0.15954
-0.31355643,-1.1159283,-0.22527887,1.7373458,0.07553327,1.4933822,0.42653108,-0.034849346,1.258992,-0.9172727,-0.5485213,-0.81309426,-0.62440675,-1.6242045,0.49836835,-0.5365486,-0.3468926,-1.3324392,0.7313559,-2.3161488,0.57573545,-1.8730994,0.96346784,-0.2582352,0.3774791
-0.6461271,0.8397103,-1.1584585,1.6322784,-1.0452949,0.68709123,0.7364924,-0.57133377,-0.23242202,-0.47499305,1.3602229,-1.1985631,-0.35418013,-0.08724787,-0.84617275,0.51384985,-0.22337627,-2.5200481,-0.686098,-1.0483627,-2.2212875,-0.68239546,0.06413001,-0.60548234,-0.5260844
-1.2284698,-2.6500988,-0.84326315,-0.08176771,0.6837704,-0.8366106,-0.26542473,0.3224901,-0.4975582,-0.37032142,-0.4897666,0.846858,-1.4763668,0.3704373,0.6547545,0.3034549,-0.47012284,-1.2676574,-0.6968751,2.3771186,1.4383922,4.451154,-1.0418317,-0.4014182,0.038853273
6.335448,2.6661706,0.9014168,1.1602923,2.3753333,1.8397723,2.260729,0.15183431,-0.046796553,0.34680718,4.8207245,2.2035499,0.2153211,0.61830074,0.095352426,3.4043148,3.851828,1.7173488,0.52369803,-2.020831,4.4873066,0.59006435,2.2788725,-0.81759596,3.2368808
0.5640671,1.64961,0.78979665,-0.06768632,-0.85089105,4.746015,1.7866434,-0.47911334,5.113402,-0.5518726,1.8644502,2.4673448,0.23753661,-0.36892158,3.374396,1.4077137,-0.2604912,1.4319348,-0.29619586,1.307844,-0.28661433,-0.09860483,-0.19028422,-0.8481323,0.4193856
1.6712049,-0.97169024,-1.0223823,-0.5654615,-0.040811718,-0.36054748,0.27826828,-0.01236596,-0.07616289,0.7935698,-1.1827724,-1.484762,0.031709045,-1.5278304,0.94107276,2.1847005,-0.84903073,-2.0814323,0.24116458,3.5613942,1.9474809,-0.10091132,-0.5113232,-0.62468725,0.07200152
-2.6053545,1.0295596,-0.8203105,0.6940749,1.1078055,0.39786208,1.7158577,-0.20203014,1.2061644,1.8196654,4.524269,2.0154185,-1.2165256,-0.03571508,-0.97787917,-0.059279114,-0.31675673,1.9301636,0.27356613,-2.1683338,0.116476014,0.38026148,0.31784487,1.3419771,-1.3955758
1.9281402,-0.60929805,0.44512576,0.86582774,1.3689559,0.28945392,-0.19962108,1.3242238,-0.3834227,-1.8709182,-0.36388868,1.370019,-0.5459493,0.177728,-0.11261961,0.00091302395,-0.55890584,-0.9529364,1.3859154,4.635484,0.1916483,0.81902766,-1.8920376,0.4714371,-0.18832412
1.7219768,-0.018882155,-0.49776855,0.85307765,-0.7476411,0.7918921,0.019424826,-0.336658,0.18250681,0.796759,1.2463794,0.64128417,0.09781945,0.35240966,0.4091407,1.4931316,-0.42263868,-0.4080915,1.0458238,-0.110639066,-1.7707083,-2.0367663,-0.9164459,-1.4431404,-0.305811
-3.316981,-1.0637944,-1.6388602,0.80313915,-0.8861455,-3.2794623,-2.4283934,-0.15575802,-2.3100307,-0.6227801,-4.4209433,-2.007538,-1.4397631,-0.6365702,0.76173705,0.69546306,-3.30522,-0.6573662,-1.3524568,-0.54599935,0.014297925,1.2014668,1.9763542,-2.73556,-2.8279452
-0.50806665,-6.879372,-3.1169171,0.44751218,0.22537318,6.4162364,-0.9843475,-0.27546346,4.261053,0.29156178,-1.9157674,-0.6249258,-0.25011596,1.2844136,-3.7640524,4.6295705,-0.9785516,-4.4965267,0.6830412,-4.9629583,0.9244211,0.20817071,0.033232927,-1.2743496,-0.47970647
5.1097608,1.247823,0.8052354,0.31525928,1.0464802,-0.25318125,5.83871,-1.4173658,-0.35093644,-2.865492,7.197891,6.467804,-0.50807863,-0.43600616,2.4879854,1.7924819,-0.05806908,-5.9990125,0.23937829,-5.622993,-0.45738554,-1.6771715,0.7326902,1.4080523,-0.3424545
1.910016,1.102683,-2.5112534,-0.020922095,-1.809617,1.0082496,1.6051838,-1.4139543,-0.9751958,-1.3369207,2.925611,2.5420628,-0.7170041,0.69662076,3.7906456,-1.3464748,-1.5920217,1.0808692,-0.998654,0.004525721,1.8528224,-0.56949383,0.9123545,2.1532574,0.09769978
1.0851759,0.106758684,0.21698087,0.15764236,-0.34795642,0.56228244,0.16070847,-0.122431815,0.6819287,0.5761546,1.4213331,-0.47511542,0.72390705,1.0396714,-0.27309,0.9300857,0.6290188,-1.0927163,-0.030109525,-1.2106545,3.2940276,1.1096338,-4.904735,-0.07286194,0.11251077
1.0361668,-0.8857311,-0.43827996,0.38432497,-0.2067389,0.5208974,0.552313,0.6336452,0.7266052,-1.0285355,1.8438822,1.0448351,-0.91821444,0.74636585,-1.041327,0.64713365,-0.05079174,0.54570633,0.6981194,-0.18924716,-2.294476,-0.9870963,1.4830828,0.60670954,-1.5986617
0.88684225,-0.1259342,-0.28270066,0.7941884,-0.43301594,-1.1520256,0.38662872,0.12256638,-0.8694691,-1.2253419,-0.7495745,-1.380954,-1.2125616,1.0368998,-1.7922344,1.4003751,-0.067618534,-0.9081973,0.072103076,0.22374436,-0.023664713,-0.37021804,0.98084897,-1.2095368,-1.6009642
0.7982082,0.5164005,0.043985084,0.41260466,-1.1070694,-0.0048739314,0.29803893,0.3527812,1.3610196,1.2096177,0.3693871,-0.044138044,1.2955725,-0.19439542,-0.8137686,-1.2893145,-0.25675496,1.5623665,0.9735785,0.7212547,1.3157717,-3.130901,0.06247207,2.3120363,0.4838036
0.2282651,-0.1611475,-1.9292457,0.7102535,0.14823544,0.24465117,0.48578435,0.82495356,-0.42339265,1.2802577,0.7187934,-0.68925816,1.9922072,1.6489382,-1.4811985,-3.8835006,-0.21249388,-4.0743413,-0.13642031,1.4797723,-0.98262143,1.2528439,-0.4034046,0.22353718,-0.83007
5.5952506,-0.69608635,-0.544267,-2.247323,-0.6659974,0.21764217,3.9808183,-1.3890028,0.23724195,1.0913041,6.985674,3.8593373,-0.994421,-0.26543623,-0.4193197,-0.41708946,0.41699246,1.0241332,0.41214362,1.0767522,2.922018,0.9178912,-1.898582,0.39581966,0.30589774
-1.0991148,1.0650917,-0.28870392,0.2477994,0.16786602,0.66620946,-3.321697,-0.21292283,-0.9737431,-0.08719456,-0.124892086,-0.4848021,-0.88799727,-0.29983342,0.9607404,0.5383225,0.6759688,2.6309633,1.9181261,3.7681236,-1.732424,0.46349233,-2.3698835,-0.3768164,-0.16132185
-2.0253303,-0.9996135,-0.2332191,1.0293641,-0.84840864,-0.108664036,-0.9083832,0.9660859,0.33379722,2.0277057,0.6138164,-0.11045408,1.1134048,0.09029639,2.0270703,-0.32938847,0.8224474,1.0459027,-0.3503302,1.207688,-0.8815023,0.66324604,-1.8415363,0.91304374,0.07309945
1.2875289,0.10154441,-0.77159774,0.9341246,0.500306,1.9966474,0.4417874,1.4659537,-0.62101865,1.6233182,-0.44264325,0.7273272,0.25404128,1.0787381,-0.16046426,-0.22110364,0.07913351,-1.8797885,-0.1396339,-1.5933417,1.6431158,0.69881165,-1.5577698,-0.95851004,0.64842206
3.2608101,1.2991226,1.0737615,0.12946202,1.1931835,1.2098305,2.8492362,-0.22210431,-0.04008819,-1.3474917,3.9661546,3.5008452,-0.25669974,-0.49414346,2.2714462,1.3139634,0.77257735,-0.24345934,0.17414612,-0.23434684,0.48452294,0.55496264,0.7840135,0.737148,-0.25363237
0.95554185,0.21049452,-1.5890791,0.47933587,-1.537569,0.060133398,-1.0267338,0.17978524,-1.716278,0.21879101,0.91954803,-0.31138372,0.013386587,0.48510906,1.0901607,-0.44100606,0.6759531,-0.23299982,-0.30516624,-0.21622285,1.9401274,0.017669216,-0.9741354,-1.8867154,-0.359144
-0.21984236,-0.62752986,-2.914135,0.2648341,-0.717736,-0.14630572,-0.44109613,-0.358143,0.5410739,-0.34591502,1.228843,-0.49632508,-1.1046574,-0.7936993,0.030593157,1.122608,0.3437295,0.16958871,-1.1248108,-1.3558848,0.0025425926,0.21394485,-1.5996394,-0.46993762,-0.30159688
0.59612054,-3.3659964,-1.1948698,-1.8469851,-0.39350772,-0.39557028,0.3058456,0.0010315683,-3.030257,-1.7453005,0.42905208,-0.3066955,0.48531145,-0.0882822,-1.0982872,-0.21314819,-0.1016981,0.40894827,-2.0704215,1.662993,-0.17712574,0.1220643,-2.6462836,-1.8801212,0.8275797
-0.47596207,0.4290287,-0.7388438,-1.0414435,-0.34497735,0.053875625,0.05756054,-0.8160579,-0.33308604,-2.1345172,0.47470427,0.7040411,-0.25451013,-1.3182795,-0.97564614,0.87907284,-0.29348847,2.7054834,1.6939455,1.189792,1.3260236,-0.7839897,-1.1014268,-0.32540175,0.27795085
1.1316179,0.35138744,-1.32461,0.8092374,-1.1189183,0.3522526,0.7760326,1.0424926,-0.034158573,1.0446644,1.4920721,0.94180965,0.13605939,0.5660982,-0.021959204,1.0648012,-1.3261645,-0.5093802,1.3475391,1.0164006,0.6917789,-0.09551272,-0.24327253,1.6547151,-0.98671377
-0.0553723,0.59527475,0.74030775,0.9460546,0.043839052,-1.1393776,0.53739256,-0.6848029,-3.197831,-1.9227816,-0.5070487,0.5461176,-0.18221104,1.892408,-0.42871332,0.24682468,-0.19025269,1.9445584,0.41141674,0.7306997,-0.82137334,-0.46405187,1.2996204,-1.2940285,0.198331
1.339757,-0.54956317,-0.43631047,1.1016092,-1.463502,-0.02476941,0.6671233,0.7160171,0.65510654,0.84563464,1.2790477,0.43512923,-0.3203476,-1.032686,-0.043443143,-0.020562071,0.87171847,0.6142659,0.07454559,1.4586103,1.3680446,-1.3457901,0.4792351,-0.38253552,0.8819552
-0.06362414,-0.8694601,0.095269896,-0.29627967,-0.18541642,0.38257203,0.05667624,0.030230165,-0.07077354,-1.3575702,0.82361907,-0.22829048,-0.22798991,0.03417796,0.67728496,0.58385134,-1.3824916,2.0376403,-1.2288067,0.5935141,-0.10210264,-1.3474784,-1.1785431,-3.6038017,2.09054
0.9991299,0.792149,-0.505974,-1.4767298,-0.18833286,-2.881903,-0.16561985,-1.1795313,-2.2734509,0.32710248,1.362231,0.5696868,0.8675355,-1.7870388,-0.52346647,1.1717387,0.21867126,-1.305685,-0.177984,-0.48110783,-0.3268665,1.1525055,-0.9740199,-0.92616135,-0.40065515
0.10334311,0.644722,-0.20534122,-0.5638951,-0.70374525,0.4348923,-0.464546,-0.075978674,-1.1160249,0.0006504357,0.5993304,-0.4762791,-0.42528751,-0.42835402,-2.186345,3.0566123,-0.066273406,2.5661838,0.32923687,-0.91804266,1.6098673,2.4545999,0.71819746,-0.55520564,0.545119
1.8796923,-0.97623014,-0.7488144,0.61124104,1.1912191,-0.8517499,0.12388067,1.3405781,0.41563216,1.0245955,1.7048407,0.41890508,0.54162806,-0.040607035,-0.1903711,0.6068811,0.088660955,-0.9750117,-0.3171788,0.5019891,1.166883,0.13921838,-0.90615886,0.819372,-1.564566
-1.5117409,1.1571525,-0.32587436,-1.0614717,0.9361154,2.1847591,0.9164104,0.86809576,0.75418663,0.9467603,-0.69165903,0.20250419,0.30417547,0.79662913,-0.6191737,1.2128416,0.92310166,3.1731687,1.402943,-1.2082353,-0.38204423,-0.10740742,0.25148293,0.95005095,-1.3916615
-0.3817541,2.586858,0.74722445,0.4319795,-0.92096514,0.5281739,-0.9553957,-0.43444586,0.20670353,-0.10441101,0.0071996897,0.27602255,0.86361444,-0.5349246,0.5649277,2.7823713,-0.4799307,-3.9675484,0.40427274,-0.68581975,-1.2096722,-1.6073883,-1.0774913,-0.70842534,-0.03720367
1.6617622,-0.17323753,-0.2634502,-0.65193224,-0.58206576,0.35050333,0.3583899,-1.0134282,0.3649221,-0.37397432,1.421128,2.153654,-0.5857358,-0.08346629,0.3535855,-1.480532,-0.073947385,-0.64892155,1.4133446,0.7187743,2.5362732,0.393098,-0.0038386676,0.2220361,-0.11056554
-0.4141022,-2.0390587,0.92767173,1.0064771,-1.0626689,-0.5840519,0.38056827,-0.43366414,0.20014341,0.41157383,2.6006556,1.4366851,0.25651264,0.5915455,-0.18119451,1.3824649,-0.48157,1.3126664,-0.3476719,-1.9241071,-0.32789516,0.25543815,-0.39458793,0.087816104,1.1942658
0.07629271,-0.81446797,-1.3943173,-1.8547343,-0.28024176,-0.14262801,0.14627004,1.3097308,-0.06776671,-2.0079563,-1.7040293,-1.6625555,-1.1076759,0.79194045,0.040781155,0.66855687,-1.2242886,-1.0513768,0.24263248,2.2683184,-2.161576,-0.9622745,1.3946623,-1.8508635,1.1625352
0.20750622,-0.077413686,0.9239975,-0.34547284,1.0429515,2.7204578,0.4245752,0.3920902,0.10542706,-1.4474962,0.812296,0.16585618,-0.58439374,1.7573371,-0.9631759,1.6341667,0.16019166,-0.23649056,3.017343,-2.6402657,2.2096033,2.0874197,0.959007,-1.1805592,0.47540733
-2.223606,0.36138538,-1.7764394,0.8400694,-0.854266,0.6504496,-2.1193538,-3.3467991,-1.1316459,-2.599927,-1.829812,-1.2853559,-0.66753274,-2.103894,0.6115766,-1.5140172,-0.050917268,-2.1156263,-0.25762558,-2.2811837,-1.4508886,0.25286755,-0.43131506,-1.2683257,-0.28472674
1.5410976,-0.2804682,-0.54758674,-3.4858694,-2.4651632,-0.9065166,-0.25727114,-0.3674093,-1.750535,-1.2739692,0.42573535,0.012352169,-0.74864507,0.17197202,2.8905392,-0.65152407,-0.61718875,-1.1007708,2.0201802,-1.1927359,-0.6572563,0.8169249,1.2890272,-0.47796324,0.46784014
1.831389,-0.18047622,-1.6880555,0.6166428,0.05429107,0.6572587,1.1321685,-0.92973256,-0.105252706,-1.2853925,1.1463923,-0.33054218,-0.4772731,0.04068947,-0.39155766,-1.9128016,-1.365614,1.1538849,-0.7571083,-1.7636602,2.5692382,0.7546032,-0.018840432,-1.4515098,0.25207344
2.2592041,0.3763675,-1.2732633,-0.79682684,-0.2500768,-1.819951,0.7637534,1.9592589,-0.12356329,-0.9971231,1.0144745,0.9328268,0.12782049,-0.73381233,-0.859024,-0.3790532,-0.7637019,1.7682328,-0.3283169,0.22839534,1.3232476,-0.1915631,0.875867,0.82715356,-0.50591326
-1.3856685,1.7390934,-1.5103936,-0.10277684,1.6442962,-1.8309008,0.23390928,-0.6193547,-1.4504526,0.32566693,0.5296256,-0.68568397,-0.5359932,1.4288375,-1.0957383,-1.9697247,0.12644084,3.2387018,1.0195655,-1.5303328,-0.50957537,0.8897168,-0.33107197,-1.110682,0.09822364
-0.59390557,-1.1213315,-1.4932226,-0.54677236,-0.21740884,0.16824692,-0.67553085,0.117729574,-0.62129635,-0.4265837,-0.78243697,-1.7939637,0.5070589,-0.39355433,-1.6018531,-0.18605658,-4.36265,-2.962571,-0.8879725,-0.055292517,-0.1060853,0.41106024,-0.725618,0.17258184,0.009222746
5.2730274,-1.4670949,0.04954797,0.96506655,-0.14187887,-4.1905165,3.7459242,-10.653271,-9.994049,-0.60130066,4.8631525,6.478734,-10.9860325,-1.1565189,0.63343084,0.35108894,0.61811423,-1.362546,0.06677331,-2.2826252,-1.1901181,0.8649547,-0.7566051,-16.819118,-1.8581617
2.1995897,-0.9611032,-2.824202,1.0465856,-3.609105,-1.971976,-0.4524809,-0.11927945,-0.5438584,-1.0872428,1.0707474,0.29762378,-0.46093142,-7.1169024,-1.3396839,-4.529075,0.5053007,3.2871401,5.5023,1.3167125,2.2531981,1.4953645,-0.3944643,0.1538431,-0.6340077
0.090906665,0.33221772,-1.7008383,-0.4335699,-1.1569381,-0.36166877,0.03535551,-0.089282215,-0.68324757,-0.37287253,1.4040432,0.4134349,-0.79033303,-2.223555,-0.35661182,-2.1138833,0.042662993,1.5362606,0.012833215,1.6160455,0.6006206,0.95872295,-0.2210755,0.9047226,1.17169
0.92686343,-0.4198912,-0.16165258,-3.5087574,-0.8208672,2.6178346,-0.09942388,0.32629773,-0.116271734,0.39085144,0.33449084,0.45406833,0.31522834,0.34244174,-1.7029241,2.2074177,-0.3900435,-0.55828416,0.7905247,-1.2363932,-0.65770763,-0.21253619,-0.109161034,-0.83750886,-0.30728978
0.8116787,0.115762055,1.4995207,2.3573413,0.18681154,0.16623378,0.7238123,0.733451,0.020083904,0.1342147,0.35543534,-0.10142827,0.81427777,0.258883,0.18285239,0.12091029,-0.73669696,-2.131497,0.56881917,-1.9339321,-0.9675342,0.64640903,0.17092274,-1.0516051,-0.98488235
2.3174257,0.5820415,1.7468545,-1.3122573,-0.4613847,-1.0622748,0.34025553,-2.154271,-0.30672565,-0.7206441,0.17483997,0.7344465,-0.36881596,-2.4261703,-0.4785423,1.3811867,0.9521034,3.0217423,-0.1907596,-0.7388953,-0.49416125,0.18226221,-1.2109121,-0.42716804,-0.46884528
0.52319163,-2.729628,-3.4483304,-0.65066624,-1.6817356,0.4314382,-0.14652082,0.48375773,-0.49576175,-0.612697,-0.6392435,0.26116002,0.78403723,0.29159975,1.2050046,-0.35407525,-0.7153324,1.395073,-2.365856,-1.2754422,1.033186,-0.66089535,0.30078936,-0.6755737,2.2600355
-1.0343491,1.435817,-0.091949835,-2.5087125,-0.6484953,-2.5652118,-0.99059653,0.63649434,-2.1411169,-4.741245,1.0071874,-0.8712661,0.026233166,-2.7390575,-0.13778917,-0.06262633,-0.120375484,0.3473735,-0.21069357,-0.5895158,1.4711999,-0.07229834,-1.9120538,0.17776923,-1.544838
0.8427091,-0.3692392,0.23133606,0.24313566,0.3274484,0.36408108,0.36228466,-0.3595739,-0.091684185,0.55759525,1.3637015,0.81183,-0.794531,1.1091427,0.35934564,3.1280773,-0.018301442,0.69619447,0.18027121,0.8409205,0.28435868,1.3224794,-0.9164459,-0.27942768,0.7065722
-0.19488621,-0.0711524,-0.8443481,0.22181001,-0.1824501,0.67737484,0.82291275,0.38762873,0.69730556,0.7503939,-0.43785506,0.32121277,-0.39425966,-0.78462553,-0.22072259,-0.7053765,-0.09058579,0.7488932,-0.24240741,0.12689272,1.70438,1.1278979,0.46241745,-1.7299931,-1.4816172
-0.84839636,-1.1083753,-0.2825842,0.6094153,0.026237696,0.49085188,0.4432307,0.34112707,0.018160455,-0.23450506,0.41534483,1.2010019,0.40273127,-1.775226,0.049491495,0.43888733,0.30187348,-0.12175584,0.3952033,-0.93304807,0.11120049,-0.8943851,-0.26888254,-0.039900795,-1.954654
-1.7523232,1.6154515,-0.65355146,0.84082997,-0.8638932,-0.41038808,0.4259625,-0.050415084,0.5937145,-0.83802253,0.7620404,1.0091835,0.27682677,0.46280515,2.326643,0.04401186,0.23889619,0.95586395,1.0258753,0.81549084,-1.076534,0.7818171,-0.8869485,1.8452148,2.8869405
-1.2088886,0.76472104,-0.65489495,-0.29348612,0.108463556,2.317913,-0.08145061,0.5412402,-0.40418726,-1.7472785,-0.2840479,1.1948447,0.32062966,2.316768,-2.1753387,-1.1597499,0.8660283,-0.42835698,-0.25082445,-0.23460907,1.7755144,-0.611789,0.3424545,0.6926265,1.150262
0.31007567,3.1202052,-0.8439639,-0.6059105,-2.1218798,0.33468026,-0.9912481,-0.6645648,1.0807947,-1.0795947,1.6964092,-0.4161361,-0.10268661,0.68651175,0.8831667,1.4032508,-0.70487344,-3.395131,-1.9039339,-2.386981,2.2168636,0.27582687,-7.484924,0.8860343,1.8038218
3.2666888,0.28446805,0.82161665,1.0946579,0.24605937,-3.4127355,7.540757,-2.7994728,-1.5329016,-1.3725294,7.242835,6.3514476,-1.4990597,0.36083597,-1.6170638,0.8873987,-0.07176182,0.8525828,0.8614315,1.0807376,0.7949931,0.9206029,3.1282876,-0.1044199,0.5584613
0.6589885,-0.40811396,-3.2401328,0.88953793,-1.5443864,0.2652871,1.0410404,-0.078951195,1.9925965,-0.11158931,-0.9458954,-1.1783806,0.16926461,1.1311631,0.40775985,-8.5118685,0.16737723,1.8145671,2.1839504,-3.1575341,-0.75747484,1.2107238,0.15532285,-0.37001473,-0.16277477
-0.16303298,-0.36481896,-0.64643383,-0.15998437,0.12195946,0.11381322,0.4280485,0.056144655,1.0770319,-4.4609976,-3.1171575,-0.9839357,0.4409257,-1.8649682,-1.0706958,-0.32069084,0.64003134,-1.6308478,-1.2179923,-1.2711885,0.19900446,-0.4679628,-0.8056315,-0.26194775,-0.06834659
-0.14235303,-0.8259561,0.33528522,0.28456956,0.077958785,-0.3065493,0.8352792,-0.118210785,0.784423,-1.7855033,0.430183,0.198107,-0.34888652,-0.8988582,-0.781828,0.6152846,0.2777328,0.37528777,-0.84396935,-4.8642454,1.1959679,-0.2984251,-3.040674,0.6203756,0.9577764
0.21722794,-0.024051718,-0.6311969,-1.1751337,-0.95592403,-3.121815,0.21832564,0.3100786,0.13850546,-3.307662,-0.20448147,-0.5960701,0.50724185,0.40728444,-0.7390565,-1.1088115,-0.70230544,-0.0021717548,-0.24243665,-0.7747154,-2.2818584,1.0833975,-2.133578,-0.58344764,0.5264754
1.2572316,-0.1581731,0.93462604,1.6451595,-0.57367945,0.35279012,1.5922616,0.5821494,-0.41535982,-0.8660338,0.9216764,-0.49395955,0.6480546,-0.407129,-0.8866646,1.5298429,-0.33583307,0.37986916,0.2485742,-2.6417294,-0.44102114,0.7659835,-0.39613444,0.659235,2.5899692
-0.6540265,-1.039043,0.59634197,-0.66917384,0.6320785,-0.49308753,-0.107234426,-0.69876814,-0.5122589,-1.9992759,0.7042763,1.0125574,-0.4060442,0.46312606,-1.0270499,0.7754992,0.1209486,4.0997615,-0.04791975,0.5013243,0.64142025,-0.60029423,1.4965816,0.6425806,3.5714571
-1.1807128,0.004719019,-0.71163094,0.7269736,-2.6729338,0.75852466,0.20377493,0.32367003,-0.87121934,0.66774195,1.4232144,1.3038805,1.1359708,-0.49263957,-0.43831182,-0.8072645,-0.006302908,-0.67486876,-0.48924878,1.1783545,0.012115836,-0.25633922,-0.11440566,2.2297168,-1.4962869
0.80056393,1.4842393,1.423721,1.0601854,-0.3504742,0.3323293,-0.4779623,0.3629364,0.7521751,0.7891292,0.97919166,-0.03359714,0.79161125,1.354615,0.06474364,1.2724708,-1.0977943,-0.5407721,-0.72589636,1.1256354,0.016580522,-0.6334836,-1.9694742,0.16808313,-0.8084716
0.48187736,0.8187327,0.4708354,-0.5872493,0.16299719,-0.45356447,-0.6663977,-0.3471598,-0.9129379,2.0171854,0.58450866,-0.64339167,0.41527995,0.86350083,-1.3076907,-0.2080881,0.5369303,0.612719,-0.8216435,0.5940397,-1.459732,0.46214992,0.7610009,2.2444844,0.26549035
-0.735214,-1.6910415,-1.1910574,-1.4137597,0.47885904,0.37705767,-0.36321312,-0.35421437,0.505049,0.81303155,-0.25231177,-0.075973086,-0.65091425,0.3168996,-0.41035187,0.809211,1.6487231,0.08274954,-0.455493,-0.87029743,-0.45098007,0.4036312,0.80495214,-0.15445296,-0.397685
0.56878155,0.5557584,0.24502403,-0.19995406,0.41013822,1.2117429,0.31441095,0.31729594,1.2006296,-1.0395005,-0.98435354,0.46148294,0.050645262,0.81619704,-0.3948772,0.39330006,-0.41674027,1.1684196,-0.82646143,-0.55314106,0.19069076,0.3267582,-0.4661756,0.70602995,1.4970175
-0.31401843,1.4038625,1.5770838,-0.4376767,0.32665622,0.5215467,-0.8939689,0.42013574,-0.6309008,-2.2724185,1.1723803,0.87376726,0.87141454,-2.051647,-0.57904327,1.290709,-0.54346627,-0.13992012,0.51803386,-0.77032095,0.39526623,0.4483289,-0.16670492,0.033358395,0.40400177
-0.5389441,0.20410788,-0.1360352,-0.27784112,-1.159628,0.0407359,0.4237213,-0.34646243,-0.44735748,-0.26936528,1.2352924,-0.11287728,0.7297331,-0.1542549,0.46336326,0.57924837,0.7257719,-0.61695063,-0.099583544,0.8433056,-1.0061365,-0.64040095,-0.40880877,0.92457116,-1.4864428
-1.7680273,-2.1514833,0.2644341,0.37505326,-1.689955,0.06650269,-1.0048808,0.18455438,0.7731528,0.13663399,-0.91710943,-4.264013,0.5738088,0.39887786,0.24940674,-0.31904066,0.9293258,-0.5306451,-0.15004238,0.64836144,-1.0589172,0.42675078,-1.031081,0.20588431,-4.085917
-0.6866038,1.9731022,0.16166274,0.48868293,-0.24634638,2.004973,0.7213097,-0.3920063,1.1879389,1.2422779,-0.503929,-0.0656486,0.88998574,1.3191543,0.36303884,0.017195642,1.3459327,-1.702452,-1.0893548,0.6829729,0.32537675,0.461658,0.85396326,0.10144055,1.2909913
4.766511,1.4840828,1.6688166,-0.95476186,1.600405,3.457602,1.1152285,0.66296023,2.5860305,-1.2863324,0.6982864,1.089504,-0.49589995,-2.171701,1.4766722,1.8672818,-1.0900712,-0.5498378,-0.3507406,-0.5054672,-1.7447305,0.5118036,0.22895531,-1.661606,0.86968815
1.5895637,1.8885665,0.6015046,-0.10127084,-0.06822351,0.74232465,-0.5235238,0.3573071,-0.3013693,-1.2746949,1.588663,-0.81024015,0.06116174,-1.0558729,2.3792963,0.0017313957,0.60441035,1.1165378,-0.27012426,-1.0015229,-2.2317672,-1.6281853,-1.0129485,-0.1622334,-0.6563281
-0.49681133,-2.2061346,0.08597705,-0.40953392,-0.24009466,2.0529475,-0.91160965,0.549862,-0.41409287,-0.83075356,-0.46208507,0.32003516,0.018084466,-0.26699263,1.4303752,-2.0242667,2.0485091,-2.4547899,0.52963585,-1.2690618,1.7048275,-0.15189622,0.3441583,1.4311094,-1.0924317
-0.059782732,0.46157473,0.048399538,-0.7237454,-0.046723723,2.084588,0.59609616,-0.9966855,0.5869255,-0.20167254,-2.8042223,0.64213216,-0.7538101,1.3241653,1.7409004,3.428018,0.08123453,-3.6216857,1.5390832,-0.90534735,0.35626018,-1.723325,0.21144813,-1.326937,-1.7371464
3.433834,0.80527025,-1.1024739,1.1503503,-0.88941413,-0.8596557,2.2973154,-3.5914435,0.17933515,0.2641871,3.092083,1.9417796,-0.21270125,-0.94011235,0.11175287,2.085278,-0.22492827,-3.954389,-1.3921703,-5.0653534,-1.0760342,-0.6160201,0.03191469,1.1611301,0.07354666
3.177576,0.16535437,-0.73440886,-0.804637,-1.2747753,-0.5721929,1.3669056,0.42397976,-0.48297507,-2.758137,2.6828651,2.3495204,-0.37950638,0.48047787,1.9068704,0.406232,-0.8258618,2.2897515,-3.8044448,-1.5079558,0.13993232,-3.745275,-0.3206091,0.017606013,-2.1730354
-1.2344663,0.9560294,-0.78756744,-1.5743085,-2.594233,-1.6467106,1.2051462,-0.0778827,-0.8754727,-0.52120703,-0.48160142,1.04574,-0.31040066,-1.7186389,2.001688,-7.2073746,0.8191789,2.307261,1.4916098,-1.8523264,-1.2328558,-0.5902126,1.6144711,-0.5904939,1.5838544
-0.8585665,0.690887,0.18815865,1.7287549,-0.18359956,2.4191618,-0.95350873,0.122942574,-0.3126057,-0.29794395,-1.4339484,0.41356742,0.9194821,-1.6946219,-0.13712344,1.0987883,-1.4694798,-2.7350037,-0.24654618,2.0894036,2.3728948,-0.9136605,-0.974452,-0.56925017,-0.76948655
-1.0483713,-0.84465194,-1.6087117,-0.24869207,-0.12886086,-1.7877667,2.818454,-10.7732525,-0.4697517,0.56014514,3.888416,1.7162877,-12.286845,0.49372536,2.091721,4.3404837,-0.77239287,-2.81184,-0.6815903,-4.7316585,1.5536243,0.5293263,0.36445495,-17.031008,-0.800562
2.3332589,0.35083142,0.4253832,0.523761,-1.0947129,-0.5842218,3.3007905,-11.077233,-0.88199925,-3.180015,2.1519597,2.8418472,-11.944136,-7.5992155,-0.44267073,0.5644696,-0.16971156,-0.94370985,5.089968,1.3167903,-0.5918573,1.3153946,-0.39169186,-18.546776,-0.75225157
0.14172891,0.08387807,-3.7553427,0.91298175,-1.9645833,-0.01568053,0.010521054,-0.5296064,-0.11331504,-1.1852927,0.7111207,0.16322428,-0.12851265,-5.723051,1.2113334,-0.3874265,-0.734197,1.1927242,6.8307385,-1.667815,2.1475112,-0.3815325,0.066090554,1.9986188,-1.5084314
-0.51651984,0.08264509,-0.14414191,-1.6439968,-0.1594497,-2.399694,1.3178982,-0.5866015,-1.9387672,0.12761608,1.0373651,-0.5112206,0.3496208,0.54522055,-1.6712571,0.90742296,-0.06445679,-0.43868604,-2.0124478,1.5431552,-1.2080442,-1.6786757,1.6612215,-0.97840333,0.8701246
0.27179125,-1.6712332,-0.23740399,-1.3276623,-0.91340774,0.83242404,-0.66598344,-0.8427404,-3.1606169,0.5320145,-0.4198791,0.59713507,0.16024923,-0.61499655,-0.7586949,0.7105953,-1.5789816,-0.7506111,0.6154913,0.6294098,-0.87809914,0.22956902,-1.6687117,1.0263667,-1.0945019
-1.0333363,0.3672595,-0.62971634,0.85582775,-0.4422304,-2.0777383,0.15648343,-0.1575227,-0.22832505,1.4950658,0.097733825,-0.13413374,0.57845,1.3579485,0.051505506,0.19403444,-0.7529465,1.1602442,-0.49732077,-1.5044789,-2.8296335,0.30714643,0.49772155,-1.1323823,-0.28096095
-0.9240702,-0.45723522,-1.093397,-1.9483051,0.2823866,-0.71730494,0.13780516,1.0787852,-1.9408303,-0.5835842,-0.6121061,0.11031416,0.49400848,-0.33814096,-0.7210803,0.3983783,-0.91666317,-0.15306407,0.13018614,0.17022145,0.84712434,-0.94951206,-0.2173326,0.8398174,0.27758816
0.49503314,1.6037998,0.2762491,0.10761306,0.48240268,-0.63284844,0.6858735,0.6402283,0.7335218,-0.8807243,0.8856815,-0.7727281,0.79401445,0.056736007,-0.75350094,0.29784566,-0.2152617,-2.5578985,1.9779654,-0.21428686,-0.21753031,1.2071799,2.0876505,0.8293203,2.7868001
1.7825477,-1.7852035,0.5518486,1.9244645,0.03264436,0.9764708,1.3661597,-1.2174493,-0.25551254,-2.6416955,0.9207401,2.0971327,-0.20987314,-1.625445,-1.0006431,1.8965716,-0.58171564,-0.23278615,-1.028328,0.23963338,-0.34185547,0.9658534,-0.9733269,1.542605,0.55556697
0.13073136,0.08657384,-1.5946648,-1.0820599,-1.1023297,-1.6157652,1.4696779,0.16600226,-0.39205742,0.62270135,-1.004863,0.7445018,-0.08509137,1.5732925,0.35228068,0.88983405,0.45459712,0.68156266,0.39266533,-0.11615163,0.35951185,-1.6721668,0.12656733,-1.3208094,0.49241805
-1.0357443,-0.58281374,-0.45616582,0.7358937,-0.7500576,-0.2693826,0.16079679,-0.5059123,0.07200694,-1.1674563,0.054372072,-0.43626916,0.09549818,-1.1562996,-0.52244115,-0.7936064,-1.1956723,0.40566987,-1.7781082,0.10368264,-0.9161794,-1.5159156,0.35967436,0.80829275,0.8547533
-0.36707747,0.35755193,-0.18435404,-1.6069508,0.660654,0.2587556,0.9843446,-0.26126105,-0.5283339,0.3159398,0.12805218,-0.92939854,-0.03620279,-0.24155715,0.18337299,-0.38833457,-1.4699187,-0.095745146,-0.4285016,0.7860462,-0.65350294,1.7215255,0.99115026,-0.22696587,-1.4670508
-1.337809,-1.3464122,-1.2610846,0.32342276,-0.49350107,0.9160047,0.7758693,0.641954,-0.38570717,0.824268,-0.6877061,-0.33110863,0.65384316,-0.12123233,0.9262142,-0.458112,-1.2708793,0.21849811,-0.67901736,1.0614556,0.16182593,-0.64164454,-0.14615303,-0.37781516,-0.99381495
-0.7849816,1.7351274,0.091074854,0.0049076155,0.22677118,0.8095931,-1.016104,0.28351557,-0.8807477,0.47689843,0.9299915,-0.624886,-0.60708207,0.93003434,1.5193654,1.0924183,-1.075745,-1.3681073,-1.0609889,0.25117403,0.6424188,-0.1939733,-0.6101414,-0.36405882,-1.9678276
-0.70453215,0.2544551,-0.34561336,-0.048096176,0.23135057,0.87364405,0.8328372,-0.54830945,-1.3372217,1.3800213,0.015767634,-0.5035397,-0.27539405,-0.651199,1.1470212,-0.5123457,0.08714422,-0.9374846,0.07474369,0.09982735,0.80493116,0.11275937,-1.3170328,-1.5008726,0.031292528
-1.0579249,-1.2057337,1.1468899,-0.9988471,-0.15674347,-0.37376428,0.44107452,0.19960976,0.9088539,0.273129,0.35056564,0.11678186,-0.13534766,0.31376004,1.1302116,-1.1390276,0.2028976,-1.4353745,-1.019966,0.64291954,0.49856976,-2.2815065,-0.5262314,0.38530794,-0.26488465
-1.0883214,2.1134706,0.6830779,-0.47908756,1.0303676,0.0028118491,0.081880376,0.27780074,-0.20157206,0.7631036,-0.020787552,0.43769082,-0.8544432,0.19374496,-1.3794295,-5.683068,-0.26256657,-2.5590749,1.2374403,1.8983803,2.0182328,0.1812616,0.7263279,0.15835449,-1.5699288
0.15648806,1.3658336,-0.1852439,0.3350359,0.5374377,0.49644685,2.8387432,-0.93725926,-0.8525073,1.9248292,3.93392,3.1660104,-0.805177,-0.68577325,3.741344,-2.0211163,-0.21247536,1.3592575,0.52195346,2.5380979,0.43998557,0.5763643,0.3783707,-3.846502,0.0058271885
1.0820787,1.0445163,-1.9492662,1.1635678,1.8204129,0.18755206,-2.5210867,1.6300929,-0.23846713,2.5417228,0.8729707,-1.0265231,0.14243509,0.064750195,1.8867812,-0.57406694,0.65543956,1.0282778,-0.067888364,1.9352684,2.1248078,0.5449963,0.22667013,-0.47791594,-0.3185382
0.27029318,-0.71771014,0.5741771,-3.4459019,0.7073957,0.39172128,-2.8760483,0.5686472,-1.5299554,3.5564303,1.2825587,0.1619342,0.32402986,-0.75339955,0.82433283,-1.4836129,-0.6949048,-0.38936228,1.7353406,0.08082086,1.3040488,0.012807794,-0.1127457,-0.40871656,-0.5659626
0.93973786,-1.2461293,0.49181157,0.9295167,0.059389174,-0.34986612,-0.36254117,0.0022194833,-3.6179986,1.0019733,-1.5476961,0.9659026,-0.053260967,0.19265896,0.018304348,1.0237465,-1.192371,0.18361807,1.2816217,2.9848301,1.7156581,0.36694598,-0.97591245,-1.954238,-0.24258894
-0.4248131,-0.020037439,1.1522882,1.8287988,1.2855028,-1.9522117,0.5532856,-0.17295901,-2.02741,1.9314573,0.66562283,-0.5335357,-1.1221408,-1.2493856,-1.8434858,0.047424234,-1.0669864,0.40007597,0.0942938,-2.7883232,0.08117187,-0.1579558,-0.3692612,-0.52915955,-0.65868473
0.65409523,0.40157187,0.283097,-0.52529514,0.0067298263,0.9809809,0.44435418,0.332158,-1.2480721,-0.61740255,0.22753404,1.2263393,-0.16955113,-0.73439455,-0.7720038,0.15070035,0.30422848,0.80693233,1.108146,0.6750319,-0.47759527,0.36960968,-0.39388976,-0.9334249,1.5369657
0.38131267,1.3937752,-0.9326071,1.4518275,1.2065891,1.5689135,-0.0813964,0.8512308,0.8725285,-0.5083595,-0.6707895,0.82299674,-1.1830268,-1.3152487,1.1638087,0.8451246,0.69292223,1.614494,0.3668608,1.3957303,0.039571404,-0.6055461,-0.29565942,1.1443378,-0.78075486
-0.43454963,1.243452,-0.9807572,0.17914188,-0.6434479,0.6338025,-0.06311113,0.21592094,0.7080325,0.2606787,0.9487497,0.06104189,0.4006044,0.001896441,-1.4561561,-1.393418,0.49814677,0.63121295,-2.1360073,-1.2269657,0.85085106,0.5869092,-0.23668534,-0.76454306,-0.8865634
0.9913887,-0.3781273,0.15359363,-1.6652225,-0.36575848,2.0646021,0.5721165,0.07209267,1.0204623,0.064970076,1.0239979,-0.24426623,0.6084158,0.8252753,0.5919515,0.14256728,0.6893898,0.52175426,0.8367908,1.2722334,0.079556905,2.0608466,0.86762965,1.5257806,-0.5150954
-2.2021444,-0.13926733,-0.87224567,0.704777,-0.08411203,0.08107918,-0.1881366,-0.7448094,-0.08097279,0.52576137,-0.07857074,-0.6649761,0.038377147,0.98068845,1.593791,-1.2799617,-1.1782541,-2.457762,-1.8303123,1.0153533,-0.32300258,-0.80884016,-0.8932085,-0.8131987,-2.0538526
-1.3615017,0.6996447,2.454279,-1.4305907,1.1424168,-0.79233545,-0.2279988,0.46292025,0.037433088,0.83105135,-1.1803129,-0.51305604,-0.25078344,1.4525442,2.001494,-1.3651208,3.2305481,-0.31554633,0.77169466,0.055836976,1.5311481,1.3986951,1.151146,-0.84051216,0.3884022
-0.17447452,0.7555635,2.5184422,0.98629194,0.08043574,6.320524,-0.5240669,0.26299077,2.0482218,-1.2718511,0.5348697,0.19498114,0.7796947,-0.1544956,-0.22012258,0.8091049,-0.7300285,-1.2542237,-0.48969138,-0.39953297,2.214641,0.64844406,-0.32400241,-0.16951695,2.1340735
0.9980211,-0.6876166,1.0555292,-0.119176865,-0.914144,0.13987595,2.4782572,0.05078604,0.83633906,-1.0644225,4.158786,1.7201675,-0.6199125,-0.0681209,0.4352664,1.7271922,-0.6976883,-1.4899247,-0.9485141,-1.7151484,-0.18790838,0.33492523,-0.30468616,-0.120401084,0.22999117
-0.56741196,1.3188818,-0.8585577,-1.1583488,-0.6164546,-0.2499174,0.059986595,-0.7695244,-0.4064454,-0.82849735,-0.51846325,1.5771084,-0.69680345,-1.9027286,0.58941245,0.31348866,0.18552747,-3.7286055,-0.00758557,3.0009344,-0.1624453,-0.06493677,0.7839468,-1.611034,0.51048476
4.2693663,-0.121278286,1.1247582,-0.030925259,-0.02794525,-2.0859413,4.903083,-0.1257624,0.1879578,1.232432,7.4546175,5.403319,1.7381921,-3.0223708,-1.4570172,1.3683944,0.8693086,-0.18731356,1.6153395,0.17607114,0.35466832,1.1988947,-0.3796786,1.7490593,0.42702878
0.6265117,2.0957348,-0.9915537,0.73746103,0.0702669,0.10550088,0.12905298,0.19447032,1.6469526,-0.22541332,0.7191635,-0.17569754,0.24094023,0.087359786,2.558064,0.7166542,-0.71676284,1.6124887,-0.15945211,0.55665827,1.5379734,2.488184,-1.2962459,0.68185365,-0.3348071
0.8192185,-0.26561332,-0.010779589,-1.1168208,-1.3654271,-1.6747055,0.70511633,-0.006617844,-0.93957317,-0.9016843,1.2769474,0.36891568,0.5873678,0.8192296,0.10023725,-0.035417616,0.044433504,1.8489726,-0.75998056,3.1218457,0.333584,0.613623,-1.8556851,0.56197137,0.1762383
0.65302837,-1.5510027,-2.7212749,-0.010402329,-0.009183541,0.5507668,0.19845468,5.854164,0.7168899,1.9759624,0.8713998,0.5626221,5.0541153,0.4628966,-1.4000335,-0.29065222,-0.55332613,0.99797285,-0.47223136,-1.6123546,0.31910676,0.46082675,1.6320084,1.9291577,0.8511756
0.20829646,0.121028125,0.21127765,-1.2890705,1.466583,1.2313321,-0.35556588,-0.003746897,-0.30471212,-2.8150282,0.59068984,0.8876199,0.58940554,1.2434056,0.97207856,0.48497543,0.7295438,-0.40053946,0.3371297,0.711411,0.67503834,-0.28895777,0.103119515,1.4137273,0.66525733
0.04016936,0.86444044,0.52199936,-0.82302475,-0.8450715,0.9246487,0.64096993,0.5492841,0.80318564,-0.032459766,1.7048092,1.0156845,-1.0562853,2.0799923,0.069760025,-0.01714605,-1.1119294,-1.6117653,0.8436558,-2.5970204,-1.0541675,-1.28578,-0.81397116,0.21461526,-2.1606348
-0.5461342,-0.017533548,0.9435397,2.3562882,-1.4311788,0.5912527,0.169675,-0.5857611,0.53767335,-2.1976595,-0.75816756,0.32086927,-0.900012,-0.624127,0.77959913,0.77566284,-1.0320996,-0.99487484,0.94573045,1.9464035,-0.2596143,-0.03285265,0.7330511,0.54140985,-0.8293395
0.65801656,-0.41982585,-0.06468314,0.47641736,-1.1372434,2.8021555,-0.33025163,-0.24491256,-0.4835208,0.5687851,-1.717604,-0.76588917,0.4108441,0.21554762,0.4753236,1.3625078,-0.28043306,-0.34113416,0.10329272,0.051033556,0.33540756,-0.41255307,-0.1421145,-0.9650664,-0.7525916
-0.8792672,-0.41502324,0.22296086,0.11552869,0.05312553,1.2860078,-0.9544802,-0.22014569,0.6614313,0.079439424,-0.4948751,-0.2932298,-0.38244,-0.99306744,2.2412035,0.50543463,-0.43579206,-2.7986143,0.048526198,-5.556767,0.38217515,0.3576645,-0.73326457,-0.696104,0.6182964
1.4603157,1.2314343,0.56132317,-0.4172947,0.3324122,0.9904151,1.0567876,-10.883932,0.4005513,-2.1999297,0.6924137,2.715431,-12.628052,-0.9887775,0.9688392,1.0697466,0.7457738,-2.9484773,0.44110322,0.7310666,0.9639743,1.4466317,0.3425253,-17.649902,0.2538696
4.478457,-0.33220986,-2.723119,-1.4849126,-2.4737992,1.1788344,7.623193,-10.22413,1.1761906,1.5934706,6.4255114,7.061871,-11.176848,-8.297207,3.9162943,0.42203975,0.073397234,0.86313367,6.9957156,-0.5579776,-0.15117668,-1.9372581,0.3868361,-17.518757,-1.4413514
0.03949994,-0.46677065,-1.5620494,-2.263926,-2.6103542,-0.3299361,-0.6804877,0.75729126,0.060579903,0.21651244,-0.039247025,0.38915047,-0.3176753,-7.2229905,1.6631228,1.5504274,-0.3491337,-2.171837,1.7993828,0.7540203,-1.2584298,-0.30569077,1.3001453,-0.5582852,-0.09183067
-1.0878881,-0.48342127,0.4554175,1.2228737,-0.33298072,-1.4639207,0.0020378828,0.28273848,1.178292,1.267977,0.64051545,1.0808221,-0.213516,0.4333786,0.3944477,0.4782681,-0.15808102,0.8125081,0.15583748,0.19798954,1.1734291,0.25034875,0.09873785,-0.72213984,-1.3647665
-1.1944706,1.8478612,0.46792677,-0.13519537,-0.25224572,-0.105589226,0.58872247,-0.50873065,0.6097568,-0.7266052,-1.2525127,0.56059694,0.774199,-1.1325893,-0.8280177,0.37500796,0.5945173,0.8672443,0.88037777,0.8932904,-1.0376742,-0.22234145,-0.6170853,-0.65472883,-1.2152517
-1.6030911,0.4494862,-1.0779798,0.47478348,0.07586889,0.09078057,0.9106116,0.42873174,0.39507657,2.7215555,0.59978795,0.08410221,-0.38937974,-0.17113364,0.2542944,0.098715305,-0.82877433,1.5209043,0.025902838,3.4141543,-0.6212801,-0.84467167,-0.043316692,0.35816377,-0.20879325
-0.6245593,-0.10530782,-1.0642006,-0.43634188,0.13880329,-1.3440441,-1.5189928,0.10614449,-0.59606266,-1.4619526,0.714645,-0.74203575,-0.31795326,-0.039878786,-0.80851597,0.6299308,0.8380529,-1.3907195,0.2066955,-0.20866331,0.73074675,0.16941786,-0.3452354,-0.21492627,-0.35382712
-0.7380409,0.2009511,-0.46404457,0.26504025,-0.54031014,1.3140843,1.0663401,-0.53082263,-0.03151834,-0.45283413,1.3698374,0.19792552,-0.4039636,0.59122676,-0.49009192,0.53136116,0.08976279,1.4943364,-0.80780315,-0.713271,-0.3398738,-0.5749122,0.10840431,0.7009539,0.22091511
1.1202946,-2.481752,-0.89982057,-0.15030336,-0.34181374,-0.79758817,-0.24135804,0.27681267,-0.09271099,-0.43421575,-1.2254437,-1.6742358,-1.0907861,1.7978454,1.1112703,1.4728578,-0.49392462,0.610893,-1.0098908,0.94203776,-0.5494402,-0.09033328,0.8230867,-5.184702,0.5120166
0.22396657,-0.45631844,-0.014899746,-0.60883564,-0.007301936,-0.30793688,0.37640208,0.74016637,0.86168283,1.0594474,0.8951614,-1.4063613,0.322166,-7.1854124,-0.18464908,-0.520761,1.5234447,1.8144505,-0.10117309,-0.21279415,2.7181406,-0.35100996,-0.2641096,0.799139,0.8610179
-0.8753499,-0.32554746,-2.3572292,0.17484763,-0.09502041,0.9641614,1.3902826,0.6103726,0.62434626,-3.1906161,1.8233589,1.5667778,1.1715523,-0.3898064,-0.8632646,0.09753643,0.29306793,0.8694928,1.4594951,1.9201713,0.9662037,0.28583336,0.5868411,-0.97751546,0.37894687
0.31822178,1.0557154,0.36271948,-0.36660892,0.16245052,-4.1275787,-0.25421652,-0.45186007,0.6079462,0.7776513,-4.6767383,-0.3741557,0.68550456,1.2707152,0.23162907,-0.04049164,-0.4966735,-2.4212737,-0.050348103,1.4699814,0.18986243,-0.2403076,-2.131229,-3.9078956,-0.36182776
-0.7141391,0.24096811,0.26824775,0.37526315,1.0843389,1.540575,-0.17531973,-2.1052873,1.1134477,-0.4616403,-0.22939427,0.7553269,0.04484397,-2.4998178,-3.0131745,-4.49689,-0.52528566,0.44585022,-2.0757391,-2.0293357,-1.1925887,-0.37369287,-0.5698644,-0.36656082,-0.49190903
-1.1020325,-1.7468446,-2.2684517,-1.4503326,-1.0764711,-0.71165466,0.11787212,-0.3626557,-0.58149165,0.038027644,0.22062236,-1.1001304,-0.6661265,-0.74762475,2.3022287,2.6034083,-0.8734967,-1.2446148,-2.4509346,0.04031025,2.3488657,-0.21348605,1.4258665,0.71286607,-0.24167404
0.24960068,-0.4417799,1.8155318,-0.63465965,0.10249451,2.1103523,1.0281922,-0.39274222,1.1560323,-0.59838516,3.9431007,1.8845617,0.29602793,0.43960905,-0.22763202,0.8304963,-1.0557289,-0.024182409,0.309559,1.0371192,1.8377454,-2.3714268,1.3812766,1.7494072,-1.3115996
0.05958101,-0.5912268,-0.6136301,-0.109663054,0.82827514,1.785005,1.9192314,-0.16719118,-0.20114669,1.0250077,1.7799599,-0.26485866,-0.10747586,1.2741673,0.23149139,0.5918567,-0.20294462,-5.8303766,-0.16092227,1.2362635,-1.8919871,1.4928502,-1.1041445,0.3243599,-0.5040044
5.4653263,-0.04255593,0.2869642,0.17256878,1.4741702,-0.61265373,3.6565645,-0.5789871,-0.33419535,0.9682957,7.6806164,5.874531,0.23060316,0.43674845,0.3568247,0.8755067,-0.4415149,-0.9288689,-0.2538724,0.47671765,1.8720267,0.29776728,-0.7965075,1.4859749,0.8359376
-1.1615312,2.035925,0.1692976,0.20471518,0.056365386,-0.043276906,0.4143403,-0.043564074,-2.4872684,1.1003627,1.7103863,1.2109193,0.42580083,0.77866787,1.4476838,-1.5608951,1.2645053,3.1376624,-0.7554791,-2.6033196,-0.7973973,-0.58394504,-0.8581621,0.88232696,0.23949577
-0.76296246,0.40800434,0.38612217,-2.2574904,0.6371647,0.15744579,0.39094508,0.5735637,-0.42623883,-0.5841223,0.73781747,-0.19769746,0.41587183,0.33411315,0.61092263,-2.631083,-1.2425252,0.8519236,-0.8407381,1.0802041,1.9611666,-0.3247249,-0.3144878,0.16332059,-0.7540102
0.55675805,-0.93152636,-0.47934857,-1.0739999,-0.14254685,-1.2075775,1.1959715,0.21550018,0.146846,1.5488582,2.257631,1.2166167,-1.1535323,-0.21626055,1.9745288,-0.81420374,3.0910125,0.40001553,2.3855488,-0.92494214,-1.2876204,-5.7015114,0.6236848,-2.7142086,-1.5667679
-6.618621,0.21987161,-1.0602335,1.0950785,-1.2705135,5.190826,-6.372764,0.38455933,2.2875779,-1.0325862,-2.5520072,-4.535783,0.39996043,-3.5788293,0.13978428,-1.5907916,-0.06856349,-0.73438007,-0.0863487,0.4234769,2.2290368,0.35418433,1.8401159,0.7744389,1.1765478
-1.3792654,-2.2350788,-0.8066255,0.2559752,-0.72549033,-0.15970585,0.23176154,-0.24620947,0.29126528,-0.1684821,-0.041365266,1.3253359,-0.72084963,0.6657329,0.19123867,1.2659546,-1.095406,-7.6613846,-0.10710938,-6.4699397,-1.1560786,-0.22869493,2.0284047,-4.7447715,-1.1602
3.681065,3.2843008,0.92715734,-0.30962977,-0.53480005,4.1427054,3.9677439,-1.2236022,0.7460707,-4.565479,5.4372063,3.8832865,-0.6229013,-5.863392,0.62354577,0.19417286,-0.3289394,0.261369,-0.07309553,0.77508247,0.26466572,0.0360851,0.42507276,1.1263982,0.5511214
0.23027126,-0.241395,-2.1896305,0.15963542,1.475241,-0.29235396,-0.24788137,-0.459018,-0.21944623,-0.31432545,-4.9498615,0.68525803,0.4743299,-0.74178684,2.3579655,3.2611637,0.90853703,-0.34644914,0.32643002,4.3547354,0.19142914,-1.0080279,-2.0752401,-0.33113933,-0.85438263
-1.1122271,-0.19563913,-1.349362,-0.061781973,0.17178304,1.1348017,-0.18598437,-0.42009515,1.5971173,2.0517352,0.19763142,-0.16755477,-0.5886662,-0.5626097,3.0064974,-0.19376963,0.26265964,0.44414443,-0.61307395,-4.4210467,1.31389,-0.31089556,1.3775682,-1.0372244,-1.1144247
-0.3635634,-0.7453216,-1.5684664,0.389813,-0.08039969,0.16172576,0.46076384,0.031221569,-0.29939267,-11.253029,0.88467956,-0.9227159,0.011839464,-0.6531959,0.05643183,1.2636157,-0.6306479,-1.753817,-0.5000619,-0.22294438,-0.26921248,0.74920404,1.3400681,0.48255247,1.0898871
2.08032,-0.6497094,-0.3898775,0.4201699,-0.06087649,0.9287231,0.43667632,-0.31139308,-0.5805504,0.8085633,1.3173516,0.98841316,-0.3035626,-1.8116887,1.6739004,0.4101497,0.25198692,-0.35843077,-0.48748794,0.65132415,0.39392617,-2.4579122,1.1432616,-1.9324336,-0.64397204
-0.6982366,0.35396475,-1.6776232,-0.030768096,-0.6061062,-0.46636534,0.6910227,-0.076111495,0.34710476,1.1012753,0.60177314,-1.4348228,-0.76145506,-0.58692664,0.44514745,-2.9306567,-1.9885426,-1.5611817,-0.5691093,0.027429268,-4.007319,0.8703211,-0.92921305,-1.5906013,-3.4547646
1.9173651,-2.8275187,0.18076414,0.057308197,-0.16392553,-1.7025251,0.2422973,-0.5565588,-0.8969219,2.3527796,0.9349365,0.19051406,0.053593993,0.59179676,-1.2458093,1.1744324,-0.06311238,-0.64224494,-0.0025531054,-0.15155405,-0.32396746,-0.74291825,0.7134081,-1.3972514,-0.022434533
-0.23082986,-0.097001225,-0.8804111,0.15596065,0.44473383,0.09258515,0.90023005,0.30807835,0.6332318,0.40581053,-0.79046035,-0.8532717,-0.46193063,-1.0489879,-1.751603,0.91088,0.3125903,2.6461368,0.10229988,-0.84763336,0.30703777,2.364043,0.092513785,0.38897425,0.34770447
0.027086496,0.73024684,-0.33570015,1.1059704,-0.41933274,1.7281454,0.45649,0.65916485,-0.20779473,0.05188206,1.3004174,0.5176076,0.30877835,0.34361658,0.90639824,-1.8937528,-0.16653962,-1.1801358,-0.52564996,-2.2854197,-0.078078404,1.2832061,-0.24860129,0.91304374,-0.52420926
-0.06523561,-0.25397748,-0.49315667,1.3169543,-0.17876792,0.7111514,-0.56786454,0.58165395,0.057029877,-1.4214537,-3.2184145,0.00021109544,-0.114376344,1.8493607,-0.16933304,0.6536069,0.29635984,2.2946534,1.0324693,0.42047688,-1.1379236,-1.2077329,-0.3218429,-0.9727888,-0.6001767
0.99606127,-0.34958202,-1.5197852,-0.24715889,-0.40699595,-0.1969688,0.81920046,1.0364506,-0.28497577,0.58508795,0.81847906,0.5568332,0.3964959,-0.12270063,1.4377106,1.5999459,-0.9337938,-0.88450843,0.1567927,-4.602987,1.9167302,-0.9557773,0.06355089,1.0634253,0.5042563
0.26175427,1.1755306,-0.1602372,-0.23017281,0.30020112,-0.3588538,-0.40873498,0.65583,-0.26785427,-5.9536195,3.1299953,0.04783368,0.12331945,-2.197651,-1.0633535,0.17547983,-0.3808937,0.2148487,1.4553759,0.9957191,-1.1677485,-0.18268962,1.5005176,0.22784251,1.4085983
0.07985534,-1.1862874,0.6217137,0.97218704,-0.22583747,-0.5398404,-0.24969818,0.8346611,-0.033707082,0.9473311,-0.6308892,0.4167449,0.05465728,-1.2809833,-0.08262545,-4.24618,-0.7846799,0.864807,0.9588048,-1.2529745,-1.6484716,0.6147725,2.1428235,-0.6040311,0.13308322
0.13613123,1.1895959,2.165501,-0.200499,-0.09536901,-0.2638818,0.79135686,0.65910345,-1.2433643,-1.1275697,-0.039139092,-0.19041343,0.22887132,-1.0785568,-1.5824838,0.9416019,-0.3393267,-2.3740034,0.14284691,-1.1310213,0.58122873,0.513834,0.6110219,-0.2752986,-0.925548
2.7332807,-0.70513165,0.3807475,-0.38653862,-0.23710741,0.49203065,1.2770143,0.35393196,-2.1922424,-1.0049639,1.9658107,1.1620849,0.12421741,-1.0159874,-0.073746026,-0.8660174,0.71406126,0.29736048,1.3278852,-1.1555623,2.6970987,-2.6408627,-0.4460157,-0.28987908,-0.3933487
-0.2287418,1.426157,-3.3537004,0.9778278,-0.87175184,0.063094705,1.8605639,0.2918747,0.49591553,-0.33994576,-3.1551077,0.25376153,-0.24697292,0.8168029,0.9171973,-4.323968,-1.2334639,-1.2863331,-1.1052587,-0.04161382,-1.6399534,0.82788503,-0.37764525,-1.824509,-1.4138956
2.5063663,-0.8176811,-0.3062374,-1.3713465,-0.2636543,-0.87531555,0.9514537,-0.43743128,-0.42892385,0.26335263,1.5241754,0.46116728,-0.5985342,-1.5706435,-0.052403755,-0.44385716,-0.8109075,-0.16236363,-0.37630296,-7.3083963,2.51264,0.6638602,0.81544805,0.7919872,-0.83470434
0.4622726,-0.47908467,-0.38923073,0.6884887,0.56816965,0.038033128,0.57207435,0.06404513,-0.9223286,-2.9686553,0.51292616,0.35399425,0.46972358,0.32708216,0.6105476,-2.1660073,-0.6613034,4.0631533,0.7576664,-3.2776692,-0.8204413,0.60323423,0.7950364,0.36824527,-0.507498
0.23920858,-0.6639495,-3.7656984,0.21285924,-1.0162464,-2.4075322,0.1804266,2.0750387,-2.2738645,0.007927895,-0.9680041,-0.58166194,1.7188332,-0.036503196,-1.214212,0.09291014,0.08614011,-1.223493,-0.08124903,-0.4604444,0.43343022,0.25549528,-0.14547011,2.138211,-0.67290914
-0.99259984,0.0050005317,-0.7887006,-1.5533788,-1.1076889,0.67784524,-2.5125618,0.4134627,0.09264138,0.96966267,1.07034,0.90565956,-0.4335252,1.4833595,-1.2079926,0.3931993,-0.7317927,1.7466874,0.72269213,-0.14358622,-1.0132759,1.0112177,-0.6201651,0.22262482,-1.1412568
0.78816205,0.24103248,-0.12636659,0.48694435,0.37094992,-1.3403755,0.13516192,-0.023242056,-0.8014755,0.02156556,-1.7798285,0.68258524,-0.17985672,-1.2026354,-0.15882608,0.5348155,-0.29344603,-1.8545974,0.214523,0.23411208,2.682193,-5.2265825,-0.3884126,0.92594254,-0.070249826
-8.809577,-0.29859254,-3.396266,0.6321772,-0.256522,-1.9266036,-8.925423,-4.7800474,-0.62885094,-0.16221234,-2.3646302,-4.2103276,-4.1746387,-0.80985343,-0.5937063,-3.2534328,-0.8848271,-1.2711269,1.6996099,-0.8456094,0.17181236,-0.42541096,-0.5959606,-4.406888,2.8726423
-0.39806405,-3.3926923,-2.6058648,-1.0180537,-1.1449472,0.08335724,0.17287199,-0.22146659,0.25853804,-5.4096947,0.4394657,-0.32478514,0.33021465,-12.645155,-0.9952538,0.045186818,0.03206736,-2.3059208,-2.1142,-2.2734807,-1.5238184,-0.09639327,0.10100824,-1.0581675,0.5823026
-0.7908539,0.18262172,-0.51853406,-1.1673962,1.1390061,0.25800878,0.47099978,-0.18536629,0.25546187,-1.0688485,1.0405718,-0.50747573,0.9878308,0.4253005,-0.04631102,0.56830424,-0.5760931,-3.1717718,0.96237534,0.39586323,0.60560864,-1.5690507,0.28435043,-0.22968051,-0.27304572
0.26632273,-0.20856404,-0.2248079,1.2625464,-1.161704,-1.1802888,1.8658317,7.171314,1.7466881,-0.40519896,2.2902265,2.5457802,6.183844,-1.0299987,0.8533139,-1.4181774,0.41252854,-2.9658833,-1.2945656,-0.14270616,1.1698163,-0.94032323,-0.34213135,9.981754,2.0237575
2.6857662,0.64759773,-0.51499933,-0.56395394,2.0958977,-1.0327977,3.2949312,-10.785941,0.32446164,-0.8239137,4.5645833,4.5136156,-10.9860325,-1.3713682,-1.9268566,0.040881544,-0.62673664,-1.1272256,-1.5044363,-1.3751338,1.6741438,0.48931894,-0.016918965,-16.89704,0.4772817
-1.4742014,0.72218394,-2.8575726,-0.22322348,-1.599308,0.44537306,-0.666029,0.15786412,-0.24180892,-0.8227524,0.45498645,-0.21999839,-0.54152656,-7.378015,1.0545146,0.03386876,-1.2085854,2.674077,6.2467623,-0.27864566,-0.4645648,-1.0255605,-1.3226959,-0.43464705,-1.4842184
-0.72735065,0.56010866,-0.0759396,-1.6919739,-0.6764554,-3.7989476,0.7261931,0.37654716,-1.9554622,0.3696316,1.3882755,0.6855403,0.06895566,-2.0865548,-0.44945994,1.533499,-0.9796852,-0.43191224,-0.99639255,1.7913253,0.90996736,0.50548935,-1.4491354,0.90929633,-1.4570454
1.450786,-0.108570606,1.027071,-1.943205,1.0270443,-1.0321802,-0.020995505,-0.28176886,-0.4613793,2.3393276,0.5663365,0.13710168,0.102950744,0.93948287,-0.23128462,-4.645495,0.61217713,-0.27842066,0.41268164,-0.6429004,-0.716966,-0.3764559,-0.86343014,1.6090615,-0.6870028
0.350958,-0.44584796,-0.79220974,0.7400409,0.15161929,-0.3938889,-0.48239338,-0.36128557,-1.1142237,1.6370366,-0.32265013,-0.39067242,-0.018501058,1.6399362,3.8653302,-0.77228516,1.524014,2.7852266,0.48732933,-1.325804,-0.19242918,-0.5107099,0.7614053,0.70986104,0.22970265
-0.39719805,-1.8846667,-0.40978527,-0.062453106,0.9721037,-0.05562085,1.6034374,0.7758303,1.01805,-0.81327826,0.9796587,1.0383906,0.57323277,1.2262548,-0.7029166,0.40100923,0.8452395,0.999408,0.052708328,-1.5459019,0.73602617,0.5449963,2.6457736,0.89145344,1.6863296
0.39447135,2.50392,-0.6721556,-1.2705764,-1.0017955,0.9055455,0.21284932,0.6008003,-0.5062653,-2.4725504,-0.119378455,0.33973014,0.006129414,0.41457716,-0.11416334,0.86133295,1.3200148,-0.30233228,1.1393518,2.5209515,-2.1558738,1.8048753,0.04562083,-1.1601729,-0.94372547
-0.13265437,-0.20696604,0.24371347,-0.18935923,-1.6642864,1.8504676,0.7532449,0.5366264,1.4720615,1.3615109,0.41316557,1.078037,-0.5707639,-0.85171586,0.28141016,0.45805788,1.2493817,-0.07600713,0.87369275,0.86124754,1.5385854,-0.5497246,0.99966395,0.55526245,0.12591588
0.25654328,0.75692964,-0.44189656,0.64480543,-0.48917097,-0.0032494068,1.0954969,-0.8678972,0.7922442,0.88103426,1.468892,-0.07087922,0.3507178,-0.9937014,-0.3166409,0.8362195,-1.4272392,-6.2597284,-0.10870005,0.23215175,-2.4492717,-1.9933071,-0.8685769,0.06019664,-1.1085482
2.0498693,-1.8272524,0.047236353,-0.11424366,-1.3177896,-0.7390373,2.5641947,-2.3706052,-0.1161639,0.13929006,2.5283983,1.6309773,-1.0299255,1.7436416,0.15000492,0.24398482,0.90694106,-1.4400285,-0.170854,1.4834832,-1.4236685,1.5775731,-1.217111,3.033743,-2.7542732
-0.39016685,-0.7155529,-2.836166,0.12117715,-0.5328097,1.7266011,0.18133909,0.94664574,0.6834099,1.5215396,0.3146338,-0.43837163,-0.11416426,3.5228112,-0.64935684,-1.6432104,-0.54922926,1.5607065,3.855026,-2.6115966,2.6776836,-1.3451682,1.7684574,-0.14874268,-0.30656904
0.75805205,1.0946662,0.7224101,-0.06257594,0.4773844,0.46143746,0.5480788,1.8231719,-0.51825833,-1.3794069,1.8565766,0.40366402,0.84491473,-0.42170757,-0.14197826,0.35968143,-0.95864934,-3.0427022,-0.10354388,-0.9613308,0.4119317,-4.233452,0.52323544,0.31008643,-0.06785092
-4.8391485,-0.8467096,-0.6957085,-2.4273853,-1.4056146,1.5331509,-2.0216963,-9.883229,-0.40689406,0.8365158,-0.24776101,0.66432273,-11.095436,-0.48783258,0.8001344,-4.893259,-1.0071331,-3.3041706,-0.21126308,0.87298536,-2.206585,1.8874378,0.6023906,-17.138218,-0.98528147
4.7756724,-1.4491599,-2.1209726,0.39362785,-2.4403996,3.4364452,3.9987679,-1.5285418,-1.0892625,0.4044186,6.850772,4.1980915,-1.3835812,-6.971133,0.29589763,-0.6300716,0.20890462,-3.9617574,7.0214124,-2.02982,0.61675215,0.4934761,1.1951172,-0.106826365,-0.4851462
5.958887,0.99806243,-0.37012526,-0.48021322,0.77260405,-0.14897668,4.6067896,-0.22835988,-0.009506792,-2.2192507,7.7871203,6.321927,0.055534095,1.19277,2.298573,0.42537874,-0.7156563,0.9506057,-0.5377348,0.97972775,0.11891794,-0.41236895,0.43802097,0.8099654,0.40655553
0.21931848,0.78493047,0.099433616,-0.1862198,-1.6894813,-1.8288002,-1.0464977,0.08372292,-1.8633844,-0.025660932,0.7065717,-0.8137136,1.6760812,1.1790818,1.400151,-0.26906502,-0.7992673,1.9152634,0.8512412,-1.6904114,1.8330715,1.5564996,1.453222,-0.62324375,1.0719879
-0.5562005,-0.29635876,0.041975744,0.27332357,-0.48396897,-1.150753,0.5968397,0.9115766,-1.6025193,-3.7692096,0.029586285,1.3825707,0.7140816,-0.5717561,-1.7301078,0.010512166,-0.7586292,1.3144143,0.16833678,-0.6954825,1.6764435,-0.16082866,-0.036694974,1.5954957,2.7543678
0.84731215,1.2172128,0.78812367,-0.04511334,0.14100106,-1.850655,0.5874484,-1.03237,-0.9672338,-5.145849,0.19896841,0.75220156,-0.44853166,0.109611526,0.7380185,-0.49170038,-0.46749285,-0.775825,0.44422892,-0.20059809,-0.7300317,-1.5136749,0.76715744,-2.7857199,1.099061
-0.32986572,0.0017143488,-0.7682623,-0.17435127,-0.97701484,0.1294226,0.32379398,-0.3182394,-0.35724628,-1.110535,-1.2510031,-0.7343064,-0.16707234,-1.4623824,-1.3843216,0.43555218,-0.22297192,0.037048087,0.19584125,1.4217936,1.1403326,-0.63193613,-1.473552,1.4805084,-0.5240646
-2.8719733,-1.5433685,-0.2570192,2.4584203,0.6511502,0.43140206,-0.9062796,-1.9096859,-0.39911717,0.7987642,-0.3811735,0.29686773,-1.1237305,2.4765773,0.41394684,0.19181466,0.45568588,-0.04235214,-1.2500465,0.6906709,-0.021168858,1.5951713,1.3817866,-1.4813201,1.4836285
-0.34201172,-1.4458946,-0.2911307,-0.2355099,1.3341312,1.3628178,1.1405196,0.07662155,0.4770183,-0.32734275,0.569707,0.54626614,-0.38874048,-0.59799397,2.2539227,-0.24603571,0.7998802,-0.13285363,3.8612072,0.29037443,0.35914528,-0.8401796,1.4013877,-2.1730442,-0.3537756
0.89618933,0.8471495,0.3526128,2.5140815,-0.7159256,1.942838,0.77027935,-0.043038785,2.3043222,-0.5857435,0.477593,0.8746563,-0.06087877,0.15373117,0.73065007,-0.831531,-0.57497483,-1.5639586,0.060026586,0.006802529,2.4065804,1.955713,-2.337234,-0.79053575,-0.19815403
1.5582514,1.2268078,-1.7164285,-0.69716895,-0.71059775,-0.69694483,0.38822725,0.022094801,-0.041529946,-0.09659145,2.6979167,0.7405025,-0.3135652,-0.7668487,1.3003566,0.49318752,0.17054889,-0.655732,-1.6397738,-2.2014537,1.5000367,1.1693937,-0.3237834,-1.4445492,-0.38830584
0.3905055,-0.42043757,-0.68847054,-2.4788184,0.77017754,-0.26851586,-0.086329125,0.60583025,0.041741014,-2.0222921,0.80297625,0.75195247,-0.20834115,0.074210405,0.82219976,-0.19299486,0.38478756,0.09000972,-0.027524358,-2.1498303,0.306061,0.057491567,0.06355089,0.5974393,-0.1282123
0.36697993,0.3238072,-0.31473446,0.4889484,-1.144677,-0.023680061,0.13842833,0.5476677,0.8604928,-1.7059606,-0.5633821,0.29379994,-0.8844708,1.3321652,-0.5119938,0.45791477,0.17460686,0.056751996,0.683312,0.7222445,-0.30924153,-0.1586456,-0.58132017,-0.16647232,-0.32231277
-0.10733028,-0.3903678,0.13927314,0.67406,-0.71119076,-0.38624507,-0.2882142,-0.47381812,-1.1985009,0.8638356,-0.98626786,-0.050711565,-0.016990565,-0.61669016,-0.26665106,0.6137383,1.0255847,0.58881634,-1.6317073,-0.032031626,0.047990367,-1.5168407,1.567764,0.41149336,0.18851815
-0.92603374,-0.47045523,-1.2152712,-1.9807589,-0.49865046,-1.204808,0.5237603,-0.25107092,0.86007786,-0.38582578,0.75382054,0.7786119,-1.1304092,0.22898547,-1.1248438,-0.21835089,-0.075665794,0.8111136,-1.6174085,-1.1977049,-0.37343788,-1.4053797,0.8777448,0.63056666,-0.8588555
-2.4490645,0.8012207,-0.0659879,-1.6534119,-0.8578603,-0.83382237,0.66542614,0.073112935,0.64168227,-0.20659788,-0.75910395,-1.585487,-0.13179022,1.9085575,-1.0802034,-1.3043839,-1.701315,-1.1591505,-0.8223117,1.3889092,1.1052163,-0.7029226,-1.6138262,-0.064890176,-0.527395
-1.2439764,-0.12525034,-0.06743592,-0.9001117,-0.79099816,-1.4499433,-0.12092939,-1.8439229,-1.1352763,2.5404482,0.26892596,0.8810568,-0.15560159,-0.60085934,-1.722662,0.60673165,-0.41042596,-1.0688237,-0.8238005,-1.3398466,0.4610838,-0.7302585,-2.6373653,0.73653424,-1.0397187
-1.3475254,-0.30556202,-1.1331052,-0.2806752,0.04036507,-0.38911736,-1.708965,1.954846,-1.1338314,-0.59360033,0.36952212,0.71515405,0.7945587,0.18681353,-0.60678065,-0.30839723,-1.2438912,-0.653226,-2.5120106,-0.75701,-0.6445432,0.79060274,-2.900632,0.7253535,-0.69251394
-0.8922371,1.1643556,0.11398408,-0.5985843,-0.39784116,-1.6399342,0.7775371,-0.15464608,-0.60490733,0.30135843,-0.89748687,0.02182819,0.9830577,1.714409,-0.44193327,0.61330867,-1.6427706,-0.3911283,1.7400395,3.0649455,-0.45848787,-0.09491679,-1.5171046,-0.2869928,0.17434624
-1.1300637,0.36702454,1.0966566,1.433777,-0.034168243,0.40811968,-0.2586069,1.0260978,0.7472422,0.6407925,0.38785037,0.11126211,-2.5001752,0.07046614,-0.27022764,0.9022467,0.5327818,-0.68743664,-0.5877841,-0.29252833,1.6854596,0.021414027,1.3509401,0.895943,0.7319693
-0.6877877,2.1326084,2.4197142,-1.0960815,-0.41883364,-0.4519824,1.3673264,0.20828515,0.27962977,-1.296627,-0.10276568,-0.32624143,-0.4088326,-0.37156874,-0.0015722513,2.0690916,0.7818519,0.18757024,0.45269898,0.7229797,-0.6931151,0.7988582,0.6820514,0.13647267,0.09964369
2.052147,-0.54292166,2.429417,0.1245712,-0.69315064,1.6171899,-3.3811145,0.28455833,-0.7946129,0.65197647,-0.5379182,-2.0223517,-0.117384925,-0.0018828064,-3.755054,-0.21869107,-1.047629,-0.59325874,-0.5077128,1.7249861,-0.95942956,-0.72747725,1.4191341,-0.55907774,-1.1832931
-0.41970843,-0.45773634,0.95352036,0.029734537,-0.21090779,2.3623953,-0.46608716,0.8129171,-0.64236826,0.20374495,-0.07395578,-1.8913085,-0.9715436,-1.6009939,-0.0058805346,-0.5015358,0.6253068,0.5918406,0.75289756,0.7653418,0.8356173,-2.0628238,-3.0064294,0.2377148,1.7401757
-0.016317345,-0.26204234,-0.658304,-0.18651602,0.57474136,-1.1714556,-0.16054365,-0.118436515,0.47730082,0.46023655,0.08042914,-0.12955768,0.32320935,0.5574983,1.3179926,1.7139951,0.49488047,-4.27944,0.023682415,-2.5301902,0.68036574,-0.08101174,-2.2373426,-0.58579195,1.5112913
4.6520376,0.37264588,-0.17476976,-0.12386915,0.41131207,1.0137465,6.0202894,-0.5720048,0.55664057,-0.30365348,7.2093625,6.073332,-0.8433485,1.485112,-1.3120202,0.029856026,1.5234447,-0.749977,-0.47631133,0.3309396,-1.0147303,0.5908277,-0.13272387,-0.069864094,1.641008
0.40606287,2.8011281,-1.0474286,-0.121563286,0.018570438,1.0927758,-0.30362946,-0.531447,0.17780423,-0.30359858,-0.9078941,1.0281916,0.43052635,-0.1340695,1.3375185,-0.32840583,0.21241868,1.9104385,-0.19492663,2.3041089,0.2323328,-0.5428429,-0.8013415,-0.4610984,-1.310793
-0.41356403,0.97805107,-0.28042358,-0.31985214,1.0160134,0.8893701,0.13897818,0.41069865,-0.018666983,0.7702726,-0.6511357,1.8229163,-0.15772225,-1.1760392,2.7093744,0.17867082,-0.32245857,1.0912532,-0.5041245,0.42472363,0.45753455,-1.4456534,-0.072686225,-0.7204982,-0.22567955
-1.1242708,2.4011855,1.1316084,-0.5651981,-0.577393,-0.8067417,-0.9072696,0.53110725,-0.2754259,2.0473607,-0.3303427,-0.20476785,-0.95855546,0.24081424,1.1752164,0.97140086,-0.78117275,-0.5507902,-1.5996726,0.3242728,2.086066,1.1651012,0.9886155,0.7224533,-1.129438
0.09774402,2.175967,0.7338471,-0.49069867,1.181385,-0.92645216,1.0245152,0.8539251,-0.4486925,1.4128823,0.19884175,0.95890075,0.5678948,0.35707098,-0.7588963,0.71417755,1.1646576,-0.43555638,-0.22946548,-0.5654221,2.1118188,-0.54585594,1.853075,-0.018174276,-0.31126672
-1.0479474,1.5390446,0.09583482,-1.8986812,0.7128453,-0.00064361095,0.5577761,-0.6283077,0.5111169,0.6860712,2.8831406,0.5864287,0.5797084,0.18587735,-0.8790692,0.14245223,-0.4150418,-0.80997276,-0.60977334,0.70043415,-1.3118434,-0.40463972,1.3714522,0.018268004,1.1209366
-0.21453895,-1.0523841,-1.55462,-0.072125286,0.08480632,-1.4168844,-0.21892455,-0.39870924,0.11909455,0.01530841,1.0138743,0.40848902,-0.6880063,-1.0495169,0.4933464,1.0784649,0.40719107,0.33073652,0.56504714,1.2512848,-0.32371685,-0.03150761,0.21915966,0.35086173,4.040821
0.9154613,-0.32441035,-1.40927,0.78583455,-1.5570362,0.37088993,1.4616084,0.36279345,0.7410436,0.3687414,0.55752146,-0.6607007,0.26520523,-2.411005,-0.26369822,2.272913,-3.9441519,0.578899,0.38632438,-0.21965146,-0.08899835,0.2735034,-0.5878198,-0.48915377,-1.7788694
0.309856,-0.5967687,0.214369,0.083229184,0.8798042,-1.991012,0.20704643,-0.09312028,-1.072325,1.4170994,-0.407624,-0.05050382,-0.8405328,0.14920574,-1.394433,0.8368014,0.53727037,0.60101557,0.51802903,-1.2585706,0.13327628,-0.24109448,-0.07025355,0.87720996,2.1589139
-0.06321621,-0.15732227,0.96350753,-0.25905117,1.2545831,-0.36864406,1.026217,0.73421216,-0.23031235,-4.7270217,0.4255857,-0.20109534,1.6944096,0.1984508,0.3554846,1.5571127,0.12259701,1.9869158,0.42880368,-0.035779,0.44115856,-0.6418272,0.3563121,-0.7354363,1.3995936
0.62079126,0.50311404,1.5061929,-0.006174892,-1.0321976,1.6665707,-1.2633551,0.048914365,1.0079317,-0.49319813,-0.19643952,0.10938686,0.2978902,-0.3455786,-0.31681526,-0.8680836,0.09449564,-1.3665231,-0.9921717,0.82330006,0.10948801,1.1278979,-0.61722386,1.0237696,-3.5007606
0.95218337,-0.39585412,0.25675344,0.5364646,-0.09419667,0.07625723,-3.8299277,0.068935245,-0.7387211,2.013681,0.953296,-3.9818585,-0.89626956,-0.74123716,1.5199374,-0.4918068,0.5364295,0.0085635185,0.6175605,0.36210784,-0.34691828,0.12974414,-2.173515,-0.6380098,0.55909026
-0.37806487,-0.33433944,-0.930009,0.65400124,0.58393383,1.3057251,-0.6912432,-0.13007826,0.9418331,0.29643816,1.1608952,0.59762985,-0.43185693,0.077253506,-0.65799797,-0.18627317,0.48423788,1.2876073,0.49735904,-0.24908143,-0.4804746,1.0487219,0.9943645,-0.29265922,0.9400978
0.094538376,-1.1428587,-1.555773,1.0575894,-0.33709383,-0.614753,-0.88002104,-0.2185955,0.07952103,-3.3526778,-1.9221929,-0.72881675,0.19865426,0.8880098,-0.68573153,-0.4919521,-1.0841446,-1.8470025,-2.5228572,1.1586344,-1.6457891,0.8159528,-1.278884,0.48707065,-0.83489025
3.1120434,-0.47517347,0.024366671,-1.0714777,-0.46116787,-0.2881941,-1.3907264,-3.4477367,-1.2945975,0.616725,0.92741024,0.24315336,-3.6692498,1.7742908,-1.786593,1.115084,1.7707322,1.1800314,-5.316884,-4.130252,0.0290097,2.181345,-0.7802421,-4.3747168,0.561646
-0.70409805,-0.948037,-3.3635755,-2.2329574,-0.87881297,1.8482103,0.8919954,0.10107036,0.25256243,-11.109652,1.2199863,-0.27782583,-2.390622,-8.738591,0.84085274,-0.87599856,-1.1339563,1.5610652,2.4094,-0.16833997,2.1791575,0.33863038,1.7170762,-0.12443441,-0.810148
2.3087611,-0.8671248,-0.5561435,-0.56167394,0.3683753,-3.16538,0.7597501,0.09227404,-0.36798042,0.3289098,1.7089878,0.97779304,-0.40757883,-1.9181695,1.615615,2.8119183,-0.45382196,-2.3754158,0.21726565,1.9464982,1.3347675,-2.9106789,0.65873724,1.4604423,0.6515745
-1.967841,2.0821693,-1.6868532,0.67631924,-0.70594805,0.7651299,-0.44826984,0.46945262,-0.32198623,0.31924993,0.3460759,0.8592164,0.44399232,-0.6185061,0.2506143,-1.7812774,-1.304379,2.2389293,-0.008069754,-3.712206,-0.092850566,0.34963524,1.8857048,-1.068258,-0.81000555
0.33937967,0.6768237,0.6784313,-0.47604662,-0.06323946,1.3129408,-0.08476418,-0.019896753,-0.46009856,-1.0285704,-0.6319653,0.848458,0.15988533,0.2251848,0.83476126,-0.30449128,-0.41665435,-1.1272795,-0.7805535,0.24549156,0.5442518,0.55633664,-0.2211604,0.57341504,-1.2049481
-0.22829717,0.8773752,0.29424816,-1.7133355,-1.3294911,0.67303884,-0.4803484,-0.051665485,0.3469275,1.5050914,-0.74320483,-0.464936,0.042518437,1.4492245,0.050725996,-0.041860327,-1.0588664,-0.62904906,-0.29177323,0.36068386,-0.136514,-0.29646203,0.027839497,-1.3015926,-0.8396388
-0.97683656,-0.21228066,-0.05254328,-1.0020249,0.6756332,0.30546492,0.09153575,-0.64291453,-0.8361553,-1.6055392,0.17336547,0.30893913,0.2337031,-0.08040953,0.36586034,-3.595234,0.6483584,-1.9989195,-0.29443696,-1.5874789,2.363321,0.02544111,-0.088697866,-2.1104238,-0.17592761
1.2388887,0.55811244,0.8351513,-0.58898747,0.9702146,2.0735593,2.812219,-1.6922157,0.17343667,-1.5507607,3.901846,0.87504244,0.064802825,0.20103693,-0.15697986,-1.4836947,-0.8016223,-0.25458175,0.41742188,0.026237935,-0.6562012,0.6239914,1.6225903,-4.7775197,1.5517983
-0.14250034,-0.36690727,-1.7409075,0.6954658,0.015743658,-1.3610129,1.5581384,-1.1591465,-0.29748297,-1.6993085,1.2065812,0.3287554,-0.07724193,-12.006237,0.70372456,0.11205554,0.8431876,-1.763504,4.25245,1.2156962,-0.014586687,-0.029058173,-0.033788323,-0.24695754,0.09419372
-0.57438797,0.1513018,1.0284115,-1.7690398,-0.40030146,0.42412648,-0.2600012,0.050119013,-0.32625616,0.014952421,-1.2377084,-0.695459,-0.2421369,-1.6711832,3.0138223,0.59852767,-0.60156584,0.54183125,0.2172662,-0.35872447,1.7661391,1.3457062,-0.50818324,-1.057142,-0.14591172
-1.8928928,-1.3563999,-0.7204559,0.4131113,-1.963778,-0.7020636,-0.10047983,-0.43172526,-1.102553,1.1135408,-0.7637307,1.0114545,-0.8749225,-1.8969688,0.71376425,1.2428497,-0.32090044,-0.09106823,-0.6073925,-2.0999317,2.1736622,0.36629364,-1.3790982,-0.5234297,0.00010460615
0.5072412,1.9239454,0.9076604,0.049881518,0.9471346,0.7846564,1.6339298,-0.06709181,-1.334188,0.4775473,2.512337,1.4158102,-0.21170685,-0.3847456,-0.27619195,0.40686852,-0.5663695,-0.9884547,0.42136294,0.77267474,1.8140272,-0.17020345,-1.4862249,-0.3636933,1.7810323
0.15600395,0.7467465,-1.8463266,-1.489188,0.73190415,-0.7325111,0.06914765,0.25703356,-1.1438705,0.18517146,2.3244283,-0.046402395,-0.6232292,-0.38287365,0.56744885,-0.9210192,-0.1587303,0.8427137,-0.8691156,-1.867095,0.020706415,0.590092,-1.2472167,-0.16461402,0.45876873
-0.3920742,-2.1003344,0.35836408,-1.9310688,0.16756858,-1.1118802,1.0236685,-1.2797732,-0.2089614,-1.5894582,0.6636607,-0.6637225,-1.5764565,-1.4917023,0.27821618,-1.4632127,0.01755545,0.8462049,-0.354393,0.5338417,-0.152827,0.39622277,-0.15608269,0.3380395,-0.2819118
1.3908544,-2.4006503,-2.0458019,-1.8825083,-1.2644632,0.5868746,-1.2093027,0.52359915,0.5829211,-0.6994186,0.0543987,-0.28687784,-0.31222695,0.23169169,-0.38222492,-0.60940933,0.7940084,-1.608598,-0.39034134,0.18571505,0.5200863,-1.6976718,1.7052636,-0.80814457,1.2464863
-1.3657641,1.0444158,1.083863,-0.80301595,-0.43228066,1.5044492,0.3721639,-0.88664806,0.73634183,0.63902974,-0.7136152,0.58297414,1.3796613,-2.1131444,0.3079902,-1.9655845,0.43273324,0.13398868,-1.2079393,0.8160107,0.7662381,-0.4787411,0.5226171,-0.95223266,0.0043814033
-1.017774,-0.9011133,-0.6724833,-2.5356736,1.0119212,-1.440884,-0.6107948,-0.6163366,1.571193,1.3755642,0.36343578,0.22081533,-0.38470337,-1.3969231,-0.9522621,0.94419533,0.9833815,-1.5800005,0.07859373,-1.2393439,0.31801873,0.1298799,-1.4472618,-0.73960507,-1.3865361
0.42773777,0.26201943,1.4484198,-1.5595583,0.023795515,1.9948152,0.012524206,-0.4343171,0.58360916,-0.5266481,-0.08590981,-0.5228001,0.26167423,-0.25906444,-0.18586862,1.3013034,0.14203891,0.5774455,-2.0367,-0.5481461,-0.43785104,0.62830865,-1.8393714,-1.2252336,1.0401739
0.010204412,-0.53021145,-1.5097699,-3.3178601,-0.70458794,0.34400898,0.2681373,-0.34305695,0.6231415,0.40290666,0.45332772,0.6460329,-0.03581907,-0.63928145,0.6128677,0.99907094,0.8284582,-2.0049398,1.0338387,-0.5158666,-0.19930297,0.57544863,-1.1740938,-0.019130267,-2.157103
2.6085608,1.3798211,0.2521851,0.6109739,-0.4170545,2.131692,0.42428374,-1.1195089,1.1236514,2.380336,0.96541584,1.3989496,-0.36530182,0.6976635,-0.33144444,1.6413888,0.47567725,0.015279472,-0.53211427,0.07983069,-0.50722694,0.0011148453,0.15600988,-1.3571455,2.6099014
1.4672974,0.69535035,-0.6946025,-0.055537052,0.6983381,1.6239501,-0.44751224,-0.8393712,-0.14968547,-0.8251048,-0.3054701,-0.82373476,0.8600979,-1.5716141,2.0194921,2.0758972,0.33851796,2.0969272,0.6542721,1.0068994,-1.6583016,-0.14240506,0.08789709,0.09516412,0.33146352
1.1208621,-0.7912613,-1.4864278,-0.514286,-0.31517464,-0.32435971,0.22623499,-0.3176878,-0.7478738,0.13202396,-0.40270314,0.26804045,0.054767378,-0.5081619,2.337753,1.4200231,1.0712624,2.7755926,0.102568164,-0.029759735,0.3151636,0.3812452,2.264834,-2.8292546,-0.74922985
2.026559,0.14237806,0.52768844,-1.0111802,0.48343325,1.283992,0.8151293,-3.345081,0.16299622,0.5170914,0.9294418,-3.2681065,0.41022992,-1.6160594,0.3949893,-0.052918673,-0.7130786,2.019401,-0.7929425,0.3101554,1.1074187,-1.0642424,-0.62657773,0.53308356,-0.33618993
1.3386465,-1.5060164,-2.4968727,-1.3861952,-1.9437691,-0.9663667,-0.4364401,0.5862325,-2.676498,-1.7071633,1.6785309,1.7545178,-0.42069352,0.14994085,-1.4225414,2.2938054,-0.59375095,-0.073826075,-1.166098,-1.4106297,0.96792823,-0.014361586,-0.8312118,0.6016811,0.1762735
1.4519819,0.71599585,0.72400326,0.10345176,0.22853944,-0.3067628,0.3288502,-0.014529735,-0.3423594,-1.8595015,0.113313586,-0.0995529,0.63200235,-1.4488542,1.5556297,0.0055496097,0.6334372,2.2030585,0.851542,0.111931056,-0.5331514,0.610085,-1.193093,-0.97865653,0.613256
0.9808029,-1.0025496,-1.4363595,-0.3272382,-0.4982294,-0.110156715,0.29416174,0.37606278,-0.78048575,0.7811714,0.5456567,-1.2005893,1.2522796,-1.1065323,-0.067035735,2.4686284,-0.05850506,0.66439414,0.15549192,-0.57761323,0.8385005,-0.050010487,0.31488693,0.89648104,0.30741984
-0.040309757,-1.5645615,0.06982571,-0.6424898,0.55197364,-0.6195851,-0.30815554,0.078915186,-0.26423588,-0.89545065,0.9352248,-0.49830553,0.2856466,2.0039349,-1.1013515,-1.2088572,-0.74761695,1.7931181,0.303966,0.87373567,-0.39399368,0.10920298,0.6148667,-1.0799155,0.4242867
-0.69207144,-0.4405297,-0.45010543,1.721781,-0.2615974,-2.5534854,0.35868734,0.55061114,-1.2744261,-0.32341772,0.21760607,-0.68609786,-0.64338535,-0.5483389,0.34851375,-0.78824866,0.6140836,0.7649088,0.87642646,-0.20172507,-2.0151544,-0.46801832,-1.3159413,-0.4415593,0.43509868
0.56464034,-1.7827706,-0.32761875,0.45782292,-1.1362058,1.1827952,-1.3075954,-1.4130124,-1.0975403,-1.3858776,-1.1579278,-0.6843837,-0.09465347,0.9910447,-1.2102164,4.2774053,0.17119023,1.6034795,0.70219123,-0.68304557,1.5043936,-0.62562823,0.07613337,-1.5308709,0.05232942
-0.9169074,-0.60076004,-2.1067302,1.4238427,-0.32690153,0.73628056,-1.3630736,-0.1504072,0.6964191,0.27100897,-0.116363116,-0.52108276,0.4006044,0.8990085,0.70836985,0.9496485,-0.37573454,0.014419846,-1.333046,-0.6124463,-1.5773937,2.3196247,2.423264,0.99296856,1.6047843
-0.054752987,0.43141556,-0.6024718,-0.7880614,0.5849155,3.3751793,-1.0039176,0.11721607,-0.3961515,-3.225628,0.103333294,1.3781086,-0.5128418,-4.3787794,1.2751491,1.7816079,0.20333576,-1.608114,-0.7358151,0.11929935,0.7137698,0.4310013,-0.14830276,-0.6083813,0.5127361
0.6486087,1.3480616,0.933272,-0.052475423,-0.91820085,-0.43995884,0.48279738,-0.51882607,-0.4768985,0.14755458,-0.43433976,0.52052224,0.45770752,-1.0776103,1.2157072,1.0461546,0.6755817,-1.7802408,-0.34029204,-1.746077,0.6592995,-1.1902711,0.7450704,-0.41305888,0.634332
2.4872985,0.5574152,-0.034883514,-0.4103818,1.6603562,1.8010616,2.7948253,-0.26762286,0.20534912,-3.511713,0.912447,1.0109386,-1.2050956,0.42230862,-0.7240182,-1.4299494,0.8817576,1.5300797,0.23766036,-0.20115283,1.32986,0.19526988,2.2111144,-1.7926227,1.1075753
-0.16221555,1.6545563,-1.7701615,-0.2840432,0.40020138,0.34234294,-0.7717024,0.8786074,-0.40415633,-0.91200364,-0.7781223,0.41166514,-1.1656277,-0.32833543,0.6286126,1.4210092,-0.15005404,1.4468446,-0.7512858,0.045802236,-0.2643135,-0.5104175,-0.77301586,-0.17472893,0.59668446
-1.3337811,1.5238848,-0.17601106,-1.0719277,1.2741791,0.53751725,0.38593107,0.1426137,-0.036731295,1.2720289,0.2888148,-0.24122131,0.3177775,-0.4135887,0.58182126,0.62189543,-0.4574622,0.41889358,1.9215782,-1.9041097,1.0613163,-0.50455964,-0.99714947,0.5379788,1.2671698
1.4457482,0.5812577,-0.3242414,0.5575574,0.6302877,0.3290444,-0.2305974,0.57379293,0.7308307,-1.7619487,-0.2998944,-0.37379366,-0.9996009,-0.026768625,0.6854695,0.29888636,0.052941263,-0.4058526,-0.61988103,1.5386024,0.44382703,1.1988947,0.062707044,-0.69288397,0.23712471
-1.9081622,-2.4445305,-0.79012966,0.17145285,-0.8463897,-1.4453957,-1.4809793,-0.8756435,-0.33853948,0.83252734,-6.0905714,-0.50683117,-1.7431968,0.047429293,-2.0374641,0.05314421,-2.3531241,0.8292914,0.34858716,-1.5334963,1.5369836,-1.3217443,1.8804803,-1.3587466,-1.7373438
0.43385327,-3.2882667,0.3176705,0.42098987,-0.33638886,3.4388733,0.4707241,0.025346108,-1.1680312,0.6540217,0.73014355,-0.12865126,-0.39407995,-1.1209738,0.44361806,-0.04925096,1.0253861,-0.8680433,-0.80860627,-3.5232594,1.804851,4.9158792,1.1037903,1.2063062,0.6387699
8.413523,0.6728914,0.57264376,-0.8154637,3.4110548,1.5264864,3.0751982,-0.3397953,0.29812256,-1.888385,6.404556,2.542455,0.16318326,-0.32383525,1.451972,4.5687604,4.133952,0.23537448,-0.70511484,0.06757605,5.991588,1.5242009,-0.5727856,0.1704914,3.9255662
0.5382708,2.698069,0.10648292,0.65881735,-1.2527437,4.4479294,3.3842747,-0.9073907,5.096115,-0.25339305,3.3516254,2.206901,-0.37381393,-0.46835035,2.2892358,1.4302511,1.291183,1.3707391,0.51758194,1.7523608,-5.3574805,-0.5537744,-0.16791548,-0.9384224,0.29567605
0.9345397,-4.8235507,-1.4788198,-0.85206604,2.0001526,1.5561159,-3.494184,0.55498767,0.8873087,1.2457495,-12.363162,-6.9476237,-0.51082724,-1.4852446,0.65632945,1.769038,0.8548491,-1.2610784,-0.90006506,0.7068205,0.38499975,0.2294975,2.262857,0.60991454,0.08758357
0.124455504,-1.9032481,-0.06391245,0.4973516,0.16815913,2.6280031,-0.12677638,0.23352683,0.4301708,2.3170805,0.15365064,-0.12008424,0.5299796,-1.0978937,2.172883,2.3115342,-0.8189263,-2.4791818,0.43372327,-6.1789627,-0.37075245,0.20895192,1.7022803,-0.32202157,-0.6507814
0.23862752,1.1605105,-0.118995875,0.21111733,0.0045746565,1.1107897,-0.026016805,0.05513823,-0.96483046,-1.6470368,-0.9658873,0.46619907,-0.14062868,0.3390841,-0.33296782,0.2622739,0.04607603,-3.5008235,0.92654884,-2.4948752,-0.48211625,1.2103955,-0.9009297,-0.85621417,2.454678
5.1503,0.5351338,0.6194538,0.30567342,-0.18891391,0.41428557,3.949616,-2.7994728,-1.6063576,-0.29086637,5.0782843,6.9731174,-1.6488769,-1.9520473,1.4800729,0.95959586,0.1634499,-0.518639,-0.9228375,-4.5525255,-1.2538348,-0.616907,0.24563888,-0.43923727,-3.0730171
0.03321895,-0.60372233,-2.4859824,0.96788794,-1.5093986,-0.43809295,0.68618083,-0.3650019,0.010394752,-2.623458,0.45352364,0.43110663,0.041647866,-1.3557336,3.3581042,0.28805575,-1.3447212,1.197895,-3.050373,3.7625437,0.593067,-0.92969507,-0.07771297,0.7950074,-0.25833747
-0.25231263,0.16122746,-0.6680099,0.22134888,-1.9412473,-3.40549,-0.64108384,-0.72450376,-1.195641,2.4527602,0.0042155553,0.13071984,0.6861317,0.8438922,-1.2605727,0.013608009,1.0940986,0.6482027,0.026361763,0.3334437,2.0944834,-1.0138638,-1.109413,-0.83957833,-0.88840914
-1.2251444,0.129985,0.12197409,-0.34237745,-0.8097545,1.3661258,1.0094565,0.07981199,0.5611683,-1.1179187,2.4813683,1.089005,0.17951758,-0.14546421,-0.47793669,-2.7688165,-0.77860904,1.8131266,-1.2608906,-0.9589797,0.74128294,0.16766945,-0.5789639,-0.3015775,0.05086711
0.7065699,0.14943045,0.57835406,-0.53771454,-0.36735654,-0.5370602,0.92223155,-0.009236097,-1.0250814,-1.0729403,0.32743818,1.0533015,0.9254892,-0.74955744,0.87346673,0.18444428,-1.2386651,-0.9591881,0.47560793,0.31777894,-0.6054992,0.36640257,-0.71515995,-1.0625426,0.14568314
-2.9617784,0.7756756,0.6399385,0.80148786,-1.0091112,0.5510362,-0.625219,0.09740844,0.26513034,-0.2397266,0.61965966,0.4879031,-0.4743245,-1.6618433,-1.0436151,-0.687298,-0.06909175,1.6448336,0.80455923,-2.383789,-0.26252306,-0.8486627,-0.55181575,-0.82195324,-0.65868473
-0.7346927,-0.41443932,0.547583,-0.6552329,0.29912442,0.53198093,-0.39011317,-0.20028758,0.7408933,-2.0010324,-0.011617847,-0.30670363,0.20889063,0.0013440847,2.0964622,0.61325467,-0.7571025,-0.7586326,0.41677022,0.2442137,-0.06878604,-0.20998809,-0.37757868,1.904087,-0.14623474
1.2845116,-0.43220624,1.0419255,-0.24250348,-0.9738675,-0.15109363,0.20119348,2.1864376,-0.16563751,0.44516435,-1.1888988,-0.09307149,-0.80096745,1.8285844,0.6148116,0.8336742,0.87737256,-0.6974751,1.8308749,0.36220497,0.991191,0.22823885,-0.61771894,2.5203116,0.41177702
-0.17698157,-0.552301,-0.50910604,0.45086655,-0.27140692,1.9806871,0.7593523,-0.27857563,1.0137634,0.7044645,1.0827088,0.22912768,-0.71120775,-0.5705581,1.7568779,2.2522535,0.077964365,3.1207762,1.6792583,2.5041199,-0.42002565,-0.88334787,0.10141902,0.49617502,-0.6381719
-1.261691,-0.45127526,-0.8447842,0.74395436,0.86226773,0.5953916,-0.23586562,1.0364773,0.45740712,1.9501865,-0.40292436,-0.083527386,0.80627817,1.6966832,0.31981918,1.8390167,-0.97236437,-1.7351295,-0.12409845,-0.703321,-0.0963513,1.1418449,-0.6360556,-0.71797496,-0.51714414
4.1294127,1.6949279,1.5663587,0.3701657,0.41882202,1.7078344,-0.013364136,-0.52365696,0.7234371,-1.0353398,0.6192148,1.0109341,-0.4245987,-0.23842195,0.24396431,1.5905458,-1.0023133,-1.6076813,0.25125703,-0.19667324,0.8476111,1.6572365,0.21211177,1.2907816,-0.4593404
0.59001565,1.904495,-0.72698784,-0.5960893,-0.08074772,-0.29233432,0.51446426,0.08519701,1.3164377,-0.41131717,1.5661087,0.67296785,-0.29003638,-0.56732893,3.370479,-1.414765,0.194982,1.1657903,-0.04805681,-0.59690946,1.4408423,-4.2869577,1.328138,0.90893275,0.69652367
-1.1660165,0.2671683,-0.5411405,-0.59012514,-1.0136577,0.7028625,-0.67962354,0.07031533,1.1077454,-0.8964072,0.13492388,-0.6640265,1.0209843,0.974654,-3.0585375,-5.1498384,-1.1874816,0.22806835,-1.568975,-1.4376297,0.84915054,-0.9896074,-2.7584572,0.049522012,-1.1725713
-0.32467958,0.9819931,0.203147,0.90330964,-0.3514765,-1.4656333,0.0063040406,-0.3827029,-1.066514,-1.1372783,0.31546527,0.3901907,1.0225285,-0.4201226,-0.78520626,2.431437,0.402078,0.36413097,-0.68982697,0.28569198,1.5328261,0.7926986,-0.43134665,0.15789202,-0.6294999
0.04589194,-0.7103468,0.01956129,-0.80218124,-0.9173593,0.6389782,-2.1131873,0.51302123,0.22750452,0.7420009,0.05186008,-0.68573,-0.6567359,-2.0847182,-0.4049067,1.3383325,0.62496185,-0.6582815,-0.2230726,-0.5974537,-1.490202,-1.7941726,1.187356,-1.6206429,0.1413723
0.24120562,-1.1946837,-0.2061016,0.39673805,-1.2876904,-0.13218978,-1.0604769,-0.3990221,1.0353858,-0.46867174,-0.933778,-0.88038653,0.11157669,-0.6840549,1.4567196,-5.6598625,-0.9358222,-0.67024064,0.34233126,1.1701037,0.8009694,0.11494085,-7.135029,-0.84860456,-0.64346874
0.12157009,-0.22605622,-0.022243097,0.5092103,-0.015226353,-3.9514303,0.4380537,-0.6828058,0.32033733,1.8426881,0.08570668,-0.7212933,0.49922717,-0.14251426,-1.2087393,-0.21855783,-0.17560276,1.7976323,0.14837466,-1.5919199,0.47264493,-1.1339399,0.72901964,-0.8908763,-2.652251
0.49992323,-0.07253653,-1.3837507,1.5557284,0.67458326,0.14176407,0.22870371,1.2059383,-1.3079113,1.3209875,0.67957157,1.2720739,0.53408295,-2.0370414,-3.716645,-8.458258,0.30439276,0.5481074,-0.11626881,-0.026595794,-1.152147,-0.24784948,-7.355858,0.94279605,0.91506827
-0.11400531,1.3587028,-0.08020219,-0.85346305,0.5045445,-3.8813481,-0.53044057,0.6733066,-0.4506546,-0.44718766,0.030676886,0.33340436,-0.12966505,0.5298067,0.5340266,0.7977693,-1.5874561,-0.62293726,2.041419,-0.24143769,4.48991,-2.8120904,1.5203984,-0.5761416,-0.47417212
-1.1680897,-2.3596582,0.016693711,1.4957405,0.8495232,1.9268004,2.6416574,-1.1216009,-0.7245017,-0.5416835,2.944631,1.833759,0.5900015,-1.2726618,-2.0991619,-1.1701618,-1.5031009,-1.2653706,0.19883856,0.55241215,0.30635735,-0.7794641,2.0807335,-0.04166373,-1.3363203
1.9090848,-0.12690254,0.13080764,1.1883942,0.037563324,1.2891561,0.8935506,-0.30494606,-0.0846602,1.3570272,0.95789254,1.2608347,0.25994003,1.1133645,1.4968828,1.6579593,3.5555573,-2.584151,0.9444162,0.9714271,4.00315,-0.08422735,0.59262204,-0.008465141,1.7406932
1.8291104,2.4747412,1.2483392,-0.07862961,0.4363122,6.9657784,3.3069794,0.6077575,3.2754269,-0.3018798,4.4819655,5.040362,-4.3876624,0.0050590634,-0.47202975,0.90470433,-1.26395,0.16598949,-0.17290603,-0.776198,0.349921,0.889418,-1.5009807,0.096190795,1.2450445
-0.38555396,-1.3620332,-1.5188863,-0.9840265,-0.11059871,-2.443117,0.4768942,-0.73217946,-1.4290874,-4.955129,-0.8753121,0.2686083,-0.43382818,0.9362047,1.5158895,0.6583096,-1.242707,-0.29344314,0.8306174,1.2668626,1.3310299,0.08731747,2.6180806,0.0587627,-1.2965145
-0.8435701,0.61009264,-1.3211129,1.7711195,0.18313634,5.700493,-0.8664475,-0.7551955,-0.04635328,0.58248925,-3.8478467,-0.60466915,-0.5315224,-0.76734,-0.543314,2.7024965,0.40981293,0.3742105,-0.83515143,-2.2180822,-0.855173,-1.6133012,0.6654037,1.891212,0.038300812
0.31104764,0.114925906,-1.075465,-0.220862,0.76206815,0.5738058,-1.2026362,0.07637505,-2.9668782,-1.9196713,-1.5484073,-0.9310012,0.10311426,0.13172263,1.8753259,1.0836715,-0.81829584,-4.383186,-0.8087968,-5.6269226,-0.51164407,0.35207245,-0.7204967,-0.17727788,-0.42895472
5.363583,0.015422106,1.6964626,0.44583774,-1.1373894,1.0955131,4.546163,-1.0234885,-0.08166401,-2.4455304,5.835752,6.011661,0.0779928,2.5085244,1.066533,0.4194017,-0.4331078,-1.4884983,-0.4967033,-2.5595367,1.4902827,-0.38731742,-1.0213779,1.4080523,-1.6857816
-0.13177499,2.8630347,-0.16834083,-1.4456882,-1.2570285,1.2407403,0.28552923,-0.28608415,-0.2892405,-1.4320067,0.72901875,1.0334759,-0.37474248,-0.31919515,3.1609108,1.543601,0.23700128,1.0040467,-1.4524908,3.3408325,-0.51164716,0.375945,1.4150774,-0.44327775,-1.7536584
-0.1197772,1.3824801,-0.08519989,-0.72698665,0.745917,-0.17368484,0.41863072,1.3116486,0.12902674,1.8285949,0.75013983,-0.2179535,-0.08161606,0.2668333,1.7032285,1.7408106,-1.5220735,0.048348486,-0.21256982,-2.9694874,2.9107895,1.1798719,-2.275559,0.63505626,-0.23003498
0.17340039,1.1938577,0.5851787,0.038497675,0.8607602,-0.098535724,2.106464,0.14642082,0.36238053,-1.3444998,1.5063007,0.9466958,-0.5736741,-0.3843231,0.437797,0.19223642,0.93378687,0.041247994,2.088107,0.7070824,0.77295846,-0.9548683,0.24752669,0.80710685,0.055876553
0.014540076,0.82106924,0.1878506,1.6584404,-1.2612267,1.9178262,-0.5339732,-1.7111807,-0.5444213,0.570002,0.5755317,0.25382715,-2.2248182,-0.65036595,0.4893433,0.51577526,1.4245452,0.06521541,-0.006510958,-1.1567053,1.2783561,-0.3939227,0.17686017,-1.1950076,1.2855991
0.61270785,-2.1935804,-1.7318933,-0.6897891,1.3850543,0.83539593,1.0732464,-0.1788513,1.6457565,-5.542859,1.0208135,-0.45276195,-0.27305138,-1.8843081,1.6055094,0.93045366,0.4222104,-1.8411498,1.8641113,-2.171681,2.1518016,-0.5662883,0.52944887,0.24510711,-0.29576576
-0.7393629,0.6338059,-0.16279916,-0.25405353,-2.0859723,0.73773324,1.3726007,1.0204443,-0.28586912,-1.7569077,3.8479054,0.26271713,-0.28455383,-0.85843486,-0.020567656,-0.56697065,-0.8975669,2.1620162,-1.1486647,0.7391044,0.42311454,2.2404346,1.1661779,-0.9362523,0.48241308
-0.9808216,0.602151,-0.8344493,-0.4860099,0.942188,-0.10701084,-0.52871466,0.60094315,-0.31619906,-0.6821268,-0.18890224,0.011171564,0.2723737,-2.029666,1.0656458,-0.4617151,1.0070812,-0.20804119,0.9343152,3.7845378,-1.2595115,-0.8467405,-0.30647987,-1.9182799,0.33686113
-0.6505968,-0.19624078,-0.4323859,0.969303,-0.44329062,1.1651707,-1.2559494,1.7104518,0.6456732,1.5572324,-0.16790324,0.46478686,-0.64740545,-0.8363676,0.15075818,1.9014657,-1.048819,-0.85160196,0.8472132,0.83991134,-0.36117905,0.41285154,-1.0290027,-0.8666246,-0.9887744
-0.015371627,1.5750368,-0.44104818,-0.30805403,0.29659957,-0.14956185,0.769688,0.35129827,-1.4503331,-0.089383155,-0.7742819,-0.06656764,0.14954522,-0.8589147,1.0026631,-0.63864887,0.847599,-0.28600442,0.9964905,1.9766636,-1.5190042,1.4741532,2.5907388,-0.7731054,-1.4711776
-0.510808,1.1304796,-0.5103935,0.21465218,-0.0017809272,0.34995085,-1.0915546,-0.08881073,1.5832251,1.3372617,-1.1353418,-0.55207956,-0.15415534,-0.37299758,1.1991963,-0.27984828,-1.6050415,-0.15220577,1.2422292,-0.29546583,-0.389281,-1.5764205,-0.5586529,-1.2301313,0.3011704
0.44320527,-0.8117899,0.12938109,1.1602552,0.22109868,0.7813629,-0.21920295,-0.0723551,-0.48670793,-0.5852092,0.5115612,-0.26620212,-0.30635276,-0.47400063,-1.3430591,-1.3136107,3.08276,-1.9336228,1.8823411,-2.1116502,1.969522,2.0530891,1.0674179,0.91685724,0.8315325
-0.4961199,0.1157565,-3.9544725,0.60666466,-0.3516777,6.768367,1.0123339,0.823238,3.5189395,-1.4071244,2.4014764,0.93947124,-0.3993006,-0.35087326,0.71381366,-0.8612019,-1.0943094,-0.042121977,-0.46583533,-1.4558036,0.55120474,-0.5679798,-3.9259737,0.2390537,-0.46638
0.11791631,0.20340174,0.5333432,-0.924869,-0.5110967,-4.8570156,0.89794266,0.010447249,-0.79830515,0.4080627,0.17038964,-0.5736276,0.67787105,0.8417478,0.60761184,1.0347843,0.37587854,-3.3089654,-0.60167176,-0.20647335,-0.3683081,-2.1053114,-0.07267748,0.06019664,0.12738407
0.4028408,-2.0625956,-0.9423898,-1.3361596,-0.31496426,-0.4858334,0.25263017,-1.401388,-0.019892097,0.097442985,1.1812924,1.747522,-1.5656818,-0.8614469,-2.53553,-5.3030357,-0.44872713,0.6131129,0.03522273,0.24388799,0.8565693,0.09980062,2.3895962,-0.26471898,-0.7882717
0.39982653,-1.183336,-1.3566128,-0.5315346,-0.69968855,-0.894369,0.113210924,-0.18496013,-0.8819187,0.5917965,-0.10175809,-0.8614548,0.6047997,0.91848904,-0.57233304,-0.3605048,-0.454812,0.7842531,0.72927487,2.4353993,0.19418776,-0.17444165,-0.19234693,0.024345994,-0.8363417
0.123597264,-1.0994436,-0.23705153,0.7009517,-0.8694839,-1.569698,0.18161479,0.018547468,-0.4804501,0.68601453,0.2557662,-0.06790389,0.41429,0.126735,0.18112934,0.14048325,0.5559362,0.04215589,0.11667645,-0.22755092,-0.7088469,0.4925207,0.80574363,0.16399503,0.45730644
0.013822526,-0.71597844,-0.1277812,0.22035882,0.92847586,-0.17150785,-0.13262498,0.22021608,-0.19450317,-0.4236912,0.38734218,-0.22878736,0.027333751,-1.3698831,-0.91448,-0.24751939,-1.0705147,0.7594172,-1.4851514,-0.22487009,0.008445054,-0.46608227,0.9074575,1.1981387,-0.22355047
7.177889e-05,0.009703666,-0.7250973,-0.32889923,-0.9781716,1.7010391,0.289837,0.4396919,-0.23373644,-0.6479764,0.18242423,0.90294135,-0.26345053,-0.16963428,-0.52394605,-1.3583508,-0.29372874,-1.5853002,1.5751922,2.1496115,-0.015340859,-2.769067,0.0069877803,0.6739349,0.29924387
-0.71990687,1.185439,0.6825626,0.05854869,-0.75028473,-0.12307738,0.23316208,0.30761582,-0.32457978,1.0336941,-0.31652638,0.033161953,-1.0735424,-1.1810817,-0.24662237,-2.2374632,-0.57949734,-3.7396472,0.5229774,-2.1197643,-0.47663492,0.92184234,0.17157334,0.24098255,2.6948774
7.1414776,1.2914534,-1.890465,-0.07458514,0.82488936,-1.3951349,5.4790955,0.08008576,0.38589576,-2.7096286,7.4252987,5.8867006,0.04690692,-0.39163035,-0.23131382,1.0871503,-1.0463321,-0.26388028,-0.764437,0.49506685,-6.686238,0.92749935,-1.1546977,1.1091808,-2.5201287
-0.08263987,-2.7571592,-2.3391407,-2.124539,-0.7194018,-1.1549852,-2.5628006,-0.04853525,-0.16490114,4.097987,-9.6685505,-3.4326797,0.55327564,-2.6574235,2.088459,-1.1094246,0.7636409,0.27092454,-0.47264403,-0.1418041,0.6124975,0.6983936,-0.16611546,1.8331523,-1.468512
0.5074184,-0.46105537,-0.36277702,1.0014538,-0.46291634,-2.0019116,-0.082645506,2.125838,0.24116677,0.3040629,1.3667738,-0.9057174,-0.79619515,2.9693408,-1.0738556,0.8847903,1.3690476,0.94114447,0.23196152,-4.675213,2.691511,5.124361,0.52614886,-0.42693722,0.2962598
6.2767634,0.48407805,-0.3583721,0.6425457,1.831329,1.1297911,3.6177754,0.063852146,-0.344873,-4.175596,4.5373898,2.6768353,0.564314,-0.7496561,-1.9718544,4.707644,4.41664,2.3779545,1.2528439,0.43447363,1.5112152,0.49295843,-0.749338,-0.16746393,2.767931
0.18083735,1.2921009,-0.5889017,-0.12464459,-0.5118569,4.286873,0.56051785,0.3111419,3.909631,0.098204255,-0.53650635,-0.15328474,-0.5174878,-0.36510205,2.3512602,-1.113399,-0.5997312,1.606596,-0.59953856,1.9828552,1.0379522,-0.47409302,-0.20063984,-0.61563534,-1.4209886
-1.6816097,-0.55960727,0.5694303,-1.7866902,-0.5742302,-2.2921839,0.12941721,1.7731891,-1.1393702,2.0657551,0.95542854,2.013144,0.3425495,-0.028740406,0.6769411,2.71158,0.3631597,-2.0773232,0.046390146,-1.4587057,-5.0899153,-1.3950733,0.5799392,0.6251987,0.90777457
0.8859025,-2.3167083,-0.107123286,-0.27403817,-0.45660973,0.7776932,-4.581591,-0.67574537,0.7542494,0.031836033,-9.712353,-4.8261595,-1.6767771,-0.26665908,-2.226567,0.6965241,-1.3717089,1.2620252,-0.062455975,-0.8282662,-0.85645545,1.0184133,-1.8199451,-1.6670619,0.7566781
0.12521388,0.7181967,-0.9603768,-0.76081127,-0.2111683,-2.086189,-0.66993034,0.55614465,-3.9602642,-0.31391525,-0.2561205,-1.2443168,0.9030011,-0.1071692,0.47464347,-0.6755748,-0.001497227,-0.39329624,-1.3473625,-6.6828437,4.939171,0.62186587,-1.3370667,0.63702095,-2.0384698
-0.5978778,-0.0024252832,1.4000123,-1.0838284,0.47303063,0.1798949,1.756258,0.61581755,0.7844492,-2.6731684,3.2108357,2.6090825,-0.5037912,1.2405614,-5.426078,1.92265,-0.71621686,1.8839161,0.48726436,1.705254,2.4599652,0.7124779,-2.01594,1.0532081,-0.36453557
1.4972839,1.1417947,0.48374552,1.0454592,-0.239345,-3.3331075,1.1188785,0.12829599,-2.3493142,0.86233306,1.9399338,0.80481434,-0.41199785,-0.36472815,-0.8309153,0.6763474,-0.6409115,0.82910764,0.045199454,1.5781612,-3.3812475,11.03948,-0.9631947,-1.0749893,0.11649659
1.921769,-2.530047,0.07139105,-0.6596769,0.29323614,0.13593498,1.4499555,-0.93373835,-0.61504555,0.4647916,4.521867,1.7313039,0.7779614,-2.829607,-0.4159637,4.5716915,-3.2956393,-0.53914326,0.46442497,-2.820423,-1.8925847,-0.6322647,2.1178946,-1.0520915,-4.041728
-1.7339239,0.8204312,0.11286533,1.089937,0.9542179,6.884476,0.49388292,0.27974814,5.035669,-0.24757648,1.0248392,-2.2523837,0.73624355,2.336426,-0.66817516,0.44052255,0.18372019,-2.1938145,-0.20388934,0.82557666,0.77611804,0.059108257,0.48697793,0.22643852,-0.2418345
0.5973487,1.3085545,0.78949606,-0.13028504,-0.12759428,-0.101480335,1.0642624,-0.22175965,-1.3255267,0.65157795,1.022774,0.58968174,0.29767573,-0.20962319,-0.12086427,1.9014866,0.7050179,-4.2954473,1.4781512,-1.2849247,1.1286082,1.2048649,-1.4469701,0.5402559,0.6329745
6.409033,0.46563587,0.49295557,0.7336948,0.4876902,1.2634525,6.4673214,-0.92914844,1.1525404,-3.974543,8.767102,7.9244857,-0.14371628,0.2880583,-0.28366,-0.08001712,-0.58171564,2.3790486,-1.5030694,-0.67041695,-1.7297567,1.347847,-0.3289423,-0.8317258,-1.1647992
-1.1430147,-1.7216133,-1.4511465,-0.12459463,-0.7042477,-3.0364153,-1.2618811,-0.005511714,-0.3470893,0.32074028,-2.1241453,-1.1527308,-0.7874787,-1.8954918,-0.2808516,-1.4254811,-0.76311356,1.572362,2.0227256,-1.8012979,0.4276638,-0.62202525,-0.37230098,-0.31691468,-0.6992425
0.5765903,1.0585507,-0.7004757,2.0298467,0.74555343,-2.109981,-0.9212105,1.3879905,-1.2011734,-0.527957,0.44351402,0.5848442,0.6277242,-1.6907808,-1.2378237,-0.47189403,-0.23592505,-0.79190284,-2.0455227,0.8437312,-0.22028339,-0.62202525,0.21166731,0.7512691,0.45783004
-0.7190743,0.9948246,-0.4607128,-1.5913279,1.093994,-0.5696229,-0.44765705,0.28465155,0.05054398,-1.4236622,-0.3523143,-0.9674805,-0.22468096,0.84084713,-0.25950408,-0.4103921,-0.32377014,-0.121260524,0.04695628,-0.2311879,2.321487,1.3312784,0.97824097,-1.3427584,1.731894
-0.52234715,-0.17829078,-0.25821778,-0.50647485,-0.90926373,1.0482303,0.1828936,0.35485905,0.44878107,-1.3267499,1.2178667,0.13625929,-0.6210078,-1.5853122,0.06815159,-0.49295592,-0.39090365,-2.7413206,-0.4726093,0.27373838,-0.47024232,-0.31900802,-0.20931351,0.9673372,0.96410114
0.852867,0.47650972,-0.006567836,-0.14337727,-0.2378315,0.008122385,0.36748272,-11.083366,0.5378595,0.66475856,0.77194077,0.8310498,-11.474313,1.1381241,1.6270496,0.24234408,-1.1659989,-0.8160677,1.2953465,1.319785,0.863116,0.40149668,-0.41815877,-18.509604,-3.3189263
0.19935033,-1.6334217,-2.6470184,1.0160594,-1.2192982,-1.0263673,-0.11707032,-0.288368,-0.22603142,-0.20862699,0.65332174,-0.19400442,-0.4910527,-5.410901,-1.9349233,2.2015393,1.6435238,-0.9088309,6.858618,1.9068136,3.0788317,1.659837,-0.86095226,-0.6204151,-0.6435615
1.0540197,0.04269302,-1.3843181,-0.7013685,0.33321646,1.9066741,0.9296631,0.18619597,2.21431,3.7213535,2.0743675,1.7599471,1.4420512,-0.61862904,0.13489687,-0.302872,1.0721781,0.9374478,0.46873534,0.18949687,0.29123127,0.083501786,1.6090817,1.0679879,0.44256708
-0.86757743,-0.31154925,-0.26028174,-0.1148988,-0.42911237,-0.53528196,-0.46819216,-0.2822937,-2.7494135,0.51585865,0.47670418,-1.2440121,0.29137123,-0.48450327,0.8657647,2.6049204,-0.7402502,-0.43087712,0.27959007,0.023139015,-1.177039,0.53076684,-0.37062564,0.79625475,-1.0112718
0.43503362,-1.5624456,0.3512752,-0.24534258,-0.6243694,0.050943792,-1.2104821,0.26784602,-0.09452611,-0.02659443,-0.30064434,0.49142087,-0.5361825,1.6966584,0.5498879,0.38759807,0.5053953,-0.75867546,0.6856835,-1.785317,0.58258736,0.8893887,0.04511401,0.5367288,0.27482516
-0.09494755,0.4693662,-0.12945504,1.5120529,0.62557715,0.43321684,-0.16877417,0.18138024,-0.011874199,-1.5502546,-0.9829597,0.3181732,-0.2298042,0.62276065,0.09453949,-1.0723085,-0.7757392,0.64453155,-0.4447214,-2.1778936,1.1277391,-0.6302461,-2.5627806,-0.6484538,-2.834579
-0.57976615,-0.31715083,0.6704936,1.388351,0.27839792,-2.6746564,0.08348861,0.27502763,-1.3903787,-0.5190885,0.46477038,-1.7922792,0.9763261,0.30263615,-0.074569255,-0.509936,-2.1446285,-0.84109247,-1.0516534,-3.2374573,-0.9975326,0.2480369,-0.44246796,-1.5866328,-0.2814529
1.1100649,-1.554357,0.5594885,-1.900208,0.70653313,-1.23717,1.0126772,2.224323,-1.34989,-2.6913295,0.7815074,0.5315322,-0.3031494,-1.5220801,0.09010774,3.499902,-4.0581675,1.1860002,0.40297675,-0.8653866,0.087842524,0.33080405,-0.40934825,-2.0516279,-0.41955405
-0.5315746,-0.04590702,-0.102244705,0.37834644,0.3781392,-2.213905,-1.2599003,-0.6826346,-1.6605784,-0.994787,-0.8126492,-1.2057834,0.20314214,-0.80017024,-1.2900225,-0.2742145,0.10654549,2.4378407,1.1191881,0.3601232,0.781881,-0.09064668,-1.2639444,-0.7087773,0.8266396
0.57907814,-0.2900651,-2.1432285,-0.039885737,-0.896324,1.8516616,1.2487956,1.4310846,0.030289836,1.434929,-0.06694309,0.22617725,0.5974656,-0.36528128,-1.1338426,0.1507452,-1.3373986,-3.4603863,-0.33368814,0.039474383,-0.17753157,0.15795928,-2.0740323,0.85418284,0.70164496
3.819419,3.1610765,1.8864925,-1.6940935,-1.3034666,0.10347843,4.522693,-2.807846,1.2549329,0.78688884,5.4729714,5.457882,-1.9180942,0.6132792,0.52784824,1.2580283,-0.06048405,-0.5781336,1.346908,-1.5059019,0.020418227,-0.12790284,-0.2815665,-0.60177934,-0.72723436
0.34734505,0.11834803,-3.4856358,0.58100784,-0.83317614,0.0289018,-0.23667741,-1.175204,0.63275003,-1.5434147,0.8509788,0.852631,1.6857982,-2.0104377,0.60365576,0.35361946,-0.5400311,2.2973745,1.2195885,2.921907,0.9716979,0.8203449,2.1629217,-0.123621136,0.71358204
-1.2198913,-1.1931505,-0.76357514,-0.8326659,-0.6282589,-5.8630214,0.41400012,1.0071833,-0.5502359,0.373654,0.3094194,-0.83401364,-4.0640326,0.11807561,0.9203819,-0.8100375,-0.053227752,0.1846899,-1.6196115,-0.112850845,1.6334116,1.8289473,1.9132116,0.7816323,1.0360955
1.4905179,0.40948987,1.3238893,-0.15549019,0.38571402,0.2702883,-0.82425094,0.1893659,-0.83111364,1.0498021,0.67900443,-1.08072,-1.1221408,-0.38561514,-6.3068075,-6.848581,0.4518151,-1.4123616,1.5787661,-0.8117852,0.83969116,2.0510921,0.49460426,0.35532328,-0.08042127
-1.626867,-0.43201143,-1.8198695,0.64513516,-0.23073937,-1.0889394,-0.50968915,-0.45641142,0.5154387,0.45925435,0.09905213,-1.4458883,-0.17246601,-1.2379259,0.782058,-0.542916,-0.36670426,1.5406282,-1.0167438,-0.37150404,-2.9703383,2.9446406,-1.518272,1.7175529,1.9644998
1.1140525,-1.9078245,0.28854948,-2.5862362,1.0124907,-0.25035796,0.6607346,-0.42102516,-0.7474392,-0.7048483,0.14702034,0.38416517,1.1837596,-0.63881433,-0.18869722,1.570381,2.132503,0.79494214,0.47679362,-0.20646085,1.135836,1.6321356,-0.91092616,-0.9821842,1.7705486
-0.10824634,0.15238148,-0.7912789,-3.0657341,-0.13889515,1.195441,-0.003183335,-0.31140888,-0.14048386,-2.2260313,-1.8052924,-0.66816044,0.58219874,0.4393199,-0.76728046,0.061909616,-0.23065126,2.3994539,-0.23373932,-0.68856287,-1.1898437,-1.7597061,1.7000151,-0.8221815,0.23639847
-0.87447256,-0.61200106,-0.44621527,-0.01261431,-1.0940061,1.2587641,-0.42270672,0.774775,-0.7924935,-2.158348,-1.7566735,0.15018924,-0.9714023,0.40856954,-0.08146405,-0.100603655,-1.2137913,-2.2596796,-0.9679808,-3.6107283,0.06830475,-0.055494785,0.18441573,1.1613276,1.2103207
0.27946982,0.46943378,1.1468569,-0.754714,1.0282283,-0.701954,1.3820474,-0.4958401,-0.19092998,-4.025902,1.0452794,-0.053539395,-0.5438585,1.2714603,2.7927382,1.5182972,3.3200965,-3.9937348,1.0561395,-2.7031028,0.25653902,-5.188792,0.8262975,0.4334502,-0.20296943
-3.986912,-1.0758954,-0.55056757,-0.36191523,-6.7775517,7.313473,-1.3086522,-1.0227351,2.2794604,-2.0931659,-0.8590648,-0.17995815,-1.0575936,0.27537614,0.21477228,-7.2450876,-14.428103,-4.493794,-6.9273806,-0.07512331,-3.2715087,2.478646,-0.09656449,1.1916131,-21.067432
5.4009724,-0.1305716,3.0655546,-2.7811897,-0.114203334,-2.2405896,3.8436859,-1.2897288,-7.3654966,-0.04943949,4.9180584,3.8622525,0.9081729,-0.8753326,-1.8971844,1.360819,-1.2075812,-5.644169,1.3721114,-6.885625,0.5763011,0.07037651,0.34597343,0.6551903,-2.6100655
5.3928432,1.3067968,0.17950842,2.018491,0.36772156,0.89110476,5.6619396,0.04112649,0.0985319,-2.4080215,4.9649153,5.5409966,-0.06993088,-0.4620915,-1.2588137,-1.6822748,-0.6878662,3.5926042,-4.685346,0.9704758,1.8365633,0.54309094,0.27044842,1.1009076,1.9772935
0.738777,-0.20498732,0.13156992,-2.78383,-1.4218476,-1.835755,0.77072895,-0.07061422,-2.4354696,0.4132744,-0.6219132,0.32429895,1.7855682,-1.0120832,1.439675,-0.09962988,-0.07764799,0.123207614,-0.3281271,1.1114259,-0.8152649,0.17777143,1.9398339,0.17258184,-0.25713384
-0.20135364,0.02981849,-0.012703016,-0.53571266,0.99248964,0.74055696,0.72375894,0.5367317,-0.28723186,0.048562407,-4.580636,-0.15097594,-0.9062336,0.67061883,0.28618276,-1.6235123,0.8552234,1.4874909,0.25970915,-1.1546224,0.05605966,0.012280077,0.8774671,-0.025997482,0.475238
-1.5955465,-0.5024552,-0.7270661,0.5241158,-0.6817461,0.23904812,-0.73940814,0.92832565,0.5357239,-0.58820105,0.047074437,-0.38456628,0.56582946,0.9902577,1.7354138,0.22516516,0.14333203,-0.06985366,-1.0057421,-3.8265562,1.218777,1.2632182,1.3536931,0.11232036,-1.3608294
0.2838869,1.0065129,1.1755208,0.1325537,0.3276989,-0.79602885,-0.104693115,0.9997577,0.3750379,-2.2112024,0.1064268,-0.72051555,0.07090169,-0.29893196,-0.27617002,-0.41789472,0.19514093,-1.9623315,1.0658128,0.654307,1.1372491,0.17104483,0.1369648,-0.45024255,0.5713818
0.37541878,0.39704168,0.2923177,-0.68274355,0.41783082,-0.058719754,2.3221295,-0.20210844,1.7746664,1.3301747,0.4987768,1.1832399,-0.9223813,-1.0921035,-0.9904777,-0.99356186,1.6956058,-1.714144,1.5726155,-1.5576637,0.53509265,1.4645822,-0.15581,-1.7490389,0.7470881
4.3760695,2.1162443,0.11331767,1.84307,0.08366883,0.67836225,1.5984663,0.3037922,0.31860906,-1.5289731,2.0814605,0.9427934,-0.28290576,-0.5634926,-0.80358034,-0.9882386,-0.6706133,-1.4354361,-0.21891935,1.3758337,2.2155976,-0.14634323,-0.44652396,0.6077862,0.8374399
0.88949966,2.717731,0.07874562,-0.21980996,-0.8240433,-0.48796734,1.6962161,0.35224396,-0.69787264,0.64158326,4.5621676,1.2330247,-1.6875997,0.7524339,1.4363637,1.8663476,0.10017349,-0.72073376,-0.2032004,-0.4814817,0.63019097,1.6806206,1.0766237,0.8569354,-0.52960443
-0.80492383,0.00970602,-0.5502162,-0.17238373,0.42979342,0.65008056,1.2788324,-0.53788733,0.6160768,-0.16786653,1.2118459,0.90479964,1.6869258,0.01321429,-0.61505777,-0.5819724,-0.4351751,-0.16422552,1.0614067,1.0419259,1.8150342,-5.763541,1.4023528,1.7309972,-0.77485657
-5.7430115,0.7944002,-0.48380148,1.3723826,-1.2283365,-0.8527961,-4.43665,-0.77314913,-0.3712836,0.7863814,-0.487006,-4.0339336,-0.91692555,1.8157668,0.09716262,-2.6552253,0.079879135,-2.7162037,-1.4592731,1.0549743,-0.21770817,-0.049138486,-1.3838447,-0.16298585,-0.65049815
1.1926929,-1.8685259,0.059463263,-0.34876662,1.4433397,2.5285962,0.22374135,-10.164046,-0.23136649,0.71806145,-0.53766,1.2263995,-12.885282,-0.13997975,-2.6736941,-0.9603199,-0.7600088,-3.6423564,1.0206896,-4.0135255,-0.12097943,1.1138597,-1.8046823,-17.259012,0.26340437
6.4550133,0.0022379458,-0.6364515,-0.9997852,-0.5345955,0.26548633,5.007167,1.3966494,0.54752296,-10.285937,8.399531,5.8757424,0.6791297,-4.7250824,1.7328684,0.7511498,-0.30056226,-1.5921103,4.4640236,-1.1080496,1.7133074,1.8583196,-0.021024046,1.9241333,-0.9104131
0.89581436,2.9408271,0.80711836,0.27629519,0.6481985,-0.7515867,0.88511777,-0.054060854,-0.46841204,0.118480265,1.663371,0.5165288,0.11857302,2.6114028,2.978714,-0.933482,-0.85873187,1.7971829,1.0669655,-3.7152267,0.8017335,0.45550102,0.84643745,2.1530252,-0.4454523
-0.781056,-0.53369534,0.41968188,1.0449481,1.1843688,-0.2388415,0.4481238,1.160348,-0.91657156,-1.6744417,0.75238574,0.6904957,-0.59822077,0.82566583,0.63920534,-2.370857,-0.23844734,-0.18179965,-0.55387104,-1.1145804,2.2757692,-0.08668327,-1.4662011,-0.71650875,0.10390335
1.1544819,0.02626133,-0.4014331,0.25093693,-0.794695,-0.7205573,0.044878483,-0.2792449,0.672602,-2.129005,2.3545525,1.0063739,0.030331478,0.46445346,0.013748355,-0.7279376,-0.7228646,-1.0160329,0.85746557,0.779969,-0.9403527,0.22476667,0.084335744,2.7735605,0.45042467
0.025090382,0.44637793,-0.5468867,0.98438245,-0.8632313,0.44669142,-0.3818491,0.179092,-0.5371561,0.7389288,0.8341265,1.3270863,-0.44871306,1.9334527,-1.2352076,0.05418265,0.2901496,1.5965236,-0.29323772,-0.9744288,-2.7031865,0.093819514,0.20142841,1.4880583,-0.57821584
1.300251,-1.6364675,0.22125445,-0.5485824,0.5510783,1.0167823,-2.1655967,0.43246382,-0.2931346,0.32048532,-0.17117757,-0.5455558,-0.22371462,1.4581479,1.325978,-0.871312,-0.5658538,0.5575466,-0.6001779,0.8877518,0.99896145,0.16766945,0.3031575,-0.19896677,1.1155113
1.5984446,-0.6544642,-0.17235518,-0.96062696,-0.12462214,-1.5565591,-0.038843904,0.072705835,-1.3689893,0.5194921,1.5960426,0.20718962,1.1609511,-0.41277325,0.26804864,0.939265,0.29273134,3.8685553,0.471703,0.39888653,-0.19059193,0.40398282,-1.1648151,-0.8958981,1.5339259
1.7354506,-2.675004,-1.1448941,-0.17674969,0.1541208,0.5666152,0.28685713,1.5360277,0.109401986,-0.77589583,-0.14374764,0.5198327,1.0423841,-0.12049103,-0.31674844,0.6046874,1.6720467,2.3043747,0.3536305,-1.1856477,-1.9725047,-1.1481397,1.706564,1.6073543,-1.7121117
0.73615897,-3.0623956,-0.6736657,1.0479796,0.8253293,0.75216335,-0.35085833,0.32593754,2.0124254,-0.35656747,-1.5099208,-0.78549767,-0.2994464,1.1442345,0.111172795,0.99604046,0.42174146,0.9483603,-0.08951628,-1.1778553,0.31321478,0.23834638,0.6468713,0.8389247,-3.4866784
-1.1012697,-0.8041225,-1.1073655,0.5833806,0.30337715,-0.6840333,0.41548592,0.42837954,-0.27902192,1.640858,0.29349798,0.43878704,-0.1644657,0.97504294,-0.8141407,0.2207959,-0.94861436,1.1629163,0.028021008,-3.7216978,2.9215004,-1.2909193,0.12521851,-0.6553868,-1.3182346
-0.9280226,0.036932945,-0.8181822,0.26994723,0.040894747,-1.7852418,2.3602638,0.74448526,-1.2246503,-0.67857414,-1.679651,-0.07011725,0.8738376,0.1681802,0.34313625,0.19525272,-3.2142558,-0.925432,-3.169237,1.7145166,-1.5819206,-0.00265152,2.2323537,-1.4792209,0.3648109
-0.37677556,0.65868783,1.2211549,-1.4772605,-0.097856745,5.741878,0.60573673,0.07046193,4.8685904,-1.8200276,-0.37106007,0.5483321,-0.62396014,-0.7020178,-1.0991375,0.11179979,-0.043150462,0.97249824,-0.082216024,-0.1590994,0.5248945,-0.513767,-1.0270863,-1.1415634,0.09964369
0.9819924,1.4834362,0.15075779,-0.8875341,-0.4215033,1.1306949,0.23812358,0.07850172,-0.080554165,-0.7117213,0.1339075,0.087666914,0.20713593,-0.16619736,1.1910049,2.31969,-0.27095592,-4.0830235,1.087512,-2.5154543,-0.1567772,-0.3057074,0.85396326,-0.13337177,-0.4372452
3.8032694,-1.2862448,1.2394998,1.1297096,0.7223609,-0.6059927,4.4701014,-0.5998985,-1.3302034,-3.190474,5.605327,4.141802,-0.4479431,-2.6387603,-0.15349364,0.67631996,0.13171287,0.86098427,0.7673418,0.6892239,0.6893549,0.11646185,0.3664867,0.58367074,1.2677817
-0.22448444,2.5074403,-0.27823424,-1.1598061,0.7700827,-1.0253536,0.37207437,0.57325023,-0.11341058,0.6081338,1.0426562,0.1783546,0.1380119,1.3026699,2.5308292,0.5144801,0.30754876,4.4484577,-0.7185078,2.0926352,-0.48011667,0.73741025,0.5605401,-0.5421215,0.46669388
1.3385875,0.013208345,-0.46786934,-2.0383892,-0.31580585,0.98678213,-2.1411288,2.5856085,-1.0339928,1.5556247,0.25692898,0.5046485,2.3468819,-0.08943614,0.52349216,-0.14957537,-0.46898413,0.7124795,1.8101174,-0.080406964,0.825009,-0.6623368,-0.056225866,1.8384345,0.19655502
0.0013568401,0.43068215,0.70323145,1.080745,1.915235,-1.5441494,0.13738614,0.011780836,0.12949777,-0.31156635,0.013620317,-0.5093081,0.31682545,-0.40497345,0.27651316,-1.1839923,0.53685355,1.0315528,-0.063892186,0.52549386,1.2341464,0.02636455,-0.43548247,-0.33499604,-1.2458019
1.7374492,-0.89121544,0.09828283,-0.6310178,0.34833527,0.047219634,-0.037570905,0.94369805,0.9692275,0.27509695,0.6771389,0.26896423,-0.33597088,-0.21565872,0.09003711,0.7744692,0.40417597,-0.2594259,0.8960261,0.2566188,0.40505204,-0.36507174,1.0130736,0.78321874,0.055452745
0.54190034,-0.6527711,0.28309727,0.6983518,-0.2962149,1.0259459,-0.13505338,-0.72946966,-0.599443,1.0282416,-1.4832394,-0.5308834,-0.7396933,0.5926002,-0.8976973,-2.313471,0.2629063,1.792415,0.5203773,-0.44602597,0.3010893,0.89434385,-0.14658001,0.17545927,-0.4874318
-0.19496065,-0.038131356,-0.5470263,0.296717,0.89104056,0.59738123,0.041938603,1.4528,0.6140956,0.047805786,-0.90094507,0.47432646,0.89711714,-1.1115949,-0.7067659,0.38499832,-0.33069965,0.26632258,-1.0303448,-3.6528234,-1.9762655,-0.29775837,-0.77132004,1.1178701,-1.8883958
-0.39648035,2.267581,0.19293742,0.8954916,0.22456214,-2.083315,-0.24865794,0.03934844,0.5219803,-2.0994933,-1.7269003,-2.5497112,0.13489307,1.5383149,-0.6312889,1.4014593,-0.52877855,0.33057398,1.3247426,-1.1887484,-0.2439175,-0.87275606,-1.6832554,-0.6327564,0.6664288
-0.1808263,-0.40267104,-0.36382037,-0.58558726,-1.2085035,-1.089477,-0.40975615,0.21279232,-0.26923883,-0.3902291,-0.8376219,-0.79177916,0.558485,-0.5215509,-0.81159115,0.74409175,0.45308334,-0.60917956,-0.3951118,0.25255144,-0.68957835,-0.40515098,-0.44230208,0.6171733,0.7762923
-0.35471496,-0.8742097,0.10412231,-0.119949244,-0.40890262,-0.08801745,0.372196,-0.098704,-0.33710906,-0.8204271,0.46226376,0.20697029,-0.720118,-0.6317586,-0.04811022,0.35718337,0.40719107,-0.84519035,0.11757171,-0.31362474,-0.5638364,1.116393,1.0747178,-0.12775986,0.34855995
0.25292975,-0.7998426,0.77847505,-0.65010643,-0.82256794,1.2322593,-0.09452246,0.11136055,0.048910245,-1.0413802,-1.4216437,-1.2158009,-1.0232912,0.3761356,0.9430764,0.77105343,-0.54456186,-1.299433,-0.78721464,-0.9438977,-0.32253432,-0.45066,-7.1499214,-1.2586441,0.8418927
0.67744064,-0.74786997,0.549186,-1.3428915,0.01999271,-2.7899003,0.92424256,0.48002002,0.082126856,-0.5113066,1.1956596,-1.1118106,-0.38072795,-2.8085344,0.13297337,1.6954478,1.0988487,-1.2054613,0.4991451,-3.1097806,-0.1733068,-0.10717291,1.439425,-0.62026167,2.011131
-0.17842051,-0.8798419,0.3914696,-1.0083519,-0.48953855,1.6498437,-0.58734137,0.13570687,-0.3882202,-2.0599167,-0.08533015,0.3003928,-0.6748358,-1.7389278,-0.12181753,1.397078,-0.7217981,1.8268105,-0.20965269,0.70269,1.373756,-1.0881634,0.7202908,-0.2744387,0.11616507
-0.3736648,1.7069304,-0.12102829,-0.018107906,-1.4940674,-2.4678643,1.4370852,6.8150663,-0.9522053,1.1785512,0.89394444,0.912748,4.561722,-0.59774435,0.7139262,2.6226087,0.6673446,-1.0047026,0.5944729,-0.3894112,-1.1731269,0.3273549,1.196416,3.3377156,0.019993976
-0.096399866,-1.8200346,0.5798218,0.22085923,0.6123175,1.6102687,-0.43994024,0.26037169,1.8772753,0.021460772,1.5098413,-0.040432036,-1.0806981,-0.31690425,-0.80776584,5.171139,-0.55485445,0.7958318,0.17081758,-1.0094314,0.58181316,-0.2485492,-0.68533003,1.0126152,0.92581666
-0.279387,0.17854014,-0.19566903,-1.3586507,0.16108114,-1.2453177,0.5674424,0.5029284,1.1291785,-2.5349624,0.4179646,-0.47103712,-0.714795,-0.29732478,0.019078512,1.8233776,-0.250164,-0.8720334,1.1367759,2.0984476,0.10653818,-2.425438,-1.6455233,-1.7797182,-0.8624096
-0.44486776,-0.030805528,-1.8261032,0.84973,-2.0026615,-1.3584656,-0.95041,0.7840442,0.5736344,0.9268986,-0.4167053,-2.0054927,0.9363112,-0.129142,-1.4602412,-1.9820914,-3.4935768,-1.2604673,-2.1496038,0.517841,-1.8584538,-0.65728784,-0.091516204,-0.79449636,-3.3148184
-0.15268508,-0.83398277,-0.65304,-0.5582023,-0.26891854,1.9694669,0.3518289,-0.50630486,0.7149869,2.9130826,-0.73324776,0.123356454,-0.24243575,-0.007199973,-0.8768263,1.579199,0.03792186,0.82934153,0.48052084,1.440138,-1.0421283,1.6355779,-0.63251203,0.51226395,-2.2070901
0.16727073,-0.7649531,-0.046957195,0.27837652,-0.7673518,-0.8220958,0.89257646,0.8761873,-0.2560088,1.7936319,0.8600849,-0.14356643,-0.21884713,-1.2332271,0.652205,1.7262397,0.31585217,-2.2953997,-0.58413815,-3.1213596,-1.6194136,-1.8269668,-0.7301906,-0.41267908,0.1860198
-0.52841353,-0.098739,-0.08252788,-0.19608618,0.46082035,-0.40586096,-0.6570561,-0.7122771,0.18835479,-1.390001,0.016757399,0.34009284,-0.92975163,-0.43591076,-0.43738672,-1.3470587,-1.0676384,-0.47523314,-0.8819995,-1.8694651,-0.045871332,0.07500655,-0.638296,-0.89680207,-0.061043557
-0.25124887,-0.18970501,-1.3235991,-0.2525228,0.24564046,0.48827028,-0.8830818,-0.39311624,0.67886096,-1.0432713,-1.1665143,-0.55225563,0.34708917,0.34777877,1.0909686,0.8263835,-0.5127295,-0.7514472,-0.118406035,-0.307302,0.0025800467,0.15837318,-1.7248243,-0.26377353,0.019627789
-0.61236125,0.2768767,-1.005408,0.48731202,-0.92610186,-0.5718782,0.16278532,1.0051104,-0.5852916,0.3852498,-4.4142575,0.3673208,0.02852176,1.1561769,-0.114034556,0.8023891,-0.2708319,0.27753338,-0.6752282,-1.8586893,-0.35529703,-0.6058641,1.4152318,-0.6552667,0.04535155
-0.44739038,-0.8596518,-0.12805338,-0.57035553,0.32206163,-0.66942453,0.2014946,0.42140567,-1.435789,-0.37270993,-0.17603183,-1.4761587,0.39578414,1.0389135,1.0842015,0.45725942,-1.5109708,-0.28879213,-0.526754,-2.4984388,0.8492355,0.4455679,-1.7189838,-0.8575977,0.6588566
-0.25928885,-1.2424484,1.6660311,-0.1266447,0.21933068,-1.5625447,-0.4917737,0.5240372,-0.5227704,-0.8556631,0.5715804,-0.21723774,-0.52604485,-0.32181674,0.6415153,0.23891827,0.3386796,-1.403589,0.22719914,-4.1956515,-2.6289423,0.56261164,0.11052978,-0.65538174,0.035504103
-0.5805738,0.29320467,1.417599,-0.6101159,-0.5476728,-0.74007714,0.81810725,-1.2389642,0.008723546,-10.832527,1.3324771,-0.20508222,-0.67313266,-1.2172407,-0.15237936,-2.7244158,-0.87497187,0.32760596,0.3265606,1.5886574,0.23902488,1.0884439,-0.5985534,-0.49953645,0.8238454
-0.18140385,-4.3952947,-0.37735128,-1.2145808,0.5074238,-4.7077885,-0.805925,-0.44953352,0.45891488,0.9113041,0.4546241,0.36135817,0.5075549,-1.100085,-0.28111783,0.017893195,0.25070357,-0.26180482,-0.25758415,-0.98764896,0.12056363,-0.36146396,-3.9896672,0.5913344,1.8955823
-3.2402575,0.10376257,-0.88252985,-1.7903137,0.8175681,-1.2638597,-0.16867504,0.5259144,-1.0575035,-4.4897823,1.0120959,0.14839798,0.521462,-0.18040836,-2.2282138,-6.3707247,0.6942177,-1.0341989,-0.82757735,0.60304654,-2.4505072,-0.62202525,-4.967885,-0.50377345,2.4994206
0.3923595,-0.1654113,0.4476283,1.0883627,-0.00013974309,0.5880804,0.39897695,0.11924126,0.9304273,-1.4375952,0.5702287,-0.41584933,-0.33579648,-0.3247998,-0.15290013,-0.14578058,0.40502357,-1.7877102,-5.4493866,0.40804964,3.5288749,-0.6104443,-0.22293133,-0.020566687,3.0750933
-1.5217893,0.72277,-0.28718936,-3.8668952,-0.63303536,-2.193555,2.2873602,-0.1711569,0.24752566,-0.7281415,2.3056228,1.7688046,-0.15621084,-0.7746722,0.6198247,-0.68900585,-0.25048852,-0.26944387,-2.18051,-0.95216095,-2.2971187,-5.0519156,-4.948211,-2.8783662,-0.31031427
-8.938095,0.25990713,0.24369356,-1.7738984,-4.786498,-2.6274717,-5.995468,0.18651685,-1.1044222,-2.2987814,-2.5520372,-4.5873632,0.58147764,-1.8724332,-1.3675551,-5.549802,-14.325378,-7.7917047,-5.5199394,0.4051863,-4.008086,-1.7683928,0.1941759,-1.5505472,-20.539734
1.7013456,-0.4011584,1.0079296,-1.9402174,-0.70222265,-2.684463,-0.09944989,-1.330264,-5.7056255,1.2606014,0.45295843,-0.2166776,-0.3325361,-0.8297411,-1.9506685,-0.65099776,-1.3629086,-2.7159438,-1.9908109,-4.701098,-1.8753278,-0.2407248,0.39084923,2.9754927,-0.36687577
0.8367473,0.049955964,-2.0248494,-2.5106735,-0.21224943,-1.11369,0.90358007,-10.684229,-0.69780004,-5.0435867,0.86974865,1.216357,-11.578853,1.2311575,-3.8694153,4.3243675,0.67481,3.2491422,-0.81258804,-0.10609019,-0.09021782,-0.95292413,-0.779116,-19.832912,1.4758141
-0.14755046,-2.433612,-2.4002147,-2.032566,-1.1675708,0.3932521,1.8665376,0.48381704,0.14069009,0.07244471,1.4022894,0.661534,0.7894834,-11.121343,-0.39476526,1.040465,1.1525794,-0.99539185,3.8821821,-0.16703993,-3.8795185,-18.264477,0.7085959,1.1558379,0.0805285
-11.457373,-0.81991494,-4.1257844,2.3053463,-1.6894052,2.1525078,-6.3795815,0.7748893,1.3081563,-0.30769402,-2.4460025,-6.76781,0.7342116,1.386395,0.6424654,-3.64656,-2.2409544,-2.3799841,1.236005,0.2556382,1.945427,0.3184387,-0.5703192,-0.054795384,4.4459615
1.1955004,-0.054677725,-0.20149599,0.34890628,-1.278894,-3.0836413,3.290468,0.7614228,-2.3052566,1.433845,1.6549715,2.3669403,0.59046596,-2.5741148,-0.62207776,4.145346,-1.3973334,-7.9625435,0.021362998,-4.7834024,-1.3570656,-1.6916007,0.046923373,-0.91281605,-0.2506433
3.180935,1.0938454,-1.1866572,-0.033793587,1.3067853,-0.004377991,1.4120913,-1.24124,0.68888116,-3.1178885,0.91256166,2.649591,-0.38871202,-1.3127668,-0.8878491,0.18878601,-0.46921593,3.4174788,0.23840304,-1.4684277,-1.3976928,0.27357796,0.45411822,1.6771564,1.3116791
-0.49379885,-2.3264606,-4.0136743,-0.20060736,0.23896489,0.2631923,0.67913055,-1.433619,-0.020650804,-2.820797,1.2910746,1.0125781,-0.02821657,-0.57596517,0.6346965,1.5757982,-0.2252905,1.8273268,0.38979703,0.7358941,-1.4560117,0.1751158,1.2003578,-0.6858319,-0.12412967
2.6151805,-3.706534,-1.7642834,0.07090387,0.91813356,-1.1236174,0.25908318,4.8327036,-0.06815114,-0.1744628,0.8560083,0.90876395,5.2355957,0.31257248,1.5960811,-0.3718924,1.0729333,2.8040195,-0.30633983,2.6834464,3.1452487,0.14442097,1.3927345,3.052422,0.6788635
0.51193464,-0.3671466,0.357624,-3.1937695,2.3432577,1.8589956,0.9668346,-0.07844627,0.85312235,1.4706056,1.5450691,0.77453524,0.34464726,1.6451507,-0.39429742,2.337046,0.26868165,3.7234244,2.0801492,-3.2189252,3.7269075,3.0905204,-3.8684363,1.3393053,-0.34324402
0.78473854,-0.4460827,1.0268853,1.4687027,1.4013895,-3.0397732,1.2539719,-0.21723509,-0.18676805,-2.1114721,1.9143472,1.7358127,-2.094129,-0.16948771,0.8935426,1.1631409,-0.614846,-2.3471699,-0.5882421,-1.9133209,0.31800103,1.3034292,-0.7954388,0.9047226,-2.8353906
2.6640184,0.48539618,-1.5619205,0.92797947,-0.7482412,-1.3110788,1.4102647,0.5417031,-0.29230115,-1.8156191,1.6929555,2.8732295,-0.43447214,1.500101,-1.4457176,3.1646774,-0.45012754,1.0457195,-1.2795806,-0.4352749,1.1240773,-0.26652408,1.3164437,-0.13620289,0.40694866
0.75311935,1.8554425,0.40966985,-0.5832654,-0.45252046,-1.2209476,-1.2715039,0.3477354,-1.0426238,-0.74959564,0.99176055,0.46124214,0.86564523,0.115615755,1.0814255,-0.24117362,-1.1428084,1.5367141,-1.026559,-0.4969473,-0.39618593,-3.4330611,0.91640365,-1.3908926,0.23183118
0.37634522,-0.5347853,-1.004527,-1.9334234,-1.1842172,0.33713713,1.2545621,-0.6194029,-0.74399436,-0.16177958,-0.14576645,-0.3610547,-0.9372652,0.054724112,-0.6617149,-3.32807,0.4573659,-1.0954785,0.061565034,-0.49134374,1.2400352,-1.1687175,0.4085023,0.58853275,3.4388044
-0.60266596,-2.0855978,-0.15886116,-0.47393775,-0.6114,1.0012085,0.43755233,0.5999902,0.34159762,-0.49250466,-0.95376754,1.7941922,0.17586702,0.8617543,0.003108114,1.089241,0.91898936,-0.16484985,-0.55998486,0.44741073,1.4978497,0.4558612,-0.9084183,0.22780155,1.1100684
-0.34308174,2.5786147,-0.109083146,-1.5566568,0.32400495,0.8154513,1.158246,0.5311109,1.7241883,-2.4056015,-1.0141172,0.5813948,-0.25649953,0.23335578,2.2498593,1.2966471,0.36438024,-0.5536137,-0.4803218,-1.4087924,1.1543844,-2.0317245,-0.7742827,0.10831505,0.6853658
-1.6781011,1.0621079,-0.7437935,-0.53571045,-2.5653791,0.29216325,-0.7123327,0.7357775,1.2848419,-0.40295035,-3.498241,-1.8717761,1.4557914,0.6833899,-2.1228924,1.5848799,-2.2457323,-4.1880407,-0.7223413,-2.9550939,0.20012832,1.3662199,-1.4382248,0.004540853,-2.9628437
5.169607,1.1235504,1.4011191,-0.18885146,-1.0041481,-0.58648854,6.1073465,-1.8461497,-2.5950532,-2.605216,6.738645,6.9407516,-1.0179421,0.9796873,-1.22653,-0.07325432,-0.76992553,-0.85226005,0.06708944,-2.4057083,2.8523374,1.1895622,-0.14421508,-1.7153368,2.4040294
-0.13796425,1.1118882,-0.66451263,-2.9892607,-1.1689649,-0.78502125,0.17852077,0.11354704,-1.4203603,-0.88672805,1.4464011,-0.8007789,0.2961019,-1.1628945,1.6928092,0.12592107,0.99342394,-1.3621228,2.7238727,-0.32063854,-1.2531713,0.080773875,1.5283432,0.5558376,0.25336364
-1.2473876,-1.1053506,-0.71261156,1.3128821,-0.7165589,2.5473032,1.7421837,-0.16304967,0.4354709,-2.5434294,0.35388333,0.41254625,-0.77896243,-0.25406465,-1.8791994,-0.97999007,-1.5574508,-0.8032912,0.81239533,-0.7967464,-0.46766275,-0.86006427,1.882513,-1.0257938,-0.9534454
-0.37587392,0.68820786,-0.68378377,1.0464933,-0.7175844,1.2318163,-0.261723,0.24363673,-1.9444602,-0.71637714,-0.016734421,0.37974077,0.21761622,-0.67592937,0.020854384,4.2759933,-1.1977077,-4.3416004,0.3343095,-1.6048408,0.089185685,0.36960968,3.9723742,-0.15922803,-1.3694768
5.2945266,-0.6943672,1.4487553,0.16483656,-0.93853974,8.8584385,6.263472,-2.696322,-0.2720765,0.8688713,7.735314,5.8469653,-0.52710617,2.2441077,-0.030621707,-0.77950144,-0.4690287,-1.1357913,0.65687114,-0.6552844,-0.015363306,0.72676295,2.077863,-0.28956485,-0.30183667
-1.0081363,0.063304335,-3.2084122,0.3657548,-0.035429537,-0.28058186,0.59800446,0.05109735,-1.2999641,1.0270295,1.2568598,0.41437495,-0.9465906,-0.28045857,2.3476923,-0.95319694,0.25211692,-0.41200578,2.0789008,-2.4230123,2.405544,1.7256386,0.00047203898,-0.3099531,1.0979745
-0.12093252,-0.34584692,-0.6879473,-0.37128216,1.00572,0.6633402,-0.24321046,0.46993616,-0.4266091,-1.318443,-1.5648903,-0.82426697,1.6394296,-3.57242,0.62862563,-0.39377832,-0.034440994,-2.7438846,-1.0589931,2.7951415,-0.5583939,-1.6746558,0.15506199,0.84310496,-0.12805715
-0.38327536,-1.6789594,-2.0096562,-0.27244943,-1.4900084,0.37884152,0.1684785,-14.405857,-0.6744021,-0.09400487,-1.0067234,-1.0716717,-11.120699,-0.40340176,0.33108488,-0.5018685,-0.080226034,-2.1474104,-0.4098566,-4.387067,0.45917147,-0.29813102,-1.4009224,-17.62917,0.8547533
-0.63873893,-1.4144148,-3.950507,-2.6559887,-0.098434806,-0.16334045,1.1627699,1.2664784,-1.05738,-9.608953,0.7576171,0.14316282,-0.16707905,-7.4072795,0.6455661,-1.2506694,0.7209407,0.29467908,4.289756,-1.9177893,0.32579923,0.17868865,-1.5981103,-1.2300639,0.9603946
0.2546589,-0.078619,0.49584162,0.17439383,1.2388633,-1.0873682,-0.0816904,0.04826738,0.6113773,-1.1341147,-0.04142283,-0.5666084,0.49892852,-2.2856054,-0.03148286,0.14338446,0.89247817,1.3106197,1.462741,-0.762349,0.4964847,0.15749109,-3.3353682,1.0505416,-1.4075296
1.4317837,0.34337303,1.0749803,0.26370838,-0.22104469,-0.9296502,-1.2089405,-4.416955,-0.10375157,-1.1998025,-0.008116424,0.04201722,-1.2432034,0.13162431,-1.805588,-0.3780692,-0.57941496,1.4821085,0.36831674,0.68461156,-2.5882285,-0.10057069,-2.2255318,0.85574543,1.4345815
0.26527175,-4.6752133,-5.871489,0.32565784,-1.014374,-1.9913138,-0.18277444,0.6444318,-1.5441387,0.4755875,-1.1932523,-1.229486,0.257227,-0.35233945,-0.17256433,-1.971767,-3.713841,1.715336,-1.52865,-2.4205139,3.0680597,-1.4916375,1.0245874,-1.4155221,-0.7750948
1.024133,0.61035657,0.06699302,-0.2897557,-0.30127627,0.9214179,1.3635844,0.9683289,-1.320838,-1.0794631,1.5067255,0.1977374,0.34330183,-0.8069253,-1.0941678,-0.62207544,-0.8815199,-0.87528753,0.3151578,-0.41961527,-2.7343514,-0.14822549,-0.98613834,-0.5034761,0.42949867
0.53353024,1.3065225,2.4298568,0.36612707,0.3143316,-0.8131761,0.5197361,-0.47404963,0.104076765,-0.6503969,1.0280592,0.35585433,0.5375027,-0.31280598,0.13089061,-0.24116468,-0.19483009,-3.972872,-0.007946551,0.37712854,0.7509285,-0.92631316,1.2868991,-0.39150017,-1.583432
3.9308372,-0.8692801,1.3791301,-0.5250367,-0.3371787,2.9744864,3.2275527,-0.9604789,-0.13833778,-1.7070165,4.3180585,5.1332273,-0.051214278,-1.3512778,-0.15373312,-0.07345042,-0.8259912,0.035434663,-0.28539383,-0.3288534,-0.42234135,0.19155958,-2.6539488,-0.40870216,1.566146
-1.6036471,2.290612,-1.4216912,-0.46501195,-1.4285636,-3.0029197,-0.4764734,-2.54164,-1.3176888,-1.5302163,0.8377382,0.52240384,-2.2863703,-1.7303228,2.0732703,1.5774221,-0.18188736,0.12664706,0.0072275475,1.6880399,-1.2729076,-1.185216,-2.1666589,-0.4540547,0.44741386
1.0080814,-1.9339268,-0.56702805,-0.040965207,-0.89213115,0.10413897,-0.49098304,0.100629345,0.44876108,-0.34228873,-0.80015874,0.8814757,0.21504307,0.4938007,-1.2389358,0.88372326,0.7633674,-0.67176515,0.13897645,1.013697,2.685855,1.2636366,-0.32797456,-0.087314844,0.2821476
-0.47840828,1.3015263,-0.91355205,0.8370072,-0.67289567,1.1961503,-0.008709431,-1.4203993,0.042166114,0.09288326,0.31034514,0.004493892,-0.31146738,-0.31718868,0.80911875,0.72634184,-0.43696827,0.40378565,-0.4191211,-1.7179177,-0.15378076,1.1281044,-0.5729763,0.48589736,-0.6039376
-0.048203032,-1.1384736,-2.6343446,1.6451267,0.52735394,-2.4243782,-0.47990724,0.27225924,-2.5826402,0.16005117,1.0655229,0.9739707,0.03498657,0.98515236,1.3402463,-0.95992845,0.7213567,-0.0510521,0.19243291,0.16466264,-0.14197052,0.5758688,0.8886241,-0.5831198,2.2833767
0.5222091,-1.8681806,-2.800722,-0.6063659,0.38418025,0.13716125,-0.41116375,0.099492714,-1.8141956,-1.832792,-0.39588737,0.3440277,-0.38874048,-4.572366,-1.0654795,3.8868513,-0.84706885,1.3918315,-0.86519325,-1.1283329,-0.1632611,-1.0314668,-1.0526237,0.1411125,-0.9054012
0.27130848,-0.39809886,-0.45055246,0.19441026,-1.5770632,-2.1830454,-0.6178142,-0.19551279,-0.6472229,-2.1499343,-1.5442058,0.1385212,-0.18109927,-1.6815143,-0.15085231,0.02009733,-0.6329801,0.28566515,-0.6675744,-0.032064915,-3.0340657,1.7685103,0.18228425,-0.66547555,0.6639274
-0.26110756,-2.5885456,-0.04687786,-0.40371138,-0.7481416,-1.6180588,-0.016622841,0.68778443,-0.5097032,-1.2629673,0.2616503,0.71283233,0.0032577813,-0.6486199,-0.89909995,-2.0495195,0.42383334,1.2632912,-0.57343256,-3.2949617,-0.6670549,1.4658076,0.24611123,-0.48864162,1.8544822
0.5948659,0.26312247,-0.5779605,-0.9915945,-0.6315257,0.2852882,0.8242928,-0.4301562,-0.96354836,-1.1300945,-1.7459371,-1.9851872,0.88304573,-1.1092844,-0.008855611,0.59631836,-1.0209208,-0.46604007,-0.12887746,-0.10151222,0.4050154,1.5362487,-0.1454774,-0.50916314,0.6813057
0.009625785,-2.3013282,-0.037748635,-0.5534698,-0.5015137,0.28790188,-1.2239294,0.030368425,-0.40035352,-0.1965329,0.19803877,-0.9523,0.57216334,0.60095805,0.29197985,0.21230593,0.19441569,-1.5138711,-1.0057106,-4.66115,-1.2966053,0.72676295,-0.93068546,-0.07885328,-1.2441915
0.19722557,-1.2462599,0.49834383,1.1210636,0.44543517,0.9748152,-0.5795485,0.26575252,-0.43995732,-1.8948447,0.36513686,0.44579414,-0.027765073,-0.74764985,0.87882245,0.8246398,-0.6552184,3.256696,0.73627096,0.60685694,3.5497665,0.13381866,-0.7706579,0.7984236,1.8344748
0.49403167,-1.9624628,0.9745214,-0.7266283,-0.47206128,-2.240522,0.34989142,0.2549593,-1.3290378,1.1895083,3.1860995,1.0045565,-0.49410513,0.41697013,0.6658896,0.5781609,1.0723109,1.8534285,-0.6199221,-0.88025165,-0.44756833,-0.23922457,-0.6499161,0.819828,-0.46852905
0.6391172,0.47067383,0.8452059,0.32626775,1.253543,-0.08033085,0.56048614,4.6740484,-0.59756494,-0.5604602,0.27250952,0.516369,4.176996,0.080171406,-1.4954191,-1.3072456,-0.6415261,0.05769962,2.0827348,0.8139719,-2.138409,0.13068217,-0.43192345,3.2169213,-0.44776112
-0.09682314,-0.22875859,1.3207445,2.328023,2.2740872,-0.8246871,-0.4265806,0.24502757,-0.52800167,1.100509,0.7457441,0.74710214,-0.48884833,1.4133631,-0.26853058,-0.059823543,1.1903042,0.10672784,2.8405433,-0.064712286,1.0142026,0.36970392,0.23232463,-0.091312654,0.2607328
0.529254,-0.11875278,0.55713105,-0.119305,0.38699296,1.0092732,0.9074539,0.7744586,0.9785576,-0.14223996,-0.2572798,0.86607367,-0.25102553,1.0401982,-0.36920288,-0.49154484,-0.40192902,1.0979702,-0.08101804,0.2290631,-2.1950245,0.56861675,1.1976278,2.1449761,-2.3791745
-0.6937001,0.38918024,1.0171876,1.3462932,-0.09622531,0.1806641,0.20848808,-0.20374495,0.10076916,1.7521768,0.07760239,0.032138705,0.9229454,1.991986,-1.2510662,-0.031229705,-0.13931301,0.32609123,0.75247955,0.95653164,-0.7175598,-0.254751,0.9011893,-0.075550735,0.8987801
-0.35087752,0.06950542,1.5711945,0.95866036,-0.84972584,-0.18946424,0.36568263,1.0290492,-0.43047297,-0.44231477,-0.38099074,-0.71933067,-0.58886355,-0.85144603,1.5623367,-0.012804698,-1.3933623,0.75953335,2.1570559,1.3869784,3.1375208,-0.011751786,-0.32400548,-0.4500189,0.9026042
-0.24527276,0.6072937,1.5341599,-0.2755673,0.055552304,-1.5433669,0.61998963,0.47258753,-0.22379285,0.8209647,0.81968284,0.43845978,0.13662677,-0.33965147,1.1475087,0.17726445,-1.8057569,0.41638732,0.33469963,1.2694143,-0.4892243,0.10920626,0.5159057,-0.86853427,2.3234835
1.6898553,1.8688407,1.480109,-0.62252975,0.034130923,0.42189932,1.3279793,0.53189754,0.9458248,-3.4028955,0.44657552,0.07950061,0.93048215,-1.9904971,-1.3667649,0.12028996,0.43353918,0.30855078,1.081293,2.0632508,-0.105797306,-2.1120255,0.82757825,-0.8136562,3.6354208
-0.6777781,0.40676257,-0.73341167,-0.42552736,-0.31624246,-0.49549738,1.4204112,-0.47662473,0.13168363,-0.4312219,1.4570867,-0.45947057,-1.1119776,-0.57301164,-0.86889404,-2.624203,-0.8352466,-2.848403,0.8970556,-1.0495296,0.4819849,0.5824423,-0.6139623,-0.65292895,0.2937611
2.3978734,-0.1915195,0.08051574,1.5116334,-0.18088734,-0.22901917,1.9576682,-10.40226,0.17517394,-1.38698,3.0425391,2.3878386,-11.47006,-1.2794315,0.45067275,-0.85498697,-0.9284679,0.5544853,0.5870832,0.072555736,-2.5896008,0.64809144,-0.020317495,-17.84255,-0.43764442
0.607619,-1.5731251,-2.7782445,0.37424496,-2.1587734,0.70523924,-0.62700367,-0.64319205,0.4374658,-0.21098112,-1.2564058,-0.6875162,-0.4604018,-6.60381,-2.5356147,0.46856278,0.064739995,2.1509957,5.630888,-1.7354952,-0.49472716,-1.0139642,-0.16439965,0.047232155,0.67612803
1.3182697,-0.35424623,-0.42943555,-1.3660561,0.97508216,0.9851177,-0.20851019,0.66175854,-0.44883978,-2.0081933,-0.5513916,1.3165271,0.66987115,-1.0678935,0.21539481,0.9803964,-0.15319553,1.4561782,1.2549554,-2.307065,1.5255293,1.1998748,-1.2962179,-0.5444125,-0.010588527
-0.053569734,1.124643,-0.5728204,0.6218692,-0.5480117,0.08933288,0.35738543,0.5836455,-0.43373933,-1.8326944,0.014976561,-0.8617228,-0.108893454,0.23518871,2.0790658,-2.5013883,-0.5539821,0.7544239,-0.10897176,2.1055572,-2.090448,1.3815086,-1.2253063,-0.38603613,-0.3192795
-0.58125174,-1.1607435,0.5694824,-0.35697076,0.087583065,0.09127164,-1.6077316,-0.51472753,-0.32688242,1.2354088,0.18289661,0.2757184,-0.40651307,1.1364923,0.011841714,0.82937413,0.77876735,0.34824646,0.042381585,0.76877505,3.3800101,0.22823885,-0.64829326,-0.75907534,0.66841614
-0.8690231,0.8209421,2.4389381,0.68376374,0.13306686,0.57690823,1.9322004,-4.0347595,0.6269166,0.20242551,2.6483178,1.9285598,-0.80410177,-2.5022678,1.7890983,-0.19101855,-0.49751773,-0.38248658,-0.11065592,0.008445993,0.522163,1.524872,0.3988294,-0.019408673,0.28744745
0.33496267,0.09163332,-1.7987192,-0.81350845,-1.7849398,-0.4865393,-0.0015037954,-0.3123473,0.21327522,0.19047421,1.8982782,0.3185808,0.45948315,-1.1777735,0.244682,0.92626595,1.6323677,0.94506145,0.54489917,0.6872951,2.8019445,-1.2821653,-2.2254171,0.2694442,0.19495726
0.7387748,-0.40532595,0.4710694,-1.830701,-0.28614044,1.2448895,-0.3013478,0.91375816,-0.80657583,-0.18726692,-0.6782792,0.1830872,-1.0891758,-0.41595972,1.1561027,-2.3110518,-0.22779883,1.0885787,0.6631484,1.0609949,-1.2514949,0.29956686,-1.6559966,0.15446295,-0.92910576
0.2308133,1.9439418,-0.23738447,0.4910119,-1.2820377,-0.25818944,1.0672028,0.37212574,-0.5556788,-0.118670166,0.27807385,1.2576045,0.253005,0.3712095,2.0298564,0.87142485,0.14912683,-1.2887791,-0.11868757,-1.1456043,0.85996604,-0.1111694,-0.6560397,-0.32581133,-0.48648533
0.004777111,1.413444,-0.3182101,-0.5158617,1.1623362,0.29794553,0.164257,0.104582794,-3.1306858,0.48952326,-3.5157056,-0.30586153,-0.20066094,0.4823323,0.7138722,-0.6097548,-0.8489666,2.3460808,0.7200348,-0.13895747,0.46549088,1.9254107,0.15974653,0.31146982,-1.083134
0.12687072,0.104377,-0.12349105,-0.1990102,-1.3134167,-2.4709165,-0.5305048,0.46782768,-0.5199741,0.6356398,-0.57102686,0.22915593,-0.24433887,-0.40510035,0.36440498,-1.7371334,1.4807249,0.033226684,-1.0559477,-7.268021,-1.0425845,-1.1289581,0.8793358,-2.7288768,-1.1477385
0.44221744,-0.48022884,0.0057070926,0.2054103,-0.44560406,0.48706508,-0.87034965,0.61412275,1.2864277,-3.4769113,0.07133263,0.4124317,1.1933607,0.04315722,-0.8295591,0.60903835,0.13743621,1.6600258,0.7466115,-2.1005623,-0.019749582,0.58154017,-0.70430654,0.87886286,0.05392754
1.387016,-0.4720965,-0.5622772,1.2198493,-0.04752907,2.004574,-0.31437862,0.3034439,0.73028857,-1.4603432,-1.2861353,-0.593553,-0.113006815,1.0562181,-0.68499756,-0.11988935,0.17784955,0.75533414,-1.5658803,0.0786811,0.31310362,0.2540065,1.0625274,0.18052372,-1.9186976
1.0000182,1.0509169,1.0191388,-0.45438844,-0.7958388,-0.71218306,-0.7641709,0.23097509,0.33660406,1.7958323,0.29838222,0.17471771,0.7007829,0.0018428564,1.8281492,2.2402842,-0.4562695,-1.1933256,-0.4463666,-2.545353,1.0859984,3.1816392,-3.4629223,0.31043392,1.101573
1.6881049,-0.11122131,1.5194207,-1.2780542,0.99685436,-3.267199,2.4677951,-0.028082982,0.08313653,-1.4630445,1.9716952,1.710935,-4.0226436,-0.2694375,-1.3744723,-0.88182676,0.772938,0.7467729,1.248301,-1.2158496,0.31805408,-0.5978436,-0.69873863,0.8618685,1.9857678
-1.340719,0.19610864,0.7277215,-0.45503232,-1.4364973,0.73741287,-0.7750217,0.4743317,0.49199617,-5.779126,-1.3172567,-0.80618083,-0.65070575,-0.73925096,-1.47268,-3.8408344,0.25001943,2.2929072,-1.329624,-3.6581573,0.042271778,0.1193294,0.35304517,0.8742918,-0.42221475
0.066822976,0.23148078,0.4148504,-2.2070868,-0.26888424,0.43426818,0.12867075,1.0364506,-0.5166751,-0.68184876,-0.34477437,0.7759863,-0.3028684,0.6348285,0.037725985,-0.9457146,0.58256674,-0.66466147,-0.34385085,-0.9251649,1.4302996,1.0292324,1.4752791,0.7012481,2.2969675
-0.57639396,2.5725763,1.931262,-0.671508,-0.4185914,-1.1605102,1.2391857,-0.4270386,0.13308185,-4.4812083,-1.0456593,-0.3014251,-0.34247085,0.07751113,0.9197335,-1.9375044,0.25195444,0.2559332,0.31602377,2.6330523,-2.8168752,-0.514941,1.676415,0.12923083,0.3384412
-0.22761804,-1.8251332,1.1181831,-0.12033036,0.38400573,-0.9121047,0.82486933,-0.7459474,-0.5542992,1.9931909,1.2301798,-0.22918123,-0.7673475,-0.5649871,0.6101536,0.63386977,0.42151845,0.6136098,-2.8652403,1.8972008,1.2620757,0.9620255,-0.5131608,0.41854453,-3.9799871
0.44866753,-0.07697247,-0.48281184,-0.28870788,0.09737843,-2.4934106,-0.27466798,0.5065104,-0.03831917,0.0008723736,1.5485024,0.15982533,-0.14959759,0.8418592,-0.60230887,-2.3709102,1.7134494,-1.6697798,0.8552699,-0.31417102,1.3438803,-0.6601975,0.9767033,0.504917,1.9810686
-0.670813,-0.24482656,1.0027447,0.14943874,-0.17282113,3.7740788,-0.4165441,2.8737845,0.65062845,-1.451256,0.68556607,0.9124506,-0.13955864,0.7697549,-1.7677438,2.587043,0.2346456,1.8331989,-2.3903549,-0.4374523,-1.8441224,1.3075325,1.3182738,1.6670992,-1.1613256
0.1911824,-1.1092621,-0.705197,-1.6107689,0.14386071,0.9648834,0.50447214,6.1364717,1.0042077,0.85417,-0.72015834,-1.2354186,4.0801663,-0.10899842,0.38685787,-0.45634562,-0.96872044,-1.7759261,2.8522372,-0.28227842,0.79642546,-0.70961213,0.6123138,0.8956208,0.21144727
-1.4096403,-0.8831658,-0.65454656,1.7069486,0.388753,2.242491,0.64840686,-0.5148227,-0.20964436,1.1916623,-0.8548144,-0.2610153,-1.3400158,0.20244113,-0.9851136,0.22044766,-2.7020493,-0.20247477,0.7325906,-1.4417895,0.80817974,1.8852166,-0.7491368,-2.799968,-3.0522978
0.25050148,-0.49658388,-0.16532913,0.5236014,-0.58492666,-1.7218884,0.9143964,-0.3949558,0.8451748,-2.7060935,1.544812,-0.5884206,-0.4209761,0.083569884,0.49395645,0.434008,-0.37763202,-3.300957,-0.65051836,-2.3612275,-2.4815414,-1.123892,-0.7283932,2.18234,-0.93539876
1.5134901,-1.2796376,0.33506915,-0.8700875,-1.7833345,0.22877243,0.811631,-2.2987776,-0.7213968,-1.7108841,-1.3603141,1.0096154,-2.4709706,1.8080499,-0.39693183,-0.23948187,0.067207634,0.7057122,-1.0969738,2.221128,0.4661175,-0.66390973,0.814067,-1.1510301,-0.97775066
-0.54541373,-1.3995694,-3.7250257,-0.77141863,-2.4848175,1.2327213,-0.64888346,0.6128756,0.20388027,1.5611846,-1.5902874,-1.9180611,0.5110592,-0.7758374,3.6225672,0.15719505,-0.80874354,0.97505426,-3.4108992,-1.4142963,2.645794,-0.030948162,-0.49674,-0.52235526,-0.38762882
0.14053473,-1.937213,-1.1289618,-2.0658593,0.6186493,-0.91934204,0.08286312,1.0315955,-0.14035422,0.21525435,1.5247976,0.52726704,0.5480332,-0.4065415,1.5134264,-3.2243273,0.24122556,-1.290411,1.1532048,-4.6915727,1.0855459,-0.3848629,-1.9867826,0.46953994,-0.93270403
0.2309486,0.90403885,0.92083836,0.8012297,0.3707667,0.7868352,0.23118103,0.042495746,0.33482537,-3.0989866,-0.22810322,-0.08969355,0.24992381,-1.4001155,-2.311655,-1.6606967,0.23700128,-0.4090303,-0.017084897,-0.73824203,-3.347786,-0.61187273,0.87112284,1.0501046,-1.4560083
-0.6969379,-1.644304,-0.81560445,-0.6427457,-0.4526681,1.4859383,0.020388186,1.6807889,1.1827766,-0.09319258,0.8172952,0.12633382,0.42566156,-0.3974058,0.97315687,0.5310449,-0.43343148,-0.78855336,-0.43395364,-1.7722452,3.3773894,-0.5006803,-0.8932085,-0.3797719,-0.99277794
-0.6777921,-0.15351528,1.7516394,-0.6607761,0.01086241,0.48225573,1.7833403,0.49820378,-0.19395334,-1.2653514,1.8747181,1.3103147,-0.08459722,-1.3130186,0.6522534,1.2006112,1.5933892,-1.3348972,2.9779847,-0.5922355,1.8725746,-0.7670282,0.9939357,-1.5475812,1.7252958
0.102694996,0.54178184,2.7809744,0.75487244,-0.26095617,0.561029,2.1177323,0.10184252,0.9811634,-4.2618556,3.4756005,0.1561132,-0.5292451,-1.4939234,1.7518535,0.27178475,-1.0780236,0.33623844,0.3182645,1.8113798,-0.8039943,-0.088348165,0.48500124,-0.9093803,0.0651149
-0.30621767,-0.53302366,1.311585,-0.07620317,0.6653895,0.31257188,0.06295423,0.29938215,1.0607586,0.3059557,0.7906179,0.310799,0.57808626,-0.49845707,-0.098667145,0.8246236,0.74649435,-0.8437682,-0.8546933,3.5856783,0.8601864,0.9283751,-1.2867153,-1.4575431,1.0522758
1.2279332,-1.0056713,1.4199326,-3.2770166,1.6872933,0.08159876,-0.1941108,0.2894096,0.5409428,-0.20321816,1.7562242,-0.4833973,-0.34284648,-0.36452585,-0.5390028,0.9940523,-0.253119,-0.51006997,0.2490441,1.7592553,2.168285,-1.0641204,-1.9118996,-1.1518869,-1.1351421
-0.23270728,-0.0626007,0.08208439,0.44874865,0.039342865,1.0270613,0.95062655,-0.44928998,0.09277445,1.3164802,3.4880471,0.14801711,-0.95082086,-2.9082294,-0.47753537,-1.2658043,0.1541481,2.0951965,1.1076545,-0.03339207,1.6895155,-0.2878136,0.20495582,-1.1844622,-0.28402162
0.6039889,-0.62007403,-0.7350739,0.18871666,0.06009598,0.32250914,-0.0499506,-1.3343179,2.2909923,-0.3592213,0.2837528,0.49624732,1.4631914,-1.1394675,0.65859926,1.3351521,0.47962514,-2.6892095,-1.0522666,1.0537987,0.9302651,0.32558605,-0.934297,-2.546944,-0.7163872
1.7539868,-0.47061586,-0.64603,-0.30709037,-0.95237595,0.70829105,1.9003104,-0.16593678,0.2337605,-0.21074124,2.350787,3.2796605,-1.0655035,-2.0227323,-1.5125914,0.72403336,-0.42886233,1.0719002,0.5419049,-0.77609444,-1.039511,1.2898169,0.31471792,2.254143,2.6621892
1.5556769,0.672267,-0.80423963,0.53813225,-0.43081307,-0.87365174,0.7459297,-1.4760755,-0.511283,-4.8694863,-0.21136934,-0.28997838,1.1058925,-0.43920344,0.43429446,2.299623,-0.6993014,0.6038858,-0.46458876,0.5776409,-2.403008,0.26686618,0.4227598,2.0681257,-0.5485324
-0.05602908,-2.8938067,-0.98845434,0.05004233,-0.4975003,-0.7083855,0.5928337,0.11147249,0.25364608,0.9061532,-0.61383307,0.9756602,0.17346564,0.39071602,1.0288597,0.029199153,-0.24006116,2.241201,-0.53220356,-2.3646312,-0.790683,0.56621355,0.55471766,-1.8888271,-0.48963746
-0.15957344,0.954762,-0.24255991,-0.085407436,1.3921446,-0.8443867,0.8453239,0.5604668,0.10226753,-0.7511679,-1.1439085,0.028356314,-0.58631635,-2.489577,-0.62221515,-0.93077207,0.10507033,0.56891364,0.32733226,-0.9206356,4.5615077,0.25227967,0.34793544,-1.3351866,-0.6036258
-0.010238011,-0.6858462,1.3787221,0.5745253,-0.06757823,1.4917866,2.1946826,0.04667397,0.04114911,-1.2777926,3.4632936,3.2411838,-0.3861671,0.8908777,0.5783423,-0.5802799,-0.08058958,-1.0035093,1.411479,0.4127295,1.8618737,1.4472452,0.10033621,-0.2610753,0.23373613
0.16772673,1.1071168,-0.31231418,0.3276084,-0.50739837,0.72358155,0.025015682,-0.20891225,0.42513588,-0.7450947,2.811312,0.61376053,0.18080023,-0.6816825,1.496901,-0.0015930235,-1.318496,-0.6924882,0.27263448,2.5168839,0.36096522,-0.7738818,-0.81397116,-2.0011802,-1.4413514
0.34529108,-0.40620318,-0.5885216,-0.0679847,0.6117351,-1.2123867,1.1025211,0.5170377,-0.72589743,2.2016368,0.73369664,0.7995428,-0.9020824,-1.4759569,1.1927297,-0.37934923,0.92956406,0.42058566,0.9293044,0.7415502,1.6265098,0.49421424,-0.987974,0.2688117,0.2708757
-0.8161907,0.5735309,-0.30947736,1.052972,0.6155087,0.75653243,-0.2044771,1.2956038,1.41477,1.4339249,0.9584532,0.11901904,-0.25517368,1.0422176,-0.7542239,1.6765343,0.89484304,0.8561325,0.1816832,-0.3117063,0.04220751,-0.33736452,-1.2599105,-0.42510557,-1.4209886
0.70000035,0.74903953,-0.21563324,0.24420583,0.40184242,0.8812895,-0.3058884,-0.9908277,1.3506017,1.4505795,-1.4928937,-0.5421686,-0.25150922,0.20375279,-0.72584045,0.53750694,-0.3018456,0.8303311,0.80119145,0.2979582,0.859171,0.25568557,-1.3534148,1.4476533,0.047866315
0.103853226,0.4271686,-1.2436682,0.6242875,0.4868734,-0.8657467,1.8720481,1.0847268,-0.49707153,-0.8425077,1.064852,-0.20622417,0.015949696,-0.5172562,-0.37915683,-0.2003564,-1.5460631,0.54132867,-1.1882095,-3.1561508,-0.7397864,1.0730877,-0.704263,0.60739183,-0.812966
1.3382114,0.1702829,-0.45181644,-1.5043156,0.05273152,-0.45584154,0.39446935,-1.6433595,-1.8120713,-4.291244,-0.4078036,0.0744669,-0.556551,0.61241174,-0.2745499,-0.2520246,0.21650636,0.96863854,1.9554001,0.121810436,1.4110596,0.7171955,-1.3436651,0.22943234,-1.4429905
0.49605674,-0.62837857,-1.511606,0.97497576,0.27992105,0.75820285,0.547183,0.7236366,0.17406608,-1.1850235,-0.9797195,-0.12743351,1.4983261,1.3129406,-0.20510113,-0.44966033,0.14334124,2.7782404,3.6835332,0.82022697,0.39587748,0.65138024,-1.4491354,-0.71356094,2.5196855
0.9414169,0.27736133,0.12861705,1.0618348,0.49441922,-0.47106892,-0.8128332,0.6526047,0.3008809,-1.2348968,0.375379,0.77005166,0.1102286,-2.9204097,1.8205929,1.1007011,0.89424425,-0.40826315,0.34226328,-0.7083771,0.397758,-0.18646906,-0.15423879,1.6006267,1.0897901
0.42683393,1.788599,-0.5338288,-0.01971192,-0.84669316,1.4575158,0.2568207,0.34009105,2.3362179,-2.4380083,1.2617155,-0.7641459,1.2534927,0.18163049,-1.0190396,0.9977586,-0.39740488,0.9964243,-0.1297254,-0.73621434,-0.8707213,0.2121617,-0.33520028,-0.10508937,0.52346236
0.16381133,-1.8206123,-0.08471705,0.76323336,-1.3097024,1.3455621,-0.42541504,0.81046563,-0.11009401,-1.2750387,1.357139,0.8195931,-0.28230274,-0.9411105,-1.8432965,-1.1744261,0.9433105,0.31543627,0.15364902,-0.018301815,0.7077985,0.594138,0.9103241,1.791788,-0.36421382
1.0827878,0.15265268,1.0451766,0.30338255,-0.17394629,2.930418,-0.06599414,-0.5506388,-0.29937255,-0.3167858,0.41279173,-0.3033486,0.010384023,1.0473,0.14146799,0.77048194,2.4436173,0.014730006,0.7238006,-0.0026613474,1.0497313,0.5138545,0.40778038,0.123132706,0.48738
-0.32182205,-2.630557,-2.7999585,1.1160376,-0.2226156,5.3485436,0.51722383,0.18974242,2.7126434,-0.10080847,0.33879885,-0.25399232,-0.18216023,0.06787984,0.027359068,1.3192918,-0.46744338,-1.0495733,-0.74806494,-3.4260535,-1.0100372,-0.86363244,0.5756477,-0.5307025,0.41875815
-3.921933,-0.81658494,-0.34604347,0.46085888,-0.8567704,-0.35562763,-0.30794275,0.036739722,-0.3696267,-0.4993475,0.75067705,-0.090299726,-0.165445,0.5654795,0.5719404,3.216061,-0.3770515,-3.2031932,1.3158386,-1.7137723,1.5295786,-0.15369746,-0.7587482,0.1545109,-0.2747413
4.473011,-0.26913545,1.6564095,1.1484705,-0.43067375,-1.062772,6.904881,6.5261426,1.6373041,-1.3212061,6.600951,5.6871667,6.6314354,1.1794112,-2.6676161,1.630167,0.83760047,-5.9480143,0.36839485,-3.3084147,-0.7174059,0.15360573,-1.0126283,7.659197,0.593592
4.486764,2.7626617,1.8346469,0.6875676,-0.39127973,1.7208326,5.058721,-1.1309223,1.7076783,-0.9331654,4.804216,3.0882277,-1.3103969,-2.9991257,1.0454922,-0.5828941,-0.2536197,2.5958493,1.4827173,1.4716578,2.5736856,-0.80145824,1.1146827,1.5670354,0.27879837
1.0836613,-0.018536925,0.90216124,-0.008927196,0.8078995,-0.07474048,2.5344696,0.33321118,-0.707462,0.20909555,2.4149501,1.6213518,-0.2708786,-0.18180555,2.0459683,-1.0539851,0.8698213,0.67146695,1.4766622,3.3860304,3.273822,-0.12663162,1.1843266,1.1405497,1.0100536
0.10967493,0.5322923,-0.33912456,0.53828126,0.19779986,-0.03474179,-0.30203944,0.6533941,1.0223649,0.23404568,-0.20747393,0.52901584,0.4439345,-0.34414208,-0.4767172,0.07586892,-0.34519175,3.0490773,0.6414916,0.0013146102,1.6610258,0.75257975,1.88743,-0.3623064,-1.5521537
0.47166896,-0.152471,0.7897536,-0.29311955,-0.17345023,3.5014992,-0.1572834,-0.22384009,-0.80266047,1.4414138,-0.22869694,-1.8964003,0.105323434,-0.7438754,-1.2417647,1.0663916,-0.24439913,-0.20047212,1.8779309,0.7970953,2.212656,0.07772866,0.2814204,-4.7776155,0.8898928
0.9613936,-0.84171164,-2.7747135,0.68815327,0.8519901,-0.031067967,1.0563964,0.16794594,-1.0439353,-0.43162563,1.3661864,0.77992785,0.14267147,-10.565829,1.0468857,0.7345794,0.62237895,-4.5676107,0.11895001,-3.2914426,1.1006161,-0.84940314,-0.43277076,0.47223955,-0.25368056
0.9051995,0.67377126,0.2812056,-1.231838,-1.4710782,0.35319275,3.4431548,-0.90946025,0.70812744,-2.5927958,5.0819855,5.4665194,-0.56248116,1.0099226,-1.0507284,0.8428519,1.2226224,0.0030364404,-0.10318823,-0.40322903,1.118257,1.0222081,0.2976457,-0.069864094,0.94775254
1.1806699,1.7587876,0.30891317,-0.9289043,-2.6930141,1.5525037,0.9157628,-0.46875894,-0.45509446,-1.5419881,0.6354507,0.24949828,-0.34350687,-1.0863206,0.44201803,-1.4717405,-0.7593346,-0.43524218,0.19628042,3.0525875,-0.13369122,-0.24032785,-1.1073875,0.23870468,-0.88223433
-1.9156153,0.15319139,-0.2591874,-0.5729185,0.340747,-0.20466104,-1.9059024,0.87205374,0.5899983,2.2959986,0.6944982,1.0442464,-0.84091485,0.6779955,2.2845364,2.8327405,-0.23390377,0.01965493,-0.31491625,0.43825075,1.0836271,-0.60512483,-0.27602223,-0.38451475,1.467588
-0.6402936,2.0974064,-0.67925733,-0.28543675,-0.35393187,-0.03985423,-0.17769636,0.42207175,-0.1421558,0.43201065,1.2141225,-0.22100535,-0.064545944,0.9626173,-0.70377916,0.5298952,0.111054435,-0.8140452,-0.73141325,-1.007892,-0.80013686,1.3373756,1.0861827,0.01909101,-3.072418
-2.3181677,-0.8103004,-0.6138909,0.4813655,-0.1384151,-0.20515361,-0.53943694,0.7685783,-0.38357168,-4.0577497,0.58029,0.56520605,0.91814506,1.1306643,-0.11327547,1.0363824,-0.57067096,0.26328966,-0.59742224,0.881915,-1.31548,0.22048149,-0.9803462,0.9799002,0.5682242
-1.6619374,0.8699744,0.376135,0.31603354,-0.08868531,-2.0928977,0.39772367,0.12433976,-1.7250795,0.22033387,-0.42654434,-0.8338728,-0.6154573,0.83464456,0.32271263,-0.2844422,-0.6287853,-1.7901807,1.6876922,0.253213,-0.85957164,-1.0016032,-0.29869995,-1.0678878,0.35972273
-2.463531,0.6765724,-0.123741806,1.2870307,-0.5338764,-0.5937244,-1.5452726,-0.8722091,-0.6045229,-0.10443673,-0.25606143,0.010251403,-4.7847857,-2.155092,-1.5304426,2.4625692,0.03671941,0.2953073,0.9383414,0.88851744,3.2559862,-0.20428863,-1.7138622,-2.649831,-0.8953562
-0.39817154,-0.4084245,-0.7340051,0.535708,-1.6291072,-0.23169637,0.69151855,0.36372417,-0.6837735,-0.04085505,-0.06574786,-0.14720845,-0.05332306,0.80282646,-0.45735857,-0.08427304,-0.9778369,-1.6255329,0.06261513,0.53536695,0.65544844,-0.13727057,-0.40031147,-0.63168097,0.30843335
0.07202457,1.032632,1.2136953,1.2629193,-0.83142805,-0.049038716,0.66764385,0.5744443,0.23053695,0.15741819,-0.6734337,1.1628726,0.5903677,-0.9633875,-0.18485074,-0.018783987,-0.44558787,-2.1475134,-0.38269657,-0.29843044,-0.0018692315,0.26383016,0.61751235,-0.3699612,0.40999857
1.0878046,-0.841681,0.42474848,-1.3063637,0.11614942,-0.16657123,0.23353928,0.19735804,0.18213803,0.37352455,0.8000241,0.9311305,0.13661541,-0.44877335,0.19136477,-4.0982933,-0.9137276,-0.54442006,-0.15600836,-0.18303162,-1.0330162,1.8570468,-0.9505675,0.8176422,-1.0550959
0.9027953,0.8763157,0.3440486,-0.1760262,0.11332496,-0.105225496,0.5728666,0.484633,0.61104953,-0.9742432,0.6580891,-0.0004788041,0.38558093,1.0404786,-1.2608378,-0.59666944,1.2222846,1.5262883,0.7997993,1.703672,-0.31735063,-0.23707354,-0.9080552,1.9352546,-1.3871592
0.16125825,-0.5795809,-0.17614365,-0.15192212,-1.0394523,2.040311,-0.032569565,0.3019328,0.20144,2.3159266,0.471215,-0.90885025,0.46643594,-0.4551549,-0.7350215,0.40287325,0.50973314,0.34135765,1.2112824,1.3562938,2.9380622,0.55908406,0.09440331,-0.3440445,-0.109583065
-0.5299185,-0.74105835,0.1162304,0.86404705,0.8794753,-0.9830022,-0.0065547526,0.39196193,0.7273743,0.023765683,1.0329682,-0.00012201071,-0.8990153,0.079566985,0.13291156,1.7159458,-0.96827877,-2.1919901,-0.113722265,-0.7537074,-1.2044605,1.3511076,0.21287385,-4.977354,-0.46107423
1.645663,-0.65534854,1.0004047,-0.039780077,-0.9529114,-2.4430141,-1.1465181,-0.5472615,0.7244854,0.5289469,0.0569005,0.6409065,-0.7241832,-8.624147,-1.2069509,-0.17058164,1.4763837,0.060207844,-0.41310912,1.2069632,0.07071157,-0.5789519,-0.6432972,-0.12054026,1.2781043
0.09336077,1.1993656,-1.8615232,-1.1928048,-0.21619771,0.9012422,0.7813539,0.13931441,0.55581164,0.97930944,0.05656296,-0.56907904,-0.8988755,0.6279069,-2.130985,2.5611181,-0.57573026,2.6455312,-0.9306625,-2.9425478,-0.33547878,0.22895837,-0.7658093,-0.4902312,2.371022
2.2592797,-1.4972018,-1.0401591,-2.212175,0.97293246,-2.590317,0.30372113,0.7197645,-0.8416735,-3.4327312,0.81601554,-1.0863066,2.008713,-6.5465045,-0.50936043,-0.29083592,0.044377342,0.3647755,-0.80941635,0.2361106,2.899483,-0.9908458,-0.3579343,0.16093713,0.57765836
-0.72922415,-0.7528161,-0.07586983,-0.072823554,0.4041616,1.3850502,0.88858056,1.5530794,0.01768604,0.12801592,1.7442952,0.4033594,1.5238645,0.4272585,-0.107959494,1.8557318,-0.2754951,3.3255444,0.67122746,0.4990896,-0.5076101,-0.6115805,-0.6294962,0.37573463,-0.7858646
0.56193995,0.27304524,-0.76849806,-0.93075216,-0.90565014,-0.6398815,0.5274134,-0.0030878186,0.45594338,0.73962635,0.53885216,0.56548625,0.22441468,-1.0002797,1.1737248,-0.23519674,0.18301758,-2.2545466,0.15208364,-0.37375337,-1.0017375,-1.888979,0.85586977,0.5558239,-0.59509104
-2.320064,0.16037509,-0.21683794,-0.117387176,-0.6042462,-1.6862223,0.44745427,0.034837157,-0.06916958,-0.5051566,0.06274095,-1.6223334,-0.098948255,0.057647526,-0.376548,-0.20938432,-0.048591144,0.3776452,0.3185996,-0.69863635,-0.9903575,0.12987432,1.3723873,0.03729248,0.65408295
-0.24368115,-0.30356747,1.1582903,-0.0026462674,-0.38826618,0.12987895,0.47925133,-0.459129,-0.6185676,-0.26344314,-0.4801985,0.5599295,-0.7001547,-0.59832054,-0.66342866,0.1513581,-0.1552929,-1.7972046,0.892632,0.4533785,0.59035206,-0.36388224,0.09037936,0.7759569,0.35720405
-0.33694226,0.61423,-2.0679097,-0.50404656,0.24216467,-2.1697075,0.14609924,-0.41575968,0.17198616,-0.7434297,-0.92290074,-0.43287578,-0.9870257,-0.60334027,-0.18687087,-0.00723961,-0.60012275,-0.18981414,-0.8772551,-0.08173862,0.1893234,1.1863056,-1.0944995,0.31512082,-0.8006881
0.7138555,-0.07113925,-0.5527481,-0.3000796,0.6714206,-2.4165301,0.597396,0.3477131,0.3148826,-0.24588326,-0.16551918,-0.05981546,1.4330311,0.06317374,0.6541548,-0.009415805,-0.5750669,0.2207276,-0.25426382,-1.5961807,-0.7678995,6.553894,-1.1183369,0.073974535,0.31068182
5.8371305,-0.60062057,0.32138765,-0.28520483,1.9275751,-0.73762023,3.2968724,-0.5033654,-0.92769873,-1.12473,4.2698197,2.478773,0.05733502,-2.3315458,-0.20418245,7.2132583,2.89304,2.8904176,1.613418,-0.04810831,2.7664104,-0.44526386,-0.5651902,-0.017102644,2.9196043
0.419712,0.7513311,-0.23763978,-0.07571976,-0.6074865,3.253031,-0.5041425,0.5453675,3.4367323,-2.5158057,3.2815974,1.9199919,-0.051435888,0.26558447,1.4802574,-0.56070805,1.467405,3.4009583,0.12638257,0.34956267,-0.13180608,-0.23059525,-1.1090608,-0.17642501,-0.42516065
-0.75374675,0.4655374,0.8702124,-0.35052812,-1.2873683,-0.76141524,-0.9418212,0.43460262,0.10987809,0.24522579,0.55645907,0.8379239,0.082129836,-0.84303373,-1.1712738,0.7296038,0.33817282,-2.9624047,-0.63682616,-2.291468,1.0730816,-0.78727865,-0.27602223,-1.7176664,0.26634464
2.8715458,0.86909944,0.035791814,-0.45641288,0.4732874,-0.6131457,0.75560164,-10.540289,0.6288271,-1.2572886,2.7761307,5.195122,-12.324197,-0.27430522,0.18200499,0.55224717,0.32545584,-0.7679708,0.20886862,-0.60531116,-0.858638,0.5922785,1.9401908,-17.084627,0.8812318
1.304572,-0.11453861,-3.8513267,-0.7388613,-0.49003333,0.552825,-0.8782425,0.50258183,0.5485403,-1.6253629,-1.2020876,-0.05837153,0.37302512,-5.8498273,-0.43583664,-0.42609438,0.65543956,1.9091878,5.317601,-0.1635983,0.8756778,0.3833103,0.7356092,0.2172823,-0.57513744
0.69566315,1.0312886,-0.2726325,-0.4022398,-0.010437429,0.4328158,0.03691119,1.3698142,0.29139534,0.70028687,-0.36912507,0.76338434,-0.529305,-1.6895368,0.012987107,0.7905513,0.512946,1.5192548,0.004132688,0.24138212,0.06071484,0.5667665,-1.7365074,-0.93825847,-0.080307424
-0.41421086,1.5101968,-0.7097875,0.46593863,-0.82425517,-0.9612341,0.69253707,0.1863654,-0.28809053,0.5361336,-0.00035378337,-0.09298241,0.12671296,-2.3462796,-0.7322523,-0.62667334,0.03465549,1.2037219,0.26627356,-0.5402696,-0.6557287,0.09908813,-0.095796525,0.636669,0.81465685
-0.2830276,-0.89133847,0.44028246,-0.22958237,1.0205369,-0.09683257,-0.9867331,1.7357767,0.18108846,-1.8388333,-1.7837894,0.27260157,0.6576829,-0.7485148,-0.4344533,-1.9563303,-0.577558,-0.60423183,-0.18588465,0.7051335,-1.6443259,-5.3112564,0.49506673,-0.25043455,2.4064565
-4.77695,-0.28314492,-1.6699135,-0.16734987,-0.20192844,-3.5537052,-6.6951885,-0.10622994,-0.41136605,2.1322298,-1.8027542,-4.8281536,0.5056553,-0.14228755,0.5785935,-2.3353004,-0.062284842,-2.315632,1.5414535,-3.2959034,1.322738,1.1270096,-0.8923479,-0.34591502,1.2767807
2.6249719,-1.8354082,-1.6333268,0.22769108,0.7137319,0.0781827,2.4748902,0.41620684,0.25043866,-1.9327388,2.5584855,2.3199332,-1.170747,-2.935529,-4.694424,-2.8370857,0.116730765,-5.4367504,-0.22196145,-5.2436004,0.06684792,0.92045707,1.1314671,-0.74523306,2.4364383
6.806007,1.7880316,0.6521052,-0.7478084,-0.73626995,-0.21094747,4.6424775,-0.60246825,-0.40213692,-1.0010656,7.3994007,6.7257876,-0.15548441,-4.8594203,0.5146046,-1.1892952,-0.057438247,2.5162745,-0.68694615,-0.5365826,-3.4865584,13.675037,2.1927502,1.4859749,-0.45340517
-0.30399784,-3.9106786,-0.5023848,-0.8448073,1.1684723,0.49563187,0.814566,0.018808216,-0.9164815,-1.0206432,2.4685519,-0.9531603,-1.9326217,1.0971154,3.5232449,2.1399093,-3.7536716,0.17447716,0.7354481,0.38055527,1.402212,0.19601692,0.007557392,0.4689994,-2.7742956
0.21691945,-1.0071474,-0.7615565,0.80005,-0.2327566,-1.1159673,-1.001787,-0.7128176,-1.5895345,2.9856968,-0.010835603,-0.2732641,0.2058215,0.99811125,-0.5855709,1.2017462,-0.15005404,-0.894467,-0.14735197,1.7135681,5.763107,0.6729239,0.8858494,1.5546895,-1.598574
-0.04154879,1.2566961,1.0199015,0.71220344,-0.44321194,0.29309618,3.4020936,1.1394451,2.4382594,1.171201,3.8587172,5.1991563,0.20418376,2.0411315,0.31855747,-0.07209454,-4.221852,0.43359387,-0.52236474,-0.08647901,-0.005642429,1.0615218,1.3189859,0.065464795,-0.5478215
1.4800309,2.870584,0.10092831,-1.5078865,-0.022348255,1.7653669,0.49006522,0.9219309,-1.1066735,1.7659738,0.3135993,0.6309209,-0.70442736,-2.4799757,-0.9048911,-0.21422571,-3.896252,0.11455995,2.1636283,1.7596701,1.8146933,-0.10145089,0.17801891,0.08549499,1.3022497
-0.15573733,-0.03313638,-0.6546487,0.60694474,1.374567,-0.887478,1.0031085,-0.6090312,-0.10361177,0.7715658,1.8822111,0.39328977,-0.4330339,-0.27349886,2.282333,2.0976636,-0.42535418,0.11721681,1.3892536,-1.4322731,1.0083638,-1.3979414,0.5110248,0.03604403,-0.26520866
-1.1966784,-1.2052388,-1.6883736,1.0236778,-0.72322583,-1.2278183,-1.4076583,-0.97887564,-0.3019774,-1.1616803,1.6025404,1.0034983,-0.20988601,0.7910218,0.2671783,0.8017342,-0.52388614,-0.9853908,0.4013251,-0.42577475,1.0279227,-0.4342382,-1.0698874,-1.0462968,0.61124575
-0.1745964,-1.1263032,-0.93939316,-2.4697309,-0.8308109,-0.525204,0.29787213,0.2723449,0.09131962,-1.024303,0.035472423,0.20464474,0.31499252,-0.70063806,0.009595856,0.68716323,-1.7264974,-0.44797128,0.5300178,0.93569577,0.33894667,0.7770199,-0.50073874,-0.6451314,-2.8412633
0.47890902,-0.17462403,0.07453963,1.0318753,-0.22328062,-1.2306299,-0.17844808,-0.58643854,-1.5805218,2.5635643,0.6925471,-0.8501043,-0.055766076,0.97475517,-0.47781372,0.47175202,-0.74804103,-1.9103076,-1.6456258,0.7111524,0.3014289,-1.6815928,-0.086892545,-2.2996967,0.54082626
-0.11285913,0.16249457,0.49110907,0.08317706,-1.9074516,-1.1413004,0.50216115,0.03987676,-0.61837053,-0.10276902,1.1179166,-0.7204789,-0.18844196,-0.45251566,-0.46621093,1.6408763,-1.0797472,0.61115277,-0.59913576,-0.4324897,0.013143927,1.7495574,0.79208153,0.9053814,-0.53661746
0.19594714,0.309178,-1.0108184,-0.25504544,-0.8627789,1.0597389,0.37583488,0.89137274,-0.31068414,-0.14556935,1.1260245,0.7163875,1.0690038,2.2576156,-0.40061617,0.89466035,1.0060745,-0.5116222,-0.0873545,-0.014122367,1.1269569,-0.5579864,2.147706,0.8530431,0.84307647
-3.3043032,1.9984009,0.034765173,-1.031858,-0.09533225,1.9343407,-1.2543327,-0.44928998,0.41755787,-3.2500947,1.6258448,0.26134813,-0.7424794,-0.7502762,0.60511184,1.1210155,0.6597968,0.6543045,0.67834246,-0.48060018,-0.99840164,-0.18211152,0.6381328,-1.5127828,0.14924634
-0.7046393,-4.9562087,-1.9508916,0.47339466,0.34723565,0.056621075,-0.41905928,-0.38618708,0.6143531,-1.4500364,-0.7277725,0.5116477,0.050758034,-0.15851478,-1.2348698,-2.6525412,-0.16151394,-4.853646,-0.37866518,-1.7982528,-0.51608497,1.3753885,4.266658,3.1400814,0.6311595
6.202878,0.7447588,-0.81177527,-2.7106683,-0.14833993,0.63606983,4.662146,-1.2177963,0.050889235,-1.79492,6.645998,6.9074903,0.04098487,-0.71930164,0.87665063,-0.66956854,0.15637049,-2.5783665,-0.234092,-1.7688138,-1.0560004,0.85618395,0.68479455,0.40351248,1.4044465
3.954473,1.2523102,-0.86193144,-0.69893426,-0.92592764,-0.09160213,0.75473887,-0.18986818,-0.3818472,-2.719432,1.9343615,0.39044553,-0.5646033,0.29650873,2.4052036,0.5660652,1.4885511,0.6745508,1.6768093,1.5083946,-1.9197896,-0.60204816,0.8523385,0.2550581,1.0279751
-0.26070738,-0.6561038,-0.23754364,1.6019608,-1.4300256,-0.047618628,-0.9502788,0.12238447,0.7833402,0.5463464,-0.8026973,-0.5412952,-0.28688315,0.49891874,2.5227308,1.4999683,-0.8730621,1.7903899,1.0490335,-0.6156192,0.90997535,1.5034279,0.021405516,1.1156754,-0.8865634
-0.26949573,-0.4635302,0.34236124,1.7984974,0.48817098,-1.3706806,0.0896188,0.17867908,-1.6207092,-0.39218402,1.1777935,0.6116325,1.1975226,0.2841145,-1.7874255,0.8100747,0.1136682,-0.64002603,-0.78042054,-0.37314177,-1.3878306,0.52887,-0.31519517,0.29061437,0.25571626
-0.044587035,-0.36129022,-0.39467967,-0.98295504,0.4951344,0.37269685,-0.25775015,0.624643,-1.122925,-2.9338276,0.41325805,0.05579838,-0.45905817,0.01652138,-0.42874336,0.23721129,-0.8209147,1.3299184,-0.2015035,0.25409627,-0.544393,0.65274644,0.15572265,-0.7269696,-2.5148332
0.15492973,-1.5203484,-0.14886074,-0.4573079,-1.5535108,-2.848759,-1.2307906,0.56679535,-0.43346983,1.9123604,-0.53615934,-1.2839863,-0.53650546,-0.034628272,0.6361367,-0.95718765,0.054860286,-0.20149183,-0.20840412,-0.005301155,0.3814028,2.3244653,1.8109041,0.01432991,0.22661363
-0.0074720103,-0.7510153,-0.21759577,0.22520879,1.8186868,-0.046276405,-0.18121779,-0.2117572,-0.85373884,0.41492832,-1.4122939,1.1106073,0.4974187,-0.16872963,-0.8688211,2.2083077,0.47305903,0.13742709,-1.2381524,0.0063056797,1.6049736,-1.3422531,-0.92281747,-0.9028362,-1.6794838
-1.5218229,0.4053653,0.8603457,0.07188475,-0.9626579,0.46595073,-0.76827914,-0.47907683,0.3900806,0.018862456,0.7501235,0.64444304,-0.5511066,-0.63932157,1.5032845,-1.3104002,1.2137191,-2.8198109,-0.35325468,-1.7993512,-0.16556856,1.1289961,2.2047298,0.1273404,0.61877155
2.3478615,0.40249348,-0.21580827,-0.26797822,-0.39623287,2.1696284,1.04899,-10.74528,0.48110697,-0.5588753,2.4656725,2.1238708,-11.934914,-0.18930149,-0.19864322,0.7102778,1.5729661,-0.95124733,0.36231118,1.4803991,2.38032,0.25334916,0.19311506,-17.475546,-0.41412926
-1.3603542,0.72620344,-2.4075315,0.09582573,-1.5907471,-2.8113272,0.14879763,-0.014263555,-0.32794476,-1.2422044,1.7046096,0.6885141,0.49219015,-7.2661705,2.7328115,0.9104996,-0.6638073,1.3541033,3.808714,1.5950058,1.297948,0.0004222542,-0.19309348,-1.299551,0.044993073
-0.5988791,0.38602716,-0.26732433,0.8671185,-0.6502928,-2.483673,0.81742156,1.0904351,-2.631735,1.3032753,0.5777307,-1.0452503,0.7153908,0.4896804,-0.15226716,2.6801558,-0.12564608,0.5820725,-1.0966755,-0.47321135,0.5934911,2.0621932,0.2538281,-0.79058385,0.5917756
-3.4668417,-0.36120522,-0.95873535,-0.4197813,0.19360064,-0.5585524,-0.9321256,0.7150837,0.24502228,-1.0869612,-0.25275263,-0.7233797,-0.599585,0.7467312,-1.290472,3.0254877,-0.4552197,-1.7397022,-0.38647556,-2.5390663,-3.190844,0.8497134,-0.5039594,-0.06393807,-0.23930863
5.4387417,-4.936619,-2.5684764,0.42482793,-1.1836597,0.36669493,0.5791538,-0.31701726,0.70450974,-1.3724247,0.6053163,1.5031857,-1.3298875,0.18175879,-3.8643377,0.8423945,-1.013443,-4.2593646,-0.27692333,-4.2147946,1.9644557,1.004393,-1.3555532,-0.84249383,0.7751448
5.4207945,3.487936,1.0303322,-2.0278118,-0.7574078,0.23130555,7.065219,-0.37901056,0.1701178,-9.695387,9.760041,8.133751,-1.4006538,-0.09838413,2.5494666,1.7490177,-0.2945864,-0.017601863,-1.5780134,-0.36147857,-6.6090975,-19.387371,0.27278158,-1.76039,0.3637949
-9.341501,-2.8607426,-3.5490487,-1.496418,-2.7723248,-0.31742883,-8.431203,0.19700329,-0.5426847,-0.9001751,-14.369068,-7.727873,0.0023661256,-0.75144774,2.3638039,-2.6045496,-3.1523244,-1.725374,0.8567077,-0.29665416,2.359296,0.22694129,0.4440537,0.9035722,7.2012887
1.4314541,-0.11942886,-0.97738135,0.8149642,-0.5602998,1.8711556,3.3509169,-0.506392,5.133293,0.616551,3.3316262,2.7640085,-1.3614933,-1.76752,-0.67940193,-1.0737562,-0.82565844,-0.0787812,-0.15108746,-4.706838,2.7797637,-0.16723295,0.73048055,-0.34279624,-0.13109131
-0.35327575,1.686593,-0.49511522,-0.11240417,0.5565882,-0.87956643,1.5865684,-0.27254933,-0.4945398,-3.9593854,1.6624415,0.96627927,0.49895927,0.28255078,-0.54417497,2.716621,-0.6762818,-2.6799092,0.14907402,-0.39867923,0.24214254,0.37024084,0.17082092,-2.2894197,-0.106642574
1.5699224,0.3028226,0.19279051,0.63471687,-0.25908756,-1.7153747,0.528878,0.04444,-1.4861231,0.6273784,2.045443,1.2717702,-0.834876,-0.6311224,-1.4736254,0.30274332,0.11754894,-2.4279358,0.8560184,1.1223974,-1.0376885,-0.102463365,-0.6076886,-0.9375289,0.7807179
0.6487172,0.5901891,-1.0247207,-0.14319019,0.45333308,-1.0723376,0.20209217,-0.26858157,-1.1932404,0.6395681,-0.6669476,0.5039601,-1.6040145,-0.033570945,-0.68153024,-0.85886085,-0.543269,-0.010189533,0.08663626,-3.3369997,-0.06584269,1.4237496,1.3227086,0.44674462,3.4506667
-0.79284996,0.9337498,0.30868372,2.039886,0.15382639,-1.15725,0.93859696,0.62402374,-1.2091527,0.92040485,1.5336971,0.3328337,0.32131517,0.50992477,0.64872336,-1.7528056,0.68784916,1.6439965,-0.7850649,1.2024144,0.50950885,1.7910643,0.90849566,-1.0424879,0.15535823
0.92460996,-0.6599213,-0.62548906,-0.96897525,0.043522,-0.3048781,-0.40095955,-0.69603515,0.23547354,1.1581805,-4.292549,0.2760794,0.27728218,-0.10408495,0.021046847,-0.81403685,0.04338208,-0.36795896,0.6653092,-5.6978183,0.42443997,0.13821864,1.8735211,-1.239622,0.29095048
0.5521092,0.7613175,0.19666526,0.9870689,0.6193226,-0.83214295,-0.54741704,0.8134609,-1.0879354,-1.6584457,0.82657653,-1.0071921,-0.20275965,-0.06783128,-0.60283,0.8426129,0.16537231,0.81733584,0.4368717,-4.743931,-0.54708767,0.23421018,1.2071767,-0.19542146,1.1430705
0.041208655,-1.796063,0.64658463,0.27747738,0.5268587,0.80401677,0.22294565,-0.33280438,1.141326,-2.0833468,1.3892424,0.07082139,-0.13324296,-0.29741752,1.1625218,-0.058948487,-0.38615152,-0.29452223,0.12601715,-0.31806776,-0.53299415,-1.2517271,-0.09955478,-5.0693083,0.4110713
0.02094689,-1.2638683,-0.425892,-0.08953762,-2.2004175,-0.8992218,1.3941188,0.33464545,0.009511203,-1.0293901,-0.8656641,0.24555248,0.77109593,-10.959873,-1.8247681,2.325505,1.1600988,1.35993,-0.10475135,-0.93619156,0.030410856,0.23828515,2.163545,1.5534284,-0.17000237
0.25444713,0.98132455,0.9947521,0.28942674,-0.00629952,-0.43516374,0.2714807,-0.04780805,0.96185625,-0.5862408,0.48732254,-0.5714656,1.1248009,0.6029573,0.022200882,0.06800586,-0.18915291,-0.04410222,0.6237442,-0.69852483,-0.38559067,-1.6367927,1.276688,1.133042,-0.8083485
1.49014,-2.2485225,0.062454984,0.21501255,-0.076381266,-0.76243716,0.60330397,0.9156095,-0.70694757,0.3740741,0.013479099,0.2105945,-0.641613,0.83807886,-1.5057187,-0.3214268,-0.65559936,-0.23092401,-0.048617803,0.795362,-1.4109644,1.5160898,-0.16352528,-0.9683013,-2.0699759
-0.17298771,-0.66365874,-0.30804533,0.66630477,0.18766625,-0.16864085,0.6640474,-0.39067706,-0.68277633,2.9436908,0.42204583,-0.71231526,-0.45857534,-0.1597555,1.6236318,-0.07668662,-0.5936612,-0.11283076,-0.23550908,-0.6735686,1.1455472,2.435763,1.4266486,1.3594167,0.097111106
0.41528648,-0.20994979,0.11392331,0.604214,-0.30369318,-1.1012565,0.48245847,0.1828065,0.067702144,-0.92670447,-0.2254968,0.57484883,-0.22218734,1.324985,-0.6669842,-1.6548934,-0.83126354,-0.6263617,-1.4942945,1.2592281,0.72659117,0.3638633,-1.5994521,1.2180395,-1.4007998
-0.3948469,0.2475271,-1.5687909,-0.08953844,-0.9286565,-0.5202739,-0.19569929,0.6776897,0.23419568,2.7847846,0.46325117,0.0268448,-0.44442764,1.0087988,0.5150033,-0.5925064,-1.1336949,1.0886432,-0.91530764,0.55850595,0.5281597,1.0409219,-2.1286283,0.10121055,-1.2998269
0.02259028,0.8354463,0.30365434,-1.4275839,-0.25428417,-0.43615308,0.015472144,0.074700445,-1.3582226,0.4957243,0.2720813,0.12242972,-0.32252827,0.25697923,0.73791546,0.035629004,2.683194,-0.50532717,0.7841864,-0.06392527,-2.2105165,-0.25523147,0.068819314,0.2516959,-0.09381463
0.6280341,0.70145226,-0.070512354,-0.101424396,-1.3838745,5.0974064,0.7163991,0.15210515,2.7158267,0.85750926,1.8641615,0.34067374,0.17945537,2.0241842,0.98536974,-0.11224978,-0.024074424,1.0574797,0.51782036,-0.7831193,1.7865273,-0.22458836,-0.39479727,0.6652472,0.6537531
-0.035832077,-1.2726612,0.68606126,-0.16736853,-1.5211036,-0.7564475,0.25889537,0.30948353,-0.025415897,0.21473509,1.3978055,0.6721334,-0.38966617,0.15732673,1.2372866,2.5725865,1.0023909,-2.3228533,0.82318985,1.0995847,0.8570124,-1.3302053,-0.5434491,1.1523185,0.5786761
-1.0618374,0.4086519,-1.8851717,1.1554441,0.6348377,0.5107558,1.4777862,-0.8100622,-2.41258,1.5994055,0.82508874,1.343719,-0.30356333,-1.6212997,-0.46524543,-0.48977268,-0.59143883,0.2622367,-1.57165,-0.48783344,0.640476,0.11721074,0.19267315,-2.618798,0.96376365
0.6107831,0.6239087,0.05543673,-1.8751478,1.5208242,-1.5477488,0.051702484,-0.008163521,-0.1835621,0.55817544,0.023874193,-0.5135533,0.121291846,-1.299998,1.4468049,1.548924,-0.5349403,0.77305216,0.044068664,1.932771,0.017725557,-0.5480981,-0.06904241,-0.54738104,-0.24098516
-0.64767116,0.48845342,-0.8347813,-0.16843688,-0.5840126,-1.284518,0.46541554,0.6282844,-0.53071725,2.0647562,0.0050479956,0.5572962,-0.24262804,-0.036266387,-0.87567216,-2.5993476,-1.0797563,1.6066415,-0.48043394,-0.9425528,-1.4885285,-0.56336963,0.28847957,-1.0945344,0.15509844
0.33145377,-0.18513617,-1.103312,0.1624574,0.6701579,-1.0008852,-0.31765294,0.68179965,-0.81277245,-0.64977336,0.1774441,-2.203878,-3.5904214,0.47128013,-0.1947327,2.199815,0.9397991,0.34778732,-0.17250407,-0.6452105,0.17941196,0.73169875,-1.6286149,-0.12866306,1.3083856
-1.2562762,-0.3484301,-0.047234744,0.022383671,-2.7310076,0.13335891,0.3456905,0.0601933,0.99874145,-5.164194,1.0640311,-0.20770787,-0.9697638,-1.089974,-0.6120465,0.24198756,0.25428012,-0.14701962,1.2379049,-0.5583076,-1.0686069,-0.2187486,-2.981356,0.29919413,0.78107697
0.49744463,0.44615066,1.7896752,0.67583126,1.0933093,-3.13861,0.73542833,-0.41280723,-0.61308116,0.24318936,0.22199938,0.6924752,0.56658685,0.18831062,-0.2236579,1.039248,-0.06371893,-0.40669674,0.118270665,0.63387203,0.920573,-0.2067452,-2.330416,0.6988075,0.25575387
-1.9563859,0.73282784,-0.93123925,-0.6638101,-0.5220063,-1.3608699,-1.9354098,-2.6258545,-1.612464,0.91850686,-2.148903,-0.32683715,-1.5082726,-0.81602836,-0.08374143,1.0746214,-1.3969419,0.82914984,-1.2663046,-0.572959,1.4984226,0.18292135,-0.64917004,-0.6268583,-0.8006204
0.19543034,-1.9440179,-3.0030332,-0.10607678,-0.046556696,-0.05276209,-0.2929171,0.14178732,0.23337609,0.6762271,0.4131093,0.5819536,0.087950066,-0.8513522,0.61991584,0.66758394,0.13512817,-0.053226724,0.894059,-0.029652655,-0.3858188,-0.48686415,-1.1397903,1.2063062,0.7960969
-0.48972756,0.80345166,-1.2500577,-2.0597599,0.27402645,0.15898494,1.5429895,2.0969367,0.39440063,0.5186424,-0.7660945,-0.65012306,0.97605723,0.00165537,-0.29590595,-0.3738868,-0.9820493,0.24437398,0.7326863,0.1498816,-2.5843313,1.0736766,1.1348182,-0.6812809,-2.3249488
-2.5865133,0.11402488,0.2619453,1.1591557,-0.24742033,1.244374,-3.8977633,0.5247601,-1.4239494,2.3891332,-0.3033507,1.0214554,0.15205085,0.90584695,-1.6871388,-1.3037622,0.61599123,0.38510105,0.48339397,-1.7969546,3.154575,-1.2955966,-0.067700505,-1.1189584,-0.06687844
-3.1075397,0.6038341,0.09149516,-1.2016895,-0.8312195,0.24737471,0.5064945,-1.3396984,-0.25660172,-1.8815185,-1.3614273,-0.7851598,-0.6302676,-0.37425607,2.26194,1.1160318,-2.6191142,-1.5114509,-0.6568487,0.5103831,0.7117096,1.1738812,0.6818319,-0.88431704,-1.4981346
-0.33729783,-0.13556077,0.45757103,-0.13520722,-0.8958467,1.7352954,1.1476078,0.7395542,-0.12905645,0.6313354,1.4412025,1.0311075,0.36191237,-2.8335452,-0.2796579,0.9435073,0.7624229,-1.1646982,-0.0051955953,0.55189145,1.2672824,-0.18858588,0.97212446,2.9421818,0.2094663
-0.1551328,-0.60011625,1.3049443,0.17594065,0.14981446,2.0717876,-0.5320313,-0.59817874,-0.52564174,1.2609053,-0.09536904,0.017403804,0.04049003,0.5693223,0.12612277,1.5017262,-0.6049426,-0.74265623,1.0990453,0.40568954,-3.18763,-0.6415341,2.528156,-0.27699345,0.217094
-1.6392474,-1.8210573,-0.3122698,0.6261791,-0.8628386,3.093698,-0.87256074,-0.086741,-1.3069558,0.27963936,0.08648062,-0.068362415,-0.03622502,1.8235128,2.8063169,0.83227646,-2.6125844,-4.2343264,-0.6566199,-1.7959944,-2.0059786,-0.4531392,-0.044841528,1.0278091,-3.9550238
4.038257,1.3197277,1.7977266,-1.4994955,0.1685639,-1.4138136,3.925907,-0.8408299,0.37600154,0.04139623,5.896936,4.1156454,-0.72941434,0.25444293,2.6687498,2.2165499,1.2086978,-4.8242955,0.006929338,-1.4749504,2.0635471,2.9876971,1.0980823,-1.439333,4.2795167
6.8525844,3.7279828,3.893374,2.5010128,1.089194,1.0805602,7.78454,-1.0182543,-0.104221225,1.0025098,10.795064,8.668156,-0.8116549,0.25835574,0.9681226,0.11023831,1.0600508,0.026589174,0.25625223,0.583275,1.8091569,0.18642738,-0.2661756,0.6999981,1.9027796
0.4555954,-0.12979972,1.5353955,1.4076672,3.118718,0.8279586,0.8322911,0.50658786,1.2674669,-0.24641418,2.0399346,-0.13291371,0.4855566,1.128925,1.070511,1.9681927,-0.47411865,1.1460032,-1.1485273,-2.4231462,2.0199423,-1.1639857,0.92684233,0.61589324,1.5124133
0.82299834,-0.80223155,1.1920929,0.48894918,-0.42726564,0.23916268,0.9906868,-0.32973716,-0.78348285,-1.5861416,2.4367824,-0.5263866,0.1447223,-0.83491397,-0.63577795,0.13808382,-1.285449,1.2743834,0.39504796,1.8239475,0.26329726,-0.1777314,-0.5733866,0.812212,-0.61052775
-0.0711678,-1.1744709,0.52117515,-2.0932596,-0.88592577,-3.1930687,-0.28433767,0.066038445,-0.116627336,0.6720007,-1.5708163,0.4877538,0.32657847,-0.34951228,-0.2843256,0.4665725,-0.50681204,0.61010855,-0.12599085,0.9760518,-0.55615115,-1.0532168,-0.9657371,0.6496848,-0.39617306
-0.031192891,-0.10552598,-1.2849576,0.6943943,1.4715844,0.06790508,-0.3716697,2.3300247,-0.45615357,-0.4002282,-0.6399714,-0.6189501,1.6462257,0.3973241,-0.9225295,-2.7211564,-0.88959754,1.3641518,-1.2800511,-0.5926647,0.105280966,0.19588444,-0.01601249,0.68952143,-2.70295
0.028407857,-0.14542715,-0.30497834,-0.17577922,1.1390201,-0.10015082,-1.3247916,0.46425408,-0.45482272,0.8370245,-1.1263801,-0.24294321,0.66973644,-0.42621773,2.1585636,0.27421296,-0.29865837,-0.33094108,2.2588148,-1.012945,1.9142145,-1.7183905,-0.85050565,2.2053747,0.78959805
0.49969706,0.82463044,-0.13011649,0.1395365,-0.5785177,0.31122157,0.7987268,0.3707462,-0.5568798,-0.62785757,1.6730251,0.96752596,0.45344955,1.2711306,0.23557743,-0.29637817,-1.0674698,-0.66178024,0.23572953,-1.9209774,0.38175136,0.650833,-0.7865433,2.4907734,0.08043508
1.8490452,1.171504,-0.3643101,0.4718896,-0.31403333,-0.5763849,-0.5265964,0.18340889,0.3748927,-0.9644207,0.6370185,-0.5650823,0.7119515,1.3324764,-0.72691685,-0.035392642,1.4286001,0.7302307,0.015912086,-1.7558173,0.79711974,-2.3530345,-2.6543424,-0.3630659,0.55679786
0.12811816,-1.7126122,-0.9502247,-0.30313262,-0.99901974,-1.3041091,1.2342217,0.25914538,1.2292496,-1.3248162,-1.5960442,0.5866406,1.6606275,0.52355725,-1.8620024,-3.4607286,-1.4548489,-0.53566897,-0.051085055,-0.9300607,0.982064,-1.898117,-1.6465853,0.16584629,-0.3747814
-0.1766326,-0.16767657,-1.449286,-0.51588285,-0.79910123,-1.4071407,0.8714726,-0.38570485,-0.19599676,-0.6357641,-1.3479866,0.3196984,-0.8322305,0.16050488,-1.1872169,0.080886304,0.10139389,0.09727192,-0.36979383,-0.98720515,0.37820834,-1.2001483,0.36965036,0.7563458,1.4687619
1.3543577,-0.4001004,-2.6619577,-0.4203956,0.14098522,-0.5445275,0.7841444,-0.6305133,-0.29507023,-5.6088448,1.4615154,1.2259696,0.12875602,1.3264413,-0.7626055,1.3007181,0.7159585,0.12188172,1.0993731,-1.5500246,-0.5541014,0.81149995,-0.31949612,1.2579504,2.6995268
0.03269112,0.036053807,0.9994235,-0.19333896,1.1596285,-0.026831746,1.3066216,-0.43369153,0.61476374,-3.9007971,0.32265124,0.8792477,-0.38856477,-0.4781202,2.1015067,0.50970227,0.827093,1.7919016,-0.08741133,-0.36913538,-1.0064933,-1.5934062,0.6145645,-0.52575386,-0.9783356
-1.9066255,-1.2877158,-1.3585199,0.4073059,-1.7673659,0.9235792,-1.0256025,0.55877495,-0.06439724,-0.9333802,-1.6183647,-0.05592653,-1.704071,-1.6751868,-0.8442788,0.43452805,-1.242177,-0.9721204,1.4439926,-0.8243977,-0.05128468,0.1459639,1.250506,1.0978508,-0.84113884
-1.4165868,1.2041001,0.5264101,2.0782018,0.41799343,3.0350938,-0.24570581,1.3245529,-0.07966861,-0.8845348,-4.327057,-0.057635695,-0.25426698,2.3831503,1.1105119,0.48501715,-0.5380354,-2.2257402,1.0621446,-2.9016519,0.65559864,1.6549169,0.317927,-0.70925385,-0.05949959
1.9077156,1.6770341,2.1229649,0.50760466,-0.3213424,-4.1644754,3.0551057,-1.3053776,0.6353018,-1.6193779,3.6990228,0.9613302,-0.84777945,0.23248577,0.5986409,1.390951,-0.47362933,-2.212523,-0.10864693,-5.5330634,-0.0810284,0.6923077,0.20500249,-0.097394824,0.34068462
2.3065066,-0.02686131,-2.3575706,-0.29526985,-0.18688452,-1.7613671,0.27372015,-0.26383495,0.07136884,-2.241705,1.2658663,1.006557,-1.366162,-1.5529262,-3.185301,-5.2127976,-0.22377421,3.0751913,1.750117,0.31749165,1.1312876,-0.34383425,-2.00517,-1.2855651,0.8813641
0.8259072,-0.45187882,-0.82947344,-0.29536337,-2.6543665,0.2306175,-0.10357708,0.93783104,0.77953666,-0.6359105,-0.12116969,0.26479012,-0.83552426,0.27100563,0.5983492,-0.87929237,-0.8309832,3.628664,-0.023516655,-0.25004315,3.9506197,1.1248143,-0.7207917,1.3466623,0.48600686
0.1940527,0.284802,-0.056729436,0.5024413,0.7498264,-1.2358257,1.314172,0.9314942,-1.0203874,-0.39116487,0.9877114,2.3387432,-0.02821657,-0.31175318,0.4250108,0.9797306,0.5364295,-0.93086976,0.73843193,-0.5030187,-0.10682219,1.0173093,-0.19624558,-0.9599438,0.7740468
1.0857865,1.1824714,1.3962983,-0.025291301,0.042899787,1.1893449,-2.311999,-0.78346586,0.8378693,-0.76785743,0.17126942,0.89097565,-0.40918446,0.014694855,-0.5213378,-0.07823998,-0.13834155,-0.080320716,0.25786945,0.5399195,-2.0971217,-0.6407071,-0.05063186,-1.6138679,-1.0585848
-1.0322486,-1.0037973,-1.2922482,0.07069674,-0.3317388,-1.3471831,-2.4646544,0.3907444,0.24594857,1.1294835,-1.1533345,-0.8748674,-0.062514186,-0.41170835,0.6435938,-1.663069,-3.10599,-1.0391151,-1.1282868,-1.9137096,-1.7490164,-0.33191833,1.7934738,-0.42912748,-4.85622
-1.3488239,0.38066724,-0.13246104,0.7390073,0.6529223,6.284647,-0.6068085,0.2358279,4.4396095,0.72935873,0.8899194,0.9990889,-0.38091868,0.50427943,-0.14863938,-0.2974356,0.46873206,-0.22761382,0.36012566,0.2829787,-0.793113,-0.46400535,0.519709,-0.4696641,-1.1301408
0.52755666,1.1585577,0.8521842,0.5369411,0.45457152,-0.08679843,-0.8315409,0.588225,0.28927755,0.3979443,-1.1582915,-0.10794886,-0.8056627,0.13204622,1.7316275,3.525724,-0.34364352,-3.5697377,0.05174932,-0.7347412,0.07727669,-0.2438631,0.37185255,-0.6204151,-0.33819795
2.9423068,-0.6143588,-0.08277619,-1.2686889,0.2732369,0.02393213,5.099786,-1.6532829,-1.6096225,-0.041128993,5.723207,5.690321,-1.4128823,-1.5463595,-0.5488074,1.2203603,-1.0426098,1.9547558,1.2156795,-1.1619511,0.273104,0.5764185,0.5675266,-0.77279115,3.1114447
1.0895813,-0.58006006,-3.0981941,0.589628,0.18446687,0.186777,0.7757908,0.31126755,0.4463655,-4.1356797,0.82349277,0.7824896,-0.5329721,-0.7539212,0.9334128,1.2169592,1.3442911,1.929156,2.0672257,0.6132445,-2.046667,0.48892593,1.0216277,-4.695341,0.17517948
0.21830517,-0.33441824,-1.3236501,0.51745147,-0.06489989,1.2196336,-3.042316,2.0557256,0.5860684,1.023387,-0.84654915,-0.88480836,0.05529496,-9.866554,-1.1337712,1.9561095,0.12176762,0.2527299,0.61871636,-0.41371173,0.25946894,0.7390879,-1.2339936,-1.2190485,1.0079086
1.1199772,0.11077968,-0.3097533,-0.30326176,0.12107889,-0.09513093,0.09126887,0.58780843,-0.9572751,-1.5442495,0.63522756,-1.1422958,0.0017326698,-0.25542706,-0.40346974,-0.49478474,0.11322816,-0.9581773,-0.3100857,-2.8293033,-0.8536356,-0.39992404,1.4379938,-0.92141277,1.161567
0.11703695,-0.63662815,-0.14409167,0.3473082,-0.107103534,0.23020528,-0.40951163,-0.06070605,-0.24831538,-3.1807003,0.5466007,-0.4415871,-0.419662,0.5690969,-0.39273524,-0.21613622,-0.35797396,2.3618135,0.9797654,-0.69172704,0.701836,0.288925,0.84220797,0.4635008,-0.902439
-2.1940913,0.3445881,0.013507068,-0.2576282,-0.2814583,-0.10526389,1.0512877,-0.30077308,0.20829487,0.62368405,-0.15885717,1.7309825,-0.7979592,-0.68983614,-0.14805585,0.46367025,0.78590846,0.8631781,0.85691583,0.3232468,-0.919098,0.4249005,0.6167036,0.19570264,0.27758816
-0.3138764,0.25853837,-1.0597194,0.8937951,0.38506633,1.6995795,-0.033028662,0.26471463,0.46705276,-0.13530216,0.22950947,-2.0664074,-0.88410133,-0.6832393,-0.28822225,-1.3595722,0.8718364,-3.5212398,-2.6331954,-0.43722945,0.4573639,0.018755592,-0.09127958,0.020503841,-0.8010278
2.9136307,-0.19024472,-0.08679515,-0.3870166,-0.39753905,1.0591497,4.886125,-1.880586,0.5873634,-1.5302231,4.743523,4.489788,-2.090883,1.2997589,0.87170756,-1.623096,-1.1410515,-3.0579095,0.71351075,0.106136166,-6.5606637,0.7863299,-0.6408773,-0.054495513,-0.39910978
6.1583123,-5.1757174,-3.428098,-0.09326267,-0.3987523,0.2680094,0.5773449,6.8621483,0.61545134,-0.1804559,-8.754617,-0.8229588,5.8595324,0.09659794,0.7600832,-0.27807802,-1.0414679,0.15656695,4.927949,1.9782965,0.6006248,1.2230917,0.6446288,8.36577,-0.10310383
0.15768564,-1.1251733,-0.48549736,0.0825263,1.0518793,1.9737546,0.009955689,-0.34724373,-0.5061315,1.7375009,-0.8426676,-0.32124484,0.5095067,-0.079716384,1.5117978,-0.23908219,-0.34015074,0.03326513,-0.74066794,-4.5989504,-1.7394818,0.25582662,-1.529465,-0.77867055,-0.52698755
0.349055,0.49264064,-1.8309824,0.3587315,1.5464239,0.40933675,-2.347405,0.53094566,-0.21703604,-5.3919687,0.1522178,0.19570856,0.07005811,-1.0385126,1.5490627,0.81172293,-0.004874453,-3.523322,0.39767516,-1.8075771,-2.163472,-0.57074404,0.557766,1.6239102,1.0478718
2.6378708,-0.6357624,0.22971612,-2.8449957,-2.229747,-0.375722,3.882302,0.124471426,-1.0942086,-1.5900011,3.9313934,3.3081641,-1.6379225,1.2827072,-2.9585402,0.7694526,0.38416404,-0.14961922,-1.3953617,-0.6006788,0.22795251,1.2136921,1.7201507,0.18838319,-0.88242227
0.09883663,2.1641684,-1.4749445,-0.34167516,0.42933723,-0.23459566,0.80938625,0.49060476,0.24422963,-0.3318349,-0.5760502,0.16978484,-0.116859004,-0.15594819,0.4175228,-0.1974601,0.37058452,1.3989217,1.6482571,-0.45242268,0.60446787,-0.59453213,-0.41144794,0.4099612,0.30641583
0.3457309,-0.32464534,0.12524529,0.5166297,-0.741246,0.44880182,-1.1816323,-0.07942231,0.76925087,-1.1366792,-0.28726077,-0.1925525,0.6428597,-0.63890475,-0.8102311,-0.8260998,-0.78887016,0.20505106,-0.78135777,-1.0847907,2.4163766,1.9019876,-0.07523143,0.5412702,-1.4868958
-0.24562757,-0.8632108,-0.44884104,-0.4871264,-0.5505767,0.25671118,0.34149855,0.20474246,1.6584218,0.16919038,0.4872913,0.2417525,0.1539685,0.80401164,-0.8794602,-0.07255274,-0.11894894,-1.0941525,-1.4792271,-1.0210414,-1.0791126,-1.4121264,1.5377804,1.9194806,-1.5410466
-0.6132761,-0.35990915,-0.7078631,-0.52189565,-1.2840586,-0.32659817,-0.3759755,0.42140582,0.12118265,0.39517576,-1.9890453,-1.492904,1.0005579,3.4687734,-0.38092262,-0.7611811,-1.1268483,-1.3610215,-0.8794981,1.3705344,-0.9081591,0.1751158,1.0644677,0.7844428,0.860898
1.170445,-1.078816,1.0206183,-1.5936333,1.1126229,1.3298666,-0.0071349144,0.07385342,0.16382766,0.717547,0.8449766,-0.3179688,-0.43088385,1.6668826,-0.053820208,-0.031909555,-0.4779916,0.6390629,-1.9198594,-1.0087469,1.0323753,-0.9957351,-3.9938061,-1.077037,-0.75787055
0.37247598,-0.393117,1.7518058,-0.4509527,0.062444508,-2.38773,1.1852427,0.76783496,0.07523757,0.09707269,1.8623261,0.40091968,-0.49174616,-1.9110653,1.5536444,3.8831115,0.3208336,1.0143881,-0.09688166,0.7921537,1.5034714,0.79617596,0.34463012,-1.7988303,-0.75114834
0.40904292,0.78048635,0.61912036,-0.506088,-0.5529643,0.267351,0.39392292,-0.569428,-0.19588697,0.30139452,-0.3492121,0.7923759,0.7262231,0.1934354,0.1743285,1.7622935,3.3375316,0.5152161,0.33443677,-0.9295382,-0.54017776,0.118027985,0.2820544,1.4896512,0.16910768
-2.3725584,0.351973,-0.15516663,0.8331274,-1.0773945,6.178979,-0.26596454,-0.6249336,4.232379,0.26753289,1.0082841,-0.27785492,-1.2621388,0.16076994,-1.4834129,0.38608432,0.05429326,-3.8436635,0.2936298,0.8540386,-5.9775577,-0.32046163,0.13943239,0.5179166,0.9690856
3.4185941,-1.7738694,0.51587456,-1.0855051,-2.7304206,-0.25058448,1.0798209,-0.18873255,-0.20243873,0.6319207,-0.66188085,0.2791661,0.6510806,0.38994688,1.6694287,1.2437167,-0.8952165,-4.7661157,-0.6837049,0.7203321,1.792567,1.1722424,-0.24256575,1.5189662,-0.62789524
6.3517694,1.3938087,0.28357816,-0.4527865,0.96555513,-0.059847593,7.5795608,-0.7616654,1.0442069,0.5602608,10.679554,7.592366,-1.0216463,2.0173883,1.0589622,-0.31453097,0.5089713,3.1396892,-0.27187252,-0.74733853,3.341074,-0.22687048,0.097789496,0.7405561,1.5604552
0.4696655,-1.0973128,0.03641264,-0.5364808,1.5836544,-0.012851089,0.60709524,0.4083902,0.4698312,-5.922099,0.65258473,0.7591609,0.58332646,-0.648831,1.8056064,1.0545781,0.25421864,2.658683,-0.6046516,-3.1285875,0.7113251,0.6555303,0.72413564,-1.9934807,0.71049434
0.6734526,0.002127409,-0.5499605,-0.4085752,-1.436742,-0.0599252,-0.4166179,-0.23376864,0.42898214,-1.7129135,0.8026381,-0.8868525,0.04522559,-1.0263636,-0.88874745,1.410601,1.9175198,0.4463045,0.07349056,-0.47208452,0.40944144,1.9815506,1.5143893,0.61580914,1.1803043
0.02523546,-0.877513,-0.77274,-0.20142128,-1.3038898,0.72245955,-0.43887383,0.7224257,0.96202517,-1.2529857,-1.0673038,-1.2069626,-0.1763567,0.6691844,0.03496819,-0.1609518,-1.1685503,0.27267715,-0.041169107,1.2680119,-0.25438708,-1.9708629,-1.187264,0.18610966,-0.01572898
-0.6191972,-0.67732763,-0.18363923,0.42952916,1.5298054,-1.0050533,-0.5017995,0.5200637,-0.8350397,0.8138913,0.6242122,-0.1548168,-0.6146846,1.7501327,0.8522348,0.16989335,0.670738,0.57889503,0.4970826,-1.1449453,-6.4760537,-5.4587874,0.6391824,0.21957031,1.3757782
-6.063445,-3.9142323,-2.7133515,0.31412637,-1.1215949,0.7799313,-6.7817903,0.30221117,0.67853737,-7.5338964,-9.793287,-7.2863255,0.9666853,-2.2511292,-0.00780084,-1.2728126,-4.4451694,-1.2950344,-0.46833467,-0.2921941,2.2637002,2.6244035,1.2562506,0.028199121,0.1494711
0.91198224,-1.1778595,-1.6923261,0.7477823,3.384064,-0.27799028,-0.63911766,0.32941276,-10.93938,-1.2891349,3.1677372,0.5534122,0.41383666,-0.47183308,-1.5583576,-0.409879,0.161003,-0.019039154,-1.0000226,-7.1315126,0.93501866,-0.06982192,-0.037568733,0.29734513,0.5915789
0.48115897,-0.8711366,-0.39405814,-2.1672866,-1.4142178,0.26286718,0.5470966,0.26020885,0.47963315,-2.4639845,0.27241945,0.19775483,-0.40594548,-0.95003116,-3.252533,-0.49371153,0.80549276,1.5542469,-0.39887002,-0.3712343,-1.3212799,-2.3638158,-0.758456,-0.9109094,0.9406081
0.67886794,-0.05211723,-1.3304698,-0.1572909,0.055186868,2.7105834,-0.75698507,-0.8121806,0.47251454,-0.93613005,-1.2300475,-1.6212378,-0.09381446,-1.3350226,-1.003639,-3.5004947,0.33137715,-3.798609,-1.0615572,1.2690973,-1.2786264,1.2013088,-0.312801,0.53124034,-0.45522445
6.0096655,-0.66306376,0.6433608,-0.26354423,0.48694995,-0.9200738,1.4113884,-0.114762895,1.0365698,0.15974379,6.5466914,4.2485113,-0.08717282,1.1938629,0.03163606,0.16722174,-0.5930018,-3.9467278,1.0469291,-4.374209,-0.19043931,-0.7941623,-0.75071245,0.60115534,-1.9237945
3.802825,2.246332,0.48271084,0.7918225,-0.30728406,-0.46802452,2.584708,-1.0040671,0.5226686,-9.781239,5.095074,4.0602784,-1.0547211,0.27511787,0.975829,0.8658116,0.28262946,2.4304368,0.69781685,-2.0413587,1.2439218,-0.58334255,-0.58663017,-0.07579118,-1.2063804
-0.4806484,0.8427515,0.0327031,-0.521125,0.26744348,0.71802723,0.02812174,0.43464023,-0.52605766,-1.3369756,-0.21745715,-0.08744648,0.5893704,-1.7115661,0.36487657,-0.8534045,-1.2425252,1.6015607,-1.4946332,0.9441133,1.8163778,-0.9969573,0.33590502,-1.2312077,-0.3591909
0.3093331,0.07255459,0.4082393,-1.736129,-0.50189704,-2.9652147,0.18373936,1.7594664,-0.4657534,-0.37016177,-0.49958968,1.1801999,0.3562801,-3.4234736,0.5849662,1.1788884,0.44839105,0.89268565,-0.62789685,-0.21001843,1.6920788,0.27665642,-0.5739251,-0.12289366,-0.8153888
0.032576665,1.9236966,1.1549203,0.79087317,-0.135014,0.39005,0.6531699,-0.07754436,0.4139349,0.23520549,1.0076042,1.4057692,-0.61093926,0.0061962083,-0.8873788,2.253049,-0.63799214,1.1912805,2.0548909,0.9153081,1.0739187,1.3642864,0.56665933,0.9200417,-0.04485844
-0.20067996,1.2742207,1.1517961,-0.0985266,-0.19272834,-2.8058743,0.52971566,0.56731814,-1.5040377,2.1093242,1.2941508,0.9024537,-0.6963935,0.19371212,-0.41010535,-0.49906337,-1.1098187,2.9018855,0.9143332,-0.73987806,-1.5848502,0.33014962,-1.7884943,-1.9529997,-0.24022722
0.2728287,-0.5585604,1.2392942,-0.41052186,1.3162119,-1.7219373,-1.4787818,0.16978568,0.4520833,-0.5246979,0.4243304,-0.57740587,0.9342488,-1.9694957,-0.30321422,4.2051263,0.30517575,0.35570222,0.3697183,-0.7845186,1.6163061,1.8313668,-1.9570284,0.10482052,0.7269204
0.454853,-1.8049707,0.5264108,0.059500664,0.12006788,-0.07793236,-0.32603008,0.89694244,1.9033259,-1.8154564,0.35569516,0.0053473413,0.38689288,-0.7536506,-0.8716013,-2.3450227,0.62131256,-0.004075825,0.72096014,-0.27097374,0.12947178,-0.21329015,-0.7203411,-0.14584365,0.09925264
0.16860972,0.22698963,0.044174075,0.36861306,-1.8676829,2.2096756,0.5144942,0.3346233,0.11449036,0.39006606,0.995831,-0.14145796,0.07028061,-0.9998955,-1.2605386,2.582672,0.6568011,0.5130153,1.148092,1.3763301,-0.96270275,-1.9629444,-0.61869967,-0.5664999,0.051344812
-0.5106987,-0.17268705,-0.45807758,-0.19595128,-0.6488635,-0.4395065,0.10546161,0.5241171,0.2712486,-0.38512975,-1.4962627,0.61783886,0.39378178,0.5997252,0.100636005,3.026627,-0.3491337,-5.87593,1.5164285,-1.1689277,-1.4473362,0.48561764,0.99012905,0.3792995,-2.479197
5.572169,0.040642887,-0.13414258,0.6447882,0.981609,-0.4120263,4.105039,-1.6744119,-1.053755,0.009237558,1.7394753,4.668784,-0.33251178,0.9840751,1.406168,-0.36185238,-0.6574028,-0.3342205,0.059840575,-0.5734893,-0.2850951,-2.0217867,-1.1427274,-0.08474201,0.50084865
0.74130857,0.0063651204,-1.5896631,0.24978296,-0.96490085,-1.453207,1.3628603,0.42507797,-0.21606725,-1.2187738,0.9241588,0.3945874,0.41682422,-0.98226833,2.7335382,-0.37509564,0.2597436,2.6339672,-0.24011613,-0.6539415,-2.672722,-5.671787,0.5327834,0.9225228,-0.8918851
-5.882846,-0.99860644,-1.7667478,0.09517047,-4.305318,0.9976711,-6.64063,1.2220111,-0.36110592,0.92628807,-2.8554773,-4.03329,0.03385371,0.1316829,-0.5555843,-0.74599665,-1.2745974,-5.1506376,-0.9744838,-0.14968035,3.035439,2.3676639,-5.1096625,-1.0354042,-0.43546915
5.9973016,4.0499415,-0.54554534,-0.4473878,1.2433444,-0.37896758,6.7924256,-1.1971183,0.44547445,-0.05666159,9.739933,7.7557697,-0.9739443,0.36947066,0.61674684,-4.1410213,-0.054273885,-3.3731298,-0.2799642,-5.297659,-0.5527977,3.919486,1.0123038,1.166874,0.5530143
10.180795,-0.56765217,2.2265785,-0.27977517,1.7285328,0.90198976,5.388755,-2.4768565,-1.8166223,-1.7066259,7.968984,5.370153,-1.1880434,0.39436835,2.4729266,1.7324729,1.2484182,0.494923,-1.3864422,-2.5234387,0.88629186,0.6828327,0.4186443,-0.322056,2.0097594
-0.8467825,-0.85309434,-2.4498281,-0.78951967,-2.0732226,-0.19158483,-0.006188255,-0.10785117,-0.71513236,-1.0287373,-0.7321002,-1.255853,0.044378623,1.7254032,1.2560387,1.3800011,-0.50059044,1.8138144,1.9899105,-3.479098,2.3029523,-2.0353823,0.023896143,0.37596732,-0.7608981
-1.9000298,-0.63897526,-3.467464,-0.09574485,-1.3505381,0.26747262,1.6760846,0.5303433,-0.31101555,-2.068314,-0.13407508,-0.15334302,1.1795416,-2.1718051,0.84306544,-0.46388054,-3.0388656,-2.2010512,0.09424025,-0.9293729,0.37697142,0.080720894,-1.0302799,-1.3112332,-1.3876349
-0.9157054,2.7663336,1.4681753,-2.4705734,-0.4879198,-2.1414113,-0.26520506,-0.041277945,-0.9134867,0.37386268,0.94863665,-0.6975388,-1.2999974,0.64472336,-0.09535298,0.31080464,-0.71420044,-0.45103872,-0.4013148,1.053939,1.5418005,-0.528805,2.1134727,-0.5737032,-0.62695765
-0.86257464,0.19831495,0.6519699,-0.26547024,0.0021272898,-0.12401578,-0.0202468,-1.040166,-0.739697,0.6396005,2.19459,0.73036873,-0.3426914,-0.031482816,-0.98638403,-0.425872,0.6546264,3.3152082,0.21671624,0.9082178,2.4895866,1.1725274,-1.6035751,0.39847562,0.019755756
0.06268175,0.736117,0.6708089,-0.6605607,-0.22224264,0.74314296,0.28425655,-0.46533507,0.07244012,0.630293,-0.30643785,1.397166,0.93049335,0.08637582,0.4516289,0.2714616,0.1752817,-0.15841298,1.5120991,-1.6299257,-0.7332563,-0.14940763,-1.8262554,0.042109087,0.8606266
0.90846896,0.97650117,-1.357552,1.4181035,1.0372095,-0.85116506,0.3322695,-0.28327608,0.43882427,-1.8692898,-0.9059114,0.20590061,-0.38988593,-0.5185604,0.33633614,-2.0964704,0.16328529,-0.7519601,-1.0176418,-1.3588095,1.8012121,-0.4230218,1.0292637,1.3692307,-0.6731076
0.27219218,0.4357182,-1.2831558,0.57836944,-1.0535198,0.477165,-0.16249686,-0.28659537,0.17252283,0.48225477,0.998828,1.1212875,-0.5811287,1.3466027,-0.28468055,-0.5578704,-0.8157553,-0.11098394,-0.2842596,0.21226695,1.268212,0.8871517,-0.71448934,-0.41665894,0.023690611
-0.21896368,0.6568919,0.09894882,-0.66909087,1.1772603,0.12715888,1.0936909,0.30975574,-0.015882537,-0.757141,0.26788077,-0.06277892,0.68679225,2.1595752,0.75726354,-0.4516854,-0.6842376,-0.34253025,0.8082141,0.72158,0.5325105,1.1143749,0.9849353,0.7446394,0.9289929
-0.62926656,0.09079187,0.48982817,-0.028862983,-0.48839566,-1.4102304,-0.12236835,0.19919795,0.11549413,0.28579736,-0.25446978,0.40213084,-0.38244,-1.097432,-0.3022523,0.50799066,0.45800185,0.32979244,-0.41100442,0.7346976,1.7790871,0.19129567,-0.86495805,-1.0239516,0.6770596
-1.0531486,-1.2299931,0.09763342,-0.58411014,-0.6360923,-4.435626,-0.14976354,0.39547062,-0.87360096,0.863698,-3.5279455,-0.53275156,-0.38999754,-1.1458051,-0.040753774,0.7513864,0.4648526,0.570042,-0.13560577,-0.7603875,-0.31905425,0.3426737,1.4195242,-0.521216,-0.9884473
0.6355394,-0.041338645,0.27742398,0.036788687,0.0010307431,-1.0421135,-0.74205047,0.8488353,0.52320635,-0.8774793,-0.51768,0.14237066,0.6684991,-0.23886423,-1.5399,-4.2429967,1.1322651,-0.25324577,1.5321178,0.1491695,1.2387669,1.0024781,-0.90307844,0.40997285,1.7085791
0.666245,0.8547171,0.8981383,0.76799047,-0.7914546,1.1157216,0.505241,1.3957837,0.61487675,-1.419908,0.68927866,-0.45413014,1.4486657,-0.76144373,-1.0507661,0.4582262,-0.23248678,-0.16023439,0.7195454,2.0439823,0.15401477,-1.5479641,1.7732263,0.54979926,1.2841651
0.3149802,-0.53544146,0.41721874,0.56932634,-0.12798235,0.40100354,0.19142957,0.4107362,0.7322529,-0.07881206,1.2989999,0.79308975,0.10028972,-1.2352881,1.1271846,-0.3102605,0.13103046,-1.2225482,0.7761625,0.91535234,-1.2521075,0.121103376,2.7660575,-1.1020446,0.040505394
0.4201705,-0.02865036,1.0719941,0.07538378,-1.0795822,-0.7989023,0.98973453,0.14061378,0.69504464,0.5266458,1.2271593,0.823901,-0.52840835,-1.561257,0.5499568,0.3621372,-1.163794,-1.0890832,1.4686232,1.5993773,-1.1898355,-0.2500708,1.1101174,-3.7446823,0.36169872
-0.9804882,-1.2560439,0.25131652,0.8954178,1.0459629,0.7066101,-0.720076,-0.017867781,0.12429668,0.36508155,1.106928,0.04221359,0.3297252,-4.1871996,-1.1042414,-0.91646415,-0.41768658,0.43453938,-1.0210323,-0.3563646,-6.3124547,0.8239941,-0.2772117,0.7312027,0.07310998
0.95801735,-3.9688425,0.48486632,-0.54607123,1.2893217,-0.58586395,-2.1893878,0.013026841,-0.6234186,-1.019293,-9.199621,-3.7193143,0.13420507,-0.7299943,0.7601138,2.2960978,-0.18954423,-0.26768512,-0.76543045,1.8310254,1.739439,-1.4286015,1.4534394,-0.6877111,0.58529097
-2.0746803,0.14221393,-0.94150215,-2.648302,-1.4877284,-1.2955779,1.8894093,0.11424849,0.27037203,-1.6398509,0.3761189,-0.26843184,-0.7067552,-0.004963517,0.2410996,0.97222286,0.44670075,-1.7204057,-2.2742627,-5.5575757,-3.8347557,-0.46709436,0.7778496,-1.1578395,0.6372068
1.1168859,-0.87421477,-0.33430228,-0.54354566,-0.4537174,-0.44869518,0.63851327,-0.15739432,0.9480457,-1.3552327,2.0690892,0.27378124,0.36104187,-0.27194205,-0.48104304,0.39031997,0.2533121,0.10492643,0.52518487,0.1154522,0.26025444,0.6405127,0.35139263,-0.495886,0.6153612
-0.30753332,-3.7227173,-0.4354716,0.910322,-0.37400845,0.46358544,-0.079694845,0.3120425,1.8999333,1.0112605,0.047700927,-0.70567214,-0.045185864,0.5366149,-0.10820699,1.1898079,-0.3321507,2.3208642,0.18544483,-0.74994534,-1.6810265,1.0410274,0.59559345,0.19996288,-0.1442855
-0.29625368,-0.9945161,-0.6112516,0.83565784,0.784016,-0.34696975,-0.63582724,-0.06633006,-0.3470105,0.2579494,-1.391581,-0.8007678,0.21497707,-0.39408514,-0.5932119,-0.19309705,-1.2850221,0.16836059,-0.3723898,-0.56224036,1.2679855,0.15528552,-0.7448833,1.4191612,0.37848598
-0.8173315,-2.0642762,0.17256723,-0.136217,-2.3112109,-3.5741074,-0.12406355,-0.039265707,-0.6288212,-1.5306287,-0.13674511,-0.3238603,-0.68992573,0.34629604,0.4550391,-0.6182357,-0.5294926,-2.2685976,-0.18040027,-2.5584824,0.24428365,0.1041666,-1.03853,-0.4393505,-1.2885551
0.78638244,0.7897331,0.036630362,-0.046819746,-0.1758529,0.49706662,2.2896178,-0.49708682,-0.69953954,-2.221004,0.27072772,0.3734582,-1.725179,-0.8518733,-2.6150556,-5.570265,0.16655901,-0.3653603,0.23702544,-3.6164172,-3.0111182,-0.6319499,1.0463041,1.4895172,-0.5800082
-0.9877316,-1.9702759,-0.5213572,0.65740293,-1.6576701,-1.1176445,-1.2779007,-0.4415105,-0.829332,-1.9111853,0.23988155,0.8922692,-0.8488059,3.3088393,0.84141415,-0.30134425,-0.28935716,-0.8142114,-0.33895382,-1.4221544,2.3059912,0.5172654,0.65883994,-0.88029146,-0.263324
-0.103256196,-0.10392021,-0.90032864,-1.106944,-1.9233087,1.2039391,0.6509754,0.38277826,-0.73290986,-1.1866972,2.103159,0.36683825,-0.05620277,-1.2447923,-0.4219828,-0.4150706,0.548684,0.053682685,-1.8263485,-0.23229492,-1.8623294,0.9802455,-5.070279,0.07950154,0.08549568
0.07441139,-0.8678187,-0.03508711,-0.31592596,0.9551443,-2.42106,-1.5416677,-0.08677594,0.08282123,-0.50260574,0.097614706,-0.35841966,-0.21006018,1.1028719,0.66393346,1.0309625,-0.0072939396,-0.6290333,0.25642866,-0.29462418,0.88218606,0.059233934,-0.528161,-0.29329017,-0.02541764
-0.42126095,-0.55640805,-1.1052634,0.04798919,-0.3069276,0.2647294,-0.5722053,-0.21631919,0.64098245,-0.3548777,0.40619656,-0.59621316,0.3434213,-0.67211586,-2.2338457,3.4478495,-0.7096907,1.0414342,0.55670273,-0.964285,0.10229951,0.12687725,2.4797676,-1.1462097,0.062596485
-0.13769025,-1.1032463,-0.9434721,1.2447705,1.1847795,3.8886175,0.31788924,-0.041668564,-0.50967574,-0.54038906,-3.139253,-0.21796262,0.5180018,-0.25719488,-0.56627274,0.19218795,0.93963444,-0.4742173,-0.12199049,-0.6483818,0.9679439,0.0876879,0.13204193,0.12679127,0.4614179
0.2026758,-2.7550747,0.022200748,0.28326637,0.43738484,0.95480436,0.9562737,0.7914759,0.9692565,0.80740887,0.10065609,0.14271058,0.4618578,-0.40033573,0.61807513,0.7908795,0.70295775,-2.8873684,-0.24848378,-5.6017294,-0.63349897,0.4209436,0.76423246,0.7942447,0.7090559
3.4110293,1.9486779,1.5229106,-0.9532671,1.6532797,2.837509,2.7556686,-11.117212,0.46374512,-2.3475914,3.39932,2.2435083,-10.477506,1.1873083,-0.44067892,0.6380212,0.8571583,1.1572673,1.8411443,0.993054,3.2498996,-0.8867594,0.20177558,-17.204185,-0.6743314
-1.3443488,0.85115045,-2.6605735,-0.3385526,-1.290843,0.7793809,0.7583716,-0.3514674,0.84579825,0.6053107,-0.34834749,-0.77025914,-0.48912066,-7.07724,1.3493001,2.6956186,0.29896957,-0.107044876,3.1150703,-0.5399923,-1.7858903,0.07144441,1.9695063,-0.11185301,1.8166003
0.6175422,-0.06577718,0.21170267,-0.11786963,0.7422302,0.02065286,0.553069,0.40707952,0.8489293,-2.0430887,1.0493343,-0.6126034,-0.38041407,-3.8474674,-0.056621403,-0.35240602,-0.17256339,-0.25857544,-0.43617427,2.6667576,-0.68277526,-1.0946375,-4.577628,0.7456193,0.24092087
0.38700813,-0.92185086,-0.33312225,-0.76256776,-1.6859642,-2.1457474,-1.5881338,0.038049456,-0.98270917,1.8794563,0.1873374,-0.9882393,0.55327564,-0.8820329,-1.4398215,0.6441106,0.1419293,-0.71883976,0.4457472,0.77649057,-0.7412771,1.7797194,-0.37706113,-1.2174311,-0.44584906
1.4021173,-0.6318939,-1.3124878,0.13618422,0.25395316,1.2826017,1.9041488,0.44518822,0.90179765,2.071632,0.88155323,0.40824428,-0.009023488,-1.0597094,-0.16370794,-0.48435885,-0.8332385,0.72187114,0.1562612,0.028575897,-0.3549776,-2.234905,-0.15727055,0.48238406,1.3060151
0.18133739,-0.7720775,-0.62706643,-0.12213234,0.75680405,-0.08759856,1.0020007,-1.3178205,-0.6851078,0.39744067,-0.050688088,-1.0608867,-0.16473739,1.6428893,-0.4024753,0.63598764,-0.70984614,-0.7955851,1.3431978,1.4708062,0.43673646,-0.70635283,0.59674245,-0.19393818,-0.8874482
-1.3248338,-2.524068,-3.0951195,0.24934709,0.6837231,0.1070925,-0.11294806,-0.55106544,0.0025912523,1.3265388,-0.32381302,-0.77257645,-0.41373694,1.8750384,-1.0069401,-0.82272637,-1.8813591,1.477882,-2.23511,0.30141953,-3.056748,0.70027983,0.6548371,-0.99060774,-2.4819198
1.3302977,-0.855583,-1.9670688,-1.1539826,0.8555328,0.36198515,-0.28561938,0.35334134,-0.64221734,2.0221543,-0.16500843,-1.6771064,-2.4171767,0.071222246,0.8006355,0.9871714,-0.80761224,0.8365976,0.38445735,1.0842525,2.7208724,0.09951317,-0.7854789,0.9542917,0.16587797
1.8037169,-1.3148298,0.11992868,-1.9445208,0.7033518,-1.666868,-0.28318888,0.5244959,-0.30957747,1.4409407,1.1355836,0.48672295,1.7323438,-2.0651593,0.42735416,1.6475769,-0.1320998,0.76335067,0.28792804,-0.021960229,-1.5080123,0.3079894,-0.35235977,1.5560541,0.7516389
-0.9039596,-0.7004471,-0.8420793,0.57545733,0.9649013,0.15544005,0.6820852,0.5237834,-0.56122744,-0.37531105,-1.011376,-0.76625794,0.6891227,0.888011,-0.61053634,-0.8830585,0.26911664,3.352396,0.28585252,-1.068501,0.03236434,-0.056570157,0.4118998,0.48608378,0.41396365
-0.10524392,-0.16454399,-0.45381755,0.21937191,-0.59676886,0.9392041,0.2555679,0.15000668,0.23917228,-0.6396695,1.6277869,0.40190285,0.14713393,-0.62362105,1.492038,-0.27047053,-0.7637215,-0.9356557,-0.48757094,-1.7419305,0.81710005,1.3816411,0.26704267,-0.27119103,-1.0335851
-0.41495842,0.65023774,-0.26891708,-0.037032515,-0.048322186,-2.1679978,0.64599246,0.36182737,-0.20269448,-2.533052,0.54030097,0.5064636,-0.17162326,2.0164251,0.28254217,0.22855228,0.26102167,0.73256767,-0.082607806,0.37507135,-0.54793084,0.6566489,-0.81751555,-2.4229589,0.14428082
-0.2494961,0.8705568,0.095536225,0.0495584,-1.8487409,-0.25830397,-1.1213384,-0.42928866,0.79885083,0.59984887,-0.07408455,0.34613737,0.7362311,0.59237075,-0.65516067,0.73087364,2.8370912,0.7094945,1.9567361,1.3626562,0.22110313,-3.85146,-0.41328925,-0.36188105,1.3121443
-0.18612683,0.2534854,-0.6566337,-0.068921566,-0.729823,5.077453,1.3249516,-1.0691874,1.5317068,0.22246833,-0.91785014,-0.12019555,0.10349229,1.0075257,-0.35215783,-4.5717154,-0.12133342,-2.864508,-2.6061175,-2.3697453,-1.8284354,0.028242111,1.0961854,-0.15094703,-1.1967514
1.228688,-1.815921,0.26973385,-2.3029659,-0.15925232,0.1877689,1.501566,-10.940176,0.36067295,-0.44456667,-0.17661631,0.32736078,-11.550189,0.07390344,0.46660855,4.097584,-0.05078569,-2.0390375,1.6396945,-1.5555803,-1.0486758,-2.5776706,-2.0009172,-17.90158,1.302831
-0.8077794,-0.31462878,-4.6039133,-0.75151867,-1.9292097,1.4195355,-2.5640123,-1.2952956,-1.9416237,-2.9830556,-1.0970336,-1.7169598,-1.348114,-7.909112,-0.31821656,-5.2992425,-1.6955756,-0.8091252,2.4181318,0.45437068,-0.048725784,0.34728664,-1.5862656,-0.45986563,-0.153177
-0.10941103,-2.4905825,-1.0366316,-1.5198376,-1.5361462,-1.0697978,-0.20840839,0.82057667,-1.0609944,-0.04364515,-0.53862876,0.033358246,0.62293684,-0.45732313,1.5640777,2.177499,1.3103445,-2.3772762,-1.4243116,-1.614263,-1.7656882,-1.0621189,-0.14496584,0.38450986,-0.7019002
-0.7052805,0.31956643,1.191135,1.2011523,0.970806,0.263839,-0.25575507,1.4610236,1.8304433,-0.33298752,0.0057251155,0.7646996,0.5623652,1.2165554,-0.8130618,0.6677189,0.37666368,0.47985056,1.9350805,-1.5191888,1.8344374,0.86824095,-0.38532972,-0.7471282,0.7614387
0.1425845,2.0138192,1.4895833,0.16789195,-0.18022762,-0.64997864,0.7989256,-0.18177797,-0.3328019,-1.4325377,1.2833602,0.8765173,0.42411917,0.075618625,0.1902188,0.6981856,-1.0959469,-0.9843622,1.5388075,-0.5959363,1.9370229,-0.5757015,-1.1626575,-1.6608846,1.7568767
0.23462391,0.6651871,-1.2189485,0.06602794,0.18931037,-0.24244985,1.0719767,-0.14385849,-0.65707827,-3.9154491,3.1059701,0.54888505,-0.5878472,-1.667206,0.4167143,0.78772867,-0.47861153,0.12598251,-1.8246447,0.3154614,0.17055953,1.9148817,-0.62229407,-1.6247439,-0.6465511
-0.96267235,0.45814723,-0.24388504,-0.7857276,-2.5690222,-0.46845305,0.73022586,0.44364977,-1.272795,0.0009121895,1.1079358,0.59984875,-0.21741828,-0.7769507,-0.19190912,-1.7591741,0.28065604,0.9396719,-0.76735777,-0.045470953,-0.38893872,0.88021207,2.0832531,0.32119945,0.34422904
1.0552996,0.35807657,-0.22583126,-0.8108232,-0.3827442,-0.2456769,0.70977926,0.21728307,0.13787292,-1.2424469,0.87206864,-0.11008623,0.61684334,-0.2124947,0.86521137,-1.0673213,0.7511996,0.21340948,0.05677558,2.7248826,-1.4433305,1.0643386,0.58443105,1.4084517,0.8015033
-0.05161448,-0.429529,0.92295325,0.12670164,-0.32035446,-1.1284571,0.22812709,-3.2676907,1.7387493,1.5953678,0.35990062,0.030763209,0.6963506,-0.083153665,0.762293,1.3316892,-0.7763087,1.7374058,0.6489333,-1.7528968,-1.196167,0.19768167,-0.42834118,0.2560574,-0.43706733
-1.1429201,-2.3385472,-4.1672435,0.16389957,-1.4628174,-1.9010632,-1.0423982,0.20319897,-0.58628476,-2.3938127,-0.45014822,-0.5035449,1.0314145,0.6745002,-1.0079501,-2.047366,0.54429024,-0.9371696,1.1535046,-0.20426154,-1.6281903,-1.4056112,-1.4414164,0.45186225,-0.5299855
-1.8100812,0.66832244,-0.06206016,0.69088036,0.45122963,1.4512539,0.08687702,-0.78346586,-0.33002323,0.35320726,-2.378276,-1.3720124,-0.77042353,-0.63443255,0.5125643,-0.8712517,-0.16856262,1.0486858,-2.0467756,2.3171678,-0.64873445,0.594138,0.8203789,-0.28186238,-0.86131
0.50124514,-0.5381241,-0.56572175,-2.3103514,0.4871673,-0.08377878,0.51526415,1.3194987,-0.5680661,2.1342397,0.8164513,-0.46501195,0.40756047,-0.44287214,1.07893,-0.57703173,-0.2473572,-0.9154446,0.099633604,-2.2107713,2.051973,0.4322474,-0.85333836,0.8377346,0.4193856
-0.16101804,1.1041437,1.0293708,-0.21594726,-0.10521292,0.39127567,0.6103533,-2.0676837,-0.08864215,-0.16243088,2.6667378,0.60117835,-0.9634616,1.1127663,0.4062479,1.3181156,0.29975045,0.7021627,2.2898414,-0.62724036,1.3403143,0.3055677,-0.987974,-0.22271454,-0.5422127
-0.54989815,-2.7910304,-1.7571125,1.1331182,1.3497632,1.4921407,-0.12258142,0.43975183,-0.09950715,-1.017976,-0.8871269,-0.029205456,-0.08876181,1.3293558,1.1222785,-0.4870003,0.55364144,0.34278196,2.5371609,2.6302726,0.504422,0.25315973,0.31346008,-0.6843079,0.3957753
0.60073185,0.791543,-0.9157215,-1.2062973,-0.3614205,0.3555852,-0.14831695,0.5487269,-0.7425021,1.7449453,-1.1218743,-0.33486727,0.09313807,-0.43560648,1.8798293,-0.10200693,-0.2553101,-3.3760247,1.0847857,-1.6092311,2.354865,-1.1102998,-1.1987237,0.17815404,0.062153153
0.5669742,0.2664498,0.48883322,1.1635287,-0.059607506,-0.6433897,3.2935576,-1.5593845,-1.3303654,-2.3440013,6.015997,4.747963,-1.5045357,1.0658958,0.45918727,1.4140298,-0.55082846,0.034967214,0.27412522,-1.8938036,1.3006959,0.002705805,-1.5802917,-1.3487631,0.57166564
-0.3862695,-0.9852779,-1.7941922,-0.84106493,-0.7061452,-1.3090281,0.8143846,-2.136127,-1.1501536,-0.42371273,-1.3977656,-0.0876168,-1.3219786,-1.5311664,0.54304826,0.6153703,-1.1207445,-0.24605113,-0.7496372,0.55273134,1.1622947,1.5900319,-2.6926692,-1.1950076,-1.6694822
-0.021578468,-2.4703894,-2.6923707,0.46833003,-3.102265,-1.9045986,0.0040305704,-0.54397863,-0.42868465,0.75696576,-0.4600666,-0.37744737,-0.20881784,-0.34690648,-0.078170806,-2.2303987,0.080714464,-0.13946152,-0.31932253,-1.4896026,1.143281,2.439635,-0.1308856,-2.628457,-0.4312266
-0.087499484,0.15614839,-2.3125763,-1.1702662,0.3322773,-0.538911,1.2469668,0.39070672,0.18475309,-0.7155112,-0.09798361,-0.46236026,-0.41953683,-0.22597368,0.24334687,-1.2847507,-1.1906011,0.122204244,-1.976777,1.8372017,2.5525067,-2.2579784,-0.10381348,1.0780787,0.05688554
-0.019522846,0.34598362,-1.2636207,-0.6454694,0.01904422,-1.4602275,0.42918915,0.30347762,-0.9906994,1.8965383,1.8390775,-0.39470565,0.047110327,-0.59400105,-0.46780363,-2.6318882,0.6230533,0.005496025,-0.88351274,-1.3620762,2.378212,2.1898754,0.22568125,0.7196804,0.79204184
0.3518408,-0.7033073,-0.82665306,-1.0413713,-0.13471979,0.98157734,-1.1724895,-0.7191796,0.53681433,-0.20452547,-0.1377221,-0.6609419,-0.25347838,0.031962276,-0.8078207,-0.9567743,-1.0196016,0.7064755,0.6894417,0.2335792,-0.37255034,1.5491447,-0.5928502,0.8556448,-1.3963745
-1.2121271,0.3905208,-0.95492995,0.08535087,0.04148805,-0.8908086,1.2525811,0.3834903,-0.23103952,0.89443576,0.6998369,0.15930331,-0.28418976,-0.34560162,-0.55222595,1.9596479,0.05553171,-0.20068616,-0.025107682,-0.70390356,-1.0399199,-0.7324841,-0.7275933,-1.0724515,0.12511414
-0.73601484,0.97346437,1.205187,0.7348801,0.5629237,-0.009027392,-1.3495737,-0.4790223,0.088786006,-0.17019777,-0.16141087,-0.062268138,-1.1830926,-1.187604,-0.15109542,-0.60080457,0.46186584,-0.4724008,-0.8865119,0.3444362,2.5569193,-0.55957896,-0.6378454,0.7335609,-0.34359625
-0.5006976,0.228656,0.14197412,-0.62056977,-0.50647914,0.032595396,0.979383,-0.15483247,0.95415056,0.2960927,1.1325853,0.42381275,1.513747,0.6735056,-0.462735,-0.049803644,0.070994735,0.19150151,-0.6259826,0.30608135,-0.827319,0.9630682,-7.850779,0.83606714,1.8354864
0.85967624,0.13756004,-0.013165541,-0.3517839,0.49817324,-3.1060016,-0.5287907,-0.58496857,-0.07217834,-0.3997854,-0.17335537,-0.8711909,-0.060036287,1.1656618,-0.36694577,2.4440174,0.6508316,2.0306547,0.76352125,1.060749,-0.13904546,-1.5148524,0.010690689,0.76100206,-0.24858521
-0.25730374,-0.4397325,-0.75233054,0.16545823,-0.38833284,-0.26787657,-0.6683805,0.5862325,-1.0363687,0.091508865,-0.90605843,-0.047412097,-0.7131463,-0.39299145,-0.83144,0.1694144,0.36915126,1.2315335,-1.1905136,-1.1568776,-0.96224487,0.05547121,-0.4883204,1.0064721,-0.5134738
-1.2668988,-0.14750873,-0.6799655,-0.26586333,-0.3108843,2.146384,-0.9886819,-1.2333754,0.9042655,-0.8246058,-0.8236954,-0.39891422,-1.536514,0.2609933,1.031239,0.41049498,-1.3130232,-0.7594483,0.31049967,-1.7067888,0.3585443,0.025412353,-0.98393273,-0.07669568,0.9519601
0.35722074,-0.8796866,-1.0740781,0.25206715,-1.0045662,0.028080106,1.6750672,-0.69552153,-0.9994016,-3.1183746,0.8313092,0.9542661,0.57260233,0.52820677,0.93766403,3.074346,-0.40104714,-2.5486019,-0.15400922,-1.3173176,-1.35491,-0.32385755,0.21395096,1.2626287,-0.37109548
-0.89730763,-0.40874785,0.12888896,-0.43773606,-1.1686842,0.59354335,-1.4656682,-0.29762352,-0.2971065,-0.88228196,-0.21912287,-2.4456449,-0.9445293,0.57637113,-0.98055285,-1.9310818,-0.45089766,-0.033681735,1.0536149,-1.2091011,-1.1209854,2.0069404,1.8039682,-0.31605238,0.12164652
0.19019508,-2.1322634,0.1892482,0.617829,-0.4645644,-0.12334317,-1.6132491,-0.4671234,-1.4357791,-1.161023,0.47673598,-0.7558409,-0.62230355,0.5136128,1.3888868,0.6797584,-0.24872491,-0.19639707,-1.8195901,-0.6207151,0.11180037,4.745068,-0.35976267,-0.24360317,0.6209327
5.925567,-1.3482517,1.7914349,-1.6020886,1.9522424,1.0969694,3.9544313,0.30042496,0.6713262,-0.18626785,5.296483,1.7568923,0.44266647,0.04434855,-0.34649473,3.5317857,3.7020993,1.1684351,0.5389347,-2.306192,3.231852,-0.6708204,0.959795,-0.34843907,3.432498
-0.87124,2.2522671,0.9254685,-1.0348316,-0.2914037,1.777185,0.98286855,0.5040578,3.6927233,1.602552,0.74853534,0.13160214,0.5834279,-0.6917161,3.0432203,1.0707529,-0.83045334,1.5473382,0.16370969,0.20450172,0.6791965,-0.5210221,-0.9407738,-0.071439624,-2.2070901
0.59649426,0.15837687,0.9523494,0.55030334,2.596169,-2.164259,0.63624287,-0.81686014,-1.9589024,0.9513873,0.50373787,1.1250763,0.257227,-0.15939438,1.782083,-0.5053581,0.3494653,-0.6990202,-0.14732641,-0.62847054,2.2412388,0.16078687,-0.9557648,-0.2013255,2.7087905
0.08643782,1.4831913,0.6310808,-0.13300022,-0.84323823,0.23893091,0.2907428,-0.11862022,0.828573,-3.9443958,2.7547412,0.01576227,-0.45632508,0.0075097233,-0.9965631,-0.24008372,0.49172896,1.267489,-0.33979332,-0.753046,-0.98135304,0.38981855,-0.7706579,-0.44797352,-0.056593925
1.0183811,-3.0897207,-0.831324,-0.21994717,0.39927208,-0.5505041,-0.57061297,-0.16162208,-0.3863244,-0.42152286,-1.3854113,-1.3135824,0.8436389,-1.2736129,0.21222489,-0.9169909,0.77314353,0.065506026,0.13385609,1.6991801,0.0937922,-1.3054798,-0.05413431,0.6496848,0.049147666
0.2614702,-0.80936503,-1.1788602,0.7743506,-1.0006838,1.3298483,-0.82143295,0.21671519,0.23158324,0.2932075,0.44692135,-0.4823791,0.64583564,-0.50212294,1.5560102,-0.39942855,-1.4858465,1.0403795,-1.2950366,-2.0878122,2.575998,0.32673275,1.3219538,-0.091312654,-0.4883283
0.8241341,0.23443988,0.28380507,-0.065339476,-0.42941076,0.32088745,1.6177568,0.85061616,-0.32490018,0.047421455,1.7085506,0.6623519,0.4840107,-1.4873542,-0.18616119,1.4521768,0.5569035,-0.22483087,-0.2967744,0.2609343,0.108650446,0.10581395,1.0727713,-1.0361888,2.1566782
-3.032948,0.5605334,0.78055274,-0.4614417,-0.7275275,-0.3483557,0.23761049,0.17431746,-0.260939,-1.2833633,1.3980128,0.16740017,-0.7646115,-1.5639691,-0.21866459,0.00088135153,-0.6708649,1.5834981,0.236531,-0.15148732,0.8149277,1.8704815,0.4231288,-0.32872158,-0.8558071
0.76145166,-0.45685506,0.2621582,0.35218525,-1.171728,-1.7745311,0.256535,0.19950055,-1.1829759,1.3231103,1.3064463,0.82548285,-1.091869,0.015978932,0.4100658,-0.016246796,0.68245673,-0.3438433,0.061669216,0.46250686,1.0209937,-0.06672071,0.9540279,0.29332995,1.3426794
0.2866649,-0.040725946,1.2333764,0.18296336,0.21576476,2.1402178,0.46514648,-0.9155788,0.425875,0.81368047,1.9138386,-0.87094027,-0.59536445,-0.9382154,-0.44041872,0.934286,-1.26395,0.4260885,0.6376412,-2.537065,0.86494493,-0.45682794,-0.35345212,-1.1236899,-1.0587475
-1.0839115,-0.57320106,-0.34134924,0.6628396,0.0052749515,-1.4863415,-0.53775257,0.55385065,-1.5497756,-4.257972,0.9496345,0.7525421,0.7999686,-1.0673078,1.5334746,3.8275542,-0.21928188,-1.0061216,-0.0034080371,-1.2090715,0.22268963,0.7173417,-1.5487298,0.058268752,-0.9461025
0.113357395,1.8589623,0.70711845,-1.19673,-2.042354,0.79798305,0.9779321,0.72566974,-0.2105537,-0.9944441,1.0728376,1.3786688,0.23313108,0.53238356,3.5635934,-1.401562,-0.3649587,0.4488082,0.42933536,0.36755586,1.162374,1.6574708,0.5099663,-0.39708042,1.5572488
-0.8890832,0.9431234,0.47367293,-0.9695315,-1.2801507,-1.836437,0.28717545,-0.061443225,-0.635815,0.2944024,-1.1980315,-1.4724097,0.33817735,-0.48960507,0.13309833,0.7319331,-0.28261438,0.6187198,0.5601461,0.18656868,2.2905273,0.0072601438,0.516632,-1.5457008,-0.77485657
-0.8029745,0.6034178,-0.11853267,-0.6168104,0.17919348,0.11911355,-0.6427576,0.806909,-0.20079154,1.875077,1.6999354,1.0862961,1.0030332,0.396569,0.5482067,-0.12247497,-0.8290619,0.74900997,-0.15880758,-4.753051,1.3658653,-1.8848226,0.74862605,1.0846355,1.0096067
0.21986824,0.48910475,-1.4554356,-1.2692254,1.7404172,-1.3430054,0.9563428,1.4401711,-1.4459083,-3.0961878,-0.31014848,-0.29228747,-0.6649061,-0.52089155,0.8768029,-1.2353446,0.038202755,-2.922985,0.36375096,0.5591183,0.26495355,-1.238572,-4.809727,1.2624066,3.06516
-1.376525,1.3424902,0.6887162,1.0306424,0.69474185,-2.4959042,1.5118604,-11.294544,-0.41671437,-1.2748839,0.883725,1.3397058,-11.148887,0.67115176,0.50254565,0.07416943,0.17609014,1.6087292,0.42566878,0.20334819,-1.2987195,-1.6919014,0.9594456,-17.94772,0.24862562
0.40664688,-1.6721617,-4.3100953,-0.05808817,-2.9351652,0.065090895,-3.8473802,0.47774398,0.43505013,-0.031611443,-1.6238896,0.41769463,0.894891,-7.217977,-0.5107477,-0.5391703,-1.6886014,-1.2815976,1.7513502,1.610884,-0.9523885,0.96248156,-0.96359634,-0.7633349,-0.7446621
-0.44205195,-0.4322513,-0.42211753,-0.045164824,0.03957914,-0.22881779,-0.44249737,0.18708433,-0.60805625,1.3849046,-0.6887372,0.0022226572,-0.23845348,-0.25628752,-0.05894848,-0.19274953,-0.35879135,-0.0508101,1.1704655,-4.158341,0.59911823,-0.9580134,-7.7123847,1.4408017,0.39851698
-0.97995394,0.030815706,0.40301284,0.38055047,-0.3124994,-2.1430278,0.71992946,-0.88975084,0.23219444,-8.983173,1.5768951,0.6211967,-0.13655485,1.2857761,0.8434035,2.6071787,0.6796696,0.6522523,0.12926883,0.46549147,-0.5593727,1.2084287,3.0044644,-0.1981549,-0.0006465912
-0.7816253,-1.9840741,-0.09377408,0.20968413,1.247511,-1.0282108,0.13179602,1.6272237,-0.6304403,-0.7681432,-0.34737235,0.42515635,-0.11186731,-0.6694338,0.16536275,0.70144594,0.2531038,0.837229,-0.16335784,0.07562065,0.94729525,-0.082150996,1.4206029,2.014724,-3.0730171
0.38883865,1.5640713,-0.8691324,0.66591996,-0.37684423,0.123666,-0.71781266,-0.039850518,-0.23945332,-1.7778959,1.0093096,1.383954,-0.123571634,2.0290866,0.59615505,-0.82528657,-0.6152571,-0.05423455,1.2572738,0.73727655,-1.8391275,0.3112135,-0.8910532,0.32107922,-1.0587475
-0.37785515,0.43994194,-0.5298572,0.8364617,-1.327433,-0.07055193,0.96062326,-3.629749,-1.4465814,1.6100068,0.2149945,-0.2739417,0.5462567,-0.34082526,1.2052122,-0.6562851,0.089354336,0.73497593,-0.7289722,0.57626474,-0.4936871,-1.6069182,0.7618555,-0.6449388,-1.2482883
0.069351606,-3.2592719,-2.0381482,-0.70020425,-1.1122724,0.0440713,-0.7925924,0.19809389,-0.23612282,1.2138911,-0.9253257,-0.46566182,-0.5269904,-0.80880356,0.7006277,-0.28575402,0.7709601,-3.5364969,-0.72861373,0.4155388,-0.5939115,-0.28340295,-0.19146544,-0.06794791,-0.24771324
4.033447,-0.074416354,0.58960956,0.83479404,0.9451192,0.66951114,2.5772605,-1.8213154,-0.1944701,0.34952152,4.675429,3.7209346,-1.2128236,0.17044795,0.26300356,1.4065921,-0.646574,0.39738405,-0.23495518,-2.5001347,3.0080912,1.6919699,1.4180032,0.2235188,-0.5722364
0.18172136,2.2928562,-1.880111,0.08879511,0.47278345,1.3891504,0.0043578018,-0.30203766,-0.51822215,-0.518151,-0.634115,1.1606702,0.13383502,0.32162637,2.7580674,-1.095352,0.16679896,0.486575,2.6714995,1.3946937,0.83190745,-0.24801572,0.5560152,1.2325039,-2.2300177
-2.4355097,1.3677454,-3.1303802,-1.6847527,0.6324029,0.51823264,0.2797409,-0.119789466,-0.9855907,1.195898,0.90025735,0.012040213,-3.6865857,-0.8253609,0.5596495,1.2327838,0.092348784,-0.16530421,1.7888544,-1.1256701,2.877153,1.5828046,-1.164514,1.6679832,1.3709964
2.1820354,-0.9299982,-0.00977774,-1.2552909,0.28644562,-0.17964207,1.8027205,1.224741,-0.24935815,-4.6298237,1.2619188,0.18395022,0.1524664,-1.2719638,0.84512746,-0.22716567,-0.592013,-1.9094151,0.5466125,1.1104308,2.448285,-0.53517914,-0.9967597,1.9975588,-0.17108855
-0.66341674,2.0927706,0.73306525,1.0002115,1.8637553,-0.2879548,0.17241406,-0.14081372,-0.28010637,0.29043558,4.1392183,1.0254675,-0.06738581,1.8749493,0.3104859,0.9605703,-0.20953313,1.8448968,0.6868563,0.18222499,1.0522989,0.20287003,0.1938349,1.7691252,-0.098490536
0.38011724,1.2766678,-0.3423469,0.043197513,0.17732078,-0.6407226,-0.49242598,5.5974607,-0.06815114,0.33878538,0.45295048,-0.9683617,4.381534,0.38429713,-0.21212262,-0.8200184,0.441418,2.382543,-0.6423969,1.121277,3.2080646,0.6329256,0.060688928,1.6719779,-2.083186
0.6368539,-0.8110688,0.4950992,0.39714158,2.044938,-0.640076,0.80268526,-0.012215972,-0.9162679,2.5254712,-0.41847444,-0.008490644,-0.09513661,0.26114613,-0.9178984,1.6437505,0.8246703,0.49366787,2.3979983,-0.5850365,-0.5108207,0.11408316,-0.6271212,0.01622656,-1.6183261
0.1734969,-0.26118085,-0.59934753,0.03494233,1.3394115,0.5559085,-0.7045202,-0.17301503,0.46544516,1.5707332,0.90891486,0.5638433,-0.42849454,0.39451855,-1.628266,1.8321359,0.21022522,0.029782176,0.5181581,-0.41872677,0.63790196,-0.8985845,0.51023227,0.78113455,1.5424893
0.8143518,-0.28675842,0.24005184,0.26670274,-0.37923947,0.050696224,0.82531166,0.10029256,0.05251977,-2.3105025,0.324291,0.9468173,0.6611637,-0.034607142,-0.023612887,0.60263306,-1.0162218,0.06864835,0.9788197,-1.2542586,0.6181964,-0.46535516,0.40674913,1.9911704,0.88758504
-1.2490845,-2.4258204,0.20153016,0.6514418,-0.608057,2.675065,0.5236616,0.37455475,-0.21579355,-0.5326127,0.5898094,0.6240339,0.87882185,1.4575022,0.532831,0.8928531,-0.16327724,0.30106378,0.7658143,-0.028272301,-0.83924806,0.50327516,-0.7651122,0.7577244,0.8968285
0.51248497,1.2621028,0.8742374,-0.83335364,-0.6479788,0.1790773,-0.8495195,0.18124339,0.5448647,0.64554036,0.5715069,-0.20630129,-0.27911663,-0.87155616,0.4168617,0.64295816,-0.16085412,-4.255638,0.023764608,-3.996521,1.3023443,-0.26466203,-0.88949585,1.4345948,-0.7193674
3.1940813,-0.0888395,-0.034228947,-0.4805513,0.4042123,-0.12636012,4.905871,-1.8911748,0.4414134,-10.471218,7.692137,5.836293,-1.972801,1.1266633,-1.0485735,2.014802,-0.5145761,0.6803916,0.22203296,-0.745885,0.46729687,0.2624808,-0.122285426,-2.5191603,-1.2144114
-0.5043703,-2.1923454,-2.3074532,0.15963386,0.14097947,-0.51535356,-0.32182476,-0.010891557,-0.033151,-0.20086324,-0.42163002,-0.028619688,0.24396393,-1.7350864,1.1938616,-0.03080821,-0.32469428,2.0960183,3.4385538,-2.2598138,0.874302,-0.7302585,-0.8138848,0.15636595,-2.5987086
0.64726377,0.7107182,-0.46687436,1.2386781,-0.053039074,0.89756554,-0.092784435,-0.07075818,-0.5164147,-2.02275,0.21396597,-1.9549689,-0.22809371,0.11703658,-0.80593157,-0.63039005,-1.0523331,0.24929851,-0.7998854,-0.4596007,0.6443408,0.1623193,-0.91894245,-2.694608,-1.410841
0.6073011,-0.6367585,-0.07196731,-0.94823545,-0.4832181,-0.9630759,-0.5122875,0.5265228,-0.8007376,1.1392773,-0.29421222,0.009110004,-0.3957648,-1.236099,1.0483185,0.64783996,1.0579609,1.4889649,0.37868983,0.49160522,-1.0001266,-1.1304052,-1.1347246,0.9699152,0.73353887
0.14559707,-0.96873397,0.15263228,0.74059504,1.055362,0.24207985,-1.039958,0.6444318,-0.32226434,0.76999974,-1.1859465,-0.2423923,0.22183609,0.2758506,-0.6637498,-1.1420466,-0.15448359,-0.5813942,1.316676,-3.1057801,0.8700695,-0.6558194,-0.20179144,0.24575116,0.05392754
-1.164182,-0.04523751,-0.14656001,1.9174584,0.6789652,1.467837,-0.7613028,0.13364059,0.11454094,-1.8611964,0.6519536,-0.7100704,-0.13956672,-0.01167348,0.57812566,-0.85133547,-0.32944787,-1.6844976,0.34393325,-1.9963881,-0.50395066,-0.21439767,0.25228995,1.6257478,-1.6267482
0.904069,0.69831,1.2177826,0.40900812,-2.8741467,0.33543837,0.23394059,0.40103355,1.9606054,-2.8805394,-1.0547463,0.60064447,0.13682692,0.8068409,0.83101547,-0.1842013,-0.68027556,-1.6589996,-0.3309395,0.11766094,-0.25148648,-1.1344035,1.3029197,-0.4404361,2.0270486
-1.2836221,1.4445513,-0.02794969,-0.4124524,-0.6065363,1.7003034,0.7569339,0.6960129,1.6814691,-0.2930509,1.7049463,-0.461415,0.2790472,-0.63934946,-1.1115353,0.5056739,-1.1643476,1.2435027,0.31327495,-0.6001725,1.0135722,0.3232969,0.17392085,-0.106975675,0.7614387
0.79670244,0.117356986,-0.19768888,0.40544796,0.8049879,-3.1895173,-1.4258738,0.25635925,-0.8365707,-0.2186957,-1.1369935,0.07547784,-0.8936975,-1.2271405,-1.643704,-1.279504,0.15304512,-1.7535218,0.970333,0.6449263,-0.111971855,-5.771449,-0.46352535,-0.40221867,0.24409795
-6.754452,-0.42221648,-1.3763064,1.4477305,-1.7333802,-1.0526619,-8.82167,-0.7816204,-0.82985026,1.0885901,-4.9418592,-6.321353,-0.9935739,0.011269823,-0.4218452,0.46032044,-0.34658584,0.60683453,-0.2127564,0.6061104,4.2205067,0.044696838,0.76117235,-1.6321751,2.118164
-1.0083652,-1.9377251,-2.61622,-0.13161193,0.9847803,0.5732395,2.4190516,-0.27905577,0.6098898,-0.31850868,3.2184806,2.365478,0.48970792,-1.7543148,-0.8293748,0.3701561,0.80256164,-3.877386,-0.60549456,-2.531383,-0.46880016,0.5279785,0.80927867,-0.5677087,-0.3208782
5.2811713,1.6824824,1.0413923,-1.278128,-0.116604805,2.2693744,5.2992535,0.72446054,1.0700961,-0.13643074,6.9893575,6.5778403,0.41716582,1.7660944,0.78014135,-1.2885922,-1.3603518,-1.7768589,0.76825255,1.8879247,-2.5109603,1.6188527,-0.92598873,1.4984353,-0.43572593
1.4281317,0.08514929,0.40652323,0.2602324,-0.1280054,-1.7722617,0.08198583,-0.39462602,-0.46022072,1.8773991,0.62310445,-0.0109348595,-1.0311537,-0.7761502,3.3133483,1.3765702,1.1444747,2.5875888,0.7570449,2.1417968,0.076095104,-0.14404412,0.15458608,-0.94761616,1.8908275
0.39898914,-0.8427402,-0.1907354,0.24933225,0.37657627,-2.4782271,-0.5693786,-0.07761788,0.9803419,-0.3355317,1.6989214,0.59423757,0.37036043,-1.2285116,-0.77577305,-0.36789826,1.0349504,3.5801435,-0.40907413,-0.97076285,2.0194242,0.09271619,-1.7312875,0.16240203,1.7001939
1.765006,-0.28656566,-1.3653401,-0.78492665,-0.23097134,-0.59019214,0.7899864,-0.36060667,-0.14423054,-3.7024884,2.0405183,0.7675828,0.14713393,-0.77988684,-0.30063128,2.2719946,0.5051201,2.5567212,1.1508363,-0.21636546,-2.5201354,1.5524563,0.9859713,-1.0292665,1.3919629
0.5272651,-1.4137738,-1.4034024,-0.2214102,0.39944088,-0.55896044,0.21247801,0.8230261,-0.32047704,-0.17927802,-0.5133108,-0.09749314,1.030691,-1.8938979,0.83981764,0.91734755,-0.000949502,-0.5300732,1.698561,-3.1767893,0.3443514,0.49960923,-0.14390603,1.7728627,0.5989009
-0.57525885,0.7545958,0.34047082,1.6004081,-0.004853457,-0.17327794,-0.85038316,0.9142308,-0.48152167,-1.3526913,-1.1655138,-0.7063806,-0.40715504,1.8389275,-1.743244,-1.696414,-2.2013066,0.3647394,0.15907429,0.10730045,-2.1988559,0.20287003,-1.6057007,2.711189,-3.2048905
-0.0023209304,0.703841,1.4395909,1.2830867,1.4674255,-1.9889979,0.4424492,-0.23276813,-1.4556623,-2.269761,0.37929064,0.50762004,0.76557374,0.92197603,1.1450999,0.041066766,0.43289667,1.1454333,-0.033829622,-1.3878314,-0.28043723,-0.3471411,-3.9251957,0.0796928,-1.2500613
0.8018414,0.2899401,-0.7913056,-1.3593554,-1.0593243,-0.57794416,-1.4051144,-0.6414144,-1.2220474,0.31235495,-0.52245265,0.013794005,-0.42164573,0.16061813,-0.99284965,-0.37310886,-0.2998947,1.4733958,0.5759859,1.4662913,0.54072315,-5.7960024,1.9883624,-0.2072143,-0.22508544
-4.4742465,-0.22873054,-1.4821305,-0.0022435784,-1.2237837,0.850798,-5.865044,-0.04216513,-0.4480841,-0.8358021,-1.5247309,-4.719293,0.18760327,-0.24994245,0.4608333,-3.5399075,-0.9314456,-0.09087312,2.316926,-0.7682014,1.842899,-0.7344266,-0.45309603,1.1266792,0.4162231
-6.8249273,-2.3036554,-2.1574802,1.4496915,-1.0261922,-2.241338,-2.7804074,-0.3813535,-1.0762699,-0.3779796,-4.3017635,-6.304957,0.39606372,-0.8858141,-1.7097509,0.48930877,-6.6781473,-4.9812117,0.3109529,-8.7901,1.4498849,0.29570383,1.5325158,-0.6812809,-7.5363684
5.5829353,2.6288803,2.3037825,0.21373749,1.0041854,3.1770878,7.15221,-1.3043816,-6.3757763,-3.138978,7.923769,6.6565676,-0.30939597,-0.15249538,-2.8514524,1.2895411,0.13136187,-1.1039088,-0.1375598,-2.028764,2.0567021,-0.06479722,0.30491984,0.21319145,0.53313994
0.4532872,0.21223746,-0.25452834,-0.5700334,0.6042631,-1.5896087,0.31174445,-0.6091854,-1.1379235,-1.4315573,1.6369841,0.12908614,-0.97632504,-2.6276536,1.7453268,3.0458934,0.79681116,1.1741897,0.683204,0.44953766,3.1739097,-0.5420848,-0.6931617,-1.2891034,0.7065722
-1.4484553,-0.8230178,0.54499185,1.0485909,0.027259946,2.0140579,0.4620515,0.18392572,0.449628,-1.1939756,1.6214247,0.7590169,1.4309287,-0.72788644,-1.6498631,-0.94687885,-0.080963075,0.45902196,-1.2012486,-1.3127105,-0.2914045,-0.33251375,-1.4944967,3.1543584,-0.06394228
0.51202744,0.4184599,0.84933007,-0.65430665,1.6518434,0.1110816,0.53135663,0.3147542,-0.91750133,-1.9559078,0.5255101,-0.42383707,1.6402981,1.6017315,0.5873505,2.940389,-1.1915063,-4.1030536,0.03660045,2.0459294,-2.4424162,0.1390355,-0.064175814,0.47809827,-0.09099676
5.193929,-1.0675356,1.3643111,0.8559234,-0.8253253,0.73493814,4.991826,-0.81016266,0.68131,1.9913405,6.9582553,3.9728317,-0.9008342,-0.55738926,0.0921752,0.8965602,-0.5599247,1.1117225,-0.51659626,-1.0429419,0.7020498,-0.3026711,1.3464642,0.20899452,0.33283982
-1.8121551,2.294158,-1.2955078,-1.4789807,1.2771742,-0.5481007,-0.4140367,-0.55755234,-0.72970474,-1.1316963,0.27320108,0.15747191,0.069589406,0.7795477,2.2714791,-0.6384702,0.74445,1.5798421,0.5838392,0.79139066,-0.9230958,-0.053121716,0.44298887,0.9556663,-0.41129282
-1.0792227,-1.0375074,-0.9583766,0.065830484,0.2987525,-0.011736453,-0.45406163,0.3988422,0.8889139,-2.4166343,-1.3324218,-0.09479749,-0.4374742,2.3430076,0.26619017,-0.4409205,-0.6413875,1.0184844,0.8234455,0.040085696,0.8769651,1.5564996,1.784603,2.05892,0.4561801
-1.2246913,0.96007997,0.99430645,0.37168562,-1.0407177,0.45767194,0.4704636,0.2711629,-0.47388887,0.3619207,1.0340654,1.380407,0.6065109,-0.46174377,-1.2335087,0.3269838,-0.37036043,-1.480871,0.73772997,0.50624853,-1.2401483,-0.8862364,0.6166558,-0.6173633,1.1892812
-0.30669758,-0.019278526,1.040373,0.47930285,-1.3307104,0.6831955,0.37644452,-0.16524497,0.3347302,0.5172281,0.35154894,-0.99038935,0.028699726,0.5517603,1.1073542,2.4991908,-0.52576584,-0.83080846,-1.4256557,1.1550088,-0.0992918,1.5139571,1.3776722,-0.06942721,2.3017476
0.082351625,-1.9608824,0.42304683,-1.3350677,-0.2251071,-1.442542,0.8800222,-0.8495609,-0.3069063,-0.5042417,1.4875243,0.72804606,-0.1456902,-0.7758967,-0.76087415,0.73214036,-0.36833724,-1.032653,-0.69061744,-0.35971648,-0.11298151,0.22507596,1.8429195,-0.7043035,-1.9513474
-1.5653182,-1.5075433,-1.023477,-0.30959442,-0.21923247,1.5948205,0.39262593,-0.63114,0.745227,0.369821,-0.33400378,-0.23620176,0.43362027,-0.79494655,-0.6672959,0.15498462,0.27547148,-1.1342995,-0.48817003,-0.11153522,-2.920507,-0.35113987,-0.38584608,0.55113685,0.2650506
0.85720706,-0.14734404,-1.0551956,0.56812465,-0.08377719,0.3746633,0.8439958,-0.22625582,0.23839837,0.3938174,0.96514994,-1.3060806,-1.0922892,-0.72334814,0.83218575,1.6728623,0.29987675,-2.3574014,-0.69388354,0.2532876,0.90799165,-0.27054024,0.0725776,1.0773567,0.043013036
-0.056954086,-1.3484701,0.56777227,0.26136386,0.19929443,-1.2353745,0.88451874,0.5646974,-0.44590276,0.78054744,-0.66048145,1.786,-0.64789003,-0.566187,1.2635752,-0.02587527,0.18279396,1.471151,-0.2532453,0.034449756,-0.07895001,0.4476999,-0.38449365,0.014082819,-0.3129455
-0.19063766,1.1531,0.38711464,-0.33997455,0.07674125,1.5642132,0.016064726,-0.8320211,0.21528223,-0.036548987,-0.40069538,0.0053952634,-1.4342123,0.2853002,-0.3066445,-0.5602392,0.63175833,2.0237079,1.8016059,1.7062504,0.7516306,-0.22633883,-0.5959606,0.046591297,0.18794134
1.0977304,0.3413881,-0.47742534,1.1584998,-0.31469214,1.0273701,0.21152085,-0.34239703,0.10930765,1.8171215,1.4341615,1.5599462,0.42972153,0.8942958,-0.59662116,0.24887818,-0.5691918,-0.44824398,-0.35926992,-1.1921346,1.1972647,-0.4075307,0.40779182,-0.40544206,0.41177702
-0.7741128,-0.27588063,-1.2721453,-0.6659115,0.0492194,-1.7871032,0.9468373,-0.58643854,0.554915,-2.071735,0.08003521,0.09707788,-0.8664523,-0.027948018,0.86834955,0.6830921,0.7641467,1.1420267,1.2618358,-0.16177797,3.2469778,-0.5297778,-1.1797446,1.5678343,1.1953478
-0.83970416,0.87529296,-0.21590766,0.19060278,-0.9862429,3.330945,1.4800968,-0.6209584,-0.48068315,-0.44020018,1.323388,0.5652452,0.5856256,0.544689,-0.2619009,0.09182804,0.15244558,1.4001828,-0.2753919,-0.6482843,1.3214757,-0.20169623,-0.03014411,-0.26844037,-0.7001446
-0.3553017,-1.0246339,-1.7287481,-0.11039491,0.45865783,1.576768,-0.0039144456,0.24422285,-0.4924072,-0.24400878,0.9276406,-0.7818507,0.91529286,0.3637234,2.0931792,1.6364362,-0.6995578,-2.9445648,-0.94260657,-1.3938562,-1.9202968,-0.9770531,0.3072943,0.31010827,1.1272407
1.8745128,-0.43155175,-0.42608857,-0.62700105,-0.1403433,0.31502205,0.30734417,-10.815607,0.49684194,-2.1454647,0.713963,1.9134167,-11.75508,-1.4691987,0.62737364,1.9212995,-0.80295014,-2.6363373,0.2093468,0.8719471,0.93310905,1.2676375,-0.6473716,-17.186888,0.12397081
2.7970192,-0.56276006,-2.387971,0.18997267,-1.4588678,0.9690136,3.0098884,-0.5663168,-0.4765579,0.37747997,1.2971694,4.0784235,-0.65922916,-8.381813,-0.66419804,-0.09429976,-0.116506636,1.4426215,7.4831953,0.73424023,1.3991654,2.0039494,1.3749852,-1.9017432,-1.2786158
0.22575517,1.3442695,-1.2447076,-1.6104505,-0.020082332,0.3946458,0.91209245,-0.0980757,-0.08640303,1.1067946,0.04886632,-0.51431006,0.90189373,-1.3317503,2.5348766,-1.2735021,-0.8143639,0.6479565,-0.6055223,0.05574076,2.110787,1.101536,0.44298887,0.58832735,1.5842017
0.12954809,-1.502312,-0.7232836,0.94907975,0.30601412,-0.9803817,0.3534244,0.79957914,-0.34079957,-1.0445948,0.32587093,1.417313,1.336864,-0.38398254,-0.29023877,-0.03819792,0.3170121,0.27905518,-0.9608461,-0.5892327,0.6742194,-3.9840438,-0.21503985,-0.56716603,1.3435162
-3.2007632,1.3364655,-0.36160585,-1.4235985,0.6833641,0.69139373,0.66629606,-0.27163118,0.9042925,-4.1895757,-0.53056693,-0.5314843,0.100156724,-0.44900456,-1.7070915,-4.527256,-1.3203187,-2.0125136,-1.0171169,0.46387768,-0.2946049,-4.7087364,-6.911633,0.62378675,-1.8393877
-3.0301507,0.10671844,0.6031241,-0.90591794,-2.817653,-3.432249,-3.5843632,-0.59457195,-1.7991276,2.053047,-3.0323055,-1.1546636,-0.8362039,1.6163135,-0.3401023,-4.5213146,-1.7758415,-4.3527703,-0.06717515,0.8079086,0.99963534,1.2358881,1.7851824,-1.1493719,-1.0753576
4.6514287,-0.05971819,0.83794016,-0.43561992,-0.08065814,2.607028,6.9418893,-0.8557903,0.3732103,0.74029243,9.409085,7.206384,-0.46949986,-0.6790073,0.18234137,-3.4580903,0.22860572,-2.5935557,0.14666605,-2.0508566,-2.7979758,0.5944112,2.657412,-0.28809994,0.72320116
2.5001323,-0.16939923,-0.40348098,-1.0498803,0.6866315,0.85548687,0.08312756,0.07075028,-0.3235193,-1.884815,0.29804233,0.8501874,-0.3937139,0.5185437,1.7218459,1.4448663,0.84366775,1.1867019,0.15620035,1.7321049,2.293436,0.2553447,-0.044841528,1.5090468,1.9684684
0.370485,0.78776914,-0.39342654,-0.30428022,-0.6781378,0.017885864,2.2551444,-0.0040631145,0.14591062,-0.06400157,1.6689049,1.6995621,-0.60511386,0.45371348,2.4470234,1.7724166,0.67477936,0.5980137,2.029223,0.981528,0.88816917,-2.9755058,-1.2839496,-0.063581064,1.2007762
-0.28135216,0.7310598,-0.18555504,1.6067075,0.27151954,1.7180185,-0.7139297,0.6731607,0.4177468,0.7956271,-1.0192093,0.70377034,0.1154021,-1.2811337,1.5604686,-3.8801327,-0.73216546,-2.9193234,-0.5971451,-0.6859447,-0.29915875,-0.016991764,-0.6733082,1.1306272,0.34845248
3.5846472,1.6805403,0.40109688,-0.9689857,1.4324024,0.56496936,3.7720563,-11.023131,-0.12596744,-0.50733155,2.0119267,2.9367118,-11.730376,-0.20530498,1.4055716,-0.34353688,-0.1586183,-2.2614818,-0.64215386,-2.9692712,0.984373,-5.514369,0.0031788945,-18.57542,-0.12611172
-7.1327314,0.96224976,-4.3072767,-1.4053725,-4.824498,0.34806627,-6.5570297,-1.3276329,1.5765644,-3.3227334,-2.1547122,-3.4476953,-0.3556624,-7.5251517,1.5088506,-2.5319839,0.27199394,-4.5691586,-2.9283788,-0.5256055,1.5640367,0.029867306,-1.8255727,-0.27848548,0.92809427
4.7018414,2.1905048,1.8965845,-1.8062788,-0.1316916,0.8225015,6.6830144,-1.8710933,-0.011463225,-0.041244537,7.395131,3.918962,-0.92518705,0.6356878,-0.6188643,-0.5529462,0.36697227,-2.9162974,-0.56497633,-4.5577006,0.050562084,0.5459082,-2.523644,0.2940396,1.0096067
3.846407,1.3406781,-1.1102728,-0.845316,1.6791861,-0.6888927,4.173704,-11.243571,0.88770676,-4.687016,2.7684326,4.0411825,-11.404038,-1.4898232,1.5603977,-0.870741,-0.23136058,-1.2379642,3.2264044,3.1105099,-0.13269567,-0.6147948,-0.9117167,-16.843561,-0.4463307
-1.8227998,-0.05287859,-2.7067525,2.0278609,-0.7440163,2.9952188,0.22928755,0.4690252,-1.023009,1.5612297,-0.8829742,-0.018600225,-1.3111615,-7.101611,1.6363846,-0.0328328,-1.3447212,1.314393,1.5045197,-1.4666607,0.14133853,0.17874388,-0.62481177,0.77221555,-1.4636409
0.3439675,2.0932941,0.21978977,-0.4146663,-0.42446926,-2.5970738,-0.060550332,-1.3837608,-0.94395494,0.98681575,0.92293084,-1.4015257,-1.2432034,-0.8778293,1.4387937,1.7864009,2.508254,-2.6857598,0.09796724,-1.2130691,0.22050652,1.2376815,-1.3605542,-1.9614804,3.4540641
1.8436755,-2.320704,-1.3215011,0.15533818,0.49176574,5.4069557,0.8083205,-0.3089127,-1.1325238,-2.734647,3.0730062,3.9266024,-0.39022654,-1.642683,-1.2768308,3.4996336,3.3436542,2.802919,1.4204178,-0.9245975,0.10653183,0.116803885,-1.2327827,0.53206104,0.76129353
1.2737124,-0.15036482,-0.9052406,-0.40394217,-1.2231514,2.1328783,-0.18722174,0.38416052,4.698431,-1.4030081,-2.8453407,0.42559233,-0.30817437,1.168246,1.0402815,3.8013031,-0.13197374,-0.35080972,1.7585636,0.5466744,2.4806638,-0.8307219,0.5006185,-0.66298556,0.8570206
-0.6415475,-0.5348848,-0.7445835,-0.5974249,-0.71989834,0.5100667,1.4889667,0.2270683,-0.043596536,-0.7963364,2.1411378,0.375153,0.18622813,-0.20719114,2.6511774,3.528656,-0.21937168,1.1399605,1.3578596,-3.8081057,1.2103028,-0.2625969,1.7088232,-0.13511562,0.04681155
-1.957256,-0.1315789,0.66010576,1.5484605,-0.29326347,1.5313246,-0.07674584,0.06992312,-0.35691887,-1.4798313,0.32005093,0.04160002,-0.73554534,0.18475536,0.5557657,-1.0713243,-0.24563202,-0.371756,-0.045308486,2.3046236,0.97713476,0.5171616,0.75336546,1.6388189,0.9026042
-2.7610016,0.26693708,1.6732502,0.063782185,-0.39251775,-0.7442409,-1.2728577,-0.027630836,-0.28542906,0.68250704,0.40636742,-0.15626743,0.65128124,0.2597017,1.9515187,-0.7074076,-0.067507446,0.8181735,1.868028,-0.052158922,-0.30025387,0.5331373,-0.7411101,-0.74685454,-0.57856715
0.49731946,-0.53016424,1.461392,-0.25940046,0.1532427,1.1759751,0.16106515,-0.36744642,0.5287437,-1.1870548,-0.28839952,0.9341149,0.60705525,-0.120409966,-0.60098565,0.35563064,-0.6425275,-0.99745136,-0.43251005,-0.64945513,0.9215447,1.3337642,-1.371049,-0.43597454,-0.2832887
0.7269261,1.2288387,0.053293556,-0.54995024,-0.79082936,0.010849275,0.77343583,0.82111245,0.71381557,1.2236453,1.1855694,1.0481644,0.56904495,-0.8631,0.24580503,2.0127056,0.5293636,0.3716542,0.8834254,-1.0270075,0.80962664,1.3396407,-0.7548831,-0.44644,1.0805452
-1.2264028,1.7758095,0.626953,0.5130265,0.06560886,0.009573147,0.1578475,0.13189824,0.7495,-2.2501771,-1.1089067,0.2521346,-0.4589301,0.07044545,-0.674017,0.10050729,0.55304396,0.5141194,1.174129,1.075847,1.153316,1.2338524,-0.7509713,-0.66470724,0.77672416
-0.55115587,1.1099305,1.5109541,-0.31498897,-0.9216039,0.9799652,0.78805935,0.9509723,0.14884788,0.70066476,-0.5448565,-0.71868277,0.7745027,-1.1925232,-0.3464355,0.33752567,1.3805109,-0.35371026,-0.5627869,0.2667838,-1.5700212,0.96584487,-0.81880385,1.2529246,-1.4030601
0.3219616,0.05582112,1.7112826,-0.8176898,-0.6258035,1.1809254,-0.3816723,0.06094624,0.8776591,1.3869827,0.07658735,1.0943555,-0.2967345,-0.2088515,1.1000004,0.2487014,-0.7125299,0.004273385,0.4671134,0.4323301,-0.23240018,-1.6002793,0.5033087,0.1769256,-0.021589532
-0.52040136,-0.011546314,0.48980767,0.098493576,-0.49792832,-0.6091883,-1.137307,1.061822,-1.4843628,-2.9882135,-0.55399656,1.0226123,1.0574647,-0.952446,0.33182907,-1.1660742,-0.48474067,-1.6878245,-1.096257,-0.14301878,0.8579815,-1.021044,-1.422872,0.2738403,-0.83927155
0.64705855,2.303645,2.6316369,-0.36537635,0.9215841,3.4881713,1.2891725,0.30840594,1.4166857,1.0378412,1.041634,1.6566274,0.38702017,-0.20036387,-1.5201529,-1.13257,0.1753948,-0.6114176,1.466264,0.32907864,-0.3427579,-0.45980704,1.2109967,0.117667794,-0.72436565
0.6911162,0.6559728,1.2105787,1.1077449,0.6479389,-0.6564552,-0.1306768,-0.6812687,0.024773128,-0.7748505,-0.540269,-0.054293692,1.4327772,-0.2705816,-0.41763198,1.3879389,1.4269329,-0.17740098,0.7670044,-1.8605264,1.3767362,1.6471974,-0.17151868,-1.5585129,1.028816
0.23579337,0.19270223,-0.86356837,-1.0312878,0.6447416,0.71573144,-1.1867756,0.23065585,0.29472056,-2.1644902,-1.4743172,-0.064422816,-0.91595185,-0.7266516,1.3829833,-0.70346415,-0.20942703,0.7556192,-0.51259613,-1.2975991,-0.63409,0.26561445,-0.83483416,1.0617623,-0.30492163
0.32234687,0.72590804,-1.0331908,0.47383678,-0.41029024,-0.5400159,-1.0541254,0.007157296,0.17293966,0.056166142,-1.3351964,-0.76963544,-0.068264395,-0.33775127,-0.58467007,1.6294279,-0.52916545,-1.2799793,0.57501775,-3.524249,-0.5569713,-0.59882057,0.044042423,-0.7376337,0.9193812
0.553524,-1.576391,0.9933271,0.15141931,-1.0953524,-1.1327491,-0.45041677,0.81252146,2.2147288,-3.8641763,-0.9968816,-0.046072572,-0.36955598,0.2742522,0.7152645,-0.41138864,-0.9688629,0.022870183,0.072761044,-3.1911197,-0.8495438,0.09822303,0.07457481,0.06849109,-0.9373447
-0.09871818,0.934855,1.3208908,-0.2896739,0.65880144,-0.20570523,-0.021585256,1.1419913,0.46815607,-2.4481711,0.95720756,-0.553418,-0.79004264,-0.8302887,-0.77846354,0.39131218,0.50781983,1.637946,0.756925,0.12551278,-0.15542334,0.49561274,-1.5508429,0.4900422,-0.3948589
1.5564245,0.7663229,1.406497,0.65459144,-0.8016734,-0.6389929,-1.0233667,-0.9762252,0.31017143,0.1300135,-1.010142,-0.76064587,-0.4962123,1.2287376,-0.9730252,-0.25829184,0.5605851,-0.3857333,0.7029389,1.4726323,0.56273794,-0.35213214,0.935369,-1.3917582,0.08156178
-1.5783266,0.46402824,-1.4277272,-1.4026693,-1.6102667,-0.60324186,0.16446243,-0.41131023,-1.1213115,0.5726485,-0.9614646,-0.7399857,0.58401924,-0.33866602,-0.50346166,-0.6690806,-0.4177804,1.1308314,1.5855491,-1.0339826,-0.9308647,0.4595762,0.62163794,0.6955861,0.40218115
-0.42014492,-0.61264,-0.26755366,0.765819,-0.4505521,0.16894482,0.0013230443,-0.77444315,-0.42164102,-0.3940777,-0.3748446,-0.7518673,0.7007847,0.45739233,-1.2885308,-0.60139775,1.1867105,-1.2472229,-2.2241023,-1.504823,0.029214382,0.95271313,-0.9505675,0.12488169,0.5272799
0.19679081,-0.25783908,0.31729782,-0.6005965,0.6533225,2.7511148,-0.54369044,0.48768145,1.7391958,-2.6855426,1.1689225,0.13770261,-0.10292592,-0.53938556,0.3594052,0.81759566,-0.980294,-0.92041886,-0.09688532,-0.9496106,-0.8433523,0.8229949,0.65743744,-1.021729,0.46399772
1.799312,-1.1841699,0.36712873,0.5149067,-2.2061365,2.3269837,-1.5331643,-1.2653924,-2.1927853,0.46862623,-0.12486538,0.4224167,-1.7398906,0.42161703,-0.2167327,-1.1892952,0.99206996,-2.581208,0.61737716,-2.4445887,-0.38587213,-1.2527131,-0.6329916,-1.3420961,-0.21228915
-3.3151035,-1.5461148,-2.179325,0.9003427,0.4613553,0.39696842,1.0518224,-0.5734276,0.4126589,-2.8441396,-0.10614206,1.2591041,-0.19814491,-1.427729,-0.40452832,1.2516917,-0.90848976,-0.82835925,-1.3806175,-1.4343688,1.6482248,0.09623377,1.0467215,0.08933034,-0.7404999
-0.84209275,-6.9656005,-3.7033484,0.07833853,-0.28236175,-0.56467116,0.6116348,-0.92307484,0.16464803,-0.22773618,0.13736904,-0.15212642,0.82452303,0.93157315,-3.799366,-4.464953,0.7055712,-2.570035,-0.14111982,-4.5728035,0.25065076,0.8722712,0.84943277,-1.6657138,-0.53540766
2.5689144,0.2848348,0.27376634,0.47407255,0.85144633,1.9752274,1.8642546,-0.3511265,1.4288986,-3.1545813,2.013854,1.9784414,0.38597134,0.60442543,-1.2307699,0.16510347,-0.6936055,-1.748341,-0.41244116,0.8191374,1.0534666,-3.7697973,-0.7544217,-0.59409434,0.18208441
-0.37759945,1.0187038,-0.8271805,0.88179934,-1.5294801,1.9970782,0.8829627,-0.1070308,0.96503824,1.248427,0.5071298,1.5390263,0.474934,-0.62728024,0.98904943,-1.5568844,0.36713284,-0.5342773,2.0949922,0.5837675,-0.26735228,0.07850745,-0.4625862,2.3085,0.67275715
-0.24221298,1.767909,-0.6136514,1.8807828,0.39387625,-0.99582136,0.8094036,0.18477273,0.42248592,-0.04474044,0.1028907,-0.88236696,0.09690137,1.6076019,0.24431726,2.0644126,0.17607316,-2.3870907,-0.71490717,-1.4422776,-0.96852076,-0.06880295,-1.1538852,-0.41015428,0.8943075
-0.15177286,-0.7408192,-1.3487635,-0.33085614,0.58493364,0.34515503,0.081796594,1.7418404,-0.06536122,-0.45674992,-0.29800862,0.6897568,-0.35411498,0.64861095,-0.41304034,-0.09308698,-0.55888087,0.31437892,-0.18763474,1.5842342,2.2988062,-1.1826273,-1.551382,-2.4045794,-0.9782966
-0.87551445,1.317194,-0.13801165,0.1802258,0.51640517,-0.18764925,1.1989201,-0.7099478,-0.1482766,-0.30164295,2.2445266,0.6564439,0.08665818,-0.8439248,0.13360237,0.11081049,-0.014469534,0.61198384,0.8034132,-0.8110676,0.12709522,-0.9879546,0.54564226,-0.086933106,0.7299258
-0.15189824,-0.50451064,0.74300635,0.32862857,1.0350542,-1.1813781,0.11317605,0.5622589,0.45862782,-0.12401813,1.2101312,-0.11068243,-0.2174567,-0.8495205,1.0643761,0.5430436,0.39485583,1.0084915,-0.8682898,-0.26121435,1.1828996,-0.9801002,-0.90013766,0.1721169,-4.5103016
0.84964204,-0.014055803,0.57046115,1.1526909,-0.33853644,0.15757954,-1.6258775,0.52153987,-0.07344072,-2.011763,0.3603577,-0.19239014,0.48411635,-0.71729296,-0.06699854,-1.2447655,0.2769672,0.18298392,1.8773761,0.57576895,1.270606,-0.19376433,0.56609625,0.580839,-0.73506075
-0.28642988,-1.285368,0.32179242,-0.37054878,0.24441451,0.03868182,-1.3786007,0.27440196,-0.13391592,0.24795902,-0.5329596,-1.120713,-0.2889095,-0.5866518,-1.0694534,-0.350834,0.7367842,0.36476812,0.47974098,-1.715585,-0.7194803,-0.23470508,0.6799073,0.88063157,0.22390251
-0.92574185,-2.3340287,1.1990799,0.15949786,0.80349874,1.1191833,-0.433855,0.6078164,-0.559279,-0.6676432,0.61841595,-0.24257128,-0.46860778,0.24240872,-0.6470425,0.876317,-0.35817918,-0.06307246,-0.65744305,-0.1121083,0.42956388,-1.7915571,-7.5801497,-1.1350236,0.47869653
-0.5549467,0.05416346,1.6488905,-0.9552208,-0.43991625,-3.8243299,-1.0973077,1.4570229,-0.674791,0.42710355,-1.0440996,-0.6832155,-0.43705344,-1.0541706,1.828049,-0.18651092,-1.3300117,-0.18071336,-0.012696385,-0.32475105,0.5043651,-1.71763,1.8898629,0.07748939,0.83186615
-0.2171051,-2.2818513,-1.1858467,-1.661439,0.62808996,2.1549816,-0.105487,0.57286733,-0.26969472,-0.6140069,-0.53257376,1.1541301,-0.45123136,-0.80209935,-2.7290344,-2.9940825,0.16908452,1.2220322,-0.27285847,0.36443907,-0.68475825,0.22530475,-1.3023239,0.39484343,-0.68677807
-1.1449791,0.5806798,-1.4039637,-1.5141737,-1.6239866,2.4892457,-2.142311,0.13341609,-0.35490823,1.1314486,-3.2011976,-0.89782995,0.22974771,-0.5849153,1.2795051,2.6715274,0.74489737,-1.6412032,1.3628192,-1.4068636,3.0116465,-0.32384014,-1.3788431,-1.3359284,0.20369957
0.06835517,1.1703184,1.8272774,1.4591826,-1.7175004,0.5310534,2.0421214,-0.03574492,1.1044677,-0.76599306,2.702676,1.3433535,-0.6949388,0.227439,1.1376376,1.4246421,-0.58922976,-4.849763,1.1037518,-3.7097685,-0.002153024,0.5583704,0.014599681,-0.2855507,0.5542048
5.0775037,0.5079102,1.0705771,-1.061285,-0.2855316,-0.11526567,6.1479445,-0.22622538,-2.3099406,-4.3931074,6.0799093,6.3027887,-0.86977124,-0.12347549,-1.3465277,-0.39515117,0.12675479,0.39647353,-0.5174653,2.602496,-0.8243783,-0.96605814,-0.5433079,0.1949813,-1.4510789
