A,B,C,D,E,F,G,H,I,J,K,L,M,N,O,P,Q,R,S,T,U,V,W,X,Y
-1.3606856,-1.0107222,3.2195845,0.91131264,0.45521197,0.88510025,0.24675718,-2.3579066,-0.10310219,-0.44636256,0.16150129,0.9992839,-2.3849704,-1.5414295,1.1170647,1.3544726,0.56408936,-0.923949,0.70513916,-0.13083641,-0.5613723,0.47035486,2.124716,-1.0209366,0.5980053
1.046509,-1.0393604,0.4958442,2.1506674,1.0217047,-0.6044625,2.8202202,-0.9542723,-0.39932367,-1.0308195,-0.31035778,0.22349334,-0.060136963,0.41957128,-3.6628644,-1.3827386,-3.0302334,-0.2768278,-2.0350003,1.9853606,-0.73412144,0.12245947,-0.8444107,0.4134653,-0.18869999
-8.176686,-0.36879787,2.0356228,-1.6747274,0.40736353,3.0023117,1.7307308,0.2717957,0.37033695,0.18627672,0.66122395,0.17183816,1.2361858,0.16583729,-0.034817457,2.0774255,2.4431694,-1.1518077,-0.5385296,0.6690654,1.1564558,2.5824828,-1.6604103,-1.2680345,1.2442597
0.15855171,-6.485286,1.3179207,0.8238181,-0.5096324,0.7569232,1.1250598,0.22159858,-0.30310503,0.33921647,0.32254258,0.74284005,-0.7838781,0.7033835,1.6319551,-1.9826275,-2.9721365,-0.122781634,1.3898128,-0.107507296,0.75960016,-0.99582535,-0.6091858,-1.5287962,-0.37798896
-0.9311322,0.45772552,3.1905377,2.849868,-0.03642419,0.008278623,1.1848665,0.6721529,0.16805878,-0.13036452,0.36120337,0.96229994,-1.0741689,-0.78969467,0.098623246,-0.12255302,0.33920002,-1.104856,0.12118259,0.6901307,2.2483644,-0.30404344,0.9198524,-0.87695014,1.2229137
1.539836,1.6554719,-2.2342124,1.1175618,1.0013583,-3.3747003,-0.122296914,0.95987827,1.0476298,-0.12575199,-0.2590574,-2.2942193,-0.24344695,-0.43524885,-0.5375774,-0.38105753,-0.83559877,-0.12565935,0.48181117,-1.9801939,0.9363291,0.21366717,0.6827948,-0.0062437803,0.613781
0.026143312,0.8700946,-2.638826,-0.50648916,-4.078843,1.4299295,2.984853,0.036299158,-1.201553,0.028675988,-0.5345037,0.6024009,-1.7724581,-0.0794875,-0.99873334,1.7840707,-1.1022738,-0.26119965,-1.0455095,1.2519485,1.2202263,2.1374588,2.392186,0.35043472,-0.05313772
-2.5172105,-0.35517552,1.0360644,-3.8147476,-0.71187043,0.32358986,2.8730958,-1.1899259,0.050815266,-2.453596,0.44797492,-0.82615066,1.5597895,-1.1877689,2.0856557,1.123993,-0.028010756,-0.47858295,0.59863055,2.1299393,-0.53594863,0.6196439,-0.94794184,-0.15275155,1.6435171
0.00050008297,0.30115673,2.880726,1.3052716,1.2957859,-0.22499323,-0.008555114,-1.3633957,-0.05190597,0.6986117,0.69206905,-0.5094398,0.77192324,0.51376396,0.7148651,-3.855327,2.5714374,1.3333514,0.34110603,1.4217913,3.159373,1.1761651,1.7467439,0.78221524,0.8716383
1.5049202,0.43906242,0.6818384,0.23787847,0.35448402,0.4679507,1.0273913,0.19033375,1.0991234,0.39814898,0.48545262,-0.091224976,-1.1802034,-1.4808025,-0.6688973,-0.002022475,-2.1821723,-0.5199156,1.1563466,-3.374609,0.496067,-1.2615069,0.840303,-1.3548357,-1.7686108
-1.5333476,-0.6828791,-2.941397,-2.2833827,0.799899,0.3266678,1.185935,-0.8957352,0.03513197,0.036799856,-0.28089488,0.041142948,1.3061316,-2.5366282,1.0308092,1.0699334,0.8326345,0.75259453,1.8905911,-0.102249086,0.48638052,1.4092984,0.3357693,0.4432621,-0.97376204
0.9341948,4.011235,1.6468166,-1.6246051,-1.5872549,-3.0526385,0.37537298,-1.113348,1.1323528,0.33932474,0.33157748,0.60988295,0.43301415,-1.8978531,1.6339164,-1.1037844,0.82653683,-0.7823731,-1.5772432,-0.5180453,-0.8401732,-0.9372231,1.0766066,-0.38618046,-0.526051
0.011404812,0.26771325,2.5431535,-1.2276188,0.56885976,-3.3049774,-0.54761827,-3.1777174,0.7107674,-0.8712731,0.15639319,0.8920586,-2.6144779,-1.003116,0.7802349,-2.0795612,-4.177591,-2.2901065,-0.044363856,0.4873213,-0.15422398,-1.475944,-1.0156323,0.7588453,-0.242441
-1.1758199,-3.0393507,1.2936699,6.297973,-0.9261202,0.6140729,-1.1246378,-0.99232006,-0.7215185,0.16923194,0.40626478,-0.19076285,-0.048444092,-1.1352907,1.7407657,-1.1593294,-0.48989165,-1.8659973,-1.4928097,-1.6568073,1.6210294,-1.8917221,-0.0036685765,-0.28034413,1.1276711
1.1063012,0.9547998,-2.948687,1.5422275,3.6472464,0.5867606,0.9607856,0.7141327,-0.021016445,-0.94033384,-1.0314654,0.2281639,-0.043618113,2.6103437,-0.26628405,0.7400093,-0.33041686,0.20542258,-1.435195,0.5246522,0.07581934,0.9901109,-2.36058,0.55021757,-1.647472
-1.6030906,1.7919024,1.9582617,-1.2197592,-1.2094022,0.053711414,-0.36298865,0.7085717,0.080389425,0.4828541,0.28926903,1.2093409,1.1206934,-2.7941813,0.6878568,-0.68755376,-0.32272956,-1.5668079,-1.716863,-0.17184065,1.0144382,0.052959897,1.9128431,-0.56177115,1.5862399
0.008666784,7.516098,1.3967204,1.7021825,0.49659753,0.3090241,-1.8586851,-1.3963403,0.015066965,-0.561924,0.15734741,0.81696486,-0.94930935,0.646399,-0.4670738,-0.11695012,-0.4781619,2.292162,0.38133168,0.24666257,-1.796042,-0.38971463,-0.27824193,-0.41154617,-0.39783475
3.8633828,-1.6150438,0.14484051,0.66970015,0.18831965,-3.345736,-0.9963108,-0.49428946,-0.23473655,0.06702859,1.1700561,0.25756538,-0.6453056,-0.8760687,0.82324386,-1.5839039,0.104655385,-1.682383,-0.5498389,-0.16182977,-0.7321366,-0.22151813,-0.03683546,0.10974306,-0.82885617
0.9138501,0.6364871,-0.10142605,0.73786676,0.9118186,-1.290281,-1.4630549,-1.4350445,-0.4542295,-0.14767331,0.50247097,0.6220175,-0.7701117,-0.62903655,1.232824,-1.4118137,1.7938751,-0.12594236,0.08128846,-0.54841477,0.20094204,-0.34393144,-1.557165,0.7387179,-2.8166845
-1.2857974,-0.29447234,0.31059062,-0.8023152,-0.35614517,-2.112351,0.2251881,-0.9671574,-0.014429051,0.5110801,-1.5430493,-0.19092248,0.24440104,-0.79483753,0.85574496,1.4707124,1.3467621,-1.1826172,-0.106123954,-0.17138062,0.34142533,-0.8802355,0.9404292,-0.44506818,1.1813843
0.2498872,-0.07005009,-3.788144,2.2456582,-0.12249145,-0.9966104,0.7161187,-2.7700937,0.118955135,0.34583768,0.80682284,0.44090906,-0.31849262,4.537136,2.3211136,0.68484205,1.6038789,1.2319555,-1.3103688,0.70439816,0.65984946,-0.28722966,1.105624,0.43460682,1.9050416
-0.9085663,2.8809326,1.9223864,3.0444474,0.19485486,-0.35918713,2.7382731,1.3202513,-0.13611695,-0.19197917,0.82544065,0.0534509,-0.39592135,-0.6353039,0.06524498,1.3896544,-2.5044274,-3.1185732,-1.4774765,-0.47700846,0.72183686,-3.3002734,0.08716512,0.38374954,2.4392483
-1.3463289,0.7081703,1.3592228,2.087542,0.0886127,-0.1730833,-2.79269,2.31351,-0.73825675,-0.2613162,0.22376226,-0.89150274,0.15421425,0.6648953,0.695876,1.9325888,0.46294942,-0.95606995,-1.2307049,0.16391636,-1.1823738,-1.3159373,-0.40120855,0.8141826,-0.7756284
0.21114635,-1.0737176,0.1988594,-1.2620037,2.0519361,3.880466,0.9575497,-0.21639386,1.2703061,0.84957373,-0.12682356,-0.12028994,0.12376046,-0.26742154,0.017293677,0.124135256,-0.96653354,0.8635164,-1.1033592,0.4384776,0.37210494,0.5946114,-0.349695,0.31975162,1.191987
-0.34579217,0.6192419,-1.4916778,0.31352848,0.82593757,-0.29229474,-0.38655093,0.13590103,-0.5935478,-2.453596,-0.5258828,0.04551578,0.45891118,-0.029359996,4.910665,1.9569278,-1.5093924,0.5230545,-0.8866339,-0.6706574,0.9591426,-1.2551169,0.35436058,1.6178784,-0.42544848
1.3276675,0.0020572618,-1.8236475,2.5903463,-0.11147487,0.068502806,-2.4453526,-2.402445,-0.01029424,-0.00823307,1.1302776,-0.04180841,0.42612162,1.3729975,-2.5979762,0.3727991,0.16583505,-0.65216684,-0.32702428,-3.6790392,0.10147376,0.511137,0.5026941,-1.744246,1.5977904
4.399506,-3.2567976,-4.337597,-2.3577363,0.36079547,0.82243323,-0.3789776,-0.0052763373,-0.16247286,-0.7580236,0.868687,0.48069528,-1.8986379,-0.81913996,1.4011668,0.97646296,-0.33168834,-2.6059327,-2.9938662,-3.9615548,-0.020470202,-1.8026752,-0.06341979,-0.19525456,0.5459099
0.07629058,-0.8856702,-6.355867,-0.27143168,0.33652088,-6.442111,-4.2849374,-0.09007544,0.46459904,-0.09803714,0.93860555,-0.051386386,2.2798693,-0.26168942,0.13365287,-1.8264366,-1.3484613,-1.9217203,0.32039294,1.5762024,-2.5373616,-2.3417737,-0.5210186,0.060042694,0.102307305
-0.31503007,-2.0446563,0.29385903,-0.8013412,-0.25930047,0.28773272,-0.0750356,1.8437219,0.44199732,0.99020875,1.0858004,-0.95560753,-2.977767,1.1543863,-0.4432006,1.7104771,0.45387852,0.07656172,0.20604332,-1.636964,3.6735425,0.08995289,-0.42891026,0.82234645,-0.7084017
-0.55159473,-0.22106783,-4.645117,-1.3492327,-0.86789966,2.1290424,0.27580738,-0.42959112,-0.09620921,0.7018634,4.9341173,0.73639214,0.45492506,-0.63208526,-0.5278356,-0.7118916,0.87893414,0.20204872,1.9304408,1.7640356,-1.1050632,-0.22848308,2.0425844,1.1246566,0.9612987
1.9018371,-0.19765465,-1.7141917,0.32421473,1.1735685,1.6041423,-1.2595057,-2.402445,1.2228342,0.70702547,0.15012181,0.8004283,-0.28301775,-0.3122808,0.24830565,2.5261245,0.35588664,0.4408535,2.0024536,-0.17406017,-0.19356915,1.666592,-0.043326948,0.0903486,0.035439372
0.7890202,-1.3277515,-0.42533803,-0.23082432,-0.067941695,0.023007091,0.22197625,0.6881775,0.9104973,-0.07578866,-0.45261836,-0.113427654,1.6289089,-2.0393257,-0.14620617,1.0802488,0.12103927,-0.87152296,-2.9675019,-2.2887466,-0.14606208,-1.4357455,-1.9469976,-1.6687237,-1.0684596
-2.6522424,1.4157987,-3.0121894,-0.9916227,0.66256154,-1.3975677,-0.8236786,1.9640118,-0.30075598,-0.0821169,0.92859113,-0.8686652,0.14544114,-0.6102243,0.45142698,-2.1671133,0.7493272,-0.57598025,0.17775032,0.40585965,0.12940356,0.58698916,0.020066142,-0.08201048,-0.26193982
-1.7377362,0.6856858,-1.0980759,0.020445079,-0.24176307,1.7436106,-1.826087,-1.8403267,1.1969961,0.17090513,0.34363848,0.41644987,-1.850391,-0.39085105,2.018595,0.74025464,0.57154155,1.0639548,-0.77871656,1.4648702,-1.273098,1.0692611,-0.12919185,0.39396548,-1.8770716
-0.24544486,-1.0480965,0.50135577,-1.5747352,-7.658336,0.84159213,0.895507,0.55884165,1.1808767,-3.5846813,-0.1553188,1.2969687,1.2267822,-0.48972583,1.8990898,-2.7203033,1.1602176,-0.88036585,-0.5418739,-2.8638725,-1.5388064,-1.8464568,0.0015688539,-2.2596214,-4.1441545
-1.9736992,-1.6346217,-4.7376842,-0.067499995,-0.26683044,-5.9069214,-0.05956841,-0.4463907,-0.044300135,0.3797614,0.89201427,0.14212996,-0.13461298,-4.1951184,-1.7750009,-0.77445537,-1.1935575,-2.0442758,-0.31080166,-3.2156835,2.928524,-0.46106032,-0.22498818,-5.370919,2.6372135
0.60260314,0.8241926,-4.819655,-1.7422533,-0.09782609,-0.9716406,-0.48256767,1.3264565,0.47523814,-0.14737082,1.1762227,0.2094939,-0.7350607,1.2406132,1.1040335,1.4757802,-0.25618684,-1.7928472,0.6867527,0.21690068,-0.010927245,-1.3833427,-0.2050111,-1.1770518,0.27677515
-0.20965695,-1.967364,0.704,0.25359112,-4.5820513,-0.3165785,-2.3348808,-0.45611787,0.3181617,-0.3699147,-0.5345037,0.05244084,-0.312075,1.1556773,0.1286631,-1.0959965,4.7752347,0.2930949,-0.146891,1.1859542,0.038915128,0.32313704,0.0010654889,1.0384552,-1.144432
-0.6787055,-2.356003,0.95153,-0.5094937,-0.34130198,1.6241579,1.4371365,-1.495794,0.21745937,-0.2613162,0.3622771,-2.3031588,0.47626823,-0.3358794,4.57274,1.6636894,0.6860095,1.0186834,-0.9043835,0.46431494,1.7631904,2.411109,-0.056302343,0.77751434,0.61159194
1.1718199,1.0980338,0.5119271,2.2246928,0.65386873,-1.3740911,0.2909299,-1.1504601,-0.37186608,0.8018829,0.51469433,-0.46604455,0.9704664,-1.0946028,0.6231717,-0.769059,-2.5706978,0.37198913,-1.0527732,-0.0563097,0.22574097,0.42417538,-1.8377444,0.7740183,-0.92728
-4.941834,-1.3110844,-0.3355114,-1.2562279,-4.893523,1.1026897,-0.31070265,-0.16664319,0.11414997,0.3205768,0.5737407,-0.35074282,-2.3313515,-2.118247,0.3311126,-1.1739019,-0.18628432,-0.6001545,1.0171905,0.6072078,0.13392396,-0.8165645,-1.044218,-0.26906598,-0.9409312
-1.1434163,-0.11490372,-0.6318478,0.16762342,-0.82625794,0.94843566,-0.39415014,-1.3184206,-0.027968448,-0.083750844,-0.8450082,-0.20868272,1.3518634,-1.0604874,-2.5947275,-0.903453,-0.38455737,2.7362792,1.5866097,-0.06749689,0.0926795,0.26260778,-0.2706588,1.0418284,1.9191934
0.08737837,0.9228048,-0.12475247,-0.34655538,1.0974549,-0.8787993,-0.02035451,-0.3636505,-0.3124745,-0.03624487,0.536432,0.43966538,0.11975637,0.75269306,0.5986643,-1.0710531,-0.95754653,-1.8237102,-0.5482854,2.641281,-2.5340676,-0.14561005,-0.057981566,-1.7724639,-0.76621443
0.85281825,1.2899289,2.0369296,-1.414608,3.301189,-0.27158916,2.344321,0.32962114,0.32627442,0.46874392,0.94809854,-0.2065893,-0.50714004,-0.83474123,0.70082223,-0.850261,0.32185403,-0.57882935,0.39655423,-0.569537,1.2208263,-0.59016854,1.8617822,-0.7154738,1.1529654
2.772435,1.4708412,-0.40142018,-1.0788114,-0.9712025,0.8538997,2.555613,-0.18153042,-0.16455403,0.15207921,-0.65488154,0.46410093,-1.2079369,0.59811425,-1.3490071,1.0002629,-0.5129945,0.52251905,-0.11927136,0.27728605,-0.19256595,-2.2567513,0.2763085,-1.1264539,-0.06794414
1.0484087,-1.0322081,-0.63553655,-0.12527484,-0.12150696,2.7232776,1.5453045,-0.46370116,0.44199732,1.1345223,0.36026034,0.69154716,0.9164282,-0.048075438,0.7041594,0.90943444,0.8845495,-1.2651579,-0.0073613524,0.8792137,-1.8298709,0.24116118,0.43100607,0.67432815,2.9565616
-0.67424136,-0.283283,1.1290004,2.095261,0.51911914,1.8046155,-1.8751707,-1.1261951,0.69166297,0.9166266,-0.6019653,-0.27717796,0.40260988,2.5421703,1.0169176,0.16166447,0.8214988,1.5045176,-0.40058374,1.2918922,1.5060419,0.8459043,0.73565733,-0.30673298,-0.8263987
-7.8970084,-0.15725052,0.49780712,0.41239136,0.9054115,2.8011684,1.3121457,-0.47310454,0.012965102,0.5519212,1.0792238,-0.60837305,1.8998905,-1.1977577,0.18031466,-1.8191918,0.1927909,-1.0637124,-1.0770117,-2.1678247,0.36337668,-2.1680694,-1.2113701,-1.0949674,2.9824345
0.61563647,-0.023377318,-4.846807,0.42149153,0.61500764,0.55543065,0.28468442,0.60228443,-0.054416034,0.59856814,0.06723692,0.5303308,0.1799971,3.1097913,1.4659381,1.7183869,0.43348414,-0.10430652,1.7698588,-0.85594606,1.136726,-0.85297513,1.1691428,0.34237373,-0.4231011
0.119932204,0.08882677,-1.4568858,-0.30106986,-0.22495559,0.15622252,-0.052769676,-1.376443,0.2392703,0.36295193,-4.1551857,1.520095,-0.34790143,-0.7515565,0.58935916,-0.03642255,-0.9409128,-0.6123196,-0.2788719,1.6937193,-1.9573731,1.5827724,0.40413135,1.2576946,0.9887105
1.4701467,1.6055007,0.085048884,0.41439557,0.7427148,-2.6403265,-2.7340057,1.571475,0.50332373,-0.15760854,1.2473752,0.57449067,-0.97920555,-1.2886895,1.4303657,-1.1840686,0.11392093,-1.630913,-1.2918139,-1.7567683,-1.544885,-0.86551887,-0.7591712,-1.1521598,0.32852423
-0.4909659,-0.18471012,-2.391139,0.43847412,-2.1928787,-1.550591,1.3877127,1.5125338,0.14789692,-0.31633782,0.23443493,-0.31828764,-1.2144188,1.9600396,-0.5481245,1.4501463,-3.2165608,-0.03248222,-1.1803294,-0.29723826,1.5398684,-0.5069514,-0.54465485,0.6002637,-0.802113
-0.19691758,0.2822583,-0.10344389,-0.671868,0.84015334,0.19134915,-0.34942567,-0.13800934,0.116721004,0.3566899,-0.27163425,-0.35172302,-0.4441285,-1.0471724,2.3044815,1.7434114,-3.2703767,-0.57954776,-0.14312014,-0.7043783,0.24487449,0.12304208,0.20553467,-2.2619994,-0.9500328
-1.8197954,0.3792162,2.0944128,0.77651864,0.37050566,-0.38890827,-2.220366,-0.8384665,-0.105961576,-0.06574254,-0.46908835,-1.2512199,1.1581395,-1.3176591,-1.4664524,-0.07737145,-0.49881232,-1.5481727,-0.5722449,0.48752668,-2.0659091,-0.15024745,0.8907365,-1.1290268,-3.8519988
0.28545785,-0.15335369,0.7559432,-1.3312047,1.8018012,-0.9895023,-0.3765489,1.3985175,-0.9701139,0.6897266,-0.8815624,0.41010442,-0.8923341,-2.3908367,-0.81909597,2.6300259,0.13953388,-0.33793756,-0.93448156,-2.9225416,0.10119991,-0.41588244,0.6377802,0.920793,-1.332542
0.38877663,0.29441726,-4.401827,-2.9860876,0.33131868,-2.2890399,-1.2893836,1.6146346,-0.015511051,0.55449784,-0.31953722,0.3590345,-1.1501683,-1.2946876,1.6126897,-0.5024724,0.64274406,-0.4911704,-0.5416738,0.5490478,0.491939,-0.4903,-0.3040369,-0.3515464,0.072857596
0.3035309,-0.3438223,1.7647353,-3.863411,-1.014655,-2.9107468,2.4069731,0.23469533,0.14758939,0.16659813,0.585467,-0.7945179,-0.31283167,0.40115297,0.53446954,1.6782386,0.4844784,-1.0667402,-2.5281456,-1.2289313,1.146185,0.040103734,-0.72961205,-2.391957,-0.6344265
-0.89141417,0.45340154,-0.5885276,0.8989196,0.60138345,-1.3600538,-1.2035105,-0.22607255,-0.3808175,1.7070369,0.15186143,0.057430647,-1.9898094,0.67090845,0.051298082,-0.87468237,0.80753076,0.94379544,1.0054123,0.5477457,-2.57145,-2.6742883,-0.16560362,-0.3236091,-2.0094843
-0.052437037,0.8993367,0.12680411,-1.7108135,-2.355067,-1.7034836,-0.755687,0.08082399,0.37909368,1.189652,0.40754196,0.55533385,-3.2425408,-2.0104077,-1.8257126,0.12689912,-0.30306658,0.36498845,0.5808045,0.99852157,-1.725082,-2.1167202,1.008817,0.1391911,0.4645814
1.8155183,0.68702114,1.4816674,-3.3688219,0.36291677,-0.58869445,-0.3962855,-1.6624086,0.20525381,0.024495278,0.43887803,-0.71702456,-3.106748,0.60761034,-0.24679294,-1.5586507,-3.4739394,-2.026825,0.28114665,2.1897948,0.25420853,-1.9597905,-0.8582619,-0.14078373,-1.2172991
-0.16189042,-4.7155294,-5.008736,0.304344,0.32893494,-7.4925942,-3.9934156,-1.4425126,0.103421986,-0.32181606,0.47983938,-0.020639643,0.10023303,1.9481525,-1.0281584,-1.6933682,-2.198163,-1.3959336,-0.017008126,-0.38783526,-0.20281446,2.0006504,-1.1300435,0.7483885,1.2647744
0.96327615,-3.468941,-0.46665996,0.37169206,4.3518124,0.016113043,-3.3769574,0.7937554,0.37033695,-0.4341757,-2.243774,-0.45188546,-2.9094718,0.3299918,-0.22944048,-1.4991872,-1.0097756,-2.3595393,-0.85059404,-0.6297557,-0.041347027,-0.42973584,-0.8589014,-1.4952482,-0.7992488
0.055092543,-0.50914526,0.06801714,0.77133644,-0.3586758,-0.113616735,0.36763868,-0.6267111,0.33682975,1.5360874,0.28652745,0.68221736,0.05506096,3.0981257,-0.02195628,0.3098693,0.35450825,-2.2367783,-1.8129944,1.1251932,-1.4128485,-0.48807752,-0.04245247,0.27361637,-0.2995384
-0.2717569,0.8197054,0.9761439,-0.01371938,0.40284345,1.9502697,-1.2066958,-0.46614558,-0.82443196,0.21874408,-0.39674637,0.8732337,-1.3005872,-1.9041736,0.826689,0.94709694,1.469841,0.88362545,-1.8468698,0.34239724,-1.2019908,-0.7502299,-0.5336271,-0.11240867,0.8044769
0.80605966,-0.33438107,-0.7972058,1.1669425,-0.2703619,-3.2880282,1.0816356,-1.8848723,0.16798216,1.640108,0.7853772,0.041142948,0.9028506,2.6265721,-1.4864643,0.0740698,-0.25068432,0.9193389,-2.9044564,-0.35433012,1.5895909,1.4489679,-2.3454344,0.8844078,1.3256624
1.9167392,0.33603,-0.788062,-0.61013025,-1.0236673,2.4325554,-2.6314447,-1.6333967,-0.40585136,0.3797614,-0.45474625,-0.24233383,-2.0843568,-2.740325,-2.207984,0.43896642,-1.8014866,-1.1431986,-2.2952788,-1.7324016,-1.6940682,0.5944594,-0.5338355,-0.4818572,0.22817856
-0.02826374,0.16957414,-2.3219006,-3.5451775,-0.80329746,-6.1530085,-1.5225036,-2.1806264,0.7596537,0.55449784,-0.3891441,1.042428,2.5828466,-0.9804667,-2.1407812,0.17158484,0.62707263,0.23688376,0.91343343,1.3158514,-2.8638167,-3.2093272,-1.5294209,0.16045728,2.225183
-3.7603984,0.8911704,-1.3082469,1.6738003,0.93776983,-0.56197864,0.6303637,-4.6909394,-0.68538684,0.36886165,0.46273556,-0.83214295,-2.6493576,-0.8164265,0.3359845,1.9036571,-0.1574766,-2.8712578,3.3157353,-1.2777534,-1.6525524,-1.3172314,-2.7489781,-0.47980976,0.9259105
-0.8097183,0.36417565,-0.21094799,0.063349545,-0.68263584,-3.4220672,-3.858212,-0.8409022,0.21315862,0.39956754,-0.04737398,0.570135,0.65423197,-3.9088082,-0.33687785,-0.05807145,-0.9086201,-0.7561533,-1.810617,-2.224287,-0.9344977,-4.9166327,-1.7435223,-0.04823029,1.4386128
-1.6641815,-4.9933376,-3.2523594,-1.1204246,0.61329305,-2.104496,0.42786336,4.6037874,0.6360755,0.63671505,-0.1628622,0.4447145,-2.5435605,0.9448389,0.65455925,2.8680449,1.9878991,0.83451307,0.9675782,0.20244792,0.70863736,-3.735718,1.5505393,0.09937627,-3.8964074
-0.4668956,0.558288,0.5180045,-0.6530399,0.7929292,1.0902045,1.0998626,-4.2839336,-0.8861847,0.5991733,-1.6272935,-0.07751813,0.615976,-2.8442845,-1.734082,-2.0582879,-2.7756882,0.2621107,0.8894622,0.8018743,-0.63260597,-2.2641573,0.7569699,0.6950719,0.533391
0.25060025,0.08787385,-0.16402644,-0.010525942,0.2245849,-2.4209304,-2.0766459,0.23479143,0.06775547,0.12656055,-0.19207868,-0.69962656,0.95058113,4.325951,2.1265419,0.90438914,0.68688583,-0.3951546,-1.9726634,-3.8464394,1.082486,-2.9177752,-0.09899763,-0.61192274,-1.1897886
-0.89701,-0.060446262,-3.4464118,0.2610649,0.05705732,1.6161598,0.32682693,-0.7184065,-0.33039102,-0.41690102,-0.42215118,0.32499546,-0.20081095,0.19981432,0.32523423,1.703629,0.9719416,-0.5125,-0.23593137,-0.26071092,0.19375262,1.3468566,-0.3171996,-0.47014916,-0.108222604
-0.14136878,2.6366837,0.3740059,0.48043483,-0.34683877,0.059823573,1.011895,0.7722833,0.13004461,0.12929654,0.40046877,-0.13290426,2.2061706,-1.0593196,-0.037090532,-1.6498333,-2.3038783,-1.0327051,1.0402806,1.0472015,0.5369822,0.9040383,-2.4161372,-0.3095317,0.35032892
1.2707082,-0.22501457,1.9191637,-0.27028865,0.39163563,-0.81136703,0.38101876,0.654092,-0.13571115,0.77116257,-0.1628622,0.25669008,2.5276024,0.4011334,-0.85509217,2.0519903,0.7033703,1.9862511,-0.4551947,1.3396058,3.2028003,-3.4573336,0.09762619,-0.518478,-0.72802484
0.56798583,-3.1065083,0.75586784,-0.57491875,0.61784345,-0.85907954,-0.026553512,-0.37433666,0.63095236,0.58279717,1.0775677,-0.15081127,-2.075302,0.771039,-0.7488986,1.3496277,1.008793,0.63059795,0.70686996,-0.21067756,0.8718085,-0.5694316,1.495207,1.3523878,-1.3249196
0.37434155,0.480029,0.78409165,-4.660858,-0.2680624,0.4007455,0.2647008,-1.0146677,-0.16247286,-0.26377574,-0.51587516,0.24808504,-1.5327942,-0.4383102,-0.8069124,-2.2581716,-0.70962787,-1.5552661,-0.6856731,-1.9301972,-3.341364,-3.3062282,-2.523285,-1.8006791,-0.25892425
0.3587428,0.8649566,-3.0380268,0.539308,0.17076963,-3.8005939,-0.023792744,-3.072577,-0.22176288,0.7789704,-0.7979014,-0.17978513,0.20223522,1.5266283,-0.6091883,-2.3953006,-0.34661424,-1.0479784,1.5778189,-0.424439,0.11026794,-0.015927687,-0.075282186,-0.35162586,1.3075198
0.55786854,1.0289836,-0.40270403,1.403439,0.44737238,-0.7002744,0.47338992,1.2383183,-0.52553993,0.2615044,0.32425022,-0.12373473,-3.492851,-1.1612973,-4.086334,-0.19548555,1.2268605,-1.8849244,-1.6296136,-2.3803415,1.4853318,-0.45677173,0.2565623,-0.76879495,0.7380328
-0.77489984,-0.29290316,-4.0551353,-1.3104261,0.08427739,-0.83194447,-0.61132026,-1.6859105,-0.0038107336,0.14589842,0.36904946,-0.2505358,1.0374888,-3.3732803,-0.51884365,-2.4690528,-0.9611931,0.062190413,-1.3367159,1.4179118,-1.2925386,-0.42554986,-0.97705615,-0.6200956,4.0008416
-0.22159773,-0.34959906,0.99394774,-1.6576985,0.33570093,-2.2803826,0.10247029,-5.1031194,0.69000894,-0.15269127,0.28869686,0.89811933,1.0734837,2.5588665,1.1238471,-0.11593062,1.644314,-2.885991,-1.1317166,0.6365051,1.294661,1.2744459,1.7935686,-0.2671064,0.047205612
-1.0507108,0.03553468,0.23684506,0.37943745,-0.005238086,2.0480044,-0.26247716,-0.8239209,-0.48648778,0.21607196,0.52235925,0.17790246,-0.6964094,-3.5256486,1.3802121,0.9320142,0.48908186,-2.2424712,-0.3332594,-0.14520466,0.4084942,-2.0891273,-0.16555464,-1.0472218,1.4574533
0.2614564,-0.40084606,-1.4767256,-1.9014947,0.966332,-3.9557896,0.18223405,0.4964165,-0.94364524,-1.0247602,-0.88415265,0.48122638,-3.25175,2.5097578,0.15631092,-0.5488223,-0.89121616,-0.053370625,-0.4190174,0.6029607,-1.8479997,-0.2954203,-1.3703455,0.35983536,0.6981213
-0.09501845,0.42313033,0.3303241,1.5992147,0.13820493,-0.49054167,0.48252952,-0.1278193,-0.44862798,0.17502244,-0.3118925,0.64239645,2.8166914,1.2885442,-1.7244896,-1.9936175,-0.9109906,-1.1530349,-0.5523227,0.9059861,-0.5968195,0.74779123,-1.51533,-0.7716356,0.38415796
-0.09294602,1.050516,1.693059,0.27046472,0.43255287,-7.276966,-0.042566493,1.0253787,1.0278838,-0.18373473,-0.42836565,0.6220175,0.02869127,1.5601329,0.25706482,1.8926659,-0.11082214,-0.06274909,-0.63898927,0.5778487,1.1135923,0.926487,-3.2777116,1.3534688,-0.116595685
-0.2826561,0.4282149,0.7308401,-0.3446553,1.91817,-2.2730966,0.84650135,1.7584838,0.22741252,0.50117123,0.6218068,-0.9667547,-0.9587058,1.3343264,-0.18411168,-1.9558886,0.45816752,1.2579875,0.4559495,-1.3332093,-1.6445228,-1.7129685,0.22382289,0.51868737,0.79605937
-0.30619606,-4.2104435,-0.6905703,0.9674978,0.37939236,-1.2361827,2.1852167,1.5371642,0.2267901,-0.27142307,-2.9457555,-0.18047868,-0.13223553,0.28387362,2.2293212,1.214846,-2.6566532,2.063286,-1.3292011,-1.5835762,1.3049304,-1.2190202,0.39718187,-2.9278607,-1.1800029
0.7010546,1.8622365,-1.9582036,-1.1616218,-1.0601364,-0.55522716,-0.5629402,0.46940506,-1.201553,-0.3034847,0.45402718,-0.57742023,-0.7944271,0.38079906,1.1464783,1.5441897,0.31593266,-1.4416822,0.53011864,0.6016068,2.3530035,-0.36315042,0.48811138,-2.2324226,1.3192402
-2.365789,-0.47572738,0.9538652,1.9630073,0.43284488,-0.1862492,-1.4006838,0.47437707,-0.41096848,-0.48404187,-0.14124069,0.49139294,0.23328355,2.1298265,0.5903124,0.69652265,-1.2420853,-2.2736685,-0.8784359,0.9400318,0.18280582,1.665237,-0.21929583,-0.8138919,-1.2652628
0.88505393,-0.3782607,1.1049272,-0.6459685,-0.052729994,0.88819706,-0.7165312,0.17536533,0.46844348,0.16638803,-0.81528866,-0.9247432,2.3026354,-1.6329379,0.08850106,-0.3094887,-1.9221618,-0.99294525,-0.40316215,-1.5853398,-1.2441523,2.0821598,0.38059986,-1.051822,-0.6127838
-0.21912676,-0.51233095,-3.7696939,-2.3687792,0.96016216,0.18599582,-0.3855012,1.3564931,0.15983851,1.2076186,-0.07101199,-1.1857997,2.4074547,-1.124639,1.4329841,1.975184,1.6784525,0.50309527,0.43242168,0.81081414,1.8538,0.1450285,1.23049,0.09219104,-0.8255534
-1.6981531,0.0020572618,-0.15118879,0.39168155,-0.19843099,-0.20058411,0.76540756,0.8401853,0.501799,-0.49207497,-2.320104,0.050723113,0.48394915,-1.501301,-3.6645188,1.6677532,-0.31529957,1.7596734,1.7168148,-0.883374,0.56118554,2.029852,0.95317996,-0.28260815,-0.86221147
-0.31536582,0.9055394,0.54007506,-5.943581,-2.6722264,-3.9236097,2.0566008,1.0489792,-0.46005097,-0.07310037,-1.817484,-0.34120014,-0.6746614,-0.5558564,1.844766,-0.28333208,0.37549087,1.4580715,0.26687855,-0.031114101,-1.2906251,0.6012266,-0.3037835,0.29292274,0.27660578
0.39878386,0.7014706,0.7067,1.3911611,-1.1843737,-0.8954433,1.4831371,1.7886374,0.077158555,0.2279508,0.37924132,0.33318114,-0.6177095,0.67273647,0.66361725,1.6283766,0.6137401,-0.30992174,0.41089022,0.28027725,0.6025563,1.0907887,-0.9361124,-0.89398557,-0.6280997
-0.19755417,1.2260364,0.36572537,-0.47551072,-0.37293932,0.81404823,-0.20714638,-0.20702223,0.16798216,1.543733,-1.5430493,0.48585758,-0.8091326,0.072004616,-0.043505013,-0.7405501,1.1602633,0.5512322,0.7508223,-1.7842108,-0.6045385,1.363631,2.3255682,-0.5900365,0.41386127
2.0472784,-0.3252425,-2.076817,-1.2323184,1.0148317,-0.7231201,-0.9044851,-1.1183366,0.33094794,-0.45315838,1.2961379,-0.8496542,-0.62577295,0.62927413,-0.3606069,1.5599036,1.3383838,0.1486854,-0.28940964,0.020971436,-1.1268626,-1.1832156,1.5447491,0.23735449,-1.0299405
-0.28132895,3.6642416,1.607861,0.5541373,0.9734426,-0.94425774,-0.020069398,0.890368,-0.05681659,-0.12372954,-0.48950636,0.018492477,1.3776588,0.71304345,-0.17012799,-1.6769075,0.4589541,0.67862535,-1.9801688,-0.8530908,1.2299165,1.0673687,1.0880871,-0.69973505,1.3265271
-0.44767606,0.20646504,-0.5004494,-0.1512152,-2.056846,-0.6293052,0.23241898,1.8337513,-2.9748065,-0.03624487,-0.18026483,0.9579078,0.87176687,1.6815822,2.512033,-1.7582096,0.20132428,0.547068,-0.708161,0.3301258,1.6256835,-0.7155322,-0.004229903,-0.040302396,-0.16287047
2.1570857,1.1480474,1.4529237,0.40053785,0.5902698,1.0811963,2.6820498,-0.25568858,0.63095236,-0.309783,0.28333554,-0.46157447,-1.320046,1.8010786,0.90476286,-0.6601201,0.020846888,1.130269,1.8443521,1.1395977,-2.4470282,-2.069543,0.30518305,1.5317678,0.61615497
0.40961355,1.4801428,1.400225,1.8241726,0.6788845,-2.1224718,0.0098588765,2.8169005,-0.8861847,0.2279508,0.067834206,0.11517146,-0.36575776,2.8173141,-4.2711015,-2.2555826,2.8635821,-1.1622083,-1.9966984,-0.1035718,-0.1412633,-2.3821611,0.9586129,1.0743355,0.62792516
0.8333111,0.38468406,-0.48368102,-1.4314597,0.41809553,0.7627525,-0.38365293,-1.1058043,0.015066965,-0.48860037,0.55295616,0.7776457,0.3351473,1.5278081,-0.9259394,-2.56889,1.8134117,-0.6340554,-0.56105006,1.5692408,-0.3134485,0.615276,0.9087682,-0.31544593,2.5844474
-0.08046374,3.7222302,0.22272234,-0.6410985,0.9921169,0.90406895,-0.49423182,0.01618898,0.05754339,0.31058177,-0.4408126,1.3488592,-3.3064775,0.6048197,-3.967929,1.8071811,0.046818413,0.0061287284,-1.2636796,1.3292623,0.38416114,0.95186853,-0.82340753,-1.3745164,-2.274089
-1.9767337,-0.6485017,1.8014338,-4.3503604,-5.330988,-5.908084,-0.7455504,-1.0495626,-0.16426876,0.08987099,-1.2839487,-0.023206156,0.6814922,-1.6206818,-1.4415135,-0.3753608,-0.25422335,-2.6966326,1.296013,0.34801012,-1.3288736,-1.6377522,1.0429463,-0.27940693,-2.1413152
-2.3991663,0.17346919,0.15649751,-1.7906209,-0.85998344,1.8064065,-4.7328744,-0.51967704,0.48716262,-0.48404187,-0.5232177,1.3488592,-3.6433966,-1.6175368,0.7940114,1.6622561,-0.98341763,0.5213741,1.1343641,-0.26370978,0.0651429,0.1873064,0.8091282,-0.1856972,-1.0945122
0.3413633,-2.697237,1.1578162,0.7898116,0.5802752,2.5925128,0.3033222,-1.2190046,-0.25106147,0.9218629,1.0268636,0.085271426,0.23348045,0.0727154,-0.9774218,-2.0208802,0.12774795,-3.15726,-0.15031162,-0.5737349,0.6783292,-0.034018844,-0.12123847,-0.057831466,1.1842914
0.79877967,-0.41719443,-0.58737034,0.5513569,1.4513507,-0.33791858,-2.6180573,0.053390488,0.44923744,-1.2474942,-0.39429787,0.7466117,1.3388982,-1.0019436,-0.6335091,2.1688316,0.6221982,0.030590653,1.8696426,-1.2939758,0.564898,0.1399306,-0.034198284,-0.037351668,1.6930603
-0.28205502,2.0704792,-0.21548319,1.9754025,-0.029388428,-1.126128,0.040597588,-0.0721083,-0.31571564,0.53158474,0.24773827,-0.35172302,0.79461616,2.472492,-3.820848,-1.3145925,0.9202679,1.0878922,0.44262624,-1.6959947,2.1897266,0.14684127,-0.5305988,-0.31219882,-0.9329008
0.53502405,1.3845599,-2.4053621,-3.4001882,0.21270701,-0.30036318,2.1090455,0.06933903,0.07638599,0.065432295,0.37273613,0.30565143,-1.2754197,-3.2061567,0.29475042,2.1883178,-0.7772573,-0.18490264,0.2690008,0.42632622,-0.0895502,1.1102227,0.16373545,-0.77089566,-0.42730832
-4.0214424,0.16858634,-1.7579898,-0.13579321,0.6629208,-3.9098816,-0.086967885,-0.81377447,0.4898214,-0.025390528,0.8859235,-0.1662969,0.87660384,0.5885471,-2.3039212,-1.5732033,-2.4573884,-0.32846296,0.77068067,-1.9300584,0.5640079,0.1260446,0.9188788,1.5721965,-4.091238
-0.692773,-0.37538648,-6.0560403,-3.8405256,0.75828576,0.5746454,0.5191687,-0.14578807,-0.41878504,-0.16160333,0.48103112,1.511406,-2.7944417,-0.08432293,-1.2634917,0.12004773,0.017499179,-0.8958806,1.9582107,1.666678,0.19841522,-0.18265851,-0.493747,-0.59064335,2.718451
0.7415664,-0.21497767,1.6532753,-0.01708442,-0.75418055,0.04462099,-0.99478316,-3.816056,0.46325898,0.23473966,-0.59336406,0.7466117,-1.4908665,0.27377862,-0.8862892,2.5440686,-3.4171693,-1.3079203,-1.0782908,-0.20203266,0.4213746,-0.64543784,-0.16377392,1.0219355,-2.3720794
-1.4336624,-0.110116854,-0.09992382,-0.10500598,-1.0695319,-1.0985879,1.5767925,0.77306116,0.23589396,0.42750233,-0.122472346,0.8768519,0.32616517,-3.8171103,0.4584825,-0.79993343,-0.73692745,-1.3232127,-4.4863076,-1.9601685,1.160178,-1.7191508,0.097920895,-0.054997444,-0.4156741
-0.41044414,0.9284273,-3.0064907,0.017620504,0.41366473,-4.6324406,-0.08477241,2.0345259,0.09109393,-0.6172558,0.19840892,0.104709044,0.41253185,-1.2210824,1.8372722,-2.1599376,1.6667821,-2.0105486,0.7175536,0.4245025,-1.7496964,-1.7610483,-0.135294,-1.4859829,-1.4744517
0.57871175,-0.29935104,2.6168098,0.7154264,0.12621073,1.2752115,-3.8344326,1.4321057,-0.097292155,-1.4087884,-0.008109709,-0.36446568,-0.99426067,0.82406884,-4.1816854,-2.1093812,-0.7238929,-0.15962636,0.40062523,1.6033559,-3.1929293,1.6922364,0.25220445,-0.6405204,1.5036169
1.6909448,-3.956801,0.6340391,-2.131972,1.3850974,-0.5083771,0.4295821,-0.056725867,1.0386049,-2.1042693,0.5058075,-0.023206156,0.6606262,-1.6149142,0.74973464,-2.1076157,0.09641798,-0.24081808,-0.28416997,1.633227,0.41477427,-1.0379124,0.9609112,-1.2147992,0.042799238
-3.013487,1.0047517,1.2499862,0.7802181,0.17235632,-1.9493165,0.5877877,1.7797589,0.11935055,0.024495278,0.39817962,0.3212782,1.8427705,0.1491149,0.87092006,0.9571135,-1.9195873,-0.5488171,-0.3796754,-1.3842809,2.6711621,-0.39815873,2.0811446,-2.9221554,0.092315525
-1.5887907,0.717541,0.64485943,-3.6033547,2.9553208,-6.3079166,-0.6716052,-0.87813103,-0.42402858,0.6696903,0.23540546,0.51524866,-3.0055323,-0.45305878,0.55101895,0.37383735,-2.580093,0.7051482,0.035588622,0.9439888,3.1279714,1.4290222,0.507647,-0.45646587,1.872794
-1.1600604,-1.6418426,0.9310719,0.4883201,0.49059272,-0.10913646,-2.4619393,-3.0644176,0.5107347,0.77116257,1.0538282,0.32133114,-1.4621975,-0.19771147,-1.8538865,0.34086937,-1.7667419,-0.20483916,-3.0759878,0.32633173,-0.8908111,-3.6924708,-0.71832895,0.92479944,-0.6805011
1.5399386,-2.2163262,-0.41382304,0.35038757,-0.6360432,-0.8569902,0.9289067,1.4046043,0.42428443,0.9742822,0.80682284,0.659734,-0.17672348,-1.1298472,0.4322946,2.8870988,-0.27262804,0.24261957,-1.2965866,-0.9303294,0.22987105,-2.6749856,0.049607933,-0.11828481,0.25140786
0.5678953,1.4219029,0.16338277,2.321929,1.1727087,1.90208,0.26101187,-0.04229434,-1.1216717,0.037342228,0.963633,-0.42750627,0.6243483,0.8160283,-0.14641865,-1.025496,-2.831632,-0.29557827,-0.7993628,-0.22183836,-0.2828972,-0.61450577,0.031760827,1.0551003,0.6670497
0.70069623,0.40158027,-2.4435604,1.6980474,0.49327907,1.4935611,-2.5336187,1.1578121,0.07281735,0.56925374,-0.4215206,-0.81780314,-0.16370451,1.3386452,1.5898554,-0.77582043,-0.91369814,-3.194641,-0.3986054,4.3097353,-0.4961921,0.31048328,-2.8938818,1.3166032,-0.061722994
-1.4220543,-2.868907,1.2167358,0.22244166,-0.18437776,0.33523786,-1.6473026,-0.83104885,0.58486897,0.7333882,-0.39497912,-0.33356747,-0.5324442,-0.8817213,-0.41329527,-1.4104928,-1.6606216,2.3530202,-1.182998,0.12201692,-1.3859205,-0.41970903,-1.9356618,1.2013315,-2.8225644
-0.6459369,0.064438656,-0.76568604,-4.19441,-1.6500443,1.1905206,1.0837344,0.6585003,-0.6372935,0.9952516,4.9341173,0.061882176,0.11529299,-1.5658051,0.1286596,-3.220633,-1.9148349,0.91726506,-0.5078748,0.47724622,0.84055126,-2.9243193,-1.1980071,0.42266035,1.8798566
0.49004537,-0.73170125,0.8231503,2.5234218,0.34621742,0.68181175,1.0258734,1.6535851,0.23936436,-1.4277703,0.24295455,0.33135563,0.62334037,2.139688,-1.0591638,-1.665642,4.836371,0.48291564,0.79666877,1.2331474,0.10768238,-0.71895146,1.4969368,-0.5902608,0.09168193
0.28487015,-0.2447551,0.9541323,0.52489,-0.47246772,-0.89191234,0.5255001,0.26695177,0.11846416,1.2809284,0.45967758,-0.6164582,0.9483718,2.6319294,0.49333835,0.57893544,-0.63788766,0.5846738,-0.70303786,0.10373306,0.39862305,-3.4878106,3.0691133,-0.73769164,1.8084785
1.928539,1.4713709,0.11645892,1.7121055,-0.35724038,2.2417438,-0.30331463,-2.5035532,0.46339542,1.2018461,-1.0233072,0.104709044,2.5742853,2.5379264,1.150525,3.9850907,0.09557034,-0.20468698,-3.4946866,-0.15512419,0.22905353,-0.3667235,1.0902131,1.7874845,1.2172276
0.5623876,1.9112221,0.68739486,0.80967623,0.67253435,-1.2524482,0.9289067,1.8651996,0.48716262,0.06599994,-0.935739,0.73639214,2.4922886,0.07802558,0.8017349,-0.3787384,0.47204003,-2.157673,-2.9226031,-1.1895635,0.036438733,1.5690007,-0.5819425,-0.46427655,0.5756593
0.3559189,0.617852,0.14564294,1.1677936,-2.2864206,1.3296386,-1.2362355,5.6600018,-2.7140076,0.35897562,0.29119825,-0.40123507,1.6994066,0.1744344,0.31598642,1.6290519,1.8185852,-1.1645024,-1.0752742,1.1361494,1.1721753,0.4225297,-1.1162646,1.8533585,-1.4441209
0.7269448,0.15932316,2.9862769,-2.3187337,-0.93345875,1.3250594,-0.661376,1.772522,-0.22176288,-0.5223268,0.4481397,0.4523756,0.9985044,-1.7716731,0.40275156,2.247803,0.5270527,0.27352732,1.631071,1.4070785,0.2242477,1.2089021,1.8297865,-1.6943839,1.0885758
0.32744545,-1.0954965,0.7097448,-0.6484106,0.038515925,1.0956321,-0.36968872,0.211559,-2.9748065,0.22116902,0.097126625,0.4768072,1.003323,0.1107015,0.6131815,-1.3895841,0.9894288,0.4710189,1.3397775,0.31983966,-1.144839,1.8567934,0.18227494,-2.1421742,0.9351062
0.9220141,1.0120734,1.1784322,1.017583,0.358321,-1.1040062,0.86451024,0.3586997,3.3607447,0.1466976,0.30657926,-0.13236603,0.62823856,-0.43074787,-1.7631106,1.2909861,0.45091844,0.6908574,0.69795126,1.2637528,-0.73372614,0.8644116,-0.17442371,-3.0460565,2.9244142
0.42099667,0.39207798,1.6915646,-0.43700862,1.2001159,0.25503242,-1.7705517,1.1012442,0.13535814,-1.3337756,-0.8904132,0.3878105,-1.196307,-0.11708069,-0.69949424,-0.7294039,0.592901,0.7107575,-0.56975484,-0.2248342,-0.11074379,-1.4487624,-0.7264986,-2.0451677,-1.909286
-0.6838277,-0.71986485,-2.1357307,-1.2245747,-2.0334113,-0.32889363,0.56221807,1.6224202,-0.48554745,-1.5170826,-3.7181337,-0.19321641,0.59754723,0.17561859,-1.506806,-1.6675388,-1.8677644,1.9056108,-0.52707267,1.356591,0.61515224,1.0614015,0.5791253,-0.88474804,-0.31031322
0.022385702,-2.9995053,0.95016676,-1.7809415,0.9007311,0.48406738,0.77159876,1.3566,-1.6991032,-0.03807319,1.6911815,0.1110236,1.8016496,-0.68241525,0.6327193,1.1500939,1.3628587,0.47483808,-1.5895073,-3.2907462,0.5824158,1.9251548,-1.4322183,-2.9247947,-3.3676314
0.11977045,0.6616267,-4.5140615,0.10527471,-0.71644413,4.1179605,0.82373536,0.9410881,0.3352976,0.47189644,-0.29037604,-0.6821356,-0.87102914,-0.9227201,-1.3719572,0.23745105,0.41864324,1.1837847,-0.024122834,-2.002644,2.0114512,2.3315842,1.8144052,-0.30506778,-1.6819494
-0.85679716,1.5703259,5.179988,-2.9121516,0.097898036,0.61448324,-0.116275966,-1.8848667,0.5947227,-2.5153008,0.9769135,0.50526774,1.2620126,-1.6494073,-0.83349544,0.91566026,1.1206545,-0.6112189,-0.78165686,0.8798808,1.1322839,-1.049889,1.5728852,0.37241262,-0.574553
0.70256275,-0.49572712,2.210611,-0.5578916,-0.024380699,-1.7746087,-0.048971295,1.051958,0.30451083,0.36235267,1.1680628,-0.050461516,2.0804987,-1.165394,0.96582186,-1.071379,-0.024789229,-1.1724507,-1.8124065,-0.99379575,-0.41931885,-0.39837432,-0.4534725,-0.07523894,-1.7163618
0.8764055,-0.59077173,-0.2122848,0.45933145,-0.20033237,-2.1489377,0.32706523,1.1622415,-0.35168728,-1.3337756,-0.28469414,0.95246816,0.56187737,-2.175115,-2.510781,2.159875,0.9184724,1.41387,-0.014391422,-1.8123848,4.196781,0.85411024,0.12175116,-0.44325662,2.1332417
1.083395,-1.3912079,-2.2503777,1.9222522,0.9999991,-1.5567619,0.3445217,0.8067118,0.37651122,0.4429042,-0.70702976,0.27785748,1.2271225,0.9701692,0.13974361,2.24198,0.81563693,1.4558747,1.1586373,1.1523004,1.3159835,0.0012083948,-1.1598204,-2.1682992,-4.3408227
1.6662636,-1.0696741,-1.925493,-1.030939,1.2118833,1.3667418,0.39547557,-0.28863668,0.03910698,-0.6636443,1.2249488,-0.93194675,-2.096973,-4.446589,-1.6109742,-1.4584281,-0.95423204,0.2248649,-0.061188012,1.2964145,-0.8030662,0.30419353,1.4859914,-1.2412596,0.3471372
0.82674277,-0.42148718,1.5154189,0.3970148,1.2274569,-0.5735806,0.09885201,-1.296729,-0.52999663,0.92328316,-0.18236816,-0.0234733,0.26057398,0.31730664,-1.5066943,0.2872678,-0.0860367,-0.12296045,0.42725867,0.94104636,-2.1555753,-2.0032609,-0.15341383,-0.16158411,-0.7165898
0.0355981,1.5261534,0.2595865,-1.0013938,0.57826227,-0.28425696,0.28506467,-0.8489852,-2.9748065,0.7805326,-0.48745656,0.48138312,-1.5547669,-0.38280916,-1.1138382,-0.49042946,-0.10755475,-0.16029578,-0.20984156,1.517755,1.5449427,-0.6475874,0.3677367,-1.0248767,-0.46776837
0.3072361,-2.5154567,-0.2122137,-0.93489397,-2.0109642,8.481423,-0.4542302,-1.73469,-1.5046089,0.7220173,0.076067165,0.41070884,-0.8687834,-0.98179084,-1.985132,0.05161321,-0.72015274,-0.16902357,-0.7351149,-1.5817338,0.1861909,-2.2735536,-1.16255,1.8293707,0.8253755
1.3909166,-2.2694054,-2.8817616,-0.4743154,-0.6113064,0.81287074,2.1746726,-0.4270867,-0.25455958,0.7805712,-0.8773489,-0.8496542,1.4192618,0.44391152,0.67524046,1.6672335,0.24989401,-2.013422,-0.9833944,-3.0958982,0.882902,-0.5399292,-0.7132815,-0.2776314,1.8130434
-4.4796767,0.08762601,-4.1478415,0.79870546,0.45953882,2.5201435,-2.671008,-1.9118428,-0.077557,-0.08296186,-1.8167286,2.475142,1.0689023,2.7745924,0.28175044,-2.1874695,0.76574504,1.0780554,-0.27382517,1.1020571,0.7657906,-0.28324983,3.2640367,-0.5480306,-0.546539
0.48250842,-0.026135504,2.2962122,-0.39397156,-4.3888907,2.0085726,0.24930078,1.0236825,1.4802389,0.08383073,-0.42668012,0.816939,3.5732112,-1.6130964,-4.2107015,-0.82277364,-1.8366263,-2.7669535,-1.8070518,-1.810565,1.3008505,-1.7978402,-0.66465425,-1.588942,-0.668254
0.58024305,-1.3704588,-1.8732188,-3.5055666,-1.0342759,0.6427947,-6.0969152,-1.2935183,-0.1979588,0.4425031,-0.10282609,0.22349334,1.0672143,3.3867795,-0.14295477,-1.557755,-0.8458404,0.11947891,0.71931887,-0.9173015,0.24501622,1.7172369,-0.7361195,-0.025473595,-0.33190697
0.58625734,-3.5745325,0.0009756088,-1.158143,0.7181608,0.6532335,1.1230246,0.60083103,1.2228342,1.0530071,0.91801065,-0.52198243,0.009926952,-2.3804164,0.3341715,0.8624978,0.81867176,-0.4233828,-0.33687067,0.124985516,0.8153195,-0.91430414,2.6664827,-2.226981,-1.0892205
1.3144165,0.58458054,-1.5433196,-0.40317345,-0.21053608,-1.617623,-0.5768347,-0.3448261,0.21356644,0.5276913,0.16563307,0.25665516,-0.9047314,-2.3139887,0.4704216,0.32662988,1.3146317,-2.4012809,1.4517393,0.46143138,1.7123731,0.8790439,0.5223525,-2.5076663,-0.3315161
1.3517247,1.1235292,3.9676592,-0.65736705,0.6204133,4.573259,-0.14601539,-0.79871136,0.47972652,1.4889327,0.71463567,0.9651822,-0.8930221,-0.6892768,-0.9918773,-1.3048416,0.059533972,0.31222808,0.25075024,-0.24429649,2.6978612,-1.5993001,0.40514416,1.4968511,-0.013837829
-1.1578333,1.9444518,-1.3141019,-0.8566071,1.19118,-1.1338689,1.0699122,-0.5965392,0.24298094,-0.3780115,-0.22365898,0.8106278,1.5231309,-2.794814,0.52035505,-1.8273013,0.74217945,-0.6219098,-1.2058208,0.08057606,0.2128782,1.6089523,-1.4439726,0.4669109,-0.7287674
-0.40745407,2.2610645,-0.7572537,-1.7514949,0.1618816,-4.5267067,-0.3469335,0.9981409,-0.75610197,0.33295304,-0.7979014,-0.076422,-0.9343616,-1.6368268,0.790085,-0.6252872,-0.38851488,1.1252315,-0.41615382,1.237935,0.7954642,-2.346243,-0.3233817,-0.98636067,0.25569284
-0.33756813,-3.0500486,1.0787437,2.6644745,0.9228839,2.0566845,0.24050663,2.0907857,-0.71635574,-0.2880765,0.5643373,0.48533538,0.16209519,2.584609,-0.30853355,1.2509466,-0.7394689,-0.09862989,-0.017522633,-1.4982847,-1.5164475,-0.08308853,-0.609366,1.8172777,0.6435677
0.56871855,0.4935325,-2.1639132,-0.10429388,-1.6996357,1.1303761,-1.4402043,0.7449898,0.34175175,-0.49207497,0.75747836,0.019531026,0.9527175,3.7720563,1.0125691,0.64885974,-1.6416628,1.0264218,-0.07893124,0.39806834,-0.12358081,2.3703878,-0.63328385,0.5943897,1.8524067
0.1505042,-0.19762623,1.5079482,-0.62415886,0.54938024,0.4568721,3.6988401,-0.7798163,0.44887003,0.6237087,0.12966569,-0.13290426,-0.24464822,-0.16833702,1.1418438,2.842258,0.10924035,0.96074563,0.9759841,-0.5653932,-2.991422,-0.42385575,-2.1665606,-0.09016076,1.3186631
-0.74914163,2.248938,-0.0036054552,0.45069724,0.7196106,1.3887384,4.024787,-0.2767617,0.25259888,-0.20631108,0.22509454,0.104709044,0.32215697,1.3813657,1.5680146,-0.3015861,-0.87395364,-0.028780669,0.1380558,-0.03587106,-1.2491844,-0.9689702,-0.85555875,-0.39417118,0.56857765
-0.10544251,1.097215,-0.7045553,2.5887587,1.198886,-1.3043367,-0.45428288,-2.29308,-0.38181508,-0.52030975,0.5507309,0.10133595,1.3395693,1.1367917,0.15420544,-1.204083,0.23306039,-0.13473365,0.029427245,-0.5490006,1.2573282,1.4006875,-0.5561632,-0.79395676,-1.8678092
-0.57063866,-1.4861735,0.9343897,-0.60613984,0.42631942,2.3598008,-1.3899944,-0.22318745,-0.3974734,0.27360964,0.60465,-0.31878224,-2.2757273,-1.0775673,-0.54176617,-2.4621472,0.816859,-2.4314127,-1.8411379,-1.624313,0.60413206,0.39398986,0.5206657,-0.51306826,0.27278444
-1.3470763,-0.1053434,-2.6710858,-1.5126576,-4.5820513,0.06317453,-2.3002367,-0.08647418,-0.88132524,0.041562706,1.060293,0.50435406,-1.6222297,0.2092675,0.034412913,-0.647496,0.83206433,0.954788,-2.5728765,-1.2896087,0.4984641,-1.3158236,0.72644484,0.86761254,-1.0971787
-0.5265239,0.85425556,-2.898271,-0.7293635,-0.43347955,0.60841686,1.6331087,0.2645578,0.07638599,-1.5380442,0.060131025,0.64290166,0.45702237,-0.57355607,-1.0267227,-1.0583491,-3.021675,0.38550386,0.16439992,-0.80172133,0.48264188,-0.30012184,-1.9512614,0.027524851,2.6202033
1.2799759,-0.98005855,-0.43372497,-0.70148194,-0.06448977,-6.813247,-0.4245995,2.2721226,-0.0008901246,1.5977179,0.50572926,0.99675906,1.0502226,2.33387,-1.1775478,-3.6668913,1.1196988,-0.27862442,0.36337936,-0.17148364,0.9247839,0.09100136,0.8327185,-1.4647986,-0.29510343
0.9562504,1.6407804,-1.2145512,-4.515685,0.79425186,0.6328753,-3.4043689,0.49156076,0.026315704,-0.8082932,0.16150129,-0.095398664,-3.2758543,-1.4080467,0.87354463,-1.9919639,-0.525053,0.0017779171,-0.1982167,0.9107669,-1.0979493,-1.0529176,-1.1228372,1.013381,0.23038414
-0.91716754,-1.6733518,0.73134744,2.4036772,0.32620108,-1.3142796,-0.73483884,-1.6624086,-0.043205913,1.189652,-0.23081586,-0.344591,0.596186,-0.12977052,-4.6353965,-0.78599846,-0.66301066,-2.136375,-0.41111594,-1.814323,1.2738098,-1.4692571,-0.7024103,-0.06328678,-2.0094843
-0.47146294,0.35256642,-3.2358768,-3.0311134,-0.77807695,1.5779208,-0.15257871,-0.14078456,0.15795867,0.60245305,-0.022243427,-0.7945179,2.0204792,-3.320845,5.1246924,1.4258347,1.5115044,-0.68452,-1.1972976,-1.2623558,-1.6316675,-1.5756578,-2.7274752,-1.0904846,-1.5519941
-0.02634976,-1.0150125,-1.1389655,2.270227,0.91191417,-3.9514863,-0.49009606,0.9963876,-1.7311176,-0.35171926,-0.5664215,-0.8686652,2.1999478,-0.2551787,1.7918855,-0.4858625,1.8588655,0.18692374,1.7404222,1.5076785,-1.8806962,0.3840363,-1.0091923,-1.0078694,-2.3740742
0.7705665,-0.0036333054,-0.026153624,-0.18947643,-1.59726,-1.4479222,2.2508295,1.2125341,0.18427536,0.27714977,0.36563364,0.044935618,-1.113019,-2.3851216,0.6057033,2.1614254,1.0283797,0.4408245,-0.5226087,1.6003518,2.2033713,-0.18362677,1.0244843,-1.3795705,2.960258
0.19541855,-0.08068538,0.6337985,1.4823517,-1.6017948,-2.3673685,-3.8217516,-0.3958103,-0.51001495,0.16693261,0.38742137,0.43699235,-0.62015367,0.36448264,0.13489214,-1.9237874,0.28226203,1.3932517,-0.04505241,2.7063046,-0.66083837,-1.2780027,0.44571128,0.2700038,0.86683816
4.5013423,-3.197024,0.5501311,-0.1560224,1.3720213,-1.8370404,1.9491384,0.45080745,-0.043205913,0.65222937,1.0538282,1.0338148,1.2348539,1.0821768,0.71722925,-1.181802,0.358998,-3.7640352,0.01519534,0.9569893,1.2718998,0.23458692,-0.89789104,-0.55409944,-0.9991847
-0.72141814,-0.62725127,0.122398764,-0.11076337,-0.26430762,0.10189468,-7.0558915,-0.85536265,-0.2933603,0.72964746,0.7928907,0.29727364,-2.07685,-2.0806413,1.0607322,-2.2908742,0.223809,-1.2411642,0.4564026,-3.3616345,-0.812468,1.1335565,1.1627313,0.5005566,-0.85058206
-3.1905785,-1.6232762,-3.783589,-1.5615652,-3.1739411,-2.529429,-3.3179238,-1.2048583,-0.17279658,0.109022245,-0.29040173,-0.22465104,-1.8672378,-3.120613,0.011630952,-0.6464364,-1.2931244,-3.7209296,-2.826217,1.1894755,-0.7731634,0.87044626,-0.649685,1.9815264,-1.1790134
1.1144346,-0.7824418,1.9481084,-1.3775971,-0.37834224,0.52388257,-3.990786,1.0512019,-0.63991684,0.028179474,-0.91077816,-1.465369,0.49188316,-1.6306996,1.5127087,-0.46829247,2.495657,-2.5476549,-0.21124434,1.2178664,-0.9768058,-0.7753662,-0.26299793,2.4667907,0.048734784
0.046723813,-3.1672955,0.99162036,1.6229918,0.5172547,0.9769356,-3.988228,-0.34608445,-2.16289,-0.2303997,-0.50223875,-1.8385394,0.48296988,2.4027882,-1.0338695,1.3224444,0.9977558,1.7899559,0.85105824,-1.0016841,1.0718426,-0.72169054,1.0689297,0.5412672,-0.46727514
1.6654929,-2.8430934,0.6610491,-1.9656572,-1.0202017,1.6616473,0.9587085,-0.9508728,-0.10602002,-2.5153008,-0.26874694,0.4363073,0.23055336,0.28441867,0.27132076,1.5012494,1.4646912,0.22309244,-0.047052413,3.9532304,-0.023097247,0.11253998,0.06491728,1.1332045,0.06968349
-1.0020859,0.65904194,1.1639314,0.44840515,-0.5286184,1.3082983,-0.10317756,-3.7436845,-1.2858534,-1.2552985,0.42655438,0.49139294,4.1910906,-1.18086,-2.0843866,-0.3094887,-1.0599469,-0.2626431,-1.6347296,-0.49041215,-1.2822813,0.20169896,-0.47131437,-2.466877,-0.49231085
1.7297034,-3.1989136,-0.5989685,-0.34561896,-1.1218125,4.1329007,2.0011268,0.25692326,0.3181617,-0.14767331,0.23436888,-0.41929385,2.0122883,0.58686256,0.59396166,-0.8099059,-2.0201747,-5.116902,-1.6604555,-2.0005777,0.28265095,-2.7492092,0.3545145,-0.5527633,2.5123258
0.22209476,0.5536708,-1.6046687,-0.07662326,0.95263815,1.8936975,-2.043875,0.029869735,-0.47751167,0.7261278,1.0268636,0.37372965,2.09933,2.5135956,2.671462,-0.034517586,-0.7053152,-1.0697472,-2.3675513,-0.02356565,-0.0447582,-0.62911737,-0.2983813,-0.47832218,1.0830718
-0.41514763,-0.48599637,-1.7232674,1.8717915,-0.21117467,-0.12428129,-1.6893444,2.0698054,0.41235915,0.060329597,-0.46340764,0.18667433,3.0335963,3.583672,2.2055497,2.135149,1.8621869,-0.95174956,-0.17134988,2.3920805,0.8879466,1.8908749,-0.23786384,0.039283395,-0.38451397
0.34888592,3.2907975,1.973603,0.85072345,0.38797268,2.1570568,0.5677048,-1.031141,-0.17079103,-0.76771665,-1.1675936,-0.8496542,0.5804101,2.9331071,2.3751802,2.4223907,1.3624995,2.7765555,-1.848588,0.16389471,0.5635817,2.7125597,1.7818162,0.8054937,1.7148571
1.0403833,0.20220637,-2.5211508,2.1069708,-0.37957355,0.8839575,2.6062107,0.8138615,0.116721004,1.1575325,-0.735703,0.2281639,2.5378377,0.7236498,0.8097749,1.5864905,0.12682512,0.14795753,-3.7823594,-1.3696376,2.4386134,-2.473199,0.14979637,1.0070413,1.7479879
0.9226751,-0.4227473,-1.1729296,2.156524,0.8145739,0.717451,2.6809826,2.9538229,0.3566654,0.4683519,-0.06856312,-1.3753226,-0.24484432,0.5763019,1.6279801,-1.5698247,0.7826332,-1.5942235,-1.2838562,0.48099077,-0.86203843,-0.86676335,-1.2368189,-0.3559075,-0.017247498
-1.6951832,-0.56138897,1.0688717,2.8473046,0.35664427,2.3543208,-0.20709729,-0.12568258,-0.76720726,-0.074699774,-0.18026483,0.31240603,0.66024655,-1.8683507,1.2550807,2.849666,-1.1263855,2.6683254,-0.61846805,-0.20589346,-1.5129095,1.8279229,0.4107285,-1.2572646,2.0840816
3.6597118,0.28291464,0.5201807,1.1050153,-0.14897488,-0.31364417,1.5428367,1.2049801,0.66005194,-0.5347555,0.9769135,1.0940539,2.6903558,1.3768973,1.4358104,1.5958381,0.81154156,-0.2835964,-0.15479347,-0.56840956,-0.2969884,-0.015687667,0.13566995,-0.55370474,-1.0227988
-0.14925306,2.21808,4.0866847,2.3716445,-0.84224176,-1.9289954,-1.5650712,0.4207014,0.09960014,0.37670997,2.05675,0.59302485,-1.7887845,0.45786816,0.45223153,1.1631799,0.8334727,0.040565938,-0.71835005,-0.1560822,-0.993556,-1.2047983,-0.047415987,0.13716918,0.45116755
-0.120500386,-3.108151,-2.4738066,1.634433,0.66485894,1.1905334,0.6547412,1.0498152,-0.009595886,0.37810647,1.286382,-0.29668233,-1.1317353,1.3673651,-0.2811394,-0.575359,0.3377201,-1.0589964,-0.14438504,-0.26757342,-0.45395586,0.8562274,-1.1158857,0.9155834,1.6533418
0.5472831,0.3133551,-1.1604064,-0.055662632,-2.0098648,2.0569289,-1.0729922,-0.30102974,0.19898212,0.34125957,0.961592,-0.105203,0.14204872,0.34040582,-0.62305784,2.1194081,-0.2837025,0.03328657,0.49132964,1.7360806,0.17910936,-0.12238441,1.1830534,-0.08751716,-1.9924586
4.2588353,0.45803827,0.409107,-2.633039,2.7893882,2.099402,-1.6071556,-1.624825,-3.6056027,-0.08333804,-0.31133646,0.56280255,1.9886118,-0.30510575,-2.8259497,-1.0145333,-1.740506,-1.357464,0.8247606,-0.18638423,-0.5580898,-0.30270126,-1.1008077,-1.4710815,1.2691699
1.5239737,-0.8748513,-0.94592214,-0.65257007,0.50433683,-1.5539246,2.4230754,0.031066239,0.09157196,-0.06790899,0.1474794,0.49139294,1.351722,2.372262,0.6807376,6.3613634,-2.4099255,0.53433454,-0.9939872,0.09738082,1.6928052,-0.40036845,-0.368048,0.8290424,-4.2395496
1.2079409,-0.17259647,1.7978979,2.1891475,0.22487429,0.8788519,-2.1786702,0.66716236,0.15226647,-0.9062438,0.4840882,-1.2009666,-0.13286066,-1.3703,0.70717907,-0.26267967,-1.169139,-0.67630875,0.46638048,1.0589112,1.5232923,0.89025664,-0.33138347,1.84671,0.35243213
1.5248051,0.05093336,1.0920618,2.1793044,0.14558038,1.2666706,1.9939568,0.46940506,0.5498751,0.43361813,-0.4615169,-1.0059034,1.2906784,-0.101380944,-0.23771776,1.0372884,-0.56331414,-0.6967655,0.8773525,-0.54795796,2.8638704,0.69104916,-0.09791474,-0.14553705,0.88737434
-0.75417733,-0.14633405,-2.5473967,1.494401,-0.08125308,0.6474303,0.15943322,1.7083236,0.75523216,-0.15543795,-0.8815624,-0.81780314,-1.3123678,1.815547,-0.010107942,0.83841383,0.052602664,1.0708572,1.5720751,-0.20048876,-0.16443469,-0.933954,-0.6937092,1.2944651,0.39977378
-1.2001209,0.029427692,0.38145727,1.1515682,0.089675285,1.8538198,1.2315638,0.5921876,0.33094794,0.29392797,0.92768085,0.8004283,0.9597738,2.108192,-1.1039109,-1.1061387,-1.652055,1.565582,1.2131228,2.5752978,-1.0618798,-1.2888385,0.53777134,-0.4446416,-0.6025957
1.6760743,0.18790364,0.9771766,-1.8669784,-1.1447108,1.2963988,1.1830697,1.4152029,0.111199334,-0.81236935,-0.064477384,0.42165005,1.7378786,0.57678616,0.3722576,0.7459764,0.76047844,1.7049217,-0.19942105,0.3088421,1.1394042,-0.045140162,-0.7331791,-0.498133,-0.59862185
-0.084672004,1.1065173,1.3391899,2.4841743,-0.20841806,-1.5421851,0.023837924,0.080852926,-0.09189354,1.024262,0.32425022,-0.43432423,2.0029147,1.8257363,-0.75406605,0.29988047,1.6676835,1.262356,0.2322645,-0.4489916,0.7042183,-0.9870761,-0.44158024,-0.6472405,-0.969916
1.326945,1.1314895,0.28938353,-0.95790905,-0.6160645,0.49784648,2.7230554,1.8135414,0.0814375,-0.3780115,0.93860555,-0.46973696,-2.5283484,-1.9855708,-0.22431123,2.4066088,1.4941368,-0.94825333,0.29070565,-2.8867464,-1.4723859,-0.30082202,0.65901,-1.518391,-0.27081132
-0.0027095675,0.08267081,-3.2035217,-1.4834601,0.16197647,-0.30983496,-1.6118633,-3.492103,-0.077557,0.5519212,0.48486665,-0.21208937,0.5270418,1.3181145,-2.5929482,-4.532545,-0.31050456,1.19533,1.519352,2.018448,0.49211,0.51897115,-0.13384524,0.78541666,-2.2279742
-0.48061088,0.9222735,1.4179027,-4.043962,-0.14524412,0.82339734,0.7533026,1.4008242,0.69166297,-0.7553114,-0.27163425,0.6278622,-2.194705,-3.2576134,1.2020061,2.134076,-0.22721712,-2.1872096,-1.652752,-5.3215194,0.87102425,-1.6245291,1.5466521,-0.35446924,-0.22242099
-0.34234378,0.6008062,-4.669233,-3.0840816,-2.4849513,-3.0130532,0.71906435,-0.35062778,0.83903867,0.36859402,0.29135144,-0.34120014,0.018932343,2.6464467,1.0814977,1.8769726,0.16624661,0.73392534,1.0042934,2.3877373,0.90472937,2.393251,-1.3506414,-1.2935163,0.09289269
0.47055122,-1.7632786,0.9540117,0.9117261,0.7187661,-3.2969966,0.16663851,0.18637268,-0.038340304,0.6314071,-0.6163913,-1.0733442,-1.5498309,0.22345692,-0.1289277,-0.832274,0.41579872,0.9805416,-2.2633014,4.569082,-1.9494905,-2.6932764,-0.2051762,1.1868248,0.07811487
-0.99586797,0.35362968,8.125753,0.018003888,0.13350077,-0.60681653,-0.6861395,-0.59288085,-0.3072011,0.14179315,0.55295616,0.38167292,-0.9971497,0.87527466,-1.5938187,-1.8116436,-2.0233123,-0.31030846,0.5348144,1.3903173,-0.6178815,-0.96602154,-0.91025096,-0.4377214,1.1244925
4.6525993,0.13855985,0.10555136,-0.04333946,-0.2551709,1.8065379,0.09556819,-1.5114334,0.5029503,1.3534262,1.0584102,-0.49760565,-1.2655308,-0.31510156,-2.194075,-1.6116754,-1.5807883,-0.80509657,1.0035169,0.26960462,1.7369856,-1.6426016,-2.1657991,-0.44224834,-3.895141
1.4498546,0.8450275,0.5775922,-2.4035504,-0.69676447,-1.397539,-1.6483619,0.16413128,-0.25106147,0.03567922,0.3511075,0.7880801,-0.046168715,-5.272958,-0.7342909,1.6404421,-1.3767004,-2.609837,-0.43102622,-1.0672339,0.29394898,0.11703223,1.6284461,0.4349893,1.2377543
-0.120590076,1.4850037,0.47531095,0.582585,1.1934721,-1.1658843,-5.1658754,1.2221627,0.39758852,1.3534262,0.17196624,0.25628203,2.0084968,2.6315608,-0.5435655,-0.4908712,1.8380107,-1.4428906,-1.4668871,-0.93648416,-1.2583346,-0.22007295,1.5182235,-0.5837302,-5.255839
2.7858045,-3.7851324,-3.1248126,-0.8642877,0.86397886,0.15783189,0.55007464,0.1496732,-0.054656323,0.46759143,1.0564148,0.63219774,-1.3869045,-2.9724147,1.0561192,-0.18892443,1.0947449,-0.6604674,-0.0010170937,-1.5465915,1.2044984,2.0585465,-1.6160212,0.71792936,-0.8539401
-0.10176855,2.0971751,-3.098241,-1.7336032,-4.9443474,-1.1551156,0.5637917,0.7798542,0.78549445,0.2744786,0.5459768,0.09760639,0.20534092,1.186155,-1.1226573,1.037708,-1.205576,-0.24602287,-0.28809416,-2.0988142,0.2527337,0.5301053,0.5762274,0.295541,-0.57828486
-1.2353364,0.8927926,-2.7125635,-3.0566473,-0.04575181,0.8264202,0.06723328,0.2967353,-0.23454578,0.6291509,0.5927052,0.6327896,-0.5819005,-2.689023,0.6942646,-1.1946874,0.5306743,-0.4652922,-1.2125962,1.3227068,1.0974842,1.6269503,0.4148335,-0.19228606,-3.3020208
0.6348706,0.55176103,0.48793417,-2.8829746,-0.307597,-3.5834243,-1.1209894,-0.20434219,0.7778613,0.7514444,1.0702494,0.11378218,-0.115288794,-1.3618971,1.1059331,-2.0907853,-1.3912475,-0.81740594,-2.4185438,0.99230474,-0.7992197,1.1773117,-0.60938466,1.9596665,-3.1733584
4.9275484,0.9062225,0.64522916,0.18266732,-2.1027415,-2.0444722,2.0459874,-0.24363147,0.15901019,-0.8880912,-0.37154812,-0.22645965,-1.126826,-2.2579536,0.448766,-1.2749941,-3.813324,-0.49863854,-1.0789669,-1.3317785,-0.70382154,-0.5188707,-0.19237787,0.53114134,-1.2046846
-0.1646972,-0.7703768,-1.3413332,1.0083947,-0.1956853,-2.2435923,-1.18684,-0.08287433,0.24298094,0.046714738,-0.105840385,-0.79833126,0.120296024,0.18823785,-2.068233,-0.86796606,0.9966778,0.33777744,-1.142481,0.5768015,-0.13252097,-0.70058656,-1.7553232,0.86647874,-1.5485755
-2.5161579,0.100231595,0.68730617,-1.0895703,-0.45030355,-4.2245016,1.2708431,1.2357588,-0.10188009,-0.6932947,-0.18026483,-0.02798096,0.61922336,-0.77383417,-1.201236,1.2950879,-1.0788925,2.851191,1.1088867,1.8895817,-0.81489336,0.38134396,1.7494975,1.316188,0.44369566
-2.7810452,1.8385398,-1.4495147,-0.79097724,2.0969417,1.6938825,1.1125917,0.6993714,-0.040985737,0.6680836,0.706752,0.018672649,-1.6196187,2.0778325,-1.048408,1.2510813,0.032438546,1.2980998,-0.22808534,0.84987754,-0.42317954,-2.1041017,-1.940525,1.1075498,-2.3763106
0.13915274,1.059161,1.1502309,-1.8870189,-2.961651,1.4804276,0.34831792,-0.028525501,-0.3974734,0.6696903,1.009632,1.4015366,1.5689663,-1.3804024,-0.28464139,-0.9975129,-0.69584817,-0.52331394,-0.45268416,-0.15746026,-2.5183902,0.8576679,-0.5392517,-0.061035797,0.7734145
0.7531414,1.1414441,-0.5276507,1.2212533,0.12813653,0.27098292,-0.88593405,0.35542005,0.65809757,0.14874,-1.5939018,-1.169229,0.6433684,1.2073185,-3.1921985,-0.32477564,0.35884917,-1.1618129,-0.43753943,-0.68360436,2.1767802,0.5821441,0.58245426,-0.8619563,-0.11675857
-0.75557375,0.6485973,-0.39236543,-6.3428364,-0.3943135,1.5292741,1.2795494,1.8341637,0.15761672,0.25929382,0.1835566,-0.41544008,-0.052013785,-0.7434875,1.5684935,1.4117218,-0.026314795,0.0028714985,-0.41210383,1.3447801,0.5330316,-0.28101218,1.7364168,-1.177333,-1.1579477
0.52672595,-0.19889545,0.52852577,1.5238442,-0.48970544,-1.260189,-0.7528627,-0.115079425,-0.09333743,0.076469086,-0.1212482,-0.57089126,2.0313497,0.8681383,-0.7764893,-0.84102,0.82384396,1.8201716,2.4290848,0.85274214,1.0160968,0.22351116,1.6875288,-1.301945,1.4631875
1.3110712,1.5495515,0.27414614,-0.08683936,0.518782,-0.7470491,1.7949228,1.7751689,0.35692352,0.16331258,-1.2226672,0.2386157,2.6724741,1.258878,0.46249738,2.4643173,-0.29000136,-0.29461488,0.33102855,-0.36555716,1.7697841,-0.35663462,-0.53095514,0.91544056,-0.23230714
1.7252879,1.6584207,-0.059790477,1.2550638,0.07637707,0.5359476,-0.74489176,2.9538229,-0.8173346,0.38331044,0.5817573,0.16481149,0.9199326,1.9066424,1.1576953,-1.6624677,0.5727518,-0.21092331,0.49975845,-1.4137465,4.0123186,0.13121581,0.44142982,0.7677524,0.8178915
0.9857167,0.5378013,-1.8626503,2.8476386,0.41208622,0.16486138,-0.08466388,1.0899848,-0.29726848,-0.15185457,-0.28772527,0.2944082,-1.9740968,1.9843004,0.30485,-1.6207485,-0.070677206,-2.2784586,-0.9438069,0.92949176,0.76218736,-0.8045497,-0.38190055,-0.20350543,-1.9874315
-0.16660756,0.40588987,1.9908762,0.3440593,-1.983917,-0.4013852,-2.6980598,-0.9768596,0.25694805,-0.24797693,0.7447278,0.4363073,-1.841636,-0.17086913,-1.0168226,-1.4041401,0.36793387,0.21535817,-0.43797654,1.8171276,-0.29603952,2.5046859,2.33138,1.2195357,1.3008184
1.2301188,-0.6347065,4.71394,-0.9540758,0.26492393,1.8941652,0.47092432,-0.3978081,0.3352976,0.4444635,0.23436888,0.20151374,-1.6788337,1.7997677,-0.24379551,1.2166718,0.37733018,-1.3936895,0.11321518,-1.2116756,-1.0421064,0.19322985,-2.4009519,-1.21865,-0.5424753
2.2544196,4.2821393,-0.8982341,0.37042326,1.0799748,2.7694833,0.37103254,-0.88302547,0.33682975,0.065432295,0.89201427,-0.056109145,2.325735,-2.1331987,-0.9461231,-2.9459472,-1.8021172,-1.5072417,-3.430586,1.5089141,-1.1029676,-0.78689027,0.61818695,0.8959827,0.1647855
-0.8633573,1.1341038,0.0292411,-1.3183655,0.89650244,-0.64266765,-1.0887424,0.5484208,0.22741252,-0.8712731,-1.3323612,0.30300102,3.4213858,1.7378225,0.90859324,2.438658,0.6058434,-0.06016001,1.3940434,1.3724914,1.6060137,0.07977779,0.07652478,-0.52521145,-0.6760341
1.0451124,1.6039624,0.27432668,-2.1642401,0.55592555,-2.987506,0.843387,-0.20998254,0.9564156,-0.7893119,-1.127358,0.065899074,-1.126004,-0.14878704,-0.64726347,0.37758183,0.93094385,-3.066889,0.22746515,-0.2927498,3.2713983,1.4294732,2.1654842,1.4710308,-1.1291806
-0.22206222,0.2252706,-0.011724869,-1.1286643,-0.09762473,0.10275406,-1.9146687,0.527895,0.6421925,0.62924045,0.15100615,1.127451,-2.1834154,-1.6260418,-2.6751223,0.010761321,-1.8093972,0.8919369,1.1509464,-2.1291955,-0.06052324,0.02114883,-2.082013,2.4485476,0.2354387
0.4488284,0.6656409,-3.983919,0.38870966,-0.6975803,0.8805585,1.4338617,0.5223022,0.049875993,0.8018829,1.3306472,-0.0046122596,-0.32076937,0.14051992,-0.31340292,2.5783627,2.6939495,0.679657,-2.3545847,-0.67230403,0.35263693,0.6762335,-1.1960157,0.38524634,-1.043804
-0.09059141,1.4668733,-0.02489534,-2.4933004,-6.430441,1.9061375,0.5472365,0.6163274,-0.16837777,-0.07701518,0.16191787,0.47568268,0.6333586,-3.6975856,0.051298082,6.045828,1.1834327,-0.2485511,-0.79958814,0.99888515,0.8163654,0.7090065,-0.22092295,0.45291683,2.024527
-2.936514,1.042578,-0.6492379,0.31021446,-0.10774271,0.866749,-1.2585131,-0.04112196,-0.13437468,1.6182146,-0.13404357,0.034189805,-1.1789246,0.088409185,0.15541491,2.1416972,0.33133903,0.638598,0.39578834,-0.0015467629,-2.602884,1.8401706,1.6386797,1.105037,1.5537839
0.81038755,-3.599508,-0.38249806,1.0411733,0.528515,-1.8358353,3.105345,1.2324336,0.23475917,0.2285325,-0.3118925,-0.9629581,-1.351888,0.21982656,1.5677363,0.00072294474,-1.5773432,-1.0323753,0.6218673,0.4193753,-0.13905317,1.3795995,-0.06090206,0.1848911,0.3317917
-2.978486,0.1585224,3.1842752,0.47342682,1.0169384,0.5710835,0.40013903,0.19045983,-0.46884283,0.31058177,0.7943749,-0.12028994,0.37298107,-0.35258776,-0.80119747,0.30990905,1.0504624,-1.3764658,0.5876392,0.28999436,2.970386,-0.36024654,-2.6176698,0.2655187,-0.22797456
-0.6198735,1.6809566,-0.2281431,-1.2275755,-1.2014961,-0.32421046,-2.1706483,0.8942543,0.1535783,-0.19667041,-0.1230858,0.8099519,3.8975983,0.2436082,2.7885337,-0.28541052,2.0431345,-0.43336472,0.9474931,-0.13015074,0.012048483,-0.0200134,-0.1615516,1.8078508,-0.76813054
0.29392588,1.4410863,0.82402194,0.57819706,3.301189,-0.4855652,1.7843734,1.5098774,0.9519107,-0.08551185,-0.9645542,0.8320385,-1.4807231,1.238481,-0.34611157,1.1149237,-0.35328534,-2.099134,0.048761874,0.7474432,2.76834,-2.9204266,0.62196875,-0.31961662,-4.5201335
-0.48076314,1.511615,0.83144784,0.5803535,-1.0196007,-0.8990623,-1.8282907,1.6754849,-0.3283653,-0.4341757,-1.163701,0.31647307,-1.6843088,-0.47051293,0.22200733,0.6416682,-2.5510216,-1.2786914,-1.4540551,-0.44166005,-1.2418474,-0.8898441,-0.05650568,-0.6639284,-0.099565
0.2529102,-2.539864,-2.4778104,1.7077208,0.6967452,-1.3178436,0.6137063,-5.409883,-0.035775226,1.6655929,-0.52418685,0.060887657,-2.772532,1.2532318,-0.9386337,-2.722854,-1.2259723,-1.1098053,2.6969595,1.1477449,0.13567793,-0.14893864,0.21813262,-2.2740355,-0.5413601
-0.9721397,0.314578,1.2102101,-2.125698,-0.3999185,-1.3098781,-0.3130708,0.18075156,0.78549445,-0.12248929,0.41647828,0.69040644,-1.8983828,-1.5278912,0.62471396,-2.3802779,-1.399249,-0.047843248,-1.5118185,-0.6280943,-3.5175498,-0.6895156,-0.7589806,-1.7261941,2.9338434
-0.67424136,0.89110214,0.7804265,2.8055582,1.6975927,1.9748333,-1.6757988,0.20017989,1.1924175,0.3594817,0.7912927,-0.42280436,-0.49274155,2.0715914,3.4354944,-0.043724895,0.30494753,-0.07453318,0.17074728,1.6295772,-0.8739574,1.8159881,-0.6100037,-2.6708844,-0.76380825
-3.8303046,3.7403538,-0.14336075,-1.3712261,-0.11346477,2.0658388,-1.5334069,0.29488087,1.1941597,0.3566899,0.56193495,-0.13236603,1.8119848,-2.3014193,-0.47389776,0.2587877,-0.086184144,-0.29091245,1.1963813,-1.0891566,0.58622336,1.3899872,-0.019751735,-1.674521,1.8482978
0.13273203,-2.008757,-0.2174975,-3.8687415,-0.2723251,-0.21808124,0.49014413,0.06300983,0.14468174,-0.17072625,-0.58379483,0.62870085,-0.7188381,-1.2750793,1.2353084,-1.9147907,0.8615851,-0.638276,1.5343623,-1.6357139,2.2241812,0.03971593,-0.4230134,-0.32802936,1.0240737
-1.1719098,1.2830772,-2.023813,0.8672466,0.50489414,-1.337787,-0.6644204,0.10830097,-0.49250975,-0.9561161,-0.1936523,0.33135563,1.6057416,2.820622,0.445176,1.8663546,-1.4431198,-1.2756677,-0.29491803,-0.5649617,-2.4618785,-0.43237442,1.5436493,0.18544924,0.7618251
-0.033948064,-1.048069,0.3682763,-1.2377154,0.024037212,1.7241501,0.15846235,-0.89168596,0.3904612,1.1345223,0.27987346,0.5013604,-0.015704006,1.4707546,1.1055506,1.6919616,0.1297814,0.43337744,0.5505986,1.9033496,0.453645,0.9482571,-0.11332871,1.0200713,0.29623434
1.7415329,-0.7291827,1.0273577,-0.7551543,0.33841178,1.5935936,-1.4476546,-0.0046200156,0.96504515,-0.06790899,0.006476581,-0.111907646,0.4904455,-1.6985077,-1.0341182,-0.38925177,-1.2391998,0.24470508,-1.3109139,-1.6982188,0.36175582,-3.3106196,-0.12936562,-2.219856,2.7534642
-7.773914,-2.1655743,-0.7174313,-0.6102991,0.91587466,4.413266,2.1527963,0.06560213,0.60152835,-0.23791614,0.5548197,0.1347911,1.3020276,2.0855887,-0.070315406,0.9604224,-0.4338103,-0.09810421,-0.48172066,1.5614734,-0.0535798,1.0328128,-0.46528825,-0.7215776,-0.5341086
-4.507274,-0.17259647,0.35520148,-1.0877248,-0.31664982,0.40059692,0.26284152,0.3877514,-2.16289,0.12656055,0.3511075,0.29713967,-1.4307108,-1.2859182,-0.9393074,1.1056252,-1.2103871,-1.4238172,0.414721,0.24580234,1.9300559,-0.8871976,-0.16821116,-0.30387995,0.4589839
0.8666043,1.8820182,0.58252037,-0.67325425,-0.26486182,-0.96734995,1.2211152,0.37464297,-0.13536565,0.14517038,0.73684907,0.30712932,2.1545014,-0.48828888,0.19205025,-0.39365757,0.36457223,1.4256994,1.4868708,-1.8271472,1.3754218,1.646843,-1.0297921,0.077819295,-0.8401832
1.1328552,1.4998252,-3.1996765,-1.4827733,-0.07829516,1.3585039,1.6203103,1.578883,0.7024981,-0.31742898,0.44797492,0.14272743,-0.21031466,-0.23654509,0.7357499,2.409184,-0.47269797,-1.5903974,-0.92827356,0.719242,1.999908,1.3155355,1.7071437,-2.333605,1.9017262
-0.24506883,1.3245636,1.442606,1.6033833,0.19485486,-0.22208801,0.017006993,0.069568254,-0.52999663,-2.2674584,0.19802625,-0.42280436,2.3982484,-0.19680834,0.6858741,0.11351625,-0.35513246,-0.4930327,-0.24317904,0.13717115,0.75566506,1.0418196,-0.35520223,-2.6883664,1.9007719
0.71752155,-0.12124,0.9563045,2.7633953,-0.08365484,-0.14714432,-0.3081537,-1.8139579,0.96504515,-0.55995184,-0.9186705,0.46410093,0.32127583,3.0689294,0.0799768,0.9630843,0.3172942,-0.037730653,-0.8076046,-0.44513473,0.5246091,0.2901051,2.3660655,-1.0523658,-3.5149906
0.8786479,2.787867,1.9275357,-0.41725403,-0.471608,3.3579006,-1.4783543,0.11797172,-0.64044154,0.7294514,-0.26236776,0.32133114,-2.6841612,-2.9258323,1.1497914,1.5068183,-1.0028335,-3.0726123,-2.3294675,-2.1128945,1.2309997,-2.3247533,0.6773659,-0.5100335,0.026543617
0.41265848,-1.4453299,-3.387311,0.48583055,-0.65479386,-2.250534,-3.066492,-1.0539014,0.4071525,-0.25901383,0.51469433,0.19068177,2.5187097,-3.596308,0.43116024,-1.0396293,-0.98842716,-1.0633969,0.6424298,3.862192,-0.20846677,-1.0216985,0.2536072,1.356456,-1.5533242
0.3678595,-1.1329265,0.040489912,-0.57748723,0.44340527,-6.732785,-0.6749406,0.49337375,0.16798216,-0.3321719,0.585467,0.3996312,0.79108447,0.5855875,1.2847207,1.2196119,0.6493901,-0.4868247,5.2296696,-1.1744359,0.55059254,-0.2500609,-1.1082745,0.34760827,0.052632943
1.0002292,0.093213335,-0.4830136,1.8422347,0.1981345,1.3578861,0.15595627,-0.20065883,0.034040652,0.4978064,-1.0233072,-0.0003806278,-1.3599426,0.42595187,-1.0036626,0.53962445,0.11253947,-2.1457376,-0.6875202,-2.8296573,1.1379861,-0.81863046,-0.32087785,-2.9783752,-3.468757
1.2635413,1.5173994,-5.4613023,-4.198384,0.5891886,1.1960117,-0.9191415,-0.14420234,0.21307388,0.7837904,-2.1760511,-1.3918276,-0.34340113,-3.1862159,0.10479675,1.5190822,-0.1124544,-1.0075898,-0.37150532,-0.6480775,-0.30376697,-0.72592705,3.0622878,-0.13478133,0.98319423
-3.3350754,0.10410036,-0.7014005,0.7905147,0.37230274,-5.09885,-0.4364946,-1.3040473,-0.70301884,0.6789801,0.014646515,-1.1503084,-0.3712401,0.9651113,-0.14298984,1.3543031,-0.33696088,-0.41204274,-1.5725838,0.21915576,-0.29979864,-1.319749,0.58406603,0.10994497,-0.466484
1.4506372,1.206575,0.3933974,-0.9808198,0.7909467,0.945406,0.9386719,1.378929,0.480904,0.76643646,0.73794746,-0.17978513,-0.22345519,-2.9133093,0.9875926,-0.099008285,-1.0239995,-1.147129,-0.7374182,1.9562759,0.50298786,-0.06932533,1.7518346,-1.5166569,-1.3097429
1.2712679,0.7393523,0.82742465,-1.9948514,-0.2670865,-1.4720485,0.013889223,-0.10889837,0.8764468,0.0546834,-0.584809,0.92889035,0.96205294,-0.88058007,1.9419833,-3.9561698,-0.403625,1.4722184,0.24858803,-0.09944774,-0.14575565,-0.15510523,-0.95345604,1.2237626,0.27298665
0.7429637,-0.9446721,-0.3130557,3.794951,0.3135987,3.0486531,-0.30372643,-0.3585682,0.13111602,-0.53580105,-0.86802673,-2.7613544,-1.0865271,-4.3263903,0.76012397,2.3741558,-0.8895266,-0.69060373,0.2997014,0.41149452,0.7582506,-0.19897415,0.9984096,2.1127846,1.45617
0.71081877,1.0794119,1.4576292,2.3263905,-0.9901847,-1.900508,-1.2739315,1.3827388,-0.39647382,0.1326292,-0.1230858,-0.83214295,1.7595301,0.10390866,0.31665373,1.6575538,-0.8374865,-2.5420766,-1.096276,-0.98884356,-0.039968573,-0.15463296,0.6706486,-0.3379797,-0.68918616
-0.6164206,-2.9181497,-1.6121386,0.8732016,0.55592555,3.389021,-7.2615504,-0.66473657,0.54903066,0.15207921,0.2534878,0.15120482,-2.025719,-1.8610455,-0.43077666,0.6688534,0.7409738,-0.87952626,-0.79077125,-1.6283932,2.500132,2.3174949,0.4826905,-1.1146057,1.3979037
0.26185343,-2.8162613,-2.0317364,-0.7548928,3.6938293,-1.3726561,0.99323314,-2.0338504,-0.18897207,-0.44054568,-0.85830843,0.42064038,-0.40490496,0.8058616,-1.2490071,-2.8338456,1.3583868,0.9360295,-0.41353524,0.3387069,1.766178,1.3265932,0.04730916,0.19980286,-1.1431489
1.1031873,-3.2377856,0.31132287,-2.8654404,0.89025486,0.55223393,-0.101984024,0.6024445,0.5115384,-0.5691424,-0.27296028,1.2168967,1.1019664,-0.9942956,0.08944884,1.0605649,-2.7696078,-1.4006298,-4.4524813,0.17682338,1.4841912,0.060440004,0.84511733,-0.96466595,0.93947357
0.5539306,-2.1140513,0.46045506,0.9405692,-0.10253379,-3.6378932,-1.5882306,-0.08237627,-0.06870051,-0.010015808,-0.28629562,0.32188624,-0.61626244,-1.1940719,0.598817,-0.47398254,1.4098474,-2.9894795,-0.5064051,-2.0426338,0.041701376,-0.5732509,2.2229984,-0.5830742,-2.3956544
0.95126694,0.7444824,-2.3363323,-1.0233507,-0.742262,0.36833006,-4.2685776,-2.5733328,-0.40010324,0.55419964,0.033703785,-0.53985214,-2.993485,-3.1148243,0.122936964,2.1547303,-1.4164861,1.563947,-0.09780722,0.8728292,0.8571153,-0.7031472,0.38409302,0.55506945,-2.1442344
-1.9562619,-3.3312066,1.0351307,-0.88582265,-1.4986386,-1.8797956,0.894658,-2.9438648,0.41235915,0.3603163,-0.016176289,0.0058603827,0.5769898,-5.2121906,-0.063773,-0.9440229,-0.44633037,-0.4086166,-0.13963473,-1.17864,0.5917153,-1.9605362,0.05595818,-2.0958538,0.31103343
1.4243958,1.3745049,-4.741513,-0.68657976,-0.9088378,-0.21326184,1.058838,0.2134799,0.85638815,-0.81236935,-0.3013754,0.54469,-2.758905,-1.0222802,-1.069184,1.2490947,-3.2517405,-2.361085,-1.0435668,-1.1413622,1.0803814,-1.392438,0.21171722,-1.440079,1.065706
0.99829787,1.5535483,0.44558737,-1.0409946,1.1551224,-2.6933713,-0.7078444,-0.78499895,0.31061023,0.566327,-0.8773489,-0.16513011,0.63948965,1.5604017,0.62471396,2.317914,0.13048351,0.563336,1.290868,0.16698125,-1.0725526,3.2020392,1.4926097,-0.00045702327,-1.086133
0.7973327,0.3800825,-0.17943361,-1.2790527,-0.06690174,-0.82859594,-0.032493055,0.5867106,-0.33039102,0.15995847,-0.7954871,0.27785748,-3.7960026,-2.941209,0.42400566,0.47715098,0.38778234,-0.114815116,0.049870998,-0.4949432,0.87463564,2.5261188,0.49948338,-3.4159334,1.9097378
-0.3112067,-0.10781717,0.31089693,1.6544378,0.32507896,0.22214079,0.27485377,-0.69982094,1.297261,1.7776133,-0.94346684,0.34940743,-1.6316756,0.0109702945,0.6573665,-1.7915257,-0.19263285,0.80578303,-1.0146915,-1.9372126,-1.2517428,-0.34009188,-0.61695397,-2.1427975,-1.786445
-0.37965238,-0.014313646,-3.6614192,-1.8463161,0.22982313,-0.42527074,-0.08349685,0.8426409,-0.33077788,-0.003322564,0.9179091,0.6024009,-0.5543951,-1.1678467,-0.83326,-0.6403678,-1.1674166,-0.06722766,1.0777669,-0.5670213,0.11002433,1.633498,0.13400507,-0.34451604,0.013720453
-1.303879,-0.01861228,-0.814377,-0.24910498,1.1573486,0.5094773,-1.8948591,-0.039331295,-0.2659778,0.50381386,-0.22151124,0.5540358,0.0046429336,0.99090236,-3.0795941,1.627445,-2.239272,-0.1048727,0.040044263,0.26026034,-1.0328747,0.22603263,0.9380442,-2.4162192,0.2868793
-1.449163,-1.1636224,-0.48109698,-0.53318197,-4.339686,3.671889,-0.24517022,-0.9115654,-0.009032454,0.27328214,1.4677427,-0.26037645,-0.6290334,1.2114755,0.76251876,-2.8154926,1.7093014,0.15483075,-0.22521523,0.99450696,1.8359498,1.4067848,-0.53380466,-0.9821974,1.626305
0.4320141,0.559683,1.1617004,6.175881,0.90527296,-1.2140571,-0.5520326,-5.550842,-0.41447738,1.1902138,0.056578707,0.52662957,0.8018271,0.0033815503,0.44266844,-1.0714135,-1.263583,0.2508284,-0.80637705,-0.73503613,-0.0628888,-0.19391969,-2.9469523,0.27450812,-2.137262
-1.4582415,-1.2951303,6.035079,-1.9743267,-0.7842132,0.29125744,-0.0056904852,0.99399424,-0.4381536,0.8957838,0.04271075,0.42064038,0.17413223,-3.770084,-0.9438015,-0.7489587,-0.88723457,-1.7446458,-2.2661948,-3.6486187,-0.05072704,-1.3021706,-0.27530295,-0.8259051,-3.2127666
0.95104164,-0.4127164,-7.511527,-1.9322513,-0.31037793,-0.3450585,-0.038911313,-0.20522386,-0.55262727,0.4889834,0.9694078,-0.22034612,-2.7062316,-2.5011706,1.193561,-0.103007495,0.12453621,-2.2960942,-0.9996734,0.23612216,0.43814933,0.9900712,0.65151036,-0.90502673,-0.43144262
1.8134676,1.1374598,0.44216746,0.26660526,-0.34865975,8.013594,0.36763868,-1.5924282,-0.03834783,-0.8905351,0.706752,0.25756538,-1.1685038,-2.2757983,0.047568824,1.1002367,-2.9991791,-1.0653796,0.5817354,0.4774209,0.7459204,0.5703682,0.17438978,1.9874893,-0.33359876
-1.6817276,1.2038445,0.876481,-0.20802091,-0.2733875,-3.7857332,-0.43147585,-0.4525842,0.636037,0.42391545,-0.81192267,0.8934207,1.5507351,0.7192154,-0.38124365,-1.8341371,-2.3243866,-1.6602587,0.11058208,0.9325334,-0.57173574,-0.46756157,-1.4315195,0.12063426,-1.8429285
-0.3161692,0.54025567,0.5913923,-3.0122466,-0.23376918,-0.3314401,0.69939595,0.7182034,0.010894923,1.5977179,-0.29863682,-0.0234733,-3.1336174,-3.1591325,-1.758334,0.9715408,-0.7243949,-0.6608676,2.1270494,1.3579366,-0.3004712,1.225591,-0.9085033,1.7470345,-0.3372857
-1.0139863,1.0140091,3.2347875,-5.8470793,-0.26455465,-4.94866,0.06707756,-2.6573248,-1.1267506,0.7805712,-0.7782152,0.0058603827,-1.6538684,-0.50419635,0.34014106,0.84550124,-1.7246171,-3.4867241,0.8366503,-0.43872136,-2.1720154,0.2828713,-0.18461874,0.71470124,-1.4922439
1.1283221,-1.1444148,-1.3758667,0.022836864,-1.06852,-0.89978766,-2.273501,-1.0198634,0.75962675,0.059995417,-0.86802673,-0.5266001,-1.6783996,-4.1966834,-1.4240904,-1.0979071,-2.9957762,-2.0618963,-0.49399918,-2.489562,-0.12612855,-0.08299518,-1.1617874,0.33961535,1.8959868
1.8782612,1.1317036,-3.662054,1.3076984,-0.3871598,-1.862974,-4.372404,-2.5286636,0.24298094,0.7220173,0.38862216,0.87555623,0.21484292,1.6589425,-2.7973428,-3.1666474,-2.502688,0.3123423,-2.8345108,0.6351991,0.7610053,0.93560266,-3.593188,0.80375516,-0.9097302
-0.5999009,-3.0851276,0.20473546,-3.1351376,-0.36249685,0.32851934,-1.963838,0.9563993,-2.0473502,0.62079334,0.44843093,-0.23977664,-3.659095,-3.0468867,-2.6616063,2.2280214,-0.7579119,-2.6461053,-2.1605778,-1.5697337,0.1501056,-2.8712041,-0.24503176,-0.02183032,1.8420935
-2.7560894,-0.43432808,-3.8544781,-0.32164007,-1.0507946,1.2066684,-2.9584103,-1.7372706,0.21086402,0.4429042,0.23436888,-1.7046086,-1.0569055,2.9937668,-1.2619543,-0.4700622,0.15195835,-2.083045,0.9019234,1.2237307,-1.0284082,1.7861202,-1.4428039,-0.11211017,1.4815766
0.5723459,1.1136464,0.15903574,-0.41271412,0.9928676,3.0435824,-1.1229079,-0.8491869,-0.53064144,0.14318663,-0.9375227,-1.4685211,-0.9723424,-0.91759914,-1.1992131,0.008046418,-2.7172158,-2.4832592,-1.6912644,-0.7298613,0.616194,1.2173711,-0.11031252,-1.9996552,0.29723984
-0.7371952,0.6617603,-2.4746566,-0.79470944,0.16622539,0.46978825,-2.541959,0.68136716,0.8675633,-0.3034847,-0.1135505,0.30565143,1.04722,-0.7933063,0.2896727,1.9587891,1.94753,-1.2334831,0.12578893,-0.6481047,-0.8973966,-0.15504436,-1.5305394,-0.21201062,0.035393715
-0.83691955,0.6634516,0.19035986,0.14399523,0.36745787,0.39336035,-1.1506984,1.1010711,0.21615341,-0.46261013,0.5622988,0.041142948,1.5434531,-1.0802611,-0.83484906,-1.8185176,-0.38846868,-0.31477004,-0.4420035,0.48513505,-0.11691031,0.8220727,-0.48334298,1.1942493,-0.7983541
-1.5198262,0.575849,1.2565635,-6.9399137,0.7665498,-0.5224886,-0.52730525,-1.2505273,0.026315704,0.2133613,2.05675,0.41070884,-0.7466049,-1.8487371,1.2058052,-0.8157877,0.22999606,0.010650039,-0.27756327,0.6257871,1.955303,-2.1991725,1.7833066,-1.5823814,0.54126394
-0.4049819,-1.0834142,-0.64546794,1.6532125,0.011419505,0.42824435,-0.24532054,-2.4687533,-0.13155736,1.1575325,-0.7979014,-0.3224047,0.5793338,0.8564087,-0.076723844,1.1266195,5.070967,0.9858353,-0.05756636,0.58264947,0.6932862,-0.20232613,1.1309267,-1.766144,0.7618251
0.24892412,-0.34526578,-0.37971562,-1.5627342,1.0757767,0.95133525,0.38284552,-0.10584006,0.21745937,0.42391545,-0.28758356,0.92889035,-0.3950432,-1.6522701,1.3225045,-1.2163292,-0.64961743,-1.6574247,-1.9022027,-1.2962202,-1.7675345,-2.4440491,0.21854351,0.6078384,-1.9696596
-0.42547187,0.5719939,-3.555208,-0.101959795,-2.6777623,1.3939953,-0.6425483,-0.2811796,0.69241685,-1.2686567,0.08528745,-0.4141428,0.5502296,-2.2797277,-0.68944037,2.1063943,1.2328044,0.9906504,0.15542477,-0.52938575,1.8803301,0.3476172,-0.32436043,-0.66377366,-0.888828
-0.358162,0.8281489,0.52484065,-0.34440666,0.49743712,-3.4641275,-0.24341476,-0.24775551,0.39006114,1.02372,0.8442149,-0.02798096,2.6972563,0.11336851,-0.78324383,-0.85566854,-0.020715263,2.2620788,-1.4095423,0.1695853,1.0370584,0.12723622,-0.07904592,-1.2663603,-0.44778126
-2.5565362,0.12722124,-0.4045018,-1.9554286,-0.051746562,0.23390639,2.8151011,2.6620028,-0.024794515,-5.1333513,1.1680628,0.6384344,-2.1733944,3.745329,-0.086793184,-0.3787384,-0.41074163,-0.96431464,-0.343467,0.37292635,-1.845638,-2.0115476,-0.6495212,0.28185338,1.4918294
0.425209,0.3607426,-0.9261979,1.5044929,-0.088179305,-1.170927,0.20128849,0.37074462,-0.73520434,-0.017901205,-0.008109709,0.026238525,0.33198333,1.8845081,-0.644162,0.78738743,1.2674606,2.1225908,0.44655856,1.1654434,3.1513479,-0.68158484,-0.26688558,-0.93982095,-0.24309117
-1.0238729,0.012655616,0.5433706,0.173488,-4.6093254,0.17847037,0.54940146,0.70156634,0.56873477,-0.30803406,0.22376226,-0.026465196,-0.9375973,-0.5308193,-3.1846344,-0.6908622,-2.4229767,-1.0527011,-3.800467,0.262657,0.74174964,1.1320972,1.9378991,-0.49842608,-2.6233795
-0.33606714,0.074573144,0.6709092,-5.0637326,-1.2325181,1.8253182,0.6177159,-1.1042255,0.84003645,0.6128813,-0.08419734,0.09760639,0.8383362,-1.3936324,-0.49324232,-2.4399345,0.4539851,0.72450614,0.1551232,0.1323461,0.7813673,2.8765147,-1.294306,0.7477309,-1.3212504
1.1148903,-1.8051255,0.34175575,-4.1167893,-0.14611869,-0.14636767,1.2015045,0.546265,-0.12319876,-0.14737082,-0.7998682,-0.70709896,2.5402646,-1.0483446,3.968436,0.6029232,-0.043259233,0.04487461,-1.5709132,-4.2923822,1.1610225,-1.5071158,-0.936792,-0.5625657,-1.0945122
0.32318845,2.4623237,-4.3366175,2.3050904,-4.6230397,-2.1664424,0.64055324,1.4719455,0.70968795,-0.27327636,-4.1551857,0.5569651,1.0534451,-0.67274386,0.66017973,0.06694877,0.31702936,-0.106548786,1.5680171,-0.3909251,2.0634754,0.8846182,1.397516,-1.1390973,-2.3180563
-0.4786774,-1.8687142,0.5477631,-2.2144608,-5.2753577,1.8790703,-0.064655855,1.7287343,-0.23454578,0.24045509,0.42273965,-0.46129236,-3.4665499,-1.4386063,0.057738394,0.49146396,0.34434795,-1.165163,-0.6101228,0.1537215,2.4796083,-0.16726077,0.36761332,1.3549969,3.4390326
0.40712494,-0.14827095,-0.4351549,3.4662676,1.2424347,0.8787418,1.2050867,-0.04652953,-0.73825675,0.6162261,-0.01710665,0.018672649,-0.11237797,7.0105734,-0.62275946,-2.2386177,-1.2091817,1.2138002,-0.8395997,-1.391366,0.47650805,2.0197306,1.182615,0.20210308,1.664621
0.16839048,0.5437176,-1.4459902,0.3605323,1.5561823,-2.0682979,-0.2144376,-1.4171386,0.18427536,-0.56532043,0.0017112698,0.4333907,0.77125823,-1.1194406,-1.3131185,0.994203,-0.08238277,0.9221293,0.5082154,-0.5819152,0.10539031,1.3595035,-0.04581234,0.1251337,-0.5521912
0.105369166,-4.6232457,2.0211506,-1.0987788,-0.4496622,-1.8438935,-0.43540534,0.5763875,1.0476298,0.7706188,-0.006562924,0.6103226,-1.3599116,-0.108986974,-1.5625203,2.037265,0.5913113,-0.32209623,-0.30091912,-0.9079178,2.1651247,-3.3780208,-1.615684,-0.4810265,2.0814433
-0.52976215,-1.459246,-0.724107,0.6346805,-1.3706803,0.19088697,0.42238164,-2.6212971,0.78222036,0.54364634,-1.2553521,0.3766749,-0.8954704,2.332645,1.6136588,0.024933796,-0.5840228,-1.5540513,0.06842011,-1.4661463,0.786847,-0.20760728,1.8688728,-0.102288306,-1.1576401
1.0913429,-0.32362413,-0.08532441,0.43806142,0.1192866,2.2586894,-1.0351273,1.3480747,0.115393385,1.0073726,-0.83999777,0.060609274,-0.05994135,-2.877089,1.7125533,-1.5237343,1.7339944,0.073200464,-1.9866358,-1.3463278,0.87347114,-1.402019,-0.17601016,-2.7376158,-0.40669867
-0.22279659,-2.2336366,2.4803996,1.9351704,-1.463909,-5.2869816,-0.4110095,1.1017828,-0.64044154,-0.5492929,-0.32642582,0.14212996,0.44479358,-0.3880698,1.9286125,2.1944675,0.8892582,0.7259649,-0.34299016,-0.08962437,-0.38430732,0.5017019,-0.8991171,-2.4869246,-2.806498
-2.0972629,0.22005783,0.41318876,-0.69576937,-0.72538686,-1.0001376,1.5419935,-0.8983657,0.049875993,-0.42152354,0.031822942,-0.15880926,-2.570422,1.7407391,1.0250425,1.9347204,0.16193114,-0.881318,-2.356792,1.1114771,-0.59280306,1.2695987,-2.3323555,1.0055764,0.4547171
0.49343213,2.6637862,1.528898,-1.1296579,0.6100059,0.5074992,-0.47433278,-1.2923971,0.5779589,-0.44636256,-1.1200175,0.1347911,0.4819551,0.9681004,-0.77897257,1.738626,0.07654089,-1.8372478,-1.5105003,3.4611773,-0.060303956,-0.086752445,-2.6208658,-2.6710343,-0.022187382
0.31361955,0.8757701,1.1969963,0.7222548,0.120005436,-0.36594546,2.344321,0.31146467,0.46339542,-0.18373473,0.4597481,0.16149563,0.75031054,-1.9171954,1.2002642,1.9390074,0.9621569,-3.9846416,-2.1441672,1.6562407,-2.2763054,-0.19006655,2.1030054,0.10398741,-0.67655593
-0.030164607,-1.4222244,1.882004,-1.7355838,0.36100525,-2.8162713,-3.2205245,0.47538936,-2.7140076,0.45823368,0.60184747,0.634894,-0.31164086,0.9991192,0.7829906,-3.3741107,-0.36632484,-0.6454823,-0.4571291,0.75417197,2.5621135,0.36617318,-1.2878665,-1.5946988,-3.6988847
0.05599512,-2.0310564,1.6442319,-1.9661216,0.8108816,-1.7257763,0.14107099,1.584324,-0.20089324,0.39011395,-0.51587516,-0.13236603,-1.6719043,-1.6379147,-4.177364,-0.20514569,-0.16765878,0.31547138,-0.6755279,-0.4552096,1.6488291,-2.0589483,-1.7903025,-0.7873263,-0.65068704
-2.078886,0.072775126,6.6410623,-2.7630806,-1.9541548,0.8059378,1.4421301,-0.5833233,0.035487276,-0.2738023,-0.8815624,0.2454202,-1.6599767,1.6533393,-2.1835384,0.62845135,-0.7439015,0.858652,1.0712556,0.739208,0.8228258,2.934002,-0.6415012,1.2487915,0.6795529
-1.0707932,1.3902991,1.4460924,-0.6105976,1.3272253,-2.6075199,1.4101884,0.12689164,0.9004645,1.640108,-1.020494,-0.37556988,0.04016093,-1.4154732,0.3006683,-2.088076,-1.3981049,-1.5046562,0.41146123,0.52767545,-1.7169552,-1.3100157,-4.259098,0.5531574,-0.74978113
0.73603415,0.29951906,-0.56166834,-1.043455,0.011732325,0.79687667,7.171232,0.9864446,0.27691746,0.41763517,0.0055722427,0.444608,-5.958065,-1.0672249,0.82325983,-1.638387,-0.026375532,-2.8420124,-0.95901185,0.20301852,-1.8026034,1.0389004,-1.0657995,1.279521,2.4208386
-4.8378234,1.097215,-1.2374425,-1.8505917,0.37765846,0.6504061,-4.1920857,-0.94712186,0.35692352,-0.8965473,0.7964434,-0.4566014,-1.2966055,0.1204409,0.21508455,-1.0080197,-2.046291,-1.9568173,-0.2766324,1.4298533,1.6989415,-0.6210392,-0.8459581,0.02087225,0.23629528
-0.07995823,-3.6686835,1.0154802,-0.1429781,0.70179504,0.95040673,0.27750066,-0.32307446,-0.022322938,-0.3264919,1.0858004,0.09735472,0.557176,-1.2421719,-0.62695396,0.62460315,-0.6923601,-0.7265502,0.4306988,-0.83867073,-0.39699912,-2.2125254,-1.3186159,-1.3026495,-1.7038295
-1.0355029,0.25367394,-1.2746611,-1.0917932,1.349157,-0.95752114,2.7064528,0.8514785,-0.44199014,-0.92669696,-4.1551857,-0.056647085,1.7142019,0.5611247,0.26194152,0.08384818,-0.9036355,-0.46952397,-0.23679745,0.47843844,2.2695582,-0.3073297,-0.13644093,-0.36189598,0.14487869
-1.1215634,0.19076845,1.3467898,-0.21293771,-1.0600845,1.5306005,0.54414195,-0.95256156,-0.55042404,0.45823368,0.29173952,0.33135563,-3.953532,1.123382,1.8216817,-1.1747088,-0.046277374,1.8637398,0.109059066,0.17325869,-2.1444464,-1.5781008,-1.1146896,-0.54589003,0.5294064
0.45773816,0.47999662,0.40860286,-1.007301,0.30902678,2.785334,1.2463598,-1.846576,-0.41158018,-0.2335625,-2.4441826,0.6458119,1.8798497,-0.76397693,3.0510597,-1.937464,0.7718641,-1.1079594,-0.16231662,0.20694101,-2.884057,-4.0496597,-2.0068223,-0.84598684,-2.3969345
0.672572,1.4508536,2.52732,-0.5397999,-1.9502883,2.2762089,-1.5876664,-0.052965313,0.15067527,-0.23950872,0.50650704,0.001586372,4.520623,-4.0294743,-1.3717809,0.37383735,-1.0804336,-3.0902119,-1.051434,-0.7298613,1.4014326,-0.17546165,0.28240412,-2.1366057,-1.1855998
0.88422334,2.3758569,0.0700494,-1.1880853,-6.5850296,-5.2053647,-3.036485,0.8009956,0.47593006,1.0699353,-0.6577704,0.08603104,3.91706,-1.6077516,0.011150479,-2.7765925,0.34531713,-1.2286389,-1.0481465,0.713212,0.8579729,-1.6977334,-0.86346483,-1.6732035,-0.2355018
1.4490534,-1.8952179,3.2532785,2.273823,-0.6520352,-0.086360514,-0.202743,-0.6313182,-0.09133415,1.0106921,-0.18026483,-0.94928706,0.24358082,1.1517754,-0.52982944,0.034321427,-0.80708635,-0.48186183,2.4160655,0.025668353,-1.4488145,-1.3060985,-0.21356156,0.79712236,0.24587643
-0.95399797,-1.6325943,-0.6644675,0.3896797,0.71316516,-3.2525005,-3.2818816,-1.356221,-0.045133773,-0.4996134,0.9750697,0.8099519,-1.2492199,-0.17350727,0.30688646,-1.0022421,2.5661087,0.46130374,-1.0047241,-0.76047504,0.7655678,-0.26212034,-0.4956777,-1.0184709,1.2046975
-0.31721285,0.25579515,0.3467306,1.7933583,0.31685352,-0.7803943,4.872552,-0.27010953,0.27072778,0.77073514,1.0775871,-0.31043187,-1.5153933,2.4161997,-1.067069,1.9028144,1.393222,1.1891437,1.0426744,-0.061127037,0.5778301,0.37694335,-0.37114432,-1.8896031,-0.04096429
-1.1622312,1.2380097,-2.0275981,-1.5061791,-0.8365636,0.95202667,0.72269404,1.1122279,-0.3598288,0.6378148,0.03969235,0.4112134,-2.1336389,-0.87375796,0.4916638,-0.5986632,-1.2003366,-0.015990883,0.6691483,0.54613626,0.88661975,-0.268367,0.4995719,1.3142799,0.5575896
0.83739555,-0.52609706,1.8612056,1.7012901,0.1204464,-0.7279005,-2.8098657,-0.55106854,0.4898214,1.5379633,0.06732669,0.2386157,0.869689,1.4875448,-1.5869315,-1.213449,3.9822874,-0.49629557,-1.2037041,1.0692554,-0.8073933,-2.5097501,-0.7262056,0.5121271,0.54576796
-0.30142635,0.37677103,0.9486762,0.60943407,0.2440081,0.48756155,-1.4198531,0.26037356,-0.595511,0.37163895,0.9755246,-1.0789381,0.6213559,1.6756451,0.44243857,-0.6721686,-0.7852617,-0.6597317,0.287068,-1.2222974,-1.3980165,0.63274217,-0.62932277,-1.5768641,-2.383068
1.2447554,-1.3979344,-0.27667576,-0.86345094,-0.37970763,-1.6680129,0.51278716,-0.6504973,0.053230338,0.2481218,0.5817573,-0.35148665,0.7097141,-1.2079405,1.255378,0.44443232,0.28627208,-0.10674545,-3.28963,0.61874723,-0.90273833,-0.40419582,-0.31471545,-1.7410369,-3.8449178
-0.66837025,0.0654943,0.2982462,1.2645066,0.5173445,0.087537944,-1.4705997,1.5206592,-1.2653283,0.070349164,-0.01744307,0.48069528,-0.0691157,-2.646092,-1.981525,1.132174,-0.14242685,0.48344254,1.0201864,0.14539032,2.2874475,0.85217834,0.7149667,0.18865252,-1.6397398
-1.0936534,-0.41203392,0.38751096,-3.9502025,-1.334552,-3.5813015,0.33591402,-3.3131866,-0.0038107336,0.16175099,-0.9430232,0.34074488,0.6546734,-6.022071,0.8219125,-0.15811163,1.8872054,0.8093857,0.13431117,-0.75279176,0.24708486,-1.362439,1.5767612,0.8829983,-0.52597773
0.46965393,-0.23705345,-1.117325,0.17079306,-4.439474,-2.4223325,-1.182487,0.5500788,-0.5102849,0.17502244,0.0023486093,0.42306828,-2.2481945,-1.6907161,0.23605594,-0.29481876,-1.9402044,0.755229,-2.0234597,-0.9337759,-0.57688385,-3.238365,0.7586348,0.1514546,0.1889127
1.0014479,0.33486086,-0.8278545,0.40505463,0.015873969,-1.3684227,-1.5745195,-4.900785,0.4487383,0.8957838,1.3504894,0.6327896,-3.3061361,2.0862942,-1.0525889,2.2540135,0.4034912,0.9724123,0.47013995,0.5447242,-0.15852475,-0.6078069,-0.50029075,-1.5055131,0.08445594
1.138203,-0.023442924,0.5572664,-2.0004523,0.9625184,3.2488256,0.101903886,-1.2190046,-1.1216717,-0.53580105,-0.7436606,0.060609274,-0.3137091,-3.058159,-0.5358776,-5.439324,-0.18019307,-1.1963886,-0.6963068,-3.4542983,-0.06267816,0.022898316,-1.4064422,-0.55081266,-0.53928274
-0.611097,0.3232339,-7.113122,-0.89983606,0.5833088,-1.9594883,0.6441039,0.1175569,0.6376198,0.05880177,0.4597481,-0.5478153,5.3336334,-0.676968,0.5498532,0.2832967,0.097695455,0.1403544,-2.6003885,-0.9248789,0.21687868,-0.5494725,1.926188,-1.2172035,-2.4146535
1.8337365,1.0715132,-1.0686529,-0.35611245,-6.7709455,0.959406,0.22214977,1.3969989,0.84624314,-0.08252333,0.89201427,0.6399163,0.93640774,-1.5820485,-0.4124342,-2.1706924,0.3690909,0.72526175,0.7435012,-0.33184567,1.5198753,0.48833635,0.10326785,0.17354228,-2.2797773
-0.53534484,0.47737235,0.524349,-2.3827653,-0.41418737,-0.13428457,0.59605324,-0.42920306,0.53554255,-0.9561161,0.10610725,-0.27979875,0.60377824,-2.6182303,-1.2001708,0.1402697,-1.0120007,1.215443,0.6623863,-0.66147566,0.23631191,0.027632624,0.3287813,0.88509226,-1.030336
0.7626697,0.9968738,-2.2844453,-2.1435833,0.59902924,-1.0105538,0.73628813,0.2992828,-0.025909353,-0.18889153,-0.046816945,-0.10845132,1.3747321,1.792095,-3.7224827,2.5586421,0.14916618,-0.26938313,-0.42123973,-1.635014,0.7304978,0.018954758,1.4164679,-0.32796213,-1.6319408
0.46412122,-0.41537973,-1.5788906,-4.5730095,-1.9898812,-1.648328,7.676454,0.2220574,0.39435372,0.40275413,-4.244902,-0.49760565,-0.970971,0.03278792,0.1328595,-0.13600495,-1.4108806,2.282407,-0.7919224,1.7588784,1.7589405,-1.2096208,0.6457336,0.81216365,-0.43144262
0.26002562,0.7314395,1.6027293,0.0638538,0.14760152,-0.41182846,1.5750015,0.17970091,0.5460009,0.6836502,-0.6163913,0.071014896,-0.9072678,-2.3952332,0.57529634,0.38583118,-1.9703083,1.7351582,-1.3690846,0.51641953,0.96283674,-0.45934266,1.9031632,1.0478442,-1.2508417
-2.3269377,0.93996614,1.522428,-0.40022415,0.98249435,-3.272163,-0.023023367,0.9486096,0.54903066,-0.41690102,1.1294588,0.4851344,-1.0727996,-1.7195879,-0.061585605,0.9487576,-0.08514023,-1.0202076,-0.64870644,-0.7515823,0.416258,-1.2749478,-0.9674676,-0.045693442,-1.0635064
0.981724,-1.6589286,-0.6239114,-1.290918,-0.7468862,0.035892844,0.65171385,-1.2029573,0.27470055,1.0530071,-0.7562818,0.20261642,-0.2907555,0.63990617,-0.8546761,0.55351335,-0.11206612,-0.29915762,1.1190314,-1.6078726,0.42550027,-0.0709499,-2.4072604,1.0932224,-0.66974854
0.86420125,-0.2152779,-2.8724117,-0.38577628,-0.08591422,0.7496394,-1.0534352,0.7617194,0.04240475,-0.15067336,0.15570875,0.43982473,-0.96537983,-1.993408,-1.0477945,-1.3554034,-0.88693297,-1.0870901,0.042116657,-1.6924965,0.48402894,-0.08381316,-2.2785616,0.6264934,-0.2595582
-0.6298722,0.26539204,-1.3163972,-2.8907924,-0.6775074,-2.8651655,-0.12726767,-0.42852432,0.080389425,-0.55936253,1.2961379,0.22349334,-1.4956409,-3.1197402,-0.37918124,0.10569978,1.5839715,0.25234935,0.16284966,0.79205185,-2.8862963,0.5556496,0.51718336,0.8993491,-1.344456
1.3165112,-2.3478398,0.15090913,-0.93797714,-0.590787,-2.2742782,1.737288,2.6749604,-0.18778035,0.13214365,-0.08703258,-0.10938887,1.1000499,-1.565696,-0.37694132,0.57140356,-0.33064649,1.3152624,-0.012045264,0.38925976,0.024452776,-0.46742088,1.192073,-0.90215206,-1.5287212
3.2464206,0.41812277,0.34733725,-1.663229,3.36493,1.0725199,2.27959,-1.2001159,0.85638815,0.23041163,-0.5442967,0.543116,-0.6227709,-1.6204548,-1.0601183,-0.14681914,-1.2364217,1.4573556,0.82225597,0.6242603,1.517082,0.4825334,-0.07016188,0.53262115,1.053821
-0.06231934,-1.7488794,-1.9362727,-3.4770088,1.4247993,-2.711484,0.96345806,-2.9564908,1.074376,0.039202347,1.2142495,0.37372965,0.66530716,-1.9665134,-0.75214523,-0.6277909,-0.97030497,-1.4918046,-0.7724618,-0.08771099,1.0154482,-0.45711756,0.9849856,-2.361434,1.6869328
0.2165688,-0.24164402,-0.12717126,3.5216,-0.10998256,-1.1453763,-1.6056089,-0.6302227,0.75962675,-1.8161572,-0.85830843,0.15189496,-3.7642367,-0.33303082,0.40726215,2.4873018,-0.5187254,-1.0647266,-1.1936253,-3.5567784,-0.91237086,-0.10700363,-0.004876435,-3.902832,-2.3180563
-0.21970671,1.394497,-3.7243361,-1.2641212,-0.16912752,-2.3429613,1.2946496,-1.5206672,-0.023421999,0.232486,-2.6136668,0.25756538,0.5265066,-1.4397678,-0.8427466,-0.7286921,-0.67566794,-0.15686822,-0.028091416,-0.013558626,-0.21507311,1.3532189,-1.4407158,-1.0032704,-0.066352785
-0.60496813,1.2246381,-0.7307756,-0.92291594,0.76425385,-3.580821,0.46869445,1.8158972,-0.5102849,-0.13416547,1.0702494,-0.21208937,-2.2698479,-1.8524579,0.017510653,0.57624125,-0.26861745,-0.05185753,-1.8627913,-0.024071544,-1.0538585,-0.18569261,0.016733244,0.8803832,0.062241375
0.5928715,0.5796181,0.19144312,0.4325694,0.43208507,-1.3738978,-0.21403192,-0.5841823,0.3816041,-0.4083305,-0.86802673,0.43982473,0.92380697,1.9556582,1.7704792,1.7603414,0.7981648,-0.13998154,0.9485196,2.934279,0.2309748,3.4599464,0.15040272,0.6965791,-1.2637235
0.75563604,0.5838759,1.9430909,-0.63434374,-0.5231923,-1.1496577,-0.41464087,2.047367,0.2907933,-0.16366689,0.68759716,0.6327896,-3.3437743,-1.3751812,-1.0939772,-0.6529834,-1.2154253,-0.92617524,0.45455015,-1.9763896,-1.4737113,-3.397542,1.1938744,1.1647989,-1.2678701
1.4477654,-0.25949124,-1.9775277,-1.9120233,0.41310048,-2.183002,0.7361719,-3.7540212,0.42309338,0.72964746,-0.6771124,-0.17629974,-0.27289757,1.962886,-2.2455547,-0.11174691,1.6945002,-0.17152071,0.41144848,0.7892114,-0.21022622,1.2647425,1.2475679,-0.20558801,1.0238198
-2.123219,1.358545,1.7159685,-1.2750041,-0.8949228,-0.16351426,-0.3872214,0.5954996,0.025967069,-0.29641345,0.056578707,-0.19910137,0.44935775,-0.67139137,-4.3780236,1.828804,-1.2533746,-0.061647296,-1.0346903,-3.246585,0.8649988,-3.0439763,-0.22848347,0.15942729,-0.9261445
0.092253804,-0.2643634,-4.7534237,-3.88095,-0.0013163984,0.32382146,1.5492587,-0.82440627,-0.5524628,0.6183291,0.8973396,0.073878855,-0.10210505,-0.57148385,-3.0298946,0.055456102,-2.4984908,-0.26398346,-0.09792885,-1.3377545,-1.2277101,1.092134,2.038075,1.2736641,-1.8903472
0.30222136,-1.3398044,-0.8959843,-2.818767,-3.772314,-1.5964882,1.2500337,-0.6647788,-0.9358072,0.4425031,0.14658894,-0.69962656,0.98975325,-1.781096,-0.06750236,0.33580446,0.07599377,-1.3200969,-0.87146163,1.666678,-1.2070866,1.8695716,-1.0568949,1.4213039,-0.4897508
1.513422,1.4878554,1.6463408,-1.9607277,-1.4525636,-2.096654,-1.583317,-0.4716059,0.06349591,0.16923194,-0.37162146,0.2280038,-3.1452682,-1.2737477,-1.0139849,0.16367438,-1.0357336,-0.649104,3.563749,-3.6676414,-0.88450396,-0.7813613,0.7649007,1.0126822,-0.9743681
-1.3802617,-0.13330996,-4.962685,-3.5939603,-0.7922737,0.83185506,-1.7614517,0.62872636,0.41921222,0.6818378,0.96779436,-0.19910137,2.5437067,0.7487135,-0.1573745,0.031959414,0.23418763,-3.3272562,-1.9392399,0.3280242,-1.2899771,0.29523444,-2.2530901,-1.2220143,-0.6615323
1.7669209,-2.6378052,-0.30771232,-0.21152636,-0.7202362,0.10833371,-1.9146687,2.4609196,-0.5821437,0.40852207,0.45402718,-0.19873698,0.2990637,0.058658063,1.2110473,2.9842594,0.8338761,0.23743005,0.7084242,-0.3599791,0.34003562,1.8388046,-4.020566,0.8298415,-0.24991043
-1.6642451,-0.1937311,0.50940526,-0.8227705,0.038864627,-1.6544433,0.5161505,-2.1588285,0.501799,0.0546834,-0.32855016,0.026238525,-2.8520696,-1.5609294,-1.4217603,3.9931507,-0.53549826,2.7256083,0.49725586,1.3764763,0.5616377,0.84713435,1.1258198,0.26443467,-0.4286
-0.26433182,0.028887525,0.97547174,-3.135368,0.0633709,1.032669,2.1815705,-1.2190046,-0.06437871,0.18437672,0.78533167,-0.48918793,-1.0834341,-2.3054285,-0.9043474,0.069168925,-0.525721,-1.7784026,-1.6640444,0.3753963,-3.1612728,-0.117643744,0.007615,-1.1514584,-4.4341683
-0.40785253,-0.23568666,0.14449021,-1.9160252,-0.15549988,-2.1316242,0.5747634,1.1109992,-0.027925197,0.05106903,0.3511075,-2.713137,-0.13333905,-3.0248408,-0.8999641,1.408245,-0.8374865,0.015013337,0.059978873,0.651602,1.4544226,1.3240837,0.0024953187,-2.012853,1.7128881
-0.8542861,-1.3887404,1.968453,-0.17036164,0.73271203,-0.4481911,-2.848602,0.46218514,-0.013721682,-0.07672511,0.26948112,-0.40402284,-0.79363215,-1.1042756,-1.9138483,2.2191162,-0.27263528,2.93671,-0.19223997,1.893532,1.8047979,-1.7820385,1.2280084,-0.022722304,0.34499645
-0.28466916,-0.8077698,0.36409682,-0.09647061,1.1260364,-2.062121,-0.6684582,-1.9959021,0.87306064,0.64477235,0.01509375,-0.2974467,-0.10250102,1.7248132,1.799371,0.5669454,0.5802277,-0.13914484,0.2681193,1.359931,-2.225234,1.450198,0.5950485,1.167928,1.4646742
-0.13676792,0.515532,0.29195943,2.3903432,0.36702985,0.34485012,1.0255963,-0.6647788,-1.2677466,0.5324741,-0.5501612,-0.54487336,-0.2145443,-3.138134,0.45449013,1.7388126,-0.78612065,-1.805246,-1.8072807,-0.5557394,-0.7001563,-2.352617,-2.2268596,-1.8362539,-4.1538687
0.8198432,-0.21979442,0.90663016,0.76347435,-1.4541368,-2.4706912,-0.2623506,0.6579828,0.44417086,-0.01635342,1.7807631,-0.52178085,0.21851116,-2.2971892,2.010215,0.8000574,-0.2900319,1.2698002,-0.73027813,0.40207684,-0.3716289,-0.37188348,-0.6780113,-1.7762779,2.05871
1.8186642,-0.9685377,0.6765748,1.3065686,3.2384768,-3.6734216,2.6718771,1.1649203,0.38609338,0.43338883,-0.52418685,-0.13526854,-2.1759396,1.9326695,-0.78833103,1.251846,-0.04799415,0.023755759,1.2761282,1.0944166,-1.6885883,-0.7513348,0.6075771,-2.2380266,0.33853477
0.09665586,-2.7835515,0.9114433,-1.6585982,0.045679897,0.07224864,-0.27629107,-3.1325145,-0.41878504,0.9065512,0.66122395,0.9651822,-0.3792005,1.2615767,0.4608738,1.3077987,0.6200476,0.52199197,1.8786588,0.35097662,1.4279182,0.5001796,0.85365224,-0.7305626,-1.335478
-0.033433378,-0.703902,2.672295,-0.29284823,1.5247867,-0.19215669,0.7970257,1.6057631,0.0814375,0.15995847,0.26027352,-0.48460445,2.961775,-4.2661996,1.69098,0.25458425,0.5929657,0.18276858,-1.8352339,-1.4747325,1.2380137,-1.7526668,0.06594819,2.2060044,-0.5827253
-0.10819824,0.5897509,-7.0684724,1.9827256,-1.003,-3.2641044,0.20501249,0.2850994,0.11935055,1.5360874,0.21012089,0.6097665,-0.3127081,2.5083992,1.2446833,-1.2840247,0.5254681,1.5336298,1.0408072,1.0829291,3.3343062,0.9910357,-0.82684535,1.7233601,0.40644532
-0.03727269,1.9929943,-1.9699004,-0.7159789,-4.1083446,0.7008339,2.1538243,0.84802854,-0.10082291,-1.2474942,0.04690077,-1.3966279,-2.536478,0.11901209,-1.1383244,0.100487776,-0.03278306,-1.0542952,0.50041676,-3.5511992,0.97868544,-0.29060555,-1.225615,2.6244187,-0.5941682
-1.6000779,0.33829364,-3.1193752,1.0579859,-1.2563947,-6.9508023,-1.67855,-2.589231,0.0019813105,0.46053833,-0.1212482,0.5329423,-0.65647995,-0.4046821,-3.3863673,-3.188677,-2.4694319,-1.0486317,-1.2156987,-0.93742454,-1.057544,-0.83663714,-1.5446453,-0.6317229,-1.3329427
2.5664058,5.126116,-0.8831639,-2.2612717,0.5388256,-0.32417193,-3.2217875,1.9015396,0.6376198,-0.63891906,-0.18236816,0.0058603827,-1.4096437,-3.3560622,-1.3265967,1.3209975,0.38824192,-1.4495554,-1.0068073,-1.6495119,-0.4806482,-0.7405517,-0.958009,0.083461225,1.1584781
0.7499961,0.70197415,-0.49473894,-1.517086,0.9620054,-0.21235192,-2.8808672,-0.58468574,0.6261198,-0.6996686,0.7943749,0.038209815,-1.544971,4.37226,0.6967683,1.6674743,0.62173736,-0.59875935,1.9763892,0.993415,1.483569,-0.44597185,0.9735167,1.8354323,-1.428261
0.0010530949,-0.55730045,3.8165398,-1.0377475,-2.1714957,1.6419407,1.2462308,-2.8794684,1.0278838,0.4945575,0.115149215,-0.27472505,-1.3669158,-2.108525,-2.9466534,-1.1219722,-0.64241123,-1.0188944,0.0858318,-3.4029741,-0.6401106,0.015496731,-1.9266545,-1.9658155,1.1059563
0.41552526,2.3102255,-8.879552,0.5658882,-0.87715805,0.52478176,-0.67045057,3.2105432,0.22479112,1.0305569,0.52235925,0.69987667,1.3238659,-0.47662437,0.8475092,-0.04636264,-0.9519775,0.92947924,0.46525037,-4.772585,0.45267463,-1.7682863,1.3189108,-1.0912498,-2.5972216
-0.77362597,-0.09163852,-6.7370167,-0.88886654,-1.4986567,0.124005914,0.25259843,-0.030635267,-0.45441464,0.5519212,-0.28629562,0.012143455,0.64273435,-3.031126,-0.4568508,-1.2873433,0.4852003,-0.9923814,-0.7716058,2.0713322,1.6625863,2.4604638,-0.6444975,0.29859132,1.3101611
-0.45017773,1.1856095,0.89916897,-0.09540549,0.30920687,-1.1027931,0.8844044,0.49949408,0.489622,0.17933199,-0.5092677,0.62870085,1.2628467,0.13092443,0.709775,1.008253,-0.15034002,0.45819324,-0.29008904,-2.2154145,-0.03481537,-0.9209261,-1.9740419,0.83101803,1.1218113
1.7095485,-0.62401205,-3.4338377,0.9563143,0.035265014,-2.4237354,1.2234814,1.9091923,0.26113442,0.14736038,-0.4725315,-0.9442725,-0.30329877,1.9548979,-0.7752608,1.6296712,1.6726325,-0.76748925,-1.713554,0.6289784,-1.9821264,0.084420085,0.7633747,-0.36755562,-2.435862
-1.0917919,0.9685621,0.9075326,-2.0506544,-1.5138359,-4.168932,-2.533381,0.74824977,-0.5987449,-0.3504253,0.29968372,-2.6019592,1.7657635,-1.800529,-3.0236263,0.30094314,-0.8450688,-1.3059644,2.9457445,2.4512253,0.116774395,-0.44504797,-0.8622339,0.083256304,1.3857164
0.9897803,-2.307426,3.7856188,-1.459362,-0.06938629,-0.65338415,7.201318,-0.21615936,0.116721004,-0.2738023,1.5219687,0.27785748,-3.0519056,2.1616478,0.40258357,0.776494,1.1923798,-0.654472,0.53302366,1.459127,0.23239508,-2.6177921,-1.3007777,1.8651432,-0.7246969
-0.5196028,1.1112806,1.4832389,-2.9234533,0.34816998,0.5472368,0.67493254,-1.0118268,0.17445745,-0.7580236,0.36563364,-1.3580006,0.16112742,1.5100018,-1.9885623,1.07269,-2.5800598,-1.9491928,-0.29338747,-1.3366445,0.14630568,1.5812782,-1.6694651,-0.18737048,-0.79611325
-4.9664335,1.2954853,-1.806079,-0.62607914,-0.14123823,0.36216104,-0.66952306,-0.16098195,0.09960014,-0.21706924,-0.7605429,0.13763273,1.9373257,0.5931437,0.8786622,-0.8680105,-0.8046651,-1.0080879,-1.3829715,-1.7047298,0.14445296,0.2099438,1.3535601,1.0419688,0.24388504
1.2393895,-1.8596239,-1.0369022,-1.4615786,-0.33934382,1.9685097,0.8803928,-5.1947336,1.2842444,0.43469685,-0.35331845,0.31645143,-0.41958883,-0.23662272,0.7041908,1.0309386,-0.029366761,-0.26841196,-0.060737506,-0.65160257,2.4053075,0.8223775,-0.6876381,0.7240575,1.2387208
0.015501887,1.8129897,-0.28273213,1.6360118,0.12188691,-0.49502963,2.6781077,-1.1585569,-0.0008901246,0.43469685,1.0148858,-0.08010012,2.3630567,-2.364336,0.50068367,-0.55841255,-0.088476464,-0.29962146,-1.810617,-1.9913697,1.8689463,-2.9392629,2.4433618,-0.04273218,-1.7719551
-0.79597145,-0.1379774,-3.3836265,-2.415043,0.799899,-2.5268877,-0.33577532,0.560701,0.66005194,-2.0261579,-0.31953722,0.8848647,0.45226315,-2.536931,1.7931311,0.385594,-0.45550442,-0.75033766,1.1393608,-1.8422353,2.2716875,-0.19309914,-0.7126731,-0.58856606,1.9160244
0.8312902,0.56028295,-2.439515,4.082084,0.45074964,-2.0374079,0.07930899,0.87481415,3.3607447,-0.25166982,0.38843608,1.9328831,-2.3475356,1.9736297,-0.76565623,2.3132887,-1.4545083,0.78173476,0.07993159,1.4275367,0.9661627,-2.712547,0.86340976,-3.1878266,0.2723987
1.4495476,1.1693972,0.10916448,0.5488963,0.27059087,0.02572006,0.03768128,-1.7766426,1.1546165,-0.066391036,0.07870441,1.3346605,0.980167,1.4880159,-2.2947538,-2.1156673,-2.7100158,1.2112484,1.102398,2.5426402,0.657484,1.755458,-1.8944697,0.9135771,-0.022547781
0.73998,0.4885443,1.1721803,-0.09984708,0.25359505,4.6995473,0.52287656,-1.4270277,-0.48687628,0.5991733,-1.2985485,-0.46479473,-0.28846902,-4.1168346,-1.3476933,-0.15291205,0.862131,-3.9099483,-1.4675894,-2.1128945,-2.867511,0.13491309,-2.6817558,-1.728905,1.704699
0.21414915,0.85541475,-4.1248393,-0.0328387,-0.46546668,-4.5700893,-0.20668054,-0.014527962,0.041571848,-1.4645475,0.17290604,0.1445198,1.372175,0.7209781,1.1976821,0.5112899,-2.5377078,-0.32192147,-0.102476984,-0.2351888,-3.0481515,-3.4875965,-0.6539353,-3.2903216,-1.1753932
3.250904,1.4426479,1.2837936,-3.6428776,-1.3166543,-2.5426035,-0.44525725,0.9015989,0.63088006,0.5110801,-0.6019653,0.7033589,-3.0446606,2.5118184,0.92862713,0.68832386,-0.7031306,1.9874356,-0.36672854,0.97582436,0.1677438,1.4532275,-0.8102634,-1.265638,-0.53171206
0.46029955,1.5983484,0.33869374,0.37795502,0.11111252,-0.92068386,-2.1222284,-1.1738786,0.018417232,0.14428751,0.76982695,-0.21208937,-2.1916265,-0.9516867,-0.22394212,-1.8131495,0.38259944,-0.4379235,1.2685335,0.64663184,0.55806124,1.068681,-0.64038396,1.479895,-0.6444307
-1.9635615,-0.9762652,1.3011204,-1.2988983,-0.046435013,-1.2174162,-0.046651214,1.8375912,0.22131328,0.0041102394,-1.0239531,0.17790246,0.9214857,-0.9190496,-1.3020725,1.7457591,0.086439565,-1.7631885,-0.91963613,-0.27836117,0.19214386,-2.0866258,-0.7999326,0.45054987,1.0295379
0.11391371,1.2771367,-0.2313689,0.08017504,-0.8949228,1.490427,-1.1301711,0.4995414,-0.03834783,0.51981264,0.39102465,0.5113926,-2.880298,3.0703368,0.18984371,1.3373803,-0.5180476,-0.05419445,0.83958924,0.8373607,-1.7389221,-0.26362813,0.81710196,-2.8345537,-1.1039174
-1.7064233,0.18133569,2.1033983,-1.3623228,0.08944127,-5.5600786,-3.1073954,-0.5773414,0.19812004,-0.8107348,-0.66885525,-0.82615066,1.757394,-1.7589991,0.021527842,-0.8863809,-0.09690122,3.213553,1.5584084,-0.4530768,-0.3348291,1.580536,0.07044256,-1.5736151,1.4018203
0.7397047,-0.95338845,-0.0028375387,0.4043793,0.492315,0.24157456,1.9590799,-1.1542435,-1.6242833,-1.2686567,0.75559926,-0.2488685,-3.122139,0.23568359,1.8273506,-0.7328733,0.060348123,-0.38024992,-0.9645455,-0.25771493,1.165045,-0.066853285,-1.523457,0.04704296,-0.02012369
-0.5644267,1.2100031,2.396866,1.220187,-0.03275703,-0.36389086,-1.013884,-1.3477771,-0.103356674,-0.97807944,0.14429547,0.08183193,2.8075764,-0.64825463,-1.8538865,-1.0270622,0.5983907,0.06312996,-1.167662,-1.9874566,0.31899416,-0.4460352,-0.8875632,0.8251875,1.6358027
1.8403072,0.2084685,1.0109723,0.13248599,-0.39181238,-0.123511724,-0.12630987,0.6606323,-0.28438157,1.7776133,0.46978748,-0.07267648,0.98917687,0.6503123,2.2055497,-0.48299825,0.47204003,-0.4305849,0.7518654,-0.32589966,3.269786,1.4359156,-1.7429616,-0.37724113,-0.91905093
0.60169923,-1.4153643,-0.05438459,0.551478,-1.0097802,-0.81242514,-1.7495676,-2.8434055,-0.15255061,-0.08452071,-0.3228999,0.8732337,-1.282005,-1.6023998,-0.39909613,-1.4825037,-1.4150925,-0.042757016,-0.3860477,-3.0222154,1.1234832,-2.0912244,-0.36086023,-0.21208271,-0.6098024
-0.7341405,-0.8482511,-6.55519,-1.1823099,-1.4206847,-2.2479906,2.8631387,0.72392845,0.120311886,-0.17850815,0.9755246,0.12798312,-1.9579928,-3.3505597,-0.94621605,-0.4878666,-2.0105128,-1.9950761,0.78534853,-0.71798205,1.7340786,-1.3727559,0.38432574,0.22965129,1.9929285
-0.803866,-0.4373433,0.084595,0.49916065,0.05500917,-0.21927214,0.75649893,0.6045213,0.69166297,1.1106457,0.4932205,0.02190071,0.33880043,2.2040586,3.981136,0.68631315,0.43068612,-0.5433678,-0.2815608,0.52023387,-1.281163,0.20203991,-0.59672207,2.1629608,1.7218338
0.12463063,-0.04625024,-1.3074275,1.3885536,0.76459825,1.901077,0.59794194,-0.44087592,0.0019813105,0.90287006,0.30848932,0.041142948,-1.1782031,1.2097142,0.205557,2.809749,0.30254087,-0.078081876,0.34689343,0.5658019,0.12199479,2.0142233,0.15673473,2.086215,1.6106018
-0.9776741,0.9440113,0.29336125,-0.6028112,-0.45149732,-0.13576174,1.4857066,-0.42700318,0.95476806,0.2137364,-0.022243427,0.34074488,0.22047615,-1.6595526,0.58102906,-0.54718417,0.0550251,-1.1070675,0.037000492,2.3555405,1.569804,0.9646089,0.45004988,1.6490207,-0.49707115
1.6500864,2.908593,2.1621795,-1.1777294,0.60867196,-0.12148595,0.0069002984,0.42107534,-0.25761503,-0.49207497,-0.06856312,0.5480007,1.3483484,0.014408767,-0.017806247,-1.7903879,1.1535583,2.0075905,0.88355225,1.6619403,1.9331304,0.8916503,1.7899281,0.75361365,0.6382458
0.5953432,1.0245957,1.8508282,0.26468575,-0.6455691,0.88000935,0.96705425,4.816477,0.3053174,-0.14737082,0.71547574,0.008434076,2.0346549,-0.04107356,-0.2066803,-1.5238277,-0.1619554,-1.2927251,0.64929557,1.4572717,0.80352503,-1.0149268,-0.13586944,0.5898728,-0.7727666
-2.5246758,1.1956618,2.257635,-5.118451,-1.1520739,-7.008389,-0.96441853,0.57638806,0.36711586,-0.27181685,1.0719305,-0.12028994,-0.14475928,0.8980539,3.043635,0.4189937,-0.30465904,0.13490844,0.61092246,-3.1402266,0.5898764,0.9664816,0.07855314,0.8003968,-2.0704386
-1.9592512,0.14857332,-1.0873604,0.68639505,-0.845575,-1.0774616,-0.8617531,-1.1127073,0.34175175,0.046714738,1.2688992,0.92889035,-2.0940409,-1.7954304,0.086818956,1.0815303,-0.440385,0.16985475,-1.337062,-0.94834566,-0.3886432,1.2836062,-0.56150264,0.09232265,0.4447335
0.40395668,-1.1503307,-1.0203149,-1.1210551,0.88638365,-2.1853065,1.4351251,-1.3339877,1.0725399,0.58142334,-0.18026483,0.14598939,0.379631,-0.8985079,1.2645044,-1.6193905,0.28617436,-0.4244572,0.7987952,-0.5014706,-0.95095325,0.673297,-0.57547104,-0.72873425,-0.55348885
1.2078736,4.746495,-0.98339236,0.097943485,-0.3790133,1.3403121,0.95817786,1.8464677,-0.45441464,0.16659813,0.047242936,-0.30270308,-1.255349,-2.102395,0.31736505,0.13397218,2.0867493,-0.84435916,0.32145303,1.0946226,-0.69029105,-1.6499478,-0.34434935,-1.5024235,-0.7891099
0.6154712,0.940357,1.7152717,0.42317975,-0.61169046,-0.9428946,-2.7463686,-1.1510324,-0.5441604,0.37497562,2.620096,2.475142,0.24603155,0.97714955,-0.43613356,0.19747931,0.36494368,-0.20723832,0.8702405,1.208916,2.6255145,2.2545347,1.1750714,0.86499447,-1.2955284
-0.98520774,-2.363525,2.7441368,-3.0852606,-0.15798727,-0.23240459,0.6123915,-0.16352609,-0.40585136,-0.3034847,-0.099621415,0.008434076,-1.0421011,-3.7272072,-0.9439017,2.5102973,-0.40728676,-1.1687403,-0.6402089,-0.5445337,0.6772388,-2.2950573,1.8201703,-0.028778892,1.0108261
-0.10918301,-0.70817673,0.6725705,-0.2200801,-0.13324103,-3.6237547,-0.38365293,0.28018773,-0.99176204,-1.8161572,0.88192713,-0.46973696,-0.92546624,0.41345358,0.19877833,-0.119467385,0.06885612,-0.3037968,0.1384824,0.34783545,0.4618304,0.53933734,-0.53071487,0.3593256,-1.7334722
0.38322562,0.4025149,0.25480488,-2.1462748,1.8192112,0.82510686,-0.43465048,-0.46120644,-1.8315692,-0.51247156,0.9646845,-0.7207861,-0.6341243,-1.0016372,-0.71326417,-2.943107,-0.7394623,-2.579489,0.13254793,1.2708634,-1.1730393,-2.191909,0.5746941,1.6828456,2.1835446
1.7956027,2.0240161,2.1676438,0.03883362,0.37927747,2.5174897,-3.0995424,0.27040386,0.09960014,-5.8453307,-0.48950636,-0.0046122596,2.240499,2.0124571,-0.73599005,-2.6450274,0.42915493,-1.0029773,0.7876792,0.67731965,0.17113928,-0.03026259,-1.5224699,-0.30662626,-0.6479633
-0.59924495,-1.0449803,3.405258,-1.1563355,0.5439501,0.58514094,0.6510494,-0.29954678,0.60159415,0.86444414,0.766859,0.3996312,5.0937963,-2.315075,-0.4432006,2.3274224,1.1023076,1.5841639,-1.2248011,-0.2730601,6.052929,-0.95957845,0.71681726,-0.5612204,-2.1372876
-0.28038555,-4.734983,0.4089749,0.082868695,-1.2958217,-2.4172885,0.6863289,0.9145969,0.094695,-0.6894932,-1.4746971,-0.66802895,0.036804542,-1.7488204,-0.76025003,1.8352747,-0.63689435,0.61389,-0.058045447,-1.2843858,-0.47150886,-0.55499303,-1.4435439,0.9878771,-1.2652628
0.7994951,-2.6792722,-1.0638206,-1.7259738,0.80093193,-2.003963,0.96791255,1.0309228,0.69166297,-0.22346732,-0.37867367,0.020983912,1.3060906,2.366354,1.1914384,-0.51982987,0.2610495,-3.182767,-0.46901804,-1.108163,0.83324564,0.5903084,2.3498564,-0.5660554,-0.3269906
0.9279119,0.83012927,0.28056562,1.2394716,-0.14255926,0.36535913,-2.5971892,0.35886097,0.28896126,-0.27142307,0.7912927,0.5799775,-2.0310466,-2.3037806,1.6491535,-2.3037648,-1.5824679,-3.2353487,1.3611844,0.85785365,1.9198444,0.22293937,0.124876454,-0.44616145,-1.4385631
-2.2396545,7.0389786,2.2803798,-0.36258668,-1.1695817,-4.328682,-3.629395,0.14776921,0.47367522,0.046714738,1.2342625,-1.7376144,-3.7712421,-1.076315,-0.8147304,0.089081645,-0.37964338,1.6371518,2.0997827,0.16219261,-1.7288015,1.1940353,-0.32747865,0.16395786,0.083821476
0.06314352,-2.8456197,0.45181388,-0.1994096,0.08687259,-0.087147094,0.16476268,-2.9438648,-0.25106147,-0.63891906,0.6418433,0.010877509,1.0693299,-0.49817663,-1.0701077,-0.38717896,-1.1755131,-0.66849375,0.7092991,-1.8267875,-0.50522524,2.2288675,-0.12709665,-2.3876708,-1.0523034
-0.22762221,0.45679623,-3.703732,-2.6496084,-0.35712233,0.44707936,2.8256302,0.67081255,0.49562103,0.3797614,-1.2226672,1.3792355,-2.0594964,-1.0304878,-0.84113383,0.96814513,0.10109285,-1.4221804,-1.6959841,-1.3139496,-2.1145802,-2.38231,0.87194395,0.5715961,-2.9890664
0.8546324,-0.35517552,-1.3173817,-1.7767302,0.22487429,-4.8670115,-0.018726863,-2.6280186,-2.2122402,1.0933528,-1.6760299,-1.1525983,0.9547383,-1.8939254,1.1122836,-2.4323738,1.5237179,0.22244084,-0.30218095,0.5419526,-0.762614,-0.7169847,-0.3002508,0.06881949,1.5244598
1.1491027,-1.3361362,7.421788,1.856355,-0.13495037,1.3083978,0.49022728,0.81612706,0.11846416,-1.0265394,0.43887803,-0.9442725,-2.585134,-1.8331093,0.16434231,-0.41536403,-0.33532578,-2.3483608,0.9060905,-4.7471695,-1.8071928,-2.2849865,1.6864971,0.08133721,-1.7375721
-2.8546367,-3.2958682,0.31355953,-2.611766,0.6798111,-0.9743507,1.9473877,1.2862401,-0.25842696,1.0731416,-0.36444855,0.62870085,3.4932575,1.113199,0.5636598,0.8355299,0.060145378,0.3063882,-0.68750185,-1.1460371,0.04540515,0.70950335,0.20457011,-1.5602813,3.0775967
0.4439672,1.6314288,-0.51243013,0.62171286,0.58048093,3.2105548,0.16107701,1.0468402,0.33718345,-0.7359902,0.61591595,0.5054633,0.68561524,1.593493,-2.0878801,-2.4222765,-2.6075187,-2.2971559,1.3948437,0.6343763,-0.15155736,-0.10711683,1.0788054,2.4444747,-0.1541171
-0.36032724,0.71389675,1.6729167,-1.2741295,0.22921456,1.8440026,-0.9747013,-1.5353541,0.33782133,-0.21373165,0.95073146,-0.0046122596,0.71205616,-0.5955351,1.5970184,1.1347026,-0.05256485,1.1465645,1.2597604,1.7713604,0.09914628,-2.3983066,0.9665582,-2.0881562,-1.4307327
0.7962798,2.1875763,0.18268609,-3.678065,-0.96346927,0.7653958,1.3510141,-0.08431652,0.58486897,-0.5418969,1.3713968,0.6927955,1.4962986,2.187172,1.7409441,-0.6829956,0.36047557,0.19192743,-0.15615577,-2.8771217,0.7015244,0.045193523,0.253331,0.820322,-2.4137297
0.0046667755,0.38542485,-1.8005931,0.04123327,-0.6532473,0.5975156,0.58496684,-0.28584337,0.69308525,0.055611238,0.46061707,0.9464474,-0.8809705,-2.1984,-0.10839486,1.9698805,0.71463186,0.80104864,0.5415778,-3.700337,1.6269386,-1.2020884,-1.8101265,0.32049,2.0106668
1.1127868,0.9946824,-4.35722,1.0277498,0.12315768,-1.113031,-0.0028022528,-1.1060504,0.13886881,0.15965754,-0.14124069,1.520095,2.2255569,1.9782515,-1.9439152,1.1835103,0.4399085,2.0608945,0.31805313,0.34700906,-0.216515,1.6767336,2.061976,0.18671715,-3.0282936
0.9589255,0.7136736,-0.4133785,-3.5050168,-0.4272758,2.4220514,1.2831638,1.362722,0.33396822,0.16331258,-0.079701036,-0.2915504,-0.20706984,-1.7553029,-0.7212635,-0.048241735,1.9291986,-3.4742115,-0.6820942,-1.8289533,2.3248549,-2.868593,0.9857305,2.1255174,0.20141006
-0.43951973,0.91096497,-2.157133,-0.028060675,0.34460384,-0.5124033,-2.9428315,-0.9611305,0.10147224,0.46673664,-0.1553188,-0.53757894,1.4248664,2.952601,-1.9487108,-0.59998894,-0.31474388,-0.16073489,-0.69067156,0.5127255,2.1406386,0.94817793,1.4090056,3.179774,0.023217976
-2.0904408,-0.6542092,-1.4054017,-1.4735897,-2.0614042,0.092555344,0.8277273,1.7781498,-0.35168728,-0.7282106,0.37152633,0.48122638,1.5625538,-1.4311677,1.2060014,-1.1389999,-1.5378375,0.5948994,-0.44196358,-2.0268602,-0.33775148,-1.6051939,0.7429069,0.30917972,-0.47864217
1.3527297,0.13986701,-1.6829073,-1.4907192,0.3801999,-0.8059103,1.5730766,0.87614065,-0.56145245,-0.8107348,0.30848932,-0.04180841,-2.2630982,-0.06312764,-0.6591289,0.03650874,1.8030553,2.185348,0.08998656,0.36364266,1.1385225,0.00232476,-0.7459254,1.6852741,0.95706046
-1.0605936,0.45819417,1.8932278,0.0011160374,-1.2891057,0.23624885,1.27932,0.8962331,-0.31059384,0.39755416,-0.05445715,0.56280255,-4.309833,1.6935244,1.0814977,1.6533151,0.49276882,0.66724837,2.3945308,1.0973217,0.3272098,-0.018851206,-2.8644638,-0.17611706,2.5043755
0.26380166,0.89752674,-0.18977475,0.7685909,0.9737592,1.0804772,0.54851454,0.13625336,-0.92440444,1.2170113,0.93860555,-0.47370002,-0.39031774,0.916144,-3.8237038,-0.10075569,0.73985654,-2.4560752,-0.09868851,-0.03710735,-2.8746362,1.9595286,-0.7616651,-1.0448346,-0.32819158
-1.2153487,1.2422671,-0.64839625,-2.1682415,0.035282522,-1.9049256,-3.808288,0.49114162,-0.69191784,1.024555,-0.014557553,-2.8105037,1.2780733,-1.769039,-1.3726573,1.5585781,0.477546,-3.5053358,-0.24626319,1.4270642,-0.4790293,0.6581027,-0.36089087,3.86811,1.7511432
-0.6486745,-2.503292,-1.7526683,1.7757359,-0.112612456,-2.5298264,-2.0238461,1.6807165,-0.3721087,-0.18889153,1.1736135,-0.46087188,-1.160523,0.38654283,-2.066038,0.68288994,-0.3963849,-0.06263304,0.58550435,-0.043295324,-1.8061166,0.2583596,-0.6815965,0.61406696,1.9750761
1.653641,-0.1937311,0.13871093,1.2412009,0.09216699,0.40020925,0.9671098,0.47423673,0.27072778,0.7341912,-0.7940695,0.22795312,1.1685401,1.3810992,1.1229382,0.65276265,-1.3278997,-1.5089003,0.44948626,1.4139175,1.8252406,0.5906536,1.7237322,-1.707738,0.36438343
1.9015198,-0.79755616,0.94510883,0.51274073,0.31596786,0.63009536,-1.8769867,0.45850766,-0.31998256,-3.2832341,-0.8815624,-0.0011505,-0.37983632,0.31570572,-0.07678351,0.57641417,-1.4708922,-1.5656289,-2.455755,0.83867866,-1.0977615,-2.0588834,-1.2547141,1.0602431,-0.28718817
-0.9103037,-1.0941535,1.0200739,1.4509006,0.035091333,1.2627779,-1.0426424,-0.5354326,0.48716262,-0.561924,-0.5003171,0.51523423,2.0939646,1.2316606,-0.10610989,6.005243,-0.62736034,2.7416973,0.38143596,1.2862198,-1.2520202,-1.5453631,0.77319884,-3.867403,-2.6224642
-2.391654,0.23082,0.50276196,-1.1627215,-0.028784662,0.64552504,2.6203988,0.38150194,-0.28161708,0.50312227,0.060131025,-1.4188292,-0.20336115,-2.5496736,-0.6254791,0.6003103,-0.5484069,-2.2386875,-0.041850924,-0.65193236,-0.41108572,-1.3519895,-0.6798218,-1.8091683,1.5187004
1.6687902,-0.08068538,-1.2875291,0.5652927,0.30865476,-2.7837436,1.2087848,0.7069032,-0.4162111,0.6983126,0.71463567,0.052791655,1.8606774,0.8546209,4.526776,0.036081586,0.09470265,1.5477172,0.42249095,-0.60660195,1.1845498,1.4551849,-1.6016706,0.6846026,-2.384052
-1.7095425,0.72405124,0.11324984,-0.6721144,-0.14220965,0.9293277,1.6538682,-0.15642834,-1.440367,0.046714738,0.35815457,0.38910684,-1.8329384,-3.0622725,0.777958,1.3435798,1.308832,-1.0026348,-0.87828416,-1.9010288,0.14078031,1.869496,-0.8519029,2.0477376,0.15327571
0.654258,1.4165657,-0.7013782,0.2955018,-2.2725286,-2.9824991,0.06464377,1.0243549,0.3419415,-0.9062438,0.9646845,0.30300102,-1.3697048,-5.09352,2.0143318,1.9062597,0.39996135,-1.6390512,-0.39214873,0.8611669,-0.8013434,0.26511204,-2.8424523,-0.3090943,-2.657548
1.1394205,-2.3947742,0.6250531,6.194271,-0.45769984,-3.1142151,-3.6169667,0.8986786,-0.40010324,0.57964504,1.6180677,-0.49760565,0.93891156,-0.41158533,0.33683735,1.9496095,1.4535024,2.386766,-0.33160275,1.0663185,0.33594882,-0.79348564,1.1467712,-0.216595,-0.45863366
-0.59472835,-1.901097,-0.5760068,0.61420053,-2.1697383,-0.8524842,0.64429474,-0.25634944,0.75010806,0.78355247,-0.54496425,0.2556602,-2.360755,-1.8728139,2.0301015,1.2180427,-0.487844,1.4648896,1.0404286,0.03961879,2.1977477,2.029272,-0.6351903,-0.52532554,0.6333147
1.5803809,0.2512419,-1.7288427,0.04524815,0.79630303,-2.3555162,-0.098573565,-3.270694,0.06775547,-0.1124527,-1.6272935,0.8207786,-0.50797504,-0.5412051,1.9200964,-0.903453,-0.2538997,0.04522401,-1.6238075,-2.1109157,-0.9319325,-0.9546055,-1.8644794,3.5887213,-2.640556
-0.5917855,1.6490917,-3.2326941,1.4899591,-0.14363754,-1.3758068,1.9630125,1.9575279,-0.33077788,-0.54491854,0.1416429,1.2437986,-0.8611431,-2.8437638,-1.3251152,-0.081510544,0.36310872,-1.5693731,-0.7561346,-2.0228965,0.04342258,0.22993863,-0.5693246,0.07835459,0.26816782
-7.5707483,1.9060264,-1.4959596,-0.051913977,-0.28133184,-2.1233225,-0.29128665,-0.5254855,0.0651735,0.30498722,0.10426987,0.14212996,0.33215877,1.9650154,0.9447427,-1.2245932,-0.24843366,0.1251406,1.2306123,0.38126755,0.6270398,2.7868237,0.5287837,0.6910627,1.8527665
-0.55071473,-1.3279519,-0.76304007,1.6570275,1.178621,1.1153454,0.45628616,-0.8513428,-0.3808175,0.38500035,0.38742137,0.37935704,-1.3186151,3.2169502,0.3518781,-0.25992876,0.7174907,0.029271305,0.5203307,1.0318393,-0.37634024,-1.7787609,-0.4677602,-0.025933981,0.67758465
-1.527961,-0.01712951,-2.3279326,1.1017704,0.5624152,1.2241699,-0.7468124,-0.2307682,0.25335443,0.19244955,1.2906991,0.51524866,-2.782363,-0.86679983,-0.31315294,0.55560315,-0.7891942,1.8586891,0.25795016,0.4223227,0.18169628,0.97580904,0.7320161,1.6750684,-1.267872
4.7261763,-0.44534487,1.8913412,-2.6418629,0.32170364,-0.7781833,1.3421896,-0.7151305,0.4279735,-0.24438462,-0.6926581,-0.8622472,1.0600375,-2.1300342,1.1826155,1.0227078,-2.0336938,-1.1639462,1.0471169,1.7054083,2.0000365,-0.5606372,-1.3718051,1.397235,0.70700914
-5.015904,-0.54333186,1.9686103,-0.47129524,-0.59448797,-3.0761328,-0.6297225,-1.7183008,-0.1889748,0.98065996,-0.31953722,0.36864352,-0.99506426,0.7378549,0.76447606,-4.7460375,-0.8406507,-0.56714535,-0.1424361,0.26465905,-0.9437071,-0.08955872,-0.8080289,0.105941325,-2.8646264
0.2305592,0.026906624,2.584836,-0.37950894,-0.07286748,1.8070381,-0.1905503,-3.1825185,0.21961665,1.1688706,0.8442149,-0.63077855,-1.7427752,-4.2755146,1.1920166,-3.148096,-1.0767515,-3.8038735,-1.9903815,0.68760604,0.6382748,-0.97126436,-0.33709374,-2.5603974,0.96135837
-0.14455307,-1.0129716,-0.8547786,2.5178092,1.054842,-3.314742,-2.5427814,1.138397,0.17312562,0.49089143,-0.18026483,-0.9793396,-0.043364406,-2.5257766,-0.19606584,-0.34719998,-0.3857958,-1.6924733,-1.0539373,-2.487845,-2.6900213,-1.4160339,-2.4285986,2.0073872,0.87419903
-0.2713257,-2.573732,-4.2856092,-1.8720373,0.3958887,-3.5359147,-0.9518189,-5.432074,0.17445745,1.0699353,0.66730785,0.41644987,-1.0556939,0.11208254,-0.08735418,2.3426514,-0.48231724,1.6935079,1.0102205,-0.46867996,-0.70614123,-0.4000001,0.41498107,-1.3657221,-1.0702417
0.38295257,-2.2953594,-0.859297,-0.6227767,0.056897286,-0.25253007,1.0818964,1.4548597,0.57583094,-0.49495745,-1.350079,-0.91308403,-2.43514,-5.678536,-0.80176276,1.1416326,-0.2497335,0.5033943,-0.8831675,-2.487845,0.37335643,-2.2952197,-1.7085688,0.31834325,-1.677723
-0.54657966,1.430155,-4.8382077,-0.6047565,0.09713483,-1.1499714,2.4752433,-2.7061758,1.2982669,-1.0174942,0.12878223,0.073878855,-0.74115014,0.12329316,-1.3632127,-1.4285773,-1.942714,0.5436029,-1.3867009,0.02043572,-0.28373915,-0.91810095,-0.70225,-1.0706168,-1.4556873
-1.2064438,-0.7792553,0.8012043,-1.441435,-0.40988964,1.7050233,0.22841714,-0.14760765,0.15901019,0.14428751,1.0538282,-0.22465104,-0.5386391,-1.3824544,0.3101267,-0.9178255,0.08779509,-2.674221,-1.5047914,0.39861685,2.54505,0.14461732,-0.20756182,0.23584348,-1.0145983
-1.4852481,0.6093461,-0.551764,0.45455384,0.022556543,0.36176848,-5.222825,1.4330018,0.9546985,0.88321805,0.261509,-0.3778829,1.6773673,-2.5518029,0.22862543,-0.5737602,1.5550959,1.6844105,-0.77495384,-2.9762883,0.6471097,0.053970844,0.110619456,0.7283727,-0.15946144
-0.22723378,-3.1652477,-4.9534473,-1.3020515,0.3024684,-3.628653,1.7784863,0.72603047,-0.044300135,0.31361687,1.1680628,-0.41544008,0.52795947,-3.2049966,0.6381132,1.312771,-0.68387103,2.0601938,0.5572646,-0.12510186,0.12347978,0.97670794,-0.25461355,0.20097366,1.9482493
-0.95443296,2.1765604,2.3245287,-0.33849347,0.12315768,-8.208909,-0.44798964,-0.03652595,-0.41872168,-0.53466606,1.0564148,-0.70607185,-2.5089533,0.8450541,-0.22994941,-0.14617099,0.5513823,-1.895731,0.9694985,-0.023091927,0.9255302,0.68643695,0.9873046,-0.81316763,0.4431476
0.29190508,0.9777558,-0.60485035,0.95738846,1.3187978,-0.21051264,-1.1218662,-3.7689722,-1.3618081,0.16666436,0.7853772,-0.77946794,-0.05700001,0.7854777,-1.6919043,-1.6755209,-3.1241355,-1.0898335,0.31197408,-0.086535335,-1.2500856,-0.040510923,0.5530015,-2.2206933,1.003205
3.0581684,-1.7854962,-0.063126415,1.0828043,0.6756579,-0.02190154,0.81078565,0.40294024,-0.6121922,0.55145156,-1.2729654,0.31215873,0.21038547,0.12978351,2.7356176,1.5402992,0.08775523,-5.4985704,-1.2920848,-4.734424,0.3183164,-1.4947208,-1.0837258,-1.2503847,1.4672971
0.6523399,1.8425543,-4.843071,1.5594972,0.9718757,1.7222527,-3.0525784,-0.03513378,1.0991234,0.30840212,0.88937396,0.09232715,-3.372388,-1.439191,0.97387993,1.3502314,-0.79882187,-0.6383381,0.5341103,-0.6587566,0.44293335,1.4619361,-2.1209607,-0.381889,1.3055801
0.61894643,-1.6706969,0.6111146,2.014878,-0.41920805,0.1967066,-2.30996,-2.804964,0.041571848,0.93734336,0.6418433,-0.239966,-0.62094796,-1.1659198,-2.1054199,0.2710042,-1.2218277,-0.33903992,-0.90734166,0.16691403,-1.2775655,0.9131835,-0.25676134,-0.5878317,0.44566387
0.7508439,2.6121416,-0.20074819,-0.96193385,-0.13901487,-2.1698437,-0.18560222,0.49068964,0.39006114,0.81462777,-0.29762837,0.46410093,-0.9749837,-2.0630527,-0.30418062,-1.7405865,0.88264966,-2.4131567,1.0573329,-1.1290953,-2.267438,-1.6821043,-0.64180875,0.8701258,-0.3700571
-0.07404641,-7.060658,-0.9461993,-0.321778,0.84264326,-3.0254188,-1.3479842,1.6449833,0.65809757,0.96495247,1.1736135,0.25669008,0.3758561,-0.43410337,-0.13411728,-1.0036985,-0.051552176,-2.72261,-0.011256605,-0.29790762,-2.3156028,0.22282906,-0.13631226,-0.672088,0.1493102
0.1826525,-0.45132408,-1.3398048,0.2401383,-0.30388212,0.90749615,-2.8334591,-0.34839398,0.84624314,-1.3000044,0.24294706,0.38452378,-4.144135,-1.4750867,-3.3630135,-0.81220436,-0.30718666,2.8903303,-0.26667705,-1.257513,0.97985077,-1.2875439,-1.3977187,0.36573976,-2.0839
-5.141182,0.5631948,-0.007998288,-2.0493748,-1.0289931,0.3902697,3.0795317,-0.7275294,-0.20089324,-0.7636992,0.37712255,0.29027408,0.773102,-1.2445576,-1.510356,-1.2144948,-0.59595805,-0.5225549,1.0413494,0.37500316,-0.46017176,2.350665,2.1097271,0.031613164,-0.87577665
0.47111914,-2.1174686,-0.56650734,-2.7030416,-0.14170738,1.9778264,0.24084966,-1.2020587,0.44199732,-0.03807319,-0.118892714,0.33551306,0.379753,-0.104470566,1.5540732,0.49280658,-1.7086263,-1.2221483,-0.74685264,-0.5761672,1.421256,-1.0160514,-0.40995574,-0.2485041,-0.6479633
0.21973322,-1.8593552,1.4013094,2.270443,-0.36157256,-2.785689,0.10872406,0.68002176,0.69564354,0.6239996,0.4840882,0.056858614,1.4043186,-1.3242466,1.3040016,0.26509568,0.12352359,1.5703487,-0.86621207,0.2449019,0.06298844,0.07595146,-2.5039089,0.5025388,0.23075882
-0.6112851,-0.56764495,-0.47748798,-0.9202539,0.18040524,-0.042929232,-1.7173502,0.53198564,0.26740518,0.7952075,-0.7550695,-1.1503084,0.5915828,-0.037473567,0.95035183,1.2704535,-0.075486585,0.40636134,-0.098953724,1.5686772,0.7755194,1.627366,-0.56543374,0.4575448,-1.2463547
0.36887315,-1.2741786,0.6226046,-2.906275,-1.799506,0.5543789,-0.40270302,0.5799816,-0.76720726,0.32531124,0.09126308,0.19004796,-2.6455202,0.058743834,0.89423996,-0.42566916,1.7408191,1.5378144,-0.18635732,0.38216016,1.9731615,0.13149825,-0.8222091,0.40339524,-0.42533934
-1.6429906,2.6165128,1.114369,-0.6612982,-0.13064268,-2.9859858,1.4165865,0.63422304,-0.37110224,0.56902003,0.61736304,0.25669008,1.5258535,0.89610654,0.24593984,0.7643795,-0.95721996,-0.22779,0.66732776,0.6942363,-2.4644113,-0.16076407,1.1171596,1.6758981,0.31307852
1.3805624,-0.21302414,1.1755558,-0.07430884,0.22884062,-0.5255731,0.3383585,-0.6159976,0.3405934,0.14318663,0.46011046,0.33534664,-1.764686,0.19672255,-0.11669123,-0.8402599,-0.09226483,-0.40553027,-1.0026597,0.23492269,-1.5579262,-1.2659798,-0.10650317,-2.455692,2.0748415
1.6261885,0.30536267,-1.4675487,0.7413177,-0.38035673,-0.119818166,-0.5432749,-2.5686743,-0.10602002,-0.16160333,0.33867678,-0.5478153,-0.788106,-0.11824373,-3.0732,4.667289,0.09855971,-0.202142,-0.71961665,0.7848928,1.5097122,-2.117454,-3.5788038,-1.9287372,1.4185419
-0.549175,-5.0132537,1.9565921,0.82912064,-0.79620105,0.96687067,-0.57155067,0.39865458,-0.63991684,0.6866764,0.41647828,-1.3739657,-0.5619471,0.9063104,-1.8651332,-0.2340807,-1.4818082,-2.5105026,-0.731364,0.13797277,2.1428742,-1.7305418,-0.9023475,-0.7184106,0.63821125
-0.4625802,1.3131721,-0.14525504,0.83972925,1.0879506,1.199094,-3.4945245,-0.5513632,-0.09620921,0.7976978,0.41815552,-0.85415304,2.3808024,-2.3711686,-1.6559896,1.2699037,0.63999146,-1.6497679,0.78411627,2.0222802,-0.78705835,2.8603394,2.500348,1.035764,0.8520664
-1.2955832,-1.3637335,1.8149348,-0.41907948,0.4021705,-3.2878952,-4.669347,1.385797,0.5934784,0.041562706,-0.3477031,-0.110872045,1.6575539,-4.537215,1.802276,2.438658,0.23250526,-0.00047379732,-1.7699764,-1.61008,0.5954287,0.69275653,0.10135886,-1.6409519,0.071460724
1.2073486,-3.3383758,-2.7559395,1.2588564,-0.22157365,-1.2880646,-0.34504998,1.6057656,0.47055817,0.2481218,0.9750697,0.9019165,-2.48977,-1.6453942,1.6193694,-2.0233302,-0.6618962,-0.37744632,-0.39945233,-1.1547061,1.2934625,0.5658876,0.15267006,2.033672,-0.19082744
-1.4149405,2.0085,-0.8446348,0.81281054,0.5358217,0.5798469,-0.4594769,-0.60197043,0.8998636,0.013943061,-2.0119083,0.27676174,-0.6799198,-0.499423,-2.7918038,-2.4613311,3.2249646,-0.6127602,1.578635,1.1029347,0.3801456,1.3925085,0.77883744,1.9074643,-2.2896972
0.19020647,-2.6074376,0.12903774,-5.5332694,-0.37970763,-1.3280936,-0.9556926,-1.2466242,0.116721004,0.5519212,1.5037738,0.55533385,0.32000536,-7.0140038,-0.25130194,0.9748125,0.7140677,-2.1475317,1.43731,-0.21930687,1.5511199,-1.6308718,0.5605233,1.1035516,0.9622983
-2.380384,-1.3134233,0.5737295,-1.7598156,0.46522945,-2.2503338,-1.2056385,0.28560042,0.04240475,0.5544859,0.1474794,0.50435406,-2.0047588,-0.9716297,1.0080405,0.5664577,0.31286743,0.9645387,0.079870485,-0.83043146,1.3733062,-2.8343801,1.0817678,-0.67249537,0.15634938
-1.0500045,-1.522698,-6.8089094,2.051985,-0.61791545,0.7284352,1.171156,-0.019579522,-1.0670339,-0.08770639,-0.6885597,-0.5266001,0.72931516,1.1652422,-0.8473842,-0.5841429,-0.5442855,1.9918383,0.01032079,0.33359715,-1.5300286,1.7245369,0.49608263,1.456072,1.7605083
0.79186475,1.9367309,0.38250658,-0.7549746,0.30064967,-1.4464068,1.043281,1.6169007,0.39006114,0.30498722,0.033703785,0.5366188,-1.0188935,-1.443697,-1.3080802,-0.81215155,-0.7193782,-1.1774242,0.018845297,-1.1935129,1.0643289,-0.50458705,-0.5365059,-1.6006905,-0.9577689
3.8739417,-1.0422952,-2.4251115,-1.6593904,0.19349895,0.20576255,0.24285436,0.22056004,-0.23029234,0.62079334,-0.2096584,0.20498948,-1.4581861,-0.31503868,-0.018616617,-0.119467385,0.1667657,-4.295394,-2.5281456,-2.5100765,0.65676713,-3.3791063,-4.100934,-2.7574053,0.40672776
0.8948009,-0.6037213,-4.6047106,-0.39729047,0.14732988,0.6872635,-2.6376166,1.3338323,1.0725399,-0.3034847,-3.1246748,0.05828245,0.14194882,0.3284526,-0.30511522,0.5426826,-1.9658897,0.0521487,1.1250532,0.51641953,0.3768115,-2.2022972,0.115244895,-1.3317928,-1.4492035
1.1734657,0.43335545,1.3597128,2.7086082,-0.8968284,-1.4049023,-0.80263597,0.44670826,0.58486897,0.17098561,0.043361533,0.101673834,1.8780253,1.1984262,-0.017530963,-2.752525,0.48494413,1.6196618,0.6953957,0.2553169,0.98166156,0.64229727,-0.39432418,-0.11113729,0.18887183
-0.94826174,-2.6108065,0.78724444,-0.43171328,0.5255424,2.2072768,0.4609568,-3.5129738,-0.035775226,0.22192536,-0.23081586,0.77614605,-1.7557769,-1.4691465,1.0474602,2.017979,1.1393708,-0.179608,-1.262076,0.5934053,1.862467,-1.1714104,-1.5987364,-0.87385,0.50979435
1.2451807,-0.19630131,0.5137839,1.0378673,0.6921881,-0.4412846,0.6090878,-1.7420082,0.47220346,0.26207328,-0.10724378,-0.83214295,-0.09031618,-1.3187401,-2.100988,-0.26431674,0.11136785,-3.1376007,-2.2661948,-3.6486187,0.57523817,-1.1418358,-0.7786468,0.027047485,0.31408787
-0.36823395,0.29335934,-4.5111384,-1.0819783,1.1184969,-1.870043,-3.0121636,0.6210512,-0.68398845,0.16175099,0.1784536,0.5504652,0.22736934,0.42781347,1.2201773,-0.29001623,0.3014015,-0.7943298,-3.336865,-0.5675815,-0.57580614,-1.3494092,-0.37771377,1.5503995,1.1513171
-0.37581843,-0.59006774,1.4630858,2.2696164,0.42884672,1.8643,-0.15861797,-0.387139,0.98259944,-1.657806,-0.0014605094,-0.04180841,-0.9684501,2.7875118,-1.2189364,1.6115854,-1.2006141,0.06700945,-0.44408548,-1.1220951,0.5070588,0.01976861,0.846076,0.23311669,-0.7767037
-0.12432359,1.0918245,-1.271526,0.0420599,-0.42649865,2.1129673,0.48158976,0.31375298,0.121496156,-1.4661607,0.40754196,-1.5635294,2.4674685,-0.23560071,-0.3197645,2.4793725,-0.6870687,1.2955937,0.9086584,-0.7562766,-1.8088853,-2.686983,-0.2536466,-3.1361258,1.4171929
1.6558843,-0.03351596,-1.3378606,1.9842187,-1.2439162,-0.9872931,1.366549,1.2651311,0.21356644,0.14318663,-0.7622509,-0.83214295,2.3350368,2.338506,-0.90693533,1.1901551,1.0117782,0.81376433,0.63732755,1.0271976,1.7086892,1.3316004,0.9202392,-2.6297503,-1.0674977
-0.73057264,0.6965563,1.8119922,-2.6944726,-0.67149895,0.5207877,0.0335123,0.6947531,-0.84167755,0.46759143,0.22376226,-0.7432052,-0.60655934,-0.4676193,0.66017973,0.7463371,1.4322492,0.015476108,0.20233865,0.49707094,3.6651275,0.8565861,0.35394746,-0.5283576,2.114565
1.4700882,-3.5389485,0.001033783,1.8099443,-0.6605833,0.3208018,-0.5754018,-0.4183309,-0.26495746,0.08703628,0.049523562,1.1592776,-0.33956474,2.0367546,0.9416772,2.9089336,-0.56499183,-0.2872033,1.7703798,0.17996852,0.35861725,0.43375823,-0.18116246,1.3842305,-0.120630085
1.2569547,-0.24229078,-0.24370268,0.6146217,0.82237774,0.97670805,-1.5085554,1.03718,-0.3283653,0.27265906,0.8311012,0.16472799,-0.39177376,-1.5813874,1.1308541,-2.1606848,1.813387,-0.21591488,0.21148622,0.9134551,0.374234,0.1570405,-0.36489707,0.15895051,-0.312792
0.67059183,-2.302778,-0.7220187,0.51908106,0.51712716,0.3663429,0.60061276,0.4116109,0.14077309,-0.701789,-0.24699196,0.05348193,-1.400456,-1.8245015,-0.20828384,-3.2495751,0.2042941,1.5849946,-0.4335124,-0.1327902,-1.0882254,1.462662,1.482482,0.7383682,-1.6599762
-0.30171964,2.2403188,-0.10946798,-3.1425915,0.33355016,-2.0980024,1.960921,0.7617526,-0.062500134,-0.23334149,-0.21233922,-0.5691508,1.8127639,-0.113307476,0.55032146,0.1921322,2.0805776,2.1198387,0.77749836,1.5003998,0.055739462,-2.019656,1.8665123,-1.4004433,-0.4369011
4.9754243,-0.47962523,0.933733,0.32590657,0.4393074,6.805007,0.963594,-0.040942967,-0.37159598,0.5519212,0.47983938,-0.58284223,-1.2371689,-3.4733536,1.0516082,1.4293101,0.06074643,-0.16278847,0.52855265,-0.35816902,-1.2392566,-0.30708688,0.6653731,0.3442942,-1.5073503
-1.9408097,0.89360297,-0.33023596,-0.17116407,-1.3932743,-1.9336677,-1.0055664,-0.44303674,0.25259888,0.33022034,-0.9357895,0.9992839,1.3680799,-0.44505244,1.2880429,0.52581817,5.1032314,-0.52527785,1.0156752,0.17638251,1.5479454,-1.2458403,1.2430803,-0.8080969,-1.4699826
-1.3035325,-0.045879304,-0.599697,0.22455189,0.2500896,-0.070310175,1.1116467,-0.05258274,0.15795867,0.89545494,-0.1628622,-0.076422,-1.5850675,-2.8802066,0.88766193,1.6644992,1.182082,0.35686144,-0.870593,1.1989629,-0.187856,-0.9947394,-1.1353358,1.2804959,1.4646742
1.0473821,0.8611841,-5.7214913,1.9275248,-0.84955424,-3.0722733,2.3578217,-0.44773287,-0.18682955,1.2809284,1.0044839,-0.5266001,1.4383211,0.4487079,-1.0352385,1.4971684,0.0059550405,0.7571604,0.81890893,1.0057386,0.033936024,1.1263692,0.04481238,0.28005344,-0.4807069
-0.17893276,-0.009974778,-2.4758663,-2.8782847,-0.8100713,0.9177567,0.37122065,1.0365134,0.47411248,0.041562706,-0.21233922,1.1160405,-5.542532,-1.2380548,-0.5043348,-1.7415549,-0.38390344,-0.8039997,-0.4359292,0.31735078,1.9839357,2.0379264,0.19867072,-0.8017883,2.0672908
2.0214946,-0.51365936,-0.30998996,0.15846702,-0.1895484,-0.11525631,-1.6016638,-0.07892907,-1.0256811,0.5991733,-0.7940695,-3.260431,0.8764214,1.3145581,-0.25078183,-2.2386177,-1.7466837,1.8257949,1.2677712,0.24506894,-0.56689316,0.017282257,0.094959885,1.2249722,-2.898545
0.5372403,-1.6146296,-0.40666705,0.21996284,-0.71644413,0.29939333,2.4449263,0.70131725,1.0725399,0.8257431,0.10610725,1.0090847,0.29511887,-2.983401,-0.36661988,-2.0814087,-1.8668237,-0.25103322,-1.4597851,-0.24181047,-0.017718837,-2.637418,-1.1068332,1.0329323,-1.1176673
-0.3434624,0.24712577,-0.56329566,-1.4907668,-1.9487972,-4.469802,0.06644054,0.13478872,0.14468174,-0.4086929,0.92859113,0.7756851,-5.21111,2.4344552,0.92642576,0.82849175,-1.0846741,0.6424858,1.1653461,1.5730851,2.2545621,-0.37850595,0.12914601,3.7307253,-1.5079062
-0.50625145,0.01997931,1.0348045,-2.6538837,-2.8370607,0.643531,0.44037142,-0.6756314,0.45874554,0.38801637,0.60184747,-0.14068596,0.44824147,4.219681,-2.1090703,-1.9395287,-2.046291,-1.8717515,-0.20971106,-0.45014724,-0.1382322,-0.70648825,-1.9857137,0.8698479,1.040581
-1.88044,0.49604493,-0.117376804,-1.826371,-5.7523146,8.804624,-0.35546732,0.3726923,1.0536789,1.0530071,0.7416396,0.24257593,-0.34196603,0.5911298,-0.29598624,-0.8313377,1.5871997,0.3592359,-0.5234308,-3.996199,0.7420435,0.3391626,0.12622641,-0.13353914,-1.6701754
-0.5798798,1.1272779,-4.756763,-3.3305092,0.3744821,0.21300966,-2.2799468,0.21170314,0.59344286,0.2744786,-0.6586949,0.30565143,-0.57623446,-2.3821118,-1.0428472,1.2386202,-1.4471282,0.56014967,-1.6282976,-0.52945864,-1.8964422,0.5369752,-0.3750754,1.3647314,-0.23709577
-0.3178255,-0.49611288,-1.1494391,-0.70155203,0.23344019,-2.063349,0.068586156,-0.9371471,-0.28438157,0.633542,1.9657323,0.3918945,0.8180281,-1.3003641,-2.4162521,0.6617763,0.3112616,-1.4224035,-0.22863966,0.012851238,-2.5673327,1.5526255,-1.8663058,-0.22691831,-0.5112966
-0.46709558,0.53974557,0.25629324,-3.531193,0.53198874,0.39748007,0.2937796,-0.051988184,0.8820057,-0.048913985,-0.37867367,0.6097665,-1.583842,-2.9434505,-0.4771276,1.8419324,0.27383325,0.4221233,-0.2640244,-0.9133035,-0.15729237,-1.3829858,-2.221625,0.09486359,2.8985338
-0.61253834,-0.81540006,-0.6841101,1.411529,0.39651468,-3.4061463,1.3759387,1.5476168,-0.013721682,0.09964476,1.6423607,1.127451,0.6895829,2.5899181,0.33989346,-2.8878646,-1.7730963,1.185969,-0.37446377,0.43114305,-0.30396855,-0.768311,-0.88152146,1.470598,-0.6436277
-1.8900237,1.1694541,0.19899222,0.342829,-0.40863696,0.9221927,1.4540708,0.4408872,-0.024794515,-0.11185984,1.1736135,-0.56034625,-2.92837,0.8726185,-1.105907,-0.5654056,1.1315696,-0.14297956,0.43755743,-0.6773163,-0.030183405,0.20284323,-0.120291516,-0.26504925,1.3096735
-0.45260206,0.88083565,-0.11843515,1.3690861,0.27739418,2.1082692,1.1861445,-4.9559455,-0.102911055,0.7638837,1.2342625,-0.24233383,-0.11384332,0.7704603,1.4930427,-0.9665505,0.57738185,-1.0398928,-1.4119648,-0.34212846,0.39404574,0.012853593,-1.0000937,-0.23699808,-0.75514734
1.2736875,-0.5544287,0.05091217,-0.9270161,-0.14221007,2.0857623,0.057972312,0.28780645,-0.5102849,-2.0995898,0.46273556,-0.79781604,1.3177806,-4.7857127,-3.120056,-0.78481495,0.50383544,-1.8639511,-1.0120077,-1.0547705,-0.39121947,-1.2098035,-0.7041239,-1.5706627,-0.8344958
0.17570958,0.9331418,0.96992916,0.3021959,0.13859546,-1.5903537,-0.1853899,-0.22897682,-0.097292155,-0.309783,-3.2458766,0.9579078,5.265622,0.6549814,-0.27955753,-1.5729046,1.3656284,0.022851199,-0.24162348,-0.87072664,2.369531,-1.2043381,-0.42897725,-2.3446927,0.765523
0.6025881,0.6571545,0.043546975,1.355219,0.5849859,3.0223804,1.0956936,0.21406803,0.5111085,1.2018461,-0.40342772,0.5540358,-3.4326675,5.0001817,-0.9715712,-1.6220927,-1.863457,-1.4784994,0.24772994,-0.54031473,2.2065825,1.0332128,-0.9524807,0.91209424,-0.2699468
0.36689958,-0.30840948,-1.6778774,-1.0808053,0.19717321,2.0671031,-1.5893493,-1.2506694,-0.015511051,-0.19245434,-0.91077816,-0.36446568,0.26487935,0.47334218,-1.8000579,-0.97269595,0.90482754,-0.95325017,1.1703463,-2.7041945,-1.1234504,-0.19348612,0.58111614,2.4484272,-0.470545
-2.5961149,1.057241,-5.2035336,3.0482705,1.2884234,1.2465079,-0.4814245,1.90374,-0.26147732,0.2744786,2.05675,-0.00037512556,1.3968415,-4.529397,0.16692899,0.55775464,0.015129961,-1.5459533,-0.31496093,0.8577955,2.29396,0.17895226,-0.14086372,-1.0897503,1.8951286
-0.25296676,-0.43294013,1.048661,0.32474297,-0.06337291,-2.6562188,-0.11100614,-0.32260597,0.027624313,-0.17603073,0.5892944,-0.19910137,0.1519807,2.1841793,-1.1636698,-1.9465452,0.20223907,0.12951943,0.78323895,1.9967664,0.122716784,1.8908114,1.4823784,0.32758504,-0.7542106
-2.5949545,4.124565,0.67391044,-3.0822444,-0.18654227,2.4017425,-0.8779694,-1.0385506,-0.41535315,0.4978064,0.45862502,0.7545222,-0.8825753,-2.6942158,1.1130042,0.99197227,-3.073437,1.5989509,0.0466277,0.27931255,1.0903507,0.97330505,-0.6786052,0.48218638,-0.60706294
1.6668421,-2.1676693,-2.6311812,-1.2574226,0.016214162,-4.278175,0.7872822,-0.1983494,-1.4310925,0.46053833,-0.58379483,0.07777316,2.4326644,-0.6133073,-1.0666386,-1.0215037,-1.855218,-2.840311,0.8620845,-0.70890605,0.959763,-0.99824035,-0.10423893,-0.8266896,-2.3772473
-1.1193007,0.27444318,-4.6787934,-1.3894515,-0.51762974,-0.49305797,-3.7650952,1.3564931,-0.13720903,0.38320816,-2.118367,-0.8681873,-1.5201585,-4.314913,1.9183332,2.3521485,0.49493152,0.9815649,-4.1725154,-2.8758276,1.9119685,-3.0032587,-0.41859552,-1.197732,0.0018527508
-0.6979436,-4.0633936,-5.3279467,2.3576164,0.3758901,-1.4846945,0.6547749,-0.9200998,0.0814375,0.62079334,-0.26236776,-0.0032377765,-1.1985776,1.0651746,1.0059061,-2.1368194,-1.7761918,2.1198306,0.5244252,2.0587249,-2.463078,1.6544912,0.546679,-0.087347,-3.833022
0.41070205,1.6227798,0.049363077,-1.9275944,-1.2570008,2.3173687,1.5916979,-0.16482905,0.1535783,0.22750576,-0.8021912,0.008434076,-1.3310016,-2.4917603,-2.0999377,-0.42914188,-0.32190192,-0.23610294,0.020405054,-2.1939797,-0.9401196,-0.22896403,-0.38669413,-2.834396,-0.29780567
-0.079338044,1.1202998,-5.1939583,-0.8972384,0.5470463,0.13685209,-0.68800086,-2.3423436,0.34175175,0.70702547,0.9769135,0.31240603,1.5197272,0.4611781,-0.68728614,0.32065958,-0.69794667,-1.7271478,-0.24351175,-0.30209577,-0.19375578,-1.260147,-0.7841311,-0.0412322,-0.14691955
-0.30893293,-2.1328094,-0.7955505,-1.4540191,0.45124415,1.7771423,-0.5654981,-0.32797378,-1.3618081,0.17098561,-0.5995193,-0.2418307,0.8741823,-3.0222504,-1.5789974,-0.33814865,0.08984208,-2.228733,-3.3648286,-2.5109549,-0.8583872,-1.804856,-3.053617,-0.28886014,2.4397676
-0.43881804,-3.0780678,-3.8006158,-0.36616418,-0.4096585,-1.3061228,-1.1340189,1.4945458,-0.58953726,-0.6016946,-0.7550695,-1.1218252,-0.5497737,1.4806349,1.4998198,-0.6721686,-2.7969992,-1.2463164,1.3462737,0.44397795,-0.10702416,2.1409438,-0.2570575,-0.5880539,-0.817531
-0.42292154,-0.5191612,1.9738225,0.13928837,1.0363193,0.59951484,-0.7084096,0.11911413,0.47538957,0.6264568,0.10610725,0.32499546,-0.8057515,-1.1123192,-0.014003277,0.274224,2.1812778,-0.8052628,-0.93739855,1.0007063,-1.0465486,-1.0761011,-0.66971046,-0.09747301,-1.8684068
-3.5911338,-0.69746435,0.3692878,-1.2070343,-4.241904,-1.182262,-1.5055257,-5.5478077,0.77369803,0.13395208,1.0584102,1.2719223,1.6399353,0.11684799,-0.12955938,1.3079965,-1.1249142,-0.1423201,-0.9149667,1.2714761,-0.163031,0.69008017,-1.0149052,-1.4110031,-0.9190006
-0.039682806,-1.0667257,1.2910573,-0.52051246,-0.69367206,0.3094533,3.1247108,-1.1029965,-0.31904957,0.9000658,0.87247264,-0.79781604,-1.7288651,-1.1472279,1.4026163,-2.1792045,1.8800728,-2.5235467,-0.8139967,-1.2706091,0.34792855,-0.840197,0.66512704,0.9439264,-2.5738897
-5.092373,1.4801428,-0.62189305,-0.05955839,-2.7331848,-1.032265,-3.5619948,-2.554747,0.054262653,-0.18889153,0.6418433,0.02604958,0.0032149553,-1.5458863,-0.96115905,-2.7888074,-1.2593917,1.2813635,-0.02463007,-4.0550947,1.0525382,-1.8073534,-0.70772415,-1.0956483,-1.0133638
4.628643,-1.4959738,-6.5978007,-2.7568147,-0.27015096,1.1139451,-1.4243295,-0.041766644,-0.35675928,-0.7636992,-0.71739835,-0.9442725,0.09624866,-1.941771,2.3822742,1.4639579,0.55966973,-2.1465356,0.6268277,-0.9719149,1.6611018,-4.081399,1.1956568,-1.3191774,-3.8515794
-1.835902,0.64131784,-0.82485324,0.8716283,0.8066039,-1.3538731,-1.7292794,0.2420734,-0.19492857,0.109022245,-0.4744628,0.104709044,2.2660837,-1.0697372,-2.0277755,0.95320493,-0.8764721,-0.53058547,0.7900287,1.3193982,-0.722034,0.73816824,-0.4966658,0.6446364,-4.1183615
0.21010664,0.1661995,1.6823663,-6.942362,1.1343366,1.7769463,0.6900268,0.6947531,-0.30304208,0.03567922,-1.163701,-0.41489273,2.3239098,-2.9452686,-0.29495102,1.9434938,2.1148953,-0.24916244,-2.2586195,-1.6035795,3.2343302,0.06138654,1.9361838,-1.0922501,0.9732851
1.1676235,-2.162552,-2.8653402,-2.126986,0.76973444,-1.5227274,2.540231,-0.7773667,-0.38694686,-0.18037933,-0.13448705,0.4206377,-2.1120057,0.64853024,-1.1171637,-1.2277112,1.1825155,1.7943435,0.47924638,1.2404827,2.735829,1.356462,1.236536,-2.7707906,-0.32948905
-1.680839,-2.1460998,-1.4075961,-3.1099467,-0.49804336,0.6232029,1.7780567,-3.4470952,-0.4887217,-0.1124527,0.006476581,0.97855556,1.7305787,-0.96786535,-0.0204691,-1.9441981,-2.180076,-0.8474045,-2.2184577,1.172824,-0.6223917,0.13219921,2.4342544,-1.2420353,-1.8016701
-0.049612656,0.8170867,0.9986939,-1.4704957,-0.4327622,-0.30319524,-1.0833919,-1.5461468,-0.01029424,-0.24159393,-6.0415998,-0.32779175,0.91516876,-3.2981625,0.5917971,-2.5113053,-0.25053185,-0.456106,-0.12828183,-1.7882977,-0.44238418,-2.6927316,1.0995228,0.036612242,-1.2872823
-0.96572655,-0.7963068,-1.5887314,-2.6465259,-1.6638961,-1.5324383,-0.85728264,0.3285653,-0.027968448,-1.165832,0.3562467,-2.8105037,-0.82434,2.068912,-0.4999677,2.1594841,0.47284397,-2.0562623,1.102029,-1.6613148,0.7237644,-1.0181552,-0.62610346,-0.48983413,-0.817531
-0.06531954,-2.2482338,1.0691171,-1.0144739,0.9249335,0.8819183,-0.08644259,-1.0370387,-1.4948008,0.8378375,1.1680628,0.29027408,-0.1537782,-0.6862279,1.9546847,-0.47298133,0.8618808,1.9929612,0.45506278,-0.53179455,0.41373962,0.6016611,0.48269555,-1.4512069,-0.7944013
1.2923633,-1.647344,0.15746854,-2.855478,3.2544758,2.35138,1.0494384,0.81408596,-0.10082291,0.7737149,-0.33054268,0.8920586,-0.5398174,-1.0092688,-0.08318019,-0.012954965,-0.17567763,-0.18188024,-3.6508029,-0.28983754,0.11347756,0.033807874,-0.22478485,-1.197491,-0.48894364
0.49521303,0.82871366,-0.5309841,0.80775744,-0.04841402,-2.1207924,0.19127125,1.4330018,-0.14931841,0.7907884,-0.40342772,0.77422976,0.7199875,0.8481385,0.3035959,1.4466085,0.8393072,1.134376,0.88515925,3.1352863,-0.79317045,-1.6414777,1.3719041,0.29488474,-0.3639722
-0.028446943,0.16369334,3.2101195,-0.594114,0.79942894,1.5476098,0.5633648,-2.5805094,0.83547217,-0.3321719,1.2688992,0.21375835,-1.927028,-0.90899354,0.99728763,-1.8793716,1.4069674,-1.2135351,-0.1314291,-0.37520796,0.44878286,-0.5856015,0.033364244,1.9797282,1.5732582
-0.053405166,0.57819825,0.32746702,3.1622343,-1.0242457,0.86625654,-1.2796252,-0.1682763,-1.440367,0.9065512,-0.11283314,-0.53985214,1.1979942,-1.4657977,0.5970031,1.049614,-0.3975537,-2.8702378,0.42839026,-1.6495119,0.12802905,-0.20595235,-2.1382818,-2.453144,-0.8406701
1.0170451,-2.032752,1.0548925,1.5281105,0.15047197,-1.2290084,-4.701221,-0.120194286,0.21086402,-0.13188544,-0.81528866,-0.20868272,0.39924586,-0.31722915,-0.94284177,-0.7453696,0.28219345,-0.51658356,0.3851393,-0.30655855,1.2716095,-0.0018512309,2.2267559,-0.23775259,-2.1680694
-0.8245522,-1.6955154,-6.112481,-1.5079817,-0.46981764,0.26503387,-0.2980741,0.31681243,0.9801265,-0.3593516,-0.3891441,0.14272743,2.6402373,-1.9540031,0.2575125,-0.6188226,-1.4146097,-0.8823669,-0.90941846,1.2359082,-0.31646517,0.28002524,0.5900158,-0.28229764,0.68102247
0.34970117,0.42468643,0.93303514,-0.17211577,2.321597,0.67712057,-0.8283161,2.0474367,0.85638815,0.58781195,-1.0658602,-0.3824315,-1.2158111,1.9221797,0.40266678,1.9958137,-0.6764756,0.20651639,-0.5384759,1.765944,3.8721385,-1.6149808,-1.6052049,-0.099431455,0.45173085
2.1148696,2.0714478,2.5868812,-0.5243899,-0.17373508,2.452243,0.5536287,-3.4377005,0.010894923,-0.49495745,1.0973177,0.2094939,-0.43046063,1.8957084,-2.575253,-0.00044742227,-0.71687853,1.6494757,0.954293,1.4648702,0.2654504,0.85873866,1.732202,0.7267574,0.120692
0.37143135,-0.008338153,3.2341304,-2.6762838,0.9007833,2.168794,0.36338747,-1.4050874,0.027624313,0.07822638,-0.5258828,1.1706644,2.9716733,-0.024057388,0.98991823,0.6621088,1.2888954,-1.024385,-1.4586227,-2.0005777,0.20440269,0.32580298,1.2754004,-0.38563678,2.1255395
1.6245435,0.94738764,-2.445291,2.0872695,0.35437676,0.69616383,0.7639988,0.6606323,-0.25842696,0.24249716,-0.18275686,-0.8096285,0.8284591,0.6927086,1.4977895,0.98743427,-0.69301015,-0.76461697,-1.5416687,-0.42596292,0.0703094,-2.1074953,-0.052016497,-0.12325603,0.63463485
0.67048156,-0.82631797,0.8486136,3.492809,1.453047,1.224364,-0.5072981,-1.0050737,0.37909368,0.671012,0.29968372,1.0500431,0.9688053,3.3021412,1.4192243,-0.20304382,-0.43106318,-0.2841676,0.5212827,-0.37043858,-0.2953022,-0.5864767,1.3920048,2.154469,-0.611798
-3.7741005,0.24515791,-0.5862275,-1.5977837,-0.34666446,1.0941812,-1.0853477,0.0801596,0.3053174,1.6182146,0.50572926,0.62031627,-1.4881752,-2.432054,-0.34992555,0.047833964,-0.44066492,-0.99452543,3.4759243,-0.13911605,0.80994815,-0.76485014,0.033257917,0.2250935,-0.90320325
0.5506343,1.300829,1.1084651,-2.325653,-0.4847734,0.43004572,-1.4232775,0.74258715,0.041571848,0.7623949,1.2249488,-0.8187133,0.1499694,0.38738495,-0.198039,0.1736029,-0.5850271,1.1614487,1.3918663,-1.0768588,-0.08693135,0.13838306,1.7246135,0.597782,0.24910587
-0.2585988,0.2916939,0.33184922,-0.42685276,-1.3084936,-0.8967273,0.44296852,0.4912021,-0.09333743,-0.08925177,0.91577375,0.044935618,1.1586379,0.2990368,1.0961899,-2.5972998,-1.7297006,-1.1194438,0.266667,-1.7746193,0.8705618,1.4262066,0.3391343,0.33185643,0.7937977
-1.3973554,0.9789249,-2.3290935,-1.5900943,0.6611077,0.5034786,4.626811,-1.1835105,0.480904,0.6314071,-0.4063758,1.1542927,-0.29015815,-1.7969264,4.8273764,-3.164023,-2.485272,0.7914001,0.7009697,1.4839813,2.1183012,2.486898,2.1530786,-1.086666,-0.41120398
-1.173366,0.5691516,0.36359298,-0.73507094,-0.28118506,1.3657864,-0.9638135,1.520082,0.3816041,0.06702859,0.56466603,1.1062856,-0.95949614,-1.7427783,0.5934803,-1.5655138,-0.3800043,-2.2825098,0.043922696,0.8202512,2.7042322,-0.7863941,-1.165911,-0.23884362,-1.4940337
1.4099977,0.83500177,0.85893553,0.85521936,-2.2345457,-0.5262847,-1.2878613,0.5075071,0.20366709,1.4088838,-2.4038823,1.2163959,1.8403723,-1.6775444,-0.12976731,1.5507509,-0.08481538,0.63361996,-0.73579,-0.91945434,-1.219861,0.3032657,0.90528905,-0.15721221,-0.37425488
-0.24898937,-1.5683818,-1.4933294,-0.9638779,1.2896277,1.083504,1.2341042,0.14598186,0.14931624,0.008204643,0.50572926,-0.79833126,-0.42189282,-0.96698195,0.8137187,-0.4534905,-0.63387024,-0.22052956,-3.481535,0.6360348,0.05162263,0.7003658,1.4690366,1.1821034,0.78602123
0.9350779,1.2185102,0.482792,0.8803129,0.6679526,1.8836645,1.7792573,0.46467394,0.31814492,-0.7235685,0.2977222,-0.53803897,-1.5396788,0.7098716,-1.2585158,-3.0946107,2.6615713,1.2163684,0.21422148,1.6446745,0.035323635,-0.225211,1.5783627,-0.24067062,-1.3821508
-1.5993222,2.4516716,-0.8982782,-1.432023,-0.061501145,0.3929978,2.2233984,-2.1671712,0.68226266,0.07822638,-0.48745656,-0.14068596,2.9874022,0.9597658,-0.893813,-0.27121288,-0.5452358,-1.2200973,0.59141773,1.6317014,2.0604892,-0.34489238,-0.99782926,-0.56014633,-0.28679854
0.06919007,-1.3884716,0.91988146,-1.7973263,0.12960623,-0.035908595,-1.7670162,1.6036854,0.78549445,1.5360874,-0.18236816,-0.0234733,1.2478449,-2.5769815,1.2974012,0.09082478,0.8334727,-2.7049587,0.36218113,1.8104205,2.3619738,-1.9960885,-0.2215268,-0.62034726,1.1723949
0.7476603,-2.4711456,0.8415736,0.45223808,-0.42907524,-3.4079938,-3.8614388,-0.17736527,0.04390712,0.3232587,0.097126625,0.18171595,-0.70481503,2.4145648,0.71262383,-1.0248811,-0.9954331,1.1300889,2.267309,3.1806598,1.4574307,0.82585716,-0.9728004,-0.83222425,0.36404452
-0.23915824,-3.9905968,1.6852977,1.4144343,0.45561597,0.2569692,-1.8395386,0.43100458,0.58486897,-0.701789,-0.18639988,0.7938564,-2.219172,0.56039596,-0.17620584,-1.0710936,-0.38698012,0.6454002,0.48139316,1.0745795,2.2010934,-0.07839894,-0.7385472,-0.5482579,-0.3601421
-0.11003718,-8.821966,0.5615455,-0.27938023,0.36587888,1.797291,0.1008618,-0.9460154,0.5460009,0.96495247,-0.006562924,0.37372965,-1.8932654,1.2774072,-0.6914941,-0.51269555,1.7474563,-1.2938104,0.43882325,1.7616183,1.5986536,2.9890714,-0.55321807,-1.5645365,3.1179607
0.020205885,0.824721,0.5705266,-0.83879906,0.58048093,1.6223103,-1.693878,0.61682147,0.53802043,0.6314071,-0.37039402,-0.3160802,-0.008194715,-0.027009845,0.2692358,0.5296963,0.24805272,-0.15411103,0.06748909,-1.9278374,-1.4634194,-0.6543079,-1.2987285,-0.08456996,-0.34179205
-0.1536623,3.1215398,-3.4068089,-0.33849972,0.026936818,1.761169,-0.5184618,0.53381664,-0.69081277,0.39755416,-1.5771779,0.09232715,2.8002386,-2.0056791,-1.0751753,-2.103268,0.2055166,0.07301754,0.06645116,-1.9585885,2.476302,1.0955907,3.3536792,-1.0654827,-1.3620834
-0.28501725,-1.2353759,-1.9720981,-3.761318,-1.1505564,-1.0663841,-0.5108635,-2.4402933,0.72056454,-0.38502488,0.1416429,0.35959682,2.4112055,-1.6199965,0.57076126,4.3830733,0.16985181,-0.33252326,-1.4644809,0.50843185,1.8772898,2.8121498,1.1577871,1.0616336,-0.70770097
0.8253332,-0.425426,-0.58955747,0.63229007,-0.4987532,0.9040235,0.14188617,-0.30987853,0.9546985,-0.7636992,0.47983938,-0.70709896,0.7456401,1.4931281,0.74117625,2.1614254,-0.69117975,-0.8705753,-1.3035941,-0.3790797,2.2784805,-0.947068,0.86220837,-0.32174206,-0.49338013
-1.4757413,-7.401125,-2.61232,0.95824903,0.16775927,1.2239281,0.8909942,0.25158247,-0.14745654,-0.16443126,-0.8687504,-1.4355091,1.7740666,-0.2388792,0.29302412,0.046556447,-2.9179444,-1.5353764,-1.2395798,-0.88764715,0.22666515,-2.240704,-0.46756315,-0.6531141,0.42584172
0.41645104,-0.0014955848,-0.06996563,0.75255984,1.0257585,0.9636471,-0.69249344,-0.7072466,0.5934784,-3.2832341,-0.009027166,0.41922808,-1.392464,2.1479697,0.6446893,-3.4385672,1.1448433,-2.4288182,0.09748011,-0.49299297,1.6621739,1.0544565,-0.33611605,1.4227867,0.85434663
1.2798562,0.112411454,0.33554897,2.3684967,0.4539867,1.7195184,1.6914405,1.4220176,-0.44199014,0.9639132,0.1784536,0.49622387,0.7930933,-0.53585935,-2.6492794,-1.8078372,-1.205576,1.581411,0.1907286,1.0666025,1.4119995,-0.6975236,1.012684,-3.0524325,0.52911615
1.1944772,2.0359612,0.9854398,-0.14997733,0.019149851,8.429913,2.1312733,1.2236669,1.0027542,-0.94033384,1.0775871,0.05828245,-0.49225038,1.8123505,1.8641711,1.5818063,-1.6218898,-0.15171206,-0.1314291,1.0093213,-0.060934022,-0.2941805,-1.4133825,1.059253,0.32153392
1.2485539,0.24020341,3.8567564,7.3817434,-0.34386295,3.7866628,1.228063,-1.6187912,-0.29726848,0.37670997,-2.0010164,-1.1857997,1.2851986,3.626921,-0.47389776,-1.2546709,-1.2646625,-0.4798314,-2.7736444,-0.88001466,1.0916114,-3.7468858,0.2790754,-1.1068568,0.3829736
0.14402077,-1.1666236,-1.0332497,0.4840331,0.88187826,1.1537129,0.19208086,1.4856722,0.32627442,0.4683519,-1.405951,0.73721635,0.90070117,-0.26780188,-0.13439533,-1.7387164,0.884009,-2.7876756,0.7906915,0.4696588,-1.8052598,-1.5917559,-0.79059744,-0.5001179,1.490186
-0.73339325,-0.3963634,1.0742104,0.08024117,-1.0232291,0.46283364,-4.5856705,0.2819904,-0.50723255,0.23411608,-1.0588237,-0.19092248,1.3203106,5.1023264,-0.43458858,1.479649,-0.8979238,0.112686574,0.13632035,0.35686225,-0.41481787,-1.1315787,-2.0361366,1.62045,2.1792333
1.5568521,-4.9243174,1.2361884,1.6463091,0.81209916,1.4803784,-0.4128706,0.8358316,0.015066965,0.6237087,-0.13290356,0.3076242,1.6031762,1.6649631,-0.10479087,-1.0430669,0.2058777,1.0797296,0.13254793,-0.41292873,0.8459245,0.5399191,0.5080042,0.63760597,-4.38233
0.79339695,-2.3075347,0.54885906,-0.92853844,0.79154754,0.5000397,0.98670065,-3.0071688,0.17312562,-0.19466537,-0.91077816,1.3488592,3.6385965,-1.0981829,-0.35867438,-0.43976158,-0.40519065,-2.9205046,1.1409572,-1.0932237,-0.6600468,0.37094358,0.65939325,1.5109284,0.010500923
0.74727845,1.8381886,0.73736054,-0.715742,1.5429696,0.56262684,-2.4985096,0.4963469,-0.30310503,-0.51990855,0.14743586,-0.12220496,1.4300011,1.9417019,-1.7728115,-0.36059833,-3.143715,-1.9580591,-0.38246262,0.0581702,1.1724179,-0.4520989,-0.62143034,1.1961701,0.0011880398
0.5190004,-5.5580893,1.085637,0.7047572,-0.49244195,1.0545,-0.10052636,-0.4064426,0.65919626,0.7873844,-0.28994873,-0.0011505,-0.46504346,0.25934488,-1.3771849,-0.20164484,-0.14278024,0.780324,-0.51225007,-1.7301435,1.0698884,-0.24376854,-1.9277675,-0.29711682,-0.37937298
0.41721416,1.6490917,-2.1715837,-0.7954435,-0.54518515,-0.7946429,0.8683973,-0.3247602,-0.39195007,-0.3357032,-1.202845,0.5151347,1.378202,-2.8189793,-0.14985216,1.536409,-1.9928901,-1.7367299,1.0017416,-0.57005936,-0.8319372,-3.3307889,-0.74613404,0.33144003,-0.4721699
1.2068713,0.97999907,-1.2678497,2.219338,2.0015047,-2.0702777,-1.0586085,0.25364268,-0.35899538,0.35229346,-0.09286749,0.9579078,-0.5402774,0.49424613,0.1641241,2.0442998,1.0528125,0.41684094,-2.3649573,-0.48402494,-0.038929418,-0.29660326,1.3593389,-1.7198563,2.0171046
-0.5588587,-0.29632512,0.16388607,6.524141,-0.14814374,3.1687284,0.9588413,0.8221718,0.74694264,0.3694104,0.5817573,0.48138312,-1.1962733,-0.71472514,-1.0130825,-1.1567314,0.109502226,-1.6741148,-0.36040118,0.7321428,2.086628,0.7312715,0.2704644,-0.70187545,0.43582433
5.053391,7.7246776,0.53528726,-0.7404735,-0.9303477,-1.5542376,-0.7921152,0.6250879,-0.19209291,0.6264568,-0.48950636,0.30962205,1.1432154,1.1862392,0.13446882,0.020029724,0.14804506,1.2385069,-0.5921983,0.35337323,-1.9795085,-0.74069244,-0.8180941,2.30252,-2.2321866
0.9497419,-1.4190087,0.7612493,-3.5330858,-0.29372463,-0.3509133,0.9803046,0.68124455,-0.5821437,0.7322295,0.75983375,0.4949686,-1.394845,-1.1813111,-0.32835984,-0.09381372,0.18761706,-0.49951378,-0.336089,-1.931295,0.6328331,-0.010155361,0.30922416,0.11558908,-0.30347487
1.4901657,0.4524267,-3.0335548,-3.78438,-1.9000188,0.29772294,-0.48544076,1.4658163,0.58486897,1.188656,0.14028014,-0.016181182,1.2184045,-0.065576255,1.2717509,1.3910394,-2.313553,-0.7921512,-0.052256823,0.48513505,-0.8621243,0.8130946,0.46337444,0.06589231,-1.5727515
2.6596448,0.70370424,0.3602986,-2.0777903,0.27080184,-0.6645706,-1.441333,0.65294635,-0.2933603,-0.077905044,0.38681236,0.07859028,-0.8143647,-1.9147818,-1.1536177,-1.3328502,-1.071978,0.20824817,0.9470957,-3.670552,-1.2409452,-0.5536087,-1.5888298,2.0987768,-0.21520063
-1.863685,-0.5773808,-4.604632,-0.24679011,-0.09623037,0.1713537,-0.01150392,0.12899879,-0.17279658,-0.25840154,0.80682284,0.8848647,0.68094856,-0.9818048,0.06646177,2.5479257,0.47105932,0.5782345,-0.6012043,-1.3000158,0.23677936,-0.12871227,0.42364958,2.0408018,-1.9430275
-1.6290561,0.024912126,-0.79539543,1.5150051,-2.0487828,2.1939795,-0.7042785,-1.8499207,0.3053174,1.02372,0.35815457,0.570135,-2.7420647,-0.014341414,1.7604222,1.0929003,-1.207316,0.963469,0.60889864,-0.22918892,-0.10175085,0.40018636,0.42559612,-1.1693459,0.13505119
1.0794563,-0.836106,-0.56816804,1.6097758,0.44426546,-3.3112144,2.6412516,-0.32137033,0.25335443,-0.077905044,-0.05765377,-0.10603158,2.3374934,-0.94949365,-0.23012991,0.34026322,0.8294101,-0.12735486,-2.3454657,-5.030655,1.5588537,-1.2031058,2.9922075,1.22855,0.82073593
0.33021763,0.8808768,-5.183745,-0.8110031,0.82723916,-1.0569717,2.9938152,0.44164753,-0.18288037,-0.42042893,0.09093118,0.23766421,-3.5943198,0.8789694,-1.3899016,-0.7400843,-0.6946585,1.9470252,0.9753845,0.5679377,1.9449676,-1.9045169,0.4675921,0.54624766,1.0107915
-0.18844411,0.72258246,0.94385517,0.62213975,-0.44720447,1.0891082,2.9319165,0.13625336,-0.39932367,-0.12682177,0.9694078,0.1351147,-0.8262018,2.6745653,-0.6774483,-1.5973036,0.06536096,-1.7409731,0.7486524,-0.09141059,1.2891495,-0.29257786,-0.4229086,-0.008447707,1.1047333
0.055103354,0.7740544,-1.2215104,0.6761077,0.5440716,0.90168834,6.468173,-0.23607604,0.03513197,-0.5223268,-0.2885958,-0.46157447,2.0277936,1.7035942,0.8364562,1.65656,0.1130554,-0.88671863,-3.2373958,0.99221915,1.0919051,-0.12507492,2.0130663,0.7921798,-2.6608188
-1.3231926,1.5246903,1.795103,-0.9400785,-0.5427089,1.448103,0.0023577735,0.32328248,-0.30149892,2.0300584,0.9232937,0.48533538,-0.8117535,-1.8166182,0.8743722,-0.034517586,0.25615838,0.77208614,-3.448468,-0.3687552,-0.35200232,0.7475995,-2.07991,-0.33247405,-1.4141964
0.2602862,0.39458975,-1.9329841,-0.6033367,-0.23124942,-1.88348,-1.4410284,-1.6285559,0.04390712,0.04666376,-0.44445968,0.38452378,0.1683244,-2.0900602,-3.85497,1.2376442,1.819581,0.112445295,1.1652751,0.06408316,0.822432,0.50944656,0.36162573,-1.5009122,1.4260052
-0.2571368,7.874381,-0.030894697,-0.12817556,0.34682792,-2.8937182,3.363558,-0.86160564,0.19180898,-0.42152354,-0.10724378,-0.31640324,-2.8021028,0.38587496,0.7512506,-2.1414168,-1.0567384,-0.45465297,-0.78043604,0.21531674,0.7310846,0.2920356,0.89434177,-0.6500753,-1.5351955
-3.2319705,-1.105066,1.39042,-1.752646,-1.0339048,-1.9610703,-1.3320926,0.74343365,0.76025796,0.05880177,1.0584102,3.8302517,0.20267993,-1.5892845,1.014822,1.1880927,0.34988606,-1.0891736,-0.22471732,1.5299833,-1.7197032,0.36486492,0.5368848,-1.4529216,-0.28097022
0.07548535,0.08086255,0.0786878,0.7367753,0.46756852,2.179625,0.33191887,-2.6739204,0.23055053,0.68855006,0.6716527,0.2944082,-0.8730856,0.78014094,-0.3089096,-0.31155336,-3.9428074,-0.8866346,-0.17652556,0.5458086,1.2100793,0.9564814,1.1723393,0.29834753,-0.28685546
-0.4698775,0.8208629,0.28775474,-0.5414374,0.5083141,-1.1708255,1.2386901,1.1310867,0.39302784,-2.8296468,-0.61532974,-0.42382175,2.23853,-2.3213334,0.7725017,-0.6186933,-0.050397903,2.5485075,1.542478,3.3913236,-0.8927398,-2.9859934,-0.56492805,-0.5809907,-3.0588098
-4.857665,0.5516319,0.88315374,1.0713059,1.2118833,-5.368491,1.2827924,-0.92286307,-0.111252874,0.17672351,0.3511075,0.31406617,0.8558202,-4.0886173,0.6057033,1.9035157,0.7033703,0.31798953,0.83755296,0.7313743,4.0226955,-2.8601904,1.880492,-2.769763,-1.0211463
-0.1131386,1.1196903,0.7376908,-6.051361,0.5309856,-2.2116928,1.7420261,-0.13267785,-0.22176288,0.252184,0.10332901,0.28919765,-5.256281,1.2225199,-2.825167,0.18211743,-0.8385543,-0.7926457,0.20491573,-0.2057404,0.18524298,0.25125158,-1.3193394,-1.3451195,-1.7658788
1.499934,1.0452011,2.252304,-3.203156,0.100024864,-0.9551889,-1.2361802,-2.1072462,0.31378642,1.1433941,-0.110515594,-0.046128683,1.4674108,-1.9676018,-0.10036564,0.16228807,-2.9276853,-0.90171623,-3.4179308,1.6552001,1.4185969,-0.4025289,-1.1191878,-1.4730825,-1.2439268
0.47169417,-0.058988065,1.0433036,-1.5991822,1.2185912,-3.1966045,-0.113874674,-1.1949397,1.2320731,-0.29445767,-0.39429787,-0.57742023,-1.3407772,-3.110381,-0.42991543,-1.3860497,0.1811181,-1.1394176,-2.179342,-0.9468552,-0.11388133,-0.07254839,-0.20432708,-1.694377,-1.0945122
-0.19358698,1.0862443,0.020052671,-0.28821772,0.36737135,-0.34896576,1.8722255,-0.6207818,0.09109393,-0.7393416,-0.28758356,-0.0032377765,-0.8641023,-0.53768,4.388647,1.2802391,-1.1168736,-3.326273,-1.9410253,-2.3989563,-3.3486934,-2.044551,-1.3979269,1.0933368,-1.8488647
0.32380897,0.48483223,-2.7778678,-5.0116434,-0.09693459,0.78014714,-2.180346,3.5950158,0.06349591,0.7399818,-1.2729654,0.48122638,1.1674048,0.3050288,0.08407825,0.60009533,-0.21962951,-0.8729037,-1.8195041,-2.2392035,-1.443717,-0.664374,0.4415308,0.22450116,0.80055803
-4.571042,-1.616508,-3.4839535,-0.3819574,0.13717729,-1.1900922,-2.9485092,0.046723,0.7107674,0.7805326,1.1294588,0.92457116,0.79794955,2.9584851,-0.583453,0.24862444,-1.4950038,1.1948115,-0.3086428,1.322847,0.06363475,0.07319614,-2.1382444,0.18147112,-2.6222448
0.0884074,-0.715875,1.2956189,-0.48178858,-0.6899128,2.7228234,0.8672717,0.8904172,0.07661587,-0.13849446,-0.6586949,0.28837687,-2.5826194,-2.2013216,-0.8943138,1.9729483,-0.21643987,-1.2884043,0.44188458,-0.24568465,2.2164521,0.88107455,1.2919016,1.4964352,0.018040746
-1.4073858,0.520694,0.082298726,-1.3179754,0.5323503,-2.3042219,1.9402909,0.64935666,0.85494035,-0.37475222,-1.2329113,1.1033862,3.623491,-0.76887184,-1.440411,0.59152603,-0.30940962,1.2871164,0.20946445,0.19705534,-0.14798632,0.6985012,0.08133836,-1.0057137,-0.78549576
-1.3803527,0.47355083,0.9761566,-4.4969635,-1.1244445,0.35463065,1.6384656,1.2218022,0.9854944,0.16505376,-0.24049929,-0.41929385,-1.0231249,-2.282804,-0.9715712,-0.56310976,-0.49778935,-0.44355848,0.3903126,-0.37643558,3.1415987,-2.9353797,-2.3021042,-1.4196066,-0.58066964
-1.0566205,1.9466612,-0.7051376,-4.772793,-0.20626016,-3.876432,2.607806,1.0246984,-0.5041222,-0.017901205,0.48794243,-0.40763953,-0.29558158,2.863778,-2.218964,1.1922263,0.42177057,1.5518754,-0.8226608,0.11823213,0.057537273,-0.45756763,-0.8825707,-0.44673282,-0.3957137
-0.5776955,-1.0974166,0.21082959,-0.5623562,0.34807178,-2.7128155,0.8347815,-0.043790035,-0.040807296,0.26725549,-0.7463042,0.57449067,-2.2404602,1.4088974,-1.3108628,-1.3728093,-1.121568,-0.29270348,-0.77242243,0.1636405,0.482216,0.60000837,0.57676375,-0.56483716,-1.0822282
-3.2336504,1.4278905,2.1513436,-2.2385013,-0.7423265,2.4465947,-1.1597478,1.8655522,0.70968795,0.42750233,-0.9186705,-0.085481375,0.14695752,-2.621562,-0.31498227,1.5147791,0.8068164,0.40306705,-0.8022501,-0.32114598,0.63679856,0.031213477,-0.5647117,-0.7730862,0.13545726
0.47416568,7.8925533,-0.06453815,1.8201607,-0.47962168,3.1822693,0.37014708,-1.5862845,-0.28053898,0.7907884,-0.35331845,-0.1273595,1.3764863,0.12079054,-0.76576775,-3.13076,-0.32918465,0.36355427,1.6296978,-0.32862186,-2.5279937,1.3247584,-1.2216955,-0.46827996,1.7919774
0.60360813,-3.2227807,0.5160267,0.9936069,0.5880177,1.2340727,1.1866002,3.8753452,0.44417086,-0.021658324,-0.18954042,0.48533538,2.9859252,0.5965548,-0.07175726,1.0639418,0.29849967,-0.8414233,-0.50184447,-0.23698333,0.6455216,-0.9383318,-0.13709953,-1.0654925,-1.968
-0.11841717,1.5782274,6.9557657,-0.14992595,-2.4571397,-1.5430859,-0.39333582,1.3057472,-0.7215185,-2.5480974,-0.08703258,0.85059786,1.7079394,-3.381056,0.52171856,-2.918855,0.16985181,-1.0055505,-1.2441174,1.006218,1.3669001,1.4601927,-0.17285672,1.9153183,1.2940164
1.2671945,-1.2045835,2.0629947,1.6196027,0.003895238,-3.5051215,2.4124184,-0.2798642,-0.28161708,-0.50844973,-0.6577704,0.2728064,-1.33694,1.6429055,-2.176289,-1.3124388,1.2155833,0.80067676,-0.16021438,-0.38687265,1.3427644,-2.821875,0.33089358,-3.0011292,-0.5593559
0.97474253,-0.22607508,0.6915525,-1.2486947,-1.6698291,-1.0109403,0.32434136,-1.4007604,-0.94936883,-0.2502685,0.7447278,-0.4566014,-4.7575717,2.187319,-2.6241982,-1.6012948,-1.1269342,0.25890893,0.10334669,0.94627726,0.5221397,0.6555838,0.16461863,0.6860242,-0.67641836
0.010059416,-0.40492868,0.7309957,-4.420705,0.08158548,2.6131256,0.8826941,-2.4964724,-0.21801804,-0.39903054,-0.4063758,0.3666008,0.6763063,-1.6161485,-1.0264645,-1.2062322,-0.04225856,-2.6918108,-3.5065856,-0.45748407,-0.37040058,-0.068896234,0.17836617,-0.5989511,-0.097963005
-0.16219127,-1.5461228,0.8327297,-0.45900482,0.7317121,0.49701977,-3.6985085,0.009139225,0.5081674,0.4425031,1.160612,-0.9247432,2.5176456,1.2183923,0.67714846,-2.9111633,0.58475167,-2.8415208,-1.0168805,-0.77618724,-0.55235565,-1.7309511,0.74481034,-0.31718573,0.092754975
0.18595132,-2.7476783,-1.5812349,-0.52755296,0.5495087,-1.664228,-4.686523,-0.46319586,-0.009595886,0.45378137,-0.76116604,0.02402867,0.8012435,1.4241707,0.74117625,1.5087373,1.3642161,0.46672034,2.1052098,1.2190938,-0.37124288,-0.25411102,0.75276357,0.4549075,-0.9981319
0.30381277,-2.135756,-2.092947,0.98897046,0.83285695,1.9664669,0.74524343,0.13634932,0.16574721,0.9042067,1.7807631,0.4363073,-1.9536881,-0.71555156,-1.482758,0.82468987,-0.2783852,-2.014048,1.2673178,0.83517265,-0.5265641,-0.035593808,-0.519138,0.14085524,1.549857
-4.3264256,-0.40165144,1.8419716,-1.5119383,1.1681739,-1.0621219,-1.028942,-0.3121261,0.19898212,0.45378137,-1.519837,0.24808504,-0.08792697,0.19437057,-0.5715507,-1.8415769,-0.8255201,0.7617154,1.194192,-0.7128655,2.4344847,0.23599388,-0.013525009,-2.2579093,-0.5203041
0.2838911,-1.4642802,-0.89775836,-1.421477,0.52592516,0.8638078,0.48939767,-1.115235,0.13111602,-0.38502488,0.77425224,-0.0011505,0.3394245,-1.7500815,0.43926477,5.4348106,-0.12581536,-0.825619,-1.4722581,0.072519004,-0.8526985,-0.9890278,1.316222,-1.0239393,-0.22242099
-0.75876236,0.092914104,0.9469985,-0.32991147,-0.45098245,-0.16290858,-0.48422563,0.10809687,-0.50723255,1.2170113,-0.32642582,-0.35148665,0.67355883,1.1763498,0.53567207,1.8125628,-0.3030526,-0.014558822,-0.19039312,-0.42669517,0.7312504,0.022796154,-0.4572044,-0.27532524,-1.0694857
0.6452117,0.57697505,-1.0903243,-0.90581083,0.9149429,-0.76770407,1.2583618,0.8077726,-0.111252874,-0.3245084,-0.8925549,0.24194992,-2.1202717,-0.4939171,1.333429,-0.3291114,-0.104852445,0.009089127,0.3640652,-0.07526755,0.82516354,0.5924532,2.0398157,1.9400396,1.0795457
0.46839172,0.67682004,0.8720439,1.1914438,1.4937906,0.9331343,1.1451372,0.2989453,0.23936436,0.21607196,-0.08703258,0.8460635,-0.84145564,0.44749618,0.5872574,0.82194126,-1.8898926,1.3597007,-2.169399,0.23554608,-2.6786456,1.7282176,-2.3309083,1.6307676,1.6676292
1.0346206,2.385572,0.44678193,0.27736163,0.94444394,1.8523319,0.057724684,-0.8978629,-0.37159598,0.059995417,-0.3013754,0.7938564,1.962209,-0.4668337,0.7868714,-0.10444936,0.25174278,0.09072703,0.24101967,1.5516698,1.8752948,1.4435802,0.75658154,1.5630897,-1.1226499
-0.14340878,0.75038207,1.2984842,-3.2951436,0.719772,-0.41852614,-0.6472939,0.031066239,-0.14745654,0.46972466,0.48562878,0.76524484,-1.7858537,-2.7262328,-1.9251914,1.0882449,-0.12545496,-0.4112615,-2.1068547,2.5881362,1.7257802,1.1115626,1.4555246,0.30502546,-0.45863366
-1.0559545,-0.13528162,0.11517444,-4.7614064,-0.6075536,-1.5991547,-0.47985387,0.24322167,-0.41096848,0.22192536,0.857128,0.30087003,-0.33780032,-1.1575105,-0.51451814,1.6229389,4.6449275,0.00084678084,1.3046733,1.6291778,-1.4553943,1.7606385,-1.1374784,2.6679688,1.855542
-0.93289745,-1.5123675,0.41660032,-0.2768685,1.2037879,-1.396671,-0.6184569,0.6772164,0.094695,0.431487,0.023008205,-0.4344469,-0.806873,2.535745,-0.6804414,-1.2745676,-0.6167466,2.6517925,-0.40755892,0.2570705,-0.6932785,-0.32859513,0.57077575,-1.4803982,0.4447335
-0.23465908,-2.7018425,-1.3976054,0.5258637,0.74080247,0.99601454,3.0413814,-2.6475828,-0.045133773,-0.26696795,-0.5345037,-0.1273595,-0.12503973,2.2236567,-0.1243238,0.3654133,-0.7636042,-1.0901631,-0.04279405,1.8159841,-0.42744994,-0.80825984,-0.1369465,0.71329725,-0.0391095
-0.48944277,-1.7488794,2.9053016,0.07001407,-0.09460878,-0.5160493,-0.13219109,-0.10868135,0.88441217,0.6036952,0.029774569,-0.17116228,-1.1658957,-2.399665,0.39354056,-0.53805745,-0.6457101,-1.1136336,0.69426376,-0.802714,0.14050274,-2.420945,0.23483017,0.110428154,-0.10174723
0.40065718,-0.86779726,-0.8477621,0.56327635,0.41141623,-3.6286867,3.0303526,-1.2498399,-0.3203944,0.13214365,0.766859,0.30300102,0.7194283,0.66255176,1.0326116,-1.3031366,0.04466781,-1.3224583,0.0686636,0.22483918,1.8814329,1.0699755,0.8800904,-1.002635,-0.072470814
0.26456648,-0.11314133,-0.0683143,-0.9397905,0.81394994,1.1676651,-1.3559704,-0.27722278,-0.38511598,0.72500724,1.0048895,0.42306828,-1.3760494,0.27612317,0.035014927,1.1891932,-0.7193782,0.271146,-0.46930102,1.5411141,2.2558377,0.4613058,0.8944944,0.09107119,-0.7705254
0.99659586,0.23755637,1.6396836,-1.2664212,-0.54462916,0.70121664,1.2078103,0.79158074,-0.34408736,0.7976978,0.59477216,0.46261734,-1.4468536,0.13661933,0.5683297,1.6386017,1.2737135,-0.39199886,1.8583426,-0.53584754,-1.7306006,0.12178844,-0.5111505,-0.63599753,2.3032434
1.0092005,0.4009948,-0.027380541,2.1726124,-0.6431529,1.0291591,-0.84693015,1.2446845,0.88406336,-0.21507704,-0.46908835,-0.16513011,1.1116843,1.7996998,0.23586468,1.0725579,0.8031628,-0.05490707,-0.91773045,-1.3793811,0.9300669,0.5791697,1.422795,1.0615648,1.9191934
0.41803634,-0.89863175,-1.2446151,1.8298222,-0.47638726,2.7875085,0.07665838,1.3370165,-0.1018185,-0.04495552,0.46123722,-0.19097778,0.58170575,2.6625707,0.24901798,-0.19756591,-2.241794,4.529432,-0.40354192,0.28556177,2.01699,-1.458561,-0.9243924,0.024357796,1.1700958
-1.0700536,0.04100661,0.28213528,-0.53627235,-4.224338,2.4819546,0.38421434,-2.2100277,0.88630825,-0.6974338,0.2730788,0.21450338,-0.44264364,2.090223,0.79491293,-0.015959978,1.414665,-1.0219202,0.6287583,-3.5533264,-1.079583,-0.80094963,0.916464,0.05677861,1.8515027
-0.51496285,0.051979765,-6.2371993,1.1011748,0.8001207,2.7363129,-2.8609402,0.48166847,-0.1744585,0.5221745,-0.8328202,-0.84480333,2.9295006,1.1159652,1.4779657,0.9885465,-0.10672288,-1.0145724,-0.96847665,-0.30011982,0.56330764,-1.8030103,-0.08073949,-0.9104649,-0.6754906
0.26947844,-1.117388,-1.6101973,-0.38714436,0.8083081,1.4044785,-0.4192092,1.6036854,0.38391966,0.50590277,0.5622988,-0.58284223,1.352494,1.0272958,1.302191,-0.00441885,-0.7911903,1.0823885,-1.445879,0.59922224,-0.5597881,0.9831195,-0.37310722,-0.109227,2.5413992
2.108607,0.7050289,0.66320604,1.2696825,0.45282137,-2.8394957,1.452945,-0.589157,-0.40730006,-0.8905351,0.42273965,-0.9793396,0.53698426,0.5662701,-0.116027124,-1.5496325,-0.013763558,-0.5928413,2.08247,1.9655223,1.396302,1.2388029,-0.08699292,1.5902066,-0.2396388
-0.34751666,1.261631,1.0830646,-0.7608117,-1.1384933,-2.1264107,-0.40907708,3.5947986,0.121496156,1.1212114,0.18998459,0.86059225,-2.5311682,-0.02568996,-0.90937865,1.2604109,1.0260031,-1.9287599,-0.5903688,-1.1539085,-0.22384723,-1.0005445,-0.75265056,-2.2541237,-2.007296
-1.5726738,-0.2138396,-1.7543967,0.7426933,-1.1890413,1.5313736,-2.3348808,-2.9970868,0.741104,0.070349164,-0.7463042,0.52175486,-0.08345544,-2.9241672,-3.0795612,-2.2581298,-3.1958199,1.0263784,-1.8867357,1.5310318,-1.5526884,0.7937249,0.023439288,-1.9126153,0.75779593
1.0027132,-2.9473636,0.11833054,-0.57088137,0.2392562,-5.9128027,1.5074267,-3.3491945,-0.10188009,0.24351253,-1.3323612,0.3422108,0.45711255,-1.8128235,-0.113978915,0.03269597,-0.10854275,-1.9860224,-0.8765803,-2.4549074,-0.10893178,-1.2601943,5.2183867e-05,-2.7045984,1.8144569
-1.216394,0.9556978,-5.3036594,-0.36874983,0.0058428645,-8.4616995,-2.0574098,-2.402445,-2.3663123,-0.098641545,0.2977222,0.070357636,-4.123111,-1.734654,-0.031157672,-2.742733,0.53805065,-0.76881236,-1.3950461,-0.7952902,-2.7188666,1.3679506,0.39474148,-0.8675581,0.772113
0.21289316,-0.26165572,-1.7804015,1.141201,-4.127538,-0.57284415,-1.2579001,-1.498416,-0.08765842,-0.07578866,1.0792238,0.3766749,1.4876395,-1.2554669,-2.2720807,-0.97269595,-1.7702682,-1.394473,-2.2443526,-0.38107073,-1.4347981,-1.1971242,-0.81645894,-0.5379484,-0.42557457
1.6121023,-1.0521538,0.27524245,-1.6552137,-0.008698955,-1.6151476,0.8707209,-0.21718948,-0.14039947,-0.463862,-1.1989772,-0.04180841,-0.5415251,-0.6008388,-1.4924816,-0.6565516,0.7570646,0.30614632,1.2868679,-0.0104266405,-0.023933858,-2.8192089,0.6350242,1.966016,-1.5401917
-1.5731597,1.1169648,0.41068748,0.009868979,-6.507013,0.41495645,0.60037273,0.6097886,0.11876963,-0.05200877,0.06756054,-1.2113024,-0.7655726,1.946525,0.5646434,1.3353729,0.8876969,0.45358002,0.64042586,-1.8374372,-2.152944,-0.32766908,0.03206341,-0.35174617,1.8825884
-1.0582452,0.44653606,-3.091313,0.728817,-0.15074448,2.2391818,1.3924501,2.4141176,0.42309338,-0.22760335,0.55295616,-0.53528476,0.8090779,2.8137426,0.33106923,0.77845454,1.7043266,0.634093,0.8069397,1.9456279,0.51065755,0.43384656,0.8954076,-2.2406614,-0.5295161
0.40451562,0.84880114,1.3492477,-0.21799952,-1.4975119,1.1757694,1.2508653,-0.107096806,-0.18778035,0.65222937,-0.29620963,0.73639214,2.5234914,1.0515292,-0.82891643,0.6015173,0.37378934,2.2049408,1.8132828,2.697158,-2.422937,1.1769664,0.9680877,-0.5173718,-0.79930425
1.0811721,0.9487951,0.78340995,-3.5404913,0.3072194,-0.011813641,2.0078557,-0.2063337,1.1553233,-0.5105572,0.52673024,0.9992839,-0.008397922,-1.6687316,-0.6973716,2.6044588,1.008793,1.1561279,-0.46061307,0.52271116,-2.2861543,0.76088065,-3.393447,1.0540767,1.3761476
-1.0702413,1.0718303,1.3196743,0.98989326,-0.99759007,7.482972,1.3078734,0.21512964,-0.56545633,0.8246369,-6.0415998,-0.19097778,-1.4687865,0.95540303,0.21901831,-0.44521898,1.5540211,-0.8996235,0.4228167,0.064774446,-0.48165017,2.2773921,1.7062432,-0.30942684,-0.77346736
0.56196547,-1.6241529,2.6228962,-1.8099731,-1.2060008,1.449206,-0.94816005,0.029261112,0.7862841,-0.37835112,1.1680628,-0.118171945,1.6500907,1.0089015,-0.07305258,-2.636215,1.9844254,-0.7805517,-0.92820734,0.5554973,-1.6061983,-0.41646177,0.026998758,0.8784956,0.68541396
-0.9677204,0.26497087,0.09610018,1.2548566,0.39366066,-7.7167745,-2.4042134,1.7087605,0.19812004,0.633542,0.14028014,-0.095398664,0.09415519,0.16158456,2.986022,1.8130109,1.2868096,1.3067223,1.5933778,-0.07222399,0.17252421,-0.34457898,1.2775886,0.36361575,-1.6819494
-1.1153617,-3.0147634,-3.0149033,2.1955163,-0.23761347,1.0648584,0.80895567,-0.07899746,0.91397226,0.22116902,-0.23081586,-0.653556,-2.5069027,-2.528911,1.0952806,1.267003,-1.3116171,1.2981231,2.6969595,1.8001236,0.1704635,1.1224707,1.0582337,-0.97286326,-0.18660581
-0.17697135,1.8217773,3.080998,5.147565,0.13724819,-2.4137197,1.1874354,-2.5263834,-0.1744585,0.8115522,-1.3414787,0.52662957,-1.582199,-1.7355464,-2.368671,-1.2443018,0.11607194,-0.9521637,-0.645005,-0.75877005,1.3500204,0.8945875,-1.5584462,-1.6609657,1.3528371
1.1972189,0.41444254,-1.8464726,0.6642641,-0.6758963,-0.22368467,-0.16255283,0.41804132,3.3607447,1.6655929,0.9750697,-0.14322561,-0.0008778721,-1.5905678,-1.270848,-1.9569123,0.97519153,-2.762842,-0.76198584,-0.8134408,-0.96384907,-0.6792635,-0.31345204,0.18069577,-1.3866048
-1.1537478,0.14712432,-3.2179995,-2.857164,0.3953654,-1.0980128,-3.5300488,0.19553837,-0.7071585,-0.27184892,-0.40758312,1.0475335,2.0255096,0.09676403,0.3835282,1.561668,0.49061376,-0.46802682,0.23187211,0.82115847,-0.33703494,-1.380993,-0.43255597,1.451829,0.09053878
0.08730234,-3.844627,0.64955485,-0.16895106,-0.36172274,-1.4300797,-2.3267932,2.2472632,0.428404,-0.567246,0.23503183,1.1150651,-0.3034704,-2.256338,0.25682086,0.19761372,-1.3019485,-0.48145476,0.14420182,-0.2722335,1.2778883,-2.3678575,0.48649183,-1.2263508,-0.3639722
-1.306302,-7.94576,0.34424868,-0.2360042,-2.3155363,-3.6286664,0.69545186,-1.4148558,0.5649844,-0.80600154,-0.029458517,-1.0546833,-0.043299615,0.25118887,-0.42521882,0.028392583,0.96055907,0.38311076,0.0265522,2.2957106,-0.7665347,2.3534665,-1.1094894,-1.0543267,-1.7931658
-0.1768791,0.9116045,3.0891342,-2.1057315,0.41437346,2.4245965,0.19805267,0.1922638,-0.16426876,0.12382257,-0.4646721,0.771153,-1.9063941,-0.56810546,1.3850911,-0.8250198,-0.031030282,-1.2711762,0.6389451,1.163298,0.069547504,-1.2017465,0.28123218,1.0735636,-0.3420429
-2.8607426,-0.09489101,1.1418068,1.7000022,0.31598258,0.29493573,0.30611295,-1.1563584,0.73267597,-1.1519257,0.0013311077,0.5569651,2.450147,0.6373186,-0.13440892,-1.2966523,0.1486173,0.13570356,1.0475341,-0.06656827,0.68419826,2.3938,-0.40730768,0.80244005,0.8293133
1.4975967,0.86985946,0.8694935,2.3753529,-1.7286583,0.38581476,0.6070508,0.22864836,0.75962675,0.89545494,-0.28912136,-0.47136918,1.6892858,0.4450163,0.63911384,-1.8407924,-0.7820153,-0.5483592,-2.1052759,0.031295642,2.849674,-0.68004745,-0.6368136,0.3851994,-2.8859584
-0.1401426,1.2535088,-0.4723503,0.45271167,0.16679119,0.84810114,-0.8786732,1.772522,0.58486897,0.43361813,-2.4974325,-0.7432052,-1.3301203,-2.1376963,1.6030045,2.2949195,0.3209182,0.6118393,-0.31255376,1.4328244,-0.7878847,-1.8368878,-0.46838596,2.306037,1.1076472
1.8868892,-2.1676693,0.8371561,0.19038773,0.7334981,-2.460407,-0.72699505,-2.6843083,0.6421925,0.17128775,-0.09791727,-0.7172582,0.59460497,3.0153494,-3.292834,-0.14242339,-2.0551353,1.3078653,1.8801819,1.3856806,-0.74728256,1.6155927,2.7172067,-0.21857637,-0.41968822
0.26954746,-0.54816025,0.9374715,-0.14074135,-0.27167517,0.029747963,1.4226304,-0.6000668,-0.31071648,0.3205768,-0.6019653,0.5151347,-3.065359,-1.8916959,-0.21129301,2.7010581,0.31941536,-0.9569454,0.14099687,-1.4546335,-0.27771783,-0.600531,1.419483,0.35052007,0.29566795
0.44879976,1.1553258,-3.3849926,-0.4047915,-1.7625189,-1.9805475,0.97341466,-1.3011286,-0.30075598,0.70969915,0.2161544,0.78527474,-0.30813012,1.0455613,0.94319725,-0.9665505,0.07995874,-1.3987606,-1.2304146,-0.4932021,0.2338346,-1.1120695,-2.6704903,-2.4713488,-1.8697287
1.4551989,-0.24320868,0.5823969,1.072328,-2.1373308,0.15226871,-1.896774,1.4820201,-0.02931701,0.85959095,0.18998459,0.7993537,0.20347387,-1.62149,0.28888965,-0.87468237,0.80753076,-1.9507151,-0.20063937,0.4511443,0.83005834,-1.9127204,-0.4123897,-1.5651741,-1.0266206
0.82970774,6.908385,2.279336,-1.1988157,0.532697,0.18044996,-0.30554333,0.27894497,1.4802389,0.53103936,-0.57110155,-0.10075328,0.29243958,1.8787817,1.0111688,-0.97579473,-0.8733719,1.020798,-0.016212761,0.1537215,0.48533666,-1.7561604,-0.87320805,-0.51443315,-1.1273732
0.57942235,0.94263124,0.11964105,1.7768703,-0.53391975,2.4426827,-2.3995461,-0.8124205,-0.2449647,0.120246366,0.80682284,0.92457116,-2.7457755,0.6943035,2.4757047,1.0770726,-0.53549826,1.0590953,-0.758826,-0.22962207,-0.4321404,-0.9286788,-0.74250257,-0.11791855,-0.6375987
1.7449254,-6.6429515,0.5732693,2.582324,0.34567145,1.4535692,-0.08447857,1.2257583,0.103421986,0.77073514,-0.39429787,-0.5266001,2.5443823,0.37030387,-0.52150863,0.59152603,-0.8771155,-4.287998,-1.0984154,0.8288721,-0.2591884,0.9637611,-0.10881829,-0.022099338,-3.7424333
1.5858614,1.435084,2.3469815,-2.883341,0.29035288,0.82998616,-3.0374556,0.35913327,0.23099221,0.84746337,0.9750697,0.5149389,2.4762812,-4.156116,-1.9239457,2.0262609,0.13170475,-1.265205,-1.1994498,-0.5799781,-0.0113790035,0.57168305,-0.93077135,2.48246,-0.22202855
0.4306627,-1.8783977,-4.466351,0.0265764,-0.098691344,-3.3779736,0.47508162,0.29022968,0.30451083,0.87644184,-0.008856257,0.73639214,0.2510519,-2.0584996,2.2055497,2.4610174,1.1023076,1.119695,-0.4223403,-0.777627,0.7634268,0.9701732,0.11250806,0.4327437,-0.9743681
-0.2746424,1.5694354,-0.9964311,2.3681483,-1.7832,-0.77977157,-0.5830512,0.6815468,-0.63991684,0.22116902,-0.48602074,0.18195908,-3.5494778,0.15572429,-0.22010922,2.1748607,-1.6555226,0.6959686,1.5285589,-1.917882,1.3806115,-2.0698204,0.034377906,1.3267705,0.171809
0.69065624,1.3700178,-1.986055,-0.15998948,0.27675566,1.8091995,1.7047669,-1.3305137,0.09345072,0.16331258,1.2795621,0.37372965,0.3042013,2.304522,-3.4721289,0.75369203,-2.058068,-1.1862049,1.1974006,-1.6582918,0.41787913,0.81329775,-1.6269348,1.9982202,0.554607
0.05695373,1.4516842,-1.5109249,-3.887763,0.76025915,0.92671776,-0.024225067,1.166105,0.09923815,0.27714977,0.14489903,0.6585674,0.18826997,-0.068565845,1.1308942,-3.6981506,-1.5383492,-1.5744531,0.116141945,-1.1507536,0.76297307,-0.1092773,-1.4003984,0.5131129,-1.4985671
0.03982997,-0.7269911,0.5404459,-1.4920195,-2.5509195,-1.8408182,-2.0317392,0.06248942,-0.101357475,-0.90196073,-0.68051636,-0.57405734,1.2891915,-1.8768249,-0.16309592,-3.7036905,2.4539177,0.9817457,0.8565452,1.8293267,1.6475103,1.4552562,0.03767824,-2.98652,0.4447335
-1.3104755,-0.57409406,2.4457502,-0.7957711,0.21768928,-1.4325774,-0.6237679,2.050047,-1.075898,-0.54491854,0.55295616,0.7466117,-4.1324043,-0.070315,1.953428,-2.2771182,-1.4932598,4.561536,-0.5915606,-0.58353484,-1.4348431,0.46488556,2.9963877,0.2930565,2.5270133
-3.995144,-0.08863759,0.63469976,2.994465,-1.215382,2.2316847,-0.03368491,0.014160275,0.21615341,0.07500435,0.17196624,-0.4646776,-1.5868177,2.0808501,-2.2455547,-2.7662895,0.62959915,0.3876385,1.6085618,0.69281965,0.43061012,0.9325896,1.6295445,1.6428329,-0.6693837
-5.6718235,-0.14714801,0.93583274,-3.0431488,-0.22082114,1.8418262,0.7845969,1.0133218,0.0651735,0.19163458,-0.36444855,-1.0733442,1.6506494,0.5563379,-0.22068071,-1.629559,-1.2991419,1.032225,1.764258,1.1486219,-0.14877978,1.7563446,-0.19163173,-1.862957,0.1744309
3.2050908,-3.6553864,3.0257564,-1.2312644,-0.2045604,-2.1786573,0.41647467,4.9098835,0.30098292,-0.014693931,1.1878705,-0.19092248,0.5560863,0.43567684,1.2432287,0.38701323,2.483484,-0.53267574,0.24018326,0.0031093955,1.4326519,0.37715617,1.2037474,-1.1967199,-3.5331898
1.211633,-0.89557767,0.21746844,-0.04473394,0.18164068,0.6698464,-0.2560416,0.70006067,0.28139046,0.04204779,-4.0537505,0.69987667,0.16846997,-2.8231032,-0.25136667,-0.20800719,0.8963479,-0.21969455,0.40456927,0.8018743,-1.6653594,0.8235723,0.1876209,2.4832182,0.9125799
1.1430368,0.18252027,-1.4360723,-0.58275306,0.9785065,-4.573483,-1.0900733,-0.16201736,0.17698483,-0.24297261,1.4677427,-1.7376144,-1.4516146,0.5022564,-0.04457172,-1.2980207,0.2926384,-0.41640365,0.3085297,-0.13349043,-1.8051807,1.0431448,0.3126039,-1.2628618,-0.8342533
-2.552453,0.7805852,-0.26882946,-0.061490655,-0.15634239,1.3614664,-0.05635508,-2.4112296,0.31296182,0.13395208,0.41446713,1.127451,-0.3812617,1.8271179,0.68732065,1.6345017,1.2093445,0.3542918,-0.74115944,-0.5380915,1.7085555,-0.45860744,1.1452497,1.6473061,-0.33051538
-0.90150094,-0.34689063,0.040481925,0.12671271,0.84455967,1.5910106,2.3578217,0.95115626,0.19144705,-0.86388284,0.023008205,-0.102912456,2.0607488,-3.1542993,0.74878407,0.6894003,0.61725736,0.7112154,-1.6016334,-0.34897053,0.7000672,-2.096171,-2.6703386,-1.776617,-0.62780774
4.260871,-0.60842377,-0.7931531,2.6984468,0.07631707,-1.8330156,-2.3556864,2.1142836,0.20578226,0.46874392,1.2722619,-0.66659534,1.0609908,1.72693,4.5992427,1.2741998,-0.68429047,1.780269,0.9137988,0.18610759,1.725728,-0.19442773,1.5042253,-0.103646755,-1.8035787
-1.0587593,-3.5028765,-0.17590517,-0.98237133,-0.4327622,2.1171188,2.0496607,1.0668232,-0.9358072,-1.1295679,0.37979534,-0.02234397,-3.302345,-2.6890814,0.9838264,-1.747776,2.2769423,0.38062805,0.7349425,-0.65589166,-0.33799514,0.7477277,1.5942206,1.7508932,-0.5997822
-0.79322535,-1.0332097,0.7347007,0.7104093,0.27101913,-2.553231,1.0675937,0.033949494,0.79744893,0.5276913,0.23212722,0.25665516,1.9110649,1.4689639,-0.84234107,-1.937464,1.5082388,-0.98063093,0.489275,2.198075,0.07866886,-4.030099,1.4737146,-1.7135215,-0.8339275
2.1575031,0.6493525,3.3312917,-1.7712498,0.11040502,1.4565896,4.6298923,-0.96699023,0.18958294,0.8252031,-1.4456561,0.439142,-3.3389153,1.7659905,1.2772491,1.9762878,0.0007060915,1.5655228,0.022250324,1.3712232,-0.98449427,0.41830382,1.3517052,3.1541536,-0.9230545
-1.8261966,-0.5515444,2.0490305,-0.66219074,0.01310277,1.151679,0.06634724,-1.1836591,0.14077309,-0.19245434,0.963633,-0.70709896,0.78484344,-1.4289242,0.76241386,-1.5489463,-1.1818234,-2.2021885,-0.14171705,1.0365803,1.6605216,0.75432855,-0.06416583,1.2484536,-0.7515714
1.0555658,1.269654,-1.7142652,-0.7108199,-0.20895158,1.4638511,-0.3219487,-0.4172623,0.4071525,0.17160252,1.7807631,0.695099,-0.20320937,0.3162006,0.5484265,0.58852816,-0.2941291,-1.4513165,0.342518,0.8969773,-2.0149617,1.251279,-0.41804418,2.5231023,-0.009434104
0.3145004,0.113446034,1.5868685,0.25124633,0.65751356,-0.37182492,-0.25332916,-0.039029926,1.1546165,0.566327,-0.39857867,1.2077768,0.967376,-0.8289374,1.359524,-0.331563,1.3218725,-1.4308051,-0.9214357,-1.4125278,-1.5511265,0.31789163,1.2401197,3.4920642,1.1528499
1.7112486,0.10086572,-1.6681092,0.8638233,0.21165559,-0.11160142,1.9722083,0.75801206,-0.5524628,-1.7049307,0.10490475,0.28919765,-0.8536939,2.2217088,-0.8403894,-0.4134633,-1.2057762,-0.3259052,0.80211884,-0.040990323,1.265811,-1.1602086,-0.4106338,0.5206128,-1.2537787
-0.90843827,1.6170167,1.4823606,4.2595825,-4.164005,1.3335843,-1.1255641,0.07042105,-0.03931151,0.7399818,0.4840882,-0.40402284,-0.4699844,-1.1046305,2.4058933,-1.979804,1.1827648,0.8455427,1.5381479,-0.111670375,0.47133827,-0.4545693,1.1125138,-4.6830807,-0.3226417
0.6128516,-2.422948,0.6481545,1.0548943,0.4609557,0.26224622,-0.40681508,-0.12711786,0.4835562,-0.94033384,-1.020494,0.5151347,0.9600874,-0.0004963875,-1.7597364,3.645468,-0.045530908,-0.7885804,2.1529243,0.95705616,-0.53014797,0.464835,1.4398136,-1.3951297,-0.8899132
0.3997621,0.55947065,1.3827788,-1.339285,0.1779364,0.6765359,-0.20685443,-1.0416133,0.56873477,0.32531124,-1.163701,0.6771593,-1.1983725,0.017927304,-1.9367641,0.69886,-3.0049038,-1.1895859,0.74044675,0.3467733,0.8104084,-0.35979438,-0.22035743,1.5688531,-0.49454644
1.3760874,0.58739084,0.031740963,-2.7083654,0.06531423,1.8549286,0.5006384,-3.9882803,0.48834917,0.72964746,0.56804174,1.4170767,0.36255687,0.5764163,0.29636028,-0.6531364,-1.4468445,0.68049455,-0.7618328,-0.23967034,-2.1227658,1.1613765,1.078661,-0.08355017,-1.725387
0.15918219,0.8671476,-0.5087879,-3.9045477,0.8968322,1.5049944,-1.2717453,-0.16236271,0.47538957,0.33295304,0.8057035,1.0090847,0.9832263,-4.506597,2.220399,-1.526989,-0.69563067,-2.0217416,-2.0234597,-0.766477,-0.057965666,-1.7558135,-1.2306404,-0.22473758,-0.71217287
1.8027767,-2.3577614,-0.21696961,2.1165016,-0.76088226,-2.258003,-2.3674338,-1.3141593,0.72930413,0.98065996,0.86073977,-0.7039856,-0.6600482,0.33842197,-0.6131947,1.5884024,-1.1300673,-1.1921991,0.6472106,-0.27056903,0.7022762,1.7559319,0.6886035,1.436344,-0.42522007
-2.2767992,-1.6599782,2.2319436,-2.6923156,0.68520594,1.3378106,-4.417092,-0.9843773,0.8058306,0.7837904,1.688379,-0.57405734,-1.1042824,-1.6547174,-0.24505018,-0.51853037,-2.1801949,-0.8514783,1.2764506,1.2695816,-3.1004758,-0.13765725,0.11673683,-0.38971937,0.58793557
0.51830626,-2.8430934,0.42740804,-0.60725737,1.52918,0.3061059,-0.24555516,-0.026917174,-0.10082291,0.81462777,-1.0385422,-0.95656383,-0.39946598,-0.1721535,-2.1016908,0.21778767,-0.20327476,-0.017329901,-1.4871819,-2.7859297,-0.29945248,-1.3213181,-0.7659545,0.43893617,-3.2345166
-3.269435,-0.98828113,-5.2103434,-2.6148143,-4.374862,-0.048897177,2.0432098,1.5810878,0.57790565,0.5439433,-0.8433504,1.2077768,1.3844991,-1.2897334,1.6582453,0.23808643,1.2110591,-0.2663617,0.110518724,0.7672395,-0.1928043,0.03446573,-1.3527292,-1.0733637,-1.0145983
-0.32813305,-1.1094424,1.1275058,0.17555228,0.33563507,-4.3199053,-0.09227631,-0.7722149,0.58917856,0.52434015,0.23436888,0.078956194,2.4005084,-1.8637373,0.51948345,5.5494523,-0.56491256,-0.99655163,-0.8967832,-1.3039743,-0.18546213,0.301584,-0.5739071,-0.55108476,-3.3223774
-0.73557436,0.44081804,-0.4025815,0.34494773,0.21314469,-0.88609666,-1.5310441,0.6782035,-1.201553,-0.101060316,0.09505024,0.77614605,-1.6014562,-3.752552,0.7537812,0.33114892,-0.8353257,0.016139448,-0.267474,1.6341567,1.2049503,0.9104011,0.16613209,-1.4455314,-0.5219663
0.809068,-0.21383928,1.4201772,-0.5570573,0.7128498,-2.4920497,0.0726859,1.4049371,-0.035775226,-0.52030975,0.14028014,-0.05549735,-1.6921144,-1.1810099,-0.6377882,0.35795748,0.97519153,0.82110614,0.11592445,0.2784099,0.22135693,0.40074003,-2.2825615,0.021650076,-0.23191795
-4.563774,-6.9907417,-0.616784,-0.119071424,-0.19958222,-2.3461597,-0.5742381,-0.5915266,1.1553233,-1.2686567,-0.09791727,0.24128571,-2.3216243,-0.29189608,-2.1643434,0.11967623,-2.3270175,-2.5954976,1.0042934,-0.48871905,-0.28171033,0.33809263,1.6345311,-0.6512258,-0.5144395
0.33468062,1.5149435,0.13763528,-0.9080203,-0.857878,0.8297152,-3.371714,-0.24620914,-0.17012584,1.1646692,0.59477216,-1.5635294,-0.070548266,3.0318575,0.9094535,-1.1372753,-0.3880865,-1.1618816,-0.76171213,-0.668203,-0.0111671835,0.20864856,-1.4080552,-0.7381246,1.2036226
0.57352364,-0.4522996,-0.44654393,1.935976,0.30026698,1.1561856,-0.22041482,-1.0918481,-0.19492857,1.188656,-1.111485,0.4743671,-0.2073143,1.0461284,-0.16496074,-0.71540105,-0.023988754,-0.28085217,-0.5043542,-1.0532343,-0.006532371,-0.29568794,-0.50214934,1.7238501,-0.12493175
-0.54998815,-0.33916226,-0.41462582,-0.33624512,-0.7807001,-0.20621729,2.3417735,1.4195342,-0.24642311,1.1236477,-0.8773489,-0.33356747,-2.454453,-0.4049784,-2.8343296,-0.45036477,0.49498147,-0.51560664,-0.61769676,0.07926875,-1.9655288,-0.34713197,-0.65452325,0.92504525,0.2670766
0.73339903,0.15428787,0.5436599,-1.3958228,0.45521197,0.8108989,0.8077914,-2.288259,-0.18119845,0.26544186,-0.41085142,-0.86199653,-2.4018397,-0.7287375,-2.5263748,-2.8245273,-0.7626585,1.2248054,0.67568487,0.18228447,-0.79596245,0.1194848,0.17518173,1.1331053,0.2027668
0.0045404136,-0.0011335313,1.519805,-0.8169874,-0.6438169,-0.28492883,-0.09244424,-2.0838478,0.078829885,-0.6932947,-1.5545659,0.48585758,-1.136832,-3.2592955,-2.6013453,-2.4728122,-0.0881629,-0.91589195,-1.1333067,-4.138123,0.12126982,-1.2237757,-1.1059265,-0.8121974,-0.97705364
2.6589208,0.56662536,-3.7014923,-1.2241709,0.56393486,-0.61616206,-2.3292477,0.14063364,-0.17012584,-0.22113079,0.48944905,0.66226757,-1.620696,-2.7665713,-3.0069065,-2.2085214,-0.9145163,-2.145598,0.12136084,-2.2509487,-0.060676232,-2.0291786,-0.9953135,-0.4961256,-3.1354606
-0.5611125,-2.9629705,-2.4854941,-2.5770135,0.73136795,-1.3821257,-0.36684096,0.6533582,0.45413092,0.5544859,-0.65118337,0.1110236,0.26606882,0.07492888,0.6164027,0.31049234,0.9465927,0.020162761,-0.46242756,0.6217544,0.110553026,0.05473277,-0.082900226,-0.60095453,-1.0865288
-4.506601,-1.3239189,1.575479,0.43804324,-0.21143825,2.0294359,3.1884773,-1.1499522,0.69759256,-2.1837325,0.16563307,0.020983912,-1.6551394,-3.6562152,4.312804,3.3274097,0.20303753,-0.2389765,1.3981218,1.7793051,-0.16414966,2.3848488,-0.65905285,1.4769857,2.110766
0.74376416,-2.1174686,1.9324043,0.122725904,0.15689258,-10.008759,-0.1707138,-1.9427336,-0.5049278,0.013943061,1.4745584,-0.105203,2.0116577,1.4572719,-0.45364887,-3.5383358,0.35721278,-0.11098814,-1.4264249,-0.50102544,-1.1587158,-0.9193717,-0.13837224,-1.816473,-0.06784147
1.393819,-1.0774351,-1.2969432,1.6741841,0.34104213,-0.58215,1.1690199,0.81732816,-0.074712366,-0.066391036,-2.6136668,-0.22776362,-0.8035058,-0.6556479,1.3085874,-1.5327927,-1.9919353,-4.2160916,-1.3658142,1.5378906,-1.2467848,-0.18532139,-0.36636275,-1.0659254,-0.61828256
-0.29755065,2.6564074,0.26990563,-0.5081688,-1.0828559,0.9447694,4.7565665,1.3126615,-1.0441432,0.948742,0.31420308,0.3666008,0.2712394,-1.5784373,-0.31529346,1.3040807,1.4492929,-0.86665857,1.9053078,-1.3542317,-0.9189194,0.22117522,1.3544438,-0.88076043,-1.5334088
-1.0021108,-0.51178837,-1.2355503,-1.4299707,-1.0638385,0.8760314,0.55954576,-0.6484834,0.050815266,0.11454365,-0.98923576,0.33776274,-3.8500085,-1.5143881,0.4719023,-0.7682271,1.0097861,-0.8845758,0.45635632,-0.16204311,-0.1583628,-0.9917686,0.7197599,-0.56265587,2.4118543
0.032785423,-0.86340344,-0.36245185,2.8971276,3.4752333,0.7186182,-1.2043692,-1.0043702,-0.52553993,-0.5788347,1.0495921,-1.1857997,0.7423276,0.1479429,-0.3293407,-0.78599846,-1.1818234,-1.521513,0.4288333,0.98215944,0.73511004,1.9388137,-1.4076097,-2.5010936,-0.37896726
-5.1629567,-0.78437746,2.684577,-2.2520287,0.28188932,0.20344663,-2.4712164,1.031485,0.28989157,0.5439433,-0.31035778,0.44090906,0.5873222,3.2677417,-0.25137746,-0.792524,-0.7983316,0.66966915,-1.3829715,0.97481936,0.47388932,0.36630464,1.267489,-0.55425125,0.026543617
-1.5360675,-5.047722,0.45992526,-1.7781087,0.3957135,1.1041467,0.22981466,-0.19446172,0.4740042,0.08987099,1.0538282,-0.5740763,0.1307795,0.89562565,0.9568044,0.5170765,-1.1463323,2.7916565,-0.3719452,1.2279732,1.066023,-0.71070755,0.23310006,0.20256223,-0.25039974
2.2561982,-0.38820326,1.020954,-2.875097,0.29154047,0.06412423,1.4694505,0.3534457,-1.1267506,-1.0247602,-0.2904509,0.008862965,-3.3383548,0.84418344,0.46896923,-0.09392996,-0.57611334,-2.3724513,0.4170569,-0.31016982,0.40809172,0.35677487,0.36243746,-1.2220564,2.358772
-1.4978334,1.026322,-0.53816634,2.8114998,0.8582928,-1.3705359,-0.24524172,-1.0301926,1.074376,-0.35067618,1.2981364,0.86059225,1.0383103,1.3935903,0.26884687,0.04660511,-1.0572813,-0.12628731,-0.34143406,0.7678103,1.2590824,1.8485482,-1.4392695,-0.33906794,-0.6782722
-1.1437378,-2.525623,1.2772826,0.23407769,0.10977593,4.989354,-0.6290518,1.3669707,0.39758852,-0.7593072,0.80280864,-1.0021777,-1.3238579,-0.57230425,0.86088514,0.9354869,1.3298218,-1.8023739,-2.545246,0.7301376,-2.3185968,-0.49874726,0.18943316,0.5359926,-0.8059968
0.38923198,-1.0673468,0.43429273,0.28512686,-2.0278535,-0.23641844,0.50712657,-1.1068586,0.025967069,2.0300584,-0.15872589,0.3212782,3.3462996,-0.5731905,1.1850657,0.1521343,-1.8464499,1.3306766,1.3186573,-0.8218944,-2.835744,0.34614822,-0.61712825,-1.2089418,0.7060149
0.7878717,1.557838,-1.1547902,-0.044453263,0.36107934,0.81519336,3.1161606,0.42636538,0.14451517,0.79799896,-0.11975306,1.0475335,0.15903723,0.57598096,-1.0137209,-0.40643704,-1.9321599,-0.036851287,-0.9053556,-1.8562467,-2.0455186,-0.08395177,0.18376827,0.121582806,-0.5774502
0.5555718,-0.55213886,-5.1297045,-1.9727523,-1.1156511,1.2302742,0.4490443,-0.31420958,-0.14296746,0.18852764,-0.58614343,-0.6164582,-0.118006855,-4.9628453,0.028750494,0.48682672,-1.7352474,-1.4894282,0.7934558,-0.041682303,-2.3944364,0.5531845,-0.44216928,1.6838216,-0.7940756
-0.9954703,1.2727249,0.18469445,-4.7440095,-1.2493242,-0.7819707,-3.467255,0.60568106,0.68226266,-0.6996686,1.4467928,0.4112134,-0.9019816,-2.4009774,-0.3062625,0.40321112,0.7130967,0.32450196,1.8641022,0.29002643,0.5941107,-3.0320978,-1.6848904,2.0498188,1.4122936
-0.3396856,-1.2789341,0.06405032,2.3552568,-0.96409994,-6.921237,0.86023104,-0.659369,0.15021631,-0.0821169,0.61736304,-0.26037645,0.5148737,1.8728524,-0.37567097,-0.70990324,0.92895293,-3.446711,-0.42903334,0.5999171,0.24131793,-1.8448731,0.46567076,0.5242774,0.092754975
2.2825022,0.6496949,0.46860677,0.952275,-0.66851044,0.9188153,-2.6180573,-0.26754326,0.11935055,-0.8770372,0.0040480476,-1.0546833,-4.2083426,-0.73706573,0.25651166,1.3945532,0.62059104,-0.562109,-0.5913789,0.7224949,0.93811005,-0.8393249,-0.49488908,1.8745954,-0.33467907
-1.2415848,-0.6527207,1.4471279,-0.07771045,0.49869984,1.3852866,0.7222536,-1.4604039,1.0536789,0.6877304,0.28333554,-0.05549735,-0.135658,0.063009545,0.2125684,-0.46398538,-1.6582695,-2.0396264,-0.43151444,0.42047372,-1.3633295,-1.703367,-0.9995383,-1.2371373,-0.3470235
1.0044525,1.7900784,0.70825726,-0.41625124,-0.47735134,-1.5515712,6.6939697,1.2745585,-0.24005406,-0.13717782,-1.2279412,0.33667007,-0.5850557,0.16131687,0.5387519,-1.6045475,1.6361377,-2.0127296,-1.6760118,0.34865233,-1.5173537,1.1575673,-1.0957847,-1.0947113,-1.8410721
-0.41638297,0.5430032,-0.23771453,-0.30557466,-0.4327622,1.1148479,-1.5660048,-0.70258933,-0.5987449,0.16638803,-0.12952414,0.22795312,-1.4575174,-1.6482141,-4.345492,2.3401258,-0.6260561,-0.08288279,-1.0584035,-1.2536908,0.2776935,-0.6407825,0.19667435,-1.104155,-0.8014062
-0.70120025,-0.55067474,0.03499937,-2.6359966,1.0363193,0.84657764,0.07317802,0.16209203,0.28989157,0.46972466,0.0013311077,-0.47642782,1.7730885,-0.23769331,-0.1532589,1.4177806,-0.016919792,2.2909904,1.555474,1.6374004,-0.9432327,-1.9025404,0.03841111,-0.57258815,1.1063917
0.29414883,1.1693972,0.67672414,1.2458155,0.052147537,0.30891562,0.59275687,-2.4102898,0.15226647,0.52448606,0.29173952,0.29605561,0.22052717,1.3858802,0.74017394,-0.24558644,-0.80710936,1.0063092,0.5643214,0.907842,0.5601599,0.74839336,-1.408114,-0.38697606,-2.781207
-0.6481714,-0.4720178,0.5582765,-1.9582359,-0.35614517,3.2414048,-2.0252562,1.20243,-0.47150669,0.26919192,0.408491,-0.1394116,-1.4987352,-3.8195086,1.1579423,-0.48004508,-2.013932,-2.165452,-1.1828549,-2.312564,-0.039844245,-1.3620284,0.97724044,-0.40520072,-1.2816281
-2.4083438,-0.26039296,-5.2350645,-3.1577253,-0.11420275,0.056565344,-2.0533826,2.3280354,0.69564354,1.3534262,-0.6926581,-0.35074282,1.877666,-1.3976088,0.28852957,1.519271,1.5059466,2.0048513,1.3078754,4.042539,1.734211,1.5921063,0.0027104542,0.41233566,-1.0479014
-0.8832571,0.3796221,0.77997136,-1.2895968,-0.28603137,-3.541912,-0.026553512,-0.08309296,0.23055053,0.24280834,-0.024714885,0.34940743,-1.0315015,-3.3544283,1.3241873,1.4265983,-1.3775945,2.0474517,0.58830005,1.6033559,1.426289,2.1307974,2.1342168,0.03091234,-2.4354734
0.3794168,-1.513922,0.6338019,-3.2588458,0.14343351,-0.34048522,0.603821,0.83476245,0.6662283,-0.35171926,-0.008109709,0.8778924,-1.524128,-1.0647516,-0.2881188,-2.0842261,0.51894593,0.91483045,-1.4597851,-0.8347757,1.0286347,0.9419518,-0.4963733,0.64167047,1.9155272
0.15747185,0.18062231,-1.092644,1.5999726,0.6778304,-0.77141154,7.8704753,-0.2250539,0.0651735,-1.5621053,0.36841497,-0.16482837,-1.3352389,0.535792,-2.1444385,0.070123434,-2.1115103,-0.04493639,-0.17654514,-0.031114101,-0.20065612,0.6801354,-0.6810864,-1.1338118,-0.5513661
0.81824875,0.16770364,0.47676143,-1.0676041,-0.522199,0.7663699,1.1302819,-3.4967544,0.21516809,0.6036952,0.48562878,0.16980955,-0.16126788,-1.6841362,-1.954172,1.0639956,0.31085503,-0.1296834,1.7486156,0.5655787,-0.9006382,0.6572913,1.24865,-0.80576015,-1.1426562
-0.701681,0.71794796,4.084446,-2.5621243,-0.99969554,-3.4715226,0.6186757,-2.580314,0.041571848,0.14179315,1.0584102,-0.091224976,0.08485722,-4.2497816,-0.18108602,-1.7655482,1.4529375,-2.2556071,-0.7442915,-0.7075797,-0.65264755,-1.140964,-1.9325075,0.7393036,0.9603537
-7.881701,1.0400206,1.1466422,0.946922,-0.28182423,1.1620821,-0.64752114,0.5552231,-0.010042239,-0.20631108,1.6911815,0.5155713,-2.3179696,-2.1063566,1.2460512,0.58046,-1.6309686,-1.1900163,-0.90970373,-1.2152041,-0.40594548,0.40887356,-0.8777399,-0.10728198,-0.5368781
0.21867569,0.86928385,-0.43330288,-0.5964259,0.7371858,-0.14379573,0.18110213,0.6734648,0.31814492,0.9742822,-0.7550695,0.2094939,2.367364,-0.3885941,-0.14631318,1.7469566,-2.063991,-0.03297746,0.60216045,1.1269199,0.52756655,1.4205331,0.7484323,0.19111064,-1.3465732
-0.11882173,-0.76340735,0.0020852685,-2.0125957,-0.5979424,-2.316709,-0.5430357,0.26803824,-0.23994495,1.0903556,-0.48636347,-0.48460445,-1.2723203,-1.2979747,0.25656968,-0.38349342,-0.5197035,-0.34787974,0.7371783,1.1558979,-1.5804127,1.0891354,-0.26005787,1.9853032,0.16026121
-1.4475935,0.3320408,0.98171926,-0.37928843,-2.197158,-2.3730166,-0.991305,-0.37699202,-0.21550085,0.72185534,-0.8002657,-0.16513011,-0.32421753,-0.4846031,-0.9311736,0.17397861,-2.4339561,0.5927,-2.5273478,-2.041395,-0.24468489,-1.5684719,-0.3496771,-0.960204,1.8069401
-0.04062719,-0.41687834,-1.2876879,-0.364569,1.5647824,0.3764451,-1.43896,-0.2239545,1.4269581,-0.15543795,0.36563364,0.39585847,0.78800875,1.8214514,-1.1591787,-1.2648883,1.9856143,-3.6059008,-0.6856731,0.33395153,1.5461353,0.639178,0.17575657,0.29955596,1.0366838
1.8114038,0.27020654,-1.329632,0.16159475,0.91956306,1.1992801,-1.1747078,1.5241046,-0.35675928,-0.6148507,0.5364848,-0.22776362,0.2877527,1.641638,-0.8486711,1.6212966,0.6899322,-1.2406934,0.20312543,-1.670445,-0.27595222,-0.72306854,-0.51140904,0.7790158,1.5011759
-0.06997275,0.43802738,0.28508204,-0.8189227,-0.22788341,2.8691993,-1.2955656,0.61384,-0.41872168,0.51981264,-0.01744307,1.7460726,1.9053123,1.2581024,1.0164816,1.9442157,0.6023161,2.035968,3.713252,-0.3263961,0.17258587,0.5952898,0.42696813,0.21500605,-0.44345683
0.59899414,-1.5296534,-0.26379874,5.2406673,0.39954886,2.4497218,1.7057139,0.12590319,0.121496156,-0.32703197,0.22555946,0.15826873,2.3748791,-0.013977051,-0.27683032,-0.22201008,-3.7618475,0.48962158,0.9316009,1.6942433,0.9218065,-1.0842654,-0.18883398,0.75342023,-1.8564264
-0.14850804,1.6835345,2.3059142,0.70260894,-0.33659327,1.720725,-1.9622891,0.44164753,-0.63991684,0.07801713,-0.2472969,0.09735472,2.2542038,-3.1899872,-1.204723,2.3274224,-0.4948058,1.8042359,-0.44383967,1.2762523,2.6345155,1.8031062,-0.4704411,-0.4488608,-0.96431524
1.4749571,-1.7364905,1.2589148,-2.8143487,-0.61177695,-2.9970903,0.8282297,1.3400214,-0.16247286,0.26794314,0.542454,0.7466117,1.7132787,-1.6677797,-2.8812244,2.4857745,0.043056726,2.0992553,0.108224735,0.22535142,2.229884,-0.488863,0.34704146,-1.0317205,-1.5057048
-0.6603408,-0.4204407,-0.78944224,-3.0245903,-1.523706,-1.2521695,-0.5629402,-1.4007304,-2.9748065,0.16659813,1.0775677,0.24980657,-3.0806499,-0.24111027,-0.2573905,0.2896269,0.3708894,0.7331449,0.37209615,-0.5256139,-0.46725124,1.4493436,-0.10514675,-0.6340354,0.24388504
-1.5476733,-0.97671133,1.551082,-1.0146563,-0.7420869,-0.6381539,1.3501297,-0.94712186,0.6375395,-0.3662768,0.6009688,-0.091224976,0.96222454,0.5774696,-1.1125052,-1.3953679,-1.4511197,-0.69279456,-1.3549868,-1.749963,-2.203537,1.2120341,-0.7189619,-3.3866189,-1.4615633
-0.40058917,0.4210194,-1.160724,-2.7211187,-1.9473165,2.323236,-1.1389159,2.373022,0.16220222,0.05880177,-0.6771124,-0.154976,-2.5033746,-1.7117659,1.3283421,2.4422565,-0.5310653,-0.9853759,0.9784171,-0.83046234,1.4502275,-2.8342278,1.3414547,-0.28702754,-0.37682438
-3.508747,-1.2009431,0.36711407,0.3249794,0.037327394,-1.4348105,-0.54424673,-2.0838478,0.75688356,-0.11853707,0.1784536,1.3488592,1.9120939,0.6848364,-1.4022211,-0.84045804,0.6802193,1.5645114,0.72306705,2.4850016,-1.1234095,1.749202,-0.6329626,0.6364314,-0.31237972
-0.10033014,0.4178834,1.2760878,3.2553551,0.4044434,-1.0956116,1.30396,-0.12035161,0.63095236,-0.3034847,-1.2329113,0.63219774,1.0394847,-4.190366,1.7975373,-1.6707497,1.2850583,-0.66632164,-4.253898,-0.1899929,0.86956084,-1.8483166,0.90496594,-1.4610827,1.5005552
1.4102752,0.41822657,3.7894685,2.3049076,-0.46261293,-4.7723303,0.74731046,-0.28880873,-0.18119845,0.16659813,0.5548197,-1.4188292,-1.4312749,1.6220855,-0.17851663,-0.9455471,0.5158499,-0.8893875,-1.818684,-0.20203266,0.30724856,-1.9095955,1.2527666,-0.3599322,-1.5099845
-2.530182,0.781525,-0.10104185,-1.6367571,-2.2568033,1.8949013,-0.5323321,1.7181839,0.15817778,0.5755029,-0.96605337,0.39585847,-2.0040607,2.2288272,0.41675192,1.4091614,-0.83360386,-0.8606745,-0.3252135,1.7817391,0.55586743,0.725848,0.6439661,-0.5716361,0.79340506
-0.43825698,-0.040230006,1.8370938,0.56999755,-0.5038947,-0.27759767,-0.8236786,0.70129883,-0.13608587,-0.15269127,0.54566157,-0.18847513,-0.15156943,2.1614637,-0.4653352,0.1931704,0.5342595,3.1491446,-1.0268435,-0.9850737,-0.084996045,0.3768722,1.1688168,-0.21944618,0.40663093
1.3874221,-0.604053,0.28852344,1.7338241,-0.51327884,0.19907469,2.4657612,-0.19883555,-0.103356674,0.17098561,-0.9517657,-0.239966,-1.720376,-0.22063696,-0.013669014,-0.74418676,-0.7384643,1.9794097,-0.43697435,-2.786362,1.6221807,0.8008144,1.4077473,3.0758016,-0.11406964
1.1351732,-5.044138,-5.5422835,-1.0466424,0.9147822,0.13284302,-0.9575932,-1.0302322,-1.4310925,-1.9573452,0.24773827,0.40016383,0.63641846,0.80003804,-1.8723713,-0.028515697,-1.0771607,0.21891278,-0.49229944,0.26026422,-1.7114813,-0.9026265,-0.5018889,0.66900563,-0.12191704
1.9851445,-0.16512775,1.125304,-0.8931183,-0.9521488,-1.7358845,-0.5230025,-0.19247994,0.5021976,0.059995417,0.88635707,-0.46930405,0.9954674,0.81075466,1.1886656,1.0459756,0.71152174,-1.3063477,-3.799435,0.19759473,0.93318677,-0.6463669,-0.5109615,-2.2297087,2.2349367
-4.4196386,1.3535876,0.52041584,2.8442671,0.6529387,0.87599945,-1.1936727,0.81250864,0.07229696,0.06854828,0.50938666,-0.53803897,-1.9324726,2.2958975,1.9439723,-0.932475,1.2087647,-1.0267744,0.9779649,-0.59879494,-1.2092383,1.2738025,-0.7422508,-0.98637825,-0.66372395
-0.5808462,-1.5666106,0.13469902,0.47068137,-0.9933387,-1.0429027,0.41848427,-0.28577882,-0.92651516,-1.1436805,-0.043433405,0.40736872,0.0010077059,-0.38096964,0.055094004,0.0034306943,-0.36388513,-1.744091,-2.4161844,-0.21316929,-3.4598513,-0.61911935,0.8763157,-0.11999874,-1.2280188
0.3437424,-1.4906355,2.4968386,-0.039040476,-4.164005,-2.8354316,-1.3487048,1.4593844,0.9854944,0.090955846,-0.8904132,-1.1525983,-0.76018476,-0.95322025,-0.02058959,1.3130913,0.40137735,1.1904938,-0.6066917,-0.3581301,1.1113621,-0.2876246,0.25635296,-1.9493045,-0.2448691
0.40345305,2.012167,0.51848334,-0.1650521,-0.1363592,-2.7428973,0.35577986,-0.7498582,0.15983851,0.14179315,0.033703785,-0.8187133,-3.0265656,0.8829457,-3.0138483,0.6783931,0.7308916,0.97711945,1.5064738,-1.6682602,0.22667253,-2.162792,-0.6702779,0.19206583,0.46048674
-0.5662934,-0.6768092,-1.2887064,-1.9904628,0.24103811,0.6218526,-4.0321803,-1.264046,-0.14745654,0.14063716,-0.28623825,0.10133595,-1.4288322,-0.33532286,0.19475128,-2.0012677,-1.4541012,-1.0723586,0.20018968,0.5063043,0.5706645,0.17573416,0.61303294,0.44322053,-0.6294881
0.17167926,-2.262485,0.11768881,0.9330547,0.20985365,-0.8377039,0.9791516,-0.30186057,-0.1851611,0.55145156,-0.8021912,-0.89150274,0.64109355,-1.9623301,0.95773184,-2.1780996,1.2961015,-0.6173185,0.54355365,-3.8110895,0.31499848,-0.5075165,-0.048535615,-0.12994426,0.7750411
-1.6156069,0.14835656,-5.5917816,-0.16662467,1.0757767,-2.5222957,-4.073238,-0.9044679,-0.2190661,-0.13849446,1.311591,0.056858614,0.42562205,0.2969529,0.4487873,0.8662549,1.0465686,-1.0000713,-0.8262066,-1.1232415,2.2084742,0.057022095,-1.2867908,3.051934,0.26657683
-1.7053846,-3.5697904,1.6075239,2.1606355,-0.28133184,-2.5968711,-0.26793602,-1.9101048,0.005512774,0.028179474,-0.60867107,-0.35074282,-3.4764907,-2.3136718,1.1108137,-2.6949735,-0.6863712,-0.8718888,-1.8088771,-0.67769325,-0.8533493,1.6625388,-0.7755442,1.0167086,1.6830462
0.10913479,0.103723444,0.55320513,7.521248,0.6261542,-2.5391278,-0.83621746,-3.0644176,0.7107674,1.3034123,-0.8433504,-1.6037661,-0.0068452656,-1.0378464,0.13801551,-1.7169763,-0.35511,-3.2080574,-1.8700849,-2.8029952,-0.104326785,-0.27627748,0.2984349,-1.2207046,1.3927039
0.09958461,-1.9219753,-3.9328427,-1.3476467,1.2082473,0.68700236,-2.6102517,0.013958104,0.7848967,1.5510298,0.27987346,-0.009379886,-3.0299082,-2.7109175,-0.32122988,0.1520285,0.7474728,-0.7648907,-0.57423574,-3.3602953,0.14730722,-1.3982385,-1.7756441,0.5517827,-4.31394
-0.33199,0.7797548,-4.0317926,-1.8706938,-0.32552752,-0.81020534,-1.6346028,-0.3260141,0.5026035,0.53617954,0.9115853,0.31847265,-1.4155368,-1.1482148,-0.9556852,-2.0012677,-0.6388339,-0.75462264,-0.21034327,1.0591227,-2.1720154,2.3209577,-2.6669192,0.9563217,-1.1516812
-1.1838531,0.86252457,0.9797454,-3.1444318,-0.75852597,-0.21294992,-1.7928712,0.32371527,0.4441199,-0.51840156,-0.39429787,0.74284005,1.2423992,-1.9319022,0.5341472,1.3902708,-0.6540976,1.7039518,-0.6266148,1.0306157,1.9415919,-0.040377915,-1.2553697,-0.53978896,-1.0568551
-0.8484472,-1.9945862,1.2583542,-0.45907328,-0.5182444,-2.793148,0.4978804,-3.741668,0.22295736,0.7242856,0.80280864,0.3607285,-0.9508738,0.32050657,-0.72933555,1.1590245,-1.6849641,1.1314237,1.0962055,0.2185952,-0.55928355,0.68489206,-1.7120316,0.67390275,0.1390434
0.051191434,-0.5098669,1.5974047,0.5509051,0.18909049,-0.7552678,-0.06504618,0.23115441,0.2392703,-5.8453307,0.1692133,-0.19910137,-2.7939715,-2.02242,2.4593678,1.3743708,-0.85030293,-1.63691,-1.1018233,-2.3265455,-1.2727375,-2.5315766,-2.2020512,1.102448,-0.6339176
-1.7758877,0.01066938,-2.0231867,0.5521622,0.4131685,-3.97005,-5.258731,-1.079757,0.082172275,0.16331258,-0.08419734,-0.10938887,0.7894145,0.39055473,0.12542282,-0.923189,0.23614681,-0.7878648,1.767551,-0.016741097,1.6392634,0.5610714,0.7123429,-2.8165047,-0.61650777
0.3849016,-2.804614,-0.92650104,-0.89016265,-1.1180348,2.0965874,-1.1041181,-2.4189463,0.027624313,-0.37475222,0.69206905,-0.081369124,-3.4559882,0.22610573,-0.7413768,-0.30065766,-0.036561593,-0.52116996,-0.67254156,0.5748065,-1.029096,-0.13818772,-2.4681134,-0.75676316,-0.52077675
-1.3146002,0.45805806,0.8125205,0.190386,0.297158,1.8538998,1.4535575,-0.99267876,-0.40730006,-0.22846752,-2.9957752,0.46410093,4.106243,-2.321531,-0.48260838,-0.49567544,-0.67581075,0.85463196,-2.0670328,2.857948,0.18687272,-0.9691094,-0.1253562,-0.29470143,-0.27681762
-0.08461353,-1.5475402,-0.835622,-0.19746153,0.44099104,-4.1542416,1.7867318,1.4900882,-0.10310219,-0.5223268,-0.17642601,-0.44102845,3.1139722,-1.0349892,-2.20166,-0.8004663,0.60023606,-0.08275485,0.86241007,0.31928498,0.95686984,0.7325908,2.5364707,0.7523372,-0.78130525
-1.7386115,1.0283465,0.68781507,-6.1899047,-0.6265151,-0.33994013,3.1049454,1.5098774,0.13535814,0.46053833,0.44362095,0.14235486,-5.380212,-0.49705866,-0.4579359,-2.7765925,-0.80708635,-3.1577818,-0.12103331,-0.3263961,2.4993243,-2.4275086,0.83136964,-2.102274,0.8161707
0.5617052,-0.37439463,-0.33160093,0.86282873,0.3929184,-1.7530961,-4.8858824,-0.9813527,0.42309338,0.037342228,0.6010613,0.24742569,1.7159517,3.0051377,-1.2619543,-0.49567544,-0.4144742,-0.5381251,-0.5538672,-2.0359104,-1.0841638,-0.22915345,-2.0953915,0.5598143,0.10514335
-0.6700194,-6.4712815,-1.1936502,-1.0311636,-1.7287705,2.9842494,-0.39888787,-0.36784554,-0.8173346,-0.09238817,0.19535658,-0.31878224,-4.2335596,-0.49718428,-1.6200128,1.6887795,-0.1440528,-1.1663501,1.0387818,-0.11346388,0.11054061,-0.4488589,-0.3245435,0.064745404,-0.269349
0.79629207,-0.7905167,0.5255792,-0.28399032,1.4623429,0.85584784,2.4111135,-2.1072462,0.37134802,0.11074802,1.020409,-0.79833126,0.9791124,1.2826062,-2.1480503,-1.574268,-3.0232759,-1.8529017,0.8139167,1.0653398,-1.1196927,-0.4739103,-3.9439344,-0.51143783,1.7037449
0.79759425,0.7081703,1.0035893,0.013574958,0.02685203,0.35428452,-0.049571246,-0.579956,0.72432905,-0.7032565,0.26461774,1.2093409,0.17013228,0.62525225,-0.7915869,-1.1125116,-0.98311126,-1.1249311,0.030706525,-0.26494384,-0.7179042,-1.9778521,-0.45742923,-0.769511,0.17422926
1.6556048,-0.4877947,0.95232284,2.2222953,0.30363494,-1.2371292,-0.70753896,0.6530825,0.14534488,-0.27184892,1.5273502,0.13077903,1.3640859,1.9625809,-1.3576137,1.2139996,-0.38433528,0.22769506,-1.92975,-2.4054062,-0.7492182,0.36913466,-0.5468235,-0.91273224,-1.8569587
-0.7169142,-0.18033606,-1.3635542,-3.0025578,0.21405421,-0.68715787,-2.1472082,-1.0013961,0.21356644,0.09133838,-0.31133646,0.37979528,-1.3851125,-0.31478298,1.4320872,-1.3116305,2.3514903,4.410948,0.65152174,-1.2978534,2.236681,-1.0127399,1.0649676,-0.2666407,1.5334744
0.5364476,-0.17873073,-0.979741,2.6300595,0.60363156,-1.2661909,-1.9517901,-0.15278652,-0.097292155,-0.5788347,0.09162091,-0.26027462,-0.397184,1.6420327,-0.44556168,1.224886,-0.8613744,0.81884027,-0.52996325,-0.74277,1.4218781,-1.6871921,0.70047754,0.35059077,-1.5089248
-1.4778144,-0.85996294,0.44218028,0.9319734,-2.2568033,0.9016758,0.0335123,0.5755062,-0.7055524,0.16638803,-2.1760511,0.24257593,1.3815421,-0.50903666,1.6343465,0.1760335,-0.059899747,-0.05598128,-0.2899012,1.3910639,-0.2846182,-0.38631505,0.53770137,1.4887439,-1.3693001
-0.49063173,-0.5513272,1.7251103,0.52330446,0.6218763,1.1766764,0.09068939,1.3022528,-0.3974734,-0.011014238,-0.22785738,0.62870085,-0.14064357,0.30858546,0.15818001,0.9527062,-1.4342593,-1.2533642,-0.11157417,-0.83353806,-0.80307883,-1.2912128,1.6594126,-1.7610934,-1.233236
-0.033434033,-1.9675295,0.29110044,-0.5810151,0.39910132,-0.83053184,-1.8171694,-3.7705717,-0.40730006,-1.2552985,0.69411415,0.22349334,-0.35146224,-0.63639295,0.94568527,-0.007180877,-0.6668683,1.5426909,3.6242085,0.7743717,-0.52885747,0.21876559,-0.55714,-0.7019309,0.66550016
0.15832181,-1.4168276,1.2508459,1.2441735,0.29419824,0.74128604,1.4865568,0.7342677,0.33682975,0.232486,-0.46908835,0.3666008,1.9532063,1.1491046,-2.320142,-3.8310916,-0.74382657,-2.0824137,-1.8048837,-1.4878793,0.17388338,-3.7776308,-0.89179635,-0.3666001,-0.4989604
-3.827366,0.8681729,-1.330594,-0.82177836,-0.42403167,1.7576689,-2.4765906,1.7618136,-0.3203944,0.53158474,0.27374962,0.7107377,0.361986,1.1322887,2.204304,-1.1717081,-0.81485736,1.1578649,-0.7470018,0.08570178,1.0232302,-0.09030323,-0.25008178,1.5058856,-0.20098443
0.33992878,-2.7473342,-0.102483995,0.4207462,-0.11952287,0.06581348,1.1780275,-1.6078116,0.33396822,0.86444414,1.0044839,0.79522264,1.6381676,-1.6253387,0.020120502,0.08613213,2.0050035,1.1667528,-0.29887867,-0.28361627,0.75311446,1.6556792,-0.10872862,-0.6885364,-1.3472072
0.68878186,0.887751,-0.68763363,-1.0170414,0.56823385,-1.2425982,-2.3300273,1.208853,0.83903867,0.55449784,-0.8773489,1.2093409,-1.9330058,-1.7020072,1.4651806,1.3945217,-0.09906067,-0.39982852,-0.8196961,-1.656012,2.1282325,-0.2226944,0.9960714,-0.6844328,0.9010129
2.2523885,4.354782,-1.7139199,1.5608802,0.5434273,0.19922414,0.8328334,0.41557205,-0.17513454,-0.12372954,-1.6272935,0.8732754,-1.4874688,0.030312002,-0.3027141,-0.59691405,1.1355276,0.17863792,-0.25381926,-0.56127983,-1.4442437,-0.59629446,-1.6719065,1.4462485,-1.0892427
-1.4324374,-0.36166352,0.5857184,0.12677272,0.17245108,-1.4371037,0.9930315,0.09200528,0.39006114,-0.37835112,0.38843608,-0.57233644,0.6368217,-0.1765382,0.4106964,1.811976,4.525238,-0.2690423,-0.019253671,1.3794525,-1.8995255,0.5735295,-0.043738812,0.4478021,1.6616261
0.9849876,0.82551277,2.0096107,0.91580343,0.2136431,-0.52185273,-1.6885241,-0.43035978,0.18967643,-0.7593072,-1.0643455,0.043853138,-2.990273,1.596292,1.0547588,1.7841557,-3.6098304,1.6355993,0.4004261,-1.5621868,1.2943225,-0.3705982,-0.62565017,-0.9758584,-0.31370646
-0.7370828,4.6804094,-2.6474268,0.9852464,0.34544504,1.7534692,0.627488,-1.4425126,0.33718345,0.9742822,-0.46908835,-0.05549735,0.085814476,-0.717932,0.8316822,0.110559344,0.096963495,-2.3523688,-0.32658005,-1.9176288,-1.0222518,-0.54450923,0.30455083,1.9478166,1.6698158
1.7363963,-0.70529556,-1.9420408,2.4748633,0.9544964,-2.1052308,-1.1246378,0.92733127,0.48056522,0.90287006,-0.51587516,0.08247796,-1.2576292,-0.3128475,0.2825248,-1.4963437,-2.6892686,-2.4784837,0.34757778,0.4370462,0.8855531,0.28366676,-0.90963125,0.81820655,-1.2993525
1.1820573,2.22284,-2.9726877,-0.565348,-0.93667406,-0.24269512,-4.2048645,0.311969,0.17256898,0.7399818,0.3267156,0.10009147,-1.7852532,-0.72586906,-0.0666816,-1.8905001,0.0871513,-0.60869586,0.8037553,0.70905906,2.4027555,0.75593543,0.79337263,-0.42916748,0.50979435
1.5142539,-4.876052,-0.1385712,0.34710336,-6.312598,1.2755201,-3.48009,-0.15789059,0.5124224,0.1258463,0.058127463,0.9902239,0.48086947,1.1636732,-1.6774583,1.1071283,-1.2900528,-0.40166104,-0.6291605,1.2977184,-1.4657404,-0.9030132,-0.5970012,0.24507377,1.4188664
0.56033885,-2.336762,1.2679349,-0.63465387,0.5304291,2.4177582,-2.0969872,-0.34483317,0.09157196,0.17090513,-0.2590574,1.3488592,1.2903743,1.5145936,0.7832172,-0.45782143,-0.4080605,-0.6868298,0.59045035,0.66513604,0.4560231,2.470707,0.33576912,1.2622118,-1.2394613
-1.5410725,-6.8619194,1.8230383,-2.563946,-1.5596535,2.659555,0.1118412,0.20946461,0.46338782,0.26919192,0.0055722427,0.56280255,-0.4231801,0.17549706,-0.34519383,1.6632569,-0.099740356,-0.7369683,-0.0032650158,-2.897168,-0.2860798,-0.84834784,0.1352501,-1.1464076,-0.84422934
1.8030612,-0.4339878,-4.2568417,-2.5966837,0.86398107,2.4080818,-0.55748945,0.9635657,0.082172275,0.21991955,-0.6019653,-0.27717796,1.9814765,-0.5049558,0.059112966,1.0765659,2.05816,-2.6816657,-1.2506437,-0.18357344,0.69635236,2.800672,0.16141912,-1.546532,0.93258727
1.1727601,0.30564523,-0.1564492,1.2183325,1.2295063,0.10051775,-3.0417252,0.96815115,0.092384726,0.35229346,-1.5430493,-0.3371144,0.81366634,-0.77159226,0.6044576,-1.0870824,-2.0837054,-0.38763368,-0.0027529597,1.0079062,1.2565,0.68179953,0.3451668,-1.48647,-1.2450798
-0.3099543,-4.9791055,2.044939,-0.7231605,0.25813723,-0.2817601,1.8288715,1.0658827,-1.1952579,-0.0051154345,1.160612,0.53485405,-1.2862787,-1.7808747,1.9565246,0.2647823,0.03983169,-0.30071855,0.361963,1.533021,-0.17808631,-1.854398,0.5176064,2.626443,0.26832065
0.7309717,-1.2967622,0.6708716,-0.25677788,3.352175,-2.1754508,-0.3865555,0.30312183,0.7107674,-0.2880765,0.034778398,0.7107377,-1.2640544,2.023,-1.5768185,4.9921036,-1.6237144,-2.6062126,-0.3514024,0.92754513,0.3615067,1.3361866,0.6842586,-0.01965177,-0.9923275
4.440148,0.12543732,1.7316225,-2.4830885,-0.20957305,6.5022345,-3.4502528,0.13581452,0.5345571,-0.18889153,0.50938666,-2.7834687,-0.42667913,-1.6885216,1.603062,-3.5253303,-0.23956698,1.7845416,-0.47042367,0.18049346,1.0519028,-1.2764188,-0.2559699,-0.19591087,-0.7455652
-3.2050767,0.17558897,0.79863286,1.4321723,-0.2731475,0.5848089,0.5129654,-0.57102364,-1.3558408,-0.31633782,0.14429547,0.056858614,5.5539293,-0.75650424,-0.50168085,-0.7652185,0.09605119,1.2208732,0.32456923,2.3060946,-1.2431368,0.4621845,0.5277828,0.03548745,1.4890039
1.4480351,-4.7410297,1.5084463,1.2378514,-1.53556,-0.095513344,0.23090053,-1.181397,-0.013071824,-0.021658324,0.058127463,-0.8496542,3.6939201,-0.29005665,-1.9066402,0.03615129,-0.3123923,-0.66386807,-0.078333534,-0.6609487,1.677381,0.14987135,-0.4987713,-0.627751,0.02036646
-4.1386204,-1.0034916,0.2713745,-1.1503544,-2.6488373,-2.5987644,1.0427899,1.6800241,-0.13571115,1.0530071,0.26027352,-0.41929385,1.4801188,4.302408,-1.1470541,0.9266646,0.65571547,-4.119698,0.006954793,3.4745467,1.2483623,-3.272355,-1.76141,1.5970865,1.9314932
-2.8142524,0.9235499,0.33394474,1.7022195,-0.2540508,2.1199188,-3.1381407,0.34484947,-0.63991684,0.71521246,-0.0030361246,0.3996312,-3.2462862,1.2427815,-1.7228173,-2.3626661,-2.1556506,-1.7802069,1.865403,1.4848664,1.348119,-2.9616804,0.19403219,-1.5873601,-0.6400723
-2.1034772,-1.4339259,0.6141223,-2.6245275,-0.5847248,-1.7478857,0.51149774,-0.07892907,1.074376,0.36859402,1.7537402,-1.0733442,1.4513705,0.76885766,-1.0694289,0.212215,-1.1026723,0.33575258,-0.103790686,-0.101844355,-0.34483135,-0.70208097,1.5107263,0.45458037,-1.7377675
-0.82823515,-0.5124951,1.0747993,-2.427997,-1.2395908,-3.388657,0.8739006,-1.2971437,-0.7215185,0.34120628,-0.39857867,0.4112134,0.1795492,-1.3291806,1.7733915,1.7816213,0.9426706,-0.8920576,1.6312736,0.5558985,1.3795896,-2.7571847,-0.009123415,0.8843301,-0.90259624
-0.91925406,0.283923,0.4976741,2.536713,-1.8065358,-1.028728,4.131261,1.3697126,0.54903066,0.08383073,0.034778398,0.32133114,-2.8916562,2.326789,1.5265832,1.6643965,-0.01551415,0.33826268,-0.20984156,-0.60300684,0.6127395,-2.716133,0.06972259,0.27135128,0.2985865
-0.05332029,0.7314395,-0.3695774,1.1504073,-5.862458,-0.012845576,1.3661298,-0.2991671,-1.0256811,-0.90890455,0.87247264,-0.58284223,0.746198,0.46280444,-1.5388178,-2.3780355,-0.79641616,-0.47853678,-0.61546165,1.3957032,0.9612402,1.6499424,2.495833,-0.41184396,-0.14585835
0.63700926,-2.2610676,3.1593769,-1.329551,-0.09869188,1.1601661,-2.6337779,-0.8571743,-0.32798448,0.0122329295,-0.7032787,-0.26348874,0.68256456,-2.8979387,-1.0968643,0.6605187,-0.632875,0.85992116,-1.7743084,-1.0042301,-0.8320163,0.5957749,0.60353833,0.3213638,1.6460255
1.6786568,-0.69353503,0.31838053,-5.9366484,0.2253727,-3.323327,-2.4967847,-2.399497,-0.028016787,-0.9021453,1.0048895,0.4237119,0.7090006,-3.905078,0.7940114,-0.7240267,-1.5512302,0.3917554,-0.60237145,0.9632793,-0.7216957,1.7735202,0.39973074,0.6363281,-0.3299923
-0.6979548,-3.6553302,1.6814473,3.1116338,0.24053854,-1.4864216,0.3731785,0.8969748,0.5779524,-0.11185984,1.5219687,-0.4692994,-3.2853146,-0.44597542,-0.83228695,-0.7041164,0.62613344,-2.829794,-1.9641931,-1.2215579,-0.14043218,0.08610001,0.91840065,-0.021528661,-1.0822282
2.059999,0.5085739,0.39539158,-0.85490763,-0.67149895,-1.6190097,-3.371714,-1.5207043,0.9546985,-0.23791614,1.3713968,-2.6019592,1.595419,-0.07665045,-2.719191,-2.2769775,-2.9237616,-4.196294,-1.3713981,0.25320157,-0.2575203,-2.9922268,0.16502479,0.79049146,1.9615141
-0.6698036,-0.53049946,-0.56289566,0.65722156,-0.6605833,0.0929612,-4.7630644,-0.6567264,1.074376,-0.5691424,-0.7948026,0.97855556,-0.25024366,1.2993698,1.4160099,0.28527218,-0.9241896,-3.8633351,-0.09632799,0.49942458,0.26929808,-1.0251446,0.9452119,-0.38516566,-1.3681808
-0.3750719,-4.1181374,0.86509883,-0.48659033,0.43677002,1.7313287,-4.329083,0.5588359,0.33056325,0.45378137,-0.28821036,-0.46157447,-1.632153,-1.5677816,0.6601776,0.29576218,-1.637451,1.8498967,-3.2974002,0.118626356,0.13990921,-1.669045,-0.07718283,0.41006553,-0.24698564
-0.9013872,-2.6472814,-0.1905907,2.0042858,1.0844604,0.40075576,2.0241413,0.27955136,0.7024981,-0.29445767,0.45862502,0.17931493,-0.00016212463,1.0943416,-2.1446524,0.5577199,0.77403545,-0.7205391,-2.5346472,1.8115194,-1.3629866,0.35488176,-1.392863,-0.3843376,-1.3832211
0.08722922,1.1559721,3.3459415,-2.6451938,0.64137393,0.4230839,-0.7967642,1.3222106,0.60159415,0.18991828,-0.3967823,-0.1394116,0.5782844,-1.0831324,-2.871381,1.7354734,0.91887635,-1.4522557,-0.3274176,0.3171651,0.074771106,-0.38564557,0.52242756,-1.6557022,2.1944318
-4.408806,-3.6416397,0.28246748,-1.8259438,0.35291827,0.9569993,1.0092528,-3.4119518,-0.19492857,0.14428751,0.047585886,0.8732337,-0.17833786,2.2192273,1.0850638,-2.3381662,-0.16408065,1.1888812,1.4106548,0.32311344,2.7108092,-0.5538572,-0.72482514,-1.399404,-1.1590216
-4.9240155,3.1180701,0.8074465,0.5183623,0.07834941,1.0929627,1.595622,1.0756003,-0.2896609,-0.026660003,0.41296718,-0.12220496,0.03628221,-6.392963,0.14174458,-1.2733054,0.68117404,-1.8237784,-2.0079818,-0.14520466,0.15610233,-1.1681578,-1.4201406,-1.2178484,-0.8642194
0.021296322,1.5746944,2.725943,-0.5546355,-4.45516,-3.7187726,-2.9674757,0.83555293,0.35482287,0.13367122,0.73684907,-0.8187133,-0.6218403,1.4782234,0.7150545,-4.384886,1.3973291,-0.9177753,0.5216765,0.3956803,0.6631043,-1.3019487,-0.2849538,1.3849515,0.6625321
-1.979832,-0.8292755,1.1045015,1.2478228,0.9344963,-0.62314034,3.2492313,0.27221823,-3.4744408,0.05880177,-0.099621415,-0.31878224,-1.7525635,0.5463165,0.80640674,-0.45798895,-0.05466801,1.1007354,1.6807113,-0.14388531,1.0182433,1.2982317,1.9807682,-3.157516,1.6426497
0.28405842,-0.04574144,0.35219634,2.258587,0.376395,2.2520957,-0.78508544,-2.538337,-0.9577148,0.36089873,0.24773827,-0.18847513,-1.8978353,-3.7809913,-1.5260272,-0.028515697,-0.17953792,-0.6746495,-0.4416107,0.13079044,-1.1679329,0.063063994,-0.3920823,-0.4008118,-0.25109458
1.4142905,1.5942332,0.11401302,-0.47418177,0.39693913,-1.7122968,-3.1412418,-1.2482306,0.35692352,0.42494664,0.46123722,-0.5691508,-0.15638363,-2.60668,-0.8277639,-0.41225687,-1.4221469,-2.042379,-0.014951825,-1.2889849,0.1320799,-1.3623277,-0.42225268,-1.8458076,-0.13200629
0.14783902,-1.8005552,-1.1073984,-0.30065298,0.54926395,-1.302465,-1.2007371,0.917663,-0.14931841,0.54140556,-0.27163425,0.2454202,-2.3101916,-0.9692997,4.163323,-0.09105145,-0.58330667,-1.4084563,-3.6407402,-0.24309498,-0.22128016,-1.5894595,0.90187114,-1.9410689,1.7856122
-1.5899731,-2.2956076,1.4199108,1.6192521,-1.1294885,1.5750241,-1.1791141,4.0973563,0.91397226,-0.2649545,0.9899205,1.3488592,-0.76187336,2.5501614,-0.31498227,0.94600844,0.24155453,-3.201793,-0.27203447,-0.91133946,-2.8159528,0.11010033,-0.89063275,-1.0699303,1.6241937
3.2530377,-2.3355494,-4.3053346,0.94014597,-1.0916088,1.5747039,-2.419971,1.3517935,0.7557701,-2.7288039,-0.25622144,0.061882176,2.189785,1.6738533,-1.072372,0.7274432,1.9986258,1.5026968,0.7386474,1.1076517,2.2153103,1.1371188,2.0032783,0.789592,-0.6010576
-0.49217683,-4.434814,1.5178179,-2.971208,0.11112848,1.9399332,0.5068824,0.095184624,0.67076015,-0.77475375,0.68759716,0.3076242,2.2480752,0.043634422,5.085585,0.84186566,0.82729226,0.04681226,-1.5829699,3.9625833,4.7337246,0.6771584,1.252578,-2.7864308,2.0293639
-1.3245047,1.0129538,1.4358261,2.0422316,1.0974549,-1.814279,-0.49167478,0.9587107,0.1393615,0.22944246,-0.14194612,1.1496899,2.1721551,0.053959727,-0.7238976,-0.9791939,0.15770653,0.053759456,0.49951798,1.5729738,-0.04230237,-0.39002025,1.5570523,0.16946381,-1.239712
-0.27746361,-0.71704715,0.4257784,-1.0683725,-0.3316556,-0.64206016,0.77915585,2.0474882,0.4403573,0.6237087,-0.50914884,0.8534831,2.1138258,-2.5655866,2.49049,-0.03008163,1.0937927,1.6899624,0.8514937,-0.1502424,4.5063934,-0.030190766,0.43542197,0.602073,0.41914696
3.415559,-0.17888877,0.034362547,1.4659798,0.6062512,-3.0668397,1.6655066,1.0742924,0.42115405,-0.31808814,1.7537402,1.1033862,-1.3772241,2.0302627,-1.3899016,0.3094318,2.385132,2.1356106,-3.1962657,1.2775924,1.2762902,-0.75720173,1.5573905,0.91969,0.9603537
0.7671195,2.0359612,2.8349452,-0.13567862,1.3927568,0.7169087,-0.756715,1.5335145,-0.027925197,0.04204779,-0.2885958,-0.111907646,-2.1282446,2.5046072,-1.3149083,1.7500103,0.4119646,-2.1151571,0.4013477,0.8747646,1.6626458,0.69241625,-0.54962003,1.0562137,-0.4571787
0.9067982,1.6979494,1.1034875,-1.3874058,-0.60095036,2.0562158,-0.3771667,-0.9619687,-0.0045609176,0.53617954,-0.4725088,-0.5112586,-1.8248655,-0.7046885,-1.0137333,-3.6184483,-0.12356925,-1.4255159,1.4996984,-2.9238954,0.8321845,0.4814542,-0.09929844,-0.15703818,0.04331714
0.580623,0.46227083,-4.8171906,-3.549253,0.7641384,-0.9889933,-0.17552328,-0.5116473,-0.115432575,0.566327,0.63942057,1.3650007,1.143729,-0.5161888,-1.389285,1.5174644,-1.5360274,-4.076896,-0.35760486,0.47459266,0.17533284,0.6503908,0.1299606,-0.20031905,-2.1832418
-1.2634389,-2.081599,2.639886,-6.236113,-1.9757265,0.76677144,-2.419971,0.3290716,0.77531767,0.56902003,-0.36127406,-0.6618186,-1.2631394,-1.2071612,-0.6450179,-3.7759676,0.13901724,0.4096368,-0.57828945,0.91069037,0.38931447,-0.7651067,0.8988613,0.18680887,0.85249084
0.027886435,-2.434155,-0.73235166,0.20231345,0.43691078,-2.148474,1.3954742,-0.5061214,0.22295736,0.59856814,-0.8328202,0.4690546,1.9029758,0.4686619,0.2572214,1.2990116,0.5393172,-0.76086247,0.92592406,-0.09953493,0.6441767,-0.25002185,-0.45793325,1.1792488,0.7147083
0.28358272,0.84880114,-0.8767776,1.2128031,0.4498043,1.5445704,-1.4804839,-0.31539667,-0.70996934,0.028179474,-0.6771124,0.10175599,0.56362855,1.0132128,0.3151376,1.8235896,-0.91613877,1.777978,-0.05537408,-0.6595962,1.2118597,-0.3981885,-0.51313055,-0.93680704,-1.3360684
-0.67344594,-0.9131658,-0.2713511,0.8761327,0.3536925,-0.9165393,0.77669185,0.8529258,0.325273,0.81913453,0.047950823,-0.30270308,3.6863825,-2.0594733,0.7642845,3.9762304,0.24672838,1.0391946,-2.6137397,-2.2217765,1.5492325,0.17572972,1.2143576,-0.3571007,0.17008916
0.38463807,0.7580142,-6.235752,0.26099125,0.5813068,-2.2431397,8.287839,1.2706947,-0.21180432,-0.3034847,0.26893288,0.04744059,-0.37552887,2.535149,-0.9448785,-2.248074,-1.1830654,-0.027427316,-0.4316245,0.6367432,-1.6198359,-0.26408717,-0.73263055,1.0548046,-0.2649619
1.1647874,0.28863797,0.3836113,-0.22078814,-1.574627,1.9462565,0.07106836,-0.7024142,0.5460009,-0.34461054,0.041606706,-0.31878224,1.5251222,0.3169478,-1.0783792,1.8757178,0.4473639,0.96031225,-0.12995479,-2.5384402,1.2959733,0.6252029,-0.05845034,0.047266573,-0.18342197
-1.1964883,-0.1726118,-3.8944092,-7.804365,0.028085947,-2.0521948,0.93722284,-0.10529564,-0.25842696,0.6108639,-0.42745152,0.16980955,-0.9914212,0.11404845,0.790085,-0.32430458,-0.40551963,0.9511544,-0.4234997,2.1329396,-0.9821613,-0.91544825,1.5867306,0.09758189,0.99348485
-0.41283038,0.20178857,2.0732422,1.014161,0.8766812,-1.2341495,-0.1700809,0.8265087,-0.3072011,-0.9561161,0.1692133,0.026316915,1.1386012,-0.24811357,1.4769571,-0.43220037,-0.2608838,1.1183305,-2.513206,1.3256795,1.0073102,-2.8766327,-0.50494266,-0.065665886,-2.3180563
-0.33165288,-0.5455421,-0.17078304,1.1986765,-1.5772389,2.3600297,-1.1073728,1.2699884,1.4802389,-0.81835365,-0.6593,0.6999135,0.9665683,0.37454444,-1.3102312,0.562724,-2.241794,0.7939804,-0.75528955,1.2129914,0.96180606,-0.53363276,2.131117,-3.3519661,-0.6874317
0.62533367,0.7590449,1.8798728,-4.6368732,-4.5836296,1.0438532,1.1030602,2.0045726,-0.013320927,0.73946935,-1.4456561,-0.2488685,3.6396189,1.8316443,0.56758773,0.7952269,-0.059051566,0.22693968,1.0893769,1.4558343,-1.9171441,0.9847674,-0.65299535,-2.9019666,1.674044
1.5131719,1.6135436,0.782071,-3.4218526,0.42819285,-0.76043546,-0.3727157,-0.83134985,-1.0256811,-1.1758212,-0.39857867,-0.57950914,2.5811272,-1.6995786,3.5476947,-0.74336535,1.1372626,2.2115965,0.38690814,1.1777104,-0.18299949,-2.7764564,-0.35031337,-0.7701419,1.2647744
1.3451983,-1.0235035,0.45159805,3.7712402,1.5238159,-1.1448851,-1.6669574,1.2079657,0.060058814,1.1106457,0.6911018,0.001586372,0.1613447,1.4459982,-0.10425931,1.2196119,0.5133181,-1.211594,0.08093521,-0.7030244,2.583372,0.614681,-0.5036849,-1.54767,-1.5073503
-2.4272335,-2.8937094,-1.978086,-2.6203933,-1.059272,1.5798447,-1.5827951,-1.1247715,-0.9358072,-0.101059765,-0.076324426,1.1525899,-0.35359985,-2.4327989,-0.66017795,-2.899321,-0.9915564,-0.52611405,-0.08538595,0.87179476,0.6657558,1.0899487,-0.7047401,0.709834,-0.13102023
0.22338033,-0.93302345,2.3923411,0.25375628,0.2523019,-2.9551053,1.5449417,0.32796723,-0.50748044,0.52279276,1.2795621,0.29505396,2.529744,2.1008542,0.38906938,0.7359118,-0.4319821,0.35366833,-0.6576572,1.159201,0.2435098,0.00079375505,-1.8166139,0.0707764,-1.6386335
-0.3044689,0.24168634,1.0799237,-2.6224945,-3.620582,0.96293837,-0.9944993,0.18525612,0.28572127,-0.25166982,0.39156356,-1.4188292,0.8012924,-1.8616788,1.6704249,1.4687592,1.3018835,-1.5474061,-0.8139179,1.6996891,-1.3143122,2.3548775,0.16192165,1.5115484,0.17155108
-0.47399288,-0.47568464,1.7065157,5.3234105,-0.9493075,-2.591671,-0.8553273,1.7455733,0.018417232,0.04985191,-0.47105426,0.7545222,-0.15042028,0.89392847,1.3467053,3.7739015,-2.5563037,-1.4994407,0.9112757,-0.70512044,-0.53689396,-1.5914165,1.5502594,1.4800761,-2.148813
-1.7900181,-1.4721518,-0.6385773,0.027080163,-0.9325202,-1.8920605,-4.415373,-0.20350996,1.3465111,-0.63891906,0.1864019,-0.30270308,-1.0045731,-1.6477355,-0.59415084,1.3676813,0.46692574,0.40292275,1.3349948,0.104873955,0.84167707,0.6646434,-0.5598137,0.54720455,-0.20712335
-0.9225225,-3.5862446,3.2138362,-0.17993724,0.511303,0.63060784,1.2952621,-1.0274183,-2.9292746,0.72360414,0.6216001,-0.54487336,-0.1270121,-1.5156351,-2.0819738,-2.3860853,-0.93992954,-0.6231869,1.7574146,-0.57782876,-0.11255162,-0.50184244,-0.5350231,0.23599578,-1.3468881
-2.3173275,0.5286149,0.9558978,-3.031577,0.8647302,-1.1170325,0.75796133,-1.3748578,-0.47134182,0.33640432,0.45967758,0.437438,-0.11148688,-1.109326,0.92795575,-1.6628265,2.4047036,0.7642399,1.874033,1.7863282,-0.22717887,-3.755207,-0.032872975,-0.17538446,-1.0228488
-0.46479383,-0.89618766,2.163232,-0.48530442,0.8441246,-0.6834737,-0.26166287,-0.6579368,0.48834917,-0.4083305,-0.101241484,0.25628203,-1.154311,1.9701462,0.68483925,-0.9651091,-0.058359474,1.3708715,1.5193754,-0.4592991,0.42799035,0.99588567,-1.6685616,0.007824704,-2.403893
-0.16273566,-0.06817001,0.13780843,-0.17114404,-1.59726,2.299357,0.5320312,-0.13604294,-2.9748065,0.58279717,0.48545262,-0.6423608,-0.8193232,-2.1951995,-0.12517989,-1.1140339,-0.8999332,-1.0093158,-3.0025344,0.45543897,-0.01999528,-0.6709417,-1.1554904,0.33601815,-0.027151361
0.09867276,-0.06378299,-0.75036895,0.11082879,0.44530392,-1.1717122,1.7561349,0.8358957,0.13843322,0.34583768,1.1736135,-0.9195188,0.12005782,1.3306683,2.0263329,0.027719855,1.8588449,-0.6610784,0.75745,-2.9762883,0.8106235,0.7239746,-0.27538335,-0.58093953,1.5635571
3.1878433,-1.8893188,-4.3194017,1.4804608,-3.0565841,0.36668268,0.16056366,1.8486636,0.96504515,-0.8712731,-0.20255631,0.52662957,1.3965003,3.1117651,0.07220607,-0.33761433,0.79180104,0.44323093,0.47401735,1.3614409,-0.20217828,0.963844,0.06107697,-0.6743138,0.07132918
0.93615377,1.4499927,1.9863986,-2.478839,0.98665,1.1214192,0.65583414,0.7206258,0.48834917,0.03567922,0.585467,0.19068177,-0.08358097,-1.592434,0.09148548,1.7248911,-0.80571496,0.41962254,2.2381601,2.1620374,2.9752712,1.0087991,1.0148078,0.34494838,1.4815646
-0.966207,1.1617353,1.2458035,1.9194982,0.72002584,1.1744807,-1.0064381,0.44874388,-0.3548633,0.5780101,-0.27344143,0.3342501,-0.31180394,2.5149355,0.23942122,-0.843368,-0.65471375,-0.63380206,-2.3559453,-1.3351934,-0.69102824,0.52904135,-0.8730504,-0.8477325,1.4890039
-1.0462588,-0.09270769,-1.5148689,6.6028357,-0.05336322,1.10536,-0.7037099,-5.276145,-0.5987449,0.7907335,0.75559926,-0.046128683,1.2200058,0.65082526,-0.22661643,6.045828,-0.49662155,0.3963368,-2.069492,-0.37673354,-0.017289154,1.4035076,-0.601948,0.17584622,0.74372625
1.2881883,6.981687,0.31017408,-0.05999581,0.5487113,1.597944,0.12066836,-0.031032987,-0.7055524,0.54489255,0.359618,0.29713967,-0.59249884,-2.4962966,-0.6208774,0.07627639,0.17058516,-2.5210297,0.3667909,-3.7649117,-0.32415354,-4.158285,-0.7222107,-1.2008829,-1.7656873
0.13275811,-3.3090656,-4.98401,-2.860679,-0.34026533,-3.3766954,-3.0417252,1.2025826,-0.8173346,-0.34616908,-0.40342772,0.77614605,4.871695,-2.0982258,0.15810917,0.8621392,0.73897445,-0.39807475,-1.556711,0.017437935,-2.656342,-1.5293908,0.21448618,1.3455927,0.5042507
3.7446876,-0.95338845,-1.8694128,1.6923676,0.050575078,-3.3745077,0.91191036,0.096565515,-0.38181508,0.07822638,0.37273613,0.2728064,-1.4070504,1.7016528,0.25451863,0.30948114,-0.20787585,-2.9371839,-0.40167904,0.8671419,1.0080255,0.6901993,-0.3974742,-0.085594535,-1.0911713
-1.3170791,1.3482953,2.46969,-0.87644124,0.4387268,1.8206823,-3.2531211,-2.387306,0.2907933,-0.33101457,0.6345564,0.49622387,-1.779069,-0.45037794,-1.2550786,0.7583804,2.436468,1.8067414,-1.8311492,1.5729738,0.0980494,-1.2444317,-0.077099234,0.8881716,-0.91696906
1.3216306,0.264323,-0.6313218,-2.89468,0.31947142,0.8147197,1.7692622,-0.13008985,-0.92651516,0.44762793,-0.35331845,-0.5765827,5.015237,-1.950995,0.19020644,1.323303,0.50134254,-1.5045712,-3.4451244,-1.5035787,-0.14901108,-2.1294363,-0.8802098,-0.5918938,-1.5825319
-1.3578765,1.1535134,-4.3217874,0.4669534,0.7879926,-1.7541581,-0.72837603,1.1767608,0.19987564,-0.18889153,0.4823746,0.16538142,1.6519573,0.877851,0.08646566,-0.40057647,-0.64955163,0.29892445,1.2060922,0.42349944,0.80930805,-3.3165727,-0.22576663,0.95276827,-0.75742364
1.519855,-0.7111123,3.54719,-0.7987331,-0.6806413,-0.03877224,0.23980585,2.009247,0.15021631,-1.0247602,0.6648865,0.038209815,-2.4654815,2.4243603,-1.2846867,-0.40174985,1.1171551,0.22642389,0.7456322,1.1249096,0.75984114,0.8408287,0.797406,1.2748637,-0.42097706
-1.0979657,-0.22888133,0.88531,-3.968707,0.076227635,2.7417312,-0.60149586,-2.3478277,0.91397226,-0.48860037,-0.65972346,-0.13526854,0.19726565,0.11192177,-3.6628644,0.81313443,3.2249646,1.5884671,1.2306123,2.0315742,1.7069257,2.794442,-0.08900049,0.17915499,-1.8114647
-0.1051786,0.35589823,0.8989427,-4.117864,0.37394488,-0.6855382,0.06634724,2.827008,0.23589396,0.40868077,0.59480757,-0.19076285,2.2974663,-0.21751499,0.2935403,0.36796057,1.8940755,-2.5676587,-3.0961137,-0.7594335,2.3097577,-2.0655007,0.019279808,-0.41476357,0.5469241
0.526067,-0.1633617,-1.7854674,0.7813271,0.7703116,-1.2786502,-4.0631332,1.2161558,0.84624314,0.088153325,1.0973177,0.23231924,-0.46509093,3.8376176,0.2970169,2.4086528,1.1126649,0.973833,0.57126033,1.9239043,1.6374143,-0.4632815,0.37867284,0.18793064,-1.932583
-0.4361869,-2.6355712,1.6903284,-0.96452916,-3.4486456,1.4781035,-0.64915663,-0.06656909,0.19564064,0.26725549,0.13638835,-0.122942924,1.7491183,-0.75438476,1.1353401,-0.78593683,1.8749629,-0.9330613,-4.0561438,-0.4169535,0.21372455,-0.37201682,0.9732027,-0.5833453,1.3926705
1.0791011,0.26415533,-1.4969637,3.411704,-0.9144818,0.9832519,-1.4328709,-2.9432874,-0.099128515,-0.8052131,1.0792238,-1.4355091,-0.4515625,0.5908923,0.6024575,-0.75590897,0.19767989,0.08735216,0.45363703,1.8305981,-0.6191337,-1.0264487,-0.928916,-0.62031424,1.8039212
0.13311414,-5.053601,2.0688221,1.8192964,1.1486435,0.4709127,0.4849341,0.99168104,0.38391966,0.6680836,0.8064306,0.52662957,1.4511015,0.5077404,-0.7147207,-0.56679153,-2.0614471,-3.0063426,0.13292408,-3.3869486,1.3701017,-0.31890714,-1.0876396,1.2993002,1.5923091
0.8773227,-2.0501742,-5.6855507,0.09940192,-0.067673266,-1.1766236,-4.413994,-1.2543485,-0.027925197,0.4889834,0.15012181,0.31240603,0.08400548,1.946168,0.4154145,0.42050135,1.8298268,-2.4222114,1.5439918,-0.3186164,0.14558324,2.61716,0.89650744,0.673731,2.4823244
-1.3882946,-2.4796047,-1.6096394,-0.3167739,0.70640934,0.6215158,-1.5478457,1.5602077,0.13659169,-0.13849446,0.95073146,0.11378218,-0.06889966,1.4324317,-1.2545507,-2.4316354,-0.17998105,0.28778946,-0.95204663,-0.24309498,0.06344042,-1.8333691,-0.713642,0.17707026,-0.7812449
0.17813453,-0.17688337,0.23238865,-2.007801,-0.30696854,-0.5815506,-3.714605,-1.0113566,0.5021976,0.9456525,1.0973177,0.16980955,3.2200592,2.1215513,1.4644,-0.7268823,-0.81907785,-0.69611585,0.07732469,2.0807831,2.1101964,0.79747456,-0.19616763,0.42874923,-0.22260657
0.59728044,-1.6602365,1.4209957,-1.2685121,-0.8811306,1.1735731,0.72500795,0.4945752,-0.49654832,1.2815697,-0.51587516,0.10009147,0.41177344,-1.6231649,0.46260643,-3.1533604,-1.8604754,-3.8664684,1.7801992,1.7912045,1.111186,0.37906197,-1.2102637,-0.29095262,-4.4368486
0.9563134,-0.60232973,1.6164023,0.922477,0.09614228,-0.2618193,-0.26247716,0.74158585,0.4441199,-0.23228523,-0.57110155,-1.0432688,0.6135831,-1.6128961,-0.11449961,-2.0795612,-1.2116784,-4.2346,-0.54309195,1.8895636,-0.3596468,-2.7528417,0.20012411,2.4159458,0.1577672
-0.07220274,-1.2770875,1.2165165,1.6129539,0.3646326,0.33003253,-3.6666827,0.210572,0.78222036,-0.17072625,0.17645037,0.74284005,1.7403443,2.074681,-1.2546864,-0.1496068,0.8295825,-0.1876905,0.23791373,-0.3377009,-0.39650902,1.2911701,-0.15777506,-0.7258334,2.4237356
-0.61844444,-0.49554145,-0.03373705,-0.51526,-0.89341664,1.5906595,-1.5352602,-0.9961612,0.63095236,0.9912329,-0.087225296,0.18195908,1.3525717,0.6684614,-0.008688161,1.0036827,1.1448433,-0.7324208,0.040272653,2.2423456,-0.3576745,1.3894914,0.10366112,-0.86932755,-2.2998037
-1.4064537,0.8931687,1.3468091,-0.9441488,0.31138784,1.2815291,0.8877058,-0.29488915,0.47091135,0.35493508,-0.68051636,0.5261315,-0.7312188,-3.5344985,-1.4490204,0.28522745,1.8592957,-1.8279115,-1.0122788,-0.8846087,-0.9320806,-3.5623307,-2.4933913,-2.5881836,2.0317264
-1.0155909,-0.12997216,0.5931693,0.7404562,0.6567093,-1.9620662,0.6195717,3.0014665,-0.16249129,0.038987763,0.11249886,0.8320385,0.8163511,3.142765,-4.6519356,-0.69740987,0.86416066,-1.2896185,-3.3992329,0.1995225,0.33673117,-0.037445962,-0.7120124,0.28621006,1.0545118
-1.1306726,-0.3568946,-0.8156743,-1.4497429,0.36430693,2.4712439,1.2282109,0.49469757,-0.055083636,-0.32265317,0.32254258,-0.49209908,-2.6408453,3.5993688,2.3468418,-0.0038933158,0.87197226,3.6409378,0.1301852,1.0586791,-0.07412079,1.2569544,0.06487987,-0.33182746,1.1960292
-0.18272007,2.6328664,0.68559164,2.4985087,0.056613907,1.2871878,-1.561646,-0.6284577,0.19144705,0.7340344,-0.7436606,0.50641966,2.4470024,-3.9241662,-0.5965873,0.9946895,-0.48989165,0.31549123,0.6171131,-1.5317082,-0.43662465,2.169226,0.18502498,1.0042737,-1.5085316
-1.287025,-0.3703411,-4.437235,-4.706056,-1.9866025,-1.1454424,1.5418332,-0.30987853,0.13659169,-0.055835597,0.07489971,0.77102363,1.861862,-1.828122,2.1352983,2.4086528,0.6499422,-0.36405814,0.13197847,-0.5479245,-0.24887884,-2.3836267,0.103566736,-0.98120105,1.9448242
1.0829902,0.34380513,-0.16411689,4.0166736,0.5129789,-2.7372396,1.4298548,2.4500284,0.26004922,0.25381407,0.09093118,-0.74149823,-1.829942,0.09736574,1.4659381,2.9759774,0.52216333,0.2038791,0.15721366,0.06795016,-0.07772195,-0.26256987,0.09455231,-0.7194347,-1.4070579
0.0032925233,1.0003245,0.404989,0.7595155,0.26530826,1.0909051,-1.2595057,1.2136376,-0.49955252,0.98065996,-0.8450082,-0.56034625,-1.3099605,-0.565475,0.5695666,0.94216275,1.1914195,3.1240034,1.4624264,-0.6993066,0.14673358,-1.9755454,1.5930877,0.391648,-1.927775
0.5329442,-2.1170895,0.0973874,1.0271682,-2.089992,-3.8890529,0.8892454,2.7987053,0.44417086,-0.6932947,-0.10724378,0.13312544,0.13334797,-2.1490169,0.11830324,-3.070581,1.5803292,0.68542063,0.5636718,2.894186,-1.2349814,0.20853493,1.474983,1.2548119,-0.56004804
-0.5938851,0.3928178,-2.3867493,-0.025839746,0.46301803,-2.9321833,0.13274294,0.6949323,0.47212064,1.2809284,1.6128889,-0.13526854,-2.3727584,-1.5567193,0.1539881,-0.7293585,1.3926424,1.1044706,0.25880715,-1.1405369,-2.7269733,1.731908,-1.5580612,2.1587858,1.8225763
1.8491372,1.1626602,2.0664444,0.42845166,-0.4650283,-0.6476107,1.3136406,-2.5343437,0.33718345,0.059995417,-2.0786834,-0.3160802,-2.6304457,0.31630707,-2.4600523,-1.4565957,-1.0206523,-0.31117055,1.3222467,2.1601782,-2.3328,0.60925126,0.3813132,0.8524234,1.4519832
0.6562393,-1.2664067,1.4858813,-1.7460108,0.18818495,0.7074106,1.0891488,-0.6043462,0.4557623,0.039202347,0.48496717,-0.34219354,0.04933718,0.86754787,-1.8391374,0.35798985,-0.83646226,-1.2774352,-0.90195066,-3.1153417,-0.5792313,0.4499653,0.16700126,-0.08955884,-0.19565763
0.9737389,-0.7919024,-4.5781846,-0.8614595,0.03745985,0.4016298,-0.79136467,0.037102655,0.23936436,0.1404797,1.5273502,0.3607285,1.1630117,0.088466614,-3.2219667,0.5848304,-0.9501966,-0.60926044,1.1233554,1.2628587,0.248702,0.7886589,-0.8735305,0.47399557,-0.35762578
-0.275949,-1.5640416,0.36468422,-1.725754,0.4426216,-0.14244103,-0.69528013,0.58261573,-0.17079103,0.027563773,-0.1936523,-0.3354062,0.289995,-0.30757564,0.38090518,1.3856121,-0.08734756,-0.083921194,0.76182127,-0.39779806,0.014045633,-1.2345389,1.5324798,0.9116306,0.02576667
0.07290085,1.3198977,-0.027362224,-0.9869187,0.31042504,-0.33079392,0.46658936,0.03465119,-0.20441757,0.9149439,1.4467928,-0.3879344,-0.05084041,-0.21897471,-0.09410572,5.947786,0.23822181,-1.1826391,0.79171,-0.20700976,0.16061644,0.26783136,-0.3030941,0.09816225,-0.33222422
1.6226066,-0.08533542,-0.17203954,1.2626221,0.054024916,-0.28353745,0.7161187,0.068208694,-0.18778035,-1.0174942,-0.029458517,0.29713967,2.5723908,0.4059716,-0.98868716,1.3899779,-0.49675155,-0.731888,0.17325169,2.1792777,-1.7212319,1.1810539,-0.53635865,0.33805662,-1.147121
0.057173103,0.47988686,2.4638553,-2.317764,-0.4455087,0.950627,0.70499986,1.318462,-0.054656323,1.4889327,-0.86802673,0.86059225,0.13709107,0.31951615,-1.0363322,2.6044588,-0.41074163,0.61384374,0.38197303,-0.5752822,2.14853,1.5718234,1.8190763,1.9082607,1.5089772
0.31711546,-0.813219,-0.5456189,0.22364704,0.19483534,-1.1771648,-0.7397355,-0.048688114,-0.0837646,0.17160252,0.22509454,1.1706644,0.67646974,1.0153079,-0.6670352,0.19054657,-1.0153048,0.89858234,0.2969148,-0.5070872,0.22410977,-1.006618,-0.39425588,3.0291853,-2.910975
-1.2079463,-2.2471423,-0.58100665,-1.2301288,0.16679119,1.4406621,0.65515363,0.11960207,-0.29726848,0.25929382,-0.2848729,-0.94928706,-2.0523932,-0.23987818,0.7619048,-2.1461499,-0.7981665,0.6718506,1.1663009,-1.3846345,1.4741703,0.3151531,1.1070178,0.42531016,1.0241356
-0.9396452,-0.47386205,-1.2361826,1.4993138,0.1428164,0.024722219,0.78733486,-0.9701253,0.3304071,-0.561924,-0.48745656,-0.26027462,0.41958034,0.41852042,0.09362522,-1.6321901,-2.716272,-1.4108664,0.4178717,1.9089953,-2.479023,-3.4654894,-0.96581835,-0.37236458,-1.1507499
0.59307444,1.2959269,0.015317202,-0.24671352,-0.55431944,0.1405367,2.1324015,0.99668515,0.09951196,-0.5347555,-0.40675405,0.9299115,0.4999072,1.9720097,-2.441112,0.8143635,0.16144107,1.0978013,0.15902594,-2.57623,1.276653,-0.60187244,0.62644005,-1.7168629,-0.31570593
0.12275404,-1.1547978,-5.4541626,-2.1043198,-5.9867945,0.95987016,-0.10964319,-1.2905551,0.60152835,1.024555,1.1175914,0.49026546,0.35417813,1.563157,1.2033263,-0.045800574,-2.2737994,1.6525141,0.85528815,0.06761399,1.5841527,0.21664527,1.6118658,-0.7393844,-0.34505793
-0.20361,0.6104586,0.35603595,-0.9962269,0.06525394,-0.76675916,0.54540414,-3.5462737,0.86132824,-0.7359902,0.6145727,-1.4355091,1.2620975,-3.8805213,0.46847817,-0.20400417,1.1092834,-1.8028822,-0.17417432,1.6562407,0.96027446,-2.4161048,-0.39462677,-2.7260234,0.27562758
0.12354472,1.5857702,2.294632,1.5919733,0.017685166,-1.2244906,-0.8150379,-2.2574055,-0.13826157,1.0933528,-1.5691159,0.437438,-1.792732,-0.56134844,0.6552368,-1.1991163,-0.3896521,-2.3560252,0.034464598,-3.0545378,-0.442855,-0.05643499,0.15292361,-1.7517025,-0.6952247
2.7144685,0.100992806,-5.7130322,-0.62391317,0.59783655,-2.2497368,-0.27199233,-0.39478528,-0.4887217,-0.0094913095,-0.42836565,0.3760059,-5.7559285,-4.8054247,1.3702686,2.4343693,-1.2900528,-3.1147127,-0.85068154,-0.07461709,-2.408047,1.4396894,0.7631034,-0.5580327,-1.2517807
1.3685079,2.5205023,-0.67959046,-1.486454,0.5882049,-4.540646,-0.24177957,-1.4129391,-0.44012976,0.024495278,0.81489193,0.38452378,0.88005996,-2.9346876,-0.74644816,0.41797793,-0.35551336,-0.6396027,-0.3379532,0.011291951,-1.2582613,1.3117492,1.8911698,-0.16601759,0.9216292
0.41576913,0.44089386,0.2841997,0.16921651,-2.9142008,-0.41777754,-2.2736235,0.36924452,-0.02488261,-1.2550938,0.5622988,0.37935704,-2.6093366,-0.32641065,0.9429053,0.42103034,0.4239896,-1.0304617,0.10909626,0.2604185,0.2934994,-0.14851508,0.63341,-0.36370447,1.7219796
1.0712965,-1.2146285,-0.52807814,1.4515471,0.4372377,0.52011526,-1.0855424,-0.6730001,0.59344286,-0.42152354,0.7440599,-0.2974467,-1.5109994,1.3411763,-1.2342817,-0.010045931,-0.53370816,-0.5627811,0.33422202,0.4397413,1.6441216,1.7797122,0.114763975,0.18732935,1.1341826
0.75798035,-2.0844917,-1.1306887,1.0117385,-1.8890891,0.35774842,0.46899503,0.24459502,-0.2449647,0.19079107,-0.022009151,0.1445198,1.414548,0.76647896,-1.8112458,2.5307996,0.09339106,-0.2930571,-0.67183113,0.06346184,-2.5734744,-1.1414293,-0.28835863,0.613463,0.265198
0.19431138,-0.070635855,-0.24230215,-1.7323325,0.75234026,-0.39479685,0.25273252,-0.1502944,0.5111085,0.028675988,-0.02961866,-0.050461516,0.11498031,-0.6775698,0.26877737,-1.462774,-0.4449209,0.36163676,-0.1325482,1.3940481,1.7757593,0.35773143,0.307458,1.055855,1.3721737
-2.4392445,0.2389586,0.8611487,0.113013536,-0.11883964,1.9711525,0.9979986,-0.42985538,0.480904,0.6755579,-0.6760291,-0.67240834,-2.5049944,1.5975697,-0.05369544,-0.41332898,1.5552514,-0.12844285,-3.2704473,0.42349944,0.5063339,-0.27986673,1.0113575,-0.48200965,-2.6743913
-1.119059,0.13197067,-0.3253326,-0.6626583,-0.5198928,0.9218955,1.1942958,-1.6188583,0.73328865,-0.4019484,-2.4974325,-0.49760565,1.0928907,-3.4978857,-2.4056513,-2.4360094,-0.5164552,-0.292328,1.3188035,0.9134551,-0.7313951,1.1542624,0.6361551,-0.59238935,0.1978014
-0.46638006,0.5834225,2.3841364,3.3302753,0.16446549,-9.057593,-0.9037414,1.5542605,1.0045223,-1.2552985,0.80280864,0.7885543,0.7356962,0.06588052,0.5038284,-2.125874,-0.7644602,-1.9585135,-1.1972976,1.0544317,0.71242476,-0.19911623,-0.82209754,-2.3106656,1.2537813
0.8348091,-0.6908226,0.74407846,0.97497296,1.0903554,-2.0142019,0.71079564,-0.106020644,0.44417086,0.6264568,-1.8780408,0.16481149,-4.428707,2.6340723,0.72689384,-0.31041783,0.95331866,1.7268678,-2.6713402,-0.19825739,2.5338445,0.6127765,0.45725965,-2.6226087,1.2861886
0.9831445,1.6274649,1.4634367,1.4941726,-0.8247868,1.6141195,3.4639773,-1.7372706,1.3971851,0.37163895,-2.0119083,0.24128571,0.42657447,-1.1850141,-0.6774483,-5.439324,-1.3238316,-1.7555625,-0.1597712,-0.79626644,-0.82808995,0.18629655,-0.73785365,-1.5883,0.75841045
-1.926731,-1.5505519,-0.5147397,-1.0328867,-5.53625,-0.613256,-0.66744566,0.009880841,-0.5493496,0.6237087,1.1803182,-0.53090775,-1.6747024,0.6522289,1.4011668,0.34184647,0.4691503,-2.8021586,-1.1450641,-1.6276786,-0.61230093,-1.4259379,2.9148839,0.49412394,-1.3987067
0.44223058,-1.9038724,-4.5954885,-2.1696208,-0.69946057,2.3081257,-3.8735504,-0.8835289,0.36711586,0.04666376,0.18380663,0.43966538,-4.89614,0.0048015118,-2.3228729,-3.029379,-3.075681,-3.4453125,0.0486276,0.87314355,-1.9694426,0.679034,-0.22217023,-0.36576766,-1.0068082
-4.6344624,-2.6702507,1.4603344,-3.2881687,0.20297134,0.8780556,-3.3331945,-1.5206672,-1.2677466,-0.16366689,0.48545262,0.5113926,2.2253706,-0.46988034,-0.7944019,-5.439324,-0.7610448,1.3406878,0.826692,-0.51432145,-0.82207537,0.5211424,0.926821,-0.6902954,-0.5277331
4.7157,1.1525909,-0.12908144,-3.0310621,1.2244126,-0.5457662,-1.822331,0.27939537,0.48056522,0.055910893,-0.4063758,0.50435406,0.1724213,-0.4250507,1.6704249,1.3521882,-0.4948058,0.27124852,-0.42099428,0.21920997,1.8383025,-0.22550239,1.0293255,0.81031215,-1.4247699
0.49486688,5.8139567,7.6816483,-0.32343936,-0.7501082,-1.0776242,-0.205105,0.8903435,0.95476806,0.46050847,0.24294706,-0.14068596,0.23760307,-0.55626297,-0.5708879,0.50240314,1.0875888,0.83265716,0.28994447,0.7828746,3.085496,0.7361133,-0.21958739,-1.4786431,-1.8505173
-1.3217646,0.4658905,-1.7375865,-3.011094,-0.09693459,-0.08257985,0.8216235,0.90079665,-1.120313,-0.083750844,0.8867982,0.31406617,0.8326394,-1.4446518,0.25542477,1.6350957,1.3382477,-2.8156896,-0.3249368,1.7990582,-1.2820511,1.3875797,0.3015851,0.46460742,-0.8015069
-4.1967587,0.5956493,3.5865824,-0.9003472,0.1903081,-2.8153834,-3.0461419,-0.8559742,0.47055817,0.12382257,0.42509586,0.026238525,0.073396266,0.49498603,0.63153374,1.8500202,-0.62378955,-0.34490886,1.0588138,0.64663184,0.09094425,-0.28729683,-0.76087576,0.1275438,0.07811487
-0.0011763722,-1.4290154,0.5941199,1.0734787,-0.67981976,1.8478321,0.72605073,0.87244767,-0.24692406,-0.7032565,0.6345564,0.012143455,-3.0409918,-1.8172352,-1.5385773,-3.0544763,0.04552281,-0.5381296,-2.826217,0.9632793,0.17037801,1.4971881,-3.0286047,-0.51926035,-3.5553522
-4.6215687,-0.43567,1.5702273,-2.2620833,0.7929292,-3.7200966,-0.93474233,-0.8253108,0.23099221,-0.4875676,0.36026034,0.41644987,1.7877748,-0.45327425,1.0147128,-4.012866,-0.25682014,-0.30539095,0.9542341,2.6290364,0.17804538,0.18380761,1.0194609,-1.7439933,1.3438054
-0.03531807,-1.0415994,0.7973095,1.2274277,-2.1681302,0.5530748,1.2435218,-0.47506928,0.53802043,-1.5621053,-0.3660632,-0.75259805,-0.9135667,5.3284307,0.7219746,2.4192955,1.8329293,-1.8591708,0.4354958,1.0165925,-0.15710485,-0.78499484,0.57659805,0.39609462,-1.1130494
-0.09118125,-0.23953193,0.71653724,-0.41032004,-1.1767201,1.925447,0.63633287,0.6633618,-0.02488261,0.25572178,1.311591,-0.18881951,-0.049134135,-1.2401093,-0.053414635,-1.8903613,2.056643,0.36370492,-2.4419317,-1.1053325,-1.1019458,-1.5523891,0.6321157,-0.9742425,1.6447539
-4.1730514,0.94940054,-0.18404359,0.19313116,0.047778293,0.21207112,0.16178423,-0.6907308,-0.595511,-2.1837325,1.311591,0.8320385,1.3072801,0.30156016,-0.02380243,-4.133336,0.5369792,1.367781,0.035588726,0.3310514,-2.9635262,-0.7262902,-0.18702877,1.777643,0.04254988
0.56185454,0.8611218,-2.2177658,1.7155195,-0.72926146,0.95139736,-3.718023,-0.093645215,-0.73520434,0.35483006,0.8763666,0.38452378,2.7869475,0.383622,-3.064338,1.0875243,0.2929723,1.3597883,0.72324634,-1.771584,1.1267538,-0.52274466,3.5002816,-2.077006,-1.1134665
-0.46181697,-1.4078422,0.32630897,-6.001935,-1.2512515,-0.5502098,1.241216,2.9538229,0.13220417,0.9000658,0.34363848,1.6759706,-1.9831717,-0.70921,-1.1501119,-1.0400404,-0.6334066,-0.65095365,-0.17073388,0.5874512,2.6921725,0.59332836,0.033338726,0.47320032,2.158092
1.7919388,2.1341817,0.5809791,-0.6390936,-0.24040985,-1.4859631,-0.71641886,1.0025673,0.88317347,0.7018634,0.66730785,0.69987667,-0.9664122,0.4337991,-0.5403057,-0.59691405,-0.7880997,1.4453676,-0.38486242,-0.90573066,0.40624446,1.640576,-0.3503104,1.9744688,2.1842163
-4.1861286,-0.6435149,-2.0179973,-0.06154996,-0.14424515,-2.019619,1.0042703,-2.194958,-0.28438157,-0.3699147,-0.22785738,1.2969687,-1.3193854,0.37528697,0.04623235,0.8185128,0.6359478,-2.2948751,0.7249636,1.8177345,0.9679019,-0.53758657,2.4804287,-0.3226192,0.6437021
-1.3415546,-2.221661,-0.21530247,0.7907809,-0.6258894,0.95349693,-0.47402188,-0.91742885,0.88630825,0.14318663,0.52235925,-0.22645965,1.8906187,-2.1262784,-3.6946688,-2.5719156,-0.65331066,0.43054354,-0.14755753,-0.92168915,1.1363913,0.9195798,0.30507138,-0.8379791,0.026575029
-0.5989896,-0.35106736,-0.8504026,-1.450102,-0.51588625,-1.994381,1.3940378,1.0649395,-0.10856937,0.0999906,0.61591595,-0.31878224,-0.03666258,-1.4713271,-2.5127141,1.1962883,0.08405496,0.6207925,0.089883804,0.12426755,1.0943704,-0.3505404,-0.6084287,-0.88837856,0.033765763
-0.87563026,-0.11654431,1.1609235,-1.899941,-0.7145571,-0.35295814,3.1820905,0.20541133,0.91871476,-0.27317214,0.66730785,-0.344591,-4.7009244,3.140722,-0.19487685,0.90571773,0.62866694,0.88137484,0.6943228,-0.5648701,0.10620269,-1.3518994,-0.31402808,-0.7085022,-1.80759
0.5050048,0.47208354,0.08834624,-0.3579176,0.60025305,1.2622459,-1.5271422,-2.6573248,0.9104973,0.5097462,-0.3660632,0.31240603,0.35097593,0.08138716,-2.1480503,-2.3760836,-2.0615468,-3.7292767,1.1743553,-0.51670223,-1.9071742,-0.9008279,0.6246891,-1.0642035,-1.7156259
0.35308322,-1.8468156,-0.88638514,2.4942229,0.50254273,-0.26772204,-4.329083,0.7686529,0.33396822,-0.16458735,0.30657926,-0.26348874,0.8873949,-4.889557,0.3518781,-2.4854562,0.566872,-2.608664,-0.48476845,-0.9594018,0.61177874,-2.5525694,0.514237,-1.9626646,-2.307903
-0.9603313,-0.8677156,-0.70034957,-1.4330701,-0.14220965,-1.120151,-4.7328744,0.2812955,-0.1291404,-0.97807944,1.2981364,-0.06866054,-0.927836,-1.9615579,-1.2413234,-0.42649066,1.2894379,-0.5196203,1.0366507,0.73387545,0.2537641,1.8183533,-0.5747471,-2.5018818,-2.2617884
-1.1851058,-1.4883082,1.1103202,-3.345088,-1.6725699,0.6734388,1.4956461,1.4897007,-0.11440012,1.6823097,-0.661549,-0.23073575,-0.13666952,-2.2853174,0.82740945,0.54967284,-2.1255968,-3.2256994,0.11917472,-0.46553922,-2.6205425,1.2699631,-0.64221394,-0.34208584,1.746062
0.7164708,0.10751462,-2.2732482,-0.15751377,-0.13264164,-6.4036818,-2.9008331,-0.074316055,-0.64044154,0.51981264,0.708761,0.22349334,1.2037135,-0.47374594,-1.3173678,0.8060983,0.5564254,2.1530378,-3.079192,0.9508949,-0.87988037,-1.1235878,1.7704718,1.058838,-0.466484
-0.2302885,-1.6048825,3.2321525,-1.8920869,0.7909467,-0.9651363,2.365414,-0.8676879,0.69852567,-0.5691424,-0.06069892,-1.0604527,-2.5989485,-1.2436466,1.6004685,1.3808304,-1.686732,2.0495942,1.0974487,-1.3284997,-1.7210891,0.38803503,0.45539704,-1.5837574,-1.195122
-4.57723,0.1912897,-1.599736,1.6409376,-0.5563463,1.0129654,1.0193775,0.63422304,0.17374375,-1.2550938,0.37979534,0.17446776,0.36129582,-2.8988223,-0.37734964,1.7564166,0.07654089,-1.6740798,-0.11788845,0.5707871,-2.4145284,-1.0518384,0.12825078,1.0176554,-1.0762875
1.6148256,-2.2759147,1.5936246,0.31811824,1.6728151,-4.114098,-1.0979285,-0.903557,0.075373955,-0.07578866,0.88192713,-0.22842231,-0.21489716,-1.6900358,-1.3195627,1.1109163,-0.30678338,0.30870217,0.17046213,2.1119409,0.56084806,1.4952276,-0.4803686,-0.16497481,-1.0293983
3.0000377,0.7805852,2.7015524,-8.630644,-1.1492865,1.0285411,0.341017,0.8568522,0.16574721,-0.23976964,-0.4561898,0.19004796,-4.4844785,-0.6325279,-0.30174428,1.0597311,-0.12224039,-0.6047454,-1.1680592,-0.76031935,-1.0724587,-0.6473315,-1.4849898,-1.6614964,0.5842919
0.944487,3.863034,2.2840066,-0.5312613,-0.40841827,0.69467646,0.938185,-2.1740587,0.25250274,0.018341273,-1.8780408,-0.41566595,0.14990497,1.9098045,-0.51884365,-1.0782844,-0.7610448,0.86666363,-0.21098556,-0.7538227,2.2185414,-0.49992025,-0.5778487,-2.4665375,-0.24991043
-0.25787526,0.27638918,-0.11893082,-0.8932967,0.84308875,2.1128476,0.8368453,0.60550255,0.15067527,-0.09017369,-0.91035813,0.60937965,2.2385452,-1.397153,1.0903217,-0.044442534,-0.32918465,-4.4931283,-1.6640444,-1.0236981,-0.30379462,-0.7323389,-0.699418,-2.4002435,-0.5509839
-2.0471277,0.99221677,0.017102093,0.36605537,-0.5853356,1.6187724,-2.419971,1.9821846,0.5449559,0.19163458,0.28926903,-0.53090775,3.2608392,-0.19844389,2.2167325,1.7866182,0.8546827,0.07881281,1.3002415,-2.1712692,1.7841514,-1.6534058,0.033378392,-0.5202358,-0.3447814
-0.6955856,-5.0959873,-2.5027418,2.037498,0.26758513,-1.013595,-1.3612854,0.2118819,0.053230338,0.2219689,-1.0658602,-0.154976,-0.014902949,1.9667156,-0.18081316,-0.016300797,-1.7205675,-0.3135304,0.3676611,2.5614233,3.6667867,1.2327634,-1.6103578,-0.27218693,0.6385782
-1.1595006,0.34122005,1.1060767,-2.573315,-1.5695862,0.50583893,-0.20714638,0.87656164,-0.68538684,0.51285654,0.46011046,0.39481565,1.6979635,2.1417038,0.4743423,1.4832299,-1.2640975,-1.3975505,1.290868,-2.8341956,2.645156,1.018633,0.6883101,0.49632844,-1.2961069
0.5855247,-0.14049697,-3.3765068,-5.504627,-1.3607395,2.9676769,0.6520651,-0.51954126,-0.13608587,-0.7069997,0.34906483,-0.19076285,-1.2068858,-0.3204304,-0.49465227,2.2319245,0.74442995,-0.44674256,-1.0893,2.6290364,-1.3258045,-0.8322325,1.0631211,0.02271454,0.5867905
0.6225333,0.36247063,1.135891,0.47066715,0.924219,-2.5354524,0.5462327,-3.3387752,0.49944872,-3.2832341,-0.8773489,0.59302485,0.39154398,2.2744436,-1.3339074,-0.45328823,-2.2827616,-0.31517845,-0.6244243,-0.31629282,1.0699416,-0.3077525,2.0208898,-0.5280198,-1.4070579
-0.8137995,-1.3826495,0.67674816,-1.1490359,0.2670197,1.734007,-0.20079204,-1.0977768,1.268229,0.19079107,1.3504894,0.5589745,-3.4073396,-5.185952,0.4065673,0.32195342,-2.906869,-1.0542486,-2.7444994,-1.0594233,2.0029187,-0.087637395,1.3102303,-0.042703807,-0.24642922
1.1386123,0.10475547,1.0268248,2.1268017,-0.8703209,-0.08794594,-1.4274141,-2.804964,0.42115405,-0.19197917,-1.8167286,-0.31828764,1.4980174,-2.6290717,-1.2619543,0.097198844,-3.9094114,1.2038504,1.4063752,0.009025365,0.09635004,1.5308912,-1.4816899,-0.51409066,-0.3468181
-0.037631422,-1.3838334,0.574353,-2.6922193,-0.30255255,-0.9845766,0.5596757,-0.56790465,-0.39647382,0.5221745,0.40046877,0.56960166,1.0267708,-2.0896633,0.5875751,1.9698805,2.019899,-3.1594028,-1.3845448,-2.0662928,0.51302314,-2.5068955,-0.5109742,-1.1368477,1.1272147
0.35366327,0.28716797,-0.78410494,-0.83266294,0.4984655,-2.9310536,-2.6376166,-1.0757402,0.88441217,0.34583768,0.41647828,-0.24509683,-0.8261874,-0.8118125,-2.8319736,-0.12769234,-0.5969229,-0.66304785,-0.08270904,0.9830476,-0.94438833,-0.007893741,0.56308234,-0.75042224,1.8160115
5.235503,-1.0737176,0.8038615,-0.1370372,0.5899704,-0.2250765,-0.1765521,0.026896939,0.31438154,0.6983126,-0.008856257,0.444608,-1.9113432,1.5262449,1.9605846,-1.043637,1.3383838,-0.54403067,-0.8569054,0.17614019,0.8149995,-0.5673585,-1.0278498,1.5442048,0.8088662
0.1911415,-0.2774312,0.49651238,0.06894779,1.3165747,0.6113921,-1.4315116,-0.3668204,0.2977612,0.055611238,1.5261755,0.84130585,-1.1457591,0.4145741,-0.2833941,2.7276475,-0.5348347,0.43218926,-0.17710397,0.4726724,-0.2986893,0.29112983,-0.09414229,-0.82601434,-1.0388131
0.35366398,0.4439387,1.837791,-0.14000112,-6.430441,0.8869111,-0.39484978,0.8587961,-0.16249129,1.024555,-0.97421575,0.8534831,-0.043907225,-1.489841,-0.59056115,-1.7842519,-1.670928,-0.40178224,-0.5088937,-2.2148147,0.3303839,1.0454371,-1.1308838,-0.12132795,0.4195559
1.1364508,2.6165128,-3.499497,-2.741251,0.36669332,-1.1436131,1.1025288,-0.8151042,-0.30310503,-0.29445642,-0.5916808,0.113832064,0.6802493,1.677552,-0.64776033,2.304756,0.449496,1.3752958,0.43132672,0.091079116,-1.1113102,0.5899248,-0.2589201,1.7357575,-0.89893854
0.16036607,0.55566007,-1.8202283,-2.9518056,-0.6639914,-0.5773021,2.3122563,-0.23766357,-1.2653283,-0.8770372,-0.7550695,-0.19873698,-3.6850922,0.070168555,-1.4636234,0.23625848,0.17411557,0.24182498,-0.5969571,1.4448107,-1.4237199,-2.2539065,1.2362137,0.49563238,0.083562285
0.5999826,0.5436207,2.0338564,-0.3697148,0.74935293,-2.9983783,-0.0063118637,-1.3916426,0.42428443,0.55145156,-0.50598985,-1.169229,0.5020895,0.12540531,0.76241386,-2.9588256,-3.5459504,0.40576166,0.35589713,1.0737921,0.06851703,-0.6088073,0.54374355,0.023036703,-0.6782722
-1.0730522,-0.9305872,2.4783745,-0.2365981,-0.2566464,1.1456927,-0.113478154,0.3895287,0.54013246,0.16175099,0.48562878,0.2386157,-1.5428098,-2.9289725,0.78883904,-2.119743,1.2078009,-2.9387026,-0.5484269,-1.5246727,1.7735196,-1.6022247,-2.9139197,-0.67203677,-0.57945144
-0.42592502,-1.7680258,-3.4492338,1.3139017,-0.69974446,-2.8691015,-3.7811313,-2.6919699,0.76112777,0.9639132,0.6716527,0.078956194,1.2799597,0.51003104,-1.937185,-1.2658582,-0.53242767,1.1059928,0.47408995,0.59857047,-0.89819413,-1.0804118,1.0217316,-0.06299217,1.2205553
2.053247,-3.5652356,-0.015207544,-0.10154679,1.4187162,0.8049423,-0.07318741,-1.2951412,0.53727955,0.39011395,0.44843093,-0.17406455,-4.5312185,-1.3373501,0.38147527,1.2369193,0.8887079,-0.4840544,-0.07713758,-1.4546335,-0.11569686,-0.9479865,-1.85103,-2.6617298,-0.6965798
0.25246754,0.13900864,-0.7286492,-0.19505745,-1.3991908,1.6615968,-3.0665746,-0.1278193,0.06967786,0.17128775,1.080156,0.5523313,0.290959,-0.20477223,-0.954571,0.9798466,-0.4144742,-1.9594362,1.6776282,2.955584,-0.036307424,-0.3888679,1.2263825,0.55636156,-0.8727672
1.9676166,-2.7717457,0.8439207,-1.0118692,-4.6043043,-0.010988697,0.27241787,-1.1742536,1.1553233,0.671012,-0.2096584,-0.3371144,1.0261726,0.9151391,-0.014583647,3.3146877,1.1771269,-1.2228146,-1.65929,1.189287,2.9018438,-0.48211822,0.63112706,-0.28593308,-2.9037242
0.7684096,7.667959,0.36434704,-0.6672172,0.7660934,2.4950259,0.477638,-2.1414719,0.57244664,-2.472403,-0.079260565,0.56960166,1.6560584,-2.7355185,-0.23445287,-1.3186855,-1.6417096,0.30590403,-0.14657149,0.6570192,0.57186633,-1.278904,-0.9401214,0.70819867,1.7402158
1.5111473,-0.91843367,1.0247842,1.299149,0.18654485,-4.1097445,1.2338066,1.6241314,0.121496156,0.97819227,0.17290604,1.0594616,1.143129,0.14529705,0.42120138,-1.6494201,1.1504753,-1.3809842,-0.3087293,-2.2331927,1.1285863,1.358385,1.3378017,-2.690651,2.2460475
1.0034515,0.8484739,-3.0892954,0.10139641,0.09199005,-0.12512603,-1.0863311,-0.42931503,-2.1237142,0.79799896,-2.4441826,-0.12220496,-3.5852895,0.88109285,-1.3325117,1.5763353,0.75623906,0.33249068,-1.4705809,-1.0755384,-0.24918751,-1.9349135,1.0811315,-0.79903716,-1.220004
0.85848737,-0.59272444,-0.17136386,-1.3741608,0.33371052,1.3121023,-0.7794087,-1.779783,-0.0073815025,0.17316276,0.3267156,0.27676174,1.2109163,-1.5247947,-5.212702,-2.3057697,-0.53959596,-1.5839127,-0.6268906,-2.8029618,-1.7022902,2.357524,0.30501723,-0.12090224,-3.3053384
0.5032455,0.4169474,-5.280871,-4.3613057,-0.07286748,1.8451092,-1.6111013,0.71500665,0.06104043,-2.1042693,0.261509,-0.23073575,1.4158196,-2.6337173,0.2107296,0.62105894,-0.63661563,-3.2904496,-1.9517852,-1.8761196,1.5738447,-0.042895198,0.71396035,-2.3000286,-3.7818727
-0.2658705,0.53924006,-1.2429235,-1.7656833,3.559364,-1.9617333,-3.3660395,0.8343128,0.10147224,0.47189644,-0.05445715,0.065899074,2.729811,-1.8682065,-0.67272717,0.49629682,0.6557933,-0.5811608,-1.6223775,0.52231944,1.5291826,-2.4719543,1.3872478,-2.9672618,-1.9069505
0.46081215,-0.32133222,0.6416068,-2.70512,-1.8612248,0.97425854,0.07347536,0.62969756,-0.2449647,1.3290949,0.058127463,0.10375638,-1.9340718,-1.3409507,2.49049,1.5343506,0.6254108,-0.20453607,1.0657465,0.88643825,0.3108458,-0.35457003,-0.34904197,2.085762,0.8171517
1.781127,0.4764032,0.52978444,2.080275,0.3929184,-1.58898,1.1657057,-2.6236348,-0.1488691,-0.2502685,-2.2196155,-0.46157447,-1.8070309,2.3412924,0.05324626,0.6870817,-2.1121337,-1.942498,0.4992851,-0.47021645,-3.5302606,1.3192313,-0.92445254,2.134717,-0.7858515
-2.9056878,-3.4944062,0.06365451,-1.2782687,-0.14707789,0.98800296,-0.18126893,-1.1228752,0.325273,0.6696903,-0.65488154,-2.3031588,-1.0517973,-2.5310643,0.6729096,-1.1191597,0.6994123,0.5253489,-0.69615257,-1.129337,-2.0851924,-1.2320706,0.6005845,2.1479397,1.1480443
0.7889478,1.0297076,0.104599595,1.6703615,1.8113331,-1.0486128,-0.07789779,-0.09239769,-0.05190597,-2.2674584,-0.2590574,1.3346605,1.5958104,3.0991282,-2.3523962,-0.8185605,0.6701243,-1.3485428,-0.15537529,1.0591444,1.7591727,-0.022608876,0.13899368,-0.58077425,-0.42394823
-0.3303609,-0.19991529,1.3027477,-0.6224165,0.2656541,1.3662311,2.4230754,-4.209093,0.725617,1.5379633,-0.48745656,-0.239966,0.764552,-3.6523445,1.0196451,1.0297048,-0.11600931,1.2601436,-0.98942626,0.6266104,1.2869062,-0.7930211,-0.44588876,-1.0426756,-0.87157595
0.06788789,0.7081703,-0.28607497,0.03751099,0.5421951,-0.27629304,2.4070072,1.9655026,0.08632037,1.189652,-0.039692692,1.2163959,-0.67067766,-3.696199,0.54570436,1.8583105,0.30632594,-0.9556859,-1.810617,-2.5451598,0.06859738,-0.9315205,-1.776047,0.120167375,-0.0070378184
-7.4953847,-0.5244331,-11.509894,0.33624762,0.12905464,-2.0590396,0.77189934,0.043470323,0.4403573,0.06594704,0.28652745,-0.017732784,-0.92194176,-0.22569886,1.0491954,-1.3902568,-0.44303322,1.6671331,0.6773069,1.218359,-0.46068567,0.20523047,1.0920923,0.47548193,-1.5781395
0.1368567,-0.2890466,1.0599105,-0.9966912,0.26946187,1.6575698,1.1150976,0.2357665,0.428404,-0.35171926,0.2977222,0.026316915,1.3404835,-3.2343583,0.6839952,-0.9238058,1.1656904,-3.5199769,-0.52980876,-1.208772,-0.020123184,0.30951154,0.9603221,0.1809261,1.4895016
0.21339712,0.8808464,-0.35277802,2.4367685,0.28902915,-2.7301226,-2.4576974,1.4220831,0.39006114,0.11074802,-0.6163913,0.9924034,3.0188236,0.23971522,0.13710037,-0.58463997,0.8338468,1.2510514,0.13203071,1.1285733,0.68956643,-0.38229126,-0.44600552,1.1468004,0.7498566
-1.7531345,-4.2759924,0.7660087,0.67459357,1.4100955,-0.27751127,4.4147806,4.307202,0.3566654,1.2809284,-0.42668012,0.038209815,-2.9993649,4.7573805,0.90859324,-0.48299825,0.6767805,0.8027506,-0.82604146,0.82801956,1.3967775,-1.363248,-0.2503697,-0.9217704,2.3579013
3.1290977,0.03538972,0.4134178,0.3620835,0.056577772,1.9901949,-3.0594883,-0.7148145,0.42115405,0.42391545,-0.31980553,-0.02798096,-2.6389558,-0.73211914,-0.9766098,0.25561684,-0.3021412,-0.90753114,0.25752604,-0.20589346,-1.3845928,-1.0417261,2.3972697,0.16568989,0.6879126
0.8535644,-1.288893,0.77201277,0.9653971,-0.06283754,-2.7220335,2.442926,-4.3849425,-0.30075598,0.12382257,-0.6116292,0.41922808,-1.9008875,-0.76596516,0.57663286,0.61923903,-0.8130308,-4.369565,-1.5392296,-0.5587298,-0.13304353,2.6050534,-1.49591,1.8840512,0.5288925
1.1761675,0.01255089,1.0471995,6.1366053,0.9815739,-0.7411538,-2.2954497,-1.2011611,0.76112777,0.6183291,0.96206236,-1.3966279,3.2447507,-2.128663,-1.2680078,1.6360539,-1.2499188,0.6743754,-1.1420263,-3.246585,-0.053559646,0.723086,-1.8660269,0.055136085,-2.1161966
-1.7343185,0.32607502,-3.7285135,-3.6033225,-0.9261691,-0.2530198,0.19358595,1.9014928,-0.29726848,0.21607196,0.61591595,0.6399163,-4.50501,-1.7129197,-0.7944832,-2.1035404,-0.73177844,-4.7041183,0.18237796,-0.80940026,0.6312878,-2.050464,0.7705931,-1.3675289,-0.24699026
0.113049775,0.65519416,-0.86750937,-0.929117,0.5199181,2.8271255,-0.56366515,-1.779783,0.075373955,0.72185534,-1.350079,-0.14804916,-0.06957623,2.763772,0.76241386,-2.0535753,-0.35511,-0.19095016,0.41568422,1.4724994,0.18921423,1.6159301,0.2295731,1.4607741,-0.5197767
-1.2913718,1.2072613,-0.3113671,-2.75696,-5.674945,-1.8214958,-3.5402303,-0.551844,1.5370139,0.52434015,-0.7979014,0.02402867,1.2573525,-2.8886843,-0.32605785,5.4032936,0.12006411,-3.2479818,-2.972086,-3.0038724,0.36718082,-1.5040021,-0.18019864,1.0139043,-0.64186
-0.7062701,-1.2416084,-4.883682,-2.1123686,-0.09880288,-4.561452,-3.2942445,0.28707963,1.5370139,0.25572178,0.27987346,0.6097665,-3.6222441,-1.2715966,0.05433638,2.5123188,-1.6865573,-0.6463263,-0.91440237,-1.2952344,-1.9432864,-1.9467772,-0.79633296,-0.69807875,0.6707996
3.1238382,-1.2182171,-1.1327901,3.0335877,1.3905557,-6.8529477,0.1350688,-1.8448788,-0.7797479,0.30574074,-0.07859315,-0.95656383,-1.4657125,0.20496118,-0.74644816,-2.383151,-1.1818234,1.245863,-0.3274176,1.3176166,-0.38661855,-1.1548032,-0.65294343,-1.493921,-0.22525571
0.3332653,1.416477,0.59706163,-2.2194428,1.7735367,0.7538781,0.731056,0.7378291,-0.2659778,0.81913453,0.28652745,-0.14804916,-1.6684107,-1.1313155,0.4472264,1.3515093,2.1275446,-0.48746413,-1.153176,-0.9225394,1.1944864,-0.8922614,-1.19734,-1.0823907,1.548437
-0.48193675,4.103512,-0.6748831,1.0906084,0.035077274,1.6607462,-0.423802,-0.26273578,0.58917856,0.22120112,0.8311012,-0.22776362,-1.6823931,1.8206383,3.708043,0.55678314,0.35721278,0.4432,0.2050645,-1.4699908,-1.2302125,0.0006663799,0.12070966,1.1946669,-0.21526279
0.39301836,-0.16560209,-0.68253183,2.2341433,-1.4203216,0.58905554,0.19765498,-1.9061291,-0.105961576,-0.4875676,0.85841113,0.40839309,2.228095,-0.2564674,-2.46897,-2.9388797,-2.101112,-4.734562,0.2827676,-1.6103865,0.122562654,0.46942294,-1.4262979,-0.32464558,0.02342248
1.0015948,0.14687306,-4.874094,-0.9035574,0.99739945,0.9412993,-6.3098073,1.385797,-0.52999663,0.52434015,-0.087225296,0.17790246,0.25042614,0.019104779,0.90859324,-0.29241943,0.82729226,-1.2420818,-3.6926274,-0.50033253,-0.52888465,-0.09332882,-0.20818806,0.75863016,2.7662256
1.1445761,-2.5669682,1.233228,1.7296672,-0.3064654,1.6292453,0.03394109,-0.9375665,0.47055817,0.10506768,-1.0190692,-1.3966279,0.527478,1.1445004,-0.095488906,0.993033,-0.8164363,2.625847,-1.1700873,0.10929848,0.773026,-0.8609118,2.5959086,-0.44023418,-1.4140507
-4.1878195,-1.1858046,0.615138,-1.1847174,-0.5289363,-2.4774702,1.4739828,-0.53167176,0.68226266,0.22120112,0.5562213,0.4743671,1.9555495,0.6549995,1.149288,1.235981,1.6787598,-1.8123064,-0.13372616,0.45134977,-0.4942975,-1.0317073,-1.2017161,-0.33714485,0.72561055
0.062506884,-0.8922387,-2.05249,3.7943058,-0.0932655,0.42927423,-1.7951306,1.5213251,0.2746691,-0.07310037,-0.23806986,0.5329423,-3.6726532,0.35985643,0.33473882,2.3577933,0.19421306,0.35264453,0.19055845,0.20539364,-1.012101,0.17876256,-0.020864815,-0.5766524,0.49166495
-0.49484545,-0.42878747,-0.012569651,0.4268517,0.9880126,1.1591032,0.77941537,-1.6720252,0.69325095,-0.3034847,0.51469433,0.58942544,0.68101287,1.953097,-0.51884365,-1.2181046,-0.3385086,0.20522867,-0.9693566,0.40473884,0.5093248,-1.2267568,1.2123911,-0.19295284,-1.4666289
-2.4762783,-0.041178018,0.85698247,-1.1402291,0.48469234,1.3322432,-0.55469006,0.2981913,-0.23473655,0.12511194,-0.7979014,1.3650007,-0.9288278,-2.6174288,1.1547364,0.23625848,0.75801116,-1.3156823,-1.5510712,1.5795465,0.41209474,0.1001696,-0.5562156,-1.8748668,2.0223901
1.3532628,1.408735,1.1274897,1.5793569,1.4809138,-3.8686047,-3.1891608,0.18353334,0.5779524,0.4828541,0.38862216,-0.2118053,-1.0352318,2.3204975,0.22046474,-0.18679988,1.1035802,-0.2582972,0.31880605,1.1798428,0.32400072,-0.6223229,-2.626358,-2.2432299,0.8375501
