A,B,C,D,E,F,G,H,I,J,K,L,M,N,O,P,Q,R,S,T,U,V,W,X,Y
1.6691449,1.4972506,0.87371534,-0.5518923,2.1767714,-0.96205497,0.4592026,1.649078,1.1372567,-0.7725214,-0.047997355,1.0716035,0.6077536,-0.7193632,0.5496087,0.31733754,1.1482149,-1.4779385,1.1131275,0.41682428,-0.88839006,-0.5343557,0.66789854,-1.0905485,-1.0673828
0.48471645,1.3667245,-2.3366609,0.89856064,-0.2865917,-1.0230217,-1.4588546,-0.24041462,-0.50446737,0.53590435,-0.6829357,-2.3981967,0.7463387,1.0463516,1.0686495,1.1857579,-3.850428,1.2957519,1.1073979,0.5782883,1.2502909,-1.2234006,-0.2586223,0.8851517,0.7210701
-0.29484466,0.9517777,-0.18793352,1.2191733,0.6884197,0.74669623,1.5465987,1.2671807,-0.3563292,0.8687073,-0.5805285,2.2317011,0.27597755,-1.2536895,0.8353028,-1.5535638,2.8018386,1.999242,1.5834994,0.47707573,1.2381912,-1.7567178,2.0036626,-0.9643227,-0.91160756
0.36489162,0.2905029,0.98268133,0.11449458,0.40058383,2.2620583,0.6747904,0.47617942,0.51825,1.7749919,0.15110677,0.9675003,1.3773339,-2.8182967,1.0413857,-0.54287094,-3.0869691,-1.2886163,-0.53991187,-0.32346898,0.41738442,-0.57795197,0.38891324,-0.85944563,1.261136
0.1386199,0.6842012,1.7334225,0.09978546,1.1449528,5.066766,2.0848832,-2.2504327,0.2046563,0.86498773,1.4158964,3.2752242,0.2442983,1.5387404,-0.28589806,1.5199233,-0.8952223,0.1683352,-0.20918852,-0.57432777,0.094883665,-1.5518737,0.5095947,-0.71208626,0.028051496
1.3019931,-1.1373968,1.2301967,0.116640456,-0.25649184,0.60691345,0.23665884,0.28047353,0.1730287,0.2766624,0.759013,-0.81429243,0.50537044,-1.4599214,1.1197922,0.21204674,-0.1564872,0.11525472,-0.51526296,-0.56558007,0.12762739,-0.41143435,-2.621916,-0.2519453,-1.1768682
0.026703566,0.34002334,0.30702764,0.48084468,1.8338611,2.476012,0.51037616,-0.29805106,1.1166139,0.16218379,-0.51739216,-0.3331777,-0.501037,-0.54974145,0.6160316,-1.1495984,-0.21501142,0.4468056,4.929835,-0.67424655,-0.17716631,-0.74298525,1.8460631,-1.7499853,1.0836103
0.8808421,1.266845,1.7188436,0.514864,0.18568873,-1.2556715,-0.66366833,0.9547798,0.30575418,-0.19442543,3.0044336,1.0560114,-0.21925402,0.5330874,1.4087706,0.83460206,-0.77922696,-0.91792995,0.1449579,-0.7492584,0.008506417,1.058347,3.135188,0.6958941,1.4139262
0.19898424,-1.1320355,-1.0567998,0.55001724,2.0819767,-0.12743446,1.1527522,0.23668355,0.33620235,1.0726994,-0.5691015,-0.9672918,0.45657527,1.712101,0.9520296,-1.7453539,-1.3871701,2.586843,-1.6372337,-0.4001301,-0.7942254,0.19134521,-1.6791096,-4.399891,-0.5191407
-0.104730636,2.125753,-0.7535973,-0.10556903,0.9377294,0.7919542,0.4464448,0.77893585,1.1178402,0.32787418,2.8216183,-1.2764441,0.31474596,0.73455757,-0.23885728,1.5227299,-0.38310564,2.2086856,2.9387283,0.64449024,1.1599666,-0.51350594,1.0993563,1.2839894,-0.49484527
-0.5816052,-3.7504187,-0.06711932,0.82308793,-0.019999504,1.8073283,-0.25687963,0.35348088,0.1458584,-0.5341724,1.4636617,1.2923837,-0.73707086,-2.8193407,-0.12559897,1.1013656,1.878681,-2.178978,0.8415395,-0.9431865,0.27688926,-0.24638629,-2.2176425,-1.7338848,-1.3576782
1.4955161,1.4513125,2.0497916,-0.20604339,-0.98203707,-0.1689065,0.026769817,-0.22632252,-0.74323976,0.56406283,-1.4927938,-1.3678128,-0.09452137,0.32338524,0.23685822,-0.030277073,-2.614187,-0.85832715,3.68873,0.05492207,2.3685017,1.799127,1.6207066,0.9692744,-1.1119318
1.8901448,1.5629257,1.1911186,0.32355517,-0.40701056,2.6145992,0.09045911,0.9050859,0.56957453,0.5524814,0.31100965,2.0019526,0.8241391,1.0696167,-0.9292957,1.6746035,0.3874873,4.17588,0.6359675,0.7291351,-1.1148902,3.0624516,-0.31786886,-0.35550982,0.53556645
-1.1960249,-4.351045,-2.5498765,0.19297755,-2.1959429,0.42544705,0.4353282,-0.7323693,0.07540676,0.20276807,-1.0913948,-0.25968736,0.0025070906,3.2658825,0.67606044,-0.95864975,0.3450278,-0.11661455,-0.26418307,-1.1519061,-4.2175884,0.5726838,0.76214015,-0.7945174,-1.3508744
-1.9938325,-1.3742713,1.4788318,0.50455904,2.3182802,-2.9871225,-0.14825635,0.56838495,0.38423717,0.24646807,-2.2084694,0.9813102,-0.72263634,0.36162555,0.42091814,-0.827227,-0.34258473,3.2549489,1.1590177,-0.48009282,3.6795995,-1.8125378,-0.34820706,0.8768779,-0.84515077
1.9853415,1.5670938,1.6305059,-0.7118743,1.019665,2.8371272,0.634652,0.88845676,1.5449775,-0.33035815,2.8033268,0.22211537,1.5007334,-4.2280126,0.65562135,-0.11132467,2.2479634,2.3217616,0.70683205,-0.2164495,3.87826,2.6330009,1.6967146,-0.48666745,-2.1133726
1.9018551,1.5372554,-1.2132692,0.29833448,0.9227992,2.609365,0.89462686,0.40014148,0.340851,0.44667962,2.7550557,-0.24864584,0.6126341,1.2733918,-2.3624783,1.4968834,0.28472733,-1.6366537,1.3922472,1.2148776,0.63305175,0.38958693,1.9961536,-1.8107193,-0.046604753
0.4232959,0.09785017,0.14133078,0.4614415,-1.6933353,1.4834559,1.2431076,-2.3660872,1.1013525,1.1510603,-1.3003981,-0.73846424,0.8568636,0.11664344,-0.0025238395,1.5832531,-4.3494287,-2.8323998,-0.33902764,0.39393485,-1.264524,2.4240851,-3.555403,-1.3685783,2.6737535
-1.2516402,-0.40152806,-0.11715792,0.22489884,-0.038695455,-1.8973222,-1.348434,-2.9183073,0.9928078,-0.3677184,-1.6034839,0.4048252,-0.051066995,1.6393745,-0.9847568,-1.3882279,2.1579826,1.8818526,-1.5431029,0.86256045,-1.5197225,-0.66641057,0.34868926,0.7295564,-0.57452595
-1.4172997,-0.38522694,-0.18978053,0.12968688,-1.1076028,-5.2342167,1.5999846,0.07506296,-0.2606898,-2.2059436,-0.45419163,-0.41697693,0.52930474,0.6190109,1.541652,-2.1183586,0.15499806,1.8333721,1.1771749,0.30275187,-2.1579962,0.29070038,-1.0530845,2.6829083,-0.85081893
-0.87297696,0.19936705,-0.85910535,0.2485576,0.6803919,-1.2786283,-0.18091375,0.82014894,0.18328542,0.6045797,-2.0023649,-0.62383586,-0.49211478,-0.1428971,-0.27946204,-0.78314644,0.7798883,0.053395692,5.2142954,-0.95212847,-0.8337015,-1.264674,2.8025954,1.1904066,1.9522353
-0.124235995,1.2910352,0.04511118,-0.18365315,-0.029593974,-2.398211,0.88628614,-1.8313321,0.93301916,-0.19449696,0.68251634,2.2498636,0.66231364,0.3241224,-1.22481,0.106160015,1.1971283,2.3715878,-0.70335567,-0.14041507,-0.5798948,-0.3937481,-1.4227327,-2.6664314,0.24570468
-0.36342564,-0.16620027,-2.2848387,-0.2355626,-2.1514177,-0.16025442,-1.4355547,0.33611518,0.5183569,1.4279438,1.52889,-2.0188167,-0.63063574,-0.3631533,0.3917716,0.79695785,0.5574133,0.087057084,-2.7341442,0.05492207,0.49585822,0.6175881,-3.1284146,-1.2619056,-2.0488899
1.1664407,-0.9500251,-0.041899323,-0.13935968,-1.3105651,-2.9942126,0.8707467,0.9104036,-1.2271451,-0.20926279,-1.2538551,-1.0159432,-0.8098629,0.303751,0.08098641,-1.5194056,0.6254705,-2.8537657,0.10173282,0.13916534,1.6433468,1.9497209,-0.043195784,2.2020416,-2.8064096
-1.58334,1.4989963,0.6971291,0.39204386,0.88758034,1.797818,2.4610853,0.5350828,1.4132195,0.043665737,4.5162425,0.7814235,1.3383902,0.29530892,0.47980988,0.8487154,1.093928,1.4562621,0.26329786,0.23503545,0.5232825,0.8039913,0.2982614,1.8085954,-0.23203635
2.1785004,0.03583692,0.032283634,0.28609815,-1.0330896,0.15878439,-0.6811367,-2.2155433,0.16722287,-0.17389455,-0.9046073,-0.1925103,1.4959431,0.19169836,1.2473674,0.32894427,-0.87092495,-3.159139,0.62885505,0.12657744,0.18173203,-0.39547414,0.621168,1.3758924,3.1983254
0.51846576,0.14267299,0.39469695,1.0344961,0.4258842,0.07399713,4.7081175,-2.4454167,0.13292295,-0.07905242,0.16572434,0.78596556,0.9947156,0.18965761,1.3063964,-0.8553221,2.9096143,3.1177876,1.5729461,0.94343233,-1.7692928,-0.14663963,1.0418993,2.3770738,-0.7536116
-1.959779,-1.5466504,0.956506,0.60347885,0.10159463,-0.34126663,1.5110538,-0.3482933,-2.0038087,-0.70555407,-1.374922,1.5870235,-1.6873503,1.8565298,1.3135372,-2.3363454,2.8512459,3.5329723,2.5255313,-0.80642676,1.4459956,0.4482521,-1.1560979,3.6499586,2.4038424
-0.15761614,0.71567917,0.268481,-0.5429177,-1.962976,2.9539871,1.8867427,2.852753,1.6979592,-0.16579205,0.33786955,-0.9967967,1.4369154,-0.30662185,1.8131135,0.68638366,0.27414474,1.3316435,3.9584541,0.75895613,1.7640214,2.438174,3.434863,0.2849939,-1.5707747
-0.029064894,2.0951622,0.019154668,-0.77955383,1.0754592,0.1747011,1.7513542,0.14225265,3.0015435,-0.3850888,0.25579616,0.12745827,1.6251968,1.2448121,-1.8727428,3.1275911,1.4429858,-1.5341529,0.6762773,-1.258278,1.2252085,1.429353,1.1803823,3.122162,-0.11404805
1.5904471,-0.04322678,0.54562193,0.3034747,-0.17056054,1.2013003,0.36369988,-1.2060636,0.26369083,1.9386417,1.1038628,0.3595078,0.7574532,1.6845725,1.6149461,-0.07830787,1.64497,0.57164174,-0.6015066,1.6409074,-0.8112726,0.96345073,-1.1874055,-2.2582889,-0.18893349
-1.2667977,-1.087383,-0.13424456,-0.7620296,1.25551,-0.29672146,-0.15630093,1.231933,-0.4153119,-0.59889805,0.33737803,-0.9331582,-0.8588522,2.7215536,2.1158583,-4.4646883,-1.3871969,0.3142739,2.982006,-1.5556595,-1.294671,-1.0281811,1.2558913,-1.9932401,2.981147
-0.18053254,-0.97183955,-0.24270508,-0.30910468,0.8469677,-2.1580088,-0.2787318,2.632833,0.7394152,0.5179434,2.5200372,0.84856623,-1.1769671,1.1845748,0.950514,4.2796693,-0.4494369,0.7666885,2.622314,1.4720931,2.9122407,0.53898996,3.3018599,0.23399311,3.403874
1.764915,1.1125054,-0.4576248,0.1103709,0.51474446,0.5860314,0.91562694,2.1744401,0.5665976,1.8815553,-0.8749589,1.0520108,1.4075713,0.077025056,2.437905,1.428919,1.5179405,-1.6632482,1.0603665,-0.5151038,3.4212937,0.7998636,5.2387524,2.6574268,2.1538682
2.0700862,2.4995503,1.6136414,-0.38325006,0.7606338,1.739351,1.7029206,0.15236497,0.67436415,2.1377108,2.2500186,0.97359663,-1.3394198,-2.2502522,0.55256,2.218308,-0.051610067,1.9424901,-0.2868714,0.1574038,2.95039,2.025117,-1.5920104,3.2762015,1.8057892
2.0068684,0.95114696,2.1928194,-0.18478322,-0.5594426,2.6873746,0.26940292,2.0259387,1.5358858,4.1053543,1.6443396,-1.0004823,-2.2946222,0.26990223,0.80348766,1.5744835,-0.76761144,0.41367763,-1.8735068,1.1225181,3.0801675,1.7601125,0.4949196,-2.2686706,-1.3613037
1.7088742,2.0667548,0.56259,-0.3972699,1.1154547,3.156798,0.6224973,0.9293226,1.30577,2.2092168,1.2303483,-0.4694456,-0.08116114,-0.06877944,-0.49050388,0.91792136,-2.2637455,-0.8519062,-0.76414037,-0.44209355,3.5117717,5.939076,4.47178,-3.178092,-2.3617487
0.7396039,1.9013605,2.666543,0.25192758,0.65089613,0.2819457,-1.8491771,-1.0013988,1.4993589,0.46564803,4.8310866,-3.3124747,2.618558,2.0758967,-1.604622,1.50785,-1.0857438,-1.8811555,-3.6777284,-1.0984279,3.2632713,2.281402,-1.2720478,-0.4415178,-1.6466408
1.3406193,3.841158,-0.15530503,-0.21023744,-1.1883998,3.1197615,2.0660272,1.1119581,0.92202497,0.16457427,3.9381232,-1.7270589,3.7439356,0.11037168,-1.5263193,3.0825508,1.488944,-1.2329857,-3.6721232,-0.64721906,5.589468,1.5167667,0.67978764,0.40277514,-1.9374293
2.6976376,1.7478333,-0.16612786,-0.94943666,-3.6308835,-0.81770325,-0.5329357,-0.05130285,0.3599075,3.7967176,-0.8687167,0.7175125,0.17443901,-1.3114651,0.67518175,-0.29589856,0.54972005,-0.36733052,-1.8732036,-0.061296724,-2.195801,1.0592593,-2.132341,0.8584322,-3.8587332
0.9181884,1.34269,1.0756749,0.56797767,-1.625822,-1.7501186,1.177462,1.3893013,0.52282894,0.83041126,2.213783,0.34268144,1.3957692,2.1992428,-0.042547725,-0.3458779,-0.033947945,2.9091733,-0.25984892,-0.18363696,2.0717428,1.0170734,1.5255044,-1.33878,-0.7708434
1.1601932,3.311326,-0.7226624,0.46880823,-0.62547874,-1.2924913,2.1520545,1.7726846,2.9089425,0.17470089,-0.38282996,-0.59406996,0.22435287,0.2649142,0.8748794,2.4750447,1.1493903,-0.42143297,0.24517816,1.1225181,-0.80840594,-0.7058892,0.38336134,1.0961089,-1.6166123
-1.5147203,-0.9201058,0.35207498,-0.14775205,-0.045003593,-0.03570819,0.552105,-0.25226796,1.3399769,-0.20879778,-0.528019,1.9390726,0.50623655,-0.26358217,-0.15120612,0.4216798,-0.4135705,-1.8708974,-1.6176137,-0.29586887,-4.01153,0.6790216,-2.3633382,1.0868394,2.6991756
1.4727843,-1.8642507,-0.8059394,0.11419244,-3.6193657,-0.98394346,0.47406805,0.4069153,-1.2177213,-0.92140365,-0.51687706,-0.16301298,0.15227032,1.0352991,1.0687052,-0.44965684,-0.521183,-0.70511013,-2.0515947,-1.464039,2.024379,-0.21892351,0.35934114,1.4501275,-2.4243777
1.1862025,1.0952458,-1.1829486,0.57754564,0.6881547,2.126165,1.8353136,1.1589282,1.2406267,0.6649508,2.6696932,2.0534616,1.517267,-0.8534403,-2.6597576,0.38771367,1.5463579,2.6181068,0.5546175,1.0818415,-0.19729984,0.89603984,3.2548392,0.40769383,-0.17322135
0.28522485,0.5721774,0.0067192316,0.113148004,0.5247211,-0.5907872,-0.3692215,-4.2319264,0.12881917,-1.4247636,-0.43184263,1.0785358,1.830871,0.39382124,1.0713356,-1.0631014,-1.9818869,-1.0311106,-1.7287023,0.20403093,-0.5976143,-0.88003075,-2.9056554,-1.5117869,-0.635263
0.71410805,0.8588976,-1.5424819,0.35908127,0.5512713,1.2881553,2.2667394,0.33674133,1.4043746,-1.1493465,-0.58478916,-0.011699319,-0.011244506,1.1021813,0.8362645,-0.3495428,2.2326007,3.041007,1.5197036,-0.74059063,-1.1554555,0.9059946,-1.1423372,1.0534332,1.5557959
-2.825029,-0.3928846,-2.453985,-0.073033534,-0.71984524,-0.9575371,1.3642642,2.021071,-0.5873759,0.31517565,-2.6354294,0.3793942,-1.53352,0.015219444,1.131289,-1.8931844,1.3262596,-0.95961344,3.0784912,0.12507795,-0.5182835,-3.7597399,-0.17382973,-0.3916216,0.73906755
0.99730897,-0.6422741,1.4869604,-0.71064335,-1.1932312,2.3289056,2.0475132,-0.87045133,0.47695914,-0.78874946,-1.4741952,1.7205713,-0.19036995,-4.6147094,-0.2414189,-2.3494685,-1.2269144,-2.848231,2.6905704,-3.0834184,-1.3331759,-1.292927,1.0806522,-0.19667673,-0.49543354
1.2920411,-0.51843095,-1.8950626,-1.2607973,-1.4091249,-6.345396,-3.125917,1.4924413,-0.55918604,-0.92925537,1.4590454,-0.2722754,-0.8726593,-1.3632563,-0.036321737,1.4167097,1.7409843,-0.034909666,-1.8036098,0.4089351,-0.17616343,-0.1068667,1.174576,0.7960038,1.6202509
2.8078675,0.8199487,-0.56242967,0.5595463,-1.3080585,-5.94389,0.07208693,1.0353899,1.0706288,0.21026145,1.0952653,1.6721401,-1.0986307,1.875807,0.6948178,1.0273714,-0.29983884,1.4779178,-0.7990901,0.0898395,-0.19946587,-1.1901746,0.8184318,1.6707547,2.804661
-0.2003661,-0.56771004,0.23546222,0.17634708,0.3466639,-2.2470338,0.7823539,1.5301372,-0.29423204,-0.38938764,-0.29882616,1.1042104,0.4776424,-0.95252395,-0.6757324,0.9858656,0.98028785,-0.4909703,-2.2956648,0.2808387,0.7485815,-2.0123718,-0.38363856,-1.9853048,-2.0355551
1.2642114,-0.18540332,-0.6227688,-0.110944785,-2.3101673,-3.0815806,-0.11644933,-2.9002619,0.056515068,1.1091003,-0.16755188,0.6251752,3.2421873,-2.0089636,-1.8046571,-0.7157621,-2.9873881,0.8521869,-0.15104145,0.64942443,-0.4330169,-4.280867,-0.14214337,-0.13846523,-1.8513978
-0.4966036,-0.18558092,2.7174082,0.49947536,-1.5694205,1.0731051,0.4747604,-3.6557221,0.45607316,0.36442238,0.31940287,2.4348292,-0.21901411,-3.0084598,-0.60840756,-0.81611836,0.10008007,1.2120334,0.642088,0.8021112,-1.9406526,-0.96458644,1.6298989,7.126714,-0.5599447
-0.18257928,-2.4465199,1.2511942,0.052115742,0.8084421,-1.979782,-0.20434693,-0.30324948,0.5093893,-0.12292014,0.7541888,0.7128028,0.28339756,-0.19136757,-2.4979715,-0.11583036,0.011315763,0.60886353,-0.7057478,0.92226374,1.1072888,2.7199636,-0.5682295,0.6193689,-2.9664078
0.7793922,0.6713437,1.3621988,-0.21224731,-0.8750152,1.3354789,1.4227113,-2.7908423,0.022260606,1.0337703,1.7196195,-0.20167696,0.27830756,3.5916715,-1.8434689,1.9296131,-0.7317097,0.7185273,-0.70110345,0.50982136,0.61660945,-0.35739678,-3.2798903,-0.6098305,-0.6755093
1.3223811,0.59125036,1.2750081,-0.16610992,-1.3083684,2.13816,0.7842959,-1.2636902,0.5911962,-0.47113857,-4.353189,-1.308918,-0.11387214,-1.1733067,1.6580291,1.9408885,-0.76804686,0.95625114,-0.809167,3.3401625,0.9546689,1.710951,-2.0305908,1.0240837,-0.223589
0.62861854,-0.5481417,1.2133402,-0.5394486,0.3974498,0.3936944,0.7113689,1.0961955,0.31458667,0.48342714,-0.20314601,0.389589,-1.0216148,0.6803916,-0.10999036,-1.6812361,-1.3462478,4.0003715,-0.44809496,0.40454218,1.1082451,-1.6161164,3.7001276,-0.56628346,-3.5268643
-0.2262536,1.5126035,0.011084527,0.8699592,3.8358817,-2.27217,1.5382532,1.0240701,-0.9642392,0.50730574,3.9757507,0.53159434,1.617967,-4.6111245,-4.046573,0.5006185,2.1995862,1.2779074,-1.6780828,0.42856312,0.44400418,2.1522648,0.07994953,-0.8180601,3.498145
1.2002654,1.3767378,0.44888163,-0.09414189,-3.1098015,-3.9110677,-0.40498337,-2.592227,0.5348654,1.5305928,0.4722782,-1.6953018,1.1424799,1.4011133,1.2583734,0.39579532,-1.1718742,-0.4550129,-2.619539,-0.44272405,2.50424,3.6132898,-0.03809929,2.1727915,-1.3692641
0.35833794,2.4044163,1.6866275,0.072505616,1.8014779,1.1381531,-0.2277396,0.914356,-0.47277725,-0.062397987,-0.7293181,3.5363436,-0.06603971,4.3651648,-0.49425876,-0.4948533,0.14633447,0.43530232,-0.55353606,0.5716272,-1.5252542,-1.8460906,-0.7802893,0.96393687,-2.964596
-1.8120953,-0.8162284,-2.0838206,-0.09770229,-0.3647888,-1.8014894,0.15861352,-0.10556573,-0.12457907,-0.6566238,-4.162171,-0.10012919,0.07503188,-3.7526798,-0.30864894,-4.0152383,-1.2367266,-0.7342989,-1.4264253,0.31234905,2.017865,-0.10421145,-2.5176885,1.4694649,-0.6502957
1.9180722,0.74710965,0.72588706,0.59462136,-1.4708712,0.69339013,0.07233527,0.19252503,0.29474753,1.5708706,0.2561883,0.067025974,-0.6636045,-2.4131505,0.20484997,1.6630112,-1.0323479,-0.4095174,-0.5295141,0.6043483,1.9582584,-0.77178353,-0.6259526,1.0091729,-0.30655038
0.25184172,1.3502976,0.14560597,-0.25292844,0.31659272,1.2393597,-0.077998474,0.81796086,1.4919665,0.6034508,-0.23643416,2.3047705,0.9477632,-1.5952512,-1.5854328,1.9880149,-0.72775376,1.3751254,-0.3502635,1.7847182,1.5360715,1.90829,1.7348552,-1.6542943,-1.8676155
0.92878973,0.7652591,1.2611964,1.0192999,-0.9304203,-0.8876045,-0.32296842,-3.4418018,2.9844785,0.20539118,0.63096297,-0.9382756,0.004261315,0.21797517,0.905846,-0.23282114,-0.8022337,0.92499655,-3.1378794,0.52283067,3.4169478,2.1951554,-2.9632626,1.4759957,3.1797168
-1.2749748,2.6760511,0.6104052,0.18742712,0.19250298,0.386559,2.4131424,1.7136829,0.77701366,2.5029268,1.8197153,-0.2990556,1.8503863,-0.22484747,1.8663664,2.6169183,-0.0825398,1.9532571,-2.1986535,2.12024,2.7322333,2.3862805,1.5492059,0.2576633,-1.4947951
0.38599575,1.9814157,1.5720633,-1.3402634,0.08185275,-3.1239438,-0.3159271,-2.9032905,0.4922223,0.63083,1.9524869,0.8788601,1.2017323,1.8946546,1.2627726,3.824558,0.7888571,-1.0144296,-1.4211247,-0.3510643,2.6972575,1.7417712,0.45553708,2.983459,-3.4278765
0.65373623,0.23749626,1.7561705,1.1104362,1.5843593,1.4152691,-0.859431,0.60527027,1.305552,1.9817032,4.8522887,1.4130796,1.0386097,-1.1542424,-3.4557738,1.6061114,0.21032035,2.1045687,-0.58856034,0.38947073,0.74538785,3.0533357,-1.6451619,-0.5216159,-4.093392
2.1811798,1.7822759,1.9004704,0.07743132,-2.1143963,-1.6322124,0.9753134,-2.8046856,1.3172743,-1.3105472,1.6639882,-0.90711826,0.5653708,0.57808024,1.3899504,-0.73864096,2.911057,-0.20427096,0.6299055,0.9003679,0.8481441,0.42059243,-2.3338485,3.3795054,1.4243776
0.67505366,1.107226,-1.5665283,0.69851255,-0.15951473,2.46038,-0.3402071,3.1197758,0.39906573,-0.91403234,-0.42388183,0.15961957,-0.7790476,0.42983332,-1.0205194,1.2724278,-0.8890178,4.1880693,0.05262123,-1.0923303,-1.3320938,0.38413262,1.5578368,1.8031859,-1.2192045
-0.2336219,-0.4808382,-3.809929,-0.13671714,0.47674477,-4.781571,0.59305084,-0.5296532,-1.0950086,-0.8495613,0.9325286,1.4997869,0.43008655,1.0123647,-0.5816665,-0.55425876,2.5359597,-2.6186395,-2.0670147,-1.4269185,1.3308113,0.66113,-2.8046017,-1.6221613,1.9887123
-1.1476841,0.5157935,-1.4719582,0.8734746,-2.1977265,-3.967426,1.9850093,1.5435413,-1.0581775,1.277559,-1.9662224,-0.7675832,-1.5995008,0.29854947,0.6252134,1.1472149,-1.564892,2.6607409,0.23400998,0.30471292,-1.3130193,0.16886003,-1.8328876,-0.30074003,1.9738927
0.40927923,2.0171835,0.66282225,-0.100507,1.5002003,-0.7919061,1.7071109,2.0133042,0.45027906,-0.3580728,1.6573868,1.6995261,-0.75327265,0.46875194,4.5444,1.2896527,1.3678883,-4.280013,1.8017426,-0.6658955,-0.685554,-0.76795137,-0.09238697,-2.410385,1.8777443
0.72238696,-0.27021247,-0.23399603,0.20695543,0.34991437,-1.2246861,1.1151905,2.6099322,0.28675926,0.21665475,-1.0321728,-1.3857597,1.0163357,-1.0877202,0.68357676,1.4455639,-1.1676316,-1.0774555,-0.7833601,-3.0683079,1.8570284,0.5464402,2.6811616,-0.26201916,0.47289756
0.8020438,-0.17525962,-0.7948258,-0.52698666,0.3381287,2.317703,-0.76404095,-2.4008088,0.9505627,-0.36183557,1.7333277,1.301296,-0.93755496,0.55846786,-0.47064462,1.1191584,1.0734283,0.15546912,-0.0577448,0.67292804,-0.13714373,4.7417865,1.3678384,2.3114493,-0.54829675
-0.3505371,-0.6626548,0.32628053,-0.070346765,0.9001722,-2.2048497,1.5743132,1.3604019,0.3414075,-0.11675489,-1.7339034,0.850675,1.1967981,3.7580886,-0.012924537,0.31123722,-0.59513247,-1.0864661,1.2534539,-0.6427451,2.0839276,0.9256421,-1.6464156,0.6592237,-1.6607193
1.2587014,0.78075385,-1.266829,0.9048671,-0.39669314,-0.2737394,-1.5367649,1.0170966,-1.5902133,1.3222853,1.5046054,1.2651432,1.6708219,-0.069948554,-0.6440437,2.5556417,2.4059083,0.12442967,-0.67653537,0.13619336,-0.20098096,2.1452365,-0.14531754,7.031354,2.5022342
-0.671203,0.54913557,2.4707255,-0.04960414,-1.6515484,-1.8358537,-1.2337775,-0.9869977,0.69335485,3.2772064,-0.87526166,1.5716212,-1.8531015,2.1723008,0.10119057,0.84139663,2.484094,1.1116606,-2.0135489,0.19702724,0.4080913,1.2238095,-0.8397585,1.2871176,-1.2564173
-0.0399518,0.6465536,1.4634254,-0.36174518,-2.8920476,-4.0938005,-0.9985342,1.2576137,-0.81752545,1.6106006,2.5742095,-0.10686064,1.2260936,0.93012834,-1.6244681,2.0641952,-1.1396303,1.4009238,-0.30325806,-1.2341088,-0.05660045,1.3728031,-2.0001242,-1.7567014,0.30597663
-2.2901957,-0.99252653,2.5267367,0.12740086,-1.197751,-1.27435,2.022666,-0.21226633,1.186143,0.19077207,3.2988863,-0.8808333,2.2074952,1.0064873,-2.517599,1.6950495,0.75254446,4.011775,-1.0974917,0.77841187,1.3318402,0.43771893,-2.3993716,2.0696988,-0.4733195
1.7366774,1.2892962,0.116206884,0.5652383,-1.601548,0.05139625,1.5397,-3.589078,0.38367814,-0.23013249,1.4292468,-0.4957344,0.10682511,0.3203858,0.64182055,0.42842808,0.7327513,-1.0760732,-1.3506213,-1.6283581,2.3604832,1.0909815,-3.3018608,4.882134,-2.2556906
2.68869,0.3290731,-1.0012902,-0.38146198,-1.3372431,0.579793,0.13506648,1.298205,1.0951631,2.4433613,-1.6165297,-2.795808,2.1983423,-0.09066351,-1.2297685,0.02171582,-0.9529638,1.0346841,0.54565924,-2.4311543,-0.020047486,-0.2754862,1.0632683,-1.5025452,-2.4967375
0.998314,-4.1267104,2.2966676,-0.48526174,-0.5591329,0.53703,2.2646153,-2.6070027,-0.23560253,-0.053729706,-0.9427985,-1.3563429,1.1467615,1.0436503,0.29555583,-1.0947742,0.6486777,3.6934316,-1.4138803,1.3148353,1.4608778,-1.5776414,2.1534393,4.0742583,-0.80457246
0.6224865,-0.5718215,2.1403136,0.48161554,0.92349243,-1.4715846,1.3999915,-0.39386845,0.2507051,1.0559912,-2.1323473,-0.043943584,0.059889704,-4.4302397,0.28026757,0.06450355,1.2745636,3.6443,2.1062706,-0.033108316,5.695493,-2.2058055,0.60507935,7.7312813,-1.7837029
3.8620071,1.8297557,0.8947422,-3.8090265,-0.5998514,0.55326855,2.492698,1.1842808,1.1090167,2.455136,3.6450443,1.4496112,1.4958085,-5.1277227,0.37763274,0.67780703,2.8290107,3.0712748,0.3540925,0.21458605,4.155458,-1.1516982,-0.7876103,-2.0169666,0.045837745
2.290107,2.3682709,1.5490894,-0.34294742,-0.44522652,2.6183996,1.5378443,0.59365207,1.057097,1.3794565,2.707809,1.7551622,1.5182025,-2.4962332,0.23907654,-0.27726302,0.86561376,2.818667,-0.51693195,0.05492207,0.511698,2.2844656,0.8789527,-1.6358848,0.07549524
-0.18199658,0.08875874,1.8890545,-1.1509881,-0.16857862,0.10709585,0.52044,-0.7147982,-0.07193257,0.6335453,-0.19261837,0.8205642,-0.23628932,0.08701223,0.67870027,0.7211224,-3.0402012,0.9041044,-2.2278883,-0.73633564,-1.2256457,-0.87311006,-1.7634252,-2.421063,0.8662512
-0.010633171,-0.9403709,-0.10291797,-3.8090265,0.9342691,0.50669307,0.75774443,-0.048936218,-1.2500312,-0.9614506,-0.5465865,-1.3603728,-0.61162627,-0.23022978,-0.19902167,3.3858995,1.1348643,-0.3684335,0.019862562,-0.54159456,-0.54290235,-0.26519838,-0.14938056,1.0259148,-1.1857884
-0.59400797,-0.57227093,-1.129452,0.32204974,-1.0255624,0.9447451,1.1534069,1.5160148,-0.5670349,0.10766138,-0.7773224,0.9741657,-0.0426116,0.9972676,0.66123813,0.6926335,-0.5222046,-0.69653296,2.0074239,-0.32589662,-1.8209335,3.0074148,0.208991,-0.8660836,-0.83576477
-1.1389128,-1.1588206,-0.59176505,-0.06386436,0.23256403,-1.9910969,-0.7215748,1.7701808,1.3541477,0.43238506,-1.3099803,-1.002302,0.69023067,3.464216,1.6326131,2.6663294,-1.0189686,-1.0818791,-0.5452633,0.22986689,1.4707954,-4.1025367,0.77215457,-1.3880713,2.7066865
1.0444509,-0.46655762,0.19129634,0.45132276,0.751908,2.3509898,0.57441944,0.42157978,1.0017169,1.4753436,2.5421762,-1.0899537,2.0655694,-3.1655614,0.68070775,-0.09361148,-2.6906683,-1.2377347,1.8808783,0.9792953,0.7934308,0.40330768,0.20769846,-2.2833228,-0.5247856
0.13479546,-1.2795799,2.1084569,-0.34355074,-1.6586436,-0.4728736,1.8146979,0.71134686,-1.3480031,-0.14675091,1.426641,-0.7542173,0.25978196,-0.40195906,-0.29968512,-0.73206973,-0.6203905,0.34743372,0.79274344,-1.1608659,-0.859683,-0.09304778,4.5093756,4.817826,2.6053884
0.48168316,-0.09242,0.20757264,0.52362347,-0.07225597,-2.324871,0.5407207,-0.06906876,0.6039595,0.54550976,-1.0047336,0.83494586,0.5576842,1.0678669,-0.44330087,0.33093482,2.363585,1.2810436,-0.1515212,-0.44580564,-1.1328707,0.018944196,-0.8657158,0.21742468,2.145127
-0.23453951,-0.74369264,0.8838169,0.034754053,-0.38632,-4.457116,-0.5054047,0.7216395,-0.9488388,-0.3278851,-2.4665391,-1.046631,-1.3712022,-1.1260842,1.2406021,-1.9903796,2.3366373,0.76810116,-1.1877408,-0.95212847,-0.22479153,0.26738998,-1.5424266,1.332489,0.20782888
0.3863735,0.8481738,1.1838905,0.7229393,-0.48596787,1.1043866,1.1875099,-0.9602817,-0.27209803,1.228349,-1.3140571,1.39707,-0.07718852,1.4961417,1.4509107,-0.9128564,-1.6690943,1.3759451,-1.8639905,-0.95040786,-0.052332282,0.41030058,4.31867,-1.5143287,1.3878933
2.165537,-1.1385853,0.28392935,-0.078640185,3.1269052,-3.0032053,0.7220148,1.515264,-0.51460636,-0.9961944,-1.0578392,0.76823807,0.7918792,-0.029925853,0.2559895,1.0737901,0.86705816,-0.53080916,-0.31411153,-0.8687384,-0.67901176,-0.6752451,1.2383226,-1.0109793,-1.5391812
1.0786989,0.34722632,-0.9916433,-0.56028575,1.1390884,-2.67848,-0.48527703,0.22564666,-1.3004872,-0.27327245,0.84128153,1.9864247,-0.6336068,1.350318,1.1039157,-1.1300672,-2.882696,1.8541515,0.65529084,-1.2730007,1.0433128,1.6777853,-1.8165014,0.22490484,-1.0244795
1.964278,3.6324081,0.07737833,0.8699592,-0.17742616,1.1523211,2.4037414,2.9379215,0.85574543,1.3802444,-0.19853371,0.0834654,1.7991294,0.7796552,-0.0065301806,2.580288,0.6954135,0.8294705,0.05281177,-1.0960158,3.539905,1.2204108,3.7683353,1.0660737,1.8659484
0.61643034,1.9314904,1.2110825,-0.7118743,0.66732043,-0.23371935,-0.69563913,1.5623474,1.750155,0.85606253,0.90520245,0.5651169,0.59192,-1.2653867,1.3702683,-0.068205535,1.4850951,-2.3262832,0.11534166,0.8021112,4.3825026,0.3925441,1.5201552,0.5299138,-2.7305236
3.0263603,0.9619038,1.8585348,0.9252963,2.2139444,4.1388454,0.64866793,0.677811,1.8780507,1.7137842,2.8846045,2.7968922,1.560213,-1.1633322,0.23377995,0.85204947,-2.6770344,2.6077056,-1.0228128,-0.7184983,0.42612672,-1.5602872,-1.1441144,-0.24706616,-2.8092582
0.41636318,0.3534879,1.0395323,0.24988756,0.704193,0.8171902,1.3220608,1.0326567,1.1510121,0.74959934,-0.6647512,-0.4035227,1.3713356,-2.9816859,-0.2414362,-0.11476287,2.3142798,1.4352138,0.24359222,1.0173117,0.7265081,0.2984084,-0.6711582,0.29301593,0.25991273
0.51174724,0.9717104,0.2971559,0.085381635,-1.0112062,2.758063,2.2823427,-1.6213467,0.32358372,0.922145,-0.37243265,0.25596878,-0.4629168,0.82201266,0.34987307,-2.034202,3.229842,2.7335176,-1.2779021,-0.24835369,-1.5456507,0.4265743,-1.1401868,-0.4509104,-1.3513077
-3.2765985,-0.3523029,0.95322925,-0.31158012,-0.93411916,-0.9855673,0.893093,-0.8386326,-2.3345802,-0.51575005,-2.999925,0.53122103,-1.2916844,0.84627914,-1.1002511,-2.2146807,-0.8080399,-2.3225746,0.4034503,0.058717072,-2.9986763,-1.6344473,-1.924548,0.6161748,-1.5939895
-1.3797947,-1.1454058,0.5165647,0.43300205,-0.16269374,-1.8254013,-1.7919071,0.76974124,0.6717466,-0.65588725,-2.057131,-1.1086954,-0.06466347,-0.91321933,-0.040646307,-1.7558428,1.5551505,-1.25318,1.3853906,0.9590706,1.4509039,-3.003232,-2.5243921,1.451766,0.7936287
3.9208913,0.5797148,-1.3302013,0.33913133,-3.6534224,4.180251,0.01913312,0.5764931,0.9967115,1.8505449,2.177981,0.5704404,0.52203184,-2.3960757,-0.3345386,1.0157351,-0.35964024,0.58549553,1.5052,-1.2070177,-0.7399452,0.3609715,0.18775304,-0.47782815,1.4974086
2.054904,-0.08064622,-0.5789361,-0.55388856,-0.79436547,2.316558,0.580938,1.461158,1.2413939,-0.58920836,-0.8579916,-0.17483823,1.9118099,0.5029146,-0.23639223,1.1384313,-2.2695236,-0.7954577,-1.1032846,0.12657744,-3.1489701,1.355797,-1.4724509,-0.63875324,-0.017810404
-2.2884617,-1.3658918,-1.7824688,-0.0046932623,1.3931525,0.20477486,1.7538399,-1.2968376,-1.8108958,-1.6500396,-0.7396823,0.7181645,0.26771754,2.2546566,1.0527523,-0.3057478,-1.4927053,3.2149086,-0.5833721,1.21752,-4.456361,-1.1490859,2.9615214,2.9302287,-0.3752609
-0.9869221,-0.6714119,-2.3938127,0.66150266,1.8771108,-5.9552207,3.16966,0.46793127,-0.6601589,-2.2728121,-1.2189178,2.233077,-1.2389916,0.66886973,-1.4739413,1.0966681,2.8554907,-0.1589377,1.7910838,0.7033971,1.2100286,-0.18015882,1.6965725,-0.079332545,-0.66151077
0.8589082,0.053079337,0.12765837,-0.43397358,-1.6715555,-0.3814602,1.3304106,0.098189235,-0.22736716,-0.5450766,2.0744748,-0.5010092,0.7886816,-0.8862901,-1.924188,0.57825434,-1.1487255,-1.1904627,-2.7757761,-0.29292583,0.6832398,0.6458933,-2.8368316,0.06508297,3.2783537
-0.27768812,1.1634238,0.80440116,0.2984698,-1.2205677,1.0640335,1.4516795,-2.478723,0.8798933,0.013657644,2.5132256,0.95982575,1.2075093,1.7926035,1.541245,2.1347358,1.209873,1.6941061,-1.354084,0.052145865,0.84756327,-0.018484592,-2.2458682,1.1262596,-3.5237458
2.112993,-0.4056727,-1.2700946,-0.31449062,-1.0112392,-0.04411924,1.3404523,2.4478981,0.9557196,1.4642471,0.48365134,-0.19006215,0.68730193,-2.019503,-4.498931,-0.018921524,1.3662466,-0.9687119,1.5413334,-0.6427451,-0.5140344,-1.6302829,1.8899758,0.4774743,-2.2715812
0.2404636,-0.930503,-0.51580894,1.135249,0.17689492,0.5625858,-1.1486787,0.20610332,0.20467389,1.5207931,-1.5298456,-1.1033566,0.20258191,-1.390711,0.56761074,4.397443,-2.79493,0.8601977,-2.7488055,-0.33337867,1.1240286,1.5338793,-2.5021546,-2.9094229,0.65241575
0.7567486,0.9955858,-0.054433286,1.0707705,0.076476574,1.65201,-0.443797,1.2949945,0.6558611,1.9042653,2.1727808,-1.5371997,-0.4577747,1.8762704,-1.4959077,2.6286304,1.1272329,1.6551485,-0.26961926,0.6491629,-0.31566638,0.99747896,-0.17770949,-1.3318894,-0.9528639
-0.023787364,1.0217297,-0.21807092,-0.19735709,-0.6016103,1.4841248,2.9306028,-1.4144568,0.81583977,0.14850906,3.3838272,-0.8918805,-0.6996714,1.7925184,-0.6027134,-3.6849618,-1.0480664,-1.1103327,-1.5598142,0.987848,-0.8215025,2.050343,-4.8560934,-4.826139,2.0312622
0.9731914,0.07860485,-0.24248901,0.8274513,1.6112165,0.9240817,-0.38154227,0.1735388,0.07261759,0.03472699,0.4426896,-2.4281147,0.64410114,2.42238,0.82158905,-1.4748678,-2.0864031,-1.1160305,-2.676495,-0.44272405,0.6290473,-0.7963565,-1.3604339,-0.81961447,-0.8218329
0.5227869,0.7456599,0.7519158,0.116640456,1.751288,3.0713828,-0.80780625,1.2079068,-0.3799454,1.9559834,0.03964883,1.0399601,1.1346985,0.84497184,0.038106494,0.3034246,-1.4444852,0.3363834,-0.040082753,0.69516844,0.29217175,-0.40966123,-0.08964515,-0.7247222,-3.164245
-0.1680705,-0.042970777,0.87634087,-0.55542076,0.34667575,-1.197071,0.47358418,0.23058912,-0.40235102,-0.07425658,-0.5653868,-0.6059588,-0.2860358,0.9245268,-1.605685,-0.9676267,0.5596914,2.1865988,-2.16486,-1.0960158,-1.0797267,1.763835,0.50983906,0.52794313,-0.015556157
0.010257125,-0.5265641,-0.04528755,-1.0171448,-2.8839548,-3.469943,1.4658668,1.4987235,-0.93420994,-0.68492883,2.1852043,0.6725771,0.58564967,1.4724051,0.4910942,-0.61986965,1.1498473,1.3175745,-0.6011207,0.31501082,1.7063283,-2.1402173,-0.32338712,2.66623,0.7447369
0.6176956,-0.027435422,-0.52059966,-0.28278747,0.90937674,1.4945247,0.3124474,0.06305717,0.35893613,0.42408735,-0.023363292,-0.26728496,1.4660997,-5.585876,0.88033915,-0.42809606,2.155293,1.2376479,-0.79661745,0.42037994,2.698395,0.35248488,0.5834494,1.3632147,0.44002685
1.7731662,0.33872426,0.72979516,0.27411145,3.055419,0.3121673,1.4524204,-0.97755826,-1.3671056,0.6326026,0.8508519,0.47150376,0.59017575,-1.3114725,0.38530052,2.2245796,2.4815326,2.4424524,1.5624735,1.1035055,-0.54991156,4.753086,0.5465368,0.9033715,-2.6153133
-0.03863003,-0.4701211,0.058823973,-0.02676417,-0.73506695,2.0070798,-0.17909896,-0.97789323,0.501029,-0.25559342,2.2702823,1.3611585,0.6108625,2.3343225,0.63361144,1.5356562,-0.4494333,3.7224545,1.1428621,-0.27772596,1.9531047,0.7235383,-0.9625397,-0.62054974,1.6235414
-1.0965513,0.46138743,0.94721687,0.008887947,0.15854526,0.12211037,0.2210648,-1.7461705,0.75171185,-0.7808245,0.93112713,1.5711731,0.4380773,-0.34260768,0.056997597,0.0336197,1.1815956,1.818452,0.74896526,0.13396576,2.6334186,-0.07992287,0.7136031,-0.37681764,0.7232972
1.1988025,1.5594629,-0.60473305,-0.37029612,-0.3637281,1.197014,0.78869605,-1.1371156,0.19448206,0.19453122,2.694096,-1.5888052,-0.7040471,-1.6476873,0.0040681623,-0.6259719,-1.4663867,-0.90836746,1.0421329,0.83925986,-0.82622623,-3.077868,-0.7725717,-1.0506024,-0.87719995
0.804473,0.56766355,0.5638212,-0.2800351,-0.8443644,-0.46047002,0.25527352,-1.3480556,1.1914735,2.349333,0.26940393,-0.9401441,1.3199948,-1.4576712,-1.4387004,0.15594594,-0.41966063,-2.1700115,-1.2875901,0.8449235,-0.90451646,1.517602,2.034334,-1.7416308,0.615646
1.7660568,0.7230216,0.43450862,-0.50550765,-1.6947137,-3.2410836,2.3214378,-1.1365066,1.147143,0.89001876,1.2763379,-0.57917875,-3.2754354,0.957764,1.5226979,0.8892077,-0.8501651,1.8591254,-2.6567264,-0.51207846,-0.9716782,-1.0703319,0.7606993,-1.2762089,2.2296453
1.0214633,0.3152719,-2.5289476,0.2779368,2.4642196,-3.0144129,1.9711471,2.1568928,0.14675559,0.26187205,-0.5987793,-1.4769739,-1.2494099,-0.15447688,-2.3437076,0.9355117,0.82408077,-0.47830945,-2.404276,-0.43983328,1.1818215,1.7118223,0.36798823,-0.44000554,0.7736722
1.315634,1.231808,-0.0038938522,-0.2800351,-1.334014,-3.3493752,-1.870259,-1.9033078,0.6090735,-0.021628916,1.3114454,-0.45238236,1.0970284,1.3789425,0.98196304,3.924898,-2.694221,-0.50151026,-2.4454212,1.1520008,3.7069945,5.0356817,-1.3801262,-1.1982746,-2.3760407
3.2392228,0.52872455,-0.80032325,0.114849344,1.5709662,2.7132099,0.06784952,2.8779645,1.4738725,1.6929741,0.90323144,-1.7234292,-0.84260666,0.6855716,-3.2520275,0.9817338,0.89436376,-1.5489266,-0.29208857,-0.35417488,-0.72764856,2.9658506,0.2732083,-1.932308,-2.1556711
-0.7005862,-0.45230746,0.20148459,-0.1364448,0.94361466,-2.4091933,-1.7963939,-1.9772577,-0.3631218,3.0370061,-1.2416623,0.6134704,-0.39306822,2.982501,0.5138593,-2.7494454,-2.0634928,-3.172017,-0.047909886,1.0264736,0.44068235,-1.285652,-3.6789584,-1.4698777,1.5804507
0.65593123,1.379333,1.7427559,0.35131738,0.6643653,1.4174192,2.9375129,1.383486,0.48039424,0.34328866,-2.3128147,1.8378234,0.7618631,-2.4459767,0.51116973,-1.2530682,-0.37699187,1.7972157,-0.7043842,-0.69497824,3.2969642,1.2664132,1.647556,-1.0217147,0.0033301115
1.8692869,1.5763128,0.7406452,-1.0482472,-0.24697709,2.4514027,3.0885892,-0.34970358,0.4927107,-1.8414986,1.0400378,-1.062157,1.4232045,0.3521464,0.68117225,0.16731668,-1.3467891,1.7402849,-2.3651602,-0.22230297,2.5401623,1.9447885,0.0016316772,1.3726186,-1.1665366
-1.8440084,0.16661766,-1.2858374,0.53291124,0.82134676,3.1237178,2.1248386,1.4230345,1.1650546,-0.06539434,3.256133,-0.07810968,-0.06603971,0.17598018,-0.06316386,0.29020396,1.2286984,1.1120267,-1.5909712,0.49368525,0.32819438,-1.0404948,0.76281893,1.2465338,-3.4543784
-0.20711899,0.82643735,-1.1400527,0.088577114,-2.160215,-5.393562,-0.5991597,-0.56922233,0.08523986,0.4708538,0.7529448,-0.4423955,-1.4315066,-0.76866126,-1.2897867,-2.929865,0.27740747,-4.3253994,-3.4184763,-1.4269185,-0.63276446,-0.07373563,-0.23427695,-0.049925044,-3.144584
0.93232536,0.41421878,0.0448668,0.113148004,-3.0207834,-3.0176158,0.3258974,-1.1713322,-0.33402547,-0.023979321,-1.8357347,1.5351899,-0.2716691,1.7092998,-0.7617053,0.8373766,1.8347024,-0.8863321,-2.708482,0.9310429,1.3341227,2.4491787,-2.3691843,-1.1899091,0.29231012
-0.90255266,-0.37837085,1.525186,1.4855781,-1.9869289,-4.5732603,0.45757222,1.5799755,0.03423752,0.4731537,-0.25168583,-0.3194017,-0.5942924,1.5828997,1.5535612,-0.56657064,0.3888819,2.1429043,-0.32228938,0.96685743,0.69524,-1.544981,-3.4956846,1.2990623,-3.2101111
1.2710189,0.59775484,0.18105632,-0.20731598,-0.47063816,-1.1061633,1.3228018,0.4414028,1.0234392,-0.62643385,0.8738558,-0.056935534,0.07389733,-3.372749,-2.6862726,1.1166029,2.1736393,-1.3604057,2.7593038,0.62055403,2.9078083,1.9123226,1.0563793,0.8600285,-0.2327347
0.44361705,1.6387296,0.56411725,0.0007572025,-0.6993014,1.0781705,-0.8830112,-2.3277657,-0.34260684,-0.32934564,4.9340963,0.68768525,0.14396751,-0.79470706,1.515648,3.1641347,-1.6897914,0.03631878,-1.5390761,-1.1262275,2.4961262,3.1515098,-2.8713524,-0.61714464,-0.39177454
1.4713414,-0.32240316,-0.29919395,1.193271,1.0300297,0.48793113,-0.7947622,2.39884,0.62407064,1.2375393,1.113051,-0.34641123,-0.0032871068,2.5161517,0.98694074,-0.2974535,1.0738934,1.5204468,0.74648845,0.93303484,2.637392,-0.016432166,-1.0672232,0.6235421,0.287225
0.8980587,1.2880728,0.17071867,0.46880823,-0.09239274,-2.9154763,0.85052884,1.1520952,0.5692913,1.147913,1.2981029,-0.8239863,2.5521011,-0.9977306,0.93358564,-1.5561198,2.6565857,0.17368683,1.3107898,-0.6406482,1.8100357,0.35804534,0.21450222,-1.2862988,1.1121088
2.5457046,1.0674151,1.6662167,-0.89460164,0.2554897,1.7119374,-0.00684911,1.6244171,-0.78840554,-0.119331665,2.3536894,1.6727691,0.8998078,1.3238571,0.11683637,1.7163879,-1.4094583,0.33206716,-0.061089694,-1.0334624,-1.2352993,-0.48430955,0.43933767,-1.6644909,-0.63132656
0.7983488,-0.98920554,-2.415843,-0.16184035,2.3285973,-3.6087093,-1.5249532,2.3458118,0.7662543,-0.24897382,1.7481657,-1.2097479,0.260121,-2.7001534,-0.33680102,0.24365276,1.0877022,1.7596412,1.5982251,-1.8559804,0.010728002,-0.43100408,1.9246111,-0.6394615,-0.68980813
-0.5442245,1.4967207,0.6258024,0.9516307,-0.7659838,2.3074243,1.3945067,-2.022008,0.14121056,1.1378586,0.93571055,-1.3774196,0.7429957,0.6217749,0.71456647,1.5275811,-1.780846,0.3289927,-1.2027638,0.8485913,-1.6346955,0.9425929,-1.4225172,-0.9079555,0.18284117
-0.45385838,-1.163217,-0.7022372,-0.56189674,2.1179166,1.2328773,-0.7552012,-1.0194608,-0.73485416,-0.64843273,-0.9995823,-0.51559395,-0.3830232,1.6393157,1.1596111,0.5081566,2.61689,-0.534565,-1.0169752,-0.29088008,-1.6270599,-0.066334054,1.3649262,-0.7183769,0.00044365227
1.0715251,1.0330503,0.5824077,1.193271,0.2600197,-6.471985,0.16680488,-1.2008302,0.86864424,-0.20897527,-0.6011238,-0.09230224,-0.32526088,1.6864359,0.34023166,1.4099791,-1.6135616,1.1569841,3.472047,-1.8118457,-1.7013162,2.5660555,2.1450427,-0.68718827,-1.4228294
0.79305035,0.88806355,0.70187324,-0.39282843,0.82799363,-3.1086874,0.18085559,1.4745393,-0.42642784,-0.009301096,-0.7159508,-0.2685418,-0.08087484,2.3404398,0.34382126,1.0966078,-1.6857135,1.6780169,-0.73498905,1.1537255,0.79566425,-0.780982,-1.1983618,-1.9863855,0.5148257
-0.4459083,-0.8445039,1.4587897,-1.0883348,0.44803312,-0.75469697,0.34789473,-0.0027403235,-0.072848484,0.34805128,0.48125178,-1.8520378,2.1740854,-1.4290203,-0.27285537,-1.1326747,1.1245153,-1.6072825,-1.6413041,0.6162175,1.127106,0.4342624,-0.9032892,0.9984647,-2.2430081
2.1215,0.9857173,0.69324267,-0.27088514,-3.947073,-3.043166,0.1045928,-2.0664818,-0.19392483,0.6706431,0.8914371,1.4120615,1.1231521,-0.9310595,-1.4387083,0.2478323,1.123397,3.4884682,-0.21105736,2.352973,-1.9689937,0.64898026,-0.26672977,5.914384,-2.1141238
-1.2661333,0.20331001,-1.636177,-0.39580846,-2.8609521,-1.7143531,3.817133,-3.5663188,1.6699176,0.6325222,0.3007705,-0.9065002,-0.5538145,0.035619855,-1.7140177,0.8919021,3.169691,5.972094,-1.4655386,-0.64721906,-0.5691802,-0.13608038,-2.1542358,-0.041332364,-4.14249
1.8065877,-0.1639818,1.2959869,-0.62657154,-1.3072715,-0.4540814,1.2408419,0.30132574,0.7431638,2.4207728,2.3637283,1.6895232,0.5481548,2.418893,1.1687723,0.13361335,2.4163814,-0.6948779,-0.9125183,0.9020557,-0.26139602,2.2179813,-0.30464816,-0.001088202,0.8698254
0.8740805,0.388761,2.7072039,0.25192758,0.28730834,1.7358596,1.785115,1.884023,0.31062776,-0.0866575,2.2268977,-0.34100115,0.31614637,2.65971,0.70358276,-0.5856106,-0.9913553,5.2412186,1.1640966,0.60598534,-1.5463154,-0.84803075,3.5885167,1.2479029,-0.49193507
-0.8532712,-1.0335182,-0.920552,0.8689319,0.3004385,-4.6837616,0.05965489,0.5173766,-1.0957161,-0.89092815,1.1283135,0.31008145,0.48428708,-1.069732,0.071119756,-2.958147,3.884479,1.0598091,1.8920157,0.62167877,1.5213784,1.4260675,-0.27871433,-0.7709631,2.2725315
1.5589101,0.8304773,-1.8428624,0.2020987,-1.1812661,3.323801,1.2566819,-1.1698561,0.82882476,1.7668017,-0.64174986,0.63632095,0.15769091,0.75907373,0.42045438,0.32159618,2.8440113,-0.88705677,-0.06435415,-0.61962354,0.6406826,-1.6481398,-4.1874876,1.1133896,-0.036212564
-1.8762455,1.1592968,1.7837753,0.6690256,-0.3916512,0.7428014,3.057672,-1.8677678,0.9821364,-0.012044191,3.0852516,0.040108234,-0.49722552,-0.66887677,-0.9105525,-0.51586103,-1.4293677,-0.8602707,-1.2446195,0.48537067,2.7175446,2.3557494,0.83494467,0.8674532,0.939564
-0.09405255,0.8582424,2.3906505,0.4124046,-0.44496047,0.37554592,-0.26690698,-0.34750816,1.6417013,1.1494519,2.0832834,1.8765905,1.5371699,0.37763667,-1.099485,2.7151797,0.6634512,-1.2374625,-1.6009839,1.1188662,4.4299726,3.7926722,-0.25603557,-3.6983857,-1.3722882
2.9788888,1.4407078,1.3913616,0.18131073,-3.3456259,-4.341442,0.5373551,-2.4312766,0.7741644,0.6883055,0.5582197,0.8361887,0.8397415,0.12525779,0.49360815,-4.1227098,1.4240732,0.4779462,-2.287261,-0.021979965,-0.85783696,-0.9337057,-2.9743207,-0.70641583,-2.4584916
1.6381687,0.02985331,-2.87353,0.17634708,-2.7538934,-4.11773,1.6560678,0.8092214,0.70016897,-0.24102372,2.9967031,0.12834942,-2.8404617,-0.28279543,-0.5595326,-1.0369334,0.9193983,2.8962536,-0.9881222,0.30471292,0.08867529,-0.011246905,-0.6771971,-0.46089035,0.25739375
-0.384448,0.68633544,-0.21911427,-0.52698666,0.5765023,-2.473854,0.48705935,1.7187805,0.6024216,1.2419193,0.759013,-1.3790827,-1.6638652,-3.3938093,-0.5422476,1.3563349,1.9913955,-0.819511,0.49138105,1.6855146,0.29329598,-1.1364496,-0.72958887,-2.1051514,-1.6925975
-3.1389549,-0.76246274,0.77245986,0.48772773,0.10041189,-0.5935377,1.2161183,-0.390148,-1.5063683,0.66677713,2.0385017,1.7186984,-0.6532802,-1.672441,-2.4184122,-0.11540697,-1.0683395,-2.8715599,-1.1439781,0.16277733,-1.3467203,-0.006492324,-2.2094946,-2.0897243,-0.5186397
1.4066758,-0.29198122,0.2013478,0.18596636,-1.0069693,-1.1882179,-0.83270216,-1.888041,-1.024247,0.299738,-0.47640127,0.45928657,-0.9077333,2.2076879,0.8784761,0.3208971,1.1005456,-1.1621952,-0.8425607,0.29795665,-0.9710602,1.1626613,-0.7562556,1.0792811,2.2995348
-1.2098708,0.04545664,0.52423614,0.59462136,-0.16726446,0.13961864,-0.47011492,0.658065,0.5384662,1.2630048,0.47989798,0.54311097,-0.028103508,1.3418901,-0.21125944,1.6603901,-1.2467667,3.006134,-2.8962665,-0.65227914,1.5082277,0.45172685,-0.044971317,-2.6850166,1.6450341
0.93577814,1.1591016,0.8239234,0.20064774,2.365746,2.5794542,2.3966854,-0.6777162,0.4306813,1.1824734,-0.6037618,-1.2913198,-0.8208697,0.098899744,1.0318751,0.6189396,3.2342992,2.006259,-2.05747,-0.12808982,2.3675847,3.2366347,3.3048549,2.0600653,-3.817885
1.9446852,0.621708,-2.4948606,-0.09414189,-1.6688043,-3.8648994,1.0799134,1.4608967,1.6507974,0.7389122,2.7545462,3.46398,1.6465294,2.1960325,1.2680213,0.46733704,-0.12082708,0.9811613,-0.6140331,-1.1245315,1.8514721,-0.14876774,1.2970985,-4.055861,-2.439814
2.907214,0.1721776,-0.73146856,0.09597264,-0.28455177,-1.9709632,-0.12463629,1.9608903,0.91392255,0.41376942,2.3837535,0.35273588,0.36566973,-0.7664347,-0.009719491,-0.056953073,1.0384353,-0.6273241,-1.072674,0.07903382,2.581907,1.8925047,0.6964917,2.3746407,-0.5955575
-0.49137616,0.86004764,-0.08403161,0.28966802,0.65374565,-0.4668613,2.1801188,-0.6374248,0.39916337,0.06217681,-1.2915078,0.38046253,0.36536333,-0.007937908,0.7482438,-0.0911511,0.37154168,0.5429759,-1.2129314,0.068311036,0.39410836,-0.2546963,-0.3639968,1.7460163,-2.7014303
0.9480843,0.34170395,0.2085014,0.5595463,-0.8374034,-2.1347609,0.590829,0.8763927,-0.1687004,0.28377756,-0.355831,-1.5442355,0.036690503,-1.0231996,-0.87634826,0.2852425,-0.67355883,-0.6185771,0.42452443,-0.6658955,1.0562253,0.34140018,1.0735663,-0.07835588,1.2486767
0.5937603,-0.5361086,0.26967624,0.6652879,0.7081273,0.62199384,-0.24947011,-1.0079072,-0.78441507,-0.40845114,-1.4727119,-0.98774123,0.2062873,0.44694978,-0.76080394,-1.298091,0.682311,-0.3344903,-1.8790579,-1.0087789,-0.35286063,-2.0371282,-1.2961693,-0.78370416,-1.6823007
-5.003299,-0.1603518,-1.6651871,0.15787736,-1.4872825,-3.4310377,-0.23172694,1.7548163,0.3993205,0.06827825,-0.55285686,-0.024860375,-1.1503912,-3.4404407,2.1851354,-0.6428596,-1.6377375,2.0696492,-1.2914953,0.43422046,-0.5593147,1.1665573,-1.2404442,0.3241337,0.46357447
0.08608723,1.2162292,2.588769,0.1287772,2.4110057,-1.0596628,1.5143692,0.14955461,0.77116495,1.9479301,-1.4113247,0.24201533,0.037017256,2.4072802,0.94782126,2.8810325,1.2508037,-1.6011076,3.9671967,1.7146327,1.4049083,0.21323097,5.6202154,0.50092816,-2.2914002
-0.56434196,0.662138,1.9877319,0.21026969,-1.2008255,3.6022878,-0.23753312,0.8721539,0.8713519,-0.6944277,1.5202167,-1.8924893,1.6251233,0.8420274,0.56761074,0.23970237,1.5330791,0.51707065,1.0842494,-0.3171301,1.4558928,-1.5898205,0.05576986,0.23194087,0.97747475
0.7703874,0.29845196,0.19402182,-0.30889162,0.5505836,3.335803,1.2638685,1.4521015,1.102196,0.34972996,0.6957946,-0.50394326,0.2846629,-2.9220872,-0.06570195,3.739004,0.7413118,0.77048844,0.58833086,-0.5321321,0.19128409,1.7028946,-0.36640278,2.5177085,0.12761506
0.31091744,1.5761626,-0.6157891,-0.887457,-0.9423348,1.4850159,2.4782577,-1.0368438,0.27720067,-0.4464849,0.124858916,-1.0841088,1.7817798,-0.03467548,-2.4715333,2.1579466,-2.7050867,-0.64279234,0.7728776,-0.07683133,2.2924576,2.203959,-1.6553081,-0.38462728,-0.9306268
1.2315701,0.8255249,-1.0860004,-0.72778404,-1.6181104,1.1340318,-0.070433386,-3.1488822,1.2632885,0.42594168,-0.12267101,0.32770297,1.7765667,1.6263776,1.0317302,0.86535907,4.395121,1.5918858,-0.4985268,0.13619336,0.24012493,-0.7473485,-2.9852972,0.70166093,1.3652962
0.96296555,-0.62738264,-0.20730734,0.41952392,-0.7798095,-0.8919469,0.26976654,-0.9559836,-0.96180207,1.160301,-0.3570911,-0.53758323,-1.1412463,-1.7454317,-0.26477578,-0.6372647,1.4726417,1.5559354,-0.9808736,0.84205115,0.55081606,-0.6732782,0.13490707,1.1765188,-5.470037
-0.52201784,-0.34083098,1.5768628,0.18484429,2.069613,-1.3069056,1.8224664,-0.5256751,-0.6634895,-1.3328186,1.2954082,1.3532996,-0.5622194,-1.4793605,-1.8427742,-0.4460094,2.6403904,3.2882476,-2.6032317,-0.23307005,2.363286,0.5654985,-0.6213101,0.6919148,-0.25724387
3.602137,0.76816255,0.9140601,0.4172465,-2.9797761,-3.8352487,3.718381,-1.3444731,-0.34844506,-0.4010542,0.1523124,1.5326464,1.3553765,-0.15187433,0.62545836,0.9102181,2.812892,0.64288473,0.34414828,-0.82484215,-1.197047,2.4286969,-4.3058863,0.0022327304,-2.5328329
0.07020116,-0.8803623,0.28109694,-0.19198194,-1.1691661,-1.3195393,0.1238343,-0.40733302,-0.08292498,0.70394623,2.018672,-1.4663622,0.83576024,1.5359558,0.22786623,-0.61305857,2.1549802,2.4175606,2.7039127,1.4029926,1.0607222,0.882633,-0.1330739,-0.34889913,1.7556562
0.31660724,1.2127994,-0.64416754,-0.0317078,-2.366563,-0.10503304,2.6610508,0.7944013,-0.738939,-1.13915,0.16087261,2.4514337,1.2604374,1.1876186,-1.4990205,2.8711483,1.4235702,0.121991515,1.8000448,0.75927377,-1.4198614,-1.482769,-0.9074962,1.7811869,1.4488904
0.05090958,0.65847266,-0.17913246,-0.016423136,-1.2033894,-0.3143677,1.8441768,-0.70347786,-0.84751236,1.0415059,3.0193875,-0.2517463,-0.8063974,0.4412011,0.69221246,0.85936725,-2.8510866,1.9970509,0.87482965,-0.23307005,-1.1048788,0.9987769,-1.6404483,-1.5050161,1.7108364
0.41290864,1.3482292,1.0188892,0.5165685,0.73370504,2.1341867,0.5032475,-1.1147295,-0.7084584,1.0149124,-0.4482872,-0.25385648,-0.044720173,0.3215989,2.0841143,2.1635234,2.4726543,-2.289227,0.2645511,0.042365815,0.79862577,1.372754,0.25936973,-5.628436,-0.3522516
0.42402968,0.9105234,-0.25607607,0.85685027,2.0225081,1.2615707,-0.13013637,-0.2987697,-0.71449494,0.78014344,0.33241653,0.16536006,1.4639494,0.9938159,-0.070331916,-1.6037982,-3.1583352,1.1425152,1.4183676,0.5060765,-1.4257727,-1.21284,-1.7460876,-0.23234564,-0.40725973
-2.3026505,-0.92861825,0.046769947,-0.12525445,-0.45815122,1.2061859,-0.6010708,2.25103,0.46496263,0.4607416,-0.77946603,0.864233,1.5588826,0.7923871,0.39749217,-0.43601966,0.76068497,2.2877579,-0.16788769,-0.67424655,-1.0698384,-1.0061861,-0.5442711,0.40141934,1.429133
2.888678,0.3688646,-0.3417516,0.82308793,-0.5912024,-2.3689132,-0.5861033,0.72961414,-0.40991628,-0.31122187,0.008478582,-0.5433008,-0.79075766,2.074349,0.32580054,0.025405228,1.4665331,-1.0977513,0.03629777,-0.15417337,0.75528693,1.0296144,0.15428059,5.313726,1.2454522
0.68696386,1.3071349,0.32571143,-0.074905016,0.2721885,-1.255322,0.34700537,0.715943,0.22164588,0.15594006,-0.41518217,2.3276515,0.7946142,-0.38483328,0.52928907,0.21816531,1.024559,-0.16828203,-0.28874645,0.5003869,-1.3875091,2.0959935,1.1852692,0.07274699,1.2865969
-0.25871223,-0.52788746,0.15220961,0.815943,0.60026854,-4.368741,-0.83453906,1.3637849,-1.3039567,0.34137753,-5.4276514,1.877177,-0.63404036,2.6744456,0.5633936,-2.498159,0.71086454,1.3451751,-0.32439667,-0.80957925,-1.8160645,-0.30704314,2.5127676,-0.74917006,-1.0635165
-0.11529935,0.61253697,-0.383912,-0.27088514,1.6202319,-4.1835556,2.975894,1.2180483,-0.33854228,0.857474,-1.9142128,0.82846934,-0.72010934,1.6121932,0.24406189,-0.5411962,-1.622652,1.9687972,-0.4297347,0.32058254,1.5703546,-0.7738426,-0.112874135,1.1321937,-0.8977454
0.73338735,-0.17421669,1.7107089,-1.2183452,0.4777211,3.4726915,-0.1706565,-0.5172799,-0.3980976,-0.32151765,-0.7885088,0.86773264,-0.16667679,-0.54600394,-0.6673842,-0.39301407,4.230446,-1.627713,0.18734948,0.30424005,0.7100016,2.1089623,0.64705175,-0.22238117,-0.47671497
0.11921905,-0.5544068,1.9505712,0.34651998,-0.27409896,2.9824586,0.32272315,-0.9839974,-0.36985368,3.1802163,-1.1023273,0.9454956,0.017173469,-1.7390678,0.35935476,-0.69937736,-2.5095825,2.038175,-0.06312953,0.30303213,2.9570134,-0.1299879,0.6872331,0.22132868,-0.71272606
1.3794127,0.022902668,1.9831483,0.9252963,2.4561412,1.0757232,2.520247,-0.24400115,0.847549,-0.59661573,1.5487255,1.0762237,0.67830014,-3.5014098,1.0641663,1.5525837,2.1479487,-1.8254392,-0.18821448,-0.33846983,2.6690726,-1.15247,0.60389453,0.054676622,-1.4597502
3.0058374,0.65798306,-1.0409839,-0.19777647,1.422308,2.8337784,0.8782495,-0.22844005,1.1218661,0.7387699,-0.64858365,-0.061307617,1.9117548,-2.5604236,2.1875725,2.8654451,-1.7740393,2.799697,1.5498898,0.9250184,3.185359,4.800517,0.91825306,2.3279073,-1.7281318
0.4646504,1.8937814,-1.0936344,-1.3903494,1.1841012,3.1444254,1.1899221,0.13251495,0.36644858,0.9833923,0.83097386,0.9101305,0.8604158,1.2274702,-0.22156951,1.4891641,2.496529,0.739153,1.8914676,0.38947073,5.360685,1.1365252,1.0179138,1.7881229,0.8643399
2.2775176,1.9338332,2.239578,0.32355517,-0.93404436,1.8379984,-0.54605913,0.318475,2.0740666,0.5025594,-0.083414674,1.2314773,2.1537235,-1.4075102,1.2562354,1.1329653,1.4247838,2.4799623,-0.9844935,-0.80957925,0.8016615,-0.6412443,-0.6532845,0.51194775,0.44597864
-0.7054086,-1.402569,-0.3350302,-0.47198176,1.2647806,-2.800933,-0.21950084,-1.441215,0.24585636,0.78014344,-0.397722,1.3259445,0.8939734,-1.1591625,-1.3247504,-0.77918005,0.92542017,2.2058024,0.87914884,1.3177859,-0.84527594,-0.10083187,1.5278937,2.9130235,-2.0883265
-0.11260932,-1.0294812,-0.128265,0.7311227,0.7262579,-1.6218846,-0.81277144,-3.6514661,0.42027363,-0.014768258,-0.59641296,-0.23406999,-0.10188546,1.9325851,-0.49407363,0.70588315,0.89161426,0.7935131,-4.457414,-0.54425883,-3.849154,0.74478483,0.86448455,0.6062034,1.1460397
-1.5767084,-2.2755585,-0.41486764,1.3828545,-3.306045,-7.57862,2.319989,0.639222,-1.3903724,-1.225849,-0.87783086,0.8167149,-0.26149607,2.5616374,1.7504888,0.7349099,1.6908063,-0.58106834,0.69233155,0.20722744,0.50349987,-0.375091,-1.8001231,-0.79435563,-0.12792134
0.96106905,0.46993345,-0.8967508,0.29207033,1.0454648,1.2484581,-0.42721277,0.77223927,0.032179087,-0.20961633,-0.40126997,1.4182757,-1.1296026,0.8825038,0.055646,2.2855468,-1.6959414,1.0757102,5.0441756,-0.46655348,-0.8250506,-0.26389927,6.0452967,-0.31885117,-0.20841095
0.8590133,0.09053208,-0.480453,0.33945355,1.6017209,-2.4674118,-0.84415644,1.0946004,0.6737428,-0.85283417,1.2669308,-0.015056938,0.59110993,2.0067775,0.39776385,2.118843,-0.56355006,-2.4978118,1.5770966,0.018153736,0.18510282,-0.6518066,0.065959275,-0.34731406,1.1007935
0.6368317,-1.4668756,-2.573711,-1.636356,-0.18654943,-0.14966387,1.189859,0.45777944,1.3239456,2.5126653,1.9600301,1.7532766,0.46643186,0.11942537,2.116612,-0.43042362,2.5881047,-0.52692914,-0.36805642,0.67292804,0.6240384,-0.2730602,-1.2262616,-0.27659264,1.6470876
1.9567869,0.580284,2.230428,0.24818414,0.79037964,0.35221,1.1160132,-0.07898283,0.22174878,-0.15528166,0.55333304,-0.5979034,0.4681467,-0.37628558,-0.5040503,0.8071036,2.052039,1.0462282,1.2554393,0.23046401,0.23995146,-1.3124568,1.8370961,0.48631042,0.35703996
2.1589515,0.5394168,0.37136614,-1.7554668,0.72227204,0.0699822,2.9326365,-1.9802375,0.17924532,-0.05157745,-1.1163237,-0.9266031,1.3776928,-2.746004,0.01480341,-2.780052,-0.038102508,1.6375432,-0.9157566,0.92226374,0.1645695,-0.24823762,-2.5254364,-0.083941676,0.7729391
0.13399285,1.4936545,-1.8729428,0.5888503,-1.2720277,0.071982,1.6003659,-2.3085608,1.2754197,0.46755424,-0.50489295,-1.1041818,1.7087823,1.01529,1.2389174,-0.6346587,1.5553925,4.2735066,-0.9608963,-1.5422138,0.69590867,-1.4673923,-3.9861302,-0.38989753,-0.7261033
-0.7739199,-0.39636207,-0.12472808,0.48348343,0.81284875,-0.039633624,1.9212971,0.27572358,-0.30946043,-0.403505,-0.6623066,0.17334554,-0.05743885,-5.1401634,-0.91768646,1.0950993,1.0462046,0.12285489,0.2434849,0.2197963,0.8154102,-0.5929744,-2.4023547,-1.942724,-1.1127459
-0.34024674,-0.3132596,-0.5469286,-0.42852688,-2.1582015,-1.7133745,1.0931494,-1.5021654,0.20608856,0.43034554,1.1372228,-0.34933954,0.11775619,0.5944532,0.5745765,-0.3620963,-0.6049615,0.5185926,2.0235274,-0.40051895,-0.05644603,2.7415333,-1.0237015,-0.5038079,2.3382175
-1.176374,0.089730024,1.3090193,-0.7474991,0.70841897,0.3578086,0.44454557,-0.7720673,0.056673832,0.009464189,-0.59702533,-1.5789514,-0.20206332,2.2251847,-0.1564526,0.557209,2.1413918,0.6236185,3.4465775,-0.055545613,2.1156404,-1.1495976,0.35917804,0.6656307,0.31958902
2.1729941,-4.008456,0.2585299,-0.27228183,0.15570664,0.27726674,0.48856297,2.7648306,0.24428953,0.26722258,-0.59087735,0.4441503,-0.7422203,-3.315989,0.60308576,3.6651347,2.3309045,0.79320836,-0.005094886,0.069554456,0.39083666,4.4273396,0.17499322,1.9068248,-0.84225035
0.35464883,0.0752053,1.8886442,0.8208863,0.31195617,0.88654006,2.2993577,1.620825,0.5378022,-0.7128949,0.68897295,-0.5986141,-0.4833579,2.8817954,-0.11656009,-0.2515007,1.5130789,1.087887,2.8631122,1.0818415,0.9890827,-2.6835427,2.0067174,0.96893746,-1.3350472
0.8591065,0.5255821,-0.07929915,0.92688525,0.11301579,1.1277435,1.8809946,0.87079155,-0.6702761,0.72347766,-0.03207442,0.028801195,0.9804486,-3.6795382,-0.6583179,-0.35994336,0.5054658,0.60011166,-0.2837485,2.6273503,4.2949457,-1.885144,0.89789224,-0.68991655,0.7055441
4.1707954,1.3535042,2.8705997,0.14900917,1.419083,2.7057514,-0.37118703,-3.1878736,1.3361549,1.8300658,0.48509404,-0.4086286,1.560213,-6.226735,0.51047075,0.47725916,0.36231014,1.2723932,-1.9680042,-0.040362783,2.7212715,2.4717228,-1.7045066,0.42763853,-0.07684584
2.050574,0.5874982,0.0285649,0.73328656,-3.898443,-4.2160554,1.078022,-0.36925492,1.6564661,1.4705098,2.642999,3.3698716,-0.42170393,0.54236054,0.28576577,2.500136,1.6632513,0.9451097,-1.2682664,-0.37652948,1.0292013,0.4062205,-0.78176343,-0.17446917,-4.108429
2.314303,2.383273,0.3090938,-0.5394486,0.078583896,-0.24340175,-0.32043636,0.7100223,0.2446509,2.5571191,1.5795351,0.88801455,0.5341118,-0.3534137,0.45660868,1.3919423,-0.7507826,3.0488896,-0.8796343,-0.10141309,4.79663,-0.085406125,-1.053133,-0.45412424,0.5189259
1.5454547,3.2753506,1.8653187,0.50689626,1.6069088,2.68327,1.8538725,-0.34584355,2.0657926,0.76810706,-2.2885876,-0.09678406,0.60722417,-2.2700715,-2.3168359,1.7849767,0.6092539,2.219731,-0.08489537,-1.5313193,0.4758886,0.5722976,0.25235242,0.75792086,0.16673899
0.011289284,0.23398659,0.63880605,0.0017262809,0.45821,1.2027824,-0.5505822,-1.4167979,0.40545,0.65169907,-3.0872917,1.0422941,0.44988444,-0.20549598,0.8442342,1.0931736,1.6499448,-1.8583801,-2.488782,0.2259692,-0.45036426,-2.3632174,-3.0939891,-1.162367,-0.5658853
2.0394788,1.504321,0.28022313,-0.204144,-1.2339861,-5.7996416,-0.18376437,1.4627378,1.2540808,1.411203,1.8191923,0.44047976,1.2521863,-3.3324676,2.038805,1.1006919,-1.7758802,0.37649214,0.15002859,0.015010517,-0.27651522,0.9548921,-2.8727093,-0.3684708,2.5019665
0.7088283,0.5141655,0.9247985,1.2106005,1.8705657,2.8658164,-0.37581795,0.24376315,0.6387755,1.0845838,1.0148642,2.0898988,1.5449655,0.10888857,1.4382999,3.0174744,1.3857037,1.7751666,1.0642359,2.6273503,-1.2870576,-1.9390062,4.5408106,0.57765996,1.6010665
1.3609976,-1.45437,1.4485831,-0.9510089,0.18996972,-2.0660744,1.6954391,-0.97620004,-0.092694506,2.3945682,-0.34802806,1.1363024,0.10637349,-0.38082224,1.5438347,-0.88073015,0.19457573,1.6897452,-0.21062374,0.17176893,-0.37378007,-0.21417952,1.744431,2.1555793,3.1562934
-0.9451207,0.3719012,0.514936,0.35871342,2.182294,-3.4371247,1.8626974,1.426977,-0.80301034,0.9535419,-0.96532476,-0.3914553,0.2049503,-2.6026366,2.2244103,0.43497142,0.52443206,4.0124745,1.6848217,-0.08523449,0.38632292,-0.75623256,6.142167,-0.7536448,-1.1406093
1.2127229,-0.66834784,0.28296894,0.15250206,3.129572,0.25484282,0.3029564,-0.10655093,0.8913062,1.3776581,-0.10697296,1.5776,-0.40884534,-2.5397127,-0.53512037,-0.67129385,1.1214533,-0.91593504,1.0973455,0.0004622694,-1.2446036,0.33875602,1.6965446,0.5842621,-0.4759704
1.4569691,-1.2809544,-0.58472455,-0.097814284,0.7417212,-2.8738859,-0.9349068,0.77131116,1.3029182,0.67098016,2.7016106,0.26064968,1.4811858,0.6683947,0.6905641,0.87591237,0.9299605,0.6881577,0.94285417,-0.05565097,0.12995677,-1.2422062,2.557644,-0.886973,0.1041978
0.9368196,0.69447184,0.25585893,0.18484429,0.21480313,2.2212148,0.2485008,1.7776302,-0.2613499,0.10561289,-0.30076164,-0.5951009,-0.28067756,-0.10079193,0.3024785,0.70530844,-0.86500293,1.44044,0.29646283,-0.9208548,0.23476565,0.57711405,1.3267666,5.685824,-0.58020306
1.4224288,-1.3919611,-0.4037773,0.10231742,2.6534626,-0.65485233,-1.0224882,0.7366208,-0.20742482,0.8080665,-1.3093656,-0.060821876,-1.5326331,1.0574701,-0.024735957,-0.09484255,0.4293718,-0.2470331,-0.25645792,0.7734167,0.45616162,-1.0537162,1.9384679,2.2211845,-1.6294751
0.015417546,1.1997943,0.47470617,0.874758,1.6214875,-0.08182669,1.0971847,1.9708674,0.28585613,0.61133707,2.5709383,1.4107494,-0.6211473,-2.3420503,0.44820654,-0.17800546,-1.7510058,-2.8255491,-0.9708371,-0.099047415,0.15480363,0.0016775131,2.0323904,1.0243756,1.5948633
-1.695574,1.5740881,1.4720004,0.01958466,1.1257514,-5.2889414,0.6091267,1.4188844,-0.1801854,0.7283214,-0.6376787,-1.0146273,-0.39628065,0.20669806,-0.3174036,0.12296815,1.5078576,-1.4698024,-1.6282715,0.075156346,2.4845955,1.5527258,0.68400085,-1.4654056,2.3206139
-0.9892065,1.1606923,0.6659425,0.42174158,-2.625672,-5.0891876,-0.77493227,-2.0080163,-0.10143697,-0.66072834,-0.45716465,0.3287045,-0.73578584,0.9280052,0.83522874,0.27735862,-1.3131483,1.5088652,-2.1447735,0.13169682,3.2508879,-0.53511775,-2.497974,1.2926655,-3.6578374
2.5772736,1.8563664,-0.26834482,-0.21631235,0.6405598,3.3007236,-1.3445208,1.222641,1.5595924,1.0550705,1.6170175,-0.37159738,1.5476037,-3.4130218,0.5796312,2.2671738,2.6485338,3.098589,-0.068941414,-0.6148005,2.8737817,3.9232078,-0.29282752,-2.8652716,-0.8398124
1.7368884,-0.24375379,0.93651104,0.7125101,0.27047205,1.9146821,0.5021763,-1.5286406,-0.27112353,-0.8965746,-1.6377695,0.7361342,-1.6838167,0.9584351,0.6170001,1.5604931,0.26131368,-1.5501027,-0.74498296,-0.5619384,-1.0747875,-1.7794021,0.9454979,1.2720977,-1.4484221
-1.3651571,-1.4255276,-2.5198145,0.8790475,0.41360748,-1.8749793,-0.7695637,1.9268405,-0.32985738,0.011476636,-1.1975241,0.70883006,-0.42737836,0.11838889,0.63039815,1.2872471,0.32541063,1.6177548,2.16122,-0.3171301,2.4735672,1.9169145,0.21979234,-0.5102759,0.41465774
2.1852503,-0.063898325,2.873502,-0.16610992,-0.950239,0.17756766,-0.32347333,-0.9562416,1.2436063,0.10850079,-1.8931656,0.43966135,1.4701538,0.3155705,2.2885528,-0.43735927,0.527501,-1.1156471,1.6624918,0.64942443,0.71537423,0.4090746,3.0327134,0.61250526,-0.5963231
0.14938565,0.2824505,-0.13726413,0.6778731,2.4390533,0.24876869,-0.790195,1.6067742,0.20896444,-1.1017163,0.8712257,0.09362012,-0.26422745,-1.1900858,0.08507323,0.9496031,-1.4151983,3.0912929,2.7077653,0.63724416,1.9552934,-2.0832164,0.8744034,0.48925662,0.807354
-0.87732303,1.2834506,-3.4970567,0.89034283,-0.29232824,1.8036122,-0.030094683,0.47627127,-0.09176338,1.0882087,0.0413543,1.1789901,-0.0682997,-1.4611357,1.4969206,-0.86033416,1.5206902,-0.72202885,-0.49864957,-1.0242726,-0.06381011,0.34119493,0.95475006,1.9117403,0.82354987
0.056028485,0.9975805,2.135965,0.2485576,2.830513,0.38991725,-0.8413831,1.0094104,0.8800418,0.5873032,-0.090176985,1.0851216,0.5181188,-0.45904806,1.3300242,0.3111176,2.7210975,-2.3023753,-0.21667889,1.4597723,-1.4856462,-0.13680238,0.47838724,-1.0647972,0.19208673
-0.041638434,0.07898715,-0.13969746,0.3665439,-1.1037066,-0.9794245,-0.3469762,-1.7389661,0.1312969,-1.2243602,0.66769123,0.40739298,-1.6174701,1.5577042,-0.07446794,0.41107008,-2.3759656,0.5714476,2.152331,0.528527,0.9326236,2.3476791,-0.00017344952,-1.8274729,0.020534456
0.17481032,-0.06686303,-1.9979645,0.64627564,-1.4694049,-0.008669198,1.7722996,0.2451692,-0.54622793,-0.10799582,-0.92676723,-1.7358563,-0.5357872,0.15526378,0.23382223,-1.1072708,0.4074419,-0.19227391,0.94338346,-0.4522632,0.37422374,1.6825932,-0.23977399,-0.5921406,3.4916065
1.5165647,3.0749993,0.023221187,0.14322692,-0.053072378,3.9349358,-0.17779116,-1.0366571,1.4838383,0.96944463,0.10476625,0.3078816,0.9553764,1.3608751,0.13741523,1.9997073,2.0945923,-0.1940904,2.248422,0.22498906,3.051056,1.5249593,-1.1510441,2.2054267,2.592343
2.622909,1.1717021,-0.3141846,0.048451547,-1.1827788,1.7065496,-0.7714244,0.33249766,-0.2615046,1.7126968,2.800129,-0.55309206,0.7823324,-0.06234646,0.4676445,3.19192,1.421578,0.5610801,0.6984191,0.5064343,3.943831,1.1989548,2.6588752,0.19445422,0.607288
1.6681739,0.6820391,1.7991111,0.27945086,0.7729484,3.3243427,-0.13358149,0.9532151,-1.2277254,0.26203048,0.31627977,0.5702113,1.5469334,-0.65854245,0.96557176,1.1800556,0.23673354,0.04670486,-0.29241386,1.0637784,1.9155736,0.36786515,1.4923508,0.0021230578,0.47566593
-2.6484725,1.2566876,-0.15512162,-0.38811257,1.5960122,-0.20978963,-0.5201167,0.5530557,-0.47529343,-0.1875657,-0.022490859,-0.3694382,1.0540547,-0.7905053,-1.7325444,2.6423593,1.3532718,4.618102,-1.017163,0.13169682,1.8586633,2.4939244,0.33317384,2.9629843,2.7752252
0.60508144,0.6425415,0.7088252,-0.06386436,0.5157849,1.7221264,0.67171246,0.39928746,-0.30750448,0.86102855,2.447721,0.5455277,-0.64889055,-0.18191206,0.14554408,0.023431823,3.0208192,0.14609754,-1.4977603,0.80850726,-2.0795646,1.9084432,-2.3188615,-0.96642196,-0.22446138
-0.54454476,-1.4170702,-0.57384175,0.119003475,-1.7279513,-0.7538202,-0.713252,-0.6914674,-0.06183362,-1.3711476,-2.6181188,-0.80746067,-1.7246068,0.9572875,0.67718095,-0.19927675,2.0968006,-1.675355,-3.432989,0.12507795,-1.3445393,0.9833926,-1.8576355,-1.191838,-0.7282612
0.38160104,-0.68631834,-1.5040538,-0.57853377,-1.3394305,-1.934355,0.66824985,1.3970912,-1.0328164,-1.3502558,-0.088246346,0.23220687,-0.05221626,0.96311575,-0.8826575,0.5555287,-0.9109307,-0.6761309,1.4844365,-0.6884308,0.8147397,-0.9889209,0.57781476,0.2614358,-2.2599177
-0.65924424,0.1249696,-1.6536825,-0.1338082,-1.3861403,-0.52369356,-1.6147295,3.5004196,1.5143713,1.1127913,-0.02152601,-0.20149554,0.37635294,-2.048808,0.5521141,-0.3701219,0.5622583,0.8552888,-0.50240314,1.5097883,0.18580867,-1.3951789,1.2330451,0.37440854,-0.15595068
-1.6337897,0.3346595,-0.90677464,0.18143794,0.07792348,0.30512753,1.2751086,-2.0764565,1.0056092,0.7164352,1.0218705,1.2959192,-0.7911893,-1.8408895,0.5644789,0.7048741,0.55567086,-0.47504038,-0.26232114,1.4029926,-1.177275,0.5988789,0.06756562,0.029470026,0.8090754
0.42462784,-0.82249814,0.88360065,0.43181723,0.76844287,0.49992675,-2.0134077,-0.8585416,-0.16808186,-0.09173018,-1.8899238,1.1299691,-0.637105,0.08171749,3.014351,-1.1391103,0.91128445,-1.3282354,0.8596033,1.1452719,1.1496942,-0.54859364,-0.14647289,0.6778542,0.8728076
1.009186,1.1622183,-0.56566674,1.1618953,0.08267232,0.5307113,-0.13888353,1.5395927,0.49549913,-0.04197079,0.4863875,0.6940572,0.27150494,-0.6278341,0.50582397,2.482672,-1.0913428,1.6320946,4.9825263,-0.10810115,1.3089595,1.4090345,2.0906272,-0.20207518,-0.99096644
0.8789414,-0.056744695,1.7407589,0.49947536,0.19842348,-0.128813,0.4153753,1.2405231,1.0045555,0.5683053,1.2879355,-0.24194339,0.15888554,0.50687045,-1.107547,3.6489303,-0.3907091,-0.21895641,-1.9023471,-1.6077206,1.265559,0.26080608,1.8695781,2.0026147,0.22720349
-0.1929208,-1.0462121,-1.0995116,0.8990983,-0.31010056,-4.3622713,1.306492,-0.70622516,-0.53599405,-0.4950124,0.28653723,1.0205559,0.8425779,-0.31572503,-2.1118119,-1.0915526,-0.8303342,-1.6225202,-2.2579713,0.9590706,-0.46736732,-1.8222132,-2.9659898,-3.2743945,-1.1236956
-0.26741838,1.1369313,-1.6731567,0.101139575,-1.2846097,-1.7432842,-1.0112208,-1.6637889,-1.5758462,0.49868202,1.0648841,0.41641998,-1.0811704,-2.0702472,-0.7823626,-0.14173663,-2.0869832,-0.14879005,-0.86526376,0.8014089,-1.6874175,0.0341295,-2.6178868,0.6543982,2.0163891
-0.25400314,-0.48187461,-0.5377005,-0.19198194,-0.1707891,-0.70622426,-1.4113462,-0.57775086,1.2761188,-0.3741793,0.21132159,3.3095253,0.3641264,1.2265306,0.81289166,-2.5695639,-0.8832797,-1.6646531,-2.7805037,-0.95040786,2.8489878,-1.0697973,-3.239511,-0.6351876,1.0725013
-1.0069511,-1.2399553,0.35388917,0.46011245,-0.13718939,-0.4597396,-0.77103174,2.0181038,-2.0840168,-1.064357,-0.5658723,-0.6163182,-2.933564,-3.673918,-0.83269256,-2.2206154,1.149788,-0.4792394,0.74580616,-0.34118432,-2.074158,-0.899154,3.2012916,-0.2861358,-2.9689553
-2.33777,-0.6306509,-1.1979291,-0.17347863,0.057281934,-1.9672753,-0.9332217,2.8009071,-0.2391249,-1.7029803,-1.600219,1.9107407,-1.372653,-1.3900447,-1.358783,-0.03357482,1.0850062,-2.061687,-1.1646266,-0.9698027,-0.7075737,-2.0855784,3.1926477,-0.577176,-0.00024411082
-0.054839134,0.96459246,-1.9933836,0.9263215,0.4377061,-3.3558786,-0.2543335,0.94587183,-0.00596717,1.4176723,-0.8704178,0.7271119,0.44125292,-1.6617857,0.097052805,0.1411559,0.03880346,-1.4949158,-2.862062,-0.82297575,1.7735066,-0.23533833,-1.6701337,-0.105980396,3.6472473
1.1881698,0.6208805,0.7987939,-0.4679494,-1.5607663,-4.5610456,-0.1516841,-3.4289157,-0.4888124,0.44953844,2.7598314,1.6192079,1.4149206,-2.1319473,1.2583734,1.0706959,-0.23728727,-1.6850991,-2.0539672,-0.07057192,1.0873804,-0.46523297,-0.5451264,2.8228242,-1.6779778
0.58309734,1.5575109,-0.3652414,0.14284942,0.1518955,-1.9490349,0.1400655,-2.8891954,1.0224069,-1.2962251,0.46020883,-1.9037707,1.5115026,-1.2117896,1.3745825,2.1532013,-1.3474503,1.839181,-0.8068792,-0.34886637,0.44658569,1.629302,-2.4183693,0.13670367,0.7009232
1.7993196,0.35057718,-3.844507,-0.27088514,-0.12305921,2.0271192,-0.9739462,1.1506879,-0.5918532,1.3330201,2.8032513,1.1938864,-0.13722324,2.44512,1.3539529,2.7669017,3.9225464,0.19531833,1.0935777,-0.1340594,0.25902048,0.5435477,0.44996303,-1.4025742,-1.5490699
1.9113567,0.3125183,0.4877655,0.91092056,-0.69143015,3.9609153,0.63068545,0.8368542,0.89820707,-0.11481821,-1.3009281,1.7743003,-0.12467446,-1.160403,0.79419756,-0.97663796,0.30970275,0.30799317,0.7199119,0.76515,0.17747328,-0.7795549,1.9912568,1.3483832,1.4829749
0.542249,-0.31827042,-0.30550665,0.3498877,0.4887697,2.213062,-0.7993129,2.0265741,1.8946713,0.7709469,1.6586672,0.45511183,0.56462264,-0.2303139,0.9463334,0.11467093,-0.3972079,0.54536194,0.62179303,-0.61116797,-2.2393136,-1.7332381,1.0348927,-0.32819778,-1.0644594
-1.6214089,-1.4821775,-0.47903463,-0.13671714,0.7264106,-0.8154241,-1.2694815,-1.1247152,-1.0159067,-1.0408103,-2.4367871,-0.34111246,-2.7341843,1.1328433,0.6288749,-1.9839671,-1.9265437,1.1499981,0.39878452,1.3931371,-1.7711747,-2.9953198,0.07571077,1.4598091,-1.0364296
-0.3949026,-3.3890557,-0.010308862,0.33702904,2.3255877,-2.7199762,0.5414586,3.6250505,-1.8265524,-1.0860118,-0.010599613,0.734208,-0.76479983,-0.69395673,-0.29476672,-3.004933,2.795298,-0.6570725,1.3415365,-1.0282755,-0.29790658,-1.9471034,4.3024573,-2.4454741,-0.4154667
-0.45772707,0.18367828,0.8456377,-0.17955878,-1.4475484,1.6259549,-0.86514175,-0.85559845,0.53005975,-0.36788356,2.2490377,1.6334151,-1.2466471,-4.281354,-0.5547628,-1.720818,-2.6732454,-2.0329177,1.7975175,-0.79088616,1.2002168,1.0626546,-0.3681928,0.9315092,1.621614
1.4353654,1.6794207,1.0159202,-0.10087665,-1.9477262,0.068814814,3.3108332,1.1496587,0.89417994,0.14593576,1.9580125,-1.5383806,-0.17928758,0.42325395,-0.5212932,-1.4080741,0.007591903,-0.032442003,-0.7309056,-0.51207846,3.9279122,1.623837,0.007965744,-1.2507393,4.1045446
1.1620724,2.068202,-0.070195705,0.40317866,0.11741981,3.1572285,1.7643569,0.065541774,1.7739918,1.3587791,0.6905717,0.43286365,1.9012333,0.9348357,1.0116735,2.4653687,1.8474209,1.2184982,-0.9227724,0.6162175,2.3456354,2.3785295,-0.56218433,-0.36906782,-1.3271778
1.3988366,0.52912396,-0.4680547,0.9405765,0.09168952,2.688556,-0.50371593,-0.25527737,0.56724674,0.631671,1.2863901,1.0114383,0.01201278,1.0015577,-0.86900985,2.5634947,0.13656265,0.96813273,0.22128335,0.97531146,-0.66367716,2.1301746,3.6319423,-1.0181037,-0.64684397
0.7832134,-0.43269417,-1.3506745,0.44966817,-0.30669248,-1.1161635,-0.14319885,-0.18361343,0.8595092,0.45530647,-1.2851906,-1.1733072,0.79793364,1.9488003,1.4338554,-1.509011,-0.14374341,-0.42448804,-1.3036146,0.31234905,1.0371004,0.03345398,-1.107881,-0.10519075,-2.331672
0.005173743,1.2956636,0.31373408,0.14158127,0.7868716,-1.5144404,0.23145336,1.0194772,0.9622327,-0.5438264,2.8247068,-0.08123615,0.30948532,-1.5285918,1.6071098,1.2615932,1.6872251,0.72105014,3.3692389,1.2920337,0.57746357,0.85937107,1.6942313,-0.5530366,0.42675352
1.9662493,1.1024629,-1.2716558,0.14732105,0.60802203,1.948484,-0.5696169,1.6098208,-2.926436,1.0255692,-1.0818747,-0.18730484,0.5591163,0.10633597,-0.17603107,3.902674,0.3306978,0.112063885,1.7363746,0.50428647,-1.1571888,-5.7457204,3.129006,-2.4301832,-1.7714171
-1.3175298,-1.3397787,-0.26093435,0.63018787,-0.75271356,-2.104179,1.2369906,-0.31851056,-1.4233625,-1.86032,-3.6410928,-0.24672294,-0.2025286,-2.1346152,-1.1262395,-2.4910893,-0.16536877,1.3168876,0.50528514,0.59998345,-0.14471114,0.08954418,-1.2085184,-0.5439841,-0.29474849
0.42866653,0.78156495,-1.898127,0.5444289,-0.93479013,-0.043421566,1.989473,0.1356523,0.80128556,-1.0675659,1.2643132,0.85175407,0.25138125,1.9796128,0.6379686,-0.7700919,2.7388406,-0.10291299,-0.10807896,-0.27772596,0.47245708,-1.7819158,2.5374475,3.655464,1.1145799
0.6296858,-0.2556264,-2.526107,-0.94943666,2.0045495,-0.61000645,0.50738835,0.37037247,-0.77828234,-0.44165772,0.09490883,0.6670332,0.60471475,-5.044139,-0.81013566,-1.2547828,0.06631255,-2.1590662,0.70417017,-1.2070177,0.4424209,0.03987748,3.2069607,1.7560107,1.7962506
-0.13288498,0.303186,1.0807984,-0.031569585,-1.0333259,-0.035693705,1.6260362,-0.1626333,1.2840986,0.089611635,-0.75971967,1.077492,1.0830545,-3.306827,-0.5076841,-4.42727,1.6278377,1.0127409,-1.268719,0.9792953,2.8852904,-0.041089296,-0.4165385,-0.3752309,-0.8140088
0.6443668,0.6022424,1.234145,0.23428878,-0.80231273,0.99950445,-1.4035776,-1.8636391,0.6603257,1.0347446,-1.1585248,0.23924409,1.1133245,-0.88012516,-1.8103377,3.4947634,-0.095873654,0.62889886,-0.44303992,-0.7119539,-3.5731905,2.5475595,-1.021392,2.6292274,-2.383115
0.48011866,-0.40593526,0.026341796,0.27411145,-1.2044207,-1.6596173,0.12490922,-2.727335,-0.3488331,-1.9438989,-0.97837377,1.9315444,-2.6518433,2.497384,-1.6235754,2.2159853,-1.9089952,1.2922852,-1.3228076,-1.0182513,0.83528304,1.4451276,-2.6172504,2.6556497,-2.3796837
1.0970846,2.593115,-4.6839,0.05368088,-1.8689007,2.7696435,-1.0961795,0.7795657,0.58581775,1.3225253,3.572819,0.8912064,-0.6045479,0.19609737,-2.2274141,-2.2560363,-1.198767,2.43637,-0.8091939,0.21018746,0.7651925,-0.13127708,0.034051746,-3.736846,-2.8343215
0.6054139,1.1475449,1.652368,0.37471837,0.7114784,1.7229507,2.9295607,-2.7441108,0.6843993,0.6162196,2.0728981,-0.61631143,1.383332,-0.4002359,-0.9637364,0.8033415,1.2097471,-3.1172256,-1.1360542,0.028259395,2.0514576,-0.90435535,-2.9934516,-0.018795133,-1.4967899
2.1515102,1.3265347,0.71031225,-0.13649741,-0.94629717,-1.2900722,2.725477,-1.0344671,1.8900362,-0.36577225,-1.0097415,-0.47679123,1.6444175,-2.0155687,-0.14653794,0.043836355,-0.47957522,-0.37189966,0.44281733,0.6234591,-1.3488204,-0.5088692,1.2821454,0.6417904,-1.8549404
0.30878937,-0.8243931,-1.7729489,0.52515626,-0.29059857,-2.267752,1.440191,-1.6826777,0.46424997,-0.5786386,-1.8321782,0.42514935,-0.48777813,1.1399093,-0.4538095,0.44725192,-1.7804902,3.8179555,-0.1926436,0.9628457,-2.250399,0.29876903,-0.9984219,1.8509073,0.053046465
0.11729658,-1.4821775,0.72171336,0.19903311,0.16426414,-0.27116722,2.0342426,-0.5825475,-2.638988,-0.9016278,0.21533132,0.8577517,-1.7916143,0.6319072,0.68716335,-0.4303016,2.0018928,-1.7476721,0.34069747,-0.64721906,-1.4476953,-1.9996455,0.24067593,1.00846,-0.6058397
-0.2316037,2.3940804,-4.721575,-0.22416562,0.4448831,-4.4829297,-0.05248308,0.8901201,-0.83700454,1.1926395,-1.8884463,3.185072,0.08228098,-1.271176,1.2602808,-1.8184627,-2.141021,-0.40639806,1.257385,-0.14041507,1.2934911,-1.7708216,3.5288947,-2.4374747,1.5749254
0.7212802,-0.29210675,0.15190029,0.32729116,-0.5068525,-0.92346346,-0.66428965,1.1632473,0.89356387,-0.07866212,0.54563403,0.13543263,0.037040673,-3.6753154,0.3465784,-0.23154977,-2.5039155,1.0412211,0.98283166,0.58185846,0.951969,0.63404596,2.9782298,-0.33253968,3.2269766
-2.1703057,-0.32152998,1.1996241,-0.69285476,0.16132864,0.37156034,-0.3499152,-1.3529112,-0.3746244,0.13505915,-0.87126994,-0.15457678,-1.0216148,0.16902988,2.8339114,-1.2999604,-0.13057792,1.7247459,0.14968807,1.6759306,0.16529197,-0.039265633,3.5666444,0.87180007,-1.0794612
0.8154865,-0.19324157,1.0471927,-0.7620296,3.5291805,-1.6365839,2.8206134,1.3139738,0.22845423,0.3502518,2.3571062,1.3631291,-0.11211075,0.4178383,-0.5480563,-1.2961261,2.4274201,-0.71610916,3.219094,-0.4522632,0.89986897,1.1170377,2.7818627,0.35788584,-1.3858304
-0.4344746,1.258162,1.0179412,0.33483142,-0.38607895,0.5258126,-0.41786185,1.8787116,0.41207027,1.442052,3.3154223,0.15965101,1.0051438,-0.7625963,1.0179191,0.46039745,-0.78282523,-0.0086295605,1.5799928,1.6845224,-0.93517727,-1.4596615,-1.5279177,-1.5217848,1.008857
0.027444005,-0.2410772,-0.16594385,0.89034283,0.6418954,-0.8894547,-0.48648682,-1.9523654,0.084526524,-0.33495638,0.41640425,-0.90167814,-0.14442566,-0.19865632,-0.3926152,0.96040624,-0.50250435,0.013223201,0.80615497,-0.07853476,-1.8218184,0.23097685,3.1814883,-2.5025544,0.5960474
0.24328895,-0.3891902,-0.5968837,0.50689626,-0.13299394,-0.7318512,0.38775164,-0.81249845,0.36825803,-0.7232658,-2.1065488,-0.82672036,-0.089185745,1.5635155,-0.48270118,-1.4347636,-0.8916718,2.2453892,0.77750283,0.38497984,-1.2767185,2.2649603,1.6848831,2.8433225,0.3350971
0.8139751,2.9206018,-1.344127,0.06996277,-0.07846001,0.26443875,-0.8008918,0.9579336,-0.50391763,0.8070438,1.2822664,0.0680403,1.0684638,1.9418718,0.10641077,0.89033294,2.9662714,-0.15370563,1.0658638,-1.0949087,-0.760414,2.404405,0.36788803,0.30582857,-0.15604633
-0.9622696,-1.1995795,-0.1490452,-0.7542596,1.2705238,-0.96920526,0.848397,1.3644856,-1.243628,1.1270071,2.0331485,-0.16237402,0.19694993,1.8250897,2.1158583,0.6592312,-0.2610452,0.58938056,2.0650492,0.31747222,-1.9954643,2.052478,0.5864209,1.8046274,0.081181586
-0.49504936,-0.58244497,0.20024323,0.3219049,2.65704,-2.8433557,0.7132088,1.5695133,-0.28902528,-0.5258352,-0.13054699,-0.12735903,-0.8695424,1.4838424,0.43991077,-1.5935628,2.1846843,-0.425393,4.9533353,0.60408443,-0.81956583,-0.73621756,2.0874248,-0.005847305,0.106894255
-0.66820705,0.4967351,0.6551403,1.2893505,0.5668561,-3.9164052,-0.15367356,2.0253925,1.7592303,-0.6880818,-1.2273632,-0.33747494,-2.889388,-0.055853482,-2.0011654,-0.9663111,-1.3626862,0.9385997,-0.36184108,0.97202617,2.5578308,1.2353923,0.64325947,-0.317976,3.8235486
0.5391857,0.02707678,-1.6466103,0.08866519,0.2472242,3.2570937,0.9428956,-3.7446756,0.19809406,-1.2969521,-0.0935044,-1.35742,0.9437071,-0.054627493,2.4758675,-0.05947508,-0.19963968,-2.4117098,-2.2431822,1.504149,1.6793561,0.113485456,-2.1577888,-0.4653499,-0.037136197
0.48133576,0.23508163,-1.649476,0.37471837,1.9551013,-2.9932423,-0.397426,-0.5240948,1.0398132,0.22025113,1.2907629,-0.4908813,-1.2017992,-1.1370872,-0.65904087,0.2078101,-0.39961407,0.7319946,2.9781876,-0.64382267,-0.79634035,-1.2036427,-1.1720929,0.57306415,-2.401031
1.2209163,0.19503544,0.9617931,0.57872814,-1.7457027,1.4662408,-0.47344792,0.9905807,-0.8227052,-0.27374184,-1.0947186,-0.5588285,-0.77003396,-1.3747838,-2.3046916,0.21007918,-1.04093,0.7654505,1.5684519,1.4655361,-0.7541495,-2.2420993,0.63949054,-2.718945,0.4835242
-0.524528,-0.7200131,-2.6179733,1.1618953,-2.430541,-0.4512608,1.5178902,-2.2474515,-0.9345064,-0.37648574,-0.24665755,1.0445232,3.2447057,0.9326469,1.2267623,-0.19051388,-0.69237846,2.306456,-0.43087596,0.8014089,-1.9477125,-3.1695602,0.8560815,-1.63689,-1.4026928
-1.0613103,1.1417135,-0.01841414,-0.3972699,0.36986372,-3.5722532,-0.35381275,-1.2726266,0.48064595,-0.5574574,-1.0951254,0.18917757,-0.051062867,-1.47349,-1.0688692,0.4360186,-0.19016063,1.7594136,3.877685,1.1739229,1.2010384,0.8141636,2.828511,5.4541745,1.2752161
0.30207983,0.65808403,0.9952737,-0.32530794,-0.8912509,1.8489163,1.388252,-0.9806112,-0.11336368,-0.5935235,2.0924644,0.84030086,1.1329423,1.5212528,-0.3804892,0.30592096,4.289729,1.0014766,0.39183986,0.019074047,1.0062277,1.088466,-0.17319858,1.0849198,-0.05158758
0.38291603,1.1708608,-1.7267191,-0.51574254,-0.42504314,0.9534288,0.91946083,1.4457662,0.8801045,0.17580292,1.1493378,1.8663964,-0.12005499,1.074764,-0.14110214,0.5691538,1.5972192,1.8013207,0.6415838,0.3517558,-2.5092614,0.6296433,-1.234233,0.8883598,3.668095
-0.5817101,-2.5661812,-0.30413806,0.56205165,-1.61727,-1.7986012,2.7111351,-0.08332527,-1.6273007,-2.1724865,-3.5537775,-0.50408685,-1.5518839,0.036974818,1.508198,-1.5750487,0.44323415,-2.4737635,-0.73116446,0.07832594,-2.6505847,1.2257205,-1.5173422,-0.6041825,0.462901
-5.458505,-3.8603,-3.0087814,0.092519894,0.95785356,-2.153356,-1.7145642,2.0161285,-4.641037,-4.5158052,-3.9638693,0.3546887,-4.0065794,3.1276193,0.8012326,-1.8192735,-0.30766082,2.1579535,1.1522317,1.5510347,2.0974998,0.8382743,3.3154545,1.6883832,-0.6972091
0.2110501,1.9697186,0.1564166,0.44934338,1.6235098,1.348299,1.0197344,3.366229,-0.0410662,-0.3049872,0.37274948,1.2388207,0.9652859,1.4137888,-0.016750336,1.5087686,-0.73002034,-0.22146189,2.3645864,-1.1967189,0.39417422,1.6290778,3.624411,0.669975,-0.50597274
2.0933542,-0.7266976,-0.06397176,-1.0171448,-1.0954365,0.8567074,1.6143203,1.8600135,-1.5778514,0.5549257,3.5424607,-0.15905374,-0.5141118,0.30993685,-0.28092375,1.6231517,-0.76131105,-0.46611625,-1.328049,-0.25114515,-1.8206547,-1.3225316,2.1249986,2.0483124,1.1353832
-0.80500525,-0.23218033,-1.3578193,-0.27704793,1.2068957,-5.2232933,0.63254833,-0.8755571,0.8500234,0.6354728,1.4564221,-0.49502254,0.09809123,0.13450468,1.037705,-0.6065726,-1.521803,1.8515444,-2.2812893,0.25547448,0.4550355,-0.9918351,0.5473924,-2.491734,2.3895764
0.84186184,0.06105946,0.8101764,0.1984925,1.425747,-1.4150426,2.838186,1.2011733,-0.26931936,0.056258976,2.0467834,1.1318231,-0.8707385,-0.95889455,0.3405087,2.2050557,2.3108137,-0.17116672,1.5597923,1.3285352,0.36182886,1.5372851,2.6430469,1.7741995,-0.5037759
0.08872041,-0.34390247,-0.31920215,0.5888503,2.2077734,-1.3813672,-0.39127433,-1.7065222,0.027691364,0.0337905,-1.9630879,1.8877422,0.25388986,0.922652,0.3584603,1.5565472,-0.07229644,-3.0926306,2.1482751,-1.0081607,-1.2973583,-2.14972,-0.016884089,-0.40055627,-0.52552474
1.7990305,0.66445684,-0.95141107,0.2779368,0.37696022,1.1962105,0.7873723,2.2800655,-1.8514053,0.91578996,-1.2935374,-1.3188971,1.2944055,1.2720481,-1.8377781,-2.4791203,2.6523285,1.5024513,2.3120236,-1.3575094,-1.3178146,0.2425501,0.7203404,-0.7430221,3.155291
0.31635857,-0.6574453,0.48367625,-0.7620296,-2.9670148,-4.3109603,-1.7789382,-1.9554507,-1.6892605,-0.5604327,-3.585489,-0.6270467,-1.0841241,0.8008487,1.3473217,-0.28933597,-2.8435678,0.66381204,-1.1614456,-0.73633564,-2.9185333,-0.659618,-2.1167715,-2.1998608,-0.98813313
-1.7351675,-0.5295186,0.4659316,-0.30889162,0.24647711,0.8138952,1.0422804,1.9713869,-0.86421514,-1.4501171,0.91028,-1.773626,-0.16359222,1.7355042,0.29588568,-0.00042927265,0.15539017,3.0245464,0.9063611,-0.75827616,1.7201021,-2.5149288,0.9180553,0.386688,-0.95838976
-0.058140814,0.4293443,0.7138676,-0.17497724,0.7620731,1.5784667,0.6170494,0.2864015,-0.14473572,-0.5069327,0.5725607,-0.6373019,0.1406002,-4.675671,-0.2703002,-0.50259393,2.318574,-0.4109439,0.26498234,1.9229871,-0.5752721,-0.4930586,0.086209714,-0.34718257,-1.5516338
-0.2850142,0.549719,-2.208495,-0.016423136,-1.3445443,2.102936,1.6179216,-1.1908469,0.67998636,-0.2233429,1.3520203,1.7921097,-0.23477435,0.5579879,-0.20681885,-0.62734455,1.1075188,-0.73428077,1.0068104,-0.014541153,1.1303818,-1.2510282,-1.2181919,2.4759023,0.1752446
1.1751025,0.20870972,0.5755625,-0.06533522,-0.37709346,0.5785543,1.0277975,-1.4141666,0.16270187,1.1061195,3.2698672,-0.12805271,1.0032574,-2.5661964,0.8059107,1.48036,-2.948183,0.19897941,0.8008058,0.596334,1.754834,-1.4463377,0.11996836,-0.97027385,-0.25163838
0.64878553,-0.25538754,0.6644665,0.59127694,1.019629,0.1051358,0.2747014,-1.2034307,0.8420647,0.6310126,-0.32366878,0.5064724,0.2507275,-4.229678,-0.19025247,2.217434,0.32135653,2.5972984,0.5731194,-1.8559804,1.6876394,1.4913753,0.072546616,3.543811,-0.5488627
0.68526036,1.1003171,0.13855863,-0.09613205,0.14211118,1.055302,2.1829069,0.19165412,-0.19512841,-0.2262288,-2.0655751,0.8892622,1.2909756,0.15073666,0.21191688,1.5290906,0.5305419,2.220089,-0.59350437,-0.19234005,0.82696056,2.107656,-1.2289658,0.046683863,2.0900886
0.5683069,1.1238312,1.6268902,-0.22953215,-0.11818047,2.7782695,-0.64184827,-0.55543756,0.61557937,-0.6709881,-0.10550503,-0.4951734,-0.29810297,0.9280216,0.17959857,0.3229316,2.0632126,0.2787155,-2.6256566,-0.30282885,-0.3909816,-2.0360897,-0.021241799,-0.52720445,0.99595606
-2.6216857,-1.5552008,-1.4249475,0.51554686,-1.6944919,-6.8700294,-1.5739434,1.5932426,-0.45441133,-0.9957561,-0.1999948,-1.1956834,-2.2682285,-2.9340262,2.4949927,-0.71961105,0.5858228,2.2541418,-1.3116677,-0.5645062,-0.37276077,-1.6951122,2.0657215,0.42493805,1.5194736
1.368602,0.35943508,-0.49711764,-0.22953215,1.1284362,-2.9157395,0.08866794,3.6456666,0.072821215,-0.9747983,-1.35289,2.6101542,-0.57259107,-4.0288677,0.92948735,0.22376719,-0.20128886,-2.3132315,2.1275554,-0.5030645,1.4953747,-0.38941306,1.9870424,-0.6902736,-0.26849243
0.33752757,0.62604195,-3.055602,0.065559775,-0.9694259,2.3091164,0.898422,0.18790257,0.8889652,2.091288,-0.64708906,0.30421767,1.415669,-1.2764529,0.28973615,0.9342276,-2.4836693,2.5593653,1.6912485,0.61013633,1.08236,1.2301077,0.8029565,-0.24956125,0.5311848
0.059397012,1.3312628,2.9876745,-0.8093723,-0.764259,-0.42535275,0.678303,-2.3929367,-1.8370613,0.5512953,-0.4812341,-0.7363266,0.28159642,0.09568724,-1.831933,-1.4198072,0.41475755,-0.05082369,-1.030737,0.97531146,0.46918467,-0.9455221,2.1539154,2.049046,-0.9336185
1.056895,0.79843193,0.8091759,0.8040456,-0.24437478,0.0063306093,0.23472254,-2.9078171,0.6812929,1.9200668,3.176724,0.8833534,0.96058977,-0.7728094,-0.32825667,2.1006346,1.0946364,1.6677821,-2.2994416,0.027276302,1.1094286,1.0973803,-2.2039945,-0.49956352,-0.46296638
-0.73993975,0.50880605,0.13443732,-1.0368407,-3.725264,-2.2299526,0.2541582,-0.036968946,1.0352349,-0.98710203,0.79636,0.5977125,0.19374695,-0.28420204,-1.2494215,-0.18431297,-0.740798,1.4868479,-0.78231347,-1.1213994,0.41870522,-0.40236968,-1.668581,1.7807573,-2.1381972
-1.9731736,2.5966873,-0.5090169,-0.26820534,-2.295405,1.2653421,1.0088187,0.9577714,0.93123883,2.0718951,-1.4556468,-1.1033437,-0.000159204,-0.006125033,0.54356784,0.21551001,-0.3411989,-0.40999246,1.3080995,0.42752993,-0.6303182,2.8382988,1.5473917,-2.576025,-0.6946922
-1.2774044,-1.0680474,0.6815789,-0.110744245,0.8576336,-2.1345518,2.276352,0.9252492,-0.013491642,0.44870776,1.0690956,1.2197608,-0.7972165,3.2691061,0.646417,-0.6432504,-2.016139,-3.6963162,0.9090727,1.3694766,-1.1334333,0.6147138,-1.7014613,2.5634875,-0.19561906
-1.0177054,-1.2295982,-1.0949999,0.25057983,-0.22740425,1.6919992,2.087891,-1.3047072,-0.27554986,-1.949297,-2.3198528,0.038044512,-0.4764142,-0.18751562,0.5277672,0.16970503,1.549515,-1.4181082,1.50926,1.3555354,1.2135965,-1.4908038,3.0847025,-0.78704023,4.8033133
1.4065124,1.5663228,-1.1507709,-0.5192474,1.544301,1.4423206,-1.2952435,-1.188234,0.4555028,1.2755097,1.3229475,2.6754463,-0.077115834,-3.7669406,-0.6021081,-1.2792602,0.2790475,0.20303667,-2.2601814,0.66541773,1.1560307,0.41880605,2.9369874,-0.11201942,0.7406255
1.1751025,1.428472,1.2006881,0.33913133,-3.4655843,-5.3203144,0.010860145,-0.22138074,0.31631088,0.27506799,-0.7426709,3.0322332,0.5069873,-0.44407034,0.25017613,-1.9199482,-1.1898503,-2.0357645,-2.4000137,-0.34995735,1.9415624,-0.65069884,-0.9422426,-1.2959611,-3.1425395
-0.59371245,0.015413839,-0.2203726,0.32146952,0.62801796,1.1555976,1.5351281,0.93074334,-0.6247756,0.05227651,2.2493715,-0.87339664,-0.5034996,-1.8454566,-1.2607076,-0.6946742,2.0174828,2.384068,-0.20200467,-1.0778507,0.9585788,-1.7694467,0.5774207,-0.051447563,0.621047
0.045555793,-0.98898834,-0.40298483,0.6778731,0.080607876,0.054093182,0.80064553,-0.6739839,0.81788844,0.19378223,1.1462886,-1.6481214,-0.35430932,-3.3125408,0.8014674,-0.058777243,-0.80255616,0.5895885,0.33348122,-0.5030645,-0.9358757,-2.1248755,0.2907616,-0.15405858,0.9282501
0.9123585,1.1794883,-1.1880559,-0.9131757,-0.49491018,1.7327958,0.5386991,0.685222,-2.1773674,-0.4176474,1.0737338,-1.0241456,-0.3715104,-1.8610554,0.2661856,1.4113584,-0.75169367,-0.23496094,0.87169445,-0.7593739,2.7320876,-1.0084586,-1.2110687,2.7902348,0.036962956
1.2419767,3.731762,1.8768854,-0.55388856,0.7906779,-0.72130704,0.07468878,-1.3474264,2.3283658,0.34216762,0.6647756,-0.35164672,-0.4544512,-3.5056756,1.9069209,3.3099604,-2.501561,-0.54187286,-0.39004475,-0.37419918,4.4331646,0.83259153,-1.3386116,-0.71394074,-1.0865867
3.0616202,4.734968,0.720084,0.015731193,0.5764621,3.8855724,-0.20620167,0.10611808,0.9068407,1.328397,0.81981623,1.7040224,1.1280906,-0.3153151,-0.032741934,2.8353572,0.4229291,1.6593736,0.066571206,0.88454294,2.637504,1.7260531,1.5281,-0.92929906,1.2911067
0.15243222,0.20694743,1.5948083,0.0971633,0.92633235,0.52571625,-0.2619301,0.32909757,-0.27412555,1.4043151,2.384098,-0.4470366,0.52830017,-1.248211,0.14942482,1.3131225,-0.57741,0.13832492,-0.60200703,-0.6427451,-0.36517835,1.3199522,1.7559464,0.00618577,-2.458489
4.958846,3.881016,1.9822317,0.010847051,0.8422265,-2.9474921,-0.08579226,-1.8944016,2.7055387,2.7305288,4.2101455,-0.6558994,1.7128022,1.9676802,-0.7886895,3.4025707,1.1558846,-0.82539546,-1.5977051,-0.11096423,1.3599033,1.4123391,1.0960611,-1.0218087,0.1307533
0.36593395,0.9412025,0.8101685,0.82880706,-2.17689,-5.9920053,-0.8402241,0.47933877,0.5420335,0.41886646,0.7364767,-1.481878,1.4708048,2.236062,0.79733574,2.318644,-0.898096,1.7496772,-2.5462441,3.7678418,-0.9354366,0.6988373,-1.12016,-0.17061913,-0.80386245
1.4534962,0.8514034,-0.29737258,0.8699592,0.38033462,0.12078859,1.6596141,1.399683,-0.17403968,1.1813173,-0.08661084,-0.0013583302,-0.5772108,-1.1735504,-0.30040738,-0.6511448,1.0495237,2.5813994,0.34986928,-0.15530175,-0.6193693,2.4764056,0.33692878,0.48509395,-0.3526224
0.23957288,0.22228205,-0.16992074,0.16683121,0.676205,0.39638668,0.8916726,-0.22748923,0.85908204,-1.0554948,-0.6567333,0.27846098,-0.32942003,3.2628782,-0.7539009,-1.1722784,0.48592436,-1.4412885,-0.15228409,0.34306207,0.4332981,2.0442338,-1.4670892,1.1406729,-0.83446896
0.6950777,1.0442586,-1.7430058,-0.2800351,-1.597099,2.9430323,-0.26076314,1.4532881,-0.25118273,1.4046224,0.44774076,0.46844077,-0.65183526,2.500215,-0.7012779,0.42039692,1.6279004,-0.35015956,-1.277662,-0.2279194,3.3326392,0.45758355,1.8611631,1.0908623,1.8879131
3.6927285,1.6886121,0.6477151,-0.22953215,0.8929899,-1.7040535,0.13591963,0.9965159,0.8892585,0.9415163,4.266472,-0.30608645,0.7530628,-2.808423,-0.26473957,2.9472356,-0.99302846,-0.79901654,-4.9614825,-1.5454024,4.4136286,2.0496192,-0.9809749,-1.0690517,-3.5856767
3.5503712,1.1177609,0.5781878,-0.09008641,-2.2104745,3.8020241,-0.059675395,-0.3600054,0.5693505,0.3472334,-0.18449807,-1.1018496,0.64196104,-2.078933,0.3531565,3.1352882,0.65002215,1.4649225,-3.0733485,0.78894687,0.25613922,-0.63450956,0.21979338,-1.5776641,-2.306733
-1.3053554,0.11184895,0.41060233,0.20277914,-2.9212239,-2.5241146,0.3899454,0.031885266,-0.71822023,0.87907565,-1.3009281,-1.7621176,-0.08953576,-1.1765715,0.95298207,-0.792957,-0.66292495,0.009476602,-1.1276653,1.5097883,0.9066578,0.13082828,2.591567,-0.3705353,-1.1636978
0.8986758,0.23317103,0.541326,-0.031569585,2.2535903,-0.8658512,-0.86442626,0.042418808,0.74659204,0.49696624,-1.4242568,1.5503532,-0.17954114,0.46149397,0.41822916,0.17227927,1.1099999,2.086843,-1.1430454,-0.19234005,0.9391834,-0.8821319,0.8539256,-1.1383066,0.40110785
-2.3347452,-1.0019609,0.8316535,-0.103128485,0.87109184,-1.0262733,0.60637367,1.3035293,1.2648966,1.6156211,-1.5716863,0.53697526,-0.56159735,-0.6142701,0.573931,1.4589927,-1.1445172,1.786682,-0.9796204,-0.86283225,-0.77444744,-0.41653466,2.4984865,1.9581821,-1.1236963
3.1976454,0.5206852,0.6556271,-0.010380253,1.9408998,-4.7281566,1.3676685,1.218005,-0.9610052,0.9005805,-0.2274338,1.6609044,-0.2573034,-1.145947,2.1508422,-0.16512798,2.5691037,-1.5694113,-0.31041962,1.5315434,-1.163858,3.4204266,2.7050567,-0.20187047,0.7900913
1.0959492,-1.5362828,-1.7957734,-0.48526174,1.7434762,-2.6901886,0.1864748,1.9779999,0.62647307,-0.86301863,-2.950378,-0.2822218,0.16704398,2.3346288,-0.4981431,-3.4636931,-0.63335025,2.7245135,-0.02231741,0.8104555,-4.980554,-3.5538554,-0.47016823,1.5147381,-1.5400261
-1.2408348,-0.56784,-1.790498,0.73328656,-0.92520404,-1.4599462,2.955876,1.4569204,-1.3761294,-1.7602918,-0.30716032,-0.16808861,-0.9641782,0.4555433,0.5151552,-2.306883,0.03983456,0.4980772,0.866094,0.03056101,3.5021162,-0.98037505,-1.2727845,-1.305569,2.0549543
0.6954603,1.1907246,0.82819235,-0.39282843,0.57551265,2.3708024,0.11741948,-0.3533352,1.6231906,1.3531258,1.2279,-0.6324579,2.4975824,-3.0425982,-0.04980299,1.949349,-0.82436055,-0.43466252,0.41152894,0.51952547,3.913134,2.9943962,3.948618,0.27561522,-2.7279263
1.1620724,0.7487422,2.74927,0.14900917,0.8100344,1.9408779,0.34478825,-1.854152,1.0267847,1.00154,3.3190618,-1.6776823,1.5675589,0.8398418,1.3670915,0.5914004,2.1775296,0.5157009,0.9766424,0.62884897,0.8201852,0.042469144,3.5403743,-0.5579255,0.36395812
0.8305797,0.23454419,1.4023724,0.48647815,0.32957193,-2.6577573,0.52877736,-1.0722084,0.30988586,0.8219811,1.9123392,0.8881786,-0.27322906,-1.2395066,0.32049638,-2.6182227,2.1582398,2.3882673,-0.188007,0.07903382,-0.057266414,-2.6606784,0.106331125,3.1683967,-2.1267633
-0.27453953,1.9528501,0.38216263,0.32355517,0.6364737,0.12014341,1.4219385,1.2077479,0.7088722,-0.04996513,-0.8842831,-0.12325354,-0.37756097,-2.0738063,-2.3624783,1.5143312,0.0494543,0.2653937,-3.4501915,0.6162175,0.18944648,-0.34002674,-0.40069777,1.3752671,0.456842
-0.42655748,0.6528683,-0.7898191,-0.11204485,-3.890793,-1.315352,0.47434485,-1.9050152,0.89550734,1.3906571,0.5537726,1.8928787,-0.2559425,-0.20484518,2.6588979,1.1550109,0.08738291,0.40704954,-1.6748497,-1.0334624,-0.9515966,0.7082385,-3.4149055,2.956714,-1.9875968
0.40491158,0.07568747,0.009863287,-0.6873467,-3.9018016,-3.3961725,0.6088479,0.6016542,0.018090405,0.043887198,-0.9763122,-0.7182982,0.44882315,0.90146875,-0.4092773,-1.8897352,0.64017653,-1.6840711,1.8292186,-0.018754128,-1.1609598,1.6382759,2.1379116,-0.9297224,0.009912138
-3.2915516,-1.3448374,-0.6086512,0.6495365,-0.6308378,-4.8361726,0.29367894,-0.54410803,-0.2625891,1.2766508,-2.736639,-1.2277185,-1.5177613,-0.09797007,-0.36363047,0.35385716,-2.0156095,0.62339056,-0.26287353,-0.41214138,-3.9850936,-1.7626575,-1.91809,3.582663,1.5929505
-1.268856,-3.1015139,1.1106689,-0.5518923,-0.38259667,0.57805085,0.76663774,0.49106357,-0.14057934,-0.82324415,1.7769818,-0.40955102,-0.7501918,2.1546643,0.8818458,-0.49324435,-1.244688,-0.111595035,-0.20723069,-0.4522632,2.2153878,-1.0328294,1.9282053,1.1387519,-2.373033
0.96628064,1.7130039,0.15991604,-0.02676417,1.6135448,1.9408901,1.9650931,1.3918641,0.70224935,1.7495828,0.44549143,0.36079592,0.28953853,-1.2630845,-2.246231,-0.04268253,1.4094484,-0.30265784,0.24473988,0.075156346,0.22770512,1.5112331,4.25925,-0.3373091,-2.2564442
0.5220303,1.0381123,2.2236822,0.70561177,-0.84896,1.4916997,2.1020463,-1.5224013,-0.2675306,1.8877047,0.84841865,0.7442645,-0.3749992,0.3029581,-0.88043505,-0.9243178,3.1603513,-0.70519626,-1.4538834,0.13619336,-0.7972009,-0.92895097,-2.6011024,-1.8553064,-0.18882984
0.10608627,0.6852945,-0.059221864,-0.5800727,0.9888891,0.42759466,2.3035767,1.1361923,-0.43757045,0.83030915,-0.71558887,-0.4538778,0.31474596,-1.0175304,0.4006394,-0.44919652,0.19570565,0.07830913,-0.4055273,0.49902156,0.150767,-1.2190553,-0.115787864,-1.0568718,-0.49615166
0.662743,2.3281596,2.5698955,0.33702904,-0.29657874,-0.13322516,2.191135,1.0169288,0.58457154,-0.36261615,0.76143205,0.5264397,-0.9262705,-0.7440758,-0.3635679,0.46790132,1.3681037,0.35794157,0.28140825,-4.1358776,-0.76446795,0.92572176,3.149829,-1.2103561,1.6616324
-1.4032321,0.01554203,-1.6226388,0.7479137,1.2827603,-5.5154567,2.1493711,2.0841882,-0.9849894,-0.05308175,-0.28433883,1.0287335,0.55350053,0.3843646,0.655101,-0.069821715,1.7479075,0.29575074,-1.506909,-0.69497824,1.9937729,0.9733803,-0.3814975,-0.09454429,-0.19245364
0.8262434,-0.62122405,0.13540804,-0.13649741,-1.6904956,-1.159745,3.014994,0.12725896,-0.26944062,-1.073093,1.7796841,2.714463,1.5319822,-1.8365742,0.79710054,2.8697145,0.5569778,0.06060867,-0.5776659,0.77841187,-2.0869691,-0.7322337,1.1295291,0.32089332,-1.4801785
0.8664968,0.20622194,-1.7752522,1.8126899,1.1763638,-5.6445713,-0.11920313,-2.3896878,-0.5558249,-0.38852143,-1.0540048,0.30975127,-0.49211478,0.29356587,0.7565541,-0.8961193,-0.44042414,4.486334,1.3797524,-1.9968255,-0.24368405,0.11460048,0.82577467,5.924088,-1.775142
0.45797297,-1.0473361,0.39305156,-1.636356,1.0637099,-0.23269022,1.106339,2.0728374,0.11410946,-0.013470888,-1.1830907,0.95196116,-0.095626876,-0.59860194,-0.049223647,0.69134605,1.1816666,-1.5020108,0.46980685,0.20403093,-1.4414934,-0.5039127,-1.053997,0.5953184,2.6044903
-1.1983138,2.8097303,0.040869594,-0.22416562,0.9575281,-0.41677612,1.5520573,1.202344,0.14539896,-0.62133086,0.34844446,-0.7193164,0.503826,-0.9217966,0.8863695,0.01418376,-0.95789725,0.26135707,-0.8282089,-0.17489961,-3.788028,-0.066949576,-1.8396716,-0.6313064,1.4396224
-1.4404976,-2.768189,-1.840754,0.8529352,-0.6292026,-0.08867353,0.4781732,2.879858,-0.67142594,-1.4945693,1.4229524,1.4322647,0.85210466,0.25916046,-2.4890792,-0.3595335,1.1338854,-1.5263433,-0.7542879,-2.4311543,-0.8848361,1.4963715,-1.4386075,-0.6643471,1.9778063
-1.2514826,-0.17198282,-0.37518927,-1.3311378,-0.2888261,-1.7373977,-0.42535838,0.39190698,-0.27394742,-0.53808576,-0.10956104,-0.24521899,1.0538437,2.460067,1.97518,-0.31642517,-0.083422154,1.3523756,-1.14328,0.96685743,-1.4867004,-0.7953788,-2.556253,0.15867437,-1.197144
-1.3976324,-1.109908,-0.1770452,0.18776615,1.3994439,1.389149,1.8619704,1.2362278,-1.3773335,-1.123838,-0.45388907,0.96090317,2.0952566,-0.12992048,0.112268865,0.072721094,0.83403736,-1.4423347,5.453961,-0.014541153,2.5219135,0.9359555,6.441512,3.7136512,0.102225065
0.66037875,0.8303972,-2.3907487,0.3702899,-0.80795217,1.5702761,-0.071205676,0.75228405,0.5315185,2.5263233,-1.441658,1.7648187,0.6235117,-0.026655551,0.84029275,0.79389083,0.27281177,0.21604896,-0.21440023,0.74176383,-0.19846761,1.1280077,1.859458,5.1522264,-0.24262403
-1.3374312,-0.23260066,1.4387465,0.9048671,2.4998775,-1.2313385,-1.2295266,1.3630528,2.4879787,1.6869221,-0.54385597,-0.30227566,-0.8950499,0.13277549,-0.9345813,0.768566,0.110061824,1.4254663,-1.00789,-1.5422138,3.7639365,-0.08279227,-1.4178063,0.7975614,-0.98366773
1.800783,0.73066944,1.2530019,-0.08888648,-0.97768116,2.4969544,0.39554897,-1.5319028,0.16465425,0.090577185,1.8965744,2.3273404,2.1329112,-1.676842,2.884745,3.6741695,0.2540673,0.15544528,1.0361228,0.31501082,1.0331101,-0.23341167,0.9768188,-0.07164061,-1.3732666
1.9793961,1.8720173,-1.5475899,0.09112802,2.4191518,1.6517807,-0.19943208,-1.2058105,1.1804844,-0.18570435,1.0088646,0.20300707,-0.3880271,-0.6492491,-0.9054408,2.1687171,-0.21809343,-1.7174771,-2.7225375,0.15605973,-1.458523,2.8391762,2.9261522,1.9190927,4.0413547
-0.66249985,-0.5478958,-0.60610807,0.2134029,0.52321815,-6.3362474,-2.8984659,-0.34708315,-1.0481765,0.4626688,-1.3749342,-0.5382736,-0.89472437,1.9675167,0.69627607,0.37753063,0.5752609,1.2092898,-4.9412737,-0.6849796,-0.87310946,-2.8429275,-1.2811067,-0.083285786,-0.87642294
0.48168316,1.1213892,1.3059149,-0.1868476,-2.000697,-1.8573482,0.75059336,0.42016202,0.54387796,0.45608747,-0.81234384,0.8284983,1.7732433,-1.1117337,-0.7574755,-1.2219082,-0.24632299,0.17514008,0.33962214,-0.29088008,-0.5083865,1.2313907,-0.7386149,-0.16174507,-0.85102594
0.5875484,-2.1978352,-2.4958568,-0.02676417,-1.0430069,-2.4924886,0.6173313,-2.961027,0.28674915,0.62592256,-0.73400164,0.6136303,-0.28652468,0.75352037,-1.1002448,0.086859554,1.878695,3.1019874,-2.0067255,0.027976595,1.6812425,-0.6965703,-1.3874514,-0.46211058,0.40138078
0.89018863,0.20867105,1.8222946,0.91092056,-3.1884944,-4.120076,-0.36933386,-0.57041436,2.834437,-0.09360936,-0.95701295,-0.07448125,1.1082242,-5.1803894,2.4070892,-0.37979162,1.0346441,-0.38411897,0.29370075,0.527224,3.9704058,1.5060127,0.843169,-1.24317,0.5586269
1.4372561,0.75710803,2.8813357,0.8274513,1.156373,4.1648293,-0.00022023916,0.79849327,0.7201861,1.5118039,-0.3041674,1.4552674,0.33484328,0.7312075,0.7195213,0.67359966,-1.0059669,3.5218036,1.044436,-0.13600662,-0.6435707,0.1568532,1.1530005,-0.36136967,-2.7700784
-0.47337717,0.65339494,-1.0875878,0.8034376,0.029728264,-1.3628731,0.8586974,1.399327,-2.4029057,2.110865,3.5853693,0.32220456,0.61040395,-0.18648683,-0.87634826,-0.39712483,1.8345839,1.7015607,1.2944055,0.05492207,-1.8117344,-0.6994389,-0.7847235,-1.0746609,3.1390233
1.9345227,0.38213706,0.025372267,1.1328845,-1.7381587,-2.403539,1.774709,-1.1213003,-0.671836,-0.40400115,-0.12390113,0.82208854,-0.7240328,-0.37872243,-0.12457669,-0.30064526,-0.82711816,-0.7036985,-1.8261342,-0.7184983,0.37693548,-0.680586,-2.3795457,-2.657482,0.62721896
1.7750137,0.12333068,0.38629088,-0.22353259,0.22517061,-0.37154067,0.609339,-0.18204461,0.46971858,2.4000826,-0.5876242,0.04201603,1.2382528,0.6643371,0.89658964,0.44396645,-0.26738703,0.21886826,2.0060322,0.94343233,-0.09428188,1.2479358,-0.058657706,-0.051934212,-3.5849433
0.46668485,-0.46533272,1.036152,-0.37433505,-1.6987731,1.5251298,0.216845,1.826714,-0.66884345,0.034417592,0.5663793,-1.1997123,-0.06797665,1.011394,0.90373284,1.116587,-1.4135791,3.6124742,1.0142567,0.17131066,1.7078481,0.6808761,1.6825266,0.7833896,-0.36441654
-0.60537845,0.2006827,1.1684111,0.3219049,0.9470519,1.9483417,1.8257053,0.015357733,1.514447,-0.027664334,0.9122002,-0.095045626,1.2099262,-0.7253264,-3.081407,-0.7233259,1.0347459,2.6456988,2.5113037,2.1838856,0.22618933,-1.5423062,0.22578907,2.0935078,0.6922976
0.53917855,1.0885768,-0.10076539,-0.24844632,-2.78274,-0.043828428,3.4037104,-3.3262668,-1.921391,-1.1525743,1.6801794,0.7691732,-0.07183735,-2.0718422,0.24298906,0.6696605,0.8024046,0.60412776,0.44451216,-0.10316732,-2.3521254,0.19367234,-3.050983,-0.35013488,1.1122411
-2.955072,-4.0867386,-0.8835888,0.6017621,-0.40283102,-0.023991868,0.10944104,0.6480373,-1.625831,-0.10924804,-2.1198525,0.002358079,-1.8770366,-0.7199049,-0.5472811,-3.5847955,0.99781764,1.8330605,0.4512223,-2.1666071,-4.3865075,-3.9645443,-1.0273765,-0.20584732,2.2626095
-2.3951602,-1.6276939,1.0137365,-0.83925974,0.14085233,-1.8745348,2.0879407,1.1954131,-1.9583578,-1.6792474,-2.4351647,-1.1542174,0.85210466,-0.57177347,0.067692906,-0.3595335,-1.4176841,-0.30418876,1.4741867,-0.70556873,1.2920961,-0.054700136,3.4683008,1.3490616,-0.6579538
0.6647482,0.63367254,-1.1942688,-1.0767831,0.5675927,-1.0593387,1.8244145,0.52953064,-0.7702669,-1.3877283,2.026684,2.5001702,-0.83638006,-2.0084703,-0.12235588,1.2580254,-1.3318875,2.0905752,0.3674293,0.12163274,1.9563143,0.9454176,-4.2088594,0.67011935,0.18048003
1.107461,-0.62122405,-0.75658375,-0.57853377,-1.642076,2.1834493,2.8175118,-0.700791,0.9694716,0.277521,0.33694053,1.3020725,-0.14271939,0.22875369,1.2290783,3.6904626,4.3850627,1.0242959,0.5535535,0.43650267,3.3824577,0.4535607,-1.1225617,-2.9802907,-0.8825159
-0.3219576,2.2482822,0.7084708,-0.26128164,1.1748445,1.6660683,1.1428034,-1.3954155,1.7561216,1.1144309,2.7476158,-1.4480629,2.0217202,-0.37131602,-0.41566116,2.5848029,-0.28470588,-2.2651038,3.1336803,0.45595628,0.8967681,3.5308578,4.192424,2.343757,-2.6153843
1.5485768,-0.2774794,0.9931077,0.25479308,-0.8629323,1.1389093,-0.050846875,1.1515718,0.4369037,0.9437987,0.52396613,1.5644203,-0.3005195,0.9326978,1.0342469,2.5347476,0.67162824,-0.3450903,-2.3363605,1.5883515,-2.7616446,1.7065983,2.7666416,-1.0468724,2.3860312
-1.3804625,-0.50765896,0.15160364,1.0344961,-1.3735482,-9.6364765,-3.695916,0.4234236,-1.009904,-1.7681775,-2.4709744,1.0639586,-0.13709544,1.0319026,1.385232,-1.2636328,-0.5765663,2.594112,0.38967204,-1.0960158,-2.6629863,-1.0155483,-0.9720868,0.31622383,2.6490765
-4.760357,-3.6461806,-2.3990583,0.008864198,0.9571715,-1.6358571,0.46569234,3.0043066,-3.203916,-4.321352,-4.594956,0.7182338,-3.7095165,-0.063435,1.735937,-1.3413736,2.236927,-0.28563488,2.4082146,-2.0698853,1.1137966,-1.3303611,2.4127536,2.4423497,1.6017883
1.0956389,-0.2631538,-0.11414781,0.16683121,0.06520271,2.9016838,-0.09410426,3.7135193,0.22655468,0.02651311,0.32776377,0.85544014,0.62897724,-4.182289,1.9257269,2.0276954,3.371694,1.6276435,3.7889664,-1.17823,2.8211565,-0.15265056,4.429285,0.618494,-0.8148811
1.7726474,0.18741488,0.39577526,0.815943,1.5411296,1.0327301,-0.66506463,-0.20394325,0.28935736,0.109317034,0.70905805,1.8473779,0.06879267,-0.40829372,0.09673248,1.290056,0.009844363,-0.68983835,1.6444831,-0.006080497,1.166529,-1.457114,1.8593756,2.8719783,3.9116664
0.81392395,2.3634708,-0.031957515,0.26226282,0.6361028,0.77590615,1.2635876,0.26248586,-1.044164,-1.0118246,0.8033902,0.26394033,1.4087394,-3.7093554,2.868629,1.5745798,2.1002364,4.540341,-1.5794334,-0.02107403,2.3064027,5.407646,2.0695477,-1.2997981,4.2624
0.40635514,0.5252533,-3.367561,-0.6105736,-2.3577468,-4.134401,0.76591986,-0.24904752,-0.428811,1.5806243,0.54712045,-0.23046279,1.6082062,2.3492684,1.0799835,-0.95366096,-0.6871015,1.0199165,-1.7565284,-0.7777826,1.0212543,-1.4703889,1.2980965,-0.36921877,-3.225772
4.027424,1.3292077,0.7303889,0.52362347,-0.08663899,-1.1399219,1.0007277,0.22006375,-0.9042382,1.5403315,2.4003415,-0.012783492,-0.6607964,-4.380502,-0.009641886,-1.6921611,-0.42551553,0.73726845,-0.6696404,-1.2184296,-1.3795801,-0.537831,-0.52905995,1.1011231,-0.9030193
-1.3221449,-1.5348775,-0.7220262,0.7006607,-0.58490014,-2.8811195,-1.1365325,1.3344392,0.040805697,-1.2350309,-0.7743851,0.605765,-0.6171906,-0.40904257,-0.10257752,0.53683364,-1.2771633,0.296444,-1.6638248,0.70971906,-3.0194798,0.7460863,-2.074477,0.3502679,-1.4196904
-0.7375595,-0.06319749,-1.7771351,-0.1282754,-0.8067956,-2.257378,0.4098816,0.3142289,-0.5241602,-0.28162152,-2.6530347,-2.5688927,0.09418994,2.0450735,0.67709994,-1.6194997,0.582743,-1.5159111,0.6173864,0.60598534,-4.826102,-5.723813,-0.31066847,1.5408599,-0.43645585
-2.8709593,-1.9018433,-1.2668439,0.008971173,0.5003669,-1.4885895,0.46158358,1.4775727,-0.502254,-1.6882668,-1.1177082,1.3072597,-1.514744,-1.9364393,1.8191072,-0.37134343,0.5063807,1.1086957,1.1247523,0.51801735,0.9273936,-0.69520295,-0.6761615,0.44283563,-0.18395951
1.1575481,1.4355733,-0.32715487,0.34589475,0.86667645,1.7533022,-1.2130964,1.8360332,1.4104571,1.9617332,2.2749987,-0.3841744,0.5430447,-1.1699468,0.6003344,2.0355282,-1.4359605,-0.38817492,3.770368,0.20403093,0.53497744,0.30534995,5.647569,2.2267551,-0.7042344
0.49991214,-0.41496646,0.41119158,-0.54386955,0.25275314,-1.8987359,1.2273548,-1.6537544,0.5631906,0.47779235,-0.018016368,1.190199,1.4312263,-1.5707053,-0.016750336,-0.32143164,1.9539466,-1.8959105,0.7156884,-0.8955683,0.5453099,-0.81601983,0.22024736,-0.98831874,0.16125745
0.89631045,0.23080958,-1.7053254,0.49488035,-1.5818304,-2.027095,1.1729767,-0.03735298,0.49457806,0.49151438,1.2402683,-1.4836358,0.7072534,-1.0547149,0.07373899,-0.68590796,-0.4370625,1.3230369,0.091205664,0.92597556,-0.26436955,1.7588068,-1.1376712,5.5086656,-1.507121
-0.17298482,0.34690318,0.37367433,-0.27088514,-0.6956432,0.9371089,0.5284204,0.2686835,-0.049542084,0.40601572,-0.36260158,1.3377024,-0.121388406,2.0684907,-0.058774438,0.282722,1.2291179,-0.552777,0.5696723,-0.2279194,1.556151,-0.19369185,1.0602177,0.17922741,-0.23002782
0.46304742,0.7988082,1.5775313,-1.2159653,0.5444971,-2.150843,-0.5854173,0.15884858,-0.34508988,0.66168666,2.3177161,-0.1646822,-0.51554334,-1.7166852,0.63125044,-1.8058032,1.3725805,-0.8911238,-0.06764546,1.0332694,3.3708851,0.9398395,-0.013234973,-2.4837308,-0.20158696
2.8530545,1.3105856,2.6089766,-0.55745107,1.0188103,1.1182802,0.4782533,0.7683884,2.435266,1.4314697,1.0400378,-0.5387356,1.7341216,0.61277497,4.8261595,1.7726675,1.3629968,0.9457432,-0.6193711,0.53629255,4.149966,0.66410565,2.0165036,-0.9899794,-2.0530536
0.25969958,-0.22150767,0.78756505,-0.10624286,-0.24189544,3.3396945,0.4870444,0.083579004,1.0302403,0.27068377,-1.4954202,-0.51559895,1.2157321,1.1850927,0.109663725,0.96153206,0.6298816,0.6187668,1.4851532,-0.57743305,-0.03727936,1.7596495,0.47728652,-2.2335632,0.73657227
-0.35728976,0.7859265,0.9834125,0.21026969,-0.1634587,0.5798306,-0.48035198,0.08792029,0.7469222,0.7489458,-0.7097756,0.42984375,0.4637122,1.5868402,0.47430134,0.56556404,-3.2177262,1.7704004,-0.4653786,0.23503545,-1.6812339,-1.2959633,-0.7024539,3.8468215,-0.47398573
-2.8642957,-1.3312871,-0.48471525,-0.106477536,0.24974236,-0.7487634,0.31802303,0.3025278,0.09671223,-0.5675633,-0.8014097,1.5585979,-0.018518507,0.23011142,0.0069951117,-1.8414555,-0.8038189,0.25270304,0.47728854,-3.0795088,-0.38219026,-2.022537,-1.9879754,-0.8116921,-1.7753451
-1.2287631,1.0713165,0.53790545,0.19903311,-0.93698776,-0.44231194,-0.76950073,0.9235674,1.2719815,-0.51500493,-0.13670895,-0.35558754,0.6142055,-1.1098839,-0.014075264,-0.21994995,-1.0322373,1.637128,1.0619829,-0.40836853,0.9415939,1.2700176,2.2799838,-0.17637059,-1.262291
0.5236369,-1.1452881,0.05347359,0.04442054,0.16013867,-0.45997834,1.6896696,-1.8290771,0.9705576,2.4010308,0.026586726,0.50183237,-0.48490208,0.37785435,-2.178453,1.1361285,0.88180375,0.24616194,-0.75327456,0.113701515,0.78209937,1.1814197,1.5693369,-0.21098006,0.46235058
0.07002555,0.9893664,3.2573853,0.074881084,0.1911494,-0.7896435,0.061471313,-1.8466195,1.2160671,1.3358452,-0.33125216,2.060584,-0.18306282,1.8269256,-1.535572,1.8358178,0.18237355,2.2595146,-1.5959079,-0.8354453,0.87065995,1.5820152,-0.4674409,2.4304957,-0.8788807
0.8009018,-0.02676902,1.6656196,0.4172465,-4.64535,-5.1897397,-0.18444312,-1.2484417,-0.5460594,-0.14219022,-4.0700345,-2.995336,-2.2187848,2.035447,-0.32980496,-0.23907292,-1.0251619,0.7516068,-2.1963243,0.98956263,-2.0350566,-2.4266753,-5.129189,0.9494247,-2.6516633
-0.07150078,-2.5118148,1.0135541,1.884339,-1.2811158,-1.763753,0.66054463,1.7541811,-0.12390798,0.11342871,-1.7126532,0.9726492,-0.95142215,-0.64327013,1.8920445,-2.6811852,-0.17121309,3.788047,-0.17226711,0.009820716,-2.4747834,-0.8691536,0.51970655,-1.4237818,-2.1237087
-0.1818279,-1.1954168,-1.4985735,0.06353786,2.0913556,-2.6500325,2.2193565,2.7503214,-0.22457115,0.13921648,-1.5190916,-0.34395704,-0.77220076,0.51970494,-1.8989129,0.2102991,1.2862322,0.58493805,2.3947506,-0.04304462,-1.0129678,-0.34617206,4.9543357,-4.095456,1.5305786
0.728618,-0.30848938,1.3062016,-0.16008168,-1.1387625,-1.6157414,0.3307385,-1.1363103,0.6893885,0.48854208,-0.7288089,-1.2878621,0.8709997,1.3536776,0.5817827,0.076286554,-0.27413997,0.56998503,-0.51366985,0.93358463,-0.52951604,-1.8398448,1.0923605,-1.6918403,0.15734375
-1.1379092,0.9700916,-0.9434225,0.23470432,1.0928959,-1.2690655,-0.83722746,0.1626398,0.42361903,1.1109184,2.611853,0.33440074,0.19423878,-4.079006,0.61569095,0.5200891,-1.1095693,1.6285363,1.522125,0.62377053,-2.9423423,0.75034463,1.3748124,-0.7743712,0.915141
-1.8574245,-0.61765826,-0.25663367,-0.26208946,-0.422506,-2.324907,2.79713,-0.51619124,-0.10358274,0.9281624,-1.5265899,0.2707739,-1.060493,0.9737611,-1.3553867,-1.368281,-3.3379903,-2.0717406,-0.46659163,0.79666567,-0.026192188,-1.1906981,-0.8702452,-1.0837909,-0.8912777
-0.9578634,0.9391913,2.359307,0.25057983,0.3551792,3.6105695,1.3257881,-0.36979273,0.6556613,-0.9424003,-0.9427985,0.2659076,-0.36106563,-0.71230525,-1.2930567,0.16275515,-0.9703311,-1.3215605,-1.029628,0.527224,1.0909083,0.2982122,-1.6642256,-1.1177579,-1.6571522
2.5327768,0.91194856,0.48055622,-0.110744245,0.22348464,0.27620444,-1.0676016,-0.97658384,1.6402504,0.116000526,-0.056912944,-0.106588915,0.06536625,-0.45432582,-1.3173795,-1.2719492,-1.7060645,-1.2234718,-0.70388174,-0.27431864,1.7574313,0.3507924,-3.1058342,0.31967995,1.2248657
4.118258,-0.40936822,-1.9519278,0.17278649,-1.3888222,2.1258326,0.77115226,-2.2808976,-0.20486467,-0.6038216,4.2975245,1.486042,-0.24069875,-0.056588106,0.92587423,2.5607266,-0.5214331,3.276138,-1.707113,-1.8559804,0.445734,-0.42567146,-1.9843466,0.14022183,-0.1042878
0.9552415,0.82909536,0.23542643,-0.03312491,-0.4234717,-2.0104523,2.0161614,-0.7431872,1.6631393,1.3162856,0.07941389,1.1244472,-0.110055625,0.27216154,0.5787487,2.2630167,-0.060053825,0.8478786,-1.4005429,-0.54159456,-0.67258453,1.9572573,1.604498,-0.5486135,0.112569034
1.0007389,0.3357884,0.42038488,0.07743132,0.6551313,-6.0499725,-1.2009889,1.583003,-2.2891893,-0.5520855,-1.0085576,-0.339391,0.21248679,1.8954833,0.9351882,0.20173861,-2.5759888,-1.081955,-1.4920716,-0.082821496,-2.5703251,-0.27822655,-1.5006304,0.19906712,0.0020712912
-0.21942739,0.18289092,-1.1448928,1.1933268,0.3125137,-0.26770282,-0.6633564,0.86318326,0.32560486,0.9103985,-0.011377066,0.64788383,1.1082071,1.2758315,1.4170408,-5.2807403,-1.2139809,4.028376,-1.4444844,-0.4920448,0.3519215,0.38078102,0.22158691,0.029754356,0.84124196
-0.19542886,-0.71760654,0.15549499,-1.0482472,1.1635779,-0.74626786,1.4440341,1.2547215,0.419402,-0.32526293,-1.0115974,-1.0014466,-0.12045869,0.77432746,-1.5363057,-1.1793765,1.7943342,0.32167646,-0.50955576,-0.12396511,0.15507472,0.7926507,1.2023742,1.5194033,1.3977829
0.542249,0.17035568,-1.2176789,0.45943376,0.48237538,-1.2136652,0.3225581,-1.4835827,0.62000966,-0.6066762,1.2513396,0.27766532,0.6040038,1.2250366,0.2920025,-0.8308443,1.4560596,0.22813012,-0.8837832,-0.808438,1.7539248,4.7082324,0.61076224,2.9944823,0.49394023
0.18385495,1.6864481,-1.0679066,-0.25875166,1.1510077,0.37376198,-0.90850097,-0.6996736,0.105220035,0.4144649,0.18770437,1.3744105,0.3547598,1.8347576,0.6013387,1.6132224,1.7173792,0.3606714,-2.107162,1.466481,0.67140865,0.58148766,0.4117205,-0.34701002,-0.9979216
-0.083443046,0.04418747,0.41588396,0.2880057,-3.1625786,-1.237963,-0.9331248,-0.13391006,0.5406069,-1.3226994,-0.061460204,0.3862812,-0.8951201,0.18528034,2.2025099,-1.4973859,0.7350728,0.96067965,0.12172723,0.15255257,1.5830547,-0.51380086,0.026523665,0.7628895,-0.94018936
1.5086532,0.39425686,-2.9801188,0.048451547,2.2031407,1.5086111,1.1331013,1.8968658,0.4019786,-1.203254,2.0565553,1.0246915,0.55047345,-0.42445433,-0.18568406,-1.2773975,0.916474,0.9402348,0.71519244,-0.08248733,2.699816,-0.033212095,3.766974,-0.79528165,1.8298898
1.3247958,0.33872426,-1.7992935,-1.3691689,0.4374742,-0.32146665,0.3511523,-1.0876805,1.4747239,4.131674,1.096426,0.35185742,1.4697489,-0.87125635,1.8785529,1.971456,-1.643103,0.90490675,-1.0322073,0.13169682,2.155998,2.8479981,-1.6668329,1.8992047,-0.65198094
1.4668998,1.0917487,2.1892493,0.6995079,2.0643601,1.0020688,-0.7520212,-1.3134453,-2.0601816,0.9256604,-0.096368834,1.2699246,-2.6748297,0.48967475,-1.1512815,-0.68672514,-1.8168094,0.10418843,2.6137326,0.7291351,1.5784271,2.6585584,1.494256,0.036584616,-2.3270278
-0.2080122,-0.19526836,-0.5311127,-0.96621895,-1.257372,0.10104859,0.46203813,0.9516251,0.72039247,0.18478113,0.9970032,-0.18208483,-0.2062181,1.2760164,0.27166343,0.5153661,0.32998425,1.2445195,-2.854412,-1.9968255,1.889353,2.1443799,0.97749877,0.07054734,0.12853447
0.86582744,0.23234916,-0.16145268,-2.266361,-1.6306462,-2.8269594,2.3247762,3.647932,0.95122224,0.1088474,2.0174408,-0.15299013,-1.4187394,-0.2566917,-0.16900647,1.7475193,0.9200543,0.68876374,-0.6385393,0.2610697,-0.6734114,0.20155661,0.12971163,0.9942783,-0.30250204
0.3513689,0.10799131,1.512427,0.5051797,-0.072235435,-1.1391819,1.2734168,1.3626189,0.20482066,1.5213425,2.028253,2.8668747,0.29674497,0.9961319,0.28774998,0.6907491,-0.13843769,-0.598265,1.051527,-0.30282885,1.6355844,-0.1653042,-0.07482644,-1.0738302,-0.91226244
-0.07032077,0.052244067,-0.06279856,0.35963327,0.8435236,3.0974154,-0.49163458,-1.3329954,0.473898,1.2106764,0.06257707,0.53820753,1.9871633,-1.1350567,0.9746802,2.9562716,-0.703712,2.550731,-0.14436865,0.91105694,0.5921999,1.9658333,2.8141394,-2.049406,0.23162138
1.0777376,0.6420594,0.8703953,0.80432165,2.1936965,0.6019436,0.95960224,0.8169542,-0.38995343,-1.0285181,2.7147782,0.10057999,1.3075078,1.4441435,0.65798056,0.97171986,-1.7196782,0.17363513,2.2617161,0.6234591,-3.6851184,-1.3259566,1.5420808,3.9940944,1.9982038
-0.57513976,-2.355928,-1.9974736,0.25326827,0.62990606,-2.7653418,0.22468582,0.025150537,-1.0560493,-1.3327062,-0.66203177,-0.12793654,-2.2970834,-1.9544376,-1.765669,0.33710647,-0.52418196,2.140207,-1.5385413,-0.029847305,1.4554788,-2.9169586,0.52946067,0.8943462,1.5890305
-0.71466845,0.41308528,-0.48528558,-0.032341503,-0.95034206,-0.3131109,2.003925,-2.3747673,0.20235664,-0.28795952,-0.9684998,0.3929361,-0.22352037,-3.2301798,0.57859,-0.71028787,0.636127,0.31144518,-1.1756569,0.64942443,2.6200387,0.4436959,2.5172102,-0.7207392,-2.0023804
1.0809191,-0.7296087,-0.16956478,0.19642654,2.1210053,-1.8682125,1.5737121,0.78642833,0.20653021,-0.06539434,-0.99361795,0.8755727,0.389623,-1.71991,0.021002471,-0.115128964,1.2500486,-1.208712,-1.0228866,0.60598534,-0.05573362,1.8094522,-1.9135115,-0.95875466,-1.6643403
-0.9103233,-0.69878316,0.10990432,-0.45233506,-0.8752284,-2.876272,-0.34936765,-1.4970989,-0.093478315,-0.016373828,1.3380356,-4.021009,-0.7790594,-0.7942842,0.75397897,0.06990509,-3.9602733,2.769158,-0.9476433,1.0201879,-0.28891432,-0.96392274,-0.87536174,1.0459442,0.24777603
-0.6007749,-0.1313353,0.876248,0.49033308,1.145666,2.13067,1.165595,2.2246306,0.3155099,-0.14454767,-0.42366934,-0.6170994,-0.5215282,-0.92807066,-0.76150167,-1.368301,3.2304177,-1.1879047,1.5100305,0.48537067,0.83372426,-1.4706451,-1.2215892,0.35848874,3.2769296
1.2954148,0.216201,-0.046167925,-0.27738905,-0.12577903,0.9976645,-0.98258734,-0.33011028,0.53003615,-0.22285052,0.19236255,2.1971843,-0.9672765,-0.92526853,0.4876699,2.2473767,-1.9173394,0.24429008,-1.2019687,0.7382202,0.7265201,-0.41830236,0.17275256,-1.0293777,-1.5402569
1.6718771,0.34237537,1.7629842,-0.13935968,1.8119961,3.638009,1.6481329,2.7209492,-0.17638871,1.1851696,0.28117374,-0.138143,1.9282881,-0.6706862,2.3220165,0.7866039,-1.4202794,1.8601477,0.0020829737,-0.16254544,1.9370074,-0.8949139,0.018848121,-1.330333,-1.7126448
0.53243864,0.2237701,0.31680596,-0.08674323,3.1064525,1.8714299,1.8340981,1.4659848,0.83654064,-0.8138112,-0.8863221,1.0597882,-1.0514257,-2.6338432,0.49431017,0.30106646,1.6046852,0.6472741,2.3369706,0.20722744,0.63875175,1.7511202,1.9813616,2.7781756,-0.15738228
2.7948585,2.7328296,-1.0603118,-0.12525445,-0.5124854,2.7371244,0.15548101,0.48531085,0.5685876,0.5768666,0.7658897,1.5274305,0.94269586,1.9662968,0.4496014,0.27620935,0.71016043,-0.07409467,0.6429862,-0.86283225,5.1679044,-0.33606762,2.212945,1.9432092,3.7660084
3.5673969,1.9624498,0.9093217,0.5444289,0.21133012,1.6506157,2.5978,0.5340744,0.8159993,1.6442344,-1.3757509,1.4523408,1.8245826,-2.529618,1.0779183,0.6948203,1.8395866,0.92862207,-0.16897523,-0.5518608,0.77661145,-0.7148379,1.2650813,-0.83070445,-1.8657404
0.19331224,-0.28729585,1.802785,-0.7140067,-0.5083849,-0.38700455,0.25418785,-1.6995434,-0.50254583,-0.7567211,2.3295298,0.54700106,2.6870832,0.022712052,-1.2307155,-0.0029404163,-0.89699394,1.3678182,-0.76393586,-1.0893363,-2.3443956,-0.47116682,-1.2190881,-1.0969529,-1.6675957
-2.8877254,-0.7624488,-1.5905906,-0.69285476,-0.66159046,-0.68639475,-0.3725781,-1.3047808,0.5934497,0.5595311,-3.5718904,-0.13084221,-1.5835991,-0.36892962,0.6337558,-4.242919,1.7395703,2.2408175,1.0842732,0.052145865,-0.27619314,-3.6365871,0.92713183,4.64042,0.8804184
-0.83128166,1.213863,2.3395486,-0.17422423,1.1179167,2.1190412,0.84595037,0.05497253,0.06003406,0.017201155,-2.0199652,0.43440926,1.0841417,-2.1277301,2.1442494,0.25743842,-0.43069923,-1.7787117,2.8189077,-0.37551257,-2.7374923,0.0028144158,1.3877664,1.0555198,2.2093616
1.1465826,-2.120597,-1.3642704,0.64431924,2.202437,-3.6278787,-0.9136177,0.8260213,0.6183306,-3.7101307,-1.3694038,-1.5777361,-0.42799523,1.1784967,2.4377625,-4.0280795,1.8273895,1.2239788,1.8991597,2.1376107,-2.1992583,-0.49243215,1.0148582,-0.34207597,0.5065775
0.34318763,-1.0502785,-3.1649446,0.0286836,-0.07472217,-3.9968786,1.2600616,3.2212744,-1.4391242,0.38849095,2.2745805,-0.14479588,0.10637021,1.3568635,-0.25983047,-0.52402127,0.6792434,1.1345221,3.712048,1.0167587,-1.1172098,1.8593608,3.5995893,1.0935258,3.0125651
-0.76531035,-0.12304184,0.09209043,0.8034376,-0.17878565,-1.4409292,-0.18911418,-0.15606493,-0.290221,-0.55047846,1.0856032,2.038304,0.43174616,0.8460292,0.051327705,-0.6488507,0.97145605,1.5874554,-0.72711,0.8021112,1.6776055,-2.1033068,1.0874926,-2.4240894,0.51216686
1.4758824,0.057188362,-1.3349818,-0.27088514,-0.16356944,-3.6432815,0.22557378,-0.42919827,-0.4349734,-1.2474583,4.0507936,-3.1078568,1.0928371,-5.5995865,1.540072,1.4609274,-1.3727392,-0.7621508,-0.21607041,0.2576257,2.9724612,2.5836818,-1.457938,-2.1008382,-0.6819726
1.2757679,3.5153804,-0.4347974,0.045720577,0.7601878,0.14610398,0.4110555,-1.2228665,1.3161126,1.5196583,1.5262747,0.7856959,1.809366,3.5639832,-0.9211145,4.9211273,-0.6687302,1.5172869,3.334729,0.6026474,3.1459622,4.905339,3.251051,0.00078618526,0.23545098
1.8055841,0.95114696,2.0783017,0.20360014,-2.3922932,0.38808838,1.6406267,-0.86089563,0.76999474,2.0692177,0.33227968,0.7575135,0.67576236,0.7871713,2.010839,1.7573085,1.9167008,0.123235345,-2.309743,1.0167587,4.893921,1.7881378,-2.3629637,1.6537148,0.9127487
3.1008782,1.2325811,1.7802187,1.2662506,-1.2153586,-2.8682775,-0.2164078,1.0380117,2.2492676,0.9555588,0.47085726,1.9051628,0.18939698,-1.7349162,-0.92751926,4.084379,-0.75059146,2.034484,1.5157781,0.38497984,2.782927,-2.5623407,1.3007288,3.0854073,1.388361
0.299262,0.6003503,0.6294245,-0.43105772,-1.8165703,-2.0458589,0.5354336,-1.2638619,0.57755214,1.3736889,3.536921,-1.9391756,1.3747569,-3.4869602,-0.39540714,2.4291756,-0.40412223,0.6078681,-2.1791356,1.4169964,1.5905422,-0.88758314,-2.1871989,-1.6126333,0.37266436
0.5741933,0.23981392,1.1613474,-1.0482472,0.13280648,1.3748109,-0.8077156,-2.142951,1.387509,-0.5735196,0.9970032,-0.14765766,0.4820874,-0.7719495,-0.7670016,0.98610663,0.56966853,-0.21490163,-2.324632,0.47647172,1.1339861,0.17599383,-1.1152376,-2.6933637,-0.744235
1.5244845,0.18818747,0.43682465,-0.025819816,-2.8901849,-1.8961866,-0.5138989,-1.2308905,-0.027392834,1.3811537,-2.0206172,0.19947337,0.907094,0.17336184,-1.844238,-0.048365474,-0.9320049,1.4307826,-1.3406274,-1.1165981,-1.4625274,-0.8148594,-3.2986684,-2.5875187,-0.4511088
-1.6861134,-0.8195503,0.2777594,-0.08542652,-2.5428417,-2.2835076,1.7507796,-1.7673112,-0.8972362,-0.0034230351,0.45710647,-0.8320761,-1.7625226,-1.0347592,-0.32556337,0.24685591,-0.3057565,3.6407351,-1.1673512,-0.57282966,-1.891021,-0.7363302,0.70480573,-0.42109448,-1.88538
-0.64616,-1.041145,0.25158638,0.4124046,1.5809478,-5.964268,1.1357652,0.16746926,-0.6370371,-2.7799478,-1.0587082,-2.087532,-0.39556116,1.9323099,1.0215929,-0.60259926,0.9577745,-1.7169309,-1.359344,0.61013633,2.2410498,-1.1964929,-0.7587468,-2.690277,-0.47663528
0.88352406,1.9412878,-2.815637,-0.94007826,0.12346268,0.95008564,1.0978565,-0.13207372,0.659621,-0.14561534,0.47652334,-1.3444135,1.9330578,-1.2568831,-2.612253,-4.1224413,-0.88156354,-0.24199069,1.9112818,-1.2235321,0.39633274,0.96438634,2.3967931,-2.6223671,-5.798689
0.15072422,0.23736647,-0.22883944,-0.095990054,-1.7355064,-2.0246007,1.5609304,-2.6362202,0.53149754,-0.2908176,-0.90293455,0.3638451,-0.4513592,1.4102218,0.428231,2.9958394,-0.12699422,3.4426801,-0.410187,0.80831903,1.0613185,-1.3664452,-1.4020435,-0.9882676,-0.0639289
-1.7097603,1.048662,0.7471259,0.6334777,0.7283627,-0.22467673,2.823665,3.1520822,1.6286601,0.5138562,-1.001131,-0.8238965,1.077686,-1.8578051,1.0608516,0.8896801,2.609342,0.673989,2.2684278,0.113701515,1.9343534,1.5175799,0.9093598,0.89097476,0.95750695
-0.7553052,0.83192575,1.6975604,-0.45266163,-0.15513927,0.95234275,1.2613707,-1.2581452,-0.2926132,0.05227651,-2.2258961,0.25765648,0.60120213,-0.37887642,-0.20178813,-1.1184797,0.12924145,-0.9192531,0.7107915,0.09023747,1.2186581,0.3287767,0.38996962,-3.8679383,0.2999563
-0.019402236,-0.1965825,1.1587504,0.17926751,-0.49586308,2.4454045,0.37198892,-1.855696,1.6919744,1.3343961,-2.3719893,-0.78782576,1.2615263,-0.7430754,1.6009779,2.4424553,1.0860596,0.5536473,-0.9686254,-0.4552565,0.98258543,0.81507707,-0.7907225,0.83086246,1.9909633
0.23989004,0.44136807,-0.20897293,1.2662506,-0.17544188,-2.0397978,-0.46759498,-0.46266925,-0.4444504,0.16319966,1.9272206,0.4481242,0.08690435,0.22604954,-0.40520322,-0.010914624,1.8123469,2.3170447,1.2174964,0.48537067,0.32030767,1.541493,2.1311483,4.414559,-1.864782
-0.48923764,-0.49062413,1.9359864,0.91092056,0.7526108,-1.6986918,1.4047196,-0.9143056,0.26915717,-0.09554723,1.2389038,1.0181586,-0.41955334,0.55271137,0.508343,1.8902869,0.3018392,-0.9433037,0.51347834,0.7196424,0.40368554,-2.6252356,0.9283027,1.1202971,0.92003244
-2.1151514,0.7021531,2.5753965,0.7284648,2.6480994,0.6409842,-0.86373836,0.881496,0.021478629,1.0086794,-0.358407,0.24085629,0.24366006,-1.9062233,-0.35787672,0.11823648,0.8771348,-0.36239102,0.18633676,0.79735106,1.6144034,0.09843743,3.5829911,0.9139503,0.7464348
0.4899776,-0.33929008,2.5322413,-0.79440904,1.7104021,-1.6580937,0.06911873,-2.0439515,1.5640113,0.25861394,0.9438614,1.5739189,-0.3063449,-0.93875134,0.36803216,1.4484385,0.94113654,0.5593818,-0.6135784,-0.073492,1.1035285,-0.4180727,2.3759117,-0.052845553,0.5115754
0.904114,0.35061082,0.97425526,-0.28278747,1.6346644,-1.1303914,-0.7501182,-0.3514459,1.2532597,0.610635,0.1069088,1.407754,-2.2780638,-0.19555092,-1.6699485,0.2708889,0.22539987,2.9404135,0.42226946,-0.13971186,1.5936277,-0.7414057,2.8750286,2.5508902,-0.6017257
0.55031234,0.4640332,0.32916147,0.8689319,-0.1291216,-1.3661658,1.661915,-0.2378664,-0.12939349,-0.042361733,0.15816702,1.6590383,-0.5343064,-1.8169696,-0.013863277,4.2836065,1.4643834,0.7240514,-1.1213171,0.75899065,1.1462097,-1.9695064,-0.85662794,-1.1585017,-0.95507145
-0.82952785,0.23557861,1.2869368,0.01976588,-0.5671786,0.05139926,0.5400784,0.47133327,0.28864384,0.20912424,0.13061765,-0.5897838,3.218743,-5.223322,-0.1540143,2.3540184,1.3063538,0.28146285,1.9086487,-0.46840128,-1.6792817,2.0793257,-0.24055856,-1.089385,-1.23859
-1.2142354,-2.1230147,-3.193081,0.5734914,-1.6912935,-2.550472,-0.024266243,-1.7590559,-0.34829938,-1.5657704,-0.8951593,-0.33036378,-1.3131257,1.4521025,-0.30316925,-0.9697281,2.202293,2.2772117,0.22030333,0.9204991,-2.9239588,0.6380481,2.8254447,2.5129309,-0.54936904
-2.2290668,0.4579205,0.9213465,-0.58860886,-0.24647701,-5.3797374,3.397884,1.9034584,-0.7055366,0.9281624,-2.4765003,2.5882554,-1.5248181,1.6637042,0.25162542,-2.3856096,1.3228782,0.94736516,-0.42027193,0.86256045,-4.1766086,-1.4327911,-1.3012081,0.8750476,-1.5145141
-0.833123,-0.95849687,0.84507626,0.103339896,-1.2527103,-1.6169581,-0.10107219,1.6324991,-0.4349184,-0.55562913,1.5665939,-0.40635982,-0.58322775,0.52118325,1.1151692,-1.579768,-0.18353271,-1.0385289,0.81098664,1.1225181,2.2522445,0.15906343,0.71903086,-0.30901283,-2.587905
0.8122201,-0.20653874,0.9182662,0.28395057,1.3529656,1.2630904,-0.53305614,2.497511,-1.602273,0.80700827,0.8404189,0.549754,0.35631615,-0.79714525,-2.0867183,0.5425191,0.08307743,0.64125746,2.8011298,0.71052676,0.6471604,1.3994057,3.2645946,-1.8024241,0.31669357
0.93264455,-0.080702394,0.1939171,0.18585706,-0.4598518,1.1232064,0.3152777,-1.0172865,0.20568487,1.404172,-0.6014555,-0.16819483,-0.501149,2.5074797,-0.23426233,0.15179947,-0.27320355,1.3870683,-0.73528546,-0.54425883,-0.012966096,-0.4277711,-1.7136859,-1.0215552,-0.20184934
0.35552567,1.1812835,0.9224161,-0.62657154,0.41347072,0.7425749,0.52602255,0.05848819,1.4851993,0.95827264,1.6922511,-0.5647362,-0.3413813,0.18090017,0.19535547,0.2238223,2.3727846,1.2561606,1.0404283,-0.19447142,-0.2768491,0.5069276,-0.24344444,0.47930792,2.0003524
0.22683808,0.5289751,1.0536846,0.64627564,-0.49300942,-0.31582844,0.14374599,-0.9716525,-0.33422983,-1.0840217,-0.36222404,-0.37983444,0.44145584,0.6466704,0.015594333,-0.38155413,-1.0935967,-0.41999483,-0.3046548,-0.21739078,-0.9223242,1.9964707,1.9375246,-0.91152644,0.26776272
1.7762809,0.38801834,-0.49507642,0.64019877,2.0618138,-0.5978092,0.39155343,-0.116421044,-0.06870724,0.53322124,-0.7744144,-1.2676994,1.4840542,0.68183964,0.224446,0.9456082,-0.0911392,0.30147198,-0.2727493,-0.6216489,-1.7528837,0.68535495,1.072366,-1.5987844,0.8662156
0.55394614,0.4022029,-1.3556592,0.16840336,0.80005634,-2.687797,1.3709816,0.3388673,-0.36851144,-0.8272069,1.3651755,0.2645957,-0.31764534,1.0584768,1.1486689,-5.4889207,-0.33685362,0.15759015,1.3537002,0.45943856,-0.7660325,0.4482521,-2.7175107,1.5456862,-0.26928708
-1.0560939,-0.5775106,-2.4027753,0.95594066,-0.41193682,1.2356688,0.10193818,2.2740512,0.19969514,-2.9218435,-0.03143239,-1.2258381,0.023331374,1.2676874,0.2447692,0.70499605,-2.0604825,0.20482951,1.8386167,-1.1414148,2.6364498,-0.037267566,1.1171155,0.7421299,0.53060615
-0.18678385,-0.27102226,-1.3809762,-0.073033534,0.1838448,0.9990089,0.3355579,-1.6664937,-1.231694,0.7228241,4.076327,0.62002975,-2.5312543,-3.083044,0.11249524,-0.13040322,0.19332412,-0.5407183,0.5823695,0.018681685,-0.25431275,-1.2049403,1.4498484,-0.0207305,-0.5623615
0.4022307,0.13013326,-0.24164063,0.7311227,0.2814178,0.6016226,-1.2082827,4.0638456,-0.13324517,0.21666136,-0.9429443,-1.0143739,1.4927868,-0.07735431,0.37579677,1.1353428,0.53951776,-3.2631633,-1.0527849,0.027976595,2.4460428,-1.0113373,1.1031804,-1.3235512,0.7772657
0.74551004,0.37542456,-0.5289697,0.9263215,0.035097603,-0.9606819,4.424755,0.99836004,1.0173724,2.3978446,-0.566936,-0.487828,-2.1136737,-2.3161497,1.5703919,2.0747213,-0.5617945,0.6781133,-0.90455544,0.9020557,-0.13794899,0.27403462,-2.0088058,1.5486426,-3.063908
-0.0026392266,-0.27342227,1.9671177,-0.5192474,1.5644754,-0.61235917,1.6390514,2.010502,1.0220238,-0.11675489,0.78768396,-0.27338666,0.48047525,0.43111506,-2.0772586,-1.3941195,-2.5629218,-2.5073152,0.8136725,0.070531085,6.7574015,-1.200329,1.0020154,-0.37450182,-1.4044228
2.7085488,2.304823,1.212734,0.5787557,-0.8975379,2.6510224,-0.5498595,-2.9590623,0.5760044,2.9017324,1.0254827,3.0914507,1.4958085,-2.5964308,2.1112835,0.09598333,-0.82811373,2.5032024,-1.1278021,3.3900526,2.5641716,0.42199203,-3.935665,-1.8985431,0.6780541
0.121548265,0.16598004,0.03544259,-0.22953215,1.4075165,-0.49348584,-0.17125797,-0.45145363,-0.7400931,2.5304976,0.26023337,-1.3334017,0.63474417,0.71428096,-0.27760363,0.29020396,-3.042598,2.4512053,1.5502402,-0.2516032,-1.0501587,0.58339816,1.1531757,-0.75751513,0.36947095
-0.82984555,-0.44256058,1.3613822,-0.08857373,-0.097105265,-0.5736092,1.310381,0.5551021,0.1428859,-0.14322507,1.5490067,0.32654083,-0.12363328,1.3454369,-0.6829968,0.19085805,0.91481686,1.5095661,1.303708,0.69716704,-1.2391324,-1.8412428,-2.0884945,-0.31052354,3.4492755
0.047166407,0.45016363,-0.32134706,-0.204144,-1.0934294,-1.6538707,1.6271925,1.2867846,2.0265334,0.47660983,-1.0373178,1.1309648,0.9935926,-0.25114134,0.19199806,-0.9064097,0.16251758,2.5339522,-2.04744,0.49902156,-2.6601965,-2.1954186,-1.6505314,-0.3698392,1.8856478
-5.323303,-4.075572,-0.8170534,-1.3903494,-2.85079,-4.3396573,1.5900939,-2.0338612,-4.4354033,-5.175709,-1.5563843,0.8212383,-3.7335646,1.9035718,2.4426136,-2.641416,0.35525998,1.0751742,0.03462541,-0.59868544,-2.459673,-1.7354387,-0.94047904,0.1332429,0.46978867
-1.8869941,-0.7318375,-4.027162,-0.27088514,2.9528933,-2.1937397,2.6247363,3.3872313,-0.6404327,-0.49911937,-0.5082413,0.9431841,-0.5790206,-1.5135462,0.718024,-0.7632108,0.6346127,2.1439986,5.8730955,1.0264736,1.6150343,-0.42198768,6.282187,1.3768317,3.3192356
0.79136205,1.3219107,-0.09192866,-1.0171448,1.5764906,3.7132943,2.0185509,0.73727924,-1.0078719,1.5976532,0.53089875,2.1081223,0.44461954,-3.380032,1.6062539,3.8330846,2.7435422,-0.8542975,0.06224446,0.052145865,1.5462189,1.2380254,1.4451013,2.087079,1.7177633
-1.2080357,1.7136569,2.8638992,-1.181253,1.1443393,-0.12782168,0.016288757,0.7778641,1.2431207,0.59524286,0.5030907,0.2595343,0.8763522,-0.4088813,-1.1731625,-0.9286213,-0.967077,1.3727016,1.2568465,-3.0795088,0.98393804,0.074096076,0.7519152,0.3624289,-0.5501671
1.4353127,1.4658182,2.4178267,0.8208863,-1.7059258,-1.228831,1.5384545,-0.6322634,0.21523625,0.35014224,0.47929874,0.71912456,-0.27389246,-0.16783419,-1.1445233,2.1677382,-0.4660086,-1.0935357,-1.5517371,0.5002056,1.0371083,-1.0413215,-1.5269974,-0.6084471,1.2169096
2.4274197,1.4561849,1.001323,-1.3311378,-1.8673393,-2.459622,-2.6070838,-0.45140874,0.8623314,1.4956663,0.021402419,1.59227,2.1707242,-0.79465926,0.8964666,1.6629561,0.18128172,-0.20265722,-2.263181,-1.182428,3.0441496,0.14637691,-0.82049716,-0.501434,-1.988039
1.6337134,1.5305891,2.448597,-0.31449062,-4.058927,-3.5282865,0.65502435,0.10342522,1.1956682,0.8649272,1.3963106,-1.1816015,-1.1054935,-1.4088682,0.2197153,1.1665936,-0.711076,3.5221968,-0.7393136,0.32203034,4.8755217,0.1373725,2.2536535,1.7706454,-3.0273323
3.1008782,2.773994,-0.5977205,0.99614954,2.0969849,1.6021831,4.2459836,3.2130527,1.7910466,-0.030731916,3.1539183,0.23079601,1.2158186,-1.1228667,-4.2275476,1.442958,0.28083304,2.0773776,-2.3435767,0.31747222,0.6563306,1.469059,-0.4436189,1.5445133,-1.947089
1.8399663,-0.14357269,-1.5667349,0.77966785,-4.5444474,-4.243931,0.79573125,-2.4647458,0.5660136,0.36959264,-2.606197,-0.9771724,1.3294368,0.68064153,-0.1714733,-0.2525536,-2.9920053,-1.481185,-1.894507,-0.51207846,-1.5529103,-1.4924148,-3.398037,-0.112084955,-1.7243268
1.3752815,-0.10020539,-0.76635325,1.884339,-1.5227437,0.7142085,-0.6462734,-0.18451881,0.021239743,-0.33664766,-1.212863,-0.02988945,0.8786975,-0.21048376,-0.7630316,-2.1170077,-0.45587808,2.448269,-1.3658416,0.5064343,1.4410537,-1.2044525,-1.8894687,5.0625877,-0.5850792
1.7388058,-0.36540413,0.19896603,-0.9510089,-0.66080254,-1.8613694,1.2185807,-0.83361906,0.65653735,1.0555851,-0.5795814,-2.9218755,0.5209707,-2.3291676,0.6168663,0.9440942,-1.3517005,1.3142263,-1.5929554,-3.8464394,0.23564246,-0.33287796,-1.0618614,1.1439412,-0.89239645
-0.64653826,-1.7287351,0.29733932,0.7311227,-0.30599424,-0.42487967,-3.0362077,-2.1077156,-0.16104895,-1.4777751,-2.7518685,0.6104425,-0.7168686,-0.17037417,-1.8060842,-1.5758749,-0.6508797,2.7649994,1.7269008,0.028259395,0.77273583,-1.8650502,0.51315,-0.5509818,-2.421492
-1.2963731,1.8587358,-0.54664147,0.9263215,-1.55924,-0.8638438,3.2240496,-0.3537621,0.5228987,-0.4912778,-0.3658778,-1.6766694,1.6428261,-3.41691,-3.1741176,2.3673527,1.926079,-1.0613755,-0.8431224,0.00085122883,0.5266067,-1.7805256,-0.047220588,2.1799119,0.9614237
-0.89735997,0.2691342,-1.5805539,-0.39074102,-0.84298176,-0.15469292,-0.0074161887,-2.9805934,-0.07193257,0.9182201,0.25925192,0.63039625,0.95855784,-1.0785406,0.25150555,-1.0597099,1.0902662,-0.9372172,-4.16792,0.07450768,-1.5252025,1.8770089,-4.3807793,-2.2377715,0.0041540265
-2.2242606,0.16828924,-0.12504937,0.27945086,-3.0179822,-4.9565887,0.013527229,-1.3503246,-0.35500133,0.41718018,-1.5559886,-1.6496313,-0.54071987,1.3259892,-1.1472732,-0.9747753,-0.39035374,-1.1270213,1.1184328,-1.0214095,-0.083061725,-2.0441334,0.27677467,-0.47556978,-3.327065
0.04789579,-3.8879566,-1.2349784,0.23470432,0.4076692,-0.23082292,-1.4656645,1.1151323,-0.023702562,1.228609,2.3175006,0.45725134,0.80150867,-1.3511362,-2.8360083,1.0773547,-0.776567,0.80542094,-0.95365816,-2.0526636,-2.8920844,1.1033392,-1.329144,-1.1973906,1.5495574
-1.3199275,-0.22387904,1.4723511,0.84264725,-1.4110198,-0.86347556,0.69551945,-2.7927651,-1.4811335,-0.41374707,-0.07075971,-0.95790315,-0.56682533,0.013498545,0.3101017,-0.7152184,-1.1109087,0.645056,1.6401751,0.9014473,-0.9666482,2.669435,0.0015987158,0.95682627,-1.3492293
0.32514286,0.35487694,-0.57361573,-0.4517426,-0.6587146,-1.1110737,0.38118023,1.7116216,0.5024111,1.8587857,-0.3184539,2.6361945,-1.0288987,1.832367,1.8123659,-1.6076431,1.6691531,0.13015944,1.5421863,0.13619336,-1.4873865,1.3460584,2.041796,-1.2496804,-0.96122026
-0.3597058,-0.004939884,3.147664,0.3199026,1.162076,-5.5390143,0.28533795,1.9545488,0.073831946,1.366274,0.66769123,-0.7142937,-1.4908729,2.510672,0.010498211,-0.9481231,-2.537227,0.46144152,0.38367316,0.33993244,-0.6138656,0.6567311,3.4724078,-1.090454,1.3809822
-1.3125184,-0.2597379,0.35844707,0.35131738,1.5629706,2.2697077,0.81896967,3.3175406,0.962518,-0.72792506,-0.69040596,2.0000737,-1.0215003,1.146937,0.26151207,-0.0009405017,-0.13913512,-1.990305,-0.80047864,0.5737996,1.435348,-2.2423189,-0.389611,-1.4217961,2.4445164
1.1456982,1.0468125,0.49544862,0.59717727,1.4703779,-0.15390533,2.8079205,3.084045,2.0360255,2.1629393,-1.3941302,0.43755823,2.1193557,-3.9797668,1.3929582,-0.48875928,1.9903549,-0.5789131,-0.30344307,0.64942443,2.885632,1.9266899,0.09815341,3.0121994,1.5716376
0.9171874,0.37853354,1.842742,1.285936,1.1289384,2.4008746,1.3906718,-1.7892222,0.058397353,0.16310811,0.9024667,0.4464244,-2.2848215,-1.1873486,0.92948735,0.0881913,1.3972051,3.1938128,0.1742988,1.4815625,2.7711334,-1.904761,1.5374439,1.7620095,-0.54026073
0.82691085,-0.054168075,0.66550183,-1.3372104,-0.4314844,0.43960628,1.7136014,0.55009633,-0.6304136,1.0696903,1.3065493,3.121052,0.21691561,-4.298765,-0.98853785,2.1254678,1.2002921,1.8370342,1.1333398,0.8449235,4.5561666,2.8051324,1.3144096,-5.6290493,-2.5006216
2.9272094,2.3936138,2.0371702,0.116640456,-0.9155484,2.3290975,1.4717689,-3.5550427,1.6965277,0.76810706,-1.3757509,-1.7253467,0.9514801,0.7395986,-0.23676856,2.107841,-1.3739705,2.030903,-3.2023554,0.33255824,1.0201943,-0.3434892,-1.9264947,0.026170373,-0.43087763
1.4850328,-3.7116737,-0.5151556,-0.73907083,0.9184898,0.7688719,-0.42454034,-0.704908,0.5751,1.7238604,0.5471907,-0.5515571,1.018842,0.112794936,0.16592205,-1.6921611,-0.8182777,3.1053076,-0.5276079,0.23974574,1.1243422,0.18111193,-1.3628694,-1.104557,2.200935
1.5853966,0.5396601,2.6415367,0.80843616,-1.5577314,-1.0069196,1.4772613,1.2986478,0.87001246,-0.019803494,2.8172348,1.7722275,1.560947,0.17476171,1.5168239,0.7497135,1.7770871,4.6601505,-0.38172457,0.53600585,1.397445,1.4986525,1.456498,7.0964046,-1.856165
-0.38570553,-0.24165538,-0.47044352,-0.19061497,1.1162374,1.4826125,2.2881684,-0.20988101,-0.016783342,0.27776974,-0.18384892,0.34527737,-0.32395846,1.5184648,0.4735123,0.16994682,2.2849956,2.0609355,-0.74833393,-0.73582363,-0.6054685,0.54819137,-1.4266373,-0.2098456,-0.9010535
-1.1131554,-0.8065471,-0.15505874,0.5410063,-1.3985468,-0.5565006,-0.26814598,1.2580369,0.4425146,0.7897732,-0.45861492,0.24577601,0.20047414,2.071783,-0.0048909187,-2.1739097,-0.50040114,-2.4329853,2.2474537,-0.12808982,-1.9390098,0.4777594,0.19986206,-0.8933605,-1.4245424
-1.9544991,-0.20376456,0.5101176,-0.074905016,-0.8339089,-0.50531673,-1.8655648,-0.30108964,-0.5636791,1.8845543,0.11912373,-1.1290116,-1.2716113,-0.43015528,0.6481325,2.2242215,-2.1189623,-2.3141956,-0.033246204,0.93358463,1.1799359,-0.7362703,1.3477094,3.421011,-0.38980514
0.23406012,-0.20125642,2.1672223,-0.0403924,2.7061944,1.9874916,2.8095503,2.3054361,-0.67039335,1.2751629,-0.46117342,2.261207,2.7319374,-0.6657724,0.078375936,0.66636974,1.1966692,-0.26585868,0.6106787,0.60968024,3.288391,0.23313093,1.4973166,-0.5132081,-3.4662132
2.3113213,2.6559362,2.332017,0.10231742,0.51058376,1.447141,1.144655,2.2752626,1.0959651,1.0582502,0.3436836,0.431848,0.834928,-1.2314147,-3.1107054,3.1151867,-1.3306538,1.6235313,-3.1290808,0.50614715,4.187161,1.9118246,-0.30283046,5.819548,-2.042265
1.4713352,0.058219314,1.0026548,-0.9510089,-0.017048836,2.6489944,1.0043252,-2.7710805,1.1346513,0.5241271,0.34763202,2.077777,0.43655378,-0.16214728,-0.99879473,1.8379331,2.8508582,-0.07035917,-3.0350554,1.7847182,0.5906922,1.552577,-0.99706125,-1.3400178,-0.6099253
-0.77869666,1.0666265,1.7855699,-0.77955383,-2.2841215,0.7416364,-1.3409516,-2.8422236,-1.2211895,0.36451966,-0.2451066,-0.5223541,1.07583,0.37263644,-0.33680102,1.5634316,-1.8600903,2.4997015,-0.19966379,-0.31542072,0.7150669,-1.967059,-1.2253658,-1.1007392,0.5365192
1.0399411,-0.052529737,0.62228346,0.43300205,0.5666069,-0.037492752,-0.2215608,0.12495285,0.18022111,-0.6705285,-1.1288323,2.433968,2.0909493,-4.344579,1.7937486,-1.8898518,3.3711333,2.5494704,0.5971793,0.9221434,0.29492375,-0.4734174,-1.2907869,0.96901816,-2.834077
2.1307418,-0.759202,-0.11630535,0.49488035,1.1068068,2.40427,3.1913788,-0.21565795,-1.0329946,-3.3132129,-1.183876,0.38228694,-1.0945652,-0.9523334,-2.1287768,-1.0926179,-3.336145,1.406639,3.1562762,0.9204991,2.0519829,-2.5659654,2.8391402,1.0689193,-0.07678462
0.7290552,1.6946946,-2.4289584,0.06569955,-1.1918281,0.43349558,1.0238639,-1.9644945,-1.10318,0.10296455,-0.14985132,2.3880408,0.2965185,-5.2492733,-0.3928523,-1.1009349,2.2734423,4.637491,-0.15052858,-0.7184983,3.7829154,-4.4256196,-1.6893556,0.49434394,0.46236867
2.1313012,2.1833537,0.8376526,0.08298857,-1.3861529,4.0458236,1.8265508,-2.1225462,1.6141042,0.6210227,1.3889979,0.6586633,0.68338233,-5.2607536,1.431268,0.5914004,1.3343686,1.7648166,-1.3049576,-1.6466603,1.5130358,0.8338472,-1.6362839,0.23784462,1.6869394
1.2782667,0.83190227,0.35149795,0.6559508,0.5536644,-3.4000757,1.4007956,-2.3808355,-1.0508392,1.1222064,3.5185833,-1.731894,2.0768294,-0.18931523,0.92100656,1.3649626,0.9196537,1.2965534,-2.2126307,0.75805163,2.9103885,2.8777065,-0.004718244,-1.2575543,-0.9620553
1.5973604,0.5743216,0.112860024,-0.69285476,-3.0858662,-3.3130858,2.1169484,-0.45800674,0.52816147,1.2814476,2.7890985,0.74604887,0.59602946,1.6478792,1.1699026,2.613443,-1.8896008,2.4378617,-0.9497211,0.4300845,3.5910692,4.216312,0.27419877,1.4017467,-1.1864938
3.5963311,2.0479143,1.7616224,-0.027209759,2.9761896,4.210165,1.8648713,1.0828899,1.6906313,0.5354415,1.2647882,1.6785971,1.1463917,1.6090391,-0.24671549,3.7883663,2.125537,3.0129766,-0.22670281,-0.82684106,2.359741,-0.5678578,0.780092,0.4856618,-2.4077098
3.6806755,0.45670974,-1.0418869,-0.15574011,0.4729147,-0.48836643,2.5347028,1.372009,0.3879696,1.6384385,2.263963,0.95138645,4.138647,-0.16251844,-3.2886395,-0.908432,0.6498631,1.1121858,-2.1345701,0.25547448,2.2408266,1.8557607,-1.117515,-1.6010022,-0.59783804
0.21246445,0.5184438,1.819766,0.30281228,-2.2815487,-2.398869,-0.351793,-2.1684926,0.876582,0.37171352,3.822605,0.98344386,1.6555912,1.9948267,0.22567765,1.1779729,-1.971329,-2.5255506,0.87603986,-0.2279194,0.22122766,1.1626772,-2.3185587,0.32602298,-2.3701665
0.2621016,0.46779647,-0.98788226,-0.12525445,-1.5410942,1.1058581,1.6631116,2.1594424,-0.35122257,0.43341088,1.8510724,0.35568956,0.35352927,0.28307,-2.4234543,-0.2385751,-0.6392822,1.9585178,2.6678724,0.65344214,0.32219076,1.1960449,-0.27484128,2.3154688,-0.93987083
-0.013007224,-0.011325199,0.13116956,-0.07463353,-2.007797,1.759286,1.8185294,-5.0447445,-0.84221065,-0.020705584,-1.1673921,0.7158553,-0.6331824,0.92538494,0.7075582,1.2441788,0.47285193,-0.3434646,-0.74711585,0.080738604,-0.5690032,-2.1861541,-3.9828997,0.1607196,1.7675333
-0.38614166,0.47887096,-0.45721024,-0.22929439,0.16282724,0.04905028,-1.4509776,0.6032883,1.7904977,0.75025815,2.1345,2.5203948,2.0313354,-2.843588,-1.926888,-0.18154633,1.5431875,0.81883234,-1.5327275,1.5097883,-0.9933044,2.5510736,1.5941772,-0.19488585,-0.5005611
-0.8230664,-0.9583699,-0.16473675,0.78104943,-2.288886,-3.842414,1.2113283,-4.265773,0.43812206,-0.68795764,-1.5146554,2.2972748,-0.85741097,1.1478844,-0.65526646,-1.4025847,0.30203676,-1.4798737,-0.10573125,-1.1512091,-2.8023088,-1.6011589,-0.49577403,3.1317232,-0.84282273
-2.4330733,-2.4134927,0.2992651,-0.30910468,-1.3293271,-2.2744367,-2.237762,3.140974,-1.7458348,0.34577298,-2.985928,-0.2905054,0.061572015,1.0228846,-2.100382,-1.7266748,-1.6726655,0.51426655,0.40109092,1.181569,-1.3636522,-1.1949546,-1.2535232,-0.6381342,3.0116508
1.3985624,-1.3602011,-0.6553736,-0.19061497,-0.5938265,-0.5295743,-0.58047664,-4.589361,-0.74374855,0.73941207,-1.9835992,0.09049105,-0.8781973,-1.3334136,0.6139642,-0.97487676,-0.45238274,0.64238197,-0.66972405,0.86570525,-0.91415614,-1.8079486,-1.8121748,-0.99971855,1.4304539
-0.9121864,0.32601124,-0.290695,-0.32530794,-0.08416039,2.3395913,0.5952241,4.1320167,0.4575896,1.1062356,2.10382,-0.54359496,-1.0769324,-1.4965664,0.7012236,0.68493176,-2.0125387,2.124272,2.242909,0.53435963,-0.5619706,0.52539915,3.2192144,1.2152996,-0.7548235
-2.1647997,0.6722659,2.920407,-0.13803783,1.0677103,-0.32930148,1.1839749,1.0964417,2.2014694,2.3099031,0.16682458,1.3487223,0.41147855,0.11135185,0.17979442,2.6273026,1.3629625,-2.9767737,-0.55400556,-0.3510643,1.5934677,2.8015714,3.3719802,-0.40780252,-0.6416857
2.2864573,-0.68163586,-0.91474485,-0.097814284,0.81572133,-0.53086394,2.9672346,3.097237,1.7102613,-0.89074045,1.1132064,1.0142252,1.0992537,2.074853,0.8958256,0.106883086,0.4256007,-0.47276166,-0.93827295,0.6234591,-0.41152933,2.7001016,-0.6570696,0.7092061,-1.7982404
-0.078405105,0.9800338,-2.024009,-0.39074102,1.0971445,2.2335968,-1.3704247,2.278401,-0.1514551,-0.2424361,0.48060566,1.1666231,0.48477802,1.5481032,1.2506852,2.1182764,-2.436622,-1.3551686,1.8574951,-1.9968255,0.36305326,-1.291029,3.6204085,4.440129,-1.0192541
-1.1396025,0.34600624,-0.4604525,-0.30741572,1.7443888,1.359218,-1.9754231,1.5101253,0.31905782,-0.36809105,0.57948554,0.28711402,0.7083869,-0.82865226,-0.121459514,0.38627756,1.2418665,-2.070442,-0.9582885,0.4998511,1.6678693,0.1158883,0.61420286,-1.8223486,-0.3325295
2.0543122,-0.72574544,-0.3589186,0.13845879,-0.75607,0.032695174,0.89164543,-1.463173,-0.9447001,-0.8795405,2.1826146,-2.0847015,-0.18361148,-0.59168136,-0.8767804,3.6063006,-1.8455763,-0.29959756,-1.810246,-0.52135146,0.91352975,-1.079486,-1.854661,-0.27992585,-3.0607567
-0.13849705,0.5398225,-2.295181,-0.4843908,0.055765092,1.7375478,0.08014651,0.27765453,-0.3269141,1.0855311,4.3446307,1.2251291,0.56868476,-4.122778,-2.4555497,-0.75391304,2.1050797,0.70263493,-0.60066915,-0.18363696,-0.43078732,-0.40582824,0.46600282,0.7575195,-2.6211562
-5.0362973,0.5036189,-0.07793194,-0.19789493,-0.34297663,1.0922309,3.1445282,-4.6732635,0.16653742,-0.49336007,-0.8999488,0.47745815,0.6366267,-0.47848487,0.74632376,-2.1285415,-0.7184341,-4.7118645,-2.3908827,-0.71025807,-1.055029,-0.04679537,-4.307497,3.3547046,-1.4608996
-1.5165803,-0.5818479,-0.31204516,0.35963327,-0.2994103,-1.3075457,-2.078705,2.173368,0.5943422,-0.2626117,0.86695987,-2.2053258,-0.10180474,-0.17507729,-0.59771365,-0.87030315,-1.7281264,-0.35785788,-0.73484355,-1.7170403,2.8030648,-0.5402761,-1.5739129,0.028175354,0.5135303
0.14384311,-0.19575164,1.7994945,-0.81874263,-0.8035601,0.81859976,-0.08630309,-0.67558295,1.0830505,1.3736889,2.6221447,-1.3919901,-0.870932,-3.4305315,-3.3790727,0.33347833,0.8169985,-1.7583792,-5.209735,-0.8754763,0.31566477,1.7877614,-5.089785,-0.017696656,-0.7517391
0.49007905,0.66204375,3.3054523,0.2134029,-5.216093,-2.781035,-2.848215,-2.1585639,0.14218223,2.2207766,0.43546358,-1.4107084,1.7962798,1.1464258,-0.6508725,1.028624,-1.768673,-1.2713708,-1.100397,1.4351948,-1.0213909,-0.7441402,-1.3265712,0.40417945,-2.4154286
-1.0265507,0.06741583,1.1433437,0.12626982,0.3591599,-0.33433378,-0.07110441,-3.03318,-0.6763338,1.071324,0.7454418,2.5840197,0.89674854,-0.48180473,-3.889036,0.5062403,0.11826411,1.3597676,0.29987165,0.63724416,0.91182184,-0.42431545,-1.9215776,-0.10245091,-2.2402675
0.17235714,0.36533818,1.7300215,0.035321154,-2.4873533,0.45746928,0.22686678,-1.1360427,-0.2725909,0.818192,-0.65198594,1.2341506,1.0464724,-1.7959355,0.15489729,0.13017306,1.886883,-0.11526355,-0.17334503,-0.83284897,0.5616397,-0.23042962,-3.6896582,-0.7762827,1.6527029
0.9344112,-0.79351807,1.5231433,-0.025819816,-0.76643866,2.2682853,-0.26663738,-1.7110162,0.20005623,0.9618559,0.54936063,-1.7371094,-0.8656013,-0.09656495,0.9943512,0.550693,-1.1660347,1.1284652,0.78072554,-1.840563,-0.8751173,-0.23547676,-0.53505236,2.0684466,-0.53814
1.2271385,1.2296561,-1.5985184,0.19297755,0.05607435,-0.34896782,0.9515146,0.74388164,1.0059668,1.2460628,1.8041211,1.5137082,0.23069961,-1.6167347,0.69375724,-0.26809576,-0.57988864,0.5528171,4.1220484,3.3401625,1.2670555,-0.75896406,3.352003,-1.8021983,0.66189545
2.801659,0.976925,2.2226424,0.5278838,1.1581556,-0.15098882,-1.0813175,0.12440187,-0.13697068,0.73988396,-5.784261,-0.3243056,0.58119607,-2.2131033,-0.825958,0.4879162,-0.5428658,-2.0795343,2.2695045,1.4213717,2.3926477,-0.8094366,-0.55446726,-1.6342131,2.204259
-0.1686283,0.8248987,1.1438465,0.91092056,-1.2069557,0.02205038,1.358866,-3.6951804,-0.021699488,2.2634654,0.9643656,-1.3872588,0.8882295,-2.374033,2.9771032,0.42295793,-0.80464566,4.423278,-0.763686,-1.1967189,-0.015294731,1.2598606,0.23762393,-2.3911483,0.1833331
-0.27453953,-0.21580066,1.5669184,0.6334777,0.9350997,-1.8348794,0.8851686,-0.790666,0.5257457,-0.59006655,2.1851587,-1.4423721,0.7661826,1.0774832,-0.051709026,-2.3198407,0.65185255,0.58704185,0.5906896,-0.47356278,-0.7503186,1.0816071,1.3690064,-0.53129005,-0.47226143
-0.29119003,-0.57493716,-2.2711303,-0.2200287,0.08391753,-2.4068363,0.0879352,-0.44131136,-0.29000267,-0.21313125,-1.371241,-1.3431647,0.99305683,1.026304,1.7287184,0.51124775,1.7748342,2.6382737,0.13675767,0.2610697,-2.261222,-0.95436555,0.29644346,0.88724345,1.6057279
-1.3135946,0.71429616,-3.057325,-1.3402634,1.0547118,-2.7243145,0.8795105,1.5492816,-0.4487022,-1.1396284,-0.12771165,1.5492022,-1.107784,0.054467216,0.8875726,-1.7539275,1.8295856,-0.180202,3.5203433,0.25118276,-0.43206736,-1.2241147,4.1565824,7.846992,0.8701284
-0.44882637,-0.5193106,0.72609544,0.45943376,0.5297057,1.869002,0.7577143,1.3874221,0.26005733,-0.120898426,-0.8999488,0.4932744,-0.5884873,-0.8795609,0.35119867,1.4661968,2.623539,-4.8582735,-0.38359427,-1.1414148,0.71508837,0.8581742,-2.471325,0.03414166,1.3700397
1.3939027,0.92078936,-0.5234832,-0.7080724,-0.4145741,0.3390966,2.4321218,-0.266846,0.3017958,0.97809756,-1.1719742,1.6616493,-0.21902035,-0.58008,1.8595494,0.69155264,0.66819435,0.062350005,-0.4681086,-1.6759671,-0.33009312,-3.37471,-1.1528778,-1.4017787,-1.6566648
-0.6710907,0.4694657,-0.07562363,-0.112096675,0.7133147,0.13747725,0.3874405,2.04896,0.171527,0.04079073,0.21868177,1.0059074,0.3123233,-1.1977572,0.50766706,-0.40639848,0.021039069,-1.7954612,2.4205961,-0.7180607,1.1729289,4.575806,2.3881931,-1.0205656,-0.049218666
-0.0738008,0.91191065,0.9215994,-0.023769848,-0.020105839,2.011373,2.3019052,0.033887506,1.5666133,0.39961278,4.3673387,1.8788906,1.6360232,0.31124926,0.7534509,0.30592096,-2.6725214,-1.8220391,0.43013346,1.7146327,-1.4220426,1.2676909,2.1285925,-1.911356,0.17191672
2.7888818,-0.9633339,-0.3772459,0.033419125,-0.45180675,-3.116598,0.6420599,-0.41444278,0.5146637,-0.14581862,1.0220594,0.24570489,-0.16567582,1.158445,2.6196246,-0.3128101,-0.7558617,-0.28304148,0.19001937,1.591511,0.37193632,-0.721014,-0.9097656,-0.69972456,1.7602004
-0.58988154,1.7268133,0.07989106,-0.55064464,2.901524,0.738326,0.6192728,1.7143975,-0.5528593,-0.1511653,-2.4185312,-0.22408584,1.1017377,-0.554154,-0.5357687,0.52629215,-0.6233345,-0.23741436,3.305546,-1.6283581,-1.5993103,-1.8095243,2.1738873,0.6770945,-0.98242176
1.3039606,0.70665824,-0.5384563,-0.43105772,-1.3344668,-3.1053576,-0.065256596,0.39428085,-0.7363324,-0.03963399,-3.5354447,0.19335759,-0.61097056,-1.5417349,2.6047575,1.2735107,1.5546882,0.28359872,-1.1676077,0.20351848,-0.32711357,-0.01162751,-0.5429949,1.3584625,0.5840782
-0.97081804,0.5460312,-1.2273446,0.04442054,0.7220062,-0.18170038,-0.53389555,0.32002026,0.4220567,0.10117954,1.6834387,-0.6326681,-1.1460998,0.20421907,0.8763026,-1.4561552,1.006611,0.50834274,0.036897004,0.12163274,0.07078606,0.31480074,3.2144415,0.83694685,0.35526344
-0.29980525,0.22613524,-0.23411065,0.24453098,0.3589216,1.3109081,1.1219087,2.8321135,-0.14072369,1.822102,1.179144,1.4033949,-0.33291554,0.02142784,-2.469576,-0.99759275,-1.3556366,-2.3713484,0.90378124,-0.73582363,-0.30709997,0.14243917,-0.6753688,0.5659136,-1.0432718
-0.7451335,-0.12955181,0.911863,0.57754564,-1.7125149,-1.0090728,0.32757854,-2.5980937,-0.45146394,-0.9112854,-1.8882719,-0.048028,-0.06471205,-0.3921014,-0.23923895,-0.98251927,0.15875089,-2.3087173,0.38856062,0.15224937,-1.068206,0.06888813,-1.4815593,0.7369019,-0.58221847
0.16175562,-1.4625714,-2.7279654,-0.06715333,-0.10284567,0.5834414,-0.72038096,1.0071068,-0.40991628,1.5905399,-1.130687,2.8973317,0.19771558,-0.10433403,0.21672025,-0.3382905,0.6232759,1.1832131,0.5826928,-0.19234005,-0.33392528,-1.2317032,-1.9821539,-1.6542408,-1.2976646
2.4274747,-0.36987966,2.7363567,-0.43397358,-0.32007027,1.1401486,-0.85010505,-0.5880419,1.3898826,0.85647637,1.9982266,-1.315694,0.82686645,-0.086363435,0.17529897,0.9067575,-1.1909931,0.7761397,2.2218344,0.12056183,-2.7208142,-0.4622686,0.7291476,-0.7735194,-1.2727458
-1.6966386,-0.93143296,-0.46992654,0.39503077,-1.765814,-5.875977,0.19623332,0.2965145,-0.4819877,-1.4431994,-3.9830527,-1.5286517,0.09901458,1.8292015,-0.88298714,-0.9482658,-0.9331274,1.2983587,0.25584874,0.27146238,-3.9106214,-2.1642845,-3.3766632,2.2030678,1.7142074
-1.5767084,-1.3742713,-2.644991,0.57754564,-2.1452382,-0.24873272,4.225592,0.5393263,-0.5752165,-1.5849825,-2.7754493,0.8461834,-0.05335796,-0.26722565,2.9431908,0.9920305,-2.2694623,1.0043136,0.22444177,0.070531085,2.0638192,0.42727134,1.3055216,-0.14620997,1.457325
1.6338502,0.11558771,-2.0154321,-0.073033534,1.7837913,-0.56445634,1.4694864,1.9837836,0.6418038,-0.87709534,1.5891403,0.55871516,0.9138293,-0.75233954,-2.8792489,2.5556417,0.18773282,0.5335084,2.7697663,-1.2445984,-0.95232,0.8662027,3.8247333,-0.22067101,2.5341086
-1.5232539,0.5108527,-3.5088577,0.49251157,-0.45351505,-1.2391119,1.9152613,0.7126805,0.19602063,-1.4700425,0.75340825,1.0715665,0.12887113,-0.012583941,-0.6381111,1.8415232,1.0205297,1.33398,-2.1603508,1.1226234,-0.34913343,-0.11047804,-0.6408844,-0.87197,-0.004840851
-0.0025769174,0.5911426,-0.1887002,0.18131073,-2.6305785,-4.554982,0.9929762,-0.8554337,-1.3472462,1.1843704,0.38858604,0.24470586,-0.084025264,1.1531618,1.5088398,-1.9854302,-2.181313,-0.3993823,-1.192338,-0.082821496,-1.7778184,-0.5008322,2.3780112,1.484646,-0.42790824
0.1773864,-1.325577,1.0140535,-0.833216,4.74366,-4.5283217,-0.9080361,3.8807254,-0.43706602,-0.16275,1.0430002,2.2151196,-1.4411364,-0.069746494,-2.6037624,2.335168,-0.21237469,0.5007428,-0.655054,-0.34179008,3.237327,-1.2973796,2.7261586,-0.6687264,1.1745968
0.645398,2.174955,-0.5175301,-0.38146198,0.79201674,-2.1264439,1.4776206,-1.6359277,1.2252444,2.5220983,1.6610181,1.1917422,3.7439356,-4.677014,0.8308452,2.8761737,-0.9254919,-0.023354765,-0.7655983,0.62255085,3.999871,4.7581487,-2.5890193,1.1962606,0.91871107
0.92709416,3.4708228,3.0623765,0.57754564,0.72338104,1.8623798,-0.8941014,-1.2658563,0.48094067,-1.162232,2.0308168,2.4931254,0.122810006,0.38783443,-0.6275685,1.6191931,-1.3249475,1.035707,-0.9281051,0.3517558,0.59978414,0.08665472,0.7772359,-0.5963116,-0.3293512
0.620632,0.758643,-1.8629515,0.010847051,0.7652126,-2.74517,-0.3644035,-1.0353389,0.45632935,-0.8680749,-0.9719289,-0.36380613,1.3909286,-0.2106854,0.19910753,-2.1994176,-1.6160344,0.20955792,-2.8276665,0.5513736,0.08590469,-0.6291176,-0.32550037,0.009069841,0.43121994
2.291235,-0.25038537,-1.7821276,0.28395057,1.4764669,2.5786562,0.6115148,-2.106802,-1.3640233,0.48165983,-4.686378,-0.26065177,1.0431145,-0.37730956,1.3542472,0.107144296,-0.5490854,0.59953755,-1.2537606,0.11518707,0.11492255,-0.40051126,-0.11007297,-0.5053668,-1.2110702
0.048701555,0.2396408,1.3222177,0.5418507,1.8350164,-1.4697256,0.080280036,2.0560272,0.43211043,-0.119545236,0.37430695,1.7856617,0.7385624,1.5658145,0.31937343,0.23940726,-0.9752673,2.1607516,3.7168212,0.42752993,3.2609925,3.254188,4.733533,5.231189,-0.16203392
0.82161725,1.04921,1.2786636,0.32729116,1.1333663,-1.0591366,0.35525984,-2.3957863,2.0652535,0.35613024,1.8262198,1.3832734,1.0647836,3.7744956,1.0614312,2.357239,2.7275233,2.5828986,1.3287597,-0.61477363,1.6100779,5.4186363,-0.6240413,-0.1737363,0.044857144
-0.2535352,0.00082296133,0.38740486,0.15250206,-0.9892832,0.43531966,0.3118546,1.3564308,0.97727644,0.8738622,2.0572596,-0.06384802,0.9147306,1.8471882,1.4758897,3.1621995,0.24492654,0.72521734,2.2043061,1.7146327,3.948127,0.9485308,0.52840036,2.2290664,-0.4270249
0.4167993,2.1833537,0.18731242,-1.0608939,1.4221666,1.2901587,0.011205137,3.513525,1.84826,1.5699519,0.6905717,0.55164343,2.0283828,-0.23815995,-0.18064487,0.51552546,-0.7034261,-0.91222584,1.6525294,1.7146327,1.1330214,-0.9078108,4.06059,-0.5015901,1.2161429
0.57004994,0.87649524,0.022490919,-0.204144,-1.3415083,-0.44836783,-0.20166591,-2.0395322,0.8847677,-2.0217042,3.1262257,-1.3082352,0.9757019,-2.7125611,-0.2935211,1.2215147,-1.9547095,-3.2509696,1.891846,0.38947073,-0.24770623,2.1874795,0.5148157,-0.42996687,-1.40398
-0.73067486,-0.26665175,-2.8477294,-0.57558423,-1.997252,-0.27797145,4.6107764,-1.5579921,0.9879849,-0.45712298,0.22797164,0.86216486,0.26534167,3.145305,-0.008673001,0.86614114,0.5439638,1.8877286,-1.0252109,3.3401625,3.1875753,-0.49438214,-0.64024967,2.9266372,-0.07098496
1.2060354,1.3461388,0.36191356,-0.010380253,-0.4957697,-1.4036448,1.5286223,-0.86226696,1.5268576,-0.0042102933,1.4230407,-0.7007178,1.4655466,-1.8622919,0.17552009,1.3671125,-0.46002907,-0.35344595,-1.7461052,-0.69497824,-0.83285,3.5243316,0.5583756,-1.662482,-1.6440334
-0.15863104,-0.06757553,-1.298568,-0.02676417,0.45281893,-3.411201,-2.334617,-2.2809224,-0.5319165,0.105517484,0.7028444,-0.80247486,-0.4997647,2.470415,0.08949614,-0.2023525,-0.2162497,3.0125437,-1.1569477,0.20786378,4.393967,0.33506328,-0.19939733,-1.0011827,-0.8414295
3.3890624,1.2628024,1.4059721,0.43300205,0.45380935,3.6664255,3.3149066,-0.4010815,3.1417634,1.2818702,2.9779682,1.0582454,1.560213,-0.8990859,0.16755497,0.8045758,3.0559008,1.4504087,0.08661872,0.49495748,2.071177,-0.6100073,2.0766253,1.4728703,0.5732664
0.83102345,0.703112,0.94746387,-4.1102285,-0.40764892,0.29022303,1.9120271,-0.3710028,0.4960121,-0.29605526,0.9209483,1.3621981,0.998674,-0.64362764,-0.26468226,2.3517911,1.3799316,0.53995687,-1.5801777,-0.36643305,1.7930007,1.4635193,-2.359686,-1.3187003,-0.70758593
-0.68274724,-0.019065887,-0.08431941,0.18381834,-1.3661499,-4.813282,-0.6409218,-0.06974912,-0.1624864,0.5145425,1.9641796,-0.662778,-0.5958828,-1.4203713,1.9093616,-0.47845483,-0.13762188,1.5068858,-2.6746907,-1.1414148,-1.2521901,-2.580521,1.5351974,0.82000965,-2.1855168
-1.0104162,-0.58372647,0.42406532,0.21273029,2.2696977,-2.7830703,2.9942026,-0.03388542,-2.251268,-0.39881638,0.26574773,0.61996007,1.0954076,1.1189295,0.28899077,1.2756652,1.948206,-1.404616,-0.32140929,-2.0466802,1.9841652,0.1769729,1.8853877,0.92170614,0.074810386
0.6178615,0.6049867,-1.27114,1.2261164,0.996411,0.86772317,-0.20964049,1.8509595,0.47181648,-0.9337038,3.347534,-0.33601958,1.517267,0.74790394,1.2543974,4.2036834,-2.022218,-1.2587497,-0.8803673,-1.1165981,-1.0476465,4.3659854,1.3960055,7.015379,-0.56866133
-0.39925104,-1.1241803,-2.8126767,0.083179265,0.22824496,-1.8846809,-1.0357021,1.2204531,-0.4307473,-0.64113605,3.0135932,0.6517973,0.4924659,2.013451,0.41272947,-2.068159,2.35705,-1.2741332,0.61542225,0.57724243,0.12529123,-2.9138863,-1.7716469,-0.94476306,-1.0251935
-0.42655748,2.9337628,0.20410827,0.4614415,-0.5221141,1.8043394,-2.3058054,-0.43314797,0.68024325,0.9929053,-1.1622586,-0.76679134,-0.80988884,-1.8200741,-0.15432593,0.26196414,-2.6897416,0.69739777,1.6169631,-0.5104726,2.0066466,-1.7787519,0.2952101,1.7688551,-0.80522496
1.5967486,1.7385563,1.1704292,0.64627564,-1.5592525,-0.8558454,0.46722025,-0.9172139,-1.110169,-0.6665242,1.1982718,0.1364732,1.4212188,-2.4777474,0.34973744,1.8540287,-2.9952173,-1.1345384,-0.69034314,-0.5030645,-0.9176086,0.38423124,-1.087069,-1.885114,1.2375033
-1.3925176,0.5969549,-3.2455401,-0.9131757,-0.8259712,2.6444907,-0.30920964,-0.15351892,2.5133283,0.2611333,0.33695912,0.08222824,-0.06945437,0.120266646,-0.65716183,0.0409424,0.5189912,2.063158,-2.9246528,0.51205003,-1.9327148,-0.8287207,1.4333835,-0.57384574,-0.19269115
0.5060488,-0.41864958,-0.5134744,1.5021112,-2.5886164,-7.596606,1.0534682,-0.21864402,0.23855199,-0.09255664,0.40406743,0.99469674,0.14295997,0.5932315,0.6844201,-1.72356,2.136894,-1.5734566,-1.7630283,-0.7184983,3.446821,3.165599,-1.5252442,0.095663935,-2.4073308
2.3099763,1.4297633,1.1721416,0.010847051,-0.9734876,-1.1595773,-0.14580542,2.7175074,0.3466406,0.76590896,3.660512,-0.8592719,2.4413743,1.7383906,-2.0051365,2.1538346,-1.5450456,2.0928183,-2.0978928,-0.52422875,2.6122952,0.09728551,0.6943936,-0.8180168,-3.9687748
-3.0471103,0.7495288,0.52822536,0.6017621,-0.41492558,-1.9615608,2.142388,-0.3554514,0.7111254,-2.1828403,1.3706201,0.8609015,-0.78753877,-2.7319684,-0.21569137,-1.1470017,-0.5565616,0.16104972,-3.4866302,1.4133976,1.8455111,-0.2860901,-0.16724467,1.6863961,-0.5949118
0.26887682,-2.2085764,-0.37737247,0.8909247,-0.2908637,-0.71726525,0.023070008,0.1581943,-0.84453243,1.0783956,-1.0287246,1.9485052,-0.73100215,-2.3027394,0.2660143,0.79542404,0.18342505,0.0017758608,-0.31901842,0.15255257,-2.2170434,-1.5723034,0.2683645,-2.049744,-3.3814697
-0.29109743,0.23814556,0.8964572,0.59688663,-0.288037,-1.4736122,-1.6093605,2.0666928,0.31480962,0.7336817,-0.88244337,-0.87590265,0.7683777,0.72098845,-1.9712509,-0.8053687,-1.3238807,-0.5555919,0.052035283,0.75895613,-1.3270619,-0.59188557,-0.6574656,-0.93160105,-0.9279697
1.5545492,0.36708245,0.25938028,0.99614954,-2.3769493,0.6430407,1.8388481,-3.6386368,0.46590343,0.8944527,-0.8260443,-1.486175,-0.2754956,1.5023971,0.07838732,0.8809583,-1.0160284,0.091705665,-0.7558014,-0.29292583,-2.0168629,1.3708105,-2.422895,-2.4294457,-1.1186792
-0.09134042,2.1116772,-0.956471,0.28463453,-0.37416518,-0.6958396,2.8598146,0.014672279,-1.308531,-1.7952027,0.52578104,-0.31112662,0.24216914,3.0196612,-0.61083686,0.5893588,0.4953235,0.8130684,-0.021005154,0.96097124,3.0684965,-2.143313,1.31001,-1.0538127,-0.53880054
1.4276905,1.8987491,-1.5819967,0.18484429,-0.12983274,2.6586914,1.9934723,0.27142918,0.5653134,0.6532558,2.1000957,-0.7526945,2.232642,-7.3114057,0.06559062,-0.78001845,1.6377237,0.57883704,-1.064357,-2.0466802,4.6718297,0.6950329,-2.7966175,0.25819787,-0.08968902
2.2733626,2.386895,0.49754918,-0.34294742,-0.28889266,1.0149393,1.6780548,-0.4413302,1.6325703,1.3457716,3.1539183,1.8369427,-0.6534353,-2.1485832,0.46014178,-2.7516413,-1.0777178,-1.0574471,0.21892059,-0.73633564,1.7946006,0.3028755,1.7704858,-2.675384,-3.8933172
0.8846118,-0.6105362,0.59769714,-1.8447456,1.2781246,0.5788373,-1.8173178,-0.49146858,0.30652493,0.5145425,-0.38510838,1.1394415,0.7095889,0.6047673,-1.0439366,-1.7244937,1.8435462,-0.95349884,0.0362029,0.048480045,-0.025616348,-0.641967,1.4295046,1.3852997,-0.66723
-1.2623566,-0.92664266,0.6958828,-0.55542076,-0.34212518,0.69130594,-0.3221362,-1.2846248,-2.243099,0.58101803,-2.5478523,1.3871465,-0.026692763,-0.7733613,-2.7514362,2.211499,1.3074253,1.116732,-0.42585778,1.4133976,-1.2622283,0.48087677,-2.8089938,0.5197897,0.97688687
-3.9180832,-1.9376786,0.656816,-0.89549243,-2.092633,0.42443693,-0.018349303,-1.9352279,-1.9116064,-2.064045,-1.2347422,0.57536566,-3.7973866,0.85652304,1.093258,-5.233703,-0.32090837,0.563633,-0.6109123,1.0243871,-2.863244,-1.3477814,-2.0512152,-0.03027913,0.42472827
0.08827424,-0.17276788,-4.8212466,0.08719078,-0.7122513,-2.1613412,0.81509435,1.4091933,-0.5343722,-0.54639,-0.401173,1.9531589,0.5950294,-0.4112224,0.13710663,-0.26895136,-1.151164,-0.34085262,1.4549665,-0.073492,0.08268815,2.488264,2.870727,-1.6099236,-0.060113266
1.963231,1.2675301,1.0855209,-0.57558423,0.12769887,1.6882291,0.42218053,-0.24934328,0.36135262,-0.033855096,-2.4954805,2.5634012,1.0431145,2.360105,0.7972555,0.45759028,-0.29150832,-0.2849241,0.46272716,0.53600585,0.9249969,-1.52597,-0.65980446,-0.4777998,0.508193
0.97571766,-0.26986566,0.5273962,1.1723279,1.2920315,3.021153,-0.1208238,0.11228275,-0.15105936,0.58245075,-1.438462,-0.35894835,0.56880385,-3.0942364,-0.87158203,1.2570988,1.2053225,1.9644746,-0.42819685,0.12163274,0.39684433,0.10382546,-0.4495841,-0.30208138,-1.2047089
-0.9825061,0.6273994,1.521523,0.54640853,-1.4748008,0.50575364,1.4237659,-5.039667,-0.26823887,1.1948801,-1.1581955,-0.4100267,1.2245198,-0.2422978,-0.06525457,0.6455212,-1.3671736,1.4224093,-1.2870923,-0.08523449,-0.4474606,-0.38514653,-0.91762877,-1.4721462,-1.2001495
-0.19387046,0.5012405,0.7999027,-0.887457,-0.1320566,-2.2944608,1.7363544,1.6670669,0.589262,1.9720533,-0.35348326,-1.926115,-0.3953574,-0.12609565,-0.16331041,0.4778684,2.1553488,0.26730606,-0.88673675,0.59998345,0.94654804,1.1606067,-0.43022993,-0.38898838,-2.7781916
1.3496946,1.2616522,0.8399388,0.33126754,0.35076094,1.6158938,0.8592825,-0.94582677,0.92225796,0.83361,-0.68263924,0.0061152875,0.4331733,1.2389429,-0.87634826,1.9054089,-0.59957194,-0.33315736,-1.6114984,0.62255085,3.4619205,1.3612037,3.5509439,0.0279693,1.8485712
0.9971086,2.2733023,0.7308741,0.78063977,-0.34225887,-2.1550252,-0.2772337,-1.9230533,1.5595924,0.93355554,1.3534255,-1.973147,3.1878443,-1.8054523,0.19632477,2.3679016,1.4164537,1.4952693,-3.3493571,-1.0503758,2.6107714,1.1212822,-1.2662205,-2.7817464,-0.9225019
1.6729983,0.7851785,0.2139253,1.0655359,-2.1856077,-2.3232076,0.42157716,-2.134484,0.062252484,1.3816793,-0.8692185,0.16928563,1.661815,0.22031835,-0.33366868,-1.0844166,0.7534816,-0.6811811,-2.2148583,0.004478095,4.161134,1.0586331,0.47435734,1.0546553,-0.036053896
3.4980278,1.8793036,2.1245544,0.48348343,-2.7577438,0.24879831,-1.699677,-0.9702946,1.7536978,2.1570508,1.9575249,2.3956852,0.36258787,-1.3642418,1.4678472,-0.3845764,-0.31238568,2.2810874,-0.16932774,-0.10141309,-0.8652079,-0.4811356,-0.24346936,1.0393633,0.040792704
-0.5181045,-0.11269729,0.44083852,0.0971633,1.9279742,-1.4253542,1.1578717,2.548377,-0.65143216,0.5882462,0.4535306,1.4427465,-0.69328153,-0.16462308,0.23273872,-0.3283409,2.7997134,0.68834305,-1.3370526,0.7358057,0.42538655,1.8197962,-0.09636038,2.5257149,1.8578602
1.0646378,0.44658387,0.58023864,0.7665738,0.8328266,0.26712754,0.21738109,0.64841056,0.70894927,0.59682375,2.5457401,0.87810314,1.1155515,0.50904,1.4000502,-1.810516,0.1928531,-4.673614,-1.5001454,-0.1834032,3.1195912,-0.099342614,-0.19330299,-2.1708443,0.23071283
0.9991376,1.8268893,2.6641142,0.17634708,-2.459041,-1.0892668,2.437055,-1.1055917,-0.104249835,1.3103327,0.9180987,2.637561,0.895184,-3.1634355,1.0432749,3.6150868,-0.29762524,1.0903375,-0.7234472,0.069554456,0.13767147,1.71169,1.0459164,-0.15083894,-0.7124958
0.92501575,0.99315035,1.4533887,-0.22929439,0.33427197,-2.0645409,1.5675831,0.31905204,-0.93357164,2.1266956,-0.44569582,-0.7438031,0.055358946,-0.24568546,-0.2712801,1.5228121,0.6080055,2.1109278,-2.7637074,-1.4599168,0.8698774,-0.6364278,-0.07285026,-1.3280725,0.4814192
0.18409732,0.5174402,2.4319334,0.17909682,-1.7745492,-2.6267445,-0.58150274,-0.28781617,-0.63608694,-0.49680972,-3.266953,-0.70439744,-0.6987619,-2.0001762,0.73602474,-0.83689284,-1.207762,2.1321695,-1.8867335,-0.4552565,-2.9810846,-1.8835189,-1.2690876,-0.18742633,-0.3972181
-1.6052806,1.9624019,-0.63234997,-0.34208822,1.6115654,-0.2529539,2.188119,-0.83657515,-0.5382749,-0.4695221,1.0529144,0.28686857,-0.5452847,-0.87622166,-0.28625733,1.185952,1.795586,1.9323967,-0.7223071,-1.6132835,-1.1421338,1.1194315,-1.1120677,-0.063254,-0.26609585
-1.7114251,-2.680436,-0.1742571,-0.5472309,0.17208949,0.5290974,-0.32541144,-0.85037833,-2.6011753,-0.96828973,-2.043124,2.0091562,-0.08812487,0.62707186,1.0524924,-1.2044644,3.0012655,-1.5229847,-0.38735557,1.6409074,-2.3841279,1.2057235,-2.0635235,-1.2450118,1.6077082
-4.8899226,-2.9374158,-1.4718413,-0.078640185,0.22774124,0.8798524,-4.2676086,0.011231422,-1.9840568,-4.7440596,-1.2543776,-0.22645305,-1.6227409,0.89787847,0.31049904,-2.7369153,-2.8174586,-1.0738301,1.5535942,-0.7180607,-4.27974,-0.12082291,0.096758366,-0.21340206,-1.4859407
-2.289129,-2.0810835,-1.2369947,-0.94970775,0.19268316,-1.81009,-0.1516245,0.0003285408,-1.3761294,-0.8927139,-1.9110672,0.65163004,-1.8120934,2.7725594,0.7172054,0.3024999,-0.41852063,-2.6866,0.65082663,-0.70556873,0.7134572,-0.054700136,0.6457265,0.25872704,0.7445838
-0.58597,1.113913,1.8354926,0.9252963,1.023855,1.4896824,0.33637315,1.9527612,0.4321184,-0.79880244,-0.90300983,0.5615026,-0.70947194,0.08507654,-0.12865445,-1.2253218,-2.0714576,1.899272,1.6201233,0.51952547,4.1562986,-0.7329928,3.4620922,0.080209315,-1.931418
2.291137,0.7407884,-0.96650624,-0.38811257,0.46377194,1.2148223,1.2415049,-0.737126,0.48094067,1.5844539,0.35118794,-0.83172107,0.96229494,-1.170149,0.6639792,3.7181792,0.16561753,0.6315272,0.7439232,-0.6121856,1.6346037,1.1745901,-0.33429158,0.8728573,1.6180694
0.7774326,0.5369832,0.29297316,0.075638086,0.7192669,1.7795793,1.3664575,-0.60003984,0.56576896,-0.6858418,-1.252645,2.6410837,0.28282994,1.0818465,0.9300177,-0.38559318,0.57215464,-0.06737107,-0.06593743,0.31925255,0.39545256,1.4664533,-0.78509015,0.24086517,-0.33213422
-0.1893891,1.150784,-1.7775595,-0.30517375,0.46226144,-1.164804,-0.32108766,0.83769876,0.5745481,0.8499586,-1.3714545,0.0075399578,0.4539731,1.3696015,0.86473453,0.316508,0.31446737,0.9005867,2.0146315,0.5859242,-1.4428008,1.4264388,0.5636363,0.23805237,-1.0610541
-1.2972863,2.1399965,0.49318486,-0.14809933,-0.8163916,-4.287483,0.38239807,0.30034447,-1.1912212,-0.18226813,-2.415979,0.845083,0.503826,2.2040048,-0.6089841,-1.9809868,0.5597942,-1.6842177,-0.87944376,0.096029006,1.2329681,-1.690394,-0.919483,0.6872771,0.65268743
1.8535886,0.17254624,0.6231037,0.3255986,-1.0264717,-0.9244121,2.7710514,0.95975626,0.23250471,0.2025663,1.5904548,-3.6480412,1.7316338,-5.0897703,-0.6796479,1.1682509,-1.2933586,1.5046474,-2.0075493,0.77841187,0.7558424,0.9064596,0.19016623,-1.9314766,-1.2323253
0.97057444,0.8452421,-1.2783749,0.9252963,0.32026994,0.05779916,-1.2072778,-2.6628542,0.7691111,-0.5169854,2.634115,1.0179322,0.5716788,-0.16540122,0.05167061,-4.6512804,0.62745076,1.2559923,-0.4069717,1.0167587,1.5158579,-0.6597116,-2.1611378,-0.5567818,-1.010087
0.9687449,0.83190227,-1.1556354,0.37135014,-0.7863123,-0.2641353,0.372486,-0.98002225,0.6617136,0.21529531,-0.1253041,-0.0024395585,-0.9390731,-1.1901138,0.06911941,0.30468547,1.3628049,-0.24062718,-0.7491049,0.60968024,-0.30373764,4.098829,-0.4315012,-0.668554,-0.43106335
-3.2076106,-0.027411882,0.6022705,0.35131738,1.3995824,-1.3730049,0.339606,-0.18508428,0.5853899,-1.2443731,-0.18226157,3.074932,-0.6419579,2.306757,1.1099329,-0.78756166,0.44800282,-2.4141622,-2.1313872,-0.73633564,0.33253238,0.38653353,-1.1316209,0.69803786,-2.275224
1.0929295,-0.29614925,-0.4577752,0.81465524,-0.7020877,-1.0605292,-1.265599,0.89409226,-1.498776,0.4552213,-0.20409825,1.3296756,0.8854966,0.9596348,0.56761074,-1.0669016,-0.59234583,-0.2319361,1.0548222,-0.33874443,0.09245622,-2.3963852,-0.20628755,-1.0876272,-1.650095
0.14144336,1.2119287,-0.6473445,-0.023038715,0.31735528,0.16386986,0.503183,0.33090535,-0.14022058,-1.252506,-1.6802636,2.1788256,0.80013275,-4.590653,0.28570613,2.0427003,-2.3463683,1.8910155,1.8071434,-1.2445984,1.1791937,0.18622506,-0.34160942,-0.45978206,0.19217968
-1.3827026,2.7996633,-0.36087406,-0.4679494,-1.5640655,0.810518,1.9556904,-0.6318436,0.47979426,-0.5467086,1.9863963,-1.1129649,0.7221234,0.07888582,0.54238665,-1.4080741,0.75094426,-1.3096035,0.6785013,0.86051303,-0.4853973,2.8210516,0.7483814,-1.2858001,-1.1693175
1.1264062,2.269261,-0.38771117,0.57872814,-0.02037617,0.38602698,-0.5143522,0.7652805,0.21393129,-0.19593549,-2.3411,-1.6163111,-0.27426314,3.057623,-0.88753927,-0.7497629,-4.081874,-1.0952095,-0.27423477,2.3814502,0.2525195,-1.0868535,-1.1752901,0.6559397,-1.473385
-0.39399582,-3.9664915,-0.8564932,-0.5632526,-1.9569763,2.6673646,-0.13694376,0.40100873,0.58382607,-0.06974157,0.16593763,4.603691,-1.1883957,-0.7760794,-0.59771365,-2.6662674,0.6547576,-0.12733483,-0.023721516,0.6491629,1.4542006,1.7007188,-1.5622361,-1.1200714,-0.62066567
2.033188,-1.3884497,1.7650158,0.002054926,-1.4187165,-0.8733071,1.1429768,3.7215695,0.91510355,1.0691043,0.65107596,2.3530982,0.04020539,0.06710279,0.7547122,0.46995193,-1.2747236,-0.14377527,2.1348543,1.3364277,0.3392495,-0.7239139,0.5241778,0.9167106,-0.84044045
0.6433495,-0.0801374,2.0571952,-0.8690431,-2.0236027,-0.5808753,0.5863238,-0.021295846,0.20311986,0.022398546,1.0710536,-0.72631073,-0.22627157,0.1080243,1.5297179,0.4645704,0.10521585,1.2425282,-0.08409035,0.21054149,-0.3547636,-0.53415084,-1.0642774,1.5308661,-0.9143728
-0.43371493,0.13884726,0.8281449,0.22669959,0.9798671,2.339912,1.5958364,2.715232,-0.9558098,0.233993,3.2990541,1.3887585,-0.61731154,-0.45803946,-0.8505094,-0.24704841,-2.3280005,0.6326084,2.3406906,-0.56558007,1.8454887,1.2828568,3.048376,0.92069006,-0.47092217
-1.1951532,1.3796568,-0.21173254,0.29782176,-1.0548952,0.20649217,0.1945602,-0.85435534,-0.94924575,2.0753226,-1.4132814,1.3145216,-0.05424112,0.3259313,0.88357663,-0.009563118,1.0736979,-1.4000574,-1.0756648,2.000969,-2.4364944,-3.010916,0.012567759,0.6968116,-0.49279654
-0.29698887,-1.0022461,0.66208416,0.20695543,0.23048443,-1.6688418,1.1557146,-1.6927755,-0.016115174,0.28754365,-1.4871777,0.62042403,0.29155362,-1.2164232,0.51401556,0.3772136,0.868989,-1.1812989,-0.36921638,-0.85547394,-1.9018468,0.59662116,-3.0683727,2.58075,-0.04604599
0.18428487,-1.1477923,-1.1044133,0.95594066,0.7853854,-1.6247221,-0.20503646,0.6001992,-0.9168534,0.6925305,-0.58171004,-1.8189144,-2.9996393,1.0573858,0.6168618,-1.638577,-2.0228546,-0.31880873,0.36355242,-4.1358776,0.2586363,0.92349195,1.5990559,0.19376649,-0.18739003
1.5039657,0.79061466,1.2026458,-0.15177539,1.9353824,-0.9086126,0.16654238,1.3289355,1.3026896,-0.7906486,0.9078443,-0.16880459,-0.6335946,-0.38534737,2.1158583,0.955059,-0.40376765,-1.3990386,1.5344534,-0.37063435,2.658268,0.44929206,0.37197173,-1.6642632,2.1351862
0.5154855,1.7830238,-2.6977706,0.75940794,1.3776878,3.0240538,-0.39524734,0.7567742,0.6404133,0.11790913,4.189268,0.1876,-0.65928525,-0.34243166,1.5326467,2.2445595,-2.9081845,0.92755455,1.9014122,0.6736383,4.196543,3.0234985,3.3720064,-1.1878153,-0.81667066
2.089831,0.11181724,0.7053845,0.25374675,0.8163973,0.7455235,0.4421199,1.8790958,1.4300432,2.5896306,2.764935,2.7882407,0.87377447,-0.04001838,0.5248387,2.840449,1.2960054,-1.2343988,1.836551,-0.18525845,2.9289727,-0.10587895,0.9804952,0.7304057,1.0564547
0.8813586,0.983942,2.5969148,-0.1364448,-0.63463014,0.55730075,-0.12913603,1.1258297,0.3926574,0.62419,0.6170643,-0.85695565,-0.16885537,-1.706051,0.72542703,2.2305758,-1.6575589,-0.47432166,0.53677404,-0.67203856,2.0015998,0.32695425,0.38020813,-1.2963014,1.231807
1.1133906,0.041203946,-0.34318984,0.23428878,0.56509614,2.134507,-0.5391754,0.2125094,2.1331224,0.32959405,0.86461586,0.73039615,1.269357,1.0297494,-0.61005116,-1.7899678,0.86977863,0.58122283,-0.3453508,-1.0674155,1.1302818,-2.7255602,3.7690904,-2.718814,-0.9700375
2.306195,0.59333324,-0.9554692,0.12770404,0.35836968,0.34721372,-0.07570642,2.0112805,-0.3665222,-0.832721,1.3961129,-0.6355868,0.13489753,-0.5061296,1.1171865,-1.0634837,-1.0163847,-0.09887719,-0.31759304,1.5315434,0.28958547,-1.0604774,0.8049786,-0.5606664,0.22396567
-0.12886518,0.09257151,-2.7468972,1.0707705,1.3444518,-0.8055148,0.5018883,-0.46447724,0.43216187,-0.27372536,0.46872842,-2.6462467,-0.6532802,-0.6798105,0.12917396,1.015745,-2.556932,-0.4104174,0.6643649,1.4213717,4.4010715,2.1502383,-0.16498876,-0.6192666,-0.38379973
2.4599247,1.2325811,1.2428901,-0.81874263,0.30191875,2.9959705,1.2760053,-0.14177695,1.3361549,1.1819315,0.82103914,1.3433473,1.144988,-0.34985775,0.7196597,0.92824054,2.3866136,0.61497617,-0.19824442,0.52034706,1.8618797,-0.06804773,1.0874919,-0.6582095,-1.6419288
1.0444347,0.05379659,2.1465027,0.3167685,0.850479,-0.30979893,1.6455481,0.22902328,-0.5474994,1.2708788,1.705122,-1.2355536,0.10724953,-1.1662077,-0.9508424,0.091597274,-0.4969366,-0.70911324,-0.6875032,0.45595628,-1.2866588,-1.184718,-2.0782502,0.8295623,-0.4033541
-0.5951244,0.013290435,-0.3073272,0.49251157,-0.5125247,-1.3180835,0.18369445,-0.09107578,0.6005579,1.3637583,-0.29558077,1.394772,-0.7005988,1.0965571,0.8159553,1.915985,-0.7751386,2.0502691,-0.9400314,-0.5619384,0.8877963,-0.4268031,1.0479447,0.7602962,1.7742
1.4825231,-0.72786826,0.4605263,0.8208863,2.080193,-1.0116589,1.408926,2.5030305,0.7444862,-0.3843179,-0.6895028,-2.2283185,0.22791247,-0.26302904,0.42753232,0.8870883,0.42621702,0.88181627,-0.5668822,-0.021979965,-0.8903768,-1.1831628,1.8334644,-1.1971406,-1.1325405
0.75794834,-0.29943898,0.08097452,-0.054166205,2.1322784,-1.884549,0.8079605,-0.071257986,0.634037,0.25042897,1.3118514,-0.62664753,1.0106772,-0.37308574,1.5040759,0.1056491,-0.9157859,2.01823,0.67849267,0.008344924,-1.0925312,0.10082996,-0.5159753,0.56590396,1.5464951
-4.358138,-1.693732,-0.84044385,0.37471837,0.23224306,-2.0528996,0.47595048,1.0346895,-1.9867412,-0.9505867,-1.4934702,1.6327357,-1.1629672,1.6308689,1.021497,-1.7760694,1.9936138,2.7152958,3.3767226,-0.44209355,1.3157027,1.4654739,3.9901931,4.680908,2.3983378
0.6543445,1.0293895,-0.44182247,-1.3372104,-0.37193173,0.53669757,1.3892461,0.358158,1.7959273,-0.4617327,0.5770614,1.3682277,0.63962203,1.6815351,1.0178559,4.3239613,2.3727677,-0.12582886,3.0477676,0.86051303,1.152301,3.4156456,5.3033056,1.482776,1.936307
0.23416105,1.2593411,0.9262587,0.3219049,1.1681298,0.9589703,0.4204911,1.0291047,1.1314309,0.98449415,-0.029972374,0.6630972,-0.39561945,1.0450714,0.5384613,-1.4070364,1.2353585,2.372978,0.5445987,-0.5987211,4.6559134,-0.16578656,-0.81719667,-0.24509196,0.68846697
2.4874816,1.4945856,-0.9241556,-0.09008641,1.7731206,4.282323,0.47477925,0.015461639,1.6243497,1.7034857,-0.39520776,-1.6626301,1.9633772,-2.09671,0.9768077,2.1029108,-1.3850259,-0.041306674,-0.017988801,-0.3171301,5.016672,-0.5690142,2.3753695,-0.32411265,-2.030574
-0.37284493,2.8277378,2.0503428,1.2893429,1.7747073,3.0812502,-1.0247517,0.31022948,2.5936456,0.659747,2.8846045,-0.95031095,1.8879666,-2.0284986,0.59098554,2.3121169,1.8778166,-0.7570838,0.116560966,-1.6132835,-0.016480565,1.4931028,2.2258327,1.6476854,-0.8311505
-0.77583045,0.2138523,-0.017757475,-0.104469545,1.5327117,1.7348404,0.34833002,2.1361153,-0.35151768,1.0450636,1.358313,1.2714827,-0.27192727,2.9793444,0.9248944,1.2988403,0.5088765,-2.126705,1.1481712,1.1035055,1.3713028,-0.116969064,0.5857238,-0.6422186,-0.43575382
-0.14121759,0.02082035,2.1337352,-0.3919895,0.11994672,2.2744296,2.5731344,1.3436722,0.5904782,1.7636573,-0.3455686,-0.043137077,0.8859108,-0.6053183,0.37006637,1.5290016,-1.5960225,-0.8705139,2.8407102,-0.15345168,-0.43106556,0.32745165,3.0993824,0.20944273,-1.345572
-2.0887969,0.13366292,0.039489284,-0.027209759,0.25925452,-0.96821845,-1.28875,1.4485989,0.29549545,-0.32952,-1.5699348,0.7450554,1.0614551,0.92013663,0.8355545,-0.77686626,1.8980534,0.53796077,0.10806641,0.04006482,0.6927614,-1.115512,0.21875483,-1.0321835,-0.057272848
1.0479853,-0.6488471,0.6667265,-0.58860886,-0.9958513,-0.61133003,-0.6777476,-0.36570752,-2.0304322,0.090226844,-0.57720894,-1.8074877,1.3193518,0.78625333,-0.57151556,-0.47063023,-1.7707956,-0.5277028,0.80812055,-0.15345168,0.3904328,-0.6701869,0.9189399,3.6027346,-0.81382024
0.3025296,-1.1321766,-0.68667424,0.11449458,-0.07509488,1.9752226,2.4299388,-0.37686282,-0.8230467,0.21697828,0.7414778,1.5502523,2.8311498,-0.6202584,0.27666613,1.0003997,0.0077769756,2.3020127,-2.0507014,1.1745789,0.9565872,-0.38514653,-0.26970518,4.010923,-0.50639284
-1.2356871,-0.7967743,-0.10530242,0.64431924,-2.0227613,-3.5671592,0.76943403,-0.74997413,0.30966175,1.6615845,-3.4395888,-1.0398138,-1.0167665,-1.0685769,-0.28092375,1.4595978,1.274081,1.1364813,-0.9703712,1.1537255,-0.6460169,-1.2350404,0.7398641,4.060752,-3.3646433
0.0705279,-1.7871362,1.7234832,-0.25875166,-0.33843812,-1.2545031,0.08119759,0.8106258,0.4895499,0.5150348,1.2199883,0.57866997,-0.26795655,-2.5147998,-2.8473926,0.6084397,0.9489466,0.09290844,-3.518218,-0.063363634,-2.4020598,-0.12846014,1.4563025,0.62884194,-1.7745376
-2.7255483,-2.4893682,-0.8417218,0.23126107,-3.4456754,-11.050521,-1.0014083,-1.3287485,-1.5714654,-1.6933328,-3.6696758,0.34946427,-1.5443165,-0.46538126,-1.1110326,-3.085755,0.3530511,2.573938,-0.70203054,1.6912749,-2.1170893,-1.0485942,-2.1077857,0.13721049,-2.1262662
-0.24895823,1.2966448,-0.2949403,0.40919688,-1.9656624,-0.19397795,0.9194985,-1.0537338,-0.8553458,-1.2996637,0.27402008,0.7487819,0.042941153,0.27626997,-2.0275326,1.1628494,0.6406666,0.4935012,-1.0858742,0.32058254,-1.7461816,-2.5749521,-0.8326957,0.51502687,-0.31301343
1.761867,0.762872,-2.2076802,0.05726925,-0.30066013,-0.6595479,1.1505353,-1.7869295,-0.440131,-0.25533402,-1.0204619,0.667834,-1.7560631,0.123546004,0.006233737,0.7769761,0.9127178,-1.8008981,-0.53734505,-0.11846887,-2.752822,2.1764069,-2.242662,-0.49370843,-1.3022032
-2.571941,-2.762591,-0.35993874,0.20695543,-1.1561089,-3.4785855,0.86662924,1.2524678,-1.9439948,-0.75420105,-1.3694038,-1.9464438,-0.93313205,0.52647746,-0.15663926,-1.0375307,-2.6471179,2.338073,-0.71007156,-0.36686262,0.9426831,1.1663569,-1.4576929,-2.0008843,2.7314024
0.93603706,0.5130681,-0.48338085,0.008887947,0.67230666,1.73877,0.013577223,-0.71530986,1.4698986,1.1866919,0.72685564,1.506409,0.15173961,0.36640915,0.5840451,0.7941098,-0.79015434,-0.06384503,-0.6015759,0.86256045,-1.3707628,-0.7861122,2.4307508,-0.02441287,-0.178141
-1.1213858,-1.4562042,0.9574427,-0.89460164,2.4407115,-4.968185,1.0629126,0.44932306,0.72423106,-0.19066742,-1.2162088,-1.3872151,-0.1587629,1.8415391,0.6003344,-1.5302973,-2.6202135,-0.06143272,-1.13664,-0.4552565,-2.4276266,0.024763286,0.27227843,-0.89768463,-1.1602442
0.785884,-0.8597863,-0.8974103,0.6559508,1.6392574,0.34231013,0.12765127,1.4528363,0.18499371,1.0215724,-0.42869276,0.039649606,-0.50613797,0.31029856,-0.5289203,-5.362949,-0.3803191,1.144741,1.3164021,-0.038928248,1.0287905,-0.08916825,0.08007972,0.40337715,0.16344771
0.4358883,1.9389093,1.808767,-0.112096675,-0.72552896,-0.17043042,-0.40741387,-1.9454474,-0.4678925,0.43877506,-4.028093,-1.2626399,1.1422472,-1.2790625,-0.76084995,0.57656527,1.7660849,0.07183945,0.071942925,0.65344214,2.0323262,1.3785229,2.1348124,-1.3176419,-1.0362504
2.3468094,1.6302893,0.032110184,0.18776615,1.0404515,-2.1051323,2.4146724,-1.6400458,0.6307335,-2.1089509,0.43204612,-0.14808816,0.39521804,0.14077576,0.82386637,0.64433926,-2.1267827,4.1103516,-0.69193065,-1.464039,-0.5529143,1.3298833,-0.70731163,-0.7572047,-1.1932551
1.0209459,3.0171661,-4.2871957,0.33571893,1.1088612,2.7144337,0.9513481,1.2343068,-0.06803313,0.5175442,2.7125256,-0.7239312,-0.63866216,1.0886536,-0.7994146,-1.0874584,2.3512592,0.12639847,-1.0130911,0.08490875,-2.994268,0.16834605,-1.2121165,-0.5777571,2.5196953
-1.0781,-0.45549712,-1.1168735,-5.597942,-0.11943132,0.0011634827,-0.5478651,-0.078776956,-1.2694825,-0.038887158,-1.9954168,0.85405755,0.039860904,0.29566967,0.9768746,3.1213257,-0.31729758,-1.316623,-4.1890492,-0.5321321,-2.1553817,-0.22479832,-1.4284425,-0.73338884,-0.5445996
-0.65517837,-0.6034349,-0.31945688,0.14158127,0.32602748,-1.6070616,0.23222679,2.4777687,-0.05455984,-0.33498228,-1.692021,-0.6471857,0.19777143,2.6182609,0.0829618,-1.4410931,2.2016578,1.1978898,0.06068921,-1.464039,-2.730502,-1.1874616,0.1557799,0.06474246,-1.9318908
-2.229407,-0.43521953,-0.42735434,-0.06715333,0.7273835,-1.4557219,-0.06292763,-0.6837368,-0.49454486,-0.5372641,-3.3782194,1.3103826,-0.47619176,-0.032360986,0.46951008,-0.99626267,-0.1875307,0.01911974,1.6228544,0.05492207,0.29246938,-0.24767345,-1.453214,2.2565567,-0.17109406
-1.1243762,-0.25181937,0.5788951,-0.19777647,0.92140716,1.2011484,2.508215,0.09643227,-0.12353546,1.0801041,-0.30299947,0.6377865,-0.3955332,-0.09034395,-0.6019484,-0.45392615,-0.6069262,0.5125617,2.245714,3.3401625,1.3139546,0.041965105,0.32818553,-0.85147417,-0.35956064
1.8369255,1.3020326,2.173647,-0.104469545,-1.1336977,1.95093,0.63908136,0.18319106,0.41461834,1.1733971,0.69492906,-0.7151009,1.774096,-0.8456313,0.49969932,-0.4953997,-0.38814127,-0.040741615,-1.1201518,1.1188662,2.512772,2.2624063,1.5591162,-0.83305323,0.033863783
0.23505123,1.3341613,0.8736415,0.17909682,1.1998607,-3.6132174,1.2704861,0.029169202,1.0356427,1.1370165,0.0014233589,-2.3576932,-0.27846453,0.2873005,1.1616564,1.8762531,-1.1047571,-0.47626778,-1.8232884,1.7146327,2.1968086,-0.9422672,0.45733753,0.97971,-0.29950464
0.10347319,1.7596812,-0.32855576,-0.21261522,1.4264274,1.6356498,-1.147119,1.6681594,1.0241911,3.279313,0.64220715,2.5869665,1.1990454,-4.724352,0.0035060793,1.1342096,-1.6749496,-1.4898082,1.0355595,-0.014541153,6.196231,-0.7689496,3.0045807,-0.49693835,-2.2979143
4.014913,2.6233618,0.7281287,-0.66438663,2.1944027,3.3450134,-0.019688398,-0.15100777,1.8852227,2.4398615,2.098587,1.3094914,2.1537235,-3.3052142,-0.24039939,3.3664322,0.7227657,-0.6524453,-0.15894985,0.47751418,1.8423607,1.0203159,-0.95364934,1.8860412,-1.0641944
0.7795808,1.0653073,1.3039534,-0.13576978,-0.9148571,1.441072,-0.8942055,-2.0175698,0.75971997,0.49118507,1.1921722,-1.5003895,-1.1116545,0.8648709,0.43795723,0.33245564,-0.35529578,0.73710006,0.10227498,0.13747348,-2.0710056,-1.721424,-0.00518775,-0.77890706,-0.10883367
-1.8846459,-2.2217922,-0.591664,0.77966785,-0.092470706,-3.8001742,2.187808,3.2216754,-0.63538706,-1.9544677,-4.309635,0.19677818,-1.5057843,-2.77281,0.8616202,0.81525755,-4.079294,-0.6268038,1.238891,0.074595764,-0.32099885,1.2257203,-1.2264991,-3.4861312,-0.49656796
-0.08219944,0.35394543,0.058677554,1.5117447,0.7005347,2.3170917,-0.004448697,0.5753996,-0.7267956,-1.5889126,2.9773612,-0.50962603,-0.002217561,-0.2815299,0.13402918,0.80421484,0.47075808,-1.2801319,1.1292286,-0.3034634,-1.7744948,-0.5522119,2.7418005,-1.7226443,0.4308283
-2.0822282,0.23408473,-1.6720252,0.78063977,0.82167554,-0.9514339,-0.23077065,-1.0450227,0.38672662,0.027231127,-1.5327393,2.4591095,-0.35328874,0.8721395,-0.111386076,-1.6160226,1.7750993,-1.933882,-0.70607364,1.591511,-2.25604,-1.1905901,0.2949197,-1.2178711,0.90397227
-1.6834152,-1.5876739,0.53971356,-0.26820534,1.8263081,-2.0096133,1.0873879,-0.1479024,-1.935938,-2.1634498,-2.781705,-0.81458104,-2.2997975,0.8000677,0.3116098,-3.006907,-2.9578094,-2.1451192,-1.0917374,0.62255085,2.6193466,-2.9008598,-2.8056073,0.41048026,1.4213552
0.8087593,-0.66227514,-1.5132687,-0.7118743,1.5319872,2.891757,3.533699,0.55800045,-0.3973917,0.8349938,-0.43963844,0.9773718,0.7298454,-6.456166,0.50674164,-0.7707192,0.12753646,1.6875497,0.9802377,-0.53102535,2.251446,-1.9347689,1.7207166,-1.7121837,-2.932909
0.0316298,0.18471414,0.95179653,0.14900917,1.1055751,2.3021047,-0.53111607,-1.3313489,0.33967462,-0.18085343,0.55936456,0.72857887,1.0083952,-3.9069629,-1.634767,-0.22718287,0.7100107,1.0800047,0.43080872,-1.2682476,0.44807827,2.3409903,-0.6951856,-0.14128508,-1.2418808
0.3793009,-0.023091376,-1.0515133,-0.77183175,-0.8067053,2.325757,0.4973376,-0.8989933,0.42476803,-0.023946524,2.5239058,0.4168177,1.7030377,-1.3520783,1.3428936,-0.19597709,1.0849814,0.6344495,-1.5594968,1.0551856,0.21866202,0.21545178,2.9521224,1.8639271,-0.68314105
-0.43669942,2.807041,-0.19334891,0.13394278,-2.4390032,-5.8629084,2.7639737,-1.3578598,1.0311904,2.5121703,0.26242316,1.375679,0.34229678,0.2936381,-0.93249863,-1.9063027,1.9081261,0.12150755,1.0318396,0.64449024,-3.3873045,1.7023679,5.28979,0.757012,-3.298453
-0.48894793,-0.3543223,0.15483172,0.035321154,-0.94191766,-4.3101926,0.8867212,-1.1757967,0.59734297,0.43438053,2.6946673,-0.6109606,1.4626253,2.208061,-1.6092569,2.0546105,0.53765464,0.72295547,-2.0719483,1.1188662,2.3982823,4.2397466,-3.557991,-3.82132,1.3407551
1.1074245,1.6657338,0.0051501393,-0.21224731,-2.5785317,-2.3209505,0.18181412,-3.221169,-1.2322443,1.3604606,2.061435,-2.094616,1.3147554,1.8809915,-0.35889795,1.7599632,2.2703342,-0.44140655,-2.155211,1.5950929,1.9726721,-1.1953542,-3.1588478,5.545229,-3.3441133
2.154363,-0.46179262,0.81527245,0.64019877,-1.2437309,-2.847297,0.08762249,-1.2522207,-0.04920113,-0.2761196,2.7444255,-0.028351068,1.8553346,-3.0500357,-3.1182323,-0.4297561,0.115211725,2.0705276,-2.238524,0.25118276,0.94683313,-0.42610896,-2.1642978,-0.18620798,-1.7501699
-0.46148336,0.2203516,-0.44547147,0.95614815,-3.1627064,-4.543695,0.80064684,-2.0605896,1.0212958,0.09522331,1.5769224,-0.1383867,1.1724986,0.17810512,0.10799615,3.2246704,1.9828062,3.7795606,-1.5246456,-0.21937263,0.76554966,0.99375886,-1.9866475,4.723721,-0.8370908
1.5093393,1.7762301,-0.8160099,0.12740086,-1.7743576,-1.2083933,1.3708712,1.2417545,-0.12134251,0.7569592,1.1522417,0.58369255,2.310124,0.46464026,0.5916343,0.52077436,-0.45039538,0.53614193,-0.35232252,-1.0182513,-0.8636538,-0.6597116,-0.10505524,0.065577745,0.037177086
1.4579238,0.29375494,-0.4591276,-0.53169906,-0.25368667,-0.37326956,-0.021961838,2.8221755,-0.3927908,-2.4198675,0.6095897,0.7341133,1.2635264,0.5757477,0.70818263,-0.63789,-0.005872816,1.1513361,-0.8902134,0.55234885,-2.4169993,1.5792123,-0.97851914,0.50926805,1.7315505
-0.32319486,-0.46708053,-2.3381383,0.77708983,0.88725406,-0.64767957,-0.50097,-0.16899079,-0.13495855,-0.5204836,-1.4161549,0.3881199,1.2331997,1.3319567,0.3261546,-1.2082211,0.18000299,1.5381824,-1.7330008,0.018681685,0.22182262,-0.4676767,-1.5078562,0.45020154,-1.4788697
0.43902618,1.540117,0.012632221,0.16840336,-2.6144958,-4.20341,-1.0424526,-0.40212753,0.30278185,-0.44697994,0.1763607,1.4624335,-0.07183735,0.7894336,2.069036,-0.14130321,-2.4922028,-0.11153829,-1.2801336,-0.71975493,-1.3766127,2.074837,3.5321333,5.5913806,-1.749474
0.25359607,-0.71747935,0.6238496,-0.4517426,2.4412334,-3.0788856,0.38382095,2.062128,-2.4380493,0.07235712,0.10659683,3.0013852,-0.82753026,2.7202811,0.97633326,-1.9460905,-1.2138524,0.82675546,-2.1860585,-0.6427451,-2.4201794,0.9866702,2.6526523,-0.05971384,-1.4776404
1.4457821,0.96917206,1.2014039,0.71871567,2.832882,-2.994771,-0.06981808,0.70542556,0.05047921,0.6261912,1.6442957,1.5268483,-1.2651659,1.0332665,0.7645293,-2.6362903,0.12494703,-0.8364508,-5.7910666,-1.2235321,-2.3157806,-0.42292753,0.29513723,-0.7064761,-1.2644942
-1.0910007,-1.3476807,-1.5127939,0.7265035,-2.0550947,-5.7688828,1.0240216,1.6132481,-2.0403438,1.2395189,-2.018302,-0.31308302,0.3785839,-0.61532813,-1.1918211,-1.522888,0.9474112,1.1306098,-2.0192456,0.9310429,-1.6677192,-1.7032462,0.080830336,-2.2472982,-0.7825337
-0.060757875,-0.555244,0.8219462,0.80843616,-2.3319225,-8.637913,-0.0052966475,-1.7878807,0.49500698,0.80613416,-1.3567786,-0.9042259,-0.5458634,-2.0966434,0.7807373,-0.82000196,-1.008695,0.43664744,-0.54450977,1.4264624,-1.324579,-1.7461218,-3.487896,-1.5163072,-0.14894009
-1.6175902,0.35598066,0.2826584,0.66150266,-0.06398054,0.440383,0.4338108,1.2016169,1.8263662,-0.018730432,-0.95484,-0.12187028,0.6535954,-0.28484583,1.7597694,-1.6092899,0.77186203,-0.14379609,1.8239439,-0.35417488,1.5301263,-0.7393285,3.1396396,1.8592341,0.6678937
0.7366715,1.0450528,1.5708508,-0.025290333,1.8932772,0.5752454,-0.22874242,0.7053143,0.33867174,-0.4883333,0.017678916,3.5511398,0.92665255,-1.7681003,-0.36909974,0.080678344,-1.804767,1.3045647,0.6010417,-0.14982817,2.2634082,-0.46290904,0.077504754,-0.24655125,-0.16274658
2.191109,1.2176716,-0.5513613,0.21798748,-0.39852473,1.8179975,2.060979,-0.7899673,0.4352059,1.3187239,1.5014482,1.9775496,0.31709152,-0.2677039,0.7630318,0.92850924,1.4403589,1.8419354,-0.2192075,0.09670239,0.34403008,-1.0314779,-2.3150475,0.7499136,-1.2596265
-0.83424544,-0.26289698,2.0103474,0.6987323,-1.0625678,-0.3381564,0.36463755,-1.0925107,-0.15258114,-0.9321574,-0.68095964,1.2318509,0.4362641,-1.4058548,-1.3247044,1.2212995,0.55557585,-1.220521,1.4653331,-0.17489961,-0.6481674,0.18871473,-1.2533926,0.3317827,0.092533946
0.7552796,-1.053475,-1.5951014,-0.13901424,-0.5119411,-0.08935481,0.056283817,-2.912066,-1.6429942,1.2157755,1.6429373,0.49142104,0.947134,0.8112693,0.8813071,-1.3060081,-0.22600932,-0.399235,1.6904045,-0.5030645,-0.38996753,-1.9307327,-1.8226986,-1.0999638,-0.98336583
-1.4286472,-0.7713297,0.787627,-0.47207743,-0.99779195,-0.5839826,-1.3878943,1.0159744,-1.9409857,-2.3128645,-1.9333133,0.7003685,-0.8998857,-4.9128346,2.0315742,-1.5416825,-0.890841,2.6019614,0.2514596,0.045130745,-2.5811112,-1.5831211,4.9324245,3.9994454,-2.0081234
-0.37799627,0.55627275,-0.74702084,0.75971895,3.1651714,-4.9113197,1.6815102,1.2207305,0.45284265,0.3939673,-0.56113017,1.9406011,0.23248282,1.1520194,-1.1866622,-0.26098746,0.35434163,1.5033615,2.5177784,-0.099047415,-0.7647244,1.8449163,4.1047106,-0.049498647,2.3802006
1.9154868,-0.46075496,1.6527722,-0.10087665,-1.0202569,-1.6725162,0.77774614,0.15832841,-0.046661787,-0.29621616,-0.03143239,0.7840347,-0.20641136,0.16988245,-0.23434171,-0.53309375,1.4617083,-2.7907681,0.19967592,0.50428647,-2.5151854,1.7237378,-1.7519541,-1.0779095,-0.45037705
-0.22295669,-1.0170286,-1.279765,0.24988756,0.17341894,0.29897887,-0.66631436,-0.6539712,-1.5721924,-2.7091103,3.686682,0.46037024,-0.41116557,-0.6689222,0.18879664,-2.3723168,-2.4442523,5.004977,2.2458608,0.65717924,-1.201111,-0.9448877,-0.9686066,1.0475702,0.8345125
0.61520976,-0.7286418,-0.6063293,0.18213075,-1.0514511,1.2084186,1.4495555,0.45420116,0.2990902,-0.5998405,-1.3635647,0.58086365,1.4641359,1.0048227,1.2473319,-1.177649,2.6662552,0.6663445,2.3723245,1.2671304,1.810018,0.241893,0.68335766,0.72607946,2.9042864
-1.0754131,0.20539498,-1.9765056,0.07743132,0.18157458,1.6371716,0.9791758,-0.55258477,-0.27135625,1.6474692,3.0962882,0.26465094,-0.40111393,-0.7097125,1.5047623,2.39802,-1.0382272,0.83674896,2.9300308,1.3177859,2.8963947,1.2117729,1.1877761,5.778822,-0.259816
2.0946715,0.6675993,2.827677,-0.5632526,0.2572558,2.276803,1.5517447,0.011034191,0.36256728,-0.3300479,-0.22938922,1.5698593,1.0333414,-2.4201176,-0.27714613,1.9779612,3.1734083,-0.5389955,3.03979,0.05834904,1.6559994,-1.7853225,0.96889746,-0.534254,0.7506426
0.5066934,0.9808525,-0.020788312,-0.023769848,-0.80971676,3.7595038,0.33298296,-1.2394158,-0.53582615,-2.0817516,0.83538425,2.336313,-0.070623666,-2.4756048,0.89845604,4.811676,1.5384147,3.5349345,1.6073191,3.7678418,1.1755229,0.7982424,1.5068276,-1.7239817,-0.25972176
2.4609041,0.2682248,-1.0785346,-0.09994299,0.42269805,0.9997975,2.6753502,0.9907763,0.38057604,0.68803275,-0.9468179,1.09961,0.81140304,-0.5578608,-0.57189465,0.8379336,-1.8752451,0.36195078,1.5887353,-1.5422138,0.9224968,1.8184083,0.9941711,0.15479119,0.020305216
0.75962913,0.72915703,-0.30569088,0.33945355,-1.0451659,-0.5643678,0.3566349,-2.3370352,1.1518879,0.17256796,0.70603263,3.2328658,1.0882853,1.523052,0.539829,1.6523981,1.1888671,-1.3717117,1.3636118,-0.1452305,-0.036224246,-1.1715267,-2.1475022,-1.2239405,0.66453713
-0.27453953,-0.72775555,1.031197,0.45943376,-0.86515725,-1.5948296,-0.005101204,1.2648813,0.16109109,0.20104817,1.0876871,-0.46699232,0.75460345,0.05781436,-0.97861254,-1.4379616,-2.7065005,1.3293719,1.1747229,0.63724416,-1.8112833,-1.5969876,-0.9719219,0.5767712,1.0231085
3.494222,-1.4061589,-1.3579845,0.002054926,-1.9115224,0.6378692,1.6008425,-0.96632785,1.2049112,0.62853444,-2.7327762,0.7029042,1.1768882,0.6940959,-1.3300141,-0.059863597,1.1209443,1.4888613,0.16635649,-0.52135146,-1.0647707,1.7181408,-4.010469,-0.6778513,4.561733
-1.1414587,-0.9943721,0.8511824,-0.81020874,-0.5228447,-0.1650297,1.8174202,-1.7683243,0.5085333,-1.5104055,-2.1568391,1.6668665,-2.9651055,2.4921513,-0.9910799,1.0722783,0.1368852,5.4421115,-0.9065301,0.0004622694,-0.5204661,0.28843325,0.63047785,4.362034,-1.0575991
-0.8586371,-0.68434376,-2.8902717,-0.42720416,0.07839998,-1.345,0.52696204,1.7015451,-0.34445947,0.83359367,-0.6557258,1.5813792,-0.15519756,-0.7226608,0.28935987,-4.7959414,1.6734647,-0.15143102,-0.6690284,-0.70556873,-0.11605412,3.402519,1.2111329,-3.8090227,-0.8654573
0.68625927,0.10987654,1.3249714,-0.45266163,0.9417866,-2.775026,2.616125,0.14279228,0.495099,-0.14602903,0.16258053,0.38072675,0.7314086,2.1188626,-0.6971553,-2.075866,0.68080163,0.8994449,-0.92606187,-0.24206251,-1.3131459,1.928582,1.320431,-1.260285,-1.0957272
0.1931907,-0.24766147,-0.36716062,0.7125101,0.71140885,-5.0860534,0.666368,-0.037978254,0.26854995,-0.47078004,1.9691486,-0.19354498,1.2447814,1.4572524,1.447629,4.1042886,0.34487432,2.4896102,-2.0284925,1.0332694,0.15402019,-0.25521627,-1.4435642,-0.7722844,0.8687757
-0.03031011,0.77683175,0.42698368,1.5519643,-1.201901,-2.5696876,1.9659686,0.60554445,1.176876,-1.0485537,0.44594485,1.2301303,0.026094243,0.30183566,1.4113015,1.5702641,-0.9917098,0.10281198,1.8980391,0.33874148,-0.058066607,-1.7998587,3.2856581,4.1609116,-0.40832195
0.8820151,-0.7998133,-1.6159883,0.086284146,0.8422998,-1.7227439,1.6060381,2.0831292,-0.27244443,-0.20652734,0.4615564,0.1717909,1.4165273,-1.8273258,0.39749217,-0.11946386,1.6094488,-0.6705078,1.314835,0.9014473,-0.76877034,-0.30571744,0.6505865,0.34325638,-0.05410087
-0.49718338,-0.50280046,-0.20415097,0.088577114,0.2946678,-2.8974998,-2.0513632,-2.5380175,-0.35068747,1.0986083,-0.32735872,0.116353035,0.29282734,1.3424687,0.11652663,0.5872111,-0.09024763,-0.8651884,2.6455493,-0.56558007,-0.72112155,0.27229306,1.8943043,5.0770245,2.1659813
-3.0372396,-2.0460837,2.4258533,-0.0908773,-0.7682072,-1.1730715,-1.3695574,1.4020033,-2.1262715,-3.7249556,-4.7510567,-0.39560294,-2.4916606,0.4409935,5.6882343,-2.752203,-0.15306807,0.82249296,-0.82930744,0.12163274,0.20852733,-1.1843029,0.7112627,0.66177976,1.883093
0.15843432,0.02473547,-1.2784374,0.22867796,2.8513727,0.10705054,2.9372602,3.575945,-0.61718655,-0.09844181,0.7509044,2.338726,0.516791,-0.31611812,0.85389346,0.82718205,2.4625754,1.2378521,1.1641905,-0.28413212,0.40524495,-1.644587,3.7779498,-2.4655368,0.22640961
-1.3736678,0.7737497,1.4991697,0.12968688,-0.8572869,2.9330604,0.8187817,1.2649117,0.10708216,0.98876816,1.9639683,1.5108727,-0.20582895,-2.0431836,2.367667,-0.6840972,-1.0319822,-1.2710044,0.38105875,0.8014089,-0.9096652,1.3049042,1.3710346,0.2801318,-0.9512254
-0.20108272,-0.15250692,0.46559057,-0.13692865,1.5855963,0.42657042,-0.625751,2.4327483,-0.089643076,1.4661647,-1.269356,1.8627661,-0.6571172,-0.5898299,-0.64471096,0.6690458,0.9023973,-3.0266726,-0.8754106,0.9310429,-0.8511486,0.18095775,0.8434347,-1.4578991,0.6264821
-3.0857167,-0.5584318,1.84925,0.44212303,0.5249417,-4.8316927,1.9805889,-0.3340797,0.6726915,1.0674313,2.1577327,0.35982198,1.0081848,-0.70753974,1.3033624,0.049163815,0.542445,-0.7455007,-1.1144755,-1.1608659,-1.8837955,0.4098709,-1.0888113,-0.90515804,-1.0278144
-0.42450488,-1.3458488,1.7303116,-2.186231,0.8868848,-0.3601492,0.25207093,-0.68300766,0.65728956,-0.5779958,-0.6587257,-0.99632925,0.12821989,-0.13295531,1.3663335,-2.3867202,0.12387504,0.4186374,2.9102798,0.48732406,1.388788,-0.7627856,2.73179,5.4927573,0.5419744
-0.28297633,0.8782269,0.5100913,-0.122516446,1.2003111,0.11452663,1.7416329,0.36427394,0.3054406,0.58270764,-0.5986142,0.63399243,-0.41218656,-0.09929544,0.33928382,0.22778666,2.9022913,2.6687953,3.002136,2.6273503,-0.86174923,-1.5830772,1.6558847,-0.9231648,-0.13640098
3.2089174,-0.32540193,0.07508856,-0.22929439,0.6207743,-2.5282736,1.2227881,-0.422751,1.1577702,-0.22970721,0.58876675,1.2928395,-0.16097707,-0.4166373,-0.30919936,-2.528968,-1.345359,-0.337371,1.2103422,-0.24206251,-1.6436894,1.709283,-0.84695566,-0.08186704,1.9309725
-3.2687495,-1.883858,-1.2835219,0.09112802,-0.47987744,-2.3733823,-0.63658315,0.69619757,-1.1939815,-1.4140335,-4.146821,2.2071507,-0.5362842,0.77822506,0.35992527,-4.1389527,-1.1027408,3.1192217,-0.88834924,-1.152295,-0.84816235,-2.0188384,-1.207569,0.15093257,-1.1433285
0.9174177,-0.30543622,-0.12159826,0.31328967,1.3615606,-0.83749163,2.5985956,0.7131016,0.21978982,2.2738237,0.227698,2.3100166,-1.4267968,-2.401441,0.09122716,-0.43809637,3.2500992,1.0418886,0.5615732,-0.5292392,2.323976,-0.8496463,3.8815184,2.3588433,-1.6609747
-1.1823627,-0.53367734,2.8316512,-0.7328519,2.9561963,0.5321218,0.58244085,3.3709161,-0.7559384,1.0731177,2.0173726,1.634327,2.5776782,-1.7096442,-0.3321295,4.607343,2.113946,0.0909031,-1.0234778,-1.3575094,0.25648403,-0.91443855,0.18124822,0.114506125,-0.7138724
-0.3984179,0.44247854,3.2984006,0.91092056,-0.8203925,0.17314672,1.011444,-0.30083823,-1.8595909,-0.33299348,-0.7617388,0.11717653,-0.30890375,-0.7380911,-1.6019083,-0.46564037,-0.17469046,0.62515634,0.6246494,0.43949434,-1.4104061,0.79023075,-1.4740194,5.966432,-1.0985855
-2.871046,0.96687573,0.97833574,-0.50071436,-1.0692564,-1.9313183,-0.61045176,-0.4093042,-1.7555649,-0.25971437,-0.81873727,-1.2213242,1.2985334,0.63575226,-0.00066654384,-0.43601966,0.05832386,-0.29870826,-0.22894672,0.4089351,1.3616894,-3.1903028,-1.1382884,2.328536,-1.4144275
0.5610802,0.7734482,2.3215048,0.4596344,-0.19733703,1.7605286,2.33463,-1.383949,1.8429544,1.420512,1.6769994,0.5624663,-2.2480426,-4.8348765,1.4080942,0.6132872,-2.7182484,0.4140235,1.6307023,0.04314038,1.7570173,-1.6162214,1.0893415,2.2764988,-0.14551479
0.22797126,1.4153516,0.15577891,0.5410063,0.29670054,-0.83642876,1.3473959,1.0682954,1.190262,-1.1395261,-0.40032446,2.7358985,1.0490724,-4.17589,0.974624,2.7541761,1.8768064,-2.3173003,1.5105164,-1.475145,0.9967756,-0.36400008,0.74878436,-2.0064814,1.2012047
1.4568114,1.8386685,-2.1058717,-0.1556223,0.8020431,0.0132627785,0.96967906,-0.31823787,0.13030085,0.7929474,0.556926,-2.4941304,1.7543707,-0.9911885,0.5382324,1.4219059,-2.762624,-2.245643,-0.09619269,1.0472015,0.6440704,1.8364298,-0.6836549,0.16975373,0.5948883
0.2412196,0.08239649,0.29647124,0.2241292,-0.37054634,2.1266727,-0.1459024,-0.84152806,-1.9206774,-0.9636097,-0.3005216,-2.6033247,-0.67843384,1.694905,0.43909597,1.2911096,-1.6382244,1.0116787,0.40991944,0.7225896,-2.0207775,0.62683254,-1.3517705,-2.79762,-0.54987955
-2.7520528,-0.6534889,-1.2898285,0.18381834,0.8658995,3.0933728,0.7367762,0.4338421,-0.19064593,-2.3809967,-0.74148786,-0.9652648,0.5572678,1.4640291,0.63597,-2.3125093,3.2006335,-0.14562708,0.80274284,1.2920337,-1.3863478,0.12786663,-1.667636,-1.2050918,0.24486291
-0.98021543,-0.52788746,-2.3235905,-1.8919877,-1.4245151,1.0240792,0.7817919,-0.6618813,0.92963994,-1.0733141,0.7465167,-1.3942596,-0.37625754,-0.61632764,-0.32640356,-0.02800098,0.28675228,-2.6923954,3.8642812,0.29628772,-0.14832208,-2.156682,0.57034916,2.5994084,-1.831764
-0.2095555,1.8839271,1.736026,0.50455904,-1.9452827,0.47197795,-0.63455427,-0.46243608,0.5803994,1.2545446,4.008426,0.11335024,0.29426304,-1.2451797,1.5292277,-3.3008513,0.8555461,-2.0054536,0.3805799,0.027276302,-0.9329278,1.6618497,3.281935,0.4852875,4.3711014
0.1507307,0.5125523,-1.0416789,-1.3952427,3.3373747,-4.775541,1.8442875,-0.25980508,-0.029489338,-0.110347554,1.6409552,0.8548764,-0.92390054,0.9592718,1.158776,0.76719826,-0.120429754,0.14694798,0.30242085,0.61139035,-1.7872515,0.07753879,1.8040915,-0.40713802,-0.7101714
-2.610509,-2.5872574,-0.4940367,0.7665738,1.3633461,-3.330596,-0.22746402,1.5733865,-1.4867004,-1.7747998,-0.62313116,1.8284925,-0.5011765,1.5411948,0.036300927,-1.8977818,-1.1534157,-1.0846305,0.7323094,-0.9353443,-0.9185091,-2.6754203,1.2734437,0.9968373,-1.0742036
0.34803075,-0.56126857,0.10067856,-0.6147151,0.10521956,-0.20132446,0.48487487,0.09531379,-0.73846817,0.29145724,1.840184,0.072583616,-0.27555647,-0.8804612,-0.30099282,-0.28994384,-0.24001274,-0.36786315,1.5028266,0.69605696,2.1113284,-0.58727026,0.85656965,0.0042666346,1.0913519
2.2478971,-0.53771114,1.1707585,-0.24945706,-0.5925999,3.4771242,1.68417,0.7398758,0.23773596,2.3604546,-0.31434423,1.5512509,-0.08489616,-1.0267744,1.0720892,-1.9080602,-1.3916509,0.0033673048,-0.21346956,1.5941341,1.1016905,-0.21864566,1.8724275,0.5898459,-1.034934
2.3478904,0.5506617,1.2653711,0.33702904,2.3406878,-1.645901,-0.42137933,1.3263419,0.8186382,0.3141729,2.8992224,0.32927644,0.4624223,-2.5065243,1.4835755,0.8436971,1.6261215,0.2330355,0.9569489,-0.10480251,-0.87113583,1.0451392,1.1820227,2.8667812,2.057289
2.0047224,-0.06844191,-1.9662762,0.9448647,1.128924,-0.31020832,-1.1726066,-0.30148214,0.124258526,-0.7178354,-2.5041692,2.3425443,-1.3432357,0.8604323,1.0935953,-1.1008986,1.9445626,1.0766245,1.0684199,0.34306207,0.0015997887,0.8669956,2.9825296,-0.37686792,-0.773486
-0.7497736,3.2849822,-1.8440745,-0.037764907,0.8217459,-0.7894554,0.4321878,2.4538822,0.11059145,0.10339828,1.0853552,-0.13398847,0.54430324,-0.55630904,0.26780054,0.15694404,1.1256607,-0.072187245,1.1763421,0.2658399,1.9369698,0.20376346,0.43374726,0.8362247,1.2043594
-1.2608542,-0.082015,-0.9282649,0.771546,-1.2396715,0.8372028,-0.3804189,-0.80367696,-0.6314295,1.6408193,-0.80348086,-0.5535275,-0.29307288,-1.5799166,0.82861114,-3.3512404,1.954325,-2.4700165,-1.4758909,-0.13821584,2.1972666,-0.2918247,-2.0904956,0.4087031,-0.053439945
0.6795732,1.7707831,3.4362373,1.899034,-2.3665762,-3.0757525,0.4063272,1.0770814,0.95685554,-0.014845133,1.1687667,-0.26370606,-0.38156727,-1.9953432,0.4300416,3.2555313,-1.9575481,3.095079,1.4798236,0.20761293,0.8210105,0.6258826,-0.6463132,0.45580992,-4.384281
2.1591115,0.96006423,-0.56907856,0.72156906,0.78204584,1.908344,2.2144372,-2.1410954,0.20608856,1.064537,0.35862696,1.0842568,0.046281017,-0.5113236,0.21268266,-0.040090866,0.34861755,1.424625,0.24867225,0.2704652,-0.47014922,0.2297391,0.9759989,-0.34084773,2.6505861
-1.7510966,-2.065825,1.5034491,1.899034,-0.22316629,-0.76335084,0.65984356,-0.7656285,-1.6662763,0.50365543,-1.3402016,-1.2672334,-1.3615369,0.49483132,0.9990653,-1.3537719,0.18889712,1.0498751,-1.4809098,-1.3428903,-1.860754,-0.6860631,-0.78397596,-2.3868427,0.9378327
-0.69035876,-0.35644925,0.5835676,-1.1752973,-1.8028011,-4.465847,1.5395784,2.9618342,-1.1511114,1.3048568,3.3526688,3.212201,-1.1987231,0.66474295,-0.67449117,-0.72013247,-0.54701513,-0.39069754,-0.86752677,1.4883704,0.7569338,-1.2958512,2.4052835,-0.27004194,-1.2146099
1.8846092,1.3071349,3.3450725,0.35193256,0.42795205,-1.3336464,-0.85500515,0.5151467,0.5958888,-1.3835241,-0.87701845,1.2313025,0.22416694,-6.2919827,-0.88079536,0.3362503,-0.3623212,-1.6920081,-0.78581405,0.027276302,1.4399627,0.8385441,1.7738235,-0.9379001,1.5452524
0.5442395,0.56500924,-2.735765,0.18742712,-0.016010735,0.5921173,-0.5190722,-1.8312396,0.93534464,0.0044956505,1.9469602,-0.77351916,2.317284,1.1367149,1.5049438,0.9370078,-1.0798504,1.8711272,-2.5669703,-0.3034634,-0.0022770166,0.24200928,-2.2151527,-1.855353,-1.6575838
0.7270486,2.542535,0.717781,1.1233569,0.96434957,1.9616866,3.2445889,3.1789954,1.493844,1.6640553,0.20924667,-0.92011094,0.25793478,1.190001,0.26696482,5.4058313,0.49944213,1.8420043,-0.71499914,-0.097000934,1.5447421,1.1795478,2.8651133,3.0389674,-1.6878266
-0.64205664,-0.14785773,0.9373261,1.3667369,0.6448786,-0.11755741,2.2386925,2.034236,-0.2289046,0.30008563,0.3865007,2.449676,1.0624832,-0.1550796,-3.3564959,0.07672796,0.00277102,-0.6197247,-2.675231,1.4116776,-0.20953941,-1.2622795,-1.1684282,-0.79966056,0.7143139
1.0658911,0.66172594,0.9901874,-0.025290333,-2.7138126,-2.518364,1.4223213,-3.037195,0.71520114,0.88199914,-0.37811807,-1.1656479,-0.18892327,-1.8913516,-0.6491263,-0.12533557,1.0701563,-0.3444971,0.39290053,0.080738604,2.6877484,1.4055145,0.30834216,3.0135186,-0.23377657
0.8937646,2.1011558,-0.17219147,-0.74622816,0.9671283,0.14366835,-1.8910112,-0.1442405,0.7854246,1.3301171,1.0387142,0.71788836,0.64492786,0.6439666,2.631496,3.0915473,0.9144721,0.73018575,1.5694208,-1.1967189,0.5711125,3.3060079,-2.0934014,-0.817748,-2.4360015
-0.07049614,1.1915456,2.6754093,0.24646887,1.5903909,-0.32828504,0.46349669,1.6980671,0.30397525,0.9802429,-2.0066776,1.8520408,0.63094777,1.950923,-0.9641538,1.2528131,0.04223767,0.3769244,2.7018275,0.34531772,-0.71130216,0.35334864,-1.2310817,1.0082331,-1.1427375
0.3510331,-0.55364513,0.450565,-0.51236737,-2.097023,0.14979488,1.5304614,-1.5058177,0.93521065,-0.13379574,0.2942173,-0.5989616,1.8960595,-0.5075948,0.24423155,-0.3646599,-0.025946856,-1.0033717,-1.2685299,0.7196424,-1.1323675,0.5916609,-2.446847,-1.407004,2.8336089
-0.5925193,-2.3207936,-1.4703047,0.3770484,-0.5918579,-0.033280015,-0.54268295,0.057423055,0.18120944,-0.6026877,-0.25536883,-0.31587404,-0.13322046,-0.19681919,0.22863919,-1.119039,2.297316,-0.035712242,-1.6490334,0.21594405,0.72744703,0.13193615,0.0607695,5.9838343,1.1200361
3.4416924,0.118087366,0.8152616,0.052115742,-2.9831817,-4.2914414,0.76436806,0.43910077,0.37829614,0.54737985,-0.569695,0.079741225,0.2855866,-0.49900725,2.2984545,1.2142296,0.13406211,1.4595165,0.98087823,0.528527,1.4511449,-0.42924228,-0.93407285,0.46668404,0.09794402
0.615814,0.452167,-0.47934335,-0.68519336,2.4037268,2.7823157,0.66366386,2.0096807,0.40971944,1.2486236,1.3404529,-1.4397037,0.18832833,-2.650741,-0.59723526,0.39236018,1.752095,2.2202687,2.830647,0.19151843,-0.31102133,-0.10175124,3.4003623,-0.13783541,-0.31236696
1.300639,-0.35759097,1.5896813,-0.23511204,-0.008638591,0.2502948,-0.22705793,-0.6425747,0.70424056,-0.9112854,-1.5930179,2.0353518,0.32959977,0.7103746,1.1719263,1.4486108,-0.459862,0.82516295,1.0537796,-0.67612505,0.20045823,-0.5195365,1.054065,-1.6800444,0.8974971
-1.9354379,-0.03719583,-0.79138523,0.42174616,1.0793309,0.65963656,1.520181,-0.22674668,0.7268811,1.6913882,-0.08412376,0.8516903,0.13355042,0.43597037,0.044260986,-0.63752383,-0.34878716,4.5851936,1.1226561,-0.69497824,-2.733362,1.5464634,1.6673527,-0.69942856,-0.23971266
-3.2740564,-0.4577812,0.3546806,0.6987323,0.37274435,-2.50426,2.7936769,0.36581206,-1.2320164,-0.67282194,-2.7992418,-1.1377443,-0.7197823,3.6914697,0.3911916,0.36702573,2.6110973,-2.0894115,0.5470279,-0.6884308,-1.2979789,-0.8888298,-2.2482457,-0.19506453,1.8534513
-0.604275,0.6041465,-0.0924716,-0.51079965,-1.3808165,1.5186815,-1.1112663,2.7881024,0.89930296,-1.1716292,0.20585024,-0.1131649,0.022213444,-0.22753407,1.0922642,0.22120765,-2.1342406,-0.6633847,1.6627986,1.1033243,-0.061331674,1.6632702,0.99402,-0.113393724,-0.39307782
-0.2366858,-0.36252794,-1.2998964,0.44212303,0.27449828,0.54737633,1.5010294,-0.41835827,-0.23844826,0.14398395,-0.13631171,-0.2634987,-0.21426645,-1.173006,-0.66303146,1.7405884,0.89894205,0.016489029,2.1035867,-0.2030732,2.663001,-1.4206625,1.1661174,-1.0911679,2.0951943
1.4429448,0.7649248,0.8461347,0.7142815,-0.9947204,1.0828375,0.6270789,-1.6680796,3.1448088,2.4767396,0.15449774,2.0364969,2.3293736,-3.806443,0.12147346,3.1351347,1.4408612,-0.3031303,-1.9835105,-0.23476976,2.8814714,2.6143591,-0.43679106,-0.16134372,-0.32991636
1.302284,-0.8315314,0.9837876,-0.66896665,-2.004025,-2.016385,0.3569309,-1.5125219,0.76159066,1.5898703,0.1863225,-0.8247623,2.2424426,0.5708432,0.087798394,0.1296039,1.7616498,1.58735,-0.4586479,-1.0808252,1.4475148,-0.31403288,-1.2942502,1.8051202,-1.5510925
-0.16330469,0.83706844,1.9626455,0.029816508,-0.37540087,0.014856517,2.0150146,0.17379975,-1.6428639,0.22896685,4.2632017,-1.0275501,0.19333538,-1.8837276,0.07995851,1.7400827,-0.25119042,3.8367972,-0.46358994,-0.71025807,1.4116588,0.43685165,-1.0303936,4.8312726,-0.20735209
0.27180436,-0.9962183,1.3869157,0.27272844,-0.17053294,2.2652562,-0.017789006,-0.16144729,-0.07509063,0.40324104,-0.48993313,-0.58018553,-0.43094963,-0.014617562,0.68282187,0.118031174,-1.0632291,-0.33498338,2.0670145,1.181569,1.8906986,1.3049238,2.0594072,0.19835714,1.7461728
1.2280804,0.06261042,1.5258529,-0.71064335,-0.23648185,-1.9690619,-1.2377137,0.29792187,-1.0195227,0.5501907,0.09193962,-0.29829437,2.2736552,-0.08441868,-0.42817187,0.1997336,-0.17186269,0.97914565,0.802925,-0.6837827,-0.14083087,2.1073565,0.7911562,0.23176216,0.30788973
-0.5602046,-0.40414932,-1.5265565,0.48772773,0.37727165,-0.6772487,0.70643556,2.1581106,0.44904912,0.10092957,2.720378,2.2647984,0.79249704,2.3101726,-2.517599,-1.0418282,0.9144869,7.8386207,-2.1144857,-0.3218354,1.8979665,0.18594564,2.783204,1.5837622,-0.123615235
1.0317439,2.6360288,0.5059158,-0.115421556,-2.3437877,-5.128209,0.9216419,-2.1136174,-0.51896954,1.1457828,-1.0595843,0.788965,-0.6166753,-1.1614351,1.9906403,-0.4818986,1.6508259,0.3724773,-1.3991314,0.9792953,-0.19141391,4.7417865,-5.202912,-1.8507907,-2.200151
-0.5613935,1.1433085,-0.62673414,-1.0368407,0.017885476,-1.099554,0.4359138,1.550508,-0.4181801,0.8658387,1.7926741,0.6546315,-0.43056452,1.7292037,-0.2098797,0.9733235,-1.311661,0.105187476,-0.80646604,-0.040362783,-3.481801,-0.18526039,-2.2705007,1.0956067,0.6163677
0.39796022,0.16345161,1.1198802,0.37135014,0.012257814,0.6842637,0.6998464,-1.2456543,-1.5796323,-0.7199802,2.5478632,0.85162544,0.53796273,-2.748593,-1.4040945,0.9365436,-0.18614194,-0.49131104,-1.932936,0.3517558,8.030922,2.7619236,1.7486906,-1.3024579,-0.7762231
4.1707954,0.6285789,-0.6572958,-0.00083482265,-0.8499674,-0.31607264,-0.45105022,-3.6647797,2.0374265,1.2008259,0.9478554,-0.75728685,0.8174082,0.44937533,-0.2488774,2.053329,1.793434,1.0939168,-3.4353337,0.1650374,2.160524,-0.7478018,-2.6535144,-1.7196999,-1.7202497
1.1105878,0.81313145,0.17850673,1.0192999,-1.9475889,-4.4364834,1.6539876,-0.5007224,-0.59059125,2.3111806,-4.8920155,2.1124747,0.56505275,-0.45608294,0.011426836,0.17309785,2.6286,0.9084713,-1.1800972,-0.15345168,0.52237076,0.6649413,-3.9132853,2.177465,-2.587497
-0.291937,-1.4925591,2.4789333,0.83637744,-1.0362732,-1.2534238,-1.0165969,-0.46024644,0.53667027,-0.062115088,-1.2418865,1.3848091,-0.9651116,-1.2786674,-1.9128191,-0.038454518,0.39999723,2.6884348,-0.5299676,0.30275187,-1.1578894,-1.1954762,-1.4283984,2.5308037,-0.054794937
-1.9539332,-0.97225,1.642559,-0.69285476,-1.0659459,-0.1811842,-0.7808368,-0.8335004,-0.70384574,-3.740728,0.7307153,-1.5713534,-2.5188441,-1.084062,-0.57151556,1.9576797,-0.46124694,2.450554,0.7107576,-0.097000934,-0.4035884,-0.024377108,-1.0675817,0.9539787,3.7314892
0.6222978,-0.8715446,-0.78695416,-0.64667875,0.16142482,-0.12073621,0.7273308,0.8801296,0.504977,-1.1136435,-0.19421035,0.7475887,-0.24588516,-0.8358338,0.7234874,0.99328023,-0.39454448,-1.0287672,0.6570093,-0.37481913,4.9052763,-1.7279129,-0.5730902,-1.0201149,-1.1393983
2.9013038,3.2183576,-2.4402268,1.3017765,0.768312,5.0854917,-0.13102457,1.1423906,1.7211219,1.7352686,1.17138,-0.78246534,0.17443901,-4.124237,0.5635505,-0.97559464,0.27048168,-0.92813224,1.637671,-0.083671965,0.39057946,-0.9787004,1.4555564,-0.64420474,-1.3758955
-1.1905005,-1.1713967,1.6630065,0.14062521,1.6195332,-0.0009895563,-0.29559568,1.062719,-0.7229993,0.8739693,0.99182624,2.1369886,-0.026143309,-1.6894209,0.81171495,1.2042501,0.64510775,-0.9306248,-0.19147632,-0.67203856,2.6595292,0.4592487,0.06552853,1.2274785,-0.068400934
2.2465365,0.62103117,3.8844125,0.11145097,1.0899389,0.29665953,-0.32761675,1.9726496,-0.46809542,0.67957526,1.8701028,1.4265249,1.4421934,-1.7842185,1.719841,3.050463,2.816163,1.9256318,1.8677907,-0.12808982,1.9090182,2.5650578,0.856935,1.1236916,0.9109041
0.56626034,-0.59897864,-0.60627115,0.20360014,-0.13448724,2.0244966,2.7939591,-1.4533422,0.018150061,0.2013691,3.504828,1.0404767,0.7094187,4.5877943,0.78043514,0.30109566,-0.95745975,1.5238653,0.93089366,0.32258984,0.37342182,-0.24153505,0.45639852,2.1102178,0.16526717
1.7866627,-0.72349626,-0.9923625,-0.32581988,0.35279217,0.8386469,1.3919866,2.207787,1.4145479,1.7465217,3.4542313,0.07936478,0.7192768,0.5692063,-0.23606274,7.0138702,2.1167474,-0.1554959,1.742637,-1.4269185,1.1428672,1.2085686,1.1945076,2.7663395,-0.67042387
0.26498646,0.317501,0.491683,1.5954003,-2.0511317,1.4824532,1.6973622,1.4782112,1.0310867,0.7557297,0.18641287,0.966763,1.0819215,-1.7679569,-0.79529047,1.3857238,1.5162724,0.7575765,-1.4991543,-0.46657008,0.8822519,-1.1753955,-1.643593,1.7520987,1.7581047
2.00667,1.1342428,0.23193176,0.25432745,-2.7947793,-2.298641,0.1905486,-1.2865906,-0.36255026,-0.42356265,-1.3072735,1.547297,-0.20022438,-0.3856718,0.42753232,-2.616804,-3.1802459,-0.62652504,-0.5999715,-0.040362783,-0.63418543,-0.02570486,0.94767195,-1.0206022,-0.4501741
-0.22780454,1.1910899,0.4030311,0.63913196,0.6080377,-1.5969498,0.6334134,0.43797085,0.39961836,-0.8701743,-0.4875811,2.0638018,0.12769428,-0.81960607,4.9401526,0.22902906,1.5255756,2.3256316,0.07205832,0.6034333,-0.040959656,-0.59444225,1.6584488,-1.8484588,-1.3549993
-0.0559858,-0.92664266,-1.0589144,-0.50550765,0.54010475,1.9307084,-0.6656479,1.3650284,0.0753496,-0.45238936,-0.5530248,1.337206,-0.08578437,1.3874649,0.09714702,-1.2754375,-2.3520577,-1.4531095,1.0483067,0.5003869,-0.83649975,1.6781348,4.194464,0.42796794,2.0142996
0.35433826,-0.53792316,-0.08174298,0.18854061,0.17020804,-1.4654025,-1.0796397,1.0155325,0.8341157,-0.86314696,-0.7430993,0.75304437,-1.469833,1.9533062,1.3358849,1.9137851,-0.9511283,1.3883722,1.4907044,0.80891824,0.27737996,3.386331,-1.0087837,-0.05302635,-0.72317684
0.27462706,0.84842765,-2.5262992,0.57754564,0.5369813,-0.08868158,0.3137198,3.1065185,0.15036324,3.5462847,0.80735755,-0.035365075,0.80585134,2.0238657,0.23131838,-1.6843871,1.059236,-0.0039084554,3.1345193,0.20722744,2.9222813,1.5429573,1.215136,-2.5390897,0.13182548
1.7918129,1.5755832,2.0011497,0.001377292,-1.6700177,0.5751568,0.61787796,0.7129037,0.308613,2.1072748,1.6721721,0.51638496,-0.05609685,0.873032,0.8968091,-0.012226462,-1.1843029,0.67408586,-0.042506747,0.012955274,1.0889672,3.2815804,-0.6590608,0.36291724,0.62066764
0.16984616,-0.33568394,0.25314474,-0.13649741,0.06771445,1.3635092,0.9657877,1.5482392,0.031693414,-0.00656943,0.10776631,-0.72007596,-0.26226908,2.9166303,-0.7045296,-0.13571262,0.84329426,-0.44928682,-0.08453626,-0.040362783,-1.4448731,-0.53933346,0.26739946,0.036662012,-1.6031806
1.8291681,0.7496973,0.17379016,-0.5429177,-0.27357176,-4.5060606,-1.654077,-1.643715,-0.26314607,2.2599783,-1.6056705,-1.0028713,1.0343097,0.28255507,0.45174664,-0.05348906,0.54160225,-1.0739508,0.44942325,0.31747222,-1.4706296,-1.2379692,-1.9828385,1.6528461,-0.16859004
-2.5081158,-0.6837909,0.44004703,-0.8209676,0.1919154,0.029380858,0.13099861,-0.61355054,-0.32160482,0.5978581,0.29893237,0.11119664,1.2486752,-1.22927,0.6990447,-0.84353614,-2.1103806,4.684724,-0.08023116,-0.8754763,0.34881583,-2.1158721,0.9808633,0.06311613,1.155493
-0.5313177,0.9493403,0.11660502,0.14900917,1.0114136,-0.51735103,1.4910579,-1.2586143,-0.12256284,1.4127842,0.097955905,1.4105637,0.60935485,-4.00592,0.6773692,0.9807081,1.5495968,-1.6745069,-2.0317998,-0.4240666,2.6258605,0.6066016,0.87552,4.5125175,-1.7615726
0.3873548,0.1708611,-0.5611672,0.49620894,-2.4970114,-5.0291524,-0.23341411,0.035045743,0.70176256,-0.43282682,-0.6801205,2.35299,1.7085663,-0.24315205,-1.2587322,2.1208575,-1.6680676,0.33206728,-1.7471282,0.2544537,-0.82623845,1.82923,-0.68569106,0.6022025,-0.44355667
0.37432775,-0.42455804,0.71865445,0.17345828,0.33541808,2.474212,2.1487029,-1.0598392,0.14815861,0.53983116,0.93168044,1.2121352,-0.38788295,1.8906384,1.8303456,-0.62799394,-1.0290895,1.8129144,-0.76150835,0.14527786,-2.1153543,2.4760294,-0.5339136,2.926952,1.1767787
2.5489316,-0.2899915,0.59586656,0.28609815,1.8945409,-2.271369,1.3481427,2.8289757,0.6152934,-1.0598215,-1.8202305,-0.3195919,-0.87801856,2.202091,0.7828223,-1.4278054,2.509645,1.5200754,1.809314,0.5287508,-1.8519566,-1.7410755,3.9028196,0.8969208,-1.111491
-1.9129429,-0.7514378,-5.0946827,-0.04960414,0.960304,-2.0681806,0.3319891,1.1880131,0.6707223,-0.76651895,-0.9312494,0.41753396,-0.8774761,0.5665187,0.4885002,1.0862662,0.042900503,1.394509,-0.9387173,-0.029847305,1.4623371,2.0566344,-0.06704974,-3.2438116,-0.40665644
1.1144179,0.4658827,-0.008280575,0.18722597,0.7910845,-0.78089327,1.4964801,1.46143,-0.029223025,1.2570381,0.37139258,-3.3028908,0.8050539,1.3790299,0.664841,1.0484524,-0.5221267,-1.5195765,0.61067796,1.8142539,3.8903527,0.78077316,1.6296879,-0.11366729,-1.8442297
1.9588826,1.7026314,0.41786712,0.83637744,0.8031981,0.61632717,-1.3903682,-0.27449146,1.84826,0.6052706,0.38786924,-0.824757,-0.84260666,-0.8945733,-2.3896708,1.4848131,1.3188889,0.47560704,0.62220037,1.1520008,0.7919476,1.010309,-0.18088293,0.34902442,-2.4012642
0.06350711,2.5288796,0.6140775,0.048451547,-1.549251,-0.61428416,-0.98495793,-2.4322047,-0.32368666,0.6423028,-0.50655526,0.93006325,-0.72563595,0.33959052,-1.9143401,-0.817515,1.9452918,-0.83274615,-2.439611,-2.5739036,5.8114557,1.3991013,-4.126975,-0.9205793,-0.8237587
1.5975902,2.5189424,0.059395254,0.32895482,-2.6777172,-0.063946605,-0.8984573,-0.48275292,0.8159993,3.7925434,0.89361316,0.13808548,1.0525569,-0.3551051,1.3258361,1.719898,0.42762423,-0.9223548,-0.8065387,0.7358057,7.579381,0.23390412,-2.2625377,-1.5045164,-3.8218665
4.8768888,-0.014155865,1.1881771,0.73328656,-0.31947923,2.6699338,-0.24441236,1.4227283,0.86685467,1.7574158,0.1746639,0.33145943,0.44149747,-2.012598,-0.3967684,2.0569277,0.99322987,1.0260111,1.7272625,-1.1967189,0.5312592,2.9671595,-2.362553,0.31563094,0.12648022
0.289768,0.51918733,0.33072394,-0.27265522,-0.683879,-1.6979122,-1.9651763,0.18629563,-0.6604571,0.07385528,2.950433,0.121160254,0.80686355,1.7824886,-0.07827473,-0.027311414,0.2917629,0.6604309,0.20330614,-0.014541153,1.8157543,0.34301823,-0.6221141,0.820514,3.0453873
0.8238864,-0.88934976,0.696534,-0.25292844,0.122410685,1.5276983,1.9549,0.5412935,0.46487385,1.1286961,-0.2139607,1.1352997,0.8427448,-1.8113713,0.64925355,0.49913514,2.0934343,0.8110337,-0.3064502,-0.6771596,1.8081243,-1.778152,-1.5467157,3.1377578,-0.23215023
0.75415385,1.3275905,0.89736336,0.48161554,-1.5205635,0.7553317,2.7183294,-0.557251,-2.2133038,2.2970767,0.7325425,-0.88439417,0.42311722,-1.2228342,0.23834379,-0.24829125,2.0459828,-1.2721468,2.0118167,-2.6681204,1.8637748,3.1978002,-0.52636695,-0.199087,1.621175
3.4281785,0.45340058,0.54505646,0.2972557,-0.8283335,1.7317472,0.11347616,-3.2966886,0.9692861,0.59800404,0.92886496,2.2873003,1.4504526,2.57978,0.833637,0.7808094,-2.7875516,1.8368449,0.55351686,0.23503545,0.5466573,2.552992,-0.88426125,-1.3404996,1.6809189
-0.90200853,0.11223507,-0.31192386,0.34348848,0.116872974,0.28654504,1.089352,0.71263045,-0.9675119,0.5263823,-4.790092,0.03029871,-0.334602,1.6971289,1.760797,0.70377374,3.03435,1.3819323,1.5055778,-1.0182513,-1.3673866,-1.2459898,-2.4167948,2.415825,2.1087255
-0.055192232,2.0159614,1.026349,0.7227615,0.38820457,0.84080267,0.62670064,3.1712484,1.5101132,-0.97286624,-1.9117708,0.75006163,-1.2291982,-1.0944879,-0.655637,-0.607478,-0.89312273,0.46983722,1.1121607,-1.2445984,-2.233464,-2.5338967,4.2101593,2.600122,2.5736744
-1.9026601,-2.4262562,-4.3378263,0.5342275,-0.42785782,-1.0166855,2.0610764,-0.4679721,-3.2866714,-2.1634498,1.7640312,-0.23381054,-0.33628702,1.103106,1.7957759,-2.4516125,1.331333,-1.2162118,-2.915625,0.6162175,-2.3955054,-2.3428638,-1.6872408,-1.3424385,-0.2334244
-4.699157,-3.3717902,-1.983141,0.002047401,-2.2004378,-4.969218,-2.6316717,2.2799516,-1.5227574,-2.7379868,-2.727131,-0.062410474,-1.6227409,-2.2770817,-0.091068655,-4.0546436,0.65042305,0.57107705,2.5824683,0.27146238,-1.0616822,-3.5670524,2.6040595,-0.3476463,0.22439313
-0.27477068,-1.0222249,1.5348175,-0.111060046,-0.9473034,-3.33338,0.38173917,0.76756793,0.1428859,-0.6727499,3.0119576,0.25732872,-0.54121774,-1.6999426,1.472997,0.39835575,1.0533271,0.0058397353,0.9867036,-0.54159456,1.5166839,-0.4842627,-0.044174075,0.09683716,0.47696102
0.008131623,-0.054469645,1.1991941,-0.12779796,-0.93510824,2.9579067,1.1891675,2.2553852,0.30963564,0.6002668,2.913978,0.30773556,-0.9821093,0.10589659,-0.7555931,0.72144014,1.7099236,1.6133249,5.0601006,0.5329699,1.263633,1.5121089,1.2820861,1.9294984,1.9033557
2.6198494,-1.7859757,-0.58598185,-0.8690431,-0.7051265,0.94044864,-0.027650908,0.7196021,0.11921868,-0.13551216,0.63870305,2.615746,0.79257685,0.9407891,-0.8647971,0.4879162,-1.9386806,-1.0742604,-2.9553652,0.05834904,-2.3892074,-2.1993084,-1.2049503,-0.8847683,0.5557455
-3.601992,-1.4943085,-3.701917,0.9879871,-0.27565295,-2.549872,-1.7911777,-0.5093792,-1.5714654,-1.8283304,-5.2249846,0.3137332,-0.8025031,-0.48050857,0.12881707,-4.8787036,0.6523525,1.1082816,-0.32934964,-0.05565097,-1.3468328,-1.5687057,-2.1386664,0.8954417,-1.0637245
-0.011438012,0.253762,0.36697862,-0.023038715,0.2655124,-2.6411815,1.2782799,-1.4351593,-1.2156671,0.31647247,-1.1717644,0.45258138,-0.6708776,-2.168859,0.18737686,0.2779513,-0.16016501,0.28206488,-0.3361234,0.96579105,-0.9739162,-1.1927519,2.5702302,0.31544355,1.3916681
0.5824677,-1.282965,1.1134232,-1.0767831,2.180015,-2.1005287,-0.13679816,-1.1701087,1.6061631,-0.11940857,-1.019295,0.5339688,0.20799614,-2.0894992,1.0924339,0.87337995,-0.36976162,1.5583184,-0.07677555,-0.7119539,-0.9663975,1.2757374,-0.6175689,-0.20216426,1.8255827
-2.5640779,0.2902561,0.7772458,0.16437522,0.40302873,-1.169214,0.93631697,-1.3091508,0.39551425,1.2266499,-1.104259,-0.54760754,0.16395487,0.46384925,-0.74815357,-0.25146502,0.81721497,2.030625,2.0556583,1.304721,-1.3502684,0.8397354,1.890288,1.3224719,-0.4323857
-0.18003945,1.2040266,0.7804316,0.13550177,-2.0788763,-3.6595187,0.7531042,-0.21734926,-0.89991516,-0.77606946,-0.35611686,-0.28876847,-0.573473,0.9151289,0.87973374,-1.0286418,-2.3460903,-0.91022927,-1.2955154,-0.61477363,0.30790138,0.038112707,0.6700126,1.5030587,3.459698
2.0134382,-0.12790218,-0.56831956,0.36180812,1.2398622,-1.5249308,0.46292335,-0.3487007,0.6436973,-0.15405226,1.6217355,-0.08313361,-0.09203607,1.0062126,1.3041623,0.56650245,0.1473459,-0.54783124,-0.37181723,-2.4311543,-0.7091783,-0.46464902,1.6730163,0.83667433,0.2742089
0.39469695,1.3139703,-0.54102814,0.25374675,1.7010226,0.1730411,0.2956661,1.8854014,0.41317743,0.99656284,0.2760281,-0.6478708,0.32385316,0.11900539,1.1371577,0.44784185,-0.79033756,0.44912738,1.3663821,0.21054149,1.7660578,2.4687583,2.787422,0.48427862,0.24744698
0.6029226,2.8466377,1.2435045,0.8040456,2.7752237,-0.418185,-0.57520235,0.92218554,1.0194964,1.608634,-0.21844107,-1.6352122,0.23109108,1.3034595,-2.5004935,0.95200443,0.041279316,-0.38899332,0.7569958,-0.54159456,2.434307,0.62605083,0.69865286,-0.4606305,2.7939801
0.36309302,-0.13006574,1.4567612,0.22489884,-0.82696915,1.499944,0.14649814,-1.4331362,0.2164594,1.0843124,0.718336,0.015419364,0.9794172,0.13444352,2.5537684,0.6251808,-2.00682,-0.3552637,-1.0000681,0.13916534,1.4380908,0.6999904,-3.926248,-1.2140902,0.1416431
1.9562931,0.42111555,0.6035734,0.17634708,1.6021823,0.38311,-0.07667413,0.8930543,0.38348228,1.3916068,3.5558536,-0.14206734,0.33048964,2.8996685,0.48505765,0.95477533,1.006211,0.58862543,2.972538,-0.8354453,3.2874074,0.34983903,4.544309,2.2697372,-1.433607
3.629829,2.6559362,1.3729643,0.5888503,1.0723034,1.8966608,-0.868358,0.41963327,1.5595924,1.331368,-2.6502955,1.7744071,3.7439356,-1.4206895,-1.3041451,1.5559297,0.2667696,0.11294421,1.3091731,-0.51207846,5.601986,3.2195055,1.318711,-1.366979,1.3011285
2.218236,1.268536,0.7726385,-1.1461862,-0.64102286,-0.9380096,2.0352921,-1.3721209,1.520997,1.2818702,0.55369854,0.6305077,1.2158186,1.6808587,-1.0630003,0.82839906,1.9232361,3.565263,-2.2977495,0.15224937,0.3818984,-0.3456497,-1.7521785,1.4178097,-2.3074598
0.65230095,0.7959801,1.4351982,-0.94943666,-2.716995,-4.753408,0.047625184,-0.42685127,0.9663228,0.18347321,2.5300486,-1.2151321,-0.3544874,1.256088,0.46829617,0.75189555,1.2138876,3.1731775,-2.9863331,0.70971906,-0.18546608,1.2719796,-1.2151579,-1.3635476,-1.3446842
0.5908768,1.170653,0.82154465,-0.4517426,-1.6170559,-1.4279003,0.3220228,2.3350847,0.15776995,-0.5023234,-1.3158678,-1.3665535,-0.5605203,2.6370354,-0.11890158,-1.5970745,-0.14755772,0.15355355,1.4805288,-0.30895,-0.006745219,-0.9064476,-1.2449888,2.7614205,-0.2509584
0.01638233,-1.1340864,-0.15293488,-0.50071436,-1.3511747,2.0697703,1.1149421,-0.43391204,0.87551534,-0.042249613,1.8244324,-2.1229868,-0.26442695,-0.8432542,0.27579537,0.99071777,-0.6237601,4.12006,2.0283792,0.47751418,-0.51796263,1.3264083,-2.4403536,-0.97323465,0.27830034
-1.1602854,0.48232383,0.46010566,0.7479137,-2.6792312,0.5830971,0.5406351,0.62383735,0.81208855,-0.4588798,0.6869765,-0.35391188,0.3788504,1.2849252,0.11662848,-0.24961132,0.9158304,0.48416054,1.0777243,-1.2682476,1.8808813,-1.0224065,1.4509958,-0.3117215,2.7620783
2.5929532,0.05717191,-0.8109075,-0.024903364,1.0517067,2.5923338,0.70273185,0.2702629,0.24644922,-0.21224986,0.40369934,-0.54530776,-0.6968856,-2.766377,-1.1792262,0.7125772,1.1736025,0.04460585,-0.18638523,-0.44272405,-0.24305445,-1.8993284,-0.08620189,-0.034519196,-0.05458349
0.8761562,0.33872306,0.32434016,-0.34355074,-0.85831606,-1.8099108,-0.27576616,0.09075403,0.19381016,0.3295849,1.798932,1.8375552,0.53335595,-1.8773494,-0.57151556,0.6100946,-0.5794188,-0.5964534,-1.1225764,0.421314,1.4174665,-4.66373,0.54242676,0.5708839,2.4385004
1.8542016,-0.34787723,0.97678876,0.21026969,-0.60929126,1.9544203,0.21859777,-4.6990337,0.38087818,1.0323277,0.55678713,2.074108,0.676317,-3.1743376,1.9987292,1.1431088,-1.8720784,-1.8206537,-3.8302608,0.23046401,2.4321644,0.36226112,-1.0493428,-0.049492314,-2.630567
0.8953246,0.8074515,0.12609667,-0.20666811,3.2821379,1.7307253,0.5912446,-0.7878233,-0.17434889,0.86024666,-0.44675454,1.951417,-0.5123645,-0.1249603,2.8126788,0.1942336,1.2610369,2.0499628,1.221333,-0.4455885,1.6237059,0.27403462,3.515232,0.335123,-2.898454
3.0288458,0.52899486,2.6227574,0.5021385,1.1245875,1.7859342,0.021858811,0.96454984,0.39704475,0.771826,0.22831497,1.8367355,-0.054706454,-0.10017052,-1.836164,0.28707927,0.045290142,0.56614625,-0.015387297,-0.82684106,1.8733518,1.1404781,0.9870614,-2.0183036,2.0683544
1.1676025,1.6953672,2.3425155,1.5117447,1.3903171,-0.16230029,-0.12317596,-0.98026717,-0.26397175,-1.2636101,0.5679112,-0.96346843,-0.15808004,1.922369,0.56394315,-0.117423624,0.29399347,1.7425731,-1.7584926,-1.4835203,1.8479038,0.3662799,-2.3432214,0.41012514,-4.980151
-0.5499942,-0.71703506,-0.9145064,-0.37433505,-2.3277023,-4.459617,0.5837906,1.0218202,0.27136254,0.26764926,-0.9742587,1.8017119,-0.20685035,0.908945,0.38776103,0.74527687,-0.43615556,-0.7212311,-1.1371145,-0.15337369,-0.47228688,-3.913301,-2.7911217,-0.2759637,-3.24059
-0.22568768,0.3033454,1.1403029,-0.03855723,-0.56799924,0.2919566,-2.0521052,0.92456865,-0.0405941,-2.7229443,0.22923243,-1.3081375,1.2489238,-3.3172078,-1.28284,-1.5026212,0.615051,0.167564,1.5743771,0.3820573,2.090447,-1.6189219,-1.3182275,0.4421501,-0.6379157
-0.9367591,-0.13674128,-2.3013105,1.2085786,-0.594324,2.8658342,-0.11413586,-2.183863,-0.10790983,0.32115257,1.0077281,0.38883758,0.34172562,-4.011439,0.064909734,-1.0403415,0.5708077,0.83533776,-0.378402,-1.2317762,0.5950032,0.9840512,-1.0905095,-0.25096405,1.5916669
0.7845548,0.38915125,0.4060515,0.03691356,-0.66553104,0.87256837,-0.8801863,0.76589274,-0.8418967,0.6695224,0.5256349,-0.12948865,0.15116742,-1.3784962,1.3300018,0.9817629,1.1785903,-0.19684422,-1.2287647,0.00085122883,-2.5511096,0.7365784,0.5003482,-0.4678222,-0.2716802
0.39211896,0.12621999,-0.2806618,-0.56640863,0.59630895,-4.840862,0.41124922,1.3532932,-1.3627495,-0.2705654,-0.2547207,-1.1117988,-1.1670098,3.4187183,2.2073972,-2.539482,0.025680408,1.8849812,0.2153619,0.45943856,0.7709513,2.9812586,-1.0342083,0.74574906,0.27684498
1.3584044,1.9830985,1.2013295,-0.24144363,1.0599457,-0.4760431,1.3353549,2.7523777,1.0491234,-0.6173318,-0.099136114,0.28415647,0.725936,2.599421,0.67524207,1.78984,3.2549853,-0.85250384,2.7201166,-0.37063435,-2.210492,0.6973876,1.0771759,0.4279393,0.20953333
1.5021955,-0.3290152,-2.309362,-0.50071436,0.24799204,-3.1014485,-0.7347795,0.61769396,-1.1352379,1.1469699,1.2508059,0.5208221,-0.3223552,0.32507712,0.62324303,0.35664064,0.47476578,-0.4020552,-0.26119804,-3.0795088,0.1212942,-0.7657608,-1.0704937,-0.800231,0.082187295
1.2911379,2.5197043,1.1386981,1.2106005,0.4396608,-0.5222957,0.95594156,-0.2443932,-0.5327086,-0.0056494772,0.32682696,-0.015902966,0.8113501,-0.22170413,1.764603,-1.2405787,0.9498826,2.3423872,1.6433514,1.3555354,-1.504434,0.69607157,2.5004568,1.3764392,-0.7285351
0.05958581,0.0146636665,-0.22953498,-0.6147151,2.0614164,-3.9862688,1.1476643,-0.16835491,-0.18269293,-1.8096282,-0.71263677,0.44439116,-0.25201136,0.66824514,-0.25217712,-0.89421946,-1.057202,2.9633083,-3.478056,-0.17573163,1.6054199,-0.39029202,2.9365935,1.1444066,0.8680707
0.9894484,1.4352921,-1.9588923,0.89856064,0.64434993,2.0387332,0.078911066,-0.6355312,1.2747614,-0.11246818,0.38867483,-0.19350463,0.28463054,-1.3257867,-0.41771898,1.0704279,3.0111847,0.486674,-1.4892131,-0.0006083697,0.35924417,-0.20342897,-0.6997886,0.6382661,-2.523899
2.149234,0.03280791,0.608692,2.2727633,-3.435579,-0.77731645,2.4691358,-1.3407823,-0.15656249,-0.5324918,1.9323767,-0.479645,-0.59028804,0.0043589473,0.68892384,0.45120412,0.4738192,-1.8004196,-1.9382659,-1.9968255,-0.8848916,1.6276028,-0.9825841,1.025738,-3.0384765
0.75794834,-0.10434723,-0.68387204,-0.7598374,-1.343905,-2.7704437,-1.4084914,0.5584772,0.056864172,-1.2884287,-2.0763717,0.1704829,1.0458695,0.35561657,-0.7264087,-0.6668207,-1.9486582,2.1667168,-4.2149873,0.10245461,0.45689735,-1.378663,1.9137348,-1.4894855,1.4911854
0.12448193,0.78048,-2.6496994,-0.4517426,1.2572671,-0.2179631,1.2021773,1.1918846,0.6812929,0.12774298,2.350348,-0.20472676,0.7751511,-1.2834489,0.16071585,1.7736434,-2.0652435,1.5988964,-1.8220174,1.1626536,-0.14528978,1.6320007,0.16173488,5.034012,-0.8472095
-1.1876578,0.82162315,0.43342918,-0.03470377,0.6412556,-1.5612364,0.8100121,-1.2762519,1.6421022,0.43207577,-1.2514873,-0.7162679,-0.09180117,1.4061306,0.09459734,-0.12410733,0.13601124,-1.828428,0.41673774,1.0173117,-3.3577695,1.6804631,-3.0602248,1.7478727,-0.7087024
-0.679785,0.2687422,-0.49968404,0.41952392,-0.41855562,-1.5113094,-0.65207815,1.1293931,0.1841068,-0.9216038,1.0780258,-1.2653987,-1.0845251,3.5748177,-0.0591484,-1.0954401,-1.2613155,-1.2312363,-2.3517628,-0.83284897,1.0734982,-2.2592657,-1.9551741,-1.1325608,-0.62627536
0.8908379,0.6325945,-0.58041346,0.18742712,1.1402631,0.25378138,-0.01065129,2.5232127,-0.4040868,-0.12518029,-0.2802048,-3.1728048,0.2603346,-3.6003883,0.66279316,0.8185949,-2.1311274,-0.8955951,-1.2512519,-1.3656293,2.125432,0.25704077,-0.32493645,-1.2529473,-2.043005
0.1314506,0.7486499,0.04006675,-0.016423136,1.8615599,2.799406,0.7218532,0.9818218,0.20869985,0.56658524,-0.25357845,-1.1281558,1.9219778,-0.6323514,-1.3236707,1.1704452,-1.0092251,1.1042194,0.4617331,-0.82484215,3.2359447,1.2004389,-0.0050614476,-1.684337,-2.316442
1.9245677,1.227885,-1.1137905,0.52362347,-0.5294979,1.259972,1.481646,-1.6627697,1.098293,0.57998824,3.9381232,0.18094671,1.5984085,-0.9371706,1.7705526,2.149868,1.086017,-0.28931943,-1.2162733,-2.2388945,4.6431813,1.7737383,-4.0517488,0.7046887,0.046550512
3.1267896,1.3741648,0.0811976,-1.0171448,-0.44363445,3.954003,1.864322,0.6829264,3.9337895,1.3167058,0.63751155,0.5792189,0.44149747,-1.8175294,0.41947648,-0.17098486,-0.121727824,-0.58102524,0.84954,0.49495748,1.5331565,0.6173587,0.90780234,-0.4948448,-0.508394
1.4411108,-0.088115335,1.6288208,0.17278649,-0.09453517,0.9117085,0.9798962,-3.9968371,1.1805372,-1.3876946,0.7622101,-1.7234344,0.86379004,-0.087061286,1.8988953,0.45423266,-1.8736148,-0.37545437,2.3262775,-0.6576021,1.3772566,1.373683,-0.83344394,0.47437382,2.0374637
1.2665522,-0.45229366,-2.3490353,-0.06488187,2.900276,1.4406842,0.7288362,0.9888109,-0.18857713,1.7444859,2.787159,2.1188383,-0.1484608,0.9734918,-0.45729685,-0.5447711,1.8119688,1.4618456,3.7151337,1.0401331,1.9273735,-1.7161007,4.393471,-0.18734059,0.92630327
-0.2605186,-1.3184571,0.9606929,0.31693015,0.2909838,3.1765182,1.4960983,-0.49802732,0.30803096,0.32794923,-0.12905854,-1.6969271,-0.9952639,-4.0810056,0.90643334,-0.40177575,0.15122983,-0.48754412,-0.7050537,0.8014089,-0.56787634,-1.503601,0.30494887,0.82265836,0.053884402
0.870742,0.770172,-0.28143984,0.4124046,0.52475476,-1.2715185,-0.06712377,1.8094046,0.34772703,1.5348617,0.33123183,0.1836307,0.052925766,-2.0628219,4.821281,-0.14595473,-1.0137261,-1.330941,0.8470912,0.4300845,0.61021197,-0.38201654,1.8844905,0.25392616,-0.56013936
0.1314403,-0.7803815,-0.53055924,0.10231742,2.0338826,-0.2540236,0.07726884,1.7056518,-0.06098418,1.2530797,2.4996107,-0.08518839,-0.5417693,-3.1041427,0.22297826,1.1927285,0.45091373,-0.7760902,3.0132365,-1.9968255,-0.5510706,-1.433257,0.39413714,-0.8799929,-1.0458972
0.34992546,1.3981622,1.4100608,-0.22661647,-0.26779568,0.56178826,1.3943707,-1.7070833,0.14949115,0.49578628,0.8353884,-2.4786055,0.68285006,-3.9163988,0.52991515,-1.7882559,-0.390661,-1.8866655,0.3776287,-1.5422138,0.6704947,-0.523081,4.0037637,-0.56125087,0.35492203
0.24618977,-1.1253452,1.1755246,-0.94970775,0.5620244,0.5441883,2.0961962,1.2153072,-0.8695956,-0.07572751,2.6842873,-0.42153525,0.37624985,-1.7338074,-0.20163876,3.3067908,4.1298275,0.7525286,0.9358319,0.35609612,1.9018112,-0.72015464,-0.7348544,-0.99909854,0.7932896
0.28003743,0.23234916,-0.53972626,0.20910329,-1.5068266,2.0316536,-0.7830664,-0.095992684,1.157739,-0.36190873,-0.31270802,0.2753203,0.37345287,-3.1102462,0.6378443,0.3630082,-0.7885809,-0.42373848,1.1594408,0.71052676,-2.4959378,2.6004233,-2.6409595,-3.6430042,0.69641584
-3.0317001,-3.015922,-0.607145,-0.295789,0.1645966,0.14786671,-2.3932114,1.0898002,-1.9416635,-1.9650213,-2.9898036,-0.99562764,-2.177164,2.316105,-0.7601166,-1.1478885,-1.6173437,0.28970298,1.3701348,-0.8481191,-0.21553862,2.0894403,-1.1427735,0.4281155,2.3123481
0.2650005,0.9858143,-1.368204,0.39204386,0.43455076,2.3476782,-1.0898647,-0.0804787,0.08763657,1.0644405,-1.2123567,0.9407098,-0.46193805,0.8662344,0.46447784,0.26085335,1.206621,-0.80615526,1.0979354,0.60968024,1.8878567,-1.6660004,3.5887308,2.7621102,-0.28218547
0.6371733,-0.33579347,1.1148746,1.087722,2.9041178,2.5798705,-1.0317858,2.1919694,0.6014139,-0.985821,2.101039,2.0819585,0.43961304,-3.1254632,-0.16866492,2.0204065,0.97652966,0.2789971,0.15872347,-1.4809364,1.2499473,-1.3301212,0.16059971,2.2729619,2.8915882
-1.0354601,1.2358413,-2.4255016,-0.100507,-0.7980983,-0.6379466,-2.272888,-1.4059919,0.8536923,-1.8099241,-1.9664522,-2.1540282,0.45143604,-3.503734,1.2505771,-1.7554128,0.9123264,0.60158104,-1.1688588,0.48113415,-1.1617905,-0.80447626,-1.4062948,0.00030255318,3.0278792
-1.854327,-0.32740068,-1.45858,0.4622502,-1.4321164,-0.44066823,1.8487004,-0.027225554,-0.40338373,0.622869,-1.4804839,0.57885337,-1.2206985,-0.4049559,0.950514,-0.10012877,1.2755033,-2.2822409,-0.5470258,0.33293208,-1.34379,-1.8179191,-1.0706166,-0.7825494,-0.48390746
-2.1870146,1.1373658,2.5393972,-0.72778404,0.18183452,1.2859867,-0.2363115,0.73829436,0.60211134,-0.2663766,0.1583184,-0.22382465,-0.92297804,1.4225603,-1.374886,0.5555287,-1.274584,-1.2922254,3.521686,-0.33337867,-1.3407605,-1.8563644,0.9243709,-0.25060207,1.0413064
-1.0216815,-0.7612438,0.27238384,-0.100507,-1.7395076,-2.167546,0.04551047,0.5028782,-1.1084025,0.58370733,-1.4641597,-0.9003804,-0.2731383,0.10113011,0.18203294,-0.6505445,-1.2334406,-1.8588132,-1.2479167,0.62377053,1.6943781,-2.1185296,-2.9389453,-1.4134021,-0.51038766
-0.346498,-0.18836519,0.72588646,0.8725647,-0.95068324,-0.24890316,-0.34776384,0.1985746,-0.23982057,0.42190555,1.3347077,0.3622706,0.5156184,-5.610266,1.8988953,4.02378,0.16872557,1.3387703,0.6480143,0.99366575,3.9059033,2.4086723,1.7633601,-1.808491,-0.6944195
2.0553386,1.3461227,0.8261645,-0.7620296,2.4199646,1.655551,2.9629793,0.47200865,2.180781,1.7119602,0.29823685,0.0769113,2.3140287,0.3197979,-0.112502776,2.40029,-0.84666055,-0.44263747,2.7489326,1.4583764,3.036285,-1.3123407,3.2186267,2.9613917,-0.79445547
2.9552596,-1.3751346,0.2093668,0.119003475,-1.5692452,2.861121,-0.033985462,-0.9147864,0.24764606,1.0025525,1.5262747,1.9340236,0.19472212,-4.689361,-0.44462216,-0.32416475,-0.23908353,1.032147,-1.4044628,0.30275187,0.4475808,3.2815804,0.32587656,0.8389431,0.74932307
-0.1551863,1.0235736,0.9189691,0.48161554,-0.49645212,-1.7093138,-0.17578661,-2.6483982,0.39625534,0.48722628,-0.020862937,0.9314581,-0.4325902,-0.1381259,2.1178749,1.2405427,1.6763393,2.7937949,-0.043780252,-0.6522652,-0.64872915,-1.3493903,-1.534348,1.3629311,-1.3591759
0.46984306,0.44361442,1.2337899,-0.2824685,-0.44544843,-0.23147699,2.0652661,1.1910901,0.4895499,2.0652618,0.26618445,-0.016484052,-0.9063107,-1.3323673,0.42859924,0.97409064,-2.2675076,0.034993403,1.3569399,-0.7119539,-0.66237736,0.74942833,0.9877223,-1.1188537,-0.49966052
0.7107313,-1.9117504,-0.31988442,0.52362347,0.07871322,-0.040008515,1.9055259,2.0332575,0.1873413,0.17787999,0.21274126,0.15721363,-0.59304035,0.7908993,0.633552,0.6937993,-0.64757526,0.58538115,0.29881534,-0.54425883,-0.016745236,-1.0525435,0.32000804,-0.07006323,0.0022506416
0.115715,2.2757468,1.856617,0.20851493,1.4927337,2.0032687,-0.22006032,0.6503465,0.09425091,0.15226814,1.3305773,-0.5868014,-2.7033222,-0.9193526,-1.6937547,-0.42876267,2.7214057,0.60665977,1.4062542,-0.4809618,2.558428,-0.61793554,3.7358923,1.1511419,0.4759003
-0.65355086,1.7203662,-1.0965012,0.6403425,-1.101507,2.9864292,1.0171801,-0.36953002,-2.1307042,1.9413655,2.4811301,0.18912622,-0.7786206,-2.0968347,-0.36531916,-0.24174312,0.009547114,-1.767984,-0.9914175,-1.2341088,3.7511473,-2.9770784,-2.0289755,-0.8881203,0.5640328
1.2349904,1.286926,3.2107115,0.50882024,0.6669167,0.28576645,-0.6330758,3.074427,1.2612463,2.3418443,1.7405152,-1.6272731,1.5417252,-4.113759,0.5330517,1.0459608,0.18044019,-0.055536985,-1.351294,0.47647172,1.3998351,0.616959,1.8586637,-1.742705,0.7570152
0.27180436,-0.9962183,0.5437819,0.48084468,0.29865524,-2.7783632,1.2741284,0.65850574,0.40956426,0.08147283,0.775313,0.17405838,-1.0881855,0.6098517,0.688596,1.6210089,-1.3747383,1.2249272,-0.34111702,-3.8464394,2.0308812,-1.2952883,0.19708765,-0.74154484,0.24146605
0.27706328,-0.47551772,0.4984638,0.22489884,1.638564,1.6502033,0.89987767,0.008705795,0.12869501,-1.0890298,0.17334706,-1.6616509,-0.47357076,-3.4193473,1.0788757,1.3910602,-0.42944926,-1.1212666,0.24368978,0.20722744,3.6165152,-1.2461361,1.3498094,-0.63722473,0.2562837
3.1116457,3.3933923,-1.6008966,-0.6873467,0.3344552,1.4525921,0.87836814,-0.6723356,2.098047,2.06502,1.2267828,1.3214012,1.3211286,-4.5397434,0.66294706,2.8493958,-1.1764193,-3.3888254,2.518022,1.6606072,3.4728193,0.90901875,4.4941387,0.2867694,-2.2094693
1.9909785,1.9435365,1.1190032,0.348804,-1.320327,0.057314157,4.257936,0.02533269,-1.2305052,1.1365781,2.7476158,2.4612455,0.7530628,1.3488809,1.7616298,2.1462982,4.61789,-0.90012634,1.5715277,-0.27431864,2.5436325,2.4487104,-1.0187919,-0.8072202,1.1272306
2.4662113,2.609309,-0.20577681,1.1328845,2.5603337,0.08116746,-0.8923095,-0.13595343,0.47671768,0.24009866,-0.27014607,0.7435073,-0.6981611,1.5174313,0.68858045,0.10818198,0.34276223,1.7184932,1.0981536,-0.19447142,-0.09024465,-0.93561625,-1.9733295,-0.08615533,0.8369498
-0.90280724,0.4818149,-0.51969826,-0.19789493,-0.16735992,0.92960864,0.93965733,1.4921439,1.3364686,-0.10373373,2.1052492,2.2226212,0.71022916,-0.7057985,1.1477588,-0.090882435,0.06828466,0.42654315,0.14181882,0.19151843,-1.347556,2.2926152,-1.2189364,-1.0195007,-1.1474718
-0.65910196,-1.3852042,-1.1074686,-0.28078187,0.35007834,-2.1225119,-0.30651212,0.9202837,-0.47503063,0.17671585,2.6247275,-1.3547273,-0.27263352,0.6672366,1.6899632,-1.7260364,-2.620766,-1.900568,-0.20388591,-0.59868544,-0.7518047,-0.13625029,1.1550468,3.1538417,-0.8467251
-1.655752,-0.36272538,1.4358115,0.4614415,1.6584529,-1.2430091,0.486007,1.191267,-0.09070067,0.81494004,-1.6816711,3.0355358,0.5340304,0.12137395,-1.1002448,0.63760257,2.3769534,0.20568812,3.4446275,1.1225181,2.961982,-0.19295052,2.3496456,3.1265023,1.8118349
1.3769099,1.9195445,2.9649134,-0.025290333,-0.2417193,2.0869923,2.626462,-1.0448593,-0.036656857,0.8368274,3.048925,-0.2891444,0.6019956,-2.9608226,0.7325393,0.77317417,1.7058132,0.298643,-2.1653025,-0.6602137,1.6136606,1.7677034,-5.396672,0.55164015,4.377511
0.0018391162,1.4320946,1.1235622,0.20851493,-2.7155592,-3.8969684,0.9532351,-0.3895071,0.53179115,0.51164675,-0.24020493,0.5529425,-0.5256808,1.0050672,0.2156386,1.4272159,0.6912268,0.53826374,-2.4676576,-0.07621568,0.5231743,0.64335483,-0.78422564,0.25381818,-2.118258
1.3339741,0.50146717,0.59067756,0.05368088,-3.2097726,-4.084626,0.48227784,1.523539,0.28014538,0.6341327,-1.0103972,0.67023677,-0.20839028,0.6801847,-1.0651232,-1.1826818,-0.35341722,-0.6045561,-2.3613465,0.987848,-0.3478439,0.23912424,-0.11108518,-1.7120564,-2.2047007
-0.49493545,0.3806947,-0.022353537,-1.3311378,-0.07024878,-1.294044,0.30748248,0.54719007,-0.56302637,1.4409004,1.8344678,0.3173366,0.30308038,0.12469813,0.03755656,-1.0389335,-1.4977853,2.088686,-0.78411114,-0.83200383,0.31590885,0.85491145,-1.3586476,-0.6764197,-0.86812234
1.2422605,0.49838164,2.2497797,-0.50071436,0.040242404,0.9878764,2.0675902,0.7561805,-0.076561034,-0.40586364,2.4833572,-0.013123214,0.32057396,-0.13194083,1.4440488,1.5989668,2.9652104,-0.12802622,2.1174703,0.38947073,-0.040828884,1.6711395,0.25660238,0.09762836,1.4361094
-0.6528186,2.8464215,-0.24384473,-0.7474991,1.8815646,-1.4391708,-0.04291881,1.4667947,0.62028295,-0.18471359,1.0876871,0.27495545,-0.052880622,1.533575,0.5812824,-1.886913,0.9408616,0.689072,3.2094893,-0.3364774,-3.4285388,-0.832638,-0.32309866,0.3919556,0.12921667
-2.1289184,0.26947993,-2.5249054,-0.2824685,-0.58690274,-3.2794807,-1.7090304,1.8578726,-0.4711236,-0.5008862,1.0755671,1.9891838,-0.51106995,0.44040394,0.9870476,1.036385,0.49010238,-1.3237395,-0.2332977,0.07450768,2.5924156,-0.057284117,-0.33915412,-0.6046817,1.6258465
-3.0471103,0.08893868,0.11044699,-0.26820534,0.21138853,-0.07577878,0.016965285,0.82405543,0.4702019,0.46904838,0.639182,1.4512075,0.44166785,-1.6358589,2.005367,-0.7707192,0.53713995,-0.9637373,-0.17550772,-0.082821496,2.0898917,-0.041987687,0.2998044,1.3506894,0.5176257
-2.139861,0.69805324,0.16405463,0.2880057,1.4062375,2.6474164,-0.76336664,-1.0605193,-1.8412223,-0.91996753,0.19013605,1.3341868,1.7815855,1.0575391,-0.23130172,2.7117553,1.6205895,0.08163978,2.3902814,-0.15337369,1.4100444,0.9840512,3.0459504,0.5701258,-0.48820102
-0.51777357,0.191774,-0.8839293,0.12968688,-0.3186852,2.1346357,1.1764963,1.2239208,0.25159892,1.0311267,-0.8602485,1.8922737,-0.2119672,1.7934734,0.9528018,1.6558836,1.9370826,-0.5283238,0.044727176,1.1745789,-0.31476283,1.0616583,-1.102469,-0.1855377,1.3069292
-0.11921956,-0.84914905,1.0395076,0.24818414,-1.1830778,-0.2848127,-1.5163218,0.5109206,-0.12960276,0.41462415,0.3907681,-0.27056238,0.725317,0.37716317,1.024688,0.78657734,1.7701215,-0.23673093,0.7403358,-1.0922546,2.5268095,-0.21409757,0.90085024,0.02920407,1.3355
1.3406478,-0.16031095,0.9147407,-1.1413956,1.659722,2.176292,2.77471,1.7873347,-0.8979449,0.08407688,0.96227413,-1.8098327,1.1424003,-1.8661088,-1.1639475,1.1724048,1.7864945,-2.0244904,1.4282566,0.6727966,-1.1990497,-0.10125825,1.7924387,0.4156407,-2.2004032
0.74229276,-0.57919055,-0.6476958,-0.56459546,-1.0867271,-1.5528426,0.014379591,-2.2877374,0.62743825,-0.44965833,-0.8821601,0.1339237,-0.11632356,-2.4684026,1.1018586,-0.7100034,-1.8266292,1.8923178,-2.02964,0.60408443,0.1741873,-0.8696462,1.7434262,5.004862,1.5147895
-0.44333208,-1.5952286,0.45648172,0.09667061,2.1574817,0.7402407,2.2665691,2.1809626,0.54738814,-0.059096813,-0.6077994,2.7154543,-0.4199804,-0.083736494,1.021497,1.6042461,1.3942645,2.4778414,0.03943029,0.5290549,-1.5823286,2.1196811,1.528595,-0.8117356,-1.620215
-0.7328865,-0.2434701,0.37347618,-0.26208946,2.056165,-6.007856,1.078745,0.9961336,0.056990087,0.67473114,0.9036289,2.140849,0.6710929,0.78163993,-0.5410554,-0.19132358,0.4650687,0.18480247,1.2740366,-0.54159456,0.47965038,-1.4019156,1.1466826,1.5151479,1.8161656
0.8870548,-0.31375054,1.227227,0.5041091,0.3152883,-0.14087692,-0.034799755,1.3692157,0.57980615,-0.12835559,-1.3359925,0.6107258,0.80741775,-2.4429214,0.9790033,1.7748343,1.6272999,0.51021945,-0.5205647,0.58185846,-3.1416361,0.611192,-0.1684289,-3.6362455,-0.072696865
-2.2483392,-1.5977569,-0.9089107,-0.24945706,1.6968122,-1.7026844,0.670297,0.7729344,-0.6052518,-4.382308,-1.2758944,-0.8180908,-0.09689897,2.2342253,0.30422735,0.32235563,2.1896675,1.4684081,1.127501,0.3953991,-1.0638307,-0.3051745,0.58495694,0.4683261,-0.77486587
0.30343997,0.3688646,-1.9843885,0.33702788,0.14652862,-0.9062784,2.0398045,-0.16769877,-0.33831725,-0.05692804,-0.89825004,0.82155627,0.789855,0.40885636,-0.6656361,-1.5146332,1.5068659,0.3129877,1.7858776,0.012955274,-0.9935547,-0.52117646,2.7594652,0.87018734,4.238251
2.122643,0.18523899,0.63180697,-0.72778404,-0.519155,-1.7316008,1.6199125,-0.6224083,0.44563484,-0.54536104,2.4707959,0.7135361,-1.2991265,0.5225179,0.8827921,-1.4025847,0.5175538,2.145956,-1.8954463,0.6491629,-1.3186657,-0.8083228,0.26176333,0.7995304,-0.83036083
-0.03625533,-1.2606487,-0.3336609,-0.37029612,-1.948169,-3.4698167,1.0853026,1.9057486,-0.2777454,-0.33773687,-0.7386819,0.7952409,-0.035976663,-0.08047205,0.5648292,0.46975917,3.9375727,2.415892,0.9537604,1.0332694,-0.5630768,1.7563388,2.0667498,-1.2215173,-1.039809
0.26382583,0.5005777,-0.11335184,-0.34333342,1.6724571,0.685102,3.5470555,0.8035929,-0.42912573,1.4117932,2.478619,-0.9833621,0.31029737,1.1374074,0.83005446,2.7010093,-3.783849,-0.22266579,0.47346884,-0.036556683,1.5384014,-2.25227,0.3677048,0.37886307,-0.1711824
0.9442198,0.62212104,0.2054877,0.39503077,0.93832135,2.93051,0.3416823,2.8496547,1.3529506,-0.7977948,1.2690568,2.347639,-0.85625875,-4.1232624,-0.21875748,2.535783,-0.08880758,-1.3417485,0.99763256,0.7910752,2.130878,0.10764004,0.7553092,0.61268234,-0.8554357
0.92478085,0.035913527,-1.3254216,-0.70101035,0.71329063,0.22079676,-2.4893982,-0.15978748,-0.80356544,-0.11426458,1.7032157,-0.2263442,0.6133509,-0.10828957,-0.4211621,0.37472105,0.9563312,0.12288189,-1.439538,-1.3428903,0.15007985,0.6362857,-1.3175306,-2.883316,0.4352275
0.73354155,-0.24336877,-0.5238902,-0.13803783,-0.7277387,-0.17278618,2.1319013,-0.8743965,0.2153318,-2.3498547,-0.6124301,1.2642945,0.34509945,2.2124696,1.0731096,2.3296092,-0.14858732,0.7437012,0.109945536,0.41682428,0.09667419,-1.7779156,-1.9658911,-0.102392256,-1.1157213
-0.3171435,-0.107334,-3.6897554,0.1605125,-0.03380587,1.5933435,1.6744585,1.4789526,0.54815626,1.327991,1.4857432,-0.9592519,1.2285861,-3.0583224,2.0323057,-0.43594897,-0.43564928,-0.35620302,3.9509,1.5941341,0.7392832,0.22763559,1.5167992,1.1009648,-0.10595976
-1.1585989,2.84808,2.8740258,-0.7577014,1.2908528,-0.17931902,0.8592968,1.4302559,-0.56794834,0.35652056,-0.4762407,-0.19154093,2.4138434,0.7870928,0.16101514,0.20217526,-0.5527726,0.034154296,3.7842278,-0.4811821,-0.31335542,-0.042822435,3.862894,2.3574324,3.0967436
-3.087119,0.5017495,-0.3749026,-3.1871712,-1.4924574,-0.794245,0.25758487,0.88861847,0.08310963,-0.34335393,-0.30388683,0.6556005,0.048555978,0.30213702,0.5086491,-0.12479448,0.33526266,0.6147269,-1.8136266,1.1035055,-0.56741667,0.5791585,-0.4955655,0.79467326,0.3997748
0.33342963,1.4922513,0.99194103,-0.037545525,-2.0060222,-2.4551473,0.59385854,-0.18244238,1.3549978,-0.08778417,-1.2240769,-1.299697,0.38242808,0.34577233,-0.02684258,1.0744741,-3.3013859,0.06342667,-0.387851,1.4720931,-2.5248122,0.011148453,-1.0331125,-2.5375159,-1.1626755
-0.4930812,0.49587005,-1.0213093,0.2795183,-1.1756563,-1.1239331,2.3506055,0.16473854,-0.054049283,0.17615747,0.65191144,-3.4143116,-0.23116237,0.16210866,0.9237978,-1.3948474,-1.2106227,2.6393948,0.9108898,-0.22230297,0.5877838,-1.4929094,-0.49296346,-0.5320577,-1.0774946
-1.187843,0.580284,1.8606845,-0.833216,-0.1397077,1.0446596,-0.5885203,-0.8261954,0.531918,-1.6187769,0.17937422,1.2956247,0.32694978,-3.3947833,0.14010674,-0.7382057,0.5553208,0.15677547,1.5377488,-0.80642676,1.6243916,-0.926264,-0.75687176,-1.2115042,-1.9698908
1.7035203,1.1100409,0.23483509,0.16437522,-1.1452246,2.715591,1.7625837,-1.5292144,0.55517304,-0.85490406,1.0377455,0.3833533,-0.77914786,-2.7698576,-1.2277937,-1.0863907,-0.41161752,0.36050755,0.8185936,1.2449076,-1.1712332,3.1349561,2.1823325,0.3489443,-0.53983307
-2.17668,-0.18073475,-4.2870054,0.47216955,-0.48210883,-2.35643,0.5368072,-0.037591696,-0.8392602,-1.3599234,-2.6853802,0.21059708,-0.28000718,2.8842645,-2.3306463,-1.2980057,1.549935,0.98921096,0.42030525,-0.539567,-0.92875993,-1.9890132,-1.5627034,-1.0116178,1.9076098
-2.6003768,-0.87711465,0.9075829,0.081720926,-0.86484104,-0.10292727,0.93279487,-2.547922,0.3404906,-0.3754063,0.46893406,-0.20411998,-0.48628828,-3.3726842,-0.27252722,-1.4503479,-0.032342225,0.24004066,-1.1653136,0.15255257,0.20338726,-0.22339065,-1.3960412,-0.10057016,-1.5659745
0.57389975,0.58196104,0.42211175,0.91155416,-0.36698046,1.1547656,-0.14682329,0.83495927,-0.50604886,1.0413171,1.7292533,0.91348684,-1.0446656,-2.6704834,-3.1375031,2.0862496,1.8739516,0.28715837,-1.339095,0.51952547,-1.0554913,-0.01468721,0.08346325,-1.5513335,-0.7976531
-0.39925104,0.6832141,-1.0207372,1.1836421,0.2322295,-3.3755467,2.4702938,-2.6518865,0.28531766,-1.35728,1.1267862,-0.19888067,0.79506326,-1.7062677,1.3569603,-2.2830923,-0.107317924,-0.9965415,-2.2478857,1.0637784,0.42783782,-0.6485793,-3.2748675,-1.0018827,1.6026007
-4.673566,1.1409943,-1.6147997,1.2261164,-0.16274565,-1.6416316,-0.46871245,0.56891555,0.18043958,-0.5327517,0.34236848,0.40184498,1.654976,-0.03597796,1.2939225,3.1531248,-0.16917248,-0.51410687,0.559861,2.352973,-0.062292457,-0.34790456,-0.8219454,0.24558836,-0.101816654
1.0515716,-0.85431063,-0.22006695,0.03691356,0.8065092,2.748236,-0.2903635,-1.0582852,1.2901039,-0.10255474,3.564355,-0.41166323,0.7974452,-0.06034617,0.7983214,0.498232,-0.19332469,0.1353789,2.313719,1.4720931,0.66450316,0.82642335,-1.0030463,1.6122366,-3.3926601
-0.053552657,0.76386845,1.2404393,0.5928947,-0.013472553,3.045336,-0.21397915,-1.737676,-0.2808684,0.43735212,-2.606197,-0.7618367,1.4825138,1.4193273,-1.3060856,-0.21329133,-0.65679973,2.172737,2.2516394,-2.0698853,-1.6039379,-1.7990837,1.3798879,0.19544673,-0.102384746
-0.83891755,0.59141433,-1.5761257,-0.5497025,-1.4639714,-3.1487677,0.0173226,3.0137558,0.6903071,0.28985196,-0.95619756,0.080304295,-0.97659135,-1.344774,0.081135154,0.16144794,-2.2017298,0.22924668,-1.142361,-2.6681204,1.2916536,0.6878115,0.010017872,0.42526,0.24696606
-0.6201358,-0.7125936,1.7775043,0.033419125,1.4976217,1.9002863,2.7672474,-3.059692,-0.83759093,0.5054159,1.3654584,1.8593335,-0.5247811,-0.56495655,0.41599593,1.2066983,2.076748,-2.8960114,2.1850638,-0.7492584,1.3365849,1.2491833,1.270617,-0.5033466,-0.46817684
-0.7307078,1.2714895,2.591313,-0.03855723,0.86665446,2.1967368,1.6262404,-0.14835773,0.07798459,0.6168755,1.5549024,0.39198965,-0.24489546,0.84644955,1.0801575,1.4633701,-1.7837512,-0.34696388,0.9472798,0.3517558,3.2178807,-1.1169592,2.769234,-1.3027625,-0.25887656
1.5853517,1.5351155,-0.9717276,0.20910329,1.3196948,-0.32018125,-0.15288226,-0.26465017,1.2252444,1.0742307,1.7164373,-0.30256397,1.3858142,-2.4636378,0.9569329,3.874349,2.4079826,-2.883331,2.105991,-1.7398802,5.082872,1.9812031,-3.0699027,-2.336018,-0.017199874
2.9722161,1.192471,0.9592002,-0.51079965,-1.0174911,2.937469,0.6523076,-0.7748568,1.9812351,1.328397,3.4629092,0.45938116,1.7361047,-1.0318242,0.7885585,1.9804984,-3.440221,-0.61651677,1.8893039,-0.18525845,1.908779,1.2197301,-1.0855049,-0.60670674,1.7897105
0.78779674,0.07893005,1.454225,0.14683115,-0.22966588,1.5370636,1.1117407,-1.8895408,-0.06301442,-2.7227776,-1.0595843,3.136762,-0.13811392,-0.12396973,-0.15336275,-0.69407326,1.4116683,-0.45725322,2.0128326,-1.0006586,1.5943612,0.17016281,1.0406584,-0.9699438,1.5797696
0.52341264,-0.1250414,-0.76424193,-0.106477536,0.27550316,3.3471212,0.2081297,-0.9241572,0.47773397,-0.042361733,0.5104015,0.8132469,-0.19045955,-0.22093302,1.5831552,-0.33162168,-1.6489022,1.77726,0.93526363,-0.24125433,0.54909134,0.33496967,-0.7803248,-0.53563917,1.5279467
-0.27478614,-0.6618411,-0.00894089,0.014745191,1.3443453,-0.37910426,2.4480486,0.44664562,0.1369632,-0.1419431,-0.7522603,-1.3879604,-0.21837248,-0.37348735,1.9474437,2.128302,3.2869658,0.014537677,3.3683534,-1.3759793,0.11528182,-1.0648098,2.1850936,-3.9771357,0.8949047
0.6454051,0.018694177,0.13469452,0.6336522,0.97624314,0.48590177,1.7399472,-0.96045077,0.5342853,-0.09920932,-0.7789463,1.4584409,0.33387548,-0.032951057,1.3738995,-0.710274,-0.20650017,-1.0479317,1.5689788,0.5737996,0.42231306,2.189386,1.4777554,-2.1515799,1.325017
0.2914717,1.2222009,-0.48595816,-0.7011243,1.8517176,-0.22987553,0.29640806,0.5975704,0.2541405,1.063516,-0.27183583,2.0758834,0.2993878,0.9398817,1.0795779,0.34774607,-2.4667532,-2.2256832,0.65174973,-1.4599168,1.2557614,-0.68397963,-1.1543,-0.61583203,0.022678316
0.23610553,-0.85771775,1.8248725,-0.57558423,0.69395965,3.521597,0.23449615,1.9882327,0.38151738,-0.7017038,-1.0158167,-1.0596611,1.4556285,-1.2911898,-0.92314804,-1.3400435,0.76577795,0.41621268,1.1660237,-0.15345168,0.78103155,-0.6167222,0.6161883,0.25495994,-0.29854184
1.035471,-0.52021,0.4103705,0.14062521,-1.2919593,0.3881108,-1.2221158,-2.4079237,-0.0043697953,0.7101747,0.8223363,-0.10463646,-1.166627,-1.4617829,0.9032167,3.5122135,1.9592073,1.5687635,-0.0028676018,-0.11096423,-1.5367758,-0.8008681,-2.7984252,3.407396,0.9878387
-0.54514265,-1.3379705,-1.2338133,-0.42404935,-0.8761183,-1.8453004,1.6833252,-0.37373173,-0.9196179,-0.3561507,1.1283135,-1.6181476,-1.2643313,0.12016952,0.30506662,-4.4710917,-1.457344,1.5048835,2.1029787,-0.84125465,2.2642975,-1.8132348,3.0516164,-1.4346441,-0.6668821
1.8670307,1.8220756,0.9219351,0.35870388,-0.56711656,-0.2895946,0.8724221,1.2448298,1.556739,1.3649316,1.2382036,1.0953821,2.9019444,-5.551632,0.3260113,-4.1224413,-0.49993348,-1.1840067,0.72202975,-0.4229411,5.417964,1.3994057,2.7595606,2.0692658,-0.7811249
4.5948586,2.773994,0.9333061,0.14683115,-0.36068064,2.1233869,0.6298945,-0.53216875,-0.8614397,1.328397,-0.112431884,-0.21509504,1.2665433,-0.71087223,-0.4034755,0.04934132,-0.44699758,0.1637727,-1.1862305,0.15974724,0.74889374,2.3133743,-0.9082974,-1.3543897,-1.8980625
1.0683022,1.0959549,0.025072694,0.18210484,-0.1559251,-0.20063424,0.007807635,0.68531525,0.7465419,1.5866771,0.74913615,0.12978959,0.162197,0.94302255,0.3481693,1.8879673,-2.3347454,0.26692247,-0.9763346,0.360433,-3.4199398,1.8768225,-0.619649,0.07798754,-1.2378767
-0.9794477,0.3428074,1.5635958,-0.61864394,-0.77512133,-1.6707662,-0.34816396,0.046005458,0.2512216,0.52557874,2.1597383,-0.22797406,-2.5898964,1.1554624,-2.2774606,-1.2962171,-0.17410398,-1.3791229,-2.3961325,1.5883515,2.5255578,3.5686507,-0.34979323,1.8254734,-1.6057985
-0.47949815,1.1744058,-0.32399976,-1.3402634,-0.9820751,-0.62996376,-0.36316046,-2.1691265,0.40017992,0.46904838,1.5796347,1.1515613,-0.7763418,2.6511838,0.6201486,0.7102245,-1.9498444,0.3523333,-2.2618537,-0.18525845,0.4666289,-1.8726575,-0.8399211,-2.9893725,-2.7483656
2.590486,-0.7196375,1.7558105,0.113148004,0.70148575,-0.7143355,0.62692124,1.2083343,-1.7516228,0.060647786,3.2579198,-2.2673447,0.3816216,-2.862825,2.327188,-0.16214108,0.090355545,0.20381242,-0.07435513,-0.082821496,0.9362005,2.0807438,0.7931366,-2.676405,0.37807631
-0.61854035,-0.39072523,1.977063,0.75537366,3.0753314,1.2328738,2.2028372,0.75135833,0.1380556,0.06923872,-0.66897535,-1.4995223,0.8164649,-0.44960827,0.28604263,-0.8137146,2.791635,5.645972,3.5203624,-0.2935758,2.4661863,1.8569794,4.0395403,1.3105121,-1.8866729
1.3990624,0.6490063,0.81799376,1.1933268,0.25163862,2.0570774,2.5171947,-1.1499606,0.6780319,0.0030127764,-0.6276313,1.2814567,0.47953296,0.04488197,0.67677855,0.5064151,-1.062493,2.2126002,0.297247,0.7520916,1.3384517,0.7175284,-1.0595338,2.2522743,-0.22427711
0.18878126,-4.081128,-0.56345695,0.002054926,0.23480055,3.0318394,1.3145806,-0.8793291,0.08870861,1.8511512,0.022049546,-0.1750284,0.40681362,-0.33027872,0.48746908,0.19252446,-2.077568,1.0614003,1.7385434,-1.0188681,-3.5843325,1.0909815,1.1708529,-0.33718705,-0.23592618
-0.40486658,-0.3543223,2.5776715,-0.01057402,-1.2875395,-4.589132,-0.16927046,-0.14956972,-0.5737731,0.4117447,0.5456756,-0.011587679,1.1968031,2.0592465,0.4086947,0.5854037,1.1768589,1.3677621,1.1785339,-0.23476976,4.38479,-0.15807366,-2.0156558,2.1374075,-2.1236827
3.2134511,3.2079248,0.4782501,0.33702904,-0.04071164,-0.40450513,-0.6324476,0.015686393,2.204389,0.4469918,1.5027518,-1.8540399,2.217554,-4.25511,-2.1321576,1.545103,-1.7193687,1.084333,1.2187899,0.52037317,-0.64637357,0.3347699,2.0432286,4.783457,0.47554868
-3.10059,-0.14258435,-0.804434,-0.94007826,-0.10792217,-0.37754044,0.041665792,-2.9121504,-0.6245289,0.42580017,1.421877,2.928947,1.1151285,1.4467876,-0.14353454,1.1142008,1.1220971,2.865316,0.89821184,0.06365605,-2.9919548,0.07339637,-1.7294865,0.2637426,1.254106
-2.2332215,1.3917272,1.4439691,0.514864,-1.6720092,-0.8916719,1.7360792,-0.6121973,-1.4168787,-0.53855073,-0.25429952,0.2694738,0.30158228,2.78276,-0.4545313,0.11348164,2.4895716,-0.002718985,0.76400334,1.5108811,-2.035465,-2.383674,-1.6983076,3.7495904,3.2297587
-0.61711895,0.19409287,-0.043723464,-0.34208822,-0.7269466,-0.08815658,-0.86426485,-0.15768895,-0.15090543,-1.7572856,-1.6261518,1.0936011,-1.4484118,-0.55933064,1.5954309,-1.8289655,-0.5134989,-0.13280678,-0.5414028,-0.5281841,1.3175282,-1.3808861,-1.8167372,-0.38352618,-0.38146156
-0.63650197,0.634884,-0.13482629,1.0192999,0.41797018,-0.57897073,-0.50632286,2.5829523,-0.82588893,-0.6820349,-0.25168583,1.5325493,1.0526645,-2.6712604,-1.1946775,1.1472149,0.36762482,0.64182675,1.027873,2.1376107,3.5526485,0.005452946,-0.06562126,1.0893486,-0.9500741
4.0531793,3.5237126,0.08204174,-0.39580846,0.5774738,2.2454348,0.30102265,-3.512824,0.77618164,2.4494076,0.9575509,1.0790803,1.3152947,-4.8190117,-0.95331943,2.8960955,-0.42304015,-0.10439941,-0.221143,1.1035055,0.34356305,2.196916,-2.2005553,1.3740306,0.20011741
2.8479934,0.74024236,1.5747168,0.619028,-1.732564,1.3675947,-1.548876,-0.19891644,-0.99568933,-0.7698033,0.6593552,0.44581577,0.3059805,1.3509156,0.4190697,1.903529,-2.0934148,1.6708496,-1.0216178,0.76515,-0.01109463,-0.023993894,-0.76454186,3.553975,-1.1941626
-1.0097828,1.4179039,-1.960556,-1.0961498,1.0682946,0.75042987,2.3496983,1.0578845,0.6635871,-0.13051003,0.19946122,0.54254484,-0.5365633,-0.6475448,-0.45435262,0.08332193,1.7961705,1.7353771,0.9308745,-0.07853476,-1.6987906,0.74894357,-1.5444697,2.588481,-0.11828782
0.75747573,-0.5461656,-0.7197531,-0.8209676,-0.87491065,-2.8535032,0.46089494,0.0365178,-0.44762093,-0.009301096,-0.35229057,0.7277869,0.43886822,0.6254642,0.9447701,0.8756145,1.4261643,-3.236338,-0.03365141,0.075156346,-1.5672097,1.1017287,0.16394615,-0.956452,-1.395471
-0.17758438,0.12835157,-0.9266969,0.27411145,0.20643002,-4.277419,0.2091626,-0.055170953,0.4077805,0.5947023,0.8935831,-2.064496,-0.3329677,1.8070751,1.0676923,-0.40717393,3.0298152,3.2598815,0.48517907,-0.42735735,-1.4665762,0.74625957,0.5913781,-0.20820296,-1.2456188
-0.1757099,-0.7580373,1.7786071,0.57872814,0.19735396,-4.0269527,1.8740847,3.6120963,0.4555501,1.0146666,-2.00712,-0.04198304,-0.32431585,1.2215469,0.29030314,0.4457631,-0.25677896,-1.676432,0.8247053,0.74176383,-0.52321863,2.0870216,0.6788558,0.09543283,-1.6776351
-0.22847831,0.11037999,0.55440265,-0.94970775,0.18055683,1.0433382,0.45100108,1.7843692,1.6079844,0.10039091,0.58097184,-0.473542,0.17994592,1.8593199,0.76832163,0.00960657,0.86283493,2.2630603,-0.49801248,0.17455128,-1.0098099,2.3656163,0.8518236,1.4425441,0.6942736
-1.4035162,1.144351,1.1362783,-0.4915334,1.1101744,-4.0598125,0.212069,1.6208521,-0.058320478,0.23380834,0.07267709,1.2772539,0.87605107,0.82878804,0.9490758,0.97330844,-1.130408,-0.7234657,-0.46175855,0.3953991,-1.5398723,1.6538883,-0.11465907,2.947812,-0.1699566
-2.5540757,0.31463307,-0.17089704,0.33157328,1.1832387,0.6617686,1.2981734,-0.27485073,0.06920946,-1.8805425,-0.17890036,-0.25965333,-1.2805634,1.2486472,0.21006049,-0.86893225,1.0586426,0.49176854,1.8300998,-0.83284897,0.22522885,-0.88406223,1.2616849,-1.8482962,-0.4564489
1.3609746,-0.20053527,-2.84449,0.06353786,-0.36724177,0.86668694,0.6460055,2.520526,0.25057584,2.0235069,1.5486038,-0.76987135,-0.19703656,0.33863884,0.72486997,1.3543222,-1.3657632,-2.4671712,0.38016605,0.33293208,1.5210733,0.29692292,1.3718069,1.2577708,0.124180675
1.0625858,-0.10581219,2.1473496,-0.47066748,0.27815342,2.0712638,1.2675694,2.6272156,-0.35490763,-0.40140393,2.7537193,1.3835164,1.1803998,-0.31267598,-0.9365195,1.8119438,1.2646867,1.0973897,-0.10548574,0.7734167,2.6849735,1.6791761,2.1416936,-0.35893345,0.33023074
0.45186824,1.519995,1.0909197,0.27613783,1.1563097,0.6638527,-0.14852303,-3.0922785,0.21004021,0.6066545,1.4526566,-0.056389496,1.4697489,-0.98703516,0.6151511,3.6082706,-1.1503329,0.16993988,-0.545234,-0.52005655,2.414028,3.1593697,-2.469108,0.6976735,0.5754056
1.1869755,0.44091284,-1.3579235,0.24646887,-1.0089349,0.74709517,-0.20824373,-0.57105464,1.279377,-0.31117043,0.31772122,0.3909935,0.28853425,1.4081848,-1.1608949,1.8200926,1.4567688,0.6367985,1.8152995,2.4618556,0.20375401,1.8324277,-0.23224226,2.0170999,-5.746907
-0.15556726,0.74922335,-1.6298841,0.083207026,-0.45751512,0.33750096,-0.45314223,-2.9508324,-0.27376032,1.0696427,-1.2899495,1.2895418,1.0522469,0.26140106,0.44593954,1.092188,-0.47168493,-0.650964,0.3492598,-0.8354453,-1.4902321,-1.5675412,1.9126719,-0.41322714,-0.7455484
-0.88544655,-0.7646536,-0.9409276,-0.47066748,0.62036824,-5.196715,2.8421245,1.4122167,0.72536063,0.059840053,1.652511,-1.7148763,-0.84732544,-0.86911637,-1.2107027,-1.3959006,-1.4388763,2.5473666,0.6545042,1.0203308,0.07330694,-0.5786107,-0.83547664,0.09028548,-1.2795465
-0.09013769,0.7743553,1.2915052,0.35053408,-0.74991715,0.9625305,0.59202754,-0.61666584,-0.97195977,1.2217064,0.13630852,-1.0531048,0.2503636,0.10072346,0.56020236,-1.764593,2.3290567,-0.91700494,0.284505,-0.80957925,-0.13567236,-1.1380804,-1.1212023,0.46349424,-0.7995088
1.3423165,-0.6763624,1.1537125,-1.1375332,0.06871032,1.0307211,-0.797217,-0.009262383,0.7675466,0.31608626,0.6852825,0.9683498,0.32732254,-0.14168984,-0.16537255,0.07005809,-0.5091465,-0.013568699,0.5722982,0.17348614,0.19859691,1.181858,-0.04594046,-0.37234956,-0.9189359
1.2346381,1.1583272,1.5023437,-0.00083482265,-1.0343987,-0.8469373,0.11394663,1.6406198,-0.22222479,0.5369053,1.8236567,-0.66351515,0.05818805,1.1294632,-0.4151503,-1.1181916,0.7857436,2.0379114,1.6482508,0.31747222,-3.058027,1.5015479,-2.0135798,1.4718988,1.8929921
-0.8136673,-0.7412822,-0.7351727,0.027780227,-0.8821259,0.84777284,3.3825893,1.6527402,-0.8430941,1.7217429,-2.0827792,-2.5962522,-1.7430505,2.0368173,0.5886375,-1.3008821,-1.3727896,1.3016487,-0.90517163,-0.16254544,-3.9047186,-2.5238452,-1.3890779,-1.5707707,-2.4744692
-1.8935404,-0.78312516,1.3245474,0.8274513,2.2404654,-2.476258,0.6195948,1.1786451,-1.6884606,-1.2473334,-0.6414233,-0.38948792,-0.95657635,-0.7479193,0.16238382,-0.0989331,1.8459212,-1.216335,0.36214685,1.5874789,2.9304738,-4.864551,0.17490758,1.2304221,-2.052934
3.2028544,0.28057826,0.86711836,0.015731193,1.900925,2.0022442,0.9971056,-0.3887954,0.96999127,1.8856888,0.5041563,0.8429966,-0.15414447,-7.4691567,0.2507318,0.42356968,1.7226031,1.0613005,0.17650977,0.6736383,7.2493973,2.3354712,1.7897241,2.3990383,-2.6705368
4.5948586,2.8277378,1.5048916,0.07743132,1.733567,-0.25533712,-0.40841496,-0.11457588,0.8159993,1.7574158,0.07713622,0.78275925,2.1537235,0.7437177,0.69314736,0.86482096,-0.7069605,1.9021013,-0.9273968,0.2928105,1.1647878,0.38322735,0.83079314,-1.2187159,-0.83435
1.2134864,3.2227132,0.39435548,0.39204386,0.2893229,-0.09586716,0.99451923,-0.9936605,-0.20343542,0.2403802,0.06459212,-0.83866936,-0.018650413,-0.51780057,1.1457242,-0.36428547,-0.42189658,0.43265533,0.21014524,1.0243871,-0.5317541,0.18649614,2.0561426,-0.92380154,0.046078026
1.4343977,1.0124077,0.7694747,-1.8447456,1.9076912,-2.2451108,1.7241797,1.2239937,0.14707176,-0.6400709,1.8615239,0.2045126,0.2905949,-0.30600798,0.4928211,3.2433577,-0.62490785,-0.33841032,0.34101114,0.17176893,-1.5823437,-1.5210296,-1.0309627,0.813831,-1.1273677
-0.49271667,-0.5369827,0.25477618,0.16590308,1.4745399,1.5931056,0.037545532,0.8307762,-0.27219167,1.0901779,-0.6516777,1.9028122,0.026664887,0.019616172,0.24154943,-2.3084517,0.88621974,3.4521437,2.928437,0.84205115,0.1292245,-1.4947278,-0.20473593,-0.13584873,0.48007426
1.290108,0.90941024,2.1779237,0.1287772,-1.386714,0.29811585,0.7593321,2.1806536,-0.51931477,0.51320595,-0.345419,0.6310136,-1.2073393,-2.3079238,-2.6517282,-1.8977414,2.7126765,0.3609256,0.04851687,0.6034333,1.0181212,1.135345,1.3185844,1.0328479,-1.2761533
1.4012893,0.6572383,-0.76535803,-1.3903494,-0.31059006,2.7023542,1.1428385,-0.7142773,0.60787386,0.46844572,2.5773036,-0.29707548,-0.33991674,0.13362569,1.097563,0.48852223,-1.8764576,0.30822146,-1.1211269,-0.21320614,3.5701127,-0.55831546,-3.9085062,-2.0029805,1.5192386
3.2643886,3.5104527,1.9891429,0.77481717,-0.9345149,3.8605835,-1.0478425,0.42869484,2.5430586,2.430236,-0.29139435,-1.1228081,1.4956228,-2.513793,1.232885,2.0463505,1.1700103,-1.500947,-0.8941839,0.75805163,4.6235204,-0.31021917,3.1793585,0.83180475,-1.6363735
1.2897004,2.6233618,1.5302172,0.43205923,1.1079662,2.20392,-0.7782911,-1.6586609,2.567604,0.55916786,-0.15046942,-0.29121184,0.60722417,-1.5268257,0.3501507,0.80852616,0.40089083,1.6117009,-1.8849405,0.3953991,0.51716805,-0.3456497,-2.1747904,2.6446583,-0.9986847
0.82966906,-0.08709648,0.1383582,0.35193256,-3.285705,-4.103208,3.5236309,1.9383502,0.07153787,-0.08516905,-0.8884737,-1.9259849,-0.00050511956,-0.5112199,0.54057866,-0.29623294,-2.7326977,0.14011693,-2.199956,-0.08663777,2.3569295,-0.17244923,-0.6619698,-0.7805198,-0.82351387
1.1456639,0.1374681,2.0073314,0.53291124,-0.7475668,-1.8430274,1.7210205,1.2209355,-0.18207783,0.34216794,1.1248324,-2.9684868,0.9255551,0.011726737,0.6375192,4.325738,-2.645603,0.98607695,0.5869,-0.07853476,3.163766,0.83442104,0.8460038,2.4675035,-5.7310724
1.5905082,1.8987491,0.24856928,-0.519316,1.4703207,3.246834,1.9737184,1.9770542,-0.1912964,0.8236588,1.4486474,1.3560783,1.2041647,-0.34607202,0.6216122,4.708722,0.7348474,2.7180145,2.5475917,0.30424005,0.3173151,3.718327,0.54946196,0.13045147,-1.4047228
1.7843088,-0.3700199,0.23333433,-0.23239881,-0.23949367,-0.8263646,2.81185,0.93169177,-1.2182925,0.7220751,0.45208362,1.02677,1.4356518,3.0127025,0.31510204,-0.0022227466,-1.6595005,-0.09486737,-0.22043043,3.3900526,-1.6390095,-0.5711424,-0.9705599,-0.6412004,-0.76728904
0.99540174,0.14261821,-0.33265352,0.0069375597,0.89583635,1.4402285,0.23673719,0.08473663,0.36078286,1.1887093,-1.8010013,1.1559625,0.65501326,0.89347684,0.34287503,-0.40609416,-1.5144145,2.723462,1.85566,-0.71975493,-1.8540372,-1.844988,-0.5274641,4.0860443,-1.0173397
-2.2105923,-0.7100058,0.769457,-0.14775205,-0.079401225,-0.9792803,0.45652777,0.46852484,-1.1511114,-0.04554075,-0.11606744,0.929858,-1.325172,0.68245625,-0.52228636,-1.7312847,0.25337845,-0.3156972,-0.2549659,2.352973,1.0725648,0.7894739,0.45581305,0.47813648,1.1881251
0.5951737,-0.40521562,0.49308616,0.82308793,-0.90787613,0.13948584,-0.5555807,1.024448,-1.6146315,-0.36989537,1.2782507,0.0369415,0.45658842,-0.8651204,0.11484471,1.1333529,-0.07216467,-0.7028111,0.77461874,-0.7184983,1.7163539,-0.689933,2.309145,1.4713885,-2.705518
-0.81383413,0.7126549,0.13595825,-0.110744245,1.4315699,3.4260728,0.21365857,-0.8052018,-0.7789202,0.44227356,0.17030467,1.1698029,-0.42489183,-2.372719,0.2853279,-1.2768542,2.906581,2.3620112,-1.1234064,0.46895045,-0.5899588,-1.2567464,-0.15695125,0.6583341,0.5181289
-1.2898448,0.032182813,0.67676914,0.33945355,0.53834116,-0.9180438,-0.5036151,1.5334991,1.5952073,-0.65513945,3.0900936,1.6396085,0.30220383,-1.9876097,-0.104159415,1.0083762,0.6605517,-1.5733857,-1.6642781,0.7431808,-0.84062636,1.2412243,0.08207365,-0.6511531,-0.46254006
0.7571051,0.0516021,-1.3094726,0.64431924,-3.0943525,-3.662778,-0.8825129,-0.24630904,-0.51312256,-0.39161798,1.2783514,1.076166,0.75998265,1.7461027,0.5788082,1.1353556,1.9819295,-0.9087954,-0.5178041,-0.9394026,-1.7333965,2.2042375,-0.11037804,-1.6311625,0.66208875
