A,B,C,D,E,F,G,H,I,J,K,L,M,N,O,P,Q,R,S,T,U,V,W,X,Y
-1.522491,-0.23703972,-1.7608252,-0.34647253,-0.42191744,-1.4110196,-4.6219034,-0.866498,0.3801267,-0.9730047,1.426112,-3.1251113,-2.6314576,0.16223855,0.20441318,2.4287326,-0.90752876,1.3014522,-2.9072595,-2.287865,-1.4158106,0.06543984,1.9946312,-0.7519587,-0.19711831
0.40891677,0.5151476,-0.6309197,-2.0305395,0.53396606,0.095289156,-1.8088162,-0.6662304,-0.57921904,-1.0974414,-1.1132035,-1.109739,-0.9922725,-0.026841898,-4.2386303,0.4569829,1.74528,2.3472347,0.055666864,2.1971529,-1.3945574,-2.4400902,-2.545693,0.47366247,0.49544293
1.8411186,0.29548973,-0.20027655,0.19494648,-0.11301392,-0.8777752,3.0580873,0.17476998,-0.4550729,-0.62735987,1.343436,0.7355093,0.10335316,0.108340144,2.9370759,0.86337805,-0.32670414,-0.06603068,-1.375192,1.1435763,0.57012105,-2.0782454,4.725621,1.3177058,-0.98639566
0.6876457,0.11910361,-0.1969806,1.3693419,-0.12042314,-0.155386,-1.2036581,0.42664266,-0.7573128,0.46600938,-2.5087824,-0.81468797,0.022566617,1.5934685,-0.39185083,-1.0141232,0.99786717,2.514605,3.135225,2.0553114,0.89089584,2.5346138,-0.02716896,-0.11073613,0.9905308
-0.89335847,1.5654165,0.8185788,0.9423109,0.40299028,-0.1746481,0.20883706,-0.64982873,0.73993766,0.66124165,-2.0985174,-1.0121396,-0.65103936,-1.0014822,1.5512807,0.3406385,0.395612,1.5120418,-0.008947521,-2.0415537,0.29801214,-0.5592315,-0.17297637,0.717657,0.7180782
0.66889393,0.3874635,0.39386952,-0.50236535,0.14570121,0.6166769,0.39239144,-0.9494586,-1.3942932,-0.064630374,2.2385345,-0.269922,1.1232073,0.5295343,-1.0292401,0.45832825,1.4245815,0.36115262,2.759102,2.3983583,-1.5401535,0.63628644,1.2525047,-0.45099163,-0.09093274
0.68074095,-0.72445846,-0.8847163,-0.30857718,-0.80864406,0.61832964,1.7082808,-1.0089582,-0.44602945,0.3975498,-0.25332266,0.34401417,-1.3176299,0.09775019,-1.7720796,-1.6882981,-0.10628458,1.8825016,1.4339932,0.93295395,-0.65741956,1.0801045,2.397151,0.35201272,-0.23179188
0.83566475,-0.39469928,0.20693451,1.9164076,0.50818163,-1.3245924,-0.09267318,-0.0045446455,-1.2185277,-0.17735367,-4.17949,1.8412455,-0.2568487,-0.18138668,-1.0729792,0.018929213,-0.38057077,1.1263379,2.0717087,-0.39444605,-1.1996342,2.0810945,-0.9342513,2.0638156,-0.097543
-0.458756,0.24803707,-0.87604773,0.93718874,0.40408075,-0.53968227,0.385451,-0.20809285,1.1127069,-0.2276216,1.464988,1.2821066,-0.31295136,-0.27847773,0.60725194,0.3081657,-2.2735982,-0.6025517,-0.21795961,0.77976114,1.4809718,-0.71065795,-1.2637382,-1.6670948,0.02714771
-0.45257902,1.101892,0.15119287,-0.9016984,-0.018049061,0.96324086,-0.0091692805,0.5113913,1.7313548,0.3038404,-0.2174089,0.38201964,0.74779916,1.2480502,1.1116906,0.6788532,-0.30713463,0.21203756,-0.28023943,-0.5020861,-0.16191655,2.0860791,0.4103187,0.51000094,0.56679964
-1.0004035,0.7293178,0.57511646,0.54860246,-0.11292553,1.188304,-0.01359972,0.8195462,1.0035967,-0.32221934,-1.7321802,0.18719089,0.21912625,1.5603944,1.6022143,0.7497636,0.6282978,0.11706412,-0.27061492,0.7572134,1.407736,-0.0038380623,-1.5196712,0.8761346,-0.94948035
0.0752449,-0.60113907,0.44890416,-0.28193015,0.00040376186,-0.8254591,-0.25295568,1.39221,1.101792,0.45827067,-0.69953305,0.072057486,0.6495863,0.79010105,1.7004663,-0.2310828,-0.79591537,-0.18986987,-0.005126318,-0.58072996,-0.47193044,0.29646045,0.43280965,-0.82318693,-0.45201367
-0.19619659,-0.22473058,-0.22555691,-0.059050947,0.18805818,0.94100976,-0.27957225,-0.57590896,-0.92709804,-0.09458643,-0.40475237,-0.51418483,0.41772455,0.6984636,-1.7273787,-0.43422288,0.10235092,1.2915226,-0.58459085,-1.1048139,0.7384834,-1.4389693,0.049790576,-0.78716475,-1.0466856
1.1518393,-0.03332448,0.19235653,0.5226256,0.9774145,-1.661222,0.88722026,-1.2227046,0.35617468,0.32520688,-0.103669,1.5626253,0.07233402,1.106044,0.13512713,0.51951516,0.104834266,0.7106361,-0.74025863,0.8988175,-0.64848185,0.6171112,-1.0634584,0.946947,-0.25476453
0.2315836,-1.2280704,-0.60149,1.1104939,-0.79039407,-2.2558856,-2.5190413,-0.12779526,1.2817113,-0.9204714,-1.1850377,-2.4177735,1.1573603,-0.397964,1.6194782,-0.7704997,0.7539789,-0.5548946,1.5655485,0.6201252,-2.7928052,-1.106446,0.23943976,-0.31207496,-0.99700403
-2.0634706,-2.2056174,-1.5930574,0.07363255,-0.5019232,-1.5603104,-0.28920278,-0.19198495,-0.6392547,-1.2379609,-2.5160198,-0.51339614,-1.4545348,-0.65004665,-0.658354,-0.92406684,-0.7893041,0.50307846,-1.2809056,-0.89230967,-2.3260427,1.1732826,-2.5174623,2.3860888,1.4941561
-0.37306428,0.5962104,-1.5418488,-0.8137194,-0.52415425,-0.0010614023,-0.77701426,-0.545933,-0.24015054,0.4372966,-0.9340006,-2.2700303,-0.84762526,-0.6770462,-0.70478314,0.109413445,0.6059567,0.78738964,-0.64780545,-0.2880212,0.41082343,-0.18445373,-1.203196,-0.79075646,-1.8924012
-0.22201651,-1.1803814,-0.16120523,-0.7613461,-0.49874783,2.4741464,0.7683568,-0.49696815,-1.4631519,0.70481133,-1.7775369,-0.032247365,-0.3640882,-0.7105228,0.8576976,-0.14086759,-0.6268661,-1.8628939,0.65588933,1.0702052,0.16475122,0.4224408,0.17606087,0.18370494,-0.2872337
0.9788001,-0.99592817,-0.2382929,0.8661,-0.50207984,1.247134,0.39340788,-0.39845735,-3.3314707,-1.1778362,-0.09968012,1.1185238,-1.2910967,0.48666555,1.6866155,-0.3616277,-0.6465834,-0.9672845,0.6536385,-0.22439516,-0.42620474,-1.0155857,1.3669616,0.56187797,-0.6494386
-1.1510553,-0.49475121,-0.64469004,1.6497073,-0.025629282,1.9706113,1.9396524,-0.09695807,1.5369309,-0.042776123,0.06195614,0.06019509,-0.24904151,-0.097195774,1.1594703,-1.0231295,-0.33870068,0.9949176,3.5150394,1.9701113,-0.40441257,-0.28380126,-0.4069614,-0.026571095,0.96060526
-0.2361598,-0.11391946,1.023124,-0.2600977,-0.119657576,-0.67396665,1.2655232,-0.94482654,-0.5905402,-0.64206684,-0.90175503,0.9913058,0.5052272,-0.06629217,-0.91675985,0.7312911,0.7075827,-0.976658,0.09783733,1.691886,-1.0806363,0.67439353,1.480145,0.08862889,-1.1745028
-1.6433004,0.9706063,-0.43860543,0.2287054,-0.089214206,-2.1211565,0.8083768,-1.4645469,0.38944364,-1.7978425,2.571467,-0.5539526,0.43187237,0.29064474,2.539119,-0.6077618,-0.047664274,0.584049,0.92189324,2.142591,0.76987594,-1.5769699,1.1279252,0.52309024,-0.10078144
-0.71919787,0.0628292,0.5617287,-1.9817771,0.21443143,0.25387847,1.9768697,0.39887944,0.15068148,-0.08453888,1.2311856,1.5812917,-0.0027419329,-0.19100481,0.39744473,-0.45279783,1.8911271,-0.14735222,0.7997272,-0.33372927,-0.9938213,0.0025393814,2.4725912,-0.49518967,1.3526716
0.4014657,-0.5304014,0.6845748,0.00808683,-0.44579756,-3.717292,0.9239116,-0.48482347,-1.0764538,-0.12783353,0.6307591,0.8064078,-0.4548389,-0.20747909,-1.6075253,-0.2633156,0.94849104,-0.3195665,1.3415817,-0.07286006,0.115377516,0.17285818,-2.0360873,0.15875232,-0.11654277
0.92502975,0.39789557,0.17482254,0.32970667,-0.10221173,0.79510623,0.5553197,0.9051604,0.7721973,0.5781502,0.66901326,1.1396812,-0.5107056,0.8597847,-1.5023189,1.012603,0.4710682,-0.89798045,0.2181586,-1.0487667,-0.1315214,1.5732586,-1.4073131,-0.7410429,-1.0612966
0.8730928,1.2733731,-0.1136689,1.6594903,0.49753332,1.6768533,1.9774785,-0.45773715,2.9662986,0.6817076,-0.31362027,0.8315593,1.0567361,-0.4051608,-1.7638857,1.1891272,0.04214257,0.3305025,0.27929854,0.20520204,0.012168322,-0.51613986,0.7127513,0.93880045,0.9650363
-0.12571979,0.3312188,0.8292657,0.12339339,-0.5428957,0.018222798,0.38610107,-0.23839192,0.45563325,0.37786892,2.1196787,-0.5506075,1.792415,-0.56476593,1.6912801,-0.19732293,-0.8149329,-0.104044676,0.91979134,4.169919,2.3369768,0.6154743,3.2276807,1.740547,0.72688025
0.65548295,0.8768587,0.47811806,-0.7875875,0.28615665,-0.8334935,0.49057806,1.4374729,-1.639715,-0.9394849,0.07580738,1.8005741,0.17783597,-0.13328533,2.1520298,-0.1761398,-0.83210313,-0.51284444,0.17948401,-1.0930896,0.31103176,-0.26056483,2.9074829,-0.25102603,0.35472232
-0.7211766,0.3904243,0.1991587,-0.005913645,0.12889439,-0.28529438,1.0920851,-0.011392653,-0.19688654,-1.1478193,-0.6542009,0.7955829,-0.3423046,1.0004764,-2.2773438,0.96485054,-1.1197001,1.6835171,0.40647262,-0.71688664,-0.9266939,3.0985117,-0.32368112,0.14429647,-0.41547984
-0.1952587,-0.7900005,-0.38886115,0.9431282,0.61666477,-1.7521353,-0.2380395,0.07598832,1.020521,-0.46176136,2.516769,-0.26821765,-1.0766095,-0.088351846,-1.7461417,-0.3938684,-0.36060148,0.37753588,-0.6173766,1.2631952,0.8101263,-4.8304133,-2.0991473,-0.48311144,0.61126184
-2.0307357,0.18251544,-0.8627907,0.4644481,-0.4531676,-0.898421,0.30139133,0.37826803,1.353777,0.4619292,-1.6081805,1.4978157,1.2723727,-0.85003966,0.08693385,-0.18957894,-0.40411618,-1.4067612,-0.77157843,-0.91386,1.1634943,0.18229355,-0.23970264,0.34713876,1.3382537
0.54288864,0.8710924,0.014431,-1.3468904,2.2869053,1.9140552,0.3680365,0.42226154,1.6938932,0.46756747,1.9160631,0.11600539,0.075897515,1.1547236,-0.4796055,-0.88319135,0.352574,0.46544337,-1.5291255,0.77550507,0.8978936,-0.008901298,-2.1778605,0.21979335,-0.031907916
-0.2902763,0.49789166,0.45892227,0.07678157,1.2937331,0.27497023,-1.6635796,-0.53527856,-0.19955769,-0.32313257,-2.5373917,-2.982145,0.34175542,0.66416585,0.9737012,-0.6910561,-0.63884515,-0.24997501,0.21414983,-0.26963508,-0.2546444,-1.168253,0.70417637,-1.0728419,-0.7018925
1.2025682,0.258557,0.36645576,0.31122744,1.1031591,3.2868578,-0.56166923,-0.018442348,0.59601957,0.7710329,-3.6228452,-0.8476963,-0.54952335,-0.25583276,-0.2667428,0.7519878,-0.4817543,0.21713749,-0.49307013,-2.2819772,-0.35366017,-2.4826508,-0.8017546,-1.8196546,0.3175671
-1.2195731,-0.9433349,-0.90162027,1.5650117,-0.004894525,-0.74073017,2.1358986,-0.8246169,0.022899037,-0.8417316,-0.47073865,0.6953877,0.1389214,-0.99412966,-1.2494476,-0.42692876,0.4828568,-0.20318994,-1.3927501,1.7699757,-1.8921418,0.5486402,1.2819827,-1.2555909,-1.6511463
-2.2363722,0.3741988,-0.8691716,-0.9811748,-0.91531944,-0.26034212,-2.7909942,-1.290032,2.021317,-0.87345743,-1.2603192,-2.1405234,1.0679457,-0.5566671,-1.3508499,-1.4449815,-0.41209668,-0.47454643,3.7741864,3.3533058,1.550266,3.5606506,0.5426465,-0.9934019,0.83746195
-0.98632824,1.3422644,-0.6609197,0.3062101,0.99305344,0.15679312,1.3863481,-0.22493413,0.20481294,1.3116567,-0.30754015,1.7638882,-0.4821525,-0.5034738,-0.0590113,0.72024316,-0.3111993,-0.032175034,-0.19218314,-3.1962352,-1.5873542,0.52065605,-0.22874272,0.6159014,0.46688837
-1.1800277,0.602569,0.8598175,-2.200595,-0.53763956,-2.53351,-3.2014298,0.3774466,0.42978573,-0.4523199,-0.96266776,-1.9512439,-0.8135443,0.7246519,-1.2042371,1.3420948,-0.36352178,-0.29783735,1.1382828,0.7677371,-0.34169102,-4.055301,0.47615647,-0.4360036,-1.9955482
0.48893666,0.6004445,-0.46553534,-1.2443852,1.0717798,-0.5256752,2.0228894,-0.6157269,-2.0366282,0.3354395,-0.93083036,0.9946146,0.9384087,-0.2380525,1.299006,-0.5090042,-0.87018675,0.40166625,-1.9642674,0.8099694,-0.23634633,1.8417858,-0.6950418,0.2087788,-0.40507105
0.39112335,-0.07410961,-0.97767,1.6443862,-0.44812968,2.7145295,-2.0423374,0.40927088,-0.5961899,0.083762474,-0.49214476,-2.0417757,-0.6236993,0.044673063,1.0961486,0.33034047,-0.2188387,-0.73780316,1.7249401,0.59015524,-0.104262106,-1.2083782,0.6385412,0.35771304,-0.24438924
-1.7029247,-0.42945683,-0.92989016,0.87052697,-0.09613252,-0.31939846,1.1616669,1.1488072,-0.36996433,-0.035357744,0.3333814,0.8886763,0.9588183,1.0339606,-0.29963565,-1.2127389,0.74310553,0.6271924,-1.0660957,-0.68043524,0.20802246,-2.0561085,-0.75928354,1.6511258,-0.6538705
-0.6763952,-0.60375035,0.48045018,-0.92347527,0.60056347,0.22758178,0.83010244,-0.036080733,0.1608198,0.16940653,-0.2518935,0.0947147,0.71958804,0.98577315,2.02651,0.7322543,-1.4001992,0.9438216,-0.60181797,-0.9303701,-0.33085814,0.87686163,1.9599031,-0.65514874,0.6782729
1.1201508,-0.45988277,1.1601222,-0.3492136,0.4969192,-0.07182932,-0.82240117,0.29354963,-0.23966515,0.14027292,0.5664704,0.027195007,0.34182364,-0.2810581,-2.802515,1.4972861,1.1288238,0.6109171,1.0642817,2.061101,-0.74174035,-0.2640555,1.5485246,-1.4486806,-0.7005855
-1.6422884,0.0842313,-1.2231936,-0.07943368,0.33218163,0.2582631,0.576583,-1.5432763,0.4559443,1.0110452,-0.44168958,0.8620217,-1.0924366,0.86774683,0.19391768,0.08132893,-1.396538,-0.22053564,0.9805244,3.2300196,-0.047368646,-0.29906023,1.2158967,1.4468586,-0.03992395
-1.557442,-0.21088684,0.1534431,-1.8268207,0.40199482,-0.26717347,1.7592909,-0.36779004,0.52891004,0.01770188,0.6070681,0.875366,-0.19959064,0.81029963,2.2172217,-3.8689885,-0.15797248,0.9139336,0.28534544,0.8838521,0.0484432,0.26410672,1.9193196,-0.76643306,-0.18122607
0.53141624,0.63925934,0.31310967,-2.5438638,-0.040501714,1.0670426,0.19609505,0.642804,0.29759133,-0.5672364,-2.9583976,0.2679074,0.16996893,0.23197211,-3.2021537,0.9169784,1.1514482,-0.6229921,1.1311388,-2.2442386,-1.2760739,1.7694907,-0.7151792,-0.16288109,0.9437494
0.8163206,-0.296095,-0.35491812,0.96178067,2.0205574,1.256698,0.9058871,1.0542485,-0.48571488,0.4893908,-0.32807434,0.087668866,0.35650653,0.53833216,-0.8897321,-0.64780605,-3.5966911,0.712078,0.27668953,4.4947815,1.1273656,-0.4116225,-1.3140819,-0.4472907,-1.3101946
2.797676,0.13661739,-1.0513098,0.4616718,-0.4508591,-0.8123187,0.5757586,1.123698,2.295509,1.3583163,-3.384786,0.86722964,0.4074146,-0.20645651,1.4858457,1.6960658,-1.0720234,-1.2732124,0.63276,-0.81834143,0.96444684,-0.26831257,3.082525,0.25563428,0.13401356
0.14528796,-0.27929515,0.24549554,2.589148,-0.8871534,-0.5856477,-1.401696,1.2506561,0.6264069,-0.2722769,-0.100894466,1.2963734,0.05283636,0.28999707,-2.2947745,-0.5658517,0.83185256,1.2573738,-0.4478393,1.6702356,-0.51673573,-1.9981097,-0.3586117,-0.17812826,1.2512957
0.97060126,0.20892286,-0.9092211,1.7920046,-0.35200208,-0.0034688115,-1.2593954,-0.6161951,2.0366378,-0.15168582,-1.2256014,-0.63410634,-0.18727428,-0.21544467,0.8190974,-1.3832192,-2.1951096,-0.47786456,-2.4498568,-0.41621187,-1.0271611,-0.21266572,-1.012285,0.29152936,-0.65945315
1.0525444,-0.40886766,-0.67132765,0.80716765,0.34090692,-0.36937484,-2.5346317,-1.032152,0.4889078,-0.29409176,-2.3285313,-2.5522203,-0.20244291,-0.7384186,-0.93049514,-0.29597428,-3.801576,0.0035369098,-0.5605941,-0.84729004,-0.41809553,-0.9799433,0.051408887,0.551185,-1.3597345
-1.311515,-0.5579674,-0.34178343,0.20352256,-0.12646975,-0.68032604,0.5490614,-0.2858398,-0.58140767,0.21240672,-0.43387544,-1.5109946,1.744713,0.27376226,0.84992623,0.33676946,1.29133,-0.010604354,-0.6606559,-0.28766748,1.3692797,-1.4234685,1.2552197,1.944191,2.0073078
0.8662668,0.47619528,-0.76274997,-0.40888208,0.17560107,1.8694837,0.17913428,-0.20519227,-0.91635346,-0.49344933,-0.2548414,0.77818877,0.6822199,0.8379638,0.9694593,1.1637554,0.19166175,1.5742714,1.067922,0.7898542,-0.6110897,0.30865112,-0.92956215,-0.19229484,1.5448513
1.1043402,-0.2442274,-0.3065116,0.82590324,0.40774253,-1.531841,-0.5052344,-1.6951892,0.53379536,1.1431466,-0.061077118,0.32998845,-1.4174691,-1.268884,0.82189447,-0.6123689,-0.30594483,0.07138908,-1.1651893,-0.46524262,-0.34201592,-1.2846434,1.6876254,-0.08365076,0.9568819
-0.39128888,-0.53590745,-0.34901798,1.892953,0.00543198,0.25025925,0.6850575,0.6451597,0.8375504,-0.77365917,0.46261847,-0.07668772,-0.51829135,0.34757024,0.2926821,0.040183768,-0.6237956,-1.1191163,0.6930565,-1.3053861,0.1885073,-0.052821144,0.035653953,0.1855875,-0.27867723
0.19053131,0.5048647,1.7012439,-0.6042079,0.9299156,0.8915429,1.4301105,0.77281713,0.7854923,0.5564204,0.9724949,0.8528774,1.5206374,1.1289523,-0.44740015,1.1984665,1.0668098,0.72856116,-0.93709797,-0.33666942,0.980586,0.789617,1.5591612,0.23729126,0.18896687
1.1425831,-1.3942323,0.9785471,-0.12658252,-0.30329087,1.5247813,0.39760503,-0.015358895,1.7311584,0.5218582,-0.08326282,-0.48685786,-0.26675916,1.1421971,1.2921227,-0.7535212,-1.0261922,1.1807275,1.4511704,1.9809663,-1.3403403,1.9349172,0.8140706,-1.1377788,0.2959687
-0.5972135,2.9681234,-0.38217866,0.80382574,-0.6500368,0.8886006,0.91572493,-1.0840092,-1.3363354,0.13052738,-2.3872902,1.4052104,0.9749942,-0.05599466,-1.0278023,-2.4689682,-1.2786955,0.10013066,0.9285261,1.187182,-1.1220762,-1.2323155,0.67880946,-0.0037021488,0.29930633
-1.4939373,3.0167189,0.045821868,-1.4307929,0.40336293,-1.1399851,2.9708257,-0.56989,0.57862675,0.026091129,-2.5620043,0.53159344,0.23628834,0.000933975,-0.43344498,1.2172025,0.7274885,-0.06962329,-1.1187148,-2.8079004,1.2204895,-0.72298,-1.3885653,-2.02795,-0.4609843
0.62621176,-0.073764324,0.16116698,-1.3912684,-0.6850503,-0.45820525,-0.66826606,0.28854972,-1.9617283,-0.29494998,0.08227682,-0.04456538,-1.282811,0.3025273,-2.9076633,0.6559959,-1.8372109,-0.4161269,-1.6671462,-0.0044368505,-1.7293922,1.3718308,-0.44042885,-1.9590763,0.55042297
0.92986023,0.395803,-0.4805255,0.26875886,0.6504491,-0.47710896,-0.011652231,-0.8237461,0.4380906,0.30583915,-0.0024288031,-3.1078906,-1.2181826,-0.096516505,-2.1030245,0.23029885,-0.7079729,1.6586823,-1.0486491,1.9060984,-1.635912,-2.0508242,0.6961634,0.20590901,-0.49244
-1.3218492,-0.46957514,-1.6930892,-0.26177025,-0.11276867,0.355422,-2.9492333,1.0630441,-0.85100955,-0.5071861,-2.3964918,-0.14839426,-0.3080739,-1.0822532,0.6432429,0.35792616,-2.1838202,1.6468039,2.0861738,1.5975883,-1.1834462,-0.16568513,4.2307396,-0.91257477,-0.5926211
-0.4199671,-0.5676273,-1.1720874,-1.5071219,-0.45712835,-0.7941538,1.6575067,-0.7201084,1.3220559,-1.9080541,-0.29718214,0.6542372,0.15601544,1.5499363,0.6913302,-0.7834836,1.6340716,-0.2975648,-0.45176244,-2.0206869,-1.3893691,-0.2699566,0.65087444,-0.18734479,0.47248796
0.61067176,-1.1321888,-0.81655437,-0.93329173,0.26406884,-0.32668188,0.18152273,-1.1886059,-2.0576892,0.3433076,0.35315183,-0.50783134,-2.4587345,0.13160996,-1.6194725,0.5169665,1.1502129,-0.95657676,2.0047479,-0.43251693,0.42002857,-0.97712016,-0.27669987,0.30686063,-2.5341365
0.17755339,0.7234016,0.01112996,-0.25156164,-0.18872991,-1.640726,2.1394105,-0.18868673,-0.8718798,1.5550897,-0.6967717,1.9981618,-0.39089745,0.6586485,-1.7551819,0.27364385,1.1333479,-1.4850488,1.2974422,1.2202715,1.4528244,-0.45421097,-1.8910915,-0.24128771,-0.73637885
-1.3334945,1.2740939,0.8428967,0.11970841,-0.30190814,1.44117,1.8944223,0.5390822,-0.55685675,0.28246272,0.75493926,-0.38200587,-0.63273555,0.47218227,0.20396864,-0.82968384,-0.0674811,-0.615244,2.9658124,0.28831935,0.84800524,4.0336843,-0.8485724,-1.1699929,-0.19122054
2.1508806,-0.06590779,-0.7138827,-0.06197852,0.5569342,-1.1021748,1.2206268,1.809073,-1.6114572,0.047587097,1.2417638,0.79612654,-0.9100552,0.7236421,-4.2717805,-0.38086358,-1.3545113,-0.25808483,1.315523,-1.1994103,-0.9324724,-1.038441,0.12848917,0.60929203,1.4645975
-0.84671336,-0.7492632,-1.0142415,1.9684174,-0.47502095,-3.0274422,0.272137,0.36642775,-0.09307456,-0.33290043,-0.6861676,0.06838474,-1.7959709,0.016779035,-0.80246055,-0.32575986,-2.63701,2.0852027,-0.13933647,-1.9388254,-1.0572016,-0.9601326,-1.8045386,1.8579392,-1.0927534
-0.28293443,-0.9881085,-0.3433998,-0.24419156,-0.39815855,0.94572484,0.40775302,-0.24020587,0.3099248,-0.4269432,-1.9757881,1.5185198,0.39821285,-0.42459813,-0.16664392,-0.34059665,-0.2162814,0.31685114,1.0208892,0.70186675,-0.06566951,-0.71146005,-0.055218935,-1.3673215,1.6955702
-0.22946578,0.22103636,-0.6358654,0.4553032,-0.38640022,1.1282343,0.2708645,-0.1378888,0.8927955,0.07691151,0.15126756,0.5348555,0.017017722,0.39556512,-0.44471583,0.84501207,0.26405472,0.30036733,1.9225411,-0.29701936,0.3259416,-2.0980387,2.1229136,-0.31114304,-0.701043
0.6500751,-0.058613617,-0.082874656,-0.028982475,-0.09830087,-0.043702096,2.5925279,-0.1548908,0.4219712,0.7067636,1.6850349,0.042552352,0.8073729,-0.068915635,-0.78619194,0.12768316,-0.35295403,1.9967372,0.7729506,0.2051428,-0.8797047,1.9275541,-2.3019075,-0.10877614,-0.5776043
-1.5947827,1.3268732,0.091746435,0.5357028,-0.9995136,-0.21912003,-0.006165862,-0.44905448,-0.41748694,-0.100365385,-0.6411125,1.816745,-0.8149023,-0.47029117,0.6175462,0.3850803,0.9664643,0.41915682,3.495679,1.2998732,-0.44844678,0.1697222,0.6455423,-0.81642985,-0.6191796
0.12144822,0.70439,0.8032099,-2.020482,0.36214316,0.29995507,0.75149965,0.38039875,1.0561792,-0.9987631,1.1077359,3.462013,0.09764579,0.71791637,-0.104854345,-0.52861243,-0.34483832,-0.10350914,-0.6025684,0.68927944,0.43609983,-0.17298679,-1.1197342,1.6630903,1.0451913
0.9250847,-0.81388223,0.013158321,-0.099716544,0.6465993,1.2197568,-1.1928947,-0.51982796,0.43636003,0.5451973,1.7267461,-0.29208627,0.65179235,-0.48805344,1.8935933,1.9177444,1.1817524,-0.4151947,0.16635415,-0.9556515,0.5099857,-0.6827927,0.94446206,0.27845597,-0.43575543
0.80245984,0.2521562,-0.008111201,-0.92939943,0.26926595,-1.614142,-0.35054308,0.21703821,1.0081298,-0.5836694,2.726241,-0.08907536,-0.45254642,0.31344324,-0.9150867,1.3214068,0.17272806,-0.27684146,-0.17463574,0.30294552,0.4387955,-3.6722841,-1.1163054,-0.44227225,-0.14174846
0.5170175,-0.44851848,-0.62495375,1.5860639,-0.348022,0.30463707,2.2648358,0.72731525,1.5775654,0.057020143,-0.8499583,1.5777888,-0.6230695,0.7501553,-0.033533156,0.6221143,0.4259124,-0.62448967,0.38605553,-1.2533484,2.4699845,1.9766057,-0.047147334,0.21752772,-1.7747984
-0.3865904,-1.2016683,0.6674681,1.2606423,-0.14798397,0.18279885,0.94528955,0.616516,0.67429006,0.16865161,0.40191722,0.7007543,1.7367735,0.4867477,1.8787086,0.45974386,0.31709522,1.0295967,1.7439187,2.1509702,-1.4025218,3.1845677,0.9770105,0.99093944,-0.2559283
-0.62472624,-1.3945525,0.14480305,0.76666665,-0.061913416,2.3030446,2.1230602,-0.9456307,0.064299405,-0.1013359,-1.0806483,1.2433527,0.14276439,-0.94768393,-0.22781038,-0.60177016,0.7566193,-0.26351377,1.1548175,2.2107384,-0.10250211,-2.5563796,1.6776718,-1.1831228,0.31221518
0.07912326,-0.5294118,0.069635615,1.2206228,0.0036390722,-0.8168289,0.7220541,-1.2460229,0.83884555,0.19213629,0.000518322,3.180183,1.373033,-0.17204355,2.3020492,1.4895592,-0.48946768,1.7516223,4.053296,2.2510977,1.8709456,3.0585523,0.7362611,0.44773707,-0.5560787
0.91214466,-1.1595896,0.08366603,0.1563224,-0.24693102,1.6991394,-0.5500235,-0.03067565,1.7847661,-0.20324937,1.9778949,0.91449434,1.2078532,0.451791,0.909415,0.4860473,-0.17764002,-0.72869515,-0.71767926,0.16972989,0.22018325,-1.0240383,0.8566436,0.9717823,1.345409
-1.2445114,-0.21629542,-0.82649815,1.2703496,-0.61548597,1.5429069,-0.27293196,1.7827648,1.1935388,1.0139854,0.87466943,-1.226697,-0.82333905,-0.0029096156,1.236801,-0.4731946,-1.0899167,1.207309,0.6403579,-0.36571234,-1.07402,0.23926249,0.39701658,-1.3244655,1.1967114
-1.7302063,-0.45484725,-0.5226459,-0.5815568,-1.2780478,-0.4874161,0.80554974,-0.62026095,-1.0102113,-0.40778053,-0.25741625,0.5033487,0.78419447,0.27419975,-0.6989984,0.053925037,-1.5164036,0.068705976,0.5518575,1.6223559,-1.1731294,-0.27665254,-1.3806651,1.3110034,1.6525877
-2.1444972,-1.0996011,-1.2666996,-0.9231443,0.78687847,-2.5931678,1.2038107,-0.13449672,0.47352472,1.1183493,0.7850495,1.2161874,-0.34428275,-1.3974555,1.1953821,-0.98461676,0.9705287,-1.2668915,1.7015773,1.1774104,-0.70529795,-0.62030184,1.6159501,0.7990037,-1.3357178
0.085204184,-1.1233807,-0.23277506,-1.1905458,0.1551649,-0.7146833,1.871904,-1.0416074,-0.3815383,-1.5828949,-0.90948063,-0.23127902,-0.26579168,-0.20032512,-1.1328654,-0.29302615,0.76157,0.84702873,2.066945,-2.0654235,-2.635953,0.17670691,-0.29831648,0.15039194,-0.074404806
0.601739,0.5116549,-1.5199401,-0.16933699,-0.07557613,-0.6532101,0.083848536,0.802068,-1.5951077,0.7076892,-1.2407714,-0.8865195,-1.4217057,0.8503938,0.3916939,1.9347899,-1.4201143,0.43607536,2.1751835,1.402063,-2.304056,-0.9465739,-3.0422962,2.382888,-0.27948374
-0.7678477,-0.007929206,-1.3752973,0.9435793,-1.1079822,-0.011312552,-0.56407183,-1.0027694,1.2395029,-0.20571005,1.9804823,1.16442,-1.7496915,-1.2867771,2.4579568,2.265038,-0.639555,-1.4700907,0.009847701,5.7724514,-2.1019166,-0.50490344,0.6320445,0.52688515,0.74307513
-0.8130676,-0.71182126,-1.2320435,-0.03560102,-0.36456367,0.18359554,-2.7081947,-0.4686449,2.844145,0.6288908,0.35899916,0.01024358,0.72285044,-1.5428305,0.2679953,3.1258774,0.5914384,2.3826137,-0.06204447,2.6841545,-0.7208421,-2.928612,4.242422,0.09787097,-0.075381055
-3.6100862,-1.460133,0.79022944,-0.37204224,-1.6757715,0.52335274,1.2650299,-1.9472936,0.74720347,-1.2721441,1.4186873,1.3218304,-0.066208005,0.907387,0.5219718,-1.6736903,0.43383643,-0.25302356,-2.7297425,1.2434593,-1.1008463,-0.08063841,0.29302377,-1.212843,0.5759103
2.4971976,0.4019621,0.9201573,-0.17662752,-0.6552969,1.4309483,-3.2441006,0.5667249,0.6278136,-0.6696597,0.5911424,-1.950311,-0.29231608,-0.27101594,-0.3743273,0.50893927,1.1943462,-0.70177907,2.590548,-0.76508325,1.0356808,0.52947474,-1.4383593,-0.6498565,-0.34863198
1.8503668,0.40483242,-0.121445455,2.0819654,0.35039586,-0.4971366,1.468459,-0.26541656,-0.68454707,0.38219678,-1.9375778,0.8698367,-0.9821743,0.58220077,-1.5457224,1.0599635,-1.4086897,-0.65530825,-0.8434322,-2.8107862,-2.6498735,0.48647195,-0.9525837,0.024773031,0.95852727
0.4379701,0.21464458,-1.3984032,1.2048665,0.009102434,-0.6507637,-3.088795,-0.031120539,0.3059462,0.76473737,0.054544173,-3.4333472,-2.9946492,-1.1571488,-1.2059728,1.1946368,-3.4704285,-0.060866006,1.0395242,4.0019445,-4.958903,-2.9343991,0.19502701,-0.40464917,-0.33316082
-1.7296975,-1.0979673,-1.4324341,0.66271627,-1.2816637,0.0019746423,-0.6124568,-0.671376,0.64092344,0.066643566,1.7982569,2.3608828,-0.25437656,-0.6844865,-0.23083127,0.06754297,-2.8996775,0.49434572,-2.8142476,2.753821,0.06408611,0.10174775,1.820289,-0.9780124,1.09724
-0.52253515,0.054498404,0.18119049,0.9342257,-0.70810074,1.1420561,-3.190632,0.1593598,2.0368323,0.27423215,1.2140894,-1.966148,0.30460376,0.8552629,0.089947864,1.407725,1.3691411,1.1397681,-1.7408183,1.4302515,-0.12942022,0.2510447,2.8825681,1.3096138,-0.36154634
1.1658667,-0.8882284,-0.12972121,-0.6327221,0.49119413,-0.66235274,-1.3811578,-0.022215389,-0.50368226,-0.12674421,1.7231755,-1.4452924,0.7069559,0.45450908,3.4617963,-0.25994557,-0.15849674,0.5510447,-1.414826,1.0043257,0.0028241873,1.882972,-1.0557004,1.4239933,-0.19321361
0.4315945,-0.2926067,1.7989333,0.2677039,0.08442785,-0.06846282,-1.2973698,-0.7264797,-1.5710033,0.9604533,-1.0563774,-2.1729493,-0.3904873,-0.13943212,-2.5146313,2.2530527,1.2227193,-0.6431719,-1.8519688,0.41400608,-0.02925058,0.20290053,-0.08272253,0.053859055,1.4549637
0.23331328,3.1079273,1.4325525,0.14501473,-0.05193013,-1.5956217,-0.64075375,-0.04883991,-0.6136161,-0.14460568,0.8521596,-1.2101636,-0.5392064,0.33744058,-0.63325995,-0.10552874,-0.6988182,1.6119273,-0.309496,3.4304864,2.1820083,-2.4365606,0.21116248,0.9967731,-0.29522002
1.4610006,-0.37269953,0.61498225,-0.36644366,0.15201169,0.5578023,0.15287203,0.1985142,-1.0739727,-0.5530751,-1.0024643,1.2643517,-1.1748552,-0.49437284,1.4956635,0.83272856,-0.33992517,-0.9137579,-0.5595633,-1.9478874,0.13614917,1.2759773,3.267662,-1.1872036,-0.16360049
-0.23184638,-0.18903935,1.734232,1.79505,0.18995836,0.70876,1.3855759,-0.774186,-0.12565333,-0.8959628,3.0045002,-1.3355899,-0.012411132,-0.40115324,-2.076952,1.4655502,-1.0308387,1.912564,0.36000764,3.7399533,-0.21078724,0.82737726,-0.33184475,-0.63718367,-0.57405794
0.24730226,-0.60288304,-0.18824832,-0.37397644,-0.6525507,-3.565904,0.94011396,0.22394043,-0.12835455,-0.2926697,2.8070664,-0.30692965,0.17213865,-0.01851686,-1.4254091,-0.008379205,-1.0602311,0.11456221,-0.31949383,5.5381775,0.91492057,-0.6020301,2.7954412,0.6595301,-0.3678335
0.92221355,0.5896627,0.55553937,-0.21064806,0.5538888,-1.0952159,-0.7798605,0.4282453,-0.94489884,0.47649503,0.11774628,-0.6860664,-0.25099605,2.1651537,0.10773361,0.2650055,0.73384476,1.144865,-0.08706479,0.97498536,2.517135,1.5480418,0.9658602,0.6440904,0.26874897
0.5456218,0.7560731,0.77638155,0.23567271,0.8575171,0.2963075,0.14867471,1.8178809,-0.4945802,0.40524808,-2.3632007,-0.29169765,-0.34280875,0.17072625,0.3128659,0.99919206,-0.28993773,-0.04174027,-0.51942754,-1.6003839,0.5534706,-1.4714527,0.31455755,-0.1849156,-0.95817655
0.85946643,-0.4010626,-0.3944987,1.1582155,0.56491184,-0.021734245,1.5103649,0.97914046,0.47004557,-0.65350765,0.2009234,1.4214083,-1.0258844,0.7138965,0.4272296,0.40540212,-0.410482,0.8198354,-0.32903028,1.4392073,0.5504899,0.9409304,-1.2757576,0.6984495,0.20613414
0.18469337,-0.01871422,0.061529033,0.41928548,-0.752617,0.3583422,0.28845108,-0.14346074,0.9706893,0.26483154,2.1844447,-1.5586478,0.33101052,-0.42359078,1.0237814,-1.5688531,-0.9884399,0.45775086,0.14341754,0.8221245,-1.7219583,0.22271323,0.6288307,-0.62169725,-0.2021752
-1.0434527,-0.3087135,0.61384094,0.19987608,2.2824194,-0.50894046,-0.8438615,-0.2487911,-0.98645794,-0.28770888,-1.9731617,0.44519964,-0.17347881,-0.3986816,-1.5679655,-0.9359468,-1.4025385,0.48710138,-0.28881204,-0.57505167,-1.647319,0.34545007,-0.7072272,-1.2079308,-1.2239505
-2.2277431,-2.411993,-0.6758492,-2.2004635,-0.9890063,-3.0462294,-3.5444307,-1.3920536,0.57164454,-1.3665923,-1.2512915,-1.8455318,-0.4896911,-1.3982707,-0.14111829,-2.445691,0.14664853,-0.9184919,-0.026407063,0.630223,-1.3672125,-0.35358888,-0.02523309,0.7587179,-1.9024423
-2.6329768,-0.3792524,-1.1132283,-0.65092456,-0.68549716,-1.5064341,-0.7201846,-0.98951566,-1.217699,-1.3682888,-2.28912,0.7160826,0.214616,-0.5594631,0.9211333,-0.50359726,-1.4300666,0.18850279,-0.9215492,-3.0261352,-0.8493266,0.64367735,-0.86477333,0.30068138,-0.20842578
-0.4414768,-0.4356161,-0.6000434,-1.6872538,-0.29185137,-1.6918266,-0.46834654,-0.64470416,0.5177448,-1.3679367,-0.8985206,-0.4938736,-0.1951043,-0.07207021,-2.657467,-0.48100388,0.46322167,-0.7647185,-0.40625793,2.1936185,1.251019,-0.51768345,0.45057172,-0.015250325,0.120382845
0.65023816,1.6852409,0.2802595,0.5548266,0.29681435,0.19263259,-0.04073797,0.15281755,0.0017195856,-0.48207688,-0.05841823,-0.959571,0.71661097,0.6222278,2.4772446,0.093602255,-1.2770797,1.324629,-0.53939015,-1.122366,-2.3883758,-0.8564942,2.6798546,0.43835416,-1.0155072
-3.6959455,-3.337319,-2.082603,-0.17709556,-2.972272,-4.0308857,-3.1356382,-2.2465405,-1.6704031,-1.5232446,1.366286,-3.2536037,-0.8366685,-1.6708395,1.4290733,-4.4111586,-0.16099574,0.843206,-1.0643766,3.2676516,-2.9531846,-0.20937291,-1.1916828,-0.35150754,1.2121962
0.0023094416,-0.27723056,0.61543787,-0.31056732,-0.6182599,-2.151624,-5.544334,0.016335726,1.0168219,-0.36720228,-2.8707619,-0.22705045,-0.36315033,0.52620095,-0.3167256,0.25912738,2.353265,-0.6755874,0.053997338,-2.2200742,-0.17443347,-0.2721447,-0.2398895,1.3720603,-0.44377774
-0.16656974,0.14494196,0.62735045,0.3704119,-0.39849997,0.30116642,1.1789649,0.17057441,1.2345538,-0.2651308,-0.6489886,0.13972563,-0.5993651,0.10521717,-1.3332999,1.2724211,-0.81439376,0.95969474,-1.8297226,-1.6793567,2.2199693,-1.3495307,-0.2990301,0.3209195,-0.4768777
-1.0489683,1.1595448,1.543004,-0.3660518,0.8191161,2.6230495,-0.6358739,-0.36109024,0.0012636781,1.9477439,1.2657994,-1.0012811,0.06767261,0.9636607,1.1000521,-1.7391466,-0.80367076,-0.15043199,1.413019,1.7915136,1.3341513,2.627585,0.105284974,-0.541024,-0.43857265
-1.0590985,-0.31889054,1.0050328,-1.3955868,0.24829778,0.72166646,0.98145914,-0.08930142,0.4975708,-0.20874235,-1.1595162,-0.29941595,-0.18733685,1.3554457,-1.4043393,0.08863561,0.56807184,1.3474772,-0.8239889,-2.2009397,2.0063982,-1.4573457,0.81479996,-2.1041136,-0.16152284
0.25682992,0.21259832,0.41520765,0.35160673,0.9983089,-1.0697174,-0.07200757,-0.46100393,-0.56061244,-1.044763,1.5238094,1.7116311,-0.87305784,0.11403817,-1.2420752,0.5623241,0.8979722,0.117705345,-1.2343291,0.5294559,-1.1163427,3.5000057,-0.47935772,-1.4594398,-1.407907
-1.7592609,-0.27613842,-1.560328,1.3455174,-0.13177142,-3.0530818,0.13327956,-1.480145,1.0548183,-0.7076025,-1.6286858,-1.6795473,1.2568243,-0.7013584,-2.4374197,-0.44885498,-1.9285359,0.9782407,0.83665437,-0.8532169,-1.5432202,1.4593161,-0.13228753,0.20410691,1.5353395
-2.1842551,-0.63810456,-1.368917,-1.0995146,-1.0734472,-2.2457302,-0.17693245,-0.59112823,-0.38044488,-1.2940882,0.44792598,-0.48632658,-1.0639942,-1.6203239,-1.7104452,-1.367403,-0.5260782,1.570862,-0.51806736,1.2824678,1.5357875,1.086973,-2.4103706,-1.0723741,0.34523463
-0.19758666,0.009013712,0.01655227,-0.7145148,0.62108064,-0.7305918,-1.4486802,-0.017185152,-0.40085483,-0.80374277,0.98755974,-2.8603215,0.08948362,-1.5930365,-0.078270614,0.9378467,1.6314301,-1.142365,0.17758106,-2.429323,0.6916327,0.5387487,-1.4687634,-1.7826717,0.23592174
0.19292223,0.19339582,-0.10953884,0.56911564,-0.459275,3.8788419,0.7827628,1.2507294,-0.50894845,1.313012,0.53603876,-0.40418026,0.7781264,0.5075874,-4.07882,0.40169638,0.17747262,-1.1917667,0.00055515766,1.0281954,0.6719367,-0.6159149,-1.343416,-0.25659293,0.78450763
1.1138844,-0.41146052,-0.5222669,0.43770063,0.52116555,-0.613194,-0.60935366,0.275071,0.058946908,-0.1613788,-0.3757955,0.73690325,-0.4552345,-0.006499529,-0.4503663,0.36986074,-0.30789012,1.9886401,0.094227195,1.214375,-1.9171654,2.6820047,1.5347896,-0.832842,0.12644154
0.18690628,0.28279907,-1.2622948,0.6030537,-0.02230525,-1.6620474,-2.8565707,-0.82133746,1.3175957,-0.75038326,0.89213306,-1.566633,-0.6234411,-1.1733582,0.14895633,-0.30436805,0.8835699,0.2881639,0.054546483,2.1844862,-1.0434955,-1.5234969,-0.62720585,1.7298715,0.61671996
-0.19481608,0.3356459,0.3614267,0.71846104,2.7624,-0.7286115,2.0202093,-0.2324827,-0.033995867,-0.7642147,-1.0523782,0.89665556,-0.14994165,0.5285805,3.3235445,2.8090081,0.12874165,0.85885644,-2.4466605,-1.4139235,0.18002431,-2.2713046,3.4397523,0.08918542,2.4167714
-0.33914095,-1.7508309,-0.60496676,0.3148672,0.7470503,0.94117546,0.33907425,-0.4038359,-1.7823713,-0.25579262,0.15968788,-0.33148047,0.11128889,0.06322906,0.850917,0.59370947,1.4868456,0.14643395,1.4464493,4.8587575,-0.90733427,-1.8945487,-1.0477717,-0.34987977,0.6144382
-1.5135492,-0.44611114,-0.28674275,0.24475053,0.46243426,-0.2625898,0.4891833,-0.4743454,-0.507867,-0.30215603,-1.0652827,-0.03139043,-0.55795467,0.31325424,0.085300796,-4.3885317,0.71593297,1.4827001,-0.4812588,0.6983403,-3.0301964,-1.0684167,1.705231,-0.3362201,0.90205973
-1.4261711,-0.073705494,-0.64661694,-1.1509,-0.12197052,1.413498,-5.4009943,-0.7966102,-0.97641486,-0.5004941,-1.712327,-1.2591752,0.5913754,-2.2297006,-0.81144416,-1.5288255,-0.5902864,0.32622507,0.2508416,-2.973256,-0.9906651,-0.62918115,-1.9438281,0.10348719,0.0020044148
-0.9670349,0.5284439,1.2277825,-0.7760888,1.429439,0.84327185,-0.30940422,0.21959117,0.18572308,0.03564769,-2.5817497,-0.04078932,-0.81981456,0.44167894,-0.08797002,0.7296804,0.41205037,-0.9283663,-0.7881077,-3.3744895,-1.2548759,0.19781408,-2.5165641,-0.06519514,0.6177086
0.42806616,-0.15317827,-0.6755483,-1.0862491,1.4446068,0.44622964,-2.444464,0.13721347,0.5471433,0.12614942,2.5223718,-2.3722873,-0.863273,-0.50418675,-0.91911906,1.9034986,1.4093521,-0.9084079,0.23004493,2.1424687,1.1484355,-0.49530947,-1.2154858,-0.05627799,1.0315806
0.048705816,-0.060831815,2.8371701,0.033515908,0.13237849,2.8300526,0.5875209,-0.36650366,-0.72319853,-0.45146695,2.062718,-0.1731182,0.22742134,2.3302326,-1.2346482,1.4373887,1.045914,-0.59550536,-1.0989327,-1.7709179,1.1581258,-3.926318,-0.9109056,-0.6132395,1.5014681
-0.76735204,-0.6547563,-1.0319959,0.13890727,0.30585372,0.54622203,1.460968,-0.1008206,0.11205535,0.65487087,1.5822598,1.1254212,-0.787848,0.01908075,-2.2161114,-0.4956757,0.36055368,1.0615134,-0.19606411,2.3425581,-1.5408612,2.6435354,-1.185392,0.22160718,1.7426075
-2.2809787,-2.3004372,-1.2325325,-1.0730529,-0.34251952,0.6051636,0.7288253,1.4858108,0.043573022,-0.86834204,0.7992459,-0.024000138,-1.1797333,0.1464343,1.7203739,-1.3379066,-0.43925998,-0.67195636,-0.40603858,0.1551258,-1.9245906,-2.4201243,1.7919691,-0.103969395,0.63711303
-1.2720335,-0.672436,0.09007093,-1.3411912,-1.0918319,-0.29933527,0.7146338,0.4481246,-1.0918152,-0.6346085,-0.5169087,-0.6945038,-1.8301044,0.31418645,-0.654076,-1.5462875,1.6338589,1.3122363,0.3671105,-0.3729172,0.29169136,-1.0529377,1.3745143,1.0276607,-0.57634926
-0.078936085,-0.6735096,-0.10402006,-0.34549153,-0.17900798,-0.47283775,-0.33537692,-0.80494726,-1.73568,-0.9244065,-3.2954476,0.13980812,-0.04145153,-1.2027977,1.4186506,-1.6952897,0.90311784,0.11626715,1.8544023,-0.014826,-0.1274359,0.3126126,-2.9662476,0.5306579,-0.8767042
-0.17210773,-0.099850655,-0.06748462,0.8412404,-0.9145396,0.59646684,1.0523093,-0.16020201,-0.54769796,0.30958456,-2.9812021,2.1549482,-0.7869611,-0.5082474,1.7325236,-0.22014162,-0.008330524,-2.7317488,-0.3731473,-1.5320387,-1.0930694,-0.04209274,-0.16318351,-0.013077259,0.67997295
-2.2522507,-0.67785513,-1.0305316,1.7180052,-0.7983614,-2.4256902,0.078054756,-1.6603677,0.9806334,-1.6354065,1.2339957,-0.02849245,-0.8857713,-1.7587178,-1.4874996,-0.925194,-1.2923318,0.08312902,1.7365632,0.67385966,2.6505039,-0.96929,-0.108897135,-0.01796326,-0.02134128
0.50822544,0.52717286,0.19877648,-0.8584454,1.4063339,4.073374,2.780426,-0.81962615,0.31063813,-0.6817617,-1.0841885,0.36261106,-0.5613046,1.0639629,0.87398994,1.5686127,2.0738945,-0.19337505,0.27594715,-3.4442797,0.62898123,0.45111352,-0.28659305,-0.6295239,-0.08035341
0.35897195,0.59817654,0.19074628,1.5032039,1.0614552,-1.8250041,0.54575956,0.75776374,-2.1139808,0.928667,2.3499622,0.36926684,-0.24341878,0.37505975,-2.1676111,0.28937012,-0.931717,1.0015471,0.052124143,2.3110347,1.3052764,-0.32817394,0.40368748,0.502595,-0.3616
-0.40484357,2.3336308,0.37865698,0.68381155,0.55518687,0.7061352,0.5032127,-0.62144196,1.7352599,-1.1407483,-0.3364522,-1.2862741,0.67193913,-0.013307996,0.62325543,-0.20878154,-0.25415185,1.0785916,-0.5691285,0.71005565,0.38691175,-0.20506065,2.859679,-0.76995194,-1.9154103
-1.7367661,-0.5325836,-0.51155996,-0.597544,-0.15789688,-0.5849658,-1.0034026,0.055447847,-1.1955549,-0.56445557,0.8630022,-1.0954819,0.13228554,0.09164135,0.8965336,-0.74710214,-1.3367515,1.159818,1.3862944,-1.0236651,-0.09322083,-0.30461493,-0.91296476,-0.41501245,0.30863416
-0.22868606,0.5884524,0.38975,-0.25593638,-0.2693358,-2.2558784,3.6194305,-0.3171791,-0.344441,-0.09513512,1.1831589,1.6461413,0.6609546,-1.1359599,-1.9696494,-0.47239053,-0.7862614,0.92392904,-0.24918646,-2.5578485,-0.6808839,2.011354,-1.6846881,-0.4529632,0.7968193
0.2099514,-0.2642898,-0.14778517,1.2269578,-0.20494887,-2.922575,-0.61912334,0.20857999,-0.0074729025,0.3666289,-0.8796624,0.07059854,-0.3803575,0.04461098,-2.0228348,0.04208395,0.15993324,-1.2412356,2.2706,-0.4794067,-0.58902645,-1.3809975,-1.3914033,-1.0323839,-0.72434866
-0.83955246,-0.13264091,-0.27965653,0.25821275,0.02971597,-0.52091557,2.118479,0.10572386,-0.13048935,-0.49703395,2.071827,2.2757514,1.3511813,1.0770674,0.2846864,0.11291908,0.49091184,1.6657825,0.5053054,-0.024395287,-0.27511802,0.4126145,-2.704406,-0.7142798,-0.18387437
0.01817418,1.017565,1.3020618,0.4650352,0.012168985,-1.4123662,1.0547087,-0.11115637,1.1111436,0.23768115,-0.5514294,0.22494847,-0.504669,1.1677321,-1.541156,-0.9522637,0.4147164,-2.8861904,0.88028765,0.5839577,0.9303424,0.981824,0.86786014,0.4306137,1.032992
-1.218165,0.7505392,-0.12019095,-0.109987274,-0.04874435,1.0980139,-1.2303333,0.09706947,-0.31082645,1.1567314,0.33784118,-0.13760553,0.7329323,-0.2235305,-0.16673177,-0.4730335,0.17268765,0.9964795,-0.23403285,-0.7569111,1.6047121,2.969812,-0.85374033,-0.2884248,1.8180001
0.47850984,-0.071995854,0.48099172,-0.631355,0.21670039,1.1672794,-1.0343331,0.1397006,1.1645488,-0.16613281,0.73270607,0.14041612,-0.3205679,1.0446846,-0.99122864,0.37378377,-0.00848186,-1.3029138,-1.7944653,-2.081602,0.27615693,-2.0564675,1.0390213,-1.1783866,-1.4579319
0.7890036,1.7325015,1.5955117,0.41471255,0.83893573,0.29800755,1.6046329,0.06265077,1.3101573,-0.31657118,-0.57819194,-0.029952407,-0.28347492,1.9994004,-0.89924467,1.3275146,-1.961521,0.34345973,-0.088754,-1.5171802,-2.2340596,-1.044537,-0.15419084,0.54721326,0.23137127
0.12405223,2.5620883,-1.2078602,-1.0761768,-0.43626273,0.11162013,-0.6370073,-0.98306775,-0.023136824,-0.071078405,-0.26078835,0.2302871,0.14255513,-0.78570426,1.3851671,-0.26486623,-3.1371288,0.36591837,-0.37422192,5.1174273,-0.24764085,-0.2333039,0.29195917,0.11105728,1.135446
0.8211207,-0.9021742,0.44501117,-0.7610711,0.34736317,-1.0466495,0.3388852,1.1310701,0.77424276,-0.6710794,-1.1343783,0.76159686,0.20467567,-0.062423736,0.18302104,1.395001,0.16362733,-0.6107942,-2.0123982,-1.3209717,0.21864116,-1.2395543,3.2992167,0.7235968,0.1726174
-0.08838777,-0.07564875,-0.0063949227,0.8860122,0.5615124,2.012697,3.1446557,-0.36430863,0.087240994,-1.4109747,1.425549,0.5852818,-0.3882962,-1.08942,0.81755155,-0.7838195,-1.5086906,1.5774581,0.501538,4.9249477,-1.8206154,1.026587,-0.73903024,0.54757285,1.058649
-1.0629225,-0.88451755,-1.5345553,-0.75436854,0.08045461,-4.0207562,-2.728952,-0.38729182,0.8794743,0.21849394,-0.008863986,0.60291964,-0.86485887,0.19463828,2.4573288,-0.4989953,0.011446625,-0.35358185,1.4109757,2.195289,-1.5934751,0.75492513,2.8137074,0.37901497,-0.013368309
-0.10647386,-1.9931685,-1.1710504,-1.4635085,0.29510576,0.736178,0.5076097,-0.08851701,1.1433332,-0.93167746,-0.3160196,-0.39620966,-0.6546428,-0.99632925,0.50917923,0.46602136,1.6842,0.4761635,-3.1655762,-2.6320894,-1.3924862,0.7707576,1.8250241,0.497711,-0.17866266
-0.2797101,-0.20204787,-0.25384983,-0.6950309,0.28914577,-2.2526107,-2.5537493,-0.31302333,0.56688887,-0.027500033,-2.1096046,-0.15431696,-2.6023698,-0.08772206,-0.71901333,-0.282047,-0.20873713,1.2671659,1.7798922,2.1020558,-1.5670271,-0.27996498,0.439415,0.6598189,-0.3210057
0.17859429,0.24148315,-0.38328987,0.16383469,-0.71760195,-0.5981533,0.8798541,0.64519894,2.724808,0.9319059,-1.7250209,0.85206103,-1.2343096,0.19553381,4.373739,2.3615866,0.7532008,-1.1402923,-3.2084906,-1.2274814,-1.6060394,0.5862678,2.9800684,1.3587496,-0.012509041
-1.2689966,-1.2654368,2.2133057,1.5819302,0.19033429,2.3302863,-3.1899767,0.071495384,0.6075007,0.35298276,-0.26166922,-0.43985164,0.5371527,0.6123983,0.51294976,-1.2950468,0.89123213,0.972162,0.67670894,4.5681314,1.2297801,-2.191341,-2.27337,1.8324733,0.60473794
0.76961315,0.66131586,0.79512197,0.73053026,0.40525568,-0.74557525,0.71671987,-0.9400003,1.7626908,0.1377202,-1.281791,1.9901527,0.8755684,0.9549421,2.835149,0.56031907,1.2258682,-1.520981,-0.9164594,-1.8403049,0.015354067,1.4565271,2.5581095,-1.945175,0.46139657
0.12670867,-0.36555743,-0.48078945,0.882489,-0.03670357,-0.9401032,-0.8422449,1.1751302,2.2559843,0.50126517,-0.19808936,-2.1688588,0.5684824,0.75509024,-2.2246704,0.27743182,1.1884199,0.8782537,-0.95792115,1.6149771,-0.17623305,1.0230415,0.64521503,-2.2556398,-1.4225011
0.8778038,0.071342885,0.65165365,0.532813,0.25292414,1.0019829,-2.033064,0.016018212,-0.39489028,-0.50121003,-0.09547031,-2.340435,1.2267308,-0.5477834,-0.3318823,2.0360897,-1.3150535,0.941342,0.3513607,1.5560025,0.45557055,1.7351439,2.101326,0.83614075,0.14188772
-0.08734392,-1.2010823,-0.06745225,0.049368083,0.0128114745,1.676616,-0.689889,-0.84006745,0.82510304,0.17731857,0.8539231,0.28170812,0.31449234,-0.5023659,1.981489,-0.7768973,0.0640572,0.9552326,-0.6447464,-0.11914754,-1.7429811,-3.5123842,-0.8607863,0.205323,-0.36455995
-0.3792263,-1.0408843,-0.7375435,1.0709873,0.27430612,-0.42549407,1.2477913,-0.05124858,0.55249923,-1.6978517,2.0444045,-0.120539844,0.26135436,-0.5647705,-0.42164904,-0.22115606,-0.15481132,0.014546335,0.9549383,-0.39826608,-1.3915362,-0.8168111,-0.66227305,-0.3835739,-0.837214
-0.67451465,-1.0337026,-1.1673768,-1.4955604,0.2833519,-0.64387333,0.19551831,-1.1071354,-0.53609824,-0.12809151,0.1304838,0.90605307,1.9918345,-0.14859827,-2.9302127,-1.675237,0.716011,-0.4900289,-0.21352321,0.82191527,-0.6607647,0.82644373,-0.4119897,1.0150658,-0.92933637
1.0526427,0.14959252,-0.03832528,0.31281993,-0.11525048,-0.4054142,-0.46825436,1.887441,-0.68809235,0.29574925,-0.9725071,0.034291804,-0.8094003,1.0118076,1.9525101,-1.4436558,0.8533606,2.0048034,0.026998341,-1.305867,0.19227844,0.010644317,-0.086597696,0.30317307,-0.20547295
2.5831873,0.4103436,0.63514435,2.0554528,0.81658113,-0.6376844,0.30286187,0.702222,1.3541209,0.35388076,-3.0328145,0.16707024,0.1532962,-0.30027795,-0.57269627,1.0223526,1.2592053,-2.0340986,0.4205678,-0.7358233,2.0856855,0.47930008,1.031826,-1.051392,-1.0792772
-0.32544965,0.37259594,0.38261276,0.90031123,0.073232315,0.759887,-0.5039785,0.2622538,0.6687361,0.25959405,-1.0259311,0.20609106,-0.6163155,0.1386399,-1.5314581,0.5299576,-1.8400083,0.23649903,-0.49009016,0.41191208,-1.6525719,0.7686001,-0.570197,1.390527,0.45927387
-2.6326904,-1.7126023,-0.58028203,-0.90247035,-1.3626487,-0.24484336,-1.726128,-1.7439847,0.97186923,-2.6840153,-1.4673126,-1.2764053,-0.88566995,-1.0197368,2.2371247,-2.8804972,-0.78021264,-0.57199425,0.22947356,1.7007071,-1.5053976,0.35572827,-0.09519948,-0.9328985,0.18432704
-0.8039352,0.07576311,0.4864441,-1.7022254,-0.7191369,-0.80968493,1.5727633,-0.36505258,-0.73067445,0.26539755,0.82814413,0.5682728,1.2832929,0.21826515,0.95900357,-1.3456997,1.4402714,-0.94346344,0.21120489,0.40803218,0.36164114,2.5389612,0.1629771,0.30022353,-1.4911427
0.2889175,0.721108,1.0075117,0.22833782,0.6434963,-0.20819736,1.0729477,1.2406356,-1.7802941,0.77468777,-2.3280628,1.3306545,0.096566856,0.34891653,-3.2390985,-0.65346706,0.37867203,-0.47995734,0.62572587,0.28810644,0.23712206,-0.018667892,-0.7013956,-0.021898046,-0.49593577
0.54915166,-0.20908041,-1.0163529,0.03766054,0.2569862,-2.1655517,0.30884892,-0.09773734,-1.0238149,0.75448394,-1.7138426,-0.324807,1.2718828,-0.44335395,0.6299226,-0.13762629,-2.1557012,2.490286,0.99258685,0.35642487,-1.143623,-0.44813198,1.1083806,-1.8452312,0.929929
0.25461912,-0.01113224,-0.27072006,-0.20273739,0.16121429,-0.81422234,-1.1167668,0.3260091,-0.97191584,-1.010576,1.2403002,-0.022050679,-0.340519,-0.08428982,-0.99337214,-0.03279552,0.6256206,0.015815377,0.32037613,-0.13784605,0.6573961,-1.1651096,-1.4607414,-0.45744556,-1.5426426
0.75956696,0.6147652,0.027680516,-1.3862276,0.4281427,-0.11638737,-1.0493636,-0.43411824,1.7337883,0.563167,1.0532551,1.4059706,0.84895027,0.6931502,-1.011876,0.4013521,0.28882524,-0.7597599,-0.46925852,-2.8126545,-1.3635243,-1.5978211,-0.27192587,-0.09740493,-0.30436245
-2.0172403,-1.5621829,-1.0971304,0.25505978,-0.49990338,-1.7958268,0.31503582,-0.25655502,2.5680132,-0.5735134,-0.5009799,0.4642596,-1.4888303,-2.298676,-1.4633878,-1.2524837,-0.96934175,-1.6966119,-0.72154605,-1.6676958,-0.66519386,-2.0093179,-1.0941429,0.056543827,-0.19308114
-0.046452515,-1.1256584,-1.9620426,-1.1597005,-0.46674094,0.6915728,0.6843748,-0.08205799,0.22023487,-0.45974562,-2.487331,0.21359551,0.19939364,-1.6298556,0.036456466,-0.15869191,-0.4601879,-0.17258196,-0.9315368,-0.3873086,-0.3607147,-0.82045114,-0.81203204,-1.0958304,0.5479349
-0.38616964,2.1162767,0.05878961,1.7980005,-0.9425397,-1.4172171,-0.31566405,0.089165084,-0.52607894,0.37832192,-0.9047413,-1.5225627,-0.3450578,-0.039339162,0.47397012,0.18130799,0.3942143,-0.3888896,2.1712246,1.4531635,-0.7983116,1.6287162,1.3897967,0.8660928,-0.8855954
0.19672018,-1.127569,-0.65641475,-0.252132,-0.2938485,0.019494995,0.04842806,-0.18170121,-0.86119455,-0.5609192,0.059597373,2.3988822,1.7923124,0.91386646,2.8205943,-0.62574834,2.40293,0.095552325,-0.10747969,0.42498824,-1.7787523,-1.0025828,-1.2484565,-1.207587,-0.947217
0.08734456,-1.2059087,0.6266251,-0.38899013,-1.1387365,-1.3980365,-0.45501852,0.26756293,1.5022798,0.0447312,-0.8292018,0.68173397,0.30790332,-0.54773647,-0.37642026,-0.518138,0.4262932,0.9690853,0.007600993,0.46780643,-0.92204505,2.266229,1.1744201,-0.36383027,-1.1107928
0.083288044,0.41972223,1.4987535,1.6249347,0.27465326,-0.7380847,1.6545117,0.6180245,0.8017476,0.07505648,-1.7072582,0.26204354,-0.021410137,-0.7841569,0.97300345,-0.009862692,1.021188,0.7803707,0.6787041,-0.08481914,1.556712,-0.89036053,1.422499,-0.10305983,-0.02469629
1.6782293,0.3822707,-0.265435,0.15503502,0.99305344,1.1895325,1.5582502,-0.15109572,-1.8231695,0.5310356,-1.7304748,2.658132,0.33420742,0.17843957,1.1221595,0.1433505,0.058197144,0.09552896,1.0500555,1.5657654,-1.5604236,1.9294912,-1.6307609,0.65767413,-0.34473765
1.8104539,0.26278424,0.2543442,1.0216397,-0.8001857,0.5239706,-3.0617435,0.38375473,0.28703228,0.5223664,-0.24510682,0.084607184,-1.2265897,1.1791863,2.0793087,2.4559069,-0.40621445,-0.003810525,0.7408776,0.12886393,-2.4782217,-2.8337204,-0.37310496,0.5197533,0.929272
-3.5359523,-2.8555598,-1.6684155,1.382562,-1.1451563,-1.8308899,0.81427515,-2.0698593,1.6269715,-2.4992251,1.5314038,-0.72251993,-3.1572149,-3.7122107,0.45697612,-1.4272199,-1.7797657,-0.14313418,-3.7202113,1.0446105,-4.5324717,-0.6876968,-0.86020315,-0.70185256,0.87254
-1.1132032,-0.63065267,1.5916497,-1.007888,-1.564029,0.933144,-6.5265207,-1.1207666,0.9230491,-1.4754981,2.7028542,-2.8832626,0.7524507,-0.9443534,0.33736932,-0.13097599,-0.11819136,-1.6824689,1.0470527,0.34709507,-1.1308453,-0.68783146,-0.07468984,2.3630166,0.50197196
0.9649836,0.38847786,0.6969308,-0.025177866,-0.20988306,0.68672943,0.34275687,0.2849959,-1.5933008,-0.6951438,1.4281507,1.7263744,-1.8736354,0.23456478,-0.40224367,1.3390253,-1.7408558,-0.47217247,-0.5254463,-1.6304828,0.8349436,-0.428911,1.6335763,1.6601369,3.3881567
0.6692836,-0.24224806,0.34069544,0.5362503,0.55075324,1.8289428,1.3707246,-0.9149923,0.980161,1.678442,1.7189908,-0.5111736,-0.6208899,-0.51581633,-0.878267,0.80387837,-0.6961261,-1.1088688,-1.135393,-1.0740235,-1.0558869,0.2784796,-3.1583471,1.5303572,-2.3944209
-0.11830117,-0.78949094,0.52280444,-0.40339202,-0.35864732,-1.546224,-1.3767377,0.35975027,-0.9883352,-0.41666082,-0.9219789,0.121439695,0.17137271,0.8873688,1.199988,-0.8212004,2.3825696,0.8238332,1.9102131,2.1257463,-0.05394724,-4.9545445,1.6415118,0.99355364,-1.2277908
-0.40215197,0.7729101,0.0432363,0.055251777,-0.38512093,0.8030168,0.17331183,0.39586306,1.3167994,-0.09528881,-0.3486066,1.1020869,0.81553704,-0.1810052,2.5036612,0.053510975,-0.6003899,-0.8083974,-1.2522678,-1.6558666,0.20805827,1.2208638,1.7153059,-0.5655123,0.31221518
0.18955293,-0.01645945,-0.14466259,0.297879,-0.3582775,0.8361335,-0.22430208,0.3869064,1.5980113,0.37785658,1.2438583,-1.633567,0.12383811,0.03296797,0.16954982,0.5652231,1.0668447,-0.4363166,0.11690788,1.7223091,-1.0761026,0.2745136,-0.36473602,-0.6442149,-0.45129222
-0.81645143,-0.8029094,0.1578286,0.3817307,-0.21798955,-1.6493179,-1.0630897,0.39488408,-1.009315,-1.6294861,-0.7749838,-0.8872886,-1.9531364,-1.3517525,0.7951648,-0.8745894,-0.015591711,-0.008068092,0.21883667,1.0197526,-0.13541093,-1.2068511,0.73855066,0.85985315,0.69329923
2.856608,0.019024312,0.9380827,-0.12861001,0.37377697,0.6635901,0.90274733,1.1810405,0.97337615,0.2136356,0.6134796,0.28614217,-0.20535302,0.77835405,1.3498218,0.2591799,-0.3733495,1.8615756,-1.0046364,-0.6678303,0.986374,-0.9399496,1.2302884,1.6112481,-0.2959459
0.9117402,2.4942646,0.45538425,2.6374798,0.115881145,0.37377223,0.068534434,-0.1915248,-0.04981616,0.06671031,1.6813365,0.18660673,-1.0688123,0.23053288,1.303276,-0.3286487,-1.6096137,0.62341815,0.68513757,-0.11893129,1.157942,2.8307295,-0.08175649,0.33157593,0.79174376
0.51394695,-0.6084974,-1.2813915,0.5908085,0.3700595,-0.45833528,1.3077857,0.3777877,0.87087977,-0.12911281,-0.8251811,0.58371735,1.2748177,-0.19897369,-1.30053,-0.71361744,-0.38874876,-0.45524532,-1.9484572,-1.1904824,-0.35566607,-1.6281407,-1.7506975,-1.9967568,0.36808327
-1.0732877,1.2170548,-0.7078595,1.0774875,-0.6749259,-0.64935243,0.6442002,-0.5077282,-0.4206695,0.41512585,-2.138001,-0.83370674,0.03887731,-0.809304,-2.3980856,-1.3795757,-0.089665204,-0.15292603,-0.83948064,-1.312041,0.028888524,-0.6275734,0.4198316,-1.1139858,-3.1254172
-1.1692897,0.7783735,0.38213378,-1.0999963,0.53860366,-0.6425317,-1.1200452,-0.385252,2.489215,-0.797155,-0.8929786,-0.2440309,0.7823098,1.2298744,0.014756203,0.3875052,0.13223688,2.5002005,0.61816436,-0.28385645,0.535723,-0.02951184,-1.244595,-0.7453577,-0.76819956
0.042543292,0.012075812,1.0799906,-0.79688036,0.34705725,-0.26110607,-0.9278977,-0.5405355,0.7748569,0.72495437,0.47745985,-1.1291945,0.11561178,0.3297398,-1.4309891,0.0069836676,0.7708492,-1.801009,-2.3169854,1.0593746,1.1579344,-0.5480126,1.0672295,-1.1070383,0.8888074
-1.489258,0.49340242,0.45003757,0.7028501,-0.49803084,-1.1706599,-3.9695346,-0.42073506,-1.0758383,-0.6480973,0.729026,-2.3835266,-0.5070349,-0.81606996,-1.6331732,0.47044647,0.6191526,-0.31113756,0.5534551,-0.0048519745,-1.0290626,-0.956022,-0.33202237,1.1026877,0.2628055
0.13520946,0.6935532,-0.7633266,-1.912753,-0.5934784,0.32143933,0.5125901,-0.3308202,0.4823169,0.13684213,0.12875423,0.02441156,1.0244312,0.71624887,0.28284785,-0.19469759,-1.3689878,1.5555024,-0.25225806,-0.61888254,-0.60680246,-0.39798826,-0.27936524,-0.3555164,-1.1272647
-0.893727,0.15634899,-0.20082298,-0.4790319,-0.26683939,-0.03590759,-0.4029867,-0.43369502,-1.3722357,0.23975827,-0.69634837,-0.31490886,-0.9132869,-1.8486707,-1.1164234,-2.7464995,0.5955875,0.94489956,-0.40087372,1.5511253,0.8870472,-0.80666244,-1.469481,-1.3863214,-1.28715
0.9093975,-0.7736002,0.24264102,0.45182115,-0.7940106,-1.5846183,0.4339469,-0.8810894,-1.7870028,0.016198069,-0.07111883,-2.2433534,0.23206924,0.020416796,-0.30306292,-0.32638562,0.8952738,-0.20517918,0.15682,-4.4249973,0.11846522,0.30485547,-0.6752784,0.08999616,-1.0680406
-1.2469426,-1.2059822,0.012240622,1.0152084,0.123779334,2.4303615,0.9413081,0.43079406,-0.8731324,0.49813277,-2.2863333,0.33161002,-0.08288451,-0.14515236,-0.8670809,-0.08649591,-0.5484797,-0.04408054,1.1215553,1.2865716,0.3184554,-0.6013347,-2.222661,0.71431017,-0.57640254
1.181195,0.75184447,0.9128693,-0.46950495,0.40301347,-1.1803352,1.4043992,0.13077587,0.453515,-0.8408821,1.1813502,0.5471443,1.4201473,0.4858733,0.37035704,-0.025853604,1.6100559,-1.1070297,0.7569467,2.0874116,-0.32023847,0.37636468,0.8045562,0.8538983,-1.3349748
-0.90723324,0.24214882,0.24946585,2.0379307,-0.119253665,-0.45589286,0.16756749,2.1863527,-1.3913717,0.24347581,-1.5188563,-0.72261095,-0.7748991,-0.28076118,-0.38932687,-0.9831736,-0.17700954,1.7144763,-0.30824038,-1.0610253,0.013913876,-1.7155197,2.4261012,0.74750453,0.69954634
-2.0178325,-0.27397776,0.10713652,-0.68946064,1.601674,0.8777095,0.82000315,0.28992078,0.8943323,0.12851536,-0.01342782,-0.3968581,0.057374716,-0.15488225,0.9195145,0.238733,0.9237652,-0.15224987,-0.6011151,-0.042627573,-0.8272554,0.3532697,-1.0600117,0.14863192,0.3741065
0.5855183,-0.20082316,-2.0069451,-2.3791668,-0.6874998,-1.9514873,-0.993391,-0.05431527,-0.5024704,0.61109936,0.011060178,-2.7762423,-0.8601204,-0.039506763,0.01452601,0.2179726,-0.73537433,-2.2815847,-0.13015205,1.000458,-0.9573438,-1.4312592,-2.094129,-0.79300165,-0.36360765
0.6778841,-0.7449318,0.616294,0.42934197,-0.59819984,0.594291,-0.3775828,-0.5654596,-1.6584365,0.6324311,-2.574988,2.0146067,-0.8215103,-0.026829451,-1.162733,-0.30910414,-1.2087268,-3.2101703,-0.1938574,1.0140204,1.3055178,-1.6730078,-0.023969293,-0.12140468,-0.25476453
-1.0029621,-0.7418448,-0.5831843,1.5839813,-0.8957648,-0.4877926,2.043973,0.29208362,2.467753,-0.9980465,-1.4209507,0.6805656,-0.19328819,-0.28533164,0.4168771,-0.041337788,0.75698924,-0.39176464,0.28126046,-0.39400768,-0.63320935,-0.4345282,0.6384381,0.64284885,1.0853282
-0.7539328,-1.0727578,-0.04258049,-0.571867,-0.6092943,0.21843304,0.5066049,0.45078343,-1.215584,0.19262664,0.32405218,0.75829107,-0.5011383,0.3849755,0.79703635,0.7401891,-0.21487278,2.0361118,1.1536173,1.0813581,-1.4252452,0.40763032,0.4459904,-0.66669,-0.7374982
-0.35145485,-0.20650323,-0.18714528,-0.8030443,0.6329295,0.10937387,2.17873,-0.326476,-0.62908864,0.14699386,1.6181887,1.0898259,1.4746801,0.4538568,-2.3557887,1.4422349,-1.3686713,2.4449565,1.7228838,4.5880466,-0.45972174,-0.7158515,-0.09391005,-0.44891852,0.060910046
0.13639349,-0.24177158,-0.51265526,-0.7013371,0.77533054,2.3717935,1.2797451,0.13060227,0.28953832,0.3861214,2.07292,1.9935932,0.06975942,1.9641523,-0.017710038,0.4469425,-2.419868,0.018357635,2.8395793,4.7136574,0.98699653,0.7430546,2.8365815,0.8036848,0.018467724
1.743751,0.5659112,0.73020995,-0.7257087,0.24819228,0.12374854,1.2922363,0.27925584,0.5975656,1.0116924,1.4853497,2.0419126,-0.31523648,-0.48303664,-0.13106018,0.58630687,-0.24210241,0.92650205,-0.13164034,-0.16759259,1.7064309,2.118411,1.4819682,-0.789924,0.92824167
-0.03638661,-0.77377254,0.30019376,0.7613021,0.6478448,0.13614911,-1.2616934,-1.2634584,0.2997553,1.1154882,-1.6209172,0.5851871,-0.05350119,-0.29519486,-0.6885864,2.7014813,-1.4168096,-0.01777494,-0.31755304,-0.24269342,0.18440947,-0.9821708,0.28741813,0.54378796,1.234572
0.7121218,-0.51677454,-0.9038831,-0.1256528,-0.057804927,-0.5434809,0.3248564,-0.19571598,0.679577,-0.534705,1.7192488,-0.17091885,0.8291567,0.620848,0.720104,-1.1441678,0.2002266,-0.5208585,-1.8636496,1.784909,0.93259686,-1.9707341,-3.7341788,0.3199963,0.25481755
-0.5285931,0.0880633,-1.1905518,0.96230435,-0.15778896,0.67555153,-0.52741253,-0.1572744,-0.5467195,-0.1246558,-0.80709994,-1.2726177,-0.42973775,-0.96669877,1.4495891,-0.06536868,0.24307722,-4.2716627,-1.5784688,-1.9310416,-0.19128025,1.7626144,1.5415915,0.019697905,0.08128905
-1.8589767,0.59945107,0.5027543,1.0972325,-0.04718229,-1.0140018,-0.23155704,1.2560892,-0.22938079,1.0166374,-0.13994741,-0.60729116,1.3637457,-1.6105953,-1.4867721,0.15320389,-0.22711036,-0.09315467,-0.089266285,0.05771947,-0.71025926,-1.1102264,2.2111695,1.0281599,0.035281107
0.7044649,0.40069234,1.3678862,-2.7654965,0.9609647,1.78496,0.5119818,-0.50807387,-0.061533272,-0.5624124,-0.03816396,0.18309948,1.0702562,-0.5452955,0.89102906,-1.0639224,1.2328286,2.061403,-0.34078455,-0.67447877,0.25284445,0.16282326,0.693995,0.24735057,-1.2593993
0.5353039,1.3774259,0.15276822,-0.7821884,-0.14007829,-1.1054363,0.8778144,-0.5891621,-0.5379965,-1.0489697,-2.1830704,-0.20996314,-1.4918858,-0.35712147,0.25961065,1.7833112,-1.86369,-0.49674714,-1.6960051,-1.5519624,1.7632867,-0.069493994,-1.1602579,-0.9994736,0.85011977
0.31479627,1.268934,-0.7689443,-1.0003413,-0.07189369,-0.12915885,-1.3208418,2.6084933,-0.56920373,-0.4546226,-0.8864609,-2.297248,-1.8188442,-0.22180957,0.88592494,0.42958194,-0.22788607,0.21351482,-0.85299706,2.812781,0.66930115,-0.10714045,-0.74253607,-1.1747121,0.4189912
-0.79759634,-0.29961362,-0.7299676,0.87638545,1.0758281,1.6156328,-1.45056,-0.021161675,0.5238096,-0.92476314,0.6091114,-2.0114353,1.2462944,0.30422857,1.8174329,1.0622596,0.34451413,-0.9865378,-1.1847826,0.0518689,-0.18156943,-1.2980806,3.0032735,1.3700762,-0.8277637
-0.6084628,-1.6111295,1.1260809,0.28032932,0.48784053,-1.631876,-1.5556667,-0.8543887,-1.4486941,0.64599156,0.11583233,-1.9794254,1.0617969,-1.1839659,1.7576448,-2.6252034,-1.643547,-0.5011468,-0.81053764,2.634195,-1.0882034,-0.953032,1.3993944,-0.40888292,0.24738649
2.0784588,0.5040398,-1.5778186,-0.13404253,0.26995558,-0.74515724,-1.194927,-0.33464652,-0.6402927,-0.28707105,-3.870038,-1.9511911,-1.9333135,-0.7769176,1.1756989,-1.2083993,1.1121217,1.1068538,0.16574869,-2.1069064,2.2598498,-1.4699888,2.4271948,1.3851148,-0.29052526
1.2646468,0.6025148,0.23598641,2.1365938,-0.7436112,2.560566,0.15375018,0.3761869,-0.22636318,-0.2087624,0.1293056,1.7402321,0.45595536,0.46191874,2.647241,0.112829745,-0.6295897,0.95781386,-1.3081998,-4.1763372,0.5848294,-1.1806194,-0.67726386,0.11372301,1.2652949
1.3254788,1.2059762,1.0111003,0.35194772,0.4690931,1.8905118,-1.6195273,0.40077987,0.42590553,1.5358472,1.3909161,-1.0799427,-1.1301316,0.29354402,-1.6505394,0.63427293,1.600852,0.13880295,-0.831862,-0.112883985,1.1479273,2.082333,-1.0274446,-0.14302577,-0.80154246
0.90232646,0.33289397,1.1649902,0.70923203,-0.5396196,1.974996,-1.3156527,0.69524574,-0.41380513,0.79343647,0.26542273,0.7723479,1.4887881,-0.07230592,-0.3088845,0.64840823,-2.717774,0.03801831,0.5190334,1.4731145,-0.117560446,-2.9749827,2.3795142,-0.96037453,-0.8103695
0.26104286,-0.6921376,-1.1414189,0.47945362,0.72372496,-0.35731888,0.47429943,-0.083930425,1.3067782,0.996845,-2.2141163,0.7221428,-1.8266969,-0.5024404,1.0987056,1.4793139,-1.1392777,0.47638342,-1.5926796,-1.7340672,-3.0760164,-0.8187879,1.0658556,-0.82949007,-0.5904517
-1.1168301,-0.13118184,-0.8174325,-0.20825629,-0.4273991,-2.6148658,-4.4818535,-0.7949864,0.85842144,-0.30799267,2.5603237,-2.663576,-1.4606931,-0.3102314,-0.7007434,-0.18649757,-0.567392,1.4086696,-0.6060632,5.5460505,-2.854013,-1.6133437,-0.7562227,-0.01803574,-1.1941147
-1.9403318,0.17172071,0.028568834,-0.062464833,-0.900418,-0.81180525,-3.3952875,-0.5350732,-0.67784965,-2.4809468,-0.60122204,-3.0448756,-0.01836516,-2.2249668,-0.30404937,0.504295,-2.8280792,-1.269044,0.26296118,0.75537384,-0.5482345,0.9433205,1.2727847,0.78110266,0.4614224
0.27883863,-0.782681,-0.017662562,0.15382199,0.55650777,1.3411777,-0.25918892,0.38255686,-0.61025983,-0.6817019,1.0421915,0.15679938,0.13599373,-0.07647909,0.9961729,-0.75412714,0.44750887,-0.3626042,-1.0285447,0.27497685,-0.33264166,-0.073165655,-0.56024784,-1.35725,-0.14083433
0.17731652,-1.3782083,0.042371616,-1.0296144,0.7378264,-0.021833986,-0.7566671,0.018078806,1.0810931,-0.5550716,-2.0460992,-1.6623342,0.0031209886,0.06523694,-0.8625351,0.597072,-0.7600645,-0.4557879,1.2363887,-1.5677822,0.03735265,-0.8919265,0.82387275,0.57812417,0.313617
-0.018358156,-1.4513668,0.14159045,0.09071988,0.25606072,0.1698587,1.4689299,0.22709596,-0.0039852858,0.10879034,0.71529835,0.99477005,-1.0473287,0.22338986,0.32994962,-0.92909133,0.42689723,0.4387778,0.6259667,2.9438689,-1.2761698,0.20190553,-0.04459226,2.2827969,-0.33265483
-0.9527647,0.27746466,-0.28044626,-0.93628,0.26693344,-1.1053253,0.09446418,0.21241462,-0.15571049,-0.7930298,-0.5412828,1.04917,0.8524457,1.743334,2.3309038,1.2946285,-0.35421446,0.6264002,3.5912848,1.3883975,0.32565454,-1.5680665,1.86617,-1.1771252,1.4031085
-2.4451418,0.023373432,0.1608159,-0.7086234,1.3585767,-0.021563798,2.6557827,-0.7443015,-0.3827831,-0.93109494,-0.5181992,2.9277906,-1.085689,0.3020424,-0.98529124,-0.660789,2.680785,-0.69090986,-0.45327616,0.3962338,-0.29838336,0.08335674,-2.7753205,0.85563886,1.269258
0.7366196,-0.13977692,-0.5526463,-1.5467434,-0.6264543,0.5517458,0.5142932,-0.17457518,0.5603934,0.38356346,-0.42341846,-0.18100119,0.74395907,0.78296727,2.1518636,-1.9538972,0.61390305,-1.5308515,2.0141642,0.18529452,2.1571302,0.12595087,-1.4545745,-0.5374576,0.12734704
-0.24915421,0.15811624,-0.099757075,1.1187521,-1.3970765,-1.1871331,1.6226122,0.030989148,-0.65670687,-0.18333912,-2.3254333,2.192334,-1.6789119,0.07090078,-0.40442678,0.7491657,0.9771215,-1.2655345,0.15234286,-2.2564456,-1.6978033,1.9823022,-2.001712,-0.42221162,0.06123805
0.08717019,-0.11529993,-0.2958972,-0.13389456,0.093721196,-1.6346238,1.8394115,-0.24001525,-0.06990132,-0.30572549,0.026229978,1.2488441,-1.0081664,0.5949789,-2.0178237,-0.34678665,-0.94718707,1.5599165,0.646901,3.704441,-0.48678535,-2.2448957,1.1201513,-1.5036926,0.6325594
0.23248881,-0.06779243,-0.47259778,0.53712523,-0.42767733,-0.68234724,2.046721,-0.47669536,0.96783704,0.6350763,1.1855613,0.98982215,0.11945126,0.033389673,-0.4879536,1.4482746,-2.0718324,0.65283465,0.85668516,0.34087273,-0.40640295,-0.37568897,3.201612,1.567602,-1.7736216
-0.26300287,2.212529,-0.76057714,-0.09063633,0.76952195,-0.29192635,0.5528025,0.5096438,0.6660114,-0.22553727,1.8406453,0.15074843,0.08404632,0.5544324,-0.8417295,1.4394699,-0.5713557,0.64160216,1.679254,2.2207155,-0.47456124,-0.54395515,-0.101679705,0.89212394,1.3400633
-1.6711934,0.13115638,-0.30976897,-0.5878866,-0.76146716,-0.19932103,0.4918947,0.06351271,0.5847143,0.19533175,-0.45150864,0.5780519,0.2813944,-0.6709946,-0.6596288,-1.2539694,-0.68800485,-1.3614261,-0.32555684,0.9296759,1.68202,0.9570594,-0.47809562,-0.76373804,0.70929396
0.55214316,-0.28842443,1.02364,-1.6319132,0.6080522,0.6651431,0.21372637,-0.5400245,-0.46661526,-0.4281286,0.09025395,-0.8394625,0.64725673,-0.6418379,0.49046296,-0.30135077,0.9391937,-0.60371494,0.71767,-2.8903542,0.6425545,-0.20101845,-1.0488521,0.0154593885,-1.4498743
0.64193374,0.39853162,1.2146173,0.099074244,0.6116061,-1.4822038,-0.53591263,0.12329176,-2.888712,-0.018316299,-0.9484676,0.51973665,-0.45208305,0.27673322,-2.2995777,3.5615544,1.2409872,-0.5354126,0.90653706,0.55187243,0.033984363,0.59099007,-1.4259658,0.33652684,-0.032117188
-0.31547433,-0.12226856,-0.08919038,0.28582853,0.36729333,0.20017387,0.9548423,0.38776457,0.83854795,0.59800076,2.3135285,-1.5638695,0.067904204,1.4531839,0.58487093,-0.20277542,-1.03064,-0.30508402,0.12591606,2.7413633,-1.6213332,-1.4904318,-1.6721616,-0.43170464,0.014526755
0.5017746,-0.55165476,-0.7114303,-0.6475757,-0.5756244,-0.75696164,-0.22905523,-0.8019053,-1.0642934,0.87839,0.69112194,2.505541,-1.2826751,0.45179647,1.9293103,1.1275034,1.8288748,-1.0898411,0.07385671,2.2478986,0.30569357,-0.998427,1.3512313,-1.0545022,-1.2430531
0.40880966,0.3250934,-0.22190404,1.835945,0.05897087,-0.7082483,0.677207,-0.19524497,1.472477,0.15062405,-0.10517824,1.7691016,-0.0038903952,0.025786817,0.20865789,-0.1313179,1.3172615,0.5020357,-0.66668284,1.7774206,-0.23720554,1.3198472,2.0318973,-0.932633,0.72831935
-1.3792448,0.013503645,-0.65558195,1.3278164,0.47268212,0.42429882,-0.81784385,-0.4857348,0.46020907,-0.8333956,0.5264719,-1.734033,-0.25290006,0.3030578,-0.5079712,-0.43865114,-1.8789836,1.3323562,-0.2342299,-0.7552893,-1.8577439,0.24146573,0.14403632,-0.16446698,0.11440095
-2.9481122,-0.96986806,-0.13700779,-1.7233622,-1.4175375,-0.74298376,-1.3230083,0.23051201,-0.9032215,0.20208472,1.8559473,-0.60785824,0.0054506958,-0.8428514,-0.4580847,-0.07633865,0.6185423,-0.683982,0.3172764,1.2192156,-1.2485461,0.28921077,-0.41014308,-1.0715923,-0.2910082
0.8882139,0.38710994,0.89825886,-0.6907105,0.80364543,0.5500951,0.74256754,-0.7085936,-1.409055,0.61917996,0.6986687,1.618416,0.76481664,-0.65329593,-0.8772588,1.1967728,0.46787718,1.5846729,-1.1736535,0.6023753,1.770682,1.3726571,0.020268112,-0.1650832,-1.0620799
-0.23095277,0.29940307,-0.14906758,0.041936547,-1.6543921,0.6710608,-0.6756097,0.072712615,0.91726047,0.16955216,0.84334594,0.2584899,-0.42237628,-0.9205323,-0.41889375,0.8864744,0.79561377,0.30777237,0.8788848,0.70273036,1.5754216,-1.1822146,0.20057392,-0.3515572,-1.457434
0.06721693,0.2960918,-0.8952476,0.07001537,-0.30744442,-0.32844943,-0.69348484,-0.9987334,0.9613321,-0.44632208,0.13230649,0.24327016,0.2707987,1.1380711,-1.4273357,-0.4276982,-1.8866701,-0.81490993,1.1296012,-1.4302996,0.6262247,1.3697944,-0.21596885,-2.2178757,-0.24777678
0.64311975,0.5264163,0.61943805,0.25246483,0.5563715,0.16633797,0.15340787,-0.076458424,1.0548934,0.5082606,-1.5807577,-1.0797356,0.19343276,0.6888907,-3.6634254,0.13307531,1.1015217,1.2790304,0.9909446,-0.066585645,-1.3637643,-0.39151442,-1.7288402,1.3974344,0.0701949
-1.0601363,-0.027923822,0.973353,0.4823676,-0.33777165,-1.0176133,0.62007046,-0.33272657,-1.1239328,0.108058035,-1.8628727,0.4402666,-0.71694255,-1.1907022,0.3735424,-1.6023138,-0.44101346,0.84312683,-0.06435156,0.3854159,-0.52556616,-1.7009486,-1.9836562,-0.27457875,0.8802154
0.7061739,-0.058390897,-0.585803,-0.14908312,-0.18186705,2.1311111,-0.42580697,2.5326405,0.9553696,-0.050971165,-0.6553311,0.7146933,0.36624366,-0.007508546,-0.6938855,0.45418358,0.31806642,-2.6639428,-0.43540627,-0.41819066,1.2362847,0.44913864,-0.85354257,1.1698867,-1.6908582
0.90377307,-0.11676791,-0.20240626,-0.4157695,-0.51686436,0.88382125,-0.76268375,-0.14341512,1.6409109,0.08616805,-0.16696227,-0.8653401,-0.70010364,0.20749488,1.9362024,0.017752647,0.5918548,-0.10642718,-0.5906106,-1.1678522,1.6108203,-0.90455997,0.2811066,-0.71131176,0.5791408
-0.90399027,0.5761869,0.5336901,-0.22160822,0.80530584,1.0050592,-0.9704801,-0.21344936,-0.20276436,1.6169701,-0.1746725,-0.36648363,0.077523544,-0.68338996,-1.1960058,1.877733,0.17418334,-0.23405704,0.119106926,0.13378339,1.9407697,-0.14317685,0.40315735,0.124486566,1.0675005
-0.1397376,-1.9992793,-0.07075742,-1.4363348,0.9162618,-1.0594901,-1.656482,0.86158377,0.8118784,0.3866576,-0.51797974,-0.8523185,-0.77967,-0.35955364,-0.76427597,-3.2736592,1.1381055,-1.0556717,-2.1206942,-2.2396402,0.07179533,-3.5847697,-1.669936,0.4679805,1.4769285
-0.4010995,0.42099124,-0.112072036,0.9708447,-0.67105126,-0.31203365,2.6366541,-0.24347973,0.5414316,-0.67268115,-0.978813,0.79614204,-1.3042778,0.7089316,0.41489065,-0.8554072,-0.6147857,-0.11755836,-1.6539445,-1.544659,-3.0634975,-1.0758215,-1.244217,0.8144972,-0.28676653
-1.4651201,-0.8616064,-0.9657125,-0.5245931,-0.02422297,-1.272459,-3.6801078,-0.6667185,-0.03449966,-0.0028615147,1.1158154,-1.8678718,0.28838772,-1.1735141,0.5124883,-0.97975236,-1.3792605,-0.8431894,1.8739524,2.2666821,-0.5342908,-0.32608798,0.66301644,-0.38922453,0.13430381
-1.711295,-1.1164275,-1.2473056,-2.0265648,-1.1581886,-1.9704615,1.0739546,-0.12047094,-0.16903955,-0.8241024,-0.6861306,2.032027,0.7286253,-0.7122089,0.3971707,-0.073991716,0.8746669,0.026120752,-2.020446,-2.9877906,-0.72683465,-0.017938793,0.6903848,1.4433472,-0.5559465
-1.5533543,-1.6018246,0.09622638,-0.80766904,-1.16785,-3.3376431,-0.9609518,-0.4965372,-0.2196827,-1.9330127,0.47266555,-2.2341638,0.097914875,-0.34145874,-0.37375036,-1.5493717,1.0621241,1.0650207,1.1447937,2.5857978,-1.0703645,1.4434886,-0.36699754,0.7912682,0.3850029
-2.0458684,0.3950167,0.17742795,-1.2874318,0.12218091,-0.7322454,1.687349,-1.1106081,-0.15256047,-0.37808314,-3.7085664,1.7300882,-0.701571,0.039889157,1.404814,-1.0887315,-0.14500561,0.7458571,0.55205,-1.7835333,0.7816105,-0.90979993,-0.97160083,0.54916024,-0.30653918
-1.0136408,-0.29716644,0.2291497,-0.24091077,0.3668252,0.6178839,-0.31916428,-0.40323815,-0.3343197,0.49372223,-1.5287075,1.6982912,-0.6783583,-0.027563885,-0.3569982,0.60500675,0.55285984,-0.17221911,0.946107,0.74080455,-1.8449907,-0.0075837374,-0.6413388,-1.2848613,-0.0062786937
-0.65343446,1.1898539,-0.45233637,-0.86384517,0.078322984,-3.0884705,-1.8613759,-0.39301527,1.5672007,0.12249976,-0.30629236,-0.039925218,-0.80776215,0.11522986,0.106844455,-0.070748895,-0.36336923,-1.9281474,0.2120356,2.9765632,1.1027399,-2.3404028,0.59777474,0.48009428,-0.11444662
0.3623565,4.105626,-1.020236,0.2868581,0.20096166,0.008164048,1.5015051,-0.20854628,0.46735182,1.5614488,1.1556741,2.1175864,-0.68205404,0.2339401,1.9588962,-0.5722419,0.22784351,0.7262671,-1.7885464,-1.2211173,-0.064172,-1.8868202,0.10276878,0.3217694,-0.47466478
0.9440821,3.2670634,-0.5333137,0.47174704,0.101209246,-0.34395254,1.5485102,0.57982194,0.45799425,-0.5237583,-1.1776111,0.5789373,-0.45043138,0.97116834,1.47423,0.24004966,0.9421733,-0.1692807,0.32015422,-0.6413969,1.504836,1.4140271,-0.5239025,0.12071383,-0.2845164
-0.8023704,-0.6121216,-1.5083913,-0.60992056,-0.32745534,-0.17950843,0.4857682,-0.43609548,-1.7466611,-0.15054017,-1.3172472,0.37287188,0.89072907,-0.10008347,0.46012652,-1.4296653,0.71425074,-1.5446854,-1.1892662,-0.45463616,0.6075007,-0.5613835,-2.5657692,-0.7398924,0.47999805
0.4812689,-0.21138856,-0.24855599,-0.31605044,0.031700283,-0.5232806,1.6330093,-0.039066464,-0.87441856,1.0029908,-2.2966444,-0.36988324,-0.99067956,-0.27986622,-0.29526022,0.49329907,1.4784858,-2.1717556,-0.7027166,1.1143811,3.523172,1.4453645,1.0874933,-0.56627345,1.3561645
0.9832932,0.57581246,1.0745947,0.4671714,0.8210791,2.6192775,-1.7362504,1.6351503,-1.0374168,0.6203377,-0.20313859,-3.0319886,-0.1975147,1.4978799,0.44244504,2.4844882,0.9334341,-0.6189142,0.4886151,1.6518774,2.0225265,1.13522,2.1757379,-0.493393,1.568114
0.84577644,-0.79684144,-0.5773256,0.19668987,0.8562937,1.5765196,-0.529839,-0.08062938,-0.51949114,0.3699643,-0.3497585,1.15378,0.35235012,2.0664861,0.57031214,0.8649266,0.64556354,1.5997484,-1.3071018,-0.26147056,0.30162877,-1.6888616,0.47308445,0.09657359,0.34620255
0.9436289,0.43744978,0.25424838,1.5215768,0.2979679,-0.30000478,-0.206164,-0.536419,2.5745187,-0.13257249,1.324085,1.1909939,0.637788,0.024560064,0.08312225,-0.28319967,-0.85972834,1.0118675,1.3571205,1.6409974,2.5156891,0.66184384,-0.9691652,-0.69272906,0.8988394
0.46599612,0.53618926,1.803183,-0.24622393,-0.05820632,0.27861035,1.106901,-0.8773355,1.4605992,0.8138975,-1.7710322,1.0518581,2.4477477,0.6366751,-1.248035,0.48962623,-0.95069176,-0.67655873,0.087770045,-3.0572972,-0.9904816,-1.650157,-0.8700415,-1.1261725,-0.30882263
-0.8189625,0.27090108,-0.51825356,0.46748254,-0.62505955,-0.39100254,0.44791973,-0.52035517,1.2599263,-1.4511163,-0.008983076,0.69411725,-0.48239726,-0.61681384,-2.1168242,-0.30706206,0.090626776,-0.45440018,-0.6091616,-0.06809282,-1.1201429,1.0364008,-1.4387598,-1.3253019,1.6735682
-0.8173177,-0.1537421,-0.19032016,0.4251048,-1.1193469,-0.07458711,0.44508007,1.851367,-0.06005814,-0.4270981,0.023240395,-0.37492114,0.69357127,-0.1635756,-1.8371925,-2.1097546,-0.0015966594,0.08280069,-1.5439309,-1.3046764,0.6274692,1.011484,-0.104139976,0.09087974,1.0906118
-0.45827368,-0.24890155,-0.5759989,0.39963013,0.07651825,-1.1740257,0.055598438,0.48690456,-1.2283398,1.6946532,-0.26396167,-1.7343307,1.5131791,-0.2526977,-1.9146436,0.069465026,0.07091081,-0.17332393,1.0411036,-2.8067846,0.41243443,0.636633,-0.123212814,0.8668785,-0.67625177
0.44999743,-0.87982315,0.074544236,-0.29747623,-0.49425077,1.5558975,0.6935509,-0.05694761,0.20260425,0.17973582,0.51792115,-0.040837526,0.12537563,0.42033166,-1.4914733,-2.396152,-0.6541495,0.7804477,2.2296858,1.3506703,3.522046,0.09785204,-2.1945143,0.63194835,-1.7831239
1.7187773,1.4676651,1.4731067,0.9057318,0.14994943,2.9224484,2.0438569,0.4834063,0.3250031,-0.018890858,-3.2645066,3.2524679,-0.048805043,1.6288784,1.8885005,2.0672746,1.9649051,-0.460701,1.034913,-2.9178987,3.0902405,1.8379357,-2.1340106,2.032697,0.87278956
0.6702657,0.33360434,-0.44297904,-0.019611657,-0.1384567,1.8045348,0.5473748,1.2634041,0.12228512,-0.2757126,0.068512976,0.095371805,0.7728903,0.4074566,-2.19727,0.7280496,-1.9373354,-2.404698,0.021868289,2.3078525,-0.02932787,0.591854,-0.5613544,-1.7383169,-1.0893177
-0.5499258,0.39865583,-0.16497307,0.8520113,-0.16207992,1.4655519,0.37973294,0.60918313,-0.3120083,1.9333965,1.1445227,0.58739513,0.50223565,-0.07974591,-1.883423,-0.055457182,-1.7739502,0.8703666,0.5939162,-0.13303924,0.39394838,1.5639602,2.8876173,-1.10944,-0.74994147
-0.019461647,-0.19487378,-0.12714568,-0.2516636,-0.82558095,0.0501045,0.79032457,0.52863514,-1.3962674,-0.2231212,1.8577045,1.7177162,0.28856775,-1.3607101,-3.3194776,-0.39360654,-0.17137587,2.0881093,0.111464016,-1.6793226,0.70584726,1.7318118,-0.9064326,-0.83842516,0.9358192
-0.6208258,1.2919381,-0.29102585,0.27336168,-0.8944763,2.3391986,0.3491149,-0.34805906,0.36274183,0.15124445,-1.1896737,2.0603852,-0.15123124,0.087105736,-2.7738252,-1.0382439,-0.29166287,2.7190118,-1.3682259,0.21196099,0.27284265,-1.5129063,-1.7445444,-0.3168427,-0.16878259
0.36454323,1.5390222,0.46141487,-0.38400745,0.92903876,-0.49510872,-0.59654135,0.3806024,1.0692848,0.27762657,-1.3656672,-1.215208,0.20656225,-0.06651962,-0.8749835,1.0262357,-1.2092755,-0.84057134,-0.89414394,-0.2731213,0.33943468,2.073525,0.32974574,0.77507484,1.2898235
-0.42339882,-1.2067723,0.14778857,0.85149086,-0.6900541,-0.5662771,0.055740923,-0.08622668,-0.659683,-0.111656174,-0.24710295,0.5855831,1.1494565,1.4304838,0.88482445,-2.1006708,0.26011,0.28501633,-0.44709998,2.0658467,-0.8251046,0.69659495,1.8576277,-1.4363885,1.1344897
0.19890235,0.16947275,1.2047081,-0.01188156,0.28431922,-3.6903296,-1.1109676,1.0356551,0.73993546,0.22851658,-2.5884757,-0.3099829,-0.6793814,1.0048585,-0.10817224,-0.7241218,0.75991195,-1.1014931,0.23092587,-0.777228,0.33183026,0.5377579,0.8250588,0.85778093,0.12870035
-2.0286705,-0.28454962,-0.27191427,-0.26782644,0.2760164,-0.8954924,1.8414794,0.87275326,0.873731,0.32030803,-0.89469004,-0.6654341,-1.7717731,-0.23674554,0.82825464,-0.75823236,-0.15479901,1.6347034,-1.5404447,-1.0656878,-0.7107408,-0.12166369,-0.8814919,-0.19242996,-0.34192142
-0.3517764,-0.018641964,-1.0774262,-1.5545801,-0.06894219,0.49267238,-1.4866927,-0.53249365,-1.4662824,-0.87750167,2.2002478,0.38866758,-1.2970912,-0.5882764,0.10548645,-1.1344136,0.5584349,-0.6512247,-0.13912702,1.7016437,-1.9374914,-0.6749332,0.13193461,-1.5707814,0.9466377
-2.5632224,0.28755778,0.463557,-0.5417364,-0.35467094,-0.016239643,-0.990059,-1.4525464,-0.18986368,-1.2232898,0.10113385,0.1353651,-1.9329634,0.9941326,-0.764114,-1.7208506,-2.9453735,1.2911358,-2.3525853,-0.623799,-1.0394133,-0.7772168,0.4717164,-0.27129447,-1.7969127
-0.63165927,-0.62945414,-0.65371394,-1.7523581,-0.19223021,-0.39625978,-1.9518604,-0.04362832,1.3126148,-1.3065294,0.43075088,-1.9802666,-1.4296123,0.11167964,1.8904264,-0.78678083,-0.57699835,0.90822875,-1.5877583,-1.387839,2.671854,-0.7507147,-0.062985525,-0.70052576,0.3239994
1.6898174,1.0433351,0.99219614,-1.1498284,1.2648183,2.0058374,-1.4380772,0.34778738,0.2536702,-0.09016138,0.4489869,-1.5733459,-0.1895684,1.9556353,-2.2506196,3.1805904,1.368421,0.67433995,-0.8873705,-2.991253,0.45193386,-2.4152837,1.2248672,-0.3753964,0.4344942
-1.2408936,0.11126643,-0.11629353,1.8168825,0.07940765,0.31897318,0.7989703,-0.594853,-0.52205795,-0.5067695,1.1855378,1.4506036,-0.3983044,-0.6722224,-1.6030992,-2.222682,-2.799591,1.9265041,-0.7951306,-0.25872797,-1.4797335,-1.4613225,-4.6054525,-1.4201472,-0.44642413
-1.5361536,-0.31610945,-0.3366711,-0.46519938,-0.62519836,-0.22273648,-0.19642112,0.7765679,-0.23185027,0.013542086,-2.0017943,-1.3095171,0.28852507,-0.7223424,-1.9246743,-0.78327227,1.1885765,-0.46298814,0.15901913,-3.1556652,-1.1724198,0.21677274,0.2209082,-0.33339298,0.077178106
-1.1316766,-1.0996926,-1.2956326,-0.50644016,-0.825995,-1.000002,-0.13045788,-1.5002266,0.72290117,-0.39334697,-1.2517804,0.74082386,-0.33975506,-0.87976843,-0.61329675,-0.70444334,-1.0212837,-0.10766183,0.7340378,-1.2285235,-0.51393175,0.97049475,-0.20569682,0.15541546,0.4589293
-0.2097222,2.0585837,0.03682756,0.66389906,-0.8024311,-0.6293143,-0.08176279,-0.5112722,0.111604005,-1.0310745,-0.9743211,0.30636644,0.9629923,1.0717508,-0.837584,-0.68472576,0.09136233,0.90684617,0.9933064,1.8042257,1.0140754,-0.05557208,-1.7258432,0.22109118,-0.3771252
1.5482507,0.6869377,-0.45760703,-0.40000725,0.9884216,0.47882798,-0.063904405,0.6953547,0.885888,-0.06406689,-1.9341795,0.42912984,0.50889933,-0.42195946,1.8661706,0.77562636,-0.36877024,-0.2047656,-1.258775,-2.4326863,0.3958882,-0.81836724,0.8833779,0.3227843,-0.098617
-2.2388558,-1.0389262,-0.2633872,2.1483307,0.16359597,-1.0843132,-0.5493576,0.086363375,1.2148166,0.70033324,-0.8698564,-0.19822031,-0.19775048,-0.28070223,0.25974792,-0.7276984,1.1618135,1.5751874,-1.5346962,1.5814679,0.0397486,0.77239,-1.0478781,-0.8591991,0.61444855
1.1937392,-0.33820608,-0.6675202,-1.5429258,0.48559678,0.24110372,-1.6184556,1.9810612,0.9936702,0.6276982,-2.0861304,-3.1751757,-1.1914951,1.5943561,2.6058764,0.35391486,0.12923703,-0.5635794,0.83887935,-0.64352584,-0.64343786,2.0243397,1.2312465,-0.57398605,0.24207689
-2.060363,2.4528265,-0.73903084,1.1818278,-0.7691765,0.86618245,0.0687287,-1.2207614,-1.3189387,0.2726357,-1.5301197,-0.20898351,-2.0315607,-0.58876663,0.7860506,-1.0320327,0.7673259,1.4738803,-0.7856612,0.06527394,-3.4634194,-1.386518,-0.16578063,-0.96184653,-1.1392466
-0.71915495,-0.44755593,-1.946553,-1.5500643,-0.515888,0.02152051,-1.840952,-0.03512454,-0.13844573,-0.37658632,-0.06778538,-1.9559894,0.6598957,-0.67433137,-1.6783835,2.217286,-1.3479942,0.96857625,-0.30905163,0.11754793,-0.5907836,-1.3834174,-0.55734605,-2.6152127,0.83640456
0.21836509,0.4018123,0.3642621,0.9041573,0.34660816,-0.38000184,-1.5143498,0.10532242,-1.1481103,0.3041405,0.28806007,-1.1609834,1.2872529,-0.5620284,-2.1187053,-0.043404803,0.16525158,0.5696522,-2.4347155,3.5541313,2.2235332,-3.107537,-0.9096143,1.3750876,-0.5464998
-0.23696029,0.04301554,0.38308996,0.26212758,-0.20243864,1.5453115,-1.9416944,-0.4029305,0.6631131,-1.3017689,2.6239119,0.4158513,0.5095196,-0.099094585,0.7132658,0.073471725,-0.9891306,0.53282696,-0.5148809,-1.7853909,1.2624946,0.696723,2.5456045,-0.10710901,0.59776413
-1.8004068,0.15252523,0.928565,-0.08638024,0.018353373,-1.0455736,0.06472434,0.45669478,1.3812397,0.28773963,-0.22004068,1.0546112,1.003603,1.1026134,-0.99256945,-0.024250478,0.62248313,0.33704662,-2.8381143,0.16864783,-0.65610206,0.25693357,-0.62747574,1.0791445,0.43461943
-0.19074768,-1.1453437,-1.3124405,-0.7919121,-0.46701142,0.042358756,-3.5252948,-0.5349056,1.3902314,-0.6121343,1.3324081,-1.1292104,0.08623913,-0.3098009,2.8348026,0.38883272,1.172701,-0.055756025,-0.22272933,1.2769872,-0.6346824,-1.1778057,0.7903486,-0.56157583,-1.80174
0.60158366,-0.26000673,-0.5253672,-0.5991693,-0.4035988,1.104476,-1.8283848,0.39694098,0.45831186,0.023322344,-2.800119,-1.1801841,-1.1589521,-0.07173486,0.18157864,-1.273258,1.6151445,2.6431146,-2.4381688,-0.14758039,-1.5003247,-0.3267536,2.516046,1.0580329,-0.13311523
-1.3864918,0.44645166,-0.5742876,-0.45158637,-0.8482157,-0.27231917,-2.9128895,-0.7733525,0.18761174,-0.5863089,-3.2874994,-0.107580185,-0.3117204,-0.770917,1.6444231,-2.1018682,-0.6864282,1.7073452,0.72411287,0.30000797,-0.8825892,-0.4857299,-0.8848141,-0.8172394,0.38166273
-0.33915204,0.12735566,-0.110284254,-0.19741887,-0.23070048,2.6127527,0.7753751,0.8410425,1.2305038,-0.8464669,0.8642018,0.20955014,-0.99560547,-0.1685361,0.18274128,0.4257283,-0.57044554,0.7768466,-1.6962683,-3.0342479,-0.68392444,1.1413486,1.6313179,-0.9939259,0.29231998
-0.2957502,0.9134487,-0.36596525,-0.61063313,-0.79596716,0.30755576,-0.38937023,-0.9368085,-0.24197683,-0.2835005,-1.0143186,-2.1016655,-1.7111367,-0.32187665,-1.526675,-1.4225563,1.06582,-0.8110848,0.5672517,-0.5408267,-0.5285022,-2.359638,-0.8527927,-0.9192749,-1.3803124
-0.9678824,-0.6002294,-0.9180209,-1.7415327,-0.018602252,0.60672307,1.6309986,-0.7477272,-0.7722675,-0.13391219,-0.7854351,0.8705416,-1.4390827,-0.41044813,0.31724167,-0.68959814,-0.4616225,1.1591401,-0.48708788,-1.3328204,-0.25235286,1.9328253,-1.7568463,-0.23189048,1.7765301
0.12449697,-0.2537518,-0.12376201,0.89171207,2.2097871,2.238758,1.0411699,1.1125138,-1.2047504,0.7301839,-0.8907229,-0.22093847,0.3165352,0.39132437,-0.10138458,-0.16064146,0.13958775,-0.35588807,-0.5066556,-0.272506,-0.62446535,-1.8829632,-0.18388647,-0.7326854,-0.84869397
-0.7414293,-0.322603,-0.29794586,0.26154143,0.093860105,-2.4437976,1.004545,0.9393463,-0.20625594,-0.08573095,1.6236805,1.388036,0.065467775,0.102689676,-1.9133952,0.32080603,-0.072173014,-0.25132167,0.8040432,-1.971221,-0.26860386,-2.1065884,-0.22502238,0.22027111,1.0837747
-1.0883329,-0.07816995,0.95724463,0.5011686,-0.1620519,-1.9345813,1.512104,-0.08737613,-0.2808581,0.43827718,-0.049016714,2.1423728,0.16429311,-0.43678075,-1.8456011,0.06302742,1.0083557,0.48578897,-0.16204435,-0.3484267,-0.25791943,3.3712916,-2.7515664,-1.1152929,1.248594
-0.8422606,0.29048443,1.0792983,-0.041204244,-0.0060097873,2.6637583,1.705097,-0.06295638,0.6656592,-0.46425197,-0.5199224,-0.58343285,1.3920888,2.2419956,-1.9608761,-0.69949865,1.3053589,-2.3673592,0.56083995,1.1581507,0.17235912,-3.7789965,0.21986069,-1.912415,0.040984165
0.015307389,-0.4750024,0.042446434,-0.26032177,0.6325797,0.420483,1.7537374,-0.08505075,-0.53619504,0.94263345,-3.0851889,1.5133166,0.0973578,-0.0787352,-1.9220426,-0.2205064,-0.23011193,0.33847713,1.3667741,-0.9270077,-0.044814393,0.8890015,0.06254723,-1.521364,-4.802775
0.12424559,0.13763341,0.46633127,1.2631207,-0.08662325,-0.20699084,0.4521658,0.43642604,0.06697798,-0.1927576,0.333959,-0.14685017,-0.087044,0.28077537,-1.7605712,-1.6109275,-3.7941158,-0.88245606,0.6961352,2.5288157,-0.15976673,0.36918685,-0.60925066,1.8030064,-0.38676852
0.4804261,0.62328875,0.8593924,0.5217218,1.2523985,1.7305944,1.7384504,-0.026962161,-0.5636379,0.6015489,-1.8299013,-0.2689249,1.6312155,0.7076644,1.1276158,1.6500361,1.3034801,-1.2094629,1.0468976,-1.9265038,1.2699289,1.259192,1.4603468,-1.2069492,-0.14277059
3.5130417,0.77790326,-0.1496208,0.9612803,0.31721526,-1.0734158,0.09660816,1.0503039,0.15668368,0.89136964,2.05809,-0.40784645,0.21396905,-0.6506188,-2.6906784,-0.641579,-0.13776264,-0.23343766,0.88218033,4.203719,0.63805497,1.3648529,-2.0426526,2.6315446,0.18148977
0.6332065,0.82242954,0.39144227,2.5173817,-0.28254896,-0.3263871,0.95599616,-0.12621337,1.442138,0.6176094,-2.3584669,1.3729124,-0.8048246,1.0597051,1.3457778,0.678047,-1.523682,-1.317816,-1.1043568,-1.4558766,-1.134481,-0.3675822,2.982883,1.8803049,-1.2886795
0.4460315,1.4998045,0.91106457,-0.06599823,0.40717542,-0.7086728,-1.2278473,0.5571207,0.37393725,0.49519283,0.570573,-2.0294435,0.47699946,0.72801006,0.6429809,0.8929509,0.44963774,1.3151495,0.16967021,0.14797497,2.4681797,-2.190481,-0.9110508,0.8877363,-0.014844367
-0.908882,-0.14551452,0.35491037,0.21444814,-0.24328297,0.2377156,0.416373,0.15185934,-0.5679577,-0.7555429,1.7045448,2.2574146,-0.70355755,0.12769507,0.8487176,-0.34582546,1.0072724,0.35250348,-0.5157598,-0.8976484,0.081813335,0.65553755,0.11918396,0.83705205,1.0139804
-0.3620863,-0.8075244,1.3479216,-1.4081724,0.09047692,-0.36373717,0.9885037,-0.45363036,0.447174,1.0486442,0.20303124,-0.11891185,-0.68704224,0.14615731,-1.4381778,-0.91297734,1.8914958,1.1433548,-0.5240511,0.36636198,-0.35750443,-0.82733196,-0.2904681,-0.316569,-0.7141467
-0.8079989,1.5678447,-0.19904937,-1.3018007,0.08288402,1.4760276,1.2947668,-1.5470649,-1.5471334,-0.77975154,0.6339005,-0.6046722,-0.25217158,-0.75457305,0.023192406,0.41433874,0.86286694,-0.5133811,0.5962894,-0.7905549,1.4000888,1.369459,-0.47634554,0.76102924,-0.14059168
-0.35408622,2.520327,-0.36811566,-0.7998247,-0.19189021,2.3784897,-0.29363585,0.018653095,-0.623575,-0.13340575,0.5702508,0.49838313,0.50730383,0.6316077,-0.5487433,0.78853494,0.29568094,2.1344843,-0.7548053,1.9738251,2.167471,1.5605074,-0.4603784,-0.18977939,0.43264169
-0.21592653,0.3311386,-0.21070056,-0.97378397,-0.64964205,-0.51123357,-1.2167825,0.7305696,-0.35788152,0.11797413,0.64591074,-2.7939675,-0.3561493,-1.0829374,1.0231218,0.523206,0.45603377,-0.11948372,-1.9372773,-0.3989092,-0.42356166,-1.2064292,2.5846934,1.2302499,2.7755747
-1.1844722,1.2061825,-0.49569798,-0.25462297,-0.55595607,1.1314075,-1.6939886,-0.42145497,-0.49002072,0.38090658,-1.4307532,-0.90644634,-0.2728513,0.8965487,-0.29722524,1.6529887,-0.2496781,0.10439831,-1.5782464,-1.2596405,0.6254864,-2.2638192,2.8090925,-0.1421432,-0.10478407
0.64311975,0.9336366,1.0974976,-0.024424642,-0.47864318,1.3415625,0.33012402,0.39385304,-0.09664197,0.44818464,0.30857956,1.5346911,0.9326657,0.026545346,0.88208604,0.5308434,0.40099087,-0.41942632,-1.2160776,0.39400005,0.86444736,-1.5254549,-0.04861915,-0.2880781,-1.0425266
-0.58274883,-0.3925092,0.5245687,0.745927,-0.14370504,3.0298119,0.10272759,-0.55643195,1.7366507,-0.7145692,-0.4006002,-0.661897,-1.9677205,0.21431008,-0.2120039,-0.81252855,-0.95463437,-0.82312477,-0.10613933,0.73640656,-0.53227234,0.9511869,1.2361188,-0.28014165,-0.07974064
-1.8367379,-0.25854817,-1.4499276,0.36539215,-1.0548475,-3.5510497,-0.6804975,-0.5590899,0.47783294,0.14790791,0.72037137,0.7445179,0.2525407,-0.8449545,0.32968366,-0.7044939,-1.2531186,-0.90866405,0.71875226,0.33137423,0.19857927,-0.9540282,1.4256183,0.21005645,0.5699366
0.50086117,-0.13106388,1.7138574,-1.4718,1.3180295,0.7311386,0.6676713,-0.32443652,1.6553491,-1.0645999,-0.89046067,1.141249,1.2419338,1.8115523,-2.2492187,0.68036675,0.31668898,0.49031395,0.7235805,-0.41863087,0.0615457,-0.3818661,-0.30226278,0.32575053,0.020827174
0.9048406,-0.12226856,-1.4094836,0.66728544,-0.32390174,0.5130993,1.439712,-0.22792742,1.2346449,-0.40582496,0.26474714,0.48181158,-0.8193099,-0.30337527,-1.0334637,0.017856374,-2.998448,1.6917627,-0.062393785,2.7500818,0.8783597,0.662023,0.38423872,-0.83751386,-2.213622
0.46987885,0.17839639,0.97423136,0.8908943,-0.13831747,-0.6597673,0.13834763,0.635404,-1.0680134,0.2533893,0.63338375,0.0942454,0.67658293,0.54777205,0.58736145,0.45115408,-1.9059155,-0.23849416,0.7702823,-0.9579489,-1.0798664,0.9914821,1.7069323,-1.3718709,-0.06684767
0.44507992,0.35166016,0.040760845,-0.08194679,-0.5437642,-0.16068813,0.4725088,-1.3841707,-0.47765663,-0.3712396,0.57146424,-1.260378,0.5790236,0.37899247,-3.3634055,-0.62663513,-0.71151054,-0.96871006,-0.250283,1.0446428,0.28161526,-0.925877,-0.7419443,-0.39417338,1.7273648
-1.4763905,0.40002728,0.2955566,0.81656367,-0.027554229,-0.5061078,1.7206432,0.5998311,-1.8712497,0.75029224,-0.24703819,-1.2316183,0.06620857,0.46135396,1.069273,-0.33271456,-0.60011446,2.8368902,1.006777,-0.49379116,0.45395666,3.1918986,0.69916195,1.242422,0.8362719
-0.49229133,0.0558763,-0.1055482,-0.36470735,-0.18941694,0.585828,0.3912801,0.2103234,-1.1230704,-1.6258073,-0.9330405,1.3610942,0.6704081,0.37889493,-1.4007813,-0.40035683,0.637079,0.29779556,2.0378184,1.2225072,-1.8629214,-1.4689182,0.04653454,-0.85318,-0.78797853
-2.6698518,-0.83878046,-0.3403316,0.20250183,-1.5502595,-1.625484,0.40878427,-0.5545142,1.195689,-0.18110943,0.5319664,1.3250489,-0.70143956,0.09775613,2.088806,-0.9715487,-1.1085877,-0.7537949,0.18763816,2.810979,-1.1244323,0.29918683,-0.1425944,-0.49127704,0.4415382
-0.21191084,1.6656739,-0.60773027,-0.3512594,-0.15203567,-1.4139766,0.77772003,0.21187699,1.0396084,0.4298851,-0.13432437,1.851318,0.16126783,0.99646443,0.32467213,2.3705115,-0.78153527,-0.13959888,1.5295955,-0.1113261,1.8694654,-0.071938895,0.97836375,-1.1760557,-0.11654277
0.39536494,0.2163266,0.8802462,-1.7395194,0.46325225,1.6748703,1.7226297,1.5231848,-0.3567803,0.63274515,0.33635873,1.4069511,-0.9980562,-0.9231713,-0.92468446,0.5060727,-1.2302492,0.100780174,-0.7134559,1.3326471,0.10252944,0.27588356,-3.6539214,-0.3669193,-0.21309888
-0.31547433,0.2384987,-0.87915426,0.58806026,-0.06762411,-1.1853746,-1.7081914,-0.45773017,-0.45910287,0.66638947,2.6788886,-2.0800695,0.35449386,-0.33340508,0.09917858,-1.8076675,1.941546,-1.664567,2.2076004,-0.041904926,-1.1633426,0.36456883,-1.1515436,0.097465426,-0.034045897
-0.05375755,1.3002597,-0.5014064,0.06389201,0.5963553,-2.1510553,2.215726,0.120802015,-0.9826733,0.29687905,-3.4258595,0.8959272,-0.89487183,0.22864491,0.3491121,-0.29866815,-0.6100292,-1.8121779,-1.2212691,-1.9149789,-1.1364442,0.059104234,2.0463977,-0.8839454,-0.2867337
-3.5240383,-2.9366467,-1.8266674,-0.38734126,-0.73662335,-1.480118,-1.6618491,-1.9324745,0.3164137,-1.2971704,-0.2029084,-0.90019035,0.57693183,-1.4633187,-2.0878286,-0.70947796,1.4213712,1.4498755,1.7942231,1.8230174,-1.0755599,3.6598341,0.5490916,0.9586803,-0.6209638
-0.5700601,-0.8809078,0.07398987,-0.17258567,-1.0548174,-1.3157458,0.8246388,0.09349668,2.0703197,-1.7222071,1.8777134,1.3524821,0.5629952,0.37632206,0.92295724,-0.12524271,0.70911545,0.3935371,-1.987037,0.37527767,3.946219,0.114944756,0.87672704,1.6949451,-0.009512484
0.63322604,2.2654374,1.2720966,-0.076007694,1.3918678,2.1166801,-0.13182706,0.6346806,0.25193232,0.8756107,0.20387252,-1.2386246,1.3647814,2.3440497,1.9251845,2.26634,0.7583618,-0.6623868,0.3266433,-0.08609861,-0.22005105,-0.15106446,1.5381716,-1.7269007,-1.2158704
-1.5223719,0.9399612,-1.0665288,0.3472541,0.020789046,-0.9686549,0.50582796,-0.83473575,-0.39229575,0.67669904,-1.263641,0.43936387,0.6337909,0.40373585,-2.0469906,0.06288745,0.6859018,1.731835,0.6796749,1.9275676,3.2462683,-1.2682705,-2.4389813,-0.07277781,1.3050442
0.4021439,-0.03398387,1.009513,-1.5560609,0.4507118,0.7220298,2.2620468,-1.0989454,0.6499523,-0.24539143,0.65445966,1.8276284,0.17019346,-0.91633683,2.1414282,0.84087026,0.5547483,0.16426952,-0.101264074,-0.5532129,-0.17866477,0.43879163,0.8861285,-1.3691922,0.45580786
1.4759444,1.7652601,-0.32294112,0.5556371,0.6475953,0.48604614,-1.0673167,0.11467625,-0.07694741,1.6548108,1.6944373,-0.37497252,-1.0638751,-0.3543682,-3.0294905,0.87954473,0.9975917,-0.8411595,1.8146193,1.0346488,2.0792031,1.4795392,0.35395622,-1.3367544,0.6072673
0.86285233,1.3395967,-0.9568405,0.38187343,-0.19872448,-0.9237635,-0.18072188,0.09507929,0.53991437,-0.15960363,2.5973969,-0.8998359,0.005167246,0.30063444,-1.638899,0.7322397,-2.5387797,0.050263897,-2.6352773,-3.2198272,-0.67445886,-1.1647015,-0.4763536,-0.084775686,-0.067413926
-1.4941778,-0.5956907,-0.12168616,-0.80153745,-0.08003169,-0.77231276,-2.6640348,0.06820435,0.6363943,-0.09243554,2.2152843,-1.1725245,-0.39068833,-0.20326594,-2.2286654,-0.89412564,-1.3302776,1.254107,1.3388181,0.9250223,-1.7772005,-0.56602305,1.8857234,1.1321576,0.23945647
-0.13377921,-0.8624621,-1.0867136,-2.1229942,-1.003943,-1.7424569,-1.2093925,-0.35251987,0.78438336,0.6786858,0.09915793,-0.2952752,-0.6194862,-0.41987866,-0.67735255,-0.021342816,-1.450633,2.6383367,-3.7486129,-0.4463005,0.6282193,-0.4699249,1.3880343,0.594439,0.97295845
-1.0794849,0.41087204,-0.8413031,0.8359189,0.44466156,2.3178482,-2.8548155,-1.6792288,-0.26151776,-0.03526959,0.73322725,-1.2879373,0.7300627,-1.4469603,-0.36678573,1.8022811,-1.8373291,-1.7258265,-1.0518763,-0.9372132,0.6287451,-0.02806633,0.82530403,0.5883761,-0.8697918
0.43287933,0.20623234,0.79270655,-2.1429012,-0.3708409,1.3414124,-0.4946388,-0.14175728,0.8745538,0.17383906,-0.5601591,-0.012322366,0.91972387,1.122507,-1.1187502,0.11764337,1.402377,0.92896384,-3.8425741,-0.95192236,1.0520018,-1.4887062,-1.316468,1.9884025,2.723402
0.11890568,0.64100224,-0.11172551,0.22292891,0.61427957,-0.5945903,-1.8246217,-0.76060665,-0.13404647,0.66509587,0.5558785,-0.51502323,0.8752198,0.5409544,3.0830793,-1.3847132,0.38552582,0.0076357573,-0.47051245,-0.90319,1.2291597,0.09543347,2.6186707,-1.281972,-0.77825767
0.92449164,0.8948178,1.5607033,-0.0865379,-0.6215226,0.16024832,0.25126505,0.1929795,-0.86009073,-0.38312697,-1.3961782,1.3227688,0.27045175,-0.1349212,-3.096648,-1.5481143,0.092099965,-0.21369338,-0.42647487,-3.6355665,2.082824,-0.2312198,0.27832296,-0.35497895,0.3690475
0.9562963,-0.43808103,-0.5725981,0.39089006,-0.8651833,0.96086186,0.57408273,-0.6966239,1.6372211,-0.048943967,-2.985256,-0.57397485,-0.95739543,0.19902834,-1.468065,0.6590029,-1.2895575,-0.055676423,-0.33396947,-3.3821182,1.18039,-0.8595393,-2.9344585,-0.9064137,-2.1252432
0.44699043,0.36220846,-1.0603609,1.7422518,0.57302237,-0.45774114,1.2482923,0.4070313,0.43010652,1.0862262,-0.014292881,0.17647874,0.7065824,0.53303015,1.7164583,1.2941189,0.46189678,-0.44311666,1.0237968,2.8834229,-1.255661,0.615574,-1.2782573,0.92779475,-0.18281117
-0.11448329,0.5402322,0.6322079,0.17029473,0.30971113,2.9627266,-1.6161313,-0.6884888,-0.60669994,0.34623694,0.65351224,0.91170835,0.96001536,-0.5645168,0.5462054,0.09595089,-1.6360146,-1.3664067,0.7361565,2.6086495,-2.7171414,-1.1558048,-1.1216252,-0.72280324,1.750792
-1.7553319,-2.6336694,-1.7938633,-0.89189446,-0.21057582,-2.293219,-1.564946,0.8940724,0.94683486,-2.3699179,1.3254907,0.90854144,-2.2147036,-1.2098337,1.5755107,-1.6805305,-0.29967135,-0.04816989,-1.6074367,-1.1270125,-3.5228832,1.2512118,1.2061785,0.6788159,-1.1723648
-1.9083288,-1.5234158,-1.1189067,-0.6580671,-0.8592743,0.56408995,-2.185584,-0.9200893,1.5116471,-2.3290417,-0.3182991,-1.9543005,-1.7442263,-0.5373982,-0.4326327,-0.4287399,1.2332665,0.48174444,-0.13378212,-1.3376381,1.7758489,0.17295098,-0.0693804,3.3755012,-0.08843228
0.1993044,-0.79329836,0.431211,-1.4305465,0.17602521,0.02513045,0.3525979,0.33839247,-1.4607245,1.3768857,1.0898159,0.30184805,-0.71202886,-0.7437894,1.2110145,-0.028112248,1.1690745,-0.942865,-1.4639333,-0.81124353,-0.6092259,0.63020545,2.211318,2.1448445,1.9339632
0.66492754,2.072037,1.0923524,-0.40336484,0.055800293,-0.3185383,-2.2927434,-0.5017239,-1.8272023,0.21575084,0.81314725,-1.3697616,-1.8409851,-1.3977995,0.3283388,-1.2182584,-0.46824965,2.1051202,-0.43671542,1.5795606,-0.3254593,0.057363868,-0.6248895,-0.06385733,1.770653
-0.54759985,0.02045852,-0.3016402,-0.14892074,-0.49322593,1.521709,-0.86520135,-0.24671686,0.48850405,-0.9199356,-3.5326328,-0.9121837,0.5001837,0.14883031,0.36521968,-1.1659063,0.11598146,0.37994182,-1.4261578,-5.760314,0.8515967,-0.5405134,-0.41195625,-0.38032353,0.2903267
0.060464654,0.7846475,-0.26853505,0.62972176,1.0940101,1.0226144,-0.2376985,0.5213073,0.8844899,0.1579496,0.4810447,0.26751494,0.77418023,-0.59124523,-1.741991,1.7434247,0.12121129,-0.75535583,-0.64138323,-1.8591136,0.30919784,-1.3018234,-1.9327385,-0.7380805,-1.7949309
0.5191905,0.29065493,-0.14950944,0.10462885,0.9962362,-0.47076875,1.5470605,0.1904468,1.6034709,0.711696,0.40157115,0.025378525,1.5135365,1.1220096,1.3329124,0.063557714,1.1824698,-1.6131786,0.943995,1.513572,0.65088195,0.1515677,-4.0425944,0.6688711,0.3159257
0.73066103,1.1754457,0.5477924,0.19264317,0.7772548,0.6180148,1.6314961,-0.92920536,-1.7684596,1.0232952,0.32424456,0.25860852,0.73870724,1.3719999,3.5327053,-0.5980776,0.49099523,-3.2583766,1.0879321,0.25305206,0.6537388,-0.07381046,0.8386545,-0.021725595,1.338244
2.4489431,-0.52373564,0.24291763,-0.18528467,0.5462241,-0.94172883,1.5829415,0.008541733,-0.28023332,-0.19676137,-3.9645388,1.0296705,-0.8162837,0.2812425,-2.500226,-0.05064982,-0.24566197,-0.9803443,-0.76063174,0.010817945,0.006566733,1.789813,-2.0012975,0.47767726,1.2519418
-0.017891454,0.48329425,-1.8483928,2.790086,-0.6727681,-0.15648228,0.09258559,0.9101501,0.19266303,0.39679462,-3.453689,-0.8746503,-1.0312592,-0.7597187,0.08412403,0.97415185,-1.7279975,1.4718242,1.2967346,-0.5343341,-0.09878349,-1.2169607,3.600091,1.6861773,0.7378064
-0.014178742,-0.5163472,-0.52934605,0.5590199,-0.09623706,-0.030443907,-0.25099525,1.0248023,-0.24056186,-0.038309485,1.4488776,1.0751449,0.3203262,-0.12202747,1.072497,-0.6900168,0.887551,0.570015,-1.1320136,1.7381581,-0.042898186,0.24435133,0.49181372,-0.42685816,-0.05391217
-0.3718726,-1.2155505,1.0816501,0.3771569,0.26430684,0.9826194,-0.99288696,-0.2951532,0.49821132,-1.0216713,-0.2069993,-1.5015182,-0.41701669,0.015492629,-0.4280678,0.7574407,-0.15840232,0.84343934,1.098375,-1.1707109,-2.744114,-0.33582965,0.62879455,1.1054564,0.3167742
-2.190291,1.0058327,-2.138278,-0.021137476,-1.4494779,-1.8098382,-2.0588648,0.33144546,-0.5298312,-2.9688022,1.529484,-1.1182566,-0.881313,-1.2098337,-1.1495731,-1.6805305,-1.3480082,-1.3893847,-0.10753247,3.2196648,-1.9067398,-0.30785477,-1.2893351,-0.05953762,-1.0957239
-0.9852629,-0.5942175,-0.40077215,-2.0993896,-0.27775562,-1.1152288,-0.759727,-1.2432841,0.37850043,-0.37836456,-0.5569524,0.7756301,-1.0932218,-0.17673045,-0.18750072,0.684139,0.06403589,-0.7814692,-3.495743,-4.710541,0.42618603,1.8283961,1.3193336,-0.14058912,-0.0061360225
-1.0481002,0.6024617,0.30992258,0.42838457,-0.030727908,0.11094439,-1.9190781,-1.2612953,1.3951476,-0.8110776,-0.27121496,0.20491275,-0.4307333,-0.08954464,0.035283685,-0.3159001,0.21822518,0.6310136,-1.1606102,1.7226728,3.3010635,-0.43163252,0.6367065,-0.050737202,-0.5936057
0.67433846,-1.7061634,0.82127285,-1.0907193,-0.12737614,1.3210313,-1.5824965,0.59453356,2.3549047,-0.920695,-0.3128289,-3.2956767,1.0167193,0.48569128,0.32628214,-3.0409434,-0.2926917,-1.322886,-1.2852592,-2.648869,1.9305837,0.31467038,3.2211823,-0.43325505,-0.49740803
4.853913,2.139964,0.8701665,0.3958007,0.17433643,1.2273457,-2.680791,1.5080576,-1.3042433,1.0313427,-3.9317317,-1.5925008,0.7377819,1.1414126,-1.7957311,1.5374794,0.32446462,0.24816848,1.3801466,-1.8141323,0.4721018,0.35461235,-1.2711374,-0.2794318,0.30920044
-0.93419814,-0.19913276,-0.1912902,0.90436256,0.050603673,1.0409213,0.31039888,-0.098251976,-0.4085323,-0.2500108,0.820989,-0.5126485,-0.8703108,0.30610597,-0.21088892,-0.60255015,-3.3149686,-0.08530302,-2.7202806,0.42050594,-0.1777162,-1.0012615,-0.15700585,1.433398,-0.7130766
-1.6655977,-0.42907402,0.22657403,-0.89833397,-0.19795579,-0.6620506,-1.7592441,0.42701674,0.6534785,1.4305812,0.67869586,0.100307226,0.18166924,0.27560496,1.521447,0.45929688,0.12799108,-1.1786826,0.35688466,-0.20344082,1.3001124,1.6133654,0.42105275,1.2829814,2.5679686
-0.40484357,-1.9408717,0.46338972,0.17240062,0.06824364,0.9770058,0.74457633,-0.14377049,-0.0048191547,-1.5333325,-1.0364907,1.9168147,0.37797388,-0.7130778,0.13041615,-0.43562052,0.9849819,-0.762117,-0.5866269,0.033944607,0.1388458,-2.7437022,-1.2539378,0.98633265,-0.24185249
0.7121704,-0.41482824,1.1583169,-0.2616723,0.10483822,-1.5537874,1.6230545,0.2656889,0.049896985,0.41484833,0.08742318,1.344844,-0.90324974,1.5332441,2.1195798,0.30357397,-1.4969465,-0.5363231,1.1249969,2.7752259,1.946521,1.978156,-0.80810404,-0.24887802,0.36284688
0.3896179,1.8729599,0.3432897,1.042106,0.9885297,0.28704953,0.44019023,0.8475739,0.5466951,0.6746621,0.23650533,0.8836911,-0.8615804,0.17887497,1.2170668,0.5282135,-0.06524831,-1.8331234,-0.24633414,0.7045,2.6415606,-0.256925,1.9848214,-0.23262423,0.4679826
0.62006986,0.047523916,2.145607,0.24851495,-1.3153787,-0.67720073,-0.16279542,-0.06401223,0.11610663,-0.065865815,0.4951446,-0.6122824,0.9681525,0.0086018145,-0.6949953,-0.5082217,1.4728808,2.8771558,-0.49630988,-1.3041579,0.55393434,-1.240392,1.8872986,0.79371095,0.021136105
-1.5182209,-0.23680502,-0.16810411,0.89445627,0.18688147,1.5632976,0.2735529,-0.10050655,0.4765969,-0.7816283,-2.1680965,0.91198987,0.56331015,0.3875061,-2.0606284,0.65677804,-1.5701472,-0.36234292,0.046114087,-0.8440451,-0.40565622,-0.3496926,-1.2107428,1.4923606,-1.043645
0.9269839,0.2369101,-0.18204936,-1.6515802,-0.22970569,0.81844014,-0.09238912,0.4013493,1.3864099,-0.006490022,0.23533686,0.88715273,0.5884563,0.24251951,0.62712306,-1.8526825,-0.37747017,2.0671637,0.36695963,0.8118149,0.3580821,-1.8201627,1.4787254,1.1986643,1.6079069
-1.1506742,-0.22615701,0.21408321,1.7011337,1.0760928,0.14506298,-1.26104,-0.060118496,0.34380203,0.7270323,-3.701108,2.2833602,-0.153061,0.49370402,1.402314,2.1628323,0.6342635,-0.7019304,-1.1461611,-2.7179165,-0.94846386,1.679063,2.2744827,-0.7742757,-1.4123635
-0.2970227,0.53547555,-0.029856443,0.80080336,-0.98889995,-1.1919037,-2.257703,-1.3291659,1.0507767,-0.62999517,0.99137896,-2.699768,-0.26107246,-1.2787814,-1.118863,-1.0697429,0.22257881,0.90633696,-0.46610963,4.714248,1.2758422,-3.2825544,1.7855035,-0.2534358,-0.38022706
0.16358495,0.17658669,0.09407204,-0.65569496,0.3236934,0.1452747,-0.9039172,-0.303492,-0.40952557,0.10618868,-0.10666174,-0.3575407,-0.14990693,0.26499087,0.43866938,0.3267883,-0.4630205,1.3747345,-0.53858745,-4.7047386,0.58594024,0.26017225,1.9940176,-0.26961243,0.25677967
1.2203425,0.19732918,0.75326514,0.26368755,-0.43708885,0.3624547,0.2002387,0.5213834,-0.5888761,0.70214444,-0.1042074,0.87348104,0.09181088,0.065796256,-1.8703632,3.6659584,0.18114449,1.9380283,-0.48731074,-1.8966489,4.5498743,0.232531,-1.294916,0.5884322,-0.024406567
-0.61811,0.16929632,1.2699144,1.9417162,0.96009463,1.143753,-0.10555513,-0.25328726,-0.221169,0.25811112,4.399225,-1.0836694,0.997767,-0.3900716,0.091199815,0.03575553,-1.5992992,0.7034769,1.1992308,0.54973286,-0.31805182,-1.3105993,-4.6064057,0.34361413,0.35463712
0.077351645,0.4825372,-0.12583052,-0.21965072,0.23130363,-0.301417,1.8523829,-0.87302756,-0.54541594,-0.32285818,0.64043766,0.35429436,0.25180048,-1.7827113,-0.6708162,-1.2084428,0.68988127,-3.5374565,0.14504126,2.4077554,-0.054630637,0.45742705,1.1186551,-0.7020081,-0.4250878
1.7945071,-1.0645955,1.1581452,0.21373956,0.5208575,-0.33382222,0.2764116,2.138096,-0.64859587,-0.09513512,-0.38583606,-0.268914,-0.050232947,-0.47696748,-0.9485043,-1.3308208,0.49271077,-0.5387411,0.29135665,-0.95032907,0.01238355,-1.1282381,2.9660075,-0.28692472,-0.46172655
-1.4337467,0.33342493,-0.6332275,2.117393,-0.6727681,-1.1556633,-0.334839,0.1901294,-0.8037604,0.6847991,-3.2941394,-1.8565696,-0.77507985,0.0040573925,-1.2963576,-0.6744853,-2.9104776,1.7910787,-0.38285977,-1.4586388,-0.1604439,0.03580755,-0.84625554,0.9374232,0.18562502
1.5497046,0.3550854,2.0642428,-0.37606242,-0.35807014,0.99560475,0.38545418,0.4000405,0.18346414,0.8392018,1.280643,1.1832733,2.2539294,1.759457,0.03731084,1.1842728,-0.71443856,0.7858236,1.7934388,-1.4699787,2.3280768,-0.54532945,0.9525444,-2.4825153,-0.99278456
1.9765375,0.52759045,0.90634197,-1.0694007,-0.6272171,1.9501408,0.49718714,-0.17658779,1.1758239,0.29914355,1.4108107,1.8984829,0.38400826,1.1619802,-3.4476547,0.534356,-0.5090943,0.06131339,-0.738225,-1.20873,0.32477325,1.0175078,-2.7529747,1.3837925,3.5688798
0.2571081,-0.22034094,-0.39199144,1.588723,0.5444461,-1.2830653,-0.8755801,0.9317278,1.0798826,0.19393395,-3.2513452,-1.4031562,-2.3178582,0.20239872,-1.0309259,1.0796212,-1.4569765,-0.041181218,-1.4142425,-2.698408,-1.6139619,-0.26646626,-1.459523,0.790171,-0.8638134
0.43636134,-1.5136826,0.884729,1.0078502,-0.03481376,0.9355295,-0.75079966,-0.7924969,0.8330836,-0.4766111,-0.3659535,-1.4427719,0.5885323,-0.22395566,-0.7733331,-0.22988343,1.7108178,-1.8201526,-0.24942632,2.503312,-1.4482315,-4.251706,1.8171208,-0.3608443,0.84551454
-1.1570867,2.8828602,1.386406,-0.37988728,-1.1836406,0.23917282,0.6949477,-0.5676324,0.3426484,0.13362539,-0.4783921,1.6257827,0.7474452,0.15037379,-0.19161916,-0.12786093,-1.2602739,-0.0062898397,2.0027876,1.9782252,-0.9654212,0.2784843,2.2883704,0.2188338,-0.49662966
-1.0344195,-0.81788254,-0.16697624,-1.0955989,-0.8627823,-1.4891256,1.4403021,-0.9806578,-0.004703,0.06430063,0.7847542,1.000208,0.16778739,-1.3937145,0.3482802,1.1320016,1.5091176,-0.06414056,-2.1572227,-1.6362617,-1.5118691,-0.847158,1.407314,-1.1355257,-0.89568514
-1.2458847,2.3964522,-0.4737152,-0.6766746,-0.3454945,-1.0800679,0.26579043,-0.5995918,-1.3078525,-0.8169885,0.16378626,-0.833541,-0.39562413,-0.5367919,-3.169917,0.46246666,-2.3138814,0.41988713,1.304659,3.153479,-0.56305355,-0.9396857,-1.0756909,-1.5489438,0.0065174103
-0.764025,0.9560034,-0.060663536,-1.7997527,0.1593096,-1.7478683,0.8247567,-1.003234,-0.2719013,-0.78475463,0.114638016,1.8534548,0.5430214,-0.79870695,-0.44293603,0.19382766,-0.5842873,-1.6448429,1.1287694,0.38877374,-1.4190531,-0.43416828,0.5875213,-1.0445704,-0.44648385
0.4345029,0.5054055,-1.1193098,-1.7450293,-0.42058575,-1.4411509,0.19524121,-0.9456307,-0.82447135,0.6023954,0.6928519,0.795896,-0.60688436,-0.39903587,-2.0634305,-0.22687554,-0.20109887,-0.13970754,0.3870374,1.5220753,-1.1000069,-0.4368391,-1.7017722,-1.320462,0.00659315
-0.74934196,1.3076206,1.2521629,0.09139177,0.21341749,0.49313927,0.36582118,1.1125164,-1.5041342,-1.0401199,-1.0678022,0.161212,0.063274726,-0.43357256,0.21467915,0.9396301,-1.126497,0.3786527,0.52736455,-0.7950222,0.39267355,-0.00777328,0.40665624,0.12777448,0.46262783
0.84985924,0.6322751,-0.63682604,-0.40933147,-0.11393128,-1.1790408,-0.37053275,0.22940758,0.87270916,-0.68628734,1.3081822,-0.28103906,1.0641506,0.2230102,-1.3282317,0.17419533,0.87158155,-0.94856215,0.86385834,3.3640084,0.26993155,-0.82526904,-0.95520777,-0.17618442,1.421968
0.5198253,-0.49595416,0.832983,0.42373893,-0.63328356,0.11955768,1.3304329,0.20859122,-0.4555994,0.22272937,0.33917034,1.584503,-0.41880962,0.79380953,0.089407325,1.1553508,-1.0234447,-0.30821198,0.355113,-1.6013609,0.36875406,-0.04677552,0.9300355,1.4720557,-1.3531692
1.0548514,1.0950103,-0.22182252,-0.27067763,1.4333742,0.032703817,1.5828958,0.029981196,0.6342973,0.10029709,1.5328219,0.4336203,1.0615255,0.63300765,-0.48823234,2.6747065,0.38143164,1.3123007,-1.2288784,1.119528,1.0476798,0.531762,-1.0667245,1.452363,2.1949198
-1.4623084,0.45942056,1.2028326,0.21702814,0.58119065,-0.0873128,-2.4859462,-0.24629423,-0.2574203,-0.67762935,1.467809,-1.743404,-0.48322454,-0.72641313,1.3710657,-1.544611,0.666065,-0.80861986,-0.05146879,-0.7333369,1.1467494,-1.5295326,-1.4406089,1.3861179,0.37935963
-0.44774503,1.0864946,0.5607879,-1.5644487,-0.7058409,0.37370384,1.5822449,0.7015214,-0.48356962,-0.722556,-2.3307536,1.8894167,0.6400169,-0.20990169,1.0963352,0.33942452,2.1575732,-0.041015625,-2.3377142,-4.020763,0.50756025,-1.6513205,-1.6739423,0.32875183,2.3471313
0.33644575,1.0538399,-0.38924798,0.5524398,-0.0703935,0.7569452,-2.6315858,-0.07888353,-0.29221106,0.36620846,0.51451945,-0.53443974,0.40967306,0.041982986,-1.1384364,1.6547556,0.9613702,0.4697739,-0.60348636,2.1333723,-0.3257445,3.0789979,1.1334877,-0.86503756,-0.76085585
-0.43136305,0.22896755,-0.4287807,-0.12167998,-1.7667581,0.3830524,-1.5300449,-0.61844814,0.8853475,-0.57010317,2.2475045,-1.0002705,1.4678435,-0.17106768,-1.1573502,-0.4203977,-0.68397117,1.1511152,-0.96714926,-0.92201614,1.7275398,-0.65847945,1.4590266,1.7052982,0.84870166
-1.9878149e-05,-1.4738295,-0.54235053,0.043783575,-0.35975707,1.8523642,0.6898575,-0.76099145,-0.53535503,0.22407466,-1.9289271,-0.44674528,0.32968494,0.41881478,1.0934932,0.38840115,-1.7165933,1.164444,-0.7121816,-1.513691,0.40428245,0.63127846,0.9227319,0.73196644,-2.7143133
-0.6642464,0.73027354,0.88170946,1.0473937,0.53156555,-1.0278215,-0.962579,-0.24341215,0.5636212,0.6126306,-1.5719585,0.56978416,-1.1635642,0.3471656,0.6352629,0.0916391,1.1582043,2.602027,-0.16103518,2.242639,-1.636632,0.23233649,1.0394213,-0.021456748,-0.5641448
-0.15132296,-0.24788485,-1.0596166,-0.29095644,0.38028362,-4.0163474,-3.2405195,-0.6646811,0.5364469,-0.87685204,-0.85496134,-0.7899096,-0.08960092,-0.35452127,2.100193,-0.15169579,0.97889715,1.0779271,-0.5989024,0.59860826,-1.7364957,0.22885461,2.2365134,0.14508781,1.7399019
-0.42146447,2.2112408,-0.37344757,0.18511182,1.005086,-0.8753778,-2.6420171,0.5499088,-0.90901667,-0.085673034,-1.0384938,-0.7741594,1.0249829,-0.09645595,-0.031077921,-1.3293166,0.57998115,1.2375903,-2.0497007,-0.20439517,-1.5833224,4.7404757,0.9648762,1.0782483,0.086300895
-0.42761692,-0.39229962,-0.016930684,-0.22095352,-0.23684664,-1.7512053,-1.87062,0.4359807,1.2942173,0.4425894,1.1909161,-0.8805772,-1.6403031,0.8499789,0.58338314,1.8049457,1.085373,1.128196,-3.7902312,-2.673226,0.21433574,0.06844753,1.4593667,-1.7642875,-0.6476038
0.50519687,-0.1526483,-1.2228858,-0.8151103,-0.43275002,-2.0974815,-1.1867969,-0.77084297,0.72424096,0.34219515,0.022136867,-0.7640806,0.14824817,0.09501526,-1.9082778,-0.13458419,-2.3114462,-0.23419887,-1.4569455,0.7090965,1.0323136,-3.0420876,-1.8612881,0.2449625,-1.9307661
-1.0244808,1.5039446,-0.6949223,0.70051086,-0.46460888,0.92245185,-0.019563317,1.0614251,-0.88719815,0.9855919,-0.31279996,-0.03416261,1.3016376,0.8382535,1.9517276,0.8085876,-1.1526713,-1.4076321,-0.036111295,-1.025074,0.54264706,-1.1715482,-1.4586484,-0.9569468,-0.3706721
-0.6915897,0.7759675,1.4664226,-0.9979105,0.24962366,-0.62095606,-1.3914523,-0.29691926,0.021796107,-0.97016716,0.53185177,-0.30302578,0.4993129,-0.14731784,-0.6848402,-0.21490225,1.1493058,0.42240816,0.49641246,0.62948704,3.537351,1.2599176,0.0058885813,-1.1067723,2.1248221
-0.5211126,1.2005053,1.442952,-1.340747,0.81046855,0.1003114,0.7150234,0.63859695,1.1441827,0.06756878,2.3176231,1.2177687,-1.3488824,-0.26333886,-0.7363997,0.701201,0.24046636,0.6922084,-1.2944921,-3.8009272,0.33516192,-1.1944546,0.9661822,-1.2885106,-0.56198937
-0.11218047,-0.19878356,-0.3726454,-1.1058571,-0.21000424,0.31076375,-1.752689,-2.1400478,0.45899665,0.330285,0.86075974,-0.04950515,-0.37129882,0.08876124,-2.146932,-0.2519401,-0.412965,-1.3299178,1.2347919,0.933426,-2.0934231,-0.56541765,-0.5976249,-0.02148515,0.8939349
-1.4343596,-1.5686855,-0.49395815,-0.24686393,-0.7428168,-0.8365741,-0.91632694,-1.754853,-1.2993082,-0.85784,0.78836817,-0.099639654,-1.0113513,-0.7391503,0.55210555,-4.9493117,-1.155619,2.228345,-0.9641479,-0.41331962,0.5758771,0.9022924,0.08423625,0.6621481,0.8097875
-0.072936416,0.6750474,1.3545752,-0.8241765,-0.4788928,2.0369806,-1.9973224,0.5280334,0.62390596,0.8920526,-3.6460557,0.44366947,0.35270128,-0.15609747,-1.7003,1.2783467,1.6193743,-0.23020586,0.09747427,-2.1113951,1.0650496,-0.5263541,-1.065982,3.276353,1.0070857
-0.15893547,0.010465212,1.3835083,0.13120604,0.21629,-2.016605,0.5147826,-0.8406318,0.20031595,-0.34238428,1.3652579,0.79938316,0.6607946,0.34244937,-0.33752617,0.79423046,-0.44511142,-0.341576,-3.098376,-0.71003747,1.4194274,-1.637321,1.9995267,0.5487231,2.461902
0.52316403,0.3357641,1.1008389,-0.3675308,0.080533594,0.7503093,-1.8867352,0.6740111,0.39657116,-0.6446544,0.34886634,0.77219737,1.1263998,-0.109803006,0.975614,-2.9492462,-1.3130107,2.6077595,-0.38049364,-0.5875896,-1.3843019,0.6619015,1.6097012,0.5628284,0.09874293
0.2686928,-1.1151549,-0.2836587,-0.45357156,0.79287744,-1.2561533,-1.5172371,-2.0314093,2.4288888,-0.09206256,-2.271091,-1.2981185,-0.4804641,-0.6642518,-1.6073849,-0.94500226,-0.1588047,-0.26868254,-2.795265,-4.396942,-3.4898753,1.6753578,-0.728842,2.1231737,1.7705781
-0.8076135,-0.44755593,-0.5991019,0.8042868,-1.6315596,0.9877018,-7.0213437,1.3201159,-0.834642,-0.74735713,-0.36787432,-2.758267,0.20473245,-0.5818945,0.8803236,0.7922926,-2.2393014,-0.021583423,-2.3771577,0.36783963,0.009207219,0.93492687,0.8562265,-0.3732391,1.6742599
-1.4337467,0.24962215,-0.7433146,0.89880234,-0.5428957,-0.8138258,-1.5008712,0.54294556,0.3345129,-0.015354246,-0.81120557,-1.1325779,1.1483406,-0.20446788,-1.2043986,-0.7495847,0.98383176,0.3698017,-0.7362083,2.0467567,-0.6560925,-0.7353468,-1.0009577,-0.97730994,0.34141752
0.43381506,-0.21166527,1.6396616,-0.0052009374,0.8588495,-0.34717983,-1.4149084,0.039400354,0.3085597,-0.12165116,0.61699504,-2.142774,2.5973668,1.609538,1.1247342,-0.31923708,-0.45592877,-0.31164542,-1.5638876,-0.9153234,0.8650905,-0.31308913,0.4777999,-0.0094226,-2.1200547
-1.1350856,-1.15046,-0.7178918,0.31410837,0.020634657,0.2614606,-0.39933932,-0.57540643,-0.385731,-0.78738797,-0.24296527,-0.041309595,0.288612,-1.2463048,0.0014492869,-0.12678492,-0.29933095,-1.6632879,0.49447745,-1.440034,0.13862912,-1.1240513,-0.42166832,0.88975054,0.3556484
1.1272137,1.0801361,1.898551,-0.70578945,0.37866122,0.6609504,0.6770053,0.030309409,0.7263341,0.83806014,1.0817325,1.8310475,0.40891406,0.4535693,-0.09352434,0.69779336,0.83318365,-0.05780228,1.5791245,-0.648756,0.26112634,-0.25266,0.16301729,-1.3395822,0.26125544
-0.17946097,-0.58094525,-0.18796673,0.17184234,0.21880174,0.048239082,1.6495439,0.54961854,0.9175028,-1.1975893,-1.5414807,0.03209663,-0.7855649,0.1251792,-2.5158033,-2.902261,-0.50459313,1.1125965,0.73557955,0.025322318,-1.2938759,-0.7551918,-2.5917108,0.91053253,0.047493786
-2.3726196,-1.4762751,0.05698791,-0.15754803,-0.6445399,0.20015705,0.17483354,-0.2745912,-0.7363924,-0.81849277,-0.79618067,-0.34211385,0.19516724,0.40107155,0.33925998,-1.0693398,0.3079095,-0.055791974,1.9078772,0.34008133,1.0953896,2.4443085,-0.45945287,1.3813875,1.5280719
-0.66208875,-0.82558703,0.68805224,-0.34904388,0.8215817,-0.11286141,2.3735795,-0.834541,-0.68025416,0.50240755,-2.3017888,2.1965702,0.038661666,0.7891094,1.2014923,0.7053433,0.09069897,0.56721526,0.8563018,-0.5145898,0.13161355,-0.14784119,-1.5600818,-1.4634979,-0.17450601
-0.33801043,-0.0109555125,-0.029473785,0.47629666,0.38291803,-1.0831959,-0.34650525,-0.49251747,-0.86376387,-0.8812892,0.056529954,-0.03988953,-0.7810504,0.14698714,-1.4357946,-0.6238988,-0.0061988235,-0.6400504,2.2821627,4.523362,-0.29007578,2.2513776,0.99558365,-0.65271235,0.4515909
2.4627497,-0.69123346,0.8312165,1.473165,-0.31216025,-0.42292556,0.8103396,-1.0622977,0.90187144,-1.1288304,-3.1782799,1.7040415,0.19521841,-0.050056413,-0.59026265,-0.6947341,-0.8414705,0.08440791,-1.5343871,-1.549708,0.48459697,-1.4336512,2.677209,-1.5799384,0.02839142
-1.3243421,-0.9037627,-1.2088182,2.891009,0.018240869,-0.022266448,0.26312074,0.574537,1.3806392,0.089509994,-2.4136848,-1.3235972,-1.9620152,0.09985563,-0.98732543,-0.35132876,-3.2718658,1.5511191,0.8010377,-1.4098958,-1.3462318,0.39335397,1.6164453,0.17469591,0.5401135
-1.935115,-1.5092217,-0.3971873,-0.1525811,-0.34531057,-2.1310644,0.9143459,-0.07052557,1.1681961,0.10852945,1.4995245,-0.5024281,-0.07478613,-1.5825903,0.17246461,-0.9759506,-0.4510261,0.71054316,-0.4874457,1.2333571,-0.6646374,0.77649754,-0.39119226,1.1260316,2.1165342
-1.2953197,-0.37407196,-0.25452834,-0.48818472,-0.12981166,0.1705077,-1.6553149,0.40386012,-0.7477987,-0.47320166,2.0585496,-0.69210845,-0.22593215,-0.87701035,-0.03565073,0.36932072,-0.030938163,-1.7693821,-0.36318886,-2.0974607,-1.033031,-1.600425,-1.3512087,-0.29839927,1.7075281
0.06632631,-0.019272873,1.235058,-0.6683332,-0.7762789,0.23124671,-0.2611765,-0.3319205,0.004326638,-0.7233615,2.8537178,-0.050809905,-1.2062156,0.2530828,-1.9562356,-1.5216963,-0.90771157,-0.35659444,-0.9890398,-0.4128087,-0.36168683,-2.8325837,0.4062107,-0.97484887,-1.2001134
2.2066538,-0.1441053,0.22666293,0.3555212,-0.039249443,0.4293756,0.97141993,-0.17061265,0.4547888,0.37832192,-2.6433332,0.8742989,0.5439211,-0.00092712045,-0.7094101,-2.1392598,-1.5431836,-0.9167147,-0.57757527,-1.945478,0.945467,-0.28156054,1.307358,-0.6880883,-0.8039075
-0.48023683,0.73278904,0.26289997,1.9112442,0.1910973,0.9296221,-0.5418349,0.41395816,-0.4948781,-0.5842972,-3.6336796,-1.1206428,0.6348101,-0.010138094,-1.1082675,0.19811805,0.15901387,-1.1608682,2.2279453,-3.719306,-1.6084814,3.086456,0.019193888,-0.37860143,0.55934143
-0.42761692,2.534785,0.070564866,-0.39054218,0.4714316,-0.7461434,-0.4288265,-0.46409175,-0.60034597,0.37757668,-0.25117022,1.1435663,0.5361242,1.1111546,-1.6740663,-0.5125068,0.43125534,0.7567346,-0.77629983,2.3376112,0.04297392,1.5600085,0.52806807,-0.6459624,1.2381523
0.5479384,0.07698718,1.0264245,-0.28897554,0.26301798,0.83808094,-0.09783763,0.26154473,1.3905001,-0.40645427,0.6505248,-2.2916439,-0.89228785,1.1607397,0.46341133,-0.6739025,-0.07088506,1.1568372,-1.4954672,-0.2483546,-1.3345894,0.2563893,3.298048,-3.0608182,1.6216452
-0.5967784,-0.9344396,-1.6091342,-0.102941625,-0.27962726,-0.2810333,-2.0121944,-0.4262275,-1.519999,-0.27759582,-1.8539786,-0.47746694,-0.9217819,-0.20606218,-2.2647796,-1.1735871,-2.1360362,1.0414162,0.34046978,1.0307312,-1.7751167,0.38021743,0.4492507,1.5007553,1.6498034
-1.6097469,-0.19229949,-1.6843104,0.2415384,-1.0885179,-0.83362305,-0.35445613,-0.09439956,-0.43724906,-0.17887668,0.49045113,0.030777976,-1.0697402,-0.54773647,2.5855024,-0.14657664,-0.63871056,2.2265968,-1.805296,0.0056545734,-1.1803855,0.5783602,0.4297727,0.6819999,2.1756837
-0.54096407,-1.1094801,-0.41433516,-1.2448727,-0.112203315,0.1668316,-1.0914944,-0.37091684,0.33111107,-1.2630718,0.8437147,-0.2005223,-1.187152,-0.39745814,0.18636504,-2.2907968,0.36583558,0.19021723,-0.27662176,1.3588601,1.8534899,-1.0451097,1.7860646,0.78472495,-0.1394065
0.1066221,0.55141467,0.9193524,-0.79281366,0.5387833,-1.1511855,0.038309336,1.347229,0.74811774,0.13030931,-0.8074307,-1.4819837,-1.0379655,-0.05060503,0.644251,0.29798818,0.6199272,-0.07954672,0.24775928,-2.8899775,0.63706017,-0.2822785,0.032117613,-1.9865816,-0.29810262
0.3534823,1.2129189,-0.054599553,0.7422796,-0.008459508,-0.15145516,0.63755846,0.9307956,-2.4244323,-0.82450294,-0.7924875,-0.69644976,0.010388672,0.94373035,-2.3167653,0.51157343,1.4821225,0.17378438,0.50688356,1.0301112,0.06846744,0.6483986,0.28929007,-1.5065479,-1.0744323
0.52183837,0.8585788,-0.3814704,1.1002748,0.10249492,-1.6414824,0.9823445,1.6769555,0.66330475,-0.033452615,-0.026793933,-0.10556334,-0.7674238,-0.62089854,-1.914017,-0.06878427,-0.53251106,-0.7021985,2.1953773,1.8697729,0.87401956,1.7811415,1.0864794,1.4290568,0.97395366
-0.8366417,0.6838671,-0.7101244,1.1336573,-0.6064379,-0.08357993,0.65988976,0.92684007,0.84232223,0.29688844,0.50642395,0.7056968,0.068905026,-0.25629032,0.84317875,1.3426943,-1.5674073,-0.6465838,0.00018540025,0.43918395,-3.044813,0.3386453,1.0540576,-1.061256,0.9536259
-1.0458939,-0.6278403,-0.8393121,-1.3674238,-0.46401927,0.073045254,-2.654532,-0.47783673,0.85622835,-0.9899075,1.6892391,-1.7840683,-0.77337927,-1.0263592,1.0368233,-1.9230449,0.4701303,1.5245497,-0.58350265,3.8914511,-2.727296,-0.48680818,1.5332894,-2.0465386,-1.2581424
-1.4442873,-0.9863467,-0.7867596,-1.181423,-1.1166636,-1.5886475,-2.6849988,-0.7063362,-0.91648304,-1.8801299,-1.0400503,-1.3082588,-0.5762243,-1.2719322,-0.9624181,-0.6782595,0.75698805,1.5748917,-2.1071134,-3.559536,0.41105124,0.84049,0.48496383,-1.8718991,-1.1703974
0.47569212,-0.57914734,0.9976093,0.8896344,-1.0581281,-2.078195,-0.15998715,-0.972354,-1.377548,1.3445673,0.9699663,-3.2384229,0.030102015,0.5473249,-5.1086764,-1.6082755,0.38738877,2.0160472,-1.6419839,-1.0780786,0.9897681,1.806451,-0.39014903,0.57424086,-2.804507
1.7278941,0.464752,0.34306723,1.8192952,0.09795731,1.5694429,0.19429797,-0.3952955,-0.20620424,1.2183313,-1.9824312,0.013365954,0.61190116,0.07210916,-0.68914986,0.5454914,-0.40559065,1.179407,2.2989733,0.05237055,-0.4459101,-0.07106078,1.6788664,0.9042482,-0.89326036
-1.4543654,-1.0877377,-0.463509,0.9869093,-0.621733,1.3523377,0.75216806,-0.91144866,-0.1709887,0.22585979,-1.3452371,1.0424759,-0.19059233,-0.30295014,0.09962925,-1.188226,-3.1879268,-0.3203416,0.8252205,2.9321032,-2.7920456,-1.421023,-0.929305,-1.069087,-0.72611964
-2.9841647,-1.8055407,-0.38356468,-0.731612,-0.59202623,-1.0136129,-1.000304,-1.1467648,0.11812386,-1.0428121,0.18965608,-0.75916535,2.8089254,0.5362099,1.4208665,-1.9914951,-1.6519874,-0.46595505,1.7287025,1.605642,0.43965924,-1.1004205,3.1098657,-0.5963792,-0.012245387
0.7390269,-0.11194196,0.21251649,-0.942259,-0.4751483,0.9428872,2.2910573,0.89967453,0.22461131,0.35184592,0.40814674,1.7023523,0.24101171,1.859243,1.0748223,1.0156946,0.7489599,-0.89857465,-0.31897557,-1.0152147,4.5428314,1.5141419,-0.70652765,0.11506623,-0.4978572
-0.0010839701,0.33894113,1.7285188,1.7586589,0.81472754,0.97629017,0.8909174,0.9250666,-0.55387205,0.5445199,-1.2124951,1.0958617,0.5369405,0.21980444,0.64575064,0.03575553,0.3374307,-0.39948472,2.8055282,2.0865116,1.5693159,2.092515,0.6624681,-0.45652238,-0.17790961
-0.49678543,-0.2599435,-0.5391576,0.78327066,0.5094042,0.34258246,0.04898578,-0.28024438,1.7502975,0.17367727,0.3568038,1.3691154,-0.29529053,0.050928086,2.6600637,1.1846242,0.3833869,-0.44123882,-0.1574198,-1.3971666,0.5228914,-0.1766387,1.4175644,0.650576,-0.64033085
3.013698,-0.59483695,1.0611193,-0.1218646,0.3519395,-0.6338566,1.36736,-1.71754,2.1142273,0.084350556,0.52566755,1.2325958,0.70226616,-0.36782324,0.12892148,2.333533,0.69577765,0.81444204,-0.19453335,0.5849355,0.7290833,0.36164397,0.33821756,0.55867606,1.0033346
0.44694304,0.7243345,0.20464128,2.6226192,0.95108545,-0.36698472,1.7796416,0.3777454,0.3514471,-0.6629246,0.5879222,0.26181468,0.50591695,0.56403214,0.43768802,0.97690046,-0.9967791,0.17351887,1.6640688,0.02633071,0.3884611,-0.4212194,-1.6306169,-0.5561322,-0.23878056
-1.2784512,0.5005611,0.83563757,0.29712126,0.2820277,-1.6923919,3.761734,-0.37987787,-0.6882853,0.50325614,2.859629,0.8639176,0.15997905,-0.5080149,-2.9945593,-0.013353705,-0.054353625,-0.30611414,1.3138616,1.1638694,0.55879974,1.4077191,-2.3495803,-1.2234749,1.6757134
-1.2610383,-0.56356275,0.80183077,-0.58198357,-0.8052542,0.2444135,-0.31747124,1.3672228,-1.4194323,0.18438701,2.3194172,0.33172256,-0.6713015,-1.7036418,-1.5598085,-0.2023599,0.74951494,-2.5719361,2.0603485,1.2169628,1.6221076,1.9129956,0.49216342,-0.34342736,-1.0110478
0.09492156,-0.1938008,-0.8695204,0.7535796,0.75759125,-0.71442986,0.8026295,0.43754694,0.6717849,-0.37728477,0.93515193,1.9848708,0.07633534,0.042180866,-0.52529377,1.0526122,-0.5057417,-0.79856354,1.0899936,-0.9293565,-1.0352751,-0.69765353,3.393409,-1.7557826,-1.7642305
-0.43884295,-0.21220678,-1.8184177,0.42168754,0.1132958,-1.4307628,-1.0687126,-0.5548274,1.1956134,0.2931667,0.41042772,-0.51489526,0.09643936,-0.5673993,-1.9973745,-1.3003955,-0.47987998,0.38393894,-1.3969605,0.88848233,-0.5220636,-0.9026828,-1.5166366,-2.1762364,-1.8065478
-1.063276,1.260461,0.3265928,0.062735304,-0.8611201,-0.3732304,-1.0091621,-0.08055884,1.070838,-0.3586974,-1.8292878,-1.4465067,1.5063303,-0.7118928,-0.04653406,0.48999217,-0.6688389,0.103703715,0.53236073,-1.3911558,0.82779604,-1.2345843,-1.1172947,-2.0347986,-0.45072073
-0.49277192,-0.71349275,0.15040348,-0.25331795,-0.8652555,1.0486394,1.8082554,0.27198213,0.4812461,1.2641171,-0.8083143,1.6661273,-0.790024,-0.13854712,-1.6156745,-1.995067,-0.08700463,-1.3573731,-0.4933877,-1.8637197,-0.5732716,-2.8061802,-0.36904114,0.099821806,-1.4718738
-1.4350911,-1.0269971,-0.046775974,0.0008892715,-0.29253936,-0.9414144,2.3310153,0.51167125,-1.0246545,-0.090465456,-3.7997012,1.1807234,0.9652425,-0.0065466166,1.0667372,0.8377969,0.027912756,1.3453414,1.8869492,0.6944971,-0.8832941,0.57129586,-0.8000972,0.93708754,-0.3951128
2.6977944,0.50746685,-1.3370894,0.43040803,-0.50872356,0.90058166,2.2631557,0.38413405,-0.27597132,-1.3094428,1.9677047,1.256949,0.98410106,0.2960487,-0.6273123,-1.1039075,0.87591684,-1.1312413,4.381853,5.240678,0.4018795,-1.1748729,0.40277857,-1.3502347,0.9201997
0.39016593,3.3650339,0.6892199,1.3970517,0.39277476,0.027442515,-0.4122038,-1.0876981,1.4692974,-0.28340638,-4.534277,1.0972338,0.76037264,-0.0324459,-0.8346713,-0.18117662,-2.866065,0.9746587,1.9578741,-0.10524297,0.21675527,3.0485408,2.1113632,2.4553125,2.2034812
-0.6347044,-0.4954694,-0.114342704,-0.29429686,-0.004491724,1.2285728,0.84452146,-0.5484862,1.1600726,-0.07218252,0.19280043,-0.27471378,-1.8855082,-0.3111716,-0.5707878,-2.7794056,-0.984007,0.28213596,-0.23985639,-0.28803706,0.71679825,-0.6752989,-0.12522215,-2.229671,0.36091667
-0.2789194,0.5234599,0.2702538,0.2481625,1.2868339,0.065612026,1.2821321,0.76720726,-1.2894939,-0.74583393,-3.5145068,0.09786273,-0.38314536,0.63368726,-0.26538822,-0.6043133,0.96315134,-1.3531023,-0.4522354,-3.7205198,-0.15661514,1.6394163,-0.85793865,2.3542717,0.86615187
-0.58407164,0.39237615,0.017767191,0.75729644,1.3331933,1.9352934,0.4242609,2.0886376,-0.09459096,1.0162474,-2.3832927,1.1029994,0.56340915,0.4138906,-0.58422524,3.5092778,0.46407157,-1.087149,0.13141862,0.45390505,-1.0553819,-0.6535986,1.4015106,3.3052711,3.3885105
-1.0668447,-0.98914886,1.2502658,-0.015263468,-0.5845059,-0.6742849,-0.025686264,-0.33263522,1.7754263,-1.2132769,1.4459517,0.70013463,0.71912843,0.6785182,-0.46972406,-1.1329274,1.1544287,1.0431099,0.88070893,3.4609785,-2.8944292,-3.2826962,-1.0317717,0.75131375,0.49223065
0.8354416,-0.19750744,-1.005029,0.39174396,-1.4602386,-1.3693321,-1.5793688,0.9578518,0.98689055,-0.5662537,-1.1509761,1.5516493,-1.3844187,-0.68442476,-0.058454037,0.7664447,-0.4229647,1.3334297,1.1703355,0.015006788,0.24323395,-0.7603713,2.8273516,0.23094279,-0.046600856
0.3186484,-0.21931678,0.02063495,1.7414799,-0.104249924,-2.042761,1.3331814,1.143829,1.8410082,0.03592503,0.6840296,0.8825132,1.1176199,-0.71275896,-0.16793281,0.5009993,-1.6729648,0.7147707,-2.4409266,1.1694796,1.1823039,2.727994,-0.6789231,1.262381,-0.54774755
0.6433566,-0.8622321,0.78458804,0.5177077,-0.19077855,1.9235096,-3.623875,0.8651035,1.1290476,1.9882846,-0.44238338,-2.97066,-0.19082415,0.53303015,0.61274743,-1.1170517,0.92520535,-2.0913386,1.2289797,0.14352244,2.7102733,-1.0405673,-0.015927017,-0.46010923,-0.1389465
1.2710526,0.4865875,2.539592,-1.2904745,0.41926724,2.8672798,1.9162109,0.47811928,0.39281145,-0.36136192,0.640738,2.0677085,1.3844438,0.55565345,-1.0605048,1.257672,2.7030163,-1.205864,-0.5753816,-4.548551,1.4645653,-0.5411961,-1.1829234,-0.6709429,2.092381
1.0011833,0.23716176,1.4379687,0.07697758,0.50271,-1.1244873,-0.033638105,1.4435043,-0.38922518,2.3401835,0.20289394,-1.4550126,-0.64866495,0.6406605,-4.389106,2.7487884,-3.1561065,-0.31020173,1.2035099,0.89148724,-1.3472669,2.5601063,-4.8356657,-0.77332413,-0.71559393
-0.0757435,-0.7913877,0.32050884,0.84658444,-0.5897124,-0.65126586,-1.6535634,-1.0852627,-1.1254845,-1.2181941,-1.1760223,-0.2627438,0.25349534,-0.52163863,-0.9790845,-0.4403711,-2.501354,-0.12725136,0.9839144,3.5109093,-2.0371861,-3.673718,-2.9337034,-0.804564,0.40625802
-1.5574393,-1.1228133,-1.3639008,-0.08847219,-0.87335896,1.9697027,-1.059741,-0.29478812,-0.19019318,-1.2799016,-0.57738554,1.520926,-1.5971206,-0.9240036,1.8670292,-0.68121827,-0.44342726,0.42097718,-1.6128745,-0.059063315,-1.9180635,0.8096253,2.4548366,-0.67709386,0.8789947
-0.28878748,1.7234418,-0.011166394,-1.5894156,-1.2376084,-2.3717995,-1.3533871,-1.1682693,3.553974,1.2133691,0.21914397,-0.30559915,0.39196694,-0.7338387,-3.311708,-0.42294613,1.0696974,0.4442228,-0.39392465,0.0361771,0.7721228,1.2281947,-1.2423632,2.683382,-0.043238252
-0.91412985,-0.6450708,-0.7030089,0.33977926,1.6749504,-0.64896107,-0.33324975,-0.8283942,-0.01603049,0.09634167,-2.6652634,0.35868084,-1.5469762,-0.3870312,0.37715524,-1.6810842,-1.3699005,1.745033,-1.1687326,-2.8044147,-0.103741705,-0.70439136,0.94599104,-1.6199785,-1.0090597
0.89979714,0.47348988,0.13963875,0.23872617,0.46056587,-0.23207676,0.26351178,0.9626697,0.30471194,-0.7327769,-0.96856505,-0.33387882,-0.14910099,-0.14446792,-1.5823016,1.2398149,0.15421924,-0.3005193,-0.76261604,-1.4638346,-0.2605974,0.13188428,-0.7251369,-0.04926274,0.84158987
-0.10833677,0.5101398,-0.7493746,1.3120527,-0.8765232,-0.31816533,-1.0159085,0.8927524,0.9609933,2.1076863,-0.111717105,-1.209409,0.60599667,-0.08491333,0.29303768,0.49604583,-0.72233194,-0.34184858,-0.72004044,2.3056138,-2.7429228,0.124599636,1.4768876,0.35523227,-0.6255281
-1.7553319,-0.6793968,-2.1060598,0.02931948,-0.35678256,-2.9805694,-4.2645288,-2.5228915,0.44341457,-2.1198883,2.67946,-0.9570178,-0.39229515,-1.8266789,1.4412885,-1.5250726,0.0976603,-0.9591362,-1.3513114,1.6623728,-0.29894757,-0.26995975,1.8099223,-0.8979082,-1.166047
0.4907255,1.0357362,-1.2641841,-0.729964,-0.11333684,0.7814741,-1.6910254,-0.6190289,0.8503052,1.5934654,-1.1309006,-1.6212972,-0.62323904,0.9536712,-1.9886761,0.16905528,-0.53791153,-0.87307847,-2.5796585,-3.7406256,-1.2453194,0.6018369,0.088024884,-0.58129704,0.9022262
0.23029652,-1.1613839,-1.9427263,-0.71808326,-0.48534274,-0.502792,-2.9996724,-0.2659262,0.7343061,-1.1205627,0.6634049,-1.8492323,0.2035838,-0.7087498,-2.3735101,0.57511485,0.71031,-0.36793032,-1.4995224,-0.6031394,1.2212625,-0.8759749,0.9994902,-0.50367236,-1.6807628
0.5042319,1.1244563,0.19881526,0.7983995,0.10425929,0.3598435,-0.69261277,-0.45568871,-0.5196259,0.24876642,0.43021387,-0.36339128,0.104548566,-0.13845825,-0.6595146,0.61628324,-1.7218957,0.62006396,-1.1990334,0.44040996,-0.31441027,-0.7401651,0.99737036,0.6375765,-1.3416936
-0.2738553,-0.2737707,0.16709736,-0.1818883,0.67383957,0.038203716,-0.124581754,0.10234523,-0.6515526,0.34638155,2.418807,-0.81996727,1.1681541,-0.33808887,-1.9266573,0.51793647,0.1942651,0.009899318,-0.05615273,0.17615557,0.18771344,-1.037661,0.9785281,0.8063034,-0.39393044
0.26326263,-0.34637126,0.8997813,0.24284038,-0.10634053,0.35682172,1.0555872,-0.15124378,-0.99216133,-0.40958098,0.93425244,1.4637697,-0.13655886,0.120741606,-0.49943763,0.6393148,-2.3923223,-0.025314681,1.6200092,-0.16697979,-0.24785033,2.763477,0.69723964,0.005923778,0.7694363
-0.072381824,-0.2835067,1.3908329,0.3559778,0.48711985,0.690012,0.7145451,0.085627854,0.5907759,0.9557173,-1.1124322,0.5451631,-0.22210181,0.698357,-1.3068343,0.36600077,-0.08909565,-1.6066532,0.26265076,1.2110326,-1.6498135,-1.6778479,-1.8855213,-1.4417168,0.44828978
-1.3867036,-3.7172375,-0.07293831,0.18144277,-1.0254489,-2.3872135,-2.5956616,-1.5526904,0.5720582,-1.5465052,1.7126111,0.5074221,0.5098258,-1.5645531,-0.13668168,-2.7308085,-0.28269726,-0.025683045,0.9121971,3.148971,-0.35988492,-1.7501595,1.1849608,1.5175122,-0.3846159
-0.48049793,-0.10842499,-0.08855922,-0.66508406,-0.21599919,0.95874155,0.952752,-0.3074622,1.9243836,0.56678814,-3.9550872,1.9396063,-0.23012024,0.13173419,2.8761134,-1.3145442,-0.035744086,-0.3274616,-0.35705602,-1.6731485,0.109558195,-3.0561643,-0.054522097,-0.31941926,0.12871516
1.2873917,-0.3785684,-0.78120315,0.9072232,1.5041924,-0.98673993,2.3524866,0.32179576,1.8819181,-0.16387397,-3.2596884,1.6247356,-0.68436134,-0.5058271,-0.7797221,1.9624895,1.7016174,-0.73747736,-1.9486345,0.6275153,1.7749357,2.1416445,-0.67205656,-0.9001901,-0.1439712
-1.3660048,0.753322,0.8523808,1.6205021,-0.12762532,-0.44407144,-1.7611445,0.47080404,1.9813986,-0.017514065,-0.42701763,-1.3815066,1.4427589,0.19952366,0.4124358,0.20073077,-2.9919863,-0.13804048,3.3411586,5.0945663,1.0070367,3.5597396,2.7488027,-0.9683471,0.010868572
1.2792364,0.7317227,0.51131034,0.35237724,1.0604911,3.8100836,1.8684571,-0.3147586,1.5933983,1.2260237,1.1018434,1.651297,1.9142671,0.9831116,0.1484409,-0.6395894,0.09561616,-0.12780386,-1.0625271,-0.9463836,1.2052965,-0.32205057,0.8792458,-1.0515493,-0.4527376
0.39271343,-0.25134042,-0.45387048,-0.11192879,0.29881194,-0.004536815,-1.0584484,0.39146414,0.43775886,-0.419064,-3.3604,-0.58379424,-0.29691172,0.5144257,-2.7736237,-2.1165407,-0.5127916,-0.84067154,0.58824074,-0.46601975,-1.1675,1.7794693,-1.0344462,-2.2337222,-2.0078318
-1.7421029,-1.8925588,0.4684475,1.73177,-0.957222,-0.27450308,-0.13388774,-0.54869354,0.91079915,-1.8284829,-1.2741537,-0.76756835,-1.0329078,0.04957618,-1.4554498,0.46456662,-2.691092,-0.32243675,0.25736183,-1.8357953,-1.5281883,0.65918696,0.36221367,1.7175645,0.89697456
-0.26263875,-0.6790233,-0.20838091,-2.0197663,-0.49208695,0.5417743,-0.19709212,-0.90427196,1.4611492,-0.7505455,-2.1064522,0.48564118,-0.98585707,-0.5961102,-0.8431191,-0.61516047,0.2702,1.1725364,0.82680774,1.5967821,-0.8983028,-1.2072608,-0.507233,-0.48199266,-0.43289357
0.38743174,0.38668913,-0.40683147,0.23275606,-0.10809529,-3.5445619,0.4708104,-0.2610709,0.30041093,-1.7825656,-2.2970462,0.5304706,-0.7552495,-1.4901764,1.1449921,-3.1577027,-0.78541416,0.97093695,-1.3044701,0.8543373,-2.209446,0.15078644,1.5811883,1.0031648,0.83008355
-2.0869355,-1.6305268,-1.1230828,0.20823704,-0.80086184,-2.0167465,-4.6460266,-0.7390646,0.52022994,-0.07974446,-1.8114508,-2.8812785,-0.54108447,-0.4740782,3.2724884,-0.59878355,-1.5447658,0.6287779,0.9621813,-0.39421993,-1.7170871,-0.7826452,-0.0679858,0.4961015,-0.040216386
-0.59094256,1.2071872,-0.33099476,-0.90570205,-1.5853841,0.19459315,1.1526148,0.08523555,-1.7932022,-0.037974067,0.25993508,2.0820427,-0.1859509,0.0028414428,-0.9897922,-4.3471785,0.6247316,-1.7450762,-0.9449239,0.20163488,2.8491642,-0.5033331,-3.06327,0.31891406,-0.2417256
-2.0115242,-0.6315337,0.7946318,-0.1630919,-1.1129785,1.6730282,-0.8133533,-0.98247194,-1.455232,-1.2640593,-3.2916183,-0.4236123,-2.0700977,-1.2041577,-0.99799854,-3.7708292,0.57224035,-0.880411,-0.21794319,-4.985899,-0.98952043,2.8774543,-0.0028366446,-0.42170596,0.9363953
-0.7027257,-0.33514643,-1.4251631,0.808829,0.0005265251,-1.570049,-0.39981985,-0.59603816,1.0906274,0.040666327,-1.6006784,0.09925455,-0.31964433,0.7641539,-2.9052103,-0.7431489,-1.699578,-0.13868174,-0.27771103,-4.0233097,-2.4479446,-0.32000375,-1.9360621,-0.23992066,-1.3100587
-1.9786456,0.39125937,-0.8101537,-0.6113871,0.13429573,0.03704825,-4.0455685,0.75693744,0.21520013,0.14789614,-0.6118355,-1.7018672,-0.46199533,1.0318699,1.2754054,-1.0080228,-1.8606846,-1.7812569,0.08654383,1.4934385,0.7818586,-1.5409706,-1.5185436,0.08200967,-0.5715041
0.3969301,0.22294289,-0.45501357,-1.2808862,0.67518365,0.40429795,-0.10399264,-0.7931379,-0.13000625,1.2617581,-0.57602525,-0.48185468,0.47161412,-0.18783125,0.07230401,0.79051584,-0.6838085,-0.6670448,-2.1670718,-2.789097,-2.2685359,-0.92996955,-0.81361425,1.1177604,-0.8240454
-0.6635493,2.1538267,-1.116954,-1.2252029,-0.34283608,-1.0920464,-2.0651736,-1.1822904,0.07086681,-0.9434153,2.742782,-1.9115056,1.1077155,-1.6332912,1.4147635,-2.464773,-0.8463214,1.5809176,-1.0978985,4.174344,-3.3413906,-1.6884482,-0.42941013,-0.044085085,-2.8518674
-1.7431538,-0.3557049,-0.16738707,-1.1360283,-0.37855,-3.3114042,-2.5993302,-0.85353833,0.14038855,-1.8125739,-1.8041029,-3.0465956,-1.304837,0.25208545,-0.7169164,-0.59697556,-1.5900301,-0.2758655,-2.1311429,-4.107073,-1.4354154,-0.6759033,1.7653512,1.2802455,0.379669
-1.3310404,0.24538934,-0.9455433,-1.5102978,-0.11219268,0.7204716,-0.98942244,-0.23097911,-0.7563091,-0.18630755,-0.7060615,-1.9891405,-1.829751,0.07213912,-2.0698133,1.2615321,0.7668859,-0.9764376,-0.8716249,0.16884738,0.35409346,-2.4200416,-0.7807441,-0.4129446,1.2996438
1.1853693,0.84299326,-0.6304755,-0.017045774,-0.22248286,-0.20189607,-0.17888954,1.1724193,-1.2615293,-0.14202976,0.7296814,-0.5212526,1.2910161,0.20146054,-0.49918154,2.423986,1.1419568,0.6206969,0.5865541,2.821869,1.5126297,1.1097027,0.5449882,0.71717703,0.975993
-0.260912,0.7418066,0.5140379,0.7227845,0.5095035,1.9657109,0.9301316,1.6698104,-0.1495024,0.29848564,2.5021734,0.66803914,0.8038392,0.45911977,-0.47419286,0.29044223,0.3481409,-1.3554074,0.710878,0.48750013,1.0255786,-2.0148277,0.9823768,1.0703573,-0.37121058
1.4692737,2.2489996,-1.051411,-0.13064408,0.051310062,-0.5810444,0.8177314,0.913917,-0.313862,2.3355489,0.439184,-0.10055637,-0.07268402,0.21620986,0.21151778,2.2748015,-1.5635097,0.17531763,1.020429,-0.066726714,-0.99363506,1.0437726,0.5575123,1.1834272,0.17135414
-1.6386719,0.06862003,-0.11901167,0.14837804,-0.3241851,1.3258411,0.66162395,-0.28679472,-1.0010843,0.23110674,-1.1524174,-0.15115836,-0.44237748,-0.9951508,-0.52835166,0.5695965,-1.3823891,0.13893194,0.75239605,1.4797353,-1.1979731,-2.2447042,-1.5323787,-1.4130906,-1.3938701
-1.3572886,-0.91915065,-1.7033048,-1.1662621,-0.09736931,-0.84501565,-0.5868902,2.5014563,-0.6421247,-0.4521411,0.31703028,0.9415928,-0.6757275,-0.066326514,-0.20147276,-1.4287983,-0.50698215,0.6347049,1.1144695,1.9787875,-2.0552468,0.1301617,1.7200592,0.9441935,-0.46343222
-1.4221098,-1.5999756,-0.65610033,-1.475826,-1.0219638,-0.7889895,-0.56396204,-1.510307,0.7988633,-2.4505591,0.7911227,1.0482026,-1.5362766,-0.9024223,0.98843634,-0.99693,-0.42208627,-0.24222124,-0.86216146,-0.5826944,-3.1174345,1.1477685,1.0965825,-1.3842031,0.3791805
-2.756309,-1.0718727,-0.3456143,-0.91935647,-0.15569685,0.17214273,-2.3502915,-1.312513,2.227899,0.05729963,-0.63655376,-0.71022713,-0.75322413,-0.38731343,-0.206716,0.2350856,-0.122128695,0.0012907833,0.9108182,2.688117,-0.5834724,0.7588894,0.46380287,0.23373985,-1.8914185
-1.2991456,0.65725964,-0.36680326,-1.3838875,-0.19987409,-2.0500379,0.52978575,-0.10504113,0.1804021,0.5622264,0.04424113,0.010893464,1.4508532,0.00385651,2.2631226,-2.3465862,-0.68308085,0.36438206,-2.7120214,0.7766872,0.57551026,-0.7490326,1.0343752,0.034192055,0.35957533
-0.5593309,-0.5303692,0.18635467,-0.38517064,0.09120391,-2.5151815,-2.8476808,0.6581905,-0.42602825,0.57464814,-0.5004052,-1.283987,-1.7385539,-0.30795646,-0.40401548,1.1277548,1.6531332,1.563484,0.35053104,-3.0012302,-1.5712678,3.2073536,-0.2854619,-0.26472518,-1.156507
0.40460944,-1.4216671,-0.00010767579,0.9871561,0.1640773,-1.5738955,-0.20412415,0.23898348,-0.023243979,0.30644193,-0.49796695,0.55661905,-1.0132648,-0.6334685,-1.6774391,0.38752884,0.96482915,0.21025245,-2.2946734,0.68750286,0.100860655,-0.9172138,-1.7885311,0.060569968,0.4383538
0.2151551,-1.1647315,-0.585912,0.23657233,0.37217218,0.88206285,-2.60332,-1.9206109,0.090616345,1.5535285,-0.7940607,-1.8380228,0.4931788,-0.00025114417,-0.27467695,-0.42860645,0.36283568,1.4580716,0.8029027,0.5123979,-0.7866074,1.0002017,-0.75868917,1.3163351,-0.17837816
-1.2506416,-0.59754795,-0.26839066,-0.72910273,0.027367279,0.8849131,-0.35559756,0.0147250425,-0.26542455,-0.57301855,-0.891191,-0.39790207,-0.18394488,-0.642612,-0.076487005,-0.47921124,-1.6903718,-0.6390264,-2.1545172,-2.8053217,-0.16378596,-1.0947822,-1.4250598,0.11291969,-0.6384714
-0.5960034,0.15125129,0.45665038,-0.69507927,0.11224146,-1.309888,-0.1812807,0.26174802,-0.34879154,-0.674665,0.0040723085,-0.83919704,0.22831297,0.8267431,-0.72280955,0.74550015,0.5885005,-0.43437514,0.104212195,-0.3017432,0.99725205,0.66270703,1.5181471,-1.0477016,-0.15463853
-0.42741477,0.6620218,0.6747494,0.6619952,1.2912813,0.877595,0.26103282,-0.19737118,-1.1189184,-0.6718408,0.3586595,0.63259137,0.50199085,1.3877492,-2.079528,0.49434853,0.23614979,-0.9878742,-0.7272246,1.1678262,0.3452795,2.9730191,1.1476505,-0.24208933,-0.7123984
-0.8433586,-0.47691482,-0.45515352,-0.6405277,-0.5201306,-1.9216635,-1.3991643,-1.1109623,0.46139392,-1.6169071,0.8568779,-1.4678162,-0.04990208,-0.18184824,-2.3102016,0.22206807,-3.129117,0.26698363,-0.20255356,-0.77609295,-2.8594837,-0.9453688,-1.0762863,0.034086764,1.0371473
-2.6541173,-1.5493484,-0.49164265,-0.21095961,-0.72619706,-0.24174607,-0.8653225,-0.7923779,-0.85622317,-1.4796119,0.34170777,-0.34735668,-0.7266282,-1.6228434,-2.2248619,0.02837795,-2.1611924,-0.2019605,0.44250172,1.6525819,0.13508262,-0.7786135,-2.091536,-0.15005666,-2.959163
-1.4612633,1.1682012,-0.8100898,-1.1147344,0.8660668,0.26019692,0.98592746,-1.4818478,-0.2576564,0.68909246,0.49131012,1.4326892,-0.5504587,-0.68155754,0.6482586,1.1744173,2.0292418,-0.5393325,0.27973795,-0.56968343,-0.8144209,-0.20898283,0.9090446,-0.07708143,-0.2237137
-1.079313,-0.39669597,-0.43377998,-1.6514055,0.15509479,-1.3045076,-0.6002056,0.08646873,0.8269491,0.18128873,1.8469982,0.15876704,-0.9150049,-0.38307825,-1.3730135,0.26705012,-0.66477513,0.9585617,0.041166037,1.0487609,0.0045948327,-1.1289237,-0.12821828,0.15123756,-0.33083877
-0.8866679,0.07349524,-0.016672254,-0.46230707,0.4869876,-1.0891383,0.051237166,0.53386134,-0.17287469,-1.0371925,-1.6039654,1.0688847,-0.18526635,-0.09964155,0.0013715625,-1.7662588,0.14482982,1.1544663,-1.28872,-0.3070859,0.29739282,-1.3324385,-1.2798777,0.41395208,-2.5597396
0.7566181,-0.19054827,1.0116761,0.35268965,-0.6758335,1.0155667,0.71083796,-0.50138927,0.6535119,2.0368342,1.371253,-0.46998844,-0.12605299,0.919541,3.0423367,-0.1836463,0.83457136,-0.26770842,-0.116977826,0.81638515,-2.388518,1.5819594,-2.344007,0.9086351,0.6175368
-4.243441,-2.6001337,-1.4260818,0.04620768,-2.828299,-1.940414,-3.1786685,-3.3907313,-0.35499474,-1.4472946,-0.27830076,-1.8086714,0.10971779,-1.4448626,2.4213235,-3.5067954,-0.9034784,-3.6683316,-0.5262535,1.9468588,-1.69187,-0.9662132,-0.6340376,-0.2860998,-0.3964081
0.711036,2.0576036,1.5740125,-0.9384181,-0.3920085,-0.58476853,-1.6190027,0.27704528,-0.12077093,1.2634254,2.9075437,-0.55198914,1.192706,-0.3041912,-0.8227596,-0.9249428,2.659094,0.27532393,-0.39232895,-0.5556327,2.6788027,2.4517255,0.45965737,2.6357517,1.0898949
-0.2903422,1.4351414,1.0860965,-0.10426016,1.5300872,0.24589142,-0.66325474,0.29431406,0.9516413,0.16317272,-2.0418472,-0.035654634,0.13442464,-0.07463533,-1.7467765,1.5090446,-0.8826297,0.5327237,-2.2784271,-4.473192,1.872178,-0.6090767,-1.016343,1.5407492,0.10132092
0.9329215,0.91128397,0.83746314,-1.3082228,-0.3547992,1.4469657,-3.5240023,0.47028628,0.46643257,-0.7172934,0.23272133,-1.3955643,-0.77642685,0.15031853,0.4214037,-1.4521571,0.22266561,1.5886645,-1.4349778,0.6663551,-1.4412419,1.0265476,-0.04592541,-0.79070127,1.3105015
-0.22574778,-0.82517076,-0.21371484,0.13599885,0.50917625,-0.5457713,0.11254221,0.5784441,1.4319309,0.037463546,-1.8324918,-1.1858772,-1.0081198,-0.9289201,-2.447164,-1.3543942,-0.033441782,0.21693893,-1.3228952,-3.5740526,-2.442212,1.305699,-0.15644337,0.2517479,-0.09706929
-1.1258987,0.13710654,-1.0799798,-0.46405908,-0.7494478,-2.2973905,-4.5325646,1.2791262,0.3499332,-1.663092,-1.2707676,-1.6864065,-0.20392454,0.029361673,-1.7003696,-1.1917584,-3.1021357,2.1864395,0.9619553,1.1948054,-0.56606054,-1.0815743,-1.5247188,0.40729225,-0.48291194
-0.6311504,-0.055694103,0.17826614,0.3251089,0.2595639,2.6926486,1.8567997,-1.4449539,-1.0240331,0.3884626,0.8784775,1.8915386,0.40321487,0.023721516,3.082945,1.991219,1.5401425,0.74511576,-1.9858606,-2.1669803,1.2238252,-1.2314894,-1.8871201,-0.269614,-1.2151436
0.26748413,1.4376686,-0.3300932,-0.3991761,-0.30450863,-0.42579705,-0.07686937,0.011141077,0.007758975,-1.000988,0.8072778,-0.9585511,0.14966801,-0.27541608,-4.6001077,0.32907838,-0.26057374,-1.7062011,-0.25470227,0.6519765,-1.1029172,2.329888,-1.6133046,-1.1608069,-0.9192868
-0.4007822,1.9138842,-0.17657165,0.16364537,-0.9943485,0.6464483,0.6650015,0.063426495,-2.4738758,-1.5039467,-0.67468137,-1.8657186,0.25225052,0.49107617,-1.356024,-0.59333265,-1.2793503,1.8589516,1.1381762,0.4053155,-0.25141746,-3.1139522,0.8776902,-1.6339973,-0.3847127
0.09046695,0.5101398,0.33963144,-0.9716905,1.4790075,2.7033756,0.707036,-0.29721373,0.2758966,0.25556397,-0.36967146,0.8185027,-1.427956,1.0070629,-2.490846,0.9007467,-1.7442783,-1.2748418,1.4148033,-0.43147454,-0.4166234,0.8734783,-1.3040062,0.913184,2.9567666
-0.6869655,-1.1522139,-0.1898899,-0.21580945,0.16964166,0.2327978,-0.36745155,0.4498846,-0.5390489,0.5004112,0.36502892,0.84065956,-0.6473868,0.122520044,-0.56404895,-0.40732098,-2.952794,-3.644824e-05,0.40584353,-0.19939727,-1.2723924,-2.8552573,-1.8289504,-0.9486692,-0.0051483214
-1.0927079,0.22269425,-1.2635972,-0.9721364,0.64960885,-2.3353324,1.4844693,0.07411991,1.514792,0.7427124,-0.32498014,1.6037717,-0.36273557,1.1573329,-1.0067929,0.29691947,0.35927537,-0.4295856,0.1363143,0.17301917,0.40269035,-0.2878092,-0.75153315,1.2588451,2.9430234
0.83764213,0.25803822,0.1354186,-0.38933754,-0.092355,-0.48489594,-1.0504335,-0.06164243,1.2477258,-0.7836015,0.53351796,-1.4956661,-0.9044176,-0.33102015,-0.79710364,0.48451543,1.9172792,-0.94781303,-0.53359145,0.507709,-0.2544798,-0.95423156,-0.09103836,0.062675446,0.20750147
-0.58490574,-0.03014838,1.1184776,1.2538849,0.77493966,-2.429867,-0.7374271,0.59105164,0.5972675,1.1188339,2.7005677,-0.2564417,0.36675107,0.0039350092,-1.0512023,0.10391976,0.6413786,-0.63943195,-0.24037166,1.0955901,1.2944634,-0.8573303,-1.3455596,0.40323007,1.1999886
0.90780914,1.4419681,0.5412384,-0.3186574,-0.6605439,-0.30764446,-0.2452438,0.5055772,-0.07885909,-0.82515246,-0.47407222,-1.3843699,-0.12946695,0.04192454,0.65876454,1.6080754,0.38401753,-1.2195458,-0.8053329,-2.1631355,-0.84260833,0.7151121,0.24267644,-0.2803083,-0.83677197
0.26773864,1.2820823,-1.0844691,0.9893409,-0.7935934,0.3377729,0.20505294,-0.72128993,-0.91597104,0.049497575,1.5385547,-1.1096448,0.11565465,-0.2317075,-1.2610273,-1.1296513,-1.2483274,-0.32245666,-0.013365403,3.0323017,-2.8486934,-2.4214692,-2.587173,-1.8228261,0.30771917
-3.654535,-0.989287,-1.856554,-0.24471831,-0.40085432,-0.1552214,-2.157178,-0.72840095,0.46118203,-1.34593,-2.1142445,0.06040162,0.8276336,-0.21802819,-0.04977694,1.8177438,1.2448055,1.739264,0.114478946,1.4066731,-1.1748856,-1.2821202,-0.50227237,1.4502505,-1.0482458
-2.0575914,-1.828408,0.11851156,-1.304853,-0.5702808,0.24664168,-0.7754698,-0.3019219,1.8371298,-1.018959,2.323267,0.44428235,0.79412633,-0.49332955,3.6399739,0.6766099,0.8307915,0.9313964,-0.48013198,4.1696553,4.237281,-2.0921226,0.6557528,2.3683143,0.23184091
1.6296232,1.9001801,0.9021379,-0.36487857,1.7034693,1.1630727,0.50570554,0.78075904,0.8919379,0.6713833,-0.727079,-2.558354,0.39644262,-0.23450622,1.6613758,1.4286964,0.30967146,-0.90900445,-0.43856603,1.0241354,-0.11893132,-0.28967178,1.0153683,1.407362,2.604477
0.17034847,0.72509384,1.5410439,0.615591,0.049468923,-1.2584925,-0.85969037,-0.86044943,-1.1162227,0.1605272,0.24745773,-0.21021199,-0.51148164,-0.005212919,0.75715,1.3959349,1.1661686,0.3844796,-0.17218864,3.781569,0.5175126,0.86533386,-1.5799086,-0.6524713,1.5464753
0.464619,0.3941166,-1.3627111,0.03744313,0.09045815,-0.57973915,-1.0767665,-0.33146632,-0.7828251,0.4447492,-0.9062475,-0.16866463,1.1310273,0.4765432,0.47250217,1.3765545,0.9506725,-1.7239931,-0.37074685,-0.35798472,1.014492,-0.8463681,4.0092306,-0.9020774,-1.0030077
0.8633107,-0.12740588,-0.18942511,0.3553629,-0.029034555,1.8831131,-0.67844903,0.3153557,-0.11609471,0.5472678,1.1827723,1.3413799,-1.227402,0.58268106,-1.4408511,0.51964396,0.13578153,-0.66941583,-0.95230466,1.5463408,0.4363358,-0.891243,-2.4629846,0.14916958,1.2874296
-0.9876307,0.116142094,-0.25304624,0.35974205,0.30629078,-0.18350738,-0.8803894,0.047896355,0.97646236,1.7959361,-0.33688217,-0.32332474,-0.27060235,-0.09320505,2.7778423,1.4834837,1.2291174,-1.3177892,-1.0946004,-0.25078416,-0.46344393,0.5307553,1.2979984,1.3768642,0.32001525
1.0776882,0.47416395,-0.06291966,-1.5343833,0.6627083,1.213649,-2.726977,0.53333837,0.18206489,0.23672837,1.0252886,-0.64067286,-0.16098624,0.1527198,1.3234223,-0.54822636,1.2254233,0.10448849,-0.30122873,1.350335,-0.59264386,0.034649704,0.6524358,1.1216507,3.160068
0.651043,-0.1709592,-0.5071223,-0.5388732,-0.14847791,0.09292027,-1.7522163,0.85239434,1.4909871,0.08847529,-1.9995346,-0.6368774,-0.45903885,0.8163202,0.5601443,1.5374187,-1.2745857,-0.35042942,-1.7465299,-1.3812068,-2.3897543,-0.050844327,-0.69977117,1.0932657,0.11382562
-5.6579275,-2.2210174,-1.9789196,0.3276227,-2.8615022,-3.3190103,-5.143441,-3.1604674,0.35499594,-1.3211813,1.1585453,-4.4168944,-1.3363452,-1.9743226,1.1024821,-3.6770697,-2.1790724,-0.24186407,-0.05830601,3.653288,-3.3208926,-1.4962894,0.30025172,-0.028734721,-0.47460672
-0.08293909,-1.3029699,-1.8640702,0.3264019,-0.37336516,-1.9366364,-1.5055921,-0.34909472,-0.13475941,-1.5074131,-0.90676594,1.670283,0.5430181,-0.90860975,0.9903763,-1.9865541,-0.27701908,1.2334502,-0.20048735,-1.9161975,-3.0637088,-1.0475304,2.2711391,-0.6441611,0.2513005
1.1297063,-1.0655272,-1.1604288,-0.022429876,-1.0896015,-2.0689206,-3.054457,-0.55607176,0.1808927,-1.0172116,-3.6455274,-1.6373627,0.56149954,0.18878776,-1.1250807,-1.6599456,-0.68811256,-0.34708342,-1.328478,1.5010006,-2.200368,-1.0722468,-0.4776066,0.09228596,0.26620266
-1.5737343,-1.5896325,-1.4181722,0.5998658,-0.5360401,-0.98355013,-3.4242926,1.0499718,0.15354484,-0.38818592,-5.230139,-2.704838,-1.3587657,-1.2907412,0.8632767,-1.1445916,-1.8707248,-0.59058964,-2.302654,-1.3385999,-3.8155084,0.64883906,0.6523885,-0.24719274,-0.2527422
-1.8080913,-0.88132465,-1.3428512,-0.85178185,-1.812627,-0.43948436,-3.3097277,-1.6985507,1.4978468,-2.157529,-1.197869,-3.318335,0.0554069,-0.8750193,-1.9869671,-2.4241576,-1.9142693,-0.78088546,-0.0051071644,0.011422195,0.6540562,2.0873656,0.31730086,-0.44812256,-1.3434179
-0.7179023,0.7545575,0.27363944,2.035067,-0.10221635,2.5777755,0.8953499,-1.4351927,-1.4637716,-0.2542716,-3.0294862,1.7929585,0.5822714,0.39795542,0.16426086,0.36986074,-0.26490688,-0.39240295,0.30784565,-3.5398614,1.2257195,-2.0568264,0.29726982,-1.6216629,-0.5086238
0.714688,0.32037592,0.53768116,0.28617728,1.7364205,0.9432089,0.76688015,-0.3201474,0.92837864,0.57718515,1.0197269,2.9082763,0.42407918,0.4190477,-1.7100163,0.57128876,0.5389359,-0.16100103,-0.67793226,0.556185,1.1640642,1.7435762,-0.61076874,-0.59882617,1.1200006
0.34469408,-1.133543,-0.049308717,-0.032420814,0.35622463,1.5433993,-0.22500215,0.058394372,0.7012873,1.2109348,-1.7814292,-0.831663,0.76615185,0.46735626,0.991426,-1.0461057,0.4114095,1.5361488,0.116247445,-1.3738877,1.6661655,-0.8956828,0.26386935,1.6855735,-1.2131187
1.2334262,2.6394832,0.5274545,1.0263025,0.6905482,1.478503,-0.43216744,0.58520406,0.8975214,0.41655326,0.5925376,0.64914405,-0.6508769,0.26318407,0.5847889,-0.7691239,0.36648083,-1.4830879,1.5291843,-0.19611573,-0.12631583,3.8895316,-0.8098388,-0.6716376,-0.08638137
-1.2537694,2.792359,1.1001601,-0.25866377,0.03376876,0.4703511,0.892519,-0.15238784,1.3255694,-0.55744994,-3.9722843,-0.23285227,-0.24991894,0.3990717,-1.5082747,-0.929167,0.123641446,-1.0272156,-2.3940413,-1.3527477,-0.7651496,-0.6812675,-2.9885294,-1.4635952,-1.7557242
1.4188391,-0.03649907,0.90712154,-2.6951334,0.79887044,-2.1045299,-1.7887647,0.31936598,0.5544159,-0.47972345,-0.8787426,-0.15930378,-0.9513561,-0.67627066,1.8182776,-1.6250427,1.074305,-0.29114756,0.33739126,-2.097229,0.3725865,-1.4072142,1.2868369,-0.93573904,1.2714082
0.09471536,0.036165,-0.21119621,2.012552,-0.3187821,2.2041945,0.6538832,1.4785266,2.2770646,0.010346651,-1.9298487,0.6064197,-1.9948797,0.40450847,-0.8788226,2.335505,-0.24577293,1.7016106,-0.41770154,-2.3755686,-2.1886322,2.1067982,-3.0077627,-0.26704156,-0.5444679
0.98852706,0.02705115,-0.37175336,1.0233752,1.520608,-0.60382605,0.49093705,-0.81245637,1.0455606,-0.6236229,-1.0552851,-0.21377018,0.62478113,-0.8832007,-0.16370362,-3.98494,-0.3199584,-0.50473654,-0.17884195,5.2287865,-0.24232721,-1.7717073,-2.2275805,-0.3412173,-0.5325594
-1.8437223,-1.8854108,-0.54745024,1.2129462,-1.0345002,0.42561027,0.2935624,0.18653055,1.6490618,-0.8333956,-3.4702709,2.141486,-0.7172398,-0.2604598,2.8219213,1.2897302,1.5330403,-1.5148394,0.4252707,-2.6346846,0.520708,0.39449352,1.4131582,-0.611795,-0.47690815
3.494639,0.96597874,0.6260091,0.7739816,0.28764996,-0.34168187,1.2936189,-0.15699498,1.7599616,1.1678815,2.5365896,1.3680954,-0.45931274,-0.3192299,-2.7098281,-0.26036954,0.7370574,0.5399899,0.7569221,1.6249484,1.3763286,-0.288499,0.81824344,1.5232415,-0.6268269
-0.32711452,0.09518793,1.2400306,1.1844925,0.8486479,0.856115,0.22611374,-0.20519227,0.26811278,-0.7084312,-0.27697968,0.094044656,0.7644027,-1.0160393,1.2084649,0.2117675,-2.386045,2.0990868,0.637356,-3.2269275,0.6037538,0.9752996,0.4387965,1.7483594,-0.4131573
0.0004093051,-0.30506113,0.7734975,-0.99104154,0.08811475,1.6267511,1.0587186,0.21064715,0.6213516,0.60816395,0.41797903,0.2729898,0.081779234,-0.18005544,-1.1631241,1.1700287,-1.4851162,0.5795077,0.643026,0.1540721,-0.8626989,0.32685885,0.18241411,-0.65456355,-0.29868507
-2.0102189,0.1894702,0.3678841,0.06191367,-0.7235254,1.2145625,0.15577796,0.7703709,-1.8610909,0.22480819,0.75370383,-0.28214753,-2.1865976,0.16175894,-1.5723064,-1.6517699,0.90709835,0.33052054,-1.1274619,2.447774,2.049604,-0.50333667,0.35674796,-0.9478883,0.09990841
0.88693225,1.8480232,0.4701658,-1.652122,0.284878,0.4999869,-0.93821996,0.9061414,-0.53019786,1.8041488,-3.6764307,-3.5400703,0.8195008,0.48485607,1.0494418,1.8622572,-0.6572506,-0.09732646,0.6332257,-3.6974955,-2.350726,1.3375952,1.0052743,0.3076753,1.3558514
-5.252821,-4.9269514,-2.7942202,0.12346673,-2.8639154,-2.109237,-1.2067795,-2.768037,-0.9079404,-1.3856106,0.88224936,-2.394422,-1.4430482,-1.6811626,-2.4972775,-4.5741997,-1.6962667,-0.029837191,-0.3009378,1.4554002,-4.9600997,-2.822845,0.7096718,-0.6037227,-0.10049644
-0.90831846,-0.562518,-0.06982851,0.0014168024,-0.63127947,0.15207404,-2.5481899,-0.6073112,0.8488754,-0.75051236,-1.2220222,-0.6507733,-0.30236638,-0.22392671,-1.0755312,0.16021357,-1.4802709,0.7855413,1.8318176,-3.001494,-0.20052862,0.90046656,-0.9297681,1.4932592,0.545984
-0.49827093,2.160767,0.42178312,-0.8620003,-0.966557,-2.5841637,0.6572534,0.7551001,-0.3290652,-1.4943228,1.0265253,0.81983656,-1.4582669,-0.46936613,-2.422573,-0.35578084,-0.3589577,-0.4643674,-3.4576943,-0.5280213,-0.3832614,1.5047121,-3.6309476,2.684468,1.0190852
2.394288,0.008069828,0.09657862,0.6733743,-0.3532145,-0.35875922,-1.4717466,0.5101236,0.42424306,-0.046545893,-0.14966297,-2.227402,1.2090079,-0.64071906,1.1001776,0.3650971,-0.19188163,0.15107578,0.0024693608,-1.0511994,2.5553217,0.79984725,0.5154957,-0.5067251,0.18946028
-1.1834275,0.72363776,0.7095648,0.45158017,-0.10703647,1.9729736,-0.06724477,0.8068905,-0.027136862,0.24781764,-1.2272539,0.1668315,1.0608721,-0.43091768,-1.1713083,0.094599366,-3.2582998,0.40335506,-0.9589764,-2.332942,-1.6634476,-1.7653983,1.6398275,0.72601736,-1.0178053
-4.184233,-2.4492662,-0.9147275,-1.6714185,-0.2489534,-0.8196994,0.2849314,-1.0068989,1.4839289,-0.8441498,1.0046339,-0.20688021,0.097818375,-1.1665086,0.785535,-1.3004361,0.8692529,0.420235,0.79209065,0.39332336,-1.0209236,0.72026557,0.8823646,-1.3390214,-1.5440286
-0.652142,-0.19936645,0.32767034,-1.7722062,-0.110471144,0.69904697,-0.08258927,-1.1158161,-0.17205107,-1.0816044,1.7899419,0.0053595304,1.2567457,-1.1358676,-0.82668334,-1.8036335,2.288136,-0.8435307,1.2650883,-0.5995437,1.5094764,-0.6412787,-0.43820983,0.6595759,-0.52491874
-1.9182205,-1.27508,0.48167127,-0.69133496,0.77716047,-1.6969186,2.0845494,-1.5425425,1.0977453,-0.9268113,-1.5805346,0.3399768,-0.30721396,0.1966035,-1.0734668,1.3656667,0.5237089,-0.009482272,0.044946298,-3.0108566,1.2684941,1.0503478,-0.69375014,0.7436196,0.5276799
0.89202106,0.01958692,1.5111082,-1.2692695,0.22917107,-1.5706301,-0.09896761,-0.18357801,0.03747183,1.5253642,1.6268559,0.8811257,0.67891264,0.7147648,0.00938385,1.3184226,-1.2644348,-0.41742897,2.0952861,2.140644,0.24405289,1.4142817,-0.9410991,-0.39274943,0.1123599
0.71023035,0.7078598,-1.5892327,0.6092287,-0.20664904,-0.5344267,0.80297667,0.21762249,-0.16317494,-0.22464108,1.3341017,0.28073448,0.494788,0.051017165,0.6605397,0.73171663,-1.8057084,-1.221811,-0.13022453,-1.2821146,0.036021173,-0.7709048,0.9469198,1.8108726,-0.15421818
-1.0431881,1.0401604,0.79647005,1.1221365,0.6104891,0.16015542,1.7665781,0.22709596,0.704399,0.21714127,0.92079073,-0.66613096,0.4141857,0.19425422,0.9206556,1.1720476,-0.043953627,0.3144829,1.3666608,0.3093264,-0.4587311,0.4322899,0.74883795,1.6392363,0.79867935
-0.9395198,0.16470407,0.06057829,-1.3920659,-0.54342484,-0.7794931,0.41512483,-0.5629791,0.017655015,0.100911945,0.7036928,0.89192605,0.5324838,1.3828974,-0.7404622,0.57328117,-0.19491306,-1.0188302,0.20437983,2.3123143,0.47027498,-0.5894842,-0.7198312,2.26812,-0.7629031
0.64082116,0.17950119,-0.79634863,0.28758973,0.016101778,-0.8232948,1.1924316,0.08624409,0.15726097,-0.2500108,-1.901686,0.5197882,0.4142174,-0.59593195,1.594066,0.8108256,0.7535695,-0.456481,-0.76798093,-1.2922978,0.41924906,-0.44678015,1.3022135,-1.1880391,0.11777818
-1.8375261,0.20637245,-0.34391367,1.0409057,-0.88875806,1.3223431,0.8654938,-0.26326942,-0.25138882,0.8125725,0.6322309,1.399448,-0.41147435,0.6805603,0.17888987,0.5818361,0.18301114,1.101606,0.74455774,0.98418427,-0.2479332,0.93725526,-0.11282066,1.0650373,1.4918015
-0.02576986,0.17059202,0.15330556,-0.546071,0.37470257,0.7157176,0.7736015,0.021571413,0.64633244,-0.3437866,-1.2873836,-1.2722547,1.432489,-0.25159422,-0.7145635,1.529403,-0.5636247,-0.8363589,1.0428983,0.14829987,-0.12082687,1.4949089,-0.41250628,1.1057527,-0.7726443
-1.089296,0.13875034,0.28155345,0.65874517,-0.6315383,-0.06582094,0.33759686,0.16772883,0.15547815,0.19298147,0.94136953,-0.19900778,-0.31999207,0.7277667,1.3727435,-1.9075247,-0.47260085,-0.13589677,1.6409407,4.7003264,-0.8062948,-0.9313477,0.27633592,-0.57128495,-0.40018937
-0.6499819,-0.5975566,-0.21174476,-0.46039587,-0.163654,-0.080200315,1.9048991,-0.3358391,0.021835059,1.5577393,-0.6059287,2.1015358,1.277826,1.0723574,-0.5748415,-0.06505502,-0.025584728,-1.3262411,0.6596594,-1.5701076,-2.3190277,-0.15891862,1.2753867,-0.6922468,-1.2076516
-0.6448571,-1.4703232,-0.8299962,-0.7568339,0.6304587,-0.53434926,-0.78903085,-0.84177494,1.5995188,-0.8678792,1.2714635,0.28939384,-0.56264436,1.2243788,-2.0512033,-1.6352198,-0.80565006,0.74755365,1.2776705,1.6406864,-0.7276702,-1.2785163,-1.1891284,0.08473405,1.419315
-1.7025893,0.9212661,-0.5127081,-0.20689201,-0.6672237,-0.53024626,0.74977404,-0.22685015,0.5392449,-0.8115411,-0.75563186,1.1294308,-1.5229888,-2.3793855,1.847582,1.8458315,-0.1499487,1.2718778,1.3379637,-1.7881055,-1.7517197,0.42477548,-0.89380944,0.8333147,0.031981885
-0.9596676,-0.72949255,-1.0056337,-1.6666678,0.15662485,0.7600202,0.5128194,0.48183143,1.3536077,-1.9333615,1.4455187,-0.0118124485,-1.2506384,-1.1369646,-1.3378127,-0.049019814,-0.94306755,-1.2459435,0.78308225,3.53962,1.9405332,-1.7388483,-3.2739842,-0.6013223,0.43300486
1.5125673,-0.7417105,-0.022990167,0.57416147,0.44958282,-0.5273822,1.2901461,-1.5582118,-0.13742846,0.30781016,3.4573252,2.2775424,-0.21223435,1.3858361,1.7608186,-0.18922645,2.0971,-2.006991,0.99543923,-2.356348,1.4555254,1.1450355,2.3523383,-1.4555709,1.1892862
1.0485988,0.2299481,0.07404554,1.1621506,0.93159384,1.7504146,-0.013348132,-1.4932766,-0.15790658,0.86311144,0.47731787,0.073487625,1.1672845,-0.18916917,-3.2655864,1.2847676,0.9834317,-0.3194032,2.1222503,0.9589789,1.4796203,2.0718756,-0.3681939,-1.8592563,-0.30939412
1.0906352,1.0860134,0.9104643,0.28356105,0.9174061,0.11612202,1.413354,1.2147208,-0.21983242,0.91125906,-0.76340324,-0.17558885,2.5210078,1.432045,-1.2011979,-0.8278164,-1.6331668,2.2920077,1.2477686,1.3390712,2.1095862,-1.6693237,1.1872927,-0.89927334,-0.7539185
-1.7607971,0.26001126,-2.140753,0.9565378,-0.61046857,-0.49433786,2.7148323,0.61913294,-0.6676867,-1.3455492,-0.34810686,2.0330765,-0.6592424,-0.62597567,-0.7044824,0.7292335,-0.64908534,0.8190148,0.08021551,-1.1136396,-1.844965,0.8649409,-0.26053157,1.9570901,0.35725024
-0.7375598,0.75626415,-1.6133463,-1.7487361,-0.25111437,-1.9851141,0.05151683,0.4917566,1.2450874,-1.249284,0.48862797,-0.5358163,0.917824,0.2759618,1.2747778,-1.0105966,-0.36291638,-0.7883353,2.8766832,3.14309,0.9605961,0.046109974,3.1461523,0.4892018,0.9756634
-0.91788876,-0.65345764,-1.1706389,-0.57536536,-0.17151745,0.7141798,1.6100693,0.7490731,-0.9721217,-0.44436595,-1.3126009,1.2143958,-0.20791735,-1.0874635,-0.13154358,-0.61699456,0.3018192,0.8694978,0.8145748,-0.3922391,0.9332603,-0.2106674,-0.41992426,0.7887882,1.2408556
-1.1286651,0.34527886,-1.0832684,-1.1713678,0.28376812,1.8568215,0.75673664,0.63431984,0.04937376,0.32103726,-1.0668755,1.6777451,-0.4129675,0.39573646,0.08652069,-1.3199112,0.5132301,-1.5225309,1.1588818,0.70763135,-0.43967727,1.3755857,-1.7186171,0.6724329,0.2264863
-0.44258308,0.34314486,-0.50505394,-0.17229694,-0.6328515,-1.1984742,0.17501241,-0.21610382,-0.92991644,0.2928788,-3.7994347,0.15327576,0.08985895,-1.5671067,2.2771368,-0.7859937,0.26472092,-1.7238282,-0.54466814,-0.05073048,-0.9041233,-0.9149574,-0.9977226,0.23832995,-1.3132718
-0.4978758,-0.77252555,-0.5270186,0.30333024,0.6014343,-1.0029732,-1.0441463,-1.0502704,0.22843263,-1.9125929,-0.036394227,-1.0302238,-0.9774769,-0.65693295,-1.6153123,-1.6022682,1.3677379,-1.2389499,0.12987193,0.52168256,0.11903821,1.0508327,1.8609598,-0.49953067,-2.5832522
-0.6909116,-0.4260437,-0.8465527,0.2085676,-0.58042353,0.6366784,0.096328616,-1.2368457,-0.97442967,-0.14733274,-0.84003633,0.147413,-0.77933586,-0.24444975,-0.4029427,0.1988411,-0.84707475,-0.57613254,-0.7931451,-2.7029288,2.446909,0.6284241,-1.0877726,-0.40495685,0.39224038
-0.9016469,0.8159381,0.34361497,-0.19177969,0.72195774,1.4690406,-0.56519383,-0.8994036,0.28775698,-0.012765318,0.24223937,0.7606106,-1.0662078,1.5340481,0.31066644,-2.3393743,1.4034276,-1.0218433,-0.034676462,-0.8075739,-0.8693598,0.10960764,0.42837578,-0.75390697,-0.90820706
-0.25830618,0.281455,0.20287345,-1.6822146,0.13201389,-1.0799941,-2.8934026,0.49382102,-0.34552652,-0.7447753,-2.413688,-0.27912635,0.72509,0.24845493,-0.76637924,-0.017396927,-0.46629533,0.12509319,-0.6139076,-3.4425142,-0.25219902,-0.14092675,0.24210005,0.6450434,1.241665
-0.5195857,-0.20019196,1.5902381,-0.51355284,0.48748237,-1.0642402,0.62775946,-0.022395477,0.18346828,0.9386339,1.1590898,-1.5360528,-0.09806958,-0.80559206,-1.3569319,0.32860163,-0.42887408,0.012728602,-2.8317902,-1.9079459,1.2966961,0.4879788,-0.6312233,-0.6352918,1.898751
0.102276415,-0.5014493,-0.48841482,0.521026,1.7359995,1.3343066,-3.6401467,-0.2020781,0.60182023,-0.55768573,0.7911968,0.254268,-0.05158636,0.26499087,-2.3460543,-0.11463505,0.7365514,-0.05653443,1.5927761,0.498527,0.5947852,-0.18031955,0.20440978,0.25581783,0.8826629
-0.12369278,-0.24866161,-1.07326,-0.73006165,-0.11937377,-1.3640621,2.0958385,0.6041516,0.35760903,0.44861555,1.5481172,-0.39382902,-0.3892797,-0.40860012,-1.6849449,-2.9400601,-1.9502807,0.7131323,-3.077911,-2.3036318,-2.9070063,-1.7875063,-0.81073207,-0.11938918,0.3470258
-1.8066773,-0.3643114,-0.8327415,-0.3212811,-0.40578526,-1.1997484,-1.9067374,0.36206746,-1.2050145,-0.37393302,-2.4349332,-1.1071455,-2.2891972,-0.6624509,0.25556213,-2.557172,-1.3704708,-1.2848457,1.5340142,-0.89153767,-1.4150971,-2.615024,-1.3948269,-0.60350835,0.088133335
-1.0208738,0.4414562,0.1095489,-1.3767936,0.0770393,-0.8613204,1.9831612,0.109202094,-0.7329801,0.52112746,-2.8531046,1.281645,0.4828856,-0.07011701,-0.5668427,-0.32576156,-1.5166421,-1.5847869,-0.5741173,-2.1813126,-0.75683707,-2.4335792,-2.4615178,0.21752895,1.0141944
-1.2698622,-0.41039634,0.5750997,-0.07304844,0.22282402,-1.0168924,1.3426447,0.50502837,-0.17631012,0.61625546,0.83215743,0.6157859,-0.7048385,-1.3338258,1.743099,0.590028,1.3553683,0.48492414,0.3865634,0.75309217,0.7774933,-1.488189,-0.24983776,-1.0609751,-0.5681222
-0.083849266,0.19445522,0.752134,0.45934394,0.95910084,-0.77589685,1.9177816,0.583732,-1.7911353,0.5999351,1.4258435,2.2392569,-0.53839946,-1.3206036,-1.3497896,-0.10198389,0.67077416,-1.0755877,0.4704422,-0.8478134,-0.6237056,0.23404284,-1.1198575,-0.467727,1.1442626
-1.5672655,-0.466421,0.2922976,-0.15428893,0.06555916,-1.6051316,-1.6037787,0.91880196,1.9325485,0.07094154,1.4701159,-0.87300116,0.63551474,0.048592106,-0.094420314,1.2096844,0.59684545,0.96810824,2.142809,-1.5289942,0.25412586,-0.16425654,0.7370281,1.6429334,-1.0305344
0.94553775,0.14276724,-0.10760099,-1.0115132,-1.315258,-1.1068505,1.1241083,-0.6184057,1.2444167,0.31768823,-0.9307134,1.971235,-0.00073856115,-0.55300653,-0.6386371,0.9949591,0.76885045,-1.3634274,-2.3077388,-0.38798484,-0.20543787,-0.11926264,-3.1558871,-0.9734224,-0.58345497
2.110654,-1.02063,-0.09581519,1.1940799,0.3417794,0.4466627,-2.4543533,0.39619315,0.44266844,-0.54767424,1.3658133,-1.58656,-2.0310402,-0.15992004,-0.495583,-0.67263305,0.60637194,-0.48298663,-1.411334,2.5783124,-1.0945083,-0.18454754,1.3227857,-0.7242594,-0.6568715
-2.5384903,-0.82123274,-1.2524061,0.1466971,-0.75564146,-1.2139425,-0.87081134,-0.08314562,0.29769135,-1.3568915,-1.6155858,-2.0661488,-2.7905526,-1.6221714,-1.0517532,-0.09605229,-0.7719706,0.32288495,-1.8158276,-1.8086667,-1.9771969,1.0698454,0.85669017,0.93692267,1.5059354
-0.7653611,-0.0337203,0.020828612,-0.5396,-0.6991396,-1.3915408,-1.1895766,0.45682135,0.27508402,-0.05532609,-0.060065508,0.3847888,0.29768407,-0.24775286,0.549615,0.46830162,0.8456431,1.3263303,1.7373843,2.3462977,0.35015208,1.8296989,0.15551539,-2.4907072,0.33818865
-0.50589156,0.73158646,0.35572875,1.4177668,0.079786815,-2.2190552,0.0748384,0.026611965,2.1855521,1.9339676,-1.9542809,1.9127347,0.626323,-0.1655802,-0.28515399,-0.47531444,-0.7680438,-0.34202278,-0.8891766,-0.41187227,-0.6624565,-1.105818,2.2274284,0.515495,1.9411459
1.3180046,-1.1964409,0.03011397,0.66532433,-0.30800554,-1.1606163,-0.6100386,0.47364298,0.60803366,0.022901855,1.8420697,-1.5133206,-0.362296,-0.20390165,1.6912179,-0.9304421,0.9717477,0.39989156,-1.7296357,1.330732,1.2697213,-0.16959168,0.3995728,1.1776693,-0.8024681
0.7818595,1.1196597,0.18457833,0.9578328,0.06398064,2.1531038,-1.483968,-0.113137335,0.9691731,0.10618868,-2.1117713,-2.7184381,-0.5933656,2.6394925,1.1696289,1.3655034,0.032482624,-0.049106646,1.3036432,1.786084,0.0075297058,0.4438229,-0.046299085,-0.81264323,-0.5897839
0.12670867,0.06217365,-0.7386125,0.5377953,-0.26375353,-2.0439487,-0.13945755,-1.5277257,-1.305458,0.08271429,-0.65340096,0.06711349,-0.65834886,-0.20497234,0.86945444,0.7034768,-0.56423175,-1.1607217,-1.5031134,0.8441321,0.7304957,1.4423608,1.3188671,1.8659304,1.3289934
-1.4099412,0.13511235,0.81690574,0.29894924,-0.5864848,1.1828353,-0.89528257,-0.123725474,1.174885,1.2729676,-0.4624066,-1.6649636,-0.08283299,-0.2082341,1.1916991,0.008242279,-0.1604727,0.24100024,0.47519425,0.15125826,0.4455105,-1.1640091,1.7306442,-0.62880373,-0.1394127
0.7116894,1.8100593,0.9248166,-1.2709098,1.0322449,1.153655,-1.2794236,0.3093063,0.28507695,0.22795227,0.8332738,-0.12693536,-0.12558271,0.62665856,-0.9307363,-0.35036284,0.5865589,-0.09371258,0.7314704,1.9144173,1.0742085,2.0275404,0.5134827,0.44322982,-0.32643458
-1.6569066,0.37320825,0.22692852,0.7107878,1.5464461,2.6918266,0.39046118,-0.09341526,1.0542147,0.15701583,-0.095631324,1.14024,-0.13667552,-1.1915398,1.9177488,0.38503563,0.018167108,1.3673803,-0.01605153,-2.1531415,-1.6461359,-2.1623304,2.3385408,-0.6536209,0.26201743
-3.0736423,-0.45400715,-0.48497027,-0.6607771,-0.80118775,-1.5441002,0.985723,-1.7029233,1.5520358,-1.5441768,-0.81434155,0.3866373,0.3628716,-2.98789,-0.07387355,-2.1845396,1.1001992,0.7506301,0.36942187,2.3384678,-2.2905262,1.4417372,0.80449,0.9212008,-1.0903814
-2.6903794,-0.66699976,-1.3067533,-0.81887674,0.26495948,-2.262234,-0.58693683,-0.70334935,0.071596324,0.10423991,2.7567818,0.9185841,-0.23193641,-0.6025522,1.9912575,-0.3239245,1.9890357,2.2191448,0.9413178,1.4317911,0.37169716,-1.9041492,0.6854999,-0.65191376,2.1039646
0.14482671,1.6073133,-0.20314288,-1.2313477,0.7975857,-0.7084819,1.5000097,3.0798247,0.5355645,1.3544705,0.8952122,1.5775385,0.5315146,0.45303807,-2.0960195,2.9657106,1.185981,-0.60989505,-0.09,-0.35397568,1.3326843,3.3377876,1.2204299,0.22596326,0.06158197
-0.13653901,0.8981514,-0.37272334,-0.20663288,-0.4057942,0.5142298,0.2536648,0.8427553,0.12800449,0.26687145,0.69667566,-1.3493268,-0.14092219,0.034730844,-1.3354423,-0.96879977,-0.9516381,1.5313228,0.08795175,2.0355008,0.042909265,3.0013852,0.04602897,0.38462502,-0.9976066
2.3296258,-0.5033381,-0.303806,-0.09827709,1.4295293,3.1037583,0.5002123,0.5010988,0.1742295,0.3896286,-2.447493,-0.81554925,-0.9733304,0.44517443,2.437286,0.46424872,-0.4770639,-0.023305483,0.36422855,0.6726359,-1.4024284,-0.72198313,1.6583027,-0.09673768,0.4921434
-1.7883089,0.6592442,-0.7580378,1.4298942,0.9549809,-0.45184803,0.96010536,-0.4291304,0.015439987,0.64852947,-1.3909048,-0.78452945,-2.97808,0.13160996,1.3471992,1.9050858,1.8541243,2.2934976,1.1643916,0.64193404,-1.6675924,-1.1380713,0.25976044,0.696598,0.67583466
-1.1921332,-0.2209129,-0.39165503,-1.1933856,-0.34066632,-1.0860584,0.1587655,0.32208794,-0.86399317,0.5383736,4.497463,0.66681373,-0.9890486,-0.32359087,0.72383106,0.5534859,-0.70420986,-0.40885395,1.452467,2.8922033,-0.21532446,-1.6113851,-0.006308794,-1.7079277,1.1023921
0.37792575,0.22898845,0.35847235,-0.73148614,0.42470193,2.2454684,1.5994291,-0.2775507,-0.19495857,-0.9008077,0.7602312,0.39899486,0.26843664,0.33011624,-1.0804701,-1.299801,1.1488316,0.6595762,0.011265606,1.7840149,0.46726194,1.1120017,2.7140808,1.4709461,-0.43055066
-1.3681548,-0.35778618,-1.2266115,-0.21149299,-0.6269343,-0.9210038,-0.04493282,-0.41530687,-1.2690029,0.36116642,-1.5158279,-0.08079445,-0.42748752,-1.2470573,1.0419929,-0.18977213,-2.5226035,2.1546578,0.60347503,-2.0091126,0.45222962,0.5863288,1.8041768,1.3911378,2.2000768
-1.1136343,-0.052924022,0.13259661,-0.26768008,0.87031746,-0.54146856,1.2888632,0.18146658,-0.54328513,-1.0243273,0.23358226,-0.7990704,0.5782858,-0.66492254,-1.3290424,1.2914808,-0.5259006,-0.14548942,1.4458615,0.32661343,-0.5589613,-0.76042104,-2.5700808,0.50186765,0.3996019
-0.764025,1.036048,-0.666952,-1.0576229,0.5647256,0.370392,0.9999956,0.24263585,0.27487624,-0.0046286844,-1.4825691,-0.36466202,0.51496834,-1.1173738,1.2458532,2.2541373,0.78859115,-1.0030744,1.5012822,3.1290765,0.87561566,0.88487047,0.3736053,-1.0023737,0.5293238
-0.8295365,0.34798017,-1.3121709,-0.5331141,0.0695124,-0.5174523,0.799351,-0.27908477,-2.5000658,-0.38618153,0.69560325,0.29765183,-0.47258803,2.0814648,1.2397134,-0.50569487,-0.6490568,-0.21238695,-0.39534223,2.508541,-0.47902653,0.41105306,-1.8191361,-0.9772924,-0.4317649
1.0730252,0.25992694,1.0838171,-0.80971354,-0.32133242,0.012447186,-0.77909577,0.3656977,-1.9044453,-1.0315192,-0.12684089,-0.98298705,-0.8883419,0.166954,-1.3406745,-1.9882209,-0.4718596,-1.6933436,0.8824861,0.06936538,0.21219721,0.5432989,3.4084783,-0.9318328,0.35761404
-2.1533031,-1.0328462,0.1667403,0.78973377,0.1171966,-1.9966061,0.9465703,0.30777937,-0.1563791,-0.034657534,-4.2389913,-1.0840083,0.14559478,0.50563514,-2.3131685,-0.596966,-1.0553908,1.5514048,-1.2110417,-3.1704695,-1.492683,-0.11716962,-0.28028044,0.09635532,0.6266936
-0.9909806,-0.88621193,-1.297856,-0.8419,-0.28072208,-0.23448342,-1.1281364,-2.2362332,0.48392928,-0.25884518,-1.699545,-0.74260914,0.4441044,0.34714076,-1.6746379,-0.23832452,-0.19000047,0.66812587,0.98673946,2.2025483,-1.06183,1.1227512,1.192794,1.0206804,0.12851478
0.43203285,-0.5690619,0.07606381,-0.02552171,0.10329148,-0.8891008,2.0424867,-1.87945,1.0214976,0.8353319,0.31160325,0.5263021,-1.8498149,-1.0007039,2.5637577,-1.0438488,-0.967942,1.1200734,-0.6420465,1.3209752,0.8452481,-1.3999522,1.9694664,0.37700808,1.539006
0.63288087,-0.12332104,0.5906501,0.07141596,0.834798,1.4206773,-0.31821042,-0.7953752,-1.559546,0.23056337,0.057290077,0.8479973,-0.7458011,-0.29000914,0.0031186342,1.4805063,0.23921263,2.5496001,1.8955438,-0.71304256,0.7508282,1.8544297,1.1458488,0.6220076,1.0820427
1.0193923,0.020542592,-0.029912293,0.0488251,0.55073446,1.5842086,-0.2323075,-0.118466854,1.1865733,-0.42128995,2.0819376,0.8473221,0.99513483,-0.21986748,-1.1302819,0.6938792,-0.48697758,0.8414974,-0.80516195,1.5331073,1.1716733,-0.6933284,-2.6193604,-0.07775664,-1.0578117
0.20000029,-0.46813703,1.1738044,0.65404767,-1.2003453,-0.08007896,-0.7421593,0.28652868,1.3381146,-0.52056426,-0.6186196,-1.3315554,0.1926618,-0.507951,2.0127559,1.6053467,2.7215347,0.20064962,0.04512144,0.67898715,2.090497,0.10868893,2.3173,0.7903143,-1.2764127
0.7249645,1.1199414,0.16092646,1.0056584,-0.049683064,-1.0190154,1.478466,-0.10712394,0.4581242,-0.36251947,-0.09692335,-0.26925543,1.3221891,1.027631,-0.04193294,0.94433993,-0.1611703,0.37300807,-1.0591253,0.08930135,0.4787189,-0.3672897,1.9086592,-0.4885312,0.88602376
-0.27315474,0.2767443,0.29020476,0.17406276,0.14877598,-1.1465349,-0.5659775,-0.38983235,-1.7878251,0.17052308,1.4782665,-1.6690241,-0.3956673,-0.5724857,-0.9751741,1.3825647,-1.6734469,0.3911723,0.42051417,2.357776,-1.0160247,-0.7471126,-0.43462658,-0.4429811,0.58131176
-1.2465516,-1.0876502,-0.16973832,-0.5982234,-0.70236695,-0.16295743,0.30378866,-0.33476308,-0.7527794,-0.030171826,1.3484259,1.6900766,-0.19074437,-0.3358913,1.9034073,-0.6920565,0.6073835,0.27229267,-0.3178711,2.3286886,-2.0454571,0.74936104,1.3665842,1.1736531,-1.2092702
-1.6534576,-1.3304682,-1.3925288,-1.3336442,-0.751794,-1.955661,-2.8678,-1.1846731,0.20286262,-1.8086896,0.9313779,-1.5106523,-0.4855643,-0.745321,2.1952288,-0.33524317,1.2906551,0.36644906,0.35946676,1.1993517,-1.9587169,-0.9856341,1.8003035,-1.6343889,-0.51050377
-0.49641824,2.1320682,-0.2649419,-0.67691857,-0.6603763,1.5014131,0.8307017,2.0513663,-0.75451165,-0.32044637,0.36098856,1.6345642,-0.9145001,-1.2765294,-1.9796096,1.3669925,-0.71312857,-0.23734546,-0.8010217,-1.3514472,0.76541567,-0.7356982,-0.43456796,0.2592242,2.379552
0.6237029,-0.48368603,-0.2657043,-0.28518918,1.028073,0.35849696,-1.2823977,1.6695249,0.385333,-0.04242298,0.6211254,-0.38061118,0.058692604,-0.7898778,-1.3115857,0.98138523,-0.21024215,-0.62756324,-0.45992032,-0.30746537,-1.7208768,1.4596477,0.43997955,0.99326956,0.3847258
0.0097801015,-0.56632847,-1.0512878,0.23643002,0.76345444,-0.5876691,-2.9913416,0.47700804,0.44179267,-1.246739,-1.2751977,-1.8512563,-1.4648297,1.3917719,-0.9639194,-0.7783747,-1.2149173,-0.108386785,-0.32654226,2.4010293,-1.7895726,-0.63419497,-0.6089883,-1.4474716,-0.7085806
-1.0973818,0.05217032,-0.9744917,-0.6562347,0.19276714,-1.2311784,-4.3613067,0.067565024,-2.0249567,0.48443943,-0.375085,-1.5924041,-1.0386306,0.47964802,-0.22637898,-1.6158893,-0.799942,0.042366162,-2.5632083,-0.8305366,-1.2656121,-1.4004928,1.4353461,0.4757794,-0.40647984
-1.3166654,-1.0911365,-0.74209535,-1.2207342,-1.8505247,-1.5516739,-3.1936264,-0.779154,-0.8964971,-0.7723936,-0.47589794,-1.1747835,0.81401277,-0.034201443,-0.30838877,-1.0031364,1.0321697,0.40887803,-2.2482905,-3.6578164,-1.0156741,1.696449,1.2683227,0.5179546,0.70052344
-0.32161507,-1.3195167,-1.0491266,1.1430593,-0.25051802,-2.0940418,-0.034737587,0.0655905,1.4448438,0.35089052,-0.086405605,-0.9073355,-0.6887871,-1.5361924,-2.328321,-0.20058839,0.31847954,0.8778665,-1.9060891,-2.7198977,-0.80976784,0.80680704,-0.18454319,0.5165872,-1.4863718
-0.053540125,0.3622537,0.1746071,-0.20788014,0.005431935,0.115490004,-1.1736631,-0.53328735,0.6517341,0.17338379,-0.2182976,0.24518573,0.28965673,-0.0033521578,0.32115746,-0.043465808,-1.966671,-0.64963955,1.6707602,1.6519362,-0.10435051,-0.34476086,1.2730322,0.86430764,0.14153029
-1.3449947,0.41018075,-0.16386268,0.44476718,-0.1454147,1.3971591,0.37392387,0.041861713,1.9795439,0.07691151,2.1735046,0.7633114,0.38026282,-0.83578116,-0.32061565,-0.5249313,-0.18600763,0.7005811,-2.6613967,-0.7032205,0.8860955,-1.5892876,-0.54330283,-1.2412767,-1.466748
-1.3714586,0.11348718,-0.021716774,-1.3244252,-0.63914776,-0.38924724,-1.6151922,-0.37091,1.7296102,-0.37533867,0.010789081,-0.49874905,0.718958,-0.5554214,0.0077778995,-0.06298948,-0.20166281,0.2714237,-1.2657864,-0.3917149,0.43164986,0.28008378,1.7447517,-0.5421574,-1.1754229
-1.5167141,0.22663808,1.1081914,-0.3427544,-0.29407522,1.5047657,-1.3560609,1.2215562,-0.9373804,-0.0887309,0.3301452,-0.40587807,-0.8961965,0.74672204,-0.4407618,-0.4473856,0.55086434,-0.79381764,0.78980905,1.0452852,-0.9662937,1.347135,-0.31683683,-1.1965134,-0.8610878
-0.68448603,0.032013506,-1.2049131,-0.32089233,-0.6781997,-0.7359264,2.4782543,0.15410164,0.5233088,0.49701172,0.44781613,0.0368314,0.1648185,0.2872402,-0.68554354,-0.73130065,-0.6697949,-0.9712491,-0.4695428,0.27444506,-2.8180397,-0.94738555,-1.7600492,1.1039819,-0.30590785
0.08758685,-1.1676786,-1.0874971,-0.3594602,0.15225303,-0.6153033,-2.7517548,-1.140022,-0.34026322,0.62590176,-0.81929815,-2.5598578,-0.12446624,0.7641707,2.3835778,1.8859214,-2.185272,-0.8444415,1.886152,2.2071505,-2.9282913,-0.06521249,0.77344537,-1.1670299,-0.7517458
-1.7997339,-0.7177884,-2.031809,-0.030714244,-0.2128256,-1.2006418,-1.4095687,-1.5308104,0.07051498,-0.37212923,1.0532664,-0.3543667,-1.8960135,-0.8894931,0.41892004,-1.3176653,-0.22050408,-0.055500448,-1.6485646,3.0382705,-1.7083745,-0.77913386,-0.15427057,1.212069,-0.13474253
0.32328874,-1.8671932,1.1157327,-1.5034664,0.9899186,-0.862428,-1.9792181,-0.7165157,0.8854016,-0.11682152,-0.18121648,-1.6698532,-1.2082213,-0.67928684,1.2443671,-0.45353964,-0.29512095,-0.17570719,-0.43543804,-1.6209251,-0.7032612,-0.12940474,1.690366,-0.9087845,0.833837
-0.13195139,-0.89710736,-0.7933062,0.5770121,-1.294349,-1.1373222,-1.081256,-1.3675307,0.014202982,-1.9070241,0.51596117,-1.2787025,-1.651917,-0.6350181,-2.7942438,0.17924616,-0.69680977,-0.16019298,-0.123913825,-0.8388932,0.030855656,-0.32312417,-0.82269824,0.22769314,0.3593592
0.52183837,0.44925523,0.10663712,0.39094403,0.105189145,-0.014214054,0.15764213,0.04405397,-1.5812922,0.28148678,0.62163013,-0.26849747,-0.8129231,1.0740438,-1.4471209,0.11822395,-0.049034595,-1.1852201,-0.3715164,0.8213237,0.5654042,-0.7254865,0.36311236,-0.22948456,-0.8019945
-0.65139663,0.0113376975,-0.27627787,-0.01690057,1.0844841,-0.85635626,-0.3122824,-0.44138932,1.1702077,-0.34616736,-0.4189445,0.2672639,0.111798406,1.0073481,0.3967325,-0.8606289,-0.46126983,0.61768746,-1.7589421,-0.34493613,-3.4509158,0.34526578,1.7605547,-0.9056058,-1.9010777
0.73422146,0.21801245,-1.3755116,-0.13752711,-0.6953831,0.18052942,-7.409925,-0.40864936,1.0953937,-0.82108855,-1.8868451,-3.8102686,-1.9122658,-0.22919129,-0.77059126,1.7515225,-1.3564316,0.6593367,1.4587823,2.7853522,0.41310054,-0.61932546,0.22687984,1.3769933,-0.89660037
-0.6631865,-1.5517528,-0.23457342,1.9022846,0.62204784,1.8623967,1.9787586,-0.46614948,-0.7242938,0.093828544,1.0786052,0.65320307,-0.03532833,-1.57344,3.9690113,-0.19772771,0.22327533,0.87696767,0.18463993,0.59546983,-0.9952278,-1.4571303,1.6348305,-0.21480393,1.6698723
-1.4435253,3.2345192,0.470828,0.020164788,0.08492527,-1.1533834,-0.68579704,-0.2677353,-0.20693064,0.6692929,-0.18929599,0.53362083,-0.16531816,1.528285,-2.4249048,1.013404,1.89275,-0.18120909,2.940178,0.7246749,0.39022803,-1.8303428,-2.1054385,1.1826437,-0.23478985
-0.7276113,3.2616985,1.9275835,-1.8227595,1.172688,1.6864638,1.9409376,-0.26077944,-0.5504275,-0.35368735,1.125966,1.995393,-0.07054186,-0.6497183,0.90224546,0.74635816,1.3829435,0.886158,-0.25421464,0.25651282,-0.8900511,0.71325994,0.057490468,-1.1900921,-1.2245691
-1.7467119,-1.511656,-0.20295188,-2.4553387,-0.13544752,-0.6435384,-2.5332823,0.009485424,-0.7116959,0.37354517,0.33886027,-1.4086139,-0.51475847,-1.0818592,-3.3018563,-0.92491424,0.31273702,0.1761762,-0.37177145,0.8974107,1.686449,-3.2031085,-0.8286111,-0.738805,1.2643552
0.61694854,-0.22146064,0.54489994,-1.6902524,0.5437626,1.8649567,-0.76366085,1.2615819,-1.5155531,-0.7222179,-2.7252421,0.44901878,0.5384289,-0.43156698,-1.8607297,0.6707433,-1.1666443,2.7961667,-1.338171,-3.3488708,2.0774832,-0.58942926,0.9964696,1.3067002,-0.35730404
0.061976016,0.727949,-0.2303324,0.58061254,-0.78129125,-2.195433,-1.6827692,0.14837883,1.3645933,0.16930804,0.46766135,1.2321836,-0.5873602,-1.341595,0.39101964,0.76373106,-2.1478584,-0.49869046,-1.5094063,-0.6127485,0.71486926,-1.3524041,-0.7178865,0.02479446,0.6464092
0.082861096,0.50285465,0.93240696,0.42611408,-0.7630724,1.6117437,-0.9960226,0.68587136,2.827602,0.071814895,-2.0390816,1.3738916,-0.12890464,0.540987,-0.6408142,0.4043162,-0.4718251,-1.6850812,-1.9447993,-0.27479982,0.4469853,-1.2913629,0.2547808,0.4412609,-0.69485945
-0.55697143,-0.19769868,-0.21352738,1.1052,0.7790193,-0.7150847,-0.6175777,1.2228318,2.131793,1.1088622,-2.1174517,-0.79141945,0.65154505,0.12409529,2.860025,-0.4268654,0.39811015,0.9397405,-2.7446985,-1.0635949,0.09566671,-0.6545026,0.23780072,-0.449859,2.1190188
-0.18334863,-0.25901103,0.20288369,0.82971746,0.7800969,-0.7779116,-2.8670373,0.46764514,-1.3679814,0.66845083,-0.94144666,-0.66030777,0.79554045,-0.34922042,-1.7494345,0.9914887,2.4251976,1.1140174,-0.4834543,-1.2602274,2.542937,-0.9533398,1.7406937,-0.30663577,1.0236187
-0.3419263,0.3830967,2.73806,0.40863475,0.2782008,-0.16754586,-0.6339851,1.693876,0.6037152,0.6395997,-0.71142924,0.94258523,0.46520352,-0.82464176,-2.6022305,-0.28029528,-0.27261406,1.0254017,-0.9225989,-0.35455012,1.2569921,-1.2276834,-0.76424587,0.188748,1.051238
-0.77270436,-0.097415835,-0.24620998,-0.32030046,0.08419163,0.5642019,0.55562496,-0.33346725,1.1532526,-0.55894965,1.2369471,-1.4178771,0.90589434,-0.15837243,1.994323,-0.34019572,-3.0978136,-1.0329411,-1.891139,-0.5806339,-0.73048955,-0.4839856,0.66734695,0.45318848,-0.35526043
-2.3239217,-1.5025276,-0.381361,-0.13430068,-0.9928712,-1.0363759,-1.8036065,0.2592696,-0.10764584,-1.3596069,2.3406336,-0.6364508,0.593164,-1.1361169,1.1547683,-1.4808182,-0.3184532,-0.022196174,0.36143315,1.5288656,-0.39006108,-0.7521278,0.4334949,0.8707747,0.6521887
0.8790136,0.08052671,-0.8501651,-0.4022736,-0.3238197,0.11088532,1.1348776,0.7894196,0.372759,-0.12061754,2.625533,1.5037873,0.44288486,1.3802524,0.6113409,0.28132546,-0.98093516,-0.985989,-0.0160079,-3.0522017,-2.1764545,-1.0465059,0.32094812,0.90110415,-0.23657265
0.62355447,0.038710684,-2.6204526,0.39171702,0.2154884,0.09113133,-0.3655548,-0.20543617,0.87683463,1.0466377,-0.71620846,1.5144978,-1.3112359,0.18743843,-1.7474564,0.66886777,-0.46075678,0.50946945,-0.8658145,2.3162334,-1.5345893,0.80396223,2.3915973,1.7466755,-1.6649716
-1.3598087,-1.1746063,-1.056225,-0.10816778,-0.5184927,-0.5816932,-1.0544952,-0.4300951,2.6673617,-1.0390837,0.2834124,-1.3254478,-1.1661284,-1.1917107,3.2330694,-1.9734156,-0.834348,0.5951466,-1.7483618,1.2500025,-1.7274058,-1.785028,2.6593878,-1.5653291,-0.7005616
-0.018273562,-1.2092372,1.2319847,-0.8421581,-0.62690896,-1.0722345,-3.230805,0.006108567,-1.6717722,0.6470215,-0.81656164,-2.6954608,-0.66375405,0.9387233,-1.2812269,-0.48982126,0.30672538,0.334864,-0.26972592,-1.0066478,1.4211591,1.1907469,0.6697515,0.08618367,-0.60177225
0.63773644,-0.07511118,-0.5158909,0.42808148,0.29300827,3.1439357,-0.27286083,1.691277,-0.3938083,-0.58647835,-0.70287,0.2957257,-0.4799514,-0.21985608,-0.68874776,-0.18190977,-0.63966966,-0.7603347,-0.6083052,-0.512529,-0.042566657,1.392438,0.4917128,1.8817098,0.49255267
-1.6483237,-0.88885987,-0.34535706,0.121860206,0.26366362,0.8370651,-0.2083591,-0.20458715,0.15406886,0.59875095,0.6508254,-1.1913581,0.08703295,-0.32916126,1.2232151,1.8320833,-1.5136592,0.17620462,0.062340558,-0.5758141,-1.8033022,-0.57898265,-0.42725626,-1.5544163,0.41345653
-0.746598,-0.7016605,-1.4392332,-1.6865754,-0.6100006,-3.0331619,-0.075955436,-0.33219475,-0.01463753,-0.40049323,1.6661785,0.32530183,-1.1286297,0.20542991,-2.4358459,-3.1275606,-0.41470534,-0.6504464,1.2862666,4.568723,0.19026993,-1.6267896,-0.3854925,-1.1742015,-0.37194598
-0.20366506,0.33062986,0.74507207,-0.6939795,0.59641135,-1.2484174,-0.2200467,0.6417823,-0.5006202,-0.6468275,-0.836189,0.93492573,-0.69411755,0.817802,-1.0316164,0.5051846,0.40612158,2.3101044,-0.99030757,-2.656271,1.2932303,3.5156662,-0.31014186,0.14096078,1.304
0.69556904,-0.51601785,0.30283856,1.0648096,-0.2970659,-0.76316833,0.12963703,0.31538397,0.49669278,-0.39037186,-0.16244945,-0.06308392,-0.43961,-0.02308777,-0.50411373,2.2059753,0.16041315,-0.64380187,-0.38651538,1.944993,-0.10078062,-0.59857273,0.66273576,0.19873464,-0.89674234
-0.6178798,-0.31971097,-0.7004113,1.2843629,1.678836,-0.34413064,0.746289,-0.62346995,1.4756122,-0.061727673,0.6678716,-1.3875864,0.5252612,0.08078099,1.9797022,-1.3274443,-1.5274616,1.0673083,1.6238564,3.442921,0.09596619,-0.99506485,-0.8436741,0.29402268,0.006899886
-1.1808808,-1.5694525,0.35930574,-0.44255543,-0.86002004,0.10588992,1.7993523,0.29528588,-0.5539965,-0.000846684,-1.1859028,2.2614765,-0.12304816,-0.08189508,0.5989597,0.5462427,-0.74582154,-1.048566,1.1008272,0.21719623,0.37489158,-0.9841387,0.25986528,-0.16510856,1.9048378
-0.4415139,-0.06435251,1.418312,0.49582005,0.66236067,0.79286146,0.9882711,0.13962996,0.96018654,0.99407184,0.32087293,0.65042204,0.8465379,0.19202209,0.17329383,2.8298562,0.7315141,0.49257547,1.051073,2.0188072,-0.48748744,1.2208613,0.13074654,-0.2710628,-0.10412178
-0.3411368,-0.18063089,0.20938858,0.6240633,-0.7067561,0.45071214,0.5777939,0.08364642,0.3004083,-0.50000346,0.6182891,0.99774766,0.6973765,-0.91011494,0.1744374,-2.1520827,1.8270552,0.513058,-0.37913552,2.7646387,0.64832366,-1.581766,-1.2348424,0.3693351,0.55728555
0.5839983,0.8281602,1.0055255,0.28328466,0.289126,0.03748095,0.94838035,0.4147074,-0.38033593,-0.14344034,-3.3722675,-0.1417604,-0.16928399,0.37786824,1.3596693,1.0997742,0.25976726,-1.5278462,0.22950977,-2.6804872,1.3632896,1.4209769,1.6636057,1.5603131,0.8067251
-0.32803935,0.4305594,-0.026451647,-0.13221627,-0.06697903,0.300388,0.37517864,-0.020629227,-0.5642685,0.2922246,-0.514274,0.9540268,1.3226302,0.3840825,-1.8102044,2.6356926,0.0323056,0.46919292,1.2618014,2.8157692,0.8634567,-0.9181301,-1.2383672,-0.053005666,1.2364389
-0.23913422,-0.09379105,-0.2853555,-0.24075767,0.9099673,0.37559813,0.5924717,0.072166204,0.013417944,0.40429097,1.1141607,-0.7936933,-2.2615676,-0.4367171,0.5821669,-0.05929792,0.6800966,-0.5620162,-0.1275237,-0.17736691,0.7268038,-2.1555924,-2.3278027,0.853602,0.060160507
-0.8702662,1.5903246,1.3833694,0.15456495,-0.15736824,2.5269308,2.741853,0.97274363,-0.84608006,0.04679233,-0.27432755,2.5088687,-0.29174826,0.4879745,0.7002051,0.77743834,1.6482623,-2.033733,0.8199615,0.014496207,-0.017235339,1.9136697,1.3031952,1.033658,-1.2034148
-0.11987427,-2.3220477,1.2395844,-1.045142,-0.33171135,-0.87797093,0.20617187,0.3186502,0.6076529,0.9142208,-1.1027302,0.2802912,0.004971385,-0.7355034,-0.40552616,0.7966143,1.0893233,1.5734217,0.71384966,0.6854572,-0.3581922,-0.51027477,0.11956951,-0.16481778,-2.1145544
0.1324808,0.8671415,0.017919235,0.07937567,-0.3268516,0.6082293,0.54855156,0.067751616,-1.3102065,0.14632708,-0.69807106,-0.23621047,0.6557765,0.27279502,2.5346138,-0.14276136,0.4736456,0.20153399,0.33219242,3.8694346,-0.49208418,1.2133485,0.32161298,-1.6120515,-0.09764242
0.015556306,0.06604747,-0.59688205,0.17225747,-1.1242676,-0.7708475,1.2127993,-0.053950556,-1.4857757,-0.64099354,-0.37933502,0.10501483,-0.016747393,0.07733661,0.61214185,-0.13510978,2.0206277,-0.72797143,0.41261107,-0.4530937,-2.6656232,1.068188,3.1747413,1.3554164,1.1766049
-2.2501295,-1.8943152,-1.2415557,0.98567,-1.5833158,-1.3873835,-0.99269813,-1.7685425,-0.9997225,-1.4803894,2.5243344,0.04412073,-1.9202653,-2.06395,-1.2021995,-1.5831282,-0.2967593,-0.49888825,-0.32860434,2.8671436,-3.194817,0.36021137,-0.5651948,0.8446994,0.76253104
-1.9741156,0.40401554,-1.1505117,-0.8428445,-0.26774943,-0.764433,-4.684698,-0.5880323,1.3344043,-0.8331251,0.5591432,-0.9811198,0.90106064,0.124147914,-0.33978617,-0.6254028,-0.5302088,-0.49199677,-0.35277858,0.654001,-2.8723276,-0.12974072,1.7188947,0.68642175,-1.3567278
-0.92254996,-1.1004541,-1.1886716,-2.1932335,-0.13499826,-4.3789396,-3.7130756,-0.88330674,-0.27239192,-0.69432473,0.4173735,-1.2756388,-0.21147323,-0.07957554,-0.84846354,0.44362205,0.4666032,-0.1380509,-3.829689,0.21578851,-0.36445066,0.7324928,-0.25960362,0.13259673,0.18540233
0.6513767,-1.2536013,0.033568442,-0.89641446,-0.52258736,-0.07977818,-3.378125,-1.5725024,-0.54525536,1.609485,-0.273121,-2.1715133,-0.0901511,-1.2032536,-0.47509676,-0.7603554,-1.3445715,-0.4320754,-2.5985358,-1.1603558,0.30489305,1.2182021,-0.5475296,0.5291064,0.086300895
0.020865276,0.25394803,-0.09980053,2.0665593,0.34157765,0.40533173,-0.8307867,0.32694468,0.5801991,0.20767222,-1.9903724,-0.29534066,-1.0780859,0.71181107,0.016655356,-1.4507968,1.7305362,-0.5357151,-0.41310018,-2.1640744,-1.7663928,1.7156427,2.176807,0.9543575,-1.085342
-0.887695,0.21564794,-0.69339705,0.92837644,-0.29874453,-2.7465863,-0.39947295,0.6969706,0.8174044,-0.79487944,0.3075548,-0.16996935,0.48924917,-0.38799506,-0.50910485,0.08325223,0.63927627,0.51149565,1.2223654,-0.02040121,-2.5276132,-0.5214627,0.5222107,-0.05762232,-0.28321487
-0.74630594,0.22734588,-0.50691783,-0.5506336,-0.89073956,-1.5078788,-1.2925754,-0.089979,0.3550601,-0.11125535,0.41157177,-0.9942293,1.7117543,0.7448341,-1.4510132,-1.1067952,-0.64799833,0.46149796,1.3407836,1.5721089,-0.62987113,-1.3301092,0.43894714,1.8527725,1.6215563
1.1510615,-0.6124069,-0.44888297,-0.25732636,-0.518936,0.023768596,0.8594341,0.72578794,0.6804784,0.7574608,0.65453804,1.4684924,-0.40046522,-0.22046801,2.3585935,-0.6245415,0.9172177,0.074570656,-0.27608794,-1.4111974,-1.0901805,-0.9338524,-0.24190107,-0.33543321,-0.4116695
-0.91794527,-1.4548004,-0.50600797,1.7376193,-0.57523483,0.46737838,1.7833121,-0.7154646,1.7344478,-0.6528209,-3.677909,-0.7949261,-1.2228545,-0.8182111,-0.49543387,-2.311123,0.8572554,-0.39017725,1.0158504,-0.6164402,-2.4488745,-0.18778223,-0.72101915,-0.49925262,0.06930137
-0.9648679,-0.5300381,-0.2299816,-0.94623363,0.25633192,-1.4359577,-0.79796255,0.24045503,-0.1634416,0.6123583,0.64399564,-1.3618793,0.5351545,-0.21031356,-0.7997325,0.48309594,-0.19027382,-0.13240507,2.775133,-0.13646792,0.3187823,0.42784703,0.47653294,1.2614009,-0.068588585
0.11151156,-0.91029143,0.16577408,0.569332,-0.6337764,2.5239215,1.8641479,0.14982486,-0.9523986,0.55537146,-0.883459,0.79479027,0.24230309,0.2798074,-0.6087525,-0.7534386,1.1488669,-0.12928995,0.10735124,1.813529,-0.6797693,1.4040498,0.09457028,-0.49719512,0.4862314
-0.6702947,-0.6191114,-0.4329527,1.4420002,0.02926928,-0.03373933,0.62734604,-0.17645055,-0.079971105,0.7581165,-1.1354544,-0.48935312,-0.9148411,0.64009446,0.5637628,-1.8709757,0.10335414,-0.6481771,3.7573252,0.27354544,-0.6839208,-1.4908648,1.4206516,0.105208516,-0.3751608
-0.2624449,0.07079827,-0.32897967,0.5471412,-0.71067053,1.4449232,3.821239,0.9766137,-0.16257477,0.46267298,-1.6440705,2.808964,0.98755807,-0.17202991,0.7799989,0.04208395,0.925112,1.2950165,-0.9341656,-0.34612513,0.053991757,3.236083,-1.1008799,0.7693415,0.96305597
-0.018358156,0.054498404,-0.18674694,0.49436414,-0.4402917,1.4743369,0.34003943,-0.24155337,0.23928389,0.07461076,0.5442451,0.84584045,-0.75188804,-0.010443121,1.0916291,-1.291123,0.48467675,0.91458404,1.3151942,0.29119515,-0.27439186,-0.24522933,-0.22287476,-0.33861995,0.79271173
-0.62921244,-0.23793888,-0.50555134,0.084847644,-0.21035194,-0.27933562,0.7093654,-0.39777976,0.8418788,-0.29557192,-0.47470763,0.8299955,-0.4706874,0.60135657,-2.4000885,-0.21959594,1.9045573,-1.104389,-0.011846036,-2.0186327,-0.38675913,0.88221735,-0.3160194,-1.9596636,-1.0994431
0.5511124,0.23213512,0.55378973,-0.09309519,0.34386438,-0.84750104,1.2058285,0.13133186,-0.056464136,0.8611746,-0.43125406,-0.2739342,-0.39335412,-0.21902376,-2.252164,1.1271608,1.2590992,1.8965964,0.008089423,1.5109088,0.10586022,-0.04870574,0.64054465,-0.5885943,-1.2720656
-1.0486517,-0.08095235,-0.92574203,0.27140933,0.24041691,0.36261582,-0.9808346,0.5090611,-2.6956768,1.6157745,0.4637225,-0.17369747,-1.6620338,0.23934098,-0.5105879,0.59769404,-2.4621644,1.6824856,1.3342116,0.9673974,2.3211226,0.56633234,0.36767352,-0.29062435,-0.82772267
-1.0635288,0.61782515,1.2767653,-0.62806964,-0.3911594,-1.0436704,0.24371612,1.2354095,0.32581228,0.763957,-0.9302046,0.15186179,0.4528925,-0.057656497,-1.4082688,0.36625844,-0.60236233,0.10194597,-0.872446,-1.0044807,0.8494368,-1.6733199,-1.632387,-0.44017142,-0.49793667
-1.3020298,0.014187649,-0.32081667,-1.9980614,0.68253446,-0.17088863,-0.4647935,0.27865744,-0.9795931,-0.17743146,-0.75721383,0.6505515,-0.66067475,-0.09514947,0.40795743,2.9675643,-0.022388577,1.336659,-0.41229963,-0.98341084,-2.948206,1.0168865,2.2527626,0.2905755,-0.4924923
-2.2054477,-0.5841882,-1.024317,-1.233815,-0.29383087,-1.9337046,-4.7853637,-0.41077498,0.99929404,-0.91584563,0.87472117,-3.3247437,-0.5912708,-0.4850024,0.29315954,-1.8017805,-1.2211388,0.6972511,0.3902867,5.343794,0.102914095,-1.6200386,-2.2672403,-0.54435486,0.1539607
0.9451346,0.2596298,-0.18672326,-1.5959108,-0.33759212,1.1187655,1.027715,0.3185894,-0.568321,1.3720713,1.4771501,1.5532813,-1.766714,0.85584307,1.2389402,1.2599416,1.1342071,-4.0268545,-0.46043682,-4.8427567,-0.6841214,-0.6538174,2.7652073,-0.6993543,-1.3470347
0.009264067,-1.4497894,0.11723077,1.041914,-1.7318202,-1.2340931,-0.08651767,1.1422068,0.46088427,0.26915562,0.27114815,-1.1409845,-2.9137387,0.053219005,-4.870162,0.2079568,-0.56927425,0.88083506,-1.4856596,0.8007663,-1.9794195,-0.51807934,-2.7365701,-0.82614124,0.070366666
-2.2237108,-0.4869886,-1.9427693,-1.0009426,1.4315672,-0.14651178,-2.719192,-0.03195408,-0.071150325,-0.50798756,0.44288778,-1.1909108,1.0322553,0.30497688,0.18812704,1.4472682,-0.9690788,0.36221153,1.3348458,2.882837,0.26746958,-0.086174816,1.93661,0.32317626,-0.07366198
1.1976268,-0.46113804,-0.38155672,-2.6761587,-0.25830576,0.32346088,0.25729412,0.07969242,0.061843116,0.0656956,2.7764585,-0.17608537,0.5117449,-0.35791934,1.7774434,-0.16533846,-0.15483667,1.4651481,-1.6936817,-0.293559,0.78100264,-0.18051994,0.82094514,0.4961329,0.9848844
1.0888813,-0.07657999,-0.08350824,0.46606785,0.2654301,1.0821633,-0.8874668,0.09979728,-0.026181735,1.9465542,-1.3531477,-1.3629742,-1.0761675,0.11839835,0.045731872,0.7141853,0.3672124,-0.4090217,-0.012892261,-0.7337607,0.34286413,0.25215617,0.96533406,-0.16119559,-0.3183095
-0.76211166,0.15536213,-0.99699837,0.9658011,-0.16965115,1.4456127,0.6630293,-1.1712942,-1.106406,0.09363586,-0.013477683,0.9108559,-1.2973433,0.22232556,1.0336413,0.35686374,1.0955733,1.2720021,0.55860263,1.2304763,0.32811072,0.098528564,1.2417251,-0.8941852,0.4166365
-2.2550664,-0.39467946,-0.32467523,-0.7756586,-0.8316381,-0.9012019,0.27597058,0.4057036,0.067255884,-0.43333912,0.573572,0.47869787,1.5649415,-0.068915635,-1.0380518,-0.69939023,0.977622,0.3088848,0.2770821,2.0335126,0.41319293,-0.54757404,2.2950785,0.048714697,-2.1206713
-1.7482313,0.90085995,-0.572576,-1.1152968,-0.11763337,-0.3210826,2.7706738,-1.0073218,0.35064012,-0.7078868,-1.2147281,0.1656093,-0.027864039,-0.48805344,2.2741575,0.17692885,1.3170432,1.0547705,-0.6568281,0.008945644,-0.21333799,-0.58026874,2.139459,-0.5032906,-0.24226895
-1.3287255,1.3709599,-1.4981258,-1.6437746,-0.2877087,0.8943399,1.0099086,-0.17936212,-1.7534301,0.45813268,0.6535962,0.09277484,0.27886218,-1.4912653,-0.7572827,-0.47477552,1.999294,0.81122077,2.5280368,1.5036966,1.6545662,-0.22411707,0.48891932,1.5822614,-0.502442
0.85262954,1.2735037,-0.23495704,-0.9612261,-0.24996606,0.6278496,0.85209507,0.14714408,-0.17677557,0.09641279,1.0172337,-0.18191159,0.15614271,0.31480557,1.7039853,2.8276408,0.5737698,0.4334753,0.92244315,0.7262859,0.6034404,1.47371,-1.1041782,-0.31828207,1.887933
1.3639153,-0.105403215,0.29265463,-0.4203363,-0.1119248,1.2687869,0.8232969,-1.6007891,-0.9940097,0.90514857,-1.9461162,0.029250294,0.8735182,-0.0065081567,-0.25112233,0.6211605,1.8739028,-0.29226366,1.6884592,0.86549264,-0.86925274,-1.397706,-1.1841596,1.884517,-0.36405778
1.019608,-0.18902755,-0.8611503,1.5401409,-0.8313277,-2.1426826,1.3204029,-0.34690487,-1.3694981,1.547439,0.5840292,2.0317438,-1.8780948,-0.9625384,1.9368048,-0.8236376,-2.1045704,0.09176201,1.3473008,1.5369322,-1.4854755,-0.21297139,-1.3543687,-1.5922564,-1.1551319
-0.1369983,-1.0482116,-0.7661171,0.34761184,-0.14945899,-1.497668,0.3709172,-0.7209047,0.39389855,-0.16740061,-0.012659311,-0.3085214,0.8670215,-0.5259612,-1.757288,0.36268127,-1.4367535,-0.38016444,1.3577396,-1.0882906,-0.8583454,0.5254362,0.040721133,1.3773875,0.46163154
-0.41051555,-1.1219182,-0.09122251,0.34773234,-1.3385651,-0.94666076,0.40366685,-0.8832319,1.0127854,-0.40148073,-1.7138464,1.6183635,-1.3064526,-0.16345279,-0.34873903,-0.31194177,-0.9685097,1.889559,-0.48079583,-0.04378414,-2.9520438,0.8869269,0.027394056,-0.7671226,0.6502888
-2.0112457,-0.8958825,-0.836946,0.6963584,-1.3837638,-4.033971,-2.5987976,-1.0456722,1.2158251,0.25275868,0.023458764,-2.5141277,-0.97131574,0.2602772,0.3275189,-1.8064879,-0.70314485,-0.531007,-0.29177696,2.023044,-0.5342908,0.7282146,0.13131416,0.9497975,-0.5867005
-0.38262057,-2.2491312,-1.3126929,-0.73450536,-0.3389911,-1.6694973,-1.757009,-0.86520636,-0.043899894,-0.19633847,-1.0094633,-2.3691137,-0.57931805,-0.2627055,0.5311885,-1.1885871,0.3500617,1.4172506,-2.5398436,-1.8789119,-1.2526034,0.25337654,1.8162138,-1.2571042,-0.2644266
0.27361047,-0.30088535,-0.1863396,-0.22217807,0.6719967,0.7648244,-3.5720692,-0.7287394,0.9181154,2.1115265,0.4242458,-1.0488073,-0.6127988,-0.19104385,-3.5048947,-0.15681103,0.4560395,-0.92318946,-0.18549815,-0.52752924,0.7293888,0.21958219,0.070308864,-0.8389997,-0.41354737
-1.2881497,1.3666112,-1.3167163,0.5432831,0.5730551,1.3250654,1.110257,0.49552798,0.34754395,0.34969953,-1.274701,0.17279467,-0.28575128,0.6218472,-2.9893892,0.30081448,-0.76366436,0.84606063,-1.7732432,-2.578992,-1.0819554,2.0180557,0.09215407,0.14758433,-0.7566859
-1.809516,-1.0141189,-0.13231486,-2.7091947,-0.31378487,0.84773934,-0.8944808,-0.66652656,-1.1559029,-0.3681062,0.3923779,-1.0307622,0.15075876,0.27524862,-1.6878774,-1.5927494,-0.29811954,-0.59653044,0.29561794,0.7811166,-0.34142998,-2.9096606,0.7463387,1.3082699,0.4551729
-1.1894873,-1.1170913,0.7411325,-1.0986258,0.34089887,0.032697037,0.3258198,0.55786335,-0.17996049,-0.88860226,0.036756873,0.23739827,-0.9384638,-0.04135141,0.6272704,-1.1414869,-1.5916753,1.5610392,0.51634514,-1.1193415,-0.6443306,0.9359364,-0.8492278,0.6873055,-1.4835484
-0.62090474,0.73568857,-0.97850716,-1.2815093,-0.09336902,-0.023927689,0.8081727,0.9414155,-1.0679387,-0.7889475,0.10733953,-0.96961045,-1.3131272,-0.024501324,0.25892746,-1.7198403,-1.0402668,0.23950246,-0.7374743,-1.0659018,-1.9178962,-0.3397256,1.254322,-0.89362806,0.73178864
-0.9324707,-0.5448821,0.035713464,-1.7324938,-0.22700042,-1.1452708,-1.121735,-2.2822094,-1.1752605,-0.04133877,-1.7703245,0.19860217,-1.2930421,0.46573088,-1.3308442,-0.8034839,1.0638009,0.9841781,0.9266319,-1.5988271,-1.8280859,1.1034096,-1.1163194,-1.1262162,-1.3044703
0.079362094,-1.1018764,0.10668106,1.0004734,-0.79039145,1.3980656,2.3793762,-0.6375613,1.3647666,-0.06719183,-1.545973,0.2634756,1.2692221,0.84654415,-1.5638297,-0.8808959,-1.1701447,0.8886122,0.043038398,-0.032888412,-0.51149654,0.08006041,-0.7455957,1.3105215,1.6838125
-0.63199335,0.17212282,0.49878594,0.2212303,0.76352346,1.6155351,-0.06403327,-0.82856035,-0.44385648,-1.2025477,0.1687479,0.644904,1.9873834,-0.47457644,0.7880189,-0.26750597,-0.86275244,-0.89893436,2.1459599,1.3703067,0.12532657,1.4390843,-0.61009735,-0.25573337,-1.3357178
-1.2843733,-0.4476027,-0.7824875,0.63731784,0.2014388,1.1981149,-0.38525772,-0.8656469,-0.83233905,-0.54813164,-0.21487603,-0.6425258,-0.0050854385,-0.00502941,-0.83619636,0.30598113,-3.0433354,-1.562325,-1.0309095,-1.4315231,-0.07789256,-0.92106104,-0.61025566,0.017267633,-1.2426467
-0.6468433,0.93925285,0.6278253,-2.064711,0.3015102,-0.6723519,-1.9304764,0.480775,0.31530738,0.2597969,1.1248264,-0.21570203,1.3357966,-0.81380457,0.38763446,-1.2904229,-0.44565508,-1.4792839,1.3944175,0.5331488,0.94119716,-0.6018534,-0.66916305,-1.3415138,1.2501981
0.3456794,0.27433604,-0.39987993,-0.74155194,0.035385042,1.5797616,2.6283417,1.1661125,0.48223978,-0.20734426,-0.7358322,1.5290225,0.09073725,0.820287,-1.591191,0.982224,0.020692918,1.137385,-1.9256396,-2.4523008,0.6708049,-1.1105866,-1.3177398,-0.26876006,-0.33496213
0.55001587,-0.25517488,1.0034218,1.3143762,0.55198354,-2.4499683,0.30025476,-1.491207,-0.48068893,2.0704763,-1.410274,-0.18357328,0.023377717,0.036903232,-0.01614961,0.3531738,-1.0932294,0.3198012,1.5900079,1.8728601,-0.766742,1.8283681,-0.8615713,-1.7542748,-0.2130391
-1.5874089,-0.15071373,-0.7672323,0.21582007,0.47426203,-0.06542826,-1.834219,-0.29738453,0.8526429,-0.08421977,0.4157827,0.7030772,0.3890204,-1.5142186,1.4414427,-1.7324117,-1.7458723,-0.03994073,1.0393031,1.0624428,-0.9057525,-1.6803476,-0.35422128,-0.26667818,-1.3782966
-1.1419585,-0.35869655,-0.06122908,-1.3176736,-0.52771086,0.24972312,0.56826615,-0.65596306,0.4684568,0.18080863,-2.1024275,0.4783152,-0.26910818,-0.37467155,-1.2028985,-0.39240354,0.97115827,-1.4895334,-2.011068,-3.242956,0.32578573,-1.1317446,0.9418279,-1.2382656,-0.9192868
-1.7180269,-0.030349612,-0.89538604,0.24225546,-0.8871221,-1.3871815,0.13533415,-1.006384,0.035687387,0.34122455,0.96248543,-1.1906132,-0.52968967,-0.98485994,-0.231884,-0.6662041,0.40140823,-0.10391127,1.2476532,1.2191775,1.7015626,1.2316158,-0.66527426,1.9930228,-0.6336471
0.7091723,-0.11630982,0.026995867,-0.7248066,0.64924026,2.1281068,0.98431814,0.70711875,-0.48375103,0.40594083,2.4375284,1.1571063,0.0108579695,-0.29011083,1.2043957,0.5556441,0.6237986,-1.0097579,2.4912598,-1.0780319,1.9222594,-0.94925094,-0.9022404,1.3882676,-0.13424969
-0.8963807,0.5182928,0.2077719,0.4357104,0.056138687,2.1074967,2.6065016,0.07372899,-0.24188992,-0.086545676,-0.42709637,2.1857805,-0.22938487,-0.86408305,0.80054855,-0.61666566,-0.33878368,0.31005484,0.6643504,-0.16479057,0.8472489,0.48306245,0.6229557,0.08515355,0.06323373
-0.08206846,-0.3211555,-0.04358855,-0.61953837,0.06024915,0.83383024,-0.25696135,0.92706764,1.218145,-0.22631317,-0.9930656,0.44319105,0.04485172,-0.7591347,-0.12281841,0.38140786,-0.32495505,-0.43868554,1.5601708,-0.91595507,-0.013185322,1.5726625,-0.42685893,-0.78009456,-0.24777025
-0.7677753,-1.622372,0.62339604,0.595441,-0.86410403,-1.1205238,0.14108053,-0.32373843,0.8945297,-0.5534072,-0.4392231,-0.6015863,-0.57873297,-0.124288425,0.10288435,0.11130126,-0.66589975,-0.79350966,0.26759622,0.5899636,-1.7850128,0.3899808,-2.1346073,-0.3200602,0.32638866
0.4318604,0.7614129,-0.025899343,-0.66754824,-0.81613237,0.3620762,-1.0586636,-0.3970741,0.17444003,-0.43358767,-1.7372878,2.2731905,-1.3351296,0.3082797,-0.40209776,0.93408424,-2.1262155,-2.6312938,2.0256786,2.4299886,1.1221375,0.8001843,-1.4796052,0.2630294,0.83984077
0.2345488,-0.39930546,0.55455875,2.0221562,1.5579497,1.3120273,1.1184165,2.5251446,2.4534261,1.5149103,-0.18781203,1.5303146,-0.5163996,0.42376068,1.3566277,0.27300793,0.24565072,-0.26789922,-1.8015338,1.3070385,0.50867975,-1.5448244,-0.91050416,-0.5224675,-1.378969
-1.400591,-0.17501983,-0.7106322,-0.32266462,0.6106137,-2.6304684,-1.3569864,-0.59506047,0.30745804,0.24387938,-0.834789,-0.6099846,0.7068146,0.5375155,-0.09539223,3.0924141,-2.2212815,-1.2909043,-0.5318298,1.5349795,-0.14452273,1.0372581,-0.1891604,1.2040956,1.7680435
-0.9170705,-0.68210495,0.036928102,-0.81720454,-0.33262125,-0.5156739,-2.004096,0.009074753,0.8481895,0.666326,0.97416604,-0.39890993,-0.12742904,0.18887082,1.6124561,-0.43204957,-1.3666067,-0.12644467,-1.0696906,2.4271598,0.76618683,-2.3955913,-1.3512924,-0.47360516,-0.5975244
-0.23417187,0.6724823,0.78823423,-0.2485384,0.25329798,-0.40881914,-0.023082793,-0.37707627,0.39652508,0.6497531,-0.93604165,-1.8072224,0.46747053,0.9026979,0.1912576,0.6029964,-0.1333884,-0.5851106,-0.25099254,-2.2696486,0.8488647,-0.058001667,1.7290957,-0.10365258,-1.0885383
0.8408445,0.8398522,-0.40719762,0.15557277,0.24857569,0.9759209,0.98917854,-0.257384,-0.87498415,1.5711752,-1.5785785,-0.6593551,-0.3384936,-0.19192526,-0.055104345,0.039400548,-0.59060663,0.19192496,1.7518637,2.3748903,-2.2401614,0.93439335,0.039691206,0.45487753,-0.61288774
0.5309985,0.21840529,-0.5281848,-0.23470257,0.22491384,0.6101079,-0.92588824,-0.17245439,-1.4074378,-1.6029363,-0.4614783,-0.2567759,-0.33790445,-1.2867771,0.9074801,0.6675586,-0.5276593,1.9843805,3.2557592,3.2940307,-1.6571568,0.6177976,1.1049385,0.14598387,1.5676699
-3.8630514,-2.441409,-1.8191035,-1.4058564,-0.6526139,-1.7114706,0.04891628,-1.7029233,-2.5053353,-1.2382272,1.4192543,0.9861597,-1.4784054,-2.3763394,1.4395744,-1.7904,-0.7218604,-0.3450648,-0.66444397,-1.4366591,-4.2807565,-1.4515913,0.2898878,-1.400995,0.8698958
-2.5082126,-0.35424158,-0.89609796,-0.47078252,-1.6829119,-0.21178111,-1.7553014,-1.4227682,-0.37357235,-0.8051928,1.4245421,0.8554632,0.2584734,-1.0745806,-2.3132563,-1.4624305,-1.8861458,-0.7005317,-0.4363117,-1.1000383,-1.1132815,-0.9658424,-0.8587585,-1.531079,-0.96973526
-0.16744012,-0.20628184,-0.29416552,-0.63182026,-0.14055523,-2.1554036,-0.0076134745,-0.4829585,1.0835443,0.4259083,0.64940286,0.761863,-0.6073568,0.05493179,-2.3411996,-1.5788308,-0.83175045,1.7262814,-0.67563415,-0.83342266,0.34484154,-2.3074803,0.062103786,-0.06728011,-1.3565385
-1.2875148,-0.45265976,-1.7124528,1.5014546,-0.12083979,-0.7013048,1.4624187,-0.29366568,0.684027,-2.151136,-2.1512294,2.3350444,-1.906787,0.13028595,-0.39847702,-1.5809906,-1.0508895,1.1632893,-0.67422783,-1.0417588,-0.08743043,1.8478866,-2.124555,1.1413064,0.29699495
-1.5679088,0.5932111,1.2104765,0.9617964,-0.002772186,-1.22743,0.75228757,0.8923561,0.62215513,0.27872258,0.61040014,-0.12930188,0.81994385,0.01153685,2.0379221,0.20831752,-0.8461995,-0.9054013,-0.32791543,1.1131111,0.057720304,-1.8828232,1.0649765,-1.0301492,0.25576693
-0.98005015,-0.9329455,0.7080081,-1.3995347,-0.8612706,1.8498316,0.24630377,0.4193924,0.79385364,-0.38381898,1.4132123,-1.3693358,1.7143886,-0.039473414,0.8082261,0.111417644,-0.40756238,1.8020635,1.0825908,-1.9944541,0.061945945,0.36700892,1.1451459,-0.9581107,0.69250685
0.29928046,0.19505522,-0.15625048,0.7622701,0.5730879,1.0427407,0.4187237,0.9750484,-0.31180066,1.1420921,-1.0908153,0.43957025,-2.3616776,0.79260457,-2.5114675,0.23205736,1.2754118,1.3123231,0.1594801,1.1502761,0.60020065,1.1527358,-2.4708796,-0.46071744,0.6381217
2.6371417,0.3064092,-0.55122715,0.5073244,-0.7101973,-1.5781565,-0.13626294,0.61510766,-0.60454756,0.08567721,-1.7278844,-0.8830533,-0.6653118,-0.3176512,0.19840753,-0.0718379,1.0004603,0.21031857,-0.78264403,1.0441133,-0.03484422,-0.31490415,0.08987817,-0.59054005,0.62196076
0.74727225,0.14430912,-0.7533773,2.8049228,-0.37061375,-2.6902452,-0.24638045,-0.18442167,-0.71763045,1.535611,-1.6969979,-1.256514,-1.1686537,0.61709285,2.136391,0.058857445,-0.33890536,-1.2987102,0.4735317,-1.3205676,-1.2660683,0.8955265,1.2846125,-0.56833214,0.9441916
-1.5233233,-0.09683627,-0.3773548,1.3472883,-1.5696249,-0.67894804,0.9112426,-0.006945133,0.3339714,-1.2603065,-1.5124358,-1.1340076,-0.21938306,-0.16799158,-1.6447414,-1.4872296,0.043084994,0.8608507,0.48537952,2.613089,-0.30199215,-0.91546774,0.5846456,-0.4318059,-0.11578396
0.6744677,0.9069184,0.30202007,-0.95624495,-0.4725735,-0.89535916,0.6221498,-0.6107384,-0.8833416,-0.1580535,1.4850957,1.0083297,-0.16315195,0.06229733,3.8189583,-0.15100202,-0.2621596,-0.13546902,-0.29565692,0.6191905,0.09804797,0.13907966,1.0334044,-1.9667447,1.7959555
-0.23733062,-0.10621999,0.24674307,0.6579672,-0.21993445,-1.0573785,0.2613808,0.3855983,-1.1261786,0.7875424,-1.8410195,0.44824794,-0.021867633,-0.5704238,-0.894905,-0.2995926,1.4678401,-0.9804195,0.14247935,0.42906958,-0.78415334,0.20182465,-0.85090154,0.17144084,-2.8028271
-1.2049009,-0.12500913,0.31096187,0.40884823,0.3052311,-3.1514077,-0.8297935,0.46970057,0.7889402,-0.051838484,-0.6808431,-0.4609336,0.3076983,0.8180028,1.7176119,-0.6490648,-2.1319227,0.43964112,0.24908341,0.012732506,1.1267254,0.44512236,-1.2815499,-0.08484027,1.0742446
1.4877535,-0.22878832,0.20106882,-1.5422739,-0.50160325,1.1299126,0.576693,1.7325327,0.8346683,0.57000184,0.32043365,0.9336592,1.2705983,-0.014073104,0.22067605,0.86846286,0.73050714,-0.9805886,-0.69066465,-1.8040812,-0.08213143,-0.64701027,-2.5701268,-0.10699481,1.7553377
0.9652726,-0.828779,0.37305874,0.7238669,-0.81470907,-1.1208348,0.023020707,-0.45930046,-0.2840151,-0.32401642,-0.48570365,-0.5015687,-1.2791692,-0.023219397,-0.47248256,-2.2953188,-0.26013678,-3.2218428,1.6000744,0.7271286,-0.22095078,-0.02613473,-1.8031433,0.50582486,-1.285037
-1.2333465,-1.4059249,-1.5323102,0.34758395,-0.4197443,-1.0719662,0.39049178,-0.5956023,-0.058891304,0.6413444,-2.8243268,0.09387791,-0.1426718,-0.3254542,-0.87544,0.41802388,0.041482165,0.0645131,-0.6795118,-2.9217386,-0.5847593,-0.48023045,-3.000649,-1.118548,1.0845866
-0.7242893,-1.0396389,1.1230967,-0.16732419,-0.5253893,-1.4228238,0.9357755,-0.5865736,0.51716894,-0.07006441,-0.29047346,-1.3394121,0.019284248,-0.50015426,-2.5655224,0.35537586,1.7955941,-0.7952259,2.0357275,2.5845366,0.23139302,0.787275,-0.32090166,-0.28206187,0.2628055
1.2900302,0.85088754,-0.1007916,0.8447939,-0.10265534,-0.5215583,1.3420006,-0.19710274,-0.5482434,-0.77822506,-0.2558812,1.4916676,1.3141735,1.3020358,1.7003996,-1.128265,0.4000198,-0.53846705,0.027626812,1.2886372,0.106634796,-0.13406253,0.33495244,-0.6730222,-1.419112
-0.94745404,0.26431012,0.40144575,0.9563555,0.76744014,-1.3252208,-0.7503139,0.28252533,-0.25036097,-0.16511437,-2.4130683,0.7007552,0.5186768,-0.12356827,-1.4926178,0.578132,0.35556927,1.1302971,0.7424059,-0.3990999,-2.2677007,1.8383185,0.9037366,0.20618021,-0.48972198
-0.8177169,-2.2746751,-0.9306711,0.9399359,-0.90292084,1.4664719,-3.233673,-2.201589,0.58481777,-0.87186646,-0.105962574,-1.6717525,1.172949,-0.40667576,0.14237508,-2.2402296,0.22634688,-0.49275783,-0.93533224,0.3865043,0.5708337,-1.7120321,1.629858,1.3274021,0.5650545
1.6238935,0.32592994,0.37172756,-0.14657252,0.5986326,1.673841,-0.29496548,0.08889818,0.9178484,-0.5221602,-3.2679906,0.3655377,1.247294,0.49951574,0.897413,0.4454345,-0.98002434,0.043522596,-1.2737997,-3.2428808,2.3155112,-0.30231577,0.77668446,-0.5218859,0.4308472
0.6969472,-0.14228144,-0.41165203,0.75411254,-0.08091884,-1.253809,-0.70013,0.6885263,0.07206237,0.60994446,1.363968,-1.2705382,0.16942711,-0.2535416,-0.75852025,-1.6944609,-0.020612508,0.29894105,-1.2791324,-0.1669479,0.21234685,-0.94685304,1.630688,-0.65606016,-0.9612937
0.5650429,-0.88848525,-0.23153272,0.27293867,0.3434122,-0.93011975,0.5795934,0.5843622,-1.4808123,-0.53410375,-1.3446339,-0.72666144,-1.8813792,0.05106832,-0.17511523,0.45375007,-3.1891365,1.0803732,0.5744777,-1.6040113,0.8794608,2.5130928,0.4024307,-0.59219253,-1.5918863
0.3834267,0.8152561,0.8461641,0.80479103,0.6277404,0.3489322,1.3363459,-0.73960495,0.88206595,0.0760535,1.139523,0.5414704,0.43480796,-0.3250898,-1.8043377,0.19833076,-0.76036733,-0.11447867,2.097715,-0.100461364,1.638098,-0.8543997,-1.8040359,-0.29298255,0.40400258
1.9324923,1.215809,0.23082072,-0.31857622,-0.38006988,0.90592444,1.1379819,0.5113778,-0.66894656,-0.66762507,-0.9225208,1.9224308,0.29339066,-0.93011916,-3.2348588,0.6676166,0.6692272,1.0686346,0.4609313,-1.5214587,0.3247187,0.9972205,-1.2984724,-1.0703094,0.47841394
-0.06497604,-0.8165164,-0.37191653,1.5313759,1.6304495,-0.6338154,0.85672486,0.12672433,1.5486643,0.065928385,-1.8824809,-1.1502371,-1.276878,-0.65849173,-0.64523244,1.5668149,-2.9621825,0.14694142,-1.0487354,-1.0821438,-0.3462419,-0.5647026,0.027759304,0.75759524,-0.41527107
-1.6037741,-1.082632,-0.94769764,1.5002823,-0.050752394,-0.46933073,0.25632513,-1.4636116,1.1053237,-0.79429734,0.9450233,-0.7962483,-0.36611336,-0.7543675,1.0210165,-1.4382336,-0.6152407,-0.3209973,1.919774,3.6466417,-0.6031946,-1.07869,1.749884,-2.1655092,-0.0749532
0.48980427,-0.27815756,-0.21155955,-1.5955098,-0.97891456,0.9023131,1.8739067,-1.6951892,0.43615976,1.2326335,-0.9760113,1.8765705,-0.33936316,-1.268884,0.48082787,-1.2971017,-0.6605608,1.6458621,0.34412837,-1.3342987,-1.951367,-0.7014361,2.6740654,-0.2871474,-1.0032645
0.29490033,1.0772088,-0.8276408,0.3996789,-0.26022413,-0.48523518,1.5687785,1.1920314,-0.28579843,0.20073372,-2.4183197,0.544214,-0.46618193,0.6331594,-1.8455148,0.0381245,-1.6780918,-0.0824725,2.5509946,0.38193607,-0.5592351,-0.5939316,0.19826299,-1.3541124,-1.2859958
-0.3558343,0.013313174,-0.31223065,0.85639095,-0.6499581,2.1959014,1.0136588,0.19536984,-1.1820583,1.1157864,1.2906048,1.3036716,1.1261051,0.40368813,-2.240063,1.2958484,-0.053987265,-0.78881824,0.009855002,0.29416597,-0.38763875,-3.464993,-1.3035231,-1.12829,0.3431788
0.43990767,1.1415873,1.213173,0.016698942,-0.036180735,0.10889204,2.2755547,2.804249,-0.6943988,0.024365604,0.1362297,-0.27338856,0.66392946,1.5605484,-0.3996799,1.4841722,-1.1577471,0.33932468,0.6150615,3.7444587,0.7953124,1.9866513,1.1940665,-0.52436924,1.2085117
0.6934103,-0.5195205,0.58852625,0.56315005,-0.19635811,-1.0065022,0.51208234,-1.6069137,-1.3277218,0.5127785,3.829709,0.25188655,-0.25607887,0.24653399,0.6043608,0.6879058,1.0844735,-0.0061855316,3.562571,4.8502855,1.5523281,3.028735,3.3817534,-0.67586184,-0.05624765
-0.9150294,-0.3780706,1.3785005,0.5505035,0.18940736,-0.94762284,0.3645481,-0.15374503,0.766153,-0.78418285,-1.40413,1.5818588,1.1355611,-0.09667237,-1.4777611,-0.21416453,-0.8255718,0.7431468,0.1405597,-0.13773745,-0.0008497834,0.38585198,-0.030024052,-1.1374389,-1.1657069
0.047082983,0.040023968,0.012403965,1.1425706,0.86129147,-0.96995395,-0.022547472,1.2941964,0.4659698,1.3722582,-0.12561546,-0.45218474,1.050517,1.2815567,-0.5389011,0.047896996,0.28607112,-1.0951786,-0.16435538,-0.10852271,1.6970514,0.8571166,-0.36015373,0.3929834,-0.24492097
0.19717577,0.40664893,-0.52208513,-1.2854338,0.7664873,-1.85924,-0.82208574,-0.5618001,0.33394885,0.8000183,0.12922555,0.5493264,2.0986772,0.6335869,1.3215842,-0.35894254,0.09222859,0.06012925,-0.5007123,0.7397697,0.3575403,0.3288452,-0.18549037,0.4763102,1.707345
-0.36769718,-0.9824608,-0.42598167,0.36581832,-0.3187821,2.4293075,-0.84346527,0.84248936,0.20714164,0.77710634,1.3851864,-2.0368366,1.2720248,-0.5029237,1.5235665,1.4002556,1.7201699,-1.1926751,-0.2939396,-1.4873383,1.5675274,2.119216,0.41955322,-0.2381734,0.9209611
0.07204661,0.07620795,0.101829395,0.7666048,-0.38554433,1.2793664,-0.69601494,0.05827555,-0.7447866,-0.28172427,2.5314925,0.68540514,0.5744068,0.06227187,-1.227121,-0.25580958,-0.34438112,1.0564841,0.63919055,3.3947396,-0.9365065,-0.097329855,-1.4602795,1.1000688,-0.67138094
0.68812525,0.01614888,1.1398649,-0.43859103,0.27560124,-0.5649459,0.6076965,0.22721148,-0.92185044,0.16256264,-0.9093789,1.1873949,0.47341895,0.36781055,1.2744237,1.8653827,1.437346,-0.3410931,-0.77891517,-0.026665956,1.2026187,-0.44518682,2.0147555,0.89553225,1.8941581
1.9576106,-1.6954358,0.56223905,0.9403458,0.32128415,1.7754499,-0.18331592,-0.36891046,0.89907897,1.0309366,-0.46353066,0.06061405,-0.4334234,0.71449715,0.0012357533,-0.5778319,-0.10352802,0.8498899,0.73102635,2.1859365,0.04883182,-2.7253187,-0.89106816,0.71079683,2.540342
-0.12605259,0.23308454,-1.4410385,2.4308555,-0.23366654,-0.3353268,3.3233838,-0.0929203,0.030464947,0.42939845,-5.3141017,1.8911719,-0.33626473,0.648873,1.9506503,-0.14633727,-1.2789719,-0.13452892,0.9191991,-0.09525272,-0.13814038,1.7208583,3.9002368,0.8160557,1.353713
0.4830401,-0.22918542,1.4466351,0.577655,-0.5351788,-0.16117592,0.45666528,-0.47721004,-0.8518609,0.15331998,0.7127959,0.22086123,0.54283494,-0.6746452,-1.543483,0.3985146,-0.88899946,1.9980528,1.7024742,0.9635818,-0.8407196,0.7529122,1.5995722,1.130289,-0.75304437
-1.8263707,-1.2360333,-0.118584275,0.114984125,-0.5796504,1.2822678,2.1511097,-0.848552,-1.0924608,1.3738831,0.08552396,1.1140295,0.10048711,-0.8746261,-1.1351999,-1.9448252,0.3652041,1.274248,0.6564519,-0.4374807,-2.0504794,-1.5950693,-0.9067161,2.0959134,0.33105773
-1.7846571,-1.416682,-1.6487536,-1.505996,-1.989275,-0.2618874,0.927623,-0.6875027,1.5692596,-1.524792,-0.91975415,0.7232044,-0.833437,-1.9290311,-0.31601655,-4.9493117,-0.84369284,1.2256758,4.1815147,1.2376972,-0.80022085,2.6855705,-1.977798,-0.15616766,0.02714771
-0.26706758,0.6991974,-0.21525753,1.7394667,-0.29774988,-0.7932445,1.2122642,0.6994078,-1.4997344,-0.46183142,-2.469694,1.1635202,-0.0858621,-0.32423162,1.5702354,-1.0030922,0.24929166,-0.585445,1.4133586,0.24752545,3.0874507,-2.121702,-0.994735,0.41268855,0.43291673
1.5647243,-1.6536058,0.4282786,-0.36904702,0.9608902,0.22908425,1.1868615,0.31115243,1.048245,-0.56359845,-1.2271677,1.1559579,1.5682995,-0.13078856,0.023679405,-0.786305,0.5397725,-1.4615144,-0.9723891,-0.4467407,-1.4987236,3.6841426,-0.770332,-0.6163522,0.41925395
-1.6885597,-0.64041394,0.43985504,0.6177434,-0.24699573,0.15822083,-3.0876327,-0.2406981,0.3626802,-1.061326,-2.4721394,-1.712689,-0.6824041,0.2945267,-0.91200817,-1.420799,-1.6458704,0.27583468,2.479579,1.0963672,-1.5993373,1.2052406,-0.3799801,-1.079222,0.557531
0.43636134,-0.27920628,-0.74243677,-0.580127,1.1089374,0.82721406,-0.02692473,0.5598684,0.54708636,-0.84053254,-1.6224171,0.8070871,0.22965986,-0.083887346,1.1863191,0.059487537,-0.2758663,1.5037811,-3.2166977,-0.95739985,1.3397495,-0.5183234,0.016743958,-0.3136871,-0.10880263
1.3271956,0.82824695,-0.11073285,-0.34694478,-0.050983466,1.0881004,-3.8492413,0.7124423,0.22302556,0.95658636,-0.82517976,-1.372133,0.15504254,-0.07304159,-0.10059498,-0.8618472,1.3554585,0.4997831,1.6748137,-1.0360845,-0.86145186,0.5504823,1.4162827,-1.2351971,1.1871378
-0.43884313,0.061020076,-1.20865,1.0263654,0.34520268,0.5759181,0.729986,-0.899655,0.0010197759,-0.29333892,-2.9370313,0.3749413,-0.5944513,0.89993167,-2.7552478,-1.759139,-0.50229025,1.5505128,-0.8066834,-2.6649117,-1.2611032,-0.9757248,-4.180567,0.2636822,-1.7863059
0.16108477,-0.38460308,-0.3692828,-0.25035128,-0.88023967,-2.508539,-0.2810908,-0.99409556,1.1991916,-1.8036566,-2.5228517,0.033477783,-0.27898633,-0.70248836,0.579095,-0.21832663,-0.6304866,-0.6235784,0.49558258,-1.4333605,0.18326703,2.4471958,-2.136733,-0.5943013,-0.6837507
0.436067,0.012466729,-1.0314674,1.6014528,-0.6872009,2.0963638,1.1512203,0.0936279,-0.1000641,1.6486536,2.6298044,2.0158005,0.3111661,-0.51954585,-1.3726265,1.8234352,-0.4678803,-4.0087852,-0.7785231,0.0143345,-0.104332246,-0.37969637,-0.30937594,-0.025436178,-0.20214313
0.94941556,0.37764814,-0.11023065,0.29589513,-0.66452867,-0.57392025,-0.09283845,-1.5464091,0.10415515,0.58595014,3.3851197,-0.045222234,1.3650277,0.025194854,-1.4284434,-0.8436183,-1.1063367,-0.012541711,0.874537,0.65379536,-0.680908,-1.1745133,-1.0121653,-1.0271671,1.3438153
0.39571515,-0.47570023,-1.0475655,1.0582075,-0.88019454,2.5374124,-0.6850223,-1.8705943,-1.3146857,0.7581165,0.7426535,-0.19299436,-1.6672405,-0.7408733,0.27304932,-0.89163244,-1.521533,-1.0584029,-0.5812207,-0.9846475,-3.7786732,-0.06336707,-0.15340549,-0.61569977,0.5228021
-2.044125,-1.4314978,-1.4455956,0.1388607,-1.5313467,0.4025208,-2.598721,-0.39107156,-0.49242803,-2.6473556,0.23830727,-1.0548434,1.4359307,-0.5048342,-0.006046176,0.37827206,-1.4966376,-0.5898664,-1.0545171,0.71645975,-0.77926785,-1.2030258,-0.5476452,1.1308706,-1.8657408
0.57904047,0.58781695,-1.628596,-0.5189561,-0.30720043,-0.7412576,0.14419627,-0.1574427,-0.40706652,0.05737323,1.0097036,0.59903777,0.291741,-0.17979798,0.54979515,0.5377877,1.4583095,-0.44029275,-2.2828496,-1.0514708,-0.4000904,-1.7983283,0.29758632,0.78234005,0.2293883
-0.4448645,0.15271692,-0.005231604,-0.14331251,-0.025182325,-0.30882972,-0.5740271,-1.6332926,0.1675798,-0.25700867,0.18736374,0.033342242,0.75393426,0.013047174,1.849245,-0.08090472,0.75448287,-0.59645116,-1.0003059,-0.09717371,-1.4252917,-0.4400959,0.93364275,-0.31344795,-0.14083433
0.5302502,-0.35592937,0.6156547,-0.45094606,-0.18903777,0.3243569,0.4301691,0.273785,-0.1263653,0.4270848,-0.918331,-0.52218324,-1.1425387,-0.2331172,-0.7825937,0.42358512,0.29669,-0.2519193,-1.5870336,2.583564,-2.0049329,-2.4870763,0.32949862,1.848049,-1.2852418
2.5813725,-2.3552518,-1.0475199,0.98333454,-1.2007422,-1.0918542,-0.9634459,-1.5785168,-0.07547343,-0.7973387,-2.4605863,-3.3018038,-1.4823256,-0.13618529,3.668967,-0.60662484,-0.9453231,1.9450139,-0.8934537,3.6385221,-1.4707266,-1.1229589,2.9107227,-0.7707019,0.4526614
-0.255326,-0.16930082,0.104005635,1.5327659,-0.80933595,-0.4530327,-0.3289755,0.37143606,-0.37628326,-1.5413327,-2.8178098,0.2661359,-2.4622183,-0.5259612,0.7840455,0.8253387,-1.266876,-0.41256428,0.56972414,-0.713477,-2.635903,-1.34166,3.1784296,0.14933114,-0.4866658
1.4077849,-1.2441347,-1.4924495,0.6358577,-0.21826574,0.40547848,0.8068581,0.15381983,0.56853426,0.6526825,0.11104584,1.2976433,0.2810949,0.76232016,1.1601374,0.8665936,-1.3542316,-0.31538647,0.9340902,4.6878753,-2.628133,-1.4489957,1.0360925,0.36905038,0.27745983
3.4690778,0.66874325,-1.861291,1.3987457,0.2102033,-0.51112115,0.50050104,-0.56781197,0.715368,0.6850638,0.700241,0.10506964,-0.35033825,0.114165574,0.71200365,1.2847759,-0.472951,1.869556,1.1349761,6.076004,-3.9975595,-0.65221894,2.9306421,0.0027427077,1.8576813
-1.0693493,-1.0121665,-1.5932597,1.1635746,-0.789495,-0.15121643,-1.226155,-0.4486932,0.20680821,-1.355093,2.210492,-1.3774576,-3.196545,-1.9750924,-0.38902813,-0.5106132,-2.4949632,0.14197844,-0.30416423,3.5449226,-1.4279785,-0.7998192,2.6637478,-1.9036908,-1.225414
-0.60060906,-0.4027934,-0.019459292,-0.42927194,0.8705921,-0.6162728,-0.06101363,0.7968256,-1.250803,0.98558956,-0.34584516,-0.7360716,1.3059552,0.02239829,-1.9979281,-0.12950212,-0.11076406,1.5037191,-0.56666744,0.6489988,-0.09750521,2.1118603,1.8732669,-1.2606053,-2.0982592
-0.27375075,0.04810039,1.1140655,0.58217824,-0.09623706,0.52168375,-0.3130909,0.4645029,-1.4115837,0.39611563,0.31932908,-0.9031986,0.31901604,-0.07981968,-0.59362376,0.13568157,-1.5284212,0.53045505,0.3190309,-0.07063633,1.1042298,-1.8533026,1.1077294,-0.11789642,-0.39649877
0.32580057,0.5708356,0.97216284,-0.2525075,-0.45182288,1.577664,1.3455861,0.293527,-0.7384208,-0.54637647,-1.0652521,1.6063318,1.7004728,1.5052934,1.5903113,1.3922408,-0.38922423,-1.3621764,-1.2368431,0.957802,-1.0244073,2.2033663,-0.9900835,1.1388642,-1.6039488
0.5022104,-1.4253876,-0.7198648,0.48884726,-0.36217827,0.08224994,-1.1252068,-0.52197266,-0.5295176,-0.60933137,1.4426556,-2.039364,-0.06348936,0.95218587,0.031718373,0.47664332,0.0633927,-0.86978567,0.099612534,3.359136,-0.6213939,-4.0897303,-0.01779908,-0.32282996,0.06283271
0.13057607,0.032930285,-0.86250824,-0.008465856,0.13799568,-0.59231025,-0.19656003,0.30166134,-0.81006277,-0.21632987,-0.04166027,1.4175457,-0.5719292,-0.10832393,-0.73330486,-2.6945026,1.3395511,-1.2794898,0.25295407,1.1414281,1.9782687,-0.68906754,1.5426433,1.4868528,-1.627265
0.6556004,-0.24452955,-0.76019144,0.48150587,0.1344608,0.7502217,-0.36317068,-0.2742952,1.7178724,0.3950258,-1.9786401,0.26727206,0.399287,-0.65999013,-0.36122727,0.5949224,-0.98932886,-0.020978093,-1.0175505,-3.4720182,0.22654411,1.6533494,-1.092176,0.37561604,2.7397568
0.7819045,-1.0018121,-0.13259637,0.84889877,0.20037344,-1.5856192,0.114631206,-1.064389,1.0274626,0.38562387,-1.1559589,-0.42933294,0.85383093,0.19852433,-0.90459263,-0.51722157,1.212837,-0.73758644,1.7623358,1.1108484,-0.16094418,-0.4288242,0.56133586,1.8422471,0.5733403
-0.5386758,0.2867434,-0.7569798,0.9699862,0.0027482212,-2.714181,2.2930079,0.2975347,0.10525726,-0.73592937,-1.4565561,0.2620086,-0.15665492,0.60462403,1.1365879,0.5338121,-0.5090813,0.44047156,0.47201163,-0.44026098,2.5157516,-0.08030463,-0.9942646,-0.073507726,1.3317049
0.32361236,1.9227649,1.0343649,-1.0909977,1.4653895,0.61652344,0.6083277,1.2184323,-0.59044933,-1.0059203,1.1036706,1.688895,0.8911178,-0.31255966,-0.4025954,0.26546288,1.3789146,-0.7200353,3.2937865,1.1357992,-0.77688617,2.5823936,1.7396449,-1.1290708,-0.7842014
1.0551413,0.6049416,-0.24441952,-0.8630111,0.3049361,0.46145368,-1.9954302,-0.15147586,-1.3035975,-0.5588218,-2.8530369,-0.04410392,-0.80813,0.52948403,-0.028259635,0.73136765,-0.43068248,0.07573616,-0.5016798,-2.3604112,-0.6863096,-3.0797162,1.1443317,-0.6638814,1.6838125
1.1970353,-1.3109095,-1.4063461,1.2027557,0.41172504,1.1419312,0.8852116,-0.45403036,1.2095952,0.025449514,0.6405202,2.7499797,-1.6777194,-1.0595214,-0.72386056,0.44959205,1.1585741,0.18307729,-1.6048232,0.029125988,-0.87792075,-2.7537398,0.38608927,-1.3593867,-0.9481095
-0.014009476,-1.0208031,-0.43325493,1.2357407,-1.1831198,1.0332127,0.40731314,-0.38305372,1.8605475,-0.116335705,-2.9363742,0.39514253,0.78508985,-0.15470484,-1.0963231,-1.933702,-1.5638733,0.029788494,1.0604508,1.4980376,-1.8524735,0.40929878,-1.5034981,-0.8972281,-0.8575722
-0.8696255,-0.85010207,-0.40818238,1.1144259,0.018138036,-1.4113991,0.548548,-1.7875029,0.7949733,-0.18425076,-1.9956038,-0.43534756,0.5232319,-0.6290264,1.7831783,-2.3200521,-0.16701883,1.0298754,1.3736838,-0.2587732,1.0177128,0.48118755,-1.9116485,-0.04723312,-0.5476868
-0.30281997,-0.029817462,-0.5879495,-0.04575455,-0.50922155,0.31233075,1.0022347,0.21716711,1.7219431,-0.8177726,-1.3820212,1.9655755,-0.13367262,-0.424411,-1.1253133,1.3385026,-0.37949312,-0.7733235,0.1598936,-4.1540236,-1.1068541,4.1173205,-2.670435,-0.98093426,-0.228502
-0.66964793,-0.9967465,-0.16257158,0.32027656,-0.38179424,-1.0832796,1.3046494,-0.050698817,0.65090644,-0.6497222,1.9602487,0.64953524,0.0836472,1.0723914,-1.8883352,0.061830662,1.0808017,-1.3117627,-0.24983183,2.3034062,0.1952633,-0.3994342,-2.0329661,-0.6290974,0.20975047
1.5173423,-0.43782377,-0.7447127,-0.060993522,-0.10545644,0.19679457,-1.5410154,-0.26132202,0.62567186,0.27507824,-0.8411424,-0.05253309,-1.1637584,-0.18269406,1.1245273,1.4855869,0.86094147,0.89256114,3.4874063,0.86199576,0.89643407,0.7675378,0.92042077,1.5533744,-0.7071357
3.2940896,0.41314438,-0.32818705,2.1155386,-0.3528437,-0.8378883,-0.5110821,-0.13250522,0.2519104,-0.9948008,-0.13104558,1.6742141,-0.18799894,-0.34343603,0.89365256,-0.13026303,0.20253384,0.5397098,-0.8898408,-0.11326063,0.8720654,0.25224072,-0.47651735,1.3137263,-0.22724363
-0.6371379,-0.092577666,0.528625,2.3493195,0.27319688,-0.05168964,-0.41254795,0.023714006,2.1970646,-0.08324438,-3.268753,-1.2651281,0.11825158,0.11594558,2.0294182,-0.2090486,1.9684193,-1.060277,-1.3491853,-1.0588065,1.4132438,0.4081794,1.193029,0.2601455,0.48566812
1.276532,-0.14611909,-0.07355373,-0.41064885,0.1253599,0.5932647,-0.48504826,0.36301297,-1.1526716,-0.4341556,2.4976385,-0.7044596,-0.18561101,0.84777606,-0.95016843,0.7673727,0.61594176,0.52534795,-0.13154662,-0.27960017,0.7847693,-0.21913578,1.8230863,1.0892663,-0.1285221
-0.89859277,0.8323028,0.4600532,-0.04315865,0.5465313,-0.43752283,0.54357016,-0.08258401,0.13903409,0.62800336,0.34828728,-0.30772945,-0.032903314,-0.340719,-0.8932392,0.24411756,-1.5477252,-0.012720168,0.5637744,0.57151663,0.95346546,1.2727607,-0.6791686,-1.2432292,-2.8518674
-1.1662142,-0.8894454,-0.3355031,-0.4344896,-0.8527246,-0.7224331,-0.3016566,-1.1389543,-0.4255072,-2.0384815,-0.49313238,-0.020852953,-0.5408808,-1.7159777,0.5671099,-0.30837244,0.72576153,-0.0131004155,0.537227,-1.2217265,-2.0909293,-1.0544248,-0.79162097,-0.88092244,-3.2051744
-1.6669266,-1.8400092,0.0074249804,-1.4239827,0.83503515,-0.7475825,0.3192323,-1.5431616,0.73312086,-1.2975817,0.74198484,-0.41366825,0.98533326,0.35404557,0.26109082,-0.42626262,-0.30887175,0.54418063,0.19532347,3.204323,-1.3366671,0.14583206,-0.9271573,-2.083122,0.8193567
-1.6105182,0.33870006,-1.2846689,-0.79597855,-0.72895706,-0.3451488,-2.8877392,-0.09147456,-0.8793129,-1.0628829,-0.27668327,-2.3804462,-0.555109,-1.0052295,-0.8954853,-1.4655039,0.7443524,-0.40549356,1.030605,2.0758088,-0.85432947,0.31282637,2.1686997,1.1331546,0.3492751
0.05183655,-0.33445692,-0.15383427,-0.85187745,0.49445283,2.2653787,1.4437368,0.31410438,0.88540506,0.13625857,-1.7758749,2.3856144,0.08661224,-0.19876233,1.4263124,-1.5911303,-1.0775387,2.2881684,-1.244159,-0.9981128,0.0614359,0.004516393,2.1794279,-1.137136,1.9082944
0.86899287,-0.7516911,-0.42275855,0.70304644,-0.5955361,-0.063480414,-0.6214907,0.36291423,0.5958001,-0.04892008,-0.406883,-0.53958285,0.089241326,0.93467367,-1.835738,-0.24083142,0.4179384,0.44031665,0.035338074,-0.8648447,-0.5733483,-0.77974856,-0.98669964,-1.1351027,-0.47766817
-0.8118496,1.3292756,0.11549577,0.54612184,0.8239376,0.11999966,0.43994176,0.42339474,1.0139611,0.13330564,0.17993349,-0.6248596,-0.8999616,0.5793135,-0.9560475,0.35743856,-0.8843796,-0.0084632635,-0.5362335,1.7426113,-1.943202,-0.17897505,-1.4989064,-1.2573254,0.49206883
0.3860018,-0.29764935,0.5355408,-1.8655475,-0.42049012,0.6296219,-6.3054876,-0.0057017803,-0.30123013,-0.18399617,1.442971,-1.1749095,0.94316816,0.3146844,0.5957723,-0.24586713,-1.3453791,0.44488478,-0.04027939,3.191791,0.121336535,-0.69884753,-0.25931615,2.2819085,-0.9343992
-0.12518607,-0.46683472,0.118722804,0.469772,-0.20237514,1.3877888,1.7313558,-0.6542356,1.6645155,-1.3616383,-1.2051598,0.22020757,0.03519684,-0.53359646,0.78311193,0.67804796,-1.2341316,0.9454181,-2.6259162,-1.1394132,1.0054146,0.34017438,3.0358143,-0.28770545,0.9148463
0.50770813,0.50007904,-0.040743634,-0.5408627,0.7898733,-0.77251,-1.8311505,0.21422401,-1.7731845,0.68100274,-1.095542,-2.533835,0.534006,0.2593119,0.2102533,0.47121632,0.14715281,1.645761,1.3629409,0.25743973,-0.282336,2.789805,-1.1164844,-0.13520774,0.5717477
-1.8419989,0.4691009,-0.23146543,0.76301783,-0.5718018,-1.8639376,-0.26067847,0.84765214,-0.16401657,0.09858607,-0.12485365,-0.3041668,0.285346,0.87225294,0.36040017,0.024207234,-0.20027268,0.24301618,-2.4857554,-1.0811342,-0.05847124,-2.0239718,-0.48874813,-1.7559433,1.3866386
0.9037881,0.19637182,1.1866634,-1.9165816,0.03799282,-0.41335827,-1.0737687,-0.97822165,0.44110456,0.42790112,2.3607059,-0.54866445,2.5270653,-1.8646392,-0.12888885,0.97229826,-0.0860008,1.7389921,0.12834072,-0.1718255,0.79934764,1.8286681,1.187458,0.76324815,-1.4993899
-0.24544847,-0.9881,0.14964294,-0.68644226,-0.80771554,-1.7836971,0.401324,-0.9939387,0.70056,-0.6105845,0.5864935,0.27245495,-1.0673366,0.124488905,0.57786655,1.0936422,-0.45704913,1.3270211,-0.6713908,-0.49521983,1.124114,-1.5186449,-0.544595,-0.82990396,1.69916
-0.6335897,-0.3208285,0.54978704,-0.2558073,0.46104512,-0.26919687,-0.17061582,0.6583943,0.8392846,2.2707582,0.37557092,-0.265606,0.8953871,0.41943508,0.65606976,0.41766065,-1.1541674,0.26411858,2.3754158,2.2238488,-0.76361287,1.56897,1.0927238,-0.3478155,1.1054082
0.7522788,-0.40612024,0.06948873,0.76312196,-0.49000096,1.6137536,1.1046319,-0.14428954,0.15614456,-0.20857441,1.1639423,-0.9687319,1.0806861,1.3344216,0.6897273,0.5629372,0.9386072,-0.23793912,1.3148901,0.6883482,1.86028,-1.3669288,3.8668535,-0.8119526,0.90205973
0.7543504,0.7572131,0.40281045,0.66700035,-0.5349905,0.8067416,0.6812058,-0.43182576,-1.2037227,0.60886467,0.061526142,1.4179718,0.6567038,0.092831016,-0.7336094,-1.357471,-0.08425767,1.1853371,1.0439668,2.6236758,-0.34098533,0.9533638,0.37462214,0.6260433,1.3953756
-0.8462006,0.37344342,0.19622293,1.1146045,-0.24962734,-0.14191851,1.5974069,0.39277163,0.76118064,0.74067056,-3.6787162,2.433334,-0.65784,-0.19968556,1.2455534,-0.4452752,0.2364065,-1.7029724,-0.2325968,-1.9006528,-0.053189754,0.78579915,3.3549294,-1.6324513,0.389712
-0.8956937,0.1689421,0.10092431,-1.139074,-0.19731031,0.88523966,0.3005974,0.55662495,-0.47850218,-0.059093475,1.3427314,0.86580604,0.06628725,-0.078269735,-2.4133706,0.7044322,-0.35104123,2.0661077,0.6728553,0.56672573,-2.7137766,-0.46231943,0.10583675,-0.066811204,0.67694956
-1.8063297,-2.3514433,-1.4180423,-1.8556021,-0.96137255,-1.8713436,-2.660819,-1.3634069,-0.65320045,-2.764967,-0.7975951,-2.0567827,-1.9481621,-1.3808706,-0.49093848,-2.1943333,-1.046211,0.8911981,0.10879554,3.0423398,-0.8089522,-2.056274,1.2285485,-0.0784266,-0.40907878
1.6091243,-0.57946,-0.11785978,-0.67400783,0.48992705,-0.5309368,0.4270405,0.5106693,-0.81430095,0.13543028,1.0363725,1.0192373,-1.2335263,0.69370824,0.86666816,1.3800185,1.1688412,0.77654374,-1.141139,-2.6012294,-0.2182098,0.07961187,1.0158888,0.09910333,0.5722396
-0.45112807,0.7201243,-1.4825014,0.99266434,0.14722084,0.034653366,0.16191438,0.18541017,0.50853425,0.8324655,-0.54941887,-1.5702174,-0.45680547,-1.8038847,-1.6004796,0.7732747,0.27893844,1.8870516,0.429308,4.643899,-2.5345438,0.21843511,-1.0137064,-0.3117697,0.041494176
-1.2882949,1.7945082,-1.7591984,-2.135913,-0.58103484,-1.237313,-3.8936143,-0.9447667,-1.3020717,-0.8376327,1.5894544,-0.16032135,1.5020965,-0.64523363,1.7854055,-0.60295486,-2.1322334,0.66769475,1.8121157,4.0155063,-3.3914108,-2.271011,3.077601,0.96635467,-0.27995694
-0.56910616,-1.4643929,-1.252763,-2.270306,-0.8494725,-0.1377604,-0.25994524,-0.07037863,1.4255309,-1.0717714,1.141389,1.0724142,-0.47337255,-0.5818945,0.14784224,0.48073864,1.2873313,2.1681514,-3.3195777,-0.65160346,1.3024915,-0.1636895,0.97815216,-0.6743241,0.7301016
-0.4539253,0.45776236,-0.20608437,0.21434414,0.0233812,-0.2781304,-2.571724,-0.59739023,3.5822544,-0.9264977,1.2024211,-1.152657,-0.15812124,-0.54768515,-0.66332006,-0.08192482,1.2485491,-1.3712819,0.67350745,0.08056897,0.5439722,0.40306857,2.826283,-0.9752159,-1.0627964
0.28614092,0.20317946,-0.048534334,-1.18892,0.50835514,-0.24610513,0.46074024,-0.48175073,0.88562185,1.4738221,-0.40230948,0.66745967,-0.79310274,-1.6771988,-2.4713163,-0.10173717,-0.5570911,0.24083608,-1.7356048,-2.1192822,-0.22093487,0.979665,0.4432504,-2.0955763,-0.81131065
-0.81940126,0.12193378,-1.1588988,0.20868358,0.52824587,-0.61524534,-1.7407508,0.57042336,-1.198705,-0.28690994,0.06375748,-1.2364843,-1.5766225,-1.1015682,-3.3480344,-0.8467921,-1.2952101,0.4569409,0.41434053,0.19250768,-0.86677706,0.09885745,0.5703102,-0.0007442683,-3.4858313
-0.5380303,-0.6332774,0.5796869,-1.0386895,-0.6192424,-0.7118754,-0.29334837,-0.6598226,-0.64241874,-0.78213775,-1.0115088,-0.17439988,0.11778457,-0.6931334,1.2992526,-0.2600153,-1.8161968,0.84885144,-1.0520915,-3.0498214,-0.95763475,-1.8036944,0.059967697,-0.8785212,-0.13754052
0.23875907,-0.40958866,0.9495805,-0.26477128,-0.5022609,0.08261135,-0.21002442,-0.30789092,0.22086188,-0.3368249,0.8663983,0.22591048,-1.558248,-0.38857162,-1.8326075,0.9824545,-1.660029,2.0847023,0.74643564,1.6583744,0.67457104,-1.106091,-0.89760053,-0.5502036,1.1039597
-0.014598757,0.49650806,-0.52084243,0.8451421,-0.9731639,-0.6488234,2.1815338,-0.04132715,0.76677686,1.5343332,0.4361961,1.3193657,0.16561519,-1.4427007,0.7359352,1.8109665,-0.46900654,-1.2784886,-1.9841086,-0.02811122,1.367245,0.00080907345,0.648289,1.0735195,-0.620004
1.5684967,0.12830062,1.585168,0.6115918,-0.65853447,0.29236454,-0.99254143,-0.6437867,0.6233246,-1.2705661,0.3112613,-2.1623573,-0.26936638,0.13037074,1.3473575,0.07843506,0.60185486,0.15720534,2.006319,2.7809212,0.64470255,1.5005696,-0.6755052,-0.25766823,-0.5280514
1.7525835,-0.4215724,0.40759546,1.5043695,0.31916907,0.6927019,1.1795201,0.06869942,-0.32930318,1.8156887,-0.20318905,0.50897473,-0.034399867,0.7768012,1.3263313,0.61670357,0.37478852,-0.16042021,-0.058405668,0.39224207,-0.8713425,-2.1074057,0.27594626,0.5914406,1.613147
-0.014009476,0.36246246,-1.6327057,1.2183092,0.0780868,-3.2275615,-0.50732744,1.2523329,-0.25517124,-0.41276664,-0.71370304,0.3510896,-1.7421391,-1.3722907,0.97195804,-2.4158459,-2.1279905,0.023345768,0.543308,0.9555601,-1.9205223,-1.2948718,1.4180434,-0.510112,-0.9345123
-1.2644169,0.22759438,-0.17401116,1.6343176,0.17444322,-2.5946326,-0.9535953,-0.26043627,0.15906954,-0.19486684,-1.5998483,0.85607857,1.7267272,-0.25688612,0.28859526,-0.55325335,1.0822983,1.2832787,-1.4519238,-2.2538328,-0.99628174,0.21328014,-0.24087456,0.08793475,1.5074903
-0.22454874,0.03579428,-0.20255217,-0.67085546,-0.27456096,0.4710679,-1.085861,-0.6937068,0.73030525,-0.20178801,0.576228,-0.3407221,0.50994396,0.16789398,-1.414012,0.26469705,-1.7876451,1.7674073,-1.0148865,0.06619018,0.70674586,-1.3487906,-2.5390253,-0.914242,1.0018511
-0.2527454,-0.413077,-1.0865791,-0.9049597,-0.2263086,-1.8661194,-1.2473247,-0.12570229,1.0686128,0.07444909,-0.062294364,0.05439726,0.87194365,-0.96903443,1.0469872,0.6373469,0.813197,-1.8569956,-1.0197817,0.07774776,0.44550914,-1.5535289,-0.3754298,0.16234718,-1.0403919
0.8382938,1.1152754,1.4607817,0.02142781,0.22680569,-1.2159898,0.72670186,0.66858745,1.129451,0.09233397,-0.7150363,0.50958765,1.1633303,0.92716825,0.1857535,-0.36620337,-0.43948767,-0.15746483,-0.85037494,0.49911675,2.006499,0.022724628,0.6856242,0.4729265,-2.5597396
0.69418156,0.3473946,2.695016,-0.29704827,0.14866513,1.0318965,-0.95485884,0.33694905,1.5727072,0.57380587,2.8364797,-1.5644746,0.4829146,-0.5077263,1.8680861,1.1682382,0.38025507,0.28686,-0.32487762,-2.8344755,2.653808,-1.1047649,0.40396297,1.0311137,1.2392719
1.8846359,-0.26175702,1.5111734,1.061055,0.11710167,2.933536,0.06962562,0.35397407,0.2937277,1.1701186,0.5864389,0.25163132,-0.5098621,1.9556353,-2.046036,2.4106696,0.71039796,-0.11297122,0.73553973,0.58174086,1.6848025,-0.80170506,0.64287823,-0.77055156,-0.116081774
3.5610359,-1.1030691,0.07390815,0.82501113,-0.00529626,-0.41175622,0.20967907,0.39215153,0.16159579,0.24710119,3.2385077,0.6401835,1.2079,-0.64607644,-1.1504719,0.69042826,-1.9799649,0.9489585,-1.333285,1.1411412,0.022109091,0.09388566,-1.1815305,-0.630101,0.0859931
-1.599949,-0.008615583,0.3727279,2.0586002,0.124788396,-0.9643532,-1.5429192,1.8738325,0.25832638,-0.34676045,-0.41403323,-3.016893,-0.64994013,0.20502317,-0.6137848,0.43288973,-1.0996978,-0.11584808,-0.055147886,-0.78207964,-0.8375716,-1.1567622,1.6349875,-0.48998302,0.33458796
-1.2331357,-1.0952415,-1.0586121,-2.2497344,-1.8936536,0.9705659,-0.1380795,-1.1780182,-1.8092375,-1.5227939,-1.4076777,-2.1980672,0.1278015,-4.266837,-0.61599463,-2.9712858,0.94759035,0.011591375,-0.9656074,-1.43134,-0.2972896,-1.2275422,-0.5006051,-0.062071443,0.9684946
-0.734649,-0.99000317,-0.052754886,0.23139766,-0.3020592,-1.7108227,-0.03887096,-1.9195917,-2.1022243,-0.34518152,-2.4127824,-0.7863599,-0.4724179,-0.060262233,0.5070748,0.63448626,0.63979167,-0.30151042,2.6831992,-0.89075917,0.02306693,1.8729665,-2.3198402,-0.868904,-0.28700855
0.4540385,-0.121656865,0.5463002,1.9426668,-0.27000195,0.32227504,1.1554555,0.7392168,-0.582854,-1.6470368,1.3555785,0.14025545,0.068010375,0.3705197,-1.3122219,0.23235554,1.7019596,-1.0632678,0.80883676,1.2377739,0.95285696,-0.3023913,-1.1130992,0.68365383,-0.34749275
-0.7563672,-0.038518906,-0.3853034,0.765584,-0.1667164,2.375643,-0.9962753,0.16459578,-0.040255636,-0.16987655,-1.0861065,1.1729001,1.1206782,-0.124763906,1.2619925,-1.2373178,-0.8489782,-1.2442371,1.8892269,-2.5508041,1.3866872,-1.4842787,0.7297839,0.9580252,1.4141752
0.6928172,0.602433,0.28477442,1.1361808,-0.6477656,1.6706963,1.791626,2.1475902,2.9573224,-0.86412203,0.43869317,3.3273456,1.3282855,0.33167076,-0.36789507,0.6478544,-0.13725209,-0.12439726,-0.21003649,-1.5662024,0.94794834,-1.6669521,-3.1412904,0.28836557,2.1575844
0.43285966,0.27183676,-0.5171319,1.3703507,1.343052,2.531859,0.66056895,0.3492112,2.4103966,0.6179569,-1.4313035,1.3096099,1.6633582,-0.05929017,1.504076,-0.17612243,0.7124202,-0.37616557,1.8222975,-0.41030967,-2.666785,-0.429896,1.2220892,-0.86920935,0.5305662
-2.1841664,-1.4354591,-1.5369037,-0.23738934,-0.9227967,-0.7984325,0.006212255,-2.0579927,1.564005,-2.0407221,-1.1961744,0.12706497,-0.46295965,-0.41315174,-0.9911866,-2.5590634,0.94932437,-0.5871308,1.0310233,3.1775956,-1.6488488,1.7317998,-1.9680355,-0.24611403,-0.90295154
-1.7865825,-2.4492662,-0.45485747,-0.24720445,-1.4669316,-1.7980416,0.67767805,-1.8930519,0.55909646,-1.0912962,-3.0917578,1.1648681,-1.1116997,-1.8600651,1.2070878,-3.143984,-1.045642,0.08400679,0.107729375,-0.8854512,-2.1207433,0.7956096,0.12460342,0.008167267,1.5783321
-2.151755,-0.71154153,-0.7587388,-0.59581727,-0.32971925,-0.15337825,-1.5485215,-1.2665979,1.1210082,-1.3108255,1.2305043,0.23103565,-0.7188685,-0.21223624,-0.66891843,-1.3793902,-0.36356068,1.2351439,3.5797148,0.4198421,-0.64401484,1.0588958,-1.6153841,0.53712904,0.42064172
0.113122284,-0.5865692,-0.8124079,-1.3401089,0.5782285,-0.25339633,1.3869038,0.027893692,2.4878862,-0.105534896,-1.9347304,1.2325816,-0.3726028,0.50045025,0.25497591,-0.37738976,-0.08023614,-0.02576676,-1.3958992,-0.13592315,-0.5824659,2.156078,0.073586404,0.20176011,0.59287447
-0.25811225,-1.0396389,-0.40908128,2.2818651,0.009637445,0.92008823,-1.4330336,0.0367129,0.047863007,-0.124661595,-1.2573907,-1.0742059,0.30739576,-0.064416826,0.9852272,-2.0889857,1.3756064,3.0672717,-0.15694329,0.5961849,-0.5276722,-3.1263082,-0.5367213,-1.6618657,-1.6456245
-0.71326494,-0.45519376,-0.45791474,0.7326563,1.1912296,2.245785,0.77579635,-0.76783866,0.29366034,-0.63709986,-3.769803,1.2391193,0.46306172,0.05669421,-1.5712298,-0.5228838,0.7007268,1.4544395,-0.83363765,-0.55381393,-1.3296075,0.16074029,0.1268653,-0.39706466,2.3852756
1.2189709,1.5471277,-0.7964796,-0.45885092,1.928969,-0.86717355,-3.287984,1.440819,0.99877226,0.37181014,-0.5145881,-1.6294843,0.06781879,1.3692062,-0.05761969,2.214546,2.1753194,-1.0433989,1.5052369,2.7899632,-0.014766365,-2.0579894,1.6557374,0.3146381,1.6091988
-1.1701696,-0.5662369,-0.90495014,1.6724328,-0.58708555,-1.7215523,2.353964,-1.1358202,-1.2836621,-0.17870468,-0.8851001,2.5924838,1.1017464,-0.46525463,1.3329854,0.90234315,-1.0077771,-0.114129245,-2.4401062,0.54511017,-0.03512314,-0.6575493,0.12200481,-0.84527063,-0.082305886
0.16212198,0.08136046,0.5369538,-0.39306095,0.6122175,0.5785217,-2.5808964,-0.09331374,0.5588998,0.5051327,1.1420163,-1.8268399,0.6591778,0.10779634,-1.4220519,0.81437033,1.6755614,1.0604337,1.8801312,4.6932607,-0.056297302,1.4603548,0.30492568,-0.16128981,0.19910541
-1.9415072,0.560988,-0.060708538,-0.02657469,-0.09088023,0.43413612,-0.86381245,0.57982194,-0.07012076,0.58595014,2.7147746,0.37381506,-1.4508934,-0.4284379,-0.56434596,-1.3652467,0.54671544,0.12924677,-2.8003974,-0.07468033,-1.5077103,-1.5708687,1.2038344,-0.29066676,0.9117219
-0.18915379,-0.22015491,-0.4342875,-1.4561476,0.39455837,-1.8443587,-1.4583416,0.4283342,0.17364067,0.07757899,1.0029995,0.82836056,-0.73823446,0.37160873,0.0011361837,-0.25294223,1.0019954,0.9660121,-2.8615823,-2.5404217,0.67061454,-0.74224627,1.555616,-0.45999217,-0.39842805
0.25563654,-1.0877066,-0.5984248,0.28706923,-1.0523206,2.450972,-0.7230287,0.025772631,0.26792282,-0.38326132,1.154478,-0.76877224,-0.4955845,-0.28611532,-1.4185623,1.6661681,-0.01652354,0.091988325,-1.490263,-2.0884533,-2.7488787,0.10585797,-1.247023,0.038858917,0.084922284
-1.288052,-0.96973985,-1.3603503,0.39892942,-1.7471459,0.3866635,-3.2877371,-2.198068,0.25180185,-3.2547932,2.4139605,-1.7759866,-1.9412837,-1.0896554,-1.3711677,-2.069131,-0.9559264,-0.9344104,-0.8998128,5.120724,-0.96420527,-1.7216672,-1.8100083,0.07224813,0.68367815
-0.8917408,-0.72630286,-0.23435439,-0.080312476,-0.18430611,2.0158553,-2.233461,0.006593555,1.0497837,-0.7588712,-0.038622618,0.25259954,0.6912713,-0.28383237,1.3398775,1.0980223,0.16226602,-0.3081169,-0.47897688,-1.9154481,1.3026809,1.6858813,2.1017952,1.6527525,1.585236
0.75773686,-0.091603175,0.71392477,-0.40866128,0.22116648,-1.1528559,0.96806955,-0.045933537,1.9440855,-0.4588819,0.28720585,1.1658542,-0.44325405,0.1037519,-2.3969283,-0.57720804,-0.04317224,1.048897,-2.6172118,-1.6645215,0.45639527,-1.9388528,-1.2847854,-1.5250499,2.3060067
-0.84988266,0.16695839,1.418854,1.4988259,0.45755193,1.3544941,-0.3455319,-0.14531904,1.393964,-0.06585264,-1.9098302,1.5447341,-1.3107548,-0.5279894,-0.61549556,0.6442739,-2.0371451,0.79107666,0.15869558,-1.1583258,-0.6342354,1.2849393,-0.89376336,2.036271,0.51475126
-1.2434072,-1.2699394,-0.079915635,-0.12200889,0.07445031,-0.5390504,-1.6072059,-0.06163961,1.6068174,0.30199134,-0.63356745,-0.42229784,0.24149075,0.6725419,-0.81476927,0.43463805,0.94862753,1.2093695,-0.6474333,0.94017017,-1.1192864,-2.4631054,-0.48953822,1.1129197,0.6543573
-0.5074808,-0.16142228,0.022092924,-0.8390684,-1.5057542,1.6908671,-0.45262557,-0.7667105,-0.050504595,-0.16274147,-0.36468467,-0.74644184,0.038903713,0.0039951205,0.7103038,0.19238055,-0.044698313,-0.09900375,-1.9425725,0.39422488,1.0420971,-0.5186981,-1.1125047,0.03402081,-1.0599703
1.0235908,0.59142226,0.093123645,0.005530987,-0.36080757,1.0867085,-0.41997856,-0.12398994,-0.5755879,1.0825694,1.0529726,-2.4032226,-0.04655715,0.3060602,-0.61593515,2.2254019,1.8756342,0.7359128,-0.26994252,0.7037477,1.8109838,-0.4145695,-0.40367064,-1.3141333,-0.90292907
0.9369831,0.264729,-0.2839848,-0.006442815,-0.48253033,1.8403573,0.32996166,0.5415866,-0.4401856,0.25894034,0.35126746,-0.3997426,-0.08572094,0.277076,-0.87609065,2.3198004,1.2533208,0.4315452,0.5308794,2.8819857,-0.74942696,-0.30792093,1.602103,-0.63815147,-0.31561407
-1.428145,-1.2456598,-1.0812973,0.54908204,-0.04428661,-0.47426322,0.27388155,-0.096245825,-1.6545956,-1.2659096,0.21330975,1.5775344,-0.12765616,-0.1660989,-0.16425699,-0.39873102,-1.3987293,1.2526984,0.054570347,2.2908218,-2.0695071,-1.4591656,0.78594136,-0.87535775,-0.7428656
-1.8948187,-0.84165573,-0.22519745,-1.9238936,-0.8704365,-1.228867,-1.1981348,-1.2640451,1.7179961,-1.9867325,1.2047844,-0.3989882,0.46866834,-0.44927403,0.9597771,-2.4127412,-2.158531,0.5769141,1.2356243,3.472803,-3.8586934,1.335871,2.8750699,-1.0603127,-1.7191526
-0.73690414,-1.8690981,-0.7083819,-0.58322394,-2.6106124,-0.53156304,-3.043254,-1.5143732,0.5361729,-1.5900203,-2.4301474,-0.01959601,-0.11221023,-2.1054082,-1.6405432,-1.6734734,-0.55738246,0.63313276,0.6702546,-3.7672858,0.73817563,0.7200253,0.51206756,-0.8605013,-0.72406495
0.78728306,0.02989173,0.27921903,1.0364242,0.95258564,1.3590355,2.3419747,1.2074001,0.8961003,0.34969953,-1.3038596,1.0752699,-0.142687,1.1250632,-4.7177424,-0.0044477284,-0.5002382,0.54440165,-1.743569,-2.348651,1.248,-0.4608481,-0.21695721,-0.17367932,-0.45058906
1.1130245,-0.2017372,0.21110502,0.3626958,-0.31807792,0.6127925,-0.3807176,0.64795506,1.0445408,0.022443831,-2.2847526,-1.6556582,1.5041144,0.14684303,-0.55817616,0.5636618,-1.2289184,1.057218,2.553249,2.3047338,-0.22501957,4.699104,0.432137,1.2327614,-1.6553675
0.063851595,-0.00725805,-0.62932765,2.7237737,0.2834064,-1.2965034,0.25184673,-0.40373594,-0.47648716,-1.0551506,1.0306256,1.6396307,-0.8922224,-0.012582894,1.165448,-1.0925361,-1.1276383,0.112357736,-0.15452331,1.5804317,0.0022134185,-1.2618868,2.2664702,-0.60014534,0.406003
-0.003015576,-1.6231263,-0.09447413,0.63601094,0.2250856,-0.85435206,1.8642511,-0.5152286,2.0797272,0.7690224,-0.85513365,1.6640376,-0.54266304,-0.29690468,-0.65398985,-1.243427,-0.04588172,0.038559377,-0.695764,-0.4026909,-0.6677864,0.8539105,-1.7831838,1.7776756,-0.5332603
-0.33150786,-0.3084854,-0.28040355,-0.8209259,-0.42158026,-1.3511947,-0.39279753,0.34530252,0.57126075,0.3515767,-2.173741,-1.8855164,0.47658426,0.057498895,-0.19149822,0.7177568,0.04760468,0.17933957,0.7915393,1.4530662,-1.6842546,1.0391221,-0.9874615,-0.45711026,2.4167714
-0.5751071,-0.90573514,-0.75513667,0.032847464,-1.2930857,-3.3679647,-1.7411029,-0.20970473,-2.6371424,-0.5992031,-1.0886171,-0.24628523,-2.0045033,-0.953073,0.7936814,0.92566943,-1.0904627,-0.94660157,-1.0564116,4.581381,-0.48511058,-0.25305825,1.8642142,-0.9234062,-1.747531
-0.9808974,-0.5347153,-0.055059314,1.695754,-0.42767733,-0.5089997,0.6044471,0.016637504,1.2846359,-0.069069564,0.15964714,0.67616034,-0.2885641,-0.17811431,-1.440529,0.042681277,0.10604244,-0.09811616,-0.89062744,0.8645135,0.27045268,-2.7742186,2.8646364,-0.60703766,-0.18556556
0.8538742,1.4030044,0.31617832,0.4494695,-0.0009807348,0.38433945,-2.1483996,0.8621471,0.6723355,0.21009755,0.7303042,0.038173474,0.81297517,0.7829439,1.2197406,0.466793,0.053645164,3.064787,-1.039166,-0.4602579,0.6153673,0.86058295,0.465254,1.7415938,-0.53448313
-0.46148467,1.2059762,-0.04250837,0.10432567,0.6568056,0.40405828,-0.4061641,0.20272362,1.5567404,0.55056214,0.4973789,-1.1455755,-0.4417362,0.39826587,0.57194126,0.7598258,1.2000792,0.58316195,-2.7458568,-0.54572,-0.87065893,-0.86536944,-0.05371678,0.45362458,1.0460541
-1.2846372,-0.09746484,-0.25261912,-1.8501444,0.37502,2.1981146,-2.6023765,-1.9195316,-1.4861724,0.26263177,1.137957,-1.6429259,-0.15335909,0.16169839,0.6368546,-0.18794861,0.31426767,1.390446,-0.7643806,2.2400413,-2.5352623,1.2862451,1.2273204,1.2101445,0.7617907
-0.77827454,0.42852867,-2.4937036,-1.5351294,-0.66337144,-3.4445093,-5.017173,0.16207653,0.48856062,-0.624085,0.7211949,-1.8218302,-0.25476962,1.7336015,1.5662571,-0.12379092,0.6910788,-0.47661906,-0.46849036,-0.7550974,-2.83182,3.6575816,2.2050705,-0.3679183,-0.18574648
0.23317704,-0.25734276,-0.15870717,0.7305063,-0.32289532,-1.0253601,-1.7143097,1.8866012,-0.07559562,0.28102615,0.31925476,0.16875637,-1.6878203,0.022935979,-2.0519917,0.5334544,-0.19760543,0.6578114,-2.6504376,0.023492754,-3.3149872,3.113772,2.3014162,-0.07824047,-0.25125542
-0.96464413,-1.2039826,-2.1195135,0.1898707,-0.7911897,-0.16196483,-4.1047463,0.100156665,1.0310614,-0.49306303,0.13526016,-2.7196388,-0.42153817,-0.0228768,-2.1519232,-1.6615596,-1.6332624,2.0789554,-1.8742352,0.7053598,-2.325159,-0.88204014,0.07818812,1.1631255,1.1303942
0.61770356,0.12584582,0.39182213,-0.3177995,-0.70927536,-2.1671515,-3.1234517,0.24765652,-1.3845539,0.4308352,-3.5479615,-1.9428432,-0.666595,0.39054662,1.0707814,0.60389316,-1.9431603,1.8729117,-1.1195502,-1.036372,-0.07172322,1.7214153,1.63669,0.46717513,1.715364
-0.17957142,1.0732911,-0.5206012,1.7848501,0.21422116,-0.25300744,-0.004625082,0.28904802,-0.08097851,0.83760476,-1.0602577,1.0090545,0.669979,-1.2625158,-0.7732914,-1.6822755,-0.47421485,-1.14015,-1.9622748,-1.5352896,1.1024585,-1.1630585,1.8418317,-0.20186478,1.6517274
-0.19229981,0.5404086,0.8926338,0.30286622,-0.24997252,2.9289603,-1.7220869,1.1025887,1.3275357,-0.6534684,-1.3255844,1.2827947,0.14353615,-1.172023,-1.0581101,-1.0089518,-0.19314325,0.10007231,0.584993,-1.9496982,0.33273077,1.5338458,0.009664547,-0.7195197,0.5579461
-0.26615968,-0.6004521,0.0613444,0.613415,0.025943816,0.25344878,1.1569525,-0.39418036,2.329688,-0.33485335,-3.2001603,0.829065,0.41205227,0.8824314,-2.9127972,-1.3258005,0.36154437,0.04072714,-2.4885643,-0.731063,-1.3199059,-1.3931141,-2.9813595,-1.3321899,-0.47709706
-1.3343103,-1.1389731,0.35940284,-0.75584066,-0.9758089,-3.4121678,-2.6336045,-0.3264656,1.4218096,-1.1021618,-2.8694963,-2.9734216,0.5455544,-0.1940119,-0.8486376,0.28729683,-2.8649573,-1.4213179,-0.8036123,1.7637646,0.70588213,-0.6263554,2.3213224,-1.4511753,-0.98922586
-0.60930055,0.50285465,-1.1169683,-0.19279513,-0.10019367,2.5490968,-0.7606891,0.1500981,-0.02445209,-0.42119133,0.12167871,-1.9355446,0.36172244,-0.0796697,0.9110981,-1.7738236,0.6703931,0.010780215,-0.27121726,1.5725191,-0.63804454,-0.65008605,1.9195788,0.009926528,-0.29234552
-0.124771096,0.20825455,0.41792098,-0.9757003,-0.43680215,-1.4882402,0.15225938,-0.25915006,-0.44111082,-0.694996,-1.678112,-1.3123059,1.3076413,0.82349265,-0.8041113,-1.0328685,-0.9317987,0.5797467,0.30367374,-1.7680559,0.53087366,0.95549405,0.0065515935,0.1125215,-0.2925651
0.38499948,0.5662022,-0.08353537,-0.4953461,0.09929231,-0.73229337,1.6867067,-0.15669268,-2.5357382,2.080326,-0.47763342,0.3633179,-0.3127392,-0.72658247,-1.2867107,1.3968523,-0.94616294,-0.9403882,-0.18126447,-1.1773045,-1.3066679,-0.33908424,-2.0430892,2.5656576,0.24559999
0.36698884,-0.08439961,-0.33652195,0.093272954,-0.14020228,-3.328278,-0.9301305,-0.37480718,-1.5359118,-1.0222037,0.650825,0.88642204,-0.6144748,-0.68258303,-0.05704719,0.30408522,-1.1167086,-0.06180504,-0.08365771,4.0611453,-0.95877683,-2.0815413,2.2589338,-0.45681798,0.43519616
1.0573376,-0.3518606,-0.2173004,0.8139336,0.79845005,0.26886693,1.4384104,0.2725449,0.8904467,0.5207356,0.1863938,1.2925992,0.7114531,0.7543832,0.4499977,-0.32579112,-0.8350645,2.4921916,-0.72967196,-1.4487547,0.44866028,-3.2601967,4.6743593,-0.97140306,-0.92965025
0.66783565,0.4389858,-0.47134414,2.324662,-0.4376247,-1.1984799,1.5084147,0.9436594,-0.99732363,0.35872146,-0.5018764,2.0584795,0.790499,1.683376,-1.8090407,0.2247644,-0.9237336,1.0051744,-0.34215844,-0.13834792,0.561522,0.48556197,-0.75570595,-0.5272868,0.45613337
1.0152339,0.413025,0.10527824,1.4198076,0.11038412,1.2374945,-0.40543965,-0.6529651,1.7764478,-0.01813189,-0.1893484,-0.058107078,-0.10941881,0.2811691,-1.9845067,-1.7287955,-0.99907637,0.30419704,1.425296,0.10316455,1.7923989,0.15363261,-0.9934732,-0.8747584,1.8666812
0.2400054,-0.004920602,-0.33508408,0.9904159,0.10164059,1.977911,2.7438543,-0.24595076,0.084173724,0.32141882,-3.076981,2.4468553,-1.0893803,-0.76620305,-2.0629673,-1.0249138,-0.9315066,-1.0045604,0.9196456,-0.97700536,-1.013201,1.2613505,-1.2843723,0.53003174,-0.60447097
-1.4814861,-0.2588729,-0.70060426,0.6501733,-0.05611754,-0.80193615,2.4856257,-0.6846299,2.1885705,-1.2029886,-1.2624505,0.6018453,0.9576478,-0.039841577,-1.3791101,-0.8194228,-1.8772014,1.9303828,0.90528,-0.14078623,-2.0202036,-1.3799416,0.11446035,1.490691,1.2045904
0.20546892,-2.4514825,-1.3299024,-0.771285,-0.68305427,0.5267483,-0.32838553,-0.70223916,-0.17848177,-0.28974947,-1.4567063,1.5788363,0.6665448,0.08243275,2.9197354,-0.45467973,0.1350719,1.5289421,1.6687428,1.9590621,0.8891971,0.31295496,-1.7317874,1.7227056,3.0294037
1.5170162,-0.012595177,0.49040806,-0.36516207,0.8151067,0.14396618,0.6080754,-1.1037624,0.7387393,1.1938579,-0.5986142,0.33412248,1.5654281,0.8888329,0.46349287,-0.33850104,-0.85922086,-0.5107571,1.0241086,0.05055029,-1.6477079,0.39594698,-0.22302833,-0.7408257,1.2245524
-1.7151523,-2.2886877,-1.4396282,0.59605676,-1.3671458,-2.1009922,-2.4761631,-1.0859683,-0.6336076,-0.72575706,-1.442797,-0.447024,-0.9192513,-2.215123,-1.9211174,0.1404655,-0.6955919,-1.4769632,-2.0896354,-1.2580643,-2.7263563,-0.8991352,-0.35878563,-1.1711457,-0.6381552
-2.5869644,-1.6232065,-1.2416471,-0.8477044,-0.74829495,-0.31050253,-2.6932235,-2.155771,-0.08001612,-1.7680292,1.4446604,-2.2023056,-0.76703846,-1.5581229,-0.9941522,-2.1929016,-2.0956633,-0.070688486,-1.6259679,1.7513537,-0.6619657,0.25210315,0.34035662,0.057155482,-0.85528725
1.4277456,0.81524754,-1.1961756,-0.83974785,-0.46674094,-0.3907074,-1.5509876,1.0132067,0.13571903,-1.5587827,-0.3477984,-1.1659874,-0.48987982,0.031924434,-0.2628653,-0.11097787,-0.40278772,0.6479278,0.3576855,-1.6320267,0.7263036,-0.5948579,-0.21282429,-1.8293575,-1.2992699
1.4694215,0.71647745,0.6819235,1.7906351,0.1529311,2.2779775,1.2527518,0.36376545,1.1981161,-0.5766522,-1.0301764,2.3403492,-1.3596019,2.2033372,-3.118771,1.3179612,-0.6735551,0.059916377,-0.54525125,-0.67554265,-1.937622,-0.2002277,0.2692939,-1.6941276,-0.8524668
0.14142746,0.4144296,-0.8201243,-0.120959476,-0.53263974,-1.3088136,0.7341129,-0.36900747,1.5334523,0.57481474,0.1709984,-0.7240685,-0.60871136,-0.185422,-0.98745936,1.2973589,-2.7743816,-0.11022673,1.3400447,3.4111319,-0.6738814,-1.2509717,-1.893075,0.021284997,-0.12450351
-0.9071712,-0.6156452,-1.1052197,0.22693384,1.2108369,1.3930876,2.0695312,1.3283203,0.4000629,1.5263358,-1.5593103,1.3825779,-0.23689531,0.09473431,0.18021816,-1.1987904,0.3380212,-0.37081853,1.3063141,2.5398715,1.341699,-1.0452831,1.1951342,-0.212572,-1.091621
0.00041636825,-0.16558653,0.28076842,-0.5825378,-0.3976599,-0.17045897,2.0748281,0.11178802,0.28797513,0.7883858,-0.14935838,0.20490754,0.85588354,-0.28324926,0.0077108145,0.16155252,-0.15286154,0.6815955,1.2819055,-1.3438494,-2.0967774,0.8184913,0.6571678,2.2982273,0.5248014
-2.7727537,1.1441321,-0.84096086,-1.224796,-0.42465055,1.7248107,-0.42855227,-0.13881272,-1.4142592,-2.191424,0.68715465,0.40401372,-0.5084258,0.05451989,0.864445,-1.2393868,-1.4682252,-0.14263006,0.36854953,3.7327118,-2.492318,-1.1178966,-1.1693002,-1.3008522,1.0655596
-2.5874388,-1.6441681,-0.35541415,-0.9627934,-2.145178,-2.1411939,-2.1073945,-0.25160062,0.56540376,-2.3754907,0.27492398,0.10362695,-0.9267428,-0.9716209,-0.25435352,-1.0770687,0.977544,-0.96543515,0.65929574,-0.34306914,0.494358,2.1379611,3.8703082,1.3281155,-0.5048614
0.7062966,-2.2063437,-1.0776088,0.99764234,-0.7629665,1.0950797,1.4646409,0.97273946,0.72547734,0.42326358,-0.35384575,1.8582838,0.45036864,-1.4390857,-0.93409336,1.1335162,0.66756296,0.7835455,-1.4121053,-1.4811593,-1.3583845,-1.806697,-0.05668523,-1.0213766,-0.6384714
-2.6660218,-0.46730837,-1.2174339,-0.2712002,-0.45337743,0.33178744,-2.0661497,-2.2096565,1.0003786,-0.23222639,0.6116499,-0.526796,-0.30404168,-1.4562045,-0.2923038,-0.77936935,-0.748821,0.6250956,2.078966,4.667364,0.91279185,-0.17106485,-1.0781063,2.3368819,-0.91577053
-0.27448857,-0.13131717,-1.3776989,-1.0790491,0.72050107,-0.27081922,0.6609117,1.1487126,0.86735374,-0.37138247,-0.21343374,1.8512974,1.403304,1.1763865,1.7007442,1.1430007,1.5477439,-0.8630667,-2.2820318,-1.7763047,2.4961414,-1.041874,2.0950952,0.6043035,1.6444817
1.1194268,0.35334185,1.1279967,-1.3015497,-0.27056205,0.17291117,-3.4796925,1.2860116,-0.056539454,-0.25237554,2.0252771,-0.5257665,-0.7370273,-0.86702174,1.0044159,0.58108675,-0.6069086,1.0954201,1.7562394,-1.4600465,-2.1723464,3.1377678,0.6922244,0.79078937,-0.480844
-0.17910212,-0.27151865,0.72405905,-0.64511657,0.053424597,-0.18404806,-0.11263114,1.4466636,1.5829513,0.5456737,-0.3922072,-0.49183363,0.058800757,0.74275154,-1.5713048,1.3017777,-2.4413812,1.2345486,-0.65114474,-0.57588625,-3.4415207,-1.5627233,0.3535928,0.8915267,-1.4039036
-1.6854147,-1.1535599,-1.1499076,-0.29979846,-0.8306081,-1.314535,-0.8971552,-0.6623695,0.31388623,-1.1708592,0.31678677,-1.0777199,-1.0810347,-1.7640138,0.92729115,0.72785324,-1.7434208,-0.082853585,0.5367002,4.692463,-0.5924588,-0.55500305,-2.3299305,-0.46316388,-1.5244552
0.5009232,-1.779063,-0.32927647,-0.51412207,0.047326937,-1.064508,2.133439,-0.54309726,-0.055438697,-0.95723945,2.1062078,0.13346481,-0.39544466,0.37532467,2.327312,-1.1843755,-1.3639491,-1.2092643,-0.13995953,3.016358,0.6032265,-0.014636606,2.5061102,-0.0072072893,0.25962752
1.905942,1.2941827,0.36715803,0.2679904,-0.84176534,-0.2879787,1.2035885,0.61812377,-1.5216243,0.6976092,-1.4809003,1.370895,-0.5158996,-0.3784694,0.00076520443,0.50972366,0.42091617,1.2620378,3.6669478,1.8492144,-0.93338466,3.46876,2.358738,0.3338405,0.25682145
-0.84671336,0.0014259815,-0.8348367,1.5295033,0.009135976,-1.9777884,1.103322,-0.19706765,0.6076834,0.90125597,-3.0660949,1.807177,-2.628988,0.7058855,0.62329394,-1.261713,-2.1177614,-0.5308094,-0.13469367,-2.6891549,-2.4212327,-3.9374647,0.33240473,2.17969,0.34832022
-1.9636743,0.24642274,-0.11436989,0.3654843,-0.3644812,-0.7871653,0.6352299,-0.71374303,-0.20407327,-0.23397627,-1.1511037,0.88216996,0.09290701,-0.090925515,-0.1837107,1.22696,-1.53346,-0.94287694,0.86203986,3.0379715,0.18761575,-0.88252723,-0.5541141,-1.3025336,-0.97582823
-0.33914095,0.340564,0.39221716,-1.0411718,-0.24925236,0.39912134,0.8592845,-0.4371077,0.6201972,-0.018568356,1.7225966,1.6302208,0.3053647,1.155243,1.1402564,-0.35101837,1.5669956,-0.6612128,1.2400684,2.1097066,0.10890305,0.46257448,3.4375315,1.01636,-1.1913309
0.6920249,1.0588288,0.122573614,0.33320665,0.21757305,-1.3569888,1.4656149,1.2694077,-0.058812983,-1.2573562,-0.07325679,0.7230327,-1.7176439,1.2779647,0.71796167,0.52474296,-3.9453604,1.3686565,-1.5519646,-1.2209299,-1.6813064,1.7511307,2.6817055,1.2478088,1.1335325
-0.7297206,-0.44164532,-1.9785033,0.4535665,-1.448531,-0.3083465,-1.0489242,-0.7314578,-0.34809735,-1.1424788,-0.8818209,-1.0777404,0.10702765,0.6417167,0.853048,-1.2694583,-2.1848412,1.0847034,0.388741,2.3766475,-3.2971578,-4.4506435,1.2243621,0.026242621,-0.32290715
-1.014161,0.026964664,0.3642153,0.5971942,0.29833937,-1.7376622,-1.6793259,-1.8046796,0.98998713,-1.2541127,-1.2851158,0.8103887,1.2323339,-1.1248438,1.230915,-0.5076015,1.0805631,1.873067,0.029830217,-0.32885504,0.9425753,1.9732507,1.2846211,-2.1994572,-1.1332268
-0.57145613,0.48284802,1.5317224,0.6086882,-0.35427594,0.7902801,0.2311691,0.82987607,1.9769189,-0.5842972,0.13344182,1.1592938,1.1229382,0.27886552,-2.1181746,1.6151415,0.16928512,0.9938129,-2.6930795,0.00053060055,-2.6421843,-2.4538994,-0.55648166,1.0921768,-0.8461081
0.42687196,-1.287808,0.22786844,-0.26708472,0.9994452,0.753097,-4.204354,2.2925339,1.1023804,0.3003339,0.002192378,-2.788118,0.31116563,-0.77536106,1.4761261,2.3802614,-1.1356133,0.73447394,-0.30568027,3.2760952,0.28975058,0.62701285,0.25427833,-1.6484861,-1.0599703
0.56284523,-0.7933168,-0.15215392,0.43073666,0.15888366,-0.33798155,-0.9051882,0.27000117,-0.56050307,-0.38204896,1.2317842,0.49620327,0.043125957,-0.65789276,-0.4193676,-0.024092436,-0.14669403,-2.3396106,-0.48004732,1.999015,1.6706526,-0.46609414,-0.33322954,-0.40130782,-0.52113783
0.13505024,-0.50368696,0.7780827,-0.9091191,-0.09516615,-0.9491988,-0.8292845,0.4170576,-1.8346204,-0.11407995,0.092251725,-1.6808897,1.6684736,0.61299103,-1.224016,1.1495495,0.21249783,-1.1412847,-0.7050531,-1.2652779,1.6900486,0.0638338,0.32668447,-0.5226325,-3.006577
-1.4909899,0.025437057,0.298143,-1.1174623,0.097026676,2.985812,-0.80749387,-0.0383009,-0.5287046,0.5319555,1.7226247,-0.412252,-0.5178114,-0.72052866,0.76745194,0.969174,-0.46690425,-0.012823731,0.3288112,1.9984303,1.6966804,-1.7137172,-0.40568838,1.0755363,1.5570245
0.29324257,-0.5447723,-0.19091281,-1.4143898,-0.053482383,0.40135556,2.1028187,-0.2823998,-1.1673143,0.6423173,-0.032218724,0.9008877,-1.1805059,0.41986516,-0.46346164,-0.37287033,0.64060605,-0.26157522,-0.020857632,-1.2341112,0.22654966,1.9615673,0.08449149,-0.71815073,-2.3685179
-1.0221386,0.046383433,1.168148,0.79443276,-0.1665189,-0.8833682,1.8009254,1.0014342,-0.17533901,-1.3765341,0.73173195,-0.89047736,-0.36002415,-0.28277123,-2.4646618,0.41743258,-0.060866624,1.1793482,2.6463516,0.13677402,-1.143623,0.7365321,0.6368117,0.28597987,-0.21742162
-0.8407446,0.62675714,-1.1935469,-1.3179629,-0.19278254,0.030490115,1.5672983,-0.87999535,-2.2423496,-1.188619,-0.9708071,1.719341,0.5861971,0.36312371,-1.4044943,-0.46599394,-1.1101036,1.07219,0.7050892,1.1043506,1.1417551,-2.6004167,-1.1446145,-0.92224824,-0.5052609
-0.19582069,-0.47221807,0.5950172,-0.4029966,-0.14112316,0.79342014,1.0854735,0.48486343,-0.15605032,1.4298711,-0.54138714,2.2795005,-0.4624074,-0.15562072,-2.337107,0.3802629,0.10398452,-0.55129457,0.71307564,-0.66225827,-0.34329596,2.4443083,-0.34502214,1.6153593,0.32656926
-0.33399287,-0.5666458,-0.58021766,1.2257452,0.2901437,-0.705564,0.011001408,0.41812474,0.24244797,0.20906629,0.86614794,0.10520458,0.37982088,-0.0694208,0.50203305,-1.2428224,-1.0413581,0.41632816,0.03776198,0.9309207,-0.17660892,-2.6884131,-1.3720254,-1.0960138,-0.7629031
1.0528424,-0.058978885,0.31755996,-0.38124955,-0.73921156,1.877466,2.604624,0.40728575,0.9756501,0.23563528,-1.803077,0.36434376,0.016541481,-0.13058189,-0.5078896,-0.5394638,0.3044129,-0.9065979,-1.1780273,-1.2955437,-1.0287637,2.6579688,-1.252729,-1.2859317,0.43588036
3.3951108,-0.11352266,-0.790408,2.0636606,-0.018551648,-0.94575346,0.036762834,-0.2776361,-0.7389791,-0.86031055,-1.5304383,-0.18820131,0.15005514,0.792833,-3.2856925,-1.6444778,0.5996827,-0.45244178,2.4095554,0.9632348,-0.07591903,0.7042817,-2.1920595,0.54915375,-0.12311514
3.2105067,0.69226635,-1.0570629,2.5180647,0.844308,0.2293801,-0.4275298,0.98092973,-0.3571195,-0.68927443,-4.8103056,0.9377939,0.26291078,0.09111357,1.0560057,-1.9796624,-0.91156816,0.13088435,-0.30896237,-1.5932801,-1.1866995,1.6894357,0.7927714,0.051191926,0.25069952
-0.62361085,-0.8651593,-1.194851,2.8947608,0.019797385,-1.9629897,-1.5194019,0.19406769,1.1494371,-1.5787313,-2.1833737,-0.6921098,-1.4112829,-0.09539819,0.26032552,0.78317964,-1.2593973,-0.8779257,-0.80612075,-2.6489856,-1.0927901,0.18821788,2.688093,-2.427417,-0.3861574
-1.2981231,-2.4052856,0.0033301115,0.5480817,-0.09894353,-0.27335024,-0.65214795,-1.3021283,0.936664,-0.042661577,-0.9829892,-1.1569948,-0.918809,-1.08863,-1.555902,-1.0060492,1.0421425,0.91028464,-1.8996632,2.914444,-0.364761,-1.407659,0.98172784,-0.17974728,2.3276184
-0.4589392,-0.15289357,0.23611073,-0.37833488,0.8096166,2.4088578,-0.9371159,0.09856576,0.68345463,0.758219,0.9473049,0.3333382,0.5063205,-0.52691954,1.9952252,-0.79354155,-0.49144197,-0.6764219,1.0694146,0.9351043,-0.1744496,-0.18621466,2.2546563,0.7020224,-0.29732734
1.260806,-0.04800445,0.39374858,-0.25162017,0.9128642,-0.21733421,-0.18263209,-0.0947133,-1.8105052,-0.68048227,-0.6080485,0.0034755766,-0.2641601,1.3248539,0.73657185,1.2440164,1.8977606,0.36275536,0.035038143,-1.003932,2.8542705,-0.013055146,-0.31041676,-0.36191124,-0.50871575
-0.6172551,-1.2367498,0.35663533,-0.12726778,-1.2030815,0.287867,-0.10982117,-1.1572075,0.5208986,-1.581225,0.5174937,-1.2229578,-1.6370561,-1.5520228,-0.3510383,-1.4513294,-0.20299265,0.13782294,-0.66090953,1.2625076,-2.1233451,1.6685756,-0.00697276,1.3547863,0.34141752
-0.97486067,0.056394994,-1.1345886,1.3950276,-0.5072028,-1.4509948,-3.031038,-0.805628,-0.30390003,-0.70533234,1.0001458,-2.9882455,-1.5689569,-0.008780867,0.586351,-2.4052367,-0.50165844,0.34706393,0.9187437,0.23076336,-3.8759766,-0.65396404,-1.9192743,0.32024002,1.0172293
-1.525173,-2.8450837,0.32406017,-0.33325005,-0.6777314,0.80435246,-0.91564935,-1.8545163,-0.07251613,-2.1876802,-2.5376704,0.002543494,0.19248532,0.022867918,-0.53974074,-1.0313423,0.4356218,-0.9769379,-1.6811067,-3.5940678,0.54227954,-2.021344,-0.120229065,0.19739059,0.46745333
-0.15903476,0.921528,-0.6732805,-0.71733433,-0.5866351,-0.15929046,0.1490774,0.056581777,-0.629125,0.7313049,0.08073956,-1.3017312,0.83302045,-0.24137317,-3.0187328,0.30376303,0.9209553,1.2550611,-1.4617381,-2.0120695,0.4386341,-0.3300202,0.57816887,-0.1611678,-0.1005526
-0.57464147,0.57288027,1.4087455,-0.38780844,-0.45420557,1.5975503,-0.85541993,0.64818823,-0.5083259,-0.078351885,0.35472512,-0.31166953,-1.530039,-0.62730527,-1.3784845,1.8232965,-1.208939,0.054703027,-1.0440439,1.2179439,0.25548196,1.3878108,-0.37324935,0.5935717,-1.1722102
0.06337392,-0.079034954,1.1495752,-0.34245622,0.2559995,0.76050967,-0.7054068,-0.20549254,1.1253476,-0.12983367,0.9417473,-1.1763967,-0.8334422,-0.59978855,0.40650457,-0.3180352,-0.30801177,0.4797211,-0.65879965,-0.6355171,-0.17752317,-1.3246458,-2.4782624,-0.066580385,0.86002684
0.28817317,0.6101075,-0.4644028,-0.24041335,0.4577893,-2.078259,0.43549338,0.7283189,-0.30534148,-0.8084941,-0.19165602,-0.69912887,-0.5270665,0.43318143,1.409699,0.62298524,1.5769565,-2.9744158,-1.3255523,-1.3513637,0.25329265,0.3998899,-1.1790185,-0.2121489,0.1635801
-0.1746313,-1.1855038,0.29719526,-0.49297178,-0.65429276,0.43404892,-0.02410537,-0.93779904,-0.34657228,-0.97490793,0.9249236,-1.0275037,-0.8616621,0.17516011,-1.1577561,-1.165696,0.76094997,-0.7971451,0.49996135,2.0708761,-1.7696313,-0.836135,1.0618775,-0.646486,0.0128534585
-1.5009737,-1.1799498,-0.6109946,-0.96769273,1.1828759,0.4211458,1.0060215,0.6992053,0.1595135,-0.5952792,0.45521986,-1.3102862,0.40665394,-1.0799586,1.1430018,-0.902,0.037075415,1.2972825,-0.15445161,-0.9689826,-2.2164207,0.69319046,2.840508,-0.54589015,-0.79358065
-1.7435498,0.1339778,-1.968368,-3.5681956,-0.117866844,-0.7245915,-2.6317677,-0.39308763,-1.5420053,0.097025834,-1.1142881,-2.165967,-1.100419,-0.5116605,-1.9678408,-0.899163,0.81330645,1.0756989,1.4119201,-1.089393,-0.9412678,-0.4851586,0.43998447,-0.17529795,-0.14676484
0.02547434,-0.30067402,-1.4871184,-1.1909757,-0.008368656,-0.15332015,1.9833212,-0.06280839,0.025054336,2.4385128,0.06083501,2.337514,-2.3071933,-0.90673965,-1.6949768,1.251224,0.4723889,0.4296494,-1.5898294,-1.6432102,-1.1942794,-0.05017525,-1.3684841,0.32746688,0.0895538
-0.68137044,-0.7158152,0.12752046,0.48644918,0.15307525,-0.95273787,-1.2451184,-0.77466214,-0.31685513,-0.37293965,1.4348109,-0.09586841,-0.027827978,-0.057718493,-2.4470043,0.98311245,-1.4154117,-0.3128224,0.53518814,5.083266,0.54828805,0.43363822,-2.5309749,1.4529473,-0.29732057
2.4179282,-0.3144867,0.34146753,-0.010328829,-0.66698503,0.12812793,-0.0041231215,0.9435673,1.8793579,1.3527865,-1.8470416,1.5012176,0.099160135,0.553459,0.41289043,-0.23143074,-0.5718638,0.29099092,0.49092734,-1.1202943,-2.351091,-1.4816935,2.2311747,0.50889397,0.47922713
-3.944794,-3.2979157,-1.7876698,1.8384454,-2.0267992,-0.73945844,0.32364202,-3.0950327,1.0136248,-2.0163844,-3.1590018,-2.8002648,-2.4694211,-1.5553966,0.9547409,-3.2950115,-3.7983847,0.93265927,0.5502566,0.7742968,-6.7235017,-0.47757715,-0.21865657,0.6461333,0.04262361
-1.2644564,-0.36398375,-0.6269116,0.98765385,-1.0314877,0.5958071,-2.8029673,-0.82906485,-0.28263062,-1.9307806,0.3145336,-0.48833942,0.60434794,-1.4739747,0.30898058,-1.2823465,-0.9188241,0.690111,2.7841523,-0.062378943,-1.1700832,-1.3360178,-0.6051794,3.1560025,0.2081249
-0.44490474,-0.96026874,0.058193088,-0.40695173,-0.55495244,-0.18731129,1.6744988,0.8387847,1.3568548,-2.0965376,-0.6765008,1.9282194,1.8869922,1.4677757,-0.3027039,0.9502475,-0.6345736,-1.5637851,-2.164327,-5.043189,-0.20002106,-1.9468647,-1.1860723,0.22900581,-1.8161936
-1.0059719,-0.6485278,1.113008,0.3162841,1.3045824,-2.5488884,0.5795932,0.7410902,0.06870055,-0.18151836,0.4765023,0.014125615,-1.224646,0.9850511,1.7221918,-0.60576195,-0.4882263,-0.38774097,3.480324,3.6909597,-0.1103572,-0.10345298,-0.7818391,0.1495693,0.9098527
-0.15726528,0.4209468,0.4001564,0.1387139,-0.5450996,-0.8082746,2.6448867,0.16631725,-1.4837723,-1.2369795,-1.6858305,1.4288301,-1.5834321,-0.21041049,0.42223,1.1513549,0.5390414,-0.5054084,0.54599893,-0.13341016,-0.48692912,-0.50459,2.4699554,0.25700206,0.8075816
-0.4261464,-1.9459451,-0.635268,0.48618293,0.51915216,0.023658097,0.8813628,-2.0453987,0.15966934,-0.91428787,0.6594523,1.4267838,-0.19765565,-0.6709946,-0.089685835,-0.23145802,0.2525102,0.44561312,2.1099634,3.15098,0.75615406,-2.6684215,-2.9820218,1.1882892,0.09676618
0.29280847,0.71591026,0.3873301,-0.7076827,1.706338,0.3446585,2.8814104,0.6724138,1.1498797,0.61341,-0.771569,1.5212878,0.4215771,-0.319906,0.6701832,1.43584,0.092124976,-2.6903925,1.2053487,1.0712864,0.32792336,1.1749204,1.1127394,0.56021804,-1.7139897
-1.596047,-0.02307868,-0.10562727,1.2018098,-0.3108447,-2.9375226,0.37450284,0.32474154,0.032034196,-0.8134603,3.3235097,-0.066880986,-2.1990452,-0.606523,1.155797,-1.7563391,0.8876406,2.2037427,3.0509071,2.5273225,-0.49899188,1.4246689,-1.8039712,0.7019367,-0.122920096
0.03715968,1.6342338,-1.0773741,-0.24487427,-0.56297636,1.6894944,1.6905507,0.41731083,-0.5170285,1.0264608,-1.0049808,0.19753659,1.1934801,0.017769575,-0.8084264,3.4620275,1.3290689,0.316518,1.7954152,-2.4919407,1.2608179,-0.6142306,0.98264766,0.9062786,1.7376153
2.072057,-0.8575477,-0.7416427,0.3183291,-0.71074545,-0.24569029,2.889008,0.81704473,-1.4732844,0.1171282,3.0371225,1.3846705,-0.14033325,-1.5332766,-0.76868075,1.3935354,0.21186817,-0.45023787,-0.8442347,3.4958048,-0.73056287,2.1478317,-2.2879686,-0.74435604,-0.3574456
-2.3007622,-0.4594459,-1.6827543,0.6774192,-0.20678306,-2.4092531,0.21494874,0.2592696,0.25687832,-1.5777271,0.5875663,-1.9153631,-1.3834609,-1.198039,0.46716774,-2.1870697,-2.1848872,0.44502935,3.2801578,5.0179133,-4.4954925,-2.1840618,1.6950076,-1.1698548,-0.5969648
-1.5615726,-0.6544827,-0.16024297,-0.07960665,-1.8794279,-1.7539785,1.4721162,-0.63995343,-2.1161683,-1.1223646,-1.0852526,1.999969,0.6799433,-0.2661431,0.34014398,-0.3587314,-0.4721747,0.34539214,2.049849,-1.9792471,-0.4474583,-0.85541534,1.8278654,-1.1535277,-1.1727718
-0.78329134,0.3013273,0.02297093,-0.75649405,-0.39436486,-0.41559193,1.8244197,-0.15109065,-0.17047685,-0.7291923,1.3250494,1.9275955,-1.1298316,1.7750341,-2.3877022,-0.08717607,-0.00094631314,0.16739935,0.51277715,1.0827248,-0.05518794,-2.2195923,-1.3614643,0.229438,-2.3450425
-0.52358764,-0.69229466,0.8479477,-0.08619866,0.56835186,-2.4080813,1.1688193,0.05252886,-2.6847005,-0.8638673,0.9237123,1.3198714,-0.5341371,-1.2459248,-0.22769088,-0.61580855,0.31794515,0.8295775,1.4151974,1.3064468,0.90659463,0.14733632,0.031363785,-1.3312602,-0.64801955
-1.0113313,0.106615156,0.6635871,-0.08585912,-0.31052136,3.4569883,0.7499333,0.7778014,-0.33379662,0.33135718,0.14934538,0.104729295,0.14670306,2.1651537,-1.675423,0.2510777,-0.7134509,-0.8614291,0.5898011,0.3724513,1.1368487,-0.040554583,-0.20879579,-1.0386457,0.39657944
0.8789643,0.56922877,0.5165589,-0.43045038,-0.15098423,-0.2785214,0.6454501,-0.23491535,-0.7916876,1.0201062,-0.82834244,2.2739084,-0.08946413,0.50302154,0.026337951,0.3699466,0.36301583,0.9400337,1.581175,-0.9690647,1.0667766,0.14850171,-1.4318969,0.055465132,0.6203563
-1.7748113,0.36331812,0.4182629,0.5658975,0.6557858,-0.48078665,1.15779,-0.503117,-1.2691691,-0.44034156,-0.6943697,1.5317011,0.14920427,-1.2893258,-1.639891,0.10262347,-0.16008377,1.3390628,-0.21317038,-0.121281035,2.4703572,-0.5264684,-3.0671992,-1.2592378,-0.1511348
1.2105283,0.43665656,1.051107,-1.5377682,1.8069508,0.64562106,0.45377076,0.012427926,-0.2744822,0.19491029,1.0666354,-0.048972055,1.6872616,-0.033319503,-0.49962264,0.41085777,1.2456555,0.36166948,-0.17469513,-1.7886531,-1.113899,1.8359089,-1.0131024,-0.2362121,-1.3767558
-0.20964426,-0.83010304,0.21780668,0.36551276,-0.6479237,-0.5888646,-1.9984193,-1.0970271,-0.6555374,0.104839355,0.49550706,-0.32024968,-1.4125597,0.18290728,-1.045116,-0.8552121,0.20594299,-0.8418669,0.73214936,0.40263885,-0.8194591,-1.5487037,0.61001337,0.12516052,-0.15443671
-0.43872255,-0.27564448,-1.0758545,0.4471513,-1.0744531,-2.0552917,-0.4989112,-0.93958694,0.5327791,0.47853333,0.08107543,0.7131962,0.17800622,-0.71261543,0.4654696,0.2007102,-1.8082691,1.4222424,-3.2615452,-2.4855804,-2.0276914,-1.1907089,-0.5292883,-1.4124773,-0.10925919
-2.3880386,-1.1457037,-0.96425265,0.0115100145,-1.0321635,-3.6335287,-4.102503,-1.4160235,-0.3602681,-0.73845816,1.091417,-0.78702027,1.6877826,-0.4861178,-1.3867314,-0.6814437,0.8001232,-1.7037052,0.76683223,2.1000974,-1.2671362,0.075801015,-0.86120784,-0.22237006,-0.5540532
-0.88419116,-0.17820081,-0.4241292,-1.0245926,-0.16698669,1.3867867,2.0768397,-0.5431176,0.8054013,-1.4533651,0.3134379,2.5958178,0.023820907,0.35348034,-0.31548643,-0.64990354,-1.3318639,0.23330024,-1.2627497,-1.9042294,0.21677819,1.7123487,1.5817678,-0.011156321,-0.64061743
-0.034249336,0.6806592,0.12772295,0.030803427,0.23728138,-0.20550919,-0.37365323,0.4695649,-0.24086884,-0.21377552,-2.011924,0.31768143,-0.68059945,-0.35246503,-2.3101127,0.9809267,-0.5136918,2.2005465,-0.11580211,-1.2767978,-1.294245,-1.9140508,-0.9781183,0.17115462,0.10129687
-1.8736278,-0.81682926,-1.663034,1.7555964,-0.31019878,-1.7936993,0.6294652,-1.8058971,1.5865026,0.6147479,-0.62674415,1.0859356,-0.39243647,-0.30742222,1.2839339,1.2247523,-1.4996734,0.6847327,0.8815538,3.832116,0.23063539,-0.4553104,1.910399,0.5061149,1.4057884
-0.9112781,1.4189396,2.3534486,-0.75598,-0.07237429,0.3083799,1.8809731,-0.54513305,1.8917224,-0.007867664,1.0733528,1.781607,0.8805454,0.36653492,0.13488585,-0.025993109,0.61413646,0.58277994,2.1081874,2.1594634,2.2351823,0.37147808,2.0233297,-0.95020723,0.59202707
