A,B,C,D,E,F,G,H,I,J,K,L,M,N,O,P,Q,R,S,T,U,V,W,X,Y
-1.4549564,-0.5421488,0.062459685,0.45054457,1.0904392,-0.6414802,1.498942,-0.57966727,-0.11478326,1.5360874,2.6551957,0.23781076,-2.102245,-1.5768852,0.06827891,0.87038624,-0.91334534,-0.8451484,0.57443607,0.22986689,0.8042238,0.117522776,0.5949673,0.7882785,-0.53847945
-0.69366324,-0.4973055,1.4807495,0.6788949,-0.5098567,0.82453865,0.20764038,-0.94800663,1.3761607,-1.1170864,0.03679216,-0.4824581,-0.0049830526,1.1124979,0.17073154,-1.2249079,2.0734744,-0.778002,-0.18188435,0.52852696,-0.7112882,-3.1058493,1.0282273,1.1666062,-0.9886528
0.40597105,-0.21652456,0.44022053,0.12674779,-0.009187346,-0.23895633,2.2715983,-1.2034655,1.2988111,0.75254184,-1.6283957,0.4374021,0.10239357,-0.44890997,0.8314612,0.49649897,1.0922848,1.4582464,0.91469514,0.40356374,-0.851708,2.3167112,-0.31374937,1.8188373,-1.0511941
0.61965984,-1.2193539,0.56845087,0.3018047,0.45732248,0.5229492,-0.596043,-0.008105539,1.6283306,0.55448586,0.039626144,-0.8915956,0.6043161,-0.38662755,0.8718791,-3.4622524,5.363737,1.28334,0.9992084,0.012026545,0.49601427,0.1933612,0.3391231,0.55532134,0.8437667
0.39617252,1.4628584,0.07061442,0.32900643,-0.43227592,0.49511915,0.20773084,0.13816002,0.087675914,0.09885645,-0.9670981,-2.5932658,-0.43493608,0.6342381,-0.47155616,-0.42541644,0.36165243,-0.6875175,-0.41868836,0.52037317,-0.79554164,0.47544634,-0.14283954,0.19319433,-0.94224626
-3.1042616,-1.1507943,0.8101002,-0.26172,-0.6980631,-2.5380602,-0.58557916,0.8427633,-0.111075535,0.3485077,1.1976728,1.612974,0.886737,0.21593457,-0.3710708,0.78072375,-2.3640664,1.0223023,-0.14153537,1.5130585,-1.043537,2.243406,-1.0767605,0.5979913,-3.6133032
-1.475126,-2.7634993,0.35749426,0.4440336,1.100498,0.24263036,1.8244123,-1.7200892,0.53634554,0.7179823,-0.48863968,-8.490682e-05,-1.2957891,-3.2510865,0.31941396,-0.0908176,2.5467663,-0.81002545,-0.8479591,-0.135427,-0.89835435,-1.2943069,-0.020040005,1.6327157,0.8751807
-1.0578218,-0.4510109,0.38617614,0.373684,0.45756552,-1.176038,0.83849585,-0.54052055,0.9765328,0.035058692,0.4950258,-0.102077186,0.21987641,0.5700052,1.3568935,0.15093285,-0.57595885,-0.5723719,0.53268266,1.0746433,0.3139663,-0.99206895,-0.3763015,-1.1304334,0.669495
0.9190882,-0.14231509,0.55861324,0.64535785,0.06201276,-0.5458549,2.4960043,-0.017845243,0.5383229,0.035058692,0.8448606,2.1108556,1.9254183,-1.7014921,-0.48242366,0.08356949,0.056548834,1.5490544,0.55596536,-0.19234005,1.1309267,0.9054462,-0.20660919,0.9984982,0.5046686
0.062111616,-0.6716038,-0.90868473,-0.09897968,1.5040332,0.2124191,0.14130345,0.49364907,-0.680194,-0.5924837,-0.13757652,0.50399894,0.8002237,-0.1021847,-0.010776728,0.13494864,-0.32760322,0.18435365,0.31948742,0.23503545,1.1840438,-4.3050723,0.033473685,1.8548822,0.38663998
1.6748835,1.0520033,0.3451546,-0.07272425,0.8560739,1.4352795,-1.7809469,-0.51424706,-0.9731546,0.14874,-0.81997377,0.74407595,0.57279694,0.41269937,0.05286503,0.4295852,0.6957487,0.44514447,0.8430064,0.23447627,-0.00043988228,-0.16249585,1.0164647,-1.244089,-0.7677276
-2.1818337,-0.9609008,0.73781997,0.6472359,0.59612364,0.57513595,1.7344211,-0.5039307,0.49597937,-0.20862602,-0.7047861,0.72174233,1.5806409,-0.24629101,2.2754717,-0.6260575,-1.8337554,-0.051753826,1.4516208,-0.49095482,-0.09530531,1.0790117,0.19829562,0.20983985,1.2507949
0.94658685,-0.66251314,0.78076226,-0.51587903,-0.10346259,0.67576,0.24715912,-0.055230618,-0.11134124,0.12510423,1.8839598,0.3347932,0.62216055,0.7471765,-0.40848854,0.20616734,1.1773801,0.15814385,0.20848772,-0.055545613,-1.0803907,-0.30419353,-2.577386,1.5548671,1.7058569
-0.6454003,0.55007756,0.21264756,1.7007883,-0.6923992,-1.0501571,-1.3378981,0.8825997,1.9778585,-0.14454937,-0.01521641,-0.17000774,0.0018930305,1.0273445,-0.658568,-0.45735896,-0.68154705,-0.58156824,-0.8948274,-0.5651859,-0.5321208,-0.10933014,-0.64441967,-1.2806623,-1.4933965
-0.9538393,-0.8802328,-0.06970467,-2.1124141,-0.032738708,0.963718,-1.8337729,0.016386338,-1.1609504,-0.04526708,-1.2686741,-2.967504,-0.38921818,-2.377741,-1.3421965,1.5327215,-1.4148073,0.57636744,-0.13459983,-0.1691995,-1.797002,0.05987233,0.75854594,-0.26980117,1.665186
-0.90374774,0.61401224,-0.25510597,0.54859847,0.3444385,-3.8649042,0.7789209,2.4196038,-0.90318793,0.49452358,-2.164039,-2.4989686,1.1144807,1.9262527,-0.04306232,0.40845263,-1.8027759,-0.99388885,-1.7176628,0.39541999,-1.1494359,1.6870766,-1.2100439,-2.2660246,-1.6136708
-0.6401637,-1.7389238,0.109051585,0.21796328,-1.2966329,-3.7374916,0.26673758,-0.8760506,-3.456563,0.87075156,0.14983535,-2.0940766,-0.07802227,-2.2947774,-1.2976587,-0.26844484,-0.21959755,-0.7841399,-0.5436632,-1.1512091,-1.5963562,-0.956108,-0.74424833,-0.8262763,-2.5127907
-3.417716,-2.177589,-0.85805583,-2.9202352,-0.77781546,0.6401063,0.28997475,0.2930188,-1.8130174,-3.257556,-2.6217785,0.2855357,0.041633517,-2.8238842,-0.3719066,-1.0915511,-0.033033468,-0.18563646,-0.48901185,0.00085123,-0.73356813,-4.7418523,-1.0471939,0.5776508,-1.6445334
-0.12020531,-0.7647057,-1.3350463,-0.57872164,0.21245496,2.171,2.2280612,0.38820988,-0.7589928,0.14179315,1.8657722,1.6065592,1.1898872,-0.16869625,0.7782283,-0.22118676,3.3282704,-0.4497952,0.32443407,0.63724416,0.07396561,-0.46421996,1.710654,-0.24816418,2.7128468
-1.8417755,-0.8602008,0.05196601,-3.5485556,-0.51809263,-0.26545286,-0.12365043,-0.13437621,-4.282246,0.31489122,-0.54348344,0.66454124,-0.10892275,0.056557417,1.7681084,-1.7801538,-0.2223633,0.8397452,0.3574914,0.52037317,-1.4584122,-0.7467481,0.5100902,-1.7568848,-0.75858504
-3.0335288,-2.527614,-1.2690579,-0.4742425,-0.18753308,-1.9324656,-1.281873,-2.110611,1.3525183,0.36235267,-1.1820412,-0.4911342,-0.2916396,-0.8842322,-1.3659996,-1.6497474,0.09169084,-1.2008481,1.0616368,0.7382202,-4.1602216,0.5181092,-0.5189645,-0.23473018,0.9975488
1.1143159,-1.8232139,-0.14887658,-1.7342556,0.0013234671,-1.1255352,0.15919931,-1.102987,-0.33384597,-0.52288747,-2.6282263,-2.0995758,-0.6407824,-1.1568722,-0.9939064,0.14619684,-1.1523434,-1.5880682,-0.42748696,0.16503738,1.7293477,-0.96614313,-0.942066,-0.19497597,0.99423754
-0.9802637,-0.595506,-0.02581671,0.8920177,-0.83784115,-0.37912506,-0.023931265,-0.29528183,0.36587834,0.3729976,0.074637055,-2.4907024,-0.4906109,-1.2719128,-1.8434469,-2.4909494,0.43404317,-1.1630262,0.33138788,0.92915994,-2.1955466,-1.1878835,-1.3413684,0.6378222,0.49107108
-2.3791368,0.10075194,-1.4082165,0.13028693,-0.6980631,0.5808439,1.3421298,-1.283234,1.2220441,-0.49961343,-0.6774156,0.8808458,0.87721956,1.5253577,0.6935825,-0.81675404,-0.7290435,-0.5732317,0.14273143,0.064312644,1.3771257,0.39501914,0.8419092,-1.4373543,-2.2436976
-0.68438387,0.032411695,1.1290374,-3.029385,-0.28264725,-0.021947414,-1.5285935,1.4024059,-5.10531,0.2644295,-0.7069129,1.0728223,2.181355,1.867706,1.9233608,0.9966748,-1.4678774,-0.18022335,-0.10310393,-4.135877,0.8510671,0.51774514,0.9595154,-0.3997512,-2.116695
0.53793347,-0.8416003,0.2016642,0.79383284,0.52551425,-1.8913666,0.6139419,-1.4979594,-1.3277451,-1.5721108,-0.4489031,-0.33811718,-0.915538,-3.586247,-1.7345104,-0.1517638,3.5457485,0.232045,-0.26350343,-0.18340318,0.87113345,-4.2060165,0.4595621,-0.30728817,2.6447763
-4.602676,-0.32248783,0.36036488,1.1402014,-0.123109,0.6170676,-0.01118654,-0.17884606,-1.6308146,1.3506075,-1.5340841,1.7864527,0.035766542,-0.4874558,-0.96226287,-0.29530492,-1.0984613,-0.44860786,1.1401438,2.115974,-1.8879074,-1.647488,-1.5015619,-1.1238494,-0.0029907227
-5.1151686,-1.4193215,1.2831376,-0.068796985,-0.044626705,-1.0014826,1.1993897,0.75629044,1.53023,-0.08471382,-2.4375186,0.9484929,-0.95385575,-0.26229995,0.3821935,0.08179951,-0.08761698,-0.5965501,-0.55260634,0.2881259,-0.15212871,1.2770332,1.0126559,-0.4414922,-0.037359983
1.5354562,-0.09538555,-1.9782705,2.770322,0.095080666,1.3874447,3.615802,1.3498588,1.5505276,0.21342212,-0.7402224,0.33567005,1.4252894,1.5793557,-1.0559412,-0.36165503,1.2804939,1.079731,0.87373877,-1.0261904,2.8866963,0.32299396,0.7185,1.7483435,2.2082016
1.2063208,0.32017356,-0.7141096,-3.5159073,0.31385747,0.82971704,-0.8456793,1.5135386,-4.5990086,0.34113896,0.55954087,-0.60074735,2.3032765,1.8873729,-0.6693914,-0.20399883,0.22099853,0.45306718,-0.47905016,0.87287426,-2.2406278,0.4529412,-0.38147354,-1.2330413,0.048818827
-6.6984663,0.17784181,-0.09129111,-1.62261,-0.10884616,-2.359814,-2.6517467,-1.4314346,-2.5380294,0.34113896,-5.443151,-2.5130427,-1.4242244,-0.71138847,-0.18241063,0.38549018,-0.52744097,-0.38354707,-1.5762278,0.50412464,-1.1033111,0.3653234,-0.9041821,0.5950401,-1.3787317
0.67591995,-2.8085847,0.69879955,1.2859585,0.31224817,4.617957,1.7026079,0.44412738,1.6289636,-1.4755161,-0.042138636,-1.0080124,2.122483,0.61204994,-0.028502062,-0.2754901,1.5209409,-0.1612872,1.2669998,0.19845563,1.0323755,3.309383,-0.44196963,-0.5607014,-0.28323346
0.7786673,-0.3422026,-0.4555277,-0.045433655,0.77193546,1.5991234,0.8443791,-1.3295422,1.1510278,1.0668045,2.975532,-0.6407977,-2.1594396,-1.0690595,-0.27196985,0.7363999,-0.9746234,0.15839286,0.22143844,0.3966513,1.3906147,0.99354506,-0.10433151,0.7470143,0.17449218
1.4123623,0.11488961,-0.27145192,0.6758747,0.34473863,-0.38477167,-1.2817323,0.44293392,-0.9820403,0.21874408,-0.56678325,-0.034832448,-1.0396152,1.8094901,-0.58446693,0.06303814,-0.7191735,-0.61238945,-0.33454698,-0.7582762,1.386516,-0.23531473,1.0408171,-1.4053924,-1.1795969
-0.014943242,-0.42188603,-0.003741078,-0.2173771,0.45720428,0.62360215,-0.6614737,-0.7009578,-1.9943281,1.5692598,1.3927554,-0.22795063,-0.34923533,-1.038396,-0.5061802,0.16409051,-3.719378,0.26260778,0.13056017,0.47481203,-0.413776,-1.2853231,0.40858147,-1.0411046,1.0297871
-1.4291818,1.7449945,0.067436196,0.06706166,0.8367627,0.10113277,-2.4011602,-0.79475427,2.2409458,0.12511194,-0.104905546,-1.2194203,0.25282526,1.2446339,-1.4088284,-0.7706426,-0.86024976,-0.7494349,0.04417201,0.040060557,-0.16017954,0.9584274,0.5686326,-1.5443321,-0.98521566
1.9524742,0.89327365,-1.1213335,0.509222,0.1586097,1.1160764,1.1893182,-0.38047147,-0.16134733,-0.05616303,-3.9138963,-0.118444264,-0.5964448,1.2022362,-0.5530838,1.8568054,-2.2394824,0.5613748,-0.11817287,-0.18183996,0.20262446,0.7321064,0.26850945,-0.1535922,0.39373899
-0.7943785,-0.86861354,0.8549279,-0.1777435,-0.25848317,0.5757241,-1.5731432,-1.5788139,-1.5362742,-0.043783788,0.64420795,-0.26141766,0.4335301,1.9435954,-1.1242892,0.82928795,0.3954987,-0.6919782,0.5768509,0.10245461,0.25887844,0.11004682,-2.2982829,-0.14243425,3.234468
-1.4419265,-0.7232166,0.65523916,1.0621551,0.3291188,-0.24186465,1.9270788,-1.0310926,0.7118213,-1.6464909,0.74152935,1.7361164,0.17783494,-0.6168175,1.2699584,-0.26067692,-1.5157213,-0.25245836,-1.2965739,-1.4599168,1.3048749,0.21994829,-0.045661967,0.64970917,0.46850514
1.6501272,0.81592256,-0.4827523,1.9462771,-0.5098567,0.7329806,2.3605924,-0.95907986,0.5974908,0.3081031,0.37375486,1.165025,0.88110834,0.37879503,-0.071073145,0.27684742,0.97456384,1.1007701,1.1183367,-0.111149944,2.0374317,-2.1570039,0.55648804,1.6669568,1.2856007
1.7400826,-0.62757146,0.3327128,-2.2271872,0.83958423,1.4489706,-4.0735483,0.768172,-0.051953554,0.28736392,0.18506104,0.36767942,0.57632,-0.061955452,1.3318386,0.45066804,-1.15466,0.72358096,-0.38369778,1.9737825,1.1712086,1.2169862,0.21544927,0.1475761,1.4628805
-0.57850903,-0.79149705,0.5712762,0.89191306,0.44267926,1.0426071,1.5288248,-0.6864618,-0.344263,-0.59741753,1.8568616,0.15815812,-0.8103585,-0.53874606,1.3381666,1.1226399,0.36584896,-0.09777403,0.14694782,-1.6077206,-0.8563083,0.7845011,1.5471859,1.8175359,-0.9778079
-0.9075299,-0.8374681,0.24135742,-0.8864425,-0.015412891,0.2915253,0.3805047,0.2731104,1.0782143,0.8485899,0.14764035,-0.27426678,-1.5067554,0.20095468,0.3317247,-0.7308978,2.3867579,-1.3607826,-1.1113368,0.48113415,1.7048806,1.9943273,-0.20048192,-0.5383539,-0.7910707
0.6829303,-0.8283038,-0.17804566,-0.7013892,0.27704254,-0.74415416,0.66214955,-0.50153685,-0.11045301,-0.29372168,0.064471096,0.04975477,-0.5129293,0.4155287,-0.74443734,1.0025972,1.3571852,0.5245875,0.67355007,-0.41755182,-0.7384186,1.5836694,-1.0549189,0.38025665,-1.5519326
1.3932939,-2.6381328,0.7781333,0.6129602,-0.1112116,3.7538767,-1.5767412,-2.0715554,-0.77831864,-0.16023293,0.02881962,0.5586568,-0.33139277,-0.6227064,-0.6332598,0.3954026,0.77673024,1.3990599,0.022957942,1.0203308,-1.2597523,-0.8600619,0.6798331,-0.011177756,-1.3583323
-1.1111878,-2.6619296,-3.7955015,-1.6406748,-0.33008614,-4.192561,-0.3418852,-1.7609757,0.20733885,0.81155217,-4.7916894,-0.6372653,-0.8677747,1.4814072,-0.101448774,-3.3574052,-1.1833743,-2.1658027,-0.7028145,0.15988974,-0.4970715,1.7431489,-1.5672332,-0.6432882,-0.3239814
0.7669451,-0.14992717,0.41752946,-0.51758444,0.50130486,0.14557531,-0.075761944,-1.6501597,-2.791178,0.48841032,-1.0929413,0.37076873,-0.10109866,-0.999301,-0.605861,0.08889064,0.25634223,0.21436425,-0.26335984,0.65885276,0.2591283,-0.7303796,-3.2974322,-0.41970208,0.7992749
0.055360317,-0.31878752,0.11959227,0.6444243,0.21128875,-0.09029497,-0.25922906,-0.36810672,0.045850992,-0.123018175,-0.06789531,0.71961296,-0.6843079,-0.54594785,0.19399533,0.52310055,-0.47218904,0.8472936,0.48487896,-0.2864803,1.3929033,-3.1015022,-0.16725336,1.4854691,-0.052742794
-0.06515461,1.3114976,-2.6230016,1.4073579,1.3029597,0.62177074,0.19950077,0.29379135,-0.30890548,0.08696808,-0.56678325,-0.22795063,0.15372424,0.80372936,-1.0889692,1.506659,2.3629858,0.25853622,-0.16567726,1.2671304,-0.5678099,-1.6801684,0.54062855,-0.8129637,0.33204257
-3.749084,1.2476939,0.51327705,-0.39963767,-0.092012286,-1.1497467,-1.0063982,-0.3212791,-3.6115894,1.1340253,-1.750336,0.38865638,-2.0039496,1.900732,-0.9465566,-0.30818537,-2.2194145,-0.6588149,0.4734715,1.5108811,0.72370553,1.1492624,-0.35594112,-0.7600918,0.5385542
-3.8105311,-0.44195297,-0.0027732514,1.8088897,-0.8128947,0.04949391,3.2015305,-0.74602425,2.6987712,0.77765036,2.5142722,1.691962,0.18495035,0.17106247,-1.1114107,-0.21884528,0.34580922,-0.335276,0.07515719,-0.73224264,-0.16472852,1.499103,-0.024689198,0.41592503,1.0602324
1.0274376,-1.9067818,1.9923573,-0.28685117,0.15489796,1.1799452,1.0086471,0.809998,3.791041,3.854167,0.064211085,0.054276146,1.2996633,-0.9056232,-1.7272663,-0.94304895,-1.1600673,-0.2394826,0.258538,0.075156346,-0.1571663,-0.33716124,-0.44806796,1.1295235,-1.0035427
3.0260034,-7.451975,0.44433606,0.5386344,-0.11667992,0.42467132,2.6041915,-2.8561308,1.0809202,0.36235267,0.4257936,-0.4824433,0.73960996,-3.3360884,-0.5693364,0.5491274,0.38099134,1.425591,0.41573468,0.10157113,-0.28343043,0.76109385,1.2010555,1.2017927,0.63433766
-1.0904396,-0.55942416,0.8816697,-0.7785922,0.62403953,-0.5754491,-2.0417488,0.43421936,0.55499554,1.030557,-0.563938,-0.95941955,2.4458025,-0.3270312,0.7533537,-0.11387101,2.0054646,-0.8883267,0.37193286,-0.5321321,-1.483158,-0.81600595,-1.4311843,0.5230388,-2.043683
0.12260398,-1.2404497,-0.57542515,-0.2126267,1.1228969,-1.3588288,2.111326,-2.925602,-0.1500795,0.80755293,1.0222498,-0.12555811,0.1858963,-0.843857,0.5542034,-0.04504922,1.9901239,-1.1879172,-1.4774194,1.3313717,-0.6598916,-2.36894,-0.11884944,-0.22623289,-2.1734884
0.14324358,-1.0310304,-1.4644889,-1.2755523,-0.5521981,-1.1997201,0.669938,-0.32703602,-0.49770245,1.4310633,2.313267,-1.1977243,-0.66133344,-1.6809958,-1.2128398,0.49310187,0.2569095,-0.5780702,-0.09123227,-1.9968255,-1.1279956,-1.2155031,0.29323816,0.60770583,0.10428965
-0.99894893,-1.432312,-0.1545408,-0.9126911,0.82591844,0.08384703,-0.15597832,0.46644944,-0.31696773,0.81913453,-0.026499316,0.14822188,-1.0642807,0.42891973,0.8182446,1.1521446,-1.4972961,0.45343202,0.55596536,-0.34495652,-0.13707642,-2.6976733,0.7171123,0.24661171,-1.5458121
-0.22160205,-0.89120156,0.9748491,1.2692019,-0.96649903,-1.1154563,0.63323855,-3.3281634,-0.5129472,0.16478327,-1.0677347,-0.4031711,-1.892015,-1.0286182,-0.48943058,-0.7120125,1.3674307,0.5162321,0.20669757,-2.2388945,2.1557093,-0.96168435,0.6854039,-1.44893,0.039152335
-2.4749548,1.0594172,0.015885912,1.0855043,0.13972102,0.96411526,1.6855139,-1.0992929,-1.6465733,0.39622808,0.22477998,0.6933111,0.6233972,-0.8589428,-1.829527,-1.1127585,-3.6559005,0.06744142,0.5013853,-0.5301082,-0.3385005,-1.8507011,-0.97401935,0.34165183,-0.61760724
-3.3788207,0.761257,0.40079242,-0.6917901,-0.79035175,0.5451602,0.313726,1.0241057,2.8152604,0.08239726,-1.972883,-0.034538537,-0.14445603,0.25182575,-0.15091954,-1.4498326,0.7617831,-0.5007133,-0.23679745,-0.34762147,-0.28646106,0.71106875,0.24987447,0.8201146,-0.2612066
3.6059957,0.0038785562,1.355423,1.0876611,0.4303144,-1.6667519,2.0191088,-0.060218014,2.1171103,0.12510423,-1.1025836,0.6165552,-0.48252022,-0.42631364,-0.8553804,-0.34583688,-0.111787036,-1.5649064,-1.2965739,0.91105694,-1.3286337,0.5458616,0.19540164,0.6169276,1.2951641
0.32374942,-0.29109117,0.9748491,-0.24194384,0.4831327,-0.69446903,-2.4725282,-3.4415076,-2.0994554,-0.15758194,1.0726306,-0.53549194,0.6044409,0.43331552,2.0713325,-1.606204,-2.2840915,1.2205105,0.047443796,-0.27645102,-0.13865384,0.061545372,1.8543409,-1.0060573,2.6505
-0.57601595,1.5490812,-0.010411827,0.867854,0.26604965,-0.38729724,1.710665,0.47618923,0.75038254,-1.0874553,-0.8507931,-0.8052987,-1.1112407,0.33154172,0.6230755,-0.73195744,0.8232108,-0.273136,-1.3917426,0.97405046,2.1362767,-2.1009622,-0.68162954,-0.953038,0.6861209
-0.18923938,0.18687466,0.20855236,0.33748984,-0.4631168,0.51991606,0.037878312,-1.531491,0.38431603,-0.32450143,-1.1665176,-0.8325613,-1.7431036,0.82548034,-0.54199916,1.0039605,1.6214273,0.74786574,0.3230765,-0.28098473,0.45729098,0.87844324,-0.5751241,-2.5712523,-1.9405475
1.4632485,-0.6381781,-0.69354177,0.6095326,-0.03465464,2.3630915,1.119746,-0.47673976,0.64694524,-0.85052377,-1.5049336,0.00980705,-0.37608162,2.6000614,-1.4808742,2.3214457,-1.930009,0.019730002,-0.7877397,0.33993244,1.8647909,1.2082213,2.035912,0.9642549,-0.06165099
-0.1639219,1.2592793,-0.5725727,-0.87213355,0.21240817,2.3057158,-1.1768645,-1.5421202,-1.3256136,0.16175099,-2.3496695,-0.18451163,0.99960077,1.9596751,0.51430184,-1.2848842,-1.2294629,0.20356509,0.29725832,0.24191986,0.5901784,1.658572,-0.3071522,0.7933408,0.40976775
-1.0566542,-0.61484027,0.8669812,-1.85761,0.38708976,-0.46328345,-0.7226024,2.3309464,-4.1020412,-0.23976965,-0.2679782,-0.5856725,0.2774921,0.62866235,-0.21623546,-0.2102468,0.90730727,-0.66059417,0.69209784,-0.59304583,0.10678113,2.3093727,0.19442149,1.5350631,1.2055264
-2.445117,-1.3424219,0.6795023,1.6928972,0.8684966,1.1427654,1.2522986,-1.0897188,1.7881472,0.6836502,0.52985173,-0.13763016,-0.55306983,-0.26529455,1.0807056,0.79663974,-1.3429921,-0.6296308,-0.97695225,-0.39431188,0.18486758,0.12812673,0.4142903,0.5865033,3.345957
1.6191695,-0.7814325,0.062459685,0.69878036,-0.7200357,-0.9136993,0.566993,-1.0894908,1.1196374,0.78057116,1.2420745,0.005087137,0.5481926,-0.5946173,-0.45594308,-0.013027996,0.7698545,-0.42882478,-2.7472515,-0.6406482,0.7913992,2.8135927,0.18967295,1.4162551,1.3139434
1.6337745,-0.413216,0.67714226,0.68765503,-0.68526596,-2.4220724,-0.56740224,-0.99358726,-2.3419147,0.7375603,0.6722118,-0.78127253,0.14486197,-1.1689613,1.0138582,0.0825876,0.32764968,0.010037124,0.25897136,-0.4522632,-1.4321413,-2.101767,0.5543557,1.6217778,-1.0506365
-4.910199,0.35362726,0.8894867,-0.7202753,-0.4799517,-0.28635123,-0.9025568,2.568154,-2.789845,0.29392797,-1.0816699,-0.56502664,0.09855583,-2.4536548,-0.7810961,0.48361892,2.4725888,-0.40887028,-0.11865326,-0.27665493,3.2248979,-3.361682,0.24436197,0.011153281,0.23759753
2.3043175,-0.23745376,1.1043266,2.2389464,-0.2571032,3.030557,4.2565846,0.30037105,2.0703542,0.062891796,3.4680343,2.1927094,0.48048988,0.1803715,-0.56440836,2.807341,-1.1527817,1.6455057,-0.33631238,-1.0226699,5.183476,-1.0299783,0.87223446,-4.1507688,-0.71822995
-0.9112928,-0.1303934,3.8215623,1.2363218,-0.13259332,0.2951908,0.95938194,1.5088756,0.23836696,0.100083426,-0.43141907,0.11593788,-0.4230718,0.3770416,-0.5436187,-0.8845988,-2.6259546,-0.54915756,0.93846846,0.64449024,-2.7412078,1.7092639,-0.40595257,0.09377766,-0.24136187
-5.156144,-0.18607327,0.24596356,1.2449685,0.861024,-4.823133,2.2806067,-0.68323725,2.774014,3.854167,-3.2145107,-2.5551283,-0.47676116,0.19113524,0.6158991,-2.112025,0.65841633,-4.0056143,1.0470166,0.043140378,-3.1733913,1.2349927,0.31453335,-1.0224935,0.89927363
-0.13540187,0.24713606,-0.28173122,0.85447985,-3.2484596,-4.383282,1.2976532,0.8953446,0.54530346,0.77765036,-0.23284423,-1.5171399,1.0277343,-2.100047,0.7135806,-0.410889,-1.5502628,-0.7422919,-0.77261585,-0.18638887,-0.18958217,0.09796254,0.4296255,0.89221334,-0.2014448
-1.0603139,0.51711774,0.67714226,-3.9289956,0.4217659,1.844633,0.38498133,2.102406,-0.5196683,1.8777149,0.6619348,0.15673392,-0.28516668,-1.3959033,0.41809225,-0.68082,0.7121308,1.5952952,0.67074496,-0.061296724,0.90857583,-3.5837812,1.3203475,-0.35153404,-3.3555577
0.34848154,-1.0817482,-0.13155821,1.2463281,-0.39605156,0.77609134,-0.057897687,-0.7099017,0.4616923,-0.56134784,-0.43398198,0.14357474,-2.4719348,-0.28011775,1.9163986,0.5809337,1.604136,0.5063935,-0.23197664,0.027276302,-1.289164,0.955886,-0.27476072,-2.2983422,1.1080672
-4.044588,0.20155847,-0.08501786,-0.18596292,-0.5521981,-0.901624,0.20686729,-1.0970044,0.2660547,0.29995373,-0.18037435,0.935719,0.83412445,2.5894098,-2.005225,2.7008364,-1.0381029,-0.9162315,0.052368112,-1.4835202,0.027347289,0.35164523,-1.2396779,0.3167581,-0.9797582
0.25044733,-3.0479202,0.80208105,-0.34956735,0.04616297,0.07165367,0.13752341,1.2331212,1.8234538,-1.0219032,1.4646041,1.1141219,-0.27815956,-1.3112588,0.3745782,-0.21457152,-0.09964508,1.558745,0.22078753,-1.1213993,-2.969836,0.16753739,-1.073588,0.18466572,1.7362868
2.04853,2.0046382,-0.1623512,0.116641834,-0.56437045,2.9610586,-0.17776318,-1.1956686,0.7034681,0.08987099,-1.7766162,-0.14420867,1.2008619,0.6432775,-0.2283718,-1.7337658,3.4461474,-0.8516978,0.29729995,-1.4964701,-2.4143522,-0.7959211,-1.8210726,0.81402206,0.26136684
-0.7153982,1.7275896,0.93038815,-1.8164724,0.8367627,0.6580651,-3.6560116,0.50264966,-0.3937611,0.46417737,0.2485612,-0.6300192,-0.53687507,0.8866086,0.105051756,-0.18371408,1.9403071,-0.70473516,0.5768509,0.6218613,0.7157515,2.347578,1.1437318,-0.18050516,0.64903414
0.8174132,-0.98629314,0.050120816,1.4709886,0.23087642,0.47358096,-0.002120614,1.4057024,0.98049104,-0.19757642,0.45629427,0.05516862,0.05084145,0.39252418,-0.77853733,-0.6330409,-1.0823164,-0.23879644,-0.13459983,0.40054965,-0.90134436,3.1324744,-0.7106482,-0.42071968,-1.8440628
-3.773173,0.09844071,-0.27696383,-0.050602913,0.29090488,0.23157251,-0.53362334,0.3935777,0.119160876,0.05855394,0.18751365,0.008953765,-0.46785003,1.0681581,-0.7965473,-0.8863953,1.490892,-1.5364873,0.47572386,0.2610697,-1.6816189,-0.73615724,-1.2950711,0.43925676,-0.044745106
-1.186769,-0.9549668,-1.7491459,-0.42491788,-0.065032564,-0.95410573,2.1380746,-1.5540289,0.85285276,0.07801245,-1.5161719,-2.7441103,-1.7500036,0.3283288,-0.052498758,-0.087516546,-1.2444015,-1.8307283,0.3685397,-0.12808982,-1.5249767,0.22862709,-1.8149257,-0.85987103,-0.6771233
0.72502697,-0.43857077,0.09219428,0.32532698,0.119910546,-0.9964626,1.201468,-3.0022469,-1.7580003,0.49452358,-0.15371281,-0.8507123,-0.070896596,-2.0926785,-0.6896523,-0.56689954,3.2985973,-0.5916475,-0.29304817,0.75575423,-0.78141737,0.09403938,-1.070715,1.2851502,-0.39622557
-0.44721437,-0.6824211,-0.048430897,0.7548076,0.14985846,0.17808892,-1.0390528,0.8374281,-0.80919284,-0.7335516,-2.025486,-1.0800323,-1.1494118,-0.6223172,0.24222207,0.5614213,1.6279931,-0.31045544,0.73602515,0.14365941,-0.007113885,-0.9883076,-1.246298,0.5610715,-1.1075754
-1.7011845,-1.2079935,0.55290234,0.8644202,0.3486533,-2.1907241,1.4250331,-1.2558912,-0.02614659,-0.19184774,-0.2513081,-0.17438908,-0.13423824,1.158956,-1.0740371,-0.2870003,2.2531898,-0.87465644,0.11673974,-0.74678075,1.1378264,-0.7211528,-0.43791762,1.2121546,-0.42169595
0.0034224764,1.0178026,0.28935626,-0.2545616,1.1479254,-0.4850024,1.2414845,-2.590217,-1.8558245,-2.026158,2.381234,0.051196337,1.3538241,-0.49688178,0.8220912,-0.22796935,-2.847165,-0.11889088,-0.26350343,1.5315434,0.42647034,-0.90697116,-0.08659804,-2.4259143,1.004536
-2.3330286,0.5427753,0.32538974,1.7580916,0.23934196,-0.80546904,0.35976398,0.2876281,0.34964052,0.017624624,0.9982767,0.915434,-0.04378599,-1.6952933,-1.8651959,-0.99182135,0.7810129,-0.85679007,0.23355484,-0.23476978,-0.23469591,-2.9746885,0.32723647,-1.3600408,-2.3803809
-1.7988117,-3.8799238,0.31451097,-0.2939063,0.1945646,0.12695341,0.034154892,0.8101601,-0.123469114,0.34676516,0.9643407,0.53193665,1.231261,-2.7280912,0.75253147,-1.4204044,-2.6625066,-0.52036726,-1.2795783,-0.33846983,0.91454,-0.6826723,-0.8661928,-0.033705562,0.31967944
-0.2684269,0.106447935,-0.050156392,0.48481265,1.0203687,0.17511964,0.008959681,-1.1625048,-0.09338197,-0.27317214,-1.5750637,0.31564268,1.4425178,-1.7584081,1.3040383,1.821637,0.047541022,-0.05745244,1.4489332,-0.52923924,0.37253195,-0.07106894,0.1320939,-2.5904517,1.023298
-0.20380269,-0.21056345,-0.8663038,0.2307218,0.30388102,-1.0875139,-0.63002586,1.4834583,-0.638247,-0.052008767,-0.20390138,-0.27702814,0.19642058,0.45631585,-0.9509189,-0.010618145,0.50139534,-0.1063687,-0.81846565,-1.0674154,-1.8746065,-2.4085767,-0.08765474,-0.1792217,1.6805164
0.61662257,1.039166,0.12830181,-1.1118436,-0.71576387,-0.7628069,-0.63997525,-0.46331668,-1.5830874,0.8617807,1.1662974,1.1682079,0.7176865,-0.79594976,0.6888285,-1.3754327,1.0889194,0.2750187,-0.32369375,0.52283067,-1.0216364,-1.4762205,-1.9364017,0.35461897,0.6740145
-2.295275,-0.11431646,0.109051585,-0.12760061,-0.6865426,-0.41051078,0.22164617,-0.7027133,-0.5892988,-1.9165821,-0.044647545,-0.04118084,0.26148227,-2.4647713,-0.07253927,0.020883635,1.2351737,-0.14275518,0.96730894,1.0243871,-0.95401967,-1.7405219,0.020311147,-0.39193642,-0.16530421
-1.6607238,0.34177947,-0.44328102,1.0624901,0.75439924,-0.6235199,0.95443976,-0.5181724,1.3993478,-1.2524703,1.0366933,0.34134188,1.3577865,-2.1386404,0.112927586,0.48179027,-1.3297977,0.5956075,0.9433229,-0.061296724,2.4008694,-2.5529761,-0.23857136,0.42304546,-0.031264573
2.636156,0.49678332,1.1394346,0.27354595,-0.71576387,2.1523776,1.1426402,1.892703,1.6236032,0.41234675,0.11200991,-1.8328891,1.2477458,-0.5686252,0.85223687,1.4537079,1.5071286,-0.17380463,1.1401438,0.17348614,-0.8987694,-1.4232249,0.253219,0.0047222376,-0.6739307
0.1939249,-0.3111738,0.6103955,-0.29889035,0.949,0.8941374,1.4526342,1.3560392,1.894778,0.42444253,0.00034859776,0.17352177,-0.7114994,-1.342821,0.05334997,0.04401344,-0.99831885,0.91318536,-1.9121491,-0.25160322,-1.5270946,0.021508336,-0.48625118,-0.40876263,0.06839967
0.25451052,0.4253868,0.715306,0.7718213,-0.39018494,0.28251886,0.78037053,-1.082049,0.25679925,-5.1333513,-1.0500828,-1.2995318,0.29920492,0.6512168,0.46742088,-4.0635033,1.7279044,-2.2622476,0.50419897,-0.18638887,-2.7768545,0.2034958,-0.44348344,0.40986195,-1.9807457
-0.6183788,-1.392437,0.9924078,-0.06578356,-0.18205354,-0.89595234,-3.2555978,0.8806192,1.5407721,0.95988035,-0.91781425,-0.4811371,0.6948581,0.17073631,0.09874973,0.07660886,1.2937057,-0.27995828,0.54163283,0.6795895,3.4734929,0.060189992,1.0119168,2.8542366,0.36545688
3.0782318,0.21042368,0.64931375,2.1151202,0.031601064,0.92189,2.237046,1.0028896,-0.08500576,-0.58558404,2.5935445,0.48684716,-2.2363489,-1.0208687,0.7778148,3.0511432,1.4846015,0.45034468,-0.77072686,0.55234885,2.1546438,-1.7925351,0.88619906,-1.2189244,-1.6152756
-3.3169918,-0.75279695,0.09684439,1.4105738,-0.17960794,1.2004696,-0.69375,-2.6183505,-0.9588599,0.08228878,-0.096512705,0.07853672,0.49362528,1.1803575,1.0285888,-1.0979558,-3.828733,-0.074726045,0.24902615,-0.024578497,-0.019055441,0.9908185,-0.038580365,-1.46898,-0.6009666
-3.7359438,0.13294354,-1.3287405,0.2395585,0.75618684,-0.750496,2.3231056,-0.04350272,1.2750676,0.6076113,-0.6109507,1.4568834,-0.059274226,1.6957793,0.55769414,0.5744657,1.1930583,0.33190197,-0.63877374,0.51205003,0.8152295,1.9761153,-0.12961155,-0.37599286,-0.45967203
0.7223214,-2.7707195,1.1177049,1.8380611,1.4149024,-0.096325755,0.11541903,1.075431,-1.4613388,0.39956754,-1.364564,0.09963933,-1.0734642,-1.4804692,0.23893332,0.015795484,1.1635137,1.8595158,-0.31940117,-0.055545613,0.9167727,0.77071106,-0.5100372,-0.89849627,0.9440316
-4.3285546,-1.0858059,0.72140944,2.616543,0.49198744,-0.18002355,1.629703,-2.7103405,-0.37408355,0.07801713,0.8249402,1.0243183,1.5838287,-0.40752795,1.5758313,0.2547853,1.571954,0.5041435,0.64598465,0.15224938,2.925071,-0.5265961,0.20920467,1.2371309,-0.47626936
-1.5296702,0.5293758,0.21408707,3.5933232,0.28424296,2.0711346,3.6733441,-0.43088984,2.9837055,-0.14645441,3.3240864,0.89746344,2.3765378,2.2568774,0.52919334,2.5218964,1.8375357,0.3879332,-0.26699337,0.41377804,2.6909142,-2.0506065,1.4131709,-0.3498491,0.38097534
0.89656717,0.15346873,-1.5201293,0.036377415,-0.03547685,0.067364216,0.75686914,1.9657943,1.8337029,1.640108,4.338084,0.883975,0.40559444,0.42633712,-0.38680428,-0.456841,-1.9127706,1.7482619,0.16844255,0.23503545,2.0484936,-0.22735322,0.7685917,-2.134815,-2.5668046
0.78249776,0.51949203,-0.60124624,-1.6958004,-0.68526596,1.5376921,-0.79868054,-0.17774159,-2.9460042,0.82736754,0.090444684,1.1220348,-0.23250452,-0.40578184,-1.2476473,3.2655773,-2.717369,1.1779587,-0.46224815,1.1188663,1.2019491,-1.3253338,0.022089839,0.6257319,-1.1857426
-3.1208034,0.35956743,-0.5771325,-1.4219534,-0.110903636,1.0088109,-2.5671802,1.9772832,-2.2232277,0.28558457,-1.2633047,-1.106046,-0.8358958,-1.7278769,0.5472982,1.5892155,2.4043717,0.7622433,-1.4253675,-0.27431864,1.5010414,1.3440508,-0.33698782,-1.2471615,0.096321404
-0.7211768,-0.099264756,0.07967982,-2.0505972,1.1392758,0.6211449,1.0286957,0.33998027,-0.5549579,-0.57707006,-1.7726789,0.15355086,1.1547922,1.0174875,-0.5402082,1.219677,-0.27148122,1.0207366,-0.51872164,-4.135877,-2.956872,2.0690935,-0.38276327,-1.8472928,-1.1478633
1.2775414,-0.4083221,-0.3135409,2.961265,-0.025262488,-2.0834732,-0.02717179,-0.63390017,-2.462283,-1.2562591,-1.2494074,-1.2230387,0.017083198,-0.66289735,-1.9831398,-1.7943518,0.25420082,-0.27125695,1.1068695,0.13169682,-1.187021,0.3243012,-2.7365108,1.3019302,0.1951741
-6.2804313,-1.0847378,-0.06796713,-1.7173188,-0.78729016,-0.5544508,-1.0129936,1.4151258,-2.1024022,-0.91044074,-1.0813382,-0.91894376,1.5684059,-1.3865734,0.32887483,-1.1808945,-4.0141506,-0.6047312,1.1401438,-2.2388945,0.8984806,-2.0908086,-0.005942464,1.4889095,-1.054755
-2.4481459,-0.529835,-0.02741438,0.44572815,-0.29831284,-0.1253627,3.193303,-0.86816883,0.4531284,-0.21764828,0.26792246,0.9408022,-1.7542133,-0.38734645,0.87923443,0.07634443,1.9026563,-0.75143033,0.70105296,-2.4311543,-0.90863883,-4.440567,-1.0384806,-1.2580827,-1.8148658
-0.46318138,2.7144084,-0.12980753,0.116179556,0.36533362,-1.9335997,-1.9019257,-0.27106345,-0.057884336,0.72500724,0.26886952,-0.75092983,-0.7981227,1.4904354,-0.27749515,-0.9869927,0.6327831,0.16964307,-1.4986333,0.9434323,0.32390073,-1.1571023,-0.9955704,-1.3378069,1.9895797
-0.8774086,1.6274706,0.78076226,0.2740684,-0.03547685,-0.51037765,-0.07103795,-0.8314548,0.38010192,0.08228878,0.273139,-2.5147052,0.8328861,-0.5858197,0.5465442,-1.3216988,0.6856619,-1.2080522,-0.00486216,-0.20307319,-0.6941743,-1.1823213,-0.032033756,-1.6421494,0.84411883
-0.2186223,1.3842719,-0.2882255,0.050325125,-0.21628919,-0.46630108,-1.3580097,0.90302014,0.6797573,-2.026158,-1.6227064,-1.7576936,0.5177854,0.725491,-1.6613568,-0.9733534,-0.68037593,-1.5455849,0.01690052,-0.2613909,-1.054286,-2.2209363,-0.2100991,-1.1866589,-1.1501746
-0.40553913,-0.5427898,-0.21005459,0.8201963,0.032519415,0.19907832,0.29080373,0.42789322,0.43658644,0.40786004,-1.2705535,-0.6899543,-0.59704113,-0.06144154,-0.09610662,0.8819766,-1.0097294,-0.35227525,-1.2965739,-0.59868544,-0.93573534,-1.1267434,-0.21197468,0.67480874,0.78803194
0.2944524,0.041940987,0.10946537,-0.43895632,0.40523335,1.1578903,-0.8521011,-0.772595,-0.8927468,-0.5799425,-3.311986,-0.9457669,-0.21508521,1.5391378,0.069012016,0.18089193,0.31995672,-0.6002032,0.02262385,-1.0226699,-1.605943,0.20689312,-0.3194828,0.48148245,0.26480472
-1.0450239,-0.20289743,-0.07597278,-0.2081533,0.3444385,0.9958415,-0.023284435,-0.09857112,-0.4394024,-0.188778,-0.7837102,-0.8055501,1.0388201,1.7873237,0.06879003,-0.42890015,1.0718815,-0.6580348,-1.8212131,-1.6918349,0.12185051,1.867404,-1.0903783,0.46458554,0.8736087
1.4207544,-0.4205859,0.43315923,-0.12757993,0.67255443,1.2172961,1.7869895,1.8129313,0.49064007,-0.06634486,-0.8413383,1.1753727,-0.40538454,-0.46920776,-1.0669651,0.80670667,2.0625026,0.22365956,0.50906515,0.52034706,1.8235883,-0.5583526,0.06514745,-0.81643087,-3.5201364
0.43467692,-4.729954,-0.7296779,1.2942808,0.34707385,0.8731649,-0.015816838,0.30512512,0.35401675,0.038987767,0.82158005,-1.5047479,1.5766006,-0.56669503,-0.46474454,0.16407925,-0.052771807,-0.33098632,0.087892495,0.07563601,1.3803192,2.894853,0.7629087,-2.164199,1.2819138
-0.36182567,0.14552775,-0.4011638,1.179687,-0.5408547,0.20150153,0.7194076,-3.4033937,-2.1704788,0.86903286,1.3899702,-1.2571702,0.8933524,1.0975657,-1.2791967,0.1775999,-3.546526,-0.9229931,-0.87443614,0.6043483,1.312299,-0.4312119,-0.97857004,1.0819952,0.0881173
-2.719272,1.3792121,-0.3086865,0.27549654,0.18868503,0.5973667,0.51634103,2.670748,0.46911305,1.3506075,-1.7894179,0.86480856,-0.5581885,0.40991637,-0.07206339,1.0353911,0.590888,1.8001806,0.13056017,0.95907056,0.616945,-0.65477675,0.19253945,-1.0762458,-2.9894783
0.2833442,-0.9014696,-0.124485396,0.81799984,-0.12215473,0.7665861,0.9371395,-0.33487827,0.3129149,0.44280583,0.5063689,-0.14459479,-0.5300649,0.44437322,-0.7378094,-0.52793527,-3.2535894,0.88915455,0.33138788,0.09290503,-1.0285776,0.75021946,0.8636618,0.617076,1.0860906
-2.1725717,2.1744318,-0.8644384,-1.4911995,-0.43227592,-0.80019796,-0.21542071,-1.3743416,0.12922269,0.7638837,-1.5538872,-0.562699,-2.5882866,1.1114807,-0.11797549,-0.71555775,0.2360006,-0.594671,-1.9869592,1.07514,0.24698615,1.2720186,-0.38233444,0.4224239,-1.0073422
0.17016447,-6.288821,0.47083056,-1.6630285,-0.12529244,1.6167953,0.37519175,-0.28947037,0.82396543,0.36295193,-0.6537694,1.3727005,-3.213346,-2.8779752,-0.5208353,0.5722972,2.3528364,-0.6160223,0.37231648,-0.9970353,-0.7084459,2.6818197,-0.8092705,0.85928905,-2.0866928
-0.21263278,0.5661087,-0.11512331,0.58818746,0.21339257,-1.5686071,-0.5393809,-1.3246413,-1.2551169,-0.031091351,-0.6656604,0.61931735,-0.46024287,-0.8347828,0.04383579,-0.76037896,2.1572394,-0.34439716,0.54163283,0.2881259,-0.35278562,2.3146327,-1.026987,1.3045076,0.77330995
-5.3606,0.18842334,-0.43246228,0.42273882,-0.55956817,-1.3479198,-0.22529505,0.39394405,-0.5429913,-0.14521255,0.3757691,0.3785653,-0.3586928,-0.8426247,-0.45899537,0.88317287,2.2057629,-0.62019247,0.29282242,-0.024578497,-0.3168564,-2.58011,-1.9222779,1.5716337,1.0324422
-1.7445841,0.08094752,-1.1213335,0.81222403,1.8571197,0.058404446,1.7564942,2.3165045,3.193948,-1.2767619,-0.0011301041,0.07949312,-0.31133384,0.023869276,0.27906713,-0.08845192,1.985223,0.5860546,0.19933271,0.2197963,-2.620364,-0.107242554,-0.6484288,-0.4757585,-1.1842868
0.3723313,0.4866762,-0.1017218,0.40215582,-0.0724108,2.479875,0.95947737,-0.09708312,0.43278515,0.68855006,2.3746042,2.6263268,-0.5093169,-0.6464742,-0.03606759,1.4705421,-2.5827034,0.4733976,3.3008213,-0.9731396,1.2653766,0.14956415,1.4475977,-0.049354017,-1.239305
0.13726199,0.48152053,-2.6429427,-0.11335474,0.34126505,0.91655403,-0.5075063,-0.8147391,-0.5226172,1.5692598,-1.1985655,-0.3864122,-0.3777002,0.15849215,1.6146696,0.71878886,0.92167413,-0.2183526,0.52442044,0.04384485,-0.62051886,2.983612,-0.46937656,0.8046101,1.8401092
0.2658683,-0.5702685,-0.7222274,-1.0323236,0.0013234671,0.32362336,1.279257,0.4440329,-0.5492772,-0.011435889,-1.464922,-1.1677,-1.7378843,1.423073,-0.9950822,-0.5291781,1.466691,1.1831586,-1.0572673,-0.5619384,0.2477142,3.5390368,0.44210696,1.8274117,1.6024423
0.5212798,0.01611127,-0.33620945,0.9288854,0.27391434,1.6517794,-1.4978701,-1.4908819,0.26570842,-0.35798088,1.5550888,0.22907084,0.5488635,-0.4500625,2.062066,-0.06437737,-1.1331062,-0.3171596,0.18737686,0.2544537,-0.29319248,1.6198983,0.7134186,1.742858,0.6614287
-0.7064602,-0.032117903,-0.38865638,-0.7861115,-1.3273634,0.4945892,-1.5335114,0.7940352,-0.63932455,0.038987767,-0.5861472,2.35665,-0.127163,0.9162505,-0.27812073,-0.5031641,0.9121308,-0.39299238,0.15134794,-0.5730242,0.77275264,0.6449041,-1.1288354,-0.45478803,-0.7534542
0.28164604,-0.24364161,0.55290234,-0.6632504,0.5050505,-0.49448672,0.6222559,1.1789842,-1.0293413,0.11609048,3.6386087,0.27706438,-1.1133451,-0.2360639,0.16593997,1.3176354,0.052828833,-0.97003746,0.87650806,-0.45477152,0.13675019,2.2421403,-0.8944564,-2.4312086,0.1475786
2.3182564,0.49626553,-2.9645076,1.1778034,-0.653941,1.4969456,-0.6118455,-0.50564617,1.9850361,-0.2516698,0.6200169,0.53953177,0.34348467,-0.0011915267,0.12515533,-1.3237424,1.447256,0.2586279,0.71099573,-0.66531146,0.4584356,-0.9074409,1.9606661,1.142667,-1.7114104
1.2097788,-0.9211984,0.67714226,-4.4991474,0.7171161,4.5572505,-1.0201001,-0.15720251,-4.203046,1.4889327,0.3132177,-0.26167977,0.46973217,-0.118876465,0.7586491,1.8572242,-0.8594723,-0.28447896,-0.30275536,-2.1797903,1.8587632,-0.56705534,1.4163195,-1.1791975,0.10840781
0.15087944,-0.65559596,-0.28901693,1.2488143,0.33794972,1.5548979,1.2721438,-0.98618054,-0.9156009,0.48329818,1.1811769,1.772486,-0.43329552,-1.2024261,0.6360966,0.39447993,-1.270063,0.59060633,0.26955616,1.5097883,0.8420671,1.3335093,0.814873,-3.2215753,0.43570268
-1.1120067,-0.06563017,0.053318564,-0.4282727,0.09067785,1.607753,-1.0232489,-0.6542714,0.081344545,-0.019261744,1.1709548,0.8887118,0.21157183,0.1367693,-2.186795,-1.3090428,0.0354113,-0.3840185,-0.34442404,0.52034706,-1.4718232,1.2105067,0.86070067,2.1788757,-0.905713
-0.37422168,0.31856412,0.053242464,-0.24602541,-1.0286474,0.006921768,0.49302205,0.6764531,0.49508947,0.11074804,1.765698,-1.3416189,-0.11066392,-0.39778462,-0.6639992,-0.85360414,-1.4050509,0.6208061,0.087892495,1.0270652,-0.1147984,1.3022448,-0.079157785,1.0558498,0.37615925
0.6448126,-1.439779,0.15956904,-0.74969447,-0.08523752,-0.22243255,-0.96360624,-0.8680955,-0.11967209,0.50200266,-0.6823759,-0.16730253,-0.5262906,0.09258312,1.2469405,-0.93044037,-1.5706794,-0.41804424,-0.6157437,-1.5556595,0.5862901,-0.3690283,0.43096715,1.2837362,-1.0309099
1.6789274,-0.4269262,0.41250002,1.7233089,-0.028607594,-1.6972957,-0.169188,-2.2551985,-0.006960064,1.1896521,-0.70429814,-0.96979976,1.0211834,-1.2079792,0.10117376,-1.1400751,4.088042,0.05196777,-1.2370551,0.8845488,-0.52493614,-0.9013921,-0.97367287,-1.5989501,-1.4662606
-1.7784083,0.18656266,0.22426242,-2.1196444,0.31385747,-1.289804,-0.46035975,0.40391582,-3.0257254,0.031934492,-1.8481263,-0.7342139,0.8194604,-2.5834405,1.5530124,1.8573685,-2.6498053,0.01121081,-0.033747118,-0.64721906,-0.1739155,-3.5265732,-0.31627005,-0.8236476,-0.5461023
-2.5802045,-1.3128055,-0.84859246,0.3874573,-0.5408547,-0.4407741,1.5639794,-2.9326327,-0.55143976,0.752166,-0.37981284,0.5270623,1.0659728,-1.3541664,-0.8481281,-0.21361566,2.4553642,1.2876512,0.08251625,0.8021112,-0.25189024,-1.4494808,0.7817366,0.5549239,-1.6807096
0.62082064,0.09335935,0.86549467,0.30503094,-0.32083142,1.5798444,1.8758919,1.0571165,-0.43255162,-0.34388074,-0.16030374,-0.5591931,0.6758315,-0.06428267,0.5350611,2.5390518,0.9457933,1.0501235,0.46788815,-0.033108313,2.0649464,-0.12009311,-0.031565607,0.062964946,1.5418912
0.6657401,-0.042200267,1.8044348,1.3865012,0.4361027,-0.87406504,0.28477886,-1.5325387,1.9626398,0.58327496,0.6981132,-2.1582563,0.28187108,1.3022759,0.5771645,0.14858907,-0.51472354,0.96332157,1.1960511,-0.66531146,1.3335446,-0.14652836,1.0725777,0.1950762,0.11299336
1.5723455,1.5524503,0.040674407,0.9849181,0.4303144,-1.1308817,2.6253057,-0.59577,-1.6903602,0.47072446,-1.079371,0.8042522,2.2512531,-0.02399534,0.8705597,-0.9114443,-2.3532145,-0.41954708,0.63319385,0.71052676,-0.19053228,-1.8901467,-0.47815043,-0.6832684,-2.9530802
-4.561026,-1.2102935,-0.7552349,-2.235755,0.42907828,-1.0304912,-1.3208703,-0.120108604,-1.341286,1.8990014,0.6039754,1.6168554,1.7681384,-2.225369,-0.072004944,1.0173211,0.36248147,0.8245064,0.2922892,1.0470351,0.37627175,-2.4127302,1.236062,-2.2940063,2.4376013
0.49215543,0.114893675,-1.6301743,0.52314925,-1.1445606,-0.58299917,2.1228979,0.2129494,0.14449716,1.3821062,-1.1684759,-0.9283521,-0.64745134,-3.4157236,-3.7221632,-0.34984174,-3.407668,0.6915622,-0.5436632,1.0243871,-1.7305661,-2.108213,0.6532508,0.074175835,-0.79318285
-0.35617688,0.020793736,-0.3711893,-2.109157,0.90715307,0.79100037,-0.17052433,-1.4214599,-0.3196286,0.97819227,-1.0218244,-2.340028,0.7461204,0.10918367,1.4651595,1.3063401,0.45643693,0.48321903,-1.1275661,0.09670239,-0.35342634,1.2079573,-0.1382935,-0.3453384,-1.0974201
0.20557189,-1.4230999,0.87106365,0.75526714,-0.33008614,-0.82806563,0.26845738,0.03870661,-1.5508528,-0.052008767,-1.1244148,-0.61819863,1.5106485,-1.9106811,-1.1808335,-2.965279,1.892139,-0.31157717,-0.33454698,-0.30282885,-0.36920792,0.7080853,0.1569978,-0.38651866,-2.3722172
-2.2347682,-6.0154877,0.32957333,0.46895105,0.60616726,-1.3904155,0.34147614,1.8765486,0.31676158,0.8617807,0.71660054,0.38034612,0.030988991,-2.826999,-0.9934959,0.17568752,-0.48405194,-0.20968033,0.55596536,0.5329699,-1.2556094,-1.0227995,-0.67994463,-0.860878,0.6084331
-0.96449906,0.21917295,0.93038815,-0.36814457,-0.1405963,-1.2632551,-0.6244277,-0.7041944,1.0793498,1.1230228,-4.5316577,-0.51622623,0.60823,-0.059578538,0.5929401,-1.1675899,-0.8638111,-1.0453928,1.2463081,-1.306622,-0.54976267,-1.5951637,1.3629315,-0.01806271,0.7012888
1.9902662,0.6887555,0.98200095,-0.33641273,0.38708976,-0.20585078,0.37392375,0.08193946,1.3704083,-0.27770087,-0.09486848,0.191117,-0.40344396,-0.1463486,-0.171973,0.039674252,0.14885616,-0.5641271,0.3574914,0.2808387,0.8333262,-1.2585689,-0.25303668,0.6140256,0.3408875
0.93740594,0.8102422,-0.13211845,1.5811741,-0.1619008,-1.0552042,0.7062209,-1.4855975,0.6738703,0.28787845,1.7024823,-0.6319617,-0.016670808,1.2982074,0.3975468,-2.584426,1.3621587,0.6185814,0.09715972,1.4815626,-0.9460536,0.875116,0.8445754,0.4837643,-1.7822624
-3.5805078,0.7565333,0.00911813,0.07200301,0.5892995,-2.4549763,-0.51477295,-1.9971917,-2.6220443,0.14179315,0.53934574,0.20120871,1.4852102,-0.6909623,0.59373486,2.1302435,0.68726104,1.1007719,0.48793083,1.3736444,0.67830956,-1.9819314,1.0731223,-2.0328453,-1.4928237
-2.1756992,-2.5569916,0.44948432,1.756048,-0.37341768,0.2977507,2.047969,0.46388435,1.7566404,-0.16458735,0.2495029,0.12340398,0.6323038,-1.0071263,-1.192053,-1.5348716,-0.4955188,1.5757463,-0.9477396,0.13169682,-0.73963094,-2.7628365,1.1788427,0.9637734,1.3020104
-2.3107505,0.3864497,-0.77270067,0.83611053,0.75618684,0.38018483,1.376264,-1.7276273,1.4619054,0.5151948,2.578811,0.7800107,-1.225579,0.9836369,0.037410706,-0.041123867,-1.2835531,0.50910276,0.72122824,0.41377804,2.821296,0.058484197,0.4369137,-1.2545316,0.4432465
0.56060904,0.6423447,0.22418514,1.1916239,0.70937485,1.6252241,0.54388344,0.36139068,1.8833195,0.3979369,0.7152711,0.054328382,0.89341587,2.867317,-0.73524,2.3743255,-1.6959653,0.28464174,-0.4516769,-0.005302339,-0.12879688,1.095832,1.6544168,0.779402,-0.5427928
1.3725814,-3.3961082,0.76252055,0.48965734,-0.05549328,-0.5114989,0.2669739,-0.37058684,1.192143,-0.40505698,2.20463,0.8348334,-0.29666278,0.45060855,0.21595925,-0.5672263,0.30740213,0.45425534,-2.2050633,1.0234282,-0.48703566,-0.3894291,0.06786066,0.23317748,0.5352659
-0.23154229,-0.6438111,0.60317034,-0.68326503,-0.03465464,-0.04537508,1.135997,-1.1689656,-0.21618308,0.33663347,0.52450955,-0.48302013,0.6406328,-1.1866126,1.0583478,-1.1167203,1.2960768,-0.91493076,0.4734715,-0.32028872,0.82407176,-3.352576,-0.017124534,-0.3243311,-0.7097227
-0.2362842,-0.80756605,-2.0692499,-0.27605215,0.36533362,-0.35507098,0.26931322,-0.05136523,0.76016104,1.5360874,0.7409967,-1.3922659,-0.6452465,0.3483968,0.62967885,-0.696326,-0.13331765,0.25069413,0.52952814,1.2053629,-2.1375475,-2.4707804,1.4276261,0.8296883,-0.98020333
-1.7281125,-1.6168168,0.88148427,-0.9994277,-0.066629075,-0.43092072,-0.78734183,-0.3800311,-1.6518048,-0.13776049,0.96078134,-0.6288296,0.33606523,-2.405634,0.7625765,1.0734339,1.1021142,0.5763704,0.08999781,0.05492207,0.43771338,1.7494287,1.2560105,0.04823649,-1.7966356
1.8512654,4.199088,0.69646895,1.654799,0.32645288,-0.6957699,0.57710123,0.6598058,1.3745952,0.02481709,0.39730096,0.76201034,0.43210408,-0.21406779,0.8640373,0.7044711,-0.674379,0.6643992,0.2289675,1.3623141,-2.5869145,-2.5870962,0.8845718,0.48678407,-0.5620502
-3.380597,-0.7815611,0.47030994,-1.3546207,0.54744637,-1.0363159,-1.361113,-0.039899975,-0.8706583,1.0908111,0.74791014,-0.13532129,1.4095259,-1.3298376,-0.2090843,-0.52552015,0.39973968,0.37793082,-0.34053808,1.1314917,-2.4865823,-2.4302077,-0.9476975,0.7053354,1.225003
-0.062719226,0.6700067,0.27998117,-0.74500525,0.6504116,-2.804871,1.9528834,0.08195868,-0.34938377,-0.16023293,-1.9281704,-2.7656121,0.0898097,-2.6441078,-0.2563531,-1.8428011,0.07551956,-1.2593883,0.9510625,0.15255259,-1.3795797,-3.0864208,-0.8328746,-1.9249463,-1.3579838
2.3022022,-0.88277006,0.09219428,0.17099613,0.45930305,-1.1966305,-0.39320868,0.9897211,-0.16033643,1.7962434,-1.0581949,-0.45154142,-0.2464801,-2.0431006,-1.0137835,-1.7717681,-0.47462922,-0.86030746,0.005421271,0.669477,0.038440764,-1.2387264,0.4548584,0.55569,0.4731441
0.28146914,-0.73885024,0.7915301,-0.41523308,0.59612364,-0.06562607,1.4963819,-0.6164726,-1.2487311,0.48329818,0.5983734,-2.7320607,1.8443829,0.19291106,0.4724862,-0.13085085,-0.824516,0.33250293,-1.0572673,0.91105694,-2.05409,-1.6522979,-1.609059,0.48960927,0.27495193
-3.386527,0.8623055,0.39757094,0.36863768,0.074339844,-1.276862,-1.7347558,-1.9702244,1.3846142,0.56885636,-1.0407819,-0.3355417,-0.37264046,-1.7652113,0.504105,0.2213335,0.8008617,0.787251,0.27860454,0.48113415,-2.692718,-1.5523624,-0.41032344,-0.88097954,-2.713332
0.9654315,-0.8607261,-0.22786994,0.35594273,-0.21425602,-2.839543,2.8790472,0.17419976,2.0212553,0.62600845,-6.2277765,-3.7878456,0.96879697,1.3217133,-0.48670748,-2.9817488,-0.64514995,-1.644832,-0.6530588,-1.4599168,-1.4485788,-0.46217418,1.93968,-2.4932334,0.030355252
0.21826148,-0.44282648,0.7733221,-1.5253292,-0.13155034,-0.82619596,-1.9401045,1.1626965,-3.8851957,0.053956218,0.39685684,-1.341974,-0.58564186,0.2891704,-1.7490659,1.1967039,-0.3822689,-0.48024008,0.15265775,0.40054965,-1.1491201,-3.3088675,0.036828578,-0.3696543,-0.8223141
-2.3577516,0.051333845,0.81415635,-1.6168227,-0.16382316,-1.3986737,0.06778696,-1.8906941,-1.6279943,0.060736403,-0.6504161,-1.726727,-0.5924083,-2.5723133,0.10246207,-1.9348371,1.1911967,-0.8645796,-0.6721161,0.72306794,-0.6102276,-1.6996936,-1.0291791,-1.6950718,0.42421833
2.913444,0.28440082,0.92631006,1.1819866,0.22961886,-1.3796142,1.1875567,0.5608253,1.5853629,-0.93321407,-0.7050346,-0.45487422,1.3050367,-2.3183553,-0.0144394785,-0.20551366,-0.7154299,-0.5605163,-0.1345233,-0.35528007,-2.474214,-1.4605086,-1.1849833,0.95910716,-1.4746716
-2.0342534,-1.7164879,0.5529654,-0.5213553,-0.05549328,-0.88994336,-1.3977057,-0.6459822,-1.5894353,-2.9587493,-1.8925626,-2.5358152,-0.47606903,-0.6116233,0.7267399,-1.0717431,1.5225186,-1.4454157,0.5910901,-0.24136472,-1.0947722,-2.1214573,-1.3940239,1.0355661,-0.7051266
-2.1302829,-1.3181921,-0.22622128,1.7478446,0.06863111,-1.8566566,0.16993818,-0.84150714,1.5540047,0.43170142,-1.1170504,-0.17583689,-0.7131075,0.78219986,1.5308008,-1.4666932,-0.15122509,-0.0029458404,0.60699433,-0.84125465,0.22693402,-1.6357167,-1.0237606,-0.31013,-0.40630728
1.6366471,-2.396613,-0.03034181,-0.569173,-0.90032256,-0.4249609,1.5550878,-1.0199937,-0.87331563,-2.18812,1.4018148,0.69125116,1.8960117,-0.0708552,-0.92928886,1.5336245,1.8067322,0.18003727,-0.3888754,-0.67424655,0.54454786,1.0091274,-1.2523339,-1.9442016,0.7531526
0.87728703,-0.5889735,-0.35032573,-0.33890235,0.10146199,-0.07178107,0.22473574,-2.7809944,0.03362325,0.14179315,0.10134784,-1.1033041,0.28545213,-2.4122384,-1.2843719,-0.34815073,-1.5844932,-0.8079522,-3.452647,-1.5067364,0.60557616,-1.796854,-1.467511,-0.32489288,1.2737024
-0.4714356,-1.9938877,0.56845087,1.405474,0.27287704,-1.9124231,-1.78134,1.3108764,-1.4671798,0.50496393,2.359253,0.20499574,0.6723869,-0.96258956,-0.40436357,2.0402486,-0.035430312,-1.7084414,-1.3335935,-0.5259215,0.10556649,-0.34349352,-0.5065088,0.2174393,-1.5433873
-2.8380556,-1.1973487,0.69879955,-1.6911093,0.23934196,-0.62211597,0.6097926,-0.16984904,-0.70918524,-0.77071625,-2.7125664,-0.7513855,0.2240049,-1.5135877,-0.22862726,-0.6099311,0.7820097,0.029879317,-0.97175485,0.75927377,-2.2939684,-3.5098586,0.21035683,-0.18279113,-1.2931175
-0.067996934,-1.7203848,1.1350595,0.33038828,-0.09893138,-3.0061634,0.08427796,0.525033,-0.57335556,1.1433941,-2.64051,-1.3080076,-3.3133142,-1.4787267,0.080714494,-1.7986065,-0.10366562,-1.9643724,0.3230765,0.064312644,0.43512225,-5.258804,-0.9742239,0.39387918,-0.5448257
-0.3075989,0.25373122,-0.5056476,2.7377477,-0.250736,0.3676988,1.8957267,-1.222878,0.59189606,0.14318663,0.7829856,1.5076518,0.92260027,-0.82771724,-1.9220948,-1.3757052,1.2677426,0.3296123,0.3574914,0.48113415,1.246814,-0.6657324,0.63398534,0.30877998,-0.43150717
1.4236672,0.35116646,0.55375427,-0.86362916,0.81129885,0.18473253,-1.6354145,1.0585499,0.1829031,0.34113896,1.366879,0.755011,2.1556773,-0.52705204,-1.0681341,0.54676557,-0.53473234,-0.25977552,0.41331622,0.97202617,0.31668013,-0.33892894,-0.07285172,-3.6603966,-0.74259335
0.38153094,-0.35547626,0.16133094,0.8011838,0.09768377,0.7858894,0.8445215,-1.1187465,-0.4857396,0.01930237,-1.0899884,-0.47604343,-0.5178081,-2.1120815,-1.1776317,-1.0565882,-1.3809708,-0.29456687,0.21230331,-0.21483731,0.15122068,-3.1365738,-0.66501486,0.6184825,1.6666214
-1.7854767,2.386291,0.69638646,0.53444266,-0.1625241,-0.3314206,-0.59789526,1.439017,-0.341573,0.26753744,1.1647422,-0.08624692,1.8549323,-0.2554124,-0.08911848,-0.7655401,0.29190007,0.2173456,0.67275876,0.10157113,-0.5877944,0.27366188,1.2624961,-0.37801594,0.05626905
0.066344485,-0.13532017,0.040674407,-0.5034791,0.29465207,-0.09979665,-0.01503855,1.8703715,0.6182563,-0.27317214,-0.40432158,0.7844455,0.73889804,-1.6397351,0.40842065,0.2657769,-0.63607156,0.17008497,-0.6520351,0.6218613,0.8200711,-3.3926616,-1.0657547,-0.05964136,-0.36371136
-0.057136655,-0.6927153,1.1274772,0.22179121,-0.7200357,0.8506917,0.94675255,1.60607,0.26560885,1.1236477,0.99647534,1.6362066,0.7376723,-0.34728056,-0.41678822,-0.7764583,0.52539086,0.34557796,-1.9869592,1.4815626,0.009799987,-0.49323404,0.8417642,0.0804919,0.27494705
-1.305572,0.91601586,0.72562116,0.5190071,-1.1300304,0.042116508,-1.6997778,0.8148767,-0.6688013,0.85900486,-0.627051,0.6200976,-0.71889865,-0.5283385,-0.16534969,-0.5351888,0.68958724,-0.903401,0.335329,-0.5342154,0.026642889,-0.50265247,-0.40248585,1.0913906,1.3980596
-1.1124185,0.015144765,0.6470713,1.1549578,0.07222248,-0.60805416,0.89488345,-0.45402837,0.6157123,-1.0219032,-0.021427006,0.28362775,-0.28398165,1.4924295,0.9213592,-0.15117548,-0.26160306,1.049551,-0.23294319,0.51952547,1.3546851,0.3544186,-0.7142215,-0.40550202,2.462616
-0.32912797,0.49845317,-1.7177808,1.0467491,-0.36124614,2.8820672,-0.3545847,0.9166864,-1.087135,0.062891796,0.6155902,1.2931806,0.8611181,-0.62589556,0.22961065,-0.005141914,-2.2491,-0.587634,0.94593275,-0.024578497,-1.186726,-1.9947934,0.3503382,0.2128647,-0.38703978
-4.9255505,0.8602846,0.5529654,-3.807873,0.42003283,-0.5607366,-0.19584335,0.9783248,-3.2592065,-0.33101454,-0.104496956,-0.41641578,0.6852702,0.25513333,-0.2519746,-0.9202891,2.3946142,-0.800671,1.049371,1.3555355,-2.006892,1.7539009,-0.86682487,0.054148003,-0.44947547
-1.5926226,1.0013248,-0.3135409,0.13711159,0.2306028,-0.41373718,2.4701657,-0.8960185,0.6805885,0.12226784,1.4084089,0.37901556,-0.16447443,-2.765095,0.6006708,-0.7364124,-1.1944785,0.939324,0.51499844,-0.46657008,-0.19139487,-4.5303316,-0.7009927,-0.11079267,-0.30975267
-1.245503,-0.14421877,1.1820459,0.38229647,-0.9248922,0.3095818,0.7714919,2.9200768,2.6309721,-0.57707006,-1.0057938,0.35822064,0.1271464,1.2593161,0.78345156,1.4000361,1.5859816,-0.6196165,-0.5957371,0.5513736,-0.8164416,-1.851398,-0.3123269,-0.6612674,-0.60102624
0.29722422,0.20879152,0.28935626,1.0469272,0.45756552,-1.4924914,0.76892596,-1.3015034,0.07807535,1.7962434,-0.9156344,-0.5051484,0.4759102,0.5077355,-2.2218487,-0.18895322,-2.3612041,0.5725865,0.31890148,0.040060557,-0.024079353,-0.74192834,-0.016585499,0.8627099,2.6840823
-1.1838024,0.14623925,0.20536308,-1.1970907,-0.6116354,0.5282113,-1.8747468,-1.5761955,-0.4124356,-0.30977404,-0.057802588,-0.27931815,1.0306295,-1.5966661,-0.07396439,-0.675905,0.12676048,0.15392661,0.51241165,1.0818415,0.53556424,-2.999117,0.013722885,0.020383485,-0.65227234
1.1386592,-0.1385514,0.07087595,0.8462746,-0.67150944,0.2955144,1.4774127,-0.8100699,-1.6181796,-0.4083305,0.24827045,-0.33185956,-0.313389,0.24298576,-2.8580158,-0.57251465,0.5164306,0.64179206,-1.2703137,-0.70305866,-0.49263737,0.14392167,-0.109687,0.15387708,-0.16404885
-3.2014687,-1.2247459,0.93038815,-1.5709602,-0.18355125,-0.53448606,-0.2865878,-0.8079036,-0.51333374,0.49492764,0.48532975,1.5356363,0.9110909,1.9274073,-0.016025424,0.8424128,-2.1966665,-1.6806618,-0.4083696,-0.5142296,2.2188747,-0.3752892,0.51443416,0.2680332,-0.15700383
0.03064078,-1.6259274,0.23742421,1.4873406,-2.1160822,-0.32342976,2.9680176,-1.4232035,0.29439414,0.11157003,0.19743541,0.5149012,-0.33285472,-2.380527,-1.2452842,-0.03058885,-0.28922206,-0.05512543,-0.38369778,0.51205003,-0.18771712,-0.19903415,-1.0006002,-2.4099889,0.72554123
-1.202322,1.7556093,-0.71380335,-2.3637145,-1.9786286,0.9174968,-0.91900563,0.4913896,-1.3646116,0.43469685,-1.8749446,-0.13459396,1.0667229,-1.5356828,-1.3086082,0.795997,-2.65578,0.24778472,0.111961044,-0.40013012,-1.2769842,0.20390952,0.57069445,-1.212986,-0.021303415
0.097337455,0.86419016,0.8249258,-2.7221606,-0.025262488,-1.1978557,-2.247077,0.6586004,-2.7224388,0.603089,-1.778157,-0.502233,-0.2817798,1.558291,-0.8430373,0.7080611,-1.3570914,0.18187407,0.002967072,-0.96250296,-0.932292,-0.5989268,0.40617764,-2.0397797,0.7411245
-2.0395405,0.124238566,-0.67007005,1.3050082,-2.114568,0.43350056,0.19333899,-0.96463096,0.67349803,-0.49081728,1.3155079,-0.46488175,-2.126892,-1.0346155,-0.90348923,-0.117247045,-2.6278577,-0.18338138,0.50901437,2.115974,-0.8347127,-2.137128,0.0030545357,-1.3540506,-0.18480432
-5.411477,-0.3933787,-0.36585978,-2.9196825,0.14399335,0.19976747,-0.6083925,-0.6700337,2.2597854,-1.0177064,0.92509276,-2.6564493,1.2836094,0.8753933,-0.76223034,1.2723924,-1.8320967,-0.6790742,0.46788815,-0.099991724,0.036628723,3.4229722,1.301895,-1.916678,-1.7392172
4.9469914,-3.2752113,0.69891447,0.4087479,3.4092498,0.79064,2.806338,-0.90535414,1.7880576,1.1340253,-0.78698087,-0.10881817,1.1511979,-0.01865697,-2.7217448,0.045156736,-0.33638954,0.3850752,-0.7877397,0.36221698,0.26840034,3.6809912,0.9531006,1.6189464,0.28558207
1.166785,0.7598693,0.6491012,1.5869913,-3.2832613,0.74091053,0.33904785,-2.458188,-0.02279672,-0.36774468,2.4263377,0.68126386,-1.8757931,1.0549724,-0.027197305,-0.19218415,0.014794961,1.6118081,-0.3888754,-0.27846727,0.69531476,-1.307158,1.887596,0.7607989,-2.0117042
-0.32556695,0.08962202,-1.2025241,-1.4211435,-0.4017369,0.5345876,-0.022341847,-1.9335572,-0.28788853,-0.95611614,1.1157216,-0.40722218,0.89478946,0.054455932,0.352969,-0.49191007,0.81832576,0.056829438,-1.4531889,1.4756211,-0.00047500432,2.1310508,-0.05505602,-2.7643418,-1.3772614
0.0030605495,-0.6847426,0.18438679,-4.0192785,-0.17762409,0.21652135,-0.64982253,0.44025716,-3.6028252,0.90890944,1.4178364,-0.32787552,-0.38579544,-0.56888837,-0.3341014,0.041127898,0.51872027,-1.117894,-0.16775008,-0.4420683,-0.42166108,1.1445637,-0.48526835,-0.35970688,0.802207
2.233704,0.26607698,0.9748491,-0.5568291,0.49024147,-0.65316975,0.3250818,0.3143146,0.16499889,0.07075498,-0.19450669,-1.2754269,0.22609046,0.7484777,-0.90638036,0.57408226,0.22689748,-0.6288794,-0.525502,0.070531085,0.32430997,-0.47611845,-0.39553827,0.8289889,-1.473619
-0.3849556,-1.8211899,-0.28488404,0.30423483,-0.075647675,-0.35729313,0.9139444,-0.47177818,0.58185047,-0.6750156,-1.4739666,0.07253778,0.8719096,-0.6585078,-1.1930858,-0.9575666,-1.7372091,-1.1181091,-0.49239585,-0.005302339,0.05681032,-2.9307218,-0.36557758,-2.3680372,-1.3270704
0.19849057,-0.85802865,-0.1002155,1.1486032,0.15181242,0.76314706,0.57569337,0.27161416,-1.3462998,-2.9587493,-0.9889395,0.24318263,1.069976,-0.19153252,-1.3860855,0.5768398,-1.4754375,-0.634693,1.4331634,0.13747348,0.7320467,-0.39023197,-0.32097283,0.67576337,2.238338
-2.606611,-0.8137593,-0.08889525,0.057489127,0.21265443,-0.68978643,0.2519789,-0.23928791,-1.4252425,-0.23638369,0.19412927,-0.9020777,-0.42150313,1.3075397,0.4494009,0.6226504,-1.4856135,-0.39014575,-0.51692605,-1.1522949,-0.4320323,0.16244839,0.3042717,-0.25272128,1.4238775
-2.3754797,0.31671676,-0.3086865,0.49959135,0.4351416,0.686715,-1.5833534,-1.12066,1.7819932,-0.66789854,-0.445837,-1.5579098,0.0005611107,-0.6032294,-0.38604146,-0.7164606,0.7279086,-0.35967344,0.33806878,0.55569935,-2.0922055,1.4516664,-3.2542777,0.88488334,-1.0977501
0.29610717,-0.9797702,0.5566708,-0.67994726,-0.29756254,-0.6860465,0.17648807,0.2360698,1.0722637,1.6823099,-1.9361264,-0.8641412,0.3839413,-1.0721102,-0.6310955,-3.7081075,3.06607,-0.6524276,0.15134794,0.00085123,-0.029548764,0.7068885,-1.0469209,0.1569517,-0.22863531
1.5855098,-0.34603336,-0.15803598,-1.2503747,0.40523335,-0.4501686,1.0263816,-1.169156,0.98932064,0.39569768,-0.6205932,0.29357034,-0.7919749,-0.034456156,0.39904112,1.248221,-0.034561694,-0.26136482,1.3888884,0.69605696,-0.5323138,-2.6800935,-0.120255925,-0.015037373,0.5012481
1.1011608,-1.5116355,0.41250002,-1.5300782,0.30558988,-0.4835804,-0.5970136,-1.3752664,0.46173084,-0.23039971,-1.7518768,-0.5705098,-1.4617846,-1.0342953,1.4328002,-1.0775964,-0.044451512,0.51658404,0.30809182,0.13169682,0.12548098,-2.5278387,0.35380313,0.034333855,-0.5274903
1.7667112,-0.2999964,1.4807495,0.60281134,0.041985497,-1.78772,0.2847398,-0.9883729,1.5659326,-0.37457952,-0.66642356,0.8853827,-0.7124431,1.0767682,-0.67485684,-1.0011418,-0.42588556,0.9653739,0.16660851,0.019074047,1.0476207,-1.5948939,0.19242604,-0.21900526,3.1677923
0.9322936,2.2073212,-0.1324791,2.8000524,-0.83821857,-1.6874332,1.8250227,-1.4661372,0.54204667,0.22120112,-1.8940246,0.034121223,-0.09572782,0.41690487,-0.85623133,-1.0563385,-0.7728691,-1.0744042,0.52307945,1.8006667,-0.94243324,-1.2343506,-0.30074838,-1.0267148,1.3474283
-3.9129941,1.4938886,0.48907495,-1.4558258,-0.649436,-2.356758,-0.14335844,-0.96505266,-3.0241508,0.013943065,0.7205773,1.1104559,1.7523404,-0.95814747,-0.3648085,0.04866758,-1.2157767,0.7549119,0.2739503,0.95907056,-0.99604625,-1.9983168,0.10174193,-1.1474882,-1.5329968
-2.9259043,1.1143084,-0.06796713,1.0457275,-0.117587805,-1.4946022,0.009592891,-0.96334475,0.91466427,-0.76305383,0.3035326,-0.78267974,-1.0730579,-2.7758868,0.55299073,-0.51039356,-1.6162426,-1.1027805,-1.2159454,-0.63253856,-2.5917878,-3.0883343,-1.7937642,-0.7687898,2.0072467
0.32927164,1.8851156,0.80503243,0.5618505,-0.14754021,-2.1028624,1.2067344,0.2556032,0.9647006,0.752166,0.10588628,-1.885062,-0.5628855,-2.135115,0.6643797,-0.08899367,0.704679,0.8372093,0.87650806,0.8224773,1.4476755,-1.4759408,-1.7918439,-1.468359,-0.51670027
1.9740527,-1.9516995,-0.16857703,-1.9222682,0.24950035,0.23895389,0.2593577,0.03603208,-0.64777565,0.05855394,-0.6074301,1.1529226,1.3986968,0.6099882,-1.4339979,0.3675609,0.40780166,0.75053626,0.9433229,1.1573085,1.5234728,-4.004952,0.48035768,-2.1520777,-1.1724832
0.52530646,-0.20915791,-0.28173122,-0.012695193,0.87583923,-0.04444769,-0.9788897,-1.3561233,-1.621205,0.23411608,0.85296196,0.3446111,-2.0691195,-1.2502413,-1.8574985,2.2325277,-2.4792724,0.09496914,1.0498743,-0.28755254,-2.8251057,-2.162109,1.0769461,-1.8132226,1.5865111
-0.6990081,-1.0276604,-0.5611454,1.7693337,-0.45789164,-1.0019002,-1.2535553,-1.413279,1.0664158,0.97819227,-0.3306162,-0.26911116,0.062512875,-0.099585354,-1.6154484,-0.60506105,-2.61716,-1.2381488,0.08446328,0.030561011,0.07311654,-2.3844922,0.9637239,2.0526834,0.7188726
0.80115706,0.20756474,0.55459785,0.15073407,-0.101611376,1.7864907,2.7095926,-1.4529788,-1.4610229,-0.08063538,1.5549484,0.2543093,1.1583959,-2.5421643,1.1473289,-0.61179537,2.3953543,0.16831832,0.33806878,-3.3423603,0.0012554526,-0.25808224,-0.09945579,0.04047036,0.7399514
-2.3614507,-0.76172304,0.35585275,-0.42378944,0.5482879,-0.9661566,0.46469384,1.909828,0.2356474,-0.06634486,-2.5053039,0.20679185,-0.32209134,-0.22876781,-0.12992555,-0.13045521,0.65731114,-0.051753826,-0.13447545,0.6683722,-0.39473492,-1.3413138,0.6560502,-0.17518891,-0.9062731
-0.73630357,-1.530591,-0.89314544,0.6295191,0.21339257,-1.3374996,-1.6139674,0.20651753,0.17062181,0.30042508,-0.114938736,-1.934813,0.2353288,-1.4831319,1.9212246,-0.37686434,-1.7576216,-1.7327679,-0.20214644,-1.6424825,1.4178181,2.3163314,-1.13252,-0.85992205,0.5654471
-0.7831655,0.03667946,-0.74517816,0.1589643,0.14547467,-1.4868962,-1.0169433,-0.3790582,-0.61739004,1.5510298,0.53496623,1.4631538,0.4645071,0.13036701,-1.4177496,-2.6168973,1.218444,0.2691769,0.11245045,0.05492207,-1.0308678,-1.6997253,-0.047054637,-0.9369967,-3.825932
0.68466115,-2.2287183,0.094043516,1.0524262,0.34126505,-1.3359731,-0.48361725,-1.3682913,-1.8357309,0.22488838,1.6910537,-0.32305238,0.011542462,-1.9401612,0.026883882,-0.3289086,-3.028656,0.045885444,0.86520904,0.08116116,-1.3233713,-0.8360275,-1.8645208,0.70586133,2.2497432
-5.4098496,0.5384233,1.5461249,-0.82026607,0.061066568,-1.1938235,0.70562834,0.48094207,-1.3627952,-0.2190497,0.35216528,-0.4206351,0.11337149,0.79046744,0.93971777,0.84791,2.2687151,-0.9571668,0.029285138,-0.67611676,0.7035362,-2.4218893,0.22913353,1.6508317,-1.6493167
0.84771323,0.26010245,0.32073173,3.2086685,0.949,0.9220514,4.288106,-0.45841128,3.2986166,-0.3662768,-1.0605676,0.10396825,-0.4591075,-1.7083664,0.49965978,0.6339961,2.3547602,1.0441151,0.39573,-0.70556873,1.8241203,-2.5125062,0.30206722,-0.9462604,-1.1023885
1.6238253,-1.1458523,0.74825215,0.6805743,0.15818523,1.195003,1.0812795,-0.5640565,0.842695,0.8650656,-1.0171149,0.9528295,-0.30328938,2.1397104,1.3852365,0.13594872,-3.0246077,1.1845534,1.2378532,0.6822005,0.41111144,0.7945949,0.5642145,-2.4232311,1.5562551
0.3396869,2.592248,0.6842617,0.65862966,-0.097392015,-0.042703852,0.060763974,-1.5183837,0.4644475,0.68855006,-0.48209098,0.2059471,-0.10024288,0.6562,-1.2618622,-0.22149979,-1.4350387,0.71353674,-0.379861,0.96579105,-0.3341996,1.4356639,-0.32317528,0.7101135,2.8991528
1.9065675,2.375022,-0.49543962,-0.33559445,0.19473027,0.9784193,-1.1781448,0.2872586,0.67015254,0.49584958,0.9410187,0.28051293,1.2747048,-0.45180446,1.124213,-0.08171368,1.0979172,-0.5677588,0.0013634299,-0.18525843,-0.13151631,0.035073742,0.7130858,1.3540115,-0.6676754
1.0175536,-0.8419952,-0.13155821,-0.72994757,0.0032186732,1.0154722,-1.1587142,0.67264867,-0.94693106,-0.66075104,-2.0964553,1.9286424,0.46193796,-0.9467334,-1.7051609,1.3219334,1.3437493,-1.0862646,0.36348188,0.50611556,0.8656417,-0.10468629,-0.24663243,-0.92889637,2.3150675
-1.7139256,-0.18823981,0.37263748,-0.800338,0.5514016,0.47211123,-1.1698241,1.5117326,0.031077981,0.062891796,-0.43260485,0.74973476,-0.005004108,1.3006852,0.15123013,-0.124145776,-4.7357883,0.56134963,1.3148228,0.28686428,-0.3819831,0.37984887,0.97602046,1.4469254,1.0567315
-0.722902,-1.2970482,0.3451546,2.1772337,0.8717314,-1.6519277,0.093814194,-0.63890535,1.7727653,0.4267647,-1.6980783,-0.8252292,-0.23232295,1.6677399,0.10427553,-0.7975073,0.5551904,-1.8871005,1.3148228,0.47291946,-1.0530902,1.644613,-0.012630269,0.022819936,2.4481287
0.86985004,0.35368538,-0.61249727,0.7069527,0.70276403,0.6357045,0.72437274,-0.46270943,-0.87748075,0.5451202,-2.0757642,0.9402324,1.3102332,-0.5757674,0.83548677,-0.42608675,-1.5354486,-1.8637855,0.37193286,-0.13007931,-0.076691926,0.8446432,-1.8645208,1.6070069,0.5507988
-2.148164,0.35096964,0.24116687,-0.6937943,-0.05549328,0.25341287,-0.49970573,-0.31644335,-0.7012218,-0.11681315,-0.6996702,-0.45064923,-0.4087588,0.74521303,0.14737624,1.4520111,0.10269046,0.62717354,-0.42084175,0.34306207,-0.70387447,-0.6798991,-0.86637306,-2.2960088,2.0655982
0.6204687,1.5626965,-0.5398178,0.34636593,-0.78729016,-1.4344912,0.52205217,0.5870528,0.4992526,0.24280834,-0.95787895,0.25657976,0.3456599,1.3352139,-2.1698408,-2.6096787,-0.8270068,-1.2711027,-0.2446807,-0.111149944,-2.001563,1.4112337,-0.19029465,-0.8666138,1.2941825
-0.7443557,-0.7366296,0.16847928,-1.888293,-0.21628919,0.61586845,-2.1129584,-0.4276683,-0.4261101,-1.2552985,-0.30590314,0.64365304,0.2137728,0.79199064,-0.559138,0.36359534,0.015680369,0.35260668,-0.8479591,0.12657745,-0.68830687,-1.391958,1.1472098,0.1267587,0.49986312
1.295201,-0.7532392,0.6281544,-0.091399014,-0.2624148,-1.7462988,-0.51509345,-0.92212856,-0.45722926,1.1646693,-1.847192,-0.6103964,-1.1025008,-0.78259623,0.23118496,-3.7895358,-0.16175652,-0.97095513,-0.9477396,1.7847182,-1.8921977,-2.3505676,-2.8939953,-0.35839397,0.8947607
-3.4100778,-1.7272229,-1.5657086,-0.76621974,0.37538308,-1.2124535,-1.243079,0.24338073,0.19172543,0.29369992,0.1837712,-1.390716,1.0147748,1.0184542,-0.17620566,-0.14479992,0.3084089,-1.0645517,0.25641343,-1.0778506,2.138237,-1.3047308,0.29408112,-1.5482776,-0.68891555
-0.36600548,1.3996826,0.15870436,-1.0183542,0.9526381,-0.63210416,1.168846,-0.8929313,-3.6479836,1.3034123,-0.7935242,0.14656705,-1.0426655,-1.436202,-0.2811583,0.21485929,-2.0141802,1.2149321,0.005888078,0.75927377,0.21534103,-1.5271811,-1.1554958,-1.6000228,1.1182452
-3.386281,1.3547516,-0.36159706,-0.9540472,-1.0889977,-2.3893626,-0.5814984,0.15969473,0.84749824,-0.15185459,0.38491723,-0.46824852,0.6128045,-0.67176473,-0.48503613,0.2657277,0.5002972,-0.332764,-1.5576239,0.52953064,-1.9596717,-3.6480331,-0.09080606,1.1876104,1.1762563
-0.4294204,-0.2328164,0.37166923,0.014732353,-0.18355125,-0.7475032,1.4171993,1.3953633,1.4200377,0.85900486,-0.995145,-0.27862543,-0.091576874,-3.5191827,-0.9227772,2.5282986,1.0707893,-0.31864166,0.77571934,0.38947073,0.8810736,-1.330975,-0.4018443,0.18980949,-0.6472615
0.23984116,0.9820053,0.06653748,1.1485081,0.26604965,0.32007176,1.1044644,-0.16436714,1.3838811,0.061129786,-0.27684957,0.4149151,-0.46889853,1.1614308,-0.082395986,-2.3633676,-1.70414,1.2591931,1.2669998,-0.64274514,-0.22832495,-2.2557006,-1.2335025,-1.9898882,-0.15763706
1.0386419,-2.1313326,0.70962507,0.14260277,-0.53060037,-0.42653644,-0.19391063,-0.0669087,-1.5029843,-0.6593915,-1.6382958,-0.12399504,-1.1704001,-0.80251545,-0.37707072,-0.37112,-0.7915983,-0.0910002,-0.2032757,-1.1637224,-0.092494115,0.4160667,-2.1879728,-0.17987919,0.3828591
-2.1326663,0.6053265,0.094043516,1.0757761,0.29025486,-0.009282865,0.43919942,-1.0239177,0.777725,0.4807538,0.46561912,-0.071067885,-0.6276298,1.6107777,1.0662494,0.878988,0.20413047,0.91173714,-0.4643317,-1.6132835,-0.9591458,-1.3137265,-0.2945593,0.8894859,2.1779757
-0.8171016,0.6063417,0.88910365,0.07863507,-0.8025608,0.021958888,-0.72434187,-0.1745309,2.4000313,-0.26396438,1.3076969,0.3849314,1.7058129,1.2139755,0.057526667,0.84641886,-1.4070666,-0.49170688,3.3008213,-0.13971186,-0.92703515,1.0507984,-0.53962684,-0.15732574,1.3559309
2.4181879,-0.059001714,-0.48263463,-0.740847,-0.07974048,-0.5712174,0.97245896,-1.7820606,0.421692,-0.18984157,-0.9670527,-0.94637686,0.81174254,-0.4926616,-1.4522887,-0.835446,-0.8984027,-0.4329187,-0.0054045054,-0.013604129,1.608962,-2.2755592,-0.7070824,-0.3887926,0.1386972
0.06848127,3.367337,0.45172858,-1.3137741,0.46077147,1.1680408,-1.8424722,0.13313822,-1.3626667,0.29995373,0.82543445,0.73807883,-2.6565423,0.38410932,-0.55917895,1.5243292,1.517798,0.23914067,-0.6049743,-0.14363566,-0.032750666,-2.9324458,-0.4000621,-1.3792632,-1.1698561
1.7156197,0.14508593,0.81412655,0.30992717,0.4351416,-0.588847,0.10187821,-0.367521,0.8504506,-0.14459078,0.7514382,-0.051563382,-0.6505919,0.12810859,-0.38187638,-0.34628636,-2.5951893,-0.34158206,-0.16419637,-0.56238383,-0.43082088,1.7104038,1.0378301,-0.9800715,0.70398325
-0.46822822,-0.14667577,0.13885984,-0.042649657,0.26931068,-0.08782559,-0.19116262,-1.3826828,-0.46855655,-0.3245084,-2.4167848,1.5119369,0.8742767,-0.12864345,0.84327614,-0.8193127,0.1124538,0.25550836,-0.9800906,-0.21739078,-2.3801138,-1.0330577,-0.89481866,1.0274613,-0.59465015
-2.0991366,-1.0232617,0.23811926,-0.11304965,-0.68661946,-2.3930812,-2.8035202,1.524745,-1.7406098,0.36941043,-5.2753305,-3.1401882,0.14905855,-0.085544236,0.48590818,-4.011788,1.6127782,-1.6764419,0.9510625,-0.24136472,-2.6493642,-0.78493816,-2.1489172,-0.14757971,2.9736521
-0.901773,0.96416616,0.19161522,-0.16567588,0.18587697,-2.925484,0.96179986,-0.37485334,-0.28594407,1.4889327,-2.2803142,-2.8990762,0.20959368,-0.5672931,0.9946745,-2.9086962,-2.8197212,-4.122235,1.2739168,-3.8464391,0.7190132,-0.259956,-1.6532578,-1.1096791,-2.0912488
-0.8438183,-1.0483316,0.49735725,0.12968051,-0.2871578,-0.4278726,-1.4684517,1.0500004,-0.02318573,-0.51621604,1.1342955,1.3246496,-0.10525501,-1.6766863,0.25993398,1.5428951,-0.8067579,1.2173717,-0.4421019,0.98956263,0.95092833,-0.69160867,0.054243445,-0.55810297,0.4411178
1.0518928,1.5347933,-0.42063403,0.8510275,-0.28769004,-1.8017656,0.5769905,2.4859302,0.7320342,0.48989412,-0.300026,0.2846039,0.12325018,-1.796816,1.1302581,-0.04665625,1.5551353,-0.48866773,0.024476862,-0.008805906,-0.81326455,-1.705232,0.40523985,-1.1464593,-2.4102428
1.0122976,-5.1718345,0.75696,-1.8716669,0.59075254,-1.4399506,-0.6902745,1.3616709,-2.7077725,0.11609048,-2.2251763,-1.8162049,1.6273555,-1.9127489,-0.8287744,0.08585465,-1.8674264,-1.1549052,-0.7028145,0.36221698,-0.9452019,-2.9995852,2.4123337,-0.03056857,0.7810879
-0.42480612,-0.8616474,0.67780477,0.65633917,0.37538308,-2.356758,0.07012808,-0.32987994,-2.2060509,1.1029414,1.5347738,1.0628262,-1.7618868,-1.7822628,-0.2564337,0.82256556,-0.8633323,1.40851,0.25897136,-0.07853476,1.3083136,-3.2555687,-0.10714199,-0.33725542,-0.4579939
-2.3225977,-0.23165987,0.25983158,0.39386174,-0.39388004,-1.1349441,0.49281624,-1.5429957,-1.4683477,1.0492239,2.0276256,1.247329,0.69678485,-1.8621539,1.7118448,0.23879015,-0.4923871,0.45986193,0.05602926,0.43032238,-2.8736286,-2.5590677,1.2161335,-0.07252163,-0.20136082
-2.8127635,-0.4106623,-0.89314544,0.07495409,-0.3081322,-1.2964561,1.4926648,2.1869926,2.188609,1.0989535,-0.8451654,-0.5959191,-0.23336656,-1.1491555,-0.9632673,0.6529802,-0.29826006,-0.17878082,0.69487846,0.38555148,1.2430618,0.11644626,1.3512205,1.1586002,0.091627315
1.8179952,0.47564912,2.4305546,-0.9881323,-0.53864807,0.4214586,0.10928917,0.97145265,0.31064102,0.43170142,1.0840073,-1.0618963,0.2633487,-1.3184569,0.65241045,1.0570579,-1.643819,0.592719,0.5244002,-0.22498709,-1.3825605,-1.7359409,-0.042120934,-2.202225,0.4993974
0.43635964,-1.4253614,0.31085348,0.49774906,-0.1619008,-0.3594185,0.31893408,1.4578786,2.6964684,0.28736392,-0.93026763,-0.618384,0.2206747,-0.028108716,-1.8215439,-0.26871586,-1.1375496,-0.7456025,0.68930155,-0.41548178,-0.061888948,-1.543442,0.05735457,-0.6215956,-1.465323
3.412004,-1.1592829,0.831431,-0.2813208,-0.3081322,-0.39674246,1.4038671,-0.28689507,0.23684996,0.47189644,1.8780112,2.0847628,-0.17344797,-0.9233068,-0.85175884,2.0657947,-0.27454734,0.81810325,-0.75693303,-2.2388945,4.481444,2.4513428,1.9852172,0.14568195,-1.7993401
3.4844098,3.4560833,-0.7552349,1.0097163,-0.45836198,3.5928214,1.4060374,-3.4280648,1.0706012,0.38280797,0.84559417,0.1750698,-2.409553,1.68626,0.7434734,0.4142478,0.72284466,-0.54915756,0.49223667,0.8412204,-0.6267675,-1.8197782,0.34338683,1.11205,1.147633
0.698906,1.2257822,-0.0076522846,-1.673747,0.15489796,-0.43931988,-1.135555,-0.27183244,-1.6927422,0.39622808,-0.8317458,0.6751297,1.1280289,2.6614108,0.25581002,-1.0120894,0.006667733,0.70569223,-1.4553808,-0.13971186,-0.54897845,0.39273894,0.8827412,1.5261358,0.24328147
1.342514,0.2863575,-0.38865638,1.027187,0.119910546,-0.58000565,-1.0683868,0.80032694,-1.5719833,0.603089,0.47003388,0.8063912,-0.9243016,-1.7910283,-0.86553705,1.2043235,1.4801731,0.08353171,-0.27997917,0.77361655,0.58919734,-1.810538,0.077905044,-0.5283518,2.241023
-2.7304294,1.2811582,-0.02581671,-0.383042,0.5629406,-0.50218064,-1.0681593,0.3595664,-1.9828184,-1.6970518,0.6911963,0.017294362,0.0017252564,1.4377847,-1.5618968,0.33767644,-3.3402464,0.92221844,-0.68129855,-0.539567,-0.6515279,-3.239543,-0.43280995,-2.7815042,-1.4666363
-3.483558,-0.5260975,-0.07769121,2.1229138,0.3721512,0.38646305,1.5056938,-1.2589419,1.6397504,1.0382117,1.1968709,0.71123564,0.44588912,-1.6315966,-1.4122939,-1.3251277,-0.5913311,-0.10614911,-0.14153537,-0.60534817,-2.0311775,-0.87910116,-0.70908463,1.3743118,-1.5019978
-4.1134267,-0.5218551,-0.9885924,0.54040647,0.54312354,-3.5155401,2.4337633,-0.0103205815,1.4993899,0.23205093,-4.1496096,-1.332146,0.7995477,-1.3842698,0.09846398,-2.5417292,-2.696367,-1.060134,-0.18914996,0.586506,-0.6041332,-1.4466006,-1.9619644,-0.041775748,1.7362713
0.04693073,0.15548289,-0.06042955,3.3096616,0.23934196,1.3680327,1.8746669,1.7086178,-1.5825583,-0.52288747,2.470722,-1.2621864,1.2436221,-0.8843389,0.041495875,-1.6014955,1.244093,0.86038876,0.6622764,1.351675,2.3707542,0.66322553,0.8786042,0.32633126,3.5344346
-3.2750201,-0.8994663,0.49079987,-0.35944927,-0.28795812,2.0084643,1.0599788,1.008093,0.3917004,0.44234812,0.9002776,3.2490711,-0.35358202,0.30450916,0.92175055,1.3443172,0.65513235,0.99724823,-1.1754029,1.4570858,-0.15175694,2.2670388,1.4211121,1.7019806,-2.869947
2.8775225,-0.889819,-3.4680982,0.23547131,-0.12529244,0.14248097,0.99850893,0.65259767,1.8240767,1.3034123,0.472526,-0.76679504,-1.4626201,0.69896364,0.7915058,1.6872619,2.5283234,0.9278765,1.1405202,-0.30479503,0.9287307,1.6409497,0.019499034,1.6146024,-1.5615504
0.52631783,-0.099807024,1.2774887,-1.2321124,0.47988358,-0.6419296,-5.894886,-2.2703974,-2.570406,-1.6464909,1.6387827,0.3210815,-0.6955948,-0.051340014,0.70567256,-1.0025334,0.8850666,0.9719279,0.17532249,0.774585,-0.12203118,-0.22161137,-0.6461538,-0.67523503,0.054859594
0.5830452,1.6681011,0.2850643,3.0211124,-0.18753308,0.034995407,2.3745277,-0.62966156,1.1686809,0.7737149,0.74269813,0.71672964,-1.0060732,-0.59099793,0.6268535,-0.2248149,0.5510301,-0.49304172,0.26477727,0.595442,0.70325476,-2.7417827,-0.13962778,-0.53621864,-1.1904744
1.830538,0.8278724,0.48392162,-1.3969607,-0.55143183,0.6512542,0.38623428,0.43680668,0.4909513,-2.3906205,-0.10174745,-0.33132112,1.4549668,1.4767601,-0.3915324,-0.11372155,0.021079212,1.0010341,-1.2889351,0.51952547,-2.0664399,-0.111389816,-0.77493155,-0.2522425,0.8788115
-1.5591984,-1.1633613,-1.4451996,0.08057147,-0.30972025,-2.1394463,-2.069839,0.081731156,-0.65677065,0.7976978,0.010415316,-0.42517093,-0.8827184,-0.3272715,0.35418966,-0.7636892,-0.3195073,-0.38168758,-0.10720179,-1.6132835,0.039878786,0.62267804,-0.05297772,0.251781,1.2080877
-1.6320906,0.11963084,1.1177049,-0.6980006,0.21240817,0.7797955,-0.96713465,-0.41277093,-2.6797216,-0.003997471,1.1954961,0.62965596,-0.6057077,-1.9888353,-1.3857924,0.48162645,0.2812663,0.6607158,-0.64742166,0.20500876,0.33800137,-2.9068155,-1.3861583,-2.0208287,-2.2637918
-2.199883,0.34284377,0.69638646,1.541782,-0.09878912,-0.15093467,1.3310566,0.2650235,1.7703105,0.92328316,-2.2782016,-0.47882044,-1.2514007,2.5466118,-0.57550395,0.35766667,-1.9678596,0.15667745,0.21230331,-0.5651859,-3.551161,1.7317213,1.5728872,0.3950854,1.873033
-1.0409358,-1.9423085,0.41911831,-1.3014002,0.8684966,0.30008563,1.4320569,0.5837553,1.8385837,0.21342212,-0.26891565,-0.11046192,1.9759064,1.8478796,0.42044064,1.9227,-0.447299,1.435852,0.35657203,-2.837369,2.7102978,1.2158729,1.0623296,1.9584231,2.6021376
0.47042087,0.39442882,-0.64785445,2.5871305,0.71158296,2.4997008,1.9599763,-2.8149123,-0.7397686,0.9065512,2.3390214,0.92431265,-1.0808196,-2.0605624,0.14075762,2.5412383,0.0031446815,1.5212626,-0.23046932,0.2610697,2.2424488,0.8579911,1.433241,1.4694825,2.2336946
-0.4636699,0.95478606,0.36683697,-0.38904834,0.4277911,1.2628326,-0.5066216,-1.0930649,-1.2333666,0.55863947,0.10485777,0.53450847,1.5846032,2.7994556,1.3403217,0.5734811,-0.013602614,2.6233573,0.022957942,-0.19447142,1.9392225,1.4688854,0.23086469,0.41799542,-0.99407035
-4.5570602,-0.16608585,-0.026447652,0.35321134,0.35617116,1.8555329,0.5668377,0.41348535,0.4733969,1.3290949,-0.031926095,0.26465705,0.8127739,-1.3196111,0.20807391,1.4377002,3.6173198,-0.36218226,0.28984502,1.9737825,0.38722056,2.1574745,1.5948296,-0.7176425,-0.3102576
-0.9785737,0.7947158,-0.15803598,0.30761522,0.46077147,1.529271,2.6194308,1.7915317,0.84170914,0.31707603,-0.9613261,-0.3623137,0.088155955,-0.24578726,0.7012317,-0.090745166,-2.7843566,0.77475715,0.52735245,0.47694,-0.33662605,-0.7062512,0.6770261,1.4580171,0.41729707
-0.38205904,-1.2302316,0.0643213,0.57286423,-0.011314636,0.4256658,0.41234905,-0.54128146,0.6861688,-0.2575318,0.17968687,0.36942208,1.1395166,1.0088886,0.2998905,1.8238851,0.500209,0.23732385,-0.0141833,0.96579105,0.1721826,0.34769797,1.2848711,0.86606413,-1.6995153
-0.19127285,-0.09009302,0.05104318,0.3327347,-0.13247141,0.038502306,0.38614887,0.5314026,0.8043075,0.73324597,0.25710794,0.036128998,-0.20075482,0.041203618,0.7938551,1.5806954,3.675078,-0.016613483,-0.23679745,1.5108811,-0.0086723715,0.96281266,3.1736777,0.8466693,0.552286
1.7316142,-1.3306876,0.76176447,-1.7166259,0.80963516,0.12828624,0.038534045,-0.3888058,0.7489511,-0.18274945,1.3913995,-0.19743824,-0.14101091,0.693759,-0.80113894,-1.3962445,-2.2917328,-1.0418365,-0.36191574,-0.108101144,0.2336261,0.41303575,1.3979311,0.8505723,0.7284597
2.1758575,0.4490533,-0.093422875,2.4687672,0.4083389,-0.6514635,0.42032793,-1.2410592,0.769552,-1.2607571,0.4899181,-1.0407213,-0.8483311,-1.1407145,1.7938194,-0.9808778,2.1865408,1.16041,-1.2470231,0.30424005,-1.5311384,-0.22391629,-0.041708365,-1.304862,-2.0101016
-5.8238993,-0.5379744,-1.3181651,-0.62237537,0.05055141,-4.0245285,-1.5131254,0.16767824,-2.5409093,0.3381673,-2.852015,-0.046325207,0.9707279,0.2718501,-0.3056656,-2.1876297,-0.8423566,-2.1670477,-0.27727,0.03951515,0.033141494,-0.8037502,-1.5294968,-1.9802606,0.9865837
0.82068765,0.13013762,0.22441567,0.28358474,-0.25848317,-1.7620384,1.1177297,1.9386425,-2.4303322,-0.32703197,2.607446,1.3324875,1.9558935,-1.9306719,-2.0799088,-2.755594,-2.5069103,-1.4415262,1.2336802,0.28993708,-1.0848026,-2.5705209,-0.00074738637,0.3529747,1.8494176
-2.4506395,0.3934009,-0.7768659,-2.5819106,0.44850078,-1.772378,-0.7040723,-1.0120687,0.296933,-0.96913034,-0.9192475,-3.1322117,0.22467685,-2.2677207,-0.8007241,0.16875288,-1.0385251,0.575832,0.22640589,1.4583765,0.47620815,-3.661104,-0.9436955,0.34266865,0.57226336
-0.2737721,0.5499389,-0.1134531,0.38057923,-0.125294,4.412677,-0.22797948,0.9455976,0.9121514,0.15996364,0.7402071,0.5546367,-2.5956802,-1.3271964,-0.5262804,1.1849633,2.1309443,-1.459253,1.1543072,-0.25160322,-1.9306384,-0.6980404,-1.1521732,-0.29754668,-1.8888508
2.2706156,-2.5910296,1.0581623,0.02831167,-0.50533795,-0.83250177,-0.34542167,-0.007961631,0.5175706,-0.0074195005,-0.27635935,-0.02904798,0.52682245,-0.035380363,0.6420768,1.6959305,0.089348495,0.14792079,0.41831976,0.25435185,1.4041793,0.3270054,-0.7730697,-0.43474627,-0.91455024
-0.7235696,-0.25414664,-0.21393834,1.1741842,0.27909774,3.2900412,0.73033917,-2.2455356,-0.2210221,0.47102687,-0.4459681,0.94837177,0.22081046,-0.8736605,-0.29534662,1.2820666,0.7041223,-0.61238945,-0.804326,-1.306622,0.6703315,-2.9003453,-0.23282409,-0.44751313,0.3102808
-1.584485,-0.88595325,1.0496242,1.3122522,0.8439877,0.661334,-0.40927052,-0.42460614,-0.51592815,-0.23950873,1.2981608,0.11413845,0.068113506,1.1657186,-0.09553381,1.5670488,-1.7115121,0.08233219,-0.076996915,-0.5062506,0.56550384,1.3935394,-1.4259654,-0.15100944,1.79514
-2.6633854,2.0721169,0.18438679,0.20630157,-0.39972162,0.29752317,1.5903397,-0.64249396,0.0068023205,-0.052544687,0.16349107,-0.043690473,-0.38196707,-0.07462409,-0.4117158,-0.28050572,-0.14461637,0.8005505,-0.1206642,0.7382202,0.40752104,2.07952,0.5397278,0.43112597,-1.5227613
0.4984451,0.4157071,-0.20197956,0.05994551,0.43565312,0.7517093,3.2938287,1.6211326,1.2425576,-1.3122915,0.24398407,-0.082846135,1.2063568,-0.10517427,-0.020251095,-1.0129013,-0.13081522,0.2806515,0.29725832,0.93303484,0.60722494,-1.6127559,-2.0949829,2.4288743,-1.9996873
0.8372835,-1.6822743,-0.04291594,-0.18959238,0.25202033,-0.5695916,0.81033456,-0.25156146,-0.5112605,-0.80812764,-0.880105,1.8041649,-0.9735078,0.14328825,0.46415403,-0.1675563,0.12151843,1.0612301,-0.8703991,0.75575423,2.2623327,0.5213844,1.0631506,0.43182698,-0.66069555
-2.2967854,-0.22782655,-0.06111057,0.095539674,0.28692034,-0.5379654,-0.37942976,-2.0705652,-1.1520778,0.34778315,1.1081417,0.64042765,-0.76714444,1.2003673,2.0345914,1.1165618,-0.48443252,0.7496261,-1.2303085,-0.45477152,-0.483114,-1.6811483,0.110792965,1.3090175,0.99673975
-2.337419,-1.6014687,0.08584628,-0.6908548,-0.66412985,-2.0548365,-0.056224823,-1.5266662,1.0029466,0.03920235,-0.050696075,-0.546144,-0.97920257,-0.13667887,-1.4361844,-0.8191509,2.633436,-1.4408759,-1.7157878,-1.0087789,-0.33195955,1.490066,-0.82160604,-3.844165,-0.74401975
-0.44894958,-1.8659033,1.1350595,0.8811352,0.04221452,0.29146147,1.0253323,-0.57990694,1.391145,-0.88247454,1.2138388,-0.8526519,-0.3923599,-0.32947809,-1.0661446,1.4678909,-1.8593445,1.2199765,-0.19414344,-0.79088616,-1.6612247,-1.3071657,0.62655383,-0.23563191,-0.42265034
-3.9334831,0.8761368,0.3137055,-0.8860698,0.21339257,-5.1918974,1.0017402,0.67986345,1.1559054,0.45469102,-1.1147665,-1.5546377,1.1047759,-0.55950826,-0.46418414,-2.7863505,0.4840964,-1.9343796,-1.6900785,-0.23972015,-0.7350285,-1.9025931,-1.5400529,-0.01208967,-1.0571353
-0.79440224,-0.23844409,-0.029746355,1.5939841,-0.23516215,0.9956797,2.1336088,0.9809058,1.6049143,0.24161108,-1.0633638,-0.7146553,-0.70665157,-1.6564853,-0.94593996,-0.36667544,-1.2780108,0.4061324,0.15551457,-0.64274514,2.821296,-2.1686037,0.4883048,-0.66156775,0.24889517
-0.12196541,0.33751088,0.0969913,-0.32860282,-0.13479994,1.5630121,-1.0559977,-2.7749104,-0.49130988,-2.2674587,-1.8347456,1.2519995,1.2640764,0.40365243,-0.25564125,0.4197982,-0.29792374,0.4203972,-0.39156866,-1.3708388,1.6287041,4.1348906,0.3506251,-1.5893265,0.14096645
1.081732,0.0034443736,0.50303876,-0.8857635,-0.015412891,-0.71116996,0.465513,1.0723542,-1.0534868,-0.31743142,0.078147024,2.72486,0.47953597,1.4093639,0.59875095,0.84981745,0.5518992,0.52900696,-0.51872164,-1.2070177,0.49580574,1.0308976,-0.8189598,0.77665234,2.3359451
-1.9484365,1.7654948,0.98674285,0.0048840195,1.0062474,-0.9678665,-0.13839251,-0.25925356,-0.35079938,-0.41690102,-0.22333214,0.22808412,-0.5221461,-1.0305015,0.6160877,0.71821713,3.2675164,-0.7167535,-0.067204215,-0.43983328,0.214506,-0.4546435,1.0412064,0.036616445,0.29046875
0.6475182,-0.40869302,-0.8198675,1.2968304,0.08093548,1.1810538,1.2277038,1.0103912,1.4539402,-1.2550938,-0.28850353,0.9448929,-0.32455894,-1.1216168,0.85632205,1.6064979,-0.33326018,-0.32033083,0.57688916,1.3032715,-1.07568,-1.2009715,0.008431777,-1.9874896,0.91532
0.51890135,0.29217628,0.50190854,-1.9938083,0.6940932,-1.4615066,-0.3871624,-1.6007143,-1.7794392,0.69772446,0.56200516,-0.47147536,-0.13854569,-0.9885399,-1.1820713,-3.344914,-1.2322894,-0.10943949,0.5011263,0.79735106,-1.596216,-1.5249918,0.9898647,-2.5701995,2.5208592
-1.0043033,0.4475377,-0.18484348,0.90887666,-0.23376916,1.0582045,0.49224654,-0.023898022,0.8229575,-1.2767619,-0.05055186,1.4065043,0.031197995,-2.8196206,-1.6014626,-0.48576486,-3.6331854,-0.57450926,0.077282734,-0.30282885,-2.5363505,-1.0767999,-0.64900976,0.33579898,0.9932137
-2.7560863,0.53001565,0.2549574,-1.1022441,0.21248998,-0.60588145,0.4284626,0.64011884,-0.9393322,1.0899888,0.074848965,-0.388291,-0.60520244,1.1705314,-0.8572478,0.64463943,-0.6427323,1.3481112,-0.14054386,0.6736383,0.04502821,-0.003302455,-0.5668204,-0.3810334,-0.1432265
0.6874977,-1.5210123,0.73781997,0.69850546,-0.39721817,-0.64807147,0.3571481,-1.9396273,1.0541661,0.36340025,-1.9882152,-0.51075315,0.26148227,-0.54032856,0.40783417,-0.1883884,-1.4931831,-0.34515274,0.90482956,-1.2682476,-0.9988907,1.4474347,0.3414114,0.26597267,-1.2752986
0.038426757,-1.1640098,0.21498111,0.7609019,-0.17960794,-0.6613284,1.0987273,1.4640115,-0.7893975,0.07660699,0.07913177,-0.4284678,0.8338884,-0.67468035,-0.3940966,-0.3896656,3.799378,-0.91077894,-0.61726665,1.3555355,-2.6543412,-2.0221944,0.7001221,0.9907605,0.43438986
-2.1508236,-1.7211779,-0.97731614,0.17351282,0.5368622,-5.5956798,0.65683067,1.3324658,-0.02167201,1.7962434,-3.3492248,-1.2017727,1.0312123,-0.1760757,0.18121707,-3.2264402,-0.08593431,-3.3934886,0.31630912,0.4285631,-2.52329,-0.5582428,-1.2208668,-1.52625,-0.84443784
-1.7275524,0.687038,0.56946015,-0.4254821,0.69991225,-0.18265533,-0.2553185,-1.6645582,-3.140451,-0.625785,0.08590755,-0.33328408,-0.4264541,-1.0622162,-1.2402816,-0.776242,-2.4949076,-1.1076919,-0.12984021,-1.5067364,-1.5096943,-2.5454087,-1.1473657,-0.18687868,3.52786
-3.6559079,-0.49403146,-0.040355116,1.6068094,0.17322001,-0.4330206,-0.46325704,0.036935113,2.2871375,-0.29641345,-0.325284,-0.57977325,-0.8859754,0.4434469,-2.185833,-0.5319723,0.58026093,-0.80715,-3.452647,-0.44222012,-0.26863927,0.7187512,-1.707387,0.697676,-0.24437907
1.5313226,1.2192438,0.009992154,0.8155252,-1.9118532,1.045878,3.3225806,-2.14733,0.39506888,0.19079107,-0.20006883,0.25527364,1.667634,-1.712646,1.2472227,0.24306336,-0.93860817,-0.19343667,-0.3397027,0.15988974,-0.80274,1.8435689,1.0866164,0.45828676,-0.8690472
1.7584298,-2.4532952,-0.20607525,-3.3896337,-2.5753877,0.6638209,-1.902382,2.4018288,-0.7479557,0.36941043,0.09080022,0.023824587,1.0492618,0.114206135,-0.09953597,-1.1928626,0.02585125,-0.05162254,-0.9209647,0.7196424,2.669927,-1.277939,-0.30973706,-0.7082324,0.50966465
-0.7465184,1.6186112,0.27337435,-0.60368985,-0.35957977,2.791635,-1.8952912,-0.67883486,-1.8054414,-0.06945969,-0.42636752,0.6141689,0.11561227,-2.3707585,-0.71631473,2.210406,-0.6844823,2.7689292,-0.67970115,0.070531085,3.1510825,-2.2371032,1.2626812,-0.7765362,0.16307011
-1.0744063,0.92294455,-0.3088275,0.0023014396,-0.22647728,2.1451116,1.2864585,0.98737884,-0.6083011,-0.7721384,1.4173,1.3409106,-0.80890286,-0.668738,0.10163188,0.6264951,-1.1384459,0.93096197,1.5022199,1.6773568,3.4941971,4.016978,0.87223446,-0.20728737,3.342289
-0.1373589,1.6276453,0.27998117,-1.1300131,-0.044626705,3.7141213,1.292934,2.085968,-0.85822797,0.7976978,2.1102455,2.0453107,0.4104911,0.7269312,0.5658591,1.8074409,-0.7638792,1.7449278,0.42028475,1.0451828,0.21427059,3.9627554,1.7739558,-0.88848805,0.42675763
0.08736028,-0.21788803,-0.1545408,-0.9461191,0.5518021,1.6393552,-1.8164883,0.32791334,-1.6519908,-1.2767619,1.1151314,0.4763467,-1.391369,-0.17255989,-0.35372198,-2.0170677,0.0105496645,-0.81792426,-0.10329514,-0.5104726,0.89196867,1.1382976,0.16388613,2.8532634,1.1389481
-1.4720443,0.4502654,-0.32953593,1.0629706,-0.48050866,1.9714924,0.10912682,0.070538625,-0.80146646,0.7261278,1.3610008,-0.756691,-0.8960664,0.5523963,0.6601432,0.109404236,1.3162194,1.0190068,-0.29762882,-0.15649949,0.8583447,-0.7634646,-0.17121533,0.46348512,1.9955032
1.5526938,2.4270315,-0.30554858,0.2620857,-0.009187346,1.7560785,0.37655604,0.08922523,-0.6331287,-0.052544687,0.4080809,0.47225603,1.0052323,1.0708148,0.4028988,0.09309161,0.17289014,-0.4524117,0.9374286,0.4166511,-3.0805354,5.906258,0.4583352,-0.7251383,-1.6614408
0.13935107,-1.5247636,0.86549467,-1.0041294,0.5544744,-0.1826328,-3.1354046,2.2965534,-1.2606633,-0.5084561,-1.3207784,1.5726637,0.9910698,0.7440775,-0.2533026,-1.4103386,2.6367192,-0.73347616,1.5022199,1.3125623,-2.8981779,-1.0915961,-1.4339718,0.9703791,-0.488846
-2.3620174,-0.7986296,0.7781333,1.6533465,3.0242534,2.9610586,0.6492388,0.37317634,1.0600227,-1.051173,0.111139655,-0.5589683,-0.43804163,-0.20516148,-0.3088163,-0.5451735,0.48515984,0.67398554,-0.90638274,1.4597723,0.9690293,-3.3364034,0.31622612,1.0781301,2.0537071
0.1174604,0.9442368,-0.11135747,1.7478082,0.26210663,4.881131,2.1367874,-1.6949022,-0.18230231,-0.03605705,1.855933,0.85077655,-0.72090214,0.72356117,1.0284098,0.86217296,3.4093366,0.3981634,0.3309305,1.0746433,0.33135003,2.7714906,0.98349047,-2.1207478,-1.0796095
-2.8930483,-0.81375694,0.93045163,-1.6602895,0.30558988,1.1819408,-1.4669317,-0.2923221,-1.578248,-0.33949205,-0.8427278,-0.041202486,-0.68315125,-0.2627247,-3.7037444,-0.69753593,-1.8025279,-0.004137139,0.2296863,-1.4751449,-1.1131574,1.5917277,-0.23790786,-0.3496251,-0.95079315
0.09580818,-0.55978173,-0.24705885,0.4443093,-0.32419533,-1.1910037,-0.45965922,1.1648681,1.4530071,1.3534262,-1.7990406,-0.4877473,-2.2476435,-0.10692638,1.9411592,-0.271409,1.6807015,-0.6284878,-0.94686455,-0.017557703,-1.5788748,4.2556696,-0.8725209,-0.035754412,0.82225645
1.7415357,0.7186073,-0.17691019,0.4805829,-1.6629044,-3.7024734,0.7350657,-1.2023737,0.10930252,0.29484734,-5.2175074,-2.8803031,-0.21246703,2.0236244,-0.6506001,-0.95053816,4.0946627,-2.2453136,-0.47142133,0.40951863,0.21526772,1.334599,-0.51792014,-0.27653056,-0.5612738
0.06865305,0.81175864,-0.20607525,-1.3692613,-0.8334462,1.0650157,0.8867972,-0.7315645,-2.4755785,0.537476,-0.36043543,-0.8123332,0.18133712,-1.2952898,-0.38073504,-0.34005848,-0.18775226,-0.19281057,-1.4774194,-0.38788405,0.21962416,-3.7604442,1.6287746,-0.522889,-2.273691
-1.0655189,-0.98248285,-0.7141096,0.18741453,0.8367627,-0.7010217,-1.0403116,1.0299506,-0.6906938,0.031934492,1.1548209,0.3243839,-0.8013071,1.992167,0.21945465,-0.20415977,-1.4863665,0.34781206,-2.2844691,-0.75049514,-0.7896576,0.10733371,-1.5196586,-1.7420826,-0.012777507
-1.1893014,0.5303541,1.1290374,0.8294922,0.18868503,-0.24199823,-0.12178054,-0.6731312,-0.52447957,-1.3360126,2.6875184,-1.2410789,0.23172726,-0.53881735,0.8802098,0.30913705,1.5087214,-0.5260474,1.1158279,-3.8464391,-0.5940722,-0.25815803,-0.06960061,-1.2246509,0.3433629
-1.9021966,-0.4417338,0.44722262,-0.20898902,-0.4799517,-0.9529097,1.2936249,-0.845992,1.5582285,-0.32078665,1.2519449,1.5252761,0.7660727,0.010803878,0.40452367,-0.19454417,-0.9398842,0.012573518,0.8132924,0.55234885,-1.5383744,-0.96763605,0.43701825,0.8563494,-3.3763342
2.7215328,-1.9838226,0.8094867,-0.95584077,0.76335424,-3.57483,-0.8169502,0.025684714,1.2919786,0.5780101,-2.6375391,-2.73436,1.9778836,-1.8579897,0.5849024,-2.181475,-0.35769606,-2.2469711,-0.033628937,-0.82297575,-1.1349821,-2.9224725,-1.1931727,-0.8706259,-1.4127933
1.7937381,1.101245,0.5094142,-1.5383171,-1.0237142,-3.9208505,-1.615353,-0.58465695,-2.2619405,1.0634155,-0.9851954,-0.80501413,0.08509087,-4.52905,-1.0904875,-0.35897726,-0.10683674,-0.84722966,1.3402295,-0.45477152,2.2855148,-1.9948794,-0.7196058,-0.90135175,-2.7474298
-0.63353163,0.6473304,0.83594614,1.1573765,0.75618684,-0.07581431,-0.23456466,1.4601289,2.353808,1.3546468,-0.38789517,-1.6719849,-0.47577232,-4.8314705,0.5828981,1.0773982,0.058701664,2.3653102,-0.7081477,-0.65760213,-2.223566,-1.3854858,-0.064810425,-0.33293587,-0.7118064
-1.1194077,-0.97840524,-0.23930715,1.4107101,-1.1480664,-1.0903351,-2.5325527,1.922958,-0.025310725,-0.49495742,-2.2925339,0.15879661,1.0458505,-1.4525309,-0.30067486,-0.22759771,1.8807303,-1.0018342,0.3637065,0.12754631,0.16230673,-0.7328312,-1.0539279,-0.50572014,-1.2139361
-0.6209656,-0.8532769,-0.08501786,-0.05052954,0.38938183,0.9559415,0.64027154,2.323504,-2.0797873,-0.15303408,1.0352414,1.0610154,-0.60553944,-1.9492975,-0.79908717,0.45811838,-0.8622459,-0.31474194,-1.011772,1.0167587,-0.55354863,1.5409796,0.97340703,-2.175223,0.014382243
-1.9659644,0.42782208,0.42184472,-0.03931014,-0.13941051,-0.39872277,0.049273618,0.2806513,-0.79202646,0.70246774,1.0756212,-0.8920411,-1.3199837,0.5759782,-2.0441842,1.1237345,-0.9088386,0.7950257,-0.15971671,0.29734987,1.3626823,-0.19285202,0.88664865,-1.1380941,0.30796608
-0.49792743,-1.1223807,0.06741958,0.82781,0.5078325,1.2914929,1.37367,-2.6851013,1.267595,-0.5084506,0.060772896,1.5755019,0.72629297,0.17728531,0.52903426,2.2978802,-2.3013647,0.14111274,-0.1491483,0.21018748,-0.029870749,2.372542,0.769631,-0.0185889,-1.4054797
-0.48838264,-0.121695906,0.040674407,-0.15374313,0.15912579,0.3208524,-0.20807841,-0.8784189,-0.48664328,0.031934492,2.7713885,-0.29555672,0.6715574,-0.40977263,-1.356692,-0.4508696,1.5989985,0.6273377,-0.33454698,-0.27901807,-0.46293816,0.7842926,0.008740582,0.108011544,0.5443073
-0.4009562,1.5583965,0.0969913,-0.24925879,-2.114568,-0.32226872,1.6092348,0.32315564,0.7447125,0.50200266,-1.6482449,-0.8109544,0.408427,-0.16168053,0.3527935,0.11673233,-2.5562966,-0.3033471,0.69487846,0.4013055,-3.9688916,-0.7184306,-0.59265995,-1.4442973,-3.6075678
-2.8371043,-1.4598572,0.018902086,-3.2236304,-0.1112116,-2.0333679,-1.2427561,-1.3050874,-1.4888989,-0.2516698,-1.4486339,-0.33976263,-0.33337504,-2.3134606,0.68987656,-0.12833303,0.7041229,-2.5856247,3.3008213,-0.18768828,2.0366545,-2.581328,-0.54488266,-1.169352,0.79468954
1.1049045,1.7351365,-2.4746442,-0.24757278,0.5180136,0.15852875,-0.540736,2.080576,1.1628058,0.8485899,-0.065169156,-1.8658214,0.0984987,-2.2718387,0.12434572,2.0303802,-0.5553374,-0.3171354,0.86520904,-0.19302814,3.072961,0.16527319,1.195162,0.36862424,-0.122828364
1.5535902,1.8600752,0.8669812,-0.7031569,0.63558334,1.7186446,-0.74709547,1.8486466,-2.815813,0.6866764,-0.6195928,1.2302741,-0.96735024,-0.5808447,-0.46670213,1.1465735,-0.11177163,1.1947602,-2.5557868,-3.8464391,1.3929908,-1.8108512,1.6736,-1.1260666,-2.2624004
-1.173336,-1.409635,0.34096012,1.2340281,-0.22647728,0.85567844,-0.1398235,0.58675176,3.020039,-0.29641345,-1.0371878,-0.7838835,0.13197869,0.2302289,-0.36197138,-0.23264542,-1.9805521,0.2691769,0.10764504,-0.44896698,-0.3677591,2.1365983,-0.19527979,-2.5713573,3.9118211
1.1176313,1.215783,-0.62981236,2.0793939,-0.04320448,2.1267176,-0.7589633,-0.36987022,0.04845035,0.43170142,2.286962,0.110684276,0.5345644,1.4686911,-1.0169083,0.6194639,-1.3164055,1.3104283,0.26545045,0.6101363,1.219868,1.1672583,0.5902223,-0.19806778,0.1464265
-1.265041,-0.0010602772,1.1741316,-3.0319088,0.20427197,0.7279226,-1.4629804,-1.2390432,-2.3613296,-0.15185459,1.2837746,1.8593136,0.08979213,0.4210238,0.2716665,-2.059522,1.4970595,2.990569,0.30770475,-0.07057192,-0.17902327,4.1093802,-1.8543303,-0.10105172,-1.6805509
-0.028208613,-1.5112145,-0.30999956,1.2548816,-0.23042499,-0.4061136,-0.8656205,-0.6238428,1.133699,0.70246774,-0.06286399,2.1626546,0.6051305,-0.29986334,-0.7628267,-0.33774817,5.0141835,0.38950354,0.67275876,-0.41548178,-0.35854417,-0.5982834,0.5523817,2.5028024,-0.584934
-0.77815723,1.283429,0.053454544,0.004720509,0.23087642,2.3260355,0.5699955,0.31387663,-0.5748545,-3.5846813,1.0009322,0.093882486,-1.2951065,0.12890825,-0.2187508,-1.1797402,-0.7408271,0.7178954,-0.6179047,-0.18768828,-0.3959846,0.036418676,-0.30509043,-0.089529395,2.2334619
-1.1840616,2.1127834,-0.7552349,-1.2337921,-1.8789483,-1.6729747,-0.87946355,-0.06868957,0.3609048,0.41147217,-2.338396,-2.2845588,-2.1186426,1.1487044,0.72380567,0.3720228,-2.6572044,-0.49163795,0.6827732,0.2717515,-3.1283891,1.2440649,-0.9674257,1.3040596,1.2234625
-1.28374,1.4020803,0.12643781,-3.0297923,1.0253853,-2.5403402,-1.5256119,-0.77665824,-0.1842114,0.18657324,-3.4676654,-0.48191094,-0.41414738,1.2575462,-0.2933485,-3.580721,1.7628508,-1.458366,-1.6900785,0.7431808,0.45726225,-0.83089656,-0.789384,1.2512918,-1.8527417
1.3244226,1.6284373,0.9151242,2.3019297,0.3444385,1.3546507,-1.1367812,-0.93893045,1.3743182,0.18865749,-0.018283546,1.072389,0.8237262,-0.3609588,0.5711203,0.34584412,1.2918223,-1.0267966,-0.11817287,0.004264648,3.0477996,0.77486235,0.13262773,-1.7556233,2.4276018
0.326913,0.49947718,0.5104643,1.9105093,-0.31803417,2.4307323,1.0724323,0.15320152,0.8323418,-0.85052377,3.3240864,0.3074435,-0.2634524,2.5499213,-0.6411687,-0.23810196,-3.0317433,0.78975236,0.64598465,-0.4684013,2.343679,0.8760319,0.18672168,0.53759396,-0.4693191
-0.15040147,-1.4950684,0.56845087,-0.34747696,0.48204833,0.7175699,-0.13262287,-1.5553491,-0.13408774,-0.15788597,0.65453345,0.8950829,1.9866467,1.6653078,0.1426954,-2.071955,0.32085538,-1.4164425,-1.9869592,-0.14982817,-2.2716074,2.66147,0.3722207,0.25533628,-1.7668061
-0.12607998,-0.012817919,0.36683697,-0.58298135,0.28834632,-1.2658781,-0.62960076,-1.1495374,0.774476,-0.45085594,-3.0607853,-1.791489,-0.33972573,-1.6150393,-1.7049081,-3.1525764,-0.1098969,-0.8020588,1.0470166,0.7225896,-4.2051983,-0.028498918,-1.2960187,0.84923995,0.10007269
2.6534786,0.9489778,-0.029746355,2.0701916,0.94408005,-1.3798434,0.5235737,-0.41579342,-0.66243726,0.0017507151,-2.7912796,1.0916874,-1.6602685,0.020524964,0.37439522,-1.8277807,-1.3604519,-0.3447175,0.29853413,0.7935441,0.28602442,-1.5396843,0.53881603,0.8065047,-1.7005087
-1.4176457,-1.1681645,-2.0840688,-1.4606551,-0.6980631,-0.07227689,-0.96702826,-4.225128,-4.388345,0.15880437,1.5892968,-1.560588,0.5587925,-1.775705,-0.13592869,-2.0434198,0.2863596,0.21763043,-0.34619376,-0.18525843,-2.2548382,-2.010324,-0.2325818,-1.2784767,2.9136488
-5.3270516,0.15004879,0.06965402,-2.96448,0.19153005,-0.8070547,1.487233,0.31280726,-3.0886602,-1.9358331,-2.4835613,-2.6883688,-0.27004087,-1.7540791,-1.0900546,-1.868042,-1.1265355,-0.7632583,-0.047704194,1.5929407,-1.6921134,-0.62485456,-1.7746403,-2.16492,-2.5478086
-3.469155,-0.96981037,-2.6230016,0.42894912,-0.21628919,-0.16462654,1.2523012,0.45290077,0.8568873,1.6182146,-1.3379602,0.24260157,-0.2171095,-1.0109234,-0.71734524,-1.8688221,-2.4977984,0.3861272,-0.74948484,1.6409074,-1.2841934,1.7336082,0.21743292,-0.35038877,-1.120167
0.88887215,-3.2456732,-0.1324791,-2.0139115,0.043165192,0.05535525,0.2578976,0.035751015,-2.705813,0.39622808,-1.5254273,-0.0066752434,1.012497,-0.27992624,-0.70161605,0.7482605,1.2239274,-1.2436104,-0.94686455,-0.9208548,-0.9177016,1.0860033,-0.5765556,0.5995716,2.5687919
-0.3781183,1.873712,-0.16138744,0.6192681,0.07999689,-0.06490506,-0.34381565,-1.1486783,-0.77073455,-1.6464909,-1.0205537,0.41683424,0.8440726,0.609615,0.11529589,-2.02168,-0.26765406,-1.138386,-0.2032757,-1.2730007,-0.9837574,-4.0388865,-1.2900536,-0.36306202,-0.8949802
-2.5003338,-0.6301595,0.77723646,0.44061798,-0.55923486,-0.40347785,0.25159764,0.7703341,-0.050200433,0.42079926,-1.6358106,-0.68654895,-0.1763395,-0.6193998,-1.096994,-2.315021,1.1163206,-2.1204793,0.6076084,-0.22331764,-1.3295351,-0.68872076,-1.9913082,0.6344116,-0.6381537
-1.7561321,0.35672307,0.7909604,-1.1132281,-0.68661946,-1.2350752,0.051461935,0.46918952,0.8869779,-0.5084506,-0.041315913,-0.6100725,0.3489187,1.9784048,-0.41549283,-1.1918522,0.9476719,-1.448573,0.49198624,-0.9059674,1.2810969,0.13267422,-0.2696933,-0.70323724,-0.957784
1.0820233,0.57599896,-0.82071906,0.73318934,0.70937485,-1.1695516,2.2909956,0.60972595,-0.06454152,-0.27317214,0.5366385,0.17936453,-0.089558095,-1.4295089,-0.7455251,0.08189958,-1.428263,1.1254631,-0.77261585,1.3031559,-0.5669357,-1.6844454,1.5782273,0.3610513,-1.3068843
-1.4075563,-0.5443982,0.35585275,-0.34200794,0.023973126,-0.259496,-2.164721,0.9155062,-1.2825236,0.56885636,-0.6869026,-2.6576412,0.7222372,0.2598198,1.7851517,-2.057475,-2.044697,-0.7329002,-0.6530588,0.43032238,0.30627763,-1.5740465,0.8914114,-0.366122,1.3872708
-1.6412175,0.41271824,0.5981815,0.36000544,0.3908161,0.5986047,0.6030916,0.114816666,-0.15599774,-0.036576528,-0.61144954,-0.49137262,0.34992117,-0.2742843,0.29451296,-0.32584757,0.5703114,0.2679644,-1.8311136,-1.4470754,-0.5924304,-0.8106287,-0.7885199,0.5798259,-2.0219572
-2.2884212,-1.3371565,0.020861644,-0.2862141,0.95528,-1.1070127,1.0309006,0.6175171,-1.5761313,-0.45315835,0.82686687,1.0492221,0.4929928,-0.3149919,0.35500333,-0.2269333,1.6229923,-0.68251157,-1.2030704,-0.024578497,0.73349184,0.9616482,2.191174,0.9235967,0.20028113
-3.636187,-0.048521012,0.7915301,0.5818277,0.29090488,0.7179223,0.84897494,-0.8022421,0.4789179,0.28787845,-2.5438044,0.26453578,-0.02927816,-2.2736976,0.3080082,-1.5730091,-0.41800502,1.0844624,0.63319385,0.5360762,1.142534,-1.0739315,-0.6920262,1.224241,-0.0024026036
1.1919674,0.6266444,-0.38865638,1.0291657,0.7407955,0.16760087,2.4062016,1.4140902,2.0702984,0.03344489,-0.21933246,-0.13765818,-1.4996529,1.651859,-2.1423333,0.9721489,-0.33891565,0.6564127,0.47572386,0.25715834,2.4874637,0.8908415,-1.3447999,-0.51921487,2.0355468
1.9934323,-0.1562773,-1.2920579,-0.43096998,0.14985846,1.9954672,-0.20811985,0.30096233,-0.73653495,0.28020847,0.13400358,0.6443414,1.7251059,0.38219118,0.35068694,0.37405124,0.27638057,0.028322324,0.047794968,1.7306874,0.7848866,-1.8500167,-0.3181174,-2.1964085,0.24479122
-1.1726899,0.7664399,0.16748816,-3.756208,-0.31521776,-0.07082683,-4.567511,-0.60440207,-4.2843895,0.06065028,-0.3744089,0.57412064,0.032761663,-2.122339,-1.60795,-2.1952627,-1.1748211,0.93384576,-0.87801236,0.8682453,0.23438075,-1.5471137,1.6883243,1.0963308,1.8570178
-0.8924408,2.8276358,0.28549662,0.8078726,0.69991225,-0.08202174,-0.6928706,1.7158968,0.1764816,-0.15067336,-3.3104422,0.91387475,-0.45596784,0.6761113,0.114750266,2.5287015,-1.3841374,0.9204285,-1.2965739,0.32791543,0.6795139,-1.8458359,-0.838148,0.2583965,2.3904638
-1.4907653,2.1579354,0.93038815,1.470526,0.10000556,0.053471133,0.7068569,-0.09067345,1.0356216,0.48395482,1.2531947,-1.9454036,0.45341867,1.2186509,0.7355472,0.6706064,0.98218894,-0.16787036,0.1386543,0.06365605,-0.6217996,0.16218835,-0.014123365,0.9185869,3.3462977
0.28663152,0.1726976,0.9924078,-0.9881625,0.07789436,-0.07936591,-0.25083083,0.24738929,0.6828503,-1.2130425,0.0987832,1.6738751,0.68827635,-0.9119482,-0.88553345,0.5914082,-0.45323467,0.0039252676,0.69931275,0.34006312,0.054831684,-2.1902606,0.4523307,-0.31569433,-2.377592
1.3619363,-4.077178,-2.0692499,1.3288925,0.81129885,-0.7500567,0.6057684,0.5476905,-0.47001338,0.44250312,0.6818115,0.6061148,-0.2915393,-1.7165915,0.28966886,0.8115783,0.7322461,0.21612471,0.86520904,-0.41157702,0.8049541,-1.8998373,0.107069775,3.252101,1.9240273
-2.9498153,0.9017005,0.53471524,-0.47352558,0.2965566,-0.44246227,-0.32279485,-3.5923798,-3.1267564,-0.0074195005,-0.007400006,-0.26443797,0.3095733,-1.7556305,0.33646932,-0.44849652,1.727789,0.40467757,-0.13995439,-0.11491412,-1.1646974,-1.7896788,0.1906459,-0.76516414,0.14962506
-5.883277,1.2876601,1.4363291,-0.4299542,0.3486533,-4.2258234,-0.8577447,0.44657743,0.6825028,-0.13034764,-1.7346536,-2.0941207,0.16976205,-0.14021342,-0.38342202,-0.8149191,-0.772822,-0.4056232,0.1474022,-1.4288396,-0.91770035,-0.09088409,-1.5956862,-2.379569,-0.2129858
-0.16654897,-1.3747542,0.12939048,2.149571,1.1673868,0.24732973,2.7441075,0.1583265,2.4195027,0.7018634,1.1033114,-0.11210753,-0.68909174,-1.8320608,-2.8480086,-3.55699,-0.09930533,-0.027352586,-1.1275661,0.1962443,-2.4163537,-2.3724935,-0.6913462,-2.2744117,-2.1671968
-2.4027803,1.1484488,-0.02581671,0.4910105,-0.4013152,-0.76300967,-2.474596,-1.3301096,0.08664793,1.0320731,-1.8924363,1.8251438,0.49362528,-0.3588935,-1.6304302,-0.5013574,-2.5098662,0.5951849,0.24428587,-1.275384,-3.7048726,-0.677152,-0.77629125,-1.7393202,-0.67049015
2.4178739,0.02492486,0.55290234,0.4905447,0.6663261,-2.6179235,-0.70674306,1.3357153,0.369887,0.63225526,-1.1685995,1.3478675,0.5388963,-0.6273095,-1.0675035,0.23254049,-0.7508316,-0.8230994,0.26049808,0.12163274,-1.6727363,-0.33351612,-0.31432387,1.4165734,1.1831439
-1.5550761,0.17736757,-0.40661588,-1.4373143,0.52551425,0.57428575,-0.4833498,1.3126237,0.21095318,-0.004114896,-0.6613425,-0.8785614,0.84128034,-0.019814312,1.3139708,-0.30999404,0.31588447,-0.99245965,-0.25298974,1.3042548,0.30862463,-2.8733802,-0.83947164,-0.98013616,2.61173
-0.4184851,0.28534457,-1.2690579,-1.2695284,0.73288304,-1.0250134,1.30267,-2.1340816,-1.4078293,-0.11681315,1.1095161,-1.037575,0.09136759,-0.70379937,-1.6265115,-0.3756294,-0.2320087,-0.46271512,0.61113137,-0.19447142,0.016483605,1.2346137,-1.2387,0.88224804,-2.7468617
-2.0650933,-1.2357098,0.43291542,-0.24845803,0.6504116,-0.9831703,-0.5933983,-0.105104744,-3.5154057,0.769273,2.8152585,0.41948757,-0.57369226,-0.17016572,-0.9608672,-0.37621808,0.5160562,-0.0024696589,0.3309305,1.2671304,1.3546851,-0.88358635,-2.6503851,-1.4320397,0.3507017
-3.0107608,-1.6493174,-0.50507635,1.0334902,0.57622606,0.53746635,0.56396973,-1.5486803,1.8538077,0.6995898,-0.6352873,-1.2710241,-0.3514523,-1.0293009,-0.8388875,-1.0973638,-1.7507616,0.056653917,1.1367127,-0.24206252,0.31575555,-1.3438075,-0.028740771,-2.0586061,-0.24894053
3.5781589,-0.65994847,0.22418514,1.990675,0.39012596,-2.186466,-0.21734911,-0.38301748,0.70010823,-0.08551183,-0.8395822,1.128807,-0.36366972,1.8505039,-0.7015853,0.48488623,-1.7097882,1.2319705,0.50457495,-0.808438,-2.3783302,0.5178879,-0.40094975,0.47620952,-0.38514656
-5.2012844,0.20947146,-1.2834222,-1.3293079,0.8717314,-3.2369766,-2.996477,-3.196538,-2.3179667,-0.42152354,-1.8894609,-3.467783,1.0996432,-2.9694602,-0.13747708,-4.3303747,-2.1670034,-2.4399207,0.19386879,0.012026545,-2.530363,-3.2716894,-2.0083294,-2.9591815,1.3699499
-0.6909442,-0.44096643,-0.68820417,-1.3416383,0.51779044,-1.333406,0.056618795,-0.09481478,-3.4658527,-0.52353734,1.3731602,-1.0692364,0.04750356,-2.0898232,-2.938919,-0.95794165,1.2698216,0.1336743,0.22541547,0.47438687,0.08014506,-4.331989,0.12274413,0.19727924,-1.312131
-1.7843673,-4.0214586,-0.14730683,0.4242583,0.26931068,0.1685799,0.51844716,0.7580167,0.7024132,-0.3804388,2.843864,0.6768177,-0.6495591,-3.5366647,-0.30044228,0.57275486,1.0034282,-0.5436249,-0.04667673,0.012026545,1.378706,-1.5674448,-0.65243655,0.35267353,-2.7263322
1.3640918,-0.9014696,0.15065132,-0.3895793,0.39012596,0.3247294,0.61719203,0.030061841,1.6824329,-1.2893069,1.075418,0.3355027,1.1117077,1.4454191,0.012775704,0.38106728,1.7472892,0.18664391,-0.38037825,-0.56558007,-0.6769061,0.3050705,0.46903184,0.08113068,-1.7967304
1.4744114,4.1563463,0.60317034,-0.9978587,0.88885844,-1.347358,-0.52759993,0.026257277,-0.74606824,-0.016923815,-1.5856133,0.15995508,0.8528003,-0.8239589,-0.103434175,-0.42231882,0.22589129,-1.6089319,-0.1929706,0.8845488,-0.10805017,-1.2522254,-0.9485805,0.09477606,0.1665346
0.32297903,0.8340804,-1.9975927,-0.17151198,1.1128159,0.7691451,-0.29899323,2.845808,-0.17920375,0.070349164,0.40266618,-0.4981182,-0.8722043,-1.8924608,-0.99568206,-0.065258175,-0.93020964,1.9604086,0.74044675,-0.45804244,0.31538585,-4.118088,0.4782892,-0.43724698,1.746979
2.3364124,2.5735364,-0.19596648,0.46363127,0.70147896,-0.45640862,0.5953971,0.8034319,0.25056607,-0.49394932,-0.63385403,0.24299924,-0.59515536,1.5047381,-0.5754149,0.40395373,-0.47946888,0.5129185,-0.32424614,-1.1422316,2.2258825,0.7270512,-0.50094247,0.8945963,0.8775466
-0.9905412,0.087415725,0.06741958,-0.18484424,-0.13941051,-0.1884183,-1.9442353,-2.3625088,-1.9700553,0.24552856,-0.72621554,0.4888218,0.07405782,0.4490404,0.47908702,0.4302202,0.26062536,-0.71759874,1.0020425,1.0582323,1.2102404,-4.0340247,0.23597355,0.32264364,2.9127665
-1.0548623,1.3850988,0.59899986,0.027894348,0.21307574,-1.1173989,0.9131925,1.9057462,0.22038057,0.47189644,-0.7722803,-1.6087277,0.8012204,2.4277534,-0.24006893,0.82482225,1.421341,0.166305,-0.44941005,-1.4599168,1.3503413,2.3738337,0.17463024,-1.5537351,-0.11149907
1.1515843,-1.0132785,0.3814289,-0.6164744,-0.5336385,-0.04483384,1.7597976,1.3876969,1.5494549,0.26213393,0.34656835,-1.4760667,0.594645,-0.49783823,-1.887124,-2.5678854,-0.43010354,0.86913204,0.69739634,-0.50426984,-0.02367334,-1.9142308,1.2431701,0.6158255,-0.89453816
4.4187407,0.36347395,0.49079987,0.38741732,-0.07974048,-1.0038538,0.078929186,0.40481633,0.28509492,-0.8153426,2.3594694,-0.24427211,0.36415225,-0.10483854,0.14571229,-0.8174553,0.96219456,2.3714607,1.2423002,-0.49487978,-0.92999375,0.6081648,-0.5523179,-0.6752403,0.21315533
0.5926396,0.14049634,-1.3181651,-1.1497505,0.49198744,1.5194796,-0.54599667,-0.39014164,-0.3403775,0.15677035,-1.2148653,-0.25192693,0.89627004,-0.6527457,-0.62955666,0.97682196,-1.3268497,0.4626578,0.38768807,-0.4832384,0.2438094,-2.840868,-0.39045015,-0.5061588,-0.9349308
0.65278476,-0.98659664,0.7129159,-3.2207386,0.41371188,0.95878994,-2.4920108,-0.8643029,-3.4387825,0.27328214,3.3455667,0.53971744,-0.6763518,1.3338301,0.023152232,0.81209993,0.7501503,0.4779299,0.16711394,-0.33874443,-0.95248216,0.17861621,0.13884918,0.37980306,-0.22808272
-4.5554247,0.85250264,0.7909604,1.9045769,0.90187097,-0.014926553,1.4162496,-0.39267308,2.5622869,-0.5124747,1.4580262,-0.00643,-0.27174178,1.4285762,-0.36134756,-2.8825848,1.6694584,0.0348109,0.61400974,0.2658399,1.0918157,1.8540212,0.5348813,-0.8853824,0.5935136
0.7994069,-0.19503953,0.49735725,1.6918961,0.81469625,-0.32585064,3.3695297,-0.48538172,2.9648972,0.57562506,-2.3483157,-0.12427643,-0.19239348,-1.4197042,1.1470784,-3.1721575,-5.5252943,1.2547953,0.21963346,0.7229677,0.0325104,-0.6463212,-0.0029593408,1.707237,-1.719281
-0.6002977,-0.5194457,0.21602932,0.24508071,0.024981316,-2.7596667,0.547265,-0.5504791,-2.3575804,-0.036846828,-0.94724727,-0.7077861,0.47837982,-2.2030697,1.4676552,0.25115764,3.588242,-0.007937923,0.6974816,1.3736444,0.48595977,-2.6976705,-0.8921117,0.011125356,-0.24016345
-1.2530255,0.6925301,-0.6883182,1.022959,-1.3273634,-1.0282502,1.7097383,0.91763234,-1.1112962,0.32137385,0.7284737,0.20390679,0.8956046,-0.7329255,-1.5470836,-2.8151498,0.9428224,-0.77376515,0.24428587,0.38205728,-0.18761197,-2.0012975,0.7020633,-1.346812,0.07806742
-2.5029635,0.7246968,-0.90868473,-3.4525821,0.39012596,-0.3444105,-1.3449475,1.0181836,-1.253122,0.035679225,-1.8749446,-0.42533883,0.47876647,0.4891727,0.7998114,1.0594721,-3.056868,0.90798885,-0.77261585,0.43987408,0.49880552,-0.5525769,-0.16538021,-0.84827745,0.57524973
-2.0666776,0.2299194,-0.36159706,0.63166285,0.84316325,-0.53749037,-0.63943374,1.143002,-3.1396556,0.9912329,0.7489611,-1.1889454,-1.3449037,-0.45409015,1.1028938,0.4443074,0.7562946,-0.81956875,1.3966675,0.7589561,-0.48159292,-1.400305,0.16337125,-1.4523796,1.0978291
-2.8572698,-0.31353402,-0.32641643,-1.4070519,-0.08154023,0.5459885,-0.9318538,1.5284714,2.0349894,-0.20862602,-1.3566388,-1.3240107,0.39683545,0.0038998574,0.41237622,-0.10758397,-3.1246037,-0.34801614,-0.065084025,-0.64721906,-3.0798748,1.7338145,-0.68107855,0.07873368,1.2267604
1.449456,0.49081925,0.19652969,0.11293881,-2.3385177,0.35384548,-0.071531236,-0.3813216,-0.39464033,0.39983657,-1.738065,-0.07848883,0.3755531,0.6647359,0.9499364,-1.7383003,1.253851,-0.16292831,-1.7157878,0.95731264,-1.0668633,1.1084151,-1.8210726,-0.3134097,-0.19109386
-0.08258003,-3.1346145,1.0136416,-1.2112137,-0.01831651,-1.0521705,-0.7380638,-0.364157,-0.19208182,0.49492764,-2.250949,0.82722366,0.2769369,-0.46965435,2.1890993,-0.11027959,0.93149346,1.1428785,-0.20023926,1.4756211,0.34415722,-1.9112185,0.9898647,-0.20291197,0.31342375
-1.1587164,-0.066569746,-0.62981236,0.18414044,-1.1995487,0.52032125,0.0119589865,-1.6610347,0.23941499,1.3534262,0.41619438,0.9718856,1.6268113,-0.7608004,0.6975248,-0.54733413,-0.074165285,0.08535567,0.22541547,1.7705966,-1.2536728,-0.25952137,-0.4789744,-1.882369,2.287519
-1.2819284,0.2380827,-0.8330196,-2.589017,0.04855913,3.4327812,-0.5453404,0.7666727,-1.5453293,-0.75105727,-1.6235552,-0.5107866,-0.8858363,0.79008543,-2.703711,-0.9743843,0.055084586,-0.06274633,-0.024245717,0.030561011,0.6852654,-1.7653672,-1.2249266,-0.5776967,1.263494
1.2334381,0.50607824,0.89943117,-1.6649877,0.5892995,-1.0517237,-1.0545872,-1.5356536,-0.6483557,0.45034528,1.0647461,-0.2969216,-2.5956802,1.095593,-0.5774905,1.3066834,-1.1633569,-0.16787036,-0.6539375,2.12024,0.6214912,2.4823656,-0.014123365,-0.16264546,1.6277996
2.54083,0.2869562,-0.71777177,-0.13730669,-0.02380857,-0.111807704,0.50732106,-0.36294293,-0.7393857,0.61655474,0.26062474,-1.6530077,-3.3133142,-0.45800582,0.34800506,0.24312268,-2.1348124,-1.2680842,0.50979036,0.28768045,-0.041409656,-2.4870567,0.46244884,-1.0577905,-1.2898456
-0.8926309,-1.960562,1.2495867,0.120538965,0.15489796,-1.2388595,0.29159772,-2.7504637,-0.89964986,0.17316276,0.97642964,-0.7937565,1.1151248,-0.15302724,0.44108754,-0.8497848,2.4196339,-0.0010874569,0.55596536,0.6043483,-0.6942258,0.23456207,-1.3994021,0.0016798973,-0.43193692
-1.1596329,1.0367374,-1.212297,0.93524456,0.64889234,1.3038814,-0.3487029,-0.8107634,-0.32655752,-0.32450143,-1.5112145,-0.5611505,-0.71422327,-3.0796962,-0.4188455,-3.1914992,0.4582799,-0.18859816,0.8750145,0.63724416,-1.3980553,-0.8301959,0.37277913,-0.57427174,1.3014777
-2.1240478,-0.33119485,0.2439493,-1.5064154,0.64019203,-1.2097263,0.41841626,-0.99186146,-1.9693645,0.6836502,-0.94434524,0.6144402,-0.2337964,3.1558442,-0.9948239,-0.233009,0.09204662,-0.5591865,0.60255766,-0.79088616,-1.6500949,3.780982,0.18931326,0.7399734,-0.7020391
-0.33150858,-0.89946496,1.2188556,0.38922763,1.2630421,-3.109387,1.5444586,-2.118595,1.2577277,0.57562506,-3.1296306,-0.7013868,-3.366156,-0.96124756,0.09055351,-3.1719759,1.4691281,-2.2120168,0.88350254,0.97531146,-3.7891092,1.351888,-1.8570335,1.0036494,1.5311309
0.43085924,0.44281498,0.7204923,3.413275,0.24361691,-1.3248913,-1.3419665,-1.0666956,-0.6194277,0.4313643,-1.1908054,-0.32859078,0.58104694,0.21627289,-0.22849853,-1.8365958,0.57745874,-2.5530086,-1.2784146,0.31726298,-3.6098235,-2.7066844,0.7988917,0.93584305,0.77917886
-5.1093616,1.037221,-0.010532865,0.7006356,-0.59951204,-2.4013143,-0.7266104,0.61616397,-1.4679232,-0.8107348,0.14869666,-1.8461883,0.6762361,0.07396502,-1.5435582,-0.4980395,-0.859534,-0.77028805,0.63336366,-0.23476978,0.038345158,-2.6390414,0.7988917,0.41402543,-0.089769825
-1.1818855,0.696467,-0.07916374,-0.41938025,0.4808256,0.6712068,1.9566664,1.710047,0.99537885,-0.18092659,0.85107577,-1.9369441,0.2943652,-0.4230851,-0.6500726,0.79191554,-1.6584054,0.5121949,0.69739634,-0.009552147,0.44474944,-3.0570703,1.8974485,0.8722834,-2.7399793
0.88631445,-0.1376974,-0.57542515,0.20229617,-0.6865426,0.6881099,1.4998891,-0.19216114,0.22622961,0.22120112,0.73929775,0.493138,-0.790503,0.4138373,-0.8697977,1.8729439,1.0862162,1.3874625,0.52307945,-0.8955683,0.6426464,-0.67561907,1.3270833,0.06865999,1.1246995
0.74513096,0.02870351,-0.29413414,-0.35562018,-0.15268083,-0.14662188,-0.60286665,-1.5740178,-0.40924618,-0.57372874,2.494297,0.24769855,-1.706136,2.3690295,0.16565536,-0.1056512,-0.45873725,0.29644293,-0.17000557,-0.53102535,1.8738976,-0.42900234,0.70149827,0.9317664,0.737393
0.117631786,1.0285379,0.76252055,0.4640434,0.01885866,0.2599151,-0.57707536,0.41436586,0.82011557,-0.14607908,0.13284779,-0.39746645,0.075172976,0.2580675,-0.6086129,-0.27522072,0.8597731,-0.07537152,-0.61491674,-0.18363696,-0.5932509,1.4380622,0.9777655,0.094193965,-1.7043023
-0.40607363,-1.0977556,0.1992675,0.2519588,0.17934385,-0.56868553,1.2285562,-0.99657154,0.5949999,1.0899888,-0.9451874,0.3834451,0.022997774,-1.3473836,0.50740826,1.0417145,-0.1033414,1.3504438,-0.608614,-0.31542072,0.9060706,1.0297257,-0.543007,1.1771454,0.6131607
0.39999896,1.0959148,0.52980566,1.5973533,0.59298384,0.75637364,1.0399114,0.33629793,0.34918004,-0.84849423,0.91811585,1.2764782,-1.5000422,-0.7822293,0.97942394,0.37610266,1.2267717,0.8092053,-0.037959035,0.29795665,1.8317361,-1.3369157,1.9193075,1.7918286,0.35635823
-0.32123962,0.13473149,0.55861324,0.04173641,0.75768554,-0.021806002,-0.9003993,-0.93789715,0.6197816,-0.9780794,-0.28415006,-0.17764336,0.78297263,1.1752933,0.48623386,1.40884,-1.0464809,0.123187006,0.30355966,-1.6283581,1.0246764,-2.4967568,-0.20335495,-0.81121093,-0.13475543
1.75784,-1.8095341,-0.24801515,0.09134233,0.0021883994,1.8642062,0.42378572,0.44205126,-0.33486,-0.50621194,1.3321033,1.3204188,0.35208702,-0.6928166,0.6348798,0.5049858,1.6660297,-1.0362599,-0.58701235,-1.4751449,-0.4732805,-1.7038922,0.12784022,-0.91094416,0.2835032
-0.73922944,0.29413152,0.40882358,-0.99937665,0.80436724,-7.583006,-3.8003507,-1.3862368,-0.28377524,0.41234675,-4.8022075,-3.8117032,1.2590802,1.5671742,-0.17088406,-4.845253,-2.3719802,-2.428807,0.39790958,-0.54256403,-0.2679413,2.0722136,0.120078325,-3.562746,-1.6434397
-1.4744208,-0.24929956,-0.5771325,0.8449838,-0.15247934,-2.3258462,0.38283584,-0.67949045,-1.0543454,0.7737149,-1.8777437,-0.0036925226,-2.3227417,-1.3347205,-1.6532626,0.3402866,-1.6961029,0.42937988,-1.5576239,1.1626536,0.6819923,-0.9441323,-0.057587862,2.6793864,-2.1145568
-1.1154783,0.57103556,0.7651565,0.485519,-0.61765,-0.27684402,-0.21232323,-0.25465518,-1.2718698,0.4470184,-1.9737043,0.37746546,-0.9087877,-0.6408978,-0.45262745,-1.3522408,1.6157792,-0.09390965,1.3140227,-0.7100098,-0.49285468,-1.7374748,-0.32924527,0.27918515,1.6350235
-3.852102,0.6828807,0.44433606,0.35621095,-2.114568,0.9193102,1.3918809,-1.5039206,1.6961771,1.1433941,-0.07522938,0.028443038,0.7036015,0.55210996,0.18222034,-0.16125041,-1.2717946,1.0205407,0.43167138,0.069699615,-1.9527317,1.6167955,-0.63898665,-1.6612132,0.8813307
0.57178634,1.2083815,0.1848954,-0.21536636,-0.1733855,-2.3479433,2.6500776,0.20731974,0.8792801,0.6541108,1.1379992,0.27622244,0.28796878,0.43165356,0.16668248,0.25877398,-0.9174998,0.45253408,-0.39615175,-0.42735735,0.9565978,0.33403468,-1.1871105,1.0542438,-0.7533658
1.1973191,-0.4093714,1.1989927,-0.34280336,-0.066762045,0.4634934,1.444455,0.91250575,-0.97966117,0.26213393,-2.035,-0.85357404,-0.24087265,-2.0131607,0.76921463,-2.0184746,0.20944649,-0.23483491,-0.13136828,-0.34886637,-1.9183017,-3.79656,-0.17727065,-1.0467901,-0.30130696
-1.3522446,-1.001263,-0.0044744704,-0.9694747,0.33794972,-0.8711132,-0.38037193,0.9767292,3.1999063,0.29995373,-2.777382,-0.84600604,0.6154247,1.229908,-0.09261164,-0.33723083,-0.67813957,0.03405094,0.47656208,1.0818415,0.82918334,-1.8525128,0.66320884,-0.4190234,1.2607703
0.7575362,0.76941705,1.4300548,0.41358203,0.34070083,-0.11137532,0.39193517,-2.6628067,-1.4520389,-0.51247156,-0.5358199,1.1903632,0.2128469,0.41045463,0.37698722,-0.721501,-1.1255186,-1.9616318,1.2636696,-0.79993963,0.005804211,-0.8940158,-0.869053,0.59096974,-0.27560437
-2.691234,0.1676017,-0.15200095,1.0101545,0.31385747,-0.8563676,-1.0004787,1.6564014,-0.24272022,0.07505185,0.4958223,-0.92041373,-0.16734119,0.72415036,-1.6424162,-0.9679068,0.7123429,-0.7711203,0.9859382,-2.4311543,-2.2164667,-0.8798841,-0.40293473,-2.0011613,1.3689097
-0.91066074,0.18897414,1.0496242,0.21465997,0.49377355,-0.5652419,0.8385828,-0.6816281,1.1829959,0.11609048,-0.19950294,-0.526529,1.6653188,-2.1005507,1.5344055,-2.4919474,-1.0923772,-0.26524022,-0.19186524,-0.37142673,-1.2718582,-0.06473377,-0.05347821,0.22292149,-0.4385096
0.9416188,-0.21803612,0.45206842,-0.18237907,0.33919087,-1.530956,0.74401414,0.6786264,0.36663553,0.3832082,-0.4071514,1.4848021,-1.0526671,-1.0624285,0.13616179,-0.29758015,0.919344,-0.01852572,0.89575696,0.57950807,-0.85660386,-2.968858,-0.67302287,-0.745546,-0.9002072
1.3265334,-2.392748,-0.25657257,0.29117072,0.15181242,-0.28116617,0.09479937,-1.8268888,0.3820038,0.44234812,1.3531432,0.4705131,1.3231062,-0.30806404,-1.8256111,0.5679488,-1.4734393,-0.29630485,1.2444288,0.28344876,-3.166298,-2.0996113,0.29228458,1.4700537,0.7729702
0.3866366,-0.13643259,-0.4509553,-1.0761064,0.20272586,-1.3576623,-4.8129177,-2.7682183,-1.45429,0.49270245,-1.0641768,-1.0421727,1.131302,-1.4996892,-1.239098,-1.3216715,0.16374412,-1.7822052,-0.66195655,-0.63755727,-1.1043727,-1.8421323,-1.0470746,2.1787074,0.007734835
0.86833304,0.2446314,0.18856435,0.3436793,0.30976522,1.3564281,-0.28756195,2.8923745,-2.6255128,0.34120628,2.1218963,-0.48580065,-1.3043336,-1.8700973,0.50086087,-0.7165511,0.32091886,-0.009105846,0.67074496,-0.29088008,1.5281651,-0.99822164,-0.011984229,0.3201124,-0.011009812
-1.0583475,-0.26624268,0.28202477,-0.60008943,0.61000913,1.5053499,1.6927443,-0.06291777,-0.33828247,-0.1136013,1.1168073,1.5717207,0.3161708,1.3796352,0.73879206,0.36100388,1.7990301,-0.34425813,-0.77072686,0.669477,-0.2332648,1.0665575,0.60339093,-0.8793013,-2.1708395
0.2711483,-0.9043509,1.0581623,-0.09183043,-2.6973631,-0.36472145,0.37347546,-0.89650905,0.78791994,0.4218372,0.6578435,-1.5947074,-1.3858885,0.81387687,0.9018831,1.3312955,-1.6984224,-0.5551272,-0.22540322,-0.1691995,0.79319316,2.07216,-0.5440943,-0.61647785,-0.44705895
0.8254244,0.12877697,0.07061442,0.3404268,-0.53864807,-1.1121247,0.8199938,-1.9978142,0.8318378,-2.0371795,-0.3043118,0.07632308,-0.27766722,1.1357775,1.3163515,0.71279436,1.6341006,0.24789631,0.24193388,-1.0334623,-0.005882174,-0.0058505535,0.38597584,3.2449667,-1.2182548
0.98157394,-1.8682292,-0.2917023,-0.7208924,-1.1752193,-1.4400816,-0.6028554,-0.0017590523,0.55440784,-0.6303663,0.5402798,0.09909153,-0.10043675,-2.3690362,-0.2352243,-1.3607879,0.35648513,-0.8052477,-0.46881378,-2.166607,-0.9037343,-2.0245314,-1.6745374,-0.0060512424,0.88220465
1.218874,0.087415725,0.33884576,-0.39163482,0.06201276,-0.6949597,0.5477143,-1.7147764,-1.1040634,-0.93321407,0.5337421,0.052460477,0.36523637,-0.9816795,0.3710161,-0.7361058,-0.23075646,-0.6463667,0.2296863,-0.8955683,0.08944377,-2.3705091,-0.9172379,-0.97414494,0.93652076
-1.3141031,1.5468156,1.1489689,-0.7665195,0.97472024,1.160631,1.7879174,0.22439647,-1.5816858,0.8009448,0.85527223,1.7525793,-0.24374725,-3.4167724,-2.8105369,-0.22106722,-1.6980102,0.20377418,0.6622764,1.0201879,-0.8698799,-1.5675614,-0.5620603,-3.641275,0.28735203
-3.2185688,0.29956958,0.80483675,2.3814638,0.086595915,0.112844184,1.2671615,0.7762561,1.5408729,-1.0087519,-0.8555736,-0.4586228,-2.4152343,2.3437107,-1.756425,-0.2193916,-0.6483578,-0.26732928,0.44326264,0.9434323,-0.7049124,1.7880702,-0.47104195,-0.8090972,-1.0337824
-3.2640858,-0.3321653,-0.8330196,-1.6085308,0.88885844,-0.7333423,1.8586931,-0.51038456,1.1848452,0.5315847,-1.3905872,-0.7851221,0.0116122365,0.41268805,-0.57527804,-0.9432477,0.5804696,-0.42173284,0.68930155,-0.69540983,-0.6561901,2.899228,0.2886997,1.0373535,0.48931676
1.0498933,2.0242584,-0.2532256,0.08183063,0.4120749,0.80751795,-1.065233,-1.0052934,0.16727385,0.36340025,-2.7916653,-0.57328886,-1.3776557,-0.26704556,1.1046281,-3.5574498,-0.09276526,1.000527,-0.11109441,-1.3708388,-0.25587308,2.6741052,-0.8180852,3.4286675,-1.20939
-0.0044287145,-1.0934774,1.1526042,0.050009385,0.1954671,1.4888425,0.38787436,-1.808747,-1.6315482,0.15991808,-0.7039572,0.23254222,-0.57267356,0.045779824,1.3124497,0.070144266,5.0789614,-1.2565677,-0.065084025,0.06365605,-0.5264237,1.1989607,-0.36432105,3.0755694,1.7196176
-1.7841461,0.54910266,0.47359768,0.6909872,0.4327264,0.708295,0.5185983,-0.88171566,0.32435343,0.34120628,0.74403715,1.1215699,0.67024314,1.6540887,1.9622597,1.2532381,1.3809165,0.44860435,-1.4253675,-1.7265819,0.6830467,4.4684362,0.62068033,0.86837596,0.40027255
-0.8448983,-0.66613936,0.58991027,0.7953755,0.38708976,0.40694416,1.2728677,-0.27478608,0.63511056,0.17394301,-0.37068054,0.23443493,-0.2889077,0.81977165,0.48512107,-1.6536509,1.4757533,-1.7900511,-0.014608674,0.33874148,0.05706173,1.5302165,-0.3983118,2.0677114,0.8256263
-0.81032616,0.23117411,-6.039229,-0.24362111,0.90923184,2.165713,-1.449367,-2.0545714,0.46711653,-1.6925075,1.8985637,1.1993675,-0.53993046,-0.4942301,0.7739554,1.2423406,-0.29493424,1.113573,-2.7977977,0.052145865,0.98987156,-2.3534462,-0.1696788,-0.36659592,0.21855268
0.20650288,0.35770756,0.11046989,-3.644082,-0.11667992,2.0447493,1.7943563,-0.5645341,-2.5403154,0.72144264,-0.4267832,1.7305222,-0.34094048,0.80731887,0.6723222,-0.3291899,0.098193526,-0.27379772,1.2144537,1.0470351,0.8443246,2.9192116,0.17647952,-0.8602218,-0.7182353
0.25422806,0.8467746,1.2774887,0.068642974,0.44753268,4.82867,-0.6302517,0.853242,0.58222306,0.39459422,0.68252105,-0.40375006,-1.3437014,-0.8098022,-0.4935335,1.214558,1.9217501,0.9839237,1.3805974,0.019074047,-0.1915297,1.7635102,-0.7771198,0.1217041,2.1488855
0.2012693,2.5734296,-0.25325945,0.72899044,0.7997188,-0.84594786,2.113038,-1.207397,0.2684542,-0.011435889,-0.59855074,0.82873213,0.32031143,2.9864302,2.2276425,-3.1753712,-0.020979285,0.17945504,0.81547236,0.11608355,0.81895554,2.4025817,0.9314794,-1.7200038,-1.0828692
0.40884134,-2.3505309,0.19161522,0.096738994,1.1128159,-0.48014846,-0.024157822,0.80594057,-0.17211008,0.20629045,-0.4080757,-1.3016692,0.35497096,0.553354,-0.13071552,-0.074073195,-0.022643134,0.3661017,0.8469599,0.20500876,-1.1806676,0.41732216,2.735056,-1.5975424,-0.2945583
-1.065849,-0.31196135,-0.98053396,-0.56301916,0.39545238,-4.4443073,-0.037081525,-2.5709329,0.73759294,0.02481709,-2.273405,-0.4631658,-0.6668216,0.2556177,0.61711264,0.383848,-0.7341413,-0.38652235,0.10508123,0.75927377,-0.17557734,0.5510454,-1.7274141,-0.05833067,-1.1246446
1.709593,-4.4866257,0.52382165,1.4116186,-0.25848317,1.618542,0.69039154,-0.94090927,-2.240298,1.0903556,-0.16450043,-1.3139784,-0.041328132,-2.02708,-0.3555777,-0.0657682,0.6195625,-0.5607668,1.2378532,0.2610697,0.03948865,-3.5530975,-0.42652357,0.73078495,1.0496466
-2.4325716,-1.0294822,0.56845087,0.10935086,0.15489796,-0.0473544,0.9419448,-1.7596468,-0.3396048,0.77639514,2.0452495,0.22569624,0.298446,-0.4543597,-0.75128156,-0.16698515,0.5815601,0.97648996,-1.2795783,-0.59304583,0.718515,0.5156109,1.1244605,-0.33651692,-0.48748934
3.0578237,-0.24040325,0.38138053,0.48863852,0.24642429,-0.28919423,-2.1548073,-1.9219078,2.404667,-0.052544687,1.4322647,-0.24949381,-0.77503186,-0.33390325,-0.7379708,0.08829996,-2.1660025,-0.10427201,-1.7176628,-0.10316732,-0.87832266,0.17983809,1.410532,-0.44059655,-2.4940274
1.6550772,-2.7669168,-0.6574078,-0.59245336,-1.67152,0.6317441,0.13813445,-0.24389887,-0.7706695,0.2279508,0.84526825,0.6745127,0.25346377,-0.2518643,-0.12252414,-0.17880994,-0.64424527,0.79833734,-1.9105202,-1.258278,0.9078784,-1.9427817,0.56040084,0.96965826,-1.943512
0.8559274,-1.199809,0.22047429,-0.41785336,0.40052104,1.3258883,-2.6757421,-1.82888,-0.015721798,0.5123101,-2.4700112,0.5920355,-0.34719485,0.12347114,1.0050257,-0.59978396,0.94348675,-1.0604813,1.3892138,-0.07057192,-0.7167896,-1.3655317,2.9369617,-2.0285594,0.45034096
-1.3542547,-2.3258963,-0.27145192,-0.7201021,0.11583702,-3.3622098,-1.8126907,-1.351986,-0.84374905,-1.3000044,-2.9921374,-3.327655,-0.19297662,1.9945161,0.70653486,-2.3880305,-1.715332,-2.252947,-1.0039592,-0.88741,-0.6239518,0.1779495,-2.456896,-2.2025807,1.8959655
-0.014162779,-1.0366094,3.8215623,3.0118175,-0.4013152,-0.23163256,0.32514316,-1.2877367,-2.0570428,-0.7417581,1.3913237,-0.34506923,-0.8186941,-1.8781866,-1.1337261,0.5240794,1.5009145,-0.07015188,-0.5489099,0.51952547,0.97090113,-1.4239061,-0.002179265,0.7262293,-1.1210203
-1.6958411,-1.9579241,-0.64785445,0.9036623,0.75439924,0.08856678,1.4803399,0.2681535,1.667492,1.0699353,0.1857203,0.5932886,0.7129135,0.20834279,-0.12209794,2.5582864,1.5585676,-0.5862428,0.052368112,-0.22169195,0.71843153,-1.0735534,-0.08779396,-1.5567446,-1.8929443
0.49626553,-4.242452,0.55861324,1.7211032,0.27909774,-0.11695179,-0.60313153,-0.42112815,-0.78763497,-0.34443858,0.42712975,-0.15766749,0.8270247,-1.3821943,0.09832397,0.80115795,-0.76980007,1.0258093,-0.25298974,-1.2070177,-3.0391483,-0.71614534,1.5796635,-1.8608468,1.1969082
-5.8673205,0.13682765,-0.25510597,-0.11090575,-0.032033324,-0.27000767,-0.98754203,-0.646747,1.0130563,-0.53580105,-0.99655205,0.19253355,0.16670953,-0.7065936,-1.1089586,-1.2518363,-2.4691775,0.98106104,0.17029732,0.6763726,-1.4246362,-2.6256707,-3.1594315,2.5181465,-0.60863465
2.6051056,0.37102962,2.4305546,-0.42540637,0.55483717,-1.5221435,0.5356842,1.838433,1.6267296,0.15991808,0.21969414,-0.69346446,0.12021935,-0.5227823,-0.2256442,-1.0866255,-1.1892403,0.7135749,-0.44658348,-0.33843392,-1.1106988,0.8903602,-0.6288403,-2.1730862,1.0439184
2.177995,1.0812212,-0.5348876,0.91414595,0.0044654943,-1.9715257,0.03600931,-0.36589307,0.0070874095,0.56868935,-1.9253274,-1.0879915,-0.38762027,-2.3832254,-1.7448182,0.72060156,0.06272322,0.50602674,0.005614121,-0.64382267,-1.8588063,-2.6900625,0.3255354,0.6332717,1.6173689
-2.4323902,-0.47305703,0.5085116,-1.5536894,0.4808256,-2.0700624,-6.0516715,0.68055296,-0.5497591,0.21011604,-1.1694973,-0.9330081,0.21433634,-0.33939,-0.33042485,-0.1851148,0.29588193,-0.6256929,0.39991766,0.6218613,-0.033255786,-1.4453346,-0.96411276,0.5151428,0.18751661
0.49637994,0.57927155,0.67056805,2.408475,-0.029830081,-0.10865949,0.750043,-0.5628109,2.1324,-0.63101315,0.48148122,0.8110938,-2.2325752,-0.36413604,-0.3170257,1.4121228,1.3454074,0.096981406,-0.4695155,-0.18768828,0.6818989,-0.5840758,0.27028602,0.24089023,0.041419864
1.4841208,1.4454422,-0.35198808,-0.1584211,-0.19684033,-0.26759398,1.2593822,-2.6038845,0.64732605,1.013973,1.3697253,0.33215427,-0.34205312,-0.18355703,1.1166114,-1.7760403,-1.024287,-0.19688003,-0.61491674,-0.14363566,0.6500374,0.8671092,-0.71531063,-3.2407064,-0.60331506
-0.2930774,-0.8676477,-0.4541846,-0.66186076,-0.68661946,0.3362158,-0.46859783,-0.6363962,-1.7124717,-0.06574252,1.5885186,-0.109828115,0.37206793,0.06335959,-1.7005578,-2.514225,1.456187,0.8705075,0.36851075,-0.7636174,-2.7994134,-0.49804044,-0.38575852,0.27391392,-1.6596518
-0.9846986,-2.8446567,0.24978697,-1.5704153,0.19107847,-0.7686449,-1.9027681,0.55113155,0.37840927,-0.05616303,-0.9067557,-0.9650357,-0.74576074,0.16482894,-0.25543323,-2.2061865,-2.4937828,0.88658136,1.0104456,-3.8464391,-0.58219343,0.30429053,0.48255688,-0.17523801,-1.8051271
1.9298095,4.3003755,0.43315923,2.578097,0.702043,0.26376504,-0.3090219,-1.4376463,1.6834952,0.3381673,-0.9262649,-0.08600932,1.1267433,0.035666406,-0.68361026,-0.20051992,2.326463,1.2080783,-0.7981402,1.0167587,1.4463371,-0.5901336,0.6306595,-0.107097626,1.1374947
-1.97456,1.5193344,0.11679917,0.6859757,-1.8010311,1.5464795,0.7083444,1.2975744,1.2350245,0.24028209,2.7845516,1.532624,1.8302727,0.6213711,1.1052587,0.38863516,-0.059035398,0.053205848,-0.26717693,0.97202617,2.5466576,-1.0028002,2.564302,-0.6615634,-1.254137
0.49842378,-1.2191901,0.66643983,-1.8112434,0.90715307,-3.285571,0.19790003,-0.8330052,2.4092705,-0.14645441,-2.377204,0.32703567,-0.28851444,-1.3874862,-0.43699613,-0.56848073,-0.16397549,0.036327958,0.16667992,0.5716272,0.36778858,2.484204,-1.3376397,-0.73769444,-2.2979448
2.7496047,-0.5493572,0.86492205,2.2605135,-2.2842982,0.5044184,-1.6390449,0.27268013,0.33757555,0.2532437,-1.3061659,-0.23010573,-0.9715236,-2.8055515,0.9069308,0.50888854,2.2101405,-0.41448617,-1.011772,-0.64274514,-3.3437011,-2.29406,-0.7056893,-1.2463391,3.033409
-6.617692,0.447607,-0.17415796,0.38131905,0.28692034,-0.47160777,-1.0166174,-1.1220248,0.3066451,0.2744786,-1.4808953,-0.7995798,0.16781595,2.6269534,-0.079138905,-1.5803816,-0.58697784,-0.43146127,0.67275876,0.09023747,0.7287117,1.0525923,-0.10926071,1.3073934,1.0391352
-1.0324758,1.7449945,-1.0928097,1.4463718,0.38310122,-0.5607841,3.738692,1.6463063,2.5616508,-0.09803714,-1.3071661,0.95805573,0.008907035,-0.45509416,-0.52653337,0.029136375,1.742392,1.3074054,0.52442044,-2.128704,0.32641625,2.2698915,-0.042018905,0.47953144,0.5946729
-0.43657243,0.21629146,0.80503243,-0.44909573,0.26863822,-2.0809216,-0.18683285,0.6734291,-1.342989,-0.25214204,-0.3806433,-0.8829974,-0.5229354,-0.90526795,-0.35347763,-0.8233906,-1.5727302,-0.84433866,-0.18779612,-0.30479503,3.2201357,1.1162844,-1.4472233,-0.9793872,2.906703
0.7940168,0.607364,-0.06849636,1.3299484,-0.018307922,1.8442366,0.1387471,0.12928368,-0.76399636,0.69772446,0.68903893,1.0115318,0.5238745,-0.28718466,-1.540317,0.73680896,1.5152547,2.2689095,0.39342386,-0.29207623,2.4480045,-3.011836,1.5276046,0.6070031,-2.5593882
-2.0122204,1.235179,0.18777852,-0.955963,-0.5408547,0.8381517,-0.5537979,0.6519495,0.2416755,0.90397316,1.4352127,1.079133,0.75969386,0.15824193,0.5536459,2.7889004,1.1883824,0.9343241,-0.5686932,0.19702725,0.7113186,-0.93701726,-0.41041452,-1.5921817,-1.93781
1.4807221,-1.2947772,0.266486,0.2534083,-0.57737106,-3.085113,1.6677572,-1.204514,0.037626922,0.08349613,-1.1409643,0.6882236,0.23187926,-0.4484917,0.12949455,-0.5779865,0.5613127,-1.7105014,0.4269199,0.9204991,-0.52310455,1.8758187,0.1484909,0.5431519,-0.14659148
1.1378568,0.36458457,-0.8330196,0.22726455,0.98656213,-0.18621576,-1.479804,-0.33314997,0.06775233,-1.0219032,0.18154347,-0.7383515,0.2875901,-0.4694386,0.61864257,-0.027657628,0.6706089,-0.29891318,0.07038191,-0.27054626,0.36629423,-2.1484196,0.15435955,0.6199017,-0.13600898
-0.38117528,0.360946,-1.3181651,0.30200604,0.3827437,-0.8946245,-2.6670132,0.48020694,-1.0220382,0.29864067,-0.29012,-0.188119,0.08974382,-2.5111966,-0.15724415,-0.6892652,2.3321114,-0.20588611,0.26477727,-0.135427,2.1810796,0.010997057,0.23745543,-0.79698896,-1.0884835
1.2613761,-4.386923,-1.0460889,-0.8722515,0.70937485,0.17153567,-2.2746713,2.014515,-1.4822203,0.26037857,-0.8524333,-1.8099201,-1.7049898,-0.28593627,1.0976832,-1.5917326,-2.3816392,-0.09696403,-0.2081619,-0.10096971,-0.094525084,-3.0717547,0.66651994,-1.1919966,0.22254373
-2.4223208,2.3465197,-0.36585978,0.7343638,0.22961886,-0.52843887,-0.2070857,-3.8883634,-1.0233847,-0.24159394,-2.9154267,-1.1090583,-0.5526409,-0.079633236,-0.037753582,0.7890438,-1.3550657,0.12260923,-0.6605318,-0.090216324,-1.0360956,-0.89211595,-0.7856505,0.10896054,-0.63368106
-2.0794487,0.5863098,0.32773784,-0.54176253,-0.17581141,-0.8762592,0.17042184,0.9696971,-0.47563022,1.3534262,0.37757897,0.007957339,0.39257577,-0.013442695,0.6835426,0.11238098,0.22109689,0.17529495,-0.18530148,-0.8687384,0.40930372,0.48111284,0.16670123,-1.1689699,0.9231968
0.89667356,-2.271587,0.51327705,0.46242464,0.119910546,1.449457,-0.6221271,0.2933292,1.3846604,0.05855394,-1.1001023,-0.6046101,0.63013935,-1.46271,0.39304623,-1.0581946,-1.6319137,-0.22142576,-0.17070666,-1.2859929,1.0585223,-0.99958295,0.32343274,-0.31092358,1.0350244
-0.010864615,1.0743126,0.6236921,1.2340981,0.81469625,-1.2184049,-1.4419808,-0.7804933,0.9693951,0.113247484,-0.35256833,-0.46338558,-0.2770474,0.15526623,-1.1257658,0.2412053,0.7601309,0.112439305,-1.1275661,-0.44272405,0.36907566,0.70140624,-0.029387139,-3.2765288,0.56187403
1.0495474,-1.390101,0.94302005,0.49711287,0.6445146,-0.19353804,0.20651865,-0.13843465,-2.6367033,0.35220256,-0.5219383,-1.1986631,0.18726029,-0.68675524,-2.3139796,-1.7339139,-1.9133747,-0.45056644,0.63319385,-1.5422138,0.08415416,-0.7762123,0.035128534,0.3840891,0.009331346
0.013326645,0.3113162,0.5981815,0.847033,-0.13174097,-2.308947,0.64412904,0.22126752,0.04862389,-0.2516698,-3.3540475,0.04891648,0.57199633,-0.4286741,0.2327981,1.2540286,-0.0017758906,0.18912499,-1.073066,-3.8464391,-0.25314772,-0.6754928,-0.25247794,0.2138992,0.26726294
0.18049484,0.30247056,-0.6203903,-0.30722937,0.22961886,-0.48925006,1.2817984,0.40655437,-1.9968342,1.4889327,0.5858876,1.3482822,0.6097547,-0.54298717,0.52029216,0.40337467,0.8996345,0.5772359,-0.037711356,-0.27665493,-0.40771937,-1.012882,0.024894953,0.80249953,2.9676123
-1.63452,1.9870279,0.77624524,-1.1353933,0.93712974,-0.058888283,-1.6060879,0.07571946,-1.6082618,0.9912329,1.9237766,0.6903664,-1.7421328,-1.4542407,0.13102752,-0.9104821,-1.8633697,0.36476347,1.1491896,-0.7094305,-0.16383515,-0.48290917,0.866614,-1.3485491,-0.9868848
0.005509466,-0.04261613,0.07543886,1.2060683,-0.07974048,0.7910899,-0.24101956,2.0544481,1.652754,0.4807538,0.4597764,-0.1923013,-1.326164,-1.1333845,0.36228645,-0.33774817,-1.1133938,-0.107652664,0.24428587,0.9123529,0.45082027,0.74243206,0.28236723,-0.18374196,-0.6341578
1.8039863,-0.63404775,0.05888565,-0.45238864,-0.45577875,0.37755626,1.3155929,-0.24855581,0.072416425,-0.18623406,-1.5284731,-0.065724224,0.7755259,1.0233411,0.04647862,0.9922033,1.076154,-0.4912182,2.7887487,-0.5342154,0.80210394,-0.46724194,1.7522154,-0.08924085,0.5112849
-0.52344286,0.71131533,0.7781333,0.2772358,-0.57737106,1.5285623,0.5975489,-2.397038,-1.2291672,0.5549105,-0.7851593,0.0944592,0.63468534,-0.91137606,0.33042043,-0.7318872,-1.028326,-0.5891163,0.91182905,0.052145865,-0.027056903,-0.4668969,-0.7608388,-0.14595857,-0.6829188
-3.789017,-0.12672658,0.21264756,0.6406361,0.0013234671,0.82285935,-1.4327767,0.64866984,0.1914866,-1.3536606,0.69355524,-0.9470342,0.47171867,1.9115169,0.5117936,2.1933343,0.40778032,-0.0021002293,0.022379799,-0.25160322,-0.11947927,0.6026376,-0.6068052,0.6621604,1.4451765
1.7320261,-0.960671,-0.25657257,0.84189755,-2.2842982,0.15020135,2.2582688,1.4212021,2.4322188,0.22447638,0.028742492,-0.49959272,1.0183854,-1.1945213,1.4011321,0.52982336,0.9559554,-0.38948905,-0.3271885,-0.71354884,1.3311554,1.0999398,-0.42973858,-1.4626076,-0.5940608
2.767212,-0.9306258,-0.27696383,-1.3678718,-0.43503752,1.0249199,-2.2484846,2.2224302,-0.84834445,0.14318663,0.26690716,1.4065897,-0.093336105,-0.11106522,-0.42152306,0.6823965,1.748284,-0.5087591,0.44884047,1.4133976,0.34357265,-0.64307237,1.1401938,-0.9586306,-1.9714578
1.6530284,0.37945938,-0.8862016,-0.5046606,-0.05549328,-1.0526072,-1.5059408,-1.5353299,-0.26789472,0.58320546,1.4821417,-0.022933155,-0.34979284,-0.13209686,-0.05760148,0.55744904,-3.514095,0.51586306,-0.38062173,0.34006312,-1.236445,-0.32868746,-0.71855366,0.35596567,0.40288687
-0.111925855,-1.2831696,-0.33194828,-2.2493708,0.5368622,-0.5427395,-1.5616044,-0.73328155,0.4608556,-0.21764828,-0.3068709,-0.69391704,1.3746568,-0.27960634,-0.42881304,-1.4359833,1.3668858,0.36760232,-1.3917426,-0.8687384,-0.6288009,-1.6858268,0.13987502,-1.07664,-1.0109596
1.5671089,-2.7110884,0.050120816,1.6446669,0.119689286,0.45093074,-0.79404706,-1.3145282,-1.2895143,-2.5831075,0.3010022,-0.55950814,-0.74377483,-0.41781843,1.9131534,0.7627042,-2.5686426,0.074910134,-0.47355425,-0.74059063,-0.94260246,-2.9639404,-0.5699433,0.7259745,-0.77177966
-7.875452,-2.5530238,-0.118121274,-1.3498819,0.18516198,0.23104961,-3.2510147,-4.8047028,-0.028333485,-0.10105978,-0.502605,0.1456221,1.2730914,0.60614264,0.24429308,1.4404211,0.5214093,0.559203,-0.14153537,0.044928763,-0.56614256,-2.0669203,2.9018235,-0.10153658,-0.66893595
0.062356114,0.11636199,0.0069139022,0.45000097,-0.62051153,-0.7884262,3.6021354,0.96410155,0.3804341,-2.9587493,0.20313263,-1.3685448,0.23616366,-1.1969808,-0.030511051,-1.542638,-0.57258624,-1.453432,0.6655518,1.0551856,0.08871819,1.5105584,0.57660496,-2.1318338,0.9038512
0.29534984,-0.26893258,-0.7820844,-0.2568649,-0.33149603,-0.29526013,0.5824516,-0.6253892,1.1663817,0.22474074,0.68952185,0.15940535,0.24708703,-0.17061743,0.10553846,-0.26861402,0.67672455,0.54261535,-0.4643317,0.65885276,0.7008825,-4.7660995,-0.095350735,-0.07171011,-0.052100517
1.6209412,1.493716,-0.36585978,-1.2949017,-0.34057024,-0.6919156,1.1713763,1.0867517,0.7314965,0.29392797,-0.4220778,0.3824488,-0.30891025,-0.6752989,0.14855622,1.6473042,1.2975934,0.19993138,-0.0054045054,-0.59304583,-0.10170539,-0.21853802,-0.08259815,0.15153548,-0.13758746
1.4853233,-1.8216338,0.10938581,-0.9768094,0.4361027,-0.3943621,-0.65884525,1.5603254,0.5182878,-0.68522644,-0.29598427,0.48501548,-0.6583053,-0.5126356,0.53233767,0.10708439,-0.331495,0.5358983,0.6044959,0.28993708,-0.5097966,-1.5836922,0.043582708,0.6000332,-0.1388017
1.5408026,0.9043912,0.33880436,-1.105178,-0.4686217,-0.9849992,-1.2435843,-2.313492,-1.9158633,0.43469685,-0.53870296,-1.4586339,1.2696881,0.20347574,0.19646841,-2.6809006,1.6610363,-0.104992926,-1.071687,0.14365941,-3.305906,-2.1148252,-0.7611978,0.7639995,0.53886586
-0.2727911,0.8743092,-0.97101784,-0.8282372,-0.23568247,-0.19678313,-2.6343675,1.0678263,-1.4396069,0.85347146,-0.89322186,-0.99626684,-1.3197429,-2.4711506,0.10310459,-1.1443374,2.0621867,-1.3613992,0.035505183,1.4720931,-1.2667851,-1.8397437,-1.8105867,1.7213603,-0.5717787
-2.2775216,-0.14982691,0.40178624,-0.61578214,-0.013704201,-4.729171,-1.3240219,-1.316613,-1.1801963,0.5361795,-4.5273495,-2.221746,-4.20333,0.44325083,0.5198946,-3.3593493,1.1898658,-1.7492158,-0.6049743,-0.67612505,-1.3440521,0.8702856,-1.9735563,-0.26468933,-0.37791967
-1.3348719,-0.3976103,-0.5349214,1.0790106,-0.55956817,-2.0406296,-0.30395144,-1.2303979,1.1257133,0.39983657,0.07897544,-0.822304,1.2356334,-0.9023503,-1.2997893,-1.5728011,-0.33034822,-3.8815744,-0.31776917,0.30331331,-2.8965163,1.3797824,0.32527006,1.5156176,1.2616067
2.8261297,0.16324624,-0.64785445,-1.3248838,0.8997926,-1.0918267,-0.5869118,-0.18416719,-0.023802042,0.22719252,-1.0320361,-0.8526773,0.42604327,0.17726004,1.3526205,0.42445672,-1.7702513,1.1591668,-1.7212564,-1.2184296,-0.90028983,-1.1811187,1.278217,2.3301964,-0.6006227
-1.2063427,-0.8676477,-0.20607525,-0.92116785,0.28643808,0.23415786,-2.8816533,-0.76084197,-3.56031,0.19079107,-0.9669747,1.2610139,0.36555257,-0.83721596,2.015738,-0.5000471,1.393156,-0.6804521,-0.18188435,0.98600763,-1.1789535,-2.6356354,-0.7175039,-1.86239,-0.6294404
-2.8309004,0.39124072,0.58228517,-0.38005903,-0.3752646,-1.0350595,-0.007834375,-1.173165,-0.62774783,0.08696808,-0.60503256,-0.79473174,-1.3561137,0.95503753,-2.004104,1.0591642,-2.3601022,-0.79079556,-0.38358796,0.2962877,0.37299794,-1.500278,0.52754325,0.83849794,2.311914
-1.0762041,0.22151527,-0.33194828,1.4216775,0.16575684,-1.2569565,-1.9469221,-0.77898085,1.9733666,0.71960515,-1.0601598,-2.7172794,-1.3898766,0.56795883,0.15244089,0.17836308,-0.053612143,1.1444504,-0.69183993,0.4166511,0.9293393,0.69333804,-0.08544181,-0.88779896,-0.8028188
3.708907,-1.0836701,0.00911813,0.44393307,-0.6236678,0.08669472,2.405223,-1.1771045,-1.5018919,-2.3906205,-0.39182857,0.39392003,-0.06458494,-0.5627919,-0.3204547,-0.36000508,-1.059145,-0.032221645,0.96730894,-0.23972015,0.23954421,2.5667343,-1.3235996,0.69833827,-3.706073
-2.9992447,-1.8511592,0.2178903,0.6107426,0.39740402,0.0003682971,0.06817877,-0.57980186,-0.43290737,-1.2130425,-0.83598346,0.37725234,-0.8521244,-0.3206287,-0.31496006,1.8874475,3.2626987,0.6914441,0.4552659,-0.5987211,0.2690366,0.5775564,-0.03315726,2.8070905,-0.58544993
-1.1576136,-0.6304884,0.6842617,2.086375,-0.050626695,-0.617114,2.521277,-0.50235724,0.72182745,-0.49655184,0.86490834,-0.73301065,1.2456145,1.3383794,-0.06585091,0.8029946,1.9612973,0.52836674,0.94593275,-0.20307319,1.009,0.59895223,0.92834353,1.8705702,-0.88133514
1.2051785,-0.027164638,-0.24875258,-0.86474025,-0.2871578,1.2568092,1.6372366,-0.8424174,0.0636431,-0.7721384,0.84742117,1.7227685,0.010059297,-0.07899493,-0.08939721,1.282191,0.77776253,1.0179963,-0.4941561,-0.61962354,-3.1344647,-0.8777026,0.23817319,1.0195267,0.49408734
-2.0353596,-0.9969184,0.66643983,-1.89919,0.80436724,1.1585976,-3.0820856,-0.28776854,-0.20697936,-0.34721226,-2.01753,-0.82896817,-0.5984191,-0.0580588,0.971847,-0.51795596,-0.60609823,-2.127945,-0.18955593,1.3315403,0.5591237,0.9188336,-0.54103523,3.4934013,1.24776
-0.78795815,0.33379325,0.39757094,2.4552839,0.29465207,0.9351504,1.168908,-0.07300237,1.9891639,0.44280583,-2.0240135,2.0335622,-0.33505845,2.654502,0.37889022,0.59789807,-0.55161285,0.4736346,0.50906515,-0.3965356,1.1948954,2.5984857,0.9917783,1.1909132,-0.7380221
2.0063243,-2.4562435,-0.050156392,1.1151307,-0.23376916,-2.61202,1.1962879,-1.6748222,1.3187008,1.013973,0.66551054,0.10687351,0.110571876,1.1287785,0.2371982,0.4295852,-0.850711,0.8738943,-1.139178,-0.38788405,0.36118647,1.7248548,0.8438349,-0.029880285,2.6232808
2.9158862,0.3694793,0.9924078,-2.1544843,-1.0889977,0.13739753,-1.249976,-1.391045,-2.266568,-0.21373166,0.008300923,-0.8509411,-1.6328511,-1.5225164,-1.4787066,0.27080062,-0.109191366,-0.22781791,0.26049808,-0.24125434,-1.6084707,-4.05971,1.2656639,1.2692465,0.6817825
-2.1103146,-1.0249388,0.1848954,1.2691796,0.21245496,-0.5292406,-0.07990639,0.005636275,0.49261314,-0.35693535,0.7915423,-0.06693259,2.8965206,-2.6144621,0.238475,-0.6683415,1.8085107,-0.4443249,0.2363787,0.48537067,2.084903,0.22708824,-0.81189716,0.6526768,-2.631981
1.2331139,-1.5056254,0.29424617,1.1823221,-0.5877195,1.581181,3.1145813,-0.9714396,0.8105893,-0.47639045,0.1201829,-0.18703079,-0.10604441,-0.8177768,0.4174279,1.2538545,4.133683,-0.93280274,0.81547236,-0.04068052,-1.4639041,-1.2758693,1.3209264,-0.15856645,-0.45713064
-2.4481616,-0.06942178,0.020861644,-1.1512675,-0.31106582,-0.47786176,-2.402092,0.47039843,-1.0683165,-0.7880184,0.21225339,-1.2022036,0.74024594,0.031578273,-0.5782738,-0.40690506,-3.35288,0.18096375,0.26824424,0.58332694,-0.03985089,-2.4995573,-2.9109118,0.3805761,0.8395054
0.71903455,1.0622795,1.0161822,-0.93915576,-1.0586921,-2.456104,0.8825096,0.34530562,0.8972324,0.2690305,0.4523178,-0.21980587,-1.9369578,-1.4001398,2.1263154,0.9259321,1.3791322,0.492648,-0.30275536,0.05492207,0.52951574,0.7370441,0.5346578,0.4875445,-0.8065069
1.0607884,-0.7163209,0.92591083,1.0393971,-0.1112116,0.6826285,0.69935167,-1.4804678,-0.6845854,0.17576276,0.6453554,-0.2516584,-0.22316785,-4.0553656,-1.9215217,-0.47283024,0.1768505,-0.24182199,0.45913216,-0.15900962,0.7658479,-4.2863283,0.74867,0.55041665,-1.3036083
0.110494435,-0.97987187,0.69879955,1.0575209,-0.092012286,0.9896954,0.70172185,0.9735631,1.2776179,-0.15936236,-0.2939235,0.08755621,-0.5628855,-1.0854436,-0.8988576,0.2898138,0.5699296,0.5937848,-0.18530148,-2.0466802,1.6637357,-0.8521049,1.7437216,-2.8441563,-1.0249768
1.349017,0.13041377,-0.03034181,0.552294,-0.11602406,1.9417142,1.4806863,0.5017739,0.48726317,-0.76305383,-3.1241503,0.08318132,0.833654,0.24352282,-1.927073,0.29680327,-4.2583046,-0.6690878,-0.731413,-0.1728365,-1.0691928,0.511565,-1.2247639,-0.771193,-0.84436476
0.15732202,-0.7029626,0.78622186,-1.7217138,0.54744637,-0.9321808,-1.6075287,0.73228204,-2.6860414,-1.2552985,1.0833796,-2.889029,-0.35990217,-1.2915151,-1.786596,0.058988273,-0.9029014,-1.5608437,0.61400974,-0.32028872,-1.5788865,-0.34329104,1.5748158,-0.22988346,1.5332012
-3.4729261,0.1004802,-0.48344335,1.8318932,0.006908849,-3.7181847,-0.15883464,-0.406866,-1.3692677,1.0933528,-3.7308571,-2.4263928,-1.7686206,-1.8855838,-0.93846846,-1.2442664,-1.8606999,-2.24809,0.8750145,0.8014089,-0.60184586,-1.827599,-0.7217775,0.39422822,-2.5098283
-6.331351,-3.0721657,0.26000354,2.5872433,0.074507445,2.3516612,1.705026,-0.8044094,-1.2138975,0.4218372,1.5743691,1.1238842,-0.93645996,-2.0693507,-0.18434435,3.474376,0.8482295,0.7049381,-0.6781281,0.3517558,-0.5735581,1.2172625,2.551491,-0.5608754,0.9317684
-3.8520975,0.3840762,0.8894867,1.244049,-0.0724108,-0.23817787,3.4108005,-1.5419036,1.479021,0.803721,0.22226243,-0.069672346,1.220589,2.780856,-0.17654559,-0.19358975,-0.7800385,-0.65015227,1.3972769,0.1478417,-0.08475125,2.4847736,-1.7599325,0.18887728,1.0333897
-0.7794709,0.6629541,0.09684439,-0.04169959,0.5514016,-0.0061047673,1.9306487,1.6726675,2.3221478,-0.044955518,-1.9486705,-1.2164819,1.666867,-1.985493,-0.46792972,-1.2031925,2.2481642,0.49382776,0.29618222,-0.8687384,-2.6640189,-0.054525375,2.1578531,1.37091,0.25720468
0.7193585,1.0859537,-0.61587673,0.106806815,-1.0586921,-4.417991,-1.8134527,-0.11640786,0.69505435,-0.06634486,-3.8904166,-3.6688673,-0.60492516,-1.5212777,-0.42810488,-1.862097,-0.9131495,-3.0300257,-0.42084175,-1.6203976,-2.6578765,-2.0109944,0.27329147,0.9044664,-0.48618802
-0.40233588,-0.24077146,-0.69354177,0.18797156,0.21307574,-5.1225367,-2.0169027,-0.774702,-1.1112305,0.01930237,-3.7499006,-3.7059655,0.9549849,-1.0309747,-0.026515894,-2.2150936,0.34367406,-2.5450292,-1.527518,0.9003679,-1.6198156,-0.90824395,-3.5541139,-0.45641094,-0.27489567
-1.7222819,0.5642381,-1.6682578,-1.4799953,-0.61765,-2.2204154,0.64081424,-0.57971054,-4.2880483,-1.1295677,1.0122828,-0.5698883,-0.1683588,-1.1669984,-0.9113579,-0.8315198,-2.160901,-1.3825958,0.9510625,0.16277732,0.7305637,-1.2192457,-0.8740415,-1.3019708,0.50960344
-2.026446,-0.30869305,0.6465682,-0.5681944,0.5118245,-1.7171364,0.88309443,0.07366073,-2.174744,-0.0035532005,0.8909633,-0.3471438,-0.27004087,-3.3746352,-0.6731004,1.0052063,-1.7103319,0.4281537,1.0826335,0.07903382,-0.20429106,-2.9802673,-1.5835291,-1.1195215,-1.4381747
-0.9042276,-1.237024,-0.0044744704,1.4880373,-0.23568247,1.0312003,1.4746772,0.106624454,0.76231873,1.5360874,0.58610517,0.14564447,0.14873245,-1.3311168,0.21845391,0.70851064,0.7291923,0.5432206,0.07515719,0.34306207,-0.9813138,-2.499358,0.3182848,0.2931168,-0.11224097
-4.4993863,0.3696406,-0.10139554,0.07107341,0.21373695,-1.7380667,-0.0877167,0.91745496,1.182335,-0.7721384,0.79022086,-0.48094013,-0.02630186,0.15076321,-0.5387889,-1.1761662,0.0419679,-0.64117175,0.26824424,0.19151844,-2.041329,-0.05435577,-1.7723782,0.49083245,-1.94643
-0.13621897,-0.31375945,1.8334317,0.5002486,0.39012596,-3.5789251,-0.2441392,2.1287518,2.6658692,0.0017507151,-1.3022757,-1.561888,0.18644904,-1.7764086,0.24741593,-3.4329205,0.70954067,-0.22605185,-0.78236693,-0.70305866,-1.455318,-2.2503607,0.041267477,-0.8266223,-0.8610784
3.600515,-0.39331317,0.165513,1.6129911,0.52551425,0.49479342,0.7292421,-0.34452415,0.27027085,0.49492764,-2.109273,-0.40618268,0.34966984,-1.4969982,0.44139558,-0.6505108,-1.1894482,1.4949458,1.3196281,0.2610697,-0.73251843,-2.7590563,-0.8407445,0.9492943,-1.4368495
-4.3393965,-0.53667986,1.0898107,-1.2820164,0.56961435,1.9258779,-0.90476185,-1.0290614,-0.09556961,-0.68522644,0.087854266,-1.2760973,1.2113781,1.2510954,1.5310391,0.3954026,1.306152,0.43514204,0.19631483,-0.34762147,-1.6169317,-0.5112803,-1.8060713,1.1647453,0.695038
-0.2895081,-0.3983011,0.56811184,0.6185337,-0.16275482,0.11230749,1.605363,0.68565536,1.679565,0.40786004,-0.98923135,-0.04400122,-0.8143494,-2.1784804,0.079850495,1.5545971,3.8206468,-0.7270887,0.28877136,-0.77771926,0.009863958,2.0766053,0.3201387,-0.5291938,-2.7848697
0.29613304,-0.49124122,0.050120816,-0.90426993,0.20272586,1.2013834,0.33114105,0.04094159,0.7119325,-0.625785,1.7989805,-0.27684295,-1.0201786,0.47041693,-0.8641827,0.47903126,-1.870533,-0.3154592,-0.31940117,-0.27901807,0.6689307,0.98489136,1.5144991,0.4623552,1.3684677
1.827666,0.39498654,0.44722262,0.43602672,-3.2832613,-0.22891665,-0.12408972,-0.3093185,-0.3229237,-0.92973584,0.07725036,-0.777004,-0.2096402,2.8999891,-0.8241456,0.3151702,-1.2618614,-0.5595913,0.7587905,-0.21320613,1.0415651,0.26359844,1.0914267,0.6434168,-4.3159575
-0.14837068,-2.1536179,0.72562116,-0.6168827,0.4083389,0.8460313,-1.5872067,-1.5183405,-0.754256,0.48841032,1.8546576,0.52928567,-1.0138354,-0.04086657,-0.69269896,2.5462792,0.572721,1.230292,0.35761347,-1.5556595,1.4478406,-0.8141204,1.3023558,2.3839684,1.4731202
-0.33272195,-1.7167693,0.45206842,0.58493745,0.044657513,0.3057918,0.60922635,-1.60907,1.313622,0.56885636,-0.043887258,0.2191273,-0.350201,1.6701713,-0.037472457,1.5646238,-0.21024972,1.5797434,0.002046967,-0.84125465,2.0649698,1.4726623,0.63528216,-2.466085,-0.13544595
-0.25175732,0.7206932,-1.0928097,1.4107594,0.67918295,2.4341638,1.4967936,-0.013600595,1.0052214,-0.1136013,0.45236912,0.01858136,-2.2626777,-0.1968959,-0.5560537,1.6909208,1.3465331,1.1062777,0.86520904,-0.77771926,1.7419734,0.114930674,0.39994025,-1.791345,0.34275723
0.17517555,1.350876,-0.8862016,-0.13788342,-0.79035175,1.2540848,-0.734205,-1.1987498,-2.197403,-0.19555551,1.0854311,0.24688463,-0.12694588,3.4576612,-1.3194995,-1.1711007,-3.55314,1.0180316,0.26545045,0.9417835,1.1270375,4.692461,0.080411196,0.5483469,-0.7424872
-2.5588694,-0.67708373,-0.5611454,-1.460303,0.6940932,1.2455014,-0.45929295,-0.107055664,-2.1590571,-0.32170033,2.1451397,0.03259775,0.823219,-0.3114602,-0.645982,0.3523625,1.2489488,0.29655707,0.27191874,-0.15530175,0.13209412,1.6531622,1.8754711,0.32071665,-1.2673674
-1.4753007,0.0740605,1.1043266,1.6216046,-0.004670743,0.92260617,1.2695335,-1.9646295,0.84458506,1.0073726,-1.5527737,-1.0878663,-1.7810236,-0.7400598,1.4172614,-0.27267498,-1.4278071,-0.20151071,0.7997839,0.95731264,-0.73767006,1.2294135,0.6629633,0.5057074,-1.3968205
-4.33613,0.10436571,-1.5801324,-0.17953604,0.38938183,0.50338745,1.6660674,-0.93589705,-0.24882466,0.671012,1.7509365,0.4475428,0.3952814,-0.5127331,0.7368832,-2.742848,4.368501,0.914448,1.4720035,1.2148776,2.5455122,4.413732,-0.40028423,-0.47015262,-1.7509227
-0.98432386,-2.4073915,-2.1843853,-2.5143442,-0.14754021,0.2260666,1.594444,0.5592078,-1.9444416,-4.4598246,-0.5477779,-0.14878632,-1.2181333,-0.98344636,1.0330065,0.7046428,4.0389876,1.3030095,-0.48901185,-0.31542072,-0.20701976,0.43765628,-0.009144008,-0.4687464,-0.2532245
-1.1114423,-0.16790836,-1.212297,0.64471376,0.00143582,-1.2438444,-0.24300423,0.25233442,-1.0115871,0.82520306,0.7276416,-0.24549396,-2.1288097,0.3085185,0.15055947,-0.2197704,0.91533613,0.51535785,-0.38358796,0.4285631,-2.719835,2.7753634,1.4018073,-0.07406932,-1.7139744
-0.8392211,-0.8400587,0.32957333,-0.8612227,-0.43227592,-4.0466,-0.92563736,-1.8515996,-1.8878477,1.7776133,-5.8563733,-2.878231,0.17699859,0.47399482,-0.7646516,-3.1347218,-1.0156898,-3.2888587,-0.97695225,0.66541773,-0.3162962,-1.2533932,-0.017962456,0.45116174,0.3982316
-1.3401248,0.15167406,0.12174286,1.8990906,-0.2791023,0.55013174,1.1470331,0.0077409893,0.3024172,0.038987767,1.6549829,0.29084116,1.4443516,-0.5105319,0.16287327,0.6496313,1.205203,1.0365574,-1.0829859,-0.29088008,-0.7991686,0.4963959,-2.120423,2.821832,0.3435145
-4.2595944,-0.19806784,0.79562974,-0.18858951,-1.2341814,-0.034080688,1.7880316,0.41111836,0.48481363,-0.5924837,0.68845546,-1.5782893,1.0668572,0.6472302,1.0910743,-0.34451658,1.5329363,1.2766706,-0.10866528,-1.0307664,-1.3857594,0.29946488,-1.8701425,-2.5653052,-2.47477
0.24382383,-1.9999483,0.35585275,1.3765887,0.3444385,-1.9686344,3.4586885,0.5948516,4.0123377,0.80589455,-1.0815827,-1.0704873,-0.6511762,-2.357112,-0.49763954,0.69598615,-0.75138557,-2.1102762,0.2922892,0.38497984,0.6647067,-1.2550125,1.565228,-1.3012433,-2.5673523
0.44451874,-1.1203276,-0.92405516,0.6830138,-0.8025608,-0.90172017,-1.0163441,-1.8733076,-0.28667182,-0.026659999,1.5895892,0.33215427,1.683732,-1.0345589,-0.53468657,-0.4639277,-4.327674,-0.6361073,-0.4695155,-0.5964479,1.4209596,-2.760552,-0.3983118,1.9238167,-1.7555265
0.058737576,-3.1746378,0.25907648,-0.9977489,1.0904392,-1.1523167,-0.14449218,-2.675174,-0.9642547,0.67140996,0.24504635,-0.22795063,0.4137799,-0.87464994,-0.37320065,-0.40208477,3.9992685,0.13184321,-1.355585,-0.005302339,-2.3384664,-4.2433095,2.934109,-1.1586378,-3.338331
-0.43269467,-1.2129374,0.52683324,1.3569958,-0.125294,6.8705034,0.055196047,-0.3509469,0.7422827,-0.14607908,5.3574257,3.8659792,-1.1210428,-0.43783635,-1.2331139,3.5975108,-4.638715,3.572661,0.6493342,-0.008805906,5.5128355,0.0041439533,2.3414187,-1.1297934,0.11824598
0.7383512,0.026041029,0.067436196,0.38927382,0.84662974,0.03141129,0.8397001,-2.591317,0.62523854,0.48989412,1.2888314,-0.396222,2.1831558,1.7784233,1.872937,0.02421379,-1.0338243,-0.74879855,0.35805705,-0.7593739,-1.336299,2.4029994,-0.49905223,-1.2558498,1.7360992
-2.0694723,-0.66168654,-0.1002155,0.45458597,-0.50081927,-1.7682829,-0.57690233,0.20088315,-0.5067443,-1.3337755,-0.70729387,-0.0066752434,0.149229,-1.9627746,-0.26249757,-1.0384759,0.34316552,-1.1024795,0.35657203,-1.1213993,0.5477096,-1.0550866,-1.6964006,0.6813506,-2.2206342
-1.014964,-0.32538366,0.2439493,1.3641453,1.4149024,-0.374393,0.34617952,0.6846485,0.40219954,0.6242471,-2.0378048,-0.36967835,-0.7915292,-1.2800419,0.067359984,0.7897749,-0.73474264,-1.4248267,0.013816886,-2.0728343,0.4343425,-2.102683,-0.95667154,-2.6455975,0.8187684
-0.26757306,-0.3380984,1.0463973,1.5647192,0.90707785,-0.23214382,0.20077282,-0.7774055,-0.8601645,0.049332593,3.288553,0.6570907,1.4401118,0.5662912,-1.2544571,2.0571723,-0.60879385,1.5289674,-0.18530148,-1.1637224,0.19686025,-0.111044794,-1.2397763,-0.7441655,0.79044944
-0.73647714,0.6922721,0.07087595,0.7555922,-0.17683354,1.4592974,1.6543585,0.14227396,0.019546568,0.26207328,0.88328993,0.21627662,2.4310296,1.1010216,2.1527221,-0.09466544,0.6642615,-0.19379824,-0.44941005,3.5318289,-0.15311913,-2.214499,0.5250489,-1.3076683,-1.1878262
0.33826178,-0.10109669,0.37628195,-1.6635153,-0.24450667,1.731734,1.2052073,-0.8002863,-0.52000695,-0.75105727,0.833506,-0.13166007,-0.16303027,-1.6938127,0.35259762,1.4000853,-0.23137322,0.8755231,-0.39615175,0.9434323,0.9610044,1.4053035,0.098421775,1.858181,0.120482326
0.13713512,-1.4164044,0.23811926,-0.8507882,0.17749852,0.6431971,1.515732,0.7151406,0.21937409,-0.91044074,1.580015,0.27486926,-2.0245695,-0.3215875,1.4557221,-0.32953286,0.77572906,0.8489089,0.8135826,0.32594132,1.9046423,-0.5449757,0.091970205,1.2506071,0.6560864
-0.764681,-1.1700175,-2.7849233,-0.67214876,-0.15247934,1.0455091,0.27662578,-1.2125406,-0.19362938,0.08228878,-1.0798858,0.35782558,-0.18339898,0.44575876,-0.11634776,0.33177233,3.6868536,-0.2390775,0.69465643,-0.38592866,1.0039723,2.6896222,-0.3100277,0.08080441,-0.6381356
1.8570374,0.75439644,-0.35714498,-1.5554682,-0.23568247,-0.12516728,-1.8542516,-1.0189171,-3.7245965,0.76055366,-0.33400416,-0.7365522,-0.06955879,1.655455,-0.0120112,0.18955009,2.6730742,0.19924879,0.29989442,0.8845488,1.032767,2.88594,0.38515866,1.961598,0.5545408
-3.8825438,-1.7295926,0.47030994,-1.0946878,-0.55923486,1.8279449,-2.05892,-0.4054552,0.3868975,0.15991808,1.4717579,-0.21253884,0.035911653,0.44683695,0.43015882,1.1346208,-1.3659521,-0.1363079,-1.2795783,-0.6406482,-0.021328688,-0.37191895,-0.23527427,2.0874262,0.0019491315
1.6218369,0.33913276,-0.60124624,1.4916985,0.36533362,-3.272211,2.0507612,-0.3890922,2.2699418,0.55863947,0.53324366,0.9567656,0.5958066,1.4058151,0.0969542,-0.19278255,1.4250107,-0.732759,-0.04737322,0.38497984,-0.4701892,-0.28768218,0.01993154,-0.9016214,-0.73000157
-1.3013923,-2.7351007,0.84686005,-0.90468824,-0.55143183,-2.0144012,-1.2578945,-0.51954746,-2.7203953,0.35822704,-5.0248423,-1.3224199,2.3353446,-2.161254,0.46323448,0.17763102,-1.7410922,-1.7327143,0.32284674,-1.2445983,-1.072178,-0.5840237,-0.63041556,0.021896064,0.74268705
-1.7581774,1.4472734,0.3414374,-0.78327036,0.18117899,-0.1253289,1.2106228,-2.1494143,0.24249561,-0.73282945,-0.7899242,-0.9292649,-0.45627156,-2.367648,-0.91349363,-0.4744631,0.08178432,0.43682036,0.26824424,0.97405046,-0.008124173,-4.8210096,-0.70580125,-1.4528884,0.72215235
-1.361422,1.2009299,0.87106365,2.5796642,-0.39620692,1.2995516,0.3595869,1.019212,0.13593,0.3729976,-0.03414458,-2.0604105,-1.2274728,-0.022480197,1.470401,0.04024446,0.72543645,0.18644588,0.79719144,-1.4470754,0.720515,-1.5742002,0.18231712,-1.9172375,-0.35926658
0.4974021,0.5845524,0.1678093,0.7276552,-0.36088687,0.16498737,1.624281,-0.4557419,-1.061708,0.07800287,-1.8353318,0.32444456,0.7129135,1.0849202,-2.1025796,-0.21884528,-0.39093575,1.0258093,-1.2030704,0.47438687,-0.07116413,1.9570565,0.51631206,-1.7278593,-1.5080316
-0.1704197,-0.7498717,0.07087595,1.1854228,-1.0586921,-0.44487613,0.6751317,0.2322522,0.19538496,-1.3122915,0.48107547,0.1393707,-0.27506956,1.6465824,-0.16216311,-2.7135777,-2.8869858,0.51586777,2.4097545,-1.3575093,-0.39716598,-0.41440946,1.0712725,-0.38930503,2.067566
-1.3233379,1.7366049,-1.4253123,-0.2920281,0.45877028,-0.44420195,0.5299207,-0.53074974,-0.33067995,-0.06945969,-2.0251944,-1.3608625,0.33301252,-1.1750885,-0.7116561,-0.7110665,1.2355955,-1.7946016,0.5999948,0.09290503,0.7606604,1.0060973,-1.6093242,-0.7302331,0.37229812
-0.5230567,0.4387926,0.8894867,-1.5765607,-0.2774155,-2.1904287,-0.08269207,-0.38458455,-2.249349,-0.1329412,-0.40671265,-0.5480714,0.24650836,-0.4721002,1.4742161,-2.0129578,-0.4995316,0.48992297,0.6788223,-0.7777826,2.245578,-2.4179244,-0.7392991,0.60270274,0.97905385
-0.16208279,0.961988,-0.026447652,1.2603904,-0.4799517,-0.97254807,0.0242787,0.37276685,-0.23815653,0.5361795,-0.73570085,0.20520288,-0.028122053,-3.310763,-1.3479288,-0.45185417,2.933665,0.023882866,-0.32345435,-1.7265819,-1.9119892,-3.302325,0.94365525,-0.81810087,-1.8751965
-4.4438953,-1.5823103,0.37263748,-1.5173286,0.52132624,-0.7551942,0.9148631,0.79373276,-1.8043969,-2.7288039,-3.1004014,-0.13021174,-0.21855381,-3.1821976,0.6120322,-0.7234541,-2.8368099,-0.34283087,-0.4507175,0.49128005,1.1150523,-1.2116654,-0.46404418,0.40213406,0.110542074
-1.9476532,0.18638888,0.83594614,4.0154147,-0.061494574,0.10155946,1.8303443,0.40120566,1.7301302,1.5003171,-0.8095459,-1.4090786,-1.4639944,1.1083437,0.09399738,0.6315189,-0.048742354,0.15279515,0.24193388,-0.2164495,1.6931858,-0.7326046,-0.33389258,-3.006599,1.6541395
1.2084098,2.1312318,0.831431,0.12511504,-0.06887007,0.77328455,0.18350625,-3.7402146,1.6261942,0.86839455,0.15149333,1.1696895,0.6247754,2.209144,-2.102491,0.14361429,-0.22022104,0.93663216,-0.18779612,-1.306622,-2.283668,0.114819646,-0.5873423,-0.65245503,-3.014917
-1.7747855,-0.0092686415,-0.33215603,1.1396855,0.16146438,-4.2792683,-1.8088584,0.8770102,1.5715486,-1.3000044,-2.0056796,-1.1808184,-0.4786349,-0.3036312,0.82446647,0.8586923,-1.067165,-1.7078989,1.4441234,-0.41548178,-0.8923394,4.828022,-0.97532463,0.28239486,0.36031127
1.0593492,-0.5633863,-2.4746442,2.0360456,-0.096605346,0.4246185,-0.48268306,0.36873585,0.54302937,-0.63590235,-2.6243553,0.08642303,-0.49918485,-2.408468,-0.9505011,-0.5873798,2.4196656,-1.2564802,-0.758965,0.62255085,1.0390203,-0.16037117,-1.6577353,0.16490662,0.19953623
0.29151264,-0.32290184,0.92631006,-1.7392538,0.67918295,0.18080625,-1.5155429,-1.7254928,-2.5301013,-0.39834312,0.1571998,-0.16321248,1.9866467,1.7651355,0.40625626,0.6125432,-2.210761,-0.58364785,0.03886457,0.22596921,-0.56655556,-1.2084296,0.31055173,-0.6858517,1.4843135
-1.7508337,0.020735785,1.154803,-0.7515177,0.9127524,-0.7620841,-2.1729307,0.5817731,-1.7486664,-1.3000044,-1.2900066,-0.77507603,-0.788012,-1.9736447,0.17315511,-0.27393255,1.7053379,-0.5720115,0.9315544,1.6773568,-0.88413423,-0.6246502,-1.454617,-3.7122092,-1.4607902
-1.4260862,-1.6397948,-0.062435307,2.2647152,0.10047821,0.5022421,1.661083,0.52883476,1.7357838,-3.257556,1.1713796,0.60963976,-1.0456073,-0.4884218,-0.42319322,0.26675117,-0.54607487,-0.08591216,0.48368993,0.4668476,-0.91431797,-0.92590725,0.4268876,0.29843777,-0.18268329
-1.8975942,0.48770246,-0.010532865,-0.13839686,0.24642429,0.68528056,-0.66075236,0.30858862,0.81887,0.39057708,-0.23603417,-2.025185,0.45843446,-0.4216585,-0.077759385,-0.5851911,-3.1255403,-0.55212104,-0.24514668,-0.37437475,-1.4580432,0.49009934,-0.3941925,-1.786709,0.17103845
-0.35021198,0.2557706,0.21264756,-0.5374501,-0.96649903,-0.3804295,0.29085833,1.3920634,0.5316323,-0.1432405,1.149184,0.14261505,1.464825,1.069111,-2.519812,-1.8411932,-1.0275676,-0.91435754,-0.20318905,-0.80421686,-1.3723273,1.4391373,-0.7093914,-0.2620085,-1.1224349
0.30465835,-1.6196502,-0.026447652,-2.5029156,0.012259652,-0.751654,1.0101043,0.36766666,1.1424601,0.064962804,0.29373443,0.34980273,0.27260372,-0.8926686,-0.18153721,0.17179978,-0.2371836,-0.87738264,0.47572386,-0.4684013,-0.981256,-1.773353,-0.34540638,-1.956966,1.2240777
-0.6636344,0.8540289,-0.048430897,0.6943299,-0.08523752,-1.643928,-0.33276346,0.054077953,-1.6391983,1.3178494,-0.5118208,-1.044862,-2.0653646,-3.4980097,-1.1326004,-0.64847815,-0.27935183,-0.8065912,0.52735245,-0.15337369,-0.82532096,-1.6657362,0.4369855,-1.450959,1.1995034
-4.969227,0.9210128,-0.7820844,0.09077737,0.0010407772,-0.1232581,-1.1281283,-2.1939037,0.19178542,-2.9587493,-0.31192014,-0.2349948,0.4611346,-2.1078749,-0.049235985,-0.9405912,-3.8214607,0.2924351,0.33385152,0.11608355,0.13204762,-2.5188584,0.25127247,-1.496983,-1.057246
1.1911643,-1.5640714,-0.010532865,0.32060924,-0.45577875,-1.0549276,2.2169223,1.8511808,0.028978288,1.2170113,0.6295347,0.7761331,-0.65655893,-0.34210396,-0.16775884,0.5764037,-0.43234426,1.5779425,-0.12984021,-0.40013012,0.7530551,-0.7144215,0.473325,-0.40302217,-2.123937
0.11493197,-1.8853635,1.098577,0.40158224,0.75768554,-0.84402454,0.31444165,0.497514,-0.33210897,0.6183291,0.035479575,0.34236696,1.1096121,1.3891838,-0.7868862,0.06283188,1.5759583,0.35447255,-0.1206642,0.86207336,-0.5299832,-1.8014729,0.5529458,-0.82208985,2.2486875
-2.4830213,0.2479915,0.06741958,0.39514264,0.05849483,0.8186227,0.89723814,-2.4645007,0.13234565,0.10438295,-0.6470206,-1.3126267,-0.3777002,-0.8669214,1.5061969,-0.15985489,-0.42529058,-0.058186233,-0.26699337,0.33255824,-0.78133416,0.022539973,-1.5728995,-0.4872953,-0.29344386
0.94854033,-0.66564584,0.72140944,-0.24078539,0.60616726,1.7215829,-0.53334,0.4662427,-0.35778764,0.5780101,0.46891844,0.49594247,0.6302142,1.538542,-0.92255443,-0.45944244,1.0805451,-0.6236856,-0.7545645,-0.19447142,0.2481727,-0.011575222,-0.66427207,-1.5105348,-1.5902649
-2.0106118,-0.83278835,-0.0076522846,1.217351,0.7695822,-0.2878643,1.3265548,-0.73175025,0.85349035,0.28558457,1.1498374,-0.7739454,0.041167162,-0.25974542,-0.87995523,1.1198368,-1.177017,0.63810414,0.15134794,0.05492207,-0.7129999,1.5415547,0.3992877,-0.9536439,-3.025576
-0.54624367,0.22009796,-0.648718,0.68014514,0.69221526,-0.72859436,-1.6572596,-0.91511273,0.3773108,-3.1814735,-0.3717308,-0.8029414,0.33047342,-0.63695306,0.18447125,0.09777284,-0.21629418,-0.81086415,0.5393579,-1.4964701,-3.2636368,-0.3799683,-2.5779681,-1.3024824,0.6924943
0.48829928,0.037688226,0.8551034,-0.24529763,0.2577,-0.9966283,-1.4561533,0.014297143,-1.1049482,0.35822704,-0.36961812,-0.99626684,0.82996845,-0.9632621,-1.2727077,-1.0199058,-0.15632015,-0.9514711,-0.64742166,0.069554456,-0.8453026,0.33970273,0.014458604,1.2697651,-0.22604644
-2.7050602,1.0759201,-0.15200095,0.53404504,0.14985846,-0.5023129,1.3524555,-1.0615163,0.45614466,1.4879284,-0.102927536,-0.78019893,-1.80786,-1.2808733,0.23176822,0.32668883,0.7696687,0.2120108,0.03755094,-0.14786184,-0.25980234,-1.6827943,-0.63408613,-1.3787334,-0.52592194
-0.47780752,0.122660756,0.53379196,0.69892347,0.949,0.78512347,0.09045786,0.06308639,-0.027929127,0.57562506,0.17323,-0.7053541,1.0640948,-0.27757168,0.64214134,-0.35772723,-1.557578,0.56354916,-0.90638274,-1.0778506,1.5832586,0.9292422,0.82277715,-1.6682687,-0.10044201
2.017984,-0.822753,-0.0044744704,0.6275245,0.13389662,-0.34556887,-2.550851,1.5517597,-1.1141412,0.26415077,-0.852878,1.6873449,-0.18877184,-0.17452654,0.2034787,0.27158344,1.20654,0.860217,-3.3290858,-1.6424825,0.39795542,0.5749908,0.15175727,-0.0463714,-0.013871551
-2.2916207,-0.1432581,-0.020346684,-0.7166246,0.60157335,-2.0941756,-1.355401,-0.03036648,-1.865771,1.0731417,-1.7802079,-0.92145884,0.15670384,0.56106734,0.007249519,-1.7170097,-0.6131427,-0.64200795,-1.2370551,0.8224773,0.16631149,-1.0404059,-0.28076556,1.9997009,2.122061
-2.073224,1.02945,0.5256605,1.139689,0.023973126,-0.39718008,0.6621294,1.9053671,0.25671262,0.08987099,-1.9938753,-0.11797956,0.14940038,-1.175786,-0.34797296,0.4409055,-0.8600398,0.2870447,-1.4425622,-0.024578497,-0.4468947,0.07627964,0.11132094,-0.12989679,-0.5707297
2.230824,-0.3812275,-0.28488404,-0.07726897,-0.85541606,0.020205945,0.75592875,-0.4953514,-0.46131253,0.7002916,0.3213229,1.1432168,-0.0018393844,-0.63374937,0.93407136,2.0659158,-0.97844887,0.676671,-0.94534165,0.5152027,1.7833717,-0.82119775,2.29573,0.15135612,0.42123595
1.0678062,-0.5032677,-0.2976771,0.17377228,0.95528,0.41294986,-2.5068913,-1.676989,-0.7670572,1.1179756,-0.74371344,1.2421778,-1.4961604,-0.82441384,0.5045786,-0.18417889,0.7600596,0.7333901,-0.4941561,0.86207336,0.88149333,-0.19487107,0.025999691,-1.0811836,-0.8403393
-0.9414503,0.57038754,-1.1213335,1.6375086,-0.23299469,-0.04124865,-0.0077967644,-0.7813665,-0.24703899,0.37714285,-0.25806987,-0.26080933,1.0834231,0.598515,-0.805528,-0.059443533,-0.20767754,0.09777971,-0.51872164,-0.15900962,2.250288,-0.5256754,-1.2340683,-0.9378529,2.4272838
-1.840916,-0.67812794,-0.068124466,-3.3244553,-0.23890425,-0.10228303,-0.5948836,-0.27712667,-2.5356894,-0.05616303,0.4050289,2.3231478,0.15340203,0.3913438,-0.4851852,-0.16084553,0.58440274,0.5799112,0.21963346,0.92226374,0.09892422,0.42679235,-0.29908225,-1.2920322,0.973781
0.8570011,-0.11985482,0.16609292,0.0782671,-0.71461207,1.7373695,0.79168886,-2.8297849,1.360931,-0.020426363,2.2724655,0.104292855,-0.90048355,-2.138663,-0.13458723,0.88138247,-2.856058,0.039788857,-0.7081477,0.28686428,0.18486758,0.5593519,-0.40808967,1.326218,1.7146661
-1.2202351,1.4560349,-0.7820844,0.16765195,0.6910771,-0.29638046,-0.38706994,-0.7578087,0.4135681,-0.052544687,2.0455153,-0.109797984,0.31380817,1.0771564,0.25676304,0.36139533,0.22109193,-0.71609396,-0.9495208,-0.083059266,-0.39107162,-0.26372212,-1.0822016,-1.2595268,-2.4292984
-0.9638911,-1.1475067,1.355423,-0.039461598,-0.16502526,-4.2763157,-0.71254194,-0.7182575,0.57698333,-0.09803714,-1.1229683,-1.5364935,0.30823657,-1.5583462,0.64736503,-1.5591344,0.3033207,-1.3831273,0.37189534,-1.2022146,-1.7717466,0.3498008,-1.0316212,0.38154635,-1.3898821
0.30477393,-1.0730718,0.715306,0.97244036,-0.22972427,-3.302395,0.39192474,0.76034856,1.0687606,-0.42440525,-2.1417603,-1.5165747,-0.78975666,-2.0080178,-0.020151824,-3.2991748,2.7905097,-1.4946173,-1.2655708,-0.28098473,-0.8990655,-3.1693592,-0.46342415,-0.32810476,-2.8384376
0.0580045,-0.7489381,0.35745665,0.6585729,0.41312024,-0.68431073,-0.14350048,-1.2035006,-1.7436447,-0.09864156,-1.5371094,-0.5938868,0.40965694,-0.4962541,-1.3445139,1.0681319,0.83705074,-1.0380535,0.10662177,0.036739074,-1.283939,-1.4506392,-2.2640412,-1.7848232,-0.008346796
-0.3915441,-0.31180856,-1.3350463,-0.58749855,0.43565312,-0.56623876,1.2963152,1.1596828,-0.022552349,0.41147217,-0.4089655,-0.7995807,-1.2667947,-1.481303,-0.60557586,0.6186016,-1.1805453,-0.25106612,0.87373877,-1.116341,-0.182188,-2.200011,-1.1777943,-0.61520374,-2.0159292
-1.29307,-0.7099389,0.3676922,0.98805106,-0.55923486,0.9148624,-0.7400667,-0.6894451,-0.3363288,0.060736403,-2.7698922,1.5117424,-0.35720852,2.341407,0.4887497,1.3584409,-0.27337635,-0.4050515,-0.7288932,-0.055545613,-1.3929045,-0.86175525,0.5677942,0.24321961,-2.5368047
-3.283488,-3.4766068,0.39053503,-0.6837163,0.54312354,2.1750634,1.3957351,-1.4908658,1.5958651,0.34886435,1.742241,-0.58817714,1.3633748,0.17439461,-0.8891654,0.41466182,0.002605006,-0.17798841,0.087273285,1.4597723,-0.7777107,1.2580316,-0.21719936,-1.1433052,2.0282264
0.99324894,-1.0736222,-0.6019815,1.4770802,1.0390458,1.5320033,-0.08365929,-0.03777623,1.9567705,0.29219878,0.17376542,0.49200547,0.39600056,0.005812466,-1.9939734,-0.5654165,-0.8483724,-0.8957028,0.52735245,1.2429329,-0.7311809,0.9228194,-0.620509,-0.5165682,-1.2962132
-3.1227336,-0.17965567,0.6842617,-1.4845872,0.35885197,0.22870111,-2.4219859,-1.4801313,-1.9286437,-0.47979984,0.84377486,-2.071214,1.9098563,0.4960238,-0.15715444,1.2873533,0.13495396,0.29984513,0.6076084,-0.7636174,0.5992026,0.094979465,0.9357405,0.020991683,-0.5963869
-0.6790538,0.65066206,-0.504584,0.7579576,0.13341436,-1.455,-0.36242843,-1.7371371,1.1577966,-2.2674587,-1.3133348,1.171635,-2.45915,-1.2877988,-0.5784322,-2.83499,-1.7899698,-0.1765808,-1.13921,-0.34762147,-0.8362891,1.1420498,-1.3145664,-1.8182242,-0.2793578
2.3678916,-1.3713282,-0.5348876,1.6361135,-0.85541606,-0.7918792,-0.17751086,0.19586602,0.7366758,-1.0265394,-0.08767791,0.03425744,0.66053873,0.18243538,-1.5184358,0.19310571,1.5923686,0.85325444,-2.5557868,-0.39952156,0.43279096,-0.25787017,0.6664349,-0.2495186,2.2432597
1.6664629,0.7457905,-0.159052,0.2685274,-0.649436,-1.1067021,-1.0744777,-0.93591434,-1.8148412,-0.57707006,-0.8757322,0.41778135,1.1696997,-1.495558,-0.043004483,-0.7196055,-3.4180293,0.91590154,0.30708194,-0.9208548,1.3226902,-0.5370598,-1.0749667,0.031817853,0.08343643
-2.1627982,1.1154231,0.5529654,-0.5897269,-0.096605346,-0.3868225,9.608269e-05,1.1709101,-1.0327994,-0.16050799,0.09821282,0.041915476,-0.193108,-0.049869835,1.0980539,-1.8673369,1.3925891,0.82144797,0.90579414,-0.771263,-0.47256672,-3.5414526,-1.1956109,-0.63822824,1.7119541
-2.5868332,0.4477248,0.56597596,-0.7602404,-1.8010311,-1.4501611,0.47074914,1.964076,0.44801593,0.34860265,-2.9579442,-1.7031275,-0.1547212,-1.1722817,-0.8063693,-1.8368838,0.86424994,0.2946943,-0.6539375,-0.5321321,-1.0937905,-0.93557125,-1.4003042,-0.8266846,-0.017919779
-0.5582796,-0.18862648,1.4220676,-1.9948206,1.12742,-0.6319013,1.9606116,0.020504892,0.30677152,-0.4084349,0.15494996,1.2351247,0.112742156,-0.27911776,0.40528798,-0.34881577,0.07143195,-0.65587777,0.52307945,1.0451828,-0.42109075,0.069821954,-0.541957,-2.7811406,0.21517628
-0.2338183,1.5872772,1.1394346,2.426941,-0.23414724,-0.6512401,-0.6166949,-0.4735374,-0.22659107,-1.5372204,0.27121437,0.7034604,0.8491752,-1.3279159,-2.400125,2.768541,-1.0010445,0.6276282,0.55596536,1.4720931,-2.0960062,-2.113696,0.5651101,0.8274768,0.15965772
-3.9731307,0.86701125,0.9748491,-1.4534644,-3.2832613,-2.2858129,0.53500706,1.6822758,-1.0403749,0.25528437,-1.9950354,-0.5390098,-0.051564455,0.15072505,0.38764384,0.20149386,0.06199521,-0.5141159,-0.1929706,-0.66531146,-1.1711187,-2.2950292,-0.76983285,-0.48993456,-0.33402377
-2.2741475,1.2971803,-1.9293944,-0.8222509,-0.18205354,-1.9082004,2.4781966,0.17245209,2.2774315,-1.3898822,-3.4609938,-1.6486611,-2.9713445,-2.3414664,-1.1773553,-1.2897651,-0.7259191,-0.20336604,-0.09123227,-0.69497824,-4.7257776,-2.4881136,-1.1769907,-0.5917821,0.9205682
1.2189131,1.8492366,0.56811184,-0.77385646,0.4361027,-2.6944156,0.31138325,0.031881392,0.3103578,0.7976978,-2.277378,-0.02928108,0.48644075,2.3439784,0.35830998,-0.4023075,1.9719181,-1.5696255,0.9859382,1.2483573,0.45361236,0.8077394,-1.9894922,-0.8544656,0.37180352
0.08197144,0.075102985,0.44948432,0.5214574,-0.15268083,-0.78790426,1.1482948,0.10864012,-2.3694923,0.86903286,-2.0768616,3.0748646,0.020078212,-1.4646579,-0.85002595,2.2782335,2.19722,-0.73512775,-1.1300273,0.30331331,-1.7269876,-2.8697762,1.3581465,1.7200739,-1.1246765
-0.4058671,-2.7060688,-0.42108908,-0.67846817,1.0409144,-2.3159754,-1.7337286,-0.3824706,0.5773485,0.14000446,1.8548205,0.054455236,-1.0194441,-0.16090935,0.8819369,0.09992156,-0.1459986,-0.15118518,0.04417201,0.92915994,1.3932036,-1.4665165,1.3436472,0.427344,1.1697345
4.6475196,-0.94832265,-0.3679812,0.46288916,0.29123405,-1.4868962,0.43489635,-1.7880559,0.19899324,0.35948172,0.5235943,-0.7969789,1.6970947,-0.5109954,0.7665076,1.7491337,-0.078115255,0.99318683,0.2501011,-1.4964701,2.4908247,-0.50975776,0.9764666,0.06662333,-3.1794488
-1.8214247,-0.05851865,0.53379196,-0.1636113,-1.9041871,-0.5671841,-0.93644935,0.14382356,-1.1471407,-0.53580105,-2.377204,-2.6615672,-0.38652462,1.2532613,-0.34302062,-0.2987038,1.6102744,0.19174966,-0.28755426,-0.039662972,0.14349687,-3.6079576,-0.8391705,-1.5463228,0.25106066
-0.13442051,1.4476829,0.21907476,0.82760334,0.21248998,0.0027712733,-0.264826,-1.1213118,0.4522794,0.59856814,1.374671,1.8940979,-0.101145715,1.052995,-0.5571321,-1.3119473,-2.925781,-0.32731187,-0.014550116,-1.1414148,-3.4362223,-0.19124447,-0.19309208,-0.1995255,1.5741231
-0.20988744,0.44653463,-1.9293944,-0.95737964,-0.17581141,-1.0267601,0.54890895,-1.1119556,0.14760584,0.6699459,1.9109433,2.1922789,0.69541293,0.51854163,0.24598397,0.6904724,0.17300805,1.7931397,-0.06749508,0.030561011,3.0739503,0.4862716,0.63438606,2.796843,0.36080196
1.9538417,-1.9640024,1.2487531,-2.948183,-0.17683354,2.1059139,0.71749777,-1.2007141,-2.5411267,1.5692598,2.637752,0.5730911,-1.0552183,-0.9798565,0.07569429,0.332345,1.3115865,0.78975236,0.8132924,-1.5067364,2.6280189,0.52320784,-1.4406618,-1.3578213,0.7790592
-0.60077846,-0.08493137,0.31495655,0.68157494,0.51390547,0.6204848,3.22961,0.07439017,1.6659515,-0.1136013,0.49747705,-0.7539029,0.73627293,0.2866259,-0.2592475,0.763888,-1.4748616,1.0490388,0.15958655,0.92501837,-0.7754997,0.38697714,-1.8995659,-1.7593849,-0.36465895
-1.6071122,1.4234302,0.81412655,0.18199019,0.34096503,1.2533776,0.13185376,-0.39345518,0.030662626,0.95439416,-1.2055994,-1.3846347,-0.05381015,-0.11696455,-1.6820176,-0.5780729,0.33065832,0.20580171,0.25012675,-1.0261904,-0.16591227,0.81922174,-1.1727321,-1.2050551,-0.6586493
-0.69622594,-0.37834376,1.0136416,-0.12357968,0.7695822,0.532563,1.1250013,1.3543718,1.2827301,0.61655474,0.27748957,-0.25330845,-0.11777674,1.3875477,-0.06754725,-1.5342917,0.97982156,0.02300185,0.73602515,1.3623141,-0.8164416,0.19129586,1.3427076,1.7564139,-0.23795947
0.6631603,-0.6796653,1.2774887,1.4060854,-0.092012286,-1.5585327,0.47313678,-1.4385164,0.31324518,0.46514446,-1.1649412,-0.04806438,-1.2103584,-0.45883858,0.49039197,-1.172115,-0.6699742,-1.1076359,0.17101516,-0.4832384,-0.5373792,1.4660636,1.5412719,0.06976777,-0.29133707
-2.2705655,-0.68793833,-0.13155821,1.01019,-0.250736,-0.66238827,1.608856,-1.7853674,-2.2134187,0.26213393,-1.3946235,0.08441225,-1.9229416,-0.49042854,-1.0946016,1.0021948,0.40430796,-1.4893545,-0.18779612,1.0167587,0.5848928,-0.16623378,-0.0011475384,0.9909646,1.2776425
-4.837014,1.4907881,-1.9975927,0.7541107,0.82591844,-1.8901851,-2.8467302,-1.3585094,-0.48772943,1.4889327,1.7449714,-1.4431431,1.5126523,-0.5231392,1.2115344,-0.74739206,-1.0117791,-0.20859414,0.19993569,0.94678056,-2.0477133,1.6576854,-0.13123381,-1.1042447,1.8278664
1.3420424,0.032973498,0.6491012,-0.9375465,0.8684966,-0.35803497,-0.14136563,0.8767451,-0.083632916,0.27328214,-0.025262415,-2.2453313,-0.023779035,-0.7512071,-1.1479564,-0.18555099,-1.18463,-1.3708385,-0.4083696,-0.71975493,-3.6147757,-3.953423,-2.7026155,1.0131241,-2.7842333
-2.3222623,-0.7715218,0.59899986,-0.06977685,-0.21684472,-2.31852,-3.1590464,-0.1448251,-0.5808791,-0.3245084,-0.7329664,0.69777423,1.350925,-0.91140187,1.6762396,-1.1176177,0.40894765,-0.33809674,-0.74352324,-0.087142885,0.061095834,0.6288681,-1.9073644,-0.01787293,-2.0245368
-1.3166282,-1.1209794,0.92307466,1.5551082,0.5288201,0.6576029,2.0206623,0.35150048,-1.7235115,-0.77306396,1.0063162,-0.14473957,0.8553233,-1.830451,-0.42114753,-0.2686181,2.637506,0.42119956,-0.38062173,-0.4832384,0.57074493,-0.4825492,-0.66682994,0.9678443,0.6936593
-3.1363673,1.9425286,0.93379074,0.5133364,0.8717314,-0.010658324,1.8609018,1.3264159,0.621375,-0.5096793,-0.40244883,-0.25278488,-0.11185038,0.9118974,-1.5005971,0.84914935,-0.20777063,-0.6515177,0.28877136,0.41377804,1.3015214,-0.024548233,0.31266022,-1.751219,-0.24200384
0.8057809,-0.091772445,0.5048221,1.6350181,-1.1923395,0.25683373,1.6954298,0.4250627,2.339631,-0.32173964,0.8970853,0.068839625,-0.4681372,1.3958895,-2.2975626,1.5707903,-3.803393,0.9632258,-0.4507175,1.0612535,-1.0482252,0.32147712,-1.8276317,0.5253794,-0.029110074
2.651962,0.9369619,1.5727261,-0.5052739,-0.96821254,-1.3456142,-0.78009945,-1.2444321,-0.7616939,-2.7288039,-1.9127107,-0.38137406,0.24517679,0.08037996,0.13243358,-1.4442382,0.1199286,-1.416753,-0.037959035,-1.8118457,-0.73992383,3.1459937,-0.55373293,0.38782492,-0.0685042
-4.1472664,-0.6570137,0.9151242,1.5340879,3.4092498,1.3738134,1.1467949,-0.97344905,1.5907047,-0.2516698,1.2520897,0.25803462,-0.08367132,-0.49384075,0.6523963,1.9054325,2.1483264,0.76448554,-0.7545645,-0.42294112,1.6024952,-1.3076329,-0.89415413,1.7058563,-0.7175368
2.5529246,-0.47956365,0.22426242,2.9606652,-0.36124614,-0.33424658,2.3336844,-0.27695924,3.0535197,0.56635344,-0.6128805,-2.1050556,0.83369786,-0.4867847,0.41668838,-1.9271365,1.2867151,0.42114925,-0.7288932,-1.2682476,-1.1032934,1.2899063,-1.26737,-3.102818,-0.8125644
0.506023,-0.93937165,1.3575418,-1.0740002,0.074339844,1.3868909,-1.5672753,0.8205527,-1.7757984,0.36340025,0.7878252,-0.9670776,1.2002995,0.7849622,-1.9116595,0.71768844,-1.2321323,0.86931515,-0.47142133,-0.64883107,0.26144966,-4.0536184,1.4894445,-0.33802295,-0.83841956
-0.3761658,-0.3864531,-1.4755094,1.264288,-0.54342985,-0.8713324,1.7208314,-0.5006752,1.850635,0.85347146,0.41312778,-0.7187311,0.736679,-1.3322196,-0.8473661,-0.41553673,-3.9764807,1.3411791,-1.2948316,0.80850726,0.20012462,0.70384175,-0.66796243,0.7512188,-0.5016598
1.995224,-0.025659315,-0.41596514,-2.8136275,0.15489796,0.56889987,-0.96876603,1.8338175,-2.5605636,0.752166,2.5480518,0.20758343,2.3544974,-2.0274243,0.31493184,0.8685394,0.4539518,1.1886442,-0.09606094,-0.03655668,-2.6007109,-1.2289875,-1.5310351,1.3068373,0.39484662
2.797569,0.4173061,-0.014683755,-1.5921608,0.04616297,1.1952412,-4.1239076,0.13140151,-2.044591,1.1212114,2.902903,2.0556133,-1.55899,-0.8433472,0.47980064,3.5886483,-2.4244025,0.28957003,-1.4253675,0.47444347,-2.1587822,-0.237674,0.22572806,-0.9110912,-2.0952003
-0.8641944,-0.23919196,0.60317034,-1.6873347,0.42102078,1.2463356,-4.3358016,0.31047148,-0.295259,-1.3000044,4.0647764,0.048043296,-0.33586663,2.8205888,0.49874038,0.62753195,0.4729185,-0.17480278,0.8132924,-0.42774493,0.93117315,1.9953859,-0.22702828,0.8579173,-0.7278377
2.019839,-0.5064995,0.26890862,1.5355306,-0.092012286,0.99323004,-0.13197266,-1.410953,-0.73714566,-1.3337755,-1.8694558,-0.124378085,-0.91600275,0.09240165,1.2845424,0.95039356,1.4014341,1.125874,0.51241165,-0.7636174,0.57073057,3.074512,0.6605731,-1.0110679,-0.5769818
-0.87701225,-0.12192,-0.7296779,-0.43787616,0.3578268,2.0995486,-0.19090828,-1.7139052,0.740626,0.10193981,0.05002609,-0.21581814,-0.29651058,2.6067796,0.34257612,-1.56152,0.066321015,-0.44884467,0.41573468,-0.70556873,1.4964192,-0.9037149,0.2588698,1.2642567,1.6508317
2.3373723,0.4579863,-0.33588675,-1.4335189,0.26589787,3.9556608,0.01330018,1.2916172,-0.59267807,0.88666046,-0.58050853,0.18673235,0.6727653,0.26303995,-0.6050359,1.5077776,1.2553264,0.78211653,0.99402887,-0.078804076,0.12981668,3.621104,0.21875635,-1.4744042,0.010661244
-1.5231172,0.7596754,-1.0121728,-0.9152737,0.21240817,-1.7493963,-0.005394697,0.055311084,-2.6730008,0.17160252,-1.1674635,0.16047902,-0.033266634,1.4446926,0.2728194,-0.34267777,-1.416704,-0.00019137561,0.11245045,0.8009557,-0.074922025,0.60295475,0.7223071,0.4403088,0.30244488
-0.47508955,-1.1462438,-0.85805583,0.26932478,-0.15842064,1.6215079,0.4624357,-0.004818201,-0.42540514,0.2644295,-0.498535,1.6851622,-0.76976264,-0.9392045,0.47216347,-0.84155786,-0.39133415,0.2280691,-0.17000557,0.11608355,0.5389078,0.5924776,-0.07293178,0.82590926,0.9146296
1.189026,1.7052903,0.801578,-1.1479633,0.3009389,-0.26475805,-2.1519806,-0.5405848,-1.588014,-0.052008767,-1.221575,-1.6299695,0.13237673,2.1206427,0.32117897,-0.7395092,-1.2046549,-0.23967335,-0.16419637,-0.64382267,-0.29945403,2.3362632,1.0735584,-0.4749667,0.11909926
-2.1008003,1.1183245,-0.33215603,-2.0410488,0.7175668,-2.7520761,0.9598892,0.4810678,0.42295772,-2.515301,-1.3273277,-0.24343327,0.029666662,1.0952224,-0.9936435,-0.888425,0.6922406,-0.34190622,0.6711767,0.33276555,0.03213884,-1.1456857,1.0000474,0.56039864,-0.14961785
1.839637,0.953624,-0.44705907,2.3518486,-0.1733855,-1.8641318,-1.1153136,-0.28208017,1.5808477,-0.66789854,1.5911678,2.24517,0.7714422,-0.123058796,-0.2953521,2.9863744,-1.9339234,0.732886,-0.4083696,0.2119859,0.68595207,-1.5799541,0.09868531,0.22962849,1.9879885
-0.8008195,-0.05950606,-0.06111057,-2.0818532,-0.031771407,-0.88543737,-2.7026289,-0.3824093,-3.5564916,-1.9358331,-0.82371986,0.23443493,2.0949802,-0.6332593,-0.2405563,1.6828797,0.3370457,0.55875903,0.49223667,0.6162175,-0.9048102,-3.2583742,-0.77600545,1.3935242,0.05488178
-2.8096104,0.9852365,-0.28173122,0.2739621,0.59075254,0.80178016,0.04046385,-0.65247214,-0.7380071,-1.6159197,-0.099688664,-0.21587491,0.05667278,-2.382545,0.63971823,-1.2231469,0.7645916,-1.9454714,-0.25953415,-0.5619384,-2.322,-2.2070758,-0.48625118,0.10557455,0.6471062
-1.3598099,1.3970416,-0.02581671,-0.6250103,0.31080273,0.34332204,0.5628417,1.1175628,2.0527682,0.46514446,-0.013343453,-1.2263,-1.3913476,-0.39380562,-0.38275397,-2.1050534,0.32735765,-0.8149812,-0.77261585,-0.099047415,-3.6593246,1.3814903,-0.5348186,1.8497581,-0.29737866
2.3378422,0.45375457,-0.1134531,-0.39403236,0.80963516,-2.0624068,-0.26966375,0.24129027,-0.3811228,0.27258983,-0.57062966,-1.0372665,-2.0734527,1.6966426,0.5531047,-0.27107012,0.9019819,-3.1878705,-0.124714166,-0.74678075,-1.4081111,-0.86406994,0.53881603,0.74287134,0.044665992
0.7757045,0.009138271,-0.68295485,-1.0363253,0.55932385,-0.8731873,-2.1393394,-2.0894897,-0.36348152,-0.18126683,-0.63286954,-0.5054946,-0.818321,-1.8928962,1.9309926,-1.2061024,0.77345777,0.9511324,-0.11817287,-0.6771596,-1.7443075,-3.8346825,-0.6630125,-1.5102087,0.058344662
-0.2518767,-0.2832207,-1.470575,0.58960086,-0.5632134,1.5183264,-1.6301668,0.49042603,-1.266165,0.71521246,-2.4077964,0.67908984,0.07608673,0.07141154,1.234208,-0.8202791,1.0100067,0.99094343,0.07038191,0.57950807,1.2449987,-1.2747145,0.9912087,0.98661596,2.2400064
-3.5249357,-0.2554363,0.20585181,-2.1867275,0.111117214,1.6981955,-1.6893137,1.7677155,-2.318445,-1.6578059,0.85218894,0.9712729,1.3778132,0.99314195,0.41105133,2.0420806,-1.8360217,1.3816426,-0.7981402,-1.7398801,0.5607383,0.8056242,0.76227105,-2.7558875,1.7242336
-1.0557547,1.48739,-0.3135409,1.1099958,-0.06887007,0.07913385,3.0174966,0.007949638,-1.1386002,0.6995898,-0.9079176,0.14476204,-0.8220588,-0.065106094,-2.1215641,-0.82634044,-1.1107522,0.29499233,-0.118959054,-0.055545613,1.0718459,3.607791,3.276649,-1.2425448,0.82267493
-2.1215305,1.2811794,0.07967982,0.65737164,-1.1587943,1.7146873,-1.9639394,0.31053004,-0.3597082,-0.36596498,-0.09038433,0.47713938,0.45683056,1.7734649,0.2323747,1.3548632,1.2969686,0.95279,-0.29391,-0.32028872,-1.0652778,0.71323186,-0.38344792,0.5491187,2.3777187
-1.4249759,1.9161019,0.2850643,-1.2178881,-0.44193402,0.15787628,1.6550093,1.3690083,1.3232706,0.17316276,-0.5809316,-1.5917108,0.69678485,0.8709056,0.5756246,-0.32639456,0.029930353,-0.34695888,0.53093296,0.004264648,0.17484677,1.0619173,-0.81335264,-1.0098097,-1.6092579
2.4533873,0.26036412,-0.57542515,-0.95083594,0.1945646,1.7359395,0.71195424,0.68226504,-2.1209774,0.86444414,1.2641456,0.2930805,0.075121194,-1.4193006,-0.94547576,1.4443067,0.5269594,0.44802696,-1.4425622,0.86051303,-3.146234,1.3910537,-0.3270597,-0.049465295,-0.7893434
-1.8506304,-0.69584453,0.45300302,-2.9501615,-0.23933645,-0.055970788,-4.9714875,1.3974671,-0.2606033,0.40786004,-0.7179484,-1.3152449,0.18229437,-0.03445618,0.3330818,-0.31345332,0.2299405,-1.7527119,0.1189726,0.20435895,-0.18913302,-0.09240335,-2.5438719,1.8149741,-0.37811434
2.743126,-1.1357379,-0.8644384,0.56785923,0.04350728,0.31685048,0.9519681,-1.6578391,0.87194437,0.07683456,0.66487557,-0.8274665,0.8244847,-2.3801847,-0.4801904,-0.4896431,-0.5194961,0.91271216,-0.2834379,0.16277732,-0.6382009,-0.30830145,0.774019,-0.7634636,-1.2098329
0.03391269,-1.343536,0.42255744,-2.313301,-0.57737106,0.60070044,-3.7239656,-0.22288102,-3.0429058,-0.20862602,0.27342096,-0.33565816,1.5094259,-0.46602923,-0.04113382,-0.7480509,0.22474444,-0.6363863,-0.26335984,-1.9968255,-0.45804408,-1.5099586,-0.6460876,0.87904054,0.011643231
-0.3992839,0.67197454,-0.68820417,1.6327835,0.11236482,1.8836596,-0.3819701,0.04179403,-0.6747927,-0.22081856,0.13181868,0.10658138,-1.2577268,-1.5724216,0.037468433,-2.856164,-0.6406269,-0.582645,0.22143844,-1.5422138,-1.1134474,-1.4466848,-1.484341,0.8707274,-0.75426286
-4.411315,-1.0485129,0.35585275,-1.9851754,0.5225725,-1.6384254,0.23750287,-1.650864,-0.62180716,-0.026659999,-0.17644995,0.6650004,0.23076952,0.22915491,-0.6397897,0.2332513,0.48681995,-0.21177618,0.22143844,-0.24206252,-0.64176065,3.1534724,0.74958515,-0.5363836,0.6092346
3.2549863,0.98928905,0.5246153,0.9999734,-0.01053015,2.925408,1.3166718,-0.032990098,1.4089578,-0.14295982,-0.71380204,-0.04553443,-0.22445235,-2.1222835,-0.92473865,-1.5499558,-2.7108943,-0.8000871,0.44411957,-0.21028364,0.25096545,-0.2867537,1.6394204,1.818319,1.0161031
1.5126281,0.6915023,1.0430633,-0.8878064,-0.43503752,0.28727373,0.3311684,-0.19366598,1.0901906,0.5835637,-0.41563547,-0.28801715,-0.33322465,0.87866175,0.52218777,-0.54964316,1.803913,-0.97306633,0.23422529,-0.03655668,0.7163516,0.39511225,-2.4733934,-1.4744077,0.06196911
2.7728856,0.69334155,-0.20899807,1.5210993,0.3114379,-0.08258796,0.57928634,-1.0379102,2.5183935,0.013943065,1.9288955,1.5204399,0.24284829,1.481066,-1.3614739,-0.40865344,-1.2553961,-0.00958848,0.26477727,-0.34495652,0.048659444,-0.88728017,-0.5567383,-0.002910778,-0.8450867
1.9418228,-0.060395148,0.60853636,-0.13414955,-0.7200357,1.6749151,-1.1502471,-0.5228439,0.22269976,-1.2524703,0.7624062,0.44695514,1.9855735,1.2659593,-1.1279527,0.37319085,0.4229764,0.085838735,-0.7877397,0.47444347,1.2417452,-1.9685067,0.05499524,0.6811223,0.43411598
1.2057334,0.15504628,-0.029746355,0.2028107,-0.84510165,0.38987866,-0.29581422,-0.49200597,-0.20829736,-0.12575199,1.056426,0.758948,-1.3259938,-4.1263247,-0.7072833,0.6304557,-0.9106637,1.3289124,-0.8005362,2.1376107,-0.74717367,-0.90121037,0.6367056,-1.284467,-0.9877515
-1.7368482,-0.8930747,0.040674407,0.6647731,-0.29793388,-0.7961525,0.2707556,-0.64143425,-0.09123157,0.047098484,2.1896954,-0.4918287,0.1699174,-0.11926657,-1.4263263,-1.0608826,-3.8163998,-0.37010667,0.27860454,1.8006667,-1.8808998,0.52953017,-0.85704243,1.2232822,0.014123471
-1.0589149,0.510615,-0.6767715,-0.38445282,0.34473863,-1.2681817,0.933694,1.0961955,1.7002797,0.508027,-1.6276546,-1.6575129,0.08622374,0.8530735,-0.80634356,-0.33723083,-0.559735,-0.44877064,-0.5431699,-1.1522949,0.7298571,-0.13736808,-1.228608,-0.7295107,-2.6641707
1.8729883,-0.84334415,-2.0692499,0.6822702,0.31385747,-2.563282,-0.3840479,0.6665001,0.033976853,0.43170142,2.2948222,1.3594038,-0.28883675,0.591156,0.5964695,2.282924,0.51001966,0.4162801,0.5283236,0.43440285,0.7782775,-0.75977784,0.098932594,0.19845426,0.51349175
-0.15864749,-0.4369312,0.42231375,-0.86698294,-0.17351821,0.5706484,-1.65856,-1.190486,-0.8573777,-0.97462887,0.919059,0.5921158,-0.19904302,-1.5056232,0.44488707,-1.3008884,1.3762728,0.84257114,0.52081156,0.0129552735,0.93248993,-3.4134326,0.47178462,0.34268418,-1.1854236
0.98436666,0.21475133,0.025299253,-0.5295074,0.26589787,0.6527855,0.35049695,1.8018303,0.1937435,-0.31724703,0.36710125,-0.7533772,-0.21693598,0.8030734,1.5497848,0.8101896,1.7548816,-1.4231248,-0.6327977,-3.0795088,-2.8759377,-1.7959957,0.8510053,-1.5239143,-1.7002198
-0.39316496,-0.40224105,-0.57631993,-0.8364341,0.77193546,-3.2126608,-2.1383886,0.03041017,-0.8464681,-1.0265394,-1.0086483,-2.4687579,1.54557,-0.8798424,-1.1700598,-0.35801816,-3.6818748,-0.4452245,0.1474022,0.36499557,2.5167913,0.118708074,0.33793497,1.4130325,-0.11702339
-0.8819755,0.91423947,0.61565316,0.26050347,-0.045494907,1.621245,-0.98540425,-0.6188048,-2.4477534,0.62858695,0.54903996,-0.73283046,0.82506406,-1.8503118,0.47190154,-2.3679144,-0.4823488,0.5715342,-0.32345435,0.79666567,1.1835003,-4.8504066,0.6782338,0.8622822,-2.164871
-2.379013,-0.019685224,0.49079987,-0.12946635,0.83431673,2.0651731,2.3198733,1.8062065,0.19369237,-0.092244506,2.9412773,0.3482287,-1.1841482,0.6442068,-0.371373,-1.1329467,2.3970897,-0.364668,0.90482956,-0.14363566,0.86542153,3.0816903,1.2277439,-0.0906685,-0.8317648
0.6099658,0.6562029,-0.36811417,2.4038498,-0.0014627166,1.9285303,0.5900196,-2.0827901,1.0428629,-4.4598246,-0.03895223,0.83058673,1.8649797,-0.23951703,-0.11917187,0.28641343,2.6589994,-0.4361747,0.28984502,0.39467564,-3.0920753,4.1111617,1.0230746,0.27046353,-0.23725712
-2.2545385,0.017224235,-0.3088275,-0.35868824,-0.21292695,-0.2244057,-0.121367455,1.8388568,-0.63967466,-0.68522644,-1.5079434,-1.2984126,1.0477512,2.041228,-0.014271244,-2.2403955,3.0115397,-0.16292831,0.15265775,-0.017557703,-0.7874592,0.30797258,-1.2405466,1.8294595,0.9657612
-0.23845428,-0.12155534,0.90048325,-1.350199,-0.5632134,-0.6929373,-1.3224033,0.37716964,-0.5488391,-0.5022389,1.3652669,-0.3441991,-0.3553546,-0.25780463,-1.1805351,-0.36019385,0.3469193,-0.54016006,0.6974816,-0.96980274,-0.84084845,0.91802716,-0.095733434,0.0837245,1.1212988
-1.3035424,1.1858382,0.80155534,1.2330245,1.12742,0.90524864,0.47940582,-0.8929751,1.5639759,0.90890944,-3.5700011,-0.73469543,0.38883024,-2.0118666,0.73033315,-0.9891047,-0.5546089,-0.6738214,1.5601429,0.47444347,0.2615573,-2.5281692,0.25127247,-1.2709707,-1.6396959
0.5996139,-0.40231133,0.31495655,1.6945816,-1.3273634,0.9418771,0.71101564,0.76230127,0.06945351,0.07801245,0.37413195,0.24365704,-0.013388872,-0.6012902,-0.6547523,1.3390718,-0.5353147,0.4442801,0.19933271,-0.29088008,-0.37434402,0.8385134,-0.51234674,0.11125037,1.5914319
-1.3395778,0.32785293,-0.97753584,-2.6985028,-0.50081927,0.19511607,0.6667169,-0.15943527,0.32435137,-0.400421,0.78068495,-2.0466256,0.6467692,-0.38553315,0.06287247,-0.75838226,-0.32957304,-1.0376365,0.38768807,0.96097124,-0.9538591,0.340882,-0.73796815,-0.3259084,1.5640587
0.43635255,0.14935777,0.32538974,-1.466731,0.26820156,1.725224,-0.83454037,0.76290333,-3.115574,0.18657324,-0.3684047,-0.3436481,-0.1036315,-0.6085737,-0.92312515,0.0730159,-1.1842749,-0.029231355,0.32561094,0.9628457,-2.6138272,2.4543037,-1.5443944,-0.08260432,-1.041392
-0.8640158,-0.22836477,-1.4083625,0.4316702,-0.025262488,1.0342029,-0.19967937,-0.83516645,0.07829028,-0.8547935,0.9622856,0.92856264,-0.8712697,-2.13609,1.0613458,2.8759618,2.3748045,1.5823967,0.30809182,1.297937,0.8113417,-0.7723368,-1.0806425,1.9524946,-0.5792555
-0.464908,0.8588923,-0.17691019,-1.3276424,1.2049977,1.2064269,-0.12996748,0.29915848,-0.8544564,-0.9279658,3.0362728,-0.5700568,-0.4150483,0.35223788,-0.58953744,0.12286243,0.8826926,-0.54312456,-0.44941005,0.5152027,-2.5837111,-0.37021482,-0.6566808,-0.3913198,0.12502146
-0.23410577,-0.40687555,-0.009672878,-0.2930408,0.17546308,-1.208725,-3.607996,0.30314082,0.663285,0.49270245,0.86521095,0.43644255,-0.0067209005,0.6070848,-1.3713285,-0.5832329,-2.5632315,0.45627582,-0.4516769,-0.64382267,0.8048687,1.6723112,-0.17819509,0.14548165,-3.500674
-0.60818243,-4.4621677,-0.41960797,-0.04901825,-0.29060528,-0.67754203,-0.561319,-0.9580288,-1.0998669,-0.45315835,-3.5339425,0.16081767,0.44910127,0.0101524,-1.0067471,1.009531,1.1917505,0.26750183,0.32561094,0.33255824,-1.4772286,-1.3536758,-0.39433283,1.3316295,-0.8267566
-0.88347423,-1.5465468,-0.043781847,0.47610193,0.3009389,0.7725733,0.1803329,-1.6267817,-1.2885699,0.26415077,0.19289565,-0.837574,0.30937558,0.4750951,0.8520191,-1.1510916,0.22479272,-0.56034863,-3.8413243,-0.21483731,-0.84219146,-0.31139988,1.1060836,-1.0646821,2.1101816
-2.2326741,2.4575315,-0.2532256,0.85992354,-0.21968721,1.4819217,0.8113677,1.5581144,-0.17738925,-0.016923815,-0.85571504,0.10393754,1.9353908,0.7487598,-0.53893816,-0.33071262,-2.7254076,0.9936814,-0.34933802,2.115974,-0.0439474,2.6090941,-0.36880577,-0.024002165,-1.364185
-1.2337137,-0.9615144,3.8215623,-0.6845412,0.09768377,-0.7005323,1.124809,0.114658326,-0.10981622,0.03344489,-2.3261015,-1.1126385,-0.18561609,-0.2912898,0.12465438,1.1242256,4.081006,1.0359911,-0.8031417,-0.9431865,-2.537528,3.1982532,0.76144415,0.8105793,1.8612149
-0.57346517,0.022969306,-0.33194828,1.0256687,-1.9786286,-0.85917485,-0.62256086,-0.38563728,0.9444533,-0.46128765,1.8573188,-0.18819204,-0.14598775,-1.6082098,0.6974323,-0.70384336,0.21452633,-0.73512256,0.859415,0.4668476,-0.52625126,-0.9806787,0.07317078,1.3977511,-0.12079874
-0.26423275,1.9926234,-0.003741078,-1.6581197,-0.15842064,-1.7363732,-2.0217018,-0.15280735,-0.34809607,0.029136278,-3.349644,-0.36937624,1.5174265,-0.32625532,0.791862,0.32581124,0.58890724,-0.85201657,-0.03387595,1.0612535,-2.7247639,-0.6709573,-0.9229394,-0.48316795,-1.9729844
-0.23831141,-2.0518422,-0.19271907,0.3850288,-0.6236678,-5.1225367,-1.3049452,1.3018973,-1.8049886,-0.34721226,-4.751442,-3.0062068,-1.51373,-0.9622747,0.20098549,-2.5228,0.5710587,-3.362886,0.7997839,0.96579105,-1.1312929,-0.49014676,-1.3062146,-0.10003507,2.8489974
-1.099478,0.51998043,0.52382165,1.5581386,0.3808626,-0.009190559,0.23286504,-3.1955178,-0.8713503,-0.020426363,-0.38326994,0.56706196,-0.5717271,0.862079,-0.20674112,0.5264861,0.61880696,0.65241635,0.5244002,0.04384485,2.4000428,-0.16424698,0.28705078,-0.8797312,-2.6858945
-2.5019326,-0.96981037,-0.14730683,0.8488865,-1.0685226,1.0937479,1.0797288,0.11255677,-0.6527168,0.21370764,1.7159827,-0.26905215,0.23821297,-1.0840139,-0.0241763,-0.2175641,-0.32062286,0.6338227,0.64598465,0.62255085,1.9355901,1.790149,0.7034555,-0.33504802,1.4596436
1.2806901,1.0403211,-0.25313902,0.35193282,0.8684966,0.4668551,0.01004602,-1.9005386,1.2470243,-0.04837707,2.1806216,1.3375154,0.25611266,0.037187576,-0.77581507,-1.0270283,-2.176801,2.1865208,0.6597451,-2.128704,1.6470976,0.6228032,0.50485575,-0.43711334,-1.0932612
1.1103792,-2.7814295,1.154803,-0.4644087,-0.23299469,3.1224566,-1.1050351,-0.14061171,-0.018755987,-0.63022465,-0.09765734,0.88074756,-0.32347417,-0.8942816,-0.43192795,-0.09450996,0.60642433,-0.004906714,0.28325576,0.2610697,0.66051793,-1.43185,1.5026938,0.3028191,1.1551468
0.85775816,1.9388549,-0.07068576,1.0140831,-1.0213622,0.93286276,0.27665904,-2.9870977,1.6411334,-0.52288747,0.4246862,0.91953564,0.6192484,1.2348734,0.3613105,1.4052924,-0.4735633,2.233924,0.3230765,-0.99549955,-1.2590396,4.105508,0.889362,-2.544978,-0.2562293
1.8017294,0.05540721,-0.58823174,-1.6781605,-0.28264725,-0.8915175,-0.9172369,0.5498978,-0.33621758,0.77765036,0.047114313,1.2500436,1.3586214,-2.165836,-1.6693751,-2.4272306,0.32245132,-0.6971505,0.31630912,0.064312644,1.5241281,-0.3250625,0.5036673,2.219294,-0.2996141
0.36635804,0.15584409,-0.24588202,-2.0762053,-0.78729016,0.45063537,-1.4995831,-0.10094857,-4.121783,-0.31007904,1.85397,0.87208265,-1.1495997,-1.1673071,0.9611743,0.36100388,-0.9201568,0.26824158,-0.6543704,0.586506,-3.060384,-3.71141,-0.058610573,-0.679555,2.8117716
-3.492734,1.1553106,-0.08501786,-0.3965665,-0.26869538,-0.6553211,-1.2401799,0.57904416,0.82108223,0.15677035,-3.6803303,-2.7314515,0.6605537,2.9301007,2.1080847,-3.5113354,1.053403,-1.4882035,-1.0572673,-0.71806073,-0.83978593,-1.9126049,-0.30839235,-0.666829,-0.7840414
0.32248795,-0.8019091,-0.12146001,0.798225,-0.23042499,4.1937237,2.2017732,-0.89623475,0.23482737,0.43170142,0.73350936,0.8608445,-1.2624643,-1.9245099,-0.98557603,1.186028,2.08528,0.21488112,0.61400974,-0.3741992,-1.2061536,0.31868315,-1.8968961,1.4127661,0.8869401
-1.7313149,1.1634717,0.22047429,-1.1434332,-0.14633366,-1.228006,-0.8431005,-0.09450132,0.2367155,-0.02333051,-0.75486773,0.89729095,-1.3199356,1.898637,0.49220777,-1.3538767,1.3473375,0.44308126,0.49198624,0.7192897,0.28781343,-0.16966838,-1.8564274,0.52844876,0.6991493
-1.1236807,0.7257657,-0.07869316,1.5097135,-0.77781546,0.5257871,1.6926891,0.8545821,-0.39724183,-3.1814735,0.10557589,1.3953632,-2.7551818,0.10580373,0.6357653,-2.58818,1.6736176,0.25038183,-0.71810395,1.174579,-0.27549854,0.85606766,0.22948682,-0.22734949,3.7390475
-2.2787073,0.89855075,0.69216305,-0.47226527,-0.7127797,-0.07226086,-1.2575467,-1.1652765,-0.7736934,-0.4248691,-2.5852454,-0.25630426,-0.16245225,0.3133446,0.15353501,0.76456547,1.4284989,-0.91120666,0.7281502,0.51205003,0.3600441,1.6731972,-0.25272983,-1.209724,0.32446748
1.016208,-0.32187003,0.3202813,2.0644174,0.4382268,-2.4126608,-0.31501275,-1.368308,0.9532782,1.5692598,1.2341172,-0.57531667,-0.47158325,0.5284754,-0.3625861,0.19597465,-1.4840163,-1.176224,-0.3251502,-0.59304583,-0.85332453,1.0037742,0.15683144,0.15932286,1.2843647
-3.1389673,0.6077807,-0.02581671,-1.0460534,0.7632213,-0.93506134,-1.1547921,-1.9749254,-3.333706,0.95439416,0.64253616,-0.5026374,0.28231257,-1.9495319,0.03699012,-0.9975768,1.6524148,-0.53568417,-1.4425622,0.37513033,-3.8580291,-3.490305,-2.8629892,0.5785884,-1.140554
-2.9839237,-0.57077146,-0.04042185,-1.1550692,0.59612364,-3.0910668,2.4105687,-0.23573256,1.5376304,0.30616304,-0.65405035,0.12706065,-1.0746778,-0.112217724,0.47286153,-1.1176177,0.92543685,-1.8751236,-0.123367116,-0.15345168,0.97177875,-3.28106,1.795778,-0.14065349,-1.235682
2.716279,0.58280796,0.64631337,2.1170902,-0.008257898,1.2943294,1.1101577,-2.235659,1.4891384,0.55145156,-2.2758138,1.0454816,-0.30971435,-0.895251,0.4804057,0.46466312,-1.4096656,-0.11530596,-0.18530148,-0.115684636,0.6470081,-0.32134065,-1.4951916,-1.6515422,0.30492395
2.5700667,0.7588708,-0.048430897,-1.1102388,0.14399335,-0.1307348,-1.9839022,-0.9339665,-0.38343388,0.11074804,1.305962,-0.15627277,1.8012966,0.8812047,-1.3404207,3.2837567,0.40797913,0.27094996,0.50457495,-0.96980274,-1.8984699,-0.27159327,0.96771395,0.22772497,3.706921
-1.4208847,0.9144939,0.9235771,-1.6128688,0.29123405,-1.2112708,-1.2771086,0.3270281,-0.8521303,0.69387996,0.15512508,-0.24592432,-0.089558095,-0.6680831,-0.5363317,-0.6908803,-1.0451409,-0.83575296,0.8750145,-0.108101144,0.8677796,-1.5722742,1.6201483,1.8385254,-1.9181024
2.433808,-1.2132103,-0.029746355,2.5798442,0.28480333,0.2922197,1.6976074,2.4115047,1.2753024,-0.07714409,0.47911495,-0.10644552,1.3671335,-0.4756422,1.3885636,0.4977255,1.9992542,0.62113297,-3.8413243,-0.063363634,-1.0356299,-2.5303493,0.10738781,-0.17886215,-0.070243284
-0.27221984,1.3191321,0.111109234,-1.3306441,-0.21292695,-0.4711175,-1.9143481,-0.57293,1.3117248,0.5436463,-1.1765523,-0.643594,1.9027909,0.8788855,0.79170907,0.770908,-1.9328527,-0.73782086,-1.4746195,0.008344924,0.65969473,-5.027369,1.1169678,-1.4696171,0.75467616
2.5158892,1.2481427,0.8592747,-0.28931612,-0.39439267,-2.0696623,-0.69026405,0.5549021,-1.284383,-1.2552985,0.6551807,-0.08052006,-1.8669087,-1.7068262,-1.071764,-0.83610725,-1.7401206,-0.035321802,0.41800588,1.3042548,-2.8217242,-0.8755667,0.1414777,-0.13105196,0.84910107
-2.0342784,-0.02853179,-0.92405516,2.088247,0.26830068,-0.80476606,-1.2106327,-2.5931811,-0.54576313,0.22098482,-0.48925304,-0.892482,-0.2482515,-1.6309423,0.28830886,-2.6972027,-0.6884899,0.482423,-0.88820165,-0.30736092,-0.6794211,-2.2285042,0.57449925,1.0766544,1.7110095
-4.583595,-0.92987406,0.43315923,-0.028608784,-0.55143183,-1.0879449,0.48438662,-0.82559896,-0.98539495,-0.588639,-1.5856133,-1.421255,0.6138221,-1.8771865,0.84261066,0.7213147,0.33421284,-0.18859816,1.4489332,-0.083407,-4.3088675,-0.0697419,-1.2849045,2.0759413,0.28638625
-0.9380163,-0.4690314,0.72140944,1.242263,1.0441346,-2.4062881,1.118474,1.7210383,1.9115763,0.22474074,-2.7912796,-0.49105588,-0.2915197,1.195549,1.6980975,-0.98981154,1.4068885,-1.5921397,1.4720035,0.59678614,-0.80661464,-1.0687618,-0.5544664,1.4698429,0.17426282
-0.053918302,-0.52997607,0.2549574,-1.5696759,0.19473027,-0.23599716,0.35459417,0.28347048,-2.4246948,0.3548301,-0.24819852,0.064720064,-0.48855406,-2.4130945,-0.71870923,0.3949909,2.2664983,-0.38100013,-0.3969034,0.92915994,0.38090298,-4.128566,-0.31567705,0.23222136,-0.10628283
0.090131044,0.47910482,0.7783944,0.4209447,0.5118245,-1.8224714,-2.2430942,-0.14029719,-0.98036087,-0.2502685,-0.91884035,-0.44322494,0.27293512,-2.0974908,-1.1783051,-1.2655573,1.4904596,0.1750782,-0.4365896,0.5716272,-1.6587207,-0.9684769,0.60386395,0.21130049,-0.44666636
-0.7223203,0.0388031,0.43946224,0.57262945,0.00143582,-4.4974284,-0.3356928,0.22900945,-0.93018496,-0.66075104,-3.3692932,-3.0910814,-0.9293048,0.26702005,0.27757317,-5.7330036,0.2929225,-0.96631026,-0.20318905,0.12039914,-2.7098398,-2.7044466,-2.6507578,-1.3015105,-0.082706235
0.6810783,-0.6054209,0.28549662,1.7453538,-0.6865426,-5.218393,-0.2570235,0.52616346,-0.086348474,0.50496393,-2.5240803,-5.283765,0.82716584,0.5797128,-0.24136233,-2.914851,0.06284642,-3.8276062,-0.29229322,0.28344876,-0.7326756,-1.1056112,-1.3298191,-2.9552836,0.0806151
-2.8441014,-0.87318385,0.15244706,0.7518258,0.06201276,0.085518956,-0.49685496,-1.5068887,-3.2827244,0.22474074,0.18101305,0.6369802,0.6846488,-1.0664693,-3.8827984,0.56805426,-1.744263,-0.14200616,0.69487846,0.5859242,0.3047716,-3.7990727,0.4369137,0.45243287,1.293113
-3.630363,1.6001197,0.12643781,0.107027955,-0.117495745,0.84260786,1.044162,-0.2798019,1.6818584,-0.1268169,-2.4054174,0.60039306,0.4663983,-0.3183882,0.29980898,0.6783272,0.4854384,1.6647362,1.0826335,0.2576257,-0.59369224,-1.3445187,0.058181807,-1.6634917,0.037253857
0.72234833,-0.15082182,0.6795023,-1.1333337,0.4993667,0.14158341,1.56164,0.37007117,-0.61363715,0.7737149,-0.6917916,-0.006431021,0.36032993,-0.5373272,-1.0466253,-0.6123142,-0.33532608,-0.717101,0.1386543,0.7225896,0.50752646,1.8655005,0.55837405,-0.5259397,2.9073162
-1.5025349,0.8669654,1.1394346,0.70067644,-0.3570044,-0.41107628,1.7749469,-0.14531419,0.16296531,0.61667633,0.5411729,0.38026178,-0.05219376,0.01533705,-0.6278086,0.13369127,-2.5749774,-0.22992235,0.17532249,-0.4258691,-0.81231415,-1.2518041,0.21962416,-0.3483255,2.3164215
0.4318192,0.3757114,0.38617614,-1.0373565,-0.39956138,-1.8869636,-0.06241429,0.7396271,0.6795874,0.46514446,-0.9662541,-1.3861928,0.527663,-0.46346247,0.32863358,-0.4765892,-2.085888,-0.0055684745,1.1386788,0.004264648,-4.0360074,-0.36958852,-1.3497677,2.2241926,0.8676648
-0.52543646,1.0534155,0.5104643,-0.0022102892,-0.68459004,-2.2737017,-0.50452507,0.55158186,0.4654364,-2.9587493,-1.9982481,-2.2223277,-0.17330334,-0.2591799,-0.54918844,-0.9536197,3.1493487,-2.6515975,-0.5023586,1.4597723,0.70260763,-3.0216787,0.23792063,-0.21068817,-2.5827107
1.3986728,0.15679502,0.52382165,0.7835544,0.97472024,0.12947184,0.44537228,0.8944181,-0.31796843,0.07505185,-1.9398158,0.7832327,1.6369545,-1.0525844,0.8978113,1.2769277,0.64866227,-0.15731502,-0.13459983,-0.73582363,-0.95995754,-2.2571373,0.33980882,-0.6739795,2.2700136
0.2231012,0.19508463,0.8249258,-0.76734567,-0.101702094,0.5596682,0.16871095,-0.6262525,0.009696335,0.87075156,2.4639728,0.23745447,1.2311758,1.4489434,0.20758854,1.2903537,0.046314076,-1.1997994,-0.4389622,-1.1239138,2.5722766,0.43907756,1.3065413,-0.19200847,0.63797235
-1.3475424,1.8052919,0.2178903,0.25586644,0.43565312,1.5172791,-1.7488424,-0.81706035,-0.12632108,0.17576276,0.08947946,-0.2564538,-1.9852992,-0.52267915,-0.9570218,1.7530793,-0.19942114,1.3030095,0.52076674,0.052145865,-0.96822655,0.1264643,1.9728123,0.04351625,-2.396636
0.14794698,-4.891978,-1.3998487,0.7210301,-0.96672696,-2.438515,1.1444247,1.1107768,0.48641872,0.27472952,-1.2183995,-1.0869427,0.61216086,-2.5293882,0.49561122,0.63736844,0.60848373,-0.16717675,0.3685397,2.115974,-3.3708553,2.5112631,-2.619545,-0.14569117,-1.1113821
0.32216287,0.08385557,0.93038815,-1.7395936,-0.8128947,4.668164,-0.66213924,0.060529828,-3.3537881,1.0359378,1.5984766,1.1705747,-0.4070743,-0.21247321,0.8499208,1.6766695,-0.43985254,1.7313094,-0.1301,0.004478095,5.3557673,-1.3876451,2.5647066,1.6883414,0.53485715
-2.626378,1.6593369,1.3575418,0.90772593,0.49860263,1.420089,1.9260325,0.51655567,0.8875449,1.8259027,1.2262831,-1.3793322,-1.0691916,-0.5316667,0.06147167,-0.71523356,3.115614,-0.98160857,0.05602926,-0.32589662,-1.214065,1.1939095,-1.3576858,-2.9200406,1.9958318
0.2404167,0.9417207,-0.08305724,-0.20781258,0.5050505,-1.3186216,2.610903,0.46524465,1.401966,0.58320546,-1.301505,-0.105769575,0.8909657,0.41149196,-0.83469033,-0.7721289,-0.64877653,-2.122091,-0.80116284,0.33293208,-1.0898821,2.6916573,1.0649239,-1.363807,-1.113379
1.700362,0.9151453,0.76226646,0.64966464,0.9863389,-0.30732313,0.42943746,-1.2977684,-1.8104995,0.008204645,-1.4738487,-0.9900985,0.5095942,-1.4878962,-1.7823967,-1.1036942,-1.7368696,-0.15798438,-1.0521225,0.004478095,-3.2530084,-1.451896,-0.8160258,2.0558283,2.5788746
-1.3129404,0.6618695,0.2850643,-0.13013309,0.47876075,-1.3093176,-2.3940349,1.7665381,-1.7741613,-0.85052377,0.45247513,0.36768982,0.47436613,-0.45141658,-0.3080973,0.17927407,-2.1999526,0.77262425,0.49223667,-0.20307319,0.8701449,1.6113572,0.5170764,1.6511205,0.692339
-2.440813,1.2864019,-0.019387549,1.18042,0.90715307,0.13529384,0.63406485,0.61136734,1.0837498,0.15880437,0.30890214,0.42418066,0.9478633,0.54679894,-0.6937666,-0.502478,2.725556,0.061140493,0.69931275,-0.27772596,0.8148699,0.2659428,-0.41911474,-0.33453807,-0.4897598
-0.03256017,-0.056082428,-0.12146001,-0.32391664,0.062558755,0.1273647,0.64133483,0.8095343,2.1014245,-0.17850815,-0.53119576,-0.08656849,-0.0062522143,-0.9942007,-1.2182795,0.929111,-0.88443846,0.1812971,-0.9477396,0.16277732,-1.3332648,2.6571221,-0.6109359,0.69620264,-0.024280056
1.3163869,-0.24617797,-1.6991099,-0.14728037,-2.9664888,-0.524505,-1.030941,0.055417538,-0.576375,-0.02333051,-1.4699891,-1.4320741,0.14894092,0.49708563,0.4803849,-0.057138346,0.96271724,-0.5978051,0.86520904,1.2483573,0.10310359,-0.30250278,-0.80737925,0.513885,-0.97214603
1.4833697,-1.9742303,1.2831376,-2.5786467,0.78020316,0.5497377,-1.2276754,-0.3558359,-2.9656868,0.3729976,0.9671777,-0.49808937,-0.12300831,0.24019659,0.09112984,-0.60395604,1.988168,0.4089399,0.32284674,-0.38788405,-0.4073305,-3.2846851,0.14025289,0.48845774,-0.1896174
-0.6346768,-1.8078394,0.69646895,1.5880877,0.97472024,-2.0365005,0.6839209,-2.6104531,1.8719294,-0.09961696,-1.3120569,-2.1073563,-1.8798326,-1.230036,0.11894405,-0.7068851,0.721481,-0.8021434,1.3972769,-2.0903597,-1.0509752,-1.2267705,-1.1463718,-2.3265634,2.1721334
-0.40018004,1.8525653,-0.014683755,-0.4444157,0.28692034,1.1108127,-0.65099704,-2.2355542,-2.6823974,0.5377629,-1.0935578,-0.79398936,2.6873906,-1.4854695,-1.7738706,-0.18711688,-1.7034254,-1.0055298,-0.48209885,1.0582323,-1.0272992,-2.3330631,1.1169678,-0.99126494,0.34997717
-2.334112,-1.1139115,0.09029105,-1.4704306,-0.2774155,-0.15329517,0.030704342,0.20172316,0.012929857,-0.15303408,-2.6779585,-0.5327937,0.694539,-0.078153014,-0.60332966,0.1903801,-3.240781,1.5528859,-3.452647,-0.52923924,-2.4628782,0.035945922,0.05230871,-0.8432011,-3.060307
-4.8781343,-0.6421621,0.22418514,-1.644265,0.35617116,-1.666953,0.8181341,-0.54521376,0.16247272,1.0642071,-1.0437229,0.09827536,-1.2713557,-1.5744903,0.33764666,-0.10426521,1.7940974,0.7643866,0.81156456,0.4013055,0.38912103,-0.88482165,0.34923187,-1.14058,1.0849568
0.5373152,-0.83147013,0.009400174,0.53271353,-0.23568247,-0.65607995,3.0615358,-2.1719296,2.6660116,0.49452358,-0.03393686,1.2848417,-2.3311765,-0.3540802,-0.34557906,-0.047186647,-1.2209215,0.09984575,1.1025547,1.2429329,-1.2964281,-0.97245103,-0.15389729,-0.45697713,0.5214592
2.5795674,0.42137313,-0.11258725,0.5430457,0.55049133,-1.0450623,-2.6889539,-1.1628008,-0.15252677,0.31707603,-0.9912986,-1.1207931,-0.40935075,-0.027165055,-0.573157,-1.0651357,-1.6570129,0.52615416,0.58729815,0.31234905,-0.96599823,0.49670833,0.03339781,-0.8950605,1.7091541
-0.08431852,2.1775103,0.72140944,-0.21973461,0.07039295,-1.1171978,-1.5399678,-0.052205026,-0.31646827,0.36235267,-3.9994898,0.04611373,1.051297,0.8065894,0.26961374,-0.2457694,0.7362864,1.0142454,-0.499738,0.36499557,-2.7578464,-2.9041142,-0.91041017,-1.3936658,-1.8366101
-1.6904101,-0.46911377,0.7204923,0.43907616,-0.07271409,-0.506362,-1.0464429,1.2284541,0.23565967,-0.32173964,1.3514698,-0.29030594,0.66042256,-0.90925854,-0.84425825,0.32245478,-1.30434,-0.6314212,0.07038191,1.7814441,3.4734929,-2.2864876,1.6888129,-2.294754,3.2223628
1.9220374,1.4596609,0.89764607,0.31125897,-0.061494574,3.4745684,2.6572592,0.32435414,0.509562,-1.5432371,2.4270327,1.6677188,-0.5864206,-1.5452836,-3.6704168,1.5151951,-1.9208401,2.5090957,0.50901437,0.5286591,0.80945796,-2.8634772,2.0014176,-1.1611079,-1.4062889
-0.021066457,0.9915773,0.53077435,0.030569494,-0.08523752,-1.1050452,0.94672275,0.16778332,-1.7468401,0.100083426,-1.1452774,-0.4824581,0.4877705,1.6405156,1.5534935,1.2609969,0.46592772,-1.6001042,0.73444825,0.29795665,-0.7754609,3.8908334,0.016465366,-1.300322,-0.9036702
-2.6325834,-0.9105986,0.06965402,0.94789577,-0.21130326,-2.8169293,0.37262225,0.23430231,0.64831865,-0.5693825,0.21270117,0.21518125,2.179974,0.66431534,-0.80712235,-1.3981344,0.7565662,0.0859441,0.3548203,-0.40113053,0.9256734,-1.0178845,-0.95991576,0.93979216,-2.4768713
1.0592313,-1.0460004,2.4305546,-1.3324671,-1.2341814,1.4935459,0.44606143,-3.4172015,0.6706588,0.3832082,0.089401215,0.022379845,0.57618916,-1.5996239,-0.58921415,-1.5780959,0.8624333,-1.2311102,-0.28551075,-0.27645102,-1.1959318,-1.4373056,0.4044439,-2.4183397,0.7975557
-0.27049708,1.7351365,1.2005498,-1.0889101,-0.43227592,2.0972598,1.9661248,0.72483575,1.101104,-0.23638369,-0.75486773,-0.4367793,-0.0020835698,-0.45792526,-0.8671518,-1.2909036,-2.8439515,-0.94741684,-0.074315466,-0.36402464,-0.75385094,-1.4457773,0.58950263,0.77109665,1.100866
1.6100674,0.13971198,-0.074232854,-0.14111233,0.41881144,1.4560702,-0.5027319,1.2005754,1.6214639,0.62370867,0.6550055,0.5200937,1.2701942,0.095842004,0.36495513,0.54792994,0.14179742,0.7393899,0.46558487,-0.56026965,0.7893267,0.45626104,-1.1967204,-1.8219584,0.5161202
1.73494,0.14171511,0.16847928,-0.72780514,-0.13174097,-0.0104010105,-1.2185254,-0.9480948,-0.78521836,0.24280834,-3.7592895,-2.8445845,-1.3537284,-1.6997674,-2.322458,-2.4054806,-0.96225774,-1.2392884,-0.47355425,0.3517558,-0.41684872,-0.6075976,-0.88823116,0.40999937,0.7857819
-0.7839757,0.59786606,-0.15803598,-0.2950186,0.6080393,-0.5971563,-0.42049128,-1.3007597,1.3568661,0.68855006,0.732498,-0.31363153,0.5729158,1.8567165,2.1872036,1.2030101,1.0369035,0.008316147,-0.39571765,-0.80421686,0.8381233,1.1868649,-0.64393485,0.12983494,-1.7746207
-0.18712032,-0.7676859,0.45172858,1.125311,-0.21061033,1.2068396,0.5303363,-1.5615454,-0.54679406,-0.11344111,-3.0302968,1.1245575,0.37536427,-0.43868852,0.19938976,-0.6498542,4.28263,-0.29399365,0.39521003,-0.097000934,-0.06554514,0.28245866,0.5658244,-0.26169392,1.2922987
-0.63929296,2.3783305,0.2293571,-0.3039956,-0.10346259,0.3608821,0.08111968,-0.6093693,-1.8516325,0.5991733,-1.8097842,0.015097305,1.071748,2.3819737,0.95447373,1.3832188,-0.5923941,0.8406877,-0.009984516,-0.35528007,-0.010807596,4.851818e-05,-0.71628857,0.601057,1.5540373
-3.130525,0.38622448,0.92591083,-0.0734588,-1.5496085,-0.14774683,-0.32475978,0.99232787,-1.0371275,-0.39834312,-0.673684,0.22924834,-0.85174096,-0.9557437,-0.4264781,-0.6576903,0.43265775,-1.1301727,0.14273143,-0.34762147,-0.25393346,1.2232003,-0.4933107,-0.5022864,0.9839362
-2.3696108,0.29694152,0.90048325,0.16473138,0.10077234,1.161746,1.6353598,-0.17607746,1.5771282,0.19079107,0.09353786,0.0881429,0.7031069,-0.8772751,0.21228866,0.19990733,-1.7764555,-0.0547148,-1.4746195,0.3453177,-1.43081,0.9846455,0.46310735,1.127003,0.9593201
1.969739,-0.017559499,0.42231375,-0.91051275,0.0010407772,0.23866683,0.23176348,-0.6056997,1.6950657,-0.16023293,0.6171672,-0.6517143,1.3893534,0.281185,0.30511835,0.6434683,0.7909453,-0.8690531,-0.067204215,0.2197963,-1.6673803,-0.08207011,-1.889874,-1.3411711,-1.8463094
1.5217781,-0.34841862,-0.22525422,-1.1447742,-0.1625241,-4.24188,-0.7175873,0.2017341,0.037809044,0.19043502,0.20454377,-1.8412399,-2.0783284,-0.010663718,1.4698482,0.22545269,0.28971753,-0.96332705,-0.53449035,1.0451828,-1.4081597e-05,-1.9718018,-2.0006447,-1.0935342,0.6012975
-0.67258245,2.3223987,0.21264756,1.0744865,0.06863111,-2.755834,-2.3690639,-1.8744073,-1.2049761,0.46874392,0.41744015,-0.2229557,-0.65112126,0.004803419,0.589503,-0.4227009,1.1152081,0.23530158,-0.0054045054,-0.27431864,-0.79572123,-4.130506,-0.44047904,-0.08170614,0.16795063
-2.8250866,1.6989453,0.046583388,-0.34218746,0.0025202502,-0.716882,-0.73209524,0.6577786,-0.31927115,0.32137385,2.0923145,-0.080457225,0.65755534,-0.21246928,-0.7411082,-0.24383236,0.30620024,0.48708606,0.2665176,-0.4258691,-0.62711865,-3.9704943,-0.22559828,0.7006112,-0.45923108
-1.5421408,-1.2028348,0.24337809,-0.18725276,0.06643348,-0.23417374,-0.5053779,2.0820537,2.310022,-0.5693825,0.69489413,-2.0535066,-0.463666,-0.7655756,-0.6837645,1.9725438,2.1163454,1.0904636,0.50419897,0.33276555,-0.11386119,-0.8030796,-0.063804716,1.5633814,-3.3670177
1.6001248,-2.1499887,-1.5817736,1.116138,0.48204833,0.9341284,-0.6308346,-0.07878385,0.7292539,1.5510298,0.12457758,0.20521991,0.35682553,-1.1194506,-0.918932,0.006005004,1.1708632,1.059179,0.9859382,0.26287514,0.5328288,0.13376,-0.86521655,0.2851913,-2.856041
0.19677186,-1.2527869,-0.45374635,-1.6086924,1.1110297,-1.2741687,-1.6721437,-1.6128905,-3.1779785,0.6836502,1.2339265,0.2297562,0.19306085,0.3677972,0.789328,0.82601637,-0.054850385,0.21572468,-1.073066,0.1478417,-0.35115322,-0.59401006,1.2161846,-0.14737087,0.9333582
-3.1484027,1.0087295,-0.42396975,-0.2964421,-0.37341768,2.303094,0.60046893,-0.8879984,0.11270256,-0.2190497,-0.053315885,-0.47561637,-0.9133644,-3.2821298,-0.044677436,0.5127504,-1.0470952,0.8722309,-0.9940871,-0.18340318,1.3854778,0.9710866,0.00606817,-0.8594334,-1.6082783
0.6398457,-1.0228398,-0.18484348,-2.1190538,-1.0889977,1.2399598,2.2122989,-1.7609322,-0.77645075,0.26919192,2.3371296,1.3804507,0.7607552,-1.1910377,0.568226,-0.65597093,-1.5650786,-0.36623526,0.96730894,-1.0006586,-0.4466565,3.3767252,2.934109,0.48861063,-0.4372679
0.21971013,-1.4139668,-0.1002155,1.1779914,0.59075254,-0.28240597,1.8446786,-0.84838974,-1.2573974,0.07801713,0.3376649,0.13824996,-0.48644364,-0.6480852,0.6505866,-0.04432994,3.3747468,0.8723799,1.3966675,1.4133976,1.4845517,0.09432429,1.7059617,2.0092492,1.3174744
-2.658026,1.0515208,-0.18382761,-0.088644,-2.242606,-0.070634246,-0.6221521,-2.4438581,-0.40746203,0.88666046,1.6577935,1.4929402,-0.7117284,-1.2298244,-0.4648708,2.4992123,0.15413842,1.3020209,-0.51872164,-0.9059674,2.3406777,0.18447155,0.17038515,-0.98355186,-0.8726629
-1.2752178,-0.31773132,-0.30999956,-1.8686897,-0.0018586386,-0.79563385,1.2111021,1.0604928,2.3273764,0.25798348,1.4909704,3.2490711,1.0288374,-0.01574719,0.31048125,1.6146185,-3.0249424,1.8237625,-0.99360645,0.0098207155,0.8219892,0.62998194,2.053867,-1.7690548,0.43244585
2.6551576,-0.035005152,-2.836142,0.65063137,-1.1445606,0.5258733,0.21999411,0.03913015,1.0194244,0.21607196,-0.3385182,-0.38871223,-1.1700552,-2.7411768,-0.01698494,-0.10661198,1.4691678,-0.35233778,1.1025547,0.47647172,0.87365925,-1.771503,-0.35586464,0.6952198,-1.2505801
0.8013527,0.050924778,-0.7502943,-0.3842799,0.30795193,2.0481567,-4.603168,-0.15597889,-3.160967,-3.5846813,-1.0242412,1.5874937,1.1609758,1.3747363,-0.23475829,1.6819397,1.390742,0.5128043,-0.37282363,-0.20293958,-0.264956,0.10522348,-0.29224646,-0.3103019,-0.75438696
-1.8555778,-2.1330273,-0.12980753,-1.1860313,0.21248998,1.1662205,0.27468735,-0.325644,-3.0719154,0.0366202,1.7090828,0.4365295,-0.6077677,1.2552885,0.50201964,-1.8650947,1.3451806,0.8753178,-0.17872413,-0.15566783,-0.3736849,1.15566,-0.26129925,-0.57454354,1.5521861
0.23857689,0.59999895,0.045378756,1.1852946,-0.53119594,-0.44669604,0.62835574,-2.7866347,1.4597745,0.55863947,-1.7798966,-0.49722734,-0.15522856,1.5059707,0.3763541,-0.22676852,0.3427633,-0.67392313,1.2463081,1.2535672,-1.4927669,2.4941893,1.0820618,-1.196604,-0.23008466
-2.2026935,0.8527264,0.00911813,-0.78948164,0.30628288,0.8332856,0.6680165,1.1270351,-1.497076,0.4451594,-0.282818,-0.40203434,0.56625295,1.1416831,-1.8826995,2.7007754,-0.4500211,-0.45917118,-0.985647,0.6683722,1.0379348,0.34987646,0.95833355,-0.015495479,0.8978654
-0.12503809,0.39661917,0.19161522,0.3199232,-0.19684033,-0.31254452,1.4142551,-1.6419164,0.26719666,1.030557,1.6436019,-1.8912555,0.25273678,1.2081805,0.24246284,-0.7482098,0.050034165,0.96076035,1.1025547,0.4668476,0.16512269,0.94237214,0.27426338,1.8389733,-0.4427266
-0.2930622,0.8705596,0.7651565,-0.17152822,0.55385387,0.5664727,0.59209037,0.45695686,0.49085256,-0.82081634,1.4375908,-0.15156424,0.015536845,0.10456157,1.214816,0.42062157,3.2249198,-0.5954938,-1.9355016,-0.10493095,-3.0881567,-3.1988554,-0.14337124,-0.3197621,-2.7381463
-0.44243258,-2.1889875,0.73781997,-0.8965861,0.47739998,-2.5450523,0.19861062,0.04637268,1.2506448,-0.3258913,-1.2234778,-0.5986536,0.45487094,1.3593858,-0.52701735,-1.2923274,1.9623945,-1.1746395,0.16660851,1.0332695,-2.4368584,0.3358283,-1.6993284,-2.4875307,-3.5211835
0.7264159,-4.022799,-0.30907995,0.2427038,-0.55956817,-1.0595583,-2.3232074,-1.6556674,-0.905633,-5.8453307,-3.0680747,0.71479946,0.31571347,-1.7577282,-1.4877063,0.36479366,-2.3450904,0.14701092,0.14694782,-1.6424825,-1.0256195,-3.5816262,-0.3285438,-1.1493968,0.09827517
-1.7057444,1.9891882,-2.6230016,2.1799083,0.061066568,-1.7625356,0.596117,-1.2761924,-2.4415755,-0.18126683,-1.5911777,-1.9448063,0.69604164,1.3628896,-0.98835766,1.5227116,-0.9129343,1.155834,-0.75504375,-0.35528007,0.40930372,-0.096559286,0.06346744,-2.2336903,2.931942
-3.751613,2.0663419,0.86492205,-3.3355982,0.34070083,-0.07375613,1.6592087,0.023489356,-3.6343133,-2.18812,-1.7737348,0.374291,0.6091986,-0.31074917,-1.4924575,0.15298553,-2.0265515,-0.24691871,-2.5505629,-1.4269184,-1.3209277,-1.1343993,-0.65005285,0.59566194,0.109547466
-3.0298748,0.52899677,-0.27696383,2.510289,0.45182005,-1.4471812,3.035854,0.122879386,2.2067325,-0.19759591,0.11602405,-0.53166604,-0.74427986,0.27171263,-0.13956942,0.74468756,-2.3013835,-0.33012468,0.73799974,0.15740381,1.107551,-0.15219969,-0.30890265,-1.1734499,0.5006468
1.4598345,0.43433928,0.15244706,0.72810787,-0.13174097,2.1118321,1.2427144,-0.99616396,0.32044002,0.3548301,1.58447,1.6047778,-0.08471125,-0.32708374,-0.09151125,0.9352738,-0.05346912,-0.80362725,-0.39571765,0.21458605,1.5350757,-1.3608544,0.3022661,-1.2033715,-0.50285244
-0.14692774,-0.69743055,-0.30907995,-1.7574525,1.1673868,1.5157284,0.34081027,0.39870495,0.7680764,0.82736754,3.5343928,0.8800102,0.3441826,1.1242073,0.9131981,0.65786636,-0.5074296,-0.6307486,0.64598465,-1.0906336,-0.98524606,2.070499,0.31371945,-1.0516837,-0.119236164
-0.5727743,-0.18092425,0.009400174,1.4643068,-0.038940288,-0.8507276,-0.51077265,0.8704769,-0.9098503,0.4470184,-0.49665815,-0.703269,-0.49403596,-0.35691702,1.4699686,-3.7485688,-0.20592546,0.67256594,-0.19915621,-0.69540983,-0.66206217,2.5611076,-0.12885582,0.90183467,-1.3401312
-3.332738,0.60317767,0.64561886,-1.8508987,0.33794972,-0.080004014,0.14617431,-3.9344978,-0.4614064,0.23411608,-0.53814864,-2.389889,0.007549554,-2.0306776,0.24198353,-2.598284,3.8168192,-0.10207756,0.19386879,0.5414447,-1.17532,-2.1877415,-0.26927903,1.9265604,0.32220763
-1.2374667,0.37150276,-1.8093544,0.7624346,0.4993667,-3.2093325,0.3605221,1.4461304,1.5258092,0.81462777,-2.4594524,-1.3166056,-1.7154541,-1.4927033,0.110024534,-0.4319597,1.0183152,-0.9320084,0.39521003,0.78031844,-3.8100314,-2.6531796,-1.5939138,1.3845769,-2.183493
-0.29998565,-1.7653291,0.5026171,-0.9060221,-1.67152,-2.3993845,0.21633247,0.6465001,-1.4075704,0.10193981,-0.23367608,-1.8461883,0.79002404,0.919081,1.47982,-3.3771167,2.0632534,-1.8887659,-0.26335984,2.3814502,-3.2889042,-0.82511723,0.008565739,0.36141086,0.7561742
-2.1948166,-0.3225013,-0.92405516,-0.50541747,-0.10216367,-0.9909047,-0.3097199,-1.3575318,-0.52263284,-2.515301,-0.52764493,0.123945296,0.66816986,-1.6662997,0.34637403,-1.3093272,-1.6353416,-1.3018024,-0.26938128,0.20435895,0.20242178,-3.9419866,-0.3557566,2.7851386,-3.5271087
-1.9172108,-3.7588897,-0.4541846,0.38870066,-0.101952165,-0.912518,0.8243066,0.27913606,-0.4843439,0.71960515,0.027806222,0.13578476,1.1019721,-1.5632855,0.38286626,0.71119356,2.2504752,1.1087298,-0.9073785,0.2544537,-3.1776445,-3.3700042,0.23856926,-0.9102531,0.96901166
-0.8361696,1.431335,0.3414374,-0.7666118,0.4361027,-0.757016,0.4864598,-0.42559594,0.2460016,0.948742,0.8334198,-0.22251618,-0.7699818,-1.0988313,0.07180726,-1.2858554,-3.9151,-1.458366,0.22939503,-0.061296724,0.86327595,-1.6086557,0.090402246,-0.4947107,0.15278956
2.862666,-0.025936604,-0.11208256,0.8172858,-0.8025608,0.72063506,0.4436637,0.69513345,1.5651697,-1.1195606,3.1842396,0.46484625,-2.675833,-0.6591608,0.56407714,-0.4753678,2.1281166,-0.43335915,0.8430064,0.50643426,-1.0169373,-0.306078,0.3975758,-1.6171331,-1.2113357
0.88892037,-0.9022131,-2.0840688,-2.0103378,-0.044626705,0.72001046,-2.2247605,-1.1424636,1.3247437,0.027563777,-0.93417066,-0.048444413,-0.32639134,1.3893188,1.3674477,0.08479644,-2.9515638,-1.4816679,0.051172525,-0.27665493,0.562021,0.94395846,-0.08746219,-0.13207014,0.9493804
4.094575,1.23628,0.04633556,0.82136667,0.5361504,0.12829842,-2.2655418,-1.2382057,-1.764491,-1.4087884,1.0828074,-0.43634054,0.031197995,-1.3204077,-0.25833547,0.18332309,0.46363133,0.17774615,0.30708194,0.52852696,0.18705532,1.4843435,0.786079,-1.1053874,1.356713
-0.44637227,-0.123686194,0.66643983,-1.7295535,-0.046396166,1.6086707,-2.4464974,0.2068227,-1.0500331,0.21011604,0.9058105,-0.33037198,-0.03989902,-0.71807295,0.79851973,0.3261956,-3.0664005,0.7085322,0.0013634299,0.070531085,-1.4862711,-0.7774216,-0.14571446,0.13109933,-0.6125714
-1.847893,0.22813708,0.07061442,0.5822149,0.7108212,3.4770103,-0.43983287,-0.045732766,-1.9859288,1.1646693,-0.6473259,-1.1051496,-0.46024287,-0.4494018,0.3809238,-0.7925302,0.9025473,0.43783477,1.0135862,1.3315403,-0.16421127,2.2127209,-0.51741815,0.19864789,0.5733663
-2.7170925,0.8472829,-0.15842296,-0.6542555,0.06201276,-0.86582744,0.5726317,-0.54504037,-1.0075324,0.52326715,-0.06286399,-0.27085525,-0.6144329,0.60652554,1.3311974,-0.4717027,0.86925435,-0.121295005,-0.020770483,1.0167587,-0.1571663,1.3728251,0.12035851,0.84309256,-1.6095325
-0.63337976,-1.3373243,0.32957333,0.15557449,-0.32497382,1.2784133,-1.4819903,0.32084873,1.4595776,-0.84849423,0.472526,0.50152946,-0.5880936,-1.3705001,0.273317,-0.0055812597,3.7657619,0.5727137,0.83603567,0.11449236,-0.17077753,0.9182024,1.524868,2.191006,0.39049196
0.6940111,0.3609764,0.3676922,0.82488245,-0.16382316,0.31685048,0.97609895,-0.074105084,0.010715082,-0.21764828,-2.1693368,0.38611537,-0.2795332,0.1317991,0.07684658,0.5878854,0.23717146,0.013534062,0.42028475,-0.061296724,0.548271,-0.0711723,-0.112778425,-1.9101138,-1.8934267
1.5560646,-2.8779633,0.32073173,0.31217173,-0.19684033,-0.51307136,-0.5508548,0.44560683,-0.5482419,0.71960515,-0.7226019,-0.011365294,2.2149205,-0.18211305,-2.5022843,-0.76179343,-3.208226,-0.7028362,1.4331634,0.34358054,-3.6967838,-2.0820003,-0.07540347,0.6626146,0.60956675
-1.4689544,1.5110221,-0.11208256,-1.8527148,0.29123405,-1.1065263,-1.9022824,-1.1330045,-0.44522732,1.5510298,-1.8569562,-0.4109126,0.5870596,-2.804103,0.7680557,-1.6155435,1.1063682,-2.7736692,0.031938184,-0.7576704,-0.20021836,0.41982627,0.008565739,1.3155485,0.48615032
0.12059519,0.50254434,0.31151184,1.8043581,0.11236482,-0.282911,1.0499533,0.989732,-0.4547453,-0.15760854,0.61823493,1.9064746,-2.3448915,-1.2431731,0.6193421,1.2273879,1.1042695,0.22807756,0.663825,0.33361086,0.04531783,0.2954582,-0.19103444,1.2739015,1.6154038
-1.7855477,1.1326995,0.27337435,-0.57125175,-0.30006686,0.0575974,0.43289366,-1.1497796,0.67577285,-0.054536875,0.52056646,0.6496395,1.3163261,1.3070996,0.13737285,0.6861155,1.880311,0.1956493,0.54904467,0.05834904,-0.20175922,-2.8605576,-0.39400852,0.56436485,0.6204691
3.02237,0.21110535,0.03639268,0.11410481,-0.32226098,1.0065243,0.39701265,0.014519528,1.3531063,-3.3023887,0.15018553,1.1778771,0.42759013,-0.7102579,-0.33821118,-0.79919845,2.15945,0.9075465,0.48368993,-1.5265341,1.0770781,1.2747992,1.0271538,-0.76391906,1.9446656
0.56889343,-0.95953417,0.053242464,-0.9749011,0.34944138,0.008678392,-0.026728034,0.09870972,-0.5623638,-1.6159197,0.07982848,0.052266993,-0.27165955,1.7697445,1.1284657,0.7384101,-3.0676265,0.55678034,-0.27727,3.5318289,-0.38224235,0.5609913,0.012125604,0.15941732,1.0044688
-0.57647014,-0.8217136,0.07061442,0.37805828,0.061066568,-3.369174,-1.0603327,0.06925137,0.24795361,0.72144264,0.22844875,-0.3650345,0.19416109,-1.0216295,-0.5636988,1.2357814,2.620488,-1.0160003,-0.7028145,0.2576257,-0.85913515,-1.0096192,-0.47493732,-2.702448,-0.39070016
-0.36809263,-2.0641823,0.2439493,0.31968412,0.31232208,-0.8183308,-0.2877949,-0.30036616,-2.099369,0.42116582,-0.26982188,-0.269761,0.02875372,-1.0921994,-0.6057329,0.5679488,-2.1842933,0.10050657,0.08693409,0.13916534,-0.97125876,-1.6141888,-1.3921819,-1.0450794,-0.5410182
-1.8541558,0.055665135,-0.13927427,-0.52103424,-0.4017369,-1.4526727,-0.14827242,-1.7538141,0.9307959,0.6534995,-0.08990495,-1.7069347,0.5247743,1.1754025,1.1614,0.24659681,1.7691553,0.514004,-0.1929706,-1.7265819,-1.2510048,-0.95306945,-0.1954301,-1.1678964,0.28387797
1.2262467,-0.4690314,0.78076226,-1.6535926,0.7531294,0.6553289,1.2499996,-0.672614,-0.06669429,0.48898342,-2.151015,-1.0526973,-0.25739613,-1.623616,-0.8299732,0.041734874,-1.6491777,-0.41835073,1.2423002,0.12163274,0.5052509,0.15097284,0.33184123,-1.2723923,-1.7425753
1.5405304,-1.8505435,0.2850643,1.6680406,0.64056057,-1.4618889,0.8387914,-1.3984828,-0.62381685,0.08696808,0.71956015,2.026235,-1.6504498,-0.8253747,-1.9095895,-1.5865647,-2.8978834,-1.0550816,-2.7472515,0.30331331,0.91008145,-0.7431656,-0.9662279,-0.70877314,0.57424796
-3.4587069,3.205448,-2.9645076,-0.48377115,-0.4799517,0.3671823,-0.21540323,-3.9026031,-2.0763488,0.79799896,0.10927278,1.6080171,0.5609871,-1.3869287,-0.4869963,-0.4930851,-1.2009333,0.5704765,0.61400974,1.1626536,0.4771061,-1.9423037,1.3672996,-1.7231461,0.78243446
-2.5168278,0.0069675446,-0.5398178,-2.540179,0.20427197,-0.77503747,-0.995224,0.33600092,-2.7679555,0.43338883,-1.3528237,-0.5451633,-1.9554888,1.3483173,-0.6489315,-0.65165895,-3.4834895,-0.037569866,0.026575752,0.0129552735,-0.75703895,-0.70430386,0.51494694,-0.3154817,0.0898515
-1.4998435,0.6278862,0.69638646,1.4828354,-0.87778914,-0.06968424,-0.07911365,-0.8942044,-0.27545327,-0.33101454,0.7991989,-0.38779363,-1.7926632,-1.2980219,-0.68122566,1.4439508,-2.2816586,-0.6656912,-0.3275248,-1.0334623,0.33929616,1.7957543,1.1595323,-0.08473612,0.3057744
-3.5897021,-0.26138607,0.28935626,1.7794597,-0.51809263,0.8062043,0.81317353,-1.110962,-0.657658,-0.35798088,-1.1202419,-1.4444802,0.72753716,-0.30550808,-1.002836,-1.0165821,0.76513445,0.19243361,0.2665176,0.055120617,-1.7198286,0.038496062,-0.023086136,2.0142274,-0.20636693
-3.4985547,2.8109965,-0.6504007,-0.94720984,0.07999689,-0.34876832,1.4821892,0.8885587,0.9472533,1.1646693,1.2821851,-1.5449114,0.7994431,-0.03401041,0.9134682,-0.23450543,-0.13933408,1.0915325,-0.48901185,-0.5651859,0.9847749,2.2823904,-2.1091049,-0.88171047,-1.7766647
1.5747563,-0.33169657,0.3451546,-1.9178178,0.83958423,-0.16340101,1.1660081,1.3749907,-1.5226583,0.8187969,0.054446578,0.07539958,-0.18793038,-0.5703543,0.3914188,-1.1831486,1.1034108,0.004079163,-0.44683346,0.042365815,2.0115118,-0.37068895,-0.22555512,0.80580366,-1.7681752
1.0035384,-1.0993505,0.4047744,0.9694166,0.024981316,0.6375389,0.5220343,-0.41478345,1.8314147,0.43469685,2.047198,0.80394757,-2.3448915,-1.3103493,0.7252906,1.8273524,1.8631585,0.77681684,-0.43749562,-0.30895,0.3216331,-1.1293457,0.43703675,0.9915049,0.8859453
0.19901478,0.76770663,0.117954,0.33696043,-0.78398496,-0.29861972,-0.4446913,-1.8515648,0.9238582,0.6076113,1.0978435,-0.4965928,0.289047,1.9534929,0.4842829,-2.4203496,0.4790419,-0.37702024,-0.6137657,0.61139035,-1.3612863,1.1809051,0.5709229,0.2705118,-0.6377965
1.5901718,0.22202486,1.5043595,-0.38750187,-0.23516215,-0.049595475,-1.3569175,1.4968157,0.78342175,-0.5727205,-2.8270657,-0.9947769,-1.3167535,1.248777,0.21923898,-0.2674809,-0.08605409,-2.2366667,-0.18914996,-0.4420683,-5.2714934,0.37693822,-0.066013664,0.31396234,-2.7876983
1.6377016,0.29392624,1.1989927,1.3687856,0.119689286,-2.8879375,-0.47403365,-1.261353,1.0523082,1.5510298,-0.44463742,-1.1203668,0.25770926,0.33996183,-2.7106733,-0.4980395,0.53044873,-2.3310142,-0.3251502,-0.21320613,-1.18655,1.2430333,0.5718586,2.6031783,1.534034
-2.002936,1.4548688,0.57997704,-1.9953938,0.023973126,-1.5256934,0.010036886,-1.7038455,-2.721173,0.15046535,0.07368487,0.07555807,0.51719207,-1.4534221,-0.020871557,1.5267799,-2.28006,0.15376383,1.3773638,-0.44272405,-0.49572736,-4.5191746,-0.06639284,2.916347,-1.7382716
-2.1538815,-1.7958663,0.56597596,0.36199832,0.27944335,-0.42906362,1.5534364,0.57633805,-1.2568979,-0.5938707,-0.18519092,-0.29202047,0.6711121,-3.1578667,1.0986483,-0.2941531,3.6597455,0.21436425,-1.2785758,-1.0087789,-2.0538857,-1.2679396,-0.87468296,-0.63812757,2.1687686
-1.9594854,0.9076985,0.51813865,-1.047059,-0.015412891,-0.79349566,0.74449825,0.2456887,1.6327529,-0.8905351,-1.2345465,-0.2534299,-0.30345097,-1.0298895,-2.0141466,-2.1205525,-1.6717823,0.39819285,-0.10329514,-3.3423603,-2.6362023,-1.3252969,-0.8675366,-2.0373125,-0.11690478
-0.0037884414,-0.4350935,-0.18046744,1.1673307,0.17757942,-3.756786,0.62602997,0.19285196,1.821914,-0.47471467,-5.0709567,-3.218783,-0.16738245,0.16005822,-2.5609684,-2.3810081,0.21863174,-3.173339,0.63266736,-2.4311543,-0.83357906,0.028182983,-2.9503524,-1.0032874,0.7823266
-1.8836792,0.041940987,-0.18382761,1.3999088,0.28424296,-1.0993551,0.489662,0.5555344,-2.5512524,0.29219878,-1.1876355,-1.359131,0.29674542,-0.4420153,-1.136079,0.94050646,0.6871532,0.18832698,0.39342386,0.16277732,0.48835668,-0.700867,-0.2511977,-0.16485181,-1.9756565
-3.2957754,-2.2664962,-0.40661588,0.16080904,1.0347168,-0.25144324,0.38867983,0.22970861,0.30121404,1.1106458,-0.054816723,0.0015071929,0.8319043,-0.3381009,-0.35944796,-0.6724672,-2.1687343,0.20105568,-0.06380596,0.17176895,1.7814572,-0.9431013,-0.2660421,-0.42873198,-2.103764
2.2443204,-2.098218,0.47867116,0.30097553,0.48342,1.1774545,0.8669487,-0.119664565,1.4400187,-0.42440525,0.18351838,0.42554224,-1.3867987,-1.0913185,0.24984825,0.7604257,0.7489608,-1.0869699,-0.80116284,-0.8955683,1.0727035,0.95871377,0.020059701,-1.1043819,0.13207483
1.8609143,1.0691061,0.7591752,0.42750195,0.18516198,4.358412,-0.6923015,-3.4612038,1.0750492,-0.4084349,-1.0777781,0.18176425,1.3675197,1.2490965,0.14458364,1.3995725,-3.3127413,-1.4410189,0.28632167,0.6571792,0.6328424,2.0146606,-1.4523239,0.53365827,1.6637754
0.8577457,-0.32218838,0.31495655,1.0695622,0.49163038,0.8295238,1.4563301,0.10872598,1.0714996,0.81462777,1.2590684,0.47533426,-0.4302545,2.010009,-0.79013455,1.0177114,2.091644,-0.39693323,-1.4553808,-1.0006586,1.4766755,1.4502814,1.4690251,2.131856,1.1824646
2.311439,0.68756473,0.65546376,0.0012569427,-0.29756254,2.217114,1.1858146,-1.0480337,0.44308734,0.7623111,0.17544532,0.59886867,0.12612006,0.60143816,1.1933142,1.0051671,-0.10914421,0.20198777,0.22785686,0.055120617,1.7020043,-0.86328596,-0.07006621,0.7627964,0.26062313
-0.48387754,-1.9856539,0.42231375,0.51354146,-0.19280757,-2.4773538,1.6333709,1.5741211,-0.8055332,0.5621618,-1.3268266,-0.19061814,0.4063267,0.81230646,1.2926439,-2.1151133,1.5377455,0.48612928,0.047839463,-0.2786465,1.0633485,2.756283,-0.80095494,-0.60023665,1.0582677
-1.7770466,0.073186174,0.07967982,0.0066998154,-0.090837516,-0.74980253,-0.28053182,-3.1726985,-0.69615686,0.48437312,0.323578,-1.443003,-0.9653961,-0.63821304,0.4387616,-0.006094098,-0.7625127,-0.5019149,1.1025547,-0.36961332,1.2104032,-1.2934953,-1.7805498,1.41563,1.0921285
0.035582587,-0.15483041,-0.0076522846,0.42091808,-2.9664888,-0.36675644,0.4998305,0.6636331,0.6781878,0.78057116,1.9505417,0.1653744,-0.8600133,-1.1008124,0.5841965,0.08945656,1.9815539,-0.90835685,-1.8702853,0.15255259,0.23913187,0.32036614,0.87135863,-2.1184235,0.6152071
1.1705676,0.98366326,1.1394346,-1.8980137,-0.13174097,-0.33599797,0.081317455,-0.45612997,0.70601124,-1.4229237,0.7774705,1.2029289,-0.86097974,-0.757692,0.12375159,0.22980933,-5.044902,0.31168342,0.663825,-0.14372915,-1.4796761,-1.4483609,-0.07224885,-1.4704796,-3.507798
-0.41086596,-4.941176,0.05888565,0.4967267,0.29025486,-0.567346,0.97224617,0.26429066,-0.88125914,-0.06549011,-0.8226238,-2.4738758,-2.2928731,-1.7115314,-0.7407055,-0.06533316,-0.21189916,0.60619104,-0.28551075,-1.8559803,-0.9198758,-2.1329854,2.9993753,-0.6597933,0.56613433
-0.08913472,0.1258838,-0.01813777,0.92371875,0.08093548,0.05143421,0.21476842,-1.1870735,-0.094572246,-0.5746848,-0.48215318,1.1840479,-0.6461919,1.8306156,0.99835217,0.845769,-1.3956537,-0.66128963,0.20410533,0.5343596,0.8907415,-1.4539218,0.18888764,0.5393593,-3.7628434
-2.1074023,-2.2823613,0.3205888,0.08482158,0.10000556,1.4350141,0.891288,-0.72500044,0.20680925,-0.07750653,0.6127014,-1.0895557,0.021095693,1.4468791,-0.90927553,0.7146919,1.6196239,-0.28482127,-1.0829859,0.24563901,0.029052645,1.1135756,0.2818265,-1.1591415,-0.7695774
0.9999727,-2.9122226,0.41246507,1.703948,0.086595915,-0.84927976,0.718084,-1.6491976,1.182389,-0.57707006,-0.4219172,-0.15433332,0.47395268,-1.3871135,0.5846431,-0.54109615,-3.0062175,0.65329355,-0.67970115,1.2880745,0.22080818,2.164072,0.5517271,-0.2536645,-0.39997226
0.2806192,-0.6530951,0.92591083,-0.59955096,0.11583702,0.64136815,-2.0975585,-0.15745044,-2.3084788,-0.11344111,-2.3060083,1.4282088,-1.7183878,-0.4943208,-0.76671946,0.20107824,0.3821962,0.13741936,0.86520904,0.86051303,-0.055840418,-2.4528756,0.6695221,-1.1533371,0.6163414
-1.5951387,-1.2262653,0.3778645,1.4420556,0.51627314,0.35563153,0.42735648,-0.3195547,0.91417897,0.27375802,-0.13678288,-0.54046035,-0.69669354,1.4540964,0.12974791,0.8421564,-3.0851173,-0.81215197,0.44326264,-0.48118213,0.10936741,4.559206,-0.5833589,0.23509419,-0.020858765
0.24676968,-0.842384,0.47679085,-0.47274444,0.69642013,0.2583224,0.29969147,-1.6958107,-0.87009263,0.19079107,0.6434309,-0.35745436,1.1767583,0.030659482,1.0049767,0.1334744,2.766871,-0.6244877,-1.4746195,1.0451828,-0.47496378,1.9555404,-0.6432149,0.025782585,-0.6980322
-3.4769263,-0.397811,-0.98103166,-0.16558534,0.27704254,-6.7368603,-0.40634578,0.6925014,-0.0035554506,0.30042508,-5.1534576,-2.2369566,-0.55714756,0.15286762,-0.9059479,-2.044502,2.4491854,-2.470469,-0.32369375,0.28686428,0.065561056,-1.4684402,-1.2096511,-0.31084394,1.2970151
-0.5892014,1.4818017,0.117954,1.5878044,-0.21968721,-1.4632345,0.0035428405,-1.7513171,-0.36274344,0.5315847,-0.5533558,-2.526804,-1.6717547,-1.2753556,-0.4550749,-3.5221815,-0.13466248,-0.23827595,1.0826335,0.23496145,-0.68155634,-2.0656927,-1.3741609,-1.9217479,1.4528039
-3.4499016,2.907388,-0.7558192,-1.1678896,0.4831327,-0.68277115,-1.5124602,0.74270725,-2.2737014,0.48989412,0.6645474,-0.688279,0.34385338,-1.068078,-3.3523116,1.4236231,-0.27707404,0.37504587,0.41853192,-1.6424825,-0.7975222,-2.7661333,-0.62574524,-1.1976045,0.44238973
-1.0035815,-0.0053812265,-0.75903684,-1.2223904,0.73522574,-3.6970394,1.3500338,1.192561,0.2612421,-2.472403,-2.1457567,-1.2277545,1.2456931,-2.1896744,-0.60406965,0.13162328,-2.2784805,0.56355923,1.4664505,0.43650267,0.79752386,-0.24342418,0.22320008,-0.76371396,-1.2425056
0.46217358,1.1231565,-0.98053396,2.2085881,0.18399051,-0.33160263,-0.46243936,0.45633855,-3.7254815,-0.02333051,-0.4980765,-0.11148751,-0.81845754,-2.8406796,1.8386506,0.087908,1.9369843,1.5507121,0.41853192,-1.6402284,-1.3828846,-2.8682563,1.1596602,0.40703467,-0.9683161
-10.894777,-0.79366183,0.80155534,-1.7265149,0.75618684,-2.2957463,-0.38795608,0.058150023,-0.6470743,-0.09196821,-1.6169386,-1.0704873,1.384775,0.5107281,0.17781746,-0.5586902,1.0765665,-0.11500138,-0.047704194,-0.22230299,0.5129194,0.27896482,-0.41672838,0.60365725,0.09237816
-0.69815016,0.7142427,0.56597596,1.3992293,0.59075254,0.6172129,5.012311,0.95914966,-0.11071497,0.77639514,-1.430718,0.30193838,-0.76467764,-1.7297698,1.8287715,0.4456125,0.31703213,-0.2279822,0.16844255,-0.14523049,1.5139763,-1.8836628,0.30809638,0.7697494,1.1456074
-0.7632704,1.7969655,-0.7552349,0.7966882,0.119689286,0.51136297,-0.43315876,0.19013429,0.58652204,0.19043502,1.6634667,-2.0693963,0.44539815,1.0122159,0.50932324,-0.12025547,2.6597223,0.8584204,-1.0572673,0.21458605,-0.5811754,0.27862406,0.053183854,-1.9873852,0.8634561
-0.080871135,1.5378299,0.34125662,-0.46549731,1.3029597,-0.23817787,-0.25093096,-0.55392885,-0.98787165,-0.82081634,-2.1268592,-0.09257975,-0.53530693,1.6976691,-2.1169508,-0.26980847,-1.4571383,0.85897934,-1.4774194,-0.52135146,0.8263309,3.4475608,-1.54263,0.92290074,-4.412435
-1.3827775,0.15756273,0.80483675,1.3596034,0.13389662,-0.7716534,-0.25180167,-0.35960507,1.4375378,0.90890944,-0.17795414,0.5533742,0.0660775,-1.5142258,1.0885689,-3.6220472,1.8437998,-0.74080366,-0.61491674,-1.0906336,-0.38397503,1.0493567,-0.30920124,-0.36839962,1.3579047
1.7361817,2.2955966,1.098577,0.61934376,-0.21664459,-3.0139515,1.294315,0.15669614,-0.60394585,0.08383073,0.6472614,-0.0078985095,0.46497303,-0.48771536,0.07164347,-0.23055577,0.1471526,-0.7383015,-0.20214644,-0.14786184,1.4204066,0.4510994,0.32642812,-0.49541163,1.7832792
-0.25904298,1.1971904,-1.0928097,0.3908299,0.35474226,0.8451299,1.4314795,0.9947859,-1.6794086,0.769273,-1.2468319,0.70624685,-1.6580404,-0.89574176,0.092211016,-1.1503946,-2.1168003,0.53936625,-0.10329514,-0.20293958,-0.9010654,-3.398734,2.0630472,0.087180726,-0.3754964
-3.7143142,-0.4557675,1.5043595,-1.4262244,0.43742302,0.78054655,0.53365666,-1.3975472,-0.5574187,-0.5835149,-1.2313143,-0.3944171,0.6302142,0.09450507,1.3079182,-1.0416455,2.2487392,-0.16702667,0.35805705,-1.8559803,0.32390073,3.886966,-1.1123762,-0.19937873,2.1795635
1.929824,0.7004526,0.10975968,2.6973345,-0.87778914,-1.8660364,2.636956,-1.4339402,1.443259,-0.16458735,0.77153474,-1.1247764,0.6562735,0.9126482,1.321291,-0.5852705,3.3248005,-0.8719549,0.2889656,0.6656241,1.2332299,1.8818307,-0.0766248,-0.871997,0.06772312
0.9881039,-0.3574618,-0.17775458,0.010416687,-0.34861788,-0.54732114,-0.18879445,1.2077088,-1.6683359,0.08239726,4.061063,0.099785,2.6529748,-0.85263455,0.55034447,0.06678021,-1.0476732,-1.1034026,0.25507733,-0.9059674,-3.090703,-2.558211,0.15430716,0.40592647,0.0893386
-1.2529824,0.85938877,-0.01813777,0.41078144,-0.43503752,0.70797026,-3.0697255,-0.9314452,-0.63647443,-1.4755161,-2.0477493,-0.90259814,-0.91822094,-1.9265232,1.3383659,-1.9623423,2.1965904,-0.73699284,-0.17070666,-0.30736092,-1.0733283,-1.9816139,-1.8210726,0.36680123,-1.1982442
-0.26280987,1.1460369,1.355423,-0.40445912,-2.2842982,-1.2852701,-0.46751386,0.8379415,0.6289741,-2.5480974,-0.12976232,0.12814689,-0.11601572,0.9965835,-0.06689312,-0.1162729,2.4968894,-1.2359352,0.13056017,-3.3423603,-0.34651288,0.6849507,-1.4711193,-0.80270195,0.1797818
0.72981775,0.50196373,-0.12980753,-0.40945393,-0.42543718,-0.18452121,0.1513916,0.7245666,0.16771573,1.7776133,-0.007952973,-1.0835756,0.13902375,-1.0041852,0.763471,-0.767169,-1.177185,0.72708064,0.4734715,0.48732406,-0.91580963,-1.9221789,-1.7067358,0.6614466,-1.0556164
1.5928206,0.47194523,0.0969913,0.05890727,-4.374862,-3.6425269,0.31902194,-0.48352778,-0.7912749,-0.46128765,-0.25676554,-0.71414703,-0.8294823,-0.011700451,-0.8193288,-2.6328351,0.7466216,0.62128913,-0.4365896,0.41377804,0.31624314,-2.3013835,0.37335163,0.39748263,-1.2963759
0.6865975,0.21107054,0.029325303,-1.2326272,-0.09893138,-0.18633616,-0.5871515,-1.1717315,0.20084137,-1.2562591,0.5206343,0.042900294,0.15872154,-1.4560764,0.5952405,0.26367384,1.7041129,0.6041603,0.6076084,-0.14982817,-2.8706899,-3.3609834,-0.11171785,1.4838927,-0.61331034
-0.0012704134,-1.3894528,0.05888565,1.2889094,0.31224817,-2.3909492,0.23153806,0.8142497,-0.5049667,-0.52288747,-0.9067557,-1.0224404,-0.69289654,-1.0854008,-0.430988,-0.3932786,1.5719304,-0.15457089,0.37189534,0.34358054,0.0031844378,-0.79937696,0.7881205,-1.3643631,0.113194615
-3.1608162,0.86958575,1.4220676,-1.3017923,-0.4013152,-0.7452166,0.6656214,-1.1816525,-0.9477122,-1.1076337,0.73378485,-0.53907925,0.89746165,-0.52069956,0.19104423,0.4057565,-2.723989,1.0530818,0.91682637,0.068311036,-1.4638243,-1.9193943,-1.1905427,-0.9254524,0.5882539
-1.7723027,-0.12540944,-0.50828326,2.447177,0.72403973,-1.5298622,1.2879431,0.499165,0.37059954,0.78057116,-2.011204,-1.0550561,-0.9469327,-1.2305251,0.22316399,-1.8113179,1.6273932,-0.032446295,-0.8616302,-0.3574501,0.03698796,-0.9586863,0.30370578,-0.5462129,-1.3250002
-0.44909632,-0.32792202,-1.1299121,0.9594202,-0.17762409,-0.35879266,0.9856558,-0.8172118,-0.62843347,1.7362832,-0.9761556,-0.8198876,0.95286256,0.14751896,-0.62168556,-0.8410643,-0.42783988,-0.40151525,2.7887487,-0.42294112,-1.7425131,-0.68603367,0.9754607,-0.4237839,0.15665127
-2.048053,0.24763866,0.41909385,-2.1385949,0.48124182,0.49576023,0.7689887,0.5167328,-2.604166,-0.0821169,1.2312098,0.9580437,-0.044062823,0.7735493,-0.05450259,0.85075176,-2.1104639,0.31103215,0.65820235,0.33276555,0.9847749,-0.39503622,0.7264151,-0.043242916,1.6717575
-1.5870247,1.3314283,-1.212297,0.6085792,0.06536519,0.14670938,1.8552829,-0.0693893,-0.34587872,-0.29372168,-0.49305493,1.2032449,1.568095,-1.315301,0.79567677,1.4321625,-1.1481142,-1.1997057,-0.4878068,0.04006482,1.1702929,1.1069572,0.6703061,-2.4732568,0.42090484
0.4657693,-0.45541835,0.33670542,-3.5079956,0.35474226,0.19807857,-0.6149985,1.8807716,-3.6196551,-0.41637614,0.33197573,0.76347435,0.3078678,-0.80128264,-1.241951,0.88254404,-1.2841783,0.8321268,-0.19186524,1.0270652,2.640279,-2.927724,0.47536772,0.40228993,1.0438912
-2.3134565,-0.71575654,0.53602034,1.3923314,0.23087642,0.24062683,0.9363573,-0.39735997,-0.41095114,0.07801713,0.1912027,-0.7200985,0.75259674,-1.161913,1.497133,0.07302263,2.3050227,1.4396523,-0.42849728,-1.0893362,-1.210617,-0.055741668,-0.83125573,-1.7102736,0.3645113
-5.9639273,-0.09482516,-0.72129756,-1.6494069,0.32645288,-0.12699932,-0.06487256,0.6567854,1.1158317,0.50312227,-0.17195514,0.17499164,-0.733896,1.5121617,1.0932436,-0.54522103,-1.4673144,-1.1973414,0.345638,-1.0006586,-1.0502748,-3.1794496,-1.121825,-0.90134305,1.0082297
3.1068892,0.9783991,-0.11208256,-0.78782207,0.84292793,0.26163936,3.2806358,-0.46086317,1.9911833,-1.0220268,-0.49045378,-0.81625617,-1.4391884,-0.69614536,-0.41588372,-0.7842846,1.5198293,-0.4585625,1.0826335,0.096029006,-3.4639199,0.023217618,0.06646392,-0.6389878,1.0411863
3.0599852,-0.18357304,0.69374925,-0.61050445,0.64860135,0.9888754,-3.8947344,-1.867928,0.415954,0.43338883,1.1693916,1.0838057,-0.21700259,0.72148204,0.24173823,0.5875532,-1.1054928,1.3076885,-0.022846684,0.48732406,2.4398694,1.1106851,1.8525743,-0.8075185,-0.48130047
-0.5821644,1.6349411,0.52683324,0.8365359,0.11007066,2.0109696,-0.8954618,-0.4260399,0.6690488,-0.15067336,-0.6466967,0.9325594,-1.4178882,1.9625946,0.036553472,1.3319085,-2.4665513,0.7492434,1.1491896,1.3177859,-1.9943726,-0.3179906,-0.42722705,-1.477746,2.2653615
-2.1568308,1.7976878,0.76176447,-1.0676606,-0.24450667,-0.2950496,0.35627577,-0.33860713,-0.17153792,0.92328316,-1.4110699,-0.3235769,-0.1344988,2.6676855,0.3115756,0.6917926,-1.174621,-1.0524744,0.41891813,-0.03655668,-0.12482789,4.9687996,-0.51537585,-1.0872376,0.67128396
2.2345276,1.0116307,-0.5959491,-0.5714134,0.71894187,0.8558881,1.3301911,0.12589377,-0.16925538,-0.19759591,0.7346449,0.13456982,-1.4441048,0.9305936,-0.5845337,0.80097497,0.44638968,0.31895843,1.1068695,-0.5151038,0.8808689,2.0292253,-0.8435438,1.1346502,-1.2237656
0.060863942,-2.4592261,-0.68295485,0.057594806,0.45930305,0.8404877,-4.182952,-1.5268674,-1.8135598,0.50312227,1.398423,-1.9298002,-0.87587297,-0.81161463,-1.185015,3.3275938,-0.35537416,0.12885302,-0.18781257,-0.99549955,1.2635736,0.5986798,0.9273437,2.2624054,0.32685307
-0.9021815,0.68479747,-0.8663038,0.2681599,-0.17581141,1.4279234,-1.8448172,-1.2082125,-0.04877998,-0.68522644,0.2059856,-0.20586367,-0.68446064,1.8676939,0.8798517,0.6242848,-1.5389798,-0.187924,-0.065084025,-0.4832384,-1.2860668,0.3363235,-0.6248309,-1.2872761,-1.3402504
-1.8476517,-0.23743375,0.37166923,-1.0421731,0.031744484,-1.2549661,-0.41757828,0.14452939,-1.166074,-0.2181995,-0.39380163,-0.93444484,0.04003005,-0.008284539,-0.21506608,-0.62310386,1.9979682,-0.29936188,-0.36655366,-0.27901807,-1.061814,4.0986,0.5211573,-0.4200447,-0.24160016
0.2744775,0.18100882,0.45265263,-0.24793017,0.2836934,0.03844309,0.868814,-1.4916227,0.84567964,0.060736403,-0.053932667,-0.12864229,-0.17639711,-2.216264,0.3220104,1.6544417,-0.70620656,-2.1121786,-1.6900785,-0.6884308,1.6154459,-0.7713852,-0.55373293,0.91004634,-1.5723041
-0.50917566,-2.2209234,-0.07889686,-0.06344402,0.36123103,0.2199818,0.4038837,-1.1002421,0.35496867,-0.13882737,0.1410561,1.1066968,0.14557275,-0.829547,0.21777242,-0.2507605,2.2165189,0.5364235,-0.8703991,1.6143582,0.44001514,-2.5504725,0.9992037,-1.6036291,-0.2910014
-1.0224943,0.79725105,-0.11135747,0.14236122,-1.6197209,-0.108450055,-0.34655088,-0.33918852,-0.36842602,-1.2130425,1.9137273,-0.2006534,1.9243044,0.71280766,0.12932158,-0.32629073,-2.255172,1.3874625,1.5133367,0.79735106,1.246814,-1.5522096,-0.22968447,0.5979304,2.687019
-1.0096481,-0.3238935,-0.33194828,0.447968,0.3486533,3.5099983,1.2964927,-0.011193529,1.4311141,0.6042999,0.537503,0.15463729,0.8529293,-1.2899618,1.416079,2.0977569,4.1709805,-0.23230231,0.33138788,0.59678614,2.7795134,-1.3080093,-0.5421249,-0.8077765,-1.0960513
0.9017864,-1.387697,0.07087595,-1.5897337,0.53603464,2.6695752,0.44577932,0.91869354,-0.18803144,0.19244955,1.4259546,0.6883145,0.3170799,-1.5873243,-1.4572468,1.9534073,-1.0097913,1.0183034,0.29435328,0.4668476,1.1746094,-0.52319884,1.4241098,-0.0047489405,0.4578976
1.2874613,-0.5019864,0.93379074,1.2539186,0.00143582,-2.8820286,0.7627219,1.4826217,-0.34477773,0.509584,-0.11640328,-0.48487103,-0.85788035,-0.2506112,-0.4052595,0.33066958,-1.9733891,1.6323893,0.15168524,0.084567666,1.3303943,0.934198,0.49769235,-1.2409819,0.45044905
-1.5181502,0.9888884,-0.0018366799,0.621267,0.86828154,1.2572545,0.9036057,-0.038954377,-1.0119268,0.42116582,1.4757732,0.3259798,0.56508124,-1.2250869,-0.27300894,-0.7832005,0.03394711,-0.21052824,-1.1587254,0.421314,0.32007465,-3.018052,-0.64731383,-0.24905755,-2.202663
-3.4207428,-0.74361265,-1.8093544,-0.9408504,-0.34057024,2.648135,0.39676598,-0.65676314,0.5930837,0.603089,-2.0813787,0.8221255,0.26284248,1.7169137,-0.36788398,0.49497598,2.9740162,1.2319705,-0.7877397,-1.0984278,-0.5539813,2.8976958,0.05061784,-1.5495317,-1.0261837
1.5426613,-2.2224598,-0.57542515,-1.6629258,0.48725826,-0.39872277,0.77074134,-0.48892012,-3.719749,0.3022834,0.9830774,1.7108355,-0.028305978,0.5819351,-0.9845379,1.5808364,-1.642276,-0.16466165,0.5647344,0.8960114,1.8432803,3.9995108,0.7567588,1.6775767,3.0069668
-3.4307346,1.5366392,0.22178002,-0.065483004,-0.7502306,1.4868882,-3.1141133,-1.3759041,-2.9574451,0.36589372,-0.3937152,1.4039078,-3.232306,-3.0610852,0.4804864,-0.7443748,1.7875388,0.08481404,0.53336054,1.3623141,0.90159607,-1.0670315,-0.1990372,-1.3566768,-0.65978783
-3.0421596,-1.2028848,0.42184472,-0.45567986,0.123507805,-0.13461277,2.8458166,-0.33299297,1.311543,-0.8547935,0.43481684,-1.8805476,-1.0213397,0.25757235,-1.0712043,1.2459252,-2.9805439,0.80978435,0.042963322,0.52177536,-1.6383795,3.7592232,-2.011516,-3.932381,2.7283359
1.0114608,1.9631598,0.13383706,1.6233501,-0.83784115,-3.5771375,0.6134071,-2.770306,1.9317966,0.4313643,-1.8015097,0.18939424,1.215884,0.8219845,-0.8991015,-1.2416816,1.7783904,-0.72313124,-0.44658348,0.92226374,0.54272467,1.4570799,-0.8454972,0.017751455,-2.702372
1.2556148,-2.3028576,-0.5348876,-1.5314097,0.52132624,0.43140715,-1.7747183,0.26110464,-4.003624,-0.6148507,0.6904485,0.8313594,0.50583416,-3.7667933,0.0770728,0.92843544,1.5139585,-0.79510766,-0.24855599,-0.2613909,-0.5985553,-3.2982686,-0.5043293,0.12566972,1.3818514
-1.6467093,-0.3131703,0.13230708,-0.8103161,-0.1916588,0.6936098,-1.605305,0.117942885,-3.1847897,-1.1076337,-0.31744862,0.17682253,-1.467997,-2.0602596,0.42445529,-0.43431783,1.9470456,0.92259073,1.0104456,1.2483573,-0.007344961,0.21830341,0.7854493,2.487592,-0.50834066
-3.4366832,-2.5696597,-0.5731147,-0.024360213,-0.032701522,-0.030718058,0.09352709,0.20999764,-0.21424016,-0.09864156,-0.40325707,-0.8851088,-0.92713165,1.6831576,0.08433907,-0.42436495,0.23243794,-0.1462581,-0.9929292,-1.1239138,-2.358021,-0.7072466,-0.5928916,-1.0639833,1.9424897
-1.8002025,0.9489783,0.35585275,1.0603197,0.5078325,-1.9576321,0.56637454,-1.9995303,1.2927076,0.3081031,-4.0856657,-2.667738,-0.06171161,0.0087893605,-2.2939157,-2.3937428,-1.2263666,-1.6455226,-0.46952325,0.31925255,-4.4100757,2.1416512,-1.0500365,0.85536504,-0.22392106
0.2710899,-1.4473578,-0.07916374,0.942569,-2.2810395,-2.0624068,1.1589565,0.7999842,-0.61177856,0.35220256,1.0716116,-1.1994357,1.461766,-1.800417,0.32312757,-0.87651366,-0.03772515,-1.8751236,0.71800315,1.1201841,-0.7542962,-0.22564143,0.2733593,1.3103547,2.0038285
-0.84898454,1.2133615,0.1848954,-1.2942796,-0.21684472,0.60690594,0.07164988,1.0963976,-2.6608808,-0.18274945,-0.67193794,-0.23987636,-0.35929173,-3.1086195,0.21236026,0.40514925,1.944166,0.10481557,-0.7332961,-1.0006586,0.07352257,-1.325005,0.41077632,-0.029479235,-1.5218478
-0.6326163,0.7431834,0.22047429,-0.57711816,0.48971644,1.2250006,-0.28966534,1.2568221,-1.4555659,-0.47639045,0.28648043,0.1797287,-0.67001575,-0.9015054,-0.10361881,-0.8567756,-2.0201383,0.33011544,1.1097673,0.86051303,0.19606304,1.2998397,-1.3007528,-1.1436017,-1.5937338
-1.3326505,-0.035164654,-0.1017218,1.5862155,0.9863389,1.4533265,0.37036487,-0.63878405,0.27077055,0.32325622,0.05316174,0.48573172,0.069899306,-0.6967418,-0.63466495,-0.64666903,0.056720495,0.8849683,1.048155,0.79326606,0.35584602,3.1208444,0.855355,1.5099537,-2.2222898
-0.41209584,-1.4404731,0.1976717,2.642902,1.0383545,0.13439363,2.1083944,0.003909141,0.20989364,0.5218943,0.8132807,0.5652516,1.6680033,-1.2558916,0.3898493,-2.6167543,2.4913244,1.0647541,0.61113137,0.28344876,-1.2102432,1.5968758,-1.1198592,1.4280561,-0.7076177
-6.2259264,1.3209132,0.4039967,-1.8061705,0.05657778,-1.1418707,0.60169756,0.6185013,0.9491547,0.26919192,0.83317983,-1.0541081,2.4020495,1.0097952,0.9138882,-1.2909036,0.5986517,-0.6604253,0.09485176,-1.2859929,-3.4206443,-0.92163074,-1.8392854,0.92308575,2.0188599
2.0597582,0.9394181,0.117954,0.21088804,-0.86703116,0.05871308,1.4138774,0.88868964,1.4369303,0.4470184,0.8909197,0.2557453,-2.1993456,-3.9871607,-0.1402564,2.3735425,1.1990502,0.9250875,-0.19414344,0.7734167,3.42825,-2.3282108,0.50187945,2.0278046,-1.0770354
2.0883942,0.24625301,-0.24875258,0.65222883,0.54744637,4.1951346,1.2633985,-1.5367157,1.0947196,0.6541108,5.3567944,1.6033968,-0.17403889,1.3341832,0.66512066,1.7578115,1.4998555,0.20221591,-0.19915621,-0.061296724,2.1529212,0.63564223,2.0014176,-2.1320553,-0.73708105
1.8382971,-0.5417013,0.6795023,-0.407825,-0.33149603,0.693318,-2.3498173,-0.96680737,-1.3477812,0.95988035,-0.14394647,1.1398156,-2.05876,0.22402415,-1.1310236,-0.12764159,-1.4056218,0.95923644,0.90579414,0.8021112,-0.011591651,1.4375397,0.121539846,-0.9943549,0.91895616
-2.031722,1.8819114,-0.4011638,-0.33839226,-0.75651985,1.0841172,0.18367392,-2.3746397,1.107645,0.56635344,1.5855343,0.9567656,-0.21014573,0.8681431,0.41716096,1.4785659,0.28323835,1.4429872,0.8344682,-0.83284897,0.9815156,1.7088375,1.1710278,0.51977533,0.7302482
0.41310334,2.4575148,-0.7296779,-0.24999657,0.37538308,-2.9551249,2.3370736,-0.38549,1.9426427,-0.39834312,1.1340401,2.0345943,0.8008737,1.3580327,0.6487493,-0.0025718212,0.07397944,-0.33451226,-0.20835409,-0.4420683,-0.062523305,4.280195,-0.85878474,1.1352507,-0.12208754
1.7537512,1.202394,0.70962507,0.055693977,-0.028607594,0.9588941,0.16659454,-0.26737553,-1.8986615,0.50200266,1.3291631,-0.11763722,1.4060366,-1.6957988,-0.3553498,-0.03646469,3.76178,-0.11168417,-0.066895604,0.5360762,0.39844084,-3.8143654,-0.1175009,1.7560581,0.53779066
-0.88907635,-1.2908511,0.22441567,-0.70086235,0.6504116,2.340226,0.81584156,-0.16742957,0.10790062,-0.36596498,-0.62830806,1.0850637,-1.1318166,-0.3695387,0.01251477,1.5893115,1.9122007,-0.8909768,-0.28182226,0.5224685,0.41428906,-0.43950063,-0.45929897,0.66280603,-2.9142406
-0.35367095,-1.0654775,-1.1651763,1.751766,-2.556117,-0.088496834,1.7988154,-2.058649,-0.05045577,-0.29222772,0.70425093,0.23860696,-2.172827,0.31537533,0.041880846,-0.13176166,1.6715162,-1.270441,0.53268266,-0.38975823,0.81899714,4.7706833,0.30450386,0.5591668,2.242226
-2.494684,1.751054,0.13885984,-0.4051906,0.035499528,-1.6979024,-2.3657267,-1.8841532,-0.941965,0.6183291,-2.2201564,-1.5550567,0.6120088,-0.76424706,0.43548274,0.42531598,-1.3781124,0.6880877,1.048155,0.22498907,-0.31255162,0.86068916,0.7604624,-0.10764852,-1.9785529
-1.099443,-0.67079425,-0.062435307,-0.18100959,0.574539,2.049973,-0.9780561,3.3655415,-0.39874968,0.046714738,1.5687934,0.42944008,-0.32177368,-2.4004238,0.87016225,-1.7048751,0.826077,0.4307032,-0.37240776,-0.14786184,0.06636748,-1.332713,0.88483655,0.71082103,0.6707761
-1.576848,1.1833062,1.8044348,1.5439274,-0.71868503,-0.55307496,-2.0432532,1.18649,-0.16054244,0.5377629,0.19199684,-0.7877564,0.87939626,0.8367779,-0.4765672,-0.23873909,0.58622473,-0.9056017,0.2922892,0.2610697,-0.45919353,0.039753318,0.58920294,0.01711005,-1.489735
-1.4378293,-0.3816818,1.9923573,-0.3136599,-0.13479994,-0.74323875,0.8917868,2.6126328,-0.13073671,0.075004354,0.22251858,-0.4027437,-0.029606104,1.0267868,-0.58743775,-0.13967977,0.09643853,-0.2743988,1.1622384,0.05492207,-0.98936737,-0.0132751465,-0.15140088,0.13087204,0.6895828
-1.0691217,-0.6176922,0.42184472,1.6210632,-0.101702094,-1.4669908,1.7533531,0.6531177,1.9998164,0.84878516,-0.7429992,-0.6833954,-0.069699034,-1.2407025,0.33205712,-1.2829715,-1.288837,0.26053283,0.3637065,0.14365941,3.0574403,0.39997965,-1.6710539,-0.7224612,-1.2337804
1.6577014,-0.28589743,0.25858888,0.5543552,-0.028607594,1.578167,1.393151,-0.9838436,-1.0766857,1.3534262,1.2620454,-1.3781109,0.60207015,-2.3340144,-1.0856982,0.7288036,0.07016,0.20221591,-0.34420815,0.46895045,1.5478874,-0.6122197,2.6738644,-3.4173086,-2.381617
0.6720374,-3.348876,0.18777852,-0.16764241,-0.1625241,0.5710471,-0.82852346,2.3955848,0.8444497,-0.56556845,1.0765176,0.8325948,1.0178212,-1.7953105,-0.8042898,-1.5089076,-1.4829326,0.49178055,0.43641698,0.8014089,0.76523757,0.88209647,1.1643621,0.21290481,-0.29509932
1.6507475,-1.4354714,-0.84269404,-1.296037,-2.3385177,0.017844588,0.7227753,-0.033647776,-0.35473436,-0.17126775,0.7253467,0.42332447,-0.7772757,-1.0323536,-3.0703418,-0.3375072,0.38436702,0.012332439,-0.29775256,0.13747348,0.017433137,-1.8350303,1.2624121,1.111484,-0.23955709
-1.6815652,-0.25404835,-0.37815368,0.16570598,-0.004670743,-0.65991384,-3.811799,-0.8929143,-1.387934,0.9952516,0.55437434,0.09821606,-0.7204021,0.39558595,0.8047035,1.2601672,-1.290558,-0.9552308,0.5011263,0.9020557,-1.1071262,0.4019522,0.8688151,0.18136424,0.60984886
-2.192537,-0.34568006,0.47679085,-0.77626324,1.7817986,1.511466,0.81820863,-1.5966802,0.08290845,-0.11344111,1.1746302,0.70422447,-0.7543154,-2.5771713,0.3885144,-2.8594337,-1.3165447,-0.96971226,0.73799974,-0.5342154,-0.15847662,0.654868,0.3985889,1.0616808,0.51408255
0.6030909,0.958583,0.5043173,1.6383666,-0.83821857,-2.236236,2.149013,-0.74446124,1.3540558,1.1452181,0.4257936,1.5789683,-0.28192452,1.763366,1.022036,0.8791268,0.73128694,-0.09762472,0.04454106,-0.39094302,1.2746186,1.8628538,0.33854356,0.59863365,0.91562426
-0.7992183,0.2384074,-0.5443089,-0.4831571,0.46077147,0.0706949,0.33346078,-0.121273905,-2.0003943,0.90397316,-0.1873236,0.30302873,0.071150124,-2.463853,0.30863214,-0.3803557,0.7294002,0.235506,-0.48981726,0.87287426,-0.2488902,-2.582273,-0.28263184,0.6820533,0.9561348
-2.7884529,1.1668892,-0.20607525,0.560352,-1.7928257,0.086698085,0.82717353,0.80057734,0.27646628,-0.14521255,0.9130571,-0.58630866,-0.47158325,0.24518903,0.31871992,-0.6427149,1.8536048,-0.062039845,-0.38358796,0.31726298,-0.62784106,0.8368046,-1.6118565,-1.8580431,-1.3687612
1.1737604,-0.18088973,0.5755992,-1.5535028,-0.62051153,0.23423533,0.60960233,-0.93378556,0.19544995,0.4218372,-1.3981367,0.12633197,0.29861772,0.18385056,-0.4949482,-0.0024259128,-2.50945,1.3337646,0.07038191,0.17131068,-0.26932174,0.40705225,0.16187862,-0.9098468,0.97169834
2.047217,0.5823961,0.5755992,0.8464664,-1.2463634,0.021598414,1.7897362,-0.806177,0.91550547,0.113247484,-1.1230724,-2.1247866,1.4395533,-0.13008666,0.6923374,-0.26355535,-0.7632723,1.521604,0.44451278,0.084908746,-2.3299336,-0.37993026,-0.12267429,-0.33802316,2.504361
-3.0917296,1.2787097,0.09029105,-0.3811705,-0.4017369,-0.13178611,-1.5126481,0.3997086,1.4591355,-0.08770637,-2.0056796,-2.2115955,0.08095792,0.33614838,-0.51100874,-0.8469167,0.25049978,-1.6296066,0.30981725,-0.96250296,-0.44302154,-0.9366914,-1.0185089,-0.30069134,1.5087851
0.60682786,2.1268494,0.92631006,0.23464969,1.0337073,0.6967962,0.741612,-0.14742327,0.693399,-0.45571148,0.82025623,0.26565093,-1.5287255,1.6156802,0.0640094,1.0781767,-0.7444438,-0.4628054,0.4666168,0.1888178,-1.0758053,0.2628397,-0.43488595,-0.18287647,-0.6222919
0.7276586,1.4295828,0.78076226,1.2138517,-0.15842064,-1.5250409,1.4925966,0.18515691,1.0778975,1.3546468,-2.816381,-0.955374,0.26407224,1.7430043,-0.29678208,-0.767681,0.13954663,0.9789765,-0.07465557,-0.71975493,-1.198536,2.1999016,-0.71658504,0.92282724,-0.9577935
-1.4105487,-0.7232988,0.67780477,-0.36406162,0.12727298,-1.9008095,0.7937307,-0.12213999,-3.7767146,0.22098482,-1.0591207,-2.2670276,1.6342685,-1.7277163,-1.3048292,0.07131687,-2.7478313,-0.04736519,0.195695,-1.1752443,-1.2200772,-3.4828396,0.42278552,-0.081928134,0.34462175
-4.383333,-1.2240753,0.1848954,-2.5733204,-0.2871578,0.5246584,0.19002682,1.0193098,1.1385317,0.06599994,-0.09222084,-0.6978678,-0.42921522,-0.72461265,-0.26966786,-1.0776687,0.9715176,-0.37129974,1.4441234,-0.33843392,1.1762028,-4.1726017,0.2158953,0.7396337,-1.6042732
0.85512245,-1.4680598,0.2764322,2.0691216,-0.16400881,-0.28357065,3.135638,0.21906507,1.8497076,-0.8043754,-0.4527654,-0.1308648,-2.0165484,-0.16384503,0.022469573,1.6307247,0.56570005,0.9175428,0.9659108,-0.34886637,0.48747694,0.16397354,-1.0829775,0.77113616,-2.4477363
1.336898,-1.6538892,0.3451546,0.6171503,0.53603464,-0.09358013,0.3417848,-3.3464637,-1.6304302,-0.025092851,1.0810565,-0.35622585,-1.1802616,-2.292432,0.65381145,-1.6846055,0.7795886,0.78237253,-0.17872413,0.008344924,2.2445433,2.7001095,-0.5018886,1.2081509,0.35786515
-3.2739115,0.93703765,0.60317034,2.759046,-0.46116632,1.6608047,-0.63177687,-1.2537217,-0.06217231,-0.12575199,-0.2962199,0.5790542,-0.29066455,-0.79380023,-0.42825124,0.28828248,2.5299835,0.21192724,0.67355007,-0.11491412,-2.006343,-0.3555172,0.85476446,2.171044,0.29416382
-6.005035,-0.28447765,1.2005498,-1.454184,-0.13320592,-0.6216547,2.6416311,-0.225891,0.13272798,-0.29641345,-0.82482624,-0.84809405,2.944038,1.3338379,0.8524936,1.5077639,0.1846759,-1.050817,-0.30275536,-1.1512091,0.05258056,1.4928516,1.4966568,-0.589556,1.1139467
-1.9100006,0.08042556,-1.9293944,1.8008969,0.27052566,1.0794332,1.2382967,0.09964287,1.3017743,-0.75105727,1.0775535,1.2992527,-1.5104549,-2.8539746,-0.6925969,2.5524266,1.3666835,0.9306685,-0.014550116,-0.055650968,0.11305931,0.43497333,-0.26648554,-0.9933117,-1.044608
-0.9431291,-1.4192656,0.92307466,-2.0557163,-0.24427794,3.2785833,0.39353174,-1.0618088,-1.7120881,0.031934492,-0.32959157,-0.4771316,0.02138102,-0.050166667,0.52411854,-1.165728,-3.4243522,0.084242396,-0.20318905,0.4285631,0.80057806,2.3132772,0.35050887,-1.8353459,-1.4848361
3.1828122,-1.3510572,-0.22786994,1.696914,-0.86703116,-1.1121247,2.3459,1.3109059,1.2831239,0.33571166,0.7338604,-0.2290283,0.6605537,-0.95665854,-1.8280854,0.37962207,0.67587495,-1.5946792,-0.53311175,-1.5413069,0.23871669,3.251662,-0.8810234,-2.1875386,-0.14616561
0.14489424,1.1572626,-0.26106557,-1.3696111,-0.31803417,0.10504788,-0.96589077,1.2081367,-2.8493676,0.752166,-0.58696544,0.18355569,0.8069143,-1.6140141,-0.96997523,0.09622623,0.38215458,-0.3502202,0.41565523,0.8274872,0.18746684,-2.0542045,-0.21235909,1.3531255,0.0038436651
-0.9558493,-0.08840302,1.9923573,-1.2700541,-0.34057024,2.1504104,-0.3572848,2.1237905,-2.0177093,0.17576276,0.8009092,-1.8942089,-0.5441884,-1.4665904,0.31118417,1.3645796,1.0974317,0.72475207,-0.6390771,0.17131068,-1.2599899,-1.4335239,0.18586087,-1.1775558,1.042817
0.5504067,0.14928834,-1.7491459,1.2001257,0.38938183,-3.382812,1.3363993,0.31697232,2.032675,0.0019731596,-2.2549586,-1.4256432,-0.58860445,-0.01039052,-0.49362165,-0.7217288,-2.4202456,-1.8544942,0.3260958,1.0243871,-2.6688566,3.531435,-2.398859,-0.5280474,0.58344126
-0.16294646,0.4431866,0.040674407,-0.6605259,0.44076392,-6.328472,-0.49574968,-1.4696488,-2.659105,0.37714285,-3.7662425,-3.1039262,0.566918,-0.6816412,-1.926271,-1.9439418,2.2066698,-2.1473837,0.19933271,0.37513033,-3.4279184,-2.8436546,-1.1897088,1.3844587,0.23098901
-1.3257961,-0.12299013,-0.06111057,0.85909915,0.72403973,-2.2439427,-0.36549747,0.26971376,-1.1722543,-0.15936236,1.7488033,0.9518962,0.11007035,-0.9189055,0.9918321,0.08545804,1.5251188,1.0598825,0.1386543,0.34792653,3.5644348,-1.1295332,2.0003245,0.11874619,-0.6734828
-0.4474901,-1.0031409,0.27337435,-0.27678737,1.12742,1.8058017,1.3340334,-0.07638798,-0.3691532,0.82736754,1.0669408,1.7805377,-0.741776,-1.6745033,0.26384187,1.824936,-0.23144278,0.23664898,-0.38576362,-0.42774493,-0.94162524,-3.8393521,1.1543633,-3.0720086,-1.6961038
0.49160784,-0.8726328,-0.43246228,0.29963934,-4.374862,0.17491105,-1.5089475,-1.3190968,-0.93176544,0.07075498,1.0727923,0.35764804,0.17320102,-1.3863957,-0.9469759,-0.34104347,-0.7367781,-0.8968922,0.69931275,-0.6602137,-2.1390927,0.41718537,-2.1159096,0.43184212,-1.1727884
0.27293408,-1.934865,0.47473502,-2.710863,-0.125294,2.0847054,-0.66723347,0.39547807,-1.3321874,-0.1136013,0.85054934,0.81512594,-0.6955348,-0.7407689,-0.21882932,-0.6668583,0.10185524,-0.6926615,0.7350371,0.080738604,0.6468331,0.17569116,0.04039661,-1.6436504,1.1355945
0.96112233,-0.5362079,-0.85805583,-0.7286388,-0.12688762,0.18887869,0.20594555,-0.5701486,0.21598278,-2.3906205,-1.6749511,-1.2757926,-1.0663158,0.5973423,0.3241576,0.5009585,-0.19724715,-0.20303723,0.17431518,-0.08748123,0.76217604,1.3436309,1.3841003,-0.8891952,0.4261524
1.5956948,1.0159602,-0.2802529,-0.18099234,-0.45836198,1.0672165,-0.9331527,-1.5704887,-1.469883,-0.08770637,1.5411763,2.0637066,-0.4619053,-0.6007656,0.06445715,-1.2194262,0.19579992,1.3884845,-0.1929706,-1.116341,0.97979605,0.117973685,0.18082078,0.121049926,-0.64061
-0.35027653,0.38934892,0.7781333,0.17427751,-0.96672696,-0.16314489,-0.51470906,-0.17117065,-1.4840475,-0.15303408,1.0984323,1.5671467,0.2724236,2.1641726,0.53350127,-1.2120342,0.98186195,1.2869284,1.2636696,-2.0698853,1.3209541,-0.25098854,0.5283668,1.6025196,-0.7787013
-2.0135653,0.062059104,-0.34802023,-0.15160131,1.0809133,3.9690564,0.960946,-0.2557692,1.5301754,0.07801713,-0.2130734,0.27477086,-0.344431,0.04079905,0.3168163,0.9963101,-0.19014561,1.3530792,0.1386543,0.044928763,0.43824422,0.25354484,-1.2133187,-0.353997,0.4060643
1.9010606,-1.2604815,-0.06042955,1.4131548,-0.31803417,-0.8808974,1.7281897,0.070853114,-0.8650316,0.7261278,-0.36439788,-0.40158102,0.49562162,0.24526668,0.4770478,1.003969,1.1149783,-0.7963033,-0.3397027,0.13747348,-0.7289681,2.654832,-0.112294585,1.8958311,-0.31416127
-5.570628,-0.789118,0.04065701,-2.070968,-4.5129786,-1.6420431,-1.0773541,-1.1645446,-1.9792848,0.67140996,1.1880791,0.7773598,-1.1275532,0.5206281,0.216371,-0.8333133,3.5370846,0.13597098,0.57688916,-0.6215762,-0.28071964,-1.4044137,0.054134488,3.1399436,-0.7878236
-1.6325512,0.7631333,0.6491012,-2.596609,0.4361027,-0.45953012,1.8744447,-1.2081926,2.6134543,0.44280583,-2.5852454,-0.9798943,-1.1851099,-1.0030686,-0.60491043,-0.23111847,0.8431783,-0.33657664,0.91469514,-0.82484215,1.731228,-2.2595243,0.24035078,-1.6892567,1.2919817
-0.68780905,-1.045836,-0.124485396,0.6596832,-0.096605346,-4.0420837,1.2692521,0.7017293,1.0923691,-0.1124527,-1.1149652,-0.98228943,-2.214062,-0.004921317,-0.2356089,-1.7445132,-0.7604699,-0.1681176,0.89061916,-0.5619384,-1.4995689,1.8477612,0.37424558,0.38001585,1.8737025
1.8821132,0.3447608,-0.25510597,1.2227128,0.08311517,-0.8331183,-0.27286616,-0.63465583,-0.3667603,-0.24159394,-0.032381326,-0.056328677,1.0204046,-1.1276846,1.2324151,-0.98404056,-0.6648556,0.19939512,0.29725832,-1.0081606,1.1075512,-1.0405889,1.1060836,1.645968,-0.31327745
-0.6319766,0.8398494,0.49735725,-0.91948366,-0.67096174,4.03008,-3.2833948,2.7359986,-2.2617886,0.05244714,1.727962,0.8216286,-0.6106291,-1.4456306,0.4184968,-0.58344483,0.41456443,-0.03831914,0.15134794,0.13569045,1.2703751,-1.129694,2.133903,-2.4107888,0.7144906
-1.3668959,1.4606551,1.0898107,0.6403903,0.5368622,-1.1330951,-1.8355048,0.9319433,1.0285193,-0.66789854,-0.8753005,0.02280989,-0.39560616,0.76134205,-1.4071028,0.6937052,-1.9751236,-0.5353476,-0.67970115,0.1888178,2.1056483,3.4334621,-1.1271847,-1.1470037,-0.3152
0.337739,0.07744162,0.6318546,1.708039,0.41371188,0.59088373,0.78538704,1.7622328,0.014499545,-0.47639045,0.1314492,0.38769802,-0.12830633,-0.7520246,0.5782674,2.2118793,5.1447325,0.120957315,-0.31776917,-0.25114515,-0.5929341,0.4067215,0.8258132,0.06326139,0.9592167
-2.5083542,2.1913114,0.6795023,-0.441953,0.38619518,3.1044097,-0.29292056,-1.0442494,0.8066046,0.27258983,-2.0073454,0.6755235,-0.42964318,-1.4828506,-0.09573117,1.4193106,-1.19464,-0.36894742,-1.527518,-0.42948082,0.15297982,0.20409569,-0.24201763,-1.7207974,0.10453649
-0.062012672,0.5532128,-0.7502943,0.58514315,0.55483717,0.4405833,0.56206477,1.0363576,2.065295,1.0876683,-0.6794475,0.07243353,0.31980252,0.7908894,0.08734515,0.3001492,-0.30770475,-0.95525694,1.0080812,0.5051078,2.1608093,3.9360237,0.8577533,0.08980873,1.9279296
0.75128436,-1.2616929,-0.04291594,-0.29335582,0.17546308,0.01926902,0.49342257,0.26254284,-1.1509681,-0.036576528,-0.2399298,0.7018868,1.0418482,-0.63893455,-0.27354676,-0.44651294,-0.8792444,0.9303279,0.93163556,1.3125623,-1.330793,1.2786257,1.0951126,1.4484773,-1.3931706
-1.788396,-0.8799917,0.72929555,-2.329094,0.9127524,0.5949663,1.1172113,-2.5044947,0.28016233,0.81462777,-2.131022,0.9576205,1.4425178,0.22580945,-0.71556854,-0.9510265,-0.024146736,-0.7163255,-0.10310393,-0.61962354,0.92021716,-2.636949,-0.80737925,1.5043228,0.9910717
0.4699238,0.85812145,-1.0460889,0.6760512,0.95290184,2.075439,0.16284019,-2.1351933,-0.3517482,0.55863947,0.22582422,0.3507319,-3.0826306,-0.27704263,-1.3414714,0.35048884,2.6037478,0.46411142,1.9030552,-0.18363696,-1.5131568,-1.0970734,1.1669137,-2.4761963,2.9648573
-0.8429895,2.307857,0.65523916,0.078055084,0.53523797,-2.7506437,-0.13587567,0.19962293,-1.8162181,0.24552856,-2.3574193,-1.7589304,0.52871466,2.212414,-2.573995,-0.32131958,-4.7698374,0.34541333,0.49770823,0.20403093,-0.36331084,2.228592,-1.3636034,-0.3987403,0.04685235
-0.96726465,-0.3301598,0.018902086,1.209945,0.67918295,3.4216852,-0.52620554,2.304533,-1.4247886,0.43170142,0.78549856,0.4741161,-0.49592876,-2.905569,0.11394709,0.13025144,0.48456454,0.21346731,0.5343265,0.33293208,-3.198467,-3.59937,-0.79773295,0.026414514,0.6649655
-5.762862,-0.35573375,-0.48344335,0.41702443,0.40052104,-3.7935653,-0.49363098,-0.11622584,-1.7671841,0.049332593,-2.182696,0.590326,0.7755259,0.8854995,-0.770229,0.9837609,-0.2947935,0.33527136,-0.5489099,0.9434323,0.678521,0.23714918,1.0489562,-1.2917378,-0.7797591
-2.6043875,-0.21176052,0.20474175,0.24333233,0.42003283,-0.39794838,0.9011791,1.2398276,-1.2194661,-0.18274945,0.2476888,1.1518108,0.37382877,-2.3243647,-0.5902529,-0.050153255,-3.715149,-0.5291104,0.31948742,0.11608355,2.0236697,-0.59566796,0.2467092,0.57447577,2.5958629
-1.0486776,1.189334,0.99376297,1.1127013,-0.0050346088,2.160252,1.6475847,0.9453163,1.7650692,0.14863801,1.3956923,0.46498638,-0.25790787,0.029249072,0.28009993,1.0026515,-0.17562799,0.56010926,1.2144537,-1.1422316,-0.4464444,-0.6321831,-0.119840264,0.73646826,0.08841765
1.6789318,-1.6013045,0.7722122,-0.23360783,-0.5098567,0.053799406,2.442196,1.0496649,1.9342358,-0.3163378,-0.2911806,-1.0769894,2.000993,0.86199504,0.031165332,0.8001952,0.17940924,0.22336914,0.35761347,1.3315403,0.6482955,2.3610826,-0.55350554,0.7821325,-0.7502237
1.2619717,-0.64993507,0.047394756,0.33482203,-0.21628919,0.6920669,1.5927165,-2.0946655,1.9826751,0.509584,-0.1733681,-0.15627277,-1.0322133,-2.0209296,-0.47126612,3.2837567,-2.4244812,0.29995966,-1.7157878,0.1888178,2.8470645,-0.47322005,0.08849746,2.787786,-2.2007837
0.054537,-1.5222815,-0.63677424,0.53992313,0.861024,0.058903992,0.31475535,-0.98910654,0.17929184,-0.41690102,-2.2208505,-2.521937,-1.6525283,2.3738256,0.22648442,-1.4654195,1.0900248,0.7710562,0.49770823,-0.40611932,-1.7034514,0.68789756,-2.0211177,-3.398508,-2.487309
2.0706117,-3.4142199,0.42184472,0.9832888,0.1954671,0.55036914,0.062057346,-1.5356731,-2.5167637,0.17316276,-0.32961363,-1.8954074,-0.3631823,-0.040108502,-2.277418,-0.860026,-0.6153295,-0.10782418,0.5647344,-1.586629,0.47979555,3.2264385,0.82845557,-1.0268306,1.3998786
-3.0314953,0.66625524,-0.14086254,1.5379324,-0.28264725,-1.0282502,0.14888823,-3.2164233,-1.2587097,0.18865749,0.80891806,-2.3243349,0.39094,0.46694636,-1.4726896,0.7825806,-0.8624764,-0.46004006,-0.6589971,1.3177859,-0.9035404,-0.8524281,-1.3689581,0.7913827,-1.3270062
-9.6936455,-0.43161696,-1.5657086,-0.5078424,-0.38002342,-0.3326922,-0.68263817,-0.07128459,1.0237861,0.28736392,0.29286742,-0.44984907,0.04647982,0.6408293,-0.55365545,-0.57175815,-1.7860897,-0.4649496,-0.124676645,1.1626536,-1.1208661,-0.38684976,-0.48625118,-1.5007038,-1.788403
2.0833743,-0.6978017,0.28549662,-0.9115263,-0.4142071,-0.48304948,5.356221,0.957688,-0.4831888,0.24552856,-0.52956367,-1.3988453,0.33042046,-0.3380645,1.2771354,-0.946962,0.8143982,-1.8517607,0.65787715,0.62884897,-1.4193562,0.08837533,1.0385605,-1.1667068,-0.332657
0.09838112,-0.70901084,0.62602645,-2.6900582,0.08093548,-1.4167004,-1.5721011,-0.6833677,0.17453769,0.18865749,-0.72356945,-0.757447,-0.97478664,-0.6341233,0.9234023,-1.1273088,-1.1868845,0.0002849698,-1.2784146,1.4169964,3.2248979,-1.8756235,-0.32946867,-0.67531043,-2.6763556
2.4106238,-0.7660837,0.24258539,2.378468,-0.29666635,3.2638123,2.3823433,-0.95156544,0.86372966,-1.5721108,4.227329,-0.25632894,-0.6211843,-0.6471718,0.5885774,1.4085915,0.19542083,0.47832155,-0.2446807,-0.21739078,1.8023623,-1.9652841,0.030145526,-3.717161,-0.2868017
0.5155741,0.051575474,-0.6019815,-0.13166866,0.47952497,-0.4605373,1.1308911,-1.9296634,0.11454177,0.10491702,2.2484956,1.0696332,0.12272957,0.71042025,-1.2679021,2.8078108,-0.6463134,0.4543094,0.65913635,-0.27431864,2.2752557,1.1121399,1.524611,-3.2548673,-0.97891635
-0.33632547,-1.9605474,0.10446679,0.92036146,-0.13479994,2.132336,-1.6346837,-0.34310794,-0.062545456,-3.1814735,-0.15414238,0.64469564,-1.5662246,-0.6720914,-1.3222312,-2.2431421,-2.3867931,1.0259327,-1.5576239,-1.2445983,0.42959124,0.1607189,0.46794122,-2.2310221,0.44746378
-0.27398342,-0.57284105,-0.1897099,0.3702352,-0.08471014,-0.83025056,0.97107464,-2.491118,-0.8322891,0.5512894,0.8147967,-0.8114851,0.34966618,3.0355608,-0.659464,-0.24971807,-1.3620194,-0.9793494,0.21963346,-0.6216489,-0.23073184,2.5201147,-0.44917768,0.6755682,-0.6613512
0.060497165,-0.3669319,0.20517053,0.97754383,-0.6115352,0.04295954,0.31649667,-0.6445651,-0.37673023,0.13547999,0.30530035,-0.087669104,0.91682905,-1.6552913,0.97717214,0.2848181,1.6245246,-0.073913425,0.31758142,-0.07057192,1.074693,1.5913128,-0.93511975,2.0018144,0.9120688
-2.7548416,-1.2752262,0.12174286,-0.011077635,0.51627314,-0.30074483,0.88303006,2.1261008,1.0573623,1.5003171,-1.0642197,-0.10879609,0.22174084,-0.48595297,0.16842374,0.14489609,0.10943782,-0.76219225,-1.0572673,0.31501082,-0.28322703,-0.7054721,-0.8748838,-1.5109924,-1.1234888
-0.9956757,-1.6498599,0.32597926,0.86381346,0.37489364,-0.54386914,0.4210545,-0.8846684,1.1275253,-0.6148507,-0.02495557,-1.1202371,-0.045154158,0.37074983,-0.5513624,-0.19097707,-1.2335265,-0.9815306,-1.7157878,-1.1820105,1.731228,0.3010684,-0.9575851,0.2709381,-1.5106816
